# start	end	mode	name  (end = start+size-1; 0 = size unknown)
0x080003A4	0x080004AF	thumb	AgbMain
0x080004B0	0x080004C3	thumb	UpdateLinkAndCallCallbacks
0x080004C4	0x0800050F	thumb	InitMainCallbacks
0x08000510	0x08000543	thumb	CallCallbacks
0x08000544	0x08000557	thumb	SetMainCallback2
0x08000558	0x08000563	thumb	StartTimer1
0x08000564	0x0800058B	thumb	SeedRngAndSetTrainerId
0x0800058C	0x08000597	thumb	GetGeneratedTrainerIdLower
0x08000598	0x080005BF	thumb	EnableVCountIntrAtLine150
0x080005C0	0x080005E7	thumb	InitKeys
0x080005E8	0x08000687	thumb	ReadKeys
0x08000688	0x080006F3	thumb	InitIntrHandlers
0x080006F4	0x080006FF	thumb	SetVBlankCallback
0x08000700	0x0800070B	thumb	SetHBlankCallback
0x0800070C	0x08000717	thumb	SetVCountCallback
0x08000718	0x08000723	thumb	SetSerialCallback
0x08000724	0x080007C7	thumb	VBlankIntr
0x080007C8	0x080007DB	thumb	InitFlashTimer
0x080007DC	0x0800080B	thumb	HBlankIntr
0x0800080C	0x08000843	thumb	VCountIntr
0x08000844	0x08000873	thumb	SerialIntr
0x08000874	0x0800088B	thumb	RestoreSerialTimer3IntrHandlers
0x0800088C	0x0800088D	thumb	IntrDummy
0x08000890	0x080008BF	thumb	WaitForVBlank
0x080008C0	0x080008CB	thumb	SetVBlankCounter1Ptr
0x080008CC	0x080008D7	thumb	DisableVBlankCounter1
0x080008D8	0x08000943	thumb	DoSoftReset
0x08000944	0x08000967	thumb	ClearPokemonCrySongs
0x08000968	0x080009BF	thumb	InitGpuRegManager
0x080009C0	0x08000A03	thumb	CopyBufferedValueToGpuReg
0x08000A04	0x08000A37	thumb	CopyBufferedValuesToGpuRegs
0x08000A38	0x08000AC3	thumb	SetGpuReg
0x08000AC4	0x08000AF3	thumb	GetGpuReg
0x08000AF4	0x08000B13	thumb	SetGpuRegBits
0x08000B14	0x08000B33	thumb	ClearGpuRegBits
0x08000B34	0x08000B67	thumb	SyncRegIE
0x08000B68	0x08000B93	thumb	EnableInterrupts
0x08000B94	0x08000BBF	thumb	DisableInterrupts
0x08000BC0	0x08000BFB	thumb	UpdateRegDispstatIntrBits
0x08000BFC	0x08000C33	thumb	ClearDma3Requests
0x08000C34	0x08000EAB	thumb	ProcessDma3Requests
0x08000EAC	0x08000F41	thumb	RequestDma3Copy
0x08000F44	0x08000FE7	thumb	RequestDma3Fill
0x08000FE8	0x08001027	thumb	WaitDma3Request
0x08001028	0x0800103F	thumb	ResetBgs
0x08001040	0x0800105B	thumb	SetBgModeInternal
0x0800105C	0x0800106B	thumb	GetBgMode
0x0800106C	0x0800108B	thumb	ResetBgControlStructs
0x0800108C	0x080010B7	thumb	Unused_ResetBgControlStruct
0x080010B8	0x080011E3	thumb	SetBgControlAttributes
0x080011E4	0x08001297	thumb	GetBgControlAttribute
0x08001298	0x0800131F	thumb	LoadBgVram
0x08001320	0x0800139B	thumb	ShowBgInternal
0x0800139C	0x080013CF	thumb	HideBgInternal
0x080013D0	0x080013F3	thumb	SyncBgVisibilityAndMode
0x080013F4	0x0800140F	thumb	SetTextModeAndHideBgs
0x08001410	0x080014D9	thumb	SetBgAffineInternal
0x080014DC	0x080014EF	thumb	IsInvalidBg
0x080014F0	0x08001617	thumb	BgTileAllocOp
0x08001618	0x08001657	thumb	ResetBgsAndClearDma3BusyFlags
0x08001658	0x08001737	thumb	InitBgsFromTemplates
0x08001738	0x080017CF	thumb	InitBgFromTemplate
0x080017D0	0x08001887	thumb	LoadBgTiles
0x08001888	0x080018D7	thumb	LoadBgTilemap
0x080018D8	0x0800195F	thumb	Unused_LoadBgPalette
0x08001960	0x080019BB	thumb	IsDma3ManagerBusyWithBgCopy
0x080019BC	0x080019CD	thumb	ShowBg
0x080019D0	0x080019E1	thumb	HideBg
0x080019E4	0x08001AA5	thumb	SetBgAttribute
0x08001AA8	0x08001B8F	thumb	GetBgAttribute
0x08001B90	0x08001CCB	thumb	ChangeBgX
0x08001CCC	0x08001D05	thumb	GetBgX
0x08001D08	0x08001E43	thumb	ChangeBgY
0x08001E44	0x08001E7D	thumb	GetBgY
0x08001E80	0x08001EBF	thumb	SetBgAffine
0x08001EC0	0x08001F9F	thumb	AdjustBgMosaic
0x08001FA0	0x08001FD3	thumb	SetBgTilemapBuffer
0x08001FD4	0x08002007	thumb	UnsetBgTilemapBuffer
0x08002008	0x0800203F	thumb	GetBgTilemapBuffer
0x08002040	0x080020BB	thumb	CopyToBgTilemapBuffer
0x080020BC	0x08002123	thumb	CopyBgTilemapBufferToVram
0x08002124	0x08002227	thumb	CopyToBgTilemapBufferRect
0x08002228	0x0800226B	thumb	CopyToBgTilemapBufferRect_ChangePalette
0x0800226C	0x08002453	thumb	CopyRectToBgTilemapBufferRect
0x08002454	0x08002553	thumb	FillBgTilemapBufferRect_Palette0
0x08002554	0x0800258F	thumb	FillBgTilemapBufferRect
0x08002590	0x0800273B	thumb	WriteSequenceToBgTilemapBuffer
0x0800273C	0x080027A9	thumb	GetBgMetricTextMode
0x080027AC	0x08002803	thumb	GetBgMetricAffineMode
0x08002804	0x08002839	thumb	GetTileMapIndexFromCoords
0x0800283C	0x08002897	thumb	CopyTileMapEntry
0x08002898	0x080028EB	thumb	GetBgType
0x080028EC	0x080028FF	thumb	IsInvalidBg32
0x08002900	0x08002929	thumb	IsTileMapOutsideWram
0x0800292C	0x08002947	thumb	PutMemBlockHeader
0x08002948	0x08002959	thumb	PutFirstMemBlockHeader
0x0800295C	0x08002A07	thumb	AllocInternal
0x08002A08	0x08002AE7	thumb	FreeInternal
0x08002AE8	0x08002B25	thumb	AllocZeroedInternal
0x08002B28	0x08002B7F	thumb	CheckMemBlockInternal
0x08002B80	0x08002B9B	thumb	InitHeap
0x08002B9C	0x08002BAF	thumb	Alloc
0x08002BB0	0x08002BC3	thumb	AllocZeroed
0x08002BC4	0x08002BD7	thumb	Free
0x08002BD8	0x08002BEB	thumb	CheckMemBlock
0x08002BEC	0x08002C1B	thumb	CheckHeap
0x08002C1C	0x08002C27	thumb	SetFontsPointer
0x08002C28	0x08002C47	thumb	DeactivateAllTextPrinters
0x08002C48	0x08002CF3	thumb	AddTextPrinterParameterized
0x08002CF4	0x08002DE7	thumb	AddTextPrinter
0x08002DE8	0x08002E63	thumb	RunTextPrinters
0x08002E64	0x08002E7B	thumb	IsTextPrinterActive
0x08002E7C	0x08002EA7	thumb	RenderFont
0x08002EA8	0x08002F5B	thumb	GenerateFontHalfRowLookupTable
0x08002F5C	0x08002F7B	thumb	SaveTextColors
0x08002F7C	0x08002F8B	thumb	RestoreTextColors
0x08002F8C	0x08002FC9	thumb	DecompressGlyphTile
0x08002FCC	0x08003011	thumb	GetLastTextColor
0x08003014	0x08003613	thumb	CopyGlyphToWindow
0x08003614	0x08003B1B	thumb	CopyGlyphToWindow_Parameterized
0x08003B1C	0x08003B1D	thumb	ClearTextSpan
0x08003B20	0x08003B21	thumb	nullsub_8
0x08003B24	0x08003CE3	thumb	InitWindows
0x08003CE4	0x08003E3B	thumb	AddWindow
0x08003E3C	0x08003ECB	thumb	RemoveWindow
0x08003ECC	0x08003F1F	thumb	FreeAllWindowBuffers
0x08003F20	0x08003F9D	thumb	CopyWindowToVram
0x08003FA0	0x08003FFF	thumb	PutWindowTilemap
0x08004000	0x080040B7	thumb	PutWindowRectTilemapOverridePalette
0x080040B8	0x08004107	thumb	ClearWindowTilemap
0x08004108	0x080041B7	thumb	PutWindowRectTilemap
0x080041B8	0x080041EF	thumb	BlitBitmapToWindow
0x080041F0	0x080042AF	thumb	BlitBitmapRectToWindow
0x080042B0	0x08004377	thumb	BlitBitmapRectToWindowWithColorKey
0x08004378	0x08004403	thumb	FillWindowPixelRect
0x08004404	0x0800445B	thumb	CopyToWindowPixelBuffer
0x0800445C	0x080044A7	thumb	FillWindowPixelBuffer
0x080044A8	0x08004869	thumb	ScrollWindow
0x0800486C	0x080048BB	thumb	CallWindowFunction
0x080048BC	0x0800494D	thumb	SetWindowAttribute
0x08004950	0x08004A31	thumb	GetWindowAttribute
0x08004A34	0x08004A5F	thumb	GetNumActiveWindowsOnBg
0x08004A60	0x08004AA3	thumb	BlitBitmapRect4BitWithoutColorKey
0x08004AA4	0x08004C81	thumb	BlitBitmapRect4Bit
0x08004C84	0x08004D3F	thumb	FillBitmapRect4Bit
0x08004D40	0x08004F8D	thumb	BlitBitmapRect4BitTo8Bit
0x08004F90	0x08005033	thumb	FillBitmapRect8Bit
0x08005034	0x08005035	thumb	nullsub_9
0x08005038	0x0800513F	thumb	AddWindow8Bit
0x08005140	0x0800517F	thumb	FillWindowPixelBuffer8Bit
0x08005180	0x0800520B	thumb	FillWindowPixelRect8Bit
0x0800520C	0x080052D7	thumb	BlitBitmapRectToWindow4BitTo8Bit
0x080052D8	0x0800534D	thumb	CopyWindowToVram8Bit
0x08005350	0x0800537B	thumb	GetNumActiveWindowsOnBg8Bit
0x0800537C	0x080053AD	thumb	FontFunc_Small
0x080053B0	0x080053E5	thumb	FontFunc_NormalCopy1
0x080053E8	0x0800541D	thumb	FontFunc_Normal
0x08005420	0x08005455	thumb	FontFunc_NormalCopy2
0x08005458	0x0800548D	thumb	FontFunc_Male
0x08005490	0x080054C5	thumb	FontFunc_Female
0x080054C8	0x080054F7	thumb	TextPrinterInitDownArrowCounters
0x080054F8	0x080055D3	thumb	TextPrinterDrawDownArrow
0x080055D4	0x08005605	thumb	TextPrinterClearDownArrow
0x08005608	0x08005631	thumb	TextPrinterWaitAutoMode
0x08005634	0x0800567F	thumb	TextPrinterWaitWithDownArrow
0x08005680	0x080056C3	thumb	TextPrinterWait
0x080056C4	0x0800578F	thumb	DrawDownArrow
0x08005790	0x08005D6F	thumb	RenderText
0x08005D70	0x08005EA1	thumb	GetStringWidthFixedWidthFont
0x08005EA4	0x08005ED1	thumb	GetFontWidthFunc
0x08005ED4	0x08006121	thumb	GetStringWidth
0x08006124	0x080062AF	thumb	RenderTextHandleBold
0x080062B0	0x080062FD	thumb	SpriteCB_TextCursor
0x08006300	0x08006397	thumb	CreateTextCursorSprite
0x08006398	0x080063C7	thumb	DestroyTextCursorSprite
0x080063C8	0x08006417	thumb	DrawKeypadIcon
0x08006418	0x08006427	thumb	GetKeypadIconTileOffset
0x08006428	0x08006437	thumb	GetKeypadIconWidth
0x08006438	0x08006447	thumb	GetKeypadIconHeight
0x08006448	0x080064CF	thumb	DecompressGlyph_Small
0x080064D0	0x080064ED	thumb	GetGlyphWidth_Small
0x080064F0	0x08006597	thumb	DecompressGlyph_NormalCopy1
0x08006598	0x080065B5	thumb	GetGlyphWidth_NormalCopy1
0x080065B8	0x080066F7	thumb	DecompressGlyph_Normal
0x080066F8	0x08006723	thumb	GetGlyphWidth_Normal
0x08006724	0x080067CB	thumb	DecompressGlyph_NormalCopy2
0x080067CC	0x080067E9	thumb	GetGlyphWidth_NormalCopy2
0x080067EC	0x0800692B	thumb	DecompressGlyph_Male
0x0800692C	0x08006957	thumb	GetGlyphWidth_Male
0x08006958	0x08006A97	thumb	DecompressGlyph_Female
0x08006A98	0x08006AC3	thumb	GetGlyphWidth_Female
0x08006AC4	0x08006B0F	thumb	DecompressGlyph_Bold
0x08006B10	0x08006B5B	thumb	ResetSpriteData
0x08006B5C	0x08006BA7	thumb	AnimateSprites
0x08006BA8	0x08006BF3	thumb	BuildOamBuffer
0x08006BF4	0x08006CB5	thumb	UpdateOamCoords
0x08006CB8	0x08006CF7	thumb	BuildSpritePriorities
0x08006CF8	0x08006EB7	thumb	SortSprites
0x08006EB8	0x08006F03	thumb	CopyMatricesToOamBuffer
0x08006F04	0x08006F8B	thumb	AddSpritesToOamBuffer
0x08006F8C	0x08006FDF	thumb	CreateSprite
0x08006FE0	0x08007049	thumb	CreateSpriteAtEnd
0x0800704C	0x08007093	thumb	CreateInvisibleSprite
0x08007094	0x080071EB	thumb	CreateSpriteAt
0x080071EC	0x0800727F	thumb	CreateSpriteAndAnimate
0x08007280	0x080072E7	thumb	DestroySprite
0x080072E8	0x0800731F	thumb	ResetOamRange
0x08007320	0x0800734F	thumb	LoadOam
0x08007350	0x0800738F	thumb	ClearSpriteCopyRequests
0x08007390	0x080073BB	thumb	ResetOamMatrices
0x080073BC	0x080073DB	thumb	SetOamMatrix
0x080073DC	0x080073EF	thumb	ResetSprite
0x080073F0	0x08007433	thumb	CalcCenterToCornerVec
0x08007434	0x0800754F	thumb	AllocSpriteTiles
0x08007550	0x080075BF	thumb	SpriteTileAllocBitmapOp
0x080075C0	0x0800760B	thumb	FreeSpriteTilesIfNotUsingSheet
0x0800760C	0x0800760D	thumb	SpriteCallbackDummy
0x08007610	0x0800766B	thumb	ProcessSpriteCopyRequests
0x0800766C	0x080076CF	thumb	RequestSpriteFrameImageCopy
0x080076D0	0x0800771F	thumb	RequestSpriteCopy
0x08007720	0x08007747	thumb	CopyFromSprites
0x08007748	0x0800776F	thumb	CopyToSprites
0x08007770	0x080077AB	thumb	ResetAllSprites
0x080077AC	0x080077C7	thumb	FreeSpriteTiles
0x080077C8	0x080077D5	thumb	FreeSpritePalette
0x080077D8	0x08007803	thumb	FreeSpriteOamMatrix
0x08007804	0x08007823	thumb	DestroySpriteAndFreeResources
0x08007824	0x0800786B	thumb	AnimateSprite
0x0800786C	0x0800795B	thumb	BeginAnim
0x0800795C	0x080079FB	thumb	ContinueAnim
0x080079FC	0x08007AA7	thumb	AnimCmd_frame
0x08007AA8	0x08007ABD	thumb	AnimCmd_end
0x08007AC0	0x08007B87	thumb	AnimCmd_jump
0x08007B88	0x08007BA5	thumb	AnimCmd_loop
0x08007BA8	0x08007BDF	thumb	BeginAnimLoop
0x08007BE0	0x08007BFF	thumb	ContinueAnimLoop
0x08007C00	0x08007C71	thumb	JumpToTopOfAnimLoop
0x08007C74	0x08007D07	thumb	BeginAffineAnim
0x08007D08	0x08007DBB	thumb	ContinueAffineAnim
0x08007DBC	0x08007DED	thumb	AffineAnimDelay
0x08007DF0	0x08007E23	thumb	AffineAnimCmd_loop
0x08007E24	0x08007E5F	thumb	BeginAffineAnimLoop
0x08007E60	0x08007E8F	thumb	ContinueAffineAnimLoop
0x08007E90	0x08007EFB	thumb	JumpToTopOfAffineAnimLoop
0x08007EFC	0x08007F47	thumb	AffineAnimCmd_jump
0x08007F48	0x08007F83	thumb	AffineAnimCmd_end
0x08007F84	0x08007FBB	thumb	AffineAnimCmd_frame
0x08007FBC	0x08007FDB	thumb	CopyOamMatrix
0x08007FDC	0x08007FFB	thumb	GetSpriteMatrixNum
0x08007FFC	0x0800800B	thumb	SetSpriteMatrixAnchor
0x0800800C	0x08008035	thumb	GetAnchorCoord
0x08008038	0x080080D3	thumb	UpdateSpriteMatrixAnchorPos
0x080080D4	0x08008145	thumb	SetSpriteOamFlipBits
0x08008148	0x08008163	thumb	AffineAnimStateRestartAnim
0x08008164	0x0800818B	thumb	AffineAnimStateStartAnim
0x0800818C	0x080081B3	thumb	AffineAnimStateReset
0x080081B4	0x080081D7	thumb	ApplyAffineAnimFrameAbsolute
0x080081D8	0x080081FF	thumb	DecrementAnimDelayCounter
0x08008200	0x0800822F	thumb	DecrementAffineAnimDelayCounter
0x08008230	0x080082C7	thumb	ApplyAffineAnimFrameRelativeAndUpdateMatrix
0x080082C8	0x080082DF	thumb	ConvertScaleParam
0x080082E0	0x0800834B	thumb	GetAffineAnimFrame
0x0800834C	0x08008389	thumb	ApplyAffineAnimFrame
0x0800838C	0x080083A3	thumb	StartSpriteAnim
0x080083A4	0x080083BD	thumb	StartSpriteAnimIfDifferent
0x080083C0	0x08008439	thumb	SeekSpriteAnim
0x0800843C	0x08008467	thumb	StartSpriteAffineAnim
0x08008468	0x0800849B	thumb	StartSpriteAffineAnimIfDifferent
0x0800849C	0x080084D3	thumb	ChangeSpriteAffineAnim
0x080084D4	0x08008507	thumb	ChangeSpriteAffineAnimIfDifferent
0x08008508	0x0800855F	thumb	SetSpriteSheetFrameTileNum
0x08008560	0x08008593	thumb	ResetAffineAnimData
0x08008594	0x080085CB	thumb	AllocOamMatrix
0x080085CC	0x0800860B	thumb	FreeOamMatrix
0x0800860C	0x08008659	thumb	InitSpriteAffineAnim
0x0800865C	0x080086DB	thumb	SetOamMatrixRotationScaling
0x080086DC	0x0800871F	thumb	LoadSpriteSheet
0x08008720	0x08008749	thumb	LoadSpriteSheets
0x0800874C	0x080087C3	thumb	FreeSpriteTilesByTag
0x080087C4	0x08008803	thumb	FreeSpriteTileRanges
0x08008804	0x0800882F	thumb	GetSpriteTileStartByTag
0x08008830	0x0800885B	thumb	IndexOfSpriteTileTag
0x0800885C	0x080088A7	thumb	GetSpriteTileTagByTileStart
0x080088A8	0x080088EF	thumb	AllocSpriteTileRange
0x080088F0	0x08008927	thumb	FreeAllSpritePalettes
0x08008928	0x08008973	thumb	LoadSpritePalette
0x08008974	0x0800899F	thumb	LoadSpritePalettes
0x080089A0	0x080089B5	thumb	DoLoadSpritePalette
0x080089B8	0x080089E7	thumb	AllocSpritePalette
0x080089E8	0x08008A1F	thumb	IndexOfSpritePaletteTag
0x08008A20	0x08008A2F	thumb	GetSpritePaletteTagByPaletteNum
0x08008A30	0x08008A57	thumb	FreeSpritePaletteByTag
0x08008A58	0x08008A61	thumb	SetSubspriteTables
0x08008A64	0x08008ACF	thumb	AddSpriteToOamBuffer
0x08008AD0	0x08008CF3	thumb	AddSubspritesToOamBuffer
0x08008CF4	0x08008D25	thumb	StringCopy_Nickname
0x08008D28	0x08008D51	thumb	StringGet_Nickname
0x08008D54	0x08008D81	thumb	StringCopy_PlayerName
0x08008D84	0x08008DA1	thumb	StringCopy
0x08008DA4	0x08008DBB	thumb	StringAppend
0x08008DBC	0x08008DE9	thumb	StringCopyN
0x08008DEC	0x08008E07	thumb	StringAppendN
0x08008E08	0x08008E27	thumb	StringLength
0x08008E28	0x08008E4B	thumb	StringCompare
0x08008E4C	0x08008E77	thumb	StringCompareN
0x08008E78	0x08008F17	thumb	ConvertIntToDecimalStringN
0x08008F18	0x08008FC9	thumb	ConvertIntToHexStringN
0x08008FCC	0x080090B7	thumb	StringExpandPlaceholders
0x080090B8	0x08009115	thumb	StringBraille
0x08009118	0x0800911F	thumb	ExpandPlaceholder_UnknownStringVar
0x08009120	0x0800912B	thumb	ExpandPlaceholder_PlayerName
0x0800912C	0x08009133	thumb	ExpandPlaceholder_StringVar1
0x08009134	0x0800913B	thumb	ExpandPlaceholder_StringVar2
0x0800913C	0x08009143	thumb	ExpandPlaceholder_StringVar3
0x08009144	0x08009167	thumb	ExpandPlaceholder_KunChan
0x08009168	0x080091A5	thumb	ExpandPlaceholder_RivalName
0x080091A8	0x080091AF	thumb	ExpandPlaceholder_Version
0x080091B0	0x080091B7	thumb	ExpandPlaceholder_Magma
0x080091B8	0x080091BF	thumb	ExpandPlaceholder_Aqua
0x080091C0	0x080091C7	thumb	ExpandPlaceholder_Maxie
0x080091C8	0x080091CF	thumb	ExpandPlaceholder_Archie
0x080091D0	0x080091D7	thumb	ExpandPlaceholder_Groudon
0x080091D8	0x080091DF	thumb	ExpandPlaceholder_Kyogre
0x080091E0	0x08009203	thumb	GetExpandedPlaceholder
0x08009204	0x0800922D	thumb	StringFill
0x08009230	0x08009283	thumb	StringCopyPadded
0x08009284	0x08009293	thumb	StringFillWithTerminator
0x08009294	0x080092D1	thumb	StringCopyN_Multibyte
0x080092D4	0x080092F3	thumb	StringLength_Multibyte
0x080092F4	0x0800932D	thumb	WriteColorChangeControlCode
0x08009330	0x0800934B	thumb	GetExtCtrlCodeLength
0x0800934C	0x0800936D	thumb	SkipExtCtrlCode
0x08009370	0x080093B9	thumb	StringCompareWithoutExtCtrlCodes
0x080093BC	0x08009421	thumb	ConvertInternationalString
0x08009424	0x0800947F	thumb	StripExtCtrlCodes
0x08009480	0x080094D1	thumb	IsWirelessAdapterConnected
0x080094D4	0x080094E1	thumb	Task_DestroySelf
0x080094E4	0x080095B9	thumb	InitLinkTestBG
0x080095BC	0x0800963F	thumb	LoadLinkTestBgGfx
0x08009640	0x080096F7	thumb	LinkTestScreen
0x080096F8	0x08009707	thumb	SetLocalLinkPlayerId
0x08009708	0x0800978B	thumb	InitLocalLinkPlayer
0x0800978C	0x0800979D	thumb	VBlankCB_LinkError
0x080097A0	0x080097CB	thumb	InitLink
0x080097CC	0x08009803	thumb	Task_TriggerHandshake
0x08009804	0x080098B7	thumb	OpenLink
0x080098B8	0x080098E7	thumb	CloseLink
0x080098E8	0x080099CF	thumb	TestBlockTransfer
0x080099D0	0x08009A8B	thumb	LinkTestProcessKeyInput
0x08009A8C	0x08009AAF	thumb	CB2_LinkTest
0x08009AB0	0x08009B27	thumb	LinkMain2
0x08009B28	0x08009B6F	thumb	HandleReceiveRemoteLinkPlayer
0x08009B70	0x08009E5F	thumb	ProcessRecvCmds
0x08009E60	0x08009FE7	thumb	BuildSendCmd
0x08009FE8	0x0800A00B	thumb	StartSendingKeysToLink
0x0800A00C	0x0800A03D	thumb	IsSendingKeysToLink
0x0800A040	0x0800A05B	thumb	LinkCB_SendHeldKeys
0x0800A05C	0x0800A067	thumb	ClearLinkCallback
0x0800A068	0x0800A087	thumb	ClearLinkCallback_2
0x0800A088	0x0800A0B3	thumb	GetLinkPlayerCount
0x0800A0B4	0x0800A0CF	thumb	OpenLinkTimed
0x0800A0D0	0x0800A1EF	thumb	GetLinkPlayerDataExchangeStatusTimed
0x0800A1F0	0x0800A257	thumb	IsLinkPlayerDataExchangeComplete
0x0800A258	0x0800A26F	thumb	GetLinkPlayerTrainerId
0x0800A270	0x0800A293	thumb	ResetLinkPlayers
0x0800A294	0x0800A2A7	thumb	ResetBlockSend
0x0800A2A8	0x0800A317	thumb	InitBlockSend
0x0800A318	0x0800A33B	thumb	LinkCB_BlockSendBegin
0x0800A33C	0x0800A39F	thumb	LinkCB_BlockSend
0x0800A3A0	0x0800A3AB	thumb	LinkCB_BlockSendEnd
0x0800A3AC	0x0800A3CB	thumb	LinkCB_BerryBlenderSendHeldKeys
0x0800A3CC	0x0800A3E7	thumb	SetBerryBlenderLinkCallback
0x0800A3E8	0x0800A3F3	thumb	GetBerryBlenderKeySendAttempts
0x0800A3F4	0x0800A403	thumb	SendBerryBlenderNoSpaceForPokeblocks
0x0800A404	0x0800A42B	thumb	GetMultiplayerId
0x0800A42C	0x0800A447	thumb	BitmaskAllOtherLinkPlayers
0x0800A448	0x0800A471	thumb	SendBlock
0x0800A474	0x0800A4BB	thumb	SendBlockRequest
0x0800A4BC	0x0800A4EB	thumb	IsLinkTaskFinished
0x0800A4EC	0x0800A523	thumb	GetBlockReceivedStatus
0x0800A524	0x0800A54F	thumb	SetBlockReceivedFlag
0x0800A550	0x0800A587	thumb	ResetBlockReceivedFlags
0x0800A588	0x0800A5BB	thumb	ResetBlockReceivedFlag
0x0800A5BC	0x0800A5E3	thumb	CheckShouldAdvanceLinkState
0x0800A5E4	0x0800A611	thumb	LinkTestCalcBlockChecksum
0x0800A614	0x0800A64B	thumb	LinkTest_PrintNumChar
0x0800A64C	0x0800A683	thumb	LinkTest_PrintChar
0x0800A684	0x0800A6D7	thumb	LinkTest_PrintHex
0x0800A6D8	0x0800A71D	thumb	LinkTest_PrintString
0x0800A720	0x0800A74B	thumb	LinkCB_RequestPlayerDataExchange
0x0800A74C	0x0800A88F	thumb	Task_PrintTestData
0x0800A890	0x0800A8A3	thumb	SetLinkDebugValues
0x0800A8A4	0x0800A8D3	thumb	GetSavedLinkPlayerCountAsBitFlags
0x0800A8D4	0x0800A8FD	thumb	GetLinkPlayerCountAsBitFlags
0x0800A900	0x0800A943	thumb	SaveLinkPlayers
0x0800A944	0x0800A94F	thumb	GetSavedPlayerCount
0x0800A950	0x0800A95B	thumb	GetSavedMultiplayerId
0x0800A95C	0x0800A9A3	thumb	DoesLinkPlayerCountMatchSaved
0x0800A9A4	0x0800AA23	thumb	CheckLinkPlayersMatchSaved
0x0800AA24	0x0800AA37	thumb	ResetLinkPlayerCount
0x0800AA38	0x0800AA47	thumb	GetLinkPlayerCount_2
0x0800AA48	0x0800AA73	thumb	IsLinkMaster
0x0800AA74	0x0800AA7F	thumb	GetDummy2
0x0800AA80	0x0800AABF	thumb	SetCloseLinkCallbackAndType
0x0800AAC0	0x0800AB0B	thumb	SetCloseLinkCallback
0x0800AB0C	0x0800AB37	thumb	LinkCB_ReadyCloseLink
0x0800AB38	0x0800AB9B	thumb	LinkCB_WaitCloseLink
0x0800AB9C	0x0800ABD3	thumb	SetLinkStandbyCallback
0x0800ABD4	0x0800ABFF	thumb	LinkCB_Standby
0x0800AC00	0x0800AC57	thumb	LinkCB_StandbyForAll
0x0800AC58	0x0800ACBB	thumb	CheckErrorStatus
0x0800ACBC	0x0800ACD3	thumb	SetLinkErrorFromRfu
0x0800ACD4	0x0800AE1B	thumb	CB2_LinkError
0x0800AE1C	0x0800AECF	thumb	ErrorMsg_MoveCloserToPartner
0x0800AED0	0x0800AF2B	thumb	ErrorMsg_CheckConnections
0x0800AF2C	0x0800B053	thumb	CB2_PrintErrorMessage
0x0800B054	0x0800B063	thumb	GetSioMultiSI
0x0800B064	0x0800B08B	thumb	IsSioMultiMaster
0x0800B08C	0x0800B09B	thumb	IsLinkConnectionEstablished
0x0800B09C	0x0800B0A7	thumb	SetSuppressLinkErrorMessage
0x0800B0A8	0x0800B0B3	thumb	HasLinkErrorOccurred
0x0800B0B4	0x0800B10F	thumb	LocalLinkPlayerToBlock
0x0800B110	0x0800B177	thumb	LinkPlayerFromBlock
0x0800B178	0x0800B1F3	thumb	HandleLinkConnection
0x0800B1F4	0x0800B20F	thumb	SetWirelessCommType1
0x0800B210	0x0800B22B	thumb	SetWirelessCommType0_Internal
0x0800B22C	0x0800B247	thumb	SetWirelessCommType0
0x0800B248	0x0800B26F	thumb	GetLinkRecvQueueLength
0x0800B270	0x0800B283	thumb	IsLinkRecvQueueAtOverworldMax
0x0800B284	0x0800B299	thumb	ConvertLinkPlayerName
0x0800B29C	0x0800B2F3	thumb	DisableSerial
0x0800B2F4	0x0800B387	thumb	EnableSerial
0x0800B388	0x0800B395	thumb	ResetSerial
0x0800B398	0x0800B4C1	thumb	LinkMain1
0x0800B4C4	0x0800B4EF	thumb	CheckMasterOrSlave
0x0800B4F0	0x0800B51F	thumb	InitTimer
0x0800B520	0x0800B607	thumb	EnqueueSendCmd
0x0800B608	0x0800B717	thumb	DequeueRecvCmds
0x0800B718	0x0800B787	thumb	LinkVSync
0x0800B788	0x0800B795	thumb	Timer3Intr
0x0800B798	0x0800B81F	thumb	SerialCB
0x0800B820	0x0800B82F	thumb	StartTransfer
0x0800B830	0x0800B929	thumb	DoHandshake
0x0800B92C	0x0800BA43	thumb	DoRecv
0x0800BA44	0x0800BAF7	thumb	DoSend
0x0800BAF8	0x0800BB2B	thumb	StopTimer
0x0800BB2C	0x0800BB5B	thumb	SendRecvDone
0x0800BB5C	0x0800BBAF	thumb	ResetSendBuffer
0x0800BBB0	0x0800BC1F	thumb	ResetRecvBuffer
0x0800BC20	0x0800BC5B	thumb	MultiBootInit
0x0800BC5C	0x0800C049	thumb	MultiBootMain
0x0800C04C	0x0800C095	thumb	MultiBootSend
0x0800C098	0x0800C0B9	thumb	MultiBootStartProbe
0x0800C0BC	0x0800C17D	thumb	MultiBootStartMaster
0x0800C180	0x0800C191	thumb	MultiBootCheckComplete
0x0800C194	0x0800C27D	thumb	MultiBootHandShake
0x0800C280	0x0800C297	thumb	MultiBootWaitCycles
0x0800C298	0x0800C2D3	thumb	MultiBootWaitSendDone
0x0800C2D4	0x0800C2E9	thumb	CB2_MainMenu
0x0800C2EC	0x0800C2FD	thumb	VBlankCB_MainMenu
0x0800C300	0x0800C30B	thumb	CB2_InitMainMenu
0x0800C30C	0x0800C317	thumb	CB2_InitMainMenu_2
0x0800C318	0x0800C4CF	thumb	MainMenuGpuInit
0x0800C4D0	0x0800C633	thumb	Task_SetWin0BldRegsAndCheckSaveFile
0x0800C634	0x0800C687	thumb	PrintSaveErrorStatus
0x0800C688	0x0800C703	thumb	Task_SaveErrorStatus_RunPrinterThenWaitButton
0x0800C704	0x0800C77F	thumb	Task_SetWin0BldRegsNoSaveFileCheck
0x0800C780	0x0800C79F	thumb	Task_WaitFadeAndPrintMainMenuText
0x0800C7A0	0x0800C9CB	thumb	Task_PrintMainMenuText
0x0800C9CC	0x0800CA27	thumb	Task_WaitDma3AndFadeIn
0x0800CA28	0x0800CA53	thumb	Task_UpdateVisualSelection
0x0800CA54	0x0800CA93	thumb	Task_HandleMenuInput
0x0800CA94	0x0800CB8F	thumb	Task_ExecuteMainMenuSelection
0x0800CB90	0x0800CC67	thumb	Task_MysteryGiftError
0x0800CC68	0x0800CC93	thumb	Task_ReturnToTileScreen
0x0800CC94	0x0800CCF7	thumb	MoveWindowByMenuTypeAndCursorPos
0x0800CCF8	0x0800CDF5	thumb	HandleMenuInput
0x0800CDF8	0x0800CE57	thumb	PrintMessageOnWindow4
0x0800CE58	0x0800CE6D	thumb	PrintContinueStats
0x0800CE70	0x0800CED3	thumb	PrintPlayerName
0x0800CED4	0x0800CF3B	thumb	PrintPlayTime
0x0800CF3C	0x0800CFC3	thumb	PrintDexCount
0x0800CFC4	0x0800D043	thumb	PrintBadgeCount
0x0800D044	0x0800D093	thumb	LoadUserFrameToBg
0x0800D094	0x0800D0B3	thumb	SetStdFrame0OnBg
0x0800D0B4	0x0800D1E7	thumb	MainMenu_DrawWindow
0x0800D1E8	0x0800D22F	thumb	MainMenu_EraseWindow
0x0800D230	0x0800D277	thumb	HandleLinkBattleSetup
0x0800D278	0x0800D30B	thumb	SetUpBattleVars
0x0800D30C	0x0800D363	thumb	InitBattleControllers
0x0800D364	0x0800D493	thumb	InitSinglePlayerBtlControllers
0x0800D494	0x0800D767	thumb	InitLinkBtlControllers
0x0800D768	0x0800D8AF	thumb	SetBattlePartyIds
0x0800D8B0	0x0800D93B	thumb	PrepareBufferDataTransfer
0x0800D93C	0x0800D9EB	thumb	CreateTasksForSendRecvLinkBuffers
0x0800D9EC	0x0800DB6B	thumb	PrepareBufferDataTransferLink
0x0800DB6C	0x0800DD25	thumb	Task_HandleSendLinkBuffersData
0x0800DD28	0x0800DE4B	thumb	TryReceiveLinkBattleData
0x0800DE4C	0x0800DFA3	thumb	Task_HandleCopyReceivedLinkBuffersData
0x0800DFA4	0x0800DFC7	thumb	BtlController_EmitGetMonData
0x0800DFC8	0x0800DFEF	thumb	BtlController_EmitGetRawMonData
0x0800DFF0	0x0800E02F	thumb	BtlController_EmitSetMonData
0x0800E030	0x0800E06F	thumb	BtlController_EmitSetRawMonData
0x0800E070	0x0800E08F	thumb	BtlController_EmitLoadMonSprite
0x0800E090	0x0800E0B3	thumb	BtlController_EmitSwitchInAnim
0x0800E0B4	0x0800E0D3	thumb	BtlController_EmitReturnMonToBall
0x0800E0D4	0x0800E0F3	thumb	BtlController_EmitDrawTrainerPic
0x0800E0F4	0x0800E113	thumb	BtlController_EmitTrainerSlide
0x0800E114	0x0800E133	thumb	BtlController_EmitTrainerSlideBack
0x0800E134	0x0800E153	thumb	BtlController_EmitFaintAnimation
0x0800E154	0x0800E173	thumb	BtlController_EmitPaletteFade
0x0800E174	0x0800E193	thumb	BtlController_EmitSuccessBallThrowAnim
0x0800E194	0x0800E1B3	thumb	BtlController_EmitBallThrowAnim
0x0800E1B4	0x0800E1FB	thumb	BtlController_EmitPause
0x0800E1FC	0x0800E2D3	thumb	BtlController_EmitMoveAnimation
0x0800E2D4	0x0800E3EB	thumb	BtlController_EmitPrintString
0x0800E3EC	0x0800E4D3	thumb	BtlController_EmitPrintSelectionString
0x0800E4D4	0x0800E4FF	thumb	BtlController_EmitChooseAction
0x0800E500	0x0800E51F	thumb	BtlController_EmitUnknownYesNoBox
0x0800E520	0x0800E55B	thumb	BtlController_EmitChooseMove
0x0800E55C	0x0800E58F	thumb	BtlController_EmitChooseItem
0x0800E590	0x0800E5CB	thumb	BtlController_EmitChoosePokemon
0x0800E5CC	0x0800E5EB	thumb	BtlController_EmitCmd23
0x0800E5EC	0x0800E623	thumb	BtlController_EmitHealthBarUpdate
0x0800E624	0x0800E657	thumb	BtlController_EmitExpUpdate
0x0800E658	0x0800E6AB	thumb	BtlController_EmitStatusIconUpdate
0x0800E6AC	0x0800E6E7	thumb	BtlController_EmitStatusAnimation
0x0800E6E8	0x0800E707	thumb	BtlController_EmitStatusXor
0x0800E708	0x0800E74F	thumb	BtlController_EmitDataTransfer
0x0800E750	0x0800E7B7	thumb	BtlController_EmitDMA3Transfer
0x0800E7B8	0x0800E7FF	thumb	BtlController_EmitPlayBGM
0x0800E800	0x0800E847	thumb	BtlController_EmitCmd32
0x0800E848	0x0800E873	thumb	BtlController_EmitTwoReturnValues
0x0800E874	0x0800E8AB	thumb	BtlController_EmitChosenMonReturnValue
0x0800E8AC	0x0800E8D7	thumb	BtlController_EmitOneReturnValue
0x0800E8D8	0x0800E903	thumb	BtlController_EmitOneReturnValue_Duplicate
0x0800E904	0x0800E923	thumb	BtlController_EmitClearUnkVar
0x0800E924	0x0800E943	thumb	BtlController_EmitSetUnkVar
0x0800E944	0x0800E963	thumb	BtlController_EmitClearUnkFlag
0x0800E964	0x0800E983	thumb	BtlController_EmitToggleUnkFlag
0x0800E984	0x0800E9A3	thumb	BtlController_EmitHitAnimation
0x0800E9A4	0x0800E9C3	thumb	BtlController_EmitCantSwitch
0x0800E9C4	0x0800E9EF	thumb	BtlController_EmitPlaySE
0x0800E9F0	0x0800EA1B	thumb	BtlController_EmitPlayFanfare
0x0800EA1C	0x0800EA3B	thumb	BtlController_EmitFaintingCry
0x0800EA3C	0x0800EA5B	thumb	BtlController_EmitIntroSlide
0x0800EA5C	0x0800EA7B	thumb	BtlController_EmitIntroTrainerBallThrow
0x0800EA7C	0x0800EAC3	thumb	BtlController_EmitDrawPartyStatusSummary
0x0800EAC4	0x0800EAE3	thumb	BtlController_EmitHidePartyStatusSummary
0x0800EAE4	0x0800EB03	thumb	BtlController_EmitEndBounceEffect
0x0800EB04	0x0800EB27	thumb	BtlController_EmitSpriteInvisibility
0x0800EB28	0x0800EB53	thumb	BtlController_EmitBattleAnimation
0x0800EB54	0x0800EB73	thumb	BtlController_EmitLinkStandbyMsg
0x0800EB74	0x0800EB93	thumb	BtlController_EmitResetActionMoveSelection
0x0800EB94	0x0800EBB3	thumb	BtlController_EmitEndLinkBattle
0x0800EBB4	0x0800EBBD	thumb	LZDecompressWram
0x0800EBC0	0x0800EBC9	thumb	LZDecompressVram
0x0800EBCC	0x0800EBFF	thumb	LoadCompressedSpriteSheet
0x0800EC00	0x0800EC27	thumb	LoadCompressedSpriteSheetOverrideBuffer
0x0800EC28	0x0800EC5B	thumb	LoadCompressedSpritePalette
0x0800EC5C	0x0800EC8B	thumb	LoadCompressedSpritePaletteOverrideBuffer
0x0800EC8C	0x0800ECC1	thumb	DecompressPicFromTable
0x0800ECC4	0x0800ECEF	thumb	HandleLoadSpecialPokePic
0x0800ECF0	0x0800EDAB	thumb	LoadSpecialPokePic
0x0800EDAC	0x0800EDCF	thumb	DuplicateDeoxysTiles
0x0800EDD0	0x0800EDDB	thumb	Unused_LZDecompressWramIndirect
0x0800EDDC	0x0800F033	thumb	StitchObjectsOn8x8Canvas
0x0800F034	0x0800F077	thumb	LoadCompressedSpriteSheetUsingHeap
0x0800F078	0x0800F0C1	thumb	LoadCompressedSpritePaletteUsingHeap
0x0800F0C4	0x0800F0DF	thumb	GetDecompressedDataSize
0x0800F0E0	0x0800F105	thumb	DecompressPicFromTable_DontHandleDeoxys
0x0800F108	0x0800F133	thumb	HandleLoadSpecialPokePic_DontHandleDeoxys
0x0800F134	0x0800F1E7	thumb	LoadSpecialPokePic_DontHandleDeoxys
0x0800F1E8	0x0800F227	thumb	CreateUnknownDebugSprite
0x0800F228	0x0800F235	thumb	CB2_unused
0x0800F238	0x0800F25D	thumb	GetBattleTerrainByMapScene
0x0800F260	0x0800F2AB	thumb	LoadBattleTerrainGfx
0x0800F2AC	0x0800F2EB	thumb	LoadBattleTerrainEntryGfx
0x0800F2EC	0x0800F323	thumb	GetBattleTerrainGfxPtrs
0x0800F324	0x0800F34B	thumb	BattleInitBgsAndWindows
0x0800F34C	0x0800F37F	thumb	InitBattleBgsVideo
0x0800F380	0x0800F40B	thumb	LoadBattleMenuWindowGfx
0x0800F40C	0x0800F41D	thumb	DrawMainBattleBackground
0x0800F420	0x0800F45F	thumb	LoadBattleTextboxAndBackground
0x0800F460	0x0800F5CB	thumb	DrawLinkBattleParticipantPokeballs
0x0800F5CC	0x0800F6FB	thumb	DrawLinkBattleVsScreenOutcomeText
0x0800F6FC	0x0800FADF	thumb	InitLinkBattleVsScreen
0x0800FAE0	0x0800FC2B	thumb	DrawBattleEntryBackground
0x0800FC2C	0x0800FCB3	thumb	GetBattleTerrainOverride
0x0800FCB4	0x0800FD9B	thumb	LoadChosenBattleElement
0x0800FD9C	0x0800FE21	thumb	CB2_InitBattle
0x0800FE24	0x0800FFEB	thumb	CB2_InitBattleInternal
0x0800FFEC	0x080100B7	thumb	BufferPartyVsScreenHealth_AtStart
0x080100B8	0x0801017B	thumb	SetPlayerBerryDataInBattleStruct
0x0801017C	0x08010413	thumb	SetAllPlayersBerryData
0x08010414	0x08010505	thumb	LinkBattleComputeBattleTypeFlags
0x08010508	0x080108C3	thumb	CB2_HandleStartBattle
0x080108C4	0x080109C7	thumb	PrepareOwnMultiPartnerBuffer
0x080109C8	0x08010B9F	thumb	CB2_PreInitMultiBattle
0x08010BA0	0x080110FF	thumb	CB2_HandleStartMultiBattle
0x08011100	0x08011173	thumb	BattleMainCB2
0x08011174	0x080111BB	thumb	FreeRestoreBattleData
0x080111BC	0x080111EB	thumb	CB2_QuitPokedudeBattle
0x080111EC	0x080111FB	thumb	SpriteCB_UnusedDebugSprite
0x080111FC	0x080112DF	thumb	SpriteCB_UnusedDebugSprite_Step
0x080112E0	0x080116CB	thumb	CreateNPCTrainerParty
0x080116CC	0x080116F3	thumb	HBlankCB_Battle
0x080116F4	0x080117B7	thumb	VBlankCB_Battle
0x080117B8	0x080117B9	thumb	SpriteCB_VsLetterDummy
0x080117BC	0x0801182B	thumb	SpriteCB_VsLetter
0x0801182C	0x0801184B	thumb	SpriteCB_VsLetterInit
0x0801184C	0x08011A1B	thumb	BufferPartyVsScreenHealth_AtEnd
0x08011A1C	0x08011B93	thumb	CB2_InitEndLinkBattle
0x08011B94	0x08011BAD	thumb	CB2_EndLinkBattle
0x08011BB0	0x08011C43	thumb	EndLinkBattleInSteps
0x08011C44	0x08011D0B	thumb	GetBattleBgTemplateData
0x08011D0C	0x08011D63	thumb	TryCorrectShedinjaLanguage
0x08011D64	0x08011D93	thumb	SpriteCB_EnemyMon
0x08011D94	0x08011DC7	thumb	SpriteCB_MoveWildMonToRight
0x08011DC8	0x08011E23	thumb	SpriteCB_WildMonShowHealthbox
0x08011E24	0x08011E25	thumb	SpriteCallbackDummy_2
0x08011E28	0x08011E3B	thumb	SpriteCB_InitFlicker
0x08011E3C	0x08011E9F	thumb	SpriteCB_Flicker
0x08011EA0	0x08011FB3	thumb	SpriteCB_FaintOpponentMon
0x08011FB4	0x08012043	thumb	SpriteCB_AnimFaintOpponent
0x08012044	0x0801205F	thumb	SpriteCB_ShowAsMoveTarget
0x08012060	0x08012095	thumb	SpriteCB_BlinkVisible
0x08012098	0x080120C3	thumb	SpriteCB_HideAsMoveTarget
0x080120C4	0x080120CF	thumb	SpriteCB_AllyMon
0x080120D0	0x080120FF	thumb	oac_poke_ally_
0x08012100	0x0801210B	thumb	SetIdleSpriteCallback
0x0801210C	0x0801210D	thumb	SpriteCB_Idle
0x08012110	0x08012137	thumb	SpriteCB_FaintSlideAnim
0x08012138	0x08012257	thumb	DoBounceEffect
0x08012258	0x08012307	thumb	EndBounceEffect
0x08012308	0x08012353	thumb	SpriteCB_BounceEffect
0x08012354	0x0801236B	thumb	SpriteCB_PlayerThrowInit
0x0801236C	0x08012397	thumb	UpdatePlayerPosInThrowAnim
0x08012398	0x080123BB	thumb	SpriteCB_PlayerThrowUpdate
0x080123BC	0x080123BD	thumb	BeginBattleIntroDummy
0x080123C0	0x080123E3	thumb	BeginBattleIntro
0x080123E4	0x08012433	thumb	BattleMainCB1
0x08012434	0x0801275F	thumb	BattleStartClearSetData
0x08012760	0x08012BC7	thumb	SwitchInClearSetData
0x08012BC8	0x08012FAB	thumb	FaintClearSetData
0x08012FAC	0x0801301F	thumb	BattleIntroGetMonsData
0x08013020	0x0801306F	thumb	BattleIntroPrepareBackgroundSlide
0x08013070	0x0801333B	thumb	BattleIntroDrawTrainersOrMonsSprites
0x0801333C	0x080134DB	thumb	BattleIntroDrawPartySummaryScreens
0x080134DC	0x08013513	thumb	BattleIntroPrintTrainerWantsToBattle
0x08013514	0x08013567	thumb	BattleIntroPrintWildMonAttacked
0x08013568	0x0801359B	thumb	BattleIntroPrintOpponentSendsOut
0x0801359C	0x0801362B	thumb	BattleIntroOpponentSendsOutMonAnimation
0x0801362C	0x080136C3	thumb	BattleIntroRecordMonsToDex
0x080136C4	0x080136E3	thumb	Unused_AutoProgressToIntro
0x080136E4	0x08013727	thumb	BattleIntroPrintPlayerSendsOut
0x08013728	0x080137CF	thumb	BattleIntroPlayerSendsOutMonAnimation
0x080137D0	0x0801385B	thumb	BattleIntroSwitchInPlayerMons
0x0801385C	0x08013B1B	thumb	TryDoEventsBeforeFirstTurn
0x08013B1C	0x08013BD3	thumb	HandleEndTurn_ContinueBattle
0x08013BD4	0x08013D53	thumb	BattleTurnPassed
0x08013D54	0x08013F6B	thumb	IsRunningFromBattleImpossible
0x08013F6C	0x0801403F	thumb	UpdatePartyOwnerOnSwitch_NonMulti
0x08014040	0x08014CA3	thumb	HandleTurnActionSelectionState
0x08014CA4	0x08014CD7	thumb	SwapTurnOrder
0x08014CD8	0x080150A7	thumb	GetWhoStrikesFirst
0x080150A8	0x0801532F	thumb	SetActionsAndBattlersTurnOrder
0x08015330	0x0801544F	thumb	TurnValuesCleanUp
0x08015450	0x0801549F	thumb	SpecialStatusesClear
0x080154A0	0x080155C7	thumb	CheckFocusPunch_ClearVarsBeforeTurnStarts
0x080155C8	0x0801566F	thumb	RunTurnActionsFunctions
0x08015670	0x0801578B	thumb	HandleEndTurn_BattleWon
0x0801578C	0x0801584F	thumb	HandleEndTurn_BattleLost
0x08015850	0x080158BB	thumb	HandleEndTurn_RanFromBattle
0x080158BC	0x0801590F	thumb	HandleEndTurn_MonFled
0x08015910	0x08015A2F	thumb	HandleEndTurn_FinishBattle
0x08015A30	0x08015A9F	thumb	FreeResetData_ReturnToOvOrDoEvolutions
0x08015AA0	0x08015B2F	thumb	TryEvolvePokemon
0x08015B30	0x08015B57	thumb	WaitForEvoSceneToFinish
0x08015B58	0x08015BFF	thumb	ReturnFromBattleToOverworld
0x08015C00	0x08015C73	thumb	RunBattleScriptCommands_PopCallbacksStack
0x08015C74	0x08015C9F	thumb	RunBattleScriptCommands
0x08015CA0	0x08016373	thumb	HandleAction_UseMove
0x08016374	0x08016417	thumb	HandleAction_Switch
0x08016418	0x08016747	thumb	HandleAction_UseItem
0x08016748	0x080168A3	thumb	TryRunFromBattle
0x080168A4	0x080169E7	thumb	HandleAction_Run
0x080169E8	0x08016ABF	thumb	HandleAction_WatchesCarefully
0x08016AC0	0x08016B1F	thumb	HandleAction_SafariZoneBallThrow
0x08016B20	0x08016BBF	thumb	HandleAction_ThrowBait
0x08016BC0	0x08016C5F	thumb	HandleAction_ThrowRock
0x08016C60	0x08016C9B	thumb	HandleAction_SafariZoneRun
0x08016C9C	0x08016D13	thumb	HandleAction_OldManBallThrow
0x08016D14	0x08016D3B	thumb	HandleAction_TryFinish
0x08016D3C	0x08016D6F	thumb	HandleAction_NothingIsFainted
0x08016D70	0x08016E23	thumb	HandleAction_ActionFinished
0x08016E24	0x08016EC7	thumb	GetBattlerForBattleScript
0x08016EC8	0x08016F8F	thumb	PressurePPLose
0x08016F90	0x080170C3	thumb	PressurePPLoseOnUsingImprison
0x080170C4	0x080171D7	thumb	PressurePPLoseOnUsingPerishSong
0x080171D8	0x08017247	thumb	MarkAllBattlersForControllerExec
0x08017248	0x08017297	thumb	MarkBattlerForControllerExec
0x08017298	0x080172E7	thumb	MarkBattlerReceivedLinkData
0x080172E8	0x08017353	thumb	CancelMultiTurnMoves
0x08017354	0x080173A9	thumb	WasUnableToUseMove
0x080173AC	0x080173CF	thumb	PrepareStringBattle
0x080173D0	0x08017433	thumb	ResetSentPokesToOpponentValue
0x08017434	0x080174B7	thumb	OpponentSwitchInResetSentPokesToOpponentValue
0x080174B8	0x0801751F	thumb	UpdateSentPokesToOpponentValue
0x08017520	0x08017543	thumb	BattleScriptPush
0x08017544	0x0801756B	thumb	BattleScriptPushCursor
0x0801756C	0x08017593	thumb	BattleScriptPop
0x08017594	0x0801779B	thumb	TrySetCantSelectMoveBattleScript
0x0801779C	0x08017997	thumb	CheckMoveLimitations
0x08017998	0x08017A63	thumb	AreAllMovesUnusable
0x08017A64	0x08017B03	thumb	GetImprisonedMovesCount
0x08017B04	0x08018257	thumb	DoFieldEndTurnEffects
0x08018258	0x08018C97	thumb	DoBattlerEndTurnEffects
0x08018C98	0x08018F8F	thumb	HandleWishPerishSongOnTurnEnd
0x08018F90	0x08019283	thumb	HandleFaintedMonActions
0x08019284	0x080192D3	thumb	TryClearRageStatuses
0x080192D4	0x08019C0F	thumb	AtkCanceller_UnableToUseMove
0x08019C10	0x08019DAB	thumb	HasNoMonsToSwitch
0x08019DAC	0x08019F17	thumb	CastformDataTypeChange
0x08019F18	0x0801BBE3	thumb	AbilityBattleEffects
0x0801BBE4	0x0801BC23	thumb	BattleScriptExecute
0x0801BC24	0x0801BC67	thumb	BattleScriptPushCursorAndCallback
0x0801BC68	0x0801CFE3	thumb	ItemBattleEffects
0x0801CFE4	0x0801D02F	thumb	ClearFuryCutterDestinyBondGrudge
0x0801D030	0x0801D05B	thumb	HandleAction_RunBattleScript
0x0801D05C	0x0801D3BF	thumb	GetMoveTarget
0x0801D3C0	0x0801D437	thumb	IsBattlerModernFatefulEncounter
0x0801D438	0x0801D75F	thumb	IsMonDisobedient
0x0801D760	0x0801DB0F	thumb	Cmd_attackcanceler
0x0801DB10	0x0801DB9F	thumb	JumpIfMoveFailed
0x0801DBA0	0x0801DC0F	thumb	Cmd_jumpifaffectedbyprotect
0x0801DC10	0x0801DC7B	thumb	JumpIfMoveAffectedByProtect
0x0801DC7C	0x0801DDC1	thumb	AccuracyCalcHelper
0x0801DDC4	0x0801E1D7	thumb	Cmd_accuracycheck
0x0801E1D8	0x0801E22B	thumb	Cmd_attackstring
0x0801E22C	0x0801E407	thumb	Cmd_ppreduce
0x0801E408	0x0801E59B	thumb	Cmd_critcalc
0x0801E59C	0x0801E68B	thumb	Cmd_damagecalc
0x0801E68C	0x0801E76F	thumb	AI_CalcDmg
0x0801E770	0x0801E847	thumb	ModulateDmgByType
0x0801E848	0x0801EAB7	thumb	Cmd_typecalc
0x0801EAB8	0x0801ED3B	thumb	CheckWonderGuardAndLevitate
0x0801ED3C	0x0801EDF3	thumb	ModulateDmgByType2
0x0801EDF4	0x0801EFCB	thumb	TypeCalc
0x0801EFCC	0x0801F0C7	thumb	AI_TypeCalc
0x0801F0C8	0x0801F103	thumb	Unused_ApplyRandomDmgMultiplier
0x0801F104	0x0801F2B3	thumb	Cmd_adjustnormaldamage
0x0801F2B4	0x0801F43F	thumb	Cmd_adjustnormaldamage2
0x0801F440	0x0801F587	thumb	Cmd_attackanimation
0x0801F588	0x0801F5A7	thumb	Cmd_waitanimation
0x0801F5A8	0x0801F683	thumb	Cmd_healthbarupdate
0x0801F684	0x0801FA7B	thumb	Cmd_datahpupdate
0x0801FA7C	0x0801FACF	thumb	Cmd_critmessage
0x0801FAD0	0x0801FB9F	thumb	Cmd_effectivenesssound
0x0801FBA0	0x0801FD4F	thumb	Cmd_resultmessage
0x0801FD50	0x0801FD8F	thumb	Cmd_printstring
0x0801FD90	0x0801FDD3	thumb	Cmd_printselectionstring
0x0801FDD4	0x0801FE2F	thumb	Cmd_waitmessage
0x0801FE30	0x0801FE83	thumb	Cmd_printfromtable
0x0801FE84	0x0801FEE7	thumb	Cmd_printselectionstringfromtable
0x0801FEE8	0x0801FF1F	thumb	GetBattlerTurnOrderNum
0x0801FF20	0x08021123	thumb	SetMoveEffect
0x08021124	0x0802120F	thumb	Cmd_seteffectwithchance
0x08021210	0x0802121D	thumb	Cmd_seteffectprimary
0x08021220	0x0802122D	thumb	Cmd_seteffectsecondary
0x08021230	0x080212AB	thumb	Cmd_clearstatusfromeffect
0x080212AC	0x0802159F	thumb	Cmd_tryfaintmon
0x080215A0	0x080215DB	thumb	Cmd_dofaintanimation
0x080215DC	0x0802163F	thumb	Cmd_cleareffectsonfaint
0x08021640	0x080216B7	thumb	Cmd_jumpifstatus
0x080216B8	0x0802172F	thumb	Cmd_jumpifstatus2
0x08021730	0x08021815	thumb	Cmd_jumpifability
0x08021818	0x0802188F	thumb	Cmd_jumpifsideaffecting
0x08021890	0x08021987	thumb	Cmd_jumpifstat
0x08021988	0x08021A0B	thumb	Cmd_jumpifstatus3condition
0x08021A0C	0x08021A65	thumb	Cmd_jumpiftype
0x08021A68	0x080223F7	thumb	Cmd_getexp
0x080223F8	0x08022597	thumb	Cmd_checkteamslost
0x08022598	0x080225D7	thumb	MoveValuesCleanUp
0x080225D8	0x080225EF	thumb	Cmd_movevaluescleanup
0x080225F0	0x08022607	thumb	Cmd_setmultihit
0x08022608	0x0802264F	thumb	Cmd_decrementmultihit
0x08022650	0x0802266F	thumb	Cmd_goto
0x08022670	0x0802270D	thumb	Cmd_jumpifbyte
0x08022710	0x080227B5	thumb	Cmd_jumpifhalfword
0x080227B8	0x08022869	thumb	Cmd_jumpifword
0x0802286C	0x080228F1	thumb	Cmd_jumpifarrayequal
0x080228F4	0x08022977	thumb	Cmd_jumpifarraynotequal
0x08022978	0x0802299F	thumb	Cmd_setbyte
0x080229A0	0x080229CB	thumb	Cmd_addbyte
0x080229CC	0x080229F7	thumb	Cmd_subbyte
0x080229F8	0x08022A4B	thumb	Cmd_copyarray
0x08022A4C	0x08022AB7	thumb	Cmd_copyarraywithindex
0x08022AB8	0x08022AE3	thumb	Cmd_orbyte
0x08022AE4	0x08022B1B	thumb	Cmd_orhalfword
0x08022B1C	0x08022B5F	thumb	Cmd_orword
0x08022B60	0x08022B8B	thumb	Cmd_bicbyte
0x08022B8C	0x08022BC3	thumb	Cmd_bichalfword
0x08022BC4	0x08022C07	thumb	Cmd_bicword
0x08022C08	0x08022C47	thumb	Cmd_pause
0x08022C48	0x08022C67	thumb	Cmd_waitstate
0x08022C68	0x08022CBF	thumb	Cmd_healthbar_update
0x08022CC0	0x08022CC9	thumb	Cmd_return
0x08022CCC	0x08022CEB	thumb	Cmd_end
0x08022CEC	0x08022D03	thumb	Cmd_end2
0x08022D04	0x08022D3F	thumb	Cmd_end3
0x08022D40	0x08022D6F	thumb	Cmd_call
0x08022D70	0x08022DC9	thumb	Cmd_jumpiftype2
0x08022DCC	0x08022E15	thumb	Cmd_jumpifabilitypresent
0x08022E18	0x08022E33	thumb	Cmd_endselectionscript
0x08022E34	0x08022EF3	thumb	Cmd_playanimation
0x08022EF4	0x08022FBF	thumb	Cmd_playanimation_var
0x08022FC0	0x0802301B	thumb	Cmd_setgraphicalstatchangevalues
0x0802301C	0x0802320F	thumb	Cmd_playstatchangeanimation
0x08023210	0x08023C37	thumb	Cmd_moveend
0x08023C38	0x08023E87	thumb	Cmd_typecalc2
0x08023E88	0x08023ED7	thumb	Cmd_returnatktoball
0x08023ED8	0x08023F47	thumb	Cmd_getswitchedmondata
0x08023F48	0x080240D3	thumb	Cmd_switchindataupdate
0x080240D4	0x0802418B	thumb	Cmd_switchinanim
0x0802418C	0x08024397	thumb	Cmd_jumpifcantswitch
0x08024398	0x080243EB	thumb	ChooseMonToSendOut
0x080243EC	0x08024C47	thumb	Cmd_openpartyscreen
0x08024C48	0x08024E37	thumb	Cmd_switchhandleorder
0x08024E38	0x080250DB	thumb	Cmd_switchineffects
0x080250DC	0x0802511B	thumb	Cmd_trainerslidein
0x0802511C	0x08025157	thumb	Cmd_playse
0x08025158	0x08025193	thumb	Cmd_fanfare
0x08025194	0x080251C3	thumb	Cmd_playfaintcry
0x080251C4	0x080251FB	thumb	Cmd_endlinkbattle
0x080251FC	0x0802522F	thumb	Cmd_returntoball
0x08025230	0x0802537B	thumb	Cmd_handlelearnnewmove
0x0802537C	0x080256DF	thumb	Cmd_yesnoboxlearnmove
0x080256E0	0x0802581B	thumb	Cmd_yesnoboxstoplearningmove
0x0802581C	0x080258AB	thumb	Cmd_hitanimation
0x080258AC	0x08025A6F	thumb	Cmd_getmoneyreward
0x08025A70	0x08025B23	thumb	Cmd_updatebattlermoves
0x08025B24	0x08025B73	thumb	Cmd_swapattackerwithtarget
0x08025B74	0x08025BA3	thumb	Cmd_incrementgamestat
0x08025BA4	0x08025C6B	thumb	Cmd_drawpartystatussummary
0x08025C6C	0x08025C9B	thumb	Cmd_hidepartystatussummary
0x08025C9C	0x08025CFF	thumb	Cmd_jumptocalledmove
0x08025D00	0x08025D8F	thumb	Cmd_statusanimation
0x08025D90	0x08025E37	thumb	Cmd_status2animation
0x08025E38	0x08025ECB	thumb	Cmd_chosenstatusanimation
0x08025ECC	0x08025FA7	thumb	Cmd_yesnobox
0x08025FA8	0x08025FDF	thumb	Cmd_cancelallactions
0x08025FE0	0x0802615B	thumb	Cmd_adjustsetdamage
0x0802615C	0x080261CB	thumb	Cmd_removeitem
0x080261CC	0x08026207	thumb	Cmd_atknameinbuff1
0x08026208	0x08026403	thumb	Cmd_drawlvlupbox
0x08026404	0x08026447	thumb	DrawLevelUpWindow1
0x08026448	0x0802647F	thumb	DrawLevelUpWindow2
0x08026480	0x080264CF	thumb	InitLevelUpBanner
0x080264D0	0x08026523	thumb	SlideInLevelUpBanner
0x08026524	0x08026647	thumb	DrawLevelUpBannerText
0x08026648	0x08026687	thumb	SlideOutLevelUpBanner
0x08026688	0x08026753	thumb	PutMonIconOnLvlUpBanner
0x08026754	0x0802679B	thumb	SpriteCB_MonIconOnLvlUpBanner
0x0802679C	0x080267D5	thumb	IsMonGettingExpSentOut
0x080267D8	0x080267EF	thumb	Cmd_resetsentmonsvalue
0x080267F0	0x0802680F	thumb	Cmd_setatktoplayer0
0x08026810	0x08026843	thumb	Cmd_makevisible
0x08026844	0x08026877	thumb	Cmd_recordlastability
0x08026878	0x0802689F	thumb	BufferMoveToLearnIntoBattleTextBuff2
0x080268A0	0x080268B7	thumb	Cmd_buffermovetolearn
0x080268B8	0x080268FB	thumb	Cmd_jumpifplayerran
0x080268FC	0x080269A7	thumb	Cmd_hpthresholds
0x080269A8	0x08026A57	thumb	Cmd_hpthresholds2
0x08026A58	0x08026AAF	thumb	Cmd_useitemonopponent
0x08026AB0	0x08026F67	thumb	Cmd_various
0x08026F68	0x080270A3	thumb	Cmd_setprotectlike
0x080270A4	0x080271BF	thumb	Cmd_tryexplosion
0x080271C0	0x0802721F	thumb	Cmd_setatkhptozero
0x08027220	0x080272C1	thumb	Cmd_jumpifnexttargetvalid
0x080272C4	0x0802733F	thumb	Cmd_tryhealhalfhealth
0x08027340	0x080274A7	thumb	Cmd_trymirrormove
0x080274A8	0x080274FB	thumb	Cmd_setrain
0x080274FC	0x080275C7	thumb	Cmd_setreflect
0x080275C8	0x08027687	thumb	Cmd_setseeded
0x08027688	0x08027707	thumb	Cmd_manipulatedamage
0x08027708	0x080277D7	thumb	Cmd_trysetrest
0x080277D8	0x0802781F	thumb	Cmd_jumpifnotfirstturn
0x08027820	0x0802782F	thumb	Cmd_nop
0x08027830	0x080278CB	thumb	UproarWakeUpCheck
0x080278CC	0x08027947	thumb	Cmd_jumpifcantmakeasleep
0x08027948	0x080279C3	thumb	Cmd_stockpile
0x080279C4	0x08027AE3	thumb	Cmd_stockpiletobasedamage
0x08027AE4	0x08027BC7	thumb	Cmd_stockpiletohpheal
0x08027BC8	0x08027BFB	thumb	Cmd_negativedamage
0x08027BFC	0x0802807F	thumb	ChangeStatBuffs
0x08028080	0x080280CB	thumb	Cmd_statbuffchange
0x080280CC	0x0802811F	thumb	Cmd_normalisebuffs
0x08028120	0x0802818F	thumb	Cmd_setbide
0x08028190	0x080281CF	thumb	Cmd_confuseifrepeatingattackends
0x080281D0	0x0802821B	thumb	Cmd_setmultihitcounter
0x0802821C	0x08028243	thumb	Cmd_initmultihitstring
0x08028244	0x0802830B	thumb	TryDoForceSwitchOut
0x0802830C	0x08028601	thumb	Cmd_forcerandomswitch
0x08028604	0x080287A7	thumb	Cmd_tryconversiontypechange
0x080287A8	0x0802883B	thumb	Cmd_givepaydaymoney
0x0802883C	0x08028907	thumb	Cmd_setlightscreen
0x08028908	0x08028C5B	thumb	Cmd_tryKO
0x08028C5C	0x08028C97	thumb	Cmd_damagetohalftargethp
0x08028C98	0x08028CEF	thumb	Cmd_setsandstorm
0x08028CF0	0x08028E8F	thumb	Cmd_weatherdamage
0x08028E90	0x08029047	thumb	Cmd_tryinfatuating
0x08029048	0x080291CF	thumb	Cmd_updatestatusicon
0x080291D0	0x08029277	thumb	Cmd_setmist
0x08029278	0x080292D3	thumb	Cmd_setfocusenergy
0x080292D4	0x08029473	thumb	Cmd_transformdataexecution
0x08029474	0x0802952F	thumb	Cmd_setsubstitute
0x08029530	0x08029577	thumb	IsMoveUncopyableByMimic
0x08029578	0x08029751	thumb	Cmd_mimicattackcopy
0x08029754	0x080297FB	thumb	Cmd_metronome
0x080297FC	0x0802982B	thumb	Cmd_dmgtolevel
0x0802982C	0x0802987F	thumb	Cmd_psywavedamageeffect
0x08029880	0x08029977	thumb	Cmd_counterdamagecalculator
0x08029978	0x08029A6F	thumb	Cmd_mirrorcoatdamagecalculator
0x08029A70	0x08029BB3	thumb	Cmd_disablelastusedattack
0x08029BB4	0x08029CE7	thumb	Cmd_trysetencore
0x08029CE8	0x08029DAB	thumb	Cmd_painsplitdmgcalc
0x08029DAC	0x08029FAB	thumb	Cmd_settypetorandomresistance
0x08029FAC	0x0802A003	thumb	Cmd_setalwayshitflag
0x0802A004	0x0802A1BF	thumb	Cmd_copymovepermanently
0x0802A1C0	0x0802A1F9	thumb	IsTwoTurnsMove
0x0802A1FC	0x0802A223	thumb	IsInvalidForSleepTalkOrAssist
0x0802A224	0x0802A28D	thumb	AttacksThisTurn
0x0802A290	0x0802A3C7	thumb	Cmd_trychoosesleeptalkmove
0x0802A3C8	0x0802A3F7	thumb	Cmd_setdestinybond
0x0802A3F8	0x0802A457	thumb	TrySetDestinyBondToHappen
0x0802A458	0x0802A46F	thumb	Cmd_trysetdestinybondtohappen
0x0802A470	0x0802A4D7	thumb	Cmd_remaininghptopower
0x0802A4D8	0x0802A6AF	thumb	Cmd_tryspiteppreduce
0x0802A6B0	0x0802A993	thumb	Cmd_healpartystatus
0x0802A994	0x0802AA17	thumb	Cmd_cursetarget
0x0802AA18	0x0802AAA3	thumb	Cmd_trysetspikes
0x0802AAA4	0x0802AAD3	thumb	Cmd_setforesight
0x0802AAD4	0x0802AB8B	thumb	Cmd_trysetperishsong
0x0802AB8C	0x0802AD07	thumb	Cmd_rolloutdamagecalculation
0x0802AD08	0x0802AD6F	thumb	Cmd_jumpifconfusedandstatmaxed
0x0802AD70	0x0802AE23	thumb	Cmd_furycuttercalc
0x0802AE24	0x0802AEA7	thumb	Cmd_friendshiptodamagecalculation
0x0802AEA8	0x0802AF73	thumb	Cmd_presentdamagecalculation
0x0802AF74	0x0802B01B	thumb	Cmd_setsafeguard
0x0802B01C	0x0802B13F	thumb	Cmd_magnitudedamagecalculation
0x0802B140	0x0802B2D3	thumb	Cmd_jumpifnopursuitswitchdmg
0x0802B2D4	0x0802B32B	thumb	Cmd_setsunny
0x0802B32C	0x0802B3AB	thumb	Cmd_maxattackhalvehp
0x0802B3AC	0x0802B3F3	thumb	Cmd_copyfoestats
0x0802B3F4	0x0802B53F	thumb	Cmd_rapidspinfree
0x0802B540	0x0802B56F	thumb	Cmd_setdefensecurlbit
0x0802B570	0x0802B677	thumb	Cmd_recoverbasedonsunlight
0x0802B678	0x0802B773	thumb	Cmd_hiddenpowercalc
0x0802B774	0x0802B7E7	thumb	Cmd_selectfirstvalidtarget
0x0802B7E8	0x0802B90F	thumb	Cmd_trysetfutureattack
0x0802B910	0x0802BB1F	thumb	Cmd_trydobeatup
0x0802BB20	0x0802BBA3	thumb	Cmd_setsemiinvulnerablebit
0x0802BBA4	0x0802BC33	thumb	Cmd_clearsemiinvulnerablebit
0x0802BC34	0x0802BC73	thumb	Cmd_setminimize
0x0802BC74	0x0802BCCB	thumb	Cmd_sethail
0x0802BCCC	0x0802BD67	thumb	Cmd_trymemento
0x0802BD68	0x0802BDB3	thumb	Cmd_setforcedtarget
0x0802BDB4	0x0802BE17	thumb	Cmd_setcharge
0x0802BE18	0x0802BE8B	thumb	Cmd_callterrainattack
0x0802BE8C	0x0802BF0F	thumb	Cmd_cureifburnedparalysedorpoisoned
0x0802BF10	0x0802BF67	thumb	Cmd_settorment
0x0802BF68	0x0802BFC3	thumb	Cmd_jumpifnodamage
0x0802BFC4	0x0802C037	thumb	Cmd_settaunt
0x0802C038	0x0802C0DF	thumb	Cmd_trysethelpinghand
0x0802C0E0	0x0802C38F	thumb	Cmd_tryswapitems
0x0802C390	0x0802C407	thumb	Cmd_trycopyability
0x0802C408	0x0802C4D9	thumb	Cmd_trywish
0x0802C4DC	0x0802C533	thumb	Cmd_trysetroots
0x0802C534	0x0802C593	thumb	Cmd_doubledamagedealtifdamaged
0x0802C594	0x0802C603	thumb	Cmd_setyawn
0x0802C604	0x0802C66F	thumb	Cmd_setdamagetohealthdifference
0x0802C670	0x0802C6D3	thumb	Cmd_scaledamagebyhealthratio
0x0802C6D4	0x0802C76B	thumb	Cmd_tryswapabilities
0x0802C76C	0x0802C873	thumb	Cmd_tryimprison
0x0802C874	0x0802C8CB	thumb	Cmd_trysetgrudge
0x0802C8CC	0x0802C963	thumb	Cmd_weightdamagecalculation
0x0802C964	0x0802CAE3	thumb	Cmd_assistattackselect
0x0802CAE4	0x0802CB67	thumb	Cmd_trysetmagiccoat
0x0802CB68	0x0802CBE3	thumb	Cmd_trysetsnatch
0x0802CBE4	0x0802CCBF	thumb	Cmd_trygetintimidatetarget
0x0802CCC0	0x0802CD3B	thumb	Cmd_switchoutabilities
0x0802CD3C	0x0802CD8F	thumb	Cmd_jumpifhasnohp
0x0802CD90	0x0802CE47	thumb	Cmd_getsecretpowereffect
0x0802CE48	0x0802CF2F	thumb	Cmd_pickup
0x0802CF30	0x0802CF97	thumb	Cmd_docastformchangeanimation
0x0802CF98	0x0802CFD7	thumb	Cmd_trycastformdatachange
0x0802CFD8	0x0802D08F	thumb	Cmd_settypebasedhalvers
0x0802D090	0x0802D147	thumb	Cmd_setweatherballtype
0x0802D148	0x0802D1EF	thumb	Cmd_tryrecycleitem
0x0802D1F0	0x0802D29F	thumb	Cmd_settypetoterrain
0x0802D2A0	0x0802D363	thumb	Cmd_pursuitdoubles
0x0802D364	0x0802D3B7	thumb	Cmd_snatchsetbattlers
0x0802D3B8	0x0802D433	thumb	Cmd_removelightscreenreflect
0x0802D434	0x0802D7FF	thumb	Cmd_handleballthrow
0x0802D800	0x0802D95B	thumb	Cmd_givecaughtmon
0x0802D95C	0x0802D9D7	thumb	Cmd_trysetcaughtmondexflags
0x0802D9D8	0x0802DB7B	thumb	Cmd_displaydexinfo
0x0802DB7C	0x0802DCB7	thumb	HandleBattleWindow
0x0802DCB8	0x0802DCF7	thumb	BattleCreateYesNoCursorAt
0x0802DCF8	0x0802DD37	thumb	BattleDestroyYesNoCursorAt
0x0802DD38	0x0802DFBB	thumb	Cmd_trygivecaughtmonnick
0x0802DFBC	0x0802DFEB	thumb	Cmd_subattackerhpbydmg
0x0802DFEC	0x0802E013	thumb	Cmd_removeattackerstatus1
0x0802E014	0x0802E01F	thumb	Cmd_finishaction
0x0802E020	0x0802E03B	thumb	Cmd_finishturn
0x0802E03C	0x0802E137	thumb	AllocateBattleResources
0x0802E138	0x0802E227	thumb	FreeBattleResources
0x0802E228	0x0802E30F	thumb	AdjustFriendshipOnBattleFaint
0x0802E310	0x0802E311	thumb	BattleControllerDummy
0x0802E314	0x0802E33B	thumb	SetControllerToPlayer
0x0802E33C	0x0802E3B3	thumb	PlayerBufferExecCompleted
0x0802E3B4	0x0802E403	thumb	PlayerBufferRunCommand
0x0802E404	0x0802E437	thumb	CompleteOnBattlerSpritePosX_0
0x0802E438	0x0802E63D	thumb	HandleInputChooseAction
0x0802E640	0x0802E673	thumb	EndBounceEffect2
0x0802E674	0x0802EA0F	thumb	HandleInputChooseTarget
0x0802EA10	0x0802EDDB	thumb	HandleInputChooseMove
0x0802EDDC	0x0802EF57	thumb	HandleMoveInputUnused
0x0802EF58	0x0802F60F	thumb	HandleMoveSwitching
0x0802F610	0x0802F6A7	thumb	SetLinkBattleEndCallbacks
0x0802F6A8	0x0802F72F	thumb	SetBattleEndCallbacks
0x0802F730	0x0802F767	thumb	CompleteOnBattlerSpriteCallbackDummy
0x0802F768	0x0802F79F	thumb	CompleteOnBattlerSpriteCallbackDummy2
0x0802F7A0	0x0802F80F	thumb	FreeTrainerSpriteAfterSlide
0x0802F810	0x0802F857	thumb	Intro_DelayAndEnd
0x0802F858	0x0802FA57	thumb	Intro_WaitForShinyAnimAndHealthbox
0x0802FA58	0x0802FBF3	thumb	Intro_TryShinyAnimShowHealthbox
0x0802FBF4	0x0802FCAB	thumb	SwitchIn_CleanShinyAnimShowSubstitute
0x0802FCAC	0x0802FD17	thumb	SwitchIn_HandleSoundAndEnd
0x0802FD18	0x0802FDF3	thumb	SwitchIn_TryShinyAnimShowHealthbox
0x0802FDF4	0x0802FE23	thumb	Task_PlayerController_RestoreBgmAfterCry
0x0802FE24	0x0802FE93	thumb	CompleteOnHealthbarDone
0x0802FE94	0x0802FEA9	thumb	CompleteOnInactiveTextPrinter
0x0802FEAC	0x08030023	thumb	Task_GiveExpToMon
0x08030024	0x080300F3	thumb	Task_PrepareToGiveExpWithExpBar
0x080300F4	0x08030237	thumb	Task_GiveExpWithExpBar
0x08030238	0x08030297	thumb	Task_LaunchLvlUpAnim
0x08030298	0x0803034F	thumb	Task_UpdateLvlInHealthbox
0x08030350	0x080303A7	thumb	DestroyExpTaskAndCompleteOnInactiveTextPrinter
0x080303A8	0x08030537	thumb	Task_CreateLevelUpVerticalStripes
0x08030538	0x0803059F	thumb	FreeMonSpriteAfterFaintAnim
0x080305A0	0x0803060F	thumb	FreeMonSpriteAfterSwitchOutAnim
0x08030610	0x08030625	thumb	CompleteOnInactiveTextPrinter2
0x08030628	0x08030683	thumb	OpenPartyMenuToChooseMon
0x08030684	0x080306FF	thumb	WaitForMonSelection
0x08030700	0x0803073B	thumb	OpenBagAndChooseItem
0x0803073C	0x08030777	thumb	CompleteWhenChoseItem
0x08030778	0x080307B3	thumb	CompleteOnSpecialAnimDone
0x080307B4	0x0803082F	thumb	DoHitAnimBlinkSpriteEffect
0x08030830	0x080308A7	thumb	MoveSelectionDisplayMoveNames
0x080308A8	0x080308CB	thumb	MoveSelectionDisplayPpString
0x080308CC	0x0803093F	thumb	MoveSelectionDisplayPpNumber
0x08030940	0x080309CB	thumb	MoveSelectionDisplayMoveType
0x080309CC	0x08030A13	thumb	MoveSelectionCreateCursorAt
0x08030A14	0x08030A53	thumb	MoveSelectionDestroyCursorAt
0x08030A54	0x08030A97	thumb	ActionSelectionCreateCursorAt
0x08030A98	0x08030ADB	thumb	ActionSelectionDestroyCursorAt
0x08030ADC	0x08030AEB	thumb	SetCB2ToReshowScreenAfterMenu
0x08030AEC	0x08030AFB	thumb	SetCB2ToReshowScreenAfterMenu2
0x08030AFC	0x08030B2B	thumb	CompleteOnFinishedStatusAnimation
0x08030B2C	0x08030B5B	thumb	CompleteOnFinishedBattleAnimation
0x08030B5C	0x08030B8F	thumb	PrintLinkStandbyMsg
0x08030B90	0x08030C01	thumb	PlayerHandleGetMonData
0x08030C04	0x080313AF	thumb	CopyPlayerMonData
0x080313B0	0x08031437	thumb	PlayerHandleGetRawMonData
0x08031438	0x0803148F	thumb	PlayerHandleSetMonData
0x08031490	0x08031E8B	thumb	SetPlayerMonData
0x08031E8C	0x08031EFF	thumb	PlayerHandleSetRawMonData
0x08031F00	0x08031F67	thumb	PlayerHandleLoadMonSprite
0x08031F68	0x08031FF3	thumb	PlayerHandleSwitchInAnim
0x08031FF4	0x0803215F	thumb	StartSendOutAnim
0x08032160	0x080321EF	thumb	PlayerHandleReturnMonToBall
0x080321F0	0x0803227B	thumb	DoSwitchOutAnimation
0x0803227C	0x08032427	thumb	PlayerHandleDrawTrainerPic
0x08032428	0x0803258F	thumb	PlayerHandleTrainerSlide
0x08032590	0x0803264F	thumb	PlayerHandleTrainerSlideBack
0x08032650	0x0803273B	thumb	PlayerHandleFaintAnimation
0x0803273C	0x0803275B	thumb	PlayerHandlePaletteFade
0x0803275C	0x080327AF	thumb	PlayerHandleSuccessBallThrowAnim
0x080327B0	0x0803280F	thumb	PlayerHandleBallThrowAnim
0x08032810	0x0803283F	thumb	PlayerHandlePause
0x08032840	0x08032977	thumb	PlayerHandleMoveAnimation
0x08032978	0x08032AF9	thumb	PlayerDoMoveAnimation
0x08032AFC	0x08032B6F	thumb	PlayerHandlePrintString
0x08032B70	0x08032B93	thumb	PlayerHandlePrintSelectionString
0x08032B94	0x08032BD3	thumb	HandleChooseActionAfterDma3
0x08032BD4	0x08032C47	thumb	PlayerHandleChooseAction
0x08032C48	0x08032C49	thumb	PlayerHandleUnknownYesNoBox
0x08032C4C	0x08032C8F	thumb	HandleChooseMoveAfterDma3
0x08032C90	0x08032CB3	thumb	PlayerHandleChooseMove
0x08032CB4	0x08032CEB	thumb	InitMoveSelectionsVarsAndStrings
0x08032CEC	0x08032D4F	thumb	PlayerHandleChooseItem
0x08032D50	0x08032E27	thumb	PlayerHandleChoosePokemon
0x08032E28	0x08032E4B	thumb	PlayerHandleCmd23
0x08032E4C	0x08032F4B	thumb	PlayerHandleHealthBarUpdate
0x08032F4C	0x08032FE7	thumb	PlayerHandleExpUpdate
0x08032FE8	0x0803305F	thumb	PlayerHandleStatusIconUpdate
0x08033060	0x080330C7	thumb	PlayerHandleStatusAnimation
0x080330C8	0x08033133	thumb	PlayerHandleStatusXor
0x08033134	0x0803313D	thumb	PlayerHandleDataTransfer
0x08033140	0x080331F3	thumb	PlayerHandleDMA3Transfer
0x080331F4	0x08033223	thumb	PlayerHandlePlayBGM
0x08033224	0x0803322D	thumb	PlayerHandleCmd32
0x08033230	0x08033243	thumb	PlayerHandleTwoReturnValues
0x08033244	0x08033257	thumb	PlayerHandleChosenMonReturnValue
0x08033258	0x08033269	thumb	PlayerHandleOneReturnValue
0x0803326C	0x0803327D	thumb	PlayerHandleOneReturnValue_Duplicate
0x08033280	0x0803329B	thumb	PlayerHandleCmd37
0x0803329C	0x080332D3	thumb	PlayerHandleCmd38
0x080332D4	0x080332EB	thumb	PlayerHandleCmd39
0x080332EC	0x08033313	thumb	PlayerHandleCmd40
0x08033314	0x08033383	thumb	PlayerHandleHitAnimation
0x08033384	0x0803338D	thumb	PlayerHandleCmd42
0x08033390	0x080333D3	thumb	PlayerHandlePlaySE
0x080333D4	0x08033403	thumb	PlayerHandlePlayFanfare
0x08033404	0x08033443	thumb	PlayerHandleFaintingCry
0x08033444	0x08033477	thumb	PlayerHandleIntroSlide
0x08033478	0x080335F7	thumb	PlayerHandleIntroTrainerBallThrow
0x080335F8	0x0803365F	thumb	SpriteCB_FreePlayerSpriteLoadMonSprite
0x08033660	0x0803376B	thumb	Task_StartSendOutAnim
0x0803376C	0x0803382F	thumb	PlayerHandleDrawPartyStatusSummary
0x08033830	0x08033877	thumb	EndDrawPartyStatusSummary
0x08033878	0x080338C7	thumb	PlayerHandleHidePartyStatusSummary
0x080338C8	0x080338EB	thumb	PlayerHandleEndBounceEffect
0x080338EC	0x0803394B	thumb	PlayerHandleSpriteInvisibility
0x0803394C	0x080339B3	thumb	PlayerHandleBattleAnimation
0x080339B4	0x08033A0D	thumb	PlayerHandleLinkStandbyMsg
0x08033A10	0x08033A77	thumb	PlayerHandleResetActionMoveSelection
0x08033A78	0x08033AC3	thumb	PlayerHandleCmd55
0x08033AC4	0x08033AC5	thumb	PlayerCmdEnd
0x08033AC8	0x08033DB7	thumb	PreviewDeterminativeMoveTargets
0x08033DB8	0x08033DF7	thumb	AllocateBattleSpritesData
0x08033DF8	0x08033E3B	thumb	FreeBattleSpritesData
0x08033E3C	0x08033EAF	thumb	SpriteCB_WaitForBattlerBallReleaseAnim
0x08033EB0	0x08033EEB	thumb	DoBattleSpriteAffineAnim
0x08033EEC	0x08033F1B	thumb	SpriteCB_TrainerSlideIn
0x08033F1C	0x0803401B	thumb	InitAndLaunchChosenStatusAnimation
0x0803401C	0x0803415B	thumb	TryHandleLaunchBattleTableAnimation
0x0803415C	0x080341B3	thumb	Task_ClearBitWhenBattleTableAnimDone
0x080341B4	0x080341D5	thumb	ShouldAnimBeDoneRegardlessOfSubsitute
0x080341D8	0x08034247	thumb	InitAndLaunchSpecialAnimation
0x08034248	0x0803429F	thumb	Task_ClearBitWhenSpecialAnimDone
0x080342A0	0x080342A3	thumb	IsMoveWithoutAnimation
0x080342A4	0x0803431F	thumb	IsBattleSEPlaying
0x08034320	0x08034497	thumb	BattleLoadOpponentMonSpriteGfx
0x08034498	0x08034657	thumb	BattleLoadPlayerMonSpriteGfx
0x08034658	0x080346C3	thumb	DecompressGhostFrontPic
0x080346C4	0x0803474F	thumb	DecompressTrainerFrontPic
0x08034750	0x08034777	thumb	DecompressTrainerBackPalette
0x08034778	0x08034779	thumb	BattleGfxSfxDummy3
0x0803477C	0x080347A7	thumb	FreeTrainerFrontPicPaletteAndTile
0x080347A8	0x08034837	thumb	BattleLoadAllHealthBoxesGfxAtOnce
0x08034838	0x08034961	thumb	BattleLoadAllHealthBoxesGfx
0x08034964	0x08034983	thumb	LoadBattleBarGfx
0x08034984	0x08034AF9	thumb	BattleInitAllSprites
0x08034AFC	0x08034B23	thumb	ClearSpritesHealthboxAnimData
0x08034B24	0x08034B3F	thumb	ClearSpritesBattlerHealthboxAnimData
0x08034B40	0x08034BB3	thumb	CopyAllBattleSpritesInvisibilities
0x08034BB4	0x08034BF3	thumb	CopyBattleSpriteInvisibility
0x08034BF4	0x080350BB	thumb	HandleSpeciesGfxDataChange
0x080350BC	0x080351A7	thumb	BattleLoadSubstituteOrMonSpriteGfx
0x080351A8	0x080351FD	thumb	LoadBattleMonGfxAndAnimate
0x08035200	0x08035227	thumb	TrySetBehindSubstituteSpriteBit
0x08035228	0x08035243	thumb	ClearBehindSubstituteBit
0x08035244	0x08035313	thumb	HandleLowHpMusicChange
0x08035314	0x08035367	thumb	BattleStopLowHpSound
0x08035368	0x08035399	thumb	GetMonHPBarLevel
0x0803539C	0x0803544F	thumb	HandleBattleLowHpMusicChange
0x08035450	0x08035537	thumb	SetBattlerSpriteAffineMode
0x08035538	0x08035623	thumb	LoadAndCreateEnemyShadowSprites
0x08035624	0x080356FB	thumb	SpriteCB_EnemyShadow
0x080356FC	0x08035707	thumb	SpriteCB_SetInvisible
0x08035708	0x08035793	thumb	SetBattlerShadowSpriteCallback
0x08035794	0x080357C7	thumb	HideBattlerShadowSprite
0x080357C8	0x0803589B	thumb	BattleInterfaceSetWindowPals
0x0803589C	0x080358D3	thumb	ClearTemporarySpeciesSpriteData
0x080358D4	0x080359AB	thumb	AllocateMonSpritesGfx
0x080359AC	0x08035A27	thumb	FreeMonSpritesGfx
0x08035A28	0x08035A77	thumb	ShouldPlayNormalMonCry
0x08035A78	0x08035A79	thumb	OpponentDummy
0x08035A7C	0x08035A97	thumb	SetControllerToOpponent
0x08035A98	0x08035AE7	thumb	OpponentBufferRunCommand
0x08035AE8	0x08035B1F	thumb	CompleteOnBattlerSpriteCallbackDummy
0x08035B20	0x08035B57	thumb	CompleteOnBattlerSpriteCallbackDummy2
0x08035B58	0x08035BE7	thumb	FreeTrainerSpriteAfterSlide
0x08035BE8	0x08035C2F	thumb	Intro_DelayAndEnd
0x08035C30	0x08035DEF	thumb	Intro_WaitForShinyAnimAndHealthbox
0x08035DF0	0x08035FE7	thumb	Intro_TryShinyAnimShowHealthbox
0x08035FE8	0x0803609F	thumb	TryShinyAnimAfterMonAnim
0x080360A0	0x08036129	thumb	CompleteOnHealthbarDone
0x0803612C	0x0803616F	thumb	HideHealthboxAfterMonFaint
0x08036170	0x080361E3	thumb	FreeMonSpriteAfterSwitchOutAnim
0x080361E4	0x080361F9	thumb	CompleteOnInactiveTextPrinter
0x080361FC	0x08036277	thumb	DoHitAnimBlinkSpriteEffect
0x08036278	0x080362E7	thumb	SwitchIn_ShowSubstitute
0x080362E8	0x08036333	thumb	SwitchIn_HandleSoundAndEnd
0x08036334	0x08036407	thumb	SwitchIn_ShowHealthbox
0x08036408	0x080364CF	thumb	SwitchIn_TryShinyAnim
0x080364D0	0x080364FF	thumb	CompleteOnFinishedStatusAnimation
0x08036500	0x0803652F	thumb	CompleteOnFinishedBattleAnimation
0x08036530	0x08036567	thumb	OpponentBufferExecCompleted
0x08036568	0x080365D9	thumb	OpponentHandleGetMonData
0x080365DC	0x08036D87	thumb	GetOpponentMonData
0x08036D88	0x08036E0F	thumb	OpponentHandleGetRawMonData
0x08036E10	0x08036E67	thumb	OpponentHandleSetMonData
0x08036E68	0x08037787	thumb	SetOpponentMonData
0x08037788	0x080377FB	thumb	OpponentHandleSetRawMonData
0x080377FC	0x080379C7	thumb	OpponentHandleLoadMonSprite
0x080379C8	0x08037A27	thumb	OpponentHandleSwitchInAnim
0x08037A28	0x08037BAB	thumb	StartSendOutAnim
0x08037BAC	0x08037C43	thumb	OpponentHandleReturnMonToBall
0x08037C44	0x08037CCF	thumb	DoSwitchOutAnimation
0x08037CD0	0x08037EA3	thumb	OpponentHandleDrawTrainerPic
0x08037EA4	0x08038077	thumb	OpponentHandleTrainerSlide
0x08038078	0x08038123	thumb	OpponentHandleTrainerSlideBack
0x08038124	0x080381CF	thumb	OpponentHandleFaintAnimation
0x080381D0	0x080381D9	thumb	OpponentHandlePaletteFade
0x080381DC	0x080381E5	thumb	OpponentHandleSuccessBallThrowAnim
0x080381E8	0x080381F1	thumb	OpponentHandleBallThrowAnim
0x080381F4	0x080381FD	thumb	OpponentHandlePause
0x08038200	0x08038337	thumb	OpponentHandleMoveAnimation
0x08038338	0x080384B9	thumb	OpponentDoMoveAnimation
0x080384BC	0x08038587	thumb	OpponentHandlePrintString
0x08038588	0x08038591	thumb	OpponentHandlePrintSelectionString
0x08038594	0x080385A1	thumb	OpponentHandleChooseAction
0x080385A4	0x080385AD	thumb	OpponentHandleUnknownYesNoBox
0x080385B0	0x08038717	thumb	OpponentHandleChooseMove
0x08038718	0x08038743	thumb	OpponentHandleChooseItem
0x08038744	0x08038837	thumb	OpponentHandleChoosePokemon
0x08038838	0x08038841	thumb	OpponentHandleCmd23
0x08038844	0x08038933	thumb	OpponentHandleHealthBarUpdate
0x08038934	0x0803893D	thumb	OpponentHandleExpUpdate
0x08038940	0x080389B7	thumb	OpponentHandleStatusIconUpdate
0x080389B8	0x08038A1F	thumb	OpponentHandleStatusAnimation
0x08038A20	0x08038A29	thumb	OpponentHandleStatusXor
0x08038A2C	0x08038A35	thumb	OpponentHandleDataTransfer
0x08038A38	0x08038A41	thumb	OpponentHandleDMA3Transfer
0x08038A44	0x08038A4D	thumb	OpponentHandlePlayBGM
0x08038A50	0x08038A59	thumb	OpponentHandleCmd32
0x08038A5C	0x08038A65	thumb	OpponentHandleTwoReturnValues
0x08038A68	0x08038A71	thumb	OpponentHandleChosenMonReturnValue
0x08038A74	0x08038A7D	thumb	OpponentHandleOneReturnValue
0x08038A80	0x08038A89	thumb	OpponentHandleOneReturnValue_Duplicate
0x08038A8C	0x08038AA7	thumb	OpponentHandleCmd37
0x08038AA8	0x08038ADF	thumb	OpponentHandleCmd38
0x08038AE0	0x08038AF7	thumb	OpponentHandleCmd39
0x08038AF8	0x08038B1F	thumb	OpponentHandleCmd40
0x08038B20	0x08038B8F	thumb	OpponentHandleHitAnimation
0x08038B90	0x08038B99	thumb	OpponentHandleCmd42
0x08038B9C	0x08038BDF	thumb	OpponentHandlePlaySE
0x08038BE0	0x08038C0F	thumb	OpponentHandlePlayFanfare
0x08038C10	0x08038C4B	thumb	OpponentHandleFaintingCry
0x08038C4C	0x08038C7F	thumb	OpponentHandleIntroSlide
0x08038C80	0x08038D8F	thumb	OpponentHandleIntroTrainerBallThrow
0x08038D90	0x08038DC3	thumb	SpriteCB_FreeOpponentSprite
0x08038DC4	0x08038EA7	thumb	Task_StartSendOutAnim
0x08038EA8	0x08038FBB	thumb	OpponentHandleDrawPartyStatusSummary
0x08038FBC	0x08039003	thumb	EndDrawPartyStatusSummary
0x08039004	0x08039053	thumb	OpponentHandleHidePartyStatusSummary
0x08039054	0x0803905D	thumb	OpponentHandleEndBounceEffect
0x08039060	0x080390BF	thumb	OpponentHandleSpriteInvisibility
0x080390C0	0x08039127	thumb	OpponentHandleBattleAnimation
0x08039128	0x08039131	thumb	OpponentHandleLinkStandbyMsg
0x08039134	0x0803913D	thumb	OpponentHandleResetActionMoveSelection
0x08039140	0x08039183	thumb	OpponentHandleCmd55
0x08039184	0x08039185	thumb	OpponentCmdEnd
0x08039188	0x080391E9	thumb	ShouldSwitchIfPerishSong
0x080391EC	0x0803937B	thumb	ShouldSwitchIfWonderGuard
0x0803937C	0x08039597	thumb	FindMonThatAbsorbsOpponentsMove
0x08039598	0x08039697	thumb	ShouldSwitchIfNaturalCure
0x08039698	0x080397DF	thumb	HasSuperEffectiveMoveAgainstOpponents
0x080397E0	0x08039827	thumb	AreStatsRaised
0x08039828	0x08039A7F	thumb	FindMonWithFlagsAndSuperEffective
0x08039A80	0x08039C81	thumb	ShouldSwitch
0x08039C84	0x08039DB3	thumb	AI_TrySwitchOrUseItem
0x08039DB4	0x08039E3B	thumb	ModulateByTypeEffectiveness
0x08039E3C	0x0803A197	thumb	GetMostSuitableMonToSwitchInto
0x0803A198	0x0803A1F3	thumb	GetAI_ItemType
0x0803A1F4	0x0803A661	thumb	ShouldUseItem
0x0803A664	0x0803A665	thumb	LinkOpponentDummy
0x0803A668	0x0803A683	thumb	SetControllerToLinkOpponent
0x0803A684	0x0803A6D3	thumb	LinkOpponentBufferRunCommand
0x0803A6D4	0x0803A70B	thumb	CompleteOnBattlerSpriteCallbackDummy
0x0803A70C	0x0803A79B	thumb	FreeTrainerSpriteAfterSlide
0x0803A79C	0x0803A7E3	thumb	Intro_DelayAndEnd
0x0803A7E4	0x0803A9CB	thumb	Intro_WaitForShinyAnimAndHealthbox
0x0803A9CC	0x0803AC13	thumb	Intro_TryShinyAnimShowHealthbox
0x0803AC14	0x0803ACCB	thumb	TryShinyAnimAfterMonAnim
0x0803ACCC	0x0803AD1D	thumb	CompleteOnHealthbarDone
0x0803AD20	0x0803AD63	thumb	HideHealthboxAfterMonFaint
0x0803AD64	0x0803ADD7	thumb	FreeMonSpriteAfterSwitchOutAnim
0x0803ADD8	0x0803ADED	thumb	CompleteOnInactiveTextPrinter
0x0803ADF0	0x0803AE6B	thumb	DoHitAnimBlinkSpriteEffect
0x0803AE6C	0x0803AEDB	thumb	SwitchIn_ShowSubstitute
0x0803AEDC	0x0803AF27	thumb	SwitchIn_HandleSoundAndEnd
0x0803AF28	0x0803AFFB	thumb	SwitchIn_ShowHealthbox
0x0803AFFC	0x0803B0C3	thumb	SwitchIn_TryShinyAnim
0x0803B0C4	0x0803B0F3	thumb	CompleteOnFinishedStatusAnimation
0x0803B0F4	0x0803B123	thumb	CompleteOnFinishedBattleAnimation
0x0803B124	0x0803B19B	thumb	LinkOpponentBufferExecCompleted
0x0803B19C	0x0803B20D	thumb	LinkOpponentHandleGetMonData
0x0803B210	0x0803B9BB	thumb	CopyLinkOpponentMonData
0x0803B9BC	0x0803B9C5	thumb	LinkOpponentHandleGetRawMonData
0x0803B9C8	0x0803BA1F	thumb	LinkOpponentHandleSetMonData
0x0803BA20	0x0803C33F	thumb	SetLinkOpponentMonData
0x0803C340	0x0803C3B3	thumb	LinkOpponentHandleSetRawMonData
0x0803C3B4	0x0803C503	thumb	LinkOpponentHandleLoadMonSprite
0x0803C504	0x0803C54F	thumb	LinkOpponentHandleSwitchInAnim
0x0803C550	0x0803C6D3	thumb	StartSendOutAnim
0x0803C6D4	0x0803C76B	thumb	LinkOpponentHandleReturnMonToBall
0x0803C76C	0x0803C7F7	thumb	DoSwitchOutAnimation
0x0803C7F8	0x0803CAFF	thumb	LinkOpponentHandleDrawTrainerPic
0x0803CB00	0x0803CB09	thumb	LinkOpponentHandleTrainerSlide
0x0803CB0C	0x0803CBB7	thumb	LinkOpponentHandleTrainerSlideBack
0x0803CBB8	0x0803CC63	thumb	LinkOpponentHandleFaintAnimation
0x0803CC64	0x0803CC6D	thumb	LinkOpponentHandlePaletteFade
0x0803CC70	0x0803CC79	thumb	LinkOpponentHandleSuccessBallThrowAnim
0x0803CC7C	0x0803CC85	thumb	LinkOpponentHandleBallThrowAnim
0x0803CC88	0x0803CC91	thumb	LinkOpponentHandlePause
0x0803CC94	0x0803CDCB	thumb	LinkOpponentHandleMoveAnimation
0x0803CDCC	0x0803CF4D	thumb	LinkOpponentDoMoveAnimation
0x0803CF50	0x0803CFC3	thumb	LinkOpponentHandlePrintString
0x0803CFC4	0x0803CFCD	thumb	LinkOpponentHandlePrintSelectionString
0x0803CFD0	0x0803CFD9	thumb	LinkOpponentHandleChooseAction
0x0803CFDC	0x0803CFE5	thumb	LinkOpponentHandleUnknownYesNoBox
0x0803CFE8	0x0803CFF1	thumb	LinkOpponentHandleChooseMove
0x0803CFF4	0x0803CFFD	thumb	LinkOpponentHandleChooseItem
0x0803D000	0x0803D009	thumb	LinkOpponentHandleChoosePokemon
0x0803D00C	0x0803D015	thumb	LinkOpponentHandleCmd23
0x0803D018	0x0803D107	thumb	LinkOpponentHandleHealthBarUpdate
0x0803D108	0x0803D111	thumb	LinkOpponentHandleExpUpdate
0x0803D114	0x0803D18B	thumb	LinkOpponentHandleStatusIconUpdate
0x0803D18C	0x0803D1F3	thumb	LinkOpponentHandleStatusAnimation
0x0803D1F4	0x0803D1FD	thumb	LinkOpponentHandleStatusXor
0x0803D200	0x0803D209	thumb	LinkOpponentHandleDataTransfer
0x0803D20C	0x0803D215	thumb	LinkOpponentHandleDMA3Transfer
0x0803D218	0x0803D221	thumb	LinkOpponentHandlePlayBGM
0x0803D224	0x0803D22D	thumb	LinkOpponentHandleCmd32
0x0803D230	0x0803D239	thumb	LinkOpponentHandleTwoReturnValues
0x0803D23C	0x0803D245	thumb	LinkOpponentHandleChosenMonReturnValue
0x0803D248	0x0803D251	thumb	LinkOpponentHandleOneReturnValue
0x0803D254	0x0803D25D	thumb	LinkOpponentHandleOneReturnValue_Duplicate
0x0803D260	0x0803D27B	thumb	LinkOpponentHandleClearUnkVar
0x0803D27C	0x0803D2B3	thumb	LinkOpponentHandleSetUnkVar
0x0803D2B4	0x0803D2CB	thumb	LinkOpponentHandleClearUnkFlag
0x0803D2CC	0x0803D2F3	thumb	LinkOpponentHandleToggleUnkFlag
0x0803D2F4	0x0803D363	thumb	LinkOpponentHandleHitAnimation
0x0803D364	0x0803D36D	thumb	LinkOpponentHandleCantSwitch
0x0803D370	0x0803D3B3	thumb	LinkOpponentHandlePlaySE
0x0803D3B4	0x0803D3E3	thumb	LinkOpponentHandlePlayFanfare
0x0803D3E4	0x0803D41F	thumb	LinkOpponentHandleFaintingCry
0x0803D420	0x0803D453	thumb	LinkOpponentHandleIntroSlide
0x0803D454	0x0803D563	thumb	LinkOpponentHandleIntroTrainerBallThrow
0x0803D564	0x0803D647	thumb	Task_StartSendOutAnim
0x0803D648	0x0803D67B	thumb	SpriteCB_FreeOpponentSprite
0x0803D67C	0x0803D78F	thumb	LinkOpponentHandleDrawPartyStatusSummary
0x0803D790	0x0803D7D7	thumb	EndDrawPartyStatusSummary
0x0803D7D8	0x0803D827	thumb	LinkOpponentHandleHidePartyStatusSummary
0x0803D828	0x0803D831	thumb	LinkOpponentHandleEndBounceEffect
0x0803D834	0x0803D893	thumb	LinkOpponentHandleSpriteInvisibility
0x0803D894	0x0803D8FB	thumb	LinkOpponentHandleBattleAnimation
0x0803D8FC	0x0803D905	thumb	LinkOpponentHandleLinkStandbyMsg
0x0803D908	0x0803D911	thumb	LinkOpponentHandleResetActionMoveSelection
0x0803D914	0x0803D977	thumb	LinkOpponentHandleEndLinkBattle
0x0803D978	0x0803D979	thumb	LinkOpponentCmdEnd
0x0803D97C	0x0803D991	thumb	ZeroBoxMonData
0x0803D994	0x0803DA11	thumb	ZeroMonData
0x0803DA14	0x0803DA33	thumb	ZeroPlayerPartyMons
0x0803DA34	0x0803DA53	thumb	ZeroEnemyPartyMons
0x0803DA54	0x0803DAC3	thumb	CreateMon
0x0803DAC4	0x0803DD97	thumb	CreateBoxMon
0x0803DD98	0x0803DDFD	thumb	CreateMonWithNature
0x0803DE00	0x0803DEFD	thumb	CreateMonWithGenderNatureLetter
0x0803DF00	0x0803DF65	thumb	CreateMaleMon
0x0803DF68	0x0803DFA5	thumb	CreateMonWithIVsPersonality
0x0803DFA8	0x0803E019	thumb	CreateMonWithIVsOTID
0x0803E01C	0x0803E0A3	thumb	CreateMonWithEVSpread
0x0803E0A4	0x0803E1EB	thumb	CreateBattleTowerMon
0x0803E1EC	0x0803E239	thumb	CreateEventMon
0x0803E23C	0x0803E3E7	thumb	ConvertPokemonToBattleTowerPokemon
0x0803E3E8	0x0803E479	thumb	CalculateBoxMonChecksum
0x0803E47C	0x0803E773	thumb	CalculateMonStats
0x0803E774	0x0803E7C3	thumb	BoxMonToMon
0x0803E7C4	0x0803E82F	thumb	GetLevelFromMonExp
0x0803E830	0x0803E89B	thumb	GetLevelFromBoxMonExp
0x0803E89C	0x0803E8AD	thumb	GiveMoveToMon
0x0803E8B0	0x0803E91F	thumb	GiveMoveToBoxMon
0x0803E920	0x0803E963	thumb	GiveMoveToBattleMon
0x0803E964	0x0803E9A3	thumb	SetMonMoveSlot
0x0803E9A4	0x0803E9D3	thumb	SetBattleMonMoveSlot
0x0803E9D4	0x0803E9DD	thumb	GiveMonInitialMoveset
0x0803E9E0	0x0803EA87	thumb	GiveBoxMonInitialMoveset
0x0803EA88	0x0803EB93	thumb	MonTryLearningNewMove
0x0803EB94	0x0803EC3F	thumb	DeleteFirstMoveAndGiveMoveToMon
0x0803EC40	0x0803ECEB	thumb	DeleteFirstMoveAndGiveMoveToBoxMon
0x0803ECEC	0x0803F5B3	thumb	CalculateBaseDamage
0x0803F5B4	0x0803F69F	thumb	CountAliveMonsInBattle
0x0803F6A0	0x0803F71F	thumb	GetDefaultMoveTarget
0x0803F720	0x0803F72D	thumb	GetMonGender
0x0803F730	0x0803F78B	thumb	GetBoxMonGender
0x0803F78C	0x0803F7D1	thumb	GetGenderFromSpeciesAndPersonality
0x0803F7D4	0x0803F863	thumb	SetMultiuseSpriteTemplateToPokemon
0x0803F864	0x0803F8F7	thumb	SetMultiuseSpriteTemplateToTrainerBack
0x0803F8F8	0x0803F91B	thumb	EncryptBoxMon
0x0803F91C	0x0803F93F	thumb	DecryptBoxMon
0x0803F940	0x0803FBE7	thumb	GetSubstruct
0x0803FBE8	0x0803FD43	thumb	GetMonData2
0x0803FD44	0x08040379	thumb	GetBoxMonData2
0x0804037C	0x080404CD	thumb	SetMonData
0x080404D0	0x08040B07	thumb	SetBoxMonData
0x08040B08	0x08040B11	thumb	CopyMon
0x08040B14	0x08040B8F	thumb	GiveMonToPlayer
0x08040B90	0x08040C39	thumb	SendMonToPC
0x08040C3C	0x08040C7F	thumb	CalculatePlayerPartyCount
0x08040C80	0x08040CC3	thumb	CalculateEnemyPartyCount
0x08040CC4	0x08040D37	thumb	GetMonsStateToDoubles
0x08040D38	0x08040D7B	thumb	GetAbilityBySpecies
0x08040D7C	0x08040DAD	thumb	GetMonAbility
0x08040DB0	0x08040EEB	thumb	CreateSecretBaseEnemyParty
0x08040EEC	0x08040F2B	thumb	GetSecretBaseTrainerPicIndex
0x08040F2C	0x08040F6B	thumb	GetSecretBaseTrainerNameIndex
0x08040F6C	0x08040F9F	thumb	IsPlayerPartyAndPokemonStorageFull
0x08040FA0	0x08040FCF	thumb	IsPokemonStorageFull
0x08040FD0	0x08041019	thumb	GetSpeciesName
0x0804101C	0x08041063	thumb	CalculatePPWithBonus
0x08041064	0x0804109F	thumb	RemoveMonPPBonus
0x080410A0	0x080410B7	thumb	RemoveBattleMonPPBonus
0x080410B8	0x080413BF	thumb	CopyPlayerPartyMonToBattleData
0x080413C0	0x080413E3	thumb	ExecuteTableBasedItemEffect
0x080413E4	0x080423A3	thumb	PokemonUseItemEffects
0x080423A4	0x08042411	thumb	HealStatusConditions
0x08042414	0x08042BE7	thumb	PokemonItemUseNoEffect
0x08042BE8	0x08042C05	thumb	PartyMonHasStatus
0x08042C08	0x08042D4D	thumb	GetItemEffectParamOffset
0x08042D50	0x08042DA3	thumb	BufferStatRoseMessage
0x08042DA4	0x08042E9B	thumb	Battle_PrintStatBoosterEffectMessage
0x08042E9C	0x08042EB3	thumb	GetNature
0x08042EB4	0x08042EC3	thumb	GetNatureFromPersonality
0x08042EC4	0x080431B3	thumb	GetEvolutionTargetSpecies
0x080431B4	0x080431FF	thumb	HoennPokedexNumToSpecies
0x08043200	0x0804324B	thumb	NationalPokedexNumToSpecies
0x0804324C	0x08043297	thumb	NationalToHoennOrder
0x08043298	0x080432B9	thumb	SpeciesToNationalPokedexNum
0x080432BC	0x080432DD	thumb	SpeciesToHoennPokedexNum
0x080432E0	0x08043301	thumb	HoennToNationalOrder
0x08043304	0x08043335	thumb	SpeciesToCryId
0x08043338	0x08043455	thumb	DrawSpindaSpotsUnused
0x08043458	0x08043569	thumb	DrawSpindaSpots
0x0804356C	0x080435DF	thumb	EvolutionRenameMon
0x080435E0	0x0804361D	thumb	GetPlayerFlankId
0x08043620	0x08043657	thumb	GetLinkTrainerFlankId
0x08043658	0x0804367B	thumb	GetBattlerMultiplayerId
0x0804367C	0x08043697	thumb	GetTrainerEncounterMusicId
0x08043698	0x080436F7	thumb	ModifyStatByNature
0x080436F8	0x0804388F	thumb	AdjustFriendship
0x08043890	0x08043A3F	thumb	MonGainEVs
0x08043A40	0x08043A67	thumb	GetMonEVCount
0x08043A68	0x08043A6D	thumb	RandomlyGivePartyPokerus
0x08043A70	0x08043AD5	thumb	CheckPartyPokerus
0x08043AD8	0x08043B35	thumb	CheckPartyHasHadPokerus
0x08043B38	0x08043B3D	thumb	UpdatePartyPokerusTime
0x08043B40	0x08043B45	thumb	PartySpreadPokerus
0x08043B48	0x08043B8F	thumb	SetMonExpWithMaxLevelCheck
0x08043B90	0x08043C29	thumb	TryIncrementMonLevel
0x08043C2C	0x08043C83	thumb	CanMonLearnTMHM
0x08043C84	0x08043DD3	thumb	GetMoveRelearnerMoves
0x08043DD4	0x08043E2B	thumb	GetLevelUpMovesBySpecies
0x08043E2C	0x08043F8F	thumb	GetNumberOfRelearnableMoves
0x08043F90	0x08043FBB	thumb	SpeciesToPokedexNum
0x08043FBC	0x08043FD3	thumb	ClearBattleMonForms
0x08043FD4	0x08044073	thumb	GetBattleBGM
0x08044074	0x0804408D	thumb	PlayBattleBGM
0x08044090	0x080440BB	thumb	PlayMapChosenOrBattleBGM
0x080440BC	0x080440F3	thumb	GetMonFrontSpritePal
0x080440F4	0x08044147	thumb	GetMonSpritePalFromSpeciesAndPersonality
0x08044148	0x0804417F	thumb	GetMonSpritePalStruct
0x08044180	0x080441B7	thumb	GetMonSpritePalStructFromOtIdPersonality
0x080441B8	0x080441F1	thumb	IsHMMove2
0x080441F4	0x0804420B	thumb	IsMonSpriteNotFlipped
0x0804420C	0x08044233	thumb	GetMonFlavorRelation
0x08044234	0x0804425B	thumb	GetFlavorRelationByPersonality
0x0804425C	0x08044285	thumb	IsTradedMon
0x08044288	0x080442D7	thumb	IsOtherTrainer
0x080442D8	0x080442E1	thumb	MonRestorePP
0x080442E4	0x08044345	thumb	BoxMonRestorePP
0x08044348	0x080443F3	thumb	SetMonPreventsSwitchingString
0x080443F4	0x0804446D	thumb	SetWildMonHeldItem
0x08044470	0x08044499	thumb	IsMonShiny
0x0804449C	0x080444C3	thumb	IsShinyOtIdPersonality
0x080444C4	0x080444F7	thumb	GetTrainerPartnerName
0x080444F8	0x0804454B	thumb	GetPlayerPartyHighestLevel
0x0804454C	0x0804455B	thumb	FacilityClassToPicIndex
0x0804455C	0x08044673	thumb	ShouldIgnoreDeoxysForm
0x08044674	0x08044707	thumb	GetDeoxysStat
0x08044708	0x080447AB	thumb	SetDeoxysStats
0x080447AC	0x080447EF	thumb	GetUnionRoomTrainerPic
0x080447F0	0x08044837	thumb	GetUnionRoomTrainerClass
0x08044838	0x08044897	thumb	CreateEnemyEventMon
0x08044898	0x080448F7	thumb	HandleSetPokedexFlag
0x080448F8	0x0804494D	thumb	CheckBattleTypeGhost
0x08044950	0x08044A3F	thumb	InitMonSpritesGfx_Mode1
0x08044A40	0x08044AEF	thumb	InitMonSpritesGfx_Mode0
0x08044AF0	0x08044D7F	thumb	CreateMonSpritesGfxManager
0x08044D80	0x08044DFF	thumb	DestroyMonSpritesGfxManager
0x08044E00	0x08044E2F	thumb	MonSpritesGfxManager_GetSpritePtr
0x08044E30	0x08044E4B	thumb	Sin
0x08044E4C	0x08044E6B	thumb	Cos
0x08044E6C	0x08044EAF	thumb	Sin2
0x08044EB0	0x08044EC7	thumb	Cos2
0x08044EC8	0x08044EE7	thumb	Random
0x08044EE8	0x08044EF7	thumb	SeedRng
0x08044EF8	0x08044F33	thumb	CreateInvisibleSpriteWithCallback
0x08044F34	0x08044F3B	thumb	StoreWordInTwoHalfwords
0x08044F3C	0x08044F49	thumb	LoadWordFromTwoHalfwords
0x08044F4C	0x08044F75	thumb	SetBgAffineStruct
0x08044F78	0x08044FC1	thumb	DoBgAffineSet
0x08044FC4	0x0804518F	thumb	CopySpriteTiles
0x08045190	0x080451B5	thumb	CountTrailingZeroBits
0x080451B8	0x0804520F	thumb	CalcCRC16
0x08045210	0x08045253	thumb	CalcCRC16WithTable
0x08045254	0x08045273	thumb	CalcByteArraySum
0x08045274	0x08045313	thumb	BlendPalette
0x08045314	0x080453BF	thumb	BlendPalettesAt
0x080453C0	0x080453DD	thumb	DayCare_GetMonNickname
0x080453E0	0x080453FD	thumb	DayCare_GetBoxMonNickname
0x08045400	0x0804542F	thumb	CountPokemonInDaycare
0x08045430	0x0804549B	thumb	InitDaycareMailRecordMixing
0x0804549C	0x080454CB	thumb	Daycare_FindEmptySpot
0x080454CC	0x0804555B	thumb	StorePokemonInDaycare
0x0804555C	0x0804557F	thumb	StorePokemonInEmptyDaycareSlot
0x08045580	0x080455AB	thumb	StoreSelectedPokemonInDaycare
0x080455AC	0x08045607	thumb	ShiftDaycareSlots
0x08045608	0x0804565B	thumb	ApplyDaycareExperience
0x0804565C	0x080456FF	thumb	TakeSelectedPokemonFromDaycare
0x08045700	0x08045725	thumb	TakeSelectedPokemonMonFromDaycareShiftSlots
0x08045728	0x0804574B	thumb	TakePokemonFromDaycare
0x0804574C	0x08045785	thumb	GetLevelAfterDaycareSteps
0x08045788	0x080457B1	thumb	GetNumLevelsGainedFromSteps
0x080457B4	0x080457E7	thumb	GetNumLevelsGainedForDaycareMon
0x080457E8	0x0804581F	thumb	GetDaycareCostForSelectedMon
0x08045820	0x08045837	thumb	GetDaycareCostForMon
0x08045838	0x0804585F	thumb	GetDaycareCost
0x08045860	0x08045897	thumb	Debug_AddDaycareSteps
0x08045898	0x080458E5	thumb	GetNumLevelsGainedFromDaycare
0x080458E8	0x08045915	thumb	ClearDaycareMonMail
0x08045918	0x08045935	thumb	ClearDaycareMon
0x08045938	0x0804596D	thumb	ClearAllDaycareData
0x08045970	0x080459EF	thumb	GetEggSpecies
0x080459F0	0x08045A1F	thumb	_TriggerPendingDaycareEgg
0x08045A20	0x08045A47	thumb	_TriggerPendingDaycareMaleEgg
0x08045A48	0x08045A5F	thumb	TriggerPendingDaycareEgg
0x08045A60	0x08045A77	thumb	TriggerPendingDaycareMaleEgg
0x08045A78	0x08045ABD	thumb	RemoveIVIndexFromList
0x08045AC0	0x08045C25	thumb	InheritIVs
0x08045C28	0x08045CCF	thumb	GetEggMoves
0x08045CD0	0x08045F6F	thumb	BuildEggMoveset
0x08045F70	0x08045F87	thumb	RemoveEggFromDayCare
0x08045F88	0x08045F9F	thumb	RejectEggFromDayCare
0x08045FA0	0x08045FFF	thumb	AlterEggSpeciesWithIncenseItem
0x08046000	0x080460D3	thumb	DetermineEggSpeciesAndParentSlots
0x080460D4	0x0804614F	thumb	_GiveEggFromDaycare
0x08046150	0x08046207	thumb	CreateEgg
0x08046208	0x080462AB	thumb	SetInitialEggData
0x080462AC	0x080462C3	thumb	GiveEggFromDaycare
0x080462C4	0x080463B7	thumb	TryProduceOrHatchEgg
0x080463B8	0x080463FB	thumb	ShouldEggHatch
0x080463FC	0x0804640B	thumb	IsEggPending
0x0804640C	0x0804645F	thumb	_GetDaycareMonNicknames
0x08046460	0x0804649B	thumb	GetSelectedMonNicknameAndSpecies
0x0804649C	0x080464B3	thumb	GetDaycareMonNicknames
0x080464B4	0x080464F7	thumb	GetDaycareState
0x080464F8	0x0804651B	thumb	GetDaycarePokemonCount
0x0804651C	0x0804654B	thumb	EggGroupsOverlap
0x0804654C	0x0804666B	thumb	GetDaycareCompatibilityScore
0x0804666C	0x08046687	thumb	GetDaycareCompatibilityScoreFromSave
0x08046688	0x080466C7	thumb	SetDaycareCompatibilityString
0x080466C8	0x08046741	thumb	NameHasGenderSymbol
0x08046744	0x08046793	thumb	AppendGenderSymbol
0x08046794	0x080467AF	thumb	AppendMonGenderSymbol
0x080467B0	0x08046833	thumb	GetDaycareLevelMenuText
0x08046834	0x08046897	thumb	GetDaycareLevelMenuLevelText
0x08046898	0x0804690B	thumb	DaycareAddTextPrinter
0x0804690C	0x08046943	thumb	DaycarePrintMonNickname
0x08046944	0x080469B3	thumb	DaycarePrintMonLvl
0x080469B4	0x080469FB	thumb	DaycarePrintMonInfo
0x080469FC	0x08046AB7	thumb	Task_HandleDaycareLevelMenuInput
0x08046AB8	0x08046B27	thumb	ShowDaycareLevelMenu
0x08046B28	0x08046B3F	thumb	ChooseSendDaycareMon
0x08046B40	0x08046B6F	thumb	PutMonInRoute5Daycare
0x08046B70	0x08046B93	thumb	GetCostToWithdrawRoute5DaycareMon
0x08046B94	0x08046BB9	thumb	IsThereMonInRoute5Daycare
0x08046BBC	0x08046BDB	thumb	GetNumLevelsGainedForRoute5DaycareMon
0x08046BDC	0x08046BFB	thumb	TakePokemonFromRoute5Daycare
0x08046BFC	0x08046D5F	thumb	CreatedHatchedMon
0x08046D60	0x08046E1F	thumb	AddHatchedMonToParty
0x08046E20	0x08046E33	thumb	ScriptHatchMon
0x08046E34	0x08046EA9	thumb	BufferDayCareMonReceivedMail
0x08046EAC	0x08046ECF	thumb	DaycareMonReceivedMail
0x08046ED0	0x08046FBF	thumb	EggHatchCreateMonSprite
0x08046FC0	0x08046FD1	thumb	VBlankCB_EggHatch
0x08046FD4	0x08047003	thumb	EggHatch
0x08047004	0x08047043	thumb	Task_EggHatch
0x08047044	0x0804729F	thumb	CB2_EggHatch_0
0x080472A0	0x080472E3	thumb	EggHatchSetMonNickname
0x080472E4	0x08047337	thumb	Task_EggHatchPlayBGM
0x08047338	0x080476AF	thumb	CB2_EggHatch_1
0x080476B0	0x08047705	thumb	SpriteCB_Egg_0
0x08047708	0x08047769	thumb	SpriteCB_Egg_1
0x0804776C	0x0804782B	thumb	SpriteCB_Egg_2
0x0804782C	0x0804784F	thumb	SpriteCB_Egg_3
0x08047850	0x080478CF	thumb	SpriteCB_Egg_4
0x080478D0	0x0804796F	thumb	SpriteCB_Egg_5
0x08047970	0x080479C7	thumb	SpriteCB_EggShard
0x080479C8	0x08047A1B	thumb	CreateRandomEggShardSprite
0x08047A1C	0x08047A9B	thumb	CreateEggShardSprite
0x08047A9C	0x08047B0B	thumb	EggHatchPrintMessage
0x08047B0C	0x08047CA9	thumb	Debug_DrawNumber
0x08047CAC	0x08047CDD	thumb	Debug_DrawNumberPair
0x08047CE0	0x08048007	thumb	CreateBattlerHealthboxSprites
0x08048008	0x080480A7	thumb	CreateSafariPlayerHealthboxSprites
0x080480A8	0x080480B7	thumb	GetBattleInterfaceGfxPtr
0x080480B8	0x08048127	thumb	SpriteCB_HealthBar
0x08048128	0x0804814F	thumb	SpriteCB_HealthBoxOther
0x08048150	0x08048187	thumb	SetBattleBarStruct
0x08048188	0x080481D3	thumb	SetHealthboxSpriteInvisible
0x080481D4	0x08048227	thumb	SetHealthboxSpriteVisible
0x08048228	0x08048247	thumb	UpdateSpritePos
0x08048248	0x08048287	thumb	DestoryHealthboxSprite
0x08048288	0x08048289	thumb	DummyBattleInterfaceFunc
0x0804828C	0x0804831B	thumb	UpdateOamPriorityInAllHealthboxes
0x0804831C	0x08048397	thumb	InitBattlerHealthboxCoords
0x08048398	0x0804843F	thumb	UpdateLvlInHealthbox
0x08048440	0x08048617	thumb	UpdateHpTextInHealthbox
0x08048618	0x080487F7	thumb	UpdateHpTextInHealthboxInDoubles
0x080487F8	0x08048A4B	thumb	PrintSafariMonInfo
0x08048A4C	0x08048D13	thumb	SwapHpBarsWithHpText
0x08048D14	0x080491AF	thumb	CreatePartyStatusSummarySprites
0x080491B0	0x08049387	thumb	Task_HidePartyStatusSummary
0x08049388	0x080493E3	thumb	Task_HidePartyStatusSummary_BattleStart_1
0x080493E4	0x08049489	thumb	Task_HidePartyStatusSummary_BattleStart_2
0x0804948C	0x0804954D	thumb	Task_HidePartyStatusSummary_DuringBattle
0x08049550	0x08049567	thumb	SpriteCB_PartySummaryBar
0x08049568	0x0804959B	thumb	SpriteCB_PartySummaryBar_Exit
0x0804959C	0x0804962F	thumb	SpriteCB_PartySummaryBall_OnBattleStart
0x08049630	0x0804969F	thumb	SpriteCB_PartySummaryBall_Exit
0x080496A0	0x080496BF	thumb	SpriteCB_PartySummaryBall_OnSwitchout
0x080496C0	0x0804981B	thumb	UpdateNickInHealthbox
0x0804981C	0x08049933	thumb	TryAddPokeballIconToHealthbox
0x08049934	0x08049BE3	thumb	UpdateStatusIconInHealthbox
0x08049BE4	0x08049CA9	thumb	GetStatusIconForBattlerId
0x08049CAC	0x08049D0F	thumb	UpdateSafariBallsTextOnHealthbox
0x08049D10	0x08049D97	thumb	UpdateLeftNoOfBallsTextOnHealthbox
0x08049D98	0x08049FD5	thumb	UpdateHealthboxAttribute
0x08049FD8	0x0804A0D3	thumb	MoveBattleBar
0x0804A0D4	0x0804A2EF	thumb	MoveBattleBarGraphically
0x0804A2F0	0x0804A3C1	thumb	CalcNewBarValue
0x0804A3C4	0x0804A45D	thumb	CalcBarFilledPixels
0x0804A460	0x0804A4C7	thumb	UpdateAndDrawHealthbarOntoScreen
0x0804A4C8	0x0804A4ED	thumb	CalcNewHealthbarValue
0x0804A4F0	0x0804A50F	thumb	DoDrawHealthbarOntoScreen
0x0804A510	0x0804A599	thumb	DrawHealthbarOntoScreen
0x0804A59C	0x0804A5E5	thumb	GetReceivedValueInPixels
0x0804A5E8	0x0804A611	thumb	GetScaledHPFraction
0x0804A614	0x0804A645	thumb	GetHPBarLevel
0x0804A648	0x0804A6D7	thumb	AddTextPrinterAndCreateWindowOnHealthbox
0x0804A6D8	0x0804A6E5	thumb	RemoveWindowOnHealthbox
0x0804A6E8	0x0804A733	thumb	TextIntoHealthboxObject
0x0804A734	0x0804A76B	thumb	SafariTextIntoHealthboxObject
0x0804A76C	0x0804A8BF	thumb	SmokescreenImpact
0x0804A8C0	0x0804A903	thumb	SpriteCB_SmokescreenImpactMain
0x0804A904	0x0804A937	thumb	SpriteCB_SmokescreenImpact
0x0804A938	0x0804A99F	thumb	DoPokeballSendOutAnimation
0x0804A9A0	0x0804ABD3	thumb	Task_DoPokeballSendOutAnim
0x0804ABD4	0x0804AC87	thumb	SpriteCB_BallThrow
0x0804AC88	0x0804AC93	thumb	SpriteCB_BallThrow_ReachMon
0x0804AC94	0x0804ACFF	thumb	SpriteCB_BallThrow_StartShrinkMon
0x0804AD00	0x0804AD95	thumb	SpriteCB_BallThrow_ShrinkMon
0x0804AD98	0x0804ADEB	thumb	SpriteCB_BallThrow_Close
0x0804ADEC	0x0804AEE3	thumb	SpriteCB_BallThrow_FallToGround
0x0804AEE4	0x0804AF23	thumb	SpriteCB_BallThrow_StartShakes
0x0804AF24	0x0804B06F	thumb	SpriteCB_BallThrow_Shake
0x0804B070	0x0804B267	thumb	Task_PlayCryWhenReleasedFromBall
0x0804B268	0x0804B483	thumb	SpriteCB_ReleaseMonFromBall
0x0804B484	0x0804B4A3	thumb	SpriteCB_BallThrow_StartCaptureMon
0x0804B4A4	0x0804B5C7	thumb	HandleBallAnimEnd
0x0804B5C8	0x0804B683	thumb	SpriteCB_BallThrow_CaptureMon
0x0804B684	0x0804B6D3	thumb	SpriteCB_PlayerMonSendOut_1
0x0804B6D4	0x0804B843	thumb	SpriteCB_PlayerMonSendOut_2
0x0804B844	0x0804B867	thumb	SpriteCB_ReleaseMon2FromBall
0x0804B868	0x0804B8C7	thumb	SpriteCB_OpponentMonSendOut
0x0804B8C8	0x0804B8EF	thumb	AnimateBallOpenParticlesForPokeball
0x0804B8F0	0x0804B907	thumb	LaunchBallFadeMonTaskForPokeball
0x0804B908	0x0804B9E7	thumb	CreatePokeballSpriteToReleaseMon
0x0804B9E8	0x0804BAA1	thumb	SpriteCB_PokeballReleaseMon
0x0804BAA4	0x0804BB95	thumb	SpriteCB_ReleasedMonFlyOut
0x0804BB98	0x0804BC4F	thumb	CreateTradePokeballSprite
0x0804BC50	0x0804BCF5	thumb	SpriteCB_TradePokeball
0x0804BCF8	0x0804BD69	thumb	SpriteCB_TradePokeballSendOff
0x0804BD6C	0x0804BD87	thumb	SpriteCB_TradePokeballEnd
0x0804BD88	0x0804BD91	thumb	DestroySpriteAndFreeResources_Ball
0x0804BD94	0x0804BE23	thumb	StartHealthboxSlideIn
0x0804BE24	0x0804BE47	thumb	SpriteCB_HealthboxSlideInDelayed
0x0804BE48	0x0804BE6F	thumb	SpriteCB_HealthboxSlideIn
0x0804BE70	0x0804BEB3	thumb	DoHitAnimHealthboxEffect
0x0804BEB4	0x0804BEF3	thumb	SpriteCB_HitAnimHealthoxEffect
0x0804BEF4	0x0804BF63	thumb	LoadBallGfx
0x0804BF64	0x0804BF8F	thumb	FreeBallGfx
0x0804BF90	0x0804BFE3	thumb	GetBattlerPokeballItemId
0x0804BFE4	0x0804C00F	thumb	CheckForFlashMemory
0x0804C010	0x0804C033	thumb	ClearSav2
0x0804C034	0x0804C057	thumb	ClearSav1
0x0804C058	0x0804C0A3	thumb	SetSaveBlocksPointers
0x0804C0A4	0x0804C187	thumb	MoveSaveBlocks_ResetHeap
0x0804C188	0x0804C197	thumb	UseContinueGameWarp
0x0804C198	0x0804C1AB	thumb	ClearContinueGameWarpStatus
0x0804C1AC	0x0804C1BF	thumb	SetContinueGameWarpStatus
0x0804C1C0	0x0804C1DB	thumb	SetContinueGameWarpStatusToDynamicWarp
0x0804C1DC	0x0804C1EF	thumb	ClearContinueGameWarpStatus2
0x0804C1F0	0x0804C22F	thumb	SavePlayerParty
0x0804C230	0x0804C26F	thumb	LoadPlayerParty
0x0804C270	0x0804C2B7	thumb	SaveObjectEvents
0x0804C2B8	0x0804C2FF	thumb	LoadObjectEvents
0x0804C300	0x0804C30D	thumb	SaveSerializedGame
0x0804C310	0x0804C31D	thumb	LoadSerializedGame
0x0804C320	0x0804C43F	thumb	LoadPlayerBag
0x0804C440	0x0804C56B	thumb	SavePlayerBag
0x0804C56C	0x0804C587	thumb	ApplyNewEncryptionKeyToHword
0x0804C588	0x0804C5A3	thumb	ApplyNewEncryptionKeyToWord
0x0804C5A4	0x0804C5FF	thumb	ApplyNewEncryptionKeyToAllEncryptedData
0x0804C600	0x0804C717	thumb	InitTradeMenu
0x0804C718	0x0804C727	thumb	CB2_StartCreateTradeMenu
0x0804C728	0x0804CF13	thumb	CB2_CreateTradeMenu
0x0804CF14	0x0804D4F7	thumb	CB2_ReturnToTradeMenuFromSummary
0x0804D4F8	0x0804D509	thumb	VBlankCB_TradeMenu
0x0804D50C	0x0804D547	thumb	CB_FadeToStartTrade
0x0804D548	0x0804D5A3	thumb	CB_WaitToStartTrade
0x0804D5A4	0x0804D637	thumb	CB_StartLinkTrade
0x0804D638	0x0804D693	thumb	CB2_TradeMenu
0x0804D694	0x0804D761	thumb	LoadTradeBgGfx
0x0804D764	0x0804D813	thumb	SetActiveMenuOptions
0x0804D814	0x0804D833	thumb	Trade_Memcpy
0x0804D834	0x0804DBAB	thumb	BufferTradeParties
0x0804DBAC	0x0804DBD3	thumb	PrintIsThisTradeOkay
0x0804DBD4	0x0804DCF3	thumb	Leader_ReadLinkBuffer
0x0804DCF4	0x0804DDEF	thumb	Follower_ReadLinkBuffer
0x0804DDF0	0x0804DFEF	thumb	Leader_HandleCommunication
0x0804DFF0	0x0804E025	thumb	CB1_UpdateLink
0x0804E028	0x0804E073	thumb	GetNewCursorPosition
0x0804E074	0x0804E133	thumb	TradeMenuMoveCursor
0x0804E134	0x0804E191	thumb	SetReadyToTrade
0x0804E194	0x0804E32F	thumb	CB_ProcessMenuInput
0x0804E330	0x0804E387	thumb	RedrawChooseAPokemonWindow
0x0804E388	0x0804E46B	thumb	CB_ProcessSelectedMonInput
0x0804E46C	0x0804E493	thumb	CB_ChooseMonAfterButtonPress
0x0804E494	0x0804E50B	thumb	CB_ShowTradeMonSummaryScreen
0x0804E50C	0x0804E59D	thumb	CheckValidityOfTradeMons
0x0804E5A0	0x0804E673	thumb	CommunicateWhetherMonCanBeTraded
0x0804E674	0x0804E6FB	thumb	CB_ProcessConfirmTradeInput
0x0804E6FC	0x0804E743	thumb	RestoreNicknamesCoveredByYesNo
0x0804E744	0x0804E7C7	thumb	CB_ProcessCancelTradeInput
0x0804E7C8	0x0804E803	thumb	CB_SetSelectedMons
0x0804E804	0x0804E82F	thumb	CB_PrintIsThisTradeOkay
0x0804E830	0x0804E87F	thumb	CB_InitConfirmTradePrompt
0x0804E880	0x0804E907	thumb	CB_HandleTradeCanceled
0x0804E908	0x0804E943	thumb	CB_InitExitCanceledTrade
0x0804E944	0x0804E9BF	thumb	CB_ExitCanceledTrade
0x0804E9C0	0x0804E9E3	thumb	CB_WaitToStartRfuTrade
0x0804E9E4	0x0804EAA9	thumb	RunTradeMenuCallback
0x0804EAAC	0x0804EAE3	thumb	SetSelectedMon
0x0804EAE4	0x0804EE6B	thumb	DrawSelectedMonScreen
0x0804EE6C	0x0804EED3	thumb	GetMonNicknameWidth
0x0804EED4	0x0804EFB3	thumb	BufferMovesString
0x0804EFB4	0x0804F01F	thumb	PrintPartyMonNickname
0x0804F020	0x0804F08B	thumb	PrintPartyNicknames
0x0804F08C	0x0804F283	thumb	PrintLevelAndGender
0x0804F284	0x0804F2E7	thumb	PrintPartyLevelsAndGenders
0x0804F2E8	0x0804F3B3	thumb	ShowTradePartyMonIcons
0x0804F3B4	0x0804F3C5	thumb	PrintTradePartnerPartyNicknames
0x0804F3C8	0x0804F43F	thumb	RedrawPartyWindow
0x0804F440	0x0804F463	thumb	Task_DrawSelectionSummary
0x0804F464	0x0804F487	thumb	Task_DrawSelectionTrade
0x0804F488	0x0804F4DB	thumb	QueueAction
0x0804F4DC	0x0804F5BB	thumb	DoQueuedActions
0x0804F5BC	0x0804F60F	thumb	PrintTradeMessage
0x0804F610	0x0804F725	thumb	LoadUISpriteGfx
0x0804F728	0x0804F747	thumb	DrawBottomRowText
0x0804F748	0x0804F88F	thumb	ComputePartyTradeableFlags
0x0804F890	0x0804F963	thumb	ComputePartyHPBarLevels
0x0804F964	0x0804F9D7	thumb	SetTradePartyHPBarSprites
0x0804F9D8	0x0804FA13	thumb	SaveTradeGiftRibbons
0x0804FA14	0x0804FB31	thumb	CanTradeSelectedMon
0x0804FB34	0x0804FBC7	thumb	GetGameProgressForLinkTrade
0x0804FBC8	0x0804FBEB	thumb	IsDeoxysOrMewUntradable
0x0804FBEC	0x0804FCDD	thumb	GetUnionRoomTradeMessageId
0x0804FCE0	0x0804FD23	thumb	CanRegisterMonForTradingBoard
0x0804FD24	0x0804FD45	thumb	SpriteCB_LinkMonGlow
0x0804FD48	0x0804FD77	thumb	SpriteCB_LinkMonGlowWireless
0x0804FD78	0x0804FDB7	thumb	SpriteCB_LinkMonShadow
0x0804FDB8	0x0804FDD9	thumb	SpriteCB_CableEndSending
0x0804FDDC	0x0804FDFD	thumb	SpriteCB_CableEndReceiving
0x0804FE00	0x0804FE21	thumb	SpriteCB_GbaScreen
0x0804FE24	0x0804FEB3	thumb	SetTradeBGAffine
0x0804FEB4	0x0804FF09	thumb	SetTradeGpuRegs
0x0804FF0C	0x0804FF21	thumb	VBlankCB_TradeAnim
0x0804FF24	0x0804FF4B	thumb	ClearLinkTimeoutTimer
0x0804FF4C	0x0804FFC3	thumb	CheckLinkTimeout
0x0804FFC4	0x0804FFE3	thumb	TradeGetMultiplayerId
0x0804FFE4	0x08050137	thumb	LoadTradeMonPic
0x08050138	0x0805049B	thumb	CB2_LinkTrade
0x0805049C	0x080504AD	thumb	InitTradeSequenceBgGpuRegs
0x080504B0	0x080504CB	thumb	LinkTradeDrawWindow
0x080504CC	0x080505CB	thumb	TradeAnimInit_LoadGfx
0x080505CC	0x0805079F	thumb	CB2_InitInGameTrade
0x080507A0	0x080507FF	thumb	UpdatePokedexForReceivedMon
0x08050800	0x08050809	thumb	TryEnableNationalDexFromLinkPartner
0x0805080C	0x080508F3	thumb	TradeMons
0x080508F4	0x08050947	thumb	HandleLinkDataSend
0x08050948	0x08050965	thumb	CB2_InGameTrade
0x08050968	0x08050DDF	thumb	SetTradeSequenceBgGpuRegs
0x08050DE0	0x08050E23	thumb	LoadTradeGbaSpriteGfx
0x08050E24	0x08050F13	thumb	TradeBufferOTnameAndNicknames
0x08050F14	0x08050F3B	thumb	DoTradeAnim
0x08050F3C	0x0805232B	thumb	DoTradeAnim_Cable
0x0805232C	0x08053787	thumb	DoTradeAnim_Wireless
0x08053788	0x0805383B	thumb	CB2_TryLinkTradeEvolution
0x0805383C	0x080538BB	thumb	HandleLinkDataReceive
0x080538BC	0x08053937	thumb	SpriteCB_BouncingPokeball
0x08053938	0x080539AB	thumb	SpriteCB_BouncingPokeballDepart
0x080539AC	0x08053A0B	thumb	SpriteCB_BouncingPokeballDepartEnd
0x08053A0C	0x08053A9B	thumb	SpriteCB_BouncingPokeballArrive
0x08053A9C	0x08053AE3	thumb	GetInGameTradeSpeciesInfo
0x08053AE4	0x08053B47	thumb	BufferInGameTradeMonName
0x08053B48	0x08053CD3	thumb	CreateInGameTradePokemonInternal
0x08053CD4	0x08053D2B	thumb	GetInGameTradeMail
0x08053D2C	0x08053D67	thumb	GetTradeSpecies
0x08053D68	0x08053D83	thumb	CreateInGameTradePokemon
0x08053D84	0x08053E1B	thumb	CB2_UpdateLinkTrade
0x08053E1C	0x08053E8B	thumb	CB2_WaitTradeComplete
0x08053E8C	0x080543C3	thumb	CB2_SaveAndEndTrade
0x080543C4	0x0805443F	thumb	CB2_FreeTradeAnim
0x08054440	0x0805446F	thumb	DoInGameTradeScene
0x08054470	0x080544AB	thumb	Task_InGameTrade
0x080544AC	0x080544FB	thumb	CheckPartnersMonForRibbons
0x080544FC	0x08054505	thumb	LoadTradeAnimGfx
0x08054508	0x08054587	thumb	DrawTextOnTradeWindow
0x08054588	0x0805465B	thumb	Task_AnimateWirelessSignal
0x0805465C	0x08054733	thumb	Task_OpenCenterWhiteColumn
0x08054734	0x08054811	thumb	Task_CloseCenterWhiteColumn
0x08054814	0x08054837	thumb	PlayTimeCounter_Reset
0x08054838	0x0805485F	thumb	PlayTimeCounter_Start
0x08054860	0x0805486B	thumb	PlayTimeCounter_Stop
0x0805486C	0x080548D3	thumb	PlayTimeCounter_Update
0x080548D4	0x080548FB	thumb	PlayTimeCounter_SetToMax
0x080548FC	0x0805490B	thumb	SetTrainerId
0x0805490C	0x08054927	thumb	CopyTrainerId
0x08054928	0x08054953	thumb	InitPlayerTrainerId
0x08054954	0x080549AB	thumb	SetDefaultOptions
0x080549AC	0x080549D3	thumb	ClearPokedexFlags
0x080549D4	0x080549F7	thumb	ClearBattleTower
0x080549F8	0x08054A17	thumb	WarpToPlayersRoom
0x08054A18	0x08054A25	thumb	Sav2_ClearSetDefault
0x08054A28	0x08054A5F	thumb	ResetMenuAndMonGlobals
0x08054A60	0x08054B6F	thumb	NewGameInitData
0x08054B70	0x08054BC7	thumb	ResetMiniGamesResults
0x08054BC8	0x08054C03	thumb	DoWhiteOut
0x08054C04	0x08054C47	thumb	ComputeWhiteOutMoneyLoss
0x08054C48	0x08054C6F	thumb	OverworldWhiteOutGetMoneyLoss
0x08054C70	0x08054C9F	thumb	CountBadgesForOverworldWhiteOutLossCalculation
0x08054CA0	0x08054D07	thumb	Overworld_ResetStateAfterFly
0x08054D08	0x08054D6F	thumb	Overworld_ResetStateAfterTeleport
0x08054D70	0x08054DD7	thumb	Overworld_ResetStateAfterDigEscRope
0x08054DD8	0x08054E3F	thumb	Overworld_ResetStateAfterWhitingOut
0x08054E40	0x08054E67	thumb	Overworld_ResetStateOnContinue
0x08054E68	0x08054E8F	thumb	ResetGameStats
0x08054E90	0x08054EC3	thumb	IncrementGameStat
0x08054EC4	0x08054EFD	thumb	GetGameStat
0x08054F00	0x08054F37	thumb	SetGameStat
0x08054F38	0x08054F67	thumb	ApplyNewEncryptionKeyToGameStats
0x08054F68	0x080550A7	thumb	LoadObjEventTemplatesFromHeader
0x080550A8	0x080550D7	thumb	LoadSaveblockObjEventScripts
0x080550D8	0x08055111	thumb	SetObjEventTemplateCoords
0x08055114	0x08055145	thumb	SetObjEventTemplateMovementType
0x08055148	0x0805516F	thumb	InitMapView
0x08055170	0x08055197	thumb	GetMapLayout
0x08055198	0x080551DB	thumb	ApplyCurrentWarp
0x080551DC	0x080551F9	thumb	SetWarpData
0x080551FC	0x08055235	thumb	IsDummyWarp
0x08055238	0x0805524F	thumb	Overworld_GetMapHeaderByGroupAndId
0x08055250	0x08055273	thumb	GetDestinationWarpMapHeader
0x08055274	0x080552BB	thumb	LoadCurrentMapData
0x080552BC	0x080552FB	thumb	LoadSaveblockMapHeader
0x080552FC	0x08055377	thumb	SetPlayerCoordsFromWarp
0x08055378	0x08055389	thumb	WarpIntoMap
0x0805538C	0x080553C7	thumb	SetWarpDestination
0x080553C8	0x080553E7	thumb	SetWarpDestinationToMapWarp
0x080553E8	0x0805541B	thumb	SetDynamicWarp
0x0805541C	0x08055453	thumb	SetDynamicWarpWithCoords
0x08055454	0x0805546B	thumb	SetWarpDestinationToDynamicWarp
0x0805546C	0x080554A1	thumb	SetWarpDestinationToHealLocation
0x080554A4	0x080554BB	thumb	SetWarpDestinationToLastHealLocation
0x080554BC	0x080554CB	thumb	Overworld_SetWhiteoutRespawnPoint
0x080554CC	0x0805550B	thumb	SetLastHealLocationWarp
0x0805550C	0x0805559F	thumb	UpdateEscapeWarp
0x080555A0	0x080555DF	thumb	SetEscapeWarp
0x080555E0	0x080555F7	thumb	SetWarpDestinationToEscapeWarp
0x080555F8	0x08055633	thumb	SetFixedDiveWarp
0x08055634	0x0805564B	thumb	SetWarpDestinationToDiveWarp
0x0805564C	0x08055687	thumb	SetFixedHoleWarp
0x08055688	0x080556DD	thumb	SetWarpDestinationToFixedHoleWarp
0x080556E0	0x080556F7	thumb	SetWarpDestinationToContinueGameWarp
0x080556F8	0x08055737	thumb	SetContinueGameWarp
0x08055738	0x08055777	thumb	SetContinueGameWarpToHealLocation
0x08055778	0x0805578B	thumb	SetContinueGameWarpToDynamicWarp
0x0805578C	0x080557C3	thumb	GetMapConnection
0x080557C4	0x08055821	thumb	SetDiveWarp
0x08055824	0x08055841	thumb	SetDiveWarpEmerge
0x08055844	0x08055861	thumb	SetDiveWarpDive
0x08055864	0x0805591F	thumb	LoadMapFromCameraTransition
0x08055920	0x080559A7	thumb	LoadMapFromWarp
0x080559A8	0x080559E3	thumb	QL_LoadMapNormal
0x080559E4	0x080559F7	thumb	ResetInitialPlayerAvatarState
0x080559F8	0x08055A07	thumb	SetInitialPlayerAvatarStateWithDirection
0x08055A08	0x08055A6B	thumb	StoreInitialPlayerAvatarState
0x08055A6C	0x08055ACB	thumb	GetInitialPlayerAvatarState
0x08055ACC	0x08055B37	thumb	GetAdjustedInitialTransitionFlags
0x08055B38	0x08055B71	thumb	MetatileBehavior_IsSurfableInSeafoamIslands
0x08055B74	0x08055C73	thumb	GetAdjustedInitialDirection
0x08055C74	0x08055C9B	thumb	GetCenterScreenMetatileBehavior
0x08055C9C	0x08055CB5	thumb	Overworld_IsBikingAllowed
0x08055CB8	0x08055D07	thumb	SetDefaultFlashLevel
0x08055D08	0x08055D2F	thumb	SetFlashLevel
0x08055D30	0x08055D3F	thumb	Overworld_GetFlashLevel
0x08055D40	0x08055D5B	thumb	SetCurrentMapLayout
0x08055D5C	0x08055D6B	thumb	Overworld_SetWarpDestinationFromWarp
0x08055D6C	0x08055D8B	thumb	GetLocationMusic
0x08055D8C	0x08055DA3	thumb	GetCurrLocationDefaultMusic
0x08055DA4	0x08055DB7	thumb	GetWarpDestinationMusic
0x08055DB8	0x08055DC1	thumb	Overworld_ResetMapMusic
0x08055DC4	0x08055E77	thumb	Overworld_PlaySpecialMapMusic
0x08055E78	0x08055E83	thumb	Overworld_SetSavedMusic
0x08055E84	0x08055E93	thumb	Overworld_ClearSavedMusic
0x08055E94	0x08055F19	thumb	Overworld_TryMapConnectionMusicTransition
0x08055F1C	0x08055F47	thumb	Overworld_ChangeMusicToDefault
0x08055F48	0x08055F67	thumb	Overworld_ChangeMusicTo
0x08055F68	0x08055F85	thumb	GetMapMusicFadeoutSpeed
0x08055F88	0x08055FC3	thumb	TryFadeOutOldMapMusic
0x08055FC4	0x08055FD1	thumb	BGMusicStopped
0x08055FD4	0x08055FDF	thumb	Overworld_FadeOutMapMusic
0x08055FE0	0x08056077	thumb	PlayAmbientCry
0x08056078	0x0805610B	thumb	UpdateAmbientCry
0x0805610C	0x08056123	thumb	ChooseAmbientCrySpecies
0x08056124	0x08056155	thumb	Overworld_MusicCanOverrideMapMusic
0x08056158	0x0805616F	thumb	GetMapTypeByGroupAndId
0x08056170	0x08056187	thumb	GetMapTypeByWarpData
0x08056188	0x0805619F	thumb	GetCurrentMapType
0x080561A0	0x080561B3	thumb	GetLastUsedWarpMapType
0x080561B4	0x080561D7	thumb	GetLastUsedWarpMapSectionId
0x080561D8	0x080561FB	thumb	IsMapTypeOutdoors
0x080561FC	0x0805621B	thumb	Overworld_MapTypeAllowsTeleportAndFly
0x0805621C	0x08056235	thumb	IsMapTypeIndoors
0x08056238	0x0805625F	thumb	GetSavedWarpRegionMapSectionId
0x08056260	0x08056287	thumb	GetCurrentRegionMapSectionId
0x08056288	0x080562AF	thumb	GetCurrentMapBattleScene
0x080562B0	0x08056353	thumb	InitOverworldBgs
0x08056354	0x080563EF	thumb	InitOverworldBgs_NoResetHeap
0x080563F0	0x0805641F	thumb	CleanupOverworldWindowsAndTilemaps
0x08056420	0x08056429	thumb	ResetSafariZoneFlag_
0x0805642C	0x08056449	thumb	IsUpdateLinkStateCBActive
0x0805644C	0x080564C5	thumb	DoCB1_Overworld
0x080564C8	0x08056533	thumb	DoCB1_Overworld_QuestLogPlayback
0x08056534	0x08056575	thumb	CB1_Overworld
0x08056578	0x080565A5	thumb	OverworldBasic
0x080565A8	0x080565B1	thumb	CB2_OverworldBasic
0x080565B4	0x080565DF	thumb	CB2_Overworld
0x080565E0	0x080565EB	thumb	SetMainCallback1
0x080565EC	0x08056643	thumb	RunFieldCallback
0x08056644	0x080566A3	thumb	CB2_NewGame
0x080566A4	0x0805671B	thumb	CB2_WhiteOut
0x0805671C	0x0805674B	thumb	CB2_LoadMap
0x0805674C	0x08056787	thumb	CB2_LoadMap2
0x08056788	0x080567AB	thumb	CB2_ReturnToFieldCableClub
0x080567AC	0x080567DB	thumb	CB2_LoadMapOnReturnToFieldCableClub
0x080567DC	0x08056807	thumb	CB2_ReturnToField
0x08056808	0x0805682B	thumb	CB2_ReturnToFieldLocal
0x0805682C	0x08056853	thumb	CB2_ReturnToFieldLink
0x08056854	0x080568A7	thumb	CB2_ReturnToFieldFromMultiplayer
0x080568A8	0x080568C3	thumb	CB2_ReturnToFieldWithOpenMenu
0x080568C4	0x080568DF	thumb	CB2_ReturnToFieldContinueScript
0x080568E0	0x080568FB	thumb	CB2_ReturnToFieldContinueScriptPlayMapMusic
0x080568FC	0x08056917	thumb	CB2_ReturnToFieldFromDiploma
0x08056918	0x08056937	thumb	FieldCB_ShowMapNameOnContinue
0x08056938	0x080569BB	thumb	CB2_ContinueSavedGame
0x080569BC	0x08056A03	thumb	FieldClearVBlankHBlankCallbacks
0x08056A04	0x08056A13	thumb	SetFieldVBlankCallback
0x08056A14	0x08056A31	thumb	VBlankCB_Field
0x08056A34	0x08056A5B	thumb	InitCurrentFlashLevelScanlineEffect
0x08056A5C	0x08056B75	thumb	LoadMapInStepsLink
0x08056B78	0x08056CD7	thumb	LoadMapInStepsLocal
0x08056CD8	0x08056D43	thumb	ReturnToFieldLocal
0x08056D44	0x08056E5B	thumb	ReturnToFieldLink
0x08056E5C	0x08056E71	thumb	DoMapLoadLoop
0x08056E74	0x08056E7D	thumb	MoveSaveBlocks_ResetHeap_
0x08056E80	0x08056F07	thumb	ResetScreenForMapLoad
0x08056F08	0x08056F19	thumb	InitViewGraphics
0x08056F1C	0x08057023	thumb	InitOverworldGraphicsRegisters
0x08057024	0x08057073	thumb	ResumeMap
0x08057074	0x0805709B	thumb	InitObjectEventsLink
0x0805709C	0x080570FF	thumb	InitObjectEventsLocal
0x08057100	0x08057111	thumb	ReloadObjectsAndRunReturnToFieldMapScript
0x08057114	0x0805713F	thumb	SetCameraToTrackPlayer
0x08057140	0x0805715B	thumb	SetCameraToTrackGuestPlayer
0x0805715C	0x08057177	thumb	SetCameraToTrackGuestPlayer_2
0x08057178	0x080571A7	thumb	OffsetCameraFocusByLinkPlayerId
0x080571A8	0x0805722F	thumb	SpawnLinkPlayers
0x08057230	0x0805726B	thumb	CreateLinkPlayerSprites
0x0805726C	0x080572A7	thumb	CB2_SetUpOverworldForQLPlaybackWithWarpExit
0x080572A8	0x080572D7	thumb	CB2_SetUpOverworldForQLPlayback
0x080572D8	0x080572FF	thumb	CB2_LoadMapForQLPlayback
0x08057300	0x08057313	thumb	DoLoadMap_QLPlayback
0x08057314	0x0805742F	thumb	LoadMap_QLPlayback
0x08057430	0x080574A3	thumb	CB2_EnterFieldFromQuestLog
0x080574A4	0x080574EB	thumb	Overworld_CreditsMainCB
0x080574EC	0x08057509	thumb	FieldCB2_Credits_WaitFade
0x0805750C	0x08057527	thumb	Overworld_DoScrollSceneForCredits
0x08057528	0x0805764F	thumb	SetUpScrollSceneForCredits
0x08057650	0x08057747	thumb	MapLdr_Credits
0x08057748	0x08057819	thumb	CameraCB_CreditsPan
0x0805781C	0x08057853	thumb	Task_OvwldCredits_FadeOut
0x08057854	0x08057883	thumb	Task_OvwldCredits_WaitFade
0x08057884	0x080578D7	thumb	CB1_UpdateLinkState
0x080578D8	0x080578EB	thumb	ResetAllMultiplayerState
0x080578EC	0x080578FB	thumb	ClearAllPlayerKeys
0x080578FC	0x0805790F	thumb	SetKeyInterceptCallback
0x08057910	0x0805793B	thumb	CheckRfuKeepAliveTimer
0x0805793C	0x08057953	thumb	ResetAllLinkStates
0x08057954	0x08057989	thumb	AreAllPlayersInLinkState
0x0805798C	0x080579C1	thumb	IsAnyPlayerInLinkState
0x080579C4	0x08057BE3	thumb	HandleLinkPlayerKeyInput
0x08057BE4	0x08057C4B	thumb	UpdateAllLinkPlayers
0x08057C4C	0x08057CB7	thumb	UpdateHeldKeyCode
0x08057CB8	0x08057D13	thumb	KeyInterCB_ReadButtons
0x08057D14	0x08057D47	thumb	GetDirectionForDpadKey
0x08057D48	0x08057D59	thumb	ResetPlayerHeldKeys
0x08057D5C	0x08057D97	thumb	KeyInterCB_SelfIdle
0x08057D98	0x08057DA3	thumb	KeyInterCB_Idle
0x08057DA4	0x08057DC7	thumb	KeyInterCB_DeferToEventScript
0x08057DC8	0x08057DEB	thumb	KeyInterCB_DeferToRecvQueue
0x08057DEC	0x08057E0F	thumb	KeyInterCB_DeferToSendQueue
0x08057E10	0x08057E1B	thumb	KeyInterCB_DoNothingAndKeepAlive
0x08057E1C	0x08057E55	thumb	KeyInterCB_Ready
0x08057E58	0x08057E6B	thumb	KeyInterCB_SetReady
0x08057E6C	0x08057E6F	thumb	KeyInterCB_SendNothing
0x08057E70	0x08057EA7	thumb	KeyInterCB_WaitForPlayersToExit
0x08057EA8	0x08057EBB	thumb	KeyInterCB_SendExitRoomKey
0x08057EBC	0x08057EBF	thumb	KeyInterCB_SendNothing_2
0x08057EC0	0x08057F27	thumb	GetCableClubPartnersReady
0x08057F28	0x08057F33	thumb	IsAnyPlayerExitingCableClub
0x08057F34	0x08057F47	thumb	SetInCableClubSeat
0x08057F48	0x08057F5B	thumb	SetLinkWaitingForScript
0x08057F5C	0x08057F6F	thumb	QueueExitLinkRoomKey
0x08057F70	0x08057F83	thumb	SetStartedCableClubActivity
0x08057F84	0x08057FEB	thumb	LoadCableClubPlayer
0x08057FEC	0x08058001	thumb	IsCableClubPlayerUnfrozen
0x08058004	0x08058019	thumb	CanCableClubPlayerPressStart
0x0805801C	0x08058033	thumb	TryGetTileEventScript
0x08058034	0x0805805F	thumb	PlayerIsAtSouthExit
0x08058060	0x08058129	thumb	TryInteractWithPlayer
0x0805812C	0x080581B9	thumb	GetDirectionForEventScript
0x080581BC	0x080581C5	thumb	InitLinkPlayerQueueScript
0x080581C8	0x080581DB	thumb	InitLinkRoomStartMenuScript
0x080581DC	0x080581F5	thumb	RunInteractLocalPlayerScript
0x080581F8	0x08058213	thumb	CreateConfirmLeaveTradeRoomPrompt
0x08058214	0x0805822D	thumb	InitMenuBasedScript
0x08058230	0x08058243	thumb	RunTerminateLinkScript
0x08058244	0x08058273	thumb	Overworld_LinkRecvQueueLengthMoreThan2
0x08058274	0x080582DD	thumb	Overworld_RecvKeysFromLinkIsRunning
0x080582E0	0x08058315	thumb	Overworld_SendKeysToLinkIsRunning
0x08058318	0x08058339	thumb	IsSendingKeysOverCable
0x0805833C	0x0805836F	thumb	GetLinkSendQueueLength
0x08058370	0x08058375	thumb	ZeroLinkPlayerObjectEvent
0x08058378	0x0805838B	thumb	ClearLinkPlayerObjectEvents
0x0805838C	0x08058399	thumb	ZeroObjectEvent
0x0805839C	0x08058447	thumb	SpawnLinkPlayerObjectEvent
0x08058448	0x08058485	thumb	InitLinkPlayerObjectEventPos
0x08058488	0x080584B7	thumb	SetLinkPlayerObjectRange
0x080584B8	0x08058503	thumb	DestroyLinkPlayerObject
0x08058504	0x08058523	thumb	GetSpriteForLinkedPlayer
0x08058524	0x0805854B	thumb	GetLinkPlayerCoords
0x0805854C	0x0805856B	thumb	GetLinkPlayerFacingDirection
0x0805856C	0x0805858F	thumb	GetLinkPlayerElevation
0x08058590	0x080585B7	thumb	GetLinkPlayerObjectStepTimer
0x080585B8	0x08058615	thumb	GetLinkPlayerIdAt
0x08058618	0x08058683	thumb	SetPlayerFacingDirection
0x08058684	0x080586A3	thumb	MovementEventModeCB_Normal
0x080586A4	0x080586A7	thumb	MovementEventModeCB_Ignored
0x080586A8	0x080586C7	thumb	MovementEventModeCB_Normal_2
0x080586C8	0x080586CB	thumb	FacingHandler_DoNothing
0x080586CC	0x08058733	thumb	FacingHandler_DpadMovement
0x08058734	0x0805874B	thumb	FacingHandler_ForcedFacingChange
0x0805874C	0x08058751	thumb	MovementStatusHandler_EnterFreeMode
0x08058754	0x08058789	thumb	MovementStatusHandler_TryAdvanceScript
0x0805878C	0x080587E9	thumb	FlipVerticalAndClearForced
0x080587EC	0x08058877	thumb	LinkPlayerDetectCollision
0x08058878	0x0805890B	thumb	CreateLinkPlayerSprite
0x0805890C	0x080589C1	thumb	SpriteCB_LinkPlayer
0x080589C4	0x080589D3	thumb	GetMapHeaderFromConnection
0x080589D4	0x080589E7	thumb	InitMap
0x080589E8	0x080589FF	thumb	InitMapFromSavedGame
0x08058A00	0x08058A6F	thumb	InitMapLayoutData
0x08058A70	0x08058AC7	thumb	InitBackupMapLayoutData
0x08058AC8	0x08058B51	thumb	InitBackupMapLayoutConnections
0x08058B54	0x08058BB7	thumb	FillConnection
0x08058BB8	0x08058C1F	thumb	FillSouthConnection
0x08058C20	0x08058C7F	thumb	FillNorthConnection
0x08058C80	0x08058CDF	thumb	FillWestConnection
0x08058CE0	0x08058D43	thumb	FillEastConnection
0x08058D44	0x08058DC3	thumb	MapGridGetElevationAt
0x08058DC4	0x08058E47	thumb	MapGridGetCollisionAt
0x08058E48	0x08058F1B	thumb	MapGridGetMetatileIdAt
0x08058F1C	0x08058F47	thumb	ExtractMetatileAttribute
0x08058F48	0x08058F77	thumb	MapGridGetMetatileAttributeAt
0x08058F78	0x08058F8B	thumb	MapGridGetMetatileBehaviorAt
0x08058F8C	0x08058FA3	thumb	MapGridGetMetatileLayerTypeAt
0x08058FA4	0x08058FEB	thumb	MapGridSetMetatileIdAt
0x08058FEC	0x08059023	thumb	MapGridSetMetatileEntryAt
0x08059024	0x0805907F	thumb	MapGridSetMetatileImpassabilityAt
0x08059080	0x080590D7	thumb	GetAttributeByMetatileIdAndMapLayout
0x080590D8	0x08059157	thumb	SaveMapView
0x08059158	0x08059197	thumb	SavedMapViewIsEmpty
0x08059198	0x080591C3	thumb	ClearSavedMapView
0x080591C4	0x0805924F	thumb	LoadSavedMapView
0x08059250	0x08059333	thumb	MoveMapViewToBackup
0x08059334	0x0805943B	thumb	GetMapBorderIdAt
0x0805943C	0x08059463	thumb	GetPostCameraMoveMapBorderId
0x08059464	0x080594AB	thumb	CanCameraMoveInDirection
0x080594AC	0x0805952F	thumb	SetPositionFromConnection
0x08059530	0x080595FF	thumb	CameraMove
0x08059600	0x08059655	thumb	GetIncomingConnection
0x08059658	0x080596BB	thumb	IsPosInIncomingConnectingMap
0x080596BC	0x080596E5	thumb	IsCoordInIncomingConnectingMap
0x080596E8	0x080596FB	thumb	IsCoordInConnectingMap
0x080596FC	0x0805973B	thumb	IsPosInConnectingMap
0x0805973C	0x080597E9	thumb	GetMapConnectionAtPos
0x080597EC	0x08059807	thumb	SetCameraFocusCoords
0x08059808	0x0805981F	thumb	GetCameraFocusCoords
0x08059820	0x0805982F	thumb	SetCameraCoords
0x08059830	0x08059843	thumb	GetCameraCoords
0x08059844	0x08059887	thumb	CopyTilesetToVram
0x08059888	0x080598CB	thumb	CopyTilesetToVramUsingHeap
0x080598CC	0x08059947	thumb	ApplyGlobalTintToPaletteEntries
0x08059948	0x080599C7	thumb	ApplyGlobalTintToPaletteSlot
0x080599C8	0x08059A51	thumb	LoadTilesetPalette
0x08059A54	0x08059A65	thumb	CopyPrimaryTilesetToVram
0x08059A68	0x08059A7B	thumb	CopySecondaryTilesetToVram
0x08059A7C	0x08059A8F	thumb	CopySecondaryTilesetToVramUsingHeap
0x08059A90	0x08059A9F	thumb	LoadPrimaryTilesetPalette
0x08059AA0	0x08059AAF	thumb	LoadSecondaryTilesetPalette
0x08059AB0	0x08059AD7	thumb	CopyMapTilesetsToVram
0x08059AD8	0x08059AEF	thumb	LoadMapTilesetPalettes
0x08059AF0	0x08059AF3	thumb	MetatileBehavior_IsATile
0x08059AF4	0x08059B07	thumb	MetatileBehavior_IsJumpEast
0x08059B08	0x08059B1B	thumb	MetatileBehavior_IsJumpWest
0x08059B1C	0x08059B2F	thumb	MetatileBehavior_IsJumpNorth
0x08059B30	0x08059B43	thumb	MetatileBehavior_IsJumpSouth
0x08059B44	0x08059B5B	thumb	MetatileBehavior_IsPokeGrass
0x08059B5C	0x08059B73	thumb	MetatileBehavior_IsSand
0x08059B74	0x08059B8B	thumb	MetatileBehavior_IsSandOrShallowFlowingWater
0x08059B8C	0x08059B8F	thumb	MetatileBehavior_IsDeepSand
0x08059B90	0x08059BB3	thumb	MetatileBehavior_IsReflective
0x08059BB4	0x08059BC7	thumb	MetatileBehavior_IsIce
0x08059BC8	0x08059BDB	thumb	MetatileBehavior_IsWarpDoor
0x08059BDC	0x08059BEF	thumb	MetatileBehavior_IsWarpDoor_2
0x08059BF0	0x08059C09	thumb	MetatileBehavior_IsEscalator
0x08059C0C	0x08059C1F	thumb	MetatileBehavior_IsDirectionalUpRightStairWarp
0x08059C20	0x08059C33	thumb	MetatileBehavior_IsDirectionalUpLeftStairWarp
0x08059C34	0x08059C47	thumb	MetatileBehavior_IsDirectionalDownRightStairWarp
0x08059C48	0x08059C5B	thumb	MetatileBehavior_IsDirectionalDownLeftStairWarp
0x08059C5C	0x08059C75	thumb	MetatileBehavior_IsDirectionalStairWarp
0x08059C78	0x08059C8B	thumb	MetatileBehavior_IsLadder
0x08059C8C	0x08059C9F	thumb	MetatileBehavior_IsNonAnimDoor
0x08059CA0	0x08059CA3	thumb	MetatileBehavior_IsDeepSouthWarp
0x08059CA4	0x08059CC5	thumb	MetatileBehavior_IsSurfable
0x08059CC8	0x08059CDB	thumb	MetatileBehavior_IsFastWater
0x08059CDC	0x08059CEF	thumb	MetatileBehavior_IsEastArrowWarp
0x08059CF0	0x08059D03	thumb	MetatileBehavior_IsWestArrowWarp
0x08059D04	0x08059D17	thumb	MetatileBehavior_IsNorthArrowWarp
0x08059D18	0x08059D2B	thumb	MetatileBehavior_IsSouthArrowWarp
0x08059D2C	0x08059D6D	thumb	MetatileBehavior_IsArrowWarp
0x08059D70	0x08059DAB	thumb	MetatileBehavior_IsForcedMovementTile
0x08059DAC	0x08059DBF	thumb	MetatileBehavior_IsIce_2
0x08059DC0	0x08059DD3	thumb	MetatileBehavior_IsTrickHouseSlipperyFloor
0x08059DD4	0x08059DE7	thumb	MetatileBehavior_IsWalkNorth
0x08059DE8	0x08059DFB	thumb	MetatileBehavior_IsWalkSouth
0x08059DFC	0x08059E0F	thumb	MetatileBehavior_IsWalkWest
0x08059E10	0x08059E23	thumb	MetatileBehavior_IsWalkEast
0x08059E24	0x08059E37	thumb	MetatileBehavior_IsNorthwardCurrent
0x08059E38	0x08059E4B	thumb	MetatileBehavior_IsSouthwardCurrent
0x08059E4C	0x08059E5F	thumb	MetatileBehavior_IsWestwardCurrent
0x08059E60	0x08059E73	thumb	MetatileBehavior_IsEastwardCurrent
0x08059E74	0x08059E87	thumb	MetatileBehavior_IsSlideNorth
0x08059E88	0x08059E9B	thumb	MetatileBehavior_IsSlideSouth
0x08059E9C	0x08059EAF	thumb	MetatileBehavior_IsSlideWest
0x08059EB0	0x08059EC3	thumb	MetatileBehavior_IsSlideEast
0x08059EC4	0x08059ED7	thumb	MetatileBehavior_IsCounter
0x08059ED8	0x08059EF3	thumb	MetatileBehavior_IsPlayerFacingTVScreen
0x08059EF4	0x08059F07	thumb	MetatileBehavior_IsPC
0x08059F08	0x08059F1F	thumb	MetatileBehavior_HasRipples
0x08059F20	0x08059F33	thumb	MetatileBehavior_IsPuddle
0x08059F34	0x08059F4B	thumb	MetatileBehavior_IsTallGrass
0x08059F4C	0x08059F4F	thumb	MetatileBehavior_IsLongGrass
0x08059F50	0x08059F53	thumb	MetatileBehavior_IsAshGrass
0x08059F54	0x08059F57	thumb	MetatileBehavior_IsFootprints
0x08059F58	0x08059F5B	thumb	MetatileBehavior_IsBridge
0x08059F5C	0x08059F5F	thumb	MetatileBehavior_GetBridgeType
0x08059F60	0x08059F73	thumb	MetatileBehavior_IsUnused01
0x08059F74	0x08059F87	thumb	MetatileBehavior_UnusedIsTallGrass
0x08059F88	0x08059F9B	thumb	MetatileBehavior_IsIndoorEncounter
0x08059F9C	0x08059FAF	thumb	MetatileBehavior_IsMountain
0x08059FB0	0x08059FC9	thumb	MetatileBehavior_IsDiveable
0x08059FCC	0x08059FDF	thumb	MetatileBehavior_IsUnableToEmerge
0x08059FE0	0x08059FF3	thumb	MetatileBehavior_IsShallowFlowingWater
0x08059FF4	0x0805A007	thumb	MetatileBehavior_IsThinIce
0x0805A008	0x0805A01B	thumb	MetatileBehavior_IsCrackedIce
0x0805A01C	0x0805A03B	thumb	MetatileBehavior_IsDeepWaterTerrain
0x0805A03C	0x0805A04F	thumb	MetatileBehavior_IsUnusedWater
0x0805A050	0x0805A079	thumb	MetatileBehavior_IsSurfableAndNotWaterfall
0x0805A07C	0x0805A097	thumb	MetatileBehavior_IsEastBlocked
0x0805A098	0x0805A0B3	thumb	MetatileBehavior_IsWestBlocked
0x0805A0B4	0x0805A0CF	thumb	MetatileBehavior_IsNorthBlocked
0x0805A0D0	0x0805A0EB	thumb	MetatileBehavior_IsSouthBlocked
0x0805A0EC	0x0805A0EF	thumb	MetatileBehavior_IsShortGrass
0x0805A0F0	0x0805A103	thumb	MetatileBehavior_IsHotSprings
0x0805A104	0x0805A117	thumb	MetatileBehavior_IsWaterfall
0x0805A118	0x0805A11B	thumb	MetatileBehavior_IsFortreeBridge
0x0805A11C	0x0805A11F	thumb	MetatileBehavior_IsPacifidlogVerticalLogTop
0x0805A120	0x0805A123	thumb	MetatileBehavior_IsPacifidlogVerticalLogBottom
0x0805A124	0x0805A127	thumb	MetatileBehavior_IsPacifidlogHorizontalLogLeft
0x0805A128	0x0805A12B	thumb	MetatileBehavior_IsPacifidlogHorizontalLogRight
0x0805A12C	0x0805A12F	thumb	MetatileBehavior_IsPacifidlogLog
0x0805A130	0x0805A133	thumb	MetatileBehavior_IsTrickHousePuzzleDoor
0x0805A134	0x0805A147	thumb	MetatileBehavior_IsRegionMap
0x0805A148	0x0805A14B	thumb	MetatileBehavior_IsRoulette
0x0805A14C	0x0805A14F	thumb	MetatileBehavior_IsPokeblockFeeder
0x0805A150	0x0805A153	thumb	MetatileBehavior_IsSecretBaseJumpMat
0x0805A154	0x0805A157	thumb	MetatileBehavior_IsSecretBaseSpinMat
0x0805A158	0x0805A15B	thumb	MetatileBehavior_IsLavaridgeB1FWarp
0x0805A15C	0x0805A16F	thumb	MetatileBehavior_IsLavaridge1FWarp
0x0805A170	0x0805A183	thumb	MetatileBehavior_IsWarpPad
0x0805A184	0x0805A197	thumb	MetatileBehavior_IsUnionRoomWarp
0x0805A198	0x0805A1C3	thumb	MetatileBehavior_IsWater
0x0805A1C4	0x0805A1D7	thumb	MetatileBehavior_IsFallWarp
0x0805A1D8	0x0805A1DB	thumb	MetatileBehavior_IsCrackedFloor
0x0805A1DC	0x0805A1F5	thumb	MetatileBehavior_IsCyclingRoadPullDownTile
0x0805A1F8	0x0805A20B	thumb	MetatileBehavior_IsCyclingRoadPullDownTileGrass
0x0805A20C	0x0805A20F	thumb	MetatileBehavior_IsBumpySlope
0x0805A210	0x0805A213	thumb	MetatileBehavior_IsIsolatedVerticalRail
0x0805A214	0x0805A217	thumb	MetatileBehavior_IsIsolatedHorizontalRail
0x0805A218	0x0805A21B	thumb	MetatileBehavior_IsVerticalRail
0x0805A21C	0x0805A21F	thumb	MetatileBehavior_IsHorizontalRail
0x0805A220	0x0805A233	thumb	MetatileBehavior_IsSeaweed
0x0805A234	0x0805A247	thumb	MetatileBehavior_IsRunningDisallowed
0x0805A248	0x0805A24B	thumb	MetatileBehavior_IsPictureBookShelf
0x0805A24C	0x0805A25F	thumb	MetatileBehavior_IsBookshelf
0x0805A260	0x0805A273	thumb	MetatileBehavior_IsPokeMartShelf
0x0805A274	0x0805A28F	thumb	MetatileBehavior_IsPlayerFacingPokemonCenterSign
0x0805A290	0x0805A2AB	thumb	MetatileBehavior_IsPlayerFacingPokeMartSign
0x0805A2AC	0x0805A2AF	thumb	MetatileBehavior_UnknownDummy1
0x0805A2B0	0x0805A2B3	thumb	MetatileBehavior_UnknownDummy2
0x0805A2B4	0x0805A2B7	thumb	MetatileBehavior_UnknownDummy3
0x0805A2B8	0x0805A2BB	thumb	MetatileBehavior_UnknownDummy4
0x0805A2BC	0x0805A2DD	thumb	TestMetatileAttributeBit
0x0805A2E0	0x0805A2F3	thumb	MetatileBehavior_IsSpinRight
0x0805A2F4	0x0805A307	thumb	MetatileBehavior_IsSpinLeft
0x0805A308	0x0805A31B	thumb	MetatileBehavior_IsSpinUp
0x0805A31C	0x0805A32F	thumb	MetatileBehavior_IsSpinDown
0x0805A330	0x0805A343	thumb	MetatileBehavior_IsStopSpinning
0x0805A344	0x0805A35D	thumb	MetatileBehavior_IsSpinTile
0x0805A360	0x0805A373	thumb	MetatileBehavior_IsSignpost
0x0805A374	0x0805A387	thumb	MetatileBehavior_IsCabinet
0x0805A388	0x0805A39B	thumb	MetatileBehavior_IsKitchen
0x0805A39C	0x0805A3AF	thumb	MetatileBehavior_IsDresser
0x0805A3B0	0x0805A3C3	thumb	MetatileBehavior_IsSnacks
0x0805A3C4	0x0805A3D7	thumb	MetatileBehavior_IsStrengthButton
0x0805A3D8	0x0805A3F3	thumb	MetatileBehavior_IsPlayerFacingCableClubWirelessMonitor
0x0805A3F4	0x0805A40F	thumb	MetatileBehavior_IsPlayerFacingBattleRecords
0x0805A410	0x0805A423	thumb	MetatileBehavior_IsQuestionnaire
0x0805A424	0x0805A437	thumb	MetatileBehavior_IsIndigoPlateauSign1
0x0805A438	0x0805A44B	thumb	MetatileBehavior_IsIndigoPlateauSign2
0x0805A44C	0x0805A45F	thumb	MetatileBehavior_IsFood
0x0805A460	0x0805A473	thumb	MetatileBehavior_IsRockStairs
0x0805A474	0x0805A487	thumb	MetatileBehavior_IsBlueprints
0x0805A488	0x0805A49B	thumb	MetatileBehavior_IsPainting
0x0805A49C	0x0805A4AF	thumb	MetatileBehavior_IsPowerPlantMachine
0x0805A4B0	0x0805A4C3	thumb	MetatileBehavior_IsTelephone
0x0805A4C4	0x0805A4D7	thumb	MetatileBehavior_IsComputer
0x0805A4D8	0x0805A4EB	thumb	MetatileBehavior_IsAdvertisingPoster
0x0805A4EC	0x0805A4FF	thumb	MetatileBehavior_IsTastyFood
0x0805A500	0x0805A513	thumb	MetatileBehavior_IsTrashBin
0x0805A514	0x0805A527	thumb	MetatileBehavior_IsCup
0x0805A528	0x0805A52B	thumb	MetatileBehavior_IsPolishedWindow
0x0805A52C	0x0805A52F	thumb	MetatileBehavior_IsBeautifulSkyWindow
0x0805A530	0x0805A543	thumb	MetatileBehavior_IsBlinkingLights
0x0805A544	0x0805A557	thumb	MetatileBehavior_IsNeatlyLinedUpTools
0x0805A558	0x0805A56B	thumb	MetatileBehavior_IsImpressiveMachine
0x0805A56C	0x0805A57F	thumb	MetatileBehavior_IsVideoGame
0x0805A580	0x0805A593	thumb	MetatileBehavior_IsBurglary
0x0805A594	0x0805A5A7	thumb	MetatileBehavior_IsTrainerTowerMonitor
0x0805A5A8	0x0805A5B7	thumb	move_tilemap_camera_to_upper_left_corner_
0x0805A5B8	0x0805A5D3	thumb	tilemap_move_something
0x0805A5D4	0x0805A5E1	thumb	coords8_add
0x0805A5E4	0x0805A5F3	thumb	move_tilemap_camera_to_upper_left_corner
0x0805A5F4	0x0805A657	thumb	FieldUpdateBgTilemapScroll
0x0805A658	0x0805A683	thumb	FieldCameraGetPixelOffsetAtGround
0x0805A684	0x0805A6A7	thumb	DrawWholeMapView
0x0805A6A8	0x0805A72B	thumb	DrawWholeMapViewInternal
0x0805A72C	0x0805A777	thumb	RedrawMapSlicesForCameraUpdate
0x0805A778	0x0805A7D7	thumb	RedrawMapSliceNorth
0x0805A7D8	0x0805A823	thumb	RedrawMapSliceSouth
0x0805A824	0x0805A87B	thumb	RedrawMapSliceEast
0x0805A87C	0x0805A8E7	thumb	RedrawMapSliceWest
0x0805A8E8	0x0805A91B	thumb	CurrentMapDrawMetatileAt
0x0805A91C	0x0805A947	thumb	DrawDoorMetatileAt
0x0805A948	0x0805A9B3	thumb	DrawMetatileAt
0x0805A9B4	0x0805AAE7	thumb	DrawMetatile
0x0805AAE8	0x0805AB2F	thumb	MapPosToBgTilemapOffset
0x0805AB30	0x0805AB57	thumb	CameraUpdateCallback
0x0805AB58	0x0805AB6F	thumb	ResetCameraUpdateInfo
0x0805AB70	0x0805ABAF	thumb	InitCameraUpdateCallback
0x0805ABB0	0x0805ACB3	thumb	CameraUpdate
0x0805ACB4	0x0805ACEF	thumb	MoveCameraAndRedrawMap
0x0805ACF0	0x0805ADD3	thumb	CameraUpdateNoObjectRefresh
0x0805ADD4	0x0805ADDF	thumb	SetCameraPanningCallback
0x0805ADE0	0x0805ADF7	thumb	SetCameraPanning
0x0805ADF8	0x0805AE27	thumb	InstallCameraPanAheadCallback
0x0805AE28	0x0805AE73	thumb	UpdateCameraPanning
0x0805AE74	0x0805AF13	thumb	CameraPanningCB_PanAhead
0x0805AF14	0x0805AF53	thumb	DrawDoor
0x0805AF54	0x0805AF7F	thumb	DrawClosedDoorTiles
0x0805AF80	0x0805AF93	thumb	CopyDoorTilesToVram
0x0805AF94	0x0805AFE5	thumb	DrawCurrentDoorAnimFrame
0x0805AFE8	0x0805B027	thumb	BuildDoorTiles
0x0805B028	0x0805B05F	thumb	Task_AnimateDoor
0x0805B060	0x0805B0C1	thumb	AnimateDoorFrame
0x0805B0C4	0x0805B0E5	thumb	GetDoorGraphics
0x0805B0E8	0x0805B149	thumb	StartDoorAnimationTask
0x0805B14C	0x0805B155	thumb	DrawClosedDoor
0x0805B158	0x0805B1A3	thumb	DrawOpenedDoor
0x0805B1A4	0x0805B1B7	thumb	GetLastDoorAnimFrame
0x0805B1B8	0x0805B20F	thumb	AnimateDoorOpenInternal
0x0805B210	0x0805B267	thumb	StartDoorCloseAnimation
0x0805B268	0x0805B29B	thumb	FieldSetDoorOpened
0x0805B29C	0x0805B2CF	thumb	FieldSetDoorClosed
0x0805B2D0	0x0805B30D	thumb	FieldAnimateDoorClose
0x0805B310	0x0805B34D	thumb	FieldAnimateDoorOpen
0x0805B350	0x0805B363	thumb	FieldIsDoorAnimationRunning
0x0805B364	0x0805B385	thumb	GetDoorSoundEffect
0x0805B388	0x0805B3B5	thumb	GetDoorSoundType
0x0805B3B8	0x0805B3DB	thumb	MovementType_Player
0x0805B3DC	0x0805B3DF	thumb	ObjectEventCB2_NoMovement2
0x0805B3E0	0x0805B45B	thumb	player_step
0x0805B45C	0x0805B4AD	thumb	TryInterruptObjectEventSpecialAnim
0x0805B4B0	0x0805B4D3	thumb	npc_clear_strange_bits
0x0805B4D4	0x0805B509	thumb	MovePlayerAvatarUsingKeypadInput
0x0805B50C	0x0805B527	thumb	PlayerAllowForcedMovementIfMovingSameDirection
0x0805B528	0x0805B59F	thumb	TryUpdatePlayerSpinDirection
0x0805B5A0	0x0805B643	thumb	TryDoMetatileBehaviorForcedMovement
0x0805B644	0x0805B68F	thumb	ForcedMovement_None
0x0805B690	0x0805B705	thumb	DoForcedMovement
0x0805B708	0x0805B73B	thumb	DoForcedMovementInCurrentDirection
0x0805B73C	0x0805B74F	thumb	ForcedMovement_Slip
0x0805B750	0x0805B767	thumb	ForcedMovement_WalkSouth
0x0805B768	0x0805B77F	thumb	ForcedMovement_WalkNorth
0x0805B780	0x0805B797	thumb	ForcedMovement_WalkWest
0x0805B798	0x0805B7AF	thumb	ForcedMovement_WalkEast
0x0805B7B0	0x0805B7CB	thumb	ForcedMovement_SpinRight
0x0805B7CC	0x0805B7E7	thumb	ForcedMovement_SpinLeft
0x0805B7E8	0x0805B803	thumb	ForcedMovement_SpinUp
0x0805B804	0x0805B81F	thumb	ForcedMovement_SpinDown
0x0805B820	0x0805B82B	thumb	PlaySpinSound
0x0805B82C	0x0805B843	thumb	ForcedMovement_PushedSouthByCurrent
0x0805B844	0x0805B85B	thumb	ForcedMovement_PushedNorthByCurrent
0x0805B85C	0x0805B873	thumb	ForcedMovement_PushedWestByCurrent
0x0805B874	0x0805B88B	thumb	ForcedMovement_PushedEastByCurrent
0x0805B88C	0x0805B8C3	thumb	ForcedMovement_Slide
0x0805B8C4	0x0805B8DB	thumb	ForcedMovement_SlideSouth
0x0805B8DC	0x0805B8F3	thumb	ForcedMovement_SlideNorth
0x0805B8F4	0x0805B90B	thumb	ForcedMovement_SlideWest
0x0805B90C	0x0805B923	thumb	ForcedMovement_SlideEast
0x0805B924	0x0805B92F	thumb	ForcedMovement_MatJump
0x0805B930	0x0805B93B	thumb	ForcedMovement_MatSpin
0x0805B93C	0x0805B96B	thumb	MovePlayerNotOnBike
0x0805B96C	0x0805B9AF	thumb	CheckMovementInputNotOnBike
0x0805B9B0	0x0805B9C1	thumb	PlayerNotOnBikeNotMoving
0x0805B9C4	0x0805B9D1	thumb	PlayerNotOnBikeTurningInPlace
0x0805B9D4	0x0805BAA9	thumb	PlayerNotOnBikeMoving
0x0805BAAC	0x0805BB1B	thumb	PlayerIsMovingOnRockStairs
0x0805BB1C	0x0805BBA5	thumb	CheckForPlayerAvatarCollision
0x0805BBA8	0x0805BC5F	thumb	CheckForObjectEventCollision
0x0805BC60	0x0805BCC7	thumb	CanStopSurfing
0x0805BCC8	0x0805BCE9	thumb	ShouldJumpLedge
0x0805BCEC	0x0805BDA9	thumb	TryPushBoulder
0x0805BDAC	0x0805BDEB	thumb	CheckAcroBikeCollision
0x0805BDEC	0x0805BE07	thumb	SetPlayerAvatarTransitionFlags
0x0805BE08	0x0805BE5B	thumb	DoPlayerAvatarTransition
0x0805BE5C	0x0805BE5D	thumb	PlayerAvatarTransition_Dummy
0x0805BE60	0x0805BE71	thumb	PlayerAvatarTransition_Normal
0x0805BE74	0x0805BE8D	thumb	PlayerAvatarTransition_Bike
0x0805BE90	0x0805BEA1	thumb	PlayerAvatarTransition_Surfing
0x0805BEA4	0x0805BEA5	thumb	PlayerAvatarTransition_Underwater
0x0805BEA8	0x0805BEB7	thumb	PlayerAvatarTransition_ReturnToField
0x0805BEB8	0x0805BEFB	thumb	UpdatePlayerAvatarTransitionState
0x0805BEFC	0x0805BF55	thumb	PlayerAnimIsMultiFrameStationary
0x0805BF58	0x0805BF79	thumb	PlayerAnimIsMultiFrameStationaryAndStateNotTurning
0x0805BF7C	0x0805BF9F	thumb	PlayerIsAnimActive
0x0805BFA0	0x0805BFC3	thumb	PlayerCheckIfAnimFinishedOrInactive
0x0805BFC4	0x0805BFDF	thumb	PlayerSetCopyableMovement
0x0805BFE0	0x0805BFFB	thumb	PlayerGetCopyableMovement
0x0805BFFC	0x0805C023	thumb	PlayerForceSetHeldMovement
0x0805C024	0x0805C06B	thumb	PlayerSetAnimId
0x0805C06C	0x0805C0A3	thumb	QL_TryRecordPlayerStepWithDuration0
0x0805C0A4	0x0805C0D1	thumb	QL_TryRecordNPCStepWithDuration32
0x0805C0D4	0x0805C0EB	thumb	PlayerWalkSlower
0x0805C0EC	0x0805C103	thumb	PlayerWalkSlow
0x0805C104	0x0805C11B	thumb	PlayerWalkNormal
0x0805C11C	0x0805C133	thumb	PlayerWalkFast
0x0805C134	0x0805C14B	thumb	PlayerGlide
0x0805C14C	0x0805C163	thumb	PlayerRideWaterCurrent
0x0805C164	0x0805C17B	thumb	PlayerWalkFaster
0x0805C17C	0x0805C193	thumb	PlayerRun
0x0805C194	0x0805C1AB	thumb	PlayerRunSlow
0x0805C1AC	0x0805C1CF	thumb	PlayerOnBikeCollide
0x0805C1D0	0x0805C1F3	thumb	PlayerNotOnBikeCollide
0x0805C1F4	0x0805C20B	thumb	PlayerFaceDirection
0x0805C20C	0x0805C223	thumb	PlayerFaceDirectionFast
0x0805C224	0x0805C23B	thumb	PlayerTurnInPlace
0x0805C23C	0x0805C25F	thumb	PlayerJumpLedge
0x0805C260	0x0805C26D	thumb	PlayerShakeHeadOrWalkInPlace
0x0805C270	0x0805C2B3	thumb	HandleEnforcedLookDirectionOnPlayerStopMoving
0x0805C2B4	0x0805C2CB	thumb	PlayerGoSpin
0x0805C2CC	0x0805C30B	thumb	PlayerApplyTileForcedMovement
0x0805C30C	0x0805C323	thumb	PlayerIdleWheelie
0x0805C324	0x0805C33B	thumb	PlayerStartWheelie
0x0805C33C	0x0805C353	thumb	PlayerEndWheelie
0x0805C354	0x0805C377	thumb	PlayerStandingHoppingWheelie
0x0805C378	0x0805C39B	thumb	PlayerMovingHoppingWheelie
0x0805C39C	0x0805C3BF	thumb	PlayerLedgeHoppingWheelie
0x0805C3C0	0x0805C3E3	thumb	PlayerAcroTurnJump
0x0805C3E4	0x0805C407	thumb	PlayerAcroWheelieCollide
0x0805C408	0x0805C41F	thumb	PlayerAcroPopWheelie
0x0805C420	0x0805C437	thumb	PlayerAcroWheelieMove
0x0805C438	0x0805C4F3	thumb	PlayCollisionSoundIfNotFacingWarp
0x0805C4F4	0x0805C537	thumb	GetXYCoordsOneStepInFrontOfPlayer
0x0805C538	0x0805C567	thumb	PlayerGetDestCoords
0x0805C568	0x0805C6C1	thumb	player_get_pos_including_state_based_drift
0x0805C6C4	0x0805C6E3	thumb	GetPlayerFacingDirection
0x0805C6E4	0x0805C6FF	thumb	GetPlayerMovementDirection
0x0805C700	0x0805C71B	thumb	PlayerGetElevation
0x0805C71C	0x0805C74B	thumb	MovePlayerToMapCoords
0x0805C74C	0x0805C75B	thumb	TestPlayerAvatarFlags
0x0805C75C	0x0805C767	thumb	GetPlayerAvatarFlags
0x0805C768	0x0805C773	thumb	GetPlayerAvatarObjectId
0x0805C774	0x0805C77D	thumb	CancelPlayerForcedMovement
0x0805C780	0x0805C7C7	thumb	StopPlayerAvatar
0x0805C7C8	0x0805C7DD	thumb	GetRivalAvatarGraphicsIdByStateIdAndGender
0x0805C7E0	0x0805C7F7	thumb	GetPlayerAvatarGraphicsIdByStateIdAndGender
0x0805C7F8	0x0805C807	thumb	GetRSAvatarGraphicsIdByGender
0x0805C808	0x0805C823	thumb	GetPlayerAvatarGraphicsIdByStateId
0x0805C824	0x0805C83B	thumb	GetPlayerAvatarGenderByGraphicsId
0x0805C83C	0x0805C88B	thumb	PartyHasMonWithSurf
0x0805C88C	0x0805C8AF	thumb	IsPlayerSurfingNorth
0x0805C8B0	0x0805C935	thumb	IsPlayerFacingSurfableFishableWater
0x0805C938	0x0805C959	thumb	MetatileAtCoordsIsWaterTile
0x0805C95C	0x0805C96F	thumb	ClearPlayerAvatarInfo
0x0805C970	0x0805C987	thumb	SetPlayerAvatarStateMask
0x0805C988	0x0805C9C5	thumb	GetPlayerAvatarStateTransitionByGraphicsId
0x0805C9C8	0x0805CA09	thumb	GetPlayerAvatarGraphicsIdByCurrentState
0x0805CA0C	0x0805CA3B	thumb	SetPlayerAvatarExtraStateTransition
0x0805CA3C	0x0805CB03	thumb	InitPlayerAvatar
0x0805CB04	0x0805CB6F	thumb	SetPlayerInvisibility
0x0805CB70	0x0805CBB7	thumb	StartPlayerAvatarSummonMonForFieldMoveAnim
0x0805CBB8	0x0805CBE7	thumb	GetPlayerAvatarVsSeekerGfxId
0x0805CBE8	0x0805CC2B	thumb	StartPlayerAvatarVsSeekerAnim
0x0805CC2C	0x0805CC37	thumb	StartPlayerAvatarFishAnim
0x0805CC38	0x0805CC39	thumb	PlayerUseAcroBikeOnBumpySlope
0x0805CC3C	0x0805CC3D	thumb	SetPlayerAvatarWatering
0x0805CC40	0x0805CCCF	thumb	HandleWarpArrowSpriteHideShow
0x0805CCD0	0x0805CD0B	thumb	StartStrengthAnim
0x0805CD0C	0x0805CD63	thumb	Task_BumpBoulder
0x0805CD64	0x0805CD83	thumb	DoBoulderInit
0x0805CD84	0x0805CE1F	thumb	DoBoulderDust
0x0805CE20	0x0805CE7F	thumb	DoBoulderFinish
0x0805CE80	0x0805CE9F	thumb	DoPlayerMatJump
0x0805CEA0	0x0805CEEB	thumb	DoPlayerAvatarSecretBaseMatJump
0x0805CEEC	0x0805CF57	thumb	PlayerAvatar_DoSecretBaseMatJump
0x0805CF58	0x0805CF77	thumb	DoPlayerMatSpin
0x0805CF78	0x0805CFC3	thumb	PlayerAvatar_DoSecretBaseMatSpin
0x0805CFC4	0x0805CFEB	thumb	PlayerAvatar_SecretBaseMatSpinStep0
0x0805CFEC	0x0805D063	thumb	PlayerAvatar_SecretBaseMatSpinStep1
0x0805D064	0x0805D0A3	thumb	PlayerAvatar_SecretBaseMatSpinStep2
0x0805D0A4	0x0805D0F7	thumb	PlayerAvatar_SecretBaseMatSpinStep3
0x0805D0F8	0x0805D153	thumb	CreateStopSurfingTask
0x0805D154	0x0805D1A7	thumb	CreateStopSurfingTask_NoMusicChange
0x0805D1A8	0x0805D1D3	thumb	SeafoamIslandsB4F_CurrentDumpsPlayerOnLand
0x0805D1D4	0x0805D23F	thumb	Task_StopSurfingInit
0x0805D240	0x0805D2BF	thumb	Task_WaitStopSurfing
0x0805D2C0	0x0805D303	thumb	StartFishing
0x0805D304	0x0805D33B	thumb	Task_Fishing
0x0805D33C	0x0805D35B	thumb	Fishing1
0x0805D35C	0x0805D3F3	thumb	Fishing2
0x0805D3F4	0x0805D42F	thumb	Fishing3
0x0805D430	0x0805D47B	thumb	Fishing4
0x0805D47C	0x0805D507	thumb	Fishing5
0x0805D508	0x0805D571	thumb	Fishing6
0x0805D574	0x0805D57D	thumb	Fishing7
0x0805D580	0x0805D5EB	thumb	Fishing8
0x0805D5EC	0x0805D66B	thumb	Fishing9
0x0805D66C	0x0805D6C7	thumb	Fishing10
0x0805D6C8	0x0805D7BF	thumb	Fishing11
0x0805D7C0	0x0805D837	thumb	Fishing12
0x0805D838	0x0805D8AB	thumb	Fishing13
0x0805D8AC	0x0805D8D7	thumb	Fishing14
0x0805D8D8	0x0805D97F	thumb	Fishing15
0x0805D980	0x0805D9C3	thumb	Fishing16
0x0805D9C4	0x0805DAAF	thumb	AlignFishingAnimationFrames
0x0805DAB0	0x0805DACF	thumb	StartTeleportWarpOutPlayerAnim
0x0805DAD0	0x0805DAE3	thumb	WaitTeleportWarpOutPlayerAnim
0x0805DAE4	0x0805DAEF	thumb	SavePlayerFacingDirectionForTeleport
0x0805DAF0	0x0805DB03	thumb	GetTeleportSavedFacingDirection
0x0805DB04	0x0805DC03	thumb	Task_TeleportWarpOutPlayerAnim
0x0805DC04	0x0805DC23	thumb	StartTeleportInPlayerAnim
0x0805DC24	0x0805DC37	thumb	WaitTeleportInPlayerAnim
0x0805DC38	0x0805DDC5	thumb	Task_TeleportWarpInPlayerAnim
0x0805DDC8	0x0805DE2B	thumb	TeleportAnim_RotatePlayer
0x0805DE2C	0x0805DE4B	thumb	ClearObjectEvent
0x0805DE4C	0x0805DE73	thumb	ClearAllObjectEvents
0x0805DE74	0x0805DE89	thumb	ResetObjectEvents
0x0805DE8C	0x0805DF2F	thumb	CreateReflectionEffectSprites
0x0805DF30	0x0805DF5F	thumb	GetFirstInactiveObjectEventId
0x0805DF60	0x0805DF83	thumb	GetObjectEventIdByLocalIdAndMap
0x0805DF84	0x0805DFAD	thumb	TryGetObjectEventIdByLocalIdAndMap
0x0805DFB0	0x0805DFF3	thumb	GetObjectEventIdByXY
0x0805DFF4	0x0805E041	thumb	GetObjectEventIdByLocalIdAndMapInternal
0x0805E044	0x0805E07D	thumb	GetObjectEventIdByLocalId
0x0805E080	0x0805E237	thumb	InitObjectEventStateFromTemplate
0x0805E238	0x0805E27B	thumb	ShouldInitObjectEventStateFromTemplate
0x0805E27C	0x0805E2E5	thumb	TemplateIsObstacleAndWithinView
0x0805E2E8	0x0805E383	thumb	TemplateIsObstacleAndVisibleFromConnectingMap
0x0805E384	0x0805E39D	thumb	SetHideObstacleFlag
0x0805E3A0	0x0805E413	thumb	Unref_TryInitLocalObjectEvent
0x0805E414	0x0805E4B3	thumb	GetAvailableObjectEventId
0x0805E4B4	0x0805E4C7	thumb	RemoveObjectEvent
0x0805E4C8	0x0805E50F	thumb	RemoveObjectEventByLocalIdAndMap
0x0805E510	0x0805E55B	thumb	RemoveObjectEventInternal
0x0805E55C	0x0805E58F	thumb	Unref_RemoveAllObjectEventsExceptPlayer
0x0805E590	0x0805E72B	thumb	TrySetupObjectEventSprite
0x0805E72C	0x0805E7F3	thumb	TrySpawnObjectEventTemplate
0x0805E7F4	0x0805E82F	thumb	SpawnSpecialObjectEvent
0x0805E830	0x0805E897	thumb	SpawnSpecialObjectEventParameterized
0x0805E898	0x0805E8E7	thumb	TrySpawnObjectEvent
0x0805E8E8	0x0805E93F	thumb	CopyObjectGraphicsInfoToSpriteTemplate
0x0805E940	0x0805E95F	thumb	CopyObjectGraphicsInfoToSpriteTemplate_WithMovementType
0x0805E960	0x0805E977	thumb	MakeObjectTemplateFromObjectEventTemplate
0x0805E978	0x0805E9F7	thumb	CreateObjectGraphicsSprite
0x0805E9F8	0x0805EB43	thumb	CreateVirtualObject
0x0805EB44	0x0805EC2F	thumb	CreateFameCheckerObject
0x0805EC30	0x0805ED0F	thumb	TrySpawnObjectEvents
0x0805ED10	0x0805ED6F	thumb	RemoveObjectEventsOutsideView
0x0805ED70	0x0805EDEF	thumb	RemoveObjectEventIfOutsideView
0x0805EDF0	0x0805EE3B	thumb	SpawnObjectEventsOnReturnToField
0x0805EE3C	0x0805EFF3	thumb	SpawnObjectEventOnReturnToField
0x0805EFF4	0x0805F02B	thumb	ResetObjectEventFldEffData
0x0805F02C	0x0805F05F	thumb	SetPlayerAvatarObjectEventIdAndObjectId
0x0805F060	0x0805F1D7	thumb	ObjectEventSetGraphicsId
0x0805F1D8	0x0805F217	thumb	ObjectEventSetGraphicsIdByLocalIdAndMap
0x0805F218	0x0805F267	thumb	ObjectEventTurn
0x0805F268	0x0805F2A7	thumb	ObjectEventTurnByLocalIdAndMap
0x0805F2A8	0x0805F2C7	thumb	PlayerObjectTurn
0x0805F2C8	0x0805F2F7	thumb	GetObjectEventGraphicsInfo
0x0805F2F8	0x0805F313	thumb	SetObjectEventDynamicGraphicsId
0x0805F314	0x0805F363	thumb	SetObjectInvisibility
0x0805F364	0x0805F377	thumb	ObjectEventGetLocalIdAndMap
0x0805F378	0x0805F3A7	thumb	EnableObjectGroundEffectsByXY
0x0805F3A8	0x0805F3FF	thumb	SetObjectSubpriority
0x0805F400	0x0805F447	thumb	ResetObjectSubpriority
0x0805F448	0x0805F49B	thumb	SetObjectPositionByLocalIdAndMap
0x0805F49C	0x0805F4AF	thumb	FreeAndReserveObjectSpritePalettes
0x0805F4B0	0x0805F4DB	thumb	LoadObjectEventPalette
0x0805F4DC	0x0805F50F	thumb	LoadObjectEventPaletteSet
0x0805F510	0x0805F535	thumb	TryLoadObjectPalette
0x0805F538	0x0805F573	thumb	PatchObjectPalette
0x0805F574	0x0805F59D	thumb	PatchObjectPaletteRange
0x0805F5A0	0x0805F5E7	thumb	FindObjectEventPaletteIndexByTag
0x0805F5E8	0x0805F655	thumb	LoadPlayerObjectReflectionPalette
0x0805F658	0x0805F6CD	thumb	LoadSpecialObjectReflectionPalette
0x0805F6D0	0x0805F6DF	thumb	GetReflectionEffectPaletteSlot
0x0805F6E0	0x0805F6FF	thumb	IncrementObjectEventCoords
0x0805F700	0x0805F70D	thumb	ShiftObjectEventCoords
0x0805F710	0x0805F721	thumb	SetObjectEventCoords
0x0805F724	0x0805F7C3	thumb	MoveObjectEventToMapCoords
0x0805F7C4	0x0805F817	thumb	TryMoveObjectEventToMapCoords
0x0805F818	0x0805F829	thumb	ShiftStillObjectEventCoords
0x0805F82C	0x0805F893	thumb	UpdateObjectEventCoordsForCameraUpdate
0x0805F894	0x0805F8F9	thumb	GetObjectEventIdByPosition
0x0805F8FC	0x0805F921	thumb	ObjectEventDoesElevationMatch
0x0805F924	0x0805F94F	thumb	UpdateObjectEventsForCameraUpdate
0x0805F950	0x0805F993	thumb	AddCameraObject
0x0805F994	0x0805F9BB	thumb	ObjectCB_CameraObject
0x0805F9BC	0x0805F9F7	thumb	CameraObject_0
0x0805F9F8	0x0805FA2F	thumb	CameraObject_1
0x0805FA30	0x0805FA5F	thumb	CameraObject_2
0x0805FA60	0x0805FAA5	thumb	FindCameraObject
0x0805FAA8	0x0805FAC3	thumb	CameraObjectReset1
0x0805FAC4	0x0805FADD	thumb	CameraObjectSetFollowedObjectId
0x0805FAE0	0x0805FAF7	thumb	CameraObjectGetFollowedObjectId
0x0805FAF8	0x0805FB05	thumb	CameraObjectReset2
0x0805FB08	0x0805FB69	thumb	CopySprite
0x0805FB6C	0x0805FBDB	thumb	CreateCopySpriteAt
0x0805FBDC	0x0805FC1D	thumb	SetObjectEventDirection
0x0805FC20	0x0805FC37	thumb	GetObjectEventScriptPointerByLocalIdAndMap
0x0805FC38	0x0805FC5B	thumb	GetObjectEventScriptPointerByObjectEventId
0x0805FC5C	0x0805FC73	thumb	GetObjectEventFlagIdByLocalIdAndMap
0x0805FC74	0x0805FC9B	thumb	GetObjectEventFlagIdByObjectEventId
0x0805FC9C	0x0805FCD7	thumb	GetObjectTrainerTypeByLocalIdAndMap
0x0805FCD8	0x0805FCEF	thumb	GetBoulderRevealFlagByLocalIdAndMap
0x0805FCF0	0x0805FD07	thumb	GetObjectTrainerTypeByObjectEventId
0x0805FD08	0x0805FD43	thumb	GetObjectEventBerryTreeIdByLocalIdAndMap
0x0805FD44	0x0805FD5B	thumb	GetObjectEventBerryTreeId
0x0805FD5C	0x0805FDAD	thumb	GetObjectEventTemplateByLocalIdAndMap
0x0805FDB0	0x0805FDE5	thumb	FindObjectEventTemplateByLocalId
0x0805FDE8	0x0805FE5B	thumb	GetBaseTemplateForObjectEvent
0x0805FE5C	0x0805FE7B	thumb	OverrideTemplateCoordsForObjectEvent
0x0805FE7C	0x0805FE91	thumb	OverrideMovementTypeForObjectEvent
0x0805FE94	0x0805FECB	thumb	TryOverrideObjectEventTemplateCoords
0x0805FECC	0x0805FF33	thumb	InitObjectEventPalettes
0x0805FF34	0x0805FFB3	thumb	GetObjectPaletteTag
0x0805FFB4	0x0805FFD7	thumb	MovementType_None
0x0805FFD8	0x0805FFDB	thumb	MovementType_None_callback
0x0805FFDC	0x0805FFFF	thumb	MovementType_WanderAround
0x08060000	0x0806001F	thumb	MovementType_WanderAround_callback
0x08060020	0x08060043	thumb	MovementType_WanderAroundSlower
0x08060044	0x08060063	thumb	MovementType_WanderAroundSlower_callback
0x08060064	0x08060075	thumb	MovementType_WanderAround_Step0
0x08060078	0x080600A1	thumb	MovementType_WanderAround_Step1
0x080600A4	0x080600DF	thumb	MovementType_WanderAround_Step2
0x080600E0	0x080600FF	thumb	MovementType_WanderAround_Step3
0x08060100	0x0806014B	thumb	MovementType_WanderAround_Step4
0x0806014C	0x0806017B	thumb	MovementType_WanderAround_Step5
0x0806017C	0x080601AB	thumb	MovementType_WanderAround_Step5Slower
0x080601AC	0x080601D1	thumb	MovementType_WanderAround_Step6
0x080601D4	0x0806024D	thumb	ObjectEventIsTrainerAndCloseToPlayer
0x08060250	0x0806027F	thumb	GetVectorDirection
0x08060280	0x0806028F	thumb	GetLimitedVectorDirection_SouthNorth
0x08060290	0x080602A1	thumb	GetLimitedVectorDirection_WestEast
0x080602A4	0x080602FF	thumb	GetLimitedVectorDirection_WestNorth
0x08060300	0x0806035B	thumb	GetLimitedVectorDirection_EastNorth
0x0806035C	0x080603B7	thumb	GetLimitedVectorDirection_WestSouth
0x080603B8	0x08060413	thumb	GetLimitedVectorDirection_EastSouth
0x08060414	0x0806044F	thumb	GetLimitedVectorDirection_SouthNorthWest
0x08060450	0x0806048B	thumb	GetLimitedVectorDirection_SouthNorthEast
0x0806048C	0x080604C7	thumb	GetLimitedVectorDirection_NorthWestEast
0x080604C8	0x08060503	thumb	GetLimitedVectorDirection_SouthWestEast
0x08060504	0x0806058B	thumb	TryGetTrainerEncounterDirection
0x0806058C	0x080605AF	thumb	MovementType_LookAround
0x080605B0	0x080605CF	thumb	MovementType_LookAround_callback
0x080605D0	0x080605E1	thumb	MovementType_LookAround_Step0
0x080605E4	0x0806060D	thumb	MovementType_LookAround_Step1
0x08060610	0x08060653	thumb	MovementType_LookAround_Step2
0x08060654	0x08060681	thumb	MovementType_LookAround_Step3
0x08060684	0x080606CB	thumb	MovementType_LookAround_Step4
0x080606CC	0x080606EF	thumb	MovementType_WanderUpAndDown
0x080606F0	0x0806070F	thumb	MovementType_WanderUpAndDown_callback
0x08060710	0x08060721	thumb	MovementType_WanderUpAndDown_Step0
0x08060724	0x0806074D	thumb	MovementType_WanderUpAndDown_Step1
0x08060750	0x0806078B	thumb	MovementType_WanderUpAndDown_Step2
0x0806078C	0x080607AB	thumb	MovementType_WanderUpAndDown_Step3
0x080607AC	0x080607F7	thumb	MovementType_WanderUpAndDown_Step4
0x080607F8	0x08060827	thumb	MovementType_WanderUpAndDown_Step5
0x08060828	0x0806084D	thumb	MovementType_WanderUpAndDown_Step6
0x08060850	0x08060873	thumb	MovementType_WanderLeftAndRight
0x08060874	0x08060893	thumb	MovementType_WanderLeftAndRight_callback
0x08060894	0x080608A5	thumb	MovementType_WanderLeftAndRight_Step0
0x080608A8	0x080608D1	thumb	MovementType_WanderLeftAndRight_Step1
0x080608D4	0x0806090F	thumb	MovementType_WanderLeftAndRight_Step2
0x08060910	0x0806092F	thumb	MovementType_WanderLeftAndRight_Step3
0x08060930	0x0806097B	thumb	MovementType_WanderLeftAndRight_Step4
0x0806097C	0x080609AB	thumb	MovementType_WanderLeftAndRight_Step5
0x080609AC	0x080609D1	thumb	MovementType_WanderLeftAndRight_Step6
0x080609D4	0x080609F7	thumb	MovementType_FaceDirection
0x080609F8	0x08060A17	thumb	MovementType_FaceDirection_callback
0x08060A18	0x08060A43	thumb	MovementType_FaceDirection_Step0
0x08060A44	0x08060A61	thumb	MovementType_FaceDirection_Step1
0x08060A64	0x08060A71	thumb	MovementType_FaceDirection_Step2
0x08060A74	0x08060A97	thumb	MovementType_FaceDownAndUp
0x08060A98	0x08060AB7	thumb	MovementType_FaceDownAndUp_callback
0x08060AB8	0x08060AC9	thumb	MovementType_FaceDownAndUp_Step0
0x08060ACC	0x08060AF5	thumb	MovementType_FaceDownAndUp_Step1
0x08060AF8	0x08060B3B	thumb	MovementType_FaceDownAndUp_Step2
0x08060B3C	0x08060B69	thumb	MovementType_FaceDownAndUp_Step3
0x08060B6C	0x08060BB3	thumb	MovementType_FaceDownAndUp_Step4
0x08060BB4	0x08060BD7	thumb	MovementType_FaceLeftAndRight
0x08060BD8	0x08060BF7	thumb	MovementType_FaceLeftAndRight_callback
0x08060BF8	0x08060C09	thumb	MovementType_FaceLeftAndRight_Step0
0x08060C0C	0x08060C35	thumb	MovementType_FaceLeftAndRight_Step1
0x08060C38	0x08060C7B	thumb	MovementType_FaceLeftAndRight_Step2
0x08060C7C	0x08060CA9	thumb	MovementType_FaceLeftAndRight_Step3
0x08060CAC	0x08060CF3	thumb	MovementType_FaceLeftAndRight_Step4
0x08060CF4	0x08060D17	thumb	MovementType_FaceUpAndLeft
0x08060D18	0x08060D37	thumb	MovementType_FaceUpAndLeft_callback
0x08060D38	0x08060D49	thumb	MovementType_FaceUpAndLeft_Step0
0x08060D4C	0x08060D75	thumb	MovementType_FaceUpAndLeft_Step1
0x08060D78	0x08060DBB	thumb	MovementType_FaceUpAndLeft_Step2
0x08060DBC	0x08060DE9	thumb	MovementType_FaceUpAndLeft_Step3
0x08060DEC	0x08060E33	thumb	MovementType_FaceUpAndLeft_Step4
0x08060E34	0x08060E57	thumb	MovementType_FaceUpAndRight
0x08060E58	0x08060E77	thumb	MovementType_FaceUpAndRight_callback
0x08060E78	0x08060E89	thumb	MovementType_FaceUpAndRight_Step0
0x08060E8C	0x08060EB5	thumb	MovementType_FaceUpAndRight_Step1
0x08060EB8	0x08060EFB	thumb	MovementType_FaceUpAndRight_Step2
0x08060EFC	0x08060F29	thumb	MovementType_FaceUpAndRight_Step3
0x08060F2C	0x08060F73	thumb	MovementType_FaceUpAndRight_Step4
0x08060F74	0x08060F97	thumb	MovementType_FaceDownAndLeft
0x08060F98	0x08060FB7	thumb	MovementType_FaceDownAndLeft_callback
0x08060FB8	0x08060FC9	thumb	MovementType_FaceDownAndLeft_Step0
0x08060FCC	0x08060FF5	thumb	MovementType_FaceDownAndLeft_Step1
0x08060FF8	0x0806103B	thumb	MovementType_FaceDownAndLeft_Step2
0x0806103C	0x08061069	thumb	MovementType_FaceDownAndLeft_Step3
0x0806106C	0x080610B3	thumb	MovementType_FaceDownAndLeft_Step4
0x080610B4	0x080610D7	thumb	MovementType_FaceDownAndRight
0x080610D8	0x080610F7	thumb	MovementType_FaceDownAndRight_callback
0x080610F8	0x08061109	thumb	MovementType_FaceDownAndRight_Step0
0x0806110C	0x08061135	thumb	MovementType_FaceDownAndRight_Step1
0x08061138	0x0806117B	thumb	MovementType_FaceDownAndRight_Step2
0x0806117C	0x080611A9	thumb	MovementType_FaceDownAndRight_Step3
0x080611AC	0x080611F3	thumb	MovementType_FaceDownAndRight_Step4
0x080611F4	0x08061217	thumb	MovementType_FaceDownUpAndLeft
0x08061218	0x08061237	thumb	MovementType_FaceDownUpAndLeft_callback
0x08061238	0x08061249	thumb	MovementType_FaceDownUpAndLeft_Step0
0x0806124C	0x08061275	thumb	MovementType_FaceDownUpAndLeft_Step1
0x08061278	0x080612BB	thumb	MovementType_FaceDownUpAndLeft_Step2
0x080612BC	0x080612E9	thumb	MovementType_FaceDownUpAndLeft_Step3
0x080612EC	0x08061333	thumb	MovementType_FaceDownUpAndLeft_Step4
0x08061334	0x08061357	thumb	MovementType_FaceDownUpAndRight
0x08061358	0x08061377	thumb	MovementType_FaceDownUpAndRight_callback
0x08061378	0x08061389	thumb	MovementType_FaceDownUpAndRight_Step0
0x0806138C	0x080613B5	thumb	MovementType_FaceDownUpAndRight_Step1
0x080613B8	0x080613FB	thumb	MovementType_FaceDownUpAndRight_Step2
0x080613FC	0x08061429	thumb	MovementType_FaceDownUpAndRight_Step3
0x0806142C	0x08061473	thumb	MovementType_FaceDownUpAndRight_Step4
0x08061474	0x08061497	thumb	MovementType_FaceUpRightAndLeft
0x08061498	0x080614B7	thumb	MovementType_FaceUpRightAndLeft_callback
0x080614B8	0x080614C9	thumb	MovementType_FaceUpLeftAndRight_Step0
0x080614CC	0x080614F5	thumb	MovementType_FaceUpLeftAndRight_Step1
0x080614F8	0x0806153B	thumb	MovementType_FaceUpLeftAndRight_Step2
0x0806153C	0x08061569	thumb	MovementType_FaceUpLeftAndRight_Step3
0x0806156C	0x080615B3	thumb	MovementType_FaceUpLeftAndRight_Step4
0x080615B4	0x080615D7	thumb	MovementType_FaceDownRightAndLeft
0x080615D8	0x080615F7	thumb	MovementType_FaceDownRightAndLeft_callback
0x080615F8	0x08061609	thumb	MovementType_FaceDownLeftAndRight_Step0
0x0806160C	0x08061635	thumb	MovementType_FaceDownLeftAndRight_Step1
0x08061638	0x0806167B	thumb	MovementType_FaceDownLeftAndRight_Step2
0x0806167C	0x080616A9	thumb	MovementType_FaceDownLeftAndRight_Step3
0x080616AC	0x080616F3	thumb	MovementType_FaceDownLeftAndRight_Step4
0x080616F4	0x08061717	thumb	MovementType_RotateCounterclockwise
0x08061718	0x08061737	thumb	MovementType_RotateCounterclockwise_callback
0x08061738	0x08061763	thumb	MovementType_RotateCounterclockwise_Step0
0x08061764	0x08061785	thumb	MovementType_RotateCounterclockwise_Step1
0x08061788	0x080617B1	thumb	MovementType_RotateCounterclockwise_Step2
0x080617B4	0x080617F7	thumb	MovementType_RotateCounterclockwise_Step3
0x080617F8	0x0806181B	thumb	MovementType_RotateClockwise
0x0806181C	0x0806183B	thumb	MovementType_RotateClockwise_callback
0x0806183C	0x08061867	thumb	MovementType_RotateClockwise_Step0
0x08061868	0x08061889	thumb	MovementType_RotateClockwise_Step1
0x0806188C	0x080618B5	thumb	MovementType_RotateClockwise_Step2
0x080618B8	0x080618FB	thumb	MovementType_RotateClockwise_Step3
0x080618FC	0x0806191F	thumb	MovementType_WalkBackAndForth
0x08061920	0x0806193F	thumb	MovementType_WalkBackAndForth_callback
0x08061940	0x08061951	thumb	MovementType_WalkBackAndForth_Step0
0x08061954	0x0806198B	thumb	MovementType_WalkBackAndForth_Step1
0x0806198C	0x08061A41	thumb	MovementType_WalkBackAndForth_Step2
0x08061A44	0x08061A69	thumb	MovementType_WalkBackAndForth_Step3
0x08061A6C	0x08061A7D	thumb	MovementType_WalkSequence_Step0
0x08061A80	0x08061B31	thumb	MoveNextDirectionInSequence
0x08061B34	0x08061B59	thumb	MovementType_WalkSequence_Step2
0x08061B5C	0x08061B7F	thumb	MovementType_WalkSequenceUpRightLeftDown
0x08061B80	0x08061B9F	thumb	MovementType_WalkSequenceUpRightLeftDown_callback
0x08061BA0	0x08061BE7	thumb	MovementType_WalkSequenceUpRightLeftDown_Step1
0x08061BE8	0x08061C0B	thumb	MovementType_WalkSequenceRightLeftDownUp
0x08061C0C	0x08061C2B	thumb	MovementType_WalkSequenceRightLeftDownUp_callback
0x08061C2C	0x08061C73	thumb	MovementType_WalkSequenceRightLeftDownUp_Step1
0x08061C74	0x08061C97	thumb	MovementType_WalkSequenceDownUpRightLeft
0x08061C98	0x08061CB7	thumb	MovementType_WalkSequenceDownUpRightLeft_callback
0x08061CB8	0x08061CFF	thumb	MovementType_WalkSequenceDownUpRightLeft_Step1
0x08061D00	0x08061D23	thumb	MovementType_WalkSequenceLeftDownUpRight
0x08061D24	0x08061D43	thumb	MovementType_WalkSequenceLeftDownUpRight_callback
0x08061D44	0x08061D8B	thumb	MovementType_WalkSequenceLeftDownUpRight_Step1
0x08061D8C	0x08061DAF	thumb	MovementType_WalkSequenceUpLeftRightDown
0x08061DB0	0x08061DCF	thumb	MovementType_WalkSequenceUpLeftRightDown_callback
0x08061DD0	0x08061E17	thumb	MovementType_WalkSequenceUpLeftRightDown_Step1
0x08061E18	0x08061E3B	thumb	MovementType_WalkSequenceLeftRightDownUp
0x08061E3C	0x08061E5B	thumb	MovementType_WalkSequenceLeftRightDownUp_callback
0x08061E5C	0x08061EA3	thumb	MovementType_WalkSequenceLeftRightDownUp_Step1
0x08061EA4	0x08061EC7	thumb	MovementType_WalkSequenceDownUpLeftRight
0x08061EC8	0x08061EE7	thumb	MovementType_WalkSequenceDownUpLeftRight_callback
0x08061EE8	0x08061F2F	thumb	MovementType_WalkSequenceDownUpLeftRight_Step1
0x08061F30	0x08061F53	thumb	MovementType_WalkSequenceRightDownUpLeft
0x08061F54	0x08061F73	thumb	MovementType_WalkSequenceRightDownUpLeft_callback
0x08061F74	0x08061FBB	thumb	MovementType_WalkSequenceRightDownUpLeft_Step1
0x08061FBC	0x08061FDF	thumb	MovementType_WalkSequenceLeftUpDownRight
0x08061FE0	0x08061FFF	thumb	MovementType_WalkSequenceLeftUpDownRight_callback
0x08062000	0x08062047	thumb	MovementType_WalkSequenceLeftUpDownRight_Step1
0x08062048	0x0806206B	thumb	MovementType_WalkSequenceUpDownRightLeft
0x0806206C	0x0806208B	thumb	MovementType_WalkSequenceUpDownRightLeft_callback
0x0806208C	0x080620D3	thumb	MovementType_WalkSequenceUpDownRightLeft_Step1
0x080620D4	0x080620F7	thumb	MovementType_WalkSequenceRightLeftUpDown
0x080620F8	0x08062117	thumb	MovementType_WalkSequenceRightLeftUpDown_callback
0x08062118	0x0806215F	thumb	MovementType_WalkSequenceRightLeftUpDown_Step1
0x08062160	0x08062183	thumb	MovementType_WalkSequenceDownRightLeftUp
0x08062184	0x080621A3	thumb	MovementType_WalkSequenceDownRightLeftUp_callback
0x080621A4	0x080621EB	thumb	MovementType_WalkSequenceDownRightLeftUp_Step1
0x080621EC	0x0806220F	thumb	MovementType_WalkSequenceRightUpDownLeft
0x08062210	0x0806222F	thumb	MovementType_WalkSequenceRightUpDownLeft_callback
0x08062230	0x08062277	thumb	MovementType_WalkSequenceRightUpDownLeft_Step1
0x08062278	0x0806229B	thumb	MovementType_WalkSequenceUpDownLeftRight
0x0806229C	0x080622BB	thumb	MovementType_WalkSequenceUpDownLeftRight_callback
0x080622BC	0x08062303	thumb	MovementType_WalkSequenceUpDownLeftRight_Step1
0x08062304	0x08062327	thumb	MovementType_WalkSequenceLeftRightUpDown
0x08062328	0x08062347	thumb	MovementType_WalkSequenceLeftRightUpDown_callback
0x08062348	0x0806238F	thumb	MovementType_WalkSequenceLeftRightUpDown_Step1
0x08062390	0x080623B3	thumb	MovementType_WalkSequenceDownLeftRightUp
0x080623B4	0x080623D3	thumb	MovementType_WalkSequenceDownLeftRightUp_callback
0x080623D4	0x0806241B	thumb	MovementType_WalkSequenceDownLeftRightUp_Step1
0x0806241C	0x0806243F	thumb	MovementType_WalkSequenceUpLeftDownRight
0x08062440	0x0806245F	thumb	MovementType_WalkSequenceUpLeftDownRight_callback
0x08062460	0x080624A7	thumb	MovementType_WalkSequenceUpLeftDownRight_Step1
0x080624A8	0x080624CB	thumb	MovementType_WalkSequenceDownRightUpLeft
0x080624CC	0x080624EB	thumb	MovementType_WalkSequenceDownRightUpLeft_callback
0x080624EC	0x08062533	thumb	MovementType_WalkSequenceDownRightUpLeft_Step1
0x08062534	0x08062557	thumb	MovementType_WalkSequenceLeftDownRightUp
0x08062558	0x08062577	thumb	MovementType_WalkSequenceLeftDownRightUp_callback
0x08062578	0x080625BF	thumb	MovementType_WalkSequenceLeftDownRightUp_Step1
0x080625C0	0x080625E3	thumb	MovementType_WalkSequenceRightUpLeftDown
0x080625E4	0x08062603	thumb	MovementType_WalkSequenceRightUpLeftDown_callback
0x08062604	0x0806264B	thumb	MovementType_WalkSequenceRightUpLeftDown_Step1
0x0806264C	0x0806266F	thumb	MovementType_WalkSequenceUpRightDownLeft
0x08062670	0x0806268F	thumb	MovementType_WalkSequenceUpRightDownLeft_callback
0x08062690	0x080626D7	thumb	MovementType_WalkSequenceUpRightDownLeft_Step1
0x080626D8	0x080626FB	thumb	MovementType_WalkSequenceDownLeftUpRight
0x080626FC	0x0806271B	thumb	MovementType_WalkSequenceDownLeftUpRight_callback
0x0806271C	0x08062763	thumb	MovementType_WalkSequenceDownLeftUpRight_Step1
0x08062764	0x08062787	thumb	MovementType_WalkSequenceLeftUpRightDown
0x08062788	0x080627A7	thumb	MovementType_WalkSequenceLeftUpRightDown_callback
0x080627A8	0x080627EF	thumb	MovementType_WalkSequenceLeftUpRightDown_Step1
0x080627F0	0x08062813	thumb	MovementType_WalkSequenceRightDownLeftUp
0x08062814	0x08062833	thumb	MovementType_WalkSequenceRightDownLeftUp_callback
0x08062834	0x0806287B	thumb	MovementType_WalkSequenceRightDownLeftUp_Step1
0x0806287C	0x0806289F	thumb	MovementType_CopyPlayer
0x080628A0	0x080628BF	thumb	MovementType_CopyPlayer_callback
0x080628C0	0x080628E1	thumb	MovementType_CopyPlayer_Step0
0x080628E4	0x08062943	thumb	MovementType_CopyPlayer_Step1
0x08062944	0x08062969	thumb	MovementType_CopyPlayer_Step2
0x0806296C	0x0806296F	thumb	CopyablePlayerMovement_None
0x08062970	0x080629B7	thumb	CopyablePlayerMovement_FaceDirection
0x080629B8	0x08062A6F	thumb	CopyablePlayerMovement_GoSpeed0
0x08062A70	0x08062B27	thumb	CopyablePlayerMovement_GoSpeed1
0x08062B28	0x08062BDF	thumb	CopyablePlayerMovement_GoSpeed2
0x08062BE0	0x08062C97	thumb	CopyablePlayerMovement_Slide
0x08062C98	0x08062CDF	thumb	cph_IM_DIFFERENT
0x08062CE0	0x08062D97	thumb	CopyablePlayerMovement_GoSpeed4
0x08062D98	0x08062E5F	thumb	CopyablePlayerMovement_Jump
0x08062E60	0x08062E83	thumb	MovementType_CopyPlayerInGrass
0x08062E84	0x08062EA3	thumb	MovementType_CopyPlayerInGrass_callback
0x08062EA4	0x08062F07	thumb	MovementType_CopyPlayerInGrass_Step1
0x08062F08	0x08062F77	thumb	MovementType_TreeDisguise
0x08062F78	0x08062F83	thumb	MovementType_Disguise_Callback
0x08062F84	0x08062FF3	thumb	MovementType_MountainDisguise
0x08062FF4	0x08063057	thumb	MovementType_Buried
0x08063058	0x08063077	thumb	MovementType_Buried_Callback
0x08063078	0x08063083	thumb	MovementType_Buried_Step0
0x08063084	0x0806309D	thumb	MovementType_MoveInPlace_Step1
0x080630A0	0x080630C3	thumb	MovementType_WalkInPlace
0x080630C4	0x080630E3	thumb	MovementType_WalkInPlace_callback
0x080630E4	0x0806310F	thumb	MovementType_WalkInPlace_Step0
0x08063110	0x08063133	thumb	MovementType_WalkInPlaceFast
0x08063134	0x08063153	thumb	MovementType_WalkInPlaceFast_callback
0x08063154	0x0806317F	thumb	MovementType_WalkInPlaceFast_Step0
0x08063180	0x080631A3	thumb	MovementType_JogInPlace
0x080631A4	0x080631C3	thumb	MovementType_JogInPlace_callback
0x080631C4	0x080631EF	thumb	MovementType_JogInPlace_Step0
0x080631F0	0x08063213	thumb	MovementType_Invisible
0x08063214	0x08063233	thumb	MovementType_Invisible_callback
0x08063234	0x08063267	thumb	MovementType_Invisible_Step0
0x08063268	0x08063285	thumb	MovementType_Invisible_Step1
0x08063288	0x08063295	thumb	MovementType_Invisible_Step2
0x08063298	0x080632BB	thumb	MovementType_RaiseHandAndStop
0x080632BC	0x080632DF	thumb	MovementType_RaiseHandAndJump
0x080632E0	0x08063303	thumb	MovementType_RaiseHandAndSwim
0x08063304	0x08063323	thumb	MovementType_RaiseHandAndStop_Callback
0x08063324	0x08063343	thumb	MovementType_RaiseHandAndJump_Callback
0x08063344	0x08063363	thumb	MovementType_RaiseHandAndSwim_Callback
0x08063364	0x08063381	thumb	MovementType_RaiseHandAndStop_Step0
0x08063384	0x080633A1	thumb	MovementType_RaiseHandAndStop_Step1
0x080633A4	0x080633B1	thumb	MovementType_RaiseHandAndStop_Step2
0x080633B4	0x080633D3	thumb	MovementType_RaiseHandAndJump_Step0
0x080633D4	0x080633F3	thumb	MovementType_RaiseHandAndSwim_Step0
0x080633F4	0x0806340D	thumb	MovementType_RaiseHandAndMove_Step1
0x08063410	0x0806342D	thumb	ClearObjectEventMovement
0x08063430	0x0806343F	thumb	GetFaceDirectionAnimNum
0x08063440	0x0806344F	thumb	GetMoveDirectionAnimNum
0x08063450	0x0806345F	thumb	GetMoveDirectionFastAnimNum
0x08063460	0x0806346F	thumb	GetMoveDirectionFasterAnimNum
0x08063470	0x0806347F	thumb	GetMoveDirectionFastestAnimNum
0x08063480	0x0806348F	thumb	GetJumpSpecialDirectionAnimNum
0x08063490	0x0806349F	thumb	GetAcroWheelieDirectionAnimNum
0x080634A0	0x080634AF	thumb	GetAcroBunnyHopFrontWheelDirectionAnimNum
0x080634B0	0x080634BF	thumb	GetAcroEndWheelieDirectionAnimNum
0x080634C0	0x080634CF	thumb	GetSpinDirectionAnimNum
0x080634D0	0x080634DF	thumb	GetAcroUnusedActionDirectionAnimNum
0x080634E0	0x080634EF	thumb	GetAcroWheeliePedalDirectionAnimNum
0x080634F0	0x080634FF	thumb	GetFishingDirectionAnimNum
0x08063500	0x0806350F	thumb	GetFishingNoCatchDirectionAnimNum
0x08063510	0x0806351F	thumb	GetFishingBiteDirectionAnimNum
0x08063520	0x0806352F	thumb	GetRunningDirectionAnimNum
0x08063530	0x08063553	thumb	GetStepAnimTable
0x08063554	0x0806359B	thumb	SetStepAnimHandleAlternation
0x0806359C	0x080635D9	thumb	SetStepAnim
0x080635DC	0x0806360F	thumb	GetDirectionToFace
0x08063610	0x0806365B	thumb	SetTrainerMovementType
0x0806365C	0x0806366B	thumb	GetTrainerFacingDirectionMovementType
0x0806366C	0x080636AB	thumb	GetCollisionInDirection
0x080636AC	0x0806376F	thumb	GetCollisionAtCoords
0x08063770	0x0806383B	thumb	GetCollisionFlagsAtCoords
0x0806383C	0x080638AB	thumb	IsCoordOutsideObjectEventMovementRange
0x080638AC	0x08063903	thumb	IsMetatileDirectionallyImpassable
0x08063904	0x0806397D	thumb	DoesObjectCollideWithObjectAt
0x08063980	0x080639D3	thumb	IsBerryTreeSparkling
0x080639D4	0x08063A1F	thumb	SetBerryTreeJustPicked
0x08063A20	0x08063A43	thumb	MoveCoords
0x08063A44	0x08063A6B	thumb	MoveCoordsInMapCoordIncrement
0x08063A6C	0x08063AD3	thumb	MoveCoordsInDirection
0x08063AD4	0x08063B1B	thumb	GetMapCoordsFromSpritePos
0x08063B1C	0x08063BC3	thumb	SetSpritePosToMapCoords
0x08063BC4	0x08063C0D	thumb	SetSpritePosToOffsetMapCoords
0x08063C10	0x08063C4F	thumb	GetObjectEventMovingCameraOffset
0x08063C50	0x08063C6D	thumb	ObjectEventMoveDestCoords
0x08063C70	0x08063C85	thumb	ObjectEventIsMovementOverridden
0x08063C88	0x08063CA3	thumb	ObjectEventIsHeldMovementActive
0x08063CA4	0x08063CFF	thumb	ObjectEventSetHeldMovement
0x08063D00	0x08063D19	thumb	ObjectEventForceSetHeldMovement
0x08063D1C	0x08063D31	thumb	ObjectEventClearHeldMovementIfActive
0x08063D34	0x08063D67	thumb	ObjectEventClearHeldMovement
0x08063D68	0x08063D7B	thumb	ObjectEventCheckHeldMovementStatus
0x08063D7C	0x08063D9D	thumb	ObjectEventClearHeldMovementIfFinished
0x08063DA0	0x08063DB5	thumb	ObjectEventGetHeldMovementActionId
0x08063DB8	0x08063E25	thumb	UpdateObjectEventCurrentMovement
0x08063E28	0x08063EB7	thumb	QL_UpdateObjectEventCurrentMovement
0x08063EB8	0x08063EE3	thumb	GetFaceDirectionMovementAction
0x08063EE4	0x08063F0F	thumb	GetFaceDirectionFastMovementAction
0x08063F10	0x08063F2B	thumb	GetWalkSlowestMovementAction
0x08063F2C	0x08063F57	thumb	GetWalkSlowerMovementAction
0x08063F58	0x08063F83	thumb	GetWalkSlowMovementAction
0x08063F84	0x08063FAF	thumb	GetWalkNormalMovementAction
0x08063FB0	0x08063FDB	thumb	GetWalkFastMovementAction
0x08063FDC	0x08064007	thumb	GetGlideMovementAction
0x08064008	0x08064033	thumb	GetRideWaterCurrentMovementAction
0x08064034	0x0806405F	thumb	GetWalkFasterMovementAction
0x08064060	0x0806408B	thumb	GetSlideMovementAction
0x0806408C	0x080640B7	thumb	GetPlayerRunMovementAction
0x080640B8	0x080640E3	thumb	GetPlayerRunSlowMovementAction
0x080640E4	0x0806410F	thumb	GetSpinMovementAction
0x08064110	0x0806413B	thumb	GetJump2MovementAction
0x0806413C	0x08064167	thumb	GetJumpInPlaceMovementAction
0x08064168	0x08064193	thumb	GetJumpInPlaceTurnAroundMovementAction
0x08064194	0x080641BF	thumb	GetJumpMovementAction
0x080641C0	0x080641EB	thumb	GetJumpSpecialMovementAction
0x080641EC	0x08064217	thumb	GetJumpSpecialWithEffectMovementAction
0x08064218	0x08064243	thumb	GetWalkInPlaceSlowMovementAction
0x08064244	0x0806426F	thumb	GetWalkInPlaceNormalMovementAction
0x08064270	0x0806429B	thumb	GetWalkInPlaceFastMovementAction
0x0806429C	0x080642C7	thumb	GetWalkInPlaceFasterMovementAction
0x080642C8	0x080642F1	thumb	ObjectEventFaceOppositeDirection
0x080642F4	0x0806431F	thumb	GetAcroWheelieFaceDirectionMovementAction
0x08064320	0x0806434B	thumb	GetAcroPopWheelieFaceDirectionMovementAction
0x0806434C	0x08064377	thumb	GetAcroEndWheelieFaceDirectionMovementAction
0x08064378	0x080643A3	thumb	GetAcroWheelieHopFaceDirectionMovementAction
0x080643A4	0x080643CF	thumb	GetAcroWheelieHopMovementAction
0x080643D0	0x080643FB	thumb	GetAcroWheelieJumpMovementAction
0x080643FC	0x08064427	thumb	GetAcroWheelieInPlaceMovementAction
0x08064428	0x08064453	thumb	GetAcroPopWheelieMoveMovementAction
0x08064454	0x0806447F	thumb	GetAcroWheelieMoveMovementAction
0x08064480	0x080644B1	thumb	GetOppositeDirection
0x080644B4	0x080644CB	thumb	GetPlayerDirectionForCopy
0x080644CC	0x0806450B	thumb	GetCopyDirection
0x0806450C	0x08064543	thumb	ObjectEventExecHeldMovementAction
0x08064544	0x08064587	thumb	QuestLogObjectEventExecHeldMovementAction
0x08064588	0x080645C7	thumb	ObjectEventExecSingleMovementAction
0x080645C8	0x080645F3	thumb	ObjectEventSetSingleMovement
0x080645F4	0x08064635	thumb	FaceDirection
0x08064638	0x08064645	thumb	MovementAction_FaceDown_Step0
0x08064648	0x08064655	thumb	MovementAction_FaceUp_Step0
0x08064658	0x08064665	thumb	MovementAction_FaceLeft_Step0
0x08064668	0x08064675	thumb	MovementAction_FaceRight_Step0
0x08064678	0x080646FB	thumb	InitNpcForMovement
0x080646FC	0x08064757	thumb	InitMovementNormal
0x08064758	0x08064785	thumb	StartRunningAnim
0x08064788	0x080647BF	thumb	UpdateMovementNormal
0x080647C0	0x0806482F	thumb	InitNpcForWalkSlower
0x08064830	0x0806485B	thumb	InitWalkSlower
0x0806485C	0x08064893	thumb	UpdateWalkSlower
0x08064894	0x08064903	thumb	InitNpcForWalkSlowest
0x08064904	0x0806492F	thumb	InitWalkSlowest
0x08064930	0x08064967	thumb	UpdateWalkSlowest
0x08064968	0x08064985	thumb	MovementAction_WalkSlowestDown_Step0
0x08064988	0x080649A5	thumb	MovementAction_WalkSlowestDown_Step1
0x080649A8	0x080649C5	thumb	MovementAction_WalkSlowestUp_Step0
0x080649C8	0x080649E5	thumb	MovementAction_WalkSlowestUp_Step1
0x080649E8	0x08064A05	thumb	MovementAction_WalkSlowestLeft_Step0
0x08064A08	0x08064A25	thumb	MovementAction_WalkSlowestLeft_Step1
0x08064A28	0x08064A45	thumb	MovementAction_WalkSlowestRight_Step0
0x08064A48	0x08064A65	thumb	MovementAction_WalkSlowestRight_Step1
0x08064A68	0x08064A85	thumb	MovementAction_WalkSlowerDown_Step0
0x08064A88	0x08064AA5	thumb	MovementAction_WalkSlowerDown_Step1
0x08064AA8	0x08064AC5	thumb	MovementAction_WalkSlowerUp_Step0
0x08064AC8	0x08064AE5	thumb	MovementAction_WalkSlowerUp_Step1
0x08064AE8	0x08064B05	thumb	MovementAction_WalkSlowerLeft_Step0
0x08064B08	0x08064B25	thumb	MovementAction_WalkSlowerLeft_Step1
0x08064B28	0x08064B45	thumb	MovementAction_WalkSlowerRight_Step0
0x08064B48	0x08064B65	thumb	MovementAction_WalkSlowerRight_Step1
0x08064B68	0x08064BD7	thumb	InitNpcForWalkSlow
0x08064BD8	0x08064C03	thumb	InitWalkSlow
0x08064C04	0x08064C3B	thumb	UpdateWalkSlow
0x08064C3C	0x08064C59	thumb	MovementAction_WalkSlowUp_Step0
0x08064C5C	0x08064C79	thumb	MovementAction_WalkSlowUp_Step1
0x08064C7C	0x08064C99	thumb	MovementAction_WalkSlowDown_Step0
0x08064C9C	0x08064CB9	thumb	MovementAction_WalkSlowDown_Step1
0x08064CBC	0x08064CD9	thumb	MovementAction_WalkSlowLeft_Step0
0x08064CDC	0x08064CF9	thumb	MovementAction_WalkSlowLeft_Step1
0x08064CFC	0x08064D19	thumb	MovementAction_WalkSlowRight_Step0
0x08064D1C	0x08064D39	thumb	MovementAction_WalkSlowRight_Step1
0x08064D3C	0x08064D5B	thumb	MovementAction_WalkNormalDown_Step0
0x08064D5C	0x08064D79	thumb	MovementAction_WalkNormalDown_Step1
0x08064D7C	0x08064D9B	thumb	MovementAction_WalkNormalUp_Step0
0x08064D9C	0x08064DB9	thumb	MovementAction_WalkNormalUp_Step1
0x08064DBC	0x08064DDB	thumb	MovementAction_WalkNormalLeft_Step0
0x08064DDC	0x08064DF9	thumb	MovementAction_WalkNormalLeft_Step1
0x08064DFC	0x08064E1B	thumb	MovementAction_WalkNormalRight_Step0
0x08064E1C	0x08064E39	thumb	MovementAction_WalkNormalRight_Step1
0x08064E3C	0x08064EF7	thumb	InitJump
0x08064EF8	0x08064F3B	thumb	InitJumpRegular
0x08064F3C	0x08064FFD	thumb	UpdateJumpAnim
0x08065000	0x08065013	thumb	DoJumpAnimStep
0x08065014	0x08065027	thumb	DoJumpSpecialAnimStep
0x08065028	0x0806503F	thumb	DoJumpAnim
0x08065040	0x08065057	thumb	DoJumpSpecialAnim
0x08065058	0x080650A5	thumb	DoJumpInPlaceAnim
0x080650A8	0x080650D1	thumb	MovementAction_Jump2Down_Step0
0x080650D4	0x080650FD	thumb	MovementAction_Jump2Down_Step1
0x08065100	0x08065129	thumb	MovementAction_Jump2Up_Step0
0x0806512C	0x08065155	thumb	MovementAction_Jump2Up_Step1
0x08065158	0x08065181	thumb	MovementAction_Jump2Left_Step0
0x08065184	0x080651AD	thumb	MovementAction_Jump2Left_Step1
0x080651B0	0x080651D9	thumb	MovementAction_Jump2Right_Step0
0x080651DC	0x08065205	thumb	MovementAction_Jump2Right_Step1
0x08065208	0x0806520F	thumb	InitMovementDelay
0x08065210	0x0806522B	thumb	MovementAction_Delay_Step1
0x0806522C	0x0806524B	thumb	MovementAction_Delay1_Step0
0x0806524C	0x0806526B	thumb	MovementAction_Delay2_Step0
0x0806526C	0x0806528B	thumb	MovementAction_Delay4_Step0
0x0806528C	0x080652AB	thumb	MovementAction_Delay8_Step0
0x080652AC	0x080652CB	thumb	MovementAction_Delay16_Step0
0x080652CC	0x080652EB	thumb	MovementAction_WalkFastDown_Step0
0x080652EC	0x08065309	thumb	MovementAction_WalkFastDown_Step1
0x0806530C	0x0806532B	thumb	MovementAction_WalkFastUp_Step0
0x0806532C	0x08065349	thumb	MovementAction_WalkFastUp_Step1
0x0806534C	0x0806536B	thumb	MovementAction_WalkFastLeft_Step0
0x0806536C	0x08065389	thumb	MovementAction_WalkFastLeft_Step1
0x0806538C	0x080653AB	thumb	MovementAction_WalkFastRight_Step0
0x080653AC	0x080653C9	thumb	MovementAction_WalkFastRight_Step1
0x080653CC	0x080653F5	thumb	UpdateMovementGlide
0x080653F8	0x08065437	thumb	MovementAction_GlideDown_Step0
0x08065438	0x08065461	thumb	MovementAction_GlideDown_Step1
0x08065464	0x080654A3	thumb	MovementAction_GlideUp_Step0
0x080654A4	0x080654CD	thumb	MovementAction_GlideUp_Step1
0x080654D0	0x0806550F	thumb	MovementAction_GlideLeft_Step0
0x08065510	0x08065539	thumb	MovementAction_GlideLeft_Step1
0x0806553C	0x0806557B	thumb	MovementAction_GlideRight_Step0
0x0806557C	0x080655A5	thumb	MovementAction_GlideRight_Step1
0x080655A8	0x080655D3	thumb	FaceDirectionFast
0x080655D4	0x0806560D	thumb	MovementAction_FaceDownFast_Step0
0x08065610	0x08065649	thumb	MovementAction_FaceUpFast_Step0
0x0806564C	0x08065685	thumb	MovementAction_FaceLeftFast_Step0
0x08065688	0x080656C1	thumb	MovementAction_FaceRightFast_Step0
0x080656C4	0x0806570B	thumb	InitMoveInPlace
0x0806570C	0x08065733	thumb	MovementAction_WalkInPlace_Step1
0x08065734	0x0806576F	thumb	MovementAction_WalkInPlaceSlow_Step1
0x08065770	0x080657A5	thumb	MovementAction_WalkInPlaceSlowDown_Step0
0x080657A8	0x080657DD	thumb	MovementAction_WalkInPlaceSlowUp_Step0
0x080657E0	0x08065815	thumb	MovementAction_WalkInPlaceSlowLeft_Step0
0x08065818	0x0806584D	thumb	MovementAction_WalkInPlaceSlowRight_Step0
0x08065850	0x08065885	thumb	MovementAction_WalkInPlaceNormalDown_Step0
0x08065888	0x080658BD	thumb	MovementAction_WalkInPlaceNormalUp_Step0
0x080658C0	0x080658F5	thumb	MovementAction_WalkInPlaceNormalLeft_Step0
0x080658F8	0x0806592D	thumb	MovementAction_WalkInPlaceNormalRight_Step0
0x08065930	0x08065965	thumb	MovementAction_WalkInPlaceFastDown_Step0
0x08065968	0x0806599D	thumb	MovementAction_WalkInPlaceFastUp_Step0
0x080659A0	0x080659D5	thumb	MovementAction_WalkInPlaceFastLeft_Step0
0x080659D8	0x08065A0D	thumb	MovementAction_WalkInPlaceFastRight_Step0
0x08065A10	0x08065A45	thumb	MovementAction_WalkInPlaceFasterDown_Step0
0x08065A48	0x08065A7D	thumb	MovementAction_WalkInPlaceFasterUp_Step0
0x08065A80	0x08065AB5	thumb	MovementAction_WalkInPlaceFasterLeft_Step0
0x08065AB8	0x08065AED	thumb	MovementAction_WalkInPlaceFasterRight_Step0
0x08065AF0	0x08065B0F	thumb	MovementAction_RideWaterCurrentDown_Step0
0x08065B10	0x08065B2D	thumb	MovementAction_RideWaterCurrentDown_Step1
0x08065B30	0x08065B4F	thumb	MovementAction_RideWaterCurrentUp_Step0
0x08065B50	0x08065B6D	thumb	MovementAction_RideWaterCurrentUp_Step1
0x08065B70	0x08065B8F	thumb	MovementAction_RideWaterCurrentLeft_Step0
0x08065B90	0x08065BAD	thumb	MovementAction_RideWaterCurrentLeft_Step1
0x08065BB0	0x08065BCF	thumb	MovementAction_RideWaterCurrentRight_Step0
0x08065BD0	0x08065BED	thumb	MovementAction_RideWaterCurrentRight_Step1
0x08065BF0	0x08065C0F	thumb	MovementAction_WalkFasterDown_Step0
0x08065C10	0x08065C2D	thumb	MovementAction_WalkFasterDown_Step1
0x08065C30	0x08065C4F	thumb	MovementAction_WalkFasterUp_Step0
0x08065C50	0x08065C6D	thumb	MovementAction_WalkFasterUp_Step1
0x08065C70	0x08065C8F	thumb	MovementAction_WalkFasterLeft_Step0
0x08065C90	0x08065CAD	thumb	MovementAction_WalkFasterLeft_Step1
0x08065CB0	0x08065CCF	thumb	MovementAction_WalkFasterRight_Step0
0x08065CD0	0x08065CED	thumb	MovementAction_WalkFasterRight_Step1
0x08065CF0	0x08065D0F	thumb	MovementAction_SlideDown_Step0
0x08065D10	0x08065D2D	thumb	MovementAction_SlideDown_Step1
0x08065D30	0x08065D4F	thumb	MovementAction_SlideUp_Step0
0x08065D50	0x08065D6D	thumb	MovementAction_SlideUp_Step1
0x08065D70	0x08065D8F	thumb	MovementAction_SlideLeft_Step0
0x08065D90	0x08065DAD	thumb	MovementAction_SlideLeft_Step1
0x08065DB0	0x08065DCF	thumb	MovementAction_SlideRight_Step0
0x08065DD0	0x08065DED	thumb	MovementAction_SlideRight_Step1
0x08065DF0	0x08065E0D	thumb	MovementAction_PlayerRunDown_Step0
0x08065E10	0x08065E2D	thumb	MovementAction_PlayerRunDown_Step1
0x08065E30	0x08065E4D	thumb	MovementAction_PlayerRunUp_Step0
0x08065E50	0x08065E6D	thumb	MovementAction_PlayerRunUp_Step1
0x08065E70	0x08065E8D	thumb	MovementAction_PlayerRunLeft_Step0
0x08065E90	0x08065EAD	thumb	MovementAction_PlayerRunLeft_Step1
0x08065EB0	0x08065ECD	thumb	MovementAction_PlayerRunRight_Step0
0x08065ED0	0x08065EED	thumb	MovementAction_PlayerRunRight_Step1
0x08065EF0	0x08065F5F	thumb	InitNpcForRunSlow
0x08065F60	0x08065F8B	thumb	InitRunSlow
0x08065F8C	0x08065FC3	thumb	UpdateRunSlow
0x08065FC4	0x08065FE1	thumb	MovementAction_RunDownSlow_Step0
0x08065FE4	0x08066001	thumb	MovementAction_RunDownSlow_Step1
0x08066004	0x08066021	thumb	MovementAction_RunUpSlow_Step0
0x08066024	0x08066041	thumb	MovementAction_RunUpSlow_Step1
0x08066044	0x08066061	thumb	MovementAction_RunLeftSlow_Step0
0x08066064	0x08066081	thumb	MovementAction_RunLeftSlow_Step1
0x08066084	0x080660A1	thumb	MovementAction_RunRightSlow_Step0
0x080660A4	0x080660C1	thumb	MovementAction_RunRightSlow_Step1
0x080660C4	0x080660EF	thumb	StartSpriteAnimInDirection
0x080660F0	0x08066105	thumb	MovementAction_StartAnimInDirection_Step0
0x08066108	0x08066127	thumb	MovementAction_WaitSpriteAnim
0x08066128	0x08066159	thumb	InitJumpSpecial
0x0806615C	0x08066179	thumb	MovementAction_JumpSpecialDown_Step0
0x0806617C	0x080661A3	thumb	MovementAction_JumpSpecialDown_Step1
0x080661A4	0x080661C1	thumb	MovementAction_JumpSpecialUp_Step0
0x080661C4	0x080661EB	thumb	MovementAction_JumpSpecialUp_Step1
0x080661EC	0x08066209	thumb	MovementAction_JumpSpecialLeft_Step0
0x0806620C	0x08066233	thumb	MovementAction_JumpSpecialLeft_Step1
0x08066234	0x08066251	thumb	MovementAction_JumpSpecialRight_Step0
0x08066254	0x0806627B	thumb	MovementAction_JumpSpecialRight_Step1
0x0806627C	0x08066299	thumb	MovementAction_JumpSpecialWithEffectDown_Step0
0x0806629C	0x080662B9	thumb	MovementAction_JumpSpecialWithEffectDown_Step1
0x080662BC	0x080662D9	thumb	MovementAction_JumpSpecialWithEffectUp_Step0
0x080662DC	0x080662F9	thumb	MovementAction_JumpSpecialWithEffectUp_Step1
0x080662FC	0x08066319	thumb	MovementAction_JumpSpecialWithEffectLeft_Step0
0x0806631C	0x08066339	thumb	MovementAction_JumpSpecialWithEffectLeft_Step1
0x0806633C	0x08066359	thumb	MovementAction_JumpSpecialWithEffectRight_Step0
0x0806635C	0x08066379	thumb	MovementAction_JumpSpecialWithEffectRight_Step1
0x0806637C	0x080663D7	thumb	MovementAction_FacePlayer_Step0
0x080663D8	0x0806643B	thumb	MovementAction_FaceAwayPlayer_Step0
0x0806643C	0x08066449	thumb	MovementAction_LockFacingDirection_Step0
0x0806644C	0x0806645B	thumb	MovementAction_UnlockFacingDirection_Step0
0x0806645C	0x08066485	thumb	MovementAction_JumpDown_Step0
0x08066488	0x080664B1	thumb	MovementAction_JumpDown_Step1
0x080664B4	0x080664DD	thumb	MovementAction_JumpUp_Step0
0x080664E0	0x08066509	thumb	MovementAction_JumpUp_Step1
0x0806650C	0x08066535	thumb	MovementAction_JumpLeft_Step0
0x08066538	0x08066561	thumb	MovementAction_JumpLeft_Step1
0x08066564	0x0806658D	thumb	MovementAction_JumpRight_Step0
0x08066590	0x080665B9	thumb	MovementAction_JumpRight_Step1
0x080665BC	0x080665E5	thumb	MovementAction_JumpInPlaceDown_Step0
0x080665E8	0x08066611	thumb	MovementAction_JumpInPlaceDown_Step1
0x08066614	0x0806663D	thumb	MovementAction_JumpInPlaceUp_Step0
0x08066640	0x08066669	thumb	MovementAction_JumpInPlaceUp_Step1
0x0806666C	0x08066695	thumb	MovementAction_JumpInPlaceLeft_Step0
0x08066698	0x080666C1	thumb	MovementAction_JumpInPlaceLeft_Step1
0x080666C4	0x080666ED	thumb	MovementAction_JumpInPlaceRight_Step0
0x080666F0	0x08066719	thumb	MovementAction_JumpInPlaceRight_Step1
0x0806671C	0x08066745	thumb	MovementAction_JumpInPlaceDownUp_Step0
0x08066748	0x08066771	thumb	MovementAction_JumpInPlaceDownUp_Step1
0x08066774	0x0806679D	thumb	MovementAction_JumpInPlaceUpDown_Step0
0x080667A0	0x080667C9	thumb	MovementAction_JumpInPlaceUpDown_Step1
0x080667CC	0x080667F5	thumb	MovementAction_JumpInPlaceLeftRight_Step0
0x080667F8	0x08066821	thumb	MovementAction_JumpInPlaceLeftRight_Step1
0x08066824	0x0806684D	thumb	MovementAction_JumpInPlaceRightLeft_Step0
0x08066850	0x08066879	thumb	MovementAction_JumpInPlaceRightLeft_Step1
0x0806687C	0x08066893	thumb	MovementAction_FaceOriginalDirection_Step0
0x08066894	0x080668A3	thumb	MovementAction_NurseJoyBowDown_Step0
0x080668A4	0x080668B3	thumb	MovementAction_EnableJumpLandingGroundEffect_Step0
0x080668B4	0x080668C1	thumb	MovementAction_DisableJumpLandingGroundEffect_Step0
0x080668C4	0x080668D1	thumb	MovementAction_DisableAnimation_Step0
0x080668D4	0x080668FD	thumb	MovementAction_RestoreAnimation_Step0
0x08066900	0x0806690D	thumb	MovementAction_SetInvisible_Step0
0x08066910	0x0806691F	thumb	MovementAction_SetVisible_Step0
0x08066920	0x08066943	thumb	MovementAction_EmoteExclamationMark_Step0
0x08066944	0x08066967	thumb	MovementAction_EmoteQuestionMark_Step0
0x08066968	0x0806698B	thumb	MovementAction_EmoteX_Step0
0x0806698C	0x080669AF	thumb	MovementAction_EmoteDoubleExclamationMark_Step0
0x080669B0	0x080669D3	thumb	MovementAction_EmoteSmile_Step0
0x080669D4	0x08066A17	thumb	MovementAction_RevealTrainer_Step0
0x08066A18	0x08066A35	thumb	MovementAction_RevealTrainer_Step1
0x08066A38	0x08066A51	thumb	MovementAction_RockSmashBreak_Step0
0x08066A54	0x08066A77	thumb	MovementAction_RockSmashBreak_Step1
0x08066A78	0x08066AB1	thumb	MovementAction_RockSmashBreak_Step2
0x08066AB4	0x08066ACD	thumb	MovementAction_CutTree_Step0
0x08066AD0	0x08066AF3	thumb	MovementAction_CutTree_Step1
0x08066AF4	0x08066B2D	thumb	MovementAction_CutTree_Step2
0x08066B30	0x08066B3D	thumb	MovementAction_SetFixedPriority_Step0
0x08066B40	0x08066B4F	thumb	MovementAction_ClearFixedPriority_Step0
0x08066B50	0x08066B7F	thumb	MovementAction_InitAffineAnim_Step0
0x08066B80	0x08066BAD	thumb	MovementAction_ClearAffineAnim_Step0
0x08066BB0	0x08066BE1	thumb	MovementAction_WalkDownStartAffine_Step0
0x08066BE4	0x08066C0D	thumb	MovementAction_WalkDownStartAffine_Step1
0x08066C10	0x08066C41	thumb	MovementAction_WalkDownAffine_Step0
0x08066C44	0x08066C6D	thumb	MovementAction_WalkDownAffine_Step1
0x08066C70	0x08066CAF	thumb	AcroWheelieFaceDirection
0x08066CB0	0x08066CBD	thumb	MovementAction_AcroWheelieFaceDown_Step0
0x08066CC0	0x08066CCD	thumb	MovementAction_AcroWheelieFaceUp_Step0
0x08066CD0	0x08066CDD	thumb	MovementAction_AcroWheelieFaceLeft_Step0
0x08066CE0	0x08066CED	thumb	MovementAction_AcroWheelieFaceRight_Step0
0x08066CF0	0x08066D13	thumb	MovementAction_AcroPopWheelieDown_Step0
0x08066D14	0x08066D37	thumb	MovementAction_AcroPopWheelieUp_Step0
0x08066D38	0x08066D5B	thumb	MovementAction_AcroPopWheelieLeft_Step0
0x08066D5C	0x08066D7F	thumb	MovementAction_AcroPopWheelieRight_Step0
0x08066D80	0x08066DA3	thumb	MovementAction_AcroEndWheelieFaceDown_Step0
0x08066DA4	0x08066DC7	thumb	MovementAction_AcroEndWheelieFaceUp_Step0
0x08066DC8	0x08066DEB	thumb	MovementAction_AcroEndWheelieFaceLeft_Step0
0x08066DEC	0x08066E0F	thumb	MovementAction_AcroEndWheelieFaceRight_Step0
0x08066E10	0x08066E33	thumb	MovementAction_UnusedAcroActionDown_Step0
0x08066E34	0x08066E57	thumb	MovementAction_UnusedAcroActionUp_Step0
0x08066E58	0x08066E7B	thumb	MovementAction_UnusedAcroActionLeft_Step0
0x08066E7C	0x08066E9F	thumb	MovementAction_UnusedAcroActionRight_Step0
0x08066EA0	0x08066EE1	thumb	InitAcroWheelieJump
0x08066EE4	0x08066F0D	thumb	MovementAction_AcroWheelieHopFaceDown_Step0
0x08066F10	0x08066F39	thumb	MovementAction_AcroWheelieHopFaceDown_Step1
0x08066F3C	0x08066F65	thumb	MovementAction_AcroWheelieHopFaceUp_Step0
0x08066F68	0x08066F91	thumb	MovementAction_AcroWheelieHopFaceUp_Step1
0x08066F94	0x08066FBD	thumb	MovementAction_AcroWheelieHopFaceLeft_Step0
0x08066FC0	0x08066FE9	thumb	MovementAction_AcroWheelieHopFaceLeft_Step1
0x08066FEC	0x08067015	thumb	MovementAction_AcroWheelieHopFaceRight_Step0
0x08067018	0x08067041	thumb	MovementAction_AcroWheelieHopFaceRight_Step1
0x08067044	0x0806706D	thumb	MovementAction_AcroWheelieHopDown_Step0
0x08067070	0x08067099	thumb	MovementAction_AcroWheelieHopDown_Step1
0x0806709C	0x080670C5	thumb	MovementAction_AcroWheelieHopUp_Step0
0x080670C8	0x080670F1	thumb	MovementAction_AcroWheelieHopUp_Step1
0x080670F4	0x0806711D	thumb	MovementAction_AcroWheelieHopLeft_Step0
0x08067120	0x08067149	thumb	MovementAction_AcroWheelieHopLeft_Step1
0x0806714C	0x08067175	thumb	MovementAction_AcroWheelieHopRight_Step0
0x08067178	0x080671A1	thumb	MovementAction_AcroWheelieHopRight_Step1
0x080671A4	0x080671CD	thumb	MovementAction_AcroWheelieJumpDown_Step0
0x080671D0	0x080671F9	thumb	MovementAction_AcroWheelieJumpDown_Step1
0x080671FC	0x08067225	thumb	MovementAction_AcroWheelieJumpUp_Step0
0x08067228	0x08067251	thumb	MovementAction_AcroWheelieJumpUp_Step1
0x08067254	0x0806727D	thumb	MovementAction_AcroWheelieJumpLeft_Step0
0x08067280	0x080672A9	thumb	MovementAction_AcroWheelieJumpLeft_Step1
0x080672AC	0x080672D5	thumb	MovementAction_AcroWheelieJumpRight_Step0
0x080672D8	0x08067301	thumb	MovementAction_AcroWheelieJumpRight_Step1
0x08067304	0x08067339	thumb	MovementAction_AcroWheelieInPlaceDown_Step0
0x0806733C	0x08067371	thumb	MovementAction_AcroWheelieInPlaceUp_Step0
0x08067374	0x080673A9	thumb	MovementAction_AcroWheelieInPlaceLeft_Step0
0x080673AC	0x080673E1	thumb	MovementAction_AcroWheelieInPlaceRight_Step0
0x080673E4	0x08067419	thumb	InitAcroPopWheelie
0x0806741C	0x0806743B	thumb	MovementAction_AcroPopWheelieMoveDown_Step0
0x0806743C	0x08067459	thumb	MovementAction_AcroPopWheelieMoveDown_Step1
0x0806745C	0x0806747B	thumb	MovementAction_AcroPopWheelieMoveUp_Step0
0x0806747C	0x08067499	thumb	MovementAction_AcroPopWheelieMoveUp_Step1
0x0806749C	0x080674BB	thumb	MovementAction_AcroPopWheelieMoveLeft_Step0
0x080674BC	0x080674D9	thumb	MovementAction_AcroPopWheelieMoveLeft_Step1
0x080674DC	0x080674FB	thumb	MovementAction_AcroPopWheelieMoveRight_Step0
0x080674FC	0x08067519	thumb	MovementAction_AcroPopWheelieMoveRight_Step1
0x0806751C	0x0806754B	thumb	InitAcroWheelieMove
0x0806754C	0x0806756B	thumb	MovementAction_AcroWheelieMoveDown_Step0
0x0806756C	0x08067589	thumb	MovementAction_AcroWheelieMoveDown_Step1
0x0806758C	0x080675AB	thumb	MovementAction_AcroWheelieMoveUp_Step0
0x080675AC	0x080675C9	thumb	MovementAction_AcroWheelieMoveUp_Step1
0x080675CC	0x080675EB	thumb	MovementAction_AcroWheelieMoveLeft_Step0
0x080675EC	0x08067609	thumb	MovementAction_AcroWheelieMoveLeft_Step1
0x0806760C	0x0806762B	thumb	MovementAction_AcroWheelieMoveRight_Step0
0x0806762C	0x08067649	thumb	MovementAction_AcroWheelieMoveRight_Step1
0x0806764C	0x08067683	thumb	InitSpin
0x08067684	0x080676A3	thumb	MovementAction_SpinDown_Step0
0x080676A4	0x080676C1	thumb	MovementAction_SpinDown_Step1
0x080676C4	0x080676E3	thumb	MovementAction_SpinUp_Step0
0x080676E4	0x08067701	thumb	MovementAction_SpinUp_Step1
0x08067704	0x08067723	thumb	MovementAction_SpinLeft_Step0
0x08067724	0x08067741	thumb	MovementAction_SpinLeft_Step1
0x08067744	0x08067763	thumb	MovementAction_SpinRight_Step0
0x08067764	0x08067781	thumb	MovementAction_SpinRight_Step1
0x08067784	0x080677BF	thumb	MovementAction_RaiseHand_Step0
0x080677C0	0x080677C9	thumb	MovementAction_RaiseHandAndStop_Step1
0x080677CC	0x080678BD	thumb	MovementAction_RaiseHandAndJump_Step1
0x080678C0	0x080678EF	thumb	MovementAction_RaiseHandAndSwim_Step1
0x080678F0	0x08067921	thumb	MovementAction_ShakeHeadOrWalkInPlace_Step0
0x08067924	0x0806792D	thumb	MovementAction_ShakeHeadOrWalkInPlace_Step1
0x08067930	0x08067933	thumb	MovementAction_Finish
0x08067934	0x08067941	thumb	MovementAction_PauseSpriteAnim
0x08067944	0x08067951	thumb	MovementAction_FlyUp_Step0
0x08067954	0x08067975	thumb	MovementAction_FlyUp_Step1
0x08067978	0x0806798B	thumb	MovementAction_FlyDown_Step0
0x0806798C	0x080679A5	thumb	MovementAction_FlyDown_Step1
0x080679A8	0x080679AB	thumb	MovementAction_FlyUp_Step2
0x080679AC	0x080679C5	thumb	UpdateObjectEventSpriteAnimPause
0x080679C8	0x080679F5	thumb	TryEnableObjectEventAnim
0x080679F8	0x08067A0F	thumb	UpdateObjectEventVisibility
0x08067A10	0x08067B0B	thumb	CalcWhetherObjectIsOffscreen
0x08067B0C	0x08067B31	thumb	UpdateObjEventSpriteVisibility
0x08067B34	0x08067B7B	thumb	GetAllGroundEffectFlags_OnSpawn
0x08067B7C	0x08067BD3	thumb	GetAllGroundEffectFlags_OnBeginStep
0x08067BD4	0x08067C23	thumb	GetAllGroundEffectFlags_OnFinishStep
0x08067C24	0x08067C49	thumb	ObjectEventUpdateMetatileBehaviors
0x08067C4C	0x08067CA5	thumb	GetGroundEffectFlags_Reflection
0x08067CA8	0x08067CC5	thumb	GetGroundEffectFlags_TallGrassOnSpawn
0x08067CC8	0x08067CE5	thumb	GetGroundEffectFlags_TallGrassOnBeginStep
0x08067CE8	0x08067D05	thumb	GetGroundEffectFlags_LongGrassOnSpawn
0x08067D08	0x08067D25	thumb	GetGroundEffectFlags_LongGrassOnBeginStep
0x08067D28	0x08067D67	thumb	GetGroundEffectFlags_Tracks
0x08067D68	0x08067DB5	thumb	GetGroundEffectFlags_SandHeap
0x08067DB8	0x08067E1B	thumb	GetGroundEffectFlags_ShallowFlowingWater
0x08067E1C	0x08067E49	thumb	GetGroundEffectFlags_Puddle
0x08067E4C	0x08067E6B	thumb	GetGroundEffectFlags_Ripple
0x08067E6C	0x08067EB9	thumb	GetGroundEffectFlags_ShortGrass
0x08067EBC	0x08067F09	thumb	GetGroundEffectFlags_HotSprings
0x08067F0C	0x08067F2B	thumb	GetGroundEffectFlags_Seaweed
0x08067F2C	0x08067F87	thumb	GetGroundEffectFlags_JumpLanding
0x08067F88	0x080680C7	thumb	ObjectEventCheckForReflectiveSurface
0x080680C8	0x080680F5	thumb	GetReflectionTypeByMetatileBehavior
0x080680F8	0x08068153	thumb	GetLedgeJumpDirection
0x08068154	0x080681AD	thumb	SetObjectEventSpriteOamTableForLongGrass
0x080681B0	0x080681E9	thumb	IsElevationMismatchAt
0x080681EC	0x08068247	thumb	UpdateObjectEventElevationAndPriority
0x08068248	0x08068293	thumb	InitObjectPriorityByElevation
0x08068294	0x080682A3	thumb	ElevationToPriority
0x080682A4	0x080682F7	thumb	ObjectEventUpdateElevation
0x080682F8	0x0806833F	thumb	SetObjectSubpriorityByElevation
0x08068340	0x08068359	thumb	ObjectEventUpdateSubpriority
0x0806835C	0x0806837B	thumb	AreElevationsCompatible
0x0806837C	0x080683C7	thumb	GroundEffect_SpawnOnTallGrass
0x080683C8	0x08068413	thumb	GroundEffect_StepOnTallGrass
0x08068414	0x0806845F	thumb	GroundEffect_SpawnOnLongGrass
0x08068460	0x080684AB	thumb	GroundEffect_StepOnLongGrass
0x080684AC	0x080684B7	thumb	GroundEffect_WaterReflection
0x080684B8	0x080684C3	thumb	GroundEffect_IceReflection
0x080684C4	0x080684D1	thumb	GroundEffect_FlowingWater
0x080684D4	0x080684FF	thumb	GroundEffect_SandTracks
0x08068500	0x0806852B	thumb	GroundEffect_DeepSandTracks
0x0806852C	0x0806852D	thumb	DoTracksGroundEffect_None
0x08068530	0x0806857F	thumb	DoTracksGroundEffect_Footprints
0x08068580	0x080685CF	thumb	DoTracksGroundEffect_BikeTireTracks
0x080685D0	0x080685D9	thumb	GroundEffect_Ripple
0x080685DC	0x080685E9	thumb	GroundEffect_StepOnPuddle
0x080685EC	0x080685F9	thumb	GroundEffect_SandHeap
0x080685FC	0x08068653	thumb	GroundEffect_JumpOnTallGrass
0x08068654	0x0806867B	thumb	GroundEffect_JumpOnLongGrass
0x0806867C	0x080686AB	thumb	GroundEffect_JumpOnShallowWater
0x080686AC	0x080686DB	thumb	GroundEffect_JumpOnWater
0x080686DC	0x0806870B	thumb	GroundEffect_JumpLandingDust
0x0806870C	0x08068719	thumb	GroundEffect_ShortGrass
0x0806871C	0x08068729	thumb	GroundEffect_HotSprings
0x0806872C	0x0806874B	thumb	GroundEffect_Seaweed
0x0806874C	0x0806879B	thumb	DoFlaggedGroundEffects
0x0806879C	0x080687D3	thumb	filters_out_some_ground_effects
0x080687D4	0x080687EF	thumb	FilterOutStepOnPuddleGroundEffectIfJumping
0x080687F0	0x0806883B	thumb	DoGroundEffects_OnSpawn
0x0806883C	0x0806888F	thumb	DoGroundEffects_OnBeginStep
0x08068890	0x080688E3	thumb	DoGroundEffects_OnFinishStep
0x080688E4	0x08068973	thumb	FreezeObjectEvent
0x08068974	0x080689AF	thumb	FreezeObjectEvents
0x080689B0	0x080689F3	thumb	FreezeObjectEventsExceptOne
0x080689F4	0x08068A5B	thumb	UnfreezeObjectEvent
0x08068A5C	0x08068A8B	thumb	UnfreezeObjectEvents
0x08068A8C	0x08068AAB	thumb	Step1
0x08068AAC	0x08068ACF	thumb	Step2
0x08068AD0	0x08068AF7	thumb	Step3
0x08068AF8	0x08068B1B	thumb	Step4
0x08068B1C	0x08068B3F	thumb	Step8
0x08068B40	0x08068B51	thumb	SetSpriteDataForNormalStep
0x08068B54	0x08068BBB	thumb	NpcTakeStep
0x08068BBC	0x08068BC9	thumb	SetWalkSlowerSpriteData
0x08068BCC	0x08068C05	thumb	UpdateWalkSlowerAnim
0x08068C08	0x08068C15	thumb	SetWalkSlowSpriteData
0x08068C18	0x08068C55	thumb	UpdateWalkSlowAnim
0x08068C58	0x08068C65	thumb	SetWalkSlowestSpriteData
0x08068C68	0x08068CA3	thumb	UpdateWalkSlowestAnim
0x08068CA4	0x08068CB1	thumb	SetRunSlowSpriteData
0x08068CB4	0x08068CFD	thumb	UpdateRunSlowAnim
0x08068D00	0x08068D1B	thumb	GetJumpY
0x08068D1C	0x08068D39	thumb	SetJumpSpriteData
0x08068D3C	0x08068DC3	thumb	DoJumpSpriteMovement
0x08068DC4	0x08068E57	thumb	DoJumpSpecialSpriteMovement
0x08068E58	0x08068E5B	thumb	SetMovementDelay
0x08068E5C	0x08068E73	thumb	WaitForMovementDelay
0x08068E74	0x08068E99	thumb	SetAndStartSpriteAnim
0x08068E9C	0x08068EB3	thumb	SpriteAnimEnded
0x08068EB4	0x08068FA7	thumb	UpdateObjectEventSpriteInvisibility
0x08068FA8	0x08068FCF	thumb	SpriteCB_VirtualObject
0x08068FD0	0x0806900B	thumb	DestroyVirtualObjects
0x0806900C	0x08069057	thumb	GetVirtualObjectSpriteId
0x08069058	0x08069093	thumb	TurnVirtualObject
0x08069094	0x08069123	thumb	SetVirtualObjectGraphics
0x08069124	0x0806916B	thumb	SetVirtualObjectInvisibility
0x0806916C	0x080691A3	thumb	IsVirtualObjectInvisible
0x080691A4	0x080691D3	thumb	SetVirtualObjectSpriteAnim
0x080691D4	0x0806920F	thumb	MoveUnionRoomObjectUp
0x08069210	0x08069247	thumb	MoveUnionRoomObjectDown
0x08069248	0x08069293	thumb	VirtualObject_UpdateAnim
0x08069294	0x080692C5	thumb	IsVirtualObjectAnimating
0x080692C8	0x080692EF	thumb	StartFieldEffectForObjectEvent
0x080692F0	0x0806930B	thumb	DoShadowFieldEffect
0x0806930C	0x08069347	thumb	DoRippleFieldEffect
0x08069348	0x0806936F	thumb	InitFieldMessageBox
0x08069370	0x0806940B	thumb	Task_DrawFieldMessageBox
0x0806940C	0x0806941F	thumb	CreateTask_DrawFieldMessageBox
0x08069420	0x0806943B	thumb	DestroyTask_DrawFieldMessageBox
0x0806943C	0x08069463	thumb	ShowFieldMessage
0x08069464	0x08069489	thumb	ShowFieldAutoScrollMessage
0x0806948C	0x080694A3	thumb	ForceShowFieldAutoScrollMessage
0x080694A4	0x080694C5	thumb	ShowFieldMessageFromBuffer
0x080694C8	0x080694E3	thumb	ExpandStringAndStartDrawFieldMessageBox
0x080694E4	0x080694F3	thumb	StartDrawFieldMessageBox
0x080694F4	0x0806950F	thumb	HideFieldMessageBox
0x08069510	0x0806951B	thumb	GetFieldMessageBoxType
0x0806951C	0x08069535	thumb	IsFieldMessageBoxHidden
0x08069538	0x08069553	thumb	ReplaceFieldMessageWithFrame
0x08069554	0x0806956D	thumb	walkrun_is_standing_still
0x08069570	0x0806958F	thumb	Task_WaitPlayerStopMoving
0x08069590	0x080695B1	thumb	IsFreezePlayerFinished
0x080695B4	0x080695CB	thumb	FreezeObjects_WaitForPlayer
0x080695CC	0x08069647	thumb	Task_WaitPlayerAndTargetNPCStopMoving
0x08069648	0x08069669	thumb	IsFreezeSelectedObjectAndPlayerFinished
0x0806966C	0x080696BF	thumb	FreezeObjects_WaitForPlayerAndSelected
0x080696C0	0x080696EF	thumb	ClearPlayerHeldMovementAndUnfreezeObjectEvents
0x080696F0	0x0806973F	thumb	UnionRoom_UnlockPlayerAndChatPartner
0x08069740	0x08069767	thumb	Script_FacePlayer
0x08069768	0x08069787	thumb	Script_ClearHeldMovement
0x08069788	0x080697AB	thumb	GetUserWindowGraphics
0x080697AC	0x080697E5	thumb	InitScriptContext
0x080697E8	0x080697F1	thumb	SetupBytecodeScript
0x080697F4	0x080697FB	thumb	SetupNativeScript
0x080697FC	0x08069803	thumb	StopScript
0x08069804	0x08069881	thumb	RunScriptCommand
0x08069884	0x080698AB	thumb	ScriptPush
0x080698AC	0x080698CD	thumb	ScriptPop
0x080698D0	0x080698D3	thumb	ScriptJump
0x080698D4	0x080698E7	thumb	ScriptCall
0x080698E8	0x080698F7	thumb	ScriptReturn
0x080698F8	0x0806990D	thumb	ScriptReadHalfword
0x08069910	0x0806993F	thumb	ScriptReadWord
0x08069940	0x0806994B	thumb	LockPlayerFieldControls
0x0806994C	0x08069957	thumb	UnlockPlayerFieldControls
0x08069958	0x08069963	thumb	ArePlayerFieldControlsLocked
0x08069964	0x0806996F	thumb	SetQuestLogInputIsDpadFlag
0x08069970	0x0806997B	thumb	ClearQuestLogInputIsDpadFlag
0x0806997C	0x08069995	thumb	IsQuestLogInputDpad
0x08069998	0x080699A3	thumb	RegisterQuestLogInput
0x080699A4	0x080699AF	thumb	ClearQuestLogInput
0x080699B0	0x080699BB	thumb	GetRegisteredQuestLogInput
0x080699BC	0x080699C7	thumb	DisableMsgBoxWalkaway
0x080699C8	0x080699D3	thumb	EnableMsgBoxWalkaway
0x080699D4	0x080699DF	thumb	IsMsgBoxWalkawayDisabled
0x080699E0	0x080699F7	thumb	SetWalkingIntoSignVars
0x080699F8	0x08069A03	thumb	ClearMsgBoxCancelableState
0x08069A04	0x08069A1D	thumb	CanWalkAwayToCancelMsgBox
0x08069A20	0x08069A2B	thumb	MsgSetSignpost
0x08069A2C	0x08069A37	thumb	MsgSetNotSignpost
0x08069A38	0x08069A51	thumb	IsMsgSignpost
0x08069A54	0x08069A61	thumb	ResetFacingNpcOrSignpostVars
0x08069A64	0x08069A7D	thumb	ScriptContext_IsEnabled
0x08069A80	0x08069AA7	thumb	ScriptContext_Init
0x08069AA8	0x08069AE3	thumb	ScriptContext_RunScript
0x08069AE4	0x08069B27	thumb	ScriptContext_SetupScript
0x08069B28	0x08069B33	thumb	ScriptContext_Stop
0x08069B34	0x08069B47	thumb	ScriptContext_Enable
0x08069B48	0x08069B7F	thumb	RunScriptImmediately
0x08069B80	0x08069BBD	thumb	MapHeaderGetScriptTable
0x08069BC0	0x08069BD5	thumb	MapHeaderRunScriptType
0x08069BD8	0x08069C37	thumb	MapHeaderCheckScriptTable
0x08069C38	0x08069C43	thumb	RunOnLoadMapScript
0x08069C44	0x08069C4F	thumb	RunOnTransitionMapScript
0x08069C50	0x08069C5B	thumb	RunOnResumeMapScript
0x08069C5C	0x08069C67	thumb	RunOnReturnToFieldMapScript
0x08069C68	0x08069C73	thumb	RunOnDiveWarpMapScript
0x08069C74	0x08069C99	thumb	TryRunOnFrameMapScript
0x08069C9C	0x08069CAF	thumb	TryRunOnWarpIntoMapScript
0x08069CB0	0x08069CD3	thumb	CalculateRamScriptChecksum
0x08069CD4	0x08069CFF	thumb	ClearRamScript
0x08069D00	0x08069D89	thumb	InitRamScript
0x08069D8C	0x08069DFB	thumb	GetRamScript
0x08069DFC	0x08069E47	thumb	ValidateRamScript
0x08069E48	0x08069EA3	thumb	GetSavedRamScriptIfValid
0x08069EA4	0x08069ECF	thumb	InitRamScript_NoObjectEvent
0x08069ED0	0x08069ED3	thumb	ScrCmd_nop
0x08069ED4	0x08069ED7	thumb	ScrCmd_nop1
0x08069ED8	0x08069EE3	thumb	ScrCmd_end
0x08069EE4	0x08069EFB	thumb	ScrCmd_gotonative
0x08069EFC	0x08069F3B	thumb	ScrCmd_special
0x08069F3C	0x08069F93	thumb	ScrCmd_specialvar
0x08069F94	0x08069FA3	thumb	ScrCmd_callnative
0x08069FA4	0x08069FAF	thumb	ScrCmd_waitstate
0x08069FB0	0x08069FC7	thumb	ScrCmd_goto
0x08069FC8	0x08069FD3	thumb	ScrCmd_return
0x08069FD4	0x08069FEB	thumb	ScrCmd_call
0x08069FEC	0x0806A027	thumb	ScrCmd_goto_if
0x0806A028	0x0806A063	thumb	ScrCmd_call_if
0x0806A064	0x0806A07F	thumb	ScrCmd_setvaddress
0x0806A080	0x0806A0A3	thumb	ScrCmd_vgoto
0x0806A0A4	0x0806A0C7	thumb	ScrCmd_vcall
0x0806A0C8	0x0806A10B	thumb	ScrCmd_vgoto_if
0x0806A10C	0x0806A14F	thumb	ScrCmd_vcall_if
0x0806A150	0x0806A17F	thumb	ScrCmd_gotostd
0x0806A180	0x0806A1AF	thumb	ScrCmd_callstd
0x0806A1B0	0x0806A1FB	thumb	ScrCmd_gotostd_if
0x0806A1FC	0x0806A247	thumb	ScrCmd_callstd_if
0x0806A248	0x0806A25B	thumb	ScrCmd_returnram
0x0806A25C	0x0806A271	thumb	ScrCmd_endram
0x0806A274	0x0806A289	thumb	ScrCmd_setmysteryeventstatus
0x0806A28C	0x0806A2B3	thumb	ScrCmd_trywondercardscript
0x0806A2B4	0x0806A2D5	thumb	ScrCmd_loadword
0x0806A2D8	0x0806A2FB	thumb	ScrCmd_loadbytefromptr
0x0806A2FC	0x0806A313	thumb	ScrCmd_setptr
0x0806A314	0x0806A32F	thumb	ScrCmd_loadbyte
0x0806A330	0x0806A353	thumb	ScrCmd_setptrbyte
0x0806A354	0x0806A373	thumb	ScrCmd_copylocal
0x0806A374	0x0806A38F	thumb	ScrCmd_copybyte
0x0806A390	0x0806A3B1	thumb	ScrCmd_setvar
0x0806A3B4	0x0806A3DF	thumb	ScrCmd_copyvar
0x0806A3E0	0x0806A409	thumb	ScrCmd_setorcopyvar
0x0806A40C	0x0806A42B	thumb	Compare
0x0806A42C	0x0806A45B	thumb	ScrCmd_compare_local_to_local
0x0806A45C	0x0806A483	thumb	ScrCmd_compare_local_to_value
0x0806A484	0x0806A4AF	thumb	ScrCmd_compare_local_to_ptr
0x0806A4B0	0x0806A4D9	thumb	ScrCmd_compare_ptr_to_local
0x0806A4DC	0x0806A4FB	thumb	ScrCmd_compare_ptr_to_value
0x0806A4FC	0x0806A51D	thumb	ScrCmd_compare_ptr_to_ptr
0x0806A520	0x0806A54D	thumb	ScrCmd_compare_var_to_value
0x0806A550	0x0806A583	thumb	ScrCmd_compare_var_to_var
0x0806A584	0x0806A5A9	thumb	ScrCmd_addvar
0x0806A5AC	0x0806A5D9	thumb	ScrCmd_subvar
0x0806A5DC	0x0806A60F	thumb	ScrCmd_random
0x0806A610	0x0806A65B	thumb	ScrCmd_additem
0x0806A65C	0x0806A69F	thumb	ScrCmd_removeitem
0x0806A6A0	0x0806A6E3	thumb	ScrCmd_checkitemspace
0x0806A6E4	0x0806A727	thumb	ScrCmd_checkitem
0x0806A728	0x0806A753	thumb	ScrCmd_checkitemtype
0x0806A754	0x0806A797	thumb	ScrCmd_addpcitem
0x0806A798	0x0806A7DB	thumb	ScrCmd_checkpcitem
0x0806A7DC	0x0806A7EF	thumb	ScrCmd_adddecoration
0x0806A7F0	0x0806A803	thumb	ScrCmd_removedecoration
0x0806A804	0x0806A817	thumb	ScrCmd_checkdecorspace
0x0806A818	0x0806A82B	thumb	ScrCmd_checkdecor
0x0806A82C	0x0806A83F	thumb	ScrCmd_setflag
0x0806A840	0x0806A853	thumb	ScrCmd_clearflag
0x0806A854	0x0806A86D	thumb	ScrCmd_checkflag
0x0806A870	0x0806A885	thumb	ScrCmd_incrementgamestat
0x0806A888	0x0806A8BD	thumb	ScrCmd_comparestat
0x0806A8C0	0x0806A8DF	thumb	ScrCmd_setworldmapflag
0x0806A8E0	0x0806A8F9	thumb	ScrCmd_animateflash
0x0806A8FC	0x0806A917	thumb	ScrCmd_setflashlevel
0x0806A918	0x0806A935	thumb	IsPaletteNotActive
0x0806A938	0x0806A95F	thumb	ScrCmd_fadescreen
0x0806A960	0x0806A98F	thumb	ScrCmd_fadescreenspeed
0x0806A990	0x0806A9AD	thumb	RunPauseTimer
0x0806A9B0	0x0806A9D3	thumb	ScrCmd_delay
0x0806A9D4	0x0806A9D7	thumb	ScrCmd_initclock
0x0806A9D8	0x0806A9DB	thumb	ScrCmd_dotimebasedevents
0x0806A9DC	0x0806A9FB	thumb	ScrCmd_gettime
0x0806A9FC	0x0806AA17	thumb	ScrCmd_setweather
0x0806AA18	0x0806AA23	thumb	ScrCmd_resetweather
0x0806AA24	0x0806AA2F	thumb	ScrCmd_doweather
0x0806AA30	0x0806AA45	thumb	ScrCmd_setstepcallback
0x0806AA48	0x0806AA63	thumb	ScrCmd_setmaplayoutindex
0x0806AA64	0x0806AAE9	thumb	ScrCmd_warp
0x0806AAEC	0x0806AB71	thumb	ScrCmd_warpsilent
0x0806AB74	0x0806ABF9	thumb	ScrCmd_warpdoor
0x0806ABFC	0x0806AC6F	thumb	ScrCmd_warphole
0x0806AC70	0x0806ACF5	thumb	ScrCmd_warpteleport
0x0806ACF8	0x0806AD89	thumb	ScrCmd_warpspinenter
0x0806AD8C	0x0806AE09	thumb	ScrCmd_setwarp
0x0806AE0C	0x0806AE8D	thumb	ScrCmd_setdynamicwarp
0x0806AE90	0x0806AF0D	thumb	ScrCmd_setdivewarp
0x0806AF10	0x0806AF8D	thumb	ScrCmd_setholewarp
0x0806AF90	0x0806B00D	thumb	ScrCmd_setescapewarp
0x0806B010	0x0806B04B	thumb	ScrCmd_getplayerxy
0x0806B04C	0x0806B067	thumb	ScrCmd_getpartysize
0x0806B068	0x0806B07B	thumb	ScrCmd_playse
0x0806B07C	0x0806B091	thumb	WaitForSoundEffectFinish
0x0806B094	0x0806B0A7	thumb	ScrCmd_waitse
0x0806B0A8	0x0806B0BB	thumb	ScrCmd_playfanfare
0x0806B0BC	0x0806B0C9	thumb	WaitForFanfareFinish
0x0806B0CC	0x0806B0DF	thumb	ScrCmd_waitfanfare
0x0806B0E0	0x0806B11F	thumb	ScrCmd_playbgm
0x0806B120	0x0806B133	thumb	ScrCmd_savebgm
0x0806B134	0x0806B153	thumb	ScrCmd_fadedefaultbgm
0x0806B154	0x0806B17B	thumb	ScrCmd_fadenewbgm
0x0806B17C	0x0806B1C7	thumb	ScrCmd_fadeoutbgm
0x0806B1C8	0x0806B1FF	thumb	ScrCmd_fadeinbgm
0x0806B200	0x0806B243	thumb	ScrCmd_applymovement
0x0806B244	0x0806B287	thumb	ScrCmd_applymovementat
0x0806B288	0x0806B2AF	thumb	WaitForMovementFinish
0x0806B2B0	0x0806B303	thumb	ScrCmd_waitmovement
0x0806B304	0x0806B357	thumb	ScrCmd_waitmovementat
0x0806B358	0x0806B37F	thumb	ScrCmd_removeobject
0x0806B380	0x0806B3AD	thumb	ScrCmd_removeobjectat
0x0806B3B0	0x0806B3D7	thumb	ScrCmd_addobject
0x0806B3D8	0x0806B405	thumb	ScrCmd_addobjectat
0x0806B408	0x0806B46F	thumb	ScrCmd_setobjectxy
0x0806B470	0x0806B4C5	thumb	ScrCmd_setobjectxyperm
0x0806B4C8	0x0806B4EF	thumb	ScrCmd_copyobjectxytoperm
0x0806B4F0	0x0806B51F	thumb	ScrCmd_showobjectat
0x0806B520	0x0806B54F	thumb	ScrCmd_hideobjectat
0x0806B550	0x0806B589	thumb	ScrCmd_setobjectsubpriority
0x0806B58C	0x0806B5B9	thumb	ScrCmd_resetobjectsubpriority
0x0806B5BC	0x0806B5F3	thumb	ScrCmd_faceplayer
0x0806B5F4	0x0806B627	thumb	ScrCmd_turnobject
0x0806B628	0x0806B64F	thumb	ScrCmd_setobjectmovementtype
0x0806B650	0x0806B6BF	thumb	ScrCmd_createvobject
0x0806B6C0	0x0806B6DB	thumb	ScrCmd_turnvobject
0x0806B6DC	0x0806B703	thumb	ScrCmd_lockall
0x0806B704	0x0806B75B	thumb	ScrCmd_lock
0x0806B75C	0x0806B793	thumb	ScrCmd_releaseall
0x0806B794	0x0806B7EB	thumb	ScrCmd_release
0x0806B7EC	0x0806B80B	thumb	ScrCmd_textcolor
0x0806B80C	0x0806B825	thumb	ScrCmd_message
0x0806B828	0x0806B84F	thumb	ScrCmd_loadhelp
0x0806B850	0x0806B85B	thumb	ScrCmd_unloadhelp
0x0806B85C	0x0806B875	thumb	ScrCmd_messageautoscroll
0x0806B878	0x0806B88B	thumb	ScrCmd_waitmessage
0x0806B88C	0x0806B897	thumb	ScrCmd_closemessage
0x0806B898	0x0806B93B	thumb	WaitForAorBPress
0x0806B93C	0x0806B96B	thumb	ScriptContext_NextCommandEndsScript
0x0806B96C	0x0806BA39	thumb	ScriptContext_GetQuestLogInput
0x0806BA3C	0x0806BA7F	thumb	ScrCmd_waitbuttonpress
0x0806BA80	0x0806BAAB	thumb	ScrCmd_yesnobox
0x0806BAAC	0x0806BAE5	thumb	ScrCmd_multichoice
0x0806BAE8	0x0806BB37	thumb	ScrCmd_multichoicedefault
0x0806BB38	0x0806BB3B	thumb	ScrCmd_drawbox
0x0806BB3C	0x0806BB8B	thumb	ScrCmd_multichoicegrid
0x0806BB8C	0x0806BB95	thumb	ScrCmd_erasebox
0x0806BB98	0x0806BB9B	thumb	ScrCmd_drawboxtext
0x0806BB9C	0x0806BBD5	thumb	ScrCmd_showmonpic
0x0806BBD8	0x0806BBF7	thumb	ScrCmd_hidemonpic
0x0806BBF8	0x0806BC01	thumb	ScrCmd_showcontestpainting
0x0806BC04	0x0806BC3F	thumb	ScrCmd_braillemessage
0x0806BC40	0x0806BC6B	thumb	ScrCmd_getbraillestringwidth
0x0806BC6C	0x0806BC87	thumb	ScrCmd_vmessage
0x0806BC88	0x0806BCC7	thumb	ScrCmd_bufferspeciesname
0x0806BCC8	0x0806BD13	thumb	ScrCmd_bufferleadmonspeciesname
0x0806BD14	0x0806BD5B	thumb	ScrCmd_bufferpartymonnick
0x0806BD5C	0x0806BD8F	thumb	ScrCmd_bufferitemname
0x0806BD90	0x0806BE33	thumb	ScrCmd_bufferitemnameplural
0x0806BE34	0x0806BE4D	thumb	ScrCmd_bufferdecorationname
0x0806BE50	0x0806BE8F	thumb	ScrCmd_buffermovename
0x0806BE90	0x0806BED3	thumb	ScrCmd_buffernumberstring
0x0806BED4	0x0806BF13	thumb	ScrCmd_bufferstdstring
0x0806BF14	0x0806BF3B	thumb	ScrCmd_bufferstring
0x0806BF3C	0x0806BF5F	thumb	ScrCmd_vbuffermessage
0x0806BF60	0x0806BF93	thumb	ScrCmd_vbufferstring
0x0806BF94	0x0806BFCF	thumb	ScrCmd_bufferboxname
0x0806BFD0	0x0806C04F	thumb	ScrCmd_givemon
0x0806C050	0x0806C07B	thumb	ScrCmd_giveegg
0x0806C07C	0x0806C0A5	thumb	ScrCmd_setmonmove
0x0806C0A8	0x0806C123	thumb	ScrCmd_checkpartymove
0x0806C124	0x0806C157	thumb	ScrCmd_addmoney
0x0806C158	0x0806C18B	thumb	ScrCmd_removemoney
0x0806C18C	0x0806C1CB	thumb	ScrCmd_checkmoney
0x0806C1CC	0x0806C21B	thumb	ScrCmd_showmoneybox
0x0806C21C	0x0806C227	thumb	ScrCmd_hidemoneybox
0x0806C228	0x0806C257	thumb	ScrCmd_updatemoneybox
0x0806C258	0x0806C293	thumb	ScrCmd_showcoinsbox
0x0806C294	0x0806C2A5	thumb	ScrCmd_hidecoinsbox
0x0806C2A8	0x0806C2C1	thumb	ScrCmd_updatecoinsbox
0x0806C2C4	0x0806C2D7	thumb	ScrCmd_trainerbattle
0x0806C2D8	0x0806C2E3	thumb	ScrCmd_dotrainerbattle
0x0806C2E4	0x0806C2F5	thumb	ScrCmd_gotopostbattlescript
0x0806C2F8	0x0806C309	thumb	ScrCmd_gotobeatenscript
0x0806C30C	0x0806C32D	thumb	ScrCmd_checktrainerflag
0x0806C330	0x0806C34B	thumb	ScrCmd_settrainerflag
0x0806C34C	0x0806C367	thumb	ScrCmd_cleartrainerflag
0x0806C368	0x0806C399	thumb	ScrCmd_setwildbattle
0x0806C39C	0x0806C3AB	thumb	ScrCmd_dowildbattle
0x0806C3AC	0x0806C3BF	thumb	ScrCmd_pokemart
0x0806C3C0	0x0806C3D3	thumb	ScrCmd_pokemartdecoration
0x0806C3D4	0x0806C3E7	thumb	ScrCmd_pokemartdecoration2
0x0806C3E8	0x0806C40F	thumb	ScrCmd_playslotmachine
0x0806C410	0x0806C413	thumb	ScrCmd_setberrytree
0x0806C414	0x0806C417	thumb	ScrCmd_getpokenewsactive
0x0806C418	0x0806C423	thumb	ScrCmd_choosecontestmon
0x0806C424	0x0806C427	thumb	ScrCmd_startcontest
0x0806C428	0x0806C42B	thumb	ScrCmd_showcontestresults
0x0806C42C	0x0806C42F	thumb	ScrCmd_contestlinktransfer
0x0806C430	0x0806C457	thumb	ScrCmd_dofieldeffect
0x0806C458	0x0806C487	thumb	ScrCmd_setfieldeffectargument
0x0806C488	0x0806C4A5	thumb	WaitForFieldEffectFinish
0x0806C4A8	0x0806C4D3	thumb	ScrCmd_waitfieldeffect
0x0806C4D4	0x0806C4EF	thumb	ScrCmd_setrespawn
0x0806C4F0	0x0806C507	thumb	ScrCmd_checkplayergender
0x0806C508	0x0806C53F	thumb	ScrCmd_playmoncry
0x0806C540	0x0806C553	thumb	ScrCmd_waitmoncry
0x0806C554	0x0806C5D1	thumb	ScrCmd_setmetatile
0x0806C5D4	0x0806C629	thumb	ScrCmd_opendoor
0x0806C62C	0x0806C66F	thumb	ScrCmd_closedoor
0x0806C670	0x0806C685	thumb	IsDoorAnimationStopped
0x0806C688	0x0806C69B	thumb	ScrCmd_waitdooranim
0x0806C69C	0x0806C6DF	thumb	ScrCmd_setdooropen
0x0806C6E0	0x0806C723	thumb	ScrCmd_setdoorclosed
0x0806C724	0x0806C727	thumb	ScrCmd_addelevmenuitem
0x0806C728	0x0806C72B	thumb	ScrCmd_showelevmenu
0x0806C72C	0x0806C749	thumb	ScrCmd_checkcoins
0x0806C74C	0x0806C783	thumb	ScrCmd_addcoins
0x0806C784	0x0806C7BB	thumb	ScrCmd_removecoins
0x0806C7BC	0x0806C7C7	thumb	ScrCmd_signmsg
0x0806C7C8	0x0806C7D3	thumb	ScrCmd_normalmsg
0x0806C7D4	0x0806C80B	thumb	ScrCmd_setmonmodernfatefulencounter
0x0806C80C	0x0806C843	thumb	ScrCmd_checkmonmodernfatefulencounter
0x0806C844	0x0806C887	thumb	ScrCmd_setmonmetlocation
0x0806C888	0x0806C8B9	thumb	FieldClearPlayerInput
0x0806C8BC	0x0806CA4B	thumb	FieldGetPlayerInput
0x0806CA4C	0x0806CAC7	thumb	QuestLogOverrideJoyVars
0x0806CAC8	0x0806CD2D	thumb	ProcessPlayerFieldInput
0x0806CD30	0x0806CDF7	thumb	FieldInput_HandleCancelSignpost
0x0806CDF8	0x0806CE1D	thumb	Task_QuestLogPlayback_OpenStartMenu
0x0806CE20	0x0806CE35	thumb	GetPlayerPosition
0x0806CE38	0x0806CE73	thumb	GetInFrontOfPlayerPosition
0x0806CE74	0x0806CE9D	thumb	GetPlayerCurMetatileBehavior
0x0806CEA0	0x0806CEDF	thumb	TryStartInteractionScript
0x0806CEE0	0x0806CF35	thumb	GetInteractionScript
0x0806CF38	0x0806CFF3	thumb	GetInteractedLinkPlayerScript
0x0806CFF4	0x0806D0E3	thumb	GetInteractedObjectEventScript
0x0806D0E4	0x0806D1EF	thumb	GetInteractedBackgroundEventScript
0x0806D1F0	0x0806D547	thumb	GetInteractedMetatileScript
0x0806D548	0x0806D5E7	thumb	GetInteractedWaterScript
0x0806D5E8	0x0806D65F	thumb	TryStartStepBasedScript
0x0806D660	0x0806D693	thumb	TryStartCoordEventScript
0x0806D694	0x0806D697	thumb	TryStartMiscWalkingScripts
0x0806D698	0x0806D737	thumb	TryStartStepCountScript
0x0806D738	0x0806D74B	thumb	Unref_ClearHappinessStepCounter
0x0806D74C	0x0806D787	thumb	UpdateHappinessStepCounter
0x0806D788	0x0806D79B	thumb	ClearPoisonStepCounter
0x0806D79C	0x0806D7E7	thumb	UpdatePoisonStepCounter
0x0806D7E8	0x0806D7F1	thumb	RestartWildEncounterImmunitySteps
0x0806D7F4	0x0806D801	thumb	CheckStandardWildEncounter
0x0806D804	0x0806D897	thumb	TrySetUpWalkIntoSignpostScript
0x0806D898	0x0806D907	thumb	GetFacingSignpostType
0x0806D908	0x0806D927	thumb	SetUpWalkIntoSignScript
0x0806D928	0x0806D963	thumb	GetSignpostScriptAtMapPosition
0x0806D964	0x0806DA0F	thumb	TryArrowWarp
0x0806DA10	0x0806DAF3	thumb	TryStartWarpEventScript
0x0806DAF4	0x0806DB83	thumb	IsWarpMetatileBehavior
0x0806DB84	0x0806DBD7	thumb	IsDirectionalStairWarpMetatileBehavior
0x0806DBD8	0x0806DC2D	thumb	IsArrowWarpMetatileBehavior
0x0806DC30	0x0806DC51	thumb	GetWarpEventAtMapPosition
0x0806DC54	0x0806DCCF	thumb	SetupWarp
0x0806DCD0	0x0806DD37	thumb	TryDoorWarp
0x0806DD38	0x0806DD7F	thumb	GetWarpEventAtPosition
0x0806DD80	0x0806DDBD	thumb	TryRunCoordEventScript
0x0806DDC0	0x0806DE25	thumb	GetCoordEventScriptAtPosition
0x0806DE28	0x0806DE6F	thumb	HandleBoulderFallThroughHole
0x0806DE70	0x0806DEC3	thumb	HandleBoulderActivateVictoryRoadSwitch
0x0806DEC4	0x0806DEEB	thumb	GetCoordEventScriptAtMapPosition
0x0806DEEC	0x0806DF39	thumb	GetBackgroundEventAtPosition
0x0806DF3C	0x0806DFB7	thumb	dive_warp
0x0806DFB8	0x0806E04D	thumb	TrySetDiveWarp
0x0806E050	0x0806E089	thumb	GetObjectEventScriptPointerPlayerFacing
0x0806E08C	0x0806E0CF	thumb	SetCableClubWarp
0x0806E0D0	0x0806E10F	thumb	InitEventData
0x0806E110	0x0806E167	thumb	ClearTempFieldEventData
0x0806E168	0x0806E18F	thumb	DisableNationalPokedex_RSE
0x0806E190	0x0806E1BF	thumb	EnableNationalPokedex_RSE
0x0806E1C0	0x0806E201	thumb	IsNationalPokedexEnabled_RSE
0x0806E204	0x0806E22B	thumb	DisableNationalPokedex
0x0806E22C	0x0806E25B	thumb	EnableNationalPokedex
0x0806E25C	0x0806E299	thumb	IsNationalPokedexEnabled
0x0806E29C	0x0806E2AB	thumb	DisableMysteryGift
0x0806E2AC	0x0806E2BB	thumb	EnableMysteryGift
0x0806E2BC	0x0806E2CF	thumb	IsMysteryGiftEnabled
0x0806E2D0	0x0806E36F	thumb	ClearMysteryGiftFlags
0x0806E370	0x0806E3E3	thumb	ClearMysteryGiftVars
0x0806E3E4	0x0806E3FF	thumb	DisableResetRTC
0x0806E400	0x0806E41F	thumb	EnableResetRTC
0x0806E420	0x0806E451	thumb	CanResetRTC
0x0806E454	0x0806E527	thumb	GetVarPointer
0x0806E528	0x0806E567	thumb	IsFlagOrVarStoredInQuestLog
0x0806E568	0x0806E583	thumb	VarGet
0x0806E584	0x0806E5A3	thumb	VarSet
0x0806E5A4	0x0806E5BF	thumb	VarGetObjectEventGraphicsId
0x0806E5C0	0x0806E67F	thumb	GetFlagAddr
0x0806E680	0x0806E6A7	thumb	FlagSet
0x0806E6A8	0x0806E6CF	thumb	FlagClear
0x0806E6D0	0x0806E6FB	thumb	FlagGet
0x0806E6FC	0x0806E7A7	thumb	ResetSpecialVars
0x0806E7A8	0x0806E7A9	thumb	WeatherCoordEvent_SunnyClouds
0x0806E7AC	0x0806E7AD	thumb	WeatherCoordEvent_Sunny
0x0806E7B0	0x0806E7B1	thumb	WeatherCoordEvent_Rain
0x0806E7B4	0x0806E7B5	thumb	WeatherCoordEvent_Snow
0x0806E7B8	0x0806E7B9	thumb	WeatherCoordEvent_RainThunderstorm
0x0806E7BC	0x0806E7BD	thumb	WeatherCoordEvent_FogHorizontal
0x0806E7C0	0x0806E7C1	thumb	WeatherCoordEvent_VolcanicAsh
0x0806E7C4	0x0806E7C5	thumb	WeatherCoordEvent_Sandstorm
0x0806E7C8	0x0806E7C9	thumb	WeatherCoordEvent_FogDiagonal
0x0806E7CC	0x0806E7CD	thumb	WeatherCoordEvent_Underwater
0x0806E7D0	0x0806E7D1	thumb	WeatherCoordEvent_Shade
0x0806E7D4	0x0806E7D5	thumb	WeatherCoordEvent_Route119Cycle
0x0806E7D8	0x0806E7D9	thumb	WeatherCoordEvent_Route123Cycle
0x0806E7DC	0x0806E80F	thumb	DoCoordEventWeather
0x0806E810	0x0806E83B	thumb	Task_RunPerStepCallback
0x0806E83C	0x0806E87B	thumb	Task_RunTimeBasedEvents
0x0806E87C	0x0806E8CF	thumb	SetUpFieldTasks
0x0806E8D0	0x0806E917	thumb	ActivatePerStepCallback
0x0806E918	0x0806E953	thumb	ResetFieldTasksArgs
0x0806E954	0x0806E955	thumb	DummyPerStepCallback
0x0806E958	0x0806E99B	thumb	MarkIcePuzzleCoordVisited
0x0806E99C	0x0806E9DF	thumb	SetIcefallCaveCrackedIceMetatiles
0x0806E9E0	0x0806EB53	thumb	IcefallCaveIcePerStepCallback
0x0806EB54	0x0806EC03	thumb	AshGrassPerStepCallback
0x0806EC04	0x0806EC3F	thumb	SetCrackedFloorHoleMetatile
0x0806EC40	0x0806ED35	thumb	CrackedFloorPerStepCallback
0x0806ED38	0x0806ED53	thumb	SetHasPokedexAndPokemon
0x0806ED54	0x0806ED93	thumb	SetUpStartMenu
0x0806ED94	0x0806EDAF	thumb	AppendToStartMenuItems
0x0806EDB0	0x0806EE03	thumb	SetUpStartMenu_NormalField
0x0806EE04	0x0806EE33	thumb	SetUpStartMenu_SafariZone
0x0806EE34	0x0806EE57	thumb	SetUpStartMenu_Link
0x0806EE58	0x0806EE7B	thumb	SetUpStartMenu_UnionRoom
0x0806EE7C	0x0806EF17	thumb	DrawSafariZoneStatsWindow
0x0806EF18	0x0806EF43	thumb	DestroySafariZoneStatsWindow
0x0806EF44	0x0806F019	thumb	PrintStartMenuItems
0x0806F01C	0x0806F149	thumb	DoDrawStartMenu
0x0806F14C	0x0806F167	thumb	DrawStartMenuInOneGo
0x0806F168	0x0806F185	thumb	task50_startmenu
0x0806F188	0x0806F1B7	thumb	OpenStartMenuWithFollowupFunc
0x0806F1B8	0x0806F1D1	thumb	FieldCB2_DrawStartMenu
0x0806F1D4	0x0806F1EF	thumb	SetUpReturnToStartMenu
0x0806F1F0	0x0806F257	thumb	Task_StartMenuHandleInput
0x0806F258	0x0806F27F	thumb	ShowStartMenu
0x0806F280	0x0806F393	thumb	StartCB_HandleInput
0x0806F394	0x0806F3CB	thumb	StartMenu_FadeScreenIfLeavingOverworld
0x0806F3CC	0x0806F40D	thumb	StartMenuPokedexSanityCheck
0x0806F410	0x0806F44B	thumb	StartMenuPokedexCallback
0x0806F44C	0x0806F47F	thumb	StartMenuPokemonCallback
0x0806F480	0x0806F4B3	thumb	StartMenuBagCallback
0x0806F4B4	0x0806F4E7	thumb	StartMenuPlayerCallback
0x0806F4E8	0x0806F4FB	thumb	StartMenuSaveCallback
0x0806F4FC	0x0806F53F	thumb	StartMenuOptionCallback
0x0806F540	0x0806F553	thumb	StartMenuExitCallback
0x0806F554	0x0806F56B	thumb	StartMenuSafariZoneRetireCallback
0x0806F56C	0x0806F5A3	thumb	StartMenuLinkPlayerCallback
0x0806F5A4	0x0806F5C7	thumb	StartCB_Save1
0x0806F5C8	0x0806F621	thumb	StartCB_Save2
0x0806F624	0x0806F647	thumb	StartMenu_PrepareForSave
0x0806F648	0x0806F679	thumb	RunSaveDialogCB
0x0806F67C	0x0806F69B	thumb	Field_AskSaveTheGame
0x0806F69C	0x0806F6D3	thumb	PrintSaveTextWithFollowupFunc
0x0806F6D4	0x0806F71B	thumb	task50_save_game
0x0806F71C	0x0806F729	thumb	CloseSaveMessageWindow
0x0806F72C	0x0806F735	thumb	CloseSaveStatsWindow_
0x0806F738	0x0806F743	thumb	SetSaveDialogDelayTo60Frames
0x0806F744	0x0806F777	thumb	SaveDialog_Wait60FramesOrAButtonHeld
0x0806F778	0x0806F7A5	thumb	SaveDialog_Wait60FramesThenCheckAButtonHeld
0x0806F7A8	0x0806F7DB	thumb	SaveDialogCB_PrintAskSaveText
0x0806F7DC	0x0806F7F7	thumb	SaveDialogCB_AskSavePrintYesNoMenu
0x0806F7F8	0x0806F869	thumb	SaveDialogCB_AskSaveHandleInput
0x0806F86C	0x0806F8A3	thumb	SaveDialogCB_PrintAskOverwriteText
0x0806F8A4	0x0806F8BF	thumb	SaveDialogCB_AskOverwritePrintYesNoMenu
0x0806F8C0	0x0806F8DB	thumb	SaveDialogCB_AskReplacePreviousFilePrintYesNoMenu
0x0806F8DC	0x0806F921	thumb	SaveDialogCB_AskOverwriteOrReplacePreviousFileHandleInput
0x0806F924	0x0806F93F	thumb	SaveDialogCB_PrintSavingDontTurnOffPower
0x0806F940	0x0806F97B	thumb	SaveDialogCB_DoSave
0x0806F97C	0x0806F9B7	thumb	SaveDialogCB_PrintSaveResult
0x0806F9B8	0x0806F9DF	thumb	SaveDialogCB_WaitPrintSuccessAndPlaySE
0x0806F9E0	0x0806FA03	thumb	SaveDialogCB_ReturnSuccess
0x0806FA04	0x0806FA2B	thumb	SaveDialogCB_WaitPrintErrorAndPlaySE
0x0806FA2C	0x0806FA45	thumb	SaveDialogCB_ReturnError
0x0806FA48	0x0806FA51	thumb	VBlankCB_WhileSavingAfterLinkBattle
0x0806FA54	0x0806FB79	thumb	DoSetUpSaveAfterLinkBattle
0x0806FB7C	0x0806FBA7	thumb	CB2_SetUpSaveAfterLinkBattle
0x0806FBA8	0x0806FBB5	thumb	CB2_WhileSavingAfterLinkBattle
0x0806FBB8	0x0806FCF3	thumb	task50_after_link_battle_save
0x0806FCF4	0x0806FE83	thumb	PrintSaveStats
0x0806FE84	0x0806FE9F	thumb	CloseSaveStatsWindow
0x0806FEA0	0x0806FEC5	thumb	CloseStartMenu
0x0806FEC8	0x0806FED5	thumb	AppendToList
0x0806FED8	0x0806FF03	thumb	ResetTilesetAnimBuffer
0x0806FF04	0x0806FF53	thumb	AppendTilesetAnimToBuffer
0x0806FF54	0x0806FF9B	thumb	TransferTilesetAnimsBuffer
0x0806FF9C	0x0806FFAD	thumb	InitTilesetAnimations
0x0806FFB0	0x0806FFB9	thumb	InitSecondaryTilesetAnimation
0x0806FFBC	0x0807002B	thumb	UpdateTilesetAnimations
0x0807002C	0x08070067	thumb	_InitPrimaryTilesetAnimation
0x08070068	0x080700A3	thumb	_InitSecondaryTilesetAnimation
0x080700A4	0x080700CF	thumb	QueueAnimTiles_General_Flower
0x080700D0	0x080700F7	thumb	QueueAnimTiles_General_Water_Current_LandWatersEdge
0x080700F8	0x0807011F	thumb	QueueAnimTiles_General_SandWatersEdge
0x08070120	0x08070151	thumb	TilesetAnim_General
0x08070154	0x0807017B	thumb	InitTilesetAnim_General
0x0807017C	0x080701AB	thumb	QueueAnimTiles_CeladonCity_Fountain
0x080701AC	0x080701D5	thumb	TilesetAnim_CeladonCity
0x080701D8	0x080701FB	thumb	InitTilesetAnim_CeladonCity
0x080701FC	0x08070223	thumb	QueueAnimTiles_SilphCo_Fountain
0x08070224	0x0807024D	thumb	TilesetAnim_SilphCo
0x08070250	0x08070273	thumb	InitTilesetAnim_SilphCo
0x08070274	0x0807029B	thumb	QueueAnimTiles_MtEmber_Steam
0x0807029C	0x080702B3	thumb	TilesetAnim_MtEmber
0x080702B4	0x080702DB	thumb	InitTilesetAnim_MtEmber
0x080702DC	0x08070303	thumb	QueueAnimTiles_VermilionGym_MotorizedDoor
0x08070304	0x0807031B	thumb	TilesetAnim_VermilionGym
0x0807031C	0x0807033F	thumb	InitTilesetAnim_VermilionGym
0x08070340	0x08070367	thumb	QueueAnimTiles_CeladonGym_Flowers
0x08070368	0x0807037F	thumb	TilesetAnim_CeladonGym
0x08070380	0x080703A7	thumb	InitTilesetAnim_CeladonGym
0x080703A8	0x080703EB	thumb	LoadCompressedPalette
0x080703EC	0x08070423	thumb	LoadPalette
0x08070424	0x08070473	thumb	FillPalette
0x08070474	0x080704CF	thumb	TransferPlttBuffer
0x080704D0	0x08070527	thumb	UpdatePaletteFade
0x08070528	0x08070545	thumb	ResetPaletteFade
0x08070548	0x08070587	thumb	ReadPlttIntoBuffers
0x08070588	0x080706CF	thumb	BeginNormalPaletteFade
0x080706D0	0x08070717	thumb	BeginPlttFade
0x08070718	0x0807078F	thumb	PaletteStruct_Run
0x08070790	0x080708F3	thumb	PaletteStruct_Copy
0x080708F4	0x080709B3	thumb	PaletteStruct_Blend
0x080709B4	0x08070A0B	thumb	PaletteStruct_TryEnd
0x08070A0C	0x08070A25	thumb	PaletteStruct_ResetById
0x08070A28	0x08070A83	thumb	PaletteStruct_Reset
0x08070A84	0x08070AFB	thumb	ResetPaletteFadeControl
0x08070AFC	0x08070B27	thumb	PaletteStruct_SetUnusedFlag
0x08070B28	0x08070B57	thumb	PaletteStruct_ClearUnusedFlag
0x08070B58	0x08070B8B	thumb	PaletteStruct_GetPalNum
0x08070B8C	0x08070CCB	thumb	UpdateNormalPaletteFade
0x08070CCC	0x08070D13	thumb	InvertPlttBuffer
0x08070D14	0x08070DE7	thumb	TintPlttBuffer
0x08070DE8	0x08070E43	thumb	UnfadePlttBuffer
0x08070E44	0x08070E67	thumb	BeginFastPaletteFade
0x08070E68	0x08070EEB	thumb	BeginFastPaletteFadeInternal
0x08070EEC	0x08071263	thumb	UpdateFastPaletteFade
0x08071264	0x080712FF	thumb	BeginHardwarePaletteFade
0x08071300	0x0807141B	thumb	UpdateHardwarePaletteFade
0x0807141C	0x0807146F	thumb	UpdateBlendRegisters
0x08071470	0x080714D3	thumb	IsSoftwarePaletteFadeFinishing
0x080714D4	0x0807150D	thumb	BlendPalettes
0x08071510	0x08071543	thumb	BlendPalettesUnfaded
0x08071544	0x08071591	thumb	TintPalette_GrayScale
0x08071594	0x080715F3	thumb	TintPalette_GrayScale2
0x080715F4	0x0807165F	thumb	TintPalette_SepiaTone
0x08071660	0x080716F7	thumb	TintPalette_CustomTone
0x080716F8	0x080717A5	thumb	CopyPaletteInvertedTint
0x080717A8	0x0807185B	thumb	BlendPalettesGradually
0x0807185C	0x08071897	thumb	IsBlendPalettesGraduallyTaskActive
0x08071898	0x080718B7	thumb	DestroyBlendPalettesGraduallyTask
0x080718B8	0x08071935	thumb	Task_BlendPalettesGradually
0x08071938	0x0807194B	thumb	InitMapMusic
0x0807194C	0x08071A43	thumb	MapMusicMain
0x08071A44	0x08071A67	thumb	ResetMapMusic
0x08071A68	0x08071A73	thumb	GetCurrentMapMusic
0x08071A74	0x08071A93	thumb	PlayNewMapMusic
0x08071A94	0x08071AB3	thumb	StopMapMusic
0x08071AB4	0x08071AEB	thumb	FadeOutMapMusic
0x08071AEC	0x08071B1F	thumb	FadeOutAndPlayNewMapMusic
0x08071B20	0x08071B63	thumb	FadeOutAndFadeInNewMapMusic
0x08071B64	0x08071B9F	thumb	FadeInNewMapMusic
0x08071BA0	0x08071BC1	thumb	IsNotWaitingForBGMStop
0x08071BC4	0x08071C0F	thumb	PlayFanfareByFanfareNum
0x08071C10	0x08071C47	thumb	WaitFanfare
0x08071C48	0x08071C5F	thumb	StopFanfareByFanfareNum
0x08071C60	0x08071C99	thumb	PlayFanfare
0x08071C9C	0x08071CB9	thumb	IsFanfareTaskInactive
0x08071CBC	0x08071CEB	thumb	Task_Fanfare
0x08071CEC	0x08071D0F	thumb	CreateFanfareTask
0x08071D10	0x08071D63	thumb	FadeInNewBGM
0x08071D64	0x08071D7B	thumb	FadeOutBGMTemporarily
0x08071D7C	0x08071DA1	thumb	IsBGMPausedOrStopped
0x08071DA4	0x08071DBB	thumb	FadeInBGM
0x08071DBC	0x08071DD3	thumb	FadeOutBGM
0x08071DD4	0x08071DED	thumb	IsBGMStopped
0x08071DF0	0x08071E3B	thumb	PlayCry_Normal
0x08071E3C	0x08071E5F	thumb	PlayCry_NormalNoDucking
0x08071E60	0x08071EBF	thumb	PlayCry_ByMode
0x08071EC0	0x08071F23	thumb	PlayCry_ReleaseDouble
0x08071F24	0x08071F77	thumb	PlayCry_Script
0x08071F78	0x0807219F	thumb	PlayCryInternal
0x080721A0	0x080721C1	thumb	IsCryFinished
0x080721C4	0x080721DB	thumb	StopCryAndClearCrySongs
0x080721DC	0x080721EF	thumb	StopCry
0x080721F0	0x08072211	thumb	IsCryPlayingOrClearCrySongs
0x08072214	0x08072231	thumb	IsCryPlaying
0x08072234	0x0807227B	thumb	Task_DuckBGMForPokemonCry
0x0807227C	0x0807229F	thumb	RestoreBGMVolumeAfterPokemonCry
0x080722A0	0x080722CB	thumb	PlayBGM
0x080722CC	0x080722F3	thumb	PlaySE
0x080722F4	0x08072347	thumb	PlaySE12WithPanning
0x08072348	0x0807237B	thumb	PlaySE1WithPanning
0x0807237C	0x080723AF	thumb	PlaySE2WithPanning
0x080723B0	0x080723DF	thumb	SE12PanpotControl
0x080723E0	0x08072421	thumb	IsSEPlaying
0x08072424	0x08072449	thumb	IsBGMPlaying
0x0807244C	0x08072471	thumb	IsSpecialSEPlaying
0x08072474	0x0807249B	thumb	SetBGMVolume_SuppressHelpSystemReduction
0x0807249C	0x080724BF	thumb	BGMVolumeMax_EnableHelpSystemReduction
0x080724C0	0x0807259B	thumb	ClearBattleAnimationVars
0x0807259C	0x080725D3	thumb	DoMoveAnim
0x080725D4	0x0807273F	thumb	LaunchBattleAnimation
0x08072740	0x0807275F	thumb	DestroyAnimSprite
0x08072760	0x0807277B	thumb	DestroyAnimVisualTask
0x0807277C	0x08072797	thumb	DestroyAnimSoundTask
0x08072798	0x080727C5	thumb	AddSpriteIndex
0x080727C8	0x080727F9	thumb	ClearSpriteIndex
0x080727FC	0x08072827	thumb	WaitAnimFrameCount
0x08072828	0x08072867	thumb	RunAnimScriptCommand
0x08072868	0x080728CF	thumb	Cmd_loadspritegfx
0x080728D0	0x0807291B	thumb	Cmd_unloadspritegfx
0x0807291C	0x08072A0F	thumb	Cmd_createsprite
0x08072A10	0x08072A8B	thumb	Cmd_createvisualtask
0x08072A8C	0x08072ACB	thumb	Cmd_delay
0x08072ACC	0x08072AFF	thumb	Cmd_waitforvisualfinish
0x08072B00	0x08072B01	thumb	Cmd_nop
0x08072B04	0x08072B05	thumb	Cmd_nop2
0x08072B08	0x08072C07	thumb	Cmd_end
0x08072C08	0x08072C2F	thumb	Cmd_playse
0x08072C30	0x08072DEF	thumb	Cmd_monbg
0x08072DF0	0x08072E47	thumb	IsBattlerSpriteVisible
0x08072E48	0x080730BF	thumb	MoveBattlerSpriteToBG
0x080730C0	0x08073127	thumb	RelocateBattleBgPal
0x08073128	0x08073173	thumb	ResetBattleAnimBg
0x08073174	0x0807324B	thumb	Task_InitUpdateMonBg
0x0807324C	0x0807331B	thumb	Cmd_clearmonbg
0x0807331C	0x0807339B	thumb	Task_ClearMonBg
0x0807339C	0x08073483	thumb	Cmd_monbg_static
0x08073484	0x08073557	thumb	Cmd_clearmonbg_static
0x08073558	0x080735DF	thumb	Task_ClearMonBgStatic
0x080735E0	0x08073617	thumb	Cmd_setalpha
0x08073618	0x0807363F	thumb	Cmd_setbldcnt
0x08073640	0x08073663	thumb	Cmd_blendoff
0x08073664	0x08073697	thumb	Cmd_call
0x08073698	0x080736AB	thumb	Cmd_return
0x080736AC	0x080736DF	thumb	Cmd_setarg
0x080736E0	0x0807371F	thumb	Cmd_choosetwoturnanim
0x08073720	0x08073761	thumb	Cmd_jumpifmoveturn
0x08073764	0x08073787	thumb	Cmd_goto
0x08073788	0x0807378B	thumb	IsContest
0x0807378C	0x0807379F	thumb	IsSpeciesNotUnown
0x080737A0	0x080737E3	thumb	Cmd_fadetobg
0x080737E4	0x0807384F	thumb	Cmd_fadetobgfromset
0x08073850	0x08073923	thumb	Task_FadeToBg
0x08073924	0x0807396B	thumb	LoadMoveBg
0x0807396C	0x08073975	thumb	LoadDefaultBg
0x08073978	0x080739BB	thumb	Cmd_restorebg
0x080739BC	0x080739EF	thumb	Cmd_waitbgfadeout
0x080739F0	0x08073A23	thumb	Cmd_waitbgfadein
0x08073A24	0x08073A43	thumb	Cmd_changebg
0x08073A44	0x08073B05	thumb	BattleAnimAdjustPanning
0x08073B08	0x08073B5F	thumb	BattleAnimAdjustPanning2
0x08073B60	0x08073B87	thumb	KeepPanInRange
0x08073B88	0x08073BC5	thumb	CalculatePanIncrement
0x08073BC8	0x08073BFF	thumb	Cmd_playsewithpan
0x08073C00	0x08073C2B	thumb	Cmd_setpan
0x08073C2C	0x08073CEB	thumb	Cmd_panse
0x08073CEC	0x08073D7B	thumb	Task_PanFromInitialToTarget
0x08073D7C	0x08073E0F	thumb	Cmd_panse_adjustnone
0x08073E10	0x08073ECF	thumb	Cmd_panse_adjustall
0x08073ED0	0x08073F57	thumb	Cmd_loopsewithpan
0x08073F58	0x08073FB3	thumb	Task_LoopAndPlaySE
0x08073FB4	0x08074027	thumb	Cmd_waitplaysewithpan
0x08074028	0x0807406B	thumb	Task_WaitAndPlaySE
0x0807406C	0x080740DF	thumb	Cmd_createsoundtask
0x080740E0	0x08074163	thumb	Cmd_waitsound
0x08074164	0x080741B7	thumb	Cmd_jumpargeq
0x080741B8	0x080741C7	thumb	Cmd_jumpifcontest
0x080741C8	0x08074213	thumb	Cmd_splitbgprio
0x08074214	0x0807423B	thumb	Cmd_splitbgprio_all
0x0807423C	0x080742A3	thumb	Cmd_splitbgprio_foes
0x080742A4	0x080742DF	thumb	Cmd_invisible
0x080742E0	0x0807431F	thumb	Cmd_visible
0x08074320	0x080743C7	thumb	Cmd_teamattack_moveback
0x080743C8	0x08074457	thumb	Cmd_teamattack_movefwd
0x08074458	0x0807447F	thumb	Cmd_stopsound
0x08074480	0x0807458D	thumb	GetBattlerSpriteCoord
0x08074590	0x0807474B	thumb	GetBattlerYDelta
0x0807474C	0x080747AB	thumb	GetBattlerElevation
0x080747AC	0x08074843	thumb	GetBattlerSpriteFinal_Y
0x08074844	0x080748A5	thumb	GetBattlerSpriteCoord2
0x080748A8	0x080748BB	thumb	GetBattlerSpriteDefault_Y
0x080748BC	0x080748FD	thumb	GetSubstituteSpriteDefault_Y
0x08074900	0x0807492B	thumb	GetGhostSpriteDefault_Y
0x0807492C	0x080749D3	thumb	GetBattlerYCoordWithElevation
0x080749D4	0x08074A67	thumb	GetAnimBattlerSpriteId
0x08074A68	0x08074A6F	thumb	StoreSpriteCallbackInData6
0x08074A70	0x08074A7D	thumb	SetCallbackToStoredInData6
0x08074A80	0x08074ADF	thumb	TranslateSpriteInCircle
0x08074AE0	0x08074B5B	thumb	TranslateSpriteInGrowingCircle
0x08074B5C	0x08074BE3	thumb	TranslateSpriteInLissajousCurve
0x08074BE4	0x08074C43	thumb	TranslateSpriteInEllipse
0x08074C44	0x08074C61	thumb	WaitAnimForDuration
0x08074C64	0x08074C7F	thumb	AnimPosToTranslateLinear
0x08074C80	0x08074CCD	thumb	ConvertPosDataToTranslateLinearData
0x08074CD0	0x08074CFD	thumb	TranslateSpriteLinear
0x08074D00	0x08074D39	thumb	TranslateSpriteLinearFixedPoint
0x08074D3C	0x08074D7D	thumb	TranslateSpriteLinearFixedPointIconFrame
0x08074D80	0x08074DC3	thumb	TranslateSpriteToBattleTargetPos
0x08074DC4	0x08074E13	thumb	TranslateSpriteLinearById
0x08074E14	0x08074E6F	thumb	TranslateSpriteLinearByIdFixedPoint
0x08074E70	0x08074EDD	thumb	TranslateSpriteLinearAndFlicker
0x08074EE0	0x08074EF3	thumb	DestroySpriteAndMatrix
0x08074EF4	0x08074F37	thumb	SetupAndStartSpriteLinearTranslationToAttacker
0x08074F38	0x08074F4D	thumb	EndUnkPaletteAnim
0x08074F50	0x08074F69	thumb	RunStoredCallbackWhenAffineAnimEnds
0x08074F6C	0x08074F85	thumb	RunStoredCallbackWhenAnimEnds
0x08074F88	0x08074FA7	thumb	DestroyAnimSpriteAndDisableBlend
0x08074FA8	0x08074FCB	thumb	DestroyAnimVisualTaskAndDisableBlend
0x08074FCC	0x08074FF7	thumb	SetSpriteCoordsToAnimAttackerCoords
0x08074FF8	0x08075065	thumb	SetAnimSpriteInitialXOffset
0x08075068	0x08075091	thumb	InitAnimArcTranslation
0x08075094	0x080750C7	thumb	TranslateAnimHorizontalArc
0x080750C8	0x080750FB	thumb	TranslateAnimVerticalArc
0x080750FC	0x08075113	thumb	SetSpritePrimaryCoordsFromSecondaryCoords
0x08075114	0x0807515F	thumb	InitSpritePosToAnimTarget
0x08075160	0x080751C3	thumb	InitSpritePosToAnimAttacker
0x080751C4	0x080751D7	thumb	GetBattlerSide
0x080751D8	0x080751E7	thumb	GetBattlerPosition
0x080751E8	0x08075223	thumb	GetBattlerAtPosition
0x08075224	0x0807528F	thumb	IsBattlerSpritePresent
0x08075290	0x0807529F	thumb	IsDoubleBattle
0x080752A0	0x080752C7	thumb	GetBattleAnimBg1Data
0x080752C8	0x080752FF	thumb	GetBattleAnimBgData
0x08075300	0x08075357	thumb	GetBattleAnimBgDataByPriorityRank
0x08075358	0x080753B3	thumb	InitBattleAnimBg
0x080753B4	0x08075403	thumb	AnimLoadCompressedBgGfx
0x08075404	0x0807543B	thumb	InitAnimBgTilemapBuffer
0x0807543C	0x08075453	thumb	AnimLoadCompressedBgTilemap
0x08075454	0x08075457	thumb	GetBattleBgPaletteNum
0x08075458	0x0807548D	thumb	ToggleBg3Mode
0x08075490	0x080754B7	thumb	Trade_MoveSelectedMonToTarget
0x080754B8	0x080754F5	thumb	InitSpriteDataForLinearTranslation
0x080754F8	0x0807558F	thumb	InitAnimLinearTranslation
0x08075590	0x080755B7	thumb	StartAnimLinearTranslation
0x080755B8	0x080755DF	thumb	PlayerThrowBall_StartAnimLinearTranslation
0x080755E0	0x08075639	thumb	AnimTranslateLinear
0x0807563C	0x08075655	thumb	AnimTranslateLinear_WithFollowup
0x08075658	0x08075677	thumb	PlayerThrowBall_AnimTranslateLinear_WithFollowup
0x08075678	0x080756A3	thumb	InitAnimLinearTranslationWithSpeed
0x080756A4	0x080756CB	thumb	InitAnimLinearTranslationWithSpeedAndPos
0x080756CC	0x08075763	thumb	InitAnimFastLinearTranslation
0x08075764	0x0807578B	thumb	InitAndRunAnimFastLinearTranslation
0x0807578C	0x080757E5	thumb	AnimFastTranslateLinear
0x080757E8	0x08075801	thumb	AnimFastTranslateLinearWaitEnd
0x08075804	0x0807582F	thumb	InitAnimFastLinearTranslationWithSpeed
0x08075830	0x08075857	thumb	InitAnimFastLinearTranslationWithSpeedAndPos
0x08075858	0x080758DB	thumb	SetSpriteRotScale
0x080758DC	0x080758DF	thumb	ShouldRotScaleSpeciesBeFlipped
0x080758E0	0x0807597F	thumb	PrepareBattlerSpriteForRotScale
0x08075980	0x080759DB	thumb	ResetSpriteRotScale
0x080759DC	0x08075A1B	thumb	SetBattlerSpriteYOffsetFromRotation
0x08075A1C	0x08075AD7	thumb	TrySetSpriteRotScale
0x08075AD8	0x08075B15	thumb	TryResetSpriteAffineState
0x08075B18	0x08075B2D	thumb	ArcTan2_
0x08075B30	0x08075B47	thumb	ArcTan2Neg
0x08075B48	0x08075BE7	thumb	SetGreyscaleOrOriginalPalette
0x08075BE8	0x08075CB7	thumb	GetBattlePalettesMask
0x08075CB8	0x08075D7D	thumb	GetBattleMonSpritePalettesMask
0x08075D80	0x08075D85	thumb	GetSpritePalIdxByBattler
0x08075D88	0x08075D99	thumb	GetSpritePalIdxByPosition
0x08075D9C	0x08075DF3	thumb	AnimSpriteOnMonPos
0x08075DF4	0x08075E7F	thumb	TranslateAnimSpriteToTargetMonLocation
0x08075E80	0x08075EEF	thumb	AnimThrowProjectile
0x08075EF0	0x08075F09	thumb	AnimThrowProjectile_Step
0x08075F0C	0x08075FBB	thumb	AnimTravelDiagonally
0x08075FBC	0x0807602F	thumb	CloneBattlerSpriteWithBlend
0x08076030	0x08076045	thumb	DestroySpriteWithActiveSheet
0x08076048	0x080760CF	thumb	AnimTask_AlphaFadeIn
0x080760D0	0x08076169	thumb	AnimTask_AlphaFadeIn_Step
0x0807616C	0x080761C7	thumb	AnimTask_BlendMonInAndOut
0x080761C8	0x080761EF	thumb	AnimTask_BlendMonInAndOutSetup
0x080761F0	0x08076285	thumb	AnimTask_BlendMonInAndOut_Step
0x08076288	0x080762CF	thumb	AnimTask_BlendPalInAndOutByTag
0x080762D0	0x08076307	thumb	PrepareAffineAnimInTaskData
0x08076308	0x0807643D	thumb	RunAffineAnimFromTaskData
0x08076440	0x08076493	thumb	SetBattlerSpriteYOffsetFromYScale
0x08076494	0x080764EB	thumb	SetBattlerSpriteYOffsetFromOtherYScale
0x080764EC	0x080765BD	thumb	GetBattlerYDeltaFromSpriteId
0x080765C0	0x080765C7	thumb	StorePointerInVars
0x080765C8	0x080765D1	thumb	LoadPointerFromVars
0x080765D4	0x0807663D	thumb	BattleAnimHelper_SetSpriteSquashParams
0x08076640	0x080766B7	thumb	BattleAnimHelper_RunSpriteSquash
0x080766B8	0x080766EB	thumb	AnimTask_GetFrustrationPowerLevel
0x080766EC	0x080767EF	thumb	SetPriorityForVisibleBattlers
0x080767F0	0x0807685B	thumb	InitPrioritiesForVisibleBattlers
0x0807685C	0x08076883	thumb	GetBattlerSpriteSubpriority
0x08076884	0x080768AD	thumb	GetBattlerSpriteBGPriority
0x080768B0	0x080768CF	thumb	GetBattlerSpriteBGPriorityRank
0x080768D0	0x08076B1F	thumb	CreateAdditionalMonSpriteForMoveAnim
0x08076B20	0x08076B29	thumb	DestroySpriteAndFreeResources_
0x08076B2C	0x08076D9B	thumb	GetBattlerSpriteCoordAttr
0x08076D9C	0x08076E33	thumb	SetAverageBattlerPositions
0x08076E34	0x08076ED7	thumb	CreateInvisibleSpriteCopy
0x08076ED8	0x08076F57	thumb	AnimTranslateLinearAndFlicker_Flipped
0x08076F58	0x08076FCF	thumb	AnimTranslateLinearAndFlicker
0x08076FD0	0x0807702F	thumb	AnimSpinningSparkle
0x08077030	0x08077117	thumb	AnimTask_AttackerPunchWithTrace
0x08077118	0x080771E3	thumb	AnimTask_AttackerPunchWithTrace_Step
0x080771E4	0x08077267	thumb	CreateBattlerTrace
0x08077268	0x0807729B	thumb	AnimBattlerTrace
0x0807729C	0x080772F3	thumb	AnimWeatherBallUp
0x080772F4	0x0807734D	thumb	AnimWeatherBallUp_Step
0x08077350	0x080773BB	thumb	AnimWeatherBallDown
0x080773BC	0x0807741B	thumb	ResetTasks
0x0807741C	0x0807746D	thumb	CreateTask
0x08077470	0x08077505	thumb	InsertTask
0x08077508	0x08077577	thumb	DestroyTask
0x08077578	0x080775A7	thumb	RunTasks
0x080775A8	0x080775E3	thumb	FindFirstActiveTask
0x080775E4	0x080775E5	thumb	TaskDummy
0x080775E8	0x0807761B	thumb	SetTaskFuncWithFollowupFunc
0x0807761C	0x0807764F	thumb	SwitchTaskToFollowupFunc
0x08077650	0x08077685	thumb	FuncIsActiveTask
0x08077688	0x080776B5	thumb	FindTaskIdByFunc
0x080776B8	0x080776E7	thumb	GetTaskCount
0x080776E8	0x0807771F	thumb	SetWordTaskArg
0x08077720	0x0807775F	thumb	GetWordTaskArg
0x08077760	0x08077761	thumb	ReshowBattleScreenDummy
0x08077764	0x080777E7	thumb	ReshowBattleScreenAfterMenu
0x080777E8	0x08077AAB	thumb	CB2_ReshowBattleScreenAfterMenu
0x08077AAC	0x08077B0B	thumb	ReshowBattleScreen_TurnOnDisplay
0x08077B0C	0x08077C37	thumb	LoadBattlerSpriteGfx
0x08077C38	0x08077FE3	thumb	CreateBattlerSprite
0x08077FE4	0x08078177	thumb	CreateHealthboxSprite
0x08078178	0x080782BB	thumb	Task_FlashingCircleImpacts
0x080782BC	0x0807834B	thumb	Task_UpdateFlashingCircleImpacts
0x0807834C	0x0807837F	thumb	AnimFlashingCircleImpact
0x08078380	0x080783F9	thumb	AnimFlashingCircleImpact_Step
0x080783FC	0x080784D7	thumb	AnimTask_FrozenIceCube
0x080784D8	0x08078525	thumb	AnimTask_FrozenIceCube_Step1
0x08078528	0x080785D7	thumb	AnimTask_FrozenIceCube_Step2
0x080785D8	0x08078629	thumb	AnimTask_FrozenIceCube_Step3
0x0807862C	0x08078693	thumb	AnimTask_FrozenIceCube_Step4
0x08078694	0x0807886B	thumb	AnimTask_StatsChange
0x0807886C	0x080788BB	thumb	LaunchStatusAnimation
0x080788BC	0x08078913	thumb	Task_DoStatusAnimation
0x08078914	0x08078B33	thumb	CB2_InitTitleScreen
0x08078B34	0x08078B99	thumb	ResetGpuRegs
0x08078B9C	0x08078BB1	thumb	CB2_TitleScreenRun
0x08078BB4	0x08078BEB	thumb	VBlankCB
0x08078BEC	0x08078C23	thumb	Task_TitleScreenTimer
0x08078C24	0x08078C8F	thumb	Task_TitleScreenMain
0x08078C90	0x08078C9B	thumb	SetTitleScreenScene
0x08078C9C	0x08078D23	thumb	SetTitleScreenScene_Init
0x08078D24	0x08078DA1	thumb	SetTitleScreenScene_FlashSprite
0x08078DA4	0x08078FC3	thumb	SetTitleScreenScene_FadeIn
0x08078FC4	0x0807909F	thumb	SetTitleScreenScene_Run
0x080790A0	0x080790CB	thumb	SetGpuRegsForTitleScreenRun
0x080790CC	0x080791BF	thumb	SetTitleScreenScene_Restart
0x080791C0	0x080792C7	thumb	SetTitleScreenScene_Cry
0x080792C8	0x08079419	thumb	Task_TitleScreen_SlideWin0
0x0807941C	0x08079527	thumb	Task_TitleScreen_BlinkPressStart
0x08079528	0x0807954F	thumb	SignalEndTitleScreenPaletteSomethingTask
0x08079550	0x0807961F	thumb	UpdateScanlineEffectRegBuffer
0x08079620	0x08079647	thumb	ScheduleStopScanlineEffect
0x08079648	0x080796CB	thumb	LoadMainTitleScreenPalsAndResetBgs
0x080796CC	0x080796E7	thumb	CB2_FadeOutTransitionToSaveClearScreen
0x080796E8	0x08079707	thumb	CB2_FadeOutTransitionToBerryFix
0x08079708	0x0807972F	thumb	LoadSpriteGfxAndPals
0x08079730	0x080797AB	thumb	SpriteCallback_TitleScreenFlame
0x080797AC	0x0807983F	thumb	CreateFlameSprite
0x08079840	0x0807999B	thumb	Task_FlameSpawner
0x0807999C	0x080799B1	thumb	TitleScreen_srand
0x080799B4	0x080799EF	thumb	TitleScreen_rand
0x080799F0	0x08079A0F	thumb	CreateBlankSprite
0x08079A10	0x08079A3F	thumb	SetPalOnOrCreateBlankSprite
0x08079A40	0x08079A87	thumb	CreateSlashSprite
0x08079A88	0x08079AA7	thumb	DeactivateSlashSprite
0x08079AA8	0x08079AD7	thumb	IsSlashSpriteDeactivated
0x08079AD8	0x08079B7B	thumb	SpriteCallback_Slash
0x08079B7C	0x08079C07	thumb	ReloadSave
0x08079C08	0x08079CF3	thumb	StartWeather
0x08079CF4	0x08079D5F	thumb	SetNextWeather
0x08079D60	0x08079D8B	thumb	SetCurrentAndNextWeather
0x08079D8C	0x08079DBB	thumb	SetCurrentAndNextWeatherNoDelay
0x08079DBC	0x08079E0B	thumb	Task_WeatherInit
0x08079E0C	0x08079EBF	thumb	Task_WeatherMain
0x08079EC0	0x08079EDF	thumb	None_Init
0x08079EE0	0x08079EE1	thumb	None_Main
0x08079EE4	0x08079EE7	thumb	None_Finish
0x08079EE8	0x08079FFB	thumb	BuildGammaShiftTables
0x08079FFC	0x0807A081	thumb	UpdateWeatherGammaShift
0x0807A084	0x0807A19B	thumb	FadeInScreenWithWeather
0x0807A19C	0x0807A1FB	thumb	FadeInScreen_RainShowShade
0x0807A1FC	0x0807A253	thumb	FadeInScreen_Drought
0x0807A254	0x0807A28D	thumb	FadeInScreen_FogHorizontal
0x0807A290	0x0807A291	thumb	DoNothing
0x0807A294	0x0807A3CF	thumb	ApplyGammaShift
0x0807A3D0	0x0807A517	thumb	ApplyGammaShiftWithBlend
0x0807A518	0x0807A5F7	thumb	ApplyDroughtGammaShiftWithBlend
0x0807A5F8	0x0807A711	thumb	ApplyFogBlend
0x0807A714	0x0807A747	thumb	MarkFogSpritePalToLighten
0x0807A748	0x0807A78D	thumb	LightenSpritePaletteInFog
0x0807A790	0x0807A7C3	thumb	WeatherShiftGammaIfPalStateIdle
0x0807A7C4	0x0807A817	thumb	WeatherBeginGammaFade
0x0807A818	0x0807A943	thumb	FadeScreen
0x0807A944	0x0807AA6F	thumb	FadeSelectedPals
0x0807AA70	0x0807AA8B	thumb	IsWeatherNotFadingIn
0x0807AA8C	0x0807AB73	thumb	UpdateSpritePaletteWithWeather
0x0807AB74	0x0807AB93	thumb	ApplyWeatherGammaShiftToPal
0x0807AB94	0x0807ABBF	thumb	IsWeatherFadingIn
0x0807ABC0	0x0807ABEF	thumb	LoadCustomWeatherSpritePalette
0x0807ABF0	0x0807ABF1	thumb	LoadDroughtWeatherPalette
0x0807ABF4	0x0807AC13	thumb	ResetDroughtWeatherPaletteLoading
0x0807AC14	0x0807AC4F	thumb	LoadDroughtWeatherPalettes
0x0807AC50	0x0807AC5F	thumb	SetDroughtGamma
0x0807AC60	0x0807AC97	thumb	DroughtStateInit
0x0807AC98	0x0807ADAF	thumb	DroughtStateRun
0x0807ADB0	0x0807ADEF	thumb	Weather_SetBlendCoeffs
0x0807ADF0	0x0807AE33	thumb	Weather_SetTargetBlendCoeffs
0x0807AE34	0x0807AEFF	thumb	Weather_UpdateBlend
0x0807AF00	0x0807AF95	thumb	SetFieldWeather
0x0807AF98	0x0807AFA7	thumb	GetCurrentWeather
0x0807AFA8	0x0807B003	thumb	SetRainStrengthFromSoundEffect
0x0807B004	0x0807B045	thumb	PlayRainStoppingSoundEffect
0x0807B048	0x0807B05B	thumb	IsWeatherChangeComplete
0x0807B05C	0x0807B06F	thumb	SetWeatherScreenFadeOut
0x0807B070	0x0807B083	thumb	WeatherProcessingIdle
0x0807B084	0x0807B0B3	thumb	PreservePaletteInWeather
0x0807B0B4	0x0807B0C3	thumb	ResetPreservedPalettesInWeather
0x0807B0C4	0x0807B0FD	thumb	SlightlyDarkenPalsInWeather
0x0807B100	0x0807B12F	thumb	SetSavedWeather
0x0807B130	0x0807B13F	thumb	GetSav1Weather
0x0807B140	0x0807B173	thumb	SetSavedWeatherFromCurrMapHeader
0x0807B174	0x0807B189	thumb	SetWeather
0x0807B18C	0x0807B1A1	thumb	SetWeather_Unused
0x0807B1A4	0x0807B1B5	thumb	DoCurrentWeather
0x0807B1B8	0x0807B1C9	thumb	ResumePausedWeather
0x0807B1CC	0x0807B299	thumb	TranslateWeatherNum
0x0807B29C	0x0807B2BB	thumb	UpdateWeatherPerDay
0x0807B2BC	0x0807B2D9	thumb	UpdateRainCounter
0x0807B2DC	0x0807B327	thumb	Clouds_InitVars
0x0807B328	0x0807B357	thumb	Clouds_InitAll
0x0807B358	0x0807B3B7	thumb	Clouds_Main
0x0807B3B8	0x0807B3FF	thumb	Clouds_Finish
0x0807B400	0x0807B423	thumb	Sunny_InitVars
0x0807B424	0x0807B42D	thumb	Sunny_InitAll
0x0807B430	0x0807B431	thumb	Sunny_Main
0x0807B434	0x0807B437	thumb	Sunny_Finish
0x0807B438	0x0807B503	thumb	CreateCloudSprites
0x0807B504	0x0807B557	thumb	DestroyCloudSprites
0x0807B558	0x0807B573	thumb	UpdateCloudSprite
0x0807B574	0x0807B5A7	thumb	Drought_InitVars
0x0807B5A8	0x0807B5D7	thumb	Drought_InitAll
0x0807B5D8	0x0807B6BB	thumb	Drought_Main
0x0807B6BC	0x0807B6BF	thumb	Drought_Finish
0x0807B6C0	0x0807B6D3	thumb	StartDroughtWeatherBlend
0x0807B6D4	0x0807B7C7	thumb	UpdateDroughtBlend
0x0807B7C8	0x0807B833	thumb	Rain_InitVars
0x0807B834	0x0807B863	thumb	Rain_InitAll
0x0807B864	0x0807B8C3	thumb	Rain_Main
0x0807B8C4	0x0807B94F	thumb	Rain_Finish
0x0807B950	0x0807BA23	thumb	StartRainSpriteFall
0x0807BA24	0x0807BB25	thumb	UpdateRainSprite
0x0807BB28	0x0807BB51	thumb	WaitRainSprite
0x0807BB54	0x0807BC07	thumb	InitRainSpriteMovement
0x0807BC08	0x0807BC17	thumb	LoadRainSpriteSheet
0x0807BC18	0x0807BD4B	thumb	CreateRainSprite
0x0807BD4C	0x0807BDD7	thumb	UpdateVisibleRainSprites
0x0807BDD8	0x0807BE2B	thumb	DestroyRainSprites
0x0807BE2C	0x0807BE7B	thumb	Snow_InitVars
0x0807BE7C	0x0807BEE7	thumb	Snow_InitAll
0x0807BEE8	0x0807BF23	thumb	Snow_Main
0x0807BF24	0x0807BF87	thumb	Snow_Finish
0x0807BF88	0x0807C003	thumb	UpdateVisibleSnowflakeSprites
0x0807C004	0x0807C06F	thumb	CreateSnowflakeSprite
0x0807C070	0x0807C0A3	thumb	DestroySnowflakeSprite
0x0807C0A4	0x0807C14F	thumb	InitSnowflakeSpriteMovement
0x0807C150	0x0807C1AB	thumb	WaitSnowflakeSprite
0x0807C1AC	0x0807C2E3	thumb	UpdateSnowflakeSprite
0x0807C2E4	0x0807C357	thumb	Thunderstorm_InitVars
0x0807C358	0x0807C387	thumb	Thunderstorm_InitAll
0x0807C388	0x0807C3F3	thumb	Downpour_InitVars
0x0807C3F4	0x0807C423	thumb	Downpour_InitAll
0x0807C424	0x0807C7AF	thumb	Thunderstorm_Main
0x0807C7B0	0x0807C85B	thumb	Thunderstorm_Finish
0x0807C85C	0x0807C897	thumb	SetThunderCounter
0x0807C898	0x0807C8FD	thumb	UpdateThunderSound
0x0807C900	0x0807C95F	thumb	FogHorizontal_InitVars
0x0807C960	0x0807C98F	thumb	FogHorizontal_InitAll
0x0807C990	0x0807CA4F	thumb	FogHorizontal_Main
0x0807CA50	0x0807CAE9	thumb	FogHorizontal_Finish
0x0807CAEC	0x0807CB4B	thumb	FogHorizontalSpriteCallback
0x0807CB4C	0x0807CC07	thumb	CreateFogHorizontalSprites
0x0807CC08	0x0807CC5B	thumb	DestroyFogHorizontalSprites
0x0807CC5C	0x0807CCB7	thumb	Ash_InitVars
0x0807CCB8	0x0807CCE7	thumb	Ash_InitAll
0x0807CCE8	0x0807CD91	thumb	Ash_Main
0x0807CD94	0x0807CDF9	thumb	Ash_Finish
0x0807CDFC	0x0807CE0B	thumb	LoadAshSpriteSheet
0x0807CE0C	0x0807CEB3	thumb	CreateAshSprites
0x0807CEB4	0x0807CF07	thumb	DestroyAshSprites
0x0807CF08	0x0807CF83	thumb	UpdateAshSprite
0x0807CF84	0x0807D007	thumb	FogDiagonal_InitVars
0x0807D008	0x0807D037	thumb	FogDiagonal_InitAll
0x0807D038	0x0807D09B	thumb	FogDiagonal_Main
0x0807D09C	0x0807D0F9	thumb	FogDiagonal_Finish
0x0807D0FC	0x0807D18F	thumb	UpdateFogDiagonalMovement
0x0807D190	0x0807D247	thumb	CreateFogDiagonalSprites
0x0807D248	0x0807D29B	thumb	DestroyFogDiagonalSprites
0x0807D29C	0x0807D2FB	thumb	UpdateFogDiagonalSprite
0x0807D2FC	0x0807D37B	thumb	Sandstorm_InitVars
0x0807D37C	0x0807D3AB	thumb	Sandstorm_InitAll
0x0807D3AC	0x0807D427	thumb	Sandstorm_Main
0x0807D428	0x0807D489	thumb	Sandstorm_Finish
0x0807D48C	0x0807D4C3	thumb	UpdateSandstormWaveIndex
0x0807D4C4	0x0807D543	thumb	UpdateSandstormMovement
0x0807D544	0x0807D5D7	thumb	DestroySandstormSprites
0x0807D5D8	0x0807D697	thumb	CreateSandstormSprites
0x0807D698	0x0807D797	thumb	CreateSwirlSandstormSprites
0x0807D798	0x0807D7F7	thumb	UpdateSandstormSprite
0x0807D7F8	0x0807D81B	thumb	WaitSandSwirlSpriteEntrance
0x0807D81C	0x0807D88F	thumb	UpdateSandstormSwirlSprite
0x0807D890	0x0807D8BF	thumb	Shade_InitVars
0x0807D8C0	0x0807D8C9	thumb	Shade_InitAll
0x0807D8CC	0x0807D8CD	thumb	Shade_Main
0x0807D8D0	0x0807D8D3	thumb	Shade_Finish
0x0807D8D4	0x0807D927	thumb	Bubbles_InitVars
0x0807D928	0x0807D957	thumb	Bubbles_InitAll
0x0807D958	0x0807D9CB	thumb	Bubbles_Main
0x0807D9CC	0x0807D9E5	thumb	Bubbles_Finish
0x0807D9E8	0x0807DA6F	thumb	CreateBubbleSprite
0x0807DA70	0x0807DAB3	thumb	DestroyBubbleSprites
0x0807DAB4	0x0807DB11	thumb	UpdateBubbleSprite
0x0807DB14	0x0807DB37	thumb	palette_bg_faded_fill_white
0x0807DB38	0x0807DB57	thumb	palette_bg_faded_fill_black
0x0807DB58	0x0807DBA9	thumb	WarpFadeInScreen
0x0807DBAC	0x0807DBFD	thumb	WarpFadeInScreenWithDelay
0x0807DC00	0x0807DC15	thumb	FadeInFromBlack
0x0807DC18	0x0807DC6F	thumb	WarpFadeOutScreen
0x0807DC70	0x0807DCAD	thumb	WarpFadeOutScreenWithDelay
0x0807DCB0	0x0807DCC5	thumb	SetPlayerVisibility
0x0807DCC8	0x0807DCE1	thumb	Task_ContinueScriptUnionRoom
0x0807DCE4	0x0807DD03	thumb	FieldCB_ContinueScriptUnionRoom
0x0807DD04	0x0807DD21	thumb	Task_ContinueScript
0x0807DD24	0x0807DD43	thumb	FieldCB_ContinueScriptHandleMusic
0x0807DD44	0x0807DD5F	thumb	FieldCB_ContinueScript
0x0807DD60	0x0807DDCF	thumb	Task_ReturnToFieldCableLink
0x0807DDD0	0x0807DDEF	thumb	FieldCB_ReturnToFieldCableLink
0x0807DDF0	0x0807DE55	thumb	Task_ReturnToFieldRecordMixing
0x0807DE58	0x0807DE77	thumb	FieldCB_ReturnToFieldWirelessLink
0x0807DE78	0x0807DF4B	thumb	SetUpWarpExitTask
0x0807DF4C	0x0807DF61	thumb	ExitWarpFadeInScreen
0x0807DF64	0x0807DF7B	thumb	FieldCB_DefaultWarpExit
0x0807DF7C	0x0807DF93	thumb	FieldCB_WarpExitFadeFromBlack
0x0807DF94	0x0807DFBB	thumb	FieldCB_TeleportWarpIn
0x0807DFBC	0x0807E20B	thumb	Task_ExitDoor
0x0807E20C	0x0807E2CB	thumb	Task_ExitNonAnimDoor
0x0807E2CC	0x0807E31B	thumb	Task_ExitNonDoor
0x0807E31C	0x0807E377	thumb	Task_TeleportWarpIn
0x0807E378	0x0807E39F	thumb	Task_WaitFadeAndCreateStartMenuTask
0x0807E3A0	0x0807E3BB	thumb	FadeTransition_FadeInOnReturnToStartMenu
0x0807E3BC	0x0807E3C7	thumb	FieldCB_ReturnToFieldOpenStartMenu
0x0807E3C8	0x0807E3E9	thumb	Task_SafariZoneRanOutOfBalls
0x0807E3EC	0x0807E40B	thumb	FieldCB_SafariZoneRanOutOfBalls
0x0807E40C	0x0807E417	thumb	WaitWarpFadeOutScreen
0x0807E418	0x0807E437	thumb	FieldFadeTransitionBackgroundEffectIsFinished
0x0807E438	0x0807E46F	thumb	DoWarp
0x0807E470	0x0807E49F	thumb	DoDiveWarp
0x0807E4A0	0x0807E4DB	thumb	DoStairWarp
0x0807E4DC	0x0807E4FF	thumb	DoDoorWarp
0x0807E500	0x0807E523	thumb	DoTeleport2Warp
0x0807E524	0x0807E547	thumb	DoUnionRoomWarp
0x0807E548	0x0807E55F	thumb	DoFallWarp
0x0807E560	0x0807E579	thumb	DoEscalatorWarp
0x0807E57C	0x0807E58B	thumb	DoLavaridgeGymB1FWarp
0x0807E58C	0x0807E59B	thumb	DoLavaridgeGym1FWarp
0x0807E59C	0x0807E5C3	thumb	DoTeleportWarp
0x0807E5C4	0x0807E5EB	thumb	DoPortholeWarp
0x0807E5EC	0x0807E653	thumb	Task_CableClubWarp
0x0807E654	0x0807E677	thumb	DoCableClubWarp
0x0807E678	0x0807E703	thumb	Task_ReturnFromLinkRoomWarp
0x0807E704	0x0807E717	thumb	ReturnFromLinkRoom
0x0807E718	0x0807E783	thumb	Task_Teleport2Warp
0x0807E784	0x0807E80B	thumb	Task_TeleportWarp
0x0807E80C	0x0807E97F	thumb	Task_DoorWarp
0x0807E980	0x0807EAC3	thumb	Task_StairWarp
0x0807EAC4	0x0807EB63	thumb	UpdateStairsMovement
0x0807EB64	0x0807EBBB	thumb	ForceStairsMovement
0x0807EBBC	0x0807EC31	thumb	GetStairsMovementDirection
0x0807EC34	0x0807ECB9	thumb	Task_ExitStairs
0x0807ECBC	0x0807ED9F	thumb	ExitStairsMovement
0x0807EDA0	0x0807EDFD	thumb	WaitStairExitMovementFinished
0x0807EE00	0x0807EE2B	thumb	SetFlashScanlineEffectWindowBoundary
0x0807EE2C	0x0807EEB7	thumb	SetFlashScanlineEffectWindowBoundaries
0x0807EEB8	0x0807EF7B	thumb	UpdateFlashLevelEffect
0x0807EF7C	0x0807EFA3	thumb	Task_WaitForFlashUpdate
0x0807EFA4	0x0807EFC7	thumb	StartWaitForFlashUpdate
0x0807EFC8	0x0807F025	thumb	StartUpdateFlashLevelEffect
0x0807F028	0x0807F073	thumb	AnimateFlash
0x0807F074	0x0807F0AF	thumb	WriteFlashScanlineEffectBuffer
0x0807F0B0	0x0807F0C7	thumb	Script_FadeOutMapMusic
0x0807F0C8	0x0807F0E9	thumb	Task_EnableScriptAfterMusicFade
0x0807F0EC	0x0807F113	thumb	DoInwardBarnDoorFade
0x0807F114	0x0807F13B	thumb	DoOutwardBarnDoorWipe
0x0807F13C	0x0807F19F	thumb	BarnDoorWipeSaveGpuRegs
0x0807F1A0	0x0807F203	thumb	BarnDoorWipeLoadGpuRegs
0x0807F204	0x0807F2F9	thumb	Task_BarnDoorWipe
0x0807F2FC	0x0807F3A3	thumb	Task_BarnDoorWipeChild
0x0807F3A4	0x0807F459	thumb	PrintWhiteOutRecoveryMessage
0x0807F45C	0x0807F5EF	thumb	Task_RushInjuredPokemonToCenter
0x0807F5F0	0x0807F61F	thumb	FieldCB_RushInjuredPokemonToCenter
0x0807F620	0x0807F68F	thumb	Task_BattleStart
0x0807F690	0x0807F6CB	thumb	CreateBattleStartTask
0x0807F6CC	0x0807F701	thumb	CheckSilphScopeInPokemonTower
0x0807F704	0x0807F747	thumb	StartWildBattle
0x0807F748	0x0807F78B	thumb	DoStandardWildBattle
0x0807F78C	0x0807F7D7	thumb	StartRoamerBattle
0x0807F7D8	0x0807F80F	thumb	DoSafariBattle
0x0807F810	0x0807F867	thumb	DoGhostBattle
0x0807F868	0x0807F887	thumb	DoTrainerBattle
0x0807F888	0x0807F8C3	thumb	StartOldManTutorialBattle
0x0807F8C4	0x0807F903	thumb	StartScriptedWildBattle
0x0807F904	0x0807F997	thumb	StartMarowakBattle
0x0807F998	0x0807F9D7	thumb	StartSouthernIslandBattle
0x0807F9D8	0x0807FA65	thumb	StartLegendaryBattle
0x0807FA68	0x0807FAB9	thumb	StartGroudonKyogreBattle
0x0807FABC	0x0807FAF7	thumb	StartRegiBattle
0x0807FAF8	0x0807FB05	thumb	EndPokedudeBattle
0x0807FB08	0x0807FB3F	thumb	StartPokedudeBattle
0x0807FB40	0x0807FB9F	thumb	CB2_EndWildBattle
0x0807FBA0	0x0807FBEF	thumb	CB2_EndScriptedWildBattle
0x0807FBF0	0x0807FC5B	thumb	CB2_EndMarowakBattle
0x0807FC5C	0x0807FD8F	thumb	BattleSetup_GetTerrainId
0x0807FD90	0x0807FDF1	thumb	GetBattleTransitionTypeByMap
0x0807FDF4	0x0807FE53	thumb	GetSumOfPlayerPartyLevel
0x0807FE54	0x0807FF33	thumb	GetSumOfEnemyPartyLevel
0x0807FF34	0x0807FF7F	thumb	GetWildBattleTransition
0x0807FF80	0x0808005F	thumb	GetTrainerBattleTransition
0x08080060	0x0808008F	thumb	BattleSetup_GetBattleTowerBattleTransition
0x08080090	0x080800A7	thumb	TrainerBattleLoadArg32
0x080800A8	0x080800B3	thumb	TrainerBattleLoadArg16
0x080800B4	0x080800B7	thumb	TrainerBattleLoadArg8
0x080800B8	0x080800CF	thumb	GetTrainerAFlag
0x080800D0	0x0808010D	thumb	IsPlayerDefeated
0x08080110	0x08080167	thumb	InitTrainerBattleVariables
0x08080168	0x080801ED	thumb	TrainerBattleLoadArgs
0x080801F0	0x08080227	thumb	SetMapVarsToTrainer
0x08080228	0x08080333	thumb	BattleSetup_ConfigureTrainerBattle
0x08080334	0x08080377	thumb	ConfigureAndSetUpOneTrainerBattle
0x08080378	0x08080395	thumb	GetTrainerFlagFromScriptPointer
0x08080398	0x080803CB	thumb	SetUpTrainerMovement
0x080803CC	0x080803D7	thumb	GetTrainerBattleMode
0x080803D8	0x080803E3	thumb	GetRivalBattleFlags
0x080803E4	0x080803F9	thumb	Script_HasTrainerBeenFought
0x080803FC	0x0808040D	thumb	SetBattledTrainerFlag
0x08080410	0x08080421	thumb	SetBattledTrainerFlag2
0x08080424	0x0808043B	thumb	HasTrainerBeenFought
0x0808043C	0x0808044F	thumb	SetTrainerFlag
0x08080450	0x08080463	thumb	ClearTrainerFlag
0x08080464	0x080804AB	thumb	StartTrainerBattle
0x080804AC	0x08080557	thumb	CB2_EndTrainerBattle
0x08080558	0x080805AF	thumb	CB2_EndRematchBattle
0x080805B0	0x080805D7	thumb	StartRematchBattle
0x080805D8	0x080805E5	thumb	ShowTrainerIntroSpeech
0x080805E8	0x080805FF	thumb	BattleSetup_GetScriptAddrAfterBattle
0x08080600	0x08080617	thumb	BattleSetup_GetTrainerPostBattleScript
0x08080618	0x08080625	thumb	ShowTrainerCantBattleSpeech
0x08080628	0x080806C7	thumb	PlayTrainerEncounterMusic
0x080806C8	0x080806D7	thumb	ReturnEmptyStringIfNull
0x080806D8	0x080806EB	thumb	GetIntroSpeechOfApproachingTrainer
0x080806EC	0x0808070F	thumb	GetTrainerALoseText
0x08080710	0x08080733	thumb	GetTrainerWonSpeech
0x08080734	0x08080747	thumb	GetTrainerCantBattleSpeech
0x08080748	0x0808078B	thumb	CreateLinkupTask
0x0808078C	0x080807E7	thumb	PrintNumPlayersInLink
0x080807E8	0x08080805	thumb	ClearLinkPlayerCountWindow
0x08080808	0x08080843	thumb	UpdateLinkPlayerCountDisplay
0x08080844	0x080808BB	thumb	ExchangeDataAndGetLinkupStatus
0x080808BC	0x080808EF	thumb	CheckLinkErrored
0x080808F0	0x0808093B	thumb	CheckLinkCanceledBeforeConnection
0x0808093C	0x0808098F	thumb	CheckLinkCanceled
0x08080990	0x080809C3	thumb	CheckSioErrored
0x080809C4	0x080809F7	thumb	Task_DelayedBlockRequest
0x080809F8	0x08080A4B	thumb	Task_LinkupStart
0x08080A4C	0x08080ACF	thumb	Task_LinkupAwaitConnection
0x08080AD0	0x08080B1F	thumb	Task_LinkupConfirmWhenReady
0x08080B20	0x08080BC7	thumb	Task_LinkupAwaitConfirmation
0x08080BC8	0x08080C6B	thumb	Task_LinkupTryConfirmation
0x08080C6C	0x08080CDB	thumb	Task_LinkupConfirm
0x08080CDC	0x08080D8B	thumb	Task_LinkupExchangeDataWithLeader
0x08080D8C	0x08080DBF	thumb	AnyConnectedPartnersPlayingRS
0x08080DC0	0x08080E6B	thumb	Task_LinkupCheckStatusAfterConfirm
0x08080E6C	0x08080F77	thumb	Task_LinkupAwaitTrainerCardData
0x08080F78	0x08080FB3	thumb	Task_StopLinkup
0x08080FB4	0x08080FEF	thumb	Task_LinkupFailed
0x08080FF0	0x0808102B	thumb	Task_LinkupConnectionError
0x0808102C	0x08081063	thumb	TryLinkTimeout
0x08081064	0x080810CB	thumb	TryBattleLinkup
0x080810CC	0x080810F3	thumb	TryTradeLinkup
0x080810F4	0x08081127	thumb	TryRecordMixLinkup
0x08081128	0x0808114F	thumb	TryContestLinkup
0x08081150	0x080811FB	thumb	CreateTask_ReestablishCableClubLink
0x080811FC	0x0808124B	thumb	Task_ReestablishLink
0x0808124C	0x0808129F	thumb	Task_ReestablishLinkAwaitConnection
0x080812A0	0x080812D7	thumb	Task_ReestablishLinkLeader
0x080812D8	0x0808130B	thumb	Task_ReestablishLinkAwaitConfirmation
0x0808130C	0x08081315	thumb	CableClub_AskSaveTheGame
0x08081318	0x08081453	thumb	Task_StartWiredCableClubBattle
0x08081454	0x08081623	thumb	Task_StartWirelessCableClubBattle
0x08081624	0x08081667	thumb	CB2_ReturnFromUnionRoomBattle
0x08081668	0x08081743	thumb	CB2_ReturnFromCableClubBattle
0x08081744	0x0808176F	thumb	CleanupLinkRoomState
0x08081770	0x08081779	thumb	ExitLinkRoom
0x0808177C	0x08081825	thumb	Task_EnterCableClubSeat
0x08081828	0x0808184F	thumb	CreateTask_EnterCableClubSeat
0x08081850	0x080818E7	thumb	Task_StartWiredTrade
0x080818E8	0x08081975	thumb	Task_StartWirelessTrade
0x08081978	0x080819A3	thumb	EnterTradeSeat
0x080819A4	0x080819B7	thumb	CreateTask_StartWiredTrade
0x080819B8	0x080819C5	thumb	StartWiredCableClubTrade
0x080819C8	0x08081A03	thumb	EnterColosseumPlayerSpot
0x08081A04	0x08081A1B	thumb	CreateTask_EnterCableClubSeatNoFollowup
0x08081A1C	0x08081A33	thumb	Script_ShowLinkTrainerCard
0x08081A34	0x08081A8F	thumb	GetSeeingLinkPlayerCardMsg
0x08081A90	0x08081AE3	thumb	Task_WaitForLinkPlayerConnection
0x08081AE4	0x08081B07	thumb	Task_WaitExitToScript
0x08081B08	0x08081B2F	thumb	ExitLinkToScript
0x08081B30	0x08081B83	thumb	CheckForTrainersWantingBattle
0x08081B84	0x08081BEB	thumb	CheckTrainer
0x08081BEC	0x08081C9B	thumb	GetTrainerApproachDistance
0x08081C9C	0x08081CEB	thumb	GetTrainerApproachDistanceSouth
0x08081CEC	0x08081D2D	thumb	GetTrainerApproachDistanceNorth
0x08081D30	0x08081D71	thumb	GetTrainerApproachDistanceWest
0x08081D74	0x08081DB5	thumb	GetTrainerApproachDistanceEast
0x08081DB8	0x08081E67	thumb	CheckPathBetweenTrainerAndPlayer
0x08081E68	0x08081E9B	thumb	TrainerApproachPlayer
0x08081E9C	0x08081EDB	thumb	StartTrainerApproachWithFollowupTask
0x08081EDC	0x08081F33	thumb	Task_RunTrainerSeeFuncList
0x08081F34	0x08081F37	thumb	TrainerSeeFunc_Dummy
0x08081F38	0x08081F8F	thumb	TrainerSeeFunc_StartExclMark
0x08081F90	0x08081FCD	thumb	TrainerSeeFunc_WaitExclMark
0x08081FD0	0x08082029	thumb	TrainerSeeFunc_TrainerApproach
0x0808202C	0x080820BB	thumb	TrainerSeeFunc_PrepareToEngage
0x080820BC	0x080820FF	thumb	TrainerSeeFunc_End
0x08082100	0x08082133	thumb	TrainerSeeFunc_BeginRemoveDisguise
0x08082134	0x0808214F	thumb	TrainerSeeFunc_WaitRemoveDisguise
0x08082150	0x08082183	thumb	TrainerSeeFunc_TrainerInAshFacesPlayer
0x08082184	0x080821DB	thumb	TrainerSeeFunc_BeginJumpOutOfAsh
0x080821DC	0x0808224F	thumb	TrainerSeeFunc_WaitJumpOutOfAsh
0x08082250	0x0808226B	thumb	TrainerSeeFunc_EndJumpOutOfAsh
0x0808226C	0x080822CB	thumb	TrainerSeeFunc_OffscreenAboveTrainerCreateCameraObj
0x080822CC	0x0808237B	thumb	TrainerSeeFunc_OffscreenAboveTrainerCameraObjMoveUp
0x0808237C	0x0808243B	thumb	TrainerSeeFunc_OffscreenAboveTrainerCameraObjMoveDown
0x0808243C	0x080824E9	thumb	Task_RevealTrainer_RunTrainerSeeFuncList
0x080824EC	0x0808251F	thumb	MovementAction_RevealTrainer_RunTrainerSeeFuncList
0x08082520	0x0808252F	thumb	EndTrainerApproach
0x08082530	0x08082541	thumb	Task_DestroyTrainerApproachTask
0x08082544	0x0808257B	thumb	FldEff_ExclamationMarkIcon1
0x0808257C	0x080825B3	thumb	FldEff_DoubleExclMarkIcon
0x080825B4	0x080825EB	thumb	FldEff_XIcon
0x080825EC	0x08082623	thumb	FldEff_SmileyFaceIcon
0x08082624	0x0808265B	thumb	FldEff_QuestionMarkIcon
0x0808265C	0x080826A7	thumb	SetIconSpriteData
0x080826A8	0x0808273D	thumb	SpriteCB_TrainerIcons
0x08082740	0x0808274B	thumb	DisableWildEncounters
0x0808274C	0x08082805	thumb	ChooseWildMonIndex_Land
0x08082808	0x0808285B	thumb	ChooseWildMonIndex_WaterRock
0x0808285C	0x080828F7	thumb	ChooseWildMonIndex_Fishing
0x080828F8	0x08082931	thumb	ChooseWildMonLevel
0x08082934	0x080829BF	thumb	GetCurrentMapWildMonHeaderId
0x080829C0	0x080829F9	thumb	UnlockedTanobyOrAreNotInTanoby
0x080829FC	0x08082A87	thumb	GenerateWildMon
0x08082A88	0x08082AB5	thumb	GenerateUnownPersonalityByLetter
0x08082AB8	0x08082AEB	thumb	GetUnownLetterByPersonalityLoByte
0x08082AEC	0x08082B61	thumb	TryGenerateWildMon
0x08082B64	0x08082B9D	thumb	GenerateFishingEncounter
0x08082BA0	0x08082BCB	thumb	DoWildEncounterRateDiceRoll
0x08082BCC	0x08082C55	thumb	DoWildEncounterRateTest
0x08082C58	0x08082C97	thumb	GetAbilityEncounterRateModType
0x08082C98	0x08082CB9	thumb	DoGlobalWildEncounterDiceRoll
0x08082CBC	0x08082E51	thumb	StandardWildEncounter
0x08082E54	0x08082EBF	thumb	RockSmashWildEncounter
0x08082EC0	0x08082F75	thumb	SweetScentWildEncounter
0x08082F78	0x08082FAD	thumb	DoesCurrentMapHaveFishingMons
0x08082FB0	0x08082FE7	thumb	FishingWildEncounter
0x08082FE8	0x08083073	thumb	GetLocalWildMon
0x08083074	0x080830B7	thumb	GetLocalWaterMon
0x080830B8	0x0808310B	thumb	UpdateRepelCounter
0x0808310C	0x08083171	thumb	IsWildLevelAllowedByRepel
0x08083174	0x0808319D	thumb	ApplyFluteEncounterRateMod
0x080831A0	0x080831D5	thumb	GetFluteEncounterRateModType
0x080831D8	0x080831F7	thumb	ApplyCleanseTagEncounterRateMod
0x080831F8	0x08083211	thumb	IsLeadMonHoldingCleanseTag
0x08083214	0x0808322B	thumb	SeedWildEncounterRng
0x0808322C	0x0808324B	thumb	WildEncounterRandom
0x0808324C	0x080832D3	thumb	GetMapBaseEncounterCooldown
0x080832D4	0x080832E3	thumb	ResetEncounterRateModifiers
0x080832E4	0x080833AF	thumb	HandleWildEncounterCooldown
0x080833B0	0x0808340F	thumb	TryStandardWildEncounter
0x08083410	0x08083443	thumb	AddToWildEncounterRateBuff
0x08083444	0x0808348B	thumb	FieldEffectStart
0x0808348C	0x0808349D	thumb	FieldEffectCmd_loadtiles
0x080834A0	0x080834B1	thumb	FieldEffectCmd_loadfadedpal
0x080834B4	0x080834C5	thumb	FieldEffectCmd_loadpal
0x080834C8	0x080834D9	thumb	FieldEffectCmd_callnative
0x080834DC	0x080834DF	thumb	FieldEffectCmd_end
0x080834E0	0x08083507	thumb	FieldEffectCmd_loadgfx_callnative
0x08083508	0x08083529	thumb	FieldEffectCmd_loadtiles_callnative
0x0808352C	0x0808354D	thumb	FieldEffectCmd_loadfadedpal_callnative
0x08083550	0x08083567	thumb	FieldEffectScript_ReadWord
0x08083568	0x08083597	thumb	FieldEffectScript_LoadTiles
0x08083598	0x08083613	thumb	ApplyGlobalFieldPaletteTint
0x08083614	0x0808365B	thumb	FieldEffectScript_LoadFadedPal
0x0808365C	0x08083695	thumb	FieldEffectScript_LoadPal
0x08083698	0x080836B3	thumb	FieldEffectScript_CallNative
0x080836B4	0x080836D5	thumb	FieldEffectFreeGraphicsResources
0x080836D8	0x080836ED	thumb	FieldEffectStop
0x080836F0	0x08083753	thumb	FieldEffectFreeTilesIfUnused
0x08083754	0x080837AB	thumb	FieldEffectFreePaletteIfUnused
0x080837AC	0x080837CF	thumb	FieldEffectActiveListClear
0x080837D0	0x080837FB	thumb	FieldEffectActiveListAdd
0x080837FC	0x0808382B	thumb	FieldEffectActiveListRemove
0x0808382C	0x08083857	thumb	FieldEffectActiveListContains
0x08083858	0x080838F7	thumb	CreateTrainerSprite
0x080838F8	0x0808392F	thumb	LoadTrainerGfx_TrainerCard
0x08083930	0x0808396F	thumb	AddNewGameBirchObject
0x08083970	0x080839D1	thumb	CreateMonSprite_PicBox
0x080839D4	0x08083A59	thumb	CreateMonSprite_FieldMove
0x08083A5C	0x08083A85	thumb	FreeResourcesAndDestroySprite
0x08083A88	0x08083B13	thumb	MultiplyInvertedPaletteRGBComponents
0x08083B14	0x08083B8B	thumb	MultiplyPaletteRGBComponents
0x08083B8C	0x08083BCF	thumb	FldEff_PokecenterHeal
0x08083BD0	0x08083BFF	thumb	Task_PokecenterHeal
0x08083C00	0x08083C39	thumb	PokecenterHealEffect_Init
0x08083C3C	0x08083C77	thumb	PokecenterHealEffect_WaitForBallPlacement
0x08083C78	0x08083C9F	thumb	PokecenterHealEffect_WaitForBallFlashing
0x08083CA0	0x08083CDF	thumb	PokecenterHealEffect_WaitForSoundAndEnd
0x08083CE0	0x08083D1B	thumb	FldEff_HallOfFameRecord
0x08083D1C	0x08083D4B	thumb	Task_HallOfFameRecord
0x08083D4C	0x08083D73	thumb	HallOfFameRecordEffect_Init
0x08083D74	0x08083DAB	thumb	HallOfFameRecordEffect_WaitForBallPlacement
0x08083DAC	0x08083DD3	thumb	HallOfFameRecordEffect_WaitForBallFlashing
0x08083DD4	0x08083E13	thumb	HallOfFameRecordEffect_WaitForSoundAndEnd
0x08083E14	0x08083E6F	thumb	CreateGlowingPokeballsEffect
0x08083E70	0x08083E8B	thumb	SpriteCB_PokeballGlowEffect
0x08083E8C	0x08083F23	thumb	PokeballGlowEffect_PlaceBalls
0x08083F24	0x08083F57	thumb	PokeballGlowEffect_TryPlaySe
0x08083F58	0x08084097	thumb	PokeballGlowEffect_FlashFirstThree
0x08084098	0x0808418B	thumb	PokeballGlowEffect_FlashLast
0x0808418C	0x080841A5	thumb	PokeballGlowEffect_WaitAfterFlash
0x080841A8	0x080841AF	thumb	PokeballGlowEffect_Dummy
0x080841B0	0x080841D1	thumb	PokeballGlowEffect_WaitForSound
0x080841D4	0x080841D5	thumb	PokeballGlowEffect_Idle
0x080841D8	0x080841FF	thumb	SpriteCB_PokeballGlow
0x08084200	0x0808424B	thumb	CreatePokecenterMonitorSprite
0x0808424C	0x08084289	thumb	SpriteCB_PokecenterMonitor
0x0808428C	0x080842AB	thumb	CreateHofMonitorSprite
0x080842AC	0x080842C5	thumb	SpriteCB_HallOfFameMonitor
0x080842C8	0x080842E7	thumb	ReturnToFieldFromFlyMapSelect
0x080842E8	0x0808430F	thumb	FieldCallback_UseFly
0x08084310	0x0808438F	thumb	Task_UseFly
0x08084390	0x080843F7	thumb	FieldCallback_FlyIntoMap
0x080843F8	0x08084453	thumb	Task_FlyIntoMap
0x08084454	0x08084483	thumb	FieldCB_FallWarpExit
0x08084484	0x080844BB	thumb	Task_FallWarpFieldEffect
0x080844BC	0x08084563	thumb	FallWarpEffect_1
0x08084564	0x0808457F	thumb	FallWarpEffect_2
0x08084580	0x080845F3	thumb	FallWarpEffect_3
0x080845F4	0x080846AB	thumb	FallWarpEffect_4
0x080846AC	0x080846C7	thumb	FallWarpEffect_5
0x080846C8	0x08084705	thumb	FallWarpEffect_6
0x08084708	0x08084783	thumb	FallWarpEffect_7
0x08084784	0x080847BF	thumb	StartEscalatorWarp
0x080847C0	0x080847F7	thumb	Task_EscalatorWarpFieldEffect
0x080847F8	0x0808481D	thumb	EscalatorWarpEffect_1
0x08084820	0x0808488F	thumb	EscalatorWarpEffect_2
0x08084890	0x080848B1	thumb	EscalatorWarpEffect_3
0x080848B4	0x080848C3	thumb	EscalatorWarpEffect_4
0x080848C4	0x080848E5	thumb	EscalatorWarpEffect_5
0x080848E8	0x080848F7	thumb	EscalatorWarpEffect_6
0x080848F8	0x08084943	thumb	Escalator_AnimatePlayerGoingDown
0x08084944	0x0808498F	thumb	Escalator_AnimatePlayerGoingUp
0x08084990	0x0808499D	thumb	Escalator_BeginFadeOutToNewMap
0x080849A0	0x080849F3	thumb	Escalator_TransitionToWarpInEffect
0x080849F4	0x08084A23	thumb	FieldCB_EscalatorWarpIn
0x08084A24	0x08084A5B	thumb	Task_EscalatorWarpInFieldEffect
0x08084A5C	0x08084AD5	thumb	EscalatorWarpInEffect_1
0x08084AD8	0x08084B17	thumb	EscalatorWarpInEffect_2
0x08084B18	0x08084B77	thumb	EscalatorWarpInEffect_3
0x08084B78	0x08084BB7	thumb	EscalatorWarpInEffect_4
0x08084BB8	0x08084C17	thumb	EscalatorWarpInEffect_5
0x08084C18	0x08084C3B	thumb	EscalatorWarpInEffect_6
0x08084C3C	0x08084C9F	thumb	EscalatorWarpInEffect_7
0x08084CA0	0x08084CD7	thumb	FldEff_UseWaterfall
0x08084CD8	0x08084D23	thumb	Task_UseWaterfall
0x08084D24	0x08084D43	thumb	waterfall_0_setup
0x08084D44	0x08084D7F	thumb	waterfall_1_do_anim_probably
0x08084D80	0x08084DA1	thumb	waterfall_2_wait_anim_finish_probably
0x08084DA4	0x08084DC9	thumb	waterfall_3_move_player_probably
0x08084DCC	0x08084E23	thumb	waterfall_4_wait_player_move_probably
0x08084E24	0x08084E5F	thumb	FldEff_UseDive
0x08084E60	0x08084E97	thumb	Task_UseDive
0x08084E98	0x08084EAB	thumb	DiveFieldEffect_Init
0x08084EAC	0x08084ED3	thumb	DiveFieldEffect_ShowMon
0x08084ED4	0x08084F2B	thumb	DiveFieldEffect_TryWarp
0x08084F2C	0x08084F43	thumb	StartLavaridgeGymB1FWarp
0x08084F44	0x08084F9F	thumb	Task_LavaridgeGymB1FWarp
0x08084FA0	0x08084FD7	thumb	LavaridgeGymB1FWarpEffect_1
0x08084FD8	0x0808500B	thumb	LavaridgeGymB1FWarpEffect_2
0x0808500C	0x08085057	thumb	LavaridgeGymB1FWarpEffect_3
0x08085058	0x0808514B	thumb	LavaridgeGymB1FWarpEffect_4
0x0808514C	0x08085165	thumb	LavaridgeGymB1FWarpEffect_5
0x08085168	0x080851BB	thumb	LavaridgeGymB1FWarpEffect_6
0x080851BC	0x080851E7	thumb	FieldCB_LavaridgeGymB1FWarpExit
0x080851E8	0x08085243	thumb	Task_LavaridgeGymB1FWarpExit
0x08085244	0x08085273	thumb	LavaridgeGymB1FWarpExitEffect_1
0x08085274	0x080852BF	thumb	LavaridgeGymB1FWarpExitEffect_2
0x080852C0	0x08085313	thumb	LavaridgeGymB1FWarpExitEffect_3
0x08085314	0x0808534B	thumb	LavaridgeGymB1FWarpExitEffect_4
0x0808534C	0x080853AF	thumb	FldEff_LavaridgeGymWarp
0x080853B0	0x080853CB	thumb	SpriteCB_AshLaunch
0x080853CC	0x080853E3	thumb	StartLavaridgeGym1FWarp
0x080853E4	0x0808543F	thumb	Task_LavaridgeGym1FWarp
0x08085440	0x0808546F	thumb	LavaridgeGym1FWarpEffect_1
0x08085470	0x080854EB	thumb	LavaridgeGym1FWarpEffect_2
0x080854EC	0x08085523	thumb	LavaridgeGym1FWarpEffect_3
0x08085524	0x08085549	thumb	LavaridgeGym1FWarpEffect_4
0x0808554C	0x0808559F	thumb	LavaridgeGym1FWarpEffect_5
0x080855A0	0x08085603	thumb	FldEff_PopOutOfAsh
0x08085604	0x0808561F	thumb	SpriteCB_PopOutOfAsh
0x08085620	0x0808563B	thumb	StartEscapeRopeFieldEffect
0x0808563C	0x0808566B	thumb	Task_EscapeRopeWarpOut
0x0808566C	0x0808568D	thumb	EscapeRopeWarpOutEffect_Init
0x08085690	0x0808576B	thumb	EscapeRopeWarpOutEffect_Spin
0x0808576C	0x080857EF	thumb	SpinObjectEvent
0x080857F0	0x080858A1	thumb	WarpOutObjectEventUpwards
0x080858A4	0x080859D1	thumb	WarpInObjectEventDownwards
0x080859D4	0x08085A23	thumb	FieldCallback_EscapeRopeExit
0x08085A24	0x08085A53	thumb	Task_EscapeRopeWarpIn
0x08085A54	0x08085A7D	thumb	EscapeRopeWarpInEffect_Init
0x08085A80	0x08085B63	thumb	EscapeRopeWarpInEffect_Spin
0x08085B64	0x08085B77	thumb	CreateTeleportFieldEffectTask
0x08085B78	0x08085BA7	thumb	Task_DoTeleportFieldEffect
0x08085BA8	0x08085BCD	thumb	TeleportFieldEffectTask1
0x08085BD0	0x08085C5F	thumb	TeleportFieldEffectTask2
0x08085C60	0x08085D33	thumb	TeleportFieldEffectTask3
0x08085D34	0x08085D87	thumb	TeleportFieldEffectTask4
0x08085D88	0x08085DDB	thumb	FieldCallback_TeleportIn
0x08085DDC	0x08085E0B	thumb	Task_DoTeleportInFieldEffect
0x08085E0C	0x08085E97	thumb	TeleportInFieldEffectTask1
0x08085E98	0x08085F99	thumb	TeleportInFieldEffectTask2
0x08085F9C	0x08086027	thumb	TeleportInFieldEffectTask3
0x08086028	0x08086083	thumb	FldEff_FieldMoveShowMon
0x08086084	0x080860DF	thumb	FldEff_FieldMoveShowMonInit
0x080860E0	0x0808610F	thumb	Task_ShowMon_Outdoors
0x08086110	0x0808617F	thumb	ShowMonEffect_Outdoors_1
0x08086180	0x080861FB	thumb	ShowMonEffect_Outdoors_2
0x080861FC	0x08086287	thumb	ShowMonEffect_Outdoors_3
0x08086288	0x080862B7	thumb	ShowMonEffect_Outdoors_4
0x080862B8	0x0808630B	thumb	ShowMonEffect_Outdoors_5
0x0808630C	0x08086357	thumb	ShowMonEffect_Outdoors_6
0x08086358	0x080863BF	thumb	ShowMonEffect_Outdoors_7
0x080863C0	0x08086427	thumb	VBlankCB_ShowMonEffect_Outdoors
0x08086428	0x08086467	thumb	LoadFieldMoveStreaksTilemapToVram
0x08086468	0x08086497	thumb	Task_ShowMon_Indoors
0x08086498	0x080864D3	thumb	ShowMonEffect_Indoors_1
0x080864D4	0x08086553	thumb	ShowMonEffect_Indoors_2
0x08086554	0x080865BF	thumb	ShowMonEffect_Indoors_3
0x080865C0	0x080865EF	thumb	ShowMonEffect_Indoors_4
0x080865F0	0x0808662F	thumb	ShowMonEffect_Indoors_5
0x08086630	0x0808664F	thumb	ShowMonEffect_Indoors_6
0x08086650	0x080866DF	thumb	ShowMonEffect_Indoors_7
0x080866E0	0x08086727	thumb	VBlankCB_ShowMonEffect_Indoors
0x08086728	0x08086735	thumb	AnimateIndoorShowMonBg
0x08086738	0x080867EF	thumb	SlideIndoorBannerOnscreen
0x080867F0	0x0808685F	thumb	SlideIndoorBannerOffscreen
0x08086860	0x080868BF	thumb	InitFieldMoveMonSprite
0x080868C0	0x08086903	thumb	SpriteCB_FieldMoveMonSlideOnscreen
0x08086904	0x0808691F	thumb	SpriteCB_FieldMoveMonWaitAfterCry
0x08086920	0x08086941	thumb	SpriteCB_FieldMoveMonSlideOffscreen
0x08086944	0x0808698F	thumb	FldEff_UseSurf
0x08086990	0x080869BF	thumb	Task_FldEffUseSurf
0x080869C0	0x08086A1F	thumb	UseSurfEffect_1
0x08086A20	0x08086A6B	thumb	UseSurfEffect_2
0x08086A6C	0x08086AB3	thumb	UseSurfEffect_3
0x08086AB4	0x08086B2F	thumb	UseSurfEffect_4
0x08086B30	0x08086BA7	thumb	UseSurfEffect_5
0x08086BA8	0x08086BCF	thumb	FldEff_UseVsSeeker
0x08086BD0	0x08086BFF	thumb	Task_FldEffUseVsSeeker
0x08086C00	0x08086C23	thumb	UseVsSeekerEffect_1
0x08086C24	0x08086C6F	thumb	UseVsSeekerEffect_2
0x08086C70	0x08086CF3	thumb	UseVsSeekerEffect_3
0x08086CF4	0x08086D37	thumb	UseVsSeekerEffect_4
0x08086D38	0x08086D93	thumb	FldEff_NpcFlyOut
0x08086D94	0x08086E0F	thumb	SpriteCB_NPCFlyOut
0x08086E10	0x08086E3F	thumb	FldEff_FlyOut
0x08086E40	0x08086E6F	thumb	Task_FlyOut
0x08086E70	0x08086EC7	thumb	FlyOutFieldEffect_FieldMovePose
0x08086EC8	0x08086F0B	thumb	FlyOutFieldEffect_ShowMon
0x08086F0C	0x08086F63	thumb	FlyOutFieldEffect_BirdLeaveBall
0x08086F64	0x08086FA7	thumb	FlyOutFieldEffect_WaitBirdLeave
0x08086FA8	0x08086FFB	thumb	FlyOutFieldEffect_BirdSwoopDown
0x08086FFC	0x0808706B	thumb	FlyOutFieldEffect_JumpOnBird
0x0808706C	0x08087117	thumb	FlyOutFieldEffect_FlyOffWithBird
0x08087118	0x08087137	thumb	FlyOutFieldEffect_WaitFlyOff
0x08087138	0x08087167	thumb	FlyOutFieldEffect_End
0x08087168	0x080871AB	thumb	CreateFlyBirdSprite
0x080871AC	0x080871C7	thumb	GetFlyBirdAnimCompleted
0x080871C8	0x08087203	thumb	StartFlyBirdSwoopDown
0x08087204	0x0808721F	thumb	SetFlyBirdPlayerSpriteId
0x08087220	0x080872EF	thumb	SpriteCB_FlyBirdLeaveBall
0x080872F0	0x08087363	thumb	SpriteCB_FlyBirdSwoopDown
0x08087364	0x08087457	thumb	SpriteCB_FlyBirdReturnToBall
0x08087458	0x08087483	thumb	StartFlyBirdReturnToBall
0x08087484	0x08087497	thumb	FldEff_FlyIn
0x08087498	0x080874C7	thumb	Task_FlyIn
0x080874C8	0x080875C7	thumb	FlyInFieldEffect_BirdSwoopDown
0x080875C8	0x08087643	thumb	FlyInFieldEffect_FlyInWithBird
0x08087644	0x08087697	thumb	FlyInFieldEffect_JumpOffBird
0x08087698	0x0808770F	thumb	FlyInFieldEffect_FieldMovePose
0x08087710	0x08087747	thumb	FlyInFieldEffect_BirdReturnToBall
0x08087748	0x0808777F	thumb	FlyInFieldEffect_WaitBirdReturn
0x08087780	0x080877FB	thumb	FlyInFieldEffect_End
0x080877FC	0x08087827	thumb	DoBirdSpriteWithPlayerAffineAnim
0x08087828	0x080878BF	thumb	SpriteCB_FlyBirdWithPlayer
0x080878C0	0x08087923	thumb	TryChangeBirdSprite
0x08087924	0x080879D7	thumb	FldEff_MoveDeoxysRock
0x080879D8	0x08087AB3	thumb	Task_MoveDeoxysRock_Step
0x08087AB4	0x08087B13	thumb	FldEff_DestroyDeoxysRock
0x08087B14	0x08087BA5	thumb	Task_DeoxysRockCameraShake
0x08087BA8	0x08087BBF	thumb	StartEndingDeoxysRockCameraShake
0x08087BC0	0x08087BFF	thumb	Task_DestroyDeoxysRock
0x08087C00	0x08087C2B	thumb	DestroyDeoxysRockEffect_CameraShake
0x08087C2C	0x08087CB3	thumb	DestroyDeoxysRockEffect_RockFragments
0x08087CB4	0x08087CFB	thumb	DestroyDeoxysRockEffect_WaitAndEnd
0x08087CFC	0x08087D8F	thumb	CreateDeoxysRockFragments
0x08087D90	0x08087DFF	thumb	SpriteCB_DeoxysRockFragment
0x08087E00	0x08087E27	thumb	Task_PhotoFlash
0x08087E28	0x08087E63	thumb	FldEff_PhotoFlash
0x08087E64	0x08087EA3	thumb	ScanlineEffect_Stop
0x08087EA4	0x08087EE3	thumb	ScanlineEffect_Clear
0x08087EE4	0x08087F53	thumb	ScanlineEffect_SetParams
0x08087F54	0x08087FDF	thumb	ScanlineEffect_InitHBlankDmaTransfer
0x08087FE0	0x08087FFF	thumb	CopyValue16Bit
0x08088000	0x0808801F	thumb	CopyValue32Bit
0x08088020	0x080881E7	thumb	TaskFunc_UpdateWavePerFrame
0x080881E8	0x0808822F	thumb	GenerateWave
0x08088230	0x0808835B	thumb	ScanlineEffect_InitWave
0x0808835C	0x08088371	thumb	CB2_InitOptionMenu
0x08088374	0x08088385	thumb	VBlankCB_OptionMenu
0x08088388	0x0808842F	thumb	CB2_OptionsMenuFromStartMenu
0x08088430	0x08088441	thumb	OptionMenu_InitCallbacks
0x08088444	0x08088453	thumb	OptionMenu_SetVBlankCallback
0x08088454	0x08088513	thumb	CB2_OptionMenu
0x08088514	0x0808852F	thumb	SetOptionMenuTask
0x08088530	0x0808867F	thumb	InitOptionMenuBg
0x08088680	0x080886D3	thumb	OptionMenu_PickSwitchCancel
0x080886D4	0x080886ED	thumb	OptionMenu_ResetSpriteData
0x080886F0	0x0808877F	thumb	LoadOptionMenuPalette
0x08088780	0x080888BD	thumb	Task_OptionMenu
0x080888C0	0x080889A5	thumb	OptionMenu_ProcessInput
0x080889A8	0x08088AFF	thumb	BufferOptionMenuString
0x08088B00	0x08088BCF	thumb	CloseAndSaveOptionMenu
0x08088BD0	0x08088C0B	thumb	PrintOptionMenuHeader
0x08088C0C	0x08088D8B	thumb	DrawOptionMenuBg
0x08088D8C	0x08088DDF	thumb	LoadOptionMenuItemNames
0x08088DE0	0x08088E1F	thumb	UpdateSettingSelectionDisplay
0x08088E20	0x08088E37	thumb	GetPokedexCategoryName
0x08088E38	0x08088E73	thumb	GetPokedexHeightWeight
0x08088E74	0x08088E8B	thumb	GetSetPokedexFlag
0x08088E8C	0x08088ED9	thumb	GetNationalPokedexCount
0x08088EDC	0x08088F23	thumb	GetKantoPokedexCount
0x08088F24	0x08088F55	thumb	HasAllHoennMons
0x08088F58	0x08088F81	thumb	HasAllKantoMons
0x08088F84	0x08088FED	thumb	HasAllMons
0x08088FF0	0x08089033	thumb	VBlankCB_TrainerCard
0x08089034	0x0808906F	thumb	HBlankCB_TrainerCard
0x08089070	0x08089085	thumb	CB2_TrainerCard
0x08089088	0x080890BF	thumb	CloseTrainerCard
0x080890C0	0x08089423	thumb	Task_TrainerCard
0x08089424	0x080895B7	thumb	LoadCardGfx
0x080895B8	0x08089741	thumb	CB2_InitTrainerCard
0x08089744	0x0808975B	thumb	GetCappedGameStat
0x0808975C	0x08089799	thumb	GetTrainerStarCount
0x0808979C	0x080898E7	thumb	SetPlayerCardData
0x080898E8	0x08089A93	thumb	TrainerCard_GenerateCardForLinkPlayer
0x08089A94	0x08089B63	thumb	SetDataFromTrainerCard
0x08089B64	0x08089BD5	thumb	HandleGpuRegs
0x08089BD8	0x08089C3B	thumb	UpdateCardFlipRegs
0x08089C3C	0x08089C55	thumb	ResetGpuRegs
0x08089C58	0x08089C59	thumb	TrainerCardNull
0x08089C5C	0x08089C7F	thumb	DmaClearOam
0x08089C80	0x08089CA3	thumb	DmaClearPltt
0x08089CA4	0x08089D09	thumb	ResetBgRegs
0x08089D0C	0x08089D8B	thumb	InitBgsAndWindows
0x08089D8C	0x08089DA3	thumb	SetTrainerCardCB2
0x08089DA4	0x08089DC7	thumb	SetUpTrainerCardTask
0x08089DC8	0x08089E3F	thumb	PrintAllOnCardFront
0x08089E40	0x08089ECB	thumb	PrintAllOnCardBack
0x08089ECC	0x08089EE9	thumb	BufferTextForCardBack
0x08089EEC	0x08089F77	thumb	PrintNameOnCardFront
0x08089F78	0x08089FEB	thumb	PrintIdOnCard
0x08089FEC	0x0808A0DF	thumb	PrintMoneyOnCard
0x0808A0E0	0x0808A0FF	thumb	GetCaughtMonsCount
0x0808A100	0x0808A22B	thumb	PrintPokedexOnCard
0x0808A22C	0x0808A3CF	thumb	PrintTimeOnCard
0x0808A3D0	0x0808A4A7	thumb	PrintProfilePhraseOnCard
0x0808A4A8	0x0808A4FB	thumb	BufferNameForCardBack
0x0808A4FC	0x0808A5B7	thumb	PrintNameOnCardBack
0x0808A5B8	0x0808A653	thumb	BufferHofDebutTime
0x0808A654	0x0808A6C7	thumb	PrintHofDebutTimeOnCard
0x0808A6C8	0x0808A75F	thumb	BufferLinkBattleResults
0x0808A760	0x0808A80F	thumb	PrintLinkBattleResultsOnCard
0x0808A810	0x0808A853	thumb	BufferNumTrades
0x0808A854	0x0808A8CF	thumb	PrintTradesStringOnCard
0x0808A8D0	0x0808A91B	thumb	BufferBerryCrushPoints
0x0808A91C	0x0808A9A3	thumb	PrintBerryCrushStringOnCard
0x0808A9A4	0x0808A9EF	thumb	BufferUnionRoomStats
0x0808A9F0	0x0808AA77	thumb	PrintUnionStringOnCard
0x0808AA78	0x0808AB0F	thumb	PrintPokemonIconsOnCard
0x0808AB10	0x0808ABDF	thumb	LoadMonIconGfx
0x0808ABE0	0x0808AC6B	thumb	PrintStickersOnCard
0x0808AC6C	0x0808ACC7	thumb	LoadStickerGfx
0x0808ACC8	0x0808ACE3	thumb	DrawTrainerCardWindow
0x0808ACE4	0x0808AE93	thumb	SetTrainerCardBgsAndPals
0x0808AE94	0x0808AF01	thumb	DrawCardScreenBackground
0x0808AF04	0x0808AF71	thumb	DrawCardFrontOrBack
0x0808AF74	0x0808B08F	thumb	DrawStarsAndBadgesOnCard
0x0808B090	0x0808B17D	thumb	DrawCardBackStats
0x0808B180	0x0808B1BB	thumb	BlinkTimeColon
0x0808B1BC	0x0808B1D3	thumb	GetTrainerCardStars
0x0808B1D4	0x0808B1FB	thumb	FlipTrainerCard
0x0808B1FC	0x0808B219	thumb	IsCardFlipTaskActive
0x0808B21C	0x0808B253	thumb	Task_DoCardFlipTask
0x0808B254	0x0808B293	thumb	Task_BeginCardFlip
0x0808B294	0x0808B3C3	thumb	Task_AnimateCardFlipDown
0x0808B3C4	0x0808B4D7	thumb	Task_DrawFlippedCardSide
0x0808B4D8	0x0808B53F	thumb	Task_SetCardFlipped
0x0808B540	0x0808B66B	thumb	Task_AnimateCardFlipUp
0x0808B66C	0x0808B697	thumb	Task_EndCardFlip
0x0808B698	0x0808B6FF	thumb	ShowPlayerTrainerCard
0x0808B700	0x0808B773	thumb	ShowTrainerCardInLink
0x0808B774	0x0808B7FF	thumb	InitTrainerCardData
0x0808B800	0x0808B835	thumb	GetCardType
0x0808B838	0x0808B94B	thumb	CreateTrainerCardTrainerPic
0x0808B94C	0x0808B95F	thumb	Unref_InitTrainerCard
0x0808B960	0x0808B98F	thumb	Unref_InitTrainerCardLink
0x0808B990	0x0808B9BF	thumb	Unref_InitTrainerCardLink2
0x0808B9C0	0x0808B9D7	thumb	BackupPokemonStorage
0x0808B9D8	0x0808B9F3	thumb	RestorePokemonStorage
0x0808B9F4	0x0808B9FF	thumb	StorageGetCurrentBox
0x0808BA00	0x0808BA17	thumb	SetCurrentBox
0x0808BA18	0x0808BA5B	thumb	GetBoxMonDataAt
0x0808BA5C	0x0808BA9F	thumb	SetBoxMonDataAt
0x0808BAA0	0x0808BABF	thumb	GetCurrentBoxMonData
0x0808BAC0	0x0808BAE3	thumb	SetCurrentBoxMonData
0x0808BAE4	0x0808BB29	thumb	GetBoxMonNickAt
0x0808BB2C	0x0808BB6B	thumb	SetBoxMonNickAt
0x0808BB6C	0x0808BBB3	thumb	GetAndCopyBoxMonDataAt
0x0808BBB4	0x0808BBF3	thumb	SetBoxMonAt
0x0808BBF4	0x0808BC33	thumb	CopyBoxMonAt
0x0808BC34	0x0808BCB3	thumb	CreateBoxMonAt
0x0808BCB4	0x0808BCEF	thumb	ZeroBoxMonAt
0x0808BCF0	0x0808BD2F	thumb	BoxMonAtToMon
0x0808BD30	0x0808BD6B	thumb	GetBoxedMonPtr
0x0808BD6C	0x0808BD93	thumb	GetBoxNamePtr
0x0808BD94	0x0808BDBB	thumb	GetBoxWallpaper
0x0808BDBC	0x0808BDE7	thumb	SetBoxWallpaper
0x0808BDE8	0x0808BEB1	thumb	SeekToNextMonInBox
0x0808BEB4	0x0808BFDF	thumb	DrawTextWindowAndBufferTiles
0x0808BFE0	0x0808C0D3	thumb	PrintStringToBufferCopyNow
0x0808C0D4	0x0808C107	thumb	CountMonsInBox
0x0808C108	0x0808C139	thumb	GetFirstFreeBoxSpot
0x0808C13C	0x0808C183	thumb	CountPartyNonEggMons
0x0808C184	0x0808C1DF	thumb	CountPartyAliveNonEggMonsExcept
0x0808C1E0	0x0808C1F7	thumb	CountPartyAliveNonEggMons_IgnoreVar0x8004Slot
0x0808C1F8	0x0808C22F	thumb	CountPartyMons
0x0808C230	0x0808C259	thumb	StringCopyAndFillWithSpaces
0x0808C25C	0x0808C2D7	thumb	UnusedWriteRectCpu
0x0808C2D8	0x0808C39B	thumb	UnusedWriteRectDma
0x0808C39C	0x0808C6A7	thumb	Task_PCMainMenu
0x0808C6A8	0x0808C6D7	thumb	ShowPokemonStorageSystemPC
0x0808C6D8	0x0808C72B	thumb	FieldTask_ReturnToPcMenu
0x0808C72C	0x0808C7B3	thumb	CreatePCMainMenu
0x0808C7B4	0x0808C7DF	thumb	CB2_ExitPokeStorage
0x0808C7E0	0x0808C853	thumb	ResetPokemonStorageSystem
0x0808C854	0x0808C8FB	thumb	LoadChooseBoxMenuGfx
0x0808C8FC	0x0808C93F	thumb	FreeBoxSelectionPopupSpriteGfx
0x0808C940	0x0808C94D	thumb	CreateChooseBoxMenuSprites
0x0808C950	0x0808C959	thumb	DestroyChooseBoxMenuSprites
0x0808C95C	0x0808C9C3	thumb	HandleBoxChooseSelectionInput
0x0808C9C4	0x0808CBA3	thumb	ChooseBoxMenu_CreateSprites
0x0808CBA4	0x0808CC0F	thumb	ChooseBoxMenu_DestroySprites
0x0808CC10	0x0808CC43	thumb	ChooseBoxMenu_MoveRight
0x0808CC44	0x0808CC71	thumb	ChooseBoxMenu_MoveLeft
0x0808CC74	0x0808CCFB	thumb	ChooseBoxMenu_PrintBoxNameAndCount
0x0808CCFC	0x0808CD63	thumb	ChooseBoxMenu_PrintTextToSprite
0x0808CD64	0x0808CD97	thumb	SpriteCB_ChooseBoxArrow
0x0808CD98	0x0808CDC3	thumb	VBlankCB_PokeStorage
0x0808CDC4	0x0808CDE1	thumb	CB2_PokeStorage
0x0808CDE4	0x0808CE5F	thumb	EnterPokeStorage
0x0808CE60	0x0808CEC7	thumb	CB2_ReturnToPokeStorage
0x0808CEC8	0x0808CF0D	thumb	ResetAllBgCoords
0x0808CF10	0x0808CF93	thumb	ResetForPokeStorage
0x0808CF94	0x0808CFC3	thumb	InitStartingPosData
0x0808CFC4	0x0808CFF7	thumb	SetMonIconTransparency
0x0808CFF8	0x0808D01F	thumb	SetPokeStorageTask
0x0808D020	0x0808D21F	thumb	Task_InitPokeStorage
0x0808D220	0x0808D26B	thumb	Task_ShowPokeStorage
0x0808D26C	0x0808D2BB	thumb	Task_ReshowPokeStorage
0x0808D2BC	0x0808D7BB	thumb	Task_PokeStorageMain
0x0808D7BC	0x0808D7FB	thumb	Task_ShowPartyPokemon
0x0808D7FC	0x0808D877	thumb	Task_HidePartyPokemon
0x0808D878	0x0808DB93	thumb	Task_OnSelectedMon
0x0808DB94	0x0808DBEF	thumb	Task_MoveMon
0x0808DBF0	0x0808DC4F	thumb	Task_PlaceMon
0x0808DC50	0x0808DC9B	thumb	Task_ShiftMon
0x0808DC9C	0x0808DD87	thumb	Task_WithdrawMon
0x0808DD88	0x0808DECB	thumb	Task_DepositMenu
0x0808DECC	0x0808E0BB	thumb	Task_ReleaseMon
0x0808E0BC	0x0808E13F	thumb	Task_ShowMarkMenu
0x0808E140	0x0808E1F3	thumb	Task_TakeItemForMoving
0x0808E1F4	0x0808E2AF	thumb	Task_GiveMovingItemToMon
0x0808E2B0	0x0808E3C7	thumb	Task_ItemToBag
0x0808E3C8	0x0808E4AF	thumb	Task_SwitchSelectedItem
0x0808E4B0	0x0808E563	thumb	Task_ShowItemInfo
0x0808E564	0x0808E687	thumb	Task_CloseBoxWhileHoldingItem
0x0808E688	0x0808E6CF	thumb	Task_HandleMovingMonFromParty
0x0808E6D0	0x0808E743	thumb	Task_PrintCantStoreMail
0x0808E744	0x0808E83B	thumb	Task_HandleBoxOptions
0x0808E83C	0x0808E99F	thumb	Task_HandleWallpapers
0x0808E9A0	0x0808EA8F	thumb	Task_JumpBox
0x0808EA90	0x0808EAEF	thumb	Task_NameBox
0x0808EAF0	0x0808EB4F	thumb	Task_ShowMonSummary
0x0808EB50	0x0808EBAF	thumb	Task_GiveItemFromBag
0x0808EBB0	0x0808ECE3	thumb	Task_OnCloseBoxPressed
0x0808ECE4	0x0808EE17	thumb	Task_OnBPressed
0x0808EE18	0x0808EF0B	thumb	Task_ChangeScreen
0x0808EF0C	0x0808EF65	thumb	GiveChosenBagItem
0x0808EF68	0x0808EF8B	thumb	FreePokeStorageData
0x0808EF8C	0x0808EFC7	thumb	SetScrollingBackground
0x0808EFC8	0x0808EFE1	thumb	ScrollBackground
0x0808EFE4	0x0808F043	thumb	LoadPokeStorageMenuGfx
0x0808F044	0x0808F065	thumb	InitPokeStorageWindows
0x0808F068	0x0808F077	thumb	LoadsMiscSpritePalette
0x0808F078	0x0808F0F3	thumb	InitPalettesAndSprites
0x0808F0F4	0x0808F163	thumb	CreateMarkingComboSprite
0x0808F164	0x0808F1CF	thumb	CreateWaveformSprites
0x0808F1D0	0x0808F1FF	thumb	RefreshDisplayMonData
0x0808F200	0x0808F257	thumb	StartDisplayMonMosaic
0x0808F258	0x0808F273	thumb	IsDisplayMonMosaicActive
0x0808F274	0x0808F2BB	thumb	SpriteCB_DisplayMonMosaic
0x0808F2BC	0x0808F3F7	thumb	CreateDisplayMonSprite
0x0808F3F8	0x0808F49B	thumb	LoadDisplayMonGfx
0x0808F49C	0x0808F5E5	thumb	PrintDisplayMonInfo
0x0808F5E8	0x0808F68B	thumb	UpdateWaveformAnimation
0x0808F68C	0x0808F75B	thumb	InitSupplementalTilemaps
0x0808F75C	0x0808F793	thumb	SetUpShowPartyMenu
0x0808F794	0x0808F80F	thumb	ShowPartyMenu
0x0808F810	0x0808F84F	thumb	SetUpHidePartyMenu
0x0808F850	0x0808F90B	thumb	HidePartyMenu
0x0808F90C	0x0808F945	thumb	UpdateCloseBoxButtonTilemap
0x0808F948	0x0808F973	thumb	StartFlashingCloseBoxButton
0x0808F974	0x0808F99B	thumb	StopFlashingCloseBoxButton
0x0808F99C	0x0808F9FB	thumb	UpdateCloseBoxButtonFlash
0x0808F9FC	0x0808FA2F	thumb	SetPartySlotTilemaps
0x0808FA30	0x0808FAA7	thumb	SetPartySlotTilemap
0x0808FAA8	0x0808FAD1	thumb	UpdatePartySlotColors
0x0808FAD4	0x0808FAF7	thumb	SetUpDoShowPartyMenu
0x0808FAF8	0x0808FB67	thumb	DoShowPartyMenu
0x0808FB68	0x0808FBA3	thumb	InitPokeStorageBg0
0x0808FBA4	0x0808FCE7	thumb	PrintStorageMessage
0x0808FCE8	0x0808FD1F	thumb	ShowYesNoWindow
0x0808FD20	0x0808FD33	thumb	ClearBottomWindow
0x0808FD34	0x0808FD59	thumb	AddWallpaperSetsMenu
0x0808FD5C	0x0808FDEF	thumb	AddWallpapersMenu
0x0808FDF0	0x0808FDFB	thumb	GetCurrentBoxOption
0x0808FDFC	0x0808FE53	thumb	InitCursorItemIcon
0x0808FE54	0x0808FF6F	thumb	SetPokeStorageQuestLogEvent
0x0808FF70	0x0808FFAB	thumb	UpdateBoxToSendMons
0x0808FFAC	0x08090057	thumb	InitMonIconFields
0x08090058	0x0809006D	thumb	GetMonIconPriorityByCursorArea
0x08090070	0x080900D3	thumb	CreateMovingMonIcon
0x080900D4	0x080901EB	thumb	InitBoxMonSprites
0x080901EC	0x0809029B	thumb	CreateBoxMonIconAtPos
0x0809029C	0x080902DF	thumb	StartBoxMonIconsScrollOut
0x080902E0	0x08090323	thumb	SpriteCB_BoxMonIconScrollIn
0x08090324	0x0809035B	thumb	SpriteCB_BoxMonIconScrollOut
0x0809035C	0x080903A3	thumb	DestroyAllIconsInColumn
0x080903A4	0x08090573	thumb	CreateBoxMonIconsInColumn
0x08090574	0x0809062B	thumb	InitBoxMonIconScroll
0x0809062C	0x08090793	thumb	UpdateBoxMonIconScroll
0x08090794	0x0809081B	thumb	SetBoxSpeciesAndPersonalities
0x0809081C	0x0809084F	thumb	DestroyBoxMonIconAtPosition
0x08090850	0x0809088B	thumb	SetBoxMonIconObjMode
0x0809088C	0x080909F3	thumb	CreatePartyMonsSprites
0x080909F4	0x08090A5F	thumb	CompactPartySprites
0x08090A60	0x08090A73	thumb	GetNumPartySpritesCompacting
0x08090A74	0x08090ADF	thumb	MovePartySpriteToNextSlot
0x08090AE0	0x08090B6B	thumb	SpriteCB_MovePartySpriteToNextSlot
0x08090B6C	0x08090B97	thumb	DestroyMovingMonIcon
0x08090B98	0x08090C0D	thumb	MovePartySprites
0x08090C10	0x08090C43	thumb	DestroyPartyMonIcon
0x08090C44	0x08090C83	thumb	DestroyAllPartyMonIcons
0x08090C84	0x08090CBF	thumb	SetPartyMonIconObjMode
0x08090CC0	0x08090D57	thumb	SetMovingMonSprite
0x08090D58	0x08090E07	thumb	SetPlacedMonSprite
0x08090E08	0x08090E73	thumb	SetShiftMonSpritePtr
0x08090E74	0x08090FC3	thumb	ShiftMons
0x08090FC4	0x08091083	thumb	DoReleaseMonAnim
0x08091084	0x080910C9	thumb	TryHideReleaseMonSprite
0x080910CC	0x08091113	thumb	DestroyReleaseMonIcon
0x08091114	0x0809114F	thumb	DoReleaseMonComeBackAnim
0x08091150	0x08091183	thumb	ResetReleaseMonSpritePtr
0x08091184	0x080911AF	thumb	SetMovingMonPriority
0x080911B0	0x080911D3	thumb	SpriteCB_HeldMon
0x080911D4	0x0809128F	thumb	TryLoadMonIconTiles
0x08091290	0x080912DF	thumb	RemoveSpeciesFromIconList
0x080912E0	0x080913C3	thumb	CreateMonIconSprite
0x080913C4	0x080913D9	thumb	DestroyBoxMonIcon
0x080913DC	0x0809140B	thumb	CreateInitBoxTask
0x0809140C	0x0809141F	thumb	IsInitBoxActive
0x08091420	0x08091513	thumb	Task_InitBox
0x08091514	0x080915FB	thumb	SetUpScrollToBox
0x080915FC	0x080916F3	thumb	ScrollToBox
0x080916F4	0x0809172D	thumb	DetermineBoxScrollDirection
0x08091730	0x0809175F	thumb	SetWallpaperForCurrentBox
0x08091760	0x0809184D	thumb	DoWallpaperGfxChange
0x08091850	0x0809196B	thumb	LoadWallpaperGfx
0x0809196C	0x08091983	thumb	WaitForWallpaperGfxLoad
0x08091984	0x08091A23	thumb	DrawWallpaper
0x08091A24	0x08091A93	thumb	TrimOldWallpaper
0x08091A94	0x08091C47	thumb	InitBoxTitle
0x08091C48	0x08091E33	thumb	CreateIncomingBoxTitle
0x08091E34	0x08091E83	thumb	CycleBoxTitleSprites
0x08091E84	0x08091EB7	thumb	SpriteCB_IncomingBoxTitle
0x08091EB8	0x08091EED	thumb	SpriteCB_OutgoingBoxTitle
0x08091EF0	0x08091F5F	thumb	CycleBoxTitleColor
0x08091F60	0x08091F7F	thumb	GetBoxTitleBaseX
0x08091F80	0x0809200B	thumb	CreateBoxScrollArrows
0x0809200C	0x080920AB	thumb	StartBoxScrollArrowsSlide
0x080920AC	0x080920FB	thumb	StopBoxScrollArrowsSlide
0x080920FC	0x08092163	thumb	AnimateBoxScrollArrows
0x08092164	0x0809223B	thumb	SpriteCB_BoxScrollArrow
0x0809223C	0x080922BF	thumb	CreateChooseBoxArrows
0x080922C0	0x0809233F	thumb	InitCursor
0x08092340	0x08092397	thumb	InitCursorOnReopen
0x08092398	0x08092455	thumb	GetCursorCoordsByPos
0x08092458	0x080924A5	thumb	GetSpeciesAtCursorPosition
0x080924A8	0x08092603	thumb	UpdateCursorPos
0x08092604	0x0809265F	thumb	InitNewCursorPos
0x08092660	0x080927E7	thumb	InitCursorMove
0x080927E8	0x080929AF	thumb	SetCursorPosition
0x080929B0	0x08092AE3	thumb	DoCursorNewPosUpdate
0x08092AE4	0x08092B3B	thumb	SetCursorInParty
0x08092B3C	0x08092B4D	thumb	SetCursorBoxPosition
0x08092B50	0x08092B5B	thumb	ClearSavedCursorPos
0x08092B5C	0x08092B6F	thumb	SaveCursorPos
0x08092B70	0x08092B7B	thumb	GetSavedCursorPos
0x08092B7C	0x08092BAB	thumb	InitMonPlaceChange
0x08092BAC	0x08092BF7	thumb	InitMultiMonPlaceChange
0x08092BF8	0x08092C17	thumb	DoMonPlaceChange
0x08092C18	0x08092CA3	thumb	MonPlaceChange_Grab
0x08092CA4	0x08092D1F	thumb	MonPlaceChange_Place
0x08092D20	0x08092DFF	thumb	MonPlaceChange_Shift
0x08092E00	0x08092E0D	thumb	MonPlaceChange_DoMoveCursorDown
0x08092E10	0x08092E1D	thumb	MonPlaceChange_DoMoveCursorUp
0x08092E20	0x08092E51	thumb	MonPlaceChange_MoveCursorDown
0x08092E54	0x08092E7D	thumb	MonPlaceChange_MoveCursorUp
0x08092E80	0x08092EF3	thumb	MoveMon
0x08092EF4	0x08092F53	thumb	PlaceMon
0x08092F54	0x08092F5D	thumb	DoTrySetDisplayMonData
0x08092F60	0x08092FD3	thumb	SetMovedMonData
0x08092FD4	0x0809302F	thumb	SetPlacedMonData
0x08093030	0x08093057	thumb	PurgeMonOrBoxMon
0x08093058	0x080930E3	thumb	SetShiftedMonData
0x080930E4	0x08093173	thumb	TryStorePartyMonInBox
0x08093174	0x08093193	thumb	ResetSelectionAfterDeposit
0x08093194	0x080931EB	thumb	InitReleaseMon
0x080931EC	0x08093217	thumb	TryHideReleaseMon
0x08093218	0x08093263	thumb	ReleaseMon
0x08093264	0x0809328B	thumb	TrySetCursorFistAnim
0x0809328C	0x0809341F	thumb	InitCanReleaseMonVars
0x08093420	0x0809362F	thumb	RunCanReleaseMon
0x08093630	0x0809365F	thumb	SaveMovingMon
0x08093660	0x080936B7	thumb	LoadSavedMovingMon
0x080936B8	0x080937B3	thumb	InitSummaryScreenData
0x080937B4	0x080937DB	thumb	SetSelectionAfterSummaryScreen
0x080937DC	0x08093877	thumb	CompactPartySlots
0x08093878	0x080938FF	thumb	SetMonMarkings
0x08093900	0x08093939	thumb	CanMovePartyMon
0x0809393C	0x0809399D	thumb	CanShiftMon
0x080939A0	0x080939AB	thumb	IsMonBeingMoved
0x080939AC	0x080939C7	thumb	IsCursorOnBoxTitle
0x080939C8	0x080939F3	thumb	IsCursorOnCloseBox
0x080939F4	0x08093A0F	thumb	IsCursorInBox
0x08093A10	0x08093AAB	thumb	TrySetDisplayMonData
0x08093AAC	0x08093ACF	thumb	ReshowDisplayMon
0x08093AD0	0x08093F97	thumb	SetDisplayMonData
0x08093F98	0x08093FD1	thumb	HandleInput_InBox
0x08093FD4	0x0809423F	thumb	HandleInput_InBox_Normal
0x08094240	0x08094377	thumb	HandleInput_InBox_GrabbingMultiple
0x08094378	0x08094489	thumb	HandleInput_InBox_MovingMultiple
0x0809448C	0x080946AB	thumb	HandleInput_InParty
0x080946AC	0x0809479F	thumb	HandleInput_BoxTitle
0x080947A0	0x080948B3	thumb	HandleInput_OnButtons
0x080948B4	0x080948FF	thumb	HandleInput
0x08094900	0x08094921	thumb	AddBoxMenu
0x08094924	0x0809494B	thumb	SetSelectionMenuTexts
0x0809494C	0x08094A09	thumb	SetMenuTextsForMon
0x08094A0C	0x08094AB5	thumb	SetMenuTextsForItem
0x08094AB8	0x08094AD7	thumb	SpriteCB_CursorShadow
0x08094AD8	0x08094C83	thumb	CreateCursorSprites
0x08094C84	0x08094CC7	thumb	ToggleCursorMultiMoveMode
0x08094CC8	0x08094CD3	thumb	GetBoxCursorPosition
0x08094CD4	0x08094D13	thumb	GetCursorBoxColumnAndRow
0x08094D14	0x08094D33	thumb	StartCursorAnim
0x08094D34	0x08094D3F	thumb	GetMovingMonOriginalBoxId
0x08094D40	0x08094D5F	thumb	SetCursorPriorityTo1
0x08094D60	0x08094D83	thumb	TryHideItemAtCursor
0x08094D84	0x08094DA7	thumb	TryShowItemAtCursor
0x08094DA8	0x08094DEB	thumb	InitMenu
0x08094DEC	0x08094E4F	thumb	SetMenuText
0x08094E50	0x08094E87	thumb	GetMenuItemTextId
0x08094E88	0x08094F8F	thumb	AddMenu
0x08094F90	0x08094F93	thumb	IsMenuLoading
0x08094F94	0x08095023	thumb	HandleMenuInput
0x08095024	0x0809504F	thumb	RemoveMenu
0x08095050	0x080950A3	thumb	MultiMove_Init
0x080950A4	0x080950BB	thumb	MultiMove_Free
0x080950BC	0x080950CF	thumb	MultiMove_SetFunction
0x080950D0	0x08095135	thumb	MultiMove_RunFunction
0x08095138	0x08095231	thumb	MultiMove_Function_Start
0x08095234	0x0809529F	thumb	MultiMove_Function_Single
0x080952A0	0x08095311	thumb	MultiMove_Function_ChangeSelection
0x08095314	0x08095393	thumb	MultiMove_Function_GrabSelection
0x08095394	0x080953BB	thumb	MultiMove_Function_MoveMons
0x080953BC	0x08095471	thumb	MultiMove_Function_PlaceMons
0x08095474	0x0809551D	thumb	MultiMove_TryMoveGroup
0x08095520	0x080955C3	thumb	MultiMove_UpdateSelectedIcons
0x080955C4	0x080955F9	thumb	MultiMove_SelectColumn
0x080955FC	0x08095631	thumb	MultiMove_SelectRow
0x08095634	0x08095669	thumb	MultiMove_DeselectColumn
0x0809566C	0x080956A1	thumb	MultiMove_DeselectRow
0x080956A4	0x0809572B	thumb	MultiMove_SetIconToBg
0x0809572C	0x0809577F	thumb	MultiMove_ClearIconFromBg
0x08095780	0x0809578F	thumb	MultiMove_InitBg
0x08095790	0x080957C7	thumb	MultiMove_UpdateBg
0x080957C8	0x0809589F	thumb	MultiMove_GetMonsFromSelection
0x080958A0	0x08095917	thumb	MultiMove_RemoveMonsFromBox
0x08095918	0x080959A7	thumb	MultiMove_CreatePlacedMonIcons
0x080959A8	0x08095A57	thumb	MultiMove_SetPlacedMonData
0x08095A58	0x08095A9F	thumb	MultiMove_ResetBg
0x08095AA0	0x08095ABB	thumb	MultiMove_GetOriginPosition
0x08095ABC	0x08095B5B	thumb	MultiMove_CanPlaceSelection
0x08095B5C	0x08095C83	thumb	CreateItemIconSprites
0x08095C84	0x08095D43	thumb	TryLoadItemIconAtPos
0x08095D44	0x08095D83	thumb	TryHideItemIconAtPos
0x08095D84	0x08095E2B	thumb	Item_FromMonToMoving
0x08095E2C	0x08095E9F	thumb	InitItemIconInCursor
0x08095EA0	0x08095F73	thumb	Item_SwitchMonsWithMoving
0x08095F74	0x08096007	thumb	Item_GiveMovingToMon
0x08096008	0x08096087	thumb	Item_TakeMons
0x08096088	0x080960BF	thumb	MoveItemFromCursorToBag
0x080960C0	0x0809610B	thumb	MoveHeldItemWithPartyMenu
0x0809610C	0x08096169	thumb	IsItemIconAnimActive
0x0809616C	0x080961A5	thumb	IsActiveItemMoving
0x080961A8	0x080961C3	thumb	GetMovingItemName
0x080961C4	0x080961D7	thumb	GetMovingItem
0x080961D8	0x0809620D	thumb	GetNewItemIconIdx
0x08096210	0x08096257	thumb	IsItemIconAtPosition
0x08096258	0x080962A5	thumb	GetItemIconIdxByPosition
0x080962A8	0x080962ED	thumb	GetItemIconIdxBySprite
0x080962F0	0x08096407	thumb	SetItemIconPosition
0x08096408	0x080964B7	thumb	LoadItemIconGfx
0x080964B8	0x080964E7	thumb	SetItemIconAffineAnim
0x080964E8	0x08096623	thumb	SetItemIconCallback
0x08096624	0x08096673	thumb	SetItemIconActive
0x08096674	0x08096683	thumb	GetItemIconPic
0x08096684	0x08096693	thumb	GetItemIconPalette
0x08096694	0x080966F3	thumb	PrintItemDescription
0x080966F4	0x08096727	thumb	InitItemInfoWindow
0x08096728	0x080967BF	thumb	UpdateItemInfoWindowSlideIn
0x080967C0	0x08096897	thumb	UpdateItemInfoWindowSlideOut
0x08096898	0x0809692B	thumb	DrawItemInfoWindow
0x0809692C	0x08096957	thumb	SpriteCB_ItemIcon_WaitAnim
0x08096958	0x080969BB	thumb	SpriteCB_ItemIcon_ToHand
0x080969BC	0x080969F3	thumb	SpriteCB_ItemIcon_SetPosToCursor
0x080969F4	0x08096A73	thumb	SpriteCB_ItemIcon_ToMon
0x08096A74	0x08096B0F	thumb	SpriteCB_ItemIcon_SwapToHand
0x08096B10	0x08096BAB	thumb	SpriteCB_ItemIcon_SwapToMon
0x08096BAC	0x08096BE3	thumb	SpriteCB_ItemIcon_HideParty
0x08096BE4	0x08096BF7	thumb	UnkUtil_Init
0x08096BF8	0x08096C3F	thumb	UnkUtil_Run
0x08096C40	0x08096CD9	thumb	UnkUtil_CpuAdd
0x08096CDC	0x08096D11	thumb	UnkUtil_CpuRun
0x08096D14	0x08096D6F	thumb	UnkUtil_DmaAdd
0x08096D70	0x08096E17	thumb	UnkUtil_DmaRun
0x08096E18	0x08096ECB	thumb	CreateMonIcon
0x08096ECC	0x08096F5B	thumb	CreateMonIcon_HandleDeoxys
0x08096F5C	0x08096F97	thumb	GetIconSpecies
0x08096F98	0x08096FD3	thumb	GetUnownLetterByPersonality
0x08096FD4	0x08097027	thumb	MailSpeciesToIconSpecies
0x08097028	0x08097053	thumb	GetMonIconTiles
0x08097054	0x0809706F	thumb	GetMonIconPtr
0x08097070	0x08097079	thumb	DestroyMonIcon
0x0809707C	0x0809709F	thumb	LoadMonIconPalettes
0x080970A0	0x080970DF	thumb	SafeLoadMonIconPalette
0x080970E0	0x08097113	thumb	LoadMonIconPalette
0x08097114	0x08097137	thumb	FreeMonIconPalettes
0x08097138	0x08097167	thumb	SafeFreeMonIconPalette
0x08097168	0x0809718B	thumb	FreeMonIconPalette
0x0809718C	0x08097195	thumb	SpriteCB_MonIcon
0x08097198	0x080971CB	thumb	LoadMonIconPalettesAt
0x080971CC	0x080971F7	thumb	GetValidMonIconPalettePtr
0x080971F8	0x08097217	thumb	GetValidMonIconPalIndex
0x08097218	0x08097227	thumb	GetMonIconPaletteIndexFromSpecies
0x08097228	0x080972FD	thumb	UpdateMonIconFrame
0x08097300	0x080973D7	thumb	CreateMonIconSprite
0x080973D8	0x08097413	thumb	DestroyMonIconInternal
0x08097414	0x08097431	thumb	SetPartyHPBarSprite
0x08097434	0x0809748B	thumb	ScriptMovement_StartObjectMovementScript
0x0809748C	0x080974D7	thumb	ScriptMovement_IsObjectMovementFinished
0x080974D8	0x080974F7	thumb	ScriptMovement_UnfreezeObjectEvents
0x080974F8	0x0809753F	thumb	ScriptMovement_StartMoveObjects
0x08097540	0x08097553	thumb	GetMoveObjectsTaskId
0x08097554	0x080975BD	thumb	ScriptMovement_TryAddNewMovement
0x080975C0	0x080975F9	thumb	GetMovementScriptIdFromObjectEventId
0x080975FC	0x0809762F	thumb	LoadObjectEventIdPtrFromMovementScript
0x08097630	0x08097653	thumb	SetObjectEventIdAtMovementScript
0x08097654	0x08097675	thumb	LoadObjectEventIdFromMovementScript
0x08097678	0x080976A7	thumb	ClearMovementScriptFinished
0x080976A8	0x080976CF	thumb	SetMovementScriptFinished
0x080976D0	0x08097705	thumb	IsMovementScriptFinished
0x08097708	0x08097717	thumb	SetMovementScript
0x08097718	0x08097727	thumb	GetMovementScript
0x08097728	0x08097765	thumb	ScriptMovement_AddNewMovement
0x08097768	0x080977AB	thumb	ScriptMovement_UnfreezeActiveObjects
0x080977AC	0x080977ED	thumb	ScriptMovement_MoveObjects
0x080977F0	0x08097873	thumb	ScriptMovement_TakeStep
0x08097874	0x08097895	thumb	MetatileAtCoordsIsGrassTile
0x08097898	0x08097983	thumb	SetUpFieldMove_Cut
0x08097984	0x0809799F	thumb	FieldCallback_CutGrass
0x080979A0	0x080979CF	thumb	FldEff_UseCutOnGrass
0x080979D0	0x080979EF	thumb	FieldCallback_CutTree
0x080979F0	0x08097A1F	thumb	FldEff_UseCutOnTree
0x08097A20	0x08097A45	thumb	FieldMoveCallback_CutGrass
0x08097A48	0x08097B4F	thumb	FldEff_CutGrass
0x08097B50	0x08097BA5	thumb	SetCutGrassMetatileAt
0x08097BA8	0x08097BBB	thumb	SpriteCallback_CutGrass_Init
0x08097BBC	0x08097C17	thumb	SpriteCallback_CutGrass_Run
0x08097C18	0x08097C6B	thumb	SpriteCallback_CutGrass_Cleanup
0x08097C6C	0x08097C81	thumb	FieldMoveCallback_CutTree
0x08097C84	0x08097CB3	thumb	ClearMailData
0x08097CB4	0x08097D07	thumb	ClearMailStruct
0x08097D08	0x08097D37	thumb	MonHasMail
0x08097D38	0x08097EFD	thumb	GiveMailToMon
0x08097F00	0x08097F1F	thumb	SpeciesToMailSpecies
0x08097F20	0x08097F41	thumb	MailSpeciesToSpecies
0x08097F44	0x08097FB1	thumb	GiveMailToMon2
0x08097FB4	0x08097FB7	thumb	DummyMailFunc
0x08097FB8	0x08098017	thumb	TakeMailFromMon
0x08098018	0x0809803B	thumb	ClearMailItemId
0x0809803C	0x080980F5	thumb	TakeMailFromMon2
0x080980F8	0x0809810F	thumb	ItemIsMail
0x08098110	0x080981AB	thumb	ShowMapNamePopup
0x080981AC	0x080982EB	thumb	Task_MapNamePopup
0x080982EC	0x0809831F	thumb	DismissMapNamePopup
0x08098320	0x0809833F	thumb	IsMapNamePopupTaskActive
0x08098340	0x080983FF	thumb	MapNamePopupCreateWindow
0x08098400	0x0809847B	thumb	MapNamePopupPrintMapNameOnWindow
0x0809847C	0x080984D5	thumb	MapNamePopupAppendFloorNum
0x080984D8	0x080984FB	thumb	ResetItemMenuIconState
0x080984FC	0x08098527	thumb	CreateBagSprite
0x08098528	0x0809855F	thumb	SetBagVisualPocketId
0x08098560	0x0809857F	thumb	SpriteCB_BagVisualSwitchingPockets
0x08098580	0x080985BB	thumb	ShakeBagSprite
0x080985BC	0x080985E3	thumb	SpriteCB_ShakeBagSprite
0x080985E4	0x0809865F	thumb	CreateSwapLine
0x08098660	0x080986A7	thumb	SetSwapLineInvisibility
0x080986A8	0x080986EB	thumb	UpdateSwapLinePos
0x080986EC	0x08098729	thumb	TryAllocItemIconTilesBuffers
0x0809872C	0x08098755	thumb	CopyItemIconPicTo4x4Buffer
0x08098758	0x08098819	thumb	AddItemIconObject
0x0809881C	0x080988E5	thumb	AddItemIconObjectWithCustomObjectTemplate
0x080988E8	0x0809893F	thumb	CreateItemMenuIcon
0x08098940	0x08098973	thumb	DestroyItemMenuIcon
0x08098974	0x0809899F	thumb	GetItemIconGfxPtr
0x080989A0	0x080989F7	thumb	CreateBerryPouchItemIcon
0x080989F8	0x08098A6B	thumb	AnimTask_ShakeMon
0x08098A6C	0x08098B1B	thumb	AnimTask_ShakeMon_Step
0x08098B1C	0x08098C07	thumb	AnimTask_ShakeMon2
0x08098C08	0x08098CCD	thumb	AnimTask_ShakeMon2Step
0x08098CD0	0x08098D53	thumb	AnimTask_ShakeMonInPlace
0x08098D54	0x08098E8D	thumb	AnimTask_ShakeMonInPlace_Step
0x08098E90	0x08098EEF	thumb	AnimTask_ShakeAndSinkMon
0x08098EF0	0x08098F83	thumb	AnimTask_ShakeAndSinkMon_Step
0x08098F84	0x08099003	thumb	AnimTask_TranslateMonElliptical
0x08099004	0x0809907B	thumb	AnimTask_TranslateMonElliptical_Step
0x0809907C	0x080990AB	thumb	AnimTask_TranslateMonEllipticalRespectSide
0x080990AC	0x0809911F	thumb	DoHorizontalLunge
0x08099120	0x08099143	thumb	ReverseHorizontalLungeDirection
0x08099144	0x0809918F	thumb	DoVerticalDip
0x08099190	0x080991B3	thumb	ReverseVerticalDipDirection
0x080991B4	0x0809926F	thumb	SlideMonToOriginalPos
0x08099270	0x080992DF	thumb	SlideMonToOriginalPos_Step
0x080992E0	0x08099393	thumb	SlideMonToOffset
0x08099394	0x0809946B	thumb	SlideMonToOffsetAndBack
0x0809946C	0x0809949B	thumb	SlideMonToOffsetAndBack_End
0x0809949C	0x0809952F	thumb	AnimTask_WindUpLunge
0x08099530	0x08099593	thumb	AnimTask_WindUpLunge_Step1
0x08099594	0x080995FB	thumb	AnimTask_WindUpLunge_Step2
0x080995FC	0x080996B7	thumb	AnimTask_SlideOffScreen
0x080996B8	0x08099703	thumb	AnimTask_SlideOffScreen_Step
0x08099704	0x08099787	thumb	AnimTask_SwayMon
0x08099788	0x080998AF	thumb	AnimTask_SwayMon_Step
0x080998B0	0x08099907	thumb	AnimTask_ScaleMonAndRestore
0x08099908	0x0809997D	thumb	AnimTask_ScaleMonAndRestore_Step
0x08099980	0x08099A77	thumb	AnimTask_RotateMonSpriteToSide
0x08099A78	0x08099B53	thumb	AnimTask_RotateMonToSideAndRestore
0x08099B54	0x08099BD3	thumb	AnimTask_RotateMonSpriteToSide_Step
0x08099BD4	0x08099CB7	thumb	AnimTask_ShakeTargetBasedOnMovePowerOrDmg
0x08099CB8	0x08099D9F	thumb	AnimTask_ShakeTargetBasedOnMovePowerOrDmg_Step
0x08099DA0	0x08099DBB	thumb	GetBagItemQuantity
0x08099DBC	0x08099DD7	thumb	SetBagItemQuantity
0x08099DD8	0x08099DDB	thumb	GetPcItemQuantity
0x08099DDC	0x08099DDF	thumb	SetPcItemQuantity
0x08099DE0	0x08099E37	thumb	ApplyNewEncryptionKeyToBagItems
0x08099E38	0x08099E41	thumb	ApplyNewEncryptionKeyToBagItems_
0x08099E44	0x08099E8F	thumb	SetBagPocketsPointers
0x08099E90	0x08099EC9	thumb	CopyItemName
0x08099ECC	0x08099F05	thumb	BagPocketGetFirstEmptySlot
0x08099F08	0x08099F3F	thumb	IsPocketNotEmpty
0x08099F40	0x08099FAB	thumb	CheckBagHasItem
0x08099FAC	0x08099FFF	thumb	HasAtLeastOneBerry
0x0809A000	0x0809A081	thumb	CheckBagHasSpace
0x0809A084	0x0809A1D5	thumb	AddBagItem
0x0809A1D8	0x0809A25F	thumb	RemoveBagItem
0x0809A260	0x0809A271	thumb	GetPocketByItemId
0x0809A274	0x0809A2A3	thumb	ClearItemSlots
0x0809A2A4	0x0809A2DB	thumb	ClearPCItemSlots
0x0809A2DC	0x0809A303	thumb	ClearBag
0x0809A304	0x0809A33B	thumb	PCItemsGetFirstEmptySlot
0x0809A33C	0x0809A373	thumb	CountItemsInPC
0x0809A374	0x0809A3C5	thumb	CheckPCHasItem
0x0809A3C8	0x0809A45D	thumb	AddPCItem
0x0809A460	0x0809A4E7	thumb	RemovePCItem
0x0809A4E8	0x0809A53F	thumb	ItemPcCompaction
0x0809A540	0x0809A575	thumb	RegisteredItemHandleBikeSwap
0x0809A578	0x0809A581	thumb	SwapItemSlots
0x0809A584	0x0809A5E3	thumb	BagPocketCompaction
0x0809A5E4	0x0809A71F	thumb	SortPocketAndPlaceHMsFirst
0x0809A720	0x0809A795	thumb	SortAndCompactBagPocket
0x0809A798	0x0809A7B3	thumb	BagGetItemIdByPocketPosition
0x0809A7B4	0x0809A7DB	thumb	BagGetQuantityByPocketPosition
0x0809A7DC	0x0809A823	thumb	BagGetQuantityByItemId
0x0809A824	0x0809A8A3	thumb	TrySetObtainedItemQuestLogEvent
0x0809A8A4	0x0809A8BB	thumb	SanitizeItemId
0x0809A8BC	0x0809A8DB	thumb	ItemId_GetName
0x0809A8DC	0x0809A8FF	thumb	ItemId_GetId
0x0809A900	0x0809A923	thumb	ItemId_GetPrice
0x0809A924	0x0809A947	thumb	ItemId_GetHoldEffect
0x0809A948	0x0809A96B	thumb	ItemId_GetHoldEffectParam
0x0809A96C	0x0809A98F	thumb	ItemId_GetDescription
0x0809A990	0x0809A9B3	thumb	ItemId_GetImportance
0x0809A9B4	0x0809A9D7	thumb	ItemId_GetRegistrability
0x0809A9D8	0x0809A9FB	thumb	ItemId_GetPocket
0x0809A9FC	0x0809AA1F	thumb	ItemId_GetType
0x0809AA20	0x0809AA43	thumb	ItemId_GetFieldFunc
0x0809AA44	0x0809AA67	thumb	ItemId_GetBattleUsage
0x0809AA68	0x0809AA8B	thumb	ItemId_GetBattleFunc
0x0809AA8C	0x0809AAAF	thumb	ItemId_GetSecondaryId
0x0809AAB0	0x0809AB7B	thumb	CreateShopMenu
0x0809AB7C	0x0809ABD7	thumb	GetMartTypeFromItemList
0x0809ABD8	0x0809AC03	thumb	SetShopItemsForSale
0x0809AC04	0x0809AC0F	thumb	SetShopMenuCallback
0x0809AC10	0x0809AC5B	thumb	Task_ShopMenu
0x0809AC5C	0x0809AC97	thumb	Task_HandleShopMenuBuy
0x0809AC98	0x0809ACD3	thumb	Task_HandleShopMenuSell
0x0809ACD4	0x0809ACF7	thumb	CB2_GoToSellMenu
0x0809ACF8	0x0809AD23	thumb	Task_HandleShopMenuQuit
0x0809AD24	0x0809AD3F	thumb	ClearShopMenuWindow
0x0809AD40	0x0809AD73	thumb	Task_GoToBuyOrSellMenu
0x0809AD74	0x0809AD8B	thumb	MapPostLoadHook_ReturnToShopMenu
0x0809AD8C	0x0809ADBF	thumb	Task_ReturnToShopMenu
0x0809ADC0	0x0809ADE3	thumb	ShowShopMenuAfterExitingBuyOrSellMenu
0x0809ADE4	0x0809ADFD	thumb	CB2_BuyMenu
0x0809AE00	0x0809AE11	thumb	VBlankCB_BuyMenu
0x0809AE14	0x0809AF6B	thumb	CB2_InitBuyMenu
0x0809AF6C	0x0809AFCF	thumb	InitShopData
0x0809AFD0	0x0809B07F	thumb	BuyMenuInitBgs
0x0809B080	0x0809B10B	thumb	BuyMenuDecompressBgGraphics
0x0809B10C	0x0809B159	thumb	RecolorItemDescriptionBox
0x0809B15C	0x0809B185	thumb	BuyMenuDrawGraphics
0x0809B188	0x0809B2FF	thumb	BuyMenuBuildListMenuTemplate
0x0809B300	0x0809B31D	thumb	PokeMartWriteNameAndIdAt
0x0809B320	0x0809B407	thumb	BuyMenuPrintItemDescriptionAndShowItemIcon
0x0809B408	0x0809B493	thumb	BuyMenuPrintPriceInList
0x0809B494	0x0809B56B	thumb	LoadTmHmNameInMart
0x0809B56C	0x0809B57B	thumb	GetMartFontId
0x0809B57C	0x0809B59B	thumb	BuyMenuPrintCursor
0x0809B59C	0x0809B603	thumb	BuyMenuPrintCursorAtYPosition
0x0809B604	0x0809B66F	thumb	BuyMenuFreeMemory
0x0809B670	0x0809B68F	thumb	SetShopExitCallback
0x0809B690	0x0809B6F9	thumb	BuyMenuAddScrollIndicatorArrows
0x0809B6FC	0x0809B73B	thumb	BuyQuantityAddScrollIndicatorArrows
0x0809B73C	0x0809B763	thumb	BuyMenuRemoveScrollIndicatorArrows
0x0809B764	0x0809B775	thumb	BuyMenuDrawMapView
0x0809B778	0x0809B84F	thumb	BuyMenuDrawMapBg
0x0809B850	0x0809B903	thumb	BuyMenuDrawMapMetatile
0x0809B904	0x0809B929	thumb	BuyMenuDrawMapMetatileLayer
0x0809B92C	0x0809BA3F	thumb	BuyMenuCollectObjectEventData
0x0809BA40	0x0809BAFB	thumb	BuyMenuDrawObjectEvents
0x0809BAFC	0x0809BB43	thumb	BuyMenuCopyTilemapData
0x0809BB44	0x0809BBBF	thumb	BuyMenuPrintItemQuantityAndPrice
0x0809BBC0	0x0809BC9F	thumb	Task_BuyMenu
0x0809BCA0	0x0809BD8B	thumb	Task_BuyHowManyDialogueInit
0x0809BD8C	0x0809BE8D	thumb	Task_BuyHowManyDialogueHandleInput
0x0809BE90	0x0809BEA3	thumb	CreateBuyMenuConfirmPurchaseWindow
0x0809BEA4	0x0809BF0B	thumb	BuyMenuTryMakePurchase
0x0809BF0C	0x0809BF67	thumb	BuyMenuSubtractMoney
0x0809BF68	0x0809BF97	thumb	Task_ReturnToItemListAfterItemPurchase
0x0809BF98	0x0809C003	thumb	BuyMenuReturnToItemList
0x0809C004	0x0809C04B	thumb	ExitBuyMenu
0x0809C04C	0x0809C093	thumb	Task_ExitBuyMenu
0x0809C094	0x0809C095	thumb	DebugFunc_PrintPurchaseDetails
0x0809C098	0x0809C099	thumb	DebugFunc_PrintShopMenuHistoryBeforeClearMaybe
0x0809C09C	0x0809C137	thumb	RecordItemTransaction
0x0809C138	0x0809C163	thumb	RecordTransactionForQuestLog
0x0809C164	0x0809C19F	thumb	CreatePokemartMenu
0x0809C1A0	0x0809C1BB	thumb	CreateDecorationShop1Menu
0x0809C1BC	0x0809C1D7	thumb	CreateDecorationShop2Menu
0x0809C1D8	0x0809C333	thumb	SetEscalatorMetatile
0x0809C334	0x0809C3FB	thumb	Task_DrawEscalator
0x0809C3FC	0x0809C447	thumb	CreateEscalatorTask
0x0809C448	0x0809C45F	thumb	StartEscalator
0x0809C460	0x0809C473	thumb	StopEscalator
0x0809C474	0x0809C4A5	thumb	IsEscalatorMoving
0x0809C4A8	0x0809C4FD	thumb	AnimateTeleporterHousing
0x0809C500	0x0809C5FB	thumb	Task_DrawTeleporterHousing
0x0809C5FC	0x0809C63F	thumb	AnimateTeleporterCable
0x0809C640	0x0809C717	thumb	Task_DrawTeleporterCable
0x0809C718	0x0809C793	thumb	InitEnigmaBerry
0x0809C794	0x0809C7C3	thumb	ClearEnigmaBerries
0x0809C7C4	0x0809C837	thumb	SetEnigmaBerry
0x0809C838	0x0809C851	thumb	GetEnigmaBerryChecksum
0x0809C854	0x0809C89F	thumb	IsEnigmaBerryValid
0x0809C8A0	0x0809C8E3	thumb	GetBerryInfo
0x0809C8E4	0x0809C909	thumb	ItemIdToBerryType
0x0809C90C	0x0809C931	thumb	BerryTypeToItemId
0x0809C934	0x0809C953	thumb	GetBerryNameByBerryType
0x0809C954	0x0809C971	thumb	GetStringTilesWide
0x0809C974	0x0809C9B1	thumb	GetMenuWidthFromList
0x0809C9B4	0x0809CA01	thumb	ScriptMenu_Multichoice
0x0809CA04	0x0809CA61	thumb	ScriptMenu_MultichoiceWithDefault
0x0809CA64	0x0809CBB1	thumb	DrawVerticalMultichoiceMenu
0x0809CBB4	0x0809CC15	thumb	GetMCWindowHeight
0x0809CC18	0x0809CC97	thumb	CreateMCMenuInputHandlerTask
0x0809CC98	0x0809CD47	thumb	Task_MultichoiceMenu_HandleInput
0x0809CD48	0x0809CDEB	thumb	MultiChoicePrintHelpDescription
0x0809CDEC	0x0809CE37	thumb	ScriptMenu_YesNo
0x0809CE38	0x0809CE51	thumb	IsScriptActive
0x0809CE54	0x0809CEC7	thumb	Task_YesNoMenu_HandleInput
0x0809CEC8	0x0809CFDB	thumb	ScriptMenu_MultichoiceGrid
0x0809CFDC	0x0809D03F	thumb	Hask_MultichoiceGridMenu_HandleInput
0x0809D040	0x0809D06D	thumb	CreatePCMenu
0x0809D070	0x0809D253	thumb	CreatePCMenuWindow
0x0809D254	0x0809D287	thumb	ScriptMenu_DisplayPCStartupPrompt
0x0809D288	0x0809D2ED	thumb	Task_ScriptShowMonPic
0x0809D2F0	0x0809D3CB	thumb	ScriptMenu_ShowPokemonPic
0x0809D3CC	0x0809D401	thumb	ScriptMenu_HidePokemonPic
0x0809D404	0x0809D421	thumb	PicboxWait
0x0809D424	0x0809D491	thumb	PicboxCancel
0x0809D494	0x0809D501	thumb	Task_WaitMuseumFossilPic
0x0809D504	0x0809D61F	thumb	OpenMuseumFossilPic
0x0809D620	0x0809D651	thumb	CloseMuseumFossilPic
0x0809D654	0x0809D6AF	thumb	CreateWindowFromRect
0x0809D6B0	0x0809D6D1	thumb	DestroyScriptMenuWindow
0x0809D6D4	0x0809D763	thumb	QL_DestroyAbortedDisplay
0x0809D764	0x0809D8BF	thumb	DrawSeagallopDestinationMenu
0x0809D8C0	0x0809D951	thumb	GetSelectedSeagallopDestination
0x0809D954	0x0809D9DF	thumb	DoNamingScreen
0x0809D9E0	0x0809DA83	thumb	CB2_LoadNamingScreen
0x0809DA84	0x0809DB6F	thumb	NamingScreen_Init
0x0809DB70	0x0809DBAF	thumb	SetSpritesVisible
0x0809DBB0	0x0809DD5F	thumb	NamingScreen_InitBGs
0x0809DD60	0x0809DD87	thumb	CreateNamingScreenTask
0x0809DD88	0x0809DE1D	thumb	Task_NamingScreen
0x0809DE20	0x0809DE2F	thumb	PageToNextGfxId
0x0809DE30	0x0809DE4F	thumb	CurrentPageToNextKeyboardId
0x0809DE50	0x0809DE6F	thumb	CurrentPageToKeyboardId
0x0809DE70	0x0809DF27	thumb	MainState_FadeIn
0x0809DF28	0x0809DF63	thumb	MainState_WaitFadeIn
0x0809DF64	0x0809DF71	thumb	MainState_HandleInput
0x0809DF74	0x0809DFA3	thumb	MainState_MoveToOKButton
0x0809DFA4	0x0809E013	thumb	MainState_PressedOKButton
0x0809E014	0x0809E047	thumb	MainState_FadeOut
0x0809E048	0x0809E0B3	thumb	MainState_Exit
0x0809E0B4	0x0809E1D3	thumb	DisplaySentToPCMessage
0x0809E1D4	0x0809E20F	thumb	MainState_WaitSentToPCMessage
0x0809E210	0x0809E24F	thumb	MainState_StartPageSwap
0x0809E250	0x0809E30B	thumb	MainState_WaitPageSwap
0x0809E30C	0x0809E32B	thumb	StartPageSwapAnim
0x0809E32C	0x0809E363	thumb	Task_HandlePageSwapAnim
0x0809E364	0x0809E381	thumb	IsPageSwapAnimNotInProgress
0x0809E384	0x0809E3AB	thumb	PageSwapAnimState_Init
0x0809E3AC	0x0809E43F	thumb	PageSwapAnimState_1
0x0809E440	0x0809E4D3	thumb	PageSwapAnimState_2
0x0809E4D4	0x0809E4EF	thumb	PageSwapAnimState_Done
0x0809E4F0	0x0809E517	thumb	CreateButtonFlashTask
0x0809E518	0x0809E589	thumb	TryStartButtonFlash
0x0809E58C	0x0809E643	thumb	Task_UpdateButtonFlash
0x0809E644	0x0809E6B7	thumb	GetButtonPalOffset
0x0809E6B8	0x0809E6DF	thumb	RestoreButtonColor
0x0809E6E0	0x0809E6FF	thumb	StartButtonFlash
0x0809E700	0x0809E7EF	thumb	SpriteCB_Cursor
0x0809E7F0	0x0809E83B	thumb	SpriteCB_InputArrow
0x0809E83C	0x0809E897	thumb	SpriteCB_Underscore
0x0809E898	0x0809E8B1	thumb	CreateSprites
0x0809E8B4	0x0809E947	thumb	CreateCursorSprite
0x0809E948	0x0809E9CB	thumb	SetCursorPos
0x0809E9CC	0x0809E9F7	thumb	GetCursorPos
0x0809E9F8	0x0809EA0B	thumb	MoveCursorToOKButton
0x0809EA0C	0x0809EA63	thumb	SetCursorInvisibility
0x0809EA64	0x0809EAA7	thumb	SetCursorFlashing
0x0809EAA8	0x0809EAD3	thumb	SquishCursor
0x0809EAD4	0x0809EAFF	thumb	IsCursorAnimFinished
0x0809EB00	0x0809EB3D	thumb	GetKeyRoleAtCursorPos
0x0809EB40	0x0809EB5B	thumb	GetCurrentPageColumnCount
0x0809EB5C	0x0809EC1F	thumb	CreatePageSwapButtonSprites
0x0809EC20	0x0809EC53	thumb	StartPageSwapButtonAnim
0x0809EC54	0x0809EC7B	thumb	SpriteCB_PageSwap
0x0809EC7C	0x0809ECCF	thumb	PageSwapSprite_Init
0x0809ECD0	0x0809ECD3	thumb	PageSwapSprite_Idle
0x0809ECD4	0x0809ED47	thumb	PageSwapSprite_SlideOff
0x0809ED48	0x0809ED87	thumb	PageSwapSprite_SlideOn
0x0809ED88	0x0809EDE7	thumb	SetPageSwapButtonGfx
0x0809EDE8	0x0809EE5F	thumb	CreateBackOkSprites
0x0809EE60	0x0809EF23	thumb	CreateTextEntrySprites
0x0809EF24	0x0809EF4F	thumb	CreateInputTargetIcon
0x0809EF50	0x0809EF51	thumb	NamingScreen_NoIcon
0x0809EF54	0x0809EFAF	thumb	NamingScreen_CreatePlayerIcon
0x0809EFB0	0x0809EFEF	thumb	NamingScreen_CreatePCIcon
0x0809EFF0	0x0809F04B	thumb	NamingScreen_CreateMonIcon
0x0809F04C	0x0809F0CB	thumb	NamingScreen_CreateRivalIcon
0x0809F0CC	0x0809F11B	thumb	HandleKeyboardEvent
0x0809F11C	0x0809F167	thumb	KeyboardKeyHandler_Character
0x0809F168	0x0809F18F	thumb	KeyboardKeyHandler_Page
0x0809F190	0x0809F1B1	thumb	KeyboardKeyHandler_Backspace
0x0809F1B4	0x0809F1EF	thumb	KeyboardKeyHandler_OK
0x0809F1F0	0x0809F207	thumb	SwapKeyboardPage
0x0809F208	0x0809F21B	thumb	CreateInputHandlerTask
0x0809F21C	0x0809F23F	thumb	GetInputEvent
0x0809F240	0x0809F26B	thumb	SetInputState
0x0809F26C	0x0809F29B	thumb	Task_HandleInput
0x0809F29C	0x0809F2A1	thumb	Input_Disabled
0x0809F2A4	0x0809F2F7	thumb	Input_Enabled
0x0809F2F8	0x0809F49B	thumb	HandleDpadMovement
0x0809F49C	0x0809F4EF	thumb	DrawNormalTextEntryBox
0x0809F4F0	0x0809F56B	thumb	DrawMonTextEntryBox
0x0809F56C	0x0809F593	thumb	DrawTextEntryBox
0x0809F594	0x0809F5BF	thumb	TryDrawGenderIcon
0x0809F5C0	0x0809F5C1	thumb	DummyGenderIcon
0x0809F5C4	0x0809F633	thumb	DrawGenderIcon
0x0809F634	0x0809F667	thumb	GetCharAtKeyboardPos
0x0809F668	0x0809F6BB	thumb	GetTextEntryPosition
0x0809F6BC	0x0809F6FD	thumb	GetPreviousTextCaretPosition
0x0809F700	0x0809F75B	thumb	DeleteTextCharacter
0x0809F75C	0x0809F7C1	thumb	AddTextCharacter
0x0809F7C4	0x0809F7EB	thumb	BufferCharacter
0x0809F7EC	0x0809F85B	thumb	SaveInputText
0x0809F85C	0x0809F8BF	thumb	LoadGfx
0x0809F8C0	0x0809F8CD	thumb	CreateHelperTasks
0x0809F8D0	0x0809F8FF	thumb	LoadPalettes
0x0809F900	0x0809F911	thumb	DecompressToBgTilemapBuffer
0x0809F914	0x0809F9E7	thumb	DrawTextEntry
0x0809F9E8	0x0809FA5F	thumb	PrintKeyboardKeys
0x0809FA60	0x0809FAE3	thumb	DrawKeyboardPageOnDeck
0x0809FAE4	0x0809FB6F	thumb	PrintControls
0x0809FB70	0x0809FB85	thumb	CB2_NamingScreen
0x0809FB88	0x0809FB99	thumb	ResetVHBlank
0x0809FB9C	0x0809FBAB	thumb	SetVBlank
0x0809FBAC	0x0809FC33	thumb	VBlankCB_NamingScreen
0x0809FC34	0x0809FC51	thumb	NamingScreen_ShowBgs
0x0809FC54	0x0809FC8D	thumb	IsWideLetter
0x0809FC90	0x0809FCB7	thumb	Debug_NamingScreenPlayer
0x0809FCB8	0x0809FCDF	thumb	Debug_NamingScreenBox
0x0809FCE0	0x0809FD07	thumb	Debug_NamingScreenCaughtMon
0x0809FD08	0x0809FD2F	thumb	Debug_NamingScreenNickname
0x0809FD30	0x0809FD57	thumb	Debug_NamingScreenRival
0x0809FD58	0x0809FD6F	thumb	GetMoney
0x0809FD70	0x0809FD87	thumb	SetMoney
0x0809FD88	0x0809FD9F	thumb	IsEnoughMoney
0x0809FDA0	0x0809FDD7	thumb	AddMoney
0x0809FDD8	0x0809FDF9	thumb	RemoveMoney
0x0809FDFC	0x0809FE1F	thumb	IsEnoughForCostInVar0x8005
0x0809FE20	0x0809FE3F	thumb	SubtractMoneyFromVar0x8005
0x0809FE40	0x0809FEC3	thumb	PrintMoneyAmountInMoneyBox
0x0809FEC4	0x0809FF47	thumb	PrintMoneyAmount
0x0809FF48	0x0809FF9F	thumb	PrintMoneyAmountInMoneyBoxWithBorder
0x0809FFA0	0x0809FFB7	thumb	ChangeAmountInMoneyBox
0x0809FFB8	0x080A0033	thumb	DrawMoneyBox
0x080A0034	0x080A0057	thumb	HideMoneyBox
0x080A0058	0x080A011B	thumb	HealPlayerParty
0x080A011C	0x080A01A9	thumb	ScriptGiveMon
0x080A01AC	0x080A01F1	thumb	ScriptGiveEgg
0x080A01F4	0x080A021B	thumb	HasEnoughMonsForDoubleBattle
0x080A021C	0x080A0269	thumb	CheckPartyMonHasHeldItem
0x080A026C	0x080A029B	thumb	DoesPartyHaveEnigmaBerry
0x080A029C	0x080A02FB	thumb	CreateScriptedWildMon
0x080A02FC	0x080A0333	thumb	ScriptSetMonMoveSlot
0x080A0334	0x080A034F	thumb	ChooseHalfPartyForBattle
0x080A0350	0x080A037F	thumb	CB2_ReturnFromChooseHalfParty
0x080A0380	0x080A039B	thumb	ChooseBattleTowerPlayerParty
0x080A039C	0x080A03D7	thumb	CB2_ReturnFromChooseBattleTowerParty
0x080A03D8	0x080A045F	thumb	ReducePlayerPartyToThree
0x080A0460	0x080A0481	thumb	IsMonValidSpecies
0x080A0484	0x080A04B7	thumb	AllMonsFainted
0x080A04B8	0x080A0503	thumb	FaintFromFieldPoison
0x080A0504	0x080A054B	thumb	MonFaintedFromPoison
0x080A054C	0x080A05FF	thumb	Task_TryFieldPoisonWhiteOut
0x080A0600	0x080A0617	thumb	TryFieldPoisonWhiteOut
0x080A0618	0x080A0699	thumb	DoPoisonFieldEffect
0x080A069C	0x080A073F	thumb	GetMonSizeHash
0x080A0740	0x080A076F	thumb	TranslateBigMonSizeTableIndex
0x080A0770	0x080A07E3	thumb	GetMonSize
0x080A07E4	0x080A082B	thumb	FormatMonSizeRecord
0x080A082C	0x080A08CB	thumb	CompareMonSize
0x080A08CC	0x080A0903	thumb	GetMonSizeRecordInfo
0x080A0904	0x080A0917	thumb	InitHeracrossSizeRecord
0x080A0918	0x080A092F	thumb	GetHeracrossSizeRecordInfo
0x080A0930	0x080A0957	thumb	CompareHeracrossSize
0x080A0958	0x080A096B	thumb	InitMagikarpSizeRecord
0x080A096C	0x080A0983	thumb	GetMagikarpSizeRecordInfo
0x080A0984	0x080A09AB	thumb	CompareMagikarpSize
0x080A09AC	0x080A0A47	thumb	GiveGiftRibbonToParty
0x080A0A48	0x080A0A6F	thumb	BeginPCScreenEffect_TurnOn
0x080A0A70	0x080A0A97	thumb	BeginPCScreenEffect_TurnOff
0x080A0A98	0x080A0AAB	thumb	IsPCScreenEffectRunning_TurnOn
0x080A0AAC	0x080A0ABF	thumb	IsPCScreenEffectRunning_TurnOff
0x080A0AC0	0x080A0B0B	thumb	BeginPCScreenEffect
0x080A0B0C	0x080A0C75	thumb	Task_PCScreenEffect_TurnOn
0x080A0C78	0x080A0DD5	thumb	Task_PCScreenEffect_TurnOff
0x080A0DD8	0x080A0E45	thumb	Task_FieldPoisonEffect
0x080A0E48	0x080A0E5F	thumb	FldEffPoison_Start
0x080A0E60	0x080A0E73	thumb	FldEffPoison_IsActive
0x080A0E74	0x080A0E75	thumb	DoWateringBerryTreeAnim
0x080A0E78	0x080A0E7B	thumb	FieldSpecialScene_Dummy0
0x080A0E7C	0x080A0E7D	thumb	FieldSpecialScene_Dummy1
0x080A0E80	0x080A0E81	thumb	FieldSpecialScene_Dummy2
0x080A0E84	0x080A0E85	thumb	FieldSpecialScene_Dummy3
0x080A0E88	0x080A0E89	thumb	FieldCB_ShowPortholeView
0x080A0E8C	0x080A0E8D	thumb	LookThroughPorthole
0x080A0E90	0x080A0EA1	thumb	GetSafariZoneFlag
0x080A0EA4	0x080A0EB1	thumb	SetSafariZoneFlag
0x080A0EB4	0x080A0EC1	thumb	ResetSafariZoneFlag
0x080A0EC4	0x080A0EEB	thumb	EnterSafariMode
0x080A0EEC	0x080A0F0B	thumb	ExitSafariMode
0x080A0F0C	0x080A0F3B	thumb	SafariZoneTakeStep
0x080A0F3C	0x080A0F4B	thumb	SafariZoneRetirePrompt
0x080A0F4C	0x080A0FBB	thumb	CB2_EndSafariBattle
0x080A0FBC	0x080A103B	thumb	SetUpItemUseCallback
0x080A103C	0x080A1083	thumb	SetUpItemUseOnFieldCallback
0x080A1084	0x080A109B	thumb	FieldCB_FadeInFromBlack
0x080A109C	0x080A10C3	thumb	Task_WaitFadeIn_CallItemUseOnFieldCB
0x080A10C4	0x080A110F	thumb	DisplayItemMessageInCurrentContext
0x080A1110	0x080A112B	thumb	PrintNotTheTimeToUseThat
0x080A112C	0x080A114F	thumb	Task_ItemUse_CloseMessageBoxAndReturnToField
0x080A1150	0x080A1183	thumb	CheckIfItemIsTMHMOrEvolutionStone
0x080A1184	0x080A1193	thumb	SetFieldCallback2ForItemUse
0x080A1194	0x080A11BF	thumb	FieldCB2_UseItemFromField
0x080A11C0	0x080A11E5	thumb	Task_ItemUseWaitForFade
0x080A11E8	0x080A1207	thumb	FieldUseFunc_Mail
0x080A1208	0x080A122B	thumb	CB2_CheckMail
0x080A122C	0x080A1303	thumb	FieldUseFunc_Bike
0x080A1304	0x080A1335	thumb	ItemUseOnFieldCB_Bicycle
0x080A1338	0x080A137B	thumb	FieldUseFunc_Rod
0x080A137C	0x080A140D	thumb	CanFish
0x080A1410	0x080A1437	thumb	ItemUseOnFieldCB_Rod
0x080A1438	0x080A145F	thumb	ItemUseOutOfBattle_Itemfinder
0x080A1460	0x080A14E7	thumb	FieldUseFunc_CoinCase
0x080A14E8	0x080A156B	thumb	FieldUseFunc_PowderJar
0x080A156C	0x080A1647	thumb	FieldUseFunc_PokeFlute
0x080A1648	0x080A1673	thumb	Task_PlayPokeFlute
0x080A1674	0x080A16CF	thumb	Task_DisplayPokeFluteMessage
0x080A16D0	0x080A16DD	thumb	DoSetUpItemUseCallback
0x080A16E0	0x080A16FB	thumb	FieldUseFunc_Medicine
0x080A16FC	0x080A1717	thumb	FieldUseFunc_Ether
0x080A1718	0x080A1733	thumb	FieldUseFunc_PpUp
0x080A1734	0x080A174F	thumb	FieldUseFunc_RareCandy
0x080A1750	0x080A176B	thumb	FieldUseFunc_EvoItem
0x080A176C	0x080A1787	thumb	FieldUseFunc_SacredAsh
0x080A1788	0x080A17D3	thumb	FieldUseFunc_TmCase
0x080A17D4	0x080A17E7	thumb	InitTMCaseFromBag
0x080A17E8	0x080A181F	thumb	Task_InitTMCaseFromField
0x080A1820	0x080A186B	thumb	FieldUseFunc_BerryPouch
0x080A186C	0x080A187F	thumb	InitBerryPouchFromBag
0x080A1880	0x080A18B7	thumb	Task_InitBerryPouchFromField
0x080A18B8	0x080A18D7	thumb	BattleUseFunc_BerryPouch
0x080A18D8	0x080A18EB	thumb	InitBerryPouchFromBattle
0x080A18EC	0x080A194B	thumb	FieldUseFunc_TeachyTv
0x080A194C	0x080A195F	thumb	InitTeachyTvFromBag
0x080A1960	0x080A1997	thumb	Task_InitTeachyTvFromField
0x080A1998	0x080A19E7	thumb	FieldUseFunc_Repel
0x080A19E8	0x080A1A43	thumb	Task_UseRepel
0x080A1A44	0x080A1A93	thumb	RemoveUsedItem
0x080A1A94	0x080A1B47	thumb	FieldUseFunc_BlackWhiteFlute
0x080A1B48	0x080A1B8B	thumb	Task_UsedBlackWhiteFlute
0x080A1B8C	0x080A1BA9	thumb	CanUseEscapeRopeOnCurrMap
0x080A1BAC	0x080A1C07	thumb	ItemUseOutOfBattle_EscapeRope
0x080A1C08	0x080A1C43	thumb	ItemUseOnFieldCB_EscapeRope
0x080A1C44	0x080A1C5F	thumb	Task_UseDigEscapeRopeOnField
0x080A1C60	0x080A1CAB	thumb	FieldUseFunc_TownMap
0x080A1CAC	0x080A1CBF	thumb	UseTownMapFromBag
0x080A1CC0	0x080A1CF7	thumb	Task_UseTownMapFromField
0x080A1CF8	0x080A1D57	thumb	FieldUseFunc_FameChecker
0x080A1D58	0x080A1D67	thumb	UseFameCheckerFromBag
0x080A1D68	0x080A1D9B	thumb	Task_UseFameCheckerFromField
0x080A1D9C	0x080A1E0B	thumb	FieldUseFunc_VsSeeker
0x080A1E0C	0x080A1E19	thumb	Task_ItemUse_CloseMessageBoxAndReturnToField_VsSeeker
0x080A1E1C	0x080A1E63	thumb	BattleUseFunc_PokeBallEtc
0x080A1E64	0x080A1E7B	thumb	BattleUseFunc_PokeFlute
0x080A1E7C	0x080A1EF3	thumb	BattleUseFunc_StatBooster
0x080A1EF4	0x080A1F47	thumb	Task_BattleUse_StatBooster_DelayAndPrint
0x080A1F48	0x080A1F77	thumb	Task_BattleUse_StatBooster_WaitButton_ReturnToBattle
0x080A1F78	0x080A1FBB	thumb	ItemUse_SwitchToPartyMenuInBattle
0x080A1FBC	0x080A1FD7	thumb	BattleUseFunc_Medicine
0x080A1FD8	0x080A1FF3	thumb	BattleUseFunc_SacredAsh
0x080A1FF4	0x080A200F	thumb	BattleUseFunc_Ether
0x080A2010	0x080A2065	thumb	BattleUseFunc_PokeDoll
0x080A2068	0x080A2193	thumb	ItemUseOutOfBattle_EnigmaBerry
0x080A2194	0x080A2237	thumb	ItemUseInBattle_EnigmaBerry
0x080A2238	0x080A2293	thumb	FieldUseFunc_OakStopsYou
0x080A2294	0x080A22E7	thumb	ItemUse_SetQuestLogEvent
0x080A22E8	0x080A233F	thumb	AnimMovePowderParticle
0x080A2340	0x080A2387	thumb	AnimMovePowderParticle_Step
0x080A2388	0x080A23D7	thumb	AnimPowerAbsorptionOrb
0x080A23D8	0x080A242F	thumb	AnimSolarBeamBigOrb
0x080A2430	0x080A248B	thumb	AnimSolarBeamSmallOrb
0x080A248C	0x080A24FF	thumb	AnimSolarBeamSmallOrb_Step
0x080A2500	0x080A257F	thumb	AnimTask_CreateSmallSolarBeamOrbs
0x080A2580	0x080A25CF	thumb	AnimAbsorptionOrb
0x080A25D0	0x080A25E9	thumb	AnimAbsorptionOrb_Step
0x080A25EC	0x080A26A3	thumb	AnimHyperBeamOrb
0x080A26A4	0x080A26EF	thumb	AnimHyperBeamOrb_Step
0x080A26F0	0x080A275F	thumb	AnimLeechSeed
0x080A2760	0x080A2797	thumb	AnimLeechSeed_Step
0x080A2798	0x080A27CF	thumb	AnimLeechSeedSprouts
0x080A27D0	0x080A281B	thumb	AnimSporeParticle
0x080A281C	0x080A28C3	thumb	AnimSporeParticle_Step
0x080A28C4	0x080A291D	thumb	AnimTask_SporeDoubleBattle
0x080A2920	0x080A2973	thumb	AnimPetalDanceBigFlower
0x080A2974	0x080A29EB	thumb	AnimPetalDanceBigFlower_Step
0x080A29EC	0x080A2A3F	thumb	AnimPetalDanceSmallFlower
0x080A2A40	0x080A2AA3	thumb	AnimPetalDanceSmallFlower_Step
0x080A2AA4	0x080A2AEB	thumb	AnimRazorLeafParticle
0x080A2AEC	0x080A2B37	thumb	AnimRazorLeafParticle_Step1
0x080A2B38	0x080A2B99	thumb	AnimRazorLeafParticle_Step2
0x080A2B9C	0x080A2C67	thumb	AnimTranslateLinearSingleSineWave
0x080A2C68	0x080A2D0D	thumb	AnimTranslateLinearSingleSineWave_Step
0x080A2D10	0x080A2D6F	thumb	AnimMoveTwisterParticle
0x080A2D70	0x080A2E27	thumb	AnimMoveTwisterParticle_Step
0x080A2E28	0x080A2E63	thumb	AnimConstrictBinding
0x080A2E64	0x080A2E9F	thumb	AnimConstrictBinding_Step1
0x080A2EA0	0x080A2F0B	thumb	AnimConstrictBinding_Step2
0x080A2F0C	0x080A2F73	thumb	AnimTask_ShrinkTargetCopy
0x080A2F74	0x080A3003	thumb	AnimTask_DuplicateAndShrinkToPos_Step1
0x080A3004	0x080A3097	thumb	AnimTask_DuplicateAndShrinkToPos_Step2
0x080A3098	0x080A3167	thumb	AnimMimicOrb
0x080A3168	0x080A31EB	thumb	AnimIngrainRoot
0x080A31EC	0x080A32DB	thumb	AnimFrenzyPlantRoot
0x080A32DC	0x080A3331	thumb	AnimRootFlickerOut
0x080A3334	0x080A33B7	thumb	AnimIngrainOrb
0x080A33B8	0x080A33DF	thumb	InitItemBagData
0x080A33E0	0x080A3483	thumb	MoveAlongLinearPath
0x080A3484	0x080A34B1	thumb	AnimItemSteal_Step2
0x080A34B4	0x080A3517	thumb	AnimItemSteal_Step1
0x080A3518	0x080A358F	thumb	AnimPresent
0x080A3590	0x080A35F1	thumb	AnimKnockOffOpponentsItem
0x080A35F4	0x080A366F	thumb	AnimKnockOffItem
0x080A3670	0x080A36B3	thumb	AnimPresentHealParticle
0x080A36B4	0x080A372B	thumb	AnimItemSteal
0x080A372C	0x080A37BB	thumb	AnimItemSteal_Step3
0x080A37BC	0x080A3855	thumb	AnimTrickBag
0x080A3858	0x080A38C3	thumb	AnimTrickBag_Step1
0x080A38C4	0x080A397B	thumb	AnimTrickBag_Step2
0x080A397C	0x080A39BD	thumb	AnimTrickBag_Step3
0x080A39C0	0x080A3B27	thumb	AnimTask_LeafBlade
0x080A3B28	0x080A3F01	thumb	AnimTask_LeafBlade_Step
0x080A3F04	0x080A3F21	thumb	LeafBladeGetPosFactor
0x080A3F24	0x080A3FD3	thumb	AnimTask_LeafBlade_Step2
0x080A3FD4	0x080A403F	thumb	AnimTask_LeafBlade_Step2_Callback
0x080A4040	0x080A414B	thumb	AnimFlyingParticle
0x080A414C	0x080A41C1	thumb	AnimFlyingParticle_Step
0x080A41C4	0x080A4297	thumb	AnimTask_CycleMagicalLeafPal
0x080A4298	0x080A439F	thumb	AnimNeedleArmSpike
0x080A43A0	0x080A43DB	thumb	AnimNeedleArmSpike_Step
0x080A43DC	0x080A43F5	thumb	AnimWhipHit_WaitEnd
0x080A43F8	0x080A444F	thumb	AnimSlidingHit
0x080A4450	0x080A4493	thumb	AnimWhipHit
0x080A4494	0x080A44DF	thumb	AnimFlickeringPunch
0x080A44E0	0x080A4587	thumb	AnimCuttingSlice
0x080A4588	0x080A46CB	thumb	AnimAirCutterSlice
0x080A46CC	0x080A4737	thumb	AnimSlice_Step
0x080A4738	0x080A481B	thumb	UnusedFlickerAnim
0x080A481C	0x080A487F	thumb	AnimCirclingMusicNote
0x080A4880	0x080A48ED	thumb	AnimCirclingMusicNote_Step
0x080A48F0	0x080A49D3	thumb	AnimProtect
0x080A49D4	0x080A4ACB	thumb	AnimProtect_Step
0x080A4ACC	0x080A4B37	thumb	AnimMilkBottle
0x080A4B38	0x080A4C95	thumb	AnimMilkBottle_Step1
0x080A4C98	0x080A4D09	thumb	AnimMilkBottle_Step2
0x080A4D0C	0x080A4D5B	thumb	AnimGrantingStars
0x080A4D5C	0x080A4E3F	thumb	AnimSparklingStars
0x080A4E40	0x080A4E9F	thumb	AnimBubbleBurst
0x080A4EA0	0x080A4EF1	thumb	AnimBubbleBurst_Step
0x080A4EF4	0x080A4F5F	thumb	AnimSleepLetterZ
0x080A4F60	0x080A4FA9	thumb	AnimSleepLetterZ_Step
0x080A4FAC	0x080A4FD3	thumb	AnimLockOnTarget
0x080A4FD4	0x080A5083	thumb	AnimLockOnTarget_Step1
0x080A5084	0x080A50B7	thumb	AnimLockOnTarget_Step2
0x080A50B8	0x080A5173	thumb	AnimLockOnTarget_Step3
0x080A5174	0x080A521F	thumb	AnimLockOnTarget_Step4
0x080A5220	0x080A5247	thumb	AnimLockOnTarget_Step5
0x080A5248	0x080A5295	thumb	AnimLockOnTarget_Step6
0x080A5298	0x080A533F	thumb	AnimLockOnMoveTarget
0x080A5340	0x080A5397	thumb	AnimBowMon
0x080A5398	0x080A53E7	thumb	AnimBowMon_Step1
0x080A53E8	0x080A5473	thumb	AnimBowMon_Step1_Callback
0x080A5474	0x080A54C3	thumb	AnimBowMon_Step2
0x080A54C4	0x080A54E7	thumb	AnimBowMon_Step3
0x080A54E8	0x080A5583	thumb	AnimBowMon_Step3_Callback
0x080A5584	0x080A558D	thumb	AnimBowMon_Step4
0x080A5590	0x080A559F	thumb	AnimTipMon
0x080A55A0	0x080A5693	thumb	AnimTipMon_Step
0x080A5694	0x080A572B	thumb	AnimTask_SkullBashPosition
0x080A572C	0x080A58EB	thumb	AnimTask_SkullBashPositionSet
0x080A58EC	0x080A593D	thumb	AnimTask_SkullBashPositionReset
0x080A5940	0x080A59A7	thumb	AnimSlashSlice
0x080A59A8	0x080A59EF	thumb	AnimFalseSwipeSlice
0x080A59F0	0x080A5A43	thumb	AnimFalseSwipePositionedSlice
0x080A5A44	0x080A5A7B	thumb	AnimFalseSwipeSlice_Step1
0x080A5A7C	0x080A5A8B	thumb	AnimFalseSwipeSlice_Step2
0x080A5A8C	0x080A5AD7	thumb	AnimFalseSwipeSlice_Step3
0x080A5AD8	0x080A5B3B	thumb	AnimEndureEnergy
0x080A5B3C	0x080A5B7B	thumb	AnimEndureEnergy_Step
0x080A5B7C	0x080A5BCB	thumb	AnimSharpenSphere
0x080A5BCC	0x080A5C67	thumb	AnimSharpenSphere_Step
0x080A5C68	0x080A5CD3	thumb	AnimConversion
0x080A5CD4	0x080A5D49	thumb	AnimTask_ConversionAlphaBlend
0x080A5D4C	0x080A5D7B	thumb	AnimConversion2
0x080A5D7C	0x080A5DDF	thumb	AnimConversion2_Step
0x080A5DE0	0x080A5E33	thumb	AnimTask_Conversion2AlphaBlend
0x080A5E34	0x080A5EA7	thumb	AnimTask_HideBattlersHealthbox
0x080A5EA8	0x080A5EDF	thumb	AnimTask_ShowBattlersHealthbox
0x080A5EE0	0x080A5F27	thumb	AnimMoon
0x080A5F28	0x080A5F3D	thumb	AnimMoon_Step
0x080A5F40	0x080A5F83	thumb	AnimMoonlightSparkle
0x080A5F84	0x080A5FBF	thumb	AnimMoonlightSparkle_Step
0x080A5FC0	0x080A60A7	thumb	AnimTask_MoonlightEndFade
0x080A60A8	0x080A6243	thumb	AnimTask_MoonlightEndFade_Step
0x080A6244	0x080A636B	thumb	AnimHornHit
0x080A636C	0x080A63B3	thumb	AnimHornHit_Step
0x080A63B4	0x080A64DD	thumb	AnimTask_DoubleTeam
0x080A64E0	0x080A653B	thumb	AnimTask_DoubleTeam_Step
0x080A653C	0x080A65CB	thumb	AnimDoubleTeam
0x080A65CC	0x080A65E7	thumb	AnimSuperFang
0x080A65E8	0x080A669F	thumb	AnimTask_MusicNotesRainbowBlend
0x080A66A0	0x080A66D3	thumb	AnimTask_MusicNotesClearRainbowBlend
0x080A66D4	0x080A678B	thumb	AnimWavyMusicNotes
0x080A678C	0x080A67E3	thumb	AnimWavyMusicNotes_CalcVelocity
0x080A67E4	0x080A68AF	thumb	AnimWavyMusicNotes_Step
0x080A68B0	0x080A693F	thumb	AnimFlyingMusicNotes
0x080A6940	0x080A69B7	thumb	AnimFlyingMusicNotes_Step
0x080A69B8	0x080A6A27	thumb	AnimBellyDrumHand
0x080A6A28	0x080A6AAF	thumb	AnimSlowFlyingMusicNotes
0x080A6AB0	0x080A6B0B	thumb	AnimSlowFlyingMusicNotes_Step
0x080A6B0C	0x080A6B63	thumb	SetSpriteNextToMonHead
0x080A6B64	0x080A6BCF	thumb	AnimThoughtBubble
0x080A6BD0	0x080A6C07	thumb	AnimThoughtBubble_Step
0x080A6C08	0x080A6C4F	thumb	AnimMetronomeFinger
0x080A6C50	0x080A6C83	thumb	AnimMetronomeFinger_Step
0x080A6C84	0x080A6CFF	thumb	AnimFollowMeFinger
0x080A6D00	0x080A6D1F	thumb	AnimFollowMeFinger_Step1
0x080A6D20	0x080A6D8F	thumb	AnimFollowMeFinger_Step2
0x080A6D90	0x080A6DEF	thumb	AnimTauntFinger
0x080A6DF0	0x080A6E2B	thumb	AnimTauntFinger_Step1
0x080A6E2C	0x080A6E47	thumb	AnimTauntFinger_Step2
0x080A6E48	0x080A6E97	thumb	AnimCirclingFinger
0x080A6E98	0x080A6ED7	thumb	AnimBouncingMusicNote
0x080A6ED8	0x080A6F3B	thumb	AnimBouncingMusicNote_Step
0x080A6F3C	0x080A6F8B	thumb	AnimVibrateBattlerBack_Step
0x080A6F8C	0x080A701F	thumb	AnimVibrateBattlerBack
0x080A7020	0x080A7057	thumb	AnimMovingClamp
0x080A7058	0x080A707F	thumb	AnimMovingClamp_Step
0x080A7080	0x080A709D	thumb	AnimMovingClamp_End
0x080A70A0	0x080A70DB	thumb	AnimTask_Withdraw
0x080A70DC	0x080A71D5	thumb	AnimTask_Withdraw_Step
0x080A71D8	0x080A727B	thumb	AnimKinesisZapEnergy
0x080A727C	0x080A729F	thumb	AnimSwordsDanceBlade
0x080A72A0	0x080A72C7	thumb	AnimSwordsDanceBlade_Step
0x080A72C8	0x080A73CB	thumb	AnimSonicBoomProjectile
0x080A73CC	0x080A73FF	thumb	AnimAirWaveProjectile_Step2
0x080A7400	0x080A74A3	thumb	AnimAirWaveProjectile_Step1
0x080A74A4	0x080A75E3	thumb	AnimAirWaveProjectile
0x080A75E4	0x080A760B	thumb	AirCutterProjectile_Step2
0x080A760C	0x080A76EF	thumb	AirCutterProjectile_Step1
0x080A76F0	0x080A79E7	thumb	AnimTask_AirCutterProjectile
0x080A79E8	0x080A7A17	thumb	AnimVoidLines
0x080A7A18	0x080A7A87	thumb	AnimVoidLines_Step
0x080A7A88	0x080A7B3B	thumb	AnimCoinThrow
0x080A7B3C	0x080A7B53	thumb	AnimFallingCoin
0x080A7B54	0x080A7BC3	thumb	AnimFallingCoin_Step
0x080A7BC4	0x080A7C1B	thumb	AnimBulletSeed
0x080A7C1C	0x080A7C9F	thumb	AnimBulletSeed_Step1
0x080A7CA0	0x080A7D03	thumb	AnimBulletSeed_Step2
0x080A7D04	0x080A7D63	thumb	AnimRazorWindTornado
0x080A7D64	0x080A7DF7	thumb	AnimViceGripPincer
0x080A7DF8	0x080A7E11	thumb	AnimViceGripPincer_Step
0x080A7E14	0x080A7EBB	thumb	AnimGuillotinePincer
0x080A7EBC	0x080A7F2F	thumb	AnimGuillotinePincer_Step1
0x080A7F30	0x080A7F93	thumb	AnimGuillotinePincer_Step2
0x080A7F94	0x080A7FAD	thumb	AnimGuillotinePincer_Step3
0x080A7FB0	0x080A8013	thumb	AnimTask_GrowAndGrayscale
0x080A8014	0x080A8073	thumb	AnimTask_GrowAndGrayscale_Step
0x080A8074	0x080A80CB	thumb	AnimTask_Minimize
0x080A80CC	0x080A81FF	thumb	AnimTask_Minimize_Step1
0x080A8200	0x080A82EF	thumb	CreateMinimizeSprite
0x080A82F0	0x080A8337	thumb	ClonedMinizeSprite_Step
0x080A8338	0x080A8397	thumb	AnimTask_Splash
0x080A8398	0x080A84B3	thumb	AnimTask_Splash_Step
0x080A84B4	0x080A84EF	thumb	AnimTask_GrowAndShrink
0x080A84F0	0x080A851B	thumb	AnimTask_GrowAndShrink_Step
0x080A851C	0x080A85AB	thumb	AnimBreathPuff
0x080A85AC	0x080A8637	thumb	AnimAngerMark
0x080A8638	0x080A8677	thumb	AnimTask_ThrashMoveMonHorizontal
0x080A8678	0x080A86A3	thumb	AnimTask_ThrashMoveMonHorizontal_Step
0x080A86A4	0x080A8727	thumb	AnimTask_ThrashMoveMonVertical
0x080A8728	0x080A8871	thumb	AnimTask_ThrashMoveMonVertical_Step
0x080A8874	0x080A8953	thumb	AnimTask_SketchDrawMon
0x080A8954	0x080A8A1B	thumb	AnimTask_SketchDrawMon_Step
0x080A8A1C	0x080A8A77	thumb	AnimPencil
0x080A8A78	0x080A8BC1	thumb	AnimPencil_Step
0x080A8BC4	0x080A8C83	thumb	AnimBlendThinRing
0x080A8C84	0x080A8CA3	thumb	AnimHyperVoiceRing_WaitEnd
0x080A8CA4	0x080A8EE7	thumb	AnimHyperVoiceRing
0x080A8EE8	0x080A8F37	thumb	AnimUproarRing
0x080A8F38	0x080A8F7B	thumb	AnimSoftBoiledEgg
0x080A8F7C	0x080A8FF3	thumb	AnimSoftBoiledEgg_Step1
0x080A8FF4	0x080A901B	thumb	AnimSoftBoiledEgg_Step2
0x080A901C	0x080A9093	thumb	AnimSoftBoiledEgg_Step3
0x080A9094	0x080A90D3	thumb	AnimSoftBoiledEgg_Step3_Callback1
0x080A90D4	0x080A911B	thumb	AnimSoftBoiledEgg_Step3_Callback2
0x080A911C	0x080A915B	thumb	AnimSoftBoiledEgg_Step4
0x080A915C	0x080A917B	thumb	AnimSoftBoiledEgg_Step4_Callback
0x080A917C	0x080A91B7	thumb	AnimTask_AttackerStretchAndDisappear
0x080A91B8	0x080A920F	thumb	AnimTask_AttackerStretchAndDisappear_Step
0x080A9210	0x080A9277	thumb	AnimTask_ExtremeSpeedImpact
0x080A9278	0x080A939B	thumb	AnimTask_ExtremeSpeedImpact_Step
0x080A939C	0x080A93DF	thumb	AnimTask_ExtremeSpeedMonReappear
0x080A93E0	0x080A94AB	thumb	AnimTask_ExtremeSpeedMonReappear_Step
0x080A94AC	0x080A9507	thumb	AnimTask_SpeedDust
0x080A9508	0x080A9647	thumb	AnimTask_SpeedDust_Step
0x080A9648	0x080A96B3	thumb	AnimSpeedDust
0x080A96B4	0x080A975F	thumb	AnimTask_LoadMusicNotesPals
0x080A9760	0x080A9787	thumb	AnimTask_FreeMusicNotesPals
0x080A9788	0x080A97E7	thumb	SetMusicNotePalette
0x080A97E8	0x080A985F	thumb	AnimHealBellMusicNote
0x080A9860	0x080A98AF	thumb	AnimMagentaHeart
0x080A98B0	0x080A992F	thumb	AnimTask_FakeOut
0x080A9930	0x080A9983	thumb	AnimTask_FakeOut_Step1
0x080A9984	0x080A9A1F	thumb	AnimTask_FakeOut_Step2
0x080A9A20	0x080A9AAF	thumb	AnimTask_StretchTargetUp
0x080A9AB0	0x080A9B3F	thumb	AnimTask_StretchAttackerUp
0x080A9B40	0x080A9B8B	thumb	AnimRedHeartProjectile
0x080A9B8C	0x080A9BC1	thumb	AnimRedHeartProjectile_Step
0x080A9BC4	0x080A9C49	thumb	AnimParticleBurst
0x080A9C4C	0x080A9C7B	thumb	AnimRedHeartRising
0x080A9C7C	0x080A9CE7	thumb	AnimRedHeartRising_Step
0x080A9CE8	0x080A9DBF	thumb	AnimTask_HeartsBackground
0x080A9DC0	0x080A9F0F	thumb	AnimTask_HeartsBackground_Step
0x080A9F10	0x080AA023	thumb	AnimTask_ScaryFace
0x080AA024	0x080AA173	thumb	AnimTask_ScaryFace_Step
0x080AA174	0x080AA1D3	thumb	AnimOrbitFast
0x080AA1D4	0x080AA2AF	thumb	AnimOrbitFast_Step
0x080AA2B0	0x080AA303	thumb	AnimOrbitScatter
0x080AA304	0x080AA34B	thumb	AnimOrbitScatter_Step
0x080AA34C	0x080AA37B	thumb	AnimSpitUpOrb_Step
0x080AA37C	0x080AA3D3	thumb	AnimSpitUpOrb
0x080AA3D4	0x080AA3ED	thumb	AnimEyeSparkle_Step
0x080AA3F0	0x080AA407	thumb	AnimEyeSparkle
0x080AA408	0x080AA49B	thumb	AnimAngel
0x080AA49C	0x080AA505	thumb	AnimPinkHeart_Step
0x080AA508	0x080AA58B	thumb	AnimPinkHeart
0x080AA58C	0x080AA6B5	thumb	AnimDevil
0x080AA6B8	0x080AA705	thumb	AnimFurySwipes
0x080AA708	0x080AA793	thumb	AnimMovementWaves
0x080AA794	0x080AA7C7	thumb	AnimMovementWaves_Step
0x080AA7C8	0x080AA80B	thumb	AnimTask_UproarDistortion
0x080AA80C	0x080AA837	thumb	AnimTask_UproarDistortion_Step
0x080AA838	0x080AA8FF	thumb	AnimJaggedMusicNote
0x080AA900	0x080AA937	thumb	AnimJaggedMusicNote_Step
0x080AA938	0x080AA997	thumb	AnimPerishSongMusicNote2
0x080AA998	0x080AAA4F	thumb	AnimPerishSongMusicNote
0x080AAA50	0x080AAA73	thumb	AnimPerishSongMusicNote_Step1
0x080AAA74	0x080AAAE3	thumb	AnimPerishSongMusicNote_Step2
0x080AAAE4	0x080AAB7B	thumb	AnimGuardRing
0x080AAB7C	0x080AAB9F	thumb	AnimTask_IsFuryCutterHitRight
0x080AABA0	0x080AABBF	thumb	AnimTask_GetFuryCutterHitCount
0x080AABC0	0x080AAC53	thumb	AnimTask_CreateRaindrops
0x080AAC54	0x080AAC5F	thumb	AnimRainDrop
0x080AAC60	0x080AAC95	thumb	AnimRainDrop_Step
0x080AAC98	0x080AADB7	thumb	AnimWaterBubbleProjectile
0x080AADB8	0x080AAE3F	thumb	AnimWaterBubbleProjectile_Step1
0x080AAE40	0x080AAE67	thumb	AnimWaterBubbleProjectile_Step2
0x080AAE68	0x080AAE83	thumb	AnimWaterBubbleProjectile_Step3
0x080AAE84	0x080AAF1B	thumb	AnimAuroraBeamRings
0x080AAF1C	0x080AAF5F	thumb	AnimAuroraBeamRings_Step
0x080AAF60	0x080AAFA3	thumb	AnimTask_RotateAuroraRingColors
0x080AAFA4	0x080AB023	thumb	AnimTask_RotateAuroraRingColors_Step
0x080AB024	0x080AB0AB	thumb	AnimToTargetInSinWave
0x080AB0AC	0x080AB0FD	thumb	AnimToTargetInSinWave_Step
0x080AB100	0x080AB12B	thumb	AnimTask_StartSinAnimTimer
0x080AB12C	0x080AB167	thumb	AnimTask_RunSinAnimTimer
0x080AB168	0x080AB1DB	thumb	AnimHydroCannonCharge
0x080AB1DC	0x080AB1F5	thumb	AnimHydroCannonCharge_Step
0x080AB1F8	0x080AB2CB	thumb	AnimHydroCannonBeam
0x080AB2CC	0x080AB307	thumb	AnimWaterGunDroplet
0x080AB308	0x080AB343	thumb	AnimSmallBubblePair
0x080AB344	0x080AB389	thumb	AnimSmallBubblePair_Step
0x080AB38C	0x080AB5C7	thumb	AnimTask_CreateSurfWave
0x080AB5C8	0x080AB707	thumb	AnimTask_CreateSurfWave_Step1
0x080AB708	0x080AB79B	thumb	AnimTask_CreateSurfWave_Step2
0x080AB79C	0x080ABA77	thumb	AnimTask_SurfWaveScanlineEffect
0x080ABA78	0x080ABADB	thumb	AnimSmallDriftingBubbles
0x080ABADC	0x080ABB27	thumb	AnimSmallDriftingBubbles_Step
0x080ABB28	0x080ABB83	thumb	AnimTask_WaterSpoutLaunch
0x080ABB84	0x080ABDC5	thumb	AnimTask_WaterSpoutLaunch_Step
0x080ABDC8	0x080ABE4B	thumb	GetWaterSpoutPowerForAnim
0x080ABE4C	0x080ABF5F	thumb	CreateWaterSpoutLaunchDroplets
0x080ABF60	0x080AC00B	thumb	AnimSmallWaterOrb
0x080AC00C	0x080AC06F	thumb	AnimTask_WaterSpoutRain
0x080AC070	0x080AC15F	thumb	AnimTask_WaterSpoutRain_Step
0x080AC160	0x080AC203	thumb	CreateWaterSpoutRainDroplet
0x080AC204	0x080AC2AF	thumb	AnimWaterSpoutRain
0x080AC2B0	0x080AC327	thumb	AnimWaterSpoutRainHit
0x080AC328	0x080AC3BB	thumb	AnimTask_WaterSport
0x080AC3BC	0x080AC501	thumb	AnimTask_WaterSport_Step
0x080AC504	0x080AC56F	thumb	CreateWaterSportDroplet
0x080AC570	0x080AC5D7	thumb	AnimWaterSportDroplet
0x080AC5D8	0x080AC623	thumb	AnimWaterSportDroplet_Step
0x080AC624	0x080AC64B	thumb	AnimWaterPulseBubble
0x080AC64C	0x080AC695	thumb	AnimWaterPulseBubble_Step
0x080AC698	0x080AC6D5	thumb	AnimWaterPulseRingBubble
0x080AC6D8	0x080AC71F	thumb	AnimWaterPulseRing
0x080AC720	0x080AC795	thumb	AnimWaterPulseRing_Step
0x080AC798	0x080AC90B	thumb	CreateWaterPulseRingBubbles
0x080AC90C	0x080AC94B	thumb	AnimFireSpiralInward
0x080AC94C	0x080AC98F	thumb	AnimFireSpread
0x080AC990	0x080AC9FF	thumb	AnimFirePlume
0x080ACA00	0x080ACA6B	thumb	AnimLargeFlame
0x080ACA6C	0x080ACAA7	thumb	AnimLargeFlame_Step
0x080ACAA8	0x080ACB1B	thumb	AnimUnusedSmallEmber
0x080ACB1C	0x080ACBAF	thumb	AnimUnusedSmallEmber_Step
0x080ACBB0	0x080ACBDB	thumb	AnimSunlight
0x080ACBDC	0x080ACC43	thumb	AnimEmberFlare
0x080ACC44	0x080ACC5F	thumb	AnimBurnFlame
0x080ACC60	0x080ACC87	thumb	AnimFireRing
0x080ACC88	0x080ACCDF	thumb	AnimFireRing_Step1
0x080ACCE0	0x080ACD57	thumb	AnimFireRing_Step2
0x080ACD58	0x080ACD79	thumb	AnimFireRing_Step3
0x080ACD7C	0x080ACDA7	thumb	UpdateFireRingCircleOffset
0x080ACDA8	0x080ACDE7	thumb	AnimFireCross
0x080ACDE8	0x080ACE27	thumb	AnimFireSpiralOutward
0x080ACE28	0x080ACE4F	thumb	AnimFireSpiralOutward_Step1
0x080ACE50	0x080ACEA1	thumb	AnimFireSpiralOutward_Step2
0x080ACEA4	0x080ACF13	thumb	AnimTask_EruptionLaunchRocks
0x080ACF14	0x080AD1F5	thumb	AnimTask_EruptionLaunchRocks_Step
0x080AD1F8	0x080AD32F	thumb	CreateEruptionLaunchRocks
0x080AD330	0x080AD373	thumb	AnimEruptionLaunchRock
0x080AD374	0x080AD3C5	thumb	GetEruptionLaunchRockInitialYPos
0x080AD3C8	0x080AD3E3	thumb	InitEruptionLaunchRockCoordData
0x080AD3E4	0x080AD453	thumb	UpdateEruptionLaunchRockPos
0x080AD454	0x080AD4A7	thumb	AnimEruptionFallingRock
0x080AD4A8	0x080AD53D	thumb	AnimEruptionFallingRock_Step
0x080AD540	0x080AD68F	thumb	AnimWillOWispOrb
0x080AD690	0x080AD6F3	thumb	AnimWillOWispOrb_Step
0x080AD6F4	0x080AD7FF	thumb	AnimWillOWispFire
0x080AD800	0x080AD86F	thumb	AnimTask_MoveHeatWaveTargets
0x080AD870	0x080ADAA3	thumb	AnimTask_MoveHeatWaveTargets_Step
0x080ADAA4	0x080ADAD7	thumb	AnimTask_BlendBackground
0x080ADAD8	0x080ADBEB	thumb	AnimTask_ShakeTargetInPattern
0x080ADBEC	0x080ADC3B	thumb	AnimLightning
0x080ADC3C	0x080ADC55	thumb	AnimLightning_Step
0x080ADC58	0x080ADC9B	thumb	AnimUnusedSpinningFist
0x080ADC9C	0x080ADCB5	thumb	AnimUnusedSpinningFist_Step
0x080ADCB8	0x080ADD4B	thumb	AnimUnusedCirclingShock
0x080ADD4C	0x080ADEAF	thumb	AnimSparkElectricity
0x080ADEB0	0x080ADF37	thumb	AnimZapCannonSpark
0x080ADF38	0x080ADFAD	thumb	AnimZapCannonSpark_Step
0x080ADFB0	0x080ADFFD	thumb	AnimThunderboltOrb_Step
0x080AE000	0x080AE06B	thumb	AnimThunderboltOrb
0x080AE06C	0x080AE12F	thumb	AnimSparkElectricityFlashing
0x080AE130	0x080AE19D	thumb	AnimSparkElectricityFlashing_Step
0x080AE1A0	0x080AE21F	thumb	AnimElectricity
0x080AE220	0x080AE277	thumb	AnimTask_ElectricBolt
0x080AE278	0x080AE41F	thumb	AnimTask_ElectricBolt_Step
0x080AE420	0x080AE46D	thumb	AnimElectricBoltSegment
0x080AE470	0x080AE4F3	thumb	AnimThunderWave
0x080AE4F4	0x080AE53F	thumb	AnimThunderWave_Step
0x080AE540	0x080AE5BB	thumb	AnimTask_ElectricChargingParticles
0x080AE5BC	0x080AE6CF	thumb	AnimTask_ElectricChargingParticles_Step
0x080AE6D0	0x080AE703	thumb	AnimElectricChargingParticles_Step
0x080AE704	0x080AE71B	thumb	AnimElectricChargingParticles
0x080AE71C	0x080AE773	thumb	AnimGrowingChargeOrb
0x080AE774	0x080AE7DB	thumb	AnimElectricPuff
0x080AE7DC	0x080AE83B	thumb	AnimVoltTackleOrbSlide
0x080AE83C	0x080AE89F	thumb	AnimVoltTackleOrbSlide_Step
0x080AE8A0	0x080AEA0F	thumb	AnimTask_VoltTackleAttackerReappear
0x080AEA10	0x080AEB97	thumb	AnimTask_VoltTackleBolt
0x080AEB98	0x080AEC33	thumb	CreateVoltTackleBolt
0x080AEC34	0x080AEC7F	thumb	AnimVoltTackleBolt
0x080AEC80	0x080AECDD	thumb	AnimGrowingShockWaveOrb
0x080AECE0	0x080AEE71	thumb	AnimTask_ShockWaveProgressingBolt
0x080AEE74	0x080AEF5D	thumb	CreateShockWaveBoltSprite
0x080AEF60	0x080AEF9F	thumb	AnimShockWaveProgressingBolt
0x080AEFA0	0x080AF057	thumb	AnimTask_ShockWaveLightning
0x080AF058	0x080AF0C7	thumb	CreateShockWaveLightningSprite
0x080AF0C8	0x080AF107	thumb	AnimShockWaveLightning
0x080AF108	0x080AF28B	thumb	AnimUnusedIceCrystalThrow
0x080AF28C	0x080AF2EF	thumb	AnimUnusedIceCrystalThrow_Step
0x080AF2F0	0x080AF32F	thumb	AnimIcePunchSwirlingParticle
0x080AF330	0x080AF3B7	thumb	AnimIceBeamParticle
0x080AF3B8	0x080AF42B	thumb	AnimIceEffectParticle
0x080AF42C	0x080AF465	thumb	AnimFlickerIceEffectParticle
0x080AF468	0x080AF5A3	thumb	AnimSwirlingSnowball
0x080AF5A4	0x080AF60B	thumb	AnimSwirlingSnowball_Step1
0x080AF60C	0x080AF68F	thumb	AnimSwirlingSnowball_Step2
0x080AF690	0x080AF6D7	thumb	AnimSwirlingSnowball_End
0x080AF6D8	0x080AF81B	thumb	AnimMoveParticleBeyondTarget
0x080AF81C	0x080AF88B	thumb	AnimWiggleParticleTowardsTarget
0x080AF88C	0x080AF911	thumb	AnimWaveFromCenterOfTarget
0x080AF914	0x080AFA4B	thumb	InitSwirlingFogAnim
0x080AFA4C	0x080AFAE1	thumb	AnimSwirlingFogAnim
0x080AFAE4	0x080AFBBF	thumb	AnimTask_HazeScrollingFog
0x080AFBC0	0x080AFD4B	thumb	AnimTask_HazeScrollingFog_Step
0x080AFD4C	0x080AFD7F	thumb	AnimThrowMistBall
0x080AFD80	0x080AFE63	thumb	AnimTask_MistBallFog
0x080AFE64	0x080AFFD3	thumb	AnimTask_MistBallFog_Step
0x080AFFD4	0x080B0147	thumb	InitPoisonGasCloudAnim
0x080B0148	0x080B038B	thumb	MovePoisonGasCloud
0x080B038C	0x080B03A7	thumb	AnimTask_Hail
0x080B03A8	0x080B0455	thumb	AnimTask_Hail2
0x080B0458	0x080B05C9	thumb	GenerateHailParticle
0x080B05CC	0x080B06AF	thumb	AnimHailBegin
0x080B06B0	0x080B06FB	thumb	AnimHailContinue
0x080B06FC	0x080B078F	thumb	InitIceBallAnim
0x080B0790	0x080B07BF	thumb	AnimThrowIceBall
0x080B07C0	0x080B0823	thumb	InitIceBallParticle
0x080B0824	0x080B086F	thumb	AnimIceBallParticle
0x080B0870	0x080B089F	thumb	AnimTask_GetRolloutCounter
0x080B08A0	0x080B08DB	thumb	AnimUnusedHumanoidFoot
0x080B08DC	0x080B0927	thumb	AnimSlideHandOrFootToTarget
0x080B0928	0x080B0953	thumb	AnimJumpKick
0x080B0954	0x080B09A3	thumb	AnimBasicFistOrFoot
0x080B09A4	0x080B0B2B	thumb	AnimFistOrFootRandomPos
0x080B0B2C	0x080B0B7D	thumb	AnimFistOrFootRandomPos_Step
0x080B0B80	0x080B0BD7	thumb	AnimCrossChopHand
0x080B0BD8	0x080B0C27	thumb	AnimCrossChopHand_Step
0x080B0C28	0x080B0CB3	thumb	AnimSlidingKick
0x080B0CB4	0x080B0CEB	thumb	AnimSlidingKick_Step
0x080B0CEC	0x080B0D23	thumb	AnimSpinningKickOrPunch
0x080B0D24	0x080B0D57	thumb	AnimSpinningKickOrPunchFinish
0x080B0D58	0x080B0D7B	thumb	AnimStompFoot
0x080B0D7C	0x080B0DD3	thumb	AnimStompFootStep
0x080B0DD4	0x080B0DEF	thumb	AnimStompFootEnd
0x080B0DF0	0x080B0E7D	thumb	AnimDizzyPunchDuck
0x080B0E80	0x080B0EEF	thumb	AnimBrickBreakWall
0x080B0EF0	0x080B0F67	thumb	AnimBrickBreakWall_Step
0x080B0F68	0x080B104F	thumb	AnimBrickBreakWallShard
0x080B1050	0x080B107B	thumb	AnimBrickBreakWallShard_Step
0x080B107C	0x080B111B	thumb	AnimSuperpowerOrb
0x080B111C	0x080B1187	thumb	AnimSuperpowerOrb_Step
0x080B1188	0x080B11E3	thumb	AnimSuperpowerRock
0x080B11E4	0x080B12A3	thumb	AnimSuperpowerRock_Step1
0x080B12A4	0x080B12E7	thumb	AnimSuperpowerRock_Step2
0x080B12E8	0x080B13D3	thumb	AnimSuperpowerFireball
0x080B13D4	0x080B13F5	thumb	AnimArmThrustHit_Step
0x080B13F8	0x080B1483	thumb	AnimArmThrustHit
0x080B1484	0x080B14EF	thumb	AnimRevengeScratch
0x080B14F0	0x080B152F	thumb	AnimFocusPunchFist
0x080B1530	0x080B161F	thumb	AnimTask_MoveSkyUppercutBg
0x080B1620	0x080B1683	thumb	AnimSludgeProjectile
0x080B1684	0x080B169D	thumb	AnimSludgeProjectile_Step
0x080B16A0	0x080B1727	thumb	AnimAcidPoisonBubble
0x080B1728	0x080B1741	thumb	AnimAcidPoisonBubble_Step
0x080B1744	0x080B1797	thumb	AnimSludgeBombHitParticle
0x080B1798	0x080B17C3	thumb	AnimSludgeBombHitParticle_Step
0x080B17C4	0x080B1837	thumb	AnimAcidPoisonDroplet
0x080B1838	0x080B189F	thumb	AnimBubbleEffect
0x080B18A0	0x080B18E1	thumb	AnimBubbleEffect_Step
0x080B18E4	0x080B190B	thumb	AnimEllipticalGust
0x080B190C	0x080B194B	thumb	AnimEllipticalGust_Step
0x080B194C	0x080B198B	thumb	AnimTask_AnimateGustTornadoPalette
0x080B198C	0x080B1A1B	thumb	AnimTask_AnimateGustTornadoPalette_Step
0x080B1A1C	0x080B1A9B	thumb	AnimGustToTarget
0x080B1A9C	0x080B1AB5	thumb	AnimGustToTarget_Step
0x080B1AB8	0x080B1BAF	thumb	AnimAirWaveCrescent
0x080B1BB0	0x080B1BF7	thumb	AnimFlyBallUp
0x080B1BF8	0x080B1C39	thumb	AnimFlyBallUp_Step
0x080B1C3C	0x080B1CBF	thumb	AnimFlyBallAttack
0x080B1CC0	0x080B1D3B	thumb	AnimFlyBallAttack_Step
0x080B1D3C	0x080B1D87	thumb	DestroyAnimSpriteAfterTimer
0x080B1D88	0x080B1F93	thumb	AnimFallingFeather
0x080B1F94	0x080B24BF	thumb	AnimFallingFeather_Step
0x080B24C0	0x080B2513	thumb	AnimUnusedBubbleThrow
0x080B2514	0x080B268B	thumb	AnimUnusedFeather
0x080B268C	0x080B277F	thumb	AnimUnusedFeather_Step
0x080B2780	0x080B281F	thumb	AnimWhirlwindLine
0x080B2820	0x080B2867	thumb	AnimWhirlwindLine_Step
0x080B2868	0x080B2913	thumb	AnimTask_DrillPeckHitSplats
0x080B2914	0x080B2971	thumb	AnimBounceBallShrink
0x080B2974	0x080B2A07	thumb	AnimBounceBallLand
0x080B2A08	0x080B2A4F	thumb	AnimDiveBall
0x080B2A50	0x080B2AAF	thumb	AnimDiveBall_Step1
0x080B2AB0	0x080B2AF1	thumb	AnimDiveBall_Step2
0x080B2AF4	0x080B2BD7	thumb	AnimDiveWaterSplash
0x080B2BD8	0x080B2C87	thumb	AnimSprayWaterDroplet
0x080B2C88	0x080B2CE3	thumb	AnimSprayWaterDroplet_Step
0x080B2CE4	0x080B2CF7	thumb	AnimUnusedFlashingLight
0x080B2CF8	0x080B2D61	thumb	AnimUnusedFlashingLight_Step
0x080B2D64	0x080B2E1F	thumb	AnimSkyAttackBird
0x080B2E20	0x080B2E63	thumb	AnimSkyAttackBird_Step
0x080B2E64	0x080B2ECB	thumb	AnimTask_SetAttackerVisibility
0x080B2ECC	0x080B300B	thumb	AnimDefensiveWall
0x080B300C	0x080B3041	thumb	AnimDefensiveWall_Step2
0x080B3044	0x080B30AF	thumb	AnimDefensiveWall_Step3
0x080B30B0	0x080B3167	thumb	AnimDefensiveWall_Step4
0x080B3168	0x080B31CF	thumb	AnimDefensiveWall_Step5
0x080B31D0	0x080B3275	thumb	AnimWallSparkle
0x080B3278	0x080B32F3	thumb	AnimBentSpoon
0x080B32F4	0x080B3383	thumb	AnimQuestionMark
0x080B3384	0x080B33B7	thumb	AnimQuestionMark_Step1
0x080B33B8	0x080B3415	thumb	AnimQuestionMark_Step2
0x080B3418	0x080B3453	thumb	AnimTask_MeditateStretchAttacker
0x080B3454	0x080B347F	thumb	AnimTask_MeditateStretchAttacker_Step
0x080B3480	0x080B34DB	thumb	AnimTask_Teleport
0x080B34DC	0x080B3583	thumb	AnimTask_Teleport_Step
0x080B3584	0x080B3617	thumb	AnimTask_ImprisonOrbs
0x080B3618	0x080B37A3	thumb	AnimTask_ImprisonOrbs_Step
0x080B37A4	0x080B37EB	thumb	AnimRedX_Step
0x080B37EC	0x080B3833	thumb	AnimRedX
0x080B3834	0x080B397F	thumb	AnimTask_SkillSwap
0x080B3980	0x080B3A31	thumb	AnimTask_SkillSwap_Step
0x080B3A34	0x080B3A57	thumb	AnimSkillSwapOrb
0x080B3A58	0x080B3B77	thumb	AnimTask_ExtrasensoryDistortion
0x080B3B78	0x080B3C75	thumb	AnimTask_ExtrasensoryDistortion_Step
0x080B3C78	0x080B3D77	thumb	AnimTask_TransparentCloneGrowAndShrink
0x080B3D78	0x080B3E81	thumb	AnimTask_TransparentCloneGrowAndShrink_Step
0x080B3E84	0x080B3FA9	thumb	AnimPsychoBoost
0x080B3FAC	0x080B407B	thumb	AnimMegahornHorn
0x080B407C	0x080B4127	thumb	AnimLeechLifeNeedle
0x080B4128	0x080B41BF	thumb	AnimTranslateWebThread
0x080B41C0	0x080B41F7	thumb	AnimTranslateWebThread_Step
0x080B41F8	0x080B4273	thumb	AnimStringWrap
0x080B4274	0x080B42BF	thumb	AnimStringWrap_Step
0x080B42C0	0x080B42E7	thumb	AnimSpiderWeb
0x080B42E8	0x080B4343	thumb	AnimSpiderWeb_Step
0x080B4344	0x080B4363	thumb	AnimSpiderWeb_End
0x080B4364	0x080B4493	thumb	AnimTranslateStinger
0x080B4494	0x080B450F	thumb	AnimMissileArc
0x080B4510	0x080B45D7	thumb	AnimMissileArc_Step
0x080B45D8	0x080B4633	thumb	AnimTailGlowOrb
0x080B4634	0x080B46B3	thumb	AnimFallingRock
0x080B46B4	0x080B46F7	thumb	AnimFallingRock_Step
0x080B46F8	0x080B477B	thumb	AnimRockFragment
0x080B477C	0x080B47C3	thumb	AnimParticleInVortex
0x080B47C4	0x080B480F	thumb	AnimParticleInVortex_Step
0x080B4810	0x080B490B	thumb	AnimTask_LoadSandstormBackground
0x080B490C	0x080B4AA7	thumb	AnimTask_LoadSandstormBackground_Step
0x080B4AA8	0x080B4B8B	thumb	AnimFlyingSandCrescent
0x080B4B8C	0x080B4BCF	thumb	AnimRaiseSprite
0x080B4BD0	0x080B4CFF	thumb	AnimTask_Rollout
0x080B4D00	0x080B4E6D	thumb	AnimTask_Rollout_Step
0x080B4E70	0x080B4F77	thumb	CreateRolloutDirtSprite
0x080B4F78	0x080B4FB7	thumb	AnimRolloutParticle
0x080B4FB8	0x080B4FE3	thumb	GetRolloutCounter
0x080B4FE4	0x080B5023	thumb	AnimRockTomb
0x080B5024	0x080B5071	thumb	AnimRockTomb_Step
0x080B5074	0x080B509F	thumb	AnimRockBlastRock
0x080B50A0	0x080B50F7	thumb	AnimRockScatter
0x080B50F8	0x080B5147	thumb	AnimRockScatter_Step
0x080B5148	0x080B5187	thumb	AnimTask_GetSeismicTossDamageLevel
0x080B5188	0x080B51EB	thumb	AnimTask_MoveSeismicTossBg
0x080B51EC	0x080B5267	thumb	AnimTask_SeismicTossBgAccelerateDownAtEnd
0x080B5268	0x080B52CF	thumb	AnimConfuseRayBallBounce
0x080B52D0	0x080B5343	thumb	AnimConfuseRayBallBounce_Step1
0x080B5344	0x080B53BF	thumb	AnimConfuseRayBallBounce_Step2
0x080B53C0	0x080B544F	thumb	UpdateConfuseRayBallBlend
0x080B5450	0x080B546F	thumb	AnimConfuseRayBallSpiral
0x080B5470	0x080B54E5	thumb	AnimConfuseRayBallSpiral_Step
0x080B54E8	0x080B556F	thumb	AnimTask_NightShadeClone
0x080B5570	0x080B55C7	thumb	AnimTask_NightShadeClone_Step1
0x080B55C8	0x080B5639	thumb	AnimTask_NightShadeClone_Step2
0x080B563C	0x080B56E3	thumb	AnimShadowBall
0x080B56E4	0x080B57F7	thumb	AnimShadowBall_Step
0x080B57F8	0x080B580F	thumb	AnimLick
0x080B5810	0x080B58AB	thumb	AnimLick_Step
0x080B58AC	0x080B59D3	thumb	AnimTask_NightmareClone
0x080B59D4	0x080B5AA9	thumb	AnimTask_NightmareClone_Step
0x080B5AAC	0x080B5AD3	thumb	AnimTask_SpiteTargetShadow
0x080B5AD4	0x080B5D37	thumb	AnimTask_SpiteTargetShadow_Step1
0x080B5D38	0x080B5DCB	thumb	AnimTask_SpiteTargetShadow_Step2
0x080B5DCC	0x080B5EBF	thumb	AnimTask_SpiteTargetShadow_Step3
0x080B5EC0	0x080B5FDF	thumb	AnimDestinyBondWhiteShadow
0x080B5FE0	0x080B601D	thumb	AnimDestinyBondWhiteShadow_Step
0x080B6020	0x080B623B	thumb	AnimTask_DestinyBondWhiteShadow
0x080B623C	0x080B63B3	thumb	AnimTask_DestinyBondWhiteShadow_Step
0x080B63B4	0x080B6467	thumb	AnimTask_CurseStretchingBlackBg
0x080B6468	0x080B65EF	thumb	AnimTask_CurseStretchingBlackBg_Step1
0x080B65F0	0x080B664B	thumb	AnimTask_CurseStretchingBlackBg_Step2
0x080B664C	0x080B66A7	thumb	AnimCurseNail
0x080B66A8	0x080B6725	thumb	AnimCurseNail_Step1
0x080B6728	0x080B679F	thumb	AnimCurseNail_Step2
0x080B67A0	0x080B67D3	thumb	AnimCurseNail_End
0x080B67D4	0x080B68A7	thumb	AnimGhostStatusSprite
0x080B68A8	0x080B68C7	thumb	AnimGhostStatusSprite_End
0x080B68C8	0x080B696B	thumb	AnimTask_GrudgeFlames
0x080B696C	0x080B6AF7	thumb	AnimTask_GrudgeFlames_Step
0x080B6AF8	0x080B6BBB	thumb	AnimGrudgeFlame
0x080B6BBC	0x080B6BE3	thumb	AnimTask_GhostGetOut
0x080B6BE4	0x080B6F2F	thumb	AnimTask_GhostGetOut_Step1
0x080B6F30	0x080B6FC3	thumb	AnimTask_GhostGetOut_Step2
0x080B6FC4	0x080B7157	thumb	AnimTask_GhostGetOut_Step3
0x080B7158	0x080B71AF	thumb	AnimMonMoveCircular
0x080B71B0	0x080B725B	thumb	AnimMonMoveCircular_Step
0x080B725C	0x080B72F7	thumb	AnimOutrageFlame
0x080B72F8	0x080B73AB	thumb	StartDragonFireTranslation
0x080B73AC	0x080B741B	thumb	AnimDragonRageFirePlume
0x080B741C	0x080B7447	thumb	AnimDragonFireToTarget
0x080B7448	0x080B74D7	thumb	AnimDragonDanceOrb
0x080B74D8	0x080B75DF	thumb	AnimDragonDanceOrb_Step
0x080B75E0	0x080B76AF	thumb	AnimTask_DragonDanceWaver
0x080B76B0	0x080B7769	thumb	AnimTask_DragonDanceWaver_Step
0x080B776C	0x080B77E3	thumb	UpdateDragonDanceScanlineEffect
0x080B77E4	0x080B7893	thumb	AnimOverheatFlame
0x080B7894	0x080B78DD	thumb	AnimOverheatFlame_Step
0x080B78E0	0x080B7953	thumb	AnimTask_AttackerFadeToInvisible
0x080B7954	0x080B79DB	thumb	AnimTask_AttackerFadeToInvisible_Step
0x080B79DC	0x080B7A13	thumb	AnimTask_AttackerFadeFromInvisible
0x080B7A14	0x080B7A7F	thumb	AnimTask_AttackerFadeFromInvisible_Step
0x080B7A80	0x080B7ACB	thumb	AnimTask_InitAttackerFadeFromInvisible
0x080B7ACC	0x080B7B47	thumb	AnimUnusedBagSteal
0x080B7B48	0x080B7BD1	thumb	AnimUnusedBagSteal_Step
0x080B7BD4	0x080B7C0F	thumb	AnimBite
0x080B7C10	0x080B7C4F	thumb	AnimBite_Step1
0x080B7C50	0x080B7C85	thumb	AnimBite_Step2
0x080B7C88	0x080B7D87	thumb	AnimTearDrop
0x080B7D88	0x080B7DA1	thumb	AnimTearDrop_Step
0x080B7DA4	0x080B7F57	thumb	AnimTask_MoveAttackerMementoShadow
0x080B7F58	0x080B806F	thumb	AnimTask_MoveAttackerMementoShadow_Step
0x080B8070	0x080B82BF	thumb	AnimTask_MoveTargetMementoShadow
0x080B82C0	0x080B843B	thumb	AnimTask_MoveTargetMementoShadow_Step
0x080B843C	0x080B856B	thumb	DoMementoShadowEffect
0x080B856C	0x080B85B7	thumb	SetAllBattlersSpritePriority
0x080B85B8	0x080B8663	thumb	AnimTask_InitMementoShadow
0x080B8664	0x080B86AF	thumb	AnimTask_MementoHandleBg
0x080B86B0	0x080B86EB	thumb	AnimClawSlash
0x080B86EC	0x080B891F	thumb	AnimTask_MetallicShine
0x080B8920	0x080B8A73	thumb	AnimTask_MetallicShine_Step
0x080B8A74	0x080B8B37	thumb	AnimTask_SetGrayscaleOrOriginalPal
0x080B8B38	0x080B8B6B	thumb	GetIsDoomDesireHitTurn
0x080B8B6C	0x080B8BD3	thumb	AnimBonemerangProjectile
0x080B8BD4	0x080B8C37	thumb	AnimBonemerangProjectile_Step
0x080B8C38	0x080B8C51	thumb	AnimBonemerangProjectile_End
0x080B8C54	0x080B8CC7	thumb	AnimBoneHitProjectile
0x080B8CC8	0x080B8D57	thumb	AnimDirtScatter
0x080B8D58	0x080B8DE7	thumb	AnimMudSportDirt
0x080B8DE8	0x080B8E21	thumb	AnimMudSportDirtRising
0x080B8E24	0x080B8E91	thumb	AnimMudSportDirtFalling
0x080B8E94	0x080B8ED3	thumb	AnimTask_DigDownMovement
0x080B8ED4	0x080B908B	thumb	AnimTask_DigBounceMovement
0x080B908C	0x080B90EB	thumb	AnimTask_DigDisappear
0x080B90EC	0x080B912B	thumb	AnimTask_DigUpMovement
0x080B912C	0x080B91AF	thumb	AnimTask_DigSetVisibleUnderground
0x080B91B0	0x080B92B7	thumb	AnimTask_DigRiseUpFromHole
0x080B92B8	0x080B9377	thumb	SetDigScanlineEffect
0x080B9378	0x080B93FF	thumb	AnimDirtPlumeParticle
0x080B9400	0x080B9419	thumb	AnimDirtPlumeParticle_Step
0x080B941C	0x080B94B3	thumb	AnimDigDirtMound
0x080B94B4	0x080B9583	thumb	AnimTask_HorizontalShake
0x080B9584	0x080B967B	thumb	AnimTask_ShakeTerrain
0x080B967C	0x080B975F	thumb	AnimTask_ShakeBattlers
0x080B9760	0x080B97D7	thumb	SetBattlersXOffsetForShake
0x080B97D8	0x080B97FF	thumb	AnimTask_IsPowerOver99
0x080B9800	0x080B98A7	thumb	AnimTask_PositionFissureBgOnBattler
0x080B98A8	0x080B9903	thumb	WaitForFissureCompletion
0x080B9904	0x080B996F	thumb	AnimConfusionDuck
0x080B9970	0x080B99D3	thumb	AnimConfusionDuck_Step
0x080B99D4	0x080B9A13	thumb	AnimSimplePaletteBlend
0x080B9A14	0x080B9A5B	thumb	UnpackSelectedBattlePalettes
0x080B9A5C	0x080B9A7B	thumb	AnimSimplePaletteBlend_Step
0x080B9A7C	0x080B9ACF	thumb	AnimComplexPaletteBlend
0x080B9AD0	0x080B9B59	thumb	AnimComplexPaletteBlend_Step1
0x080B9B5C	0x080B9B8B	thumb	AnimComplexPaletteBlend_Step2
0x080B9B8C	0x080B9BDB	thumb	AnimCirclingSparkle
0x080B9BDC	0x080B9C2B	thumb	AnimTask_BlendColorCycle
0x080B9C2C	0x080B9C7B	thumb	BlendColorCycle
0x080B9C7C	0x080B9CE3	thumb	AnimTask_BlendColorCycleLoop
0x080B9CE4	0x080B9D9F	thumb	AnimTask_BlendColorCycleExclude
0x080B9DA0	0x080B9DEF	thumb	BlendColorCycleExclude
0x080B9DF0	0x080B9E57	thumb	AnimTask_BlendColorCycleExcludeLoop
0x080B9E58	0x080B9EA7	thumb	AnimTask_BlendColorCycleByTag
0x080B9EA8	0x080B9F03	thumb	BlendColorCycleByTag
0x080B9F04	0x080B9F6B	thumb	AnimTask_BlendColorCycleByTagLoop
0x080B9F6C	0x080B9FD7	thumb	AnimTask_FlashAnimTagWithColor
0x080B9FD8	0x080BA08F	thumb	AnimTask_FlashAnimTagWithColor_Step1
0x080BA090	0x080BA0E7	thumb	AnimTask_FlashAnimTagWithColor_Step2
0x080BA0E8	0x080BA16B	thumb	AnimTask_InvertScreenColor
0x080BA16C	0x080BA27B	thumb	AnimTask_TintPalettes
0x080BA27C	0x080BA31F	thumb	AnimShakeMonOrBattleTerrain
0x080BA320	0x080BA3CB	thumb	AnimShakeMonOrBattleTerrain_Step
0x080BA3CC	0x080BA479	thumb	AnimShakeMonOrBattleTerrain_UpdateCoordOffsetEnabled
0x080BA47C	0x080BA4CF	thumb	AnimTask_ShakeBattleTerrain
0x080BA4D0	0x080BA55F	thumb	AnimTask_ShakeBattleTerrain_Step
0x080BA560	0x080BA5A7	thumb	AnimHitSplatBasic
0x080BA5A8	0x080BA5F7	thumb	AnimHitSplatPersistent
0x080BA5F8	0x080BA62F	thumb	AnimHitSplatHandleInvert
0x080BA630	0x080BA6C7	thumb	AnimHitSplatRandom
0x080BA6C8	0x080BA737	thumb	AnimHitSplatOnMonEdge
0x080BA738	0x080BA77F	thumb	AnimCrossImpact
0x080BA780	0x080BA7BB	thumb	AnimFlashingHitSplat
0x080BA7BC	0x080BA7F5	thumb	AnimFlashingHitSplat_Step
0x080BA7F8	0x080BA83B	thumb	AnimTask_BlendBattleAnimPal
0x080BA83C	0x080BA933	thumb	AnimTask_BlendBattleAnimPalExclude
0x080BA934	0x080BAA1F	thumb	AnimTask_SetCamouflageBlend
0x080BAA20	0x080BAA4B	thumb	AnimTask_BlendParticle
0x080BAA4C	0x080BAA8F	thumb	StartBlendAnimSpriteColor
0x080BAA90	0x080BAB37	thumb	AnimTask_BlendSpriteColor_Step2
0x080BAB38	0x080BAB77	thumb	AnimTask_HardwarePaletteFade
0x080BAB78	0x080BAB97	thumb	AnimTask_HardwarePaletteFade_Step
0x080BAB98	0x080BABCF	thumb	AnimTask_TraceMonBlended
0x080BABD0	0x080BACA7	thumb	AnimTask_TraceMonBlended_Step
0x080BACA8	0x080BACEB	thumb	AnimMonTrace
0x080BACEC	0x080BAF37	thumb	AnimTask_DrawFallingWhiteLinesOnAttacker
0x080BAF38	0x080BB087	thumb	AnimTask_DrawFallingWhiteLinesOnAttacker_Step
0x080BB088	0x080BB0D7	thumb	InitStatsChangeAnimation
0x080BB0D8	0x080BB29F	thumb	StatsChangeAnimation_Step1
0x080BB2A0	0x080BB4B7	thumb	StatsChangeAnimation_Step2
0x080BB4B8	0x080BB65F	thumb	StatsChangeAnimation_Step3
0x080BB660	0x080BB6CB	thumb	AnimTask_Flash
0x080BB6CC	0x080BB78F	thumb	AnimTask_Flash_Step
0x080BB790	0x080BB7DB	thumb	SetPalettesToColor
0x080BB7DC	0x080BB82B	thumb	AnimTask_BlendNonAttackerPalettes
0x080BB82C	0x080BB8A3	thumb	AnimTask_StartSlidingBg
0x080BB8A4	0x080BB91F	thumb	AnimTask_UpdateSlidingBg
0x080BB920	0x080BB94B	thumb	AnimTask_GetAttackerSide
0x080BB94C	0x080BB977	thumb	AnimTask_GetTargetSide
0x080BB978	0x080BB9AF	thumb	AnimTask_GetTargetIsAttackerPartner
0x080BB9B0	0x080BBA1F	thumb	AnimTask_SetAllNonAttackersInvisiblity
0x080BBA20	0x080BBC2B	thumb	StartMonScrollingBgMask
0x080BBC2C	0x080BBDEF	thumb	UpdateMonScrollingBgMask
0x080BBDF0	0x080BBE0F	thumb	AnimTask_GetBattleTerrain
0x080BBE10	0x080BBE3B	thumb	AnimTask_AllocBackupPalBuffer
0x080BBE3C	0x080BBE6B	thumb	AnimTask_FreeBackupPalBuffer
0x080BBE6C	0x080BBF07	thumb	AnimTask_CopyPalUnfadedToBackup
0x080BBF08	0x080BBFA3	thumb	AnimTask_CopyPalUnfadedFromBackup
0x080BBFA4	0x080BC02B	thumb	AnimTask_CopyPalFadedToUnfaded
0x080BC02C	0x080BC05F	thumb	AnimTask_IsContest
0x080BC060	0x080BC08F	thumb	AnimTask_SetAnimAttackerAndTargetForEffectTgt
0x080BC090	0x080BC0DB	thumb	AnimTask_IsTargetSameSide
0x080BC0DC	0x080BC0FB	thumb	AnimTask_SetAnimTargetToBattlerTarget
0x080BC0FC	0x080BC12B	thumb	AnimTask_SetAnimAttackerAndTargetForEffectAtk
0x080BC12C	0x080BC19B	thumb	AnimTask_SetAttackerInvisibleWaitForSignal
0x080BC19C	0x080BC1F7	thumb	AnimTask_WaitAndRestoreVisibility
0x080BC1F8	0x080BC30B	thumb	SetAnimBgAttribute
0x080BC30C	0x080BC39D	thumb	GetAnimBgAttribute
0x080BC3A0	0x080BC41B	thumb	HandleIntroSlide
0x080BC41C	0x080BC47B	thumb	BattleIntroSlideEnd
0x080BC47C	0x080BC6C7	thumb	BattleIntroSlide1
0x080BC6C8	0x080BC9D3	thumb	BattleIntroSlide2
0x080BC9D4	0x080BCC4B	thumb	BattleIntroSlide3
0x080BCC4C	0x080BCEF3	thumb	BattleIntroSlideLink
0x080BCEF4	0x080BCFCB	thumb	CopyBattlerSpriteToBg
0x080BCFCC	0x080BD09B	thumb	DrawBattlerOnBgDMA
0x080BD09C	0x080BD0D3	thumb	MovePlayerOnBike
0x080BD0D4	0x080BD0FF	thumb	GetBikeTransitionId
0x080BD100	0x080BD1C7	thumb	BikeInputHandler_Normal
0x080BD1C8	0x080BD1E7	thumb	BikeInputHandler_Turning
0x080BD1E8	0x080BD27B	thumb	BikeInputHandler_Slope
0x080BD27C	0x080BD289	thumb	BikeTransition_FaceDirection
0x080BD28C	0x080BD2C7	thumb	BikeTransition_TurnDirection
0x080BD2C8	0x080BD355	thumb	BikeTransition_MoveDirection
0x080BD358	0x080BD37D	thumb	BikeTransition_Downhill
0x080BD380	0x080BD39D	thumb	BikeTransition_Uphill
0x080BD3A0	0x080BD40B	thumb	GetBikeCollision
0x080BD40C	0x080BD45F	thumb	GetBikeCollisionAt
0x080BD460	0x080BD485	thumb	RS_IsRunningDisallowed
0x080BD488	0x080BD4B5	thumb	IsRunningDisallowed
0x080BD4B8	0x080BD4ED	thumb	MetatileBehaviorForbidsBiking
0x080BD4F0	0x080BD53D	thumb	CanBikeFaceDirectionOnRail
0x080BD540	0x080BD589	thumb	IsBikingDisallowedByPlayer
0x080BD58C	0x080BD5C5	thumb	IsPlayerNotUsingAcroBikeOnBumpySlope
0x080BD5C8	0x080BD61D	thumb	GetOnOffBike
0x080BD620	0x080BD64F	thumb	BikeClearState
0x080BD650	0x080BD663	thumb	Bike_UpdateBikeCounterSpeed
0x080BD664	0x080BD673	thumb	Bike_SetBikeStill
0x080BD674	0x080BD6C3	thumb	GetPlayerSpeed
0x080BD6C4	0x080BD717	thumb	Bike_HandleBumpySlopeJump
0x080BD718	0x080BD751	thumb	IsECGroupUnlocked
0x080BD754	0x080BD78B	thumb	EasyChat_GetNumWordsInGroup
0x080BD78C	0x080BD7F7	thumb	IsECWordInvalid
0x080BD7F8	0x080BD84F	thumb	GetEasyChatWord
0x080BD850	0x080BD89B	thumb	CopyEasyChatWord
0x080BD89C	0x080BD92B	thumb	ConvertEasyChatWordsToString
0x080BD92C	0x080BD973	thumb	GetEasyChatWordStringLength
0x080BD974	0x080BD9E7	thumb	EC_DoesEasyChatStringFitOnLine
0x080BD9E8	0x080BDA3F	thumb	GetRandomWordFromGroup
0x080BDA40	0x080BDA79	thumb	GetRandomWordFromAnyGroup
0x080BDA7C	0x080BDB1B	thumb	ShowEasyChatMessage
0x080BDB1C	0x080BDB47	thumb	BufferRandomHobbyOrLifestyleString
0x080BDB48	0x080BDB6F	thumb	IsTrendySayingUnlocked
0x080BDB70	0x080BDB9F	thumb	EnableRareWord
0x080BDBA0	0x080BDBC9	thumb	GetNumUnlockedTrendySayings
0x080BDBCC	0x080BDC3F	thumb	UnlockRandomTrendySaying
0x080BDC40	0x080BDCA7	thumb	GetRandomUnlockedTrendySaying
0x080BDCA8	0x080BDCB5	thumb	EC_IsNationalPokedexEnabled
0x080BDCB8	0x080BDD33	thumb	GetRandomECPokemon
0x080BDD34	0x080BDE27	thumb	InitEasyChatPhrases
0x080BDE28	0x080BDE43	thumb	InitQuestionnaireWords
0x080BDE44	0x080BDE6F	thumb	InitEasyChatSelection
0x080BDE70	0x080BDE87	thumb	DestroyEasyChatSelectionData
0x080BDE88	0x080BDF37	thumb	PopulateECGroups
0x080BDF38	0x080BDF43	thumb	GetNumDisplayableGroups
0x080BDF44	0x080BDF69	thumb	GetSelectedGroupByIndex
0x080BDF6C	0x080BDFAF	thumb	BufferEasyChatWordGroupName
0x080BDFB0	0x080BDFBF	thumb	GetEasyChatWordGroupName
0x080BDFC0	0x080BDFF7	thumb	CopyEasyChatWordPadded
0x080BDFF8	0x080BE16B	thumb	PopulateAlphabeticalGroups
0x080BE16C	0x080BE19B	thumb	GetUnlockedECWords
0x080BE19C	0x080BE1D3	thumb	GetDisplayedWordByIndex
0x080BE1D4	0x080BE1E7	thumb	GetNumDisplayedWords
0x080BE1E8	0x080BE2F7	thumb	GetUnlockedWordsInECGroup
0x080BE2F8	0x080BE36B	thumb	GetUnlockedWordsInAlphabeticalGroup
0x080BE36C	0x080BE3A3	thumb	IsGroupSelectable
0x080BE3A4	0x080BE417	thumb	UnlockedECMonOrMove
0x080BE418	0x080BE43D	thumb	EC_IsDeoxys
0x080BE440	0x080BE46B	thumb	IsWordUnlocked
0x080BE46C	0x080BE477	thumb	InitMonMarkingsMenu
0x080BE478	0x080BE4BF	thumb	BufferMenuWindowTiles
0x080BE4C0	0x080BE5EF	thumb	BufferMenuFrameTiles
0x080BE5F0	0x080BE603	thumb	BufferMonMarkingsMenuTiles
0x080BE604	0x080BE657	thumb	OpenMonMarkingsMenu
0x080BE658	0x080BE6EF	thumb	FreeMonMarkingsMenu
0x080BE6F0	0x080BE7C9	thumb	HandleMonMarkingsMenuInput
0x080BE7CC	0x080BEA87	thumb	CreateMonMarkingsMenuSprites
0x080BEA88	0x080BEA89	thumb	SpriteCB_Dummy
0x080BEA8C	0x080BEAC5	thumb	SpriteCB_Marking
0x080BEAC8	0x080BEADF	thumb	SpriteCB_Cursor
0x080BEAE0	0x080BEAFF	thumb	CreateMonMarkingAllCombosSprite
0x080BEB00	0x080BEB1F	thumb	CreateMonMarkingComboSprite
0x080BEB20	0x080BEBCF	thumb	CreateMarkingComboSprite
0x080BEBD0	0x080BEBEB	thumb	UpdateMonMarkingTiles
0x080BEBEC	0x080BED17	thumb	ReadMail
0x080BED18	0x080BF10F	thumb	DoInitMailView
0x080BF110	0x080BF13B	thumb	CB2_InitMailView
0x080BF13C	0x080BF223	thumb	BufferMailMessage
0x080BF224	0x080BF353	thumb	AddMailMessagePrinters
0x080BF354	0x080BF365	thumb	VBlankCB_ShowMail
0x080BF368	0x080BF393	thumb	CB2_RunShowMailCB
0x080BF394	0x080BF3B7	thumb	ShowMailCB_WaitFadeIn
0x080BF3B8	0x080BF3F3	thumb	ShowMailCB_WaitButton
0x080BF3F4	0x080BF473	thumb	ShowMailCB_Teardown
0x080BF474	0x080BF517	thumb	DisplayMessageAndContinueTask
0x080BF518	0x080BF533	thumb	RunTextPrinters_CheckActive
0x080BF534	0x080BF55F	thumb	Task_ContinueTaskAfterMessagePrints
0x080BF560	0x080BF5CF	thumb	Task_CallYesOrNoCallback
0x080BF5D0	0x080BF62F	thumb	CreateYesNoMenuWithCallbacks
0x080BF630	0x080BF66B	thumb	GetLRKeysPressed
0x080BF66C	0x080BF6A7	thumb	GetLRKeysPressedAndHeld
0x080BF6A8	0x080BF6D5	thumb	IsHoldingItemAllowed
0x080BF6D8	0x080BF707	thumb	IsWritingMailAllowed
0x080BF708	0x080BF729	thumb	MenuHelpers_IsLinkActive
0x080BF72C	0x080BF747	thumb	IsActiveOverworldLinkBusy
0x080BF748	0x080BF767	thumb	MenuHelpers_ShouldWaitForLinkRecv
0x080BF768	0x080BF779	thumb	SetVBlankHBlankCallbacksToNull
0x080BF77C	0x080BF7C7	thumb	ResetVramOamAndBgCntRegs
0x080BF7C8	0x080BF845	thumb	ResetAllBgsCoordinatesAndBgCntRegs
0x080BF848	0x080BF8E1	thumb	AdjustQuantityAccordingToDPadInput
0x080BF8E4	0x080BF8F9	thumb	GetDialogBoxFontId
0x080BF8FC	0x080BF93B	thumb	ChoosePartyMon
0x080BF93C	0x080BF97B	thumb	ChooseMonForMoveRelearner
0x080BF97C	0x080BF9BB	thumb	Task_ChoosePartyMon
0x080BF9BC	0x080BFA07	thumb	SelectMoveDeleterMove
0x080BFA08	0x080BFA4F	thumb	GetNumMovesSelectedMonHas
0x080BFA50	0x080BFAA7	thumb	BufferMoveDeleterNicknameAndMove
0x080BFAA8	0x080BFBA7	thumb	ShiftMoveSlot
0x080BFBA8	0x080BFC13	thumb	MoveDeleterForgetMove
0x080BFC14	0x080BFC4F	thumb	IsSelectedMonEgg
0x080BFC50	0x080BFC87	thumb	GetHealLocationIndexFromMapGroupAndNum
0x080BFC88	0x080BFCAD	thumb	GetHealLocationPointerFromMapGroupAndNum
0x080BFCB0	0x080BFCCD	thumb	GetHealLocation
0x080BFCD0	0x080BFDFF	thumb	SetWhiteoutRespawnWarpAndHealerNpc
0x080BFE00	0x080BFE17	thumb	SetWhiteoutRespawnHealerNpcAsLastTalked
0x080BFE18	0x080BFE9F	thumb	RegionMap_DarkenPalette
0x080BFEA0	0x080BFEDB	thumb	TintMapEdgesPalette
0x080BFEDC	0x080BFF4F	thumb	InitRegionMap
0x080BFF50	0x080BFFCF	thumb	InitRegionMapWithExitCB
0x080BFFD0	0x080C00FF	thumb	InitRegionMapType
0x080C0100	0x080C0237	thumb	CB2_OpenRegionMap
0x080C0238	0x080C03E7	thumb	LoadRegionMapGfx
0x080C03E8	0x080C040F	thumb	CreateMainMapTask
0x080C0410	0x080C044D	thumb	SelectedMapsecSEEnabled
0x080C0450	0x080C04E3	thumb	PlaySEForSelectedMapsec
0x080C04E4	0x080C07CF	thumb	Task_RegionMap
0x080C07D0	0x080C07E3	thumb	SetMainMapTask
0x080C07E4	0x080C07F7	thumb	GetMainMapTask
0x080C07F8	0x080C081F	thumb	SaveMainMapTask
0x080C0820	0x080C0897	thumb	FreeRegionMap
0x080C0898	0x080C08B3	thumb	FreeRegionMapForFlyMap
0x080C08B4	0x080C08C9	thumb	CB2_RegionMap
0x080C08CC	0x080C08DD	thumb	VBlankCB_RegionMap
0x080C08E0	0x080C08F1	thumb	NullVBlankHBlankCallbacks
0x080C08F4	0x080C0903	thumb	SetRegionMapVBlankCB
0x080C0904	0x080C0A2B	thumb	InitRegionMapBgs
0x080C0A2C	0x080C0A6B	thumb	SetBgTilemapBuffers
0x080C0A6C	0x080C0A85	thumb	ResetOamForRegionMap
0x080C0A88	0x080C0AB5	thumb	SetBg0andBg3Hidden
0x080C0AB8	0x080C0B17	thumb	UpdateMapsecNameBox
0x080C0B18	0x080C0B9B	thumb	DisplayCurrentMapName
0x080C0B9C	0x080C0BAF	thumb	DrawDungeonNameBox
0x080C0BB0	0x080C0C9F	thumb	DisplayCurrentDungeonName
0x080C0CA0	0x080C0CC5	thumb	ClearMapsecNameText
0x080C0CC8	0x080C0E03	thumb	BufferRegionMapBg
0x080C0E04	0x080C0E1F	thumb	GetRegionMapPermission
0x080C0E20	0x080C0E33	thumb	GetSelectedRegionMap
0x080C0E34	0x080C0E47	thumb	GetRegionMapPlayerIsOn
0x080C0E48	0x080C0E5B	thumb	SetSelectedRegionMap
0x080C0E5C	0x080C0E6F	thumb	SetRegionMapPlayerIsOn
0x080C0E70	0x080C0FDF	thumb	InitSwitchMapMenu
0x080C0FE0	0x080C1013	thumb	ResetGpuRegsForSwitchMapMenu
0x080C1014	0x080C1057	thumb	FadeSwitchMapMenuIn
0x080C1058	0x080C1097	thumb	FadeSwitchMapMenuOut
0x080C1098	0x080C127F	thumb	Task_SwitchMapMenu
0x080C1280	0x080C12EB	thumb	FreeSwitchMapMenu
0x080C12EC	0x080C1321	thumb	BrightenScreenForSwitchMapMenu
0x080C1324	0x080C138F	thumb	LoadSwitchMapTilemap
0x080C1390	0x080C144B	thumb	SetGpuRegsToDimScreen
0x080C144C	0x080C1477	thumb	DimScreenForSwitchMapMenu
0x080C1478	0x080C16B7	thumb	HandleSwitchMapInput
0x080C16B8	0x080C16CF	thumb	SpriteCB_SwitchMapCursor
0x080C16D0	0x080C1753	thumb	CreateSwitchMapCursor
0x080C1754	0x080C1769	thumb	CreateSwitchMapCursorSubsprite
0x080C176C	0x080C187F	thumb	CreateSwitchMapCursorSubsprite_
0x080C1880	0x080C18DF	thumb	FreeSwitchMapCursor
0x080C18E0	0x080C191F	thumb	GetDungeonFlavorText
0x080C1920	0x080C195B	thumb	GetDungeonName
0x080C195C	0x080C19FB	thumb	InitDungeonMapPreview
0x080C19FC	0x080C1A93	thumb	LoadMapPreviewGfx
0x080C1A94	0x080C1BDF	thumb	Task_DungeonMapPreview
0x080C1BE0	0x080C1E13	thumb	Task_DrawDungeonMapPreviewFlavorText
0x080C1E14	0x080C1E77	thumb	FreeDungeonMapPreview
0x080C1E78	0x080C1E93	thumb	CopyMapPreviewTilemapToBgTilemapBuffer
0x080C1E94	0x080C1F7F	thumb	InitScreenForDungeonMapPreview
0x080C1F80	0x080C2107	thumb	UpdateDungeonMapPreview
0x080C2108	0x080C2109	thumb	SpriteCB_MapEdge
0x080C210C	0x080C2207	thumb	CreateMapEdgeSprite
0x080C2208	0x080C22C3	thumb	InitMapOpenAnim
0x080C22C4	0x080C2343	thumb	SetMapEdgeInvisibility
0x080C2344	0x080C24BB	thumb	LoadMapEdgeGfx
0x080C24BC	0x080C253B	thumb	InitScreenForMapOpenAnim
0x080C253C	0x080C2593	thumb	SetGpuRegsToFadeMapToWhite
0x080C2594	0x080C25BB	thumb	FinishMapOpenAnim
0x080C25BC	0x080C2603	thumb	FreeMapOpenCloseAnim
0x080C2604	0x080C267B	thumb	FreeMapEdgeSprites
0x080C267C	0x080C29A1	thumb	Task_MapOpenAnim
0x080C29A4	0x080C2B47	thumb	MoveMapEdgesOutward
0x080C2B48	0x080C2B9B	thumb	SetGpuWindowDimsToMapEdges
0x080C2B9C	0x080C2C1B	thumb	InitScreenForMapCloseAnim
0x080C2C1C	0x080C2C37	thumb	DoMapCloseAnim
0x080C2C38	0x080C2C79	thumb	CreateMapEdgeSprites
0x080C2C7C	0x080C2E1B	thumb	Task_MapCloseAnim
0x080C2E1C	0x080C2FBF	thumb	MoveMapEdgesInward
0x080C2FC0	0x080C3007	thumb	SpriteCB_MapCursor
0x080C3008	0x080C309B	thumb	CreateMapCursor
0x080C309C	0x080C3153	thumb	CreateMapCursorSprite
0x080C3154	0x080C3177	thumb	SetMapCursorInvisibility
0x080C3178	0x080C3187	thumb	ResetCursorSnap
0x080C3188	0x080C31BF	thumb	FreeMapCursor
0x080C31C0	0x080C3347	thumb	HandleRegionMapInput
0x080C3348	0x080C33FF	thumb	MoveMapCursor
0x080C3400	0x080C3417	thumb	GetRegionMapInput
0x080C3418	0x080C3507	thumb	SnapToIconOrButton
0x080C3508	0x080C3513	thumb	GetMapCursorX
0x080C3514	0x080C351F	thumb	GetMapCursorY
0x080C3520	0x080C357F	thumb	GetMapsecUnderCursor
0x080C3580	0x080C35DB	thumb	GetDungeonMapsecUnderCursor
0x080C35DC	0x080C3875	thumb	GetMapsecType
0x080C3878	0x080C3AC5	thumb	GetDungeonMapsecType
0x080C3AC8	0x080C3AFF	thumb	GetSelectedMapsecType
0x080C3B00	0x080C3B27	thumb	GetPlayerCurrentMapSectionId
0x080C3B28	0x080C3D3F	thumb	GetPlayerPositionOnRegionMap
0x080C3D40	0x080C4163	thumb	GetPlayerPositionOnRegionMap_HandleOverrides
0x080C4164	0x080C41D7	thumb	GetSelectedMapSection
0x080C41D8	0x080C4243	thumb	CreatePlayerIcon
0x080C4244	0x080C4323	thumb	CreatePlayerIconSprite
0x080C4324	0x080C4347	thumb	SetPlayerIconInvisibility
0x080C4348	0x080C437F	thumb	FreePlayerIcon
0x080C4380	0x080C438B	thumb	GetPlayerIconX
0x080C438C	0x080C4397	thumb	GetPlayerIconY
0x080C4398	0x080C440B	thumb	InitMapIcons
0x080C440C	0x080C44E3	thumb	LoadMapIcons
0x080C44E4	0x080C450B	thumb	FinishMapIconLoad
0x080C450C	0x080C4613	thumb	CreateFlyIconSprite
0x080C4614	0x080C474F	thumb	CreateDungeonIconSprite
0x080C4750	0x080C47EF	thumb	CreateFlyIcons
0x080C47F0	0x080C48BB	thumb	CreateDungeonIcons
0x080C48BC	0x080C495F	thumb	SetFlyIconInvisibility
0x080C4960	0x080C4A03	thumb	SetDungeonIconInvisibility
0x080C4A04	0x080C4AAB	thumb	FreeMapIcons
0x080C4AAC	0x080C4B2F	thumb	SaveRegionMapGpuRegs
0x080C4B30	0x080C4BB5	thumb	SetRegionMapGpuRegs
0x080C4BB8	0x080C4BE3	thumb	FreeRegionMapGpuRegs
0x080C4BE4	0x080C4C2B	thumb	ResetGpuRegs
0x080C4C2C	0x080C4C47	thumb	SetBldCnt
0x080C4C48	0x080C4C59	thumb	SetBldY
0x080C4C5C	0x080C4C73	thumb	SetBldAlpha
0x080C4C74	0x080C4C87	thumb	SetWinIn
0x080C4C88	0x080C4C99	thumb	SetWinOut
0x080C4C9C	0x080C4CEF	thumb	SetDispCnt
0x080C4CF0	0x080C4D2F	thumb	SetGpuWindowDims
0x080C4D30	0x080C4D3D	thumb	FreeAndResetGpuRegs
0x080C4D40	0x080C4D75	thumb	IsCeladonDeptStoreMapsec
0x080C4D78	0x080C4DF7	thumb	GetMapName
0x080C4DF8	0x080C4E07	thumb	GetMapNameGeneric
0x080C4E08	0x080C4E15	thumb	GetMapNameGeneric_
0x080C4E18	0x080C4E73	thumb	PrintTopBarTextLeft
0x080C4E74	0x080C4ECF	thumb	PrintTopBarTextRight
0x080C4ED0	0x080C4EF5	thumb	ClearOrDrawTopBar
0x080C4EF8	0x080C4F07	thumb	CB2_OpenFlyMap
0x080C4F08	0x080C51E7	thumb	Task_FlyMap
0x080C51E8	0x080C5207	thumb	InitFlyMap
0x080C5208	0x080C527B	thumb	FreeFlyMap
0x080C527C	0x080C52CF	thumb	SetFlyWarpDestination
0x080C52D0	0x080C545B	thumb	ApplyImageProcessingEffects
0x080C545C	0x080C5513	thumb	ApplyImageEffect_RedChannelGrayscale
0x080C5514	0x080C55D3	thumb	ApplyImageEffect_RedChannelGrayscaleHighlight
0x080C55D4	0x080C55F3	thumb	ApplyImageEffect_Pointillism
0x080C55F4	0x080C568B	thumb	ApplyImageEffect_Grayscale
0x080C568C	0x080C5747	thumb	ApplyImageEffect_Blur
0x080C5748	0x080C57EB	thumb	ApplyImageEffect_PersonalityColor
0x080C57EC	0x080C5883	thumb	ApplyImageEffect_BlackAndWhite
0x080C5884	0x080C59D3	thumb	ApplyImageEffect_BlackOutline
0x080C59D4	0x080C5A6B	thumb	ApplyImageEffect_Invert
0x080C5A6C	0x080C5B9B	thumb	ApplyImageEffect_Shimmer
0x080C5B9C	0x080C5C43	thumb	ApplyImageEffect_BlurRight
0x080C5C44	0x080C5CF7	thumb	ApplyImageEffect_BlurDown
0x080C5CF8	0x080C5EC9	thumb	AddPointillismPoints
0x080C5ECC	0x080C5EFF	thumb	ConvertColorToGrayscale
0x080C5F00	0x080C5F3B	thumb	QuantizePixel_PersonalityColor
0x080C5F3C	0x080C600B	thumb	GetColorFromPersonality
0x080C600C	0x080C603B	thumb	QuantizePixel_BlackAndWhite
0x080C603C	0x080C606B	thumb	QuantizePixel_BlackOutline
0x080C606C	0x080C6097	thumb	QuantizePixel_Invert
0x080C6098	0x080C61BB	thumb	QuantizePixel_MotionBlur
0x080C61BC	0x080C62DB	thumb	QuantizePixel_Blur
0x080C62DC	0x080C63F9	thumb	QuantizePixel_BlurHard
0x080C63FC	0x080C6547	thumb	ConvertImageProcessingToGBA
0x080C6548	0x080C6611	thumb	ApplyImageProcessingQuantization
0x080C6614	0x080C66BB	thumb	SetPresetPalette_PrimaryColors
0x080C66BC	0x080C66D7	thumb	SetPresetPalette_BlackAndWhite
0x080C66D8	0x080C6713	thumb	SetPresetPalette_GrayscaleSmall
0x080C6714	0x080C6747	thumb	SetPresetPalette_Grayscale
0x080C6748	0x080C689F	thumb	QuantizePalette_Standard
0x080C68A0	0x080C6957	thumb	QuantizePalette_BlackAndWhite
0x080C6958	0x080C6A07	thumb	QuantizePalette_GrayscaleSmall
0x080C6A08	0x080C6AB7	thumb	QuantizePalette_Grayscale
0x080C6AB8	0x080C6B67	thumb	QuantizePalette_PrimaryColors
0x080C6B68	0x080C6BDB	thumb	QuantizePixel_Standard
0x080C6BDC	0x080C6CA9	thumb	QuantizePixel_PrimaryColors
0x080C6CAC	0x080C6CDD	thumb	QuantizePixel_GrayscaleSmall
0x080C6CE0	0x080C6D0B	thumb	QuantizePixel_Grayscale
0x080C6D0C	0x080C6D9F	thumb	BattleAI_HandleItemUseBeforeAISetup
0x080C6DA0	0x080C6F43	thumb	BattleAI_SetupAIData
0x080C6F44	0x080C7035	thumb	BattleAI_ChooseMoveOrAction
0x080C7038	0x080C7161	thumb	BattleAI_DoAIProcessing
0x080C7164	0x080C71A7	thumb	RecordLastUsedMoveByTarget
0x080C71A8	0x080C71CF	thumb	ClearBattlerMoveHistory
0x080C71D0	0x080C7207	thumb	RecordAbilityBattle
0x080C7208	0x080C723F	thumb	RecordItemEffectBattle
0x080C7240	0x080C727F	thumb	Cmd_if_random_less_than
0x080C7280	0x080C72BF	thumb	Cmd_if_random_greater_than
0x080C72C0	0x080C72FF	thumb	Cmd_if_random_equal
0x080C7300	0x080C733F	thumb	Cmd_if_random_not_equal
0x080C7340	0x080C7383	thumb	Cmd_score
0x080C7384	0x080C73E9	thumb	Cmd_if_hp_less_than
0x080C73EC	0x080C7451	thumb	Cmd_if_hp_more_than
0x080C7454	0x080C74B9	thumb	Cmd_if_hp_equal
0x080C74BC	0x080C7521	thumb	Cmd_if_hp_not_equal
0x080C7524	0x080C7597	thumb	Cmd_if_status
0x080C7598	0x080C760B	thumb	Cmd_if_not_status
0x080C760C	0x080C767F	thumb	Cmd_if_status2
0x080C7680	0x080C76F3	thumb	Cmd_if_not_status2
0x080C76F4	0x080C7763	thumb	Cmd_if_status3
0x080C7764	0x080C77D3	thumb	Cmd_if_not_status3
0x080C77D4	0x080C784F	thumb	Cmd_if_side_affecting
0x080C7850	0x080C78CB	thumb	Cmd_if_not_side_affecting
0x080C78CC	0x080C7907	thumb	Cmd_if_less_than
0x080C7908	0x080C7943	thumb	Cmd_if_more_than
0x080C7944	0x080C797F	thumb	Cmd_if_equal
0x080C7980	0x080C79BB	thumb	Cmd_if_not_equal
0x080C79BC	0x080C7A0D	thumb	Cmd_if_less_than_ptr
0x080C7A10	0x080C7A61	thumb	Cmd_if_more_than_ptr
0x080C7A64	0x080C7AB5	thumb	Cmd_if_equal_ptr
0x080C7AB8	0x080C7B09	thumb	Cmd_if_not_equal_ptr
0x080C7B0C	0x080C7B4F	thumb	Cmd_if_move
0x080C7B50	0x080C7B93	thumb	Cmd_if_not_move
0x080C7B94	0x080C7BFB	thumb	Cmd_if_in_bytes
0x080C7BFC	0x080C7C65	thumb	Cmd_if_not_in_bytes
0x080C7C68	0x080C7CD3	thumb	Cmd_if_in_hwords
0x080C7CD4	0x080C7D41	thumb	Cmd_if_not_in_hwords
0x080C7D44	0x080C7DB1	thumb	Cmd_if_user_has_attacking_move
0x080C7DB4	0x080C7E21	thumb	Cmd_if_user_has_no_attacking_moves
0x080C7E24	0x080C7E47	thumb	Cmd_get_turn_count
0x080C7E48	0x080C7F37	thumb	Cmd_get_type
0x080C7F38	0x080C7F63	thumb	Cmd_get_considered_move_power
0x080C7F64	0x080C8167	thumb	Cmd_get_how_powerful_move_is
0x080C8168	0x080C81BF	thumb	Cmd_get_last_used_battler_move
0x080C81C0	0x080C81FB	thumb	Cmd_if_equal_
0x080C81FC	0x080C8237	thumb	Cmd_if_not_equal_
0x080C8238	0x080C8283	thumb	Cmd_if_would_go_first
0x080C8284	0x080C82CF	thumb	Cmd_if_would_not_go_first
0x080C82D0	0x080C82D1	thumb	Cmd_nullsub_2A
0x080C82D4	0x080C82D5	thumb	Cmd_nullsub_2B
0x080C82D8	0x080C83D3	thumb	Cmd_count_alive_pokemon
0x080C83D4	0x080C83EF	thumb	Cmd_get_considered_move
0x080C83F0	0x080C841B	thumb	Cmd_get_considered_move_effect
0x080C841C	0x080C8533	thumb	Cmd_get_ability
0x080C8534	0x080C861F	thumb	Cmd_get_highest_type_effectiveness
0x080C8620	0x080C86ED	thumb	Cmd_if_type_effectiveness
0x080C86F0	0x080C86F1	thumb	Cmd_nullsub_32
0x080C86F4	0x080C86F5	thumb	Cmd_nullsub_33
0x080C86F8	0x080C87BB	thumb	Cmd_if_status_in_party
0x080C87BC	0x080C887F	thumb	Cmd_if_status_not_in_party
0x080C8880	0x080C88EB	thumb	Cmd_get_weather
0x080C88EC	0x080C8937	thumb	Cmd_if_effect
0x080C8938	0x080C8983	thumb	Cmd_if_not_effect
0x080C8984	0x080C89EB	thumb	Cmd_if_stat_level_less_than
0x080C89EC	0x080C8A53	thumb	Cmd_if_stat_level_more_than
0x080C8A54	0x080C8ABB	thumb	Cmd_if_stat_level_equal
0x080C8ABC	0x080C8B23	thumb	Cmd_if_stat_level_not_equal
0x080C8B24	0x080C8C1F	thumb	Cmd_if_can_faint
0x080C8C20	0x080C8D03	thumb	Cmd_if_cant_faint
0x080C8D04	0x080C8DDD	thumb	Cmd_if_has_move
0x080C8DE0	0x080C8EB9	thumb	Cmd_if_doesnt_have_move
0x080C8EBC	0x080C8FAF	thumb	Cmd_if_has_move_with_effect
0x080C8FB0	0x080C9087	thumb	Cmd_if_doesnt_have_move_with_effect
0x080C9088	0x080C910D	thumb	Cmd_if_any_move_disabled_or_encored
0x080C9110	0x080C919D	thumb	Cmd_if_curr_move_disabled_or_encored
0x080C91A0	0x080C91B3	thumb	Cmd_flee
0x080C91B4	0x080C924F	thumb	Cmd_if_random_safari_flee
0x080C9250	0x080C9263	thumb	Cmd_watch
0x080C9264	0x080C92E3	thumb	Cmd_get_hold_effect
0x080C92E4	0x080C933B	thumb	Cmd_get_gender
0x080C933C	0x080C9387	thumb	Cmd_is_first_turn_for
0x080C9388	0x080C93D3	thumb	Cmd_get_stockpile_count
0x080C93D4	0x080C93FB	thumb	Cmd_is_double_battle
0x080C93FC	0x080C9447	thumb	Cmd_get_used_held_item
0x080C9448	0x080C9473	thumb	Cmd_get_move_type_from_result
0x080C9474	0x080C949F	thumb	Cmd_get_move_power_from_result
0x080C94A0	0x080C94CB	thumb	Cmd_get_move_effect_from_result
0x080C94CC	0x080C9517	thumb	Cmd_get_protect_count
0x080C9518	0x080C9519	thumb	Cmd_nullsub_52
0x080C951C	0x080C951D	thumb	Cmd_nullsub_53
0x080C9520	0x080C9521	thumb	Cmd_nullsub_54
0x080C9524	0x080C9525	thumb	Cmd_nullsub_55
0x080C9528	0x080C9529	thumb	Cmd_nullsub_56
0x080C952C	0x080C952D	thumb	Cmd_nullsub_57
0x080C9530	0x080C955F	thumb	Cmd_call
0x080C9560	0x080C957F	thumb	Cmd_goto
0x080C9580	0x080C95A3	thumb	Cmd_end
0x080C95A4	0x080C9679	thumb	Cmd_if_level_compare
0x080C967C	0x080C96CB	thumb	Cmd_if_target_taunted
0x080C96CC	0x080C971B	thumb	Cmd_if_target_not_taunted
0x080C971C	0x080C973F	thumb	AIStackPushVar
0x080C9740	0x080C9767	thumb	AIStackPushVar_cursor
0x080C9768	0x080C97A7	thumb	AIStackPop
0x080C97A8	0x080C97FB	thumb	CheckObjectGraphicsInFrontOfPlayer
0x080C97FC	0x080C981F	thumb	CreateFieldEffectShowMon
0x080C9820	0x080C98AF	thumb	Task_FieldEffectShowMon_Init
0x080C98B0	0x080C98FB	thumb	Task_FieldEffectShowMon_WaitPlayerAnim
0x080C98FC	0x080C999F	thumb	Task_FieldEffectShowMon_WaitFldeff
0x080C99A0	0x080C99D7	thumb	Task_FieldEffectShowMon_Cleanup
0x080C99D8	0x080C9A0F	thumb	SetUpFieldMove_RockSmash
0x080C9A10	0x080C9A2F	thumb	FieldCallback_UseRockSmash
0x080C9A30	0x080C9A5F	thumb	FldEff_UseRockSmash
0x080C9A60	0x080C9A75	thumb	StartRockSmashFieldEffect
0x080C9A78	0x080C9AAB	thumb	SetUpFieldMove_Dig
0x080C9AAC	0x080C9ACB	thumb	FieldCallback_Dig
0x080C9ACC	0x080C9AFB	thumb	FldEff_UseDig
0x080C9AFC	0x080C9B2B	thumb	StartDigFieldEffect
0x080C9B2C	0x080C9B71	thumb	SetUpFieldMove_Flash
0x080C9B74	0x080C9BAF	thumb	FieldCallback_Flash
0x080C9BB0	0x080C9BCF	thumb	FldEff_UseFlash
0x080C9BD0	0x080C9BE5	thumb	CB2_ChangeMapMain
0x080C9BE8	0x080C9BF9	thumb	VBC_ChangeMapVBlank
0x080C9BFC	0x080C9CE7	thumb	CB2_DoChangeMap
0x080C9CE8	0x080C9D7B	thumb	TryDoMapTransition
0x080C9D7C	0x080C9DCB	thumb	MapTransitionIsEnter
0x080C9DCC	0x080C9E1B	thumb	MapTransitionIsExit
0x080C9E1C	0x080C9E2F	thumb	FlashTransition_Exit
0x080C9E30	0x080C9E4B	thumb	Task_FlashTransition_Exit_0
0x080C9E4C	0x080C9EEF	thumb	Task_FlashTransition_Exit_1
0x080C9EF0	0x080C9F37	thumb	Task_FlashTransition_Exit_2
0x080C9F38	0x080C9F9F	thumb	Task_FlashTransition_Exit_3
0x080C9FA0	0x080C9FD3	thumb	Task_FlashTransition_Exit_4
0x080C9FD4	0x080C9FE7	thumb	FlashTransition_Enter
0x080C9FE8	0x080CA003	thumb	Task_FlashTransition_Enter_0
0x080CA004	0x080CA0A3	thumb	Task_FlashTransition_Enter_1
0x080CA0A4	0x080CA107	thumb	Task_FlashTransition_Enter_2
0x080CA108	0x080CA15F	thumb	Task_FlashTransition_Enter_3
0x080CA160	0x080CA18F	thumb	RunMapPreviewScreen
0x080CA190	0x080CA2E3	thumb	Task_MapPreviewScreen_0
0x080CA2E4	0x080CA3C3	thumb	EnterHallOfFame
0x080CA3C4	0x080CA3D7	thumb	SetCB2WhiteOut
0x080CA3D8	0x080CA423	thumb	GetPokedexCount
0x080CA424	0x080CA523	thumb	GetProfOaksRatingMessageByCount
0x080CA524	0x080CA53B	thumb	GetProfOaksRatingMessage
0x080CA53C	0x080CA573	thumb	Task_WaitFadeAndSetCallback
0x080CA574	0x080CA59F	thumb	HallOfFamePCBeginFade
0x080CA5A0	0x080CA5BF	thumb	ReturnFromHallOfFamePC
0x080CA5C0	0x080CA5F7	thumb	ReshowPCMenuAfterHallOfFamePC
0x080CA5F8	0x080CA617	thumb	Task_WaitForPaletteFade
0x080CA618	0x080CA62F	thumb	ShowDiploma
0x080CA630	0x080CA65F	thumb	ForcePlayerOntoBike
0x080CA660	0x080CA661	thumb	ResetCyclingRoadChallengeData
0x080CA664	0x080CA68B	thumb	GetPlayerAvatarBike
0x080CA68C	0x080CA69B	thumb	ShowFieldMessageStringVar4
0x080CA69C	0x080CA6BB	thumb	GetPlayerXY
0x080CA6BC	0x080CA6DB	thumb	GetPlayerTrainerIdOnesDigit
0x080CA6DC	0x080CA713	thumb	BufferBigGuyOrBigGirlString
0x080CA714	0x080CA74B	thumb	BufferSonOrDaughterString
0x080CA74C	0x080CA757	thumb	GetBattleOutcome
0x080CA758	0x080CA76B	thumb	SetHiddenItemFlag
0x080CA76C	0x080CA7EB	thumb	GetLeadMonFriendship
0x080CA7EC	0x080CA803	thumb	ShowTownMap
0x080CA804	0x080CA869	thumb	PlayerHasGrassPokemonInParty
0x080CA86C	0x080CA8A7	thumb	AnimatePcTurnOn
0x080CA8A8	0x080CA8F7	thumb	Task_AnimatePcTurnOn
0x080CA8F8	0x080CA9A7	thumb	PcTurnOnUpdateMetatileId
0x080CA9A8	0x080CAA33	thumb	AnimatePcTurnOff
0x080CAA34	0x080CAA87	thumb	SpawnCameraObject
0x080CAA88	0x080CAAAB	thumb	RemoveCameraObject
0x080CAAAC	0x080CAABB	thumb	BufferEReaderTrainerName
0x080CAABC	0x080CAADF	thumb	GetRandomSlotMachineId
0x080CAAE0	0x080CAB07	thumb	LeadMonHasEffortRibbon
0x080CAB08	0x080CAB43	thumb	GiveLeadMonEffortRibbon
0x080CAB44	0x080CAB75	thumb	AreLeadMonEVsMaxedOut
0x080CAB78	0x080CABCD	thumb	IsStarterFirstStageInParty
0x080CABD0	0x080CAC07	thumb	IsThereRoomInAnyBoxForMorePokemon
0x080CAC08	0x080CAC25	thumb	IsPokerusInParty
0x080CAC28	0x080CAC83	thumb	ShakeScreen
0x080CAC84	0x080CACE7	thumb	Task_ShakeScreen
0x080CACE8	0x080CACF9	thumb	Task_EndScreenShake
0x080CACFC	0x080CAD51	thumb	GetLeadMonIndex
0x080CAD54	0x080CAD7B	thumb	GetPartyMonSpecies
0x080CAD7C	0x080CADBF	thumb	IsMonOTNameNotPlayers
0x080CADC0	0x080CADC1	thumb	NullFieldSpecial
0x080CADC4	0x080CADEB	thumb	DoPicboxCancel
0x080CADEC	0x080CB051	thumb	SetVermilionTrashCans
0x080CB054	0x080CB0A5	thumb	IncrementResortGorgeousStepCounter
0x080CB0A8	0x080CB123	thumb	SampleResortGorgeousMonAndReward
0x080CB124	0x080CB195	thumb	SampleResortGorgeousMon
0x080CB198	0x080CB1D7	thumb	SampleResortGorgeousReward
0x080CB1D8	0x080CB201	thumb	CheckAddCoins
0x080CB204	0x080CB327	thumb	GetElevatorFloor
0x080CB328	0x080CB497	thumb	InitElevatorFloorSelectMenuPos
0x080CB498	0x080CB513	thumb	AnimateElevator
0x080CB514	0x080CB57F	thumb	Task_ElevatorShake
0x080CB580	0x080CB63B	thumb	DrawElevatorCurrentFloorWindow
0x080CB63C	0x080CB657	thumb	CloseElevatorCurrentFloorWindow
0x080CB658	0x080CB6AB	thumb	AnimateElevatorWindowView
0x080CB6AC	0x080CB7C3	thumb	Task_AnimateElevatorWindowView
0x080CB7C4	0x080CB903	thumb	ListMenu
0x080CB904	0x080CBA7B	thumb	Task_CreateScriptListMenu
0x080CBA7C	0x080CBADB	thumb	CreateScriptListMenu
0x080CBADC	0x080CBB27	thumb	ScriptListMenuMoveCursorFunction
0x080CBB28	0x080CBBAB	thumb	Task_ListMenuHandleInput
0x080CBBAC	0x080CBC2B	thumb	Task_DestroyListMenu
0x080CBC2C	0x080CBC5B	thumb	Task_SuspendListMenu
0x080CBC5C	0x080CBC8F	thumb	ReturnToListMenu
0x080CBC90	0x080CBCBF	thumb	Task_RedrawScrollArrowsAndWaitInput
0x080CBCC0	0x080CBD4F	thumb	Task_CreateMenuRemoveScrollIndicatorArrowPair
0x080CBD50	0x080CBD7F	thumb	Task_ListMenuRemoveScrollIndicatorArrowPair
0x080CBD80	0x080CBD91	thumb	ForcePlayerToStartSurfing
0x080CBD94	0x080CBDAF	thumb	GetStarterSpeciesById
0x080CBDB0	0x080CBDCB	thumb	GetStarterSpecies
0x080CBDCC	0x080CBDE7	thumb	SetSeenMon
0x080CBDE8	0x080CBDFF	thumb	ResetContextNpcTextColor
0x080CBE00	0x080CBE4F	thumb	ContextNpcGetTextColor
0x080CBE50	0x080CBEB9	thumb	HasMonBeenRenamed
0x080CBEBC	0x080CBED1	thumb	HasLeadMonBeenRenamed
0x080CBED4	0x080CBF03	thumb	TV_PrintIntToStringVar
0x080CBF04	0x080CBF9F	thumb	CountDigits
0x080CBFA0	0x080CBFDF	thumb	NameRaterWasNicknameChanged
0x080CBFE0	0x080CC063	thumb	ChangeBoxPokemonNickname
0x080CC064	0x080CC087	thumb	ChangeBoxPokemonNickname_CB
0x080CC088	0x080CC143	thumb	ChangePokemonNickname
0x080CC144	0x080CC16F	thumb	ChangePokemonNickname_CB
0x080CC170	0x080CC19F	thumb	BufferMonNickname
0x080CC1A0	0x080CC1E3	thumb	IsMonOTIDNotPlayers
0x080CC1E4	0x080CC203	thumb	GetPlayerTrainerId
0x080CC204	0x080CC2BB	thumb	GetUnlockedSeviiAreas
0x080CC2BC	0x080CC3CB	thumb	UpdateTrainerCardPhotoIcons
0x080CC3CC	0x080CC44B	thumb	StickerManGetBragFlags
0x080CC44C	0x080CC489	thumb	GetHiddenItemAttr
0x080CC48C	0x080CC4D1	thumb	DoesPlayerPartyContainSpecies
0x080CC4D4	0x080CC521	thumb	GetMartClerkObjectId
0x080CC524	0x080CC531	thumb	SetUsedPkmnCenterQuestLogEvent
0x080CC534	0x080CC59B	thumb	QuestLog_CheckDepartingIndoorsMap
0x080CC59C	0x080CC72F	thumb	QuestLog_TryRecordDepartedLocation
0x080CC730	0x080CC79B	thumb	GetMysteryGiftCardStat
0x080CC79C	0x080CC7A7	thumb	SetPCBoxToSendMon
0x080CC7A8	0x080CC7B3	thumb	GetPCBoxToSendMon
0x080CC7B4	0x080CC7F7	thumb	ShouldShowBoxWasFullMessage
0x080CC7F8	0x080CC879	thumb	IsDestinationBoxFull
0x080CC87C	0x080CC8C9	thumb	UsedPokemonCenterWarp
0x080CC8CC	0x080CC917	thumb	BufferTMHMMoveName
0x080CC918	0x080CC947	thumb	RunMassageCooldownStepCounter
0x080CC948	0x080CC973	thumb	DaisyMassageServices
0x080CC974	0x080CCA17	thumb	DoPokemonLeagueLightingEffect
0x080CCA18	0x080CCAF3	thumb	Task_RunPokemonLeagueLightingEffect
0x080CCAF4	0x080CCB67	thumb	Task_CancelPokemonLeagueLightingEffect
0x080CCB68	0x080CCB93	thumb	StopPokemonLeagueLightingEffectTask
0x080CCB94	0x080CCCF7	thumb	CapeBrinkGetMoveToTeachLeadPokemon
0x080CCCF8	0x080CCD83	thumb	HasLearnedAllMovesFromCapeBrinkTutor
0x080CCD84	0x080CCDCD	thumb	CutMoveRuinValleyCheck
0x080CCDD0	0x080CCDFB	thumb	CutMoveOpenDottedHoleDoor
0x080CCDFC	0x080CCE0F	thumb	DoDeoxysTriangleInteraction
0x080CCE10	0x080CCEE7	thumb	Task_DoDeoxysTriangleInteraction
0x080CCEE8	0x080CCF97	thumb	MoveDeoxysObject
0x080CCF98	0x080CCFB9	thumb	Task_WaitDeoxysFieldEffect
0x080CCFBC	0x080CD005	thumb	IncrementBirthIslandRockStepCount
0x080CD008	0x080CD033	thumb	SetDeoxysTrianglePalette
0x080CD034	0x080CD071	thumb	IsBadEggInParty
0x080CD074	0x080CD095	thumb	IsPlayerNotInTrainerTowerLobby
0x080CD098	0x080CD0F3	thumb	BrailleCursorToggle
0x080CD0F4	0x080CD151	thumb	PlayerPartyContainsSpeciesWithPlayerID
0x080CD154	0x080CD1B3	thumb	UpdateLoreleiDollCollection
0x080CD1B4	0x080CD1CB	thumb	LoopWingFlapSound
0x080CD1CC	0x080CD227	thumb	Task_WingFlapSound
0x080CD228	0x080CD23F	thumb	ShowBattleRecords
0x080CD240	0x080CD38B	thumb	MainCB2_SetUp
0x080CD38C	0x080CD39D	thumb	VBlankCB
0x080CD3A0	0x080CD3B5	thumb	MainCB2
0x080CD3B8	0x080CD3E7	thumb	Task_WaitFadeIn
0x080CD3E8	0x080CD427	thumb	Task_WaitButton
0x080CD428	0x080CD45F	thumb	Task_FadeOut
0x080CD460	0x080CD4A3	thumb	Task_DestroyAndReturnToField
0x080CD4A4	0x080CD4CD	thumb	ClearWindowCommitAndRemove
0x080CD4D0	0x080CD607	thumb	ResetGpu
0x080CD608	0x080CD625	thumb	StopAllRunningTasks
0x080CD628	0x080CD637	thumb	EnableDisplay
0x080CD638	0x080CD68D	thumb	ResetBGPos
0x080CD690	0x080CD6BF	thumb	ClearLinkBattleRecord
0x080CD6C0	0x080CD6F1	thumb	ClearLinkBattleRecords
0x080CD6F4	0x080CD701	thumb	GetLinkBattleRecordTotalBattles
0x080CD704	0x080CD737	thumb	IndexOfOpponentLinkBattleRecord
0x080CD738	0x080CD7B3	thumb	SortLinkBattleRecords
0x080CD7B4	0x080CD817	thumb	UpdateLinkBattleRecord
0x080CD818	0x080CD853	thumb	UpdateLinkBattleGameStats
0x080CD854	0x080CD8D9	thumb	AddOpponentLinkBattleRecord
0x080CD8DC	0x080CD8F7	thumb	ClearPlayerLinkBattleRecords
0x080CD8F8	0x080CD923	thumb	IncTrainerCardWinCount
0x080CD924	0x080CD94F	thumb	IncTrainerCardLossCount
0x080CD950	0x080CD989	thumb	UpdateBattleOutcomeOnTrainerCards
0x080CD98C	0x080CD9F3	thumb	UpdatePlayerLinkBattleRecords
0x080CD9F4	0x080CDACF	thumb	PrintTotalRecord
0x080CDAD0	0x080CDBE3	thumb	PrintOpponentBattleRecord
0x080CDBE4	0x080CDCB3	thumb	PrintBattleRecords
0x080CDCB4	0x080CDCCF	thumb	CommitWindow
0x080CDCD0	0x080CDD17	thumb	LoadFrameGfxOnBg
0x080CDD18	0x080CDD25	thumb	CB2_BeginEvolutionScene
0x080CDD28	0x080CDDA7	thumb	Task_BeginEvolutionScene
0x080CDDA8	0x080CDDF3	thumb	BeginEvolutionScene
0x080CDDF4	0x080CE0E7	thumb	EvolutionScene
0x080CE0E8	0x080CE2DB	thumb	CB2_EvolutionSceneLoadGraphics
0x080CE2DC	0x080CE53F	thumb	CB2_TradeEvolutionSceneLoadGraphics
0x080CE540	0x080CE70F	thumb	TradeEvolutionScene
0x080CE710	0x080CE729	thumb	CB2_EvolutionSceneUpdate
0x080CE72C	0x080CE745	thumb	CB2_TradeEvolutionSceneUpdate
0x080CE748	0x080CE8DB	thumb	CreateShedinja
0x080CE8DC	0x080CF53B	thumb	Task_EvolutionScene
0x080CF53C	0x080D004B	thumb	Task_TradeEvolutionScene
0x080D004C	0x080D004D	thumb	EvoDummyFunc
0x080D0050	0x080D00D7	thumb	VBlankCB_EvolutionScene
0x080D00D8	0x080D015F	thumb	VBlankCB_TradeEvolutionScene
0x080D0160	0x080D0217	thumb	Task_UpdateBgPalette
0x080D0218	0x080D025B	thumb	CreateBgAnimTask
0x080D025C	0x080D0333	thumb	Task_AnimateBg
0x080D0334	0x080D0373	thumb	InitMovingBgPalette
0x080D0374	0x080D0473	thumb	StartBgAnimation
0x080D0474	0x080D04A7	thumb	IsMovingBackgroundTaskRunning
0x080D04A8	0x080D04E7	thumb	StopBgAnimation
0x080D04E8	0x080D0553	thumb	RestoreBgAfterAnim
0x080D0554	0x080D057B	thumb	GetCoins
0x080D057C	0x080D05A3	thumb	SetCoins
0x080D05A4	0x080D05E3	thumb	AddCoins
0x080D05E4	0x080D060B	thumb	RemoveCoins
0x080D060C	0x080D0673	thumb	PrintCoinsString_Parameterized
0x080D0674	0x080D06CF	thumb	ShowCoinsWindow_Parameterized
0x080D06D0	0x080D072B	thumb	PrintCoinsString
0x080D072C	0x080D07C7	thumb	ShowCoinsWindow
0x080D07C8	0x080D07EB	thumb	HideCoinsWindow
0x080D07EC	0x080D083F	thumb	SetUpFieldMove_Strength
0x080D0840	0x080D085F	thumb	FieldCB_UseStrength
0x080D0860	0x080D08A7	thumb	FldEff_UseStrength
0x080D08A8	0x080D08B7	thumb	ShowMonCB_UseStrength
0x080D08B8	0x080D08E7	thumb	BattleTransition_StartOnField
0x080D08E8	0x080D08F5	thumb	BattleTransition_Start
0x080D08F8	0x080D0947	thumb	IsBattleTransitionDone
0x080D0948	0x080D0977	thumb	LaunchBattleTransitionTask
0x080D0978	0x080D09AF	thumb	Task_BattleTransition
0x080D09B0	0x080D09FF	thumb	Transition_StartIntro
0x080D0A00	0x080D0A31	thumb	Transition_WaitForIntro
0x080D0A34	0x080D0A5B	thumb	Transition_StartMain
0x080D0A5C	0x080D0A8B	thumb	Transition_WaitForMain
0x080D0A8C	0x080D0ADB	thumb	Task_Intro
0x080D0ADC	0x080D0B13	thumb	Task_Blur
0x080D0B14	0x080D0B45	thumb	Blur_Init
0x080D0B48	0x080D0BA7	thumb	Blur_Main
0x080D0BA8	0x080D0BD3	thumb	Blur_End
0x080D0BD4	0x080D0C0B	thumb	Task_Swirl
0x080D0C0C	0x080D0C77	thumb	Swirl_Init
0x080D0C78	0x080D0CEF	thumb	Swirl_End
0x080D0CF0	0x080D0D27	thumb	VBlankCB_Swirl
0x080D0D28	0x080D0D53	thumb	HBlankCB_Swirl
0x080D0D54	0x080D0D8B	thumb	Task_Shuffle
0x080D0D8C	0x080D0DEF	thumb	Shuffle_Init
0x080D0DF0	0x080D0E7F	thumb	Shuffle_End
0x080D0E80	0x080D0EB7	thumb	VBlankCB_Shuffle
0x080D0EB8	0x080D0EE3	thumb	HBlankCB_Shuffle
0x080D0EE4	0x080D0F1B	thumb	Task_BigPokeball
0x080D0F1C	0x080D0FD3	thumb	BigPokeball_Init
0x080D0FD4	0x080D1063	thumb	BigPokeball_SetGfx
0x080D1064	0x080D10F7	thumb	PatternWeave_Blend1
0x080D10F8	0x080D119B	thumb	PatternWeave_Blend2
0x080D119C	0x080D121F	thumb	PatternWeave_FinishAppear
0x080D1220	0x080D12E3	thumb	PatternWeave_CircularMask
0x080D12E4	0x080D136F	thumb	VBlankCB_SetWinAndBlend
0x080D1370	0x080D139B	thumb	VBlankCB_PatternWeave
0x080D139C	0x080D13C7	thumb	VBlankCB_CircularMask
0x080D13C8	0x080D13FF	thumb	Task_PokeballsTrail
0x080D1400	0x080D144B	thumb	PokeballsTrail_Init
0x080D144C	0x080D14D7	thumb	PokeballsTrail_Main
0x080D14D8	0x080D1503	thumb	PokeballsTrail_End
0x080D1504	0x080D156F	thumb	FldEff_PokeballTrail
0x080D1570	0x080D1637	thumb	SpriteCB_FldEffPokeballTrail
0x080D1638	0x080D166F	thumb	Task_ClockwiseWipe
0x080D1670	0x080D16D7	thumb	ClockwiseWipe_Init
0x080D16D8	0x080D1767	thumb	ClockwiseWipe_TopRight
0x080D1768	0x080D185B	thumb	ClockwiseWipe_Right
0x080D185C	0x080D18E3	thumb	ClockwiseWipe_Bottom
0x080D18E4	0x080D19E3	thumb	ClockwiseWipe_Left
0x080D19E4	0x080D1A7B	thumb	ClockwiseWipe_TopLeft
0x080D1A7C	0x080D1ABB	thumb	ClockwiseWipe_End
0x080D1ABC	0x080D1B57	thumb	VBlankCB_ClockwiseWipe
0x080D1B58	0x080D1B8F	thumb	Task_Ripple
0x080D1B90	0x080D1BE7	thumb	Ripple_Init
0x080D1BE8	0x080D1CC7	thumb	Ripple_Main
0x080D1CC8	0x080D1CFF	thumb	VBlankCB_Ripple
0x080D1D00	0x080D1D2B	thumb	HBlankCB_Ripple
0x080D1D2C	0x080D1D63	thumb	Task_Wave
0x080D1D64	0x080D1DBB	thumb	Wave_Init
0x080D1DBC	0x080D1E57	thumb	Wave_Main
0x080D1E58	0x080D1E97	thumb	Wave_End
0x080D1E98	0x080D1F2B	thumb	VBlankCB_Wave
0x080D1F2C	0x080D1F63	thumb	Task_Spiral
0x080D1F64	0x080D253B	thumb	Spiral_UpdateFrame
0x080D253C	0x080D25C3	thumb	Spiral_Init
0x080D25C4	0x080D2697	thumb	Spiral_End
0x080D2698	0x080D2767	thumb	VBlankCB_Spiral
0x080D2768	0x080D2787	thumb	Task_Lorelei
0x080D2788	0x080D27A7	thumb	Task_Bruno
0x080D27A8	0x080D27C7	thumb	Task_Agatha
0x080D27C8	0x080D27E7	thumb	Task_Lance
0x080D27E8	0x080D2807	thumb	Task_Blue
0x080D2808	0x080D283F	thumb	DoMugshotTransition
0x080D2840	0x080D28A7	thumb	Mugshot_Init
0x080D28A8	0x080D2967	thumb	Mugshot_SetGfx
0x080D2968	0x080D2A53	thumb	Mugshot_ShowBanner
0x080D2A54	0x080D2ACF	thumb	Mugshot_StartOpponentSlide
0x080D2AD0	0x080D2B0B	thumb	Mugshot_WaitStartPlayerSlide
0x080D2B0C	0x080D2BC3	thumb	Mugshot_WaitPlayerSlide
0x080D2BC4	0x080D2C8B	thumb	Mugshot_GradualWhiteFade
0x080D2C8C	0x080D2CC3	thumb	Mugshot_InitFadeWhiteToBlack
0x080D2CC4	0x080D2D0F	thumb	Mugshot_FadeToBlack
0x080D2D10	0x080D2D4F	thumb	Mugshot_End
0x080D2D50	0x080D2DEB	thumb	VBlankCB_Mugshots
0x080D2DEC	0x080D2E6B	thumb	VBlankCB_MugshotsFadeOut
0x080D2E6C	0x080D2EA3	thumb	HBlankCB_Mugshots
0x080D2EA4	0x080D301B	thumb	Mugshots_CreateTrainerPics
0x080D301C	0x080D3043	thumb	SpriteCB_MugshotTrainerPic
0x080D3044	0x080D3047	thumb	MugshotTrainerPic_Pause
0x080D3048	0x080D3093	thumb	MugshotTrainerPic_Init
0x080D3094	0x080D30C5	thumb	MugshotTrainerPic_Slide
0x080D30C8	0x080D30F3	thumb	MugshotTrainerPic_SlideSlow
0x080D30F4	0x080D311D	thumb	MugshotTrainerPic_SlideOffscreen
0x080D3120	0x080D3137	thumb	SetTrainerPicSlideDirection
0x080D3138	0x080D3153	thumb	IncrementTrainerPicState
0x080D3154	0x080D316B	thumb	IsTrainerPicSlideDone
0x080D316C	0x080D31A3	thumb	Task_Slice
0x080D31A4	0x080D321F	thumb	Slice_Init
0x080D3220	0x080D32EB	thumb	Slice_Main
0x080D32EC	0x080D332B	thumb	Slice_End
0x080D332C	0x080D33BF	thumb	VBlankCB_Slice
0x080D33C0	0x080D33EB	thumb	HBlankCB_Slice
0x080D33EC	0x080D3423	thumb	Task_WhiteBarsFade
0x080D3424	0x080D349B	thumb	WhiteBarsFade_Init
0x080D349C	0x080D350F	thumb	WhiteBarsFade_StartBars
0x080D3510	0x080D354B	thumb	WhiteBarsFade_WaitBars
0x080D354C	0x080D35B3	thumb	WhiteBarsFade_BlendToBlack
0x080D35B4	0x080D35F3	thumb	WhiteBarsFade_End
0x080D35F4	0x080D368F	thumb	VBlankCB_WhiteBarsFade
0x080D3690	0x080D36DF	thumb	VBlankCB_WhiteBarsFade_Blend
0x080D36E0	0x080D371F	thumb	HBlankCB_WhiteBarsFade
0x080D3720	0x080D3817	thumb	SpriteCB_WhiteBarFade
0x080D3818	0x080D384F	thumb	Task_GridSquares
0x080D3850	0x080D38A3	thumb	GridSquares_Init
0x080D38A4	0x080D38FB	thumb	GridSquares_Main
0x080D38FC	0x080D3927	thumb	GridSquares_End
0x080D3928	0x080D395F	thumb	Task_AngledWipes
0x080D3960	0x080D39C3	thumb	AngledWipes_Init
0x080D39C4	0x080D3A3F	thumb	AngledWipes_SetWipeData
0x080D3A40	0x080D3B1B	thumb	AngledWipes_DoWipe
0x080D3B1C	0x080D3B87	thumb	AngledWipes_TryEnd
0x080D3B88	0x080D3BA3	thumb	AngledWipes_StartNext
0x080D3BA4	0x080D3C3F	thumb	VBlankCB_AngledWipes
0x080D3C40	0x080D3CA3	thumb	CreateIntroTask
0x080D3CA4	0x080D3CC1	thumb	IsIntroTaskDone
0x080D3CC4	0x080D3CFB	thumb	Task_BattleTransition_Intro
0x080D3CFC	0x080D3D57	thumb	TransitionIntro_FadeToGray
0x080D3D58	0x080D3DCD	thumb	TransitionIntro_FadeFromGray
0x080D3DD0	0x080D3DF3	thumb	InitTransitionData
0x080D3DF4	0x080D3E05	thumb	VBlankCB_BattleTransition
0x080D3E08	0x080D3E27	thumb	GetBg0TilemapDst
0x080D3E28	0x080D3E5F	thumb	GetBg0TilesDst
0x080D3E60	0x080D3E71	thumb	FadeScreenBlack
0x080D3E74	0x080D3EEF	thumb	SetSinWave
0x080D3EF0	0x080D4087	thumb	SetCircularMask
0x080D4088	0x080D4101	thumb	InitBlackWipe
0x080D4104	0x080D41FF	thumb	UpdateBlackWipe
0x080D4200	0x080D4201	thumb	LinkPartnerDummy
0x080D4204	0x080D421F	thumb	SetControllerToLinkPartner
0x080D4220	0x080D426F	thumb	LinkPartnerBufferRunCommand
0x080D4270	0x080D42A7	thumb	CompleteOnBattlerSpriteCallbackDummy
0x080D42A8	0x080D430F	thumb	FreeTrainerSpriteAfterSlide
0x080D4310	0x080D4357	thumb	Intro_DelayAndEnd
0x080D4358	0x080D443B	thumb	Intro_WaitForHealthbox
0x080D443C	0x080D458F	thumb	Intro_ShowHealthbox
0x080D4590	0x080D45CF	thumb	WaitForMonAnimAfterLoad
0x080D45D0	0x080D463F	thumb	CompleteOnHealthbarDone
0x080D4640	0x080D46A7	thumb	FreeMonSpriteAfterFaintAnim
0x080D46A8	0x080D4717	thumb	FreeMonSpriteAfterSwitchOutAnim
0x080D4718	0x080D472D	thumb	CompleteOnInactiveTextPrinter
0x080D4730	0x080D47AB	thumb	DoHitAnimBlinkSpriteEffect
0x080D47AC	0x080D481B	thumb	SwitchIn_ShowSubstitute
0x080D481C	0x080D484B	thumb	SwitchIn_WaitAndEnd
0x080D484C	0x080D4943	thumb	SwitchIn_ShowHealthbox
0x080D4944	0x080D49E7	thumb	SwitchIn_TryShinyAnim
0x080D49E8	0x080D4A5F	thumb	LinkPartnerBufferExecCompleted
0x080D4A60	0x080D4A8F	thumb	CompleteOnFinishedStatusAnimation
0x080D4A90	0x080D4ABF	thumb	CompleteOnFinishedBattleAnimation
0x080D4AC0	0x080D4B31	thumb	LinkPartnerHandleGetMonData
0x080D4B34	0x080D52DF	thumb	CopyLinkPartnerMonData
0x080D52E0	0x080D52E9	thumb	LinkPartnerHandleGetRawMonData
0x080D52EC	0x080D5343	thumb	LinkPartnerHandleSetMonData
0x080D5344	0x080D5D3F	thumb	SetLinkPartnerMonData
0x080D5D40	0x080D5DB3	thumb	LinkPartnerHandleSetRawMonData
0x080D5DB4	0x080D5ECF	thumb	LinkPartnerHandleLoadMonSprite
0x080D5ED0	0x080D5F3F	thumb	LinkPartnerHandleSwitchInAnim
0x080D5F40	0x080D60AB	thumb	StartSendOutAnim
0x080D60AC	0x080D613B	thumb	LinkPartnerHandleReturnMonToBall
0x080D613C	0x080D61C7	thumb	DoSwitchOutAnimation
0x080D61C8	0x080D633B	thumb	LinkPartnerHandleDrawTrainerPic
0x080D633C	0x080D6345	thumb	LinkPartnerHandleTrainerSlide
0x080D6348	0x080D63F3	thumb	LinkPartnerHandleTrainerSlideBack
0x080D63F4	0x080D64DF	thumb	LinkPartnerHandleFaintAnimation
0x080D64E0	0x080D64E9	thumb	LinkPartnerHandlePaletteFade
0x080D64EC	0x080D64F5	thumb	LinkPartnerHandleSuccessBallThrowAnim
0x080D64F8	0x080D6501	thumb	LinkPartnerHandleBallThrowAnim
0x080D6504	0x080D650D	thumb	LinkPartnerHandlePause
0x080D6510	0x080D6647	thumb	LinkPartnerHandleMoveAnimation
0x080D6648	0x080D67C9	thumb	LinkPartnerDoMoveAnimation
0x080D67CC	0x080D683F	thumb	LinkPartnerHandlePrintString
0x080D6840	0x080D6849	thumb	LinkPartnerHandlePrintSelectionString
0x080D684C	0x080D6855	thumb	LinkPartnerHandleChooseAction
0x080D6858	0x080D6861	thumb	LinkPartnerHandleUnknownYesNoBox
0x080D6864	0x080D686D	thumb	LinkPartnerHandleChooseMove
0x080D6870	0x080D6879	thumb	LinkPartnerHandleChooseItem
0x080D687C	0x080D6885	thumb	LinkPartnerHandleChoosePokemon
0x080D6888	0x080D6891	thumb	LinkPartnerHandleCmd23
0x080D6894	0x080D6983	thumb	LinkPartnerHandleHealthBarUpdate
0x080D6984	0x080D698D	thumb	LinkPartnerHandleExpUpdate
0x080D6990	0x080D6A07	thumb	LinkPartnerHandleStatusIconUpdate
0x080D6A08	0x080D6A6F	thumb	LinkPartnerHandleStatusAnimation
0x080D6A70	0x080D6A79	thumb	LinkPartnerHandleStatusXor
0x080D6A7C	0x080D6A85	thumb	LinkPartnerHandleDataTransfer
0x080D6A88	0x080D6A91	thumb	LinkPartnerHandleDMA3Transfer
0x080D6A94	0x080D6A9D	thumb	LinkPartnerHandlePlayBGM
0x080D6AA0	0x080D6AA9	thumb	LinkPartnerHandleCmd32
0x080D6AAC	0x080D6AB5	thumb	LinkPartnerHandleTwoReturnValues
0x080D6AB8	0x080D6AC1	thumb	LinkPartnerHandleChosenMonReturnValue
0x080D6AC4	0x080D6ACD	thumb	LinkPartnerHandleOneReturnValue
0x080D6AD0	0x080D6AD9	thumb	LinkPartnerHandleOneReturnValue_Duplicate
0x080D6ADC	0x080D6AF7	thumb	LinkPartnerHandleClearUnkVar
0x080D6AF8	0x080D6B2F	thumb	LinkPartnerHandleSetUnkVar
0x080D6B30	0x080D6B47	thumb	LinkPartnerHandleClearUnkFlag
0x080D6B48	0x080D6B6F	thumb	LinkPartnerHandleToggleUnkFlag
0x080D6B70	0x080D6BDF	thumb	LinkPartnerHandleHitAnimation
0x080D6BE0	0x080D6BE9	thumb	LinkPartnerHandleCantSwitch
0x080D6BEC	0x080D6C2F	thumb	LinkPartnerHandlePlaySE
0x080D6C30	0x080D6C5F	thumb	LinkPartnerHandlePlayFanfare
0x080D6C60	0x080D6C9F	thumb	LinkPartnerHandleFaintingCry
0x080D6CA0	0x080D6CD3	thumb	LinkPartnerHandleIntroSlide
0x080D6CD4	0x080D6ECF	thumb	LinkPartnerHandleIntroTrainerBallThrow
0x080D6ED0	0x080D6FDB	thumb	Task_StartSendOutAnim
0x080D6FDC	0x080D709F	thumb	LinkPartnerHandleDrawPartyStatusSummary
0x080D70A0	0x080D70E7	thumb	EndDrawPartyStatusSummary
0x080D70E8	0x080D7137	thumb	LinkPartnerHandleHidePartyStatusSummary
0x080D7138	0x080D7141	thumb	LinkPartnerHandleEndBounceEffect
0x080D7144	0x080D71A3	thumb	LinkPartnerHandleSpriteInvisibility
0x080D71A4	0x080D720B	thumb	LinkPartnerHandleBattleAnimation
0x080D720C	0x080D7215	thumb	LinkPartnerHandleLinkStandbyMsg
0x080D7218	0x080D7221	thumb	LinkPartnerHandleResetActionMoveSelection
0x080D7224	0x080D726F	thumb	LinkPartnerHandleEndLinkBattle
0x080D7270	0x080D7271	thumb	LinkPartnerCmdEnd
0x080D7274	0x080D77F3	thumb	BufferStringBattle
0x080D77F4	0x080D7803	thumb	BattleStringExpandPlaceholdersToDisplayedString
0x080D7804	0x080D7865	thumb	TryGetStatusString
0x080D7868	0x080D8415	thumb	BattleStringExpandPlaceholders
0x080D8418	0x080D86C5	thumb	ExpandBattleTextBuffPlaceholders
0x080D86C8	0x080D871F	thumb	ChooseMoveUsedParticle
0x080D8720	0x080D87BB	thumb	ChooseTypeOfMoveUsedString
0x080D87BC	0x080D89AF	thumb	BattlePutTextOnWindow
0x080D89B0	0x080D89D9	thumb	BattleStringShouldBeColored
0x080D89DC	0x080D8A4F	thumb	SetPpNumbersPaletteInMoveSelection
0x080D8A50	0x080D8A9D	thumb	GetCurrentPpToMaxPpState
0x080D8AA0	0x080D8ABB	thumb	Q_8_8_mul
0x080D8ABC	0x080D8ADF	thumb	Q_N_S_mul
0x080D8AE0	0x080D8B1B	thumb	Q_24_8_mul
0x080D8B1C	0x080D8B3D	thumb	Q_8_8_div
0x080D8B40	0x080D8B67	thumb	Q_N_S_div
0x080D8B68	0x080D8B8F	thumb	Q_24_8_div
0x080D8B90	0x080D8BA7	thumb	Q_8_8_inv
0x080D8BA8	0x080D8BC5	thumb	Q_N_S_inv
0x080D8BC8	0x080D8BE3	thumb	Q_24_8_inv
0x080D8BE4	0x080D8BF7	thumb	RouletteFlash_Reset
0x080D8BF8	0x080D8C7B	thumb	RouletteFlash_Add
0x080D8C7C	0x080D8CAF	thumb	RouletteFlash_Remove
0x080D8CB0	0x080D8EB7	thumb	RouletteFlash_FadePalette
0x080D8EB8	0x080D8F47	thumb	RouletteFlash_FlashPalette
0x080D8F48	0x080D8FB1	thumb	RouletteFlash_Run
0x080D8FB4	0x080D9007	thumb	RouletteFlash_Enable
0x080D9008	0x080D90A5	thumb	RouletteFlash_Stop
0x080D90A8	0x080D90D3	thumb	InitPulseBlend
0x080D90D4	0x080D913D	thumb	InitPulseBlendPaletteSettings
0x080D9140	0x080D91BB	thumb	ClearPulseBlendPalettesSettings
0x080D91BC	0x080D9211	thumb	UnloadUsedPulseBlendPalettes
0x080D9214	0x080D9291	thumb	MarkUsedPulseBlendPalettes
0x080D9294	0x080D93BB	thumb	UnmarkUsedPulseBlendPalettes
0x080D93BC	0x080D9571	thumb	UpdatePulseBlend
0x080D9574	0x080D95C3	thumb	FillTilemapRect
0x080D95C4	0x080D9613	thumb	SetTilemapRect
0x080D9614	0x080D969D	thumb	CableCarUtil_FillWrapped
0x080D96A0	0x080D9729	thumb	CableCarUtil_CopyWrapped
0x080D972C	0x080D974F	thumb	ClearSaveData
0x080D9750	0x080D976B	thumb	Save_ResetSaveCounters
0x080D976C	0x080D97CF	thumb	SetDamagedSectorBits
0x080D97D0	0x080D986F	thumb	WriteSaveSectorOrSlot
0x080D9870	0x080D995F	thumb	HandleWriteSector
0x080D9960	0x080D99D7	thumb	HandleWriteSectorNBytes
0x080D99D8	0x080D9A03	thumb	TryWriteSector
0x080D9A04	0x080D9A5F	thumb	RestoreSaveBackupVarsAndIncrement
0x080D9A60	0x080D9AA3	thumb	RestoreSaveBackupVars
0x080D9AA4	0x080D9B01	thumb	HandleWriteIncrementalSector
0x080D9B04	0x080D9B4F	thumb	HandleReplaceSectorAndVerify
0x080D9B50	0x080D9CED	thumb	HandleReplaceSector
0x080D9CF0	0x080D9D87	thumb	CopySectorSignatureByte
0x080D9D88	0x080D9E13	thumb	WriteSectorSignatureByte
0x080D9E14	0x080D9E51	thumb	TryLoadSaveSlot
0x080D9E54	0x080D9F0B	thumb	CopySaveSlotData
0x080D9F0C	0x080DA11F	thumb	GetSaveValidStatus
0x080DA120	0x080DA18F	thumb	TryLoadSaveSector
0x080DA190	0x080DA1A7	thumb	ReadFlashSector
0x080DA1A8	0x080DA1D3	thumb	CalculateChecksum
0x080DA1D4	0x080DA247	thumb	UpdateSaveAddresses
0x080DA248	0x080DA363	thumb	HandleSavingData
0x080DA364	0x080DA3AB	thumb	TrySavingData
0x080DA3AC	0x080DA3D5	thumb	LinkFullSave_Init
0x080DA3D8	0x080DA40B	thumb	LinkFullSave_WriteSector
0x080DA40C	0x080DA433	thumb	LinkFullSave_ReplaceLastSector
0x080DA434	0x080DA45B	thumb	LinkFullSave_SetLastSectorSignature
0x080DA45C	0x080DA49F	thumb	WriteSaveBlock2
0x080DA4A0	0x080DA4FB	thumb	WriteSaveBlock1Sector
0x080DA4FC	0x080DA587	thumb	LoadGameSave
0x080DA588	0x080DA5DF	thumb	TryReadSpecialSaveSector
0x080DA5E0	0x080DA633	thumb	TryWriteSpecialSaveSector
0x080DA634	0x080DA7FF	thumb	Task_LinkFullSave
0x080DA800	0x080DA82F	thumb	CheckCompatibility
0x080DA830	0x080DA84B	thumb	SetIncompatible
0x080DA84C	0x080DA87B	thumb	InitMysteryEventScript
0x080DA87C	0x080DA89B	thumb	RunMysteryEventScriptCommand
0x080DA89C	0x080DA8AF	thumb	MEventScript_InitContext
0x080DA8B0	0x080DA8CB	thumb	MEventScript_Run
0x080DA8CC	0x080DA8E5	thumb	RunMysteryEventScript
0x080DA8E8	0x080DA8F3	thumb	SetMysteryEventScriptStatus
0x080DA8F4	0x080DA8FF	thumb	MEScrCmd_end
0x080DA900	0x080DA94F	thumb	MEScrCmd_checkcompat
0x080DA950	0x080DA953	thumb	MEScrCmd_nop
0x080DA954	0x080DA961	thumb	MEScrCmd_setstatus
0x080DA964	0x080DA99B	thumb	MEScrCmd_setmsg
0x080DA99C	0x080DA9B7	thumb	MEScrCmd_runscript
0x080DA9B8	0x080DAA7D	thumb	MEScrCmd_setenigmaberry
0x080DAA80	0x080DAAB3	thumb	MEScrCmd_giveribbon
0x080DAAB4	0x080DAB19	thumb	MEScrCmd_initramscript
0x080DAB1C	0x080DAB3F	thumb	MEScrCmd_givenationaldex
0x080DAB40	0x080DAB6B	thumb	MEScrCmd_addrareword
0x080DAB6C	0x080DAB7F	thumb	MEScrCmd_setrecordmixinggift
0x080DAB80	0x080DAC8B	thumb	MEScrCmd_givepokemon
0x080DAC8C	0x080DACD3	thumb	MEScrCmd_addtrainer
0x080DACD4	0x080DACE7	thumb	MEScrCmd_enableresetrtc
0x080DACE8	0x080DAD2D	thumb	MEScrCmd_checksum
0x080DAD30	0x080DAD79	thumb	MEScrCmd_crc
0x080DAD7C	0x080DAE3F	thumb	SetUpReflection
0x080DAE40	0x080DAE53	thumb	GetReflectionVerticalOffset
0x080DAE54	0x080DAEC1	thumb	LoadObjectReflectionPalette
0x080DAEC4	0x080DAF1D	thumb	LoadObjectRegularReflectionPalette
0x080DAF20	0x080DAF4F	thumb	LoadObjectHighBridgeReflectionPalette
0x080DAF50	0x080DB0C3	thumb	UpdateObjectReflectionSprite
0x080DB0C4	0x080DB113	thumb	CreateWarpArrowSprite
0x080DB114	0x080DB133	thumb	SetSpriteInvisible
0x080DB134	0x080DB1DB	thumb	ShowWarpArrowSprite
0x080DB1DC	0x080DB27F	thumb	FldEff_Shadow
0x080DB280	0x080DB347	thumb	UpdateShadowFieldEffect
0x080DB348	0x080DB3EB	thumb	FldEff_TallGrass
0x080DB3EC	0x080DB4F3	thumb	UpdateTallGrassFieldEffect
0x080DB4F4	0x080DB563	thumb	FldEff_JumpTallGrass
0x080DB564	0x080DB5F1	thumb	FindTallGrassFieldEffectSpriteId
0x080DB5F4	0x080DB69B	thumb	FldEff_LongGrass
0x080DB69C	0x080DB797	thumb	UpdateLongGrassFieldEffect
0x080DB798	0x080DB807	thumb	FldEff_JumpLongGrass
0x080DB808	0x080DB8AB	thumb	FldEff_ShortGrass
0x080DB8AC	0x080DB99F	thumb	UpdateShortGrassFieldEffect
0x080DB9A0	0x080DBA13	thumb	FldEff_SandFootprints
0x080DBA14	0x080DBA87	thumb	FldEff_DeepSandFootprints
0x080DBA88	0x080DBAFB	thumb	FldEff_BikeTireTracks
0x080DBAFC	0x080DBB17	thumb	UpdateFootprintsTireTracksFieldEffect
0x080DBB18	0x080DBB39	thumb	FadeFootprintsTireTracks_Step0
0x080DBB3C	0x080DBB85	thumb	FadeFootprintsTireTracks_Step1
0x080DBB88	0x080DBC2B	thumb	FldEff_Splash
0x080DBC2C	0x080DBCB7	thumb	UpdateSplashFieldEffect
0x080DBCB8	0x080DBD27	thumb	FldEff_JumpSmallSplash
0x080DBD28	0x080DBD97	thumb	FldEff_JumpBigSplash
0x080DBD98	0x080DBE4F	thumb	FldEff_FeetInFlowingWater
0x080DBE50	0x080DBEEF	thumb	UpdateFeetInFlowingWaterFieldEffect
0x080DBEF0	0x080DBF4F	thumb	FldEff_Ripple
0x080DBF50	0x080DBFF3	thumb	FldEff_HotSpringsWater
0x080DBFF4	0x080DC08B	thumb	UpdateHotSpringsWaterFieldEffect
0x080DC08C	0x080DC0F7	thumb	FldEff_UnusedGrass
0x080DC0F8	0x080DC163	thumb	FldEff_UnusedGrass2
0x080DC164	0x080DC1CF	thumb	FldEff_UnusedSand
0x080DC1D0	0x080DC23B	thumb	FldEff_UnusedWaterSurfacing
0x080DC23C	0x080DC26F	thumb	StartAshFieldEffect
0x080DC270	0x080DC2FB	thumb	FldEff_Ash
0x080DC2FC	0x080DC317	thumb	UpdateAshFieldEffect
0x080DC318	0x080DC345	thumb	UpdateAshFieldEffect_Step0
0x080DC348	0x080DC3A7	thumb	UpdateAshFieldEffect_Step1
0x080DC3A8	0x080DC3CD	thumb	UpdateAshFieldEffect_Step2
0x080DC3D0	0x080DC44B	thumb	FldEff_SurfBlob
0x080DC44C	0x080DC477	thumb	SetSurfBlob_BobState
0x080DC478	0x080DC4A3	thumb	SetSurfBlob_DontSyncAnim
0x080DC4A4	0x080DC4D7	thumb	SetSurfBlob_PlayerOffset
0x080DC4D8	0x080DC4DF	thumb	GetSurfBlob_BobState
0x080DC4E0	0x080DC4E9	thumb	GetSurfBlob_DontSyncAnim
0x080DC4EC	0x080DC4F7	thumb	GetSurfBlob_HasPlayerOffset
0x080DC4F8	0x080DC54F	thumb	UpdateSurfBlobFieldEffect
0x080DC550	0x080DC587	thumb	SynchroniseSurfAnim
0x080DC588	0x080DC61B	thumb	SynchroniseSurfPosition
0x080DC61C	0x080DC6AD	thumb	CreateBobbingEffect
0x080DC6B0	0x080DC6FF	thumb	StartUnderwaterSurfBlobBobbing
0x080DC700	0x080DC73F	thumb	SpriteCB_UnderwaterSurfBlob
0x080DC740	0x080DC7AF	thumb	FldEff_Dust
0x080DC7B0	0x080DC86B	thumb	FldEff_SandPile
0x080DC86C	0x080DC937	thumb	UpdateSandPileFieldEffect
0x080DC938	0x080DC99B	thumb	FldEff_Bubbles
0x080DC99C	0x080DC9DB	thumb	UpdateBubblesFieldEffect
0x080DC9DC	0x080DC9DF	thumb	FldEff_BerryTreeGrowthSparkle
0x080DC9E0	0x080DC9EF	thumb	ShowTreeDisguiseFieldEffect
0x080DC9F0	0x080DC9FF	thumb	ShowMountainDisguiseFieldEffect
0x080DCA00	0x080DCA0F	thumb	ShowSandDisguiseFieldEffect
0x080DCA10	0x080DCAC7	thumb	ShowDisguiseFieldEffect
0x080DCAC8	0x080DCBB7	thumb	UpdateDisguiseFieldEffect
0x080DCBB8	0x080DCBDF	thumb	StartRevealDisguise
0x080DCBE0	0x080DCC1B	thumb	UpdateRevealDisguise
0x080DCC1C	0x080DCC8F	thumb	FldEff_Sparkle
0x080DCC90	0x080DCCDD	thumb	UpdateSparkleFieldEffect
0x080DCCE0	0x080DCD19	thumb	UpdateJumpImpactEffect
0x080DCD1C	0x080DCD45	thumb	WaitFieldEffectSpriteAnim
0x080DCD48	0x080DCE0F	thumb	UpdateGrassFieldEffectSubpriority
0x080DCE10	0x080DCE77	thumb	SoundTask_FireBlast
0x080DCE78	0x080DCEE3	thumb	SoundTask_FireBlast_Step1
0x080DCEE4	0x080DCF37	thumb	SoundTask_FireBlast_Step2
0x080DCF38	0x080DCFE7	thumb	SoundTask_LoopSEAdjustPanning
0x080DCFE8	0x080DD06B	thumb	SoundTask_LoopSEAdjustPanning_Step
0x080DD06C	0x080DD147	thumb	SoundTask_PlayCryHighPitch
0x080DD148	0x080DD26F	thumb	SoundTask_PlayDoubleCry
0x080DD270	0x080DD2F1	thumb	SoundTask_PlayDoubleCry_Step
0x080DD2F4	0x080DD331	thumb	SoundTask_WaitForCry
0x080DD334	0x080DD38F	thumb	SoundTask_PlayCryWithEcho
0x080DD390	0x080DD3D9	thumb	SoundTask_PlayCryWithEcho_Step
0x080DD3DC	0x080DD40F	thumb	SoundTask_PlaySE1WithPanning
0x080DD410	0x080DD443	thumb	SoundTask_PlaySE2WithPanning
0x080DD444	0x080DD4D3	thumb	SoundTask_AdjustPanningVar
0x080DD4D4	0x080DD533	thumb	SoundTask_AdjustPanningVar_Step
0x080DD534	0x080DD535	thumb	SafariDummy
0x080DD538	0x080DD553	thumb	SetControllerToSafari
0x080DD554	0x080DD5A3	thumb	SafariBufferRunCommand
0x080DD5A4	0x080DD727	thumb	HandleInputChooseAction
0x080DD728	0x080DD75F	thumb	CompleteOnBattlerSpriteCallbackDummy
0x080DD760	0x080DD775	thumb	CompleteOnInactiveTextPrinter
0x080DD778	0x080DD7AF	thumb	CompleteOnHealthboxSpriteCallbackDummy
0x080DD7B0	0x080DD7EF	thumb	Safari_SetBattleEndCallbacks
0x080DD7F0	0x080DD82B	thumb	CompleteOnSpecialAnimDone
0x080DD82C	0x080DD85B	thumb	SafariOpenPokeblockCase
0x080DD85C	0x080DD897	thumb	CompleteWhenChosePokeblock
0x080DD898	0x080DD8C7	thumb	CompleteOnFinishedBattleAnimation
0x080DD8C8	0x080DD93F	thumb	SafariBufferExecCompleted
0x080DD940	0x080DD96F	thumb	CompleteOnFinishedStatusAnimation
0x080DD970	0x080DD979	thumb	SafariHandleGetMonData
0x080DD97C	0x080DD985	thumb	SafariHandleGetRawMonData
0x080DD988	0x080DD991	thumb	SafariHandleSetMonData
0x080DD994	0x080DD99D	thumb	SafariHandleSetRawMonData
0x080DD9A0	0x080DD9A9	thumb	SafariHandleLoadMonSprite
0x080DD9AC	0x080DD9B5	thumb	SafariHandleSwitchInAnim
0x080DD9B8	0x080DD9C1	thumb	SafariHandleReturnMonToBall
0x080DD9C4	0x080DDAA3	thumb	SafariHandleDrawTrainerPic
0x080DDAA4	0x080DDAAD	thumb	SafariHandleTrainerSlide
0x080DDAB0	0x080DDAB9	thumb	SafariHandleTrainerSlideBack
0x080DDABC	0x080DDAC5	thumb	SafariHandleFaintAnimation
0x080DDAC8	0x080DDAD1	thumb	SafariHandlePaletteFade
0x080DDAD4	0x080DDB27	thumb	SafariHandleSuccessBallThrowAnim
0x080DDB28	0x080DDB87	thumb	SafariHandleBallThrowAnim
0x080DDB88	0x080DDB91	thumb	SafariHandlePause
0x080DDB94	0x080DDB9D	thumb	SafariHandleMoveAnimation
0x080DDBA0	0x080DDC13	thumb	SafariHandlePrintString
0x080DDC14	0x080DDC37	thumb	SafariHandlePrintSelectionString
0x080DDC38	0x080DDC77	thumb	HandleChooseActionAfterDma3
0x080DDC78	0x080DDCEB	thumb	SafariHandleChooseAction
0x080DDCEC	0x080DDCF5	thumb	SafariHandleUnknownYesNoBox
0x080DDCF8	0x080DDD01	thumb	SafariHandleChooseMove
0x080DDD04	0x080DDD43	thumb	SafariHandleChooseItem
0x080DDD44	0x080DDD4D	thumb	SafariHandleChoosePokemon
0x080DDD50	0x080DDD59	thumb	SafariHandleCmd23
0x080DDD5C	0x080DDD65	thumb	SafariHandleHealthBarUpdate
0x080DDD68	0x080DDD71	thumb	SafariHandleExpUpdate
0x080DDD74	0x080DDDAF	thumb	SafariHandleStatusIconUpdate
0x080DDDB0	0x080DDDB9	thumb	SafariHandleStatusAnimation
0x080DDDBC	0x080DDDC5	thumb	SafariHandleStatusXor
0x080DDDC8	0x080DDDD1	thumb	SafariHandleDataTransfer
0x080DDDD4	0x080DDDDD	thumb	SafariHandleDMA3Transfer
0x080DDDE0	0x080DDDE9	thumb	SafariHandlePlayBGM
0x080DDDEC	0x080DDDF5	thumb	SafariHandleCmd32
0x080DDDF8	0x080DDE01	thumb	SafariHandleTwoReturnValues
0x080DDE04	0x080DDE0D	thumb	SafariHandleChosenMonReturnValue
0x080DDE10	0x080DDE19	thumb	SafariHandleOneReturnValue
0x080DDE1C	0x080DDE25	thumb	SafariHandleOneReturnValue_Duplicate
0x080DDE28	0x080DDE31	thumb	SafariHandleCmd37
0x080DDE34	0x080DDE3D	thumb	SafariHandleCmd38
0x080DDE40	0x080DDE49	thumb	SafariHandleCmd39
0x080DDE4C	0x080DDE55	thumb	SafariHandleCmd40
0x080DDE58	0x080DDE61	thumb	SafariHandleHitAnimation
0x080DDE64	0x080DDE6D	thumb	SafariHandleCmd42
0x080DDE70	0x080DDEB3	thumb	SafariHandlePlaySE
0x080DDEB4	0x080DDEE3	thumb	SafariHandlePlayFanfareOrBGM
0x080DDEE4	0x080DDF1F	thumb	SafariHandleFaintingCry
0x080DDF20	0x080DDF53	thumb	SafariHandleIntroSlide
0x080DDF54	0x080DDFAF	thumb	SafariHandleIntroTrainerBallThrow
0x080DDFB0	0x080DDFB9	thumb	SafariHandleDrawPartyStatusSummary
0x080DDFBC	0x080DDFC5	thumb	SafariHandleHidePartyStatusSummary
0x080DDFC8	0x080DDFD1	thumb	SafariHandleEndBounceEffect
0x080DDFD4	0x080DDFDD	thumb	SafariHandleSpriteInvisibility
0x080DDFE0	0x080DE03B	thumb	SafariHandleBattleAnimation
0x080DE03C	0x080DE045	thumb	SafariHandleLinkStandbyMsg
0x080DE048	0x080DE051	thumb	SafariHandleResetActionMoveSelection
0x080DE054	0x080DE0AF	thumb	SafariHandleCmd55
0x080DE0B0	0x080DE0B1	thumb	SafariCmdEnd
0x080DE0B4	0x080DE0C7	thumb	Unused_StartSweetscentFldeff
0x080DE0C8	0x080DE0E7	thumb	SetUpFieldMove_SweetScent
0x080DE0E8	0x080DE103	thumb	FieldCallback_SweetScent
0x080DE104	0x080DE133	thumb	FldEff_SweetScent
0x080DE134	0x080DE1CF	thumb	StartSweetScentFieldEffect
0x080DE1D0	0x080DE273	thumb	TrySweetScentEncounter
0x080DE274	0x080DE2BF	thumb	FailSweetScentEncounter
0x080DE2C0	0x080DE2FF	thumb	AnimBlackSmoke
0x080DE300	0x080DE349	thumb	AnimBlackSmoke_Step
0x080DE34C	0x080DE39B	thumb	AnimTask_SmokescreenImpact
0x080DE39C	0x080DE3DF	thumb	AnimWhiteHalo
0x080DE3E0	0x080DE41F	thumb	AnimWhiteHalo_Step1
0x080DE420	0x080DE43F	thumb	AnimWhiteHalo_Step2
0x080DE440	0x080DE4DB	thumb	AnimTealAlert
0x080DE4DC	0x080DE507	thumb	AnimMeanLookEye
0x080DE508	0x080DE597	thumb	AnimMeanLookEye_Step1
0x080DE598	0x080DE5DB	thumb	AnimMeanLookEye_Step2
0x080DE5DC	0x080DE687	thumb	AnimMeanLookEye_Step3
0x080DE688	0x080DE6EF	thumb	AnimMeanLookEye_Step4
0x080DE6F0	0x080DE717	thumb	AnimTask_SetPsychicBackground
0x080DE718	0x080DE7B3	thumb	SetPsychicBackground_Step
0x080DE7B4	0x080DE7DB	thumb	AnimTask_FadeScreenToWhite
0x080DE7DC	0x080DE8AF	thumb	FadeScreenToWhite_Step
0x080DE8B0	0x080DE927	thumb	AnimSpikes
0x080DE928	0x080DE957	thumb	AnimSpikes_Step1
0x080DE958	0x080DE99B	thumb	AnimSpikes_Step2
0x080DE99C	0x080DE9D7	thumb	AnimLeer
0x080DE9D8	0x080DEA95	thumb	AnimLetterZ
0x080DEA98	0x080DEAB1	thumb	AnimFang
0x080DEAB4	0x080DEAEF	thumb	AnimTask_IsTargetPlayerSide
0x080DEAF0	0x080DEB1F	thumb	AnimTask_IsHealingMove
0x080DEB20	0x080DEB8B	thumb	AnimSpotlight
0x080DEB8C	0x080DEC57	thumb	AnimSpotlight_Step1
0x080DEC58	0x080DEC8F	thumb	AnimSpotlight_Step2
0x080DEC90	0x080DED47	thumb	AnimClappingHand
0x080DED48	0x080DEDB9	thumb	AnimClappingHand_Step
0x080DEDBC	0x080DEDD7	thumb	AnimClappingHand2
0x080DEDD8	0x080DEE77	thumb	AnimTask_CreateSpotlight
0x080DEE78	0x080DEEBB	thumb	AnimTask_RemoveSpotlight
0x080DEEBC	0x080DEF37	thumb	AnimRapidSpin
0x080DEF38	0x080DEF99	thumb	AnimRapidSpin_Step
0x080DEF9C	0x080DF0C3	thumb	AnimTask_RapinSpinMonElevation
0x080DF0C4	0x080DF1DB	thumb	RapinSpinMonElevation_Step
0x080DF1DC	0x080DF23F	thumb	AnimTask_TormentAttacker
0x080DF240	0x080DF425	thumb	TormentAttacker_Step
0x080DF428	0x080DF467	thumb	TormentAttacker_Callback
0x080DF468	0x080DF523	thumb	AnimTriAttackTriangle
0x080DF524	0x080DF57F	thumb	AnimTask_DefenseCurlDeformMon
0x080DF580	0x080DF687	thumb	AnimBatonPassPokeball
0x080DF688	0x080DF6BF	thumb	AnimWishStar
0x080DF6C0	0x080DF75B	thumb	AnimWishStar_Step
0x080DF75C	0x080DF7BB	thumb	AnimMiniTwinklingStar
0x080DF7BC	0x080DF847	thumb	AnimMiniTwinklingStar_Step
0x080DF848	0x080DF89F	thumb	AnimTask_StockpileDeformMon
0x080DF8A0	0x080DF8F7	thumb	AnimTask_SpitUpDeformMon
0x080DF8F8	0x080DF961	thumb	AnimSwallowBlueOrb
0x080DF964	0x080DF9BB	thumb	AnimTask_SwallowDeformMon
0x080DF9BC	0x080DFBE3	thumb	AnimTask_TransformMon
0x080DFBE4	0x080DFC23	thumb	AnimTask_IsMonInvisible
0x080DFC24	0x080DFC4F	thumb	AnimTask_CastformGfxChange
0x080DFC50	0x080DFEDB	thumb	AnimTask_MorningSunLightBeam
0x080DFEDC	0x080E001B	thumb	AnimGreenStar
0x080E001C	0x080E00CB	thumb	AnimGreenStar_Step1
0x080E00CC	0x080E0127	thumb	AnimGreenStar_Step2
0x080E0128	0x080E017B	thumb	AnimGreenStar_Callback
0x080E017C	0x080E0487	thumb	AnimTask_DoomDesireLightBeam
0x080E0488	0x080E04DF	thumb	AnimTask_StrongFrustrationGrowAndShrink
0x080E04E0	0x080E0557	thumb	AnimWeakFrustrationAngerMark
0x080E0558	0x080E0627	thumb	AnimTask_RockMonBackAndForth
0x080E0628	0x080E078D	thumb	AnimTask_RockMonBackAndForth_Step
0x080E0790	0x080E07DF	thumb	AnimSweetScentPetal
0x080E07E0	0x080E084F	thumb	AnimSweetScentPetal_Step
0x080E0850	0x080E08A3	thumb	AnimTask_FlailMovement
0x080E08A4	0x080E0A3B	thumb	AnimTask_FlailMovement_Step
0x080E0A3C	0x080E0AFF	thumb	AnimPainSplitProjectile
0x080E0B00	0x080E0C67	thumb	AnimTask_PainSplitMovement
0x080E0C68	0x080E0D13	thumb	AnimFlatterConfetti
0x080E0D14	0x080E0D73	thumb	AnimFlatterConfetti_Step
0x080E0D74	0x080E0DEB	thumb	AnimFlatterSpotlight
0x080E0DEC	0x080E0E93	thumb	AnimFlatterSpotlight_Step
0x080E0E94	0x080E0EDB	thumb	AnimReversalOrb
0x080E0EDC	0x080E0FB7	thumb	AnimReversalOrb_Step
0x080E0FB8	0x080E1217	thumb	AnimTask_RolePlaySilhouette
0x080E1218	0x080E1273	thumb	AnimTask_RolePlaySilhouette_Step1
0x080E1274	0x080E12F7	thumb	AnimTask_RolePlaySilhouette_Step2
0x080E12F8	0x080E144F	thumb	AnimTask_AcidArmor
0x080E1450	0x080E1703	thumb	AnimTask_AcidArmor_Step
0x080E1704	0x080E174B	thumb	AnimTask_DeepInhale
0x080E174C	0x080E17E3	thumb	AnimTask_DeepInhale_Step
0x080E17E4	0x080E184B	thumb	InitYawnCloudPosition
0x080E184C	0x080E1869	thumb	UpdateYawnCloudPosition
0x080E186C	0x080E18BB	thumb	AnimYawnCloud
0x080E18BC	0x080E1927	thumb	AnimYawnCloud_Step
0x080E1928	0x080E198F	thumb	AnimSmokeBallEscapeCloud
0x080E1990	0x080E1AD7	thumb	AnimTask_SlideMonForFocusBand_Step2
0x080E1AD8	0x080E1C47	thumb	AnimTask_SlideMonForFocusBand_Step1
0x080E1C48	0x080E1D5B	thumb	AnimTask_SlideMonForFocusBand
0x080E1D5C	0x080E1DFF	thumb	AnimTask_SquishAndSweatDroplets
0x080E1E00	0x080E1E97	thumb	AnimTask_SquishAndSweatDroplets_Step
0x080E1E98	0x080E1F73	thumb	CreateSweatDroplets
0x080E1F74	0x080E1FC3	thumb	AnimFacadeSweatDrop
0x080E1FC4	0x080E201B	thumb	AnimTask_FacadeColorBlend
0x080E201C	0x080E2083	thumb	AnimTask_FacadeColorBlend_Step
0x080E2084	0x080E20D3	thumb	AnimTask_StatusClearedEffect
0x080E20D4	0x080E2193	thumb	AnimRoarNoiseLine
0x080E2194	0x080E21CB	thumb	AnimRoarNoiseLine_Step
0x080E21CC	0x080E22A7	thumb	AnimTask_GlareEyeDots
0x080E22A8	0x080E23E5	thumb	AnimTask_GlareEyeDots_Step
0x080E23E8	0x080E249D	thumb	GetGlareEyeDotCoords
0x080E24A0	0x080E24DF	thumb	AnimGlareEyeDot
0x080E24E0	0x080E2517	thumb	AnimAssistPawprint
0x080E2518	0x080E2667	thumb	AnimTask_BarrageBall
0x080E2668	0x080E2773	thumb	AnimTask_BarrageBall_Step
0x080E2774	0x080E281F	thumb	AnimSmellingSaltsHand
0x080E2820	0x080E28DB	thumb	AnimSmellingSaltsHand_Step
0x080E28DC	0x080E2933	thumb	AnimTask_SmellingSaltsSquish
0x080E2934	0x080E29EF	thumb	AnimTask_SmellingSaltsSquish_Step
0x080E29F0	0x080E2A57	thumb	AnimSmellingSaltExclamation
0x080E2A58	0x080E2AAF	thumb	AnimSmellingSaltExclamation_Step
0x080E2AB0	0x080E2AFB	thumb	AnimHelpingHandClap
0x080E2AFC	0x080E2CE1	thumb	AnimHelpingHandClap_Step
0x080E2CE4	0x080E2D73	thumb	AnimTask_HelpingHandAttackerMovement
0x080E2D74	0x080E2F13	thumb	AnimTask_HelpingHandAttackerMovement_Step
0x080E2F14	0x080E2F97	thumb	AnimForesightMagnifyingGlass
0x080E2F98	0x080E319B	thumb	AnimForesightMagnifyingGlass_Step
0x080E319C	0x080E321B	thumb	AnimMeteorMashStar_Step
0x080E321C	0x080E3293	thumb	AnimMeteorMashStar
0x080E3294	0x080E3373	thumb	AnimTask_MonToSubstitute
0x080E3374	0x080E34CF	thumb	AnimTask_MonToSubstituteDoll
0x080E34D0	0x080E3533	thumb	AnimBlockX
0x080E3534	0x080E3663	thumb	AnimBlockX_Step
0x080E3664	0x080E37D3	thumb	AnimTask_OdorSleuthMovement
0x080E37D4	0x080E37FB	thumb	AnimTask_OdorSleuthMovementWaitFinish
0x080E37FC	0x080E38D7	thumb	MoveOdorSleuthClone
0x080E38D8	0x080E392B	thumb	AnimTask_GetReturnPowerLevel
0x080E392C	0x080E3E83	thumb	AnimTask_SnatchOpposingMonMove
0x080E3E84	0x080E3FBD	thumb	AnimUnusedItemBagSteal
0x080E3FC0	0x080E415F	thumb	AnimTask_SnatchPartnerMove
0x080E4160	0x080E41D7	thumb	AnimTask_TeeterDanceMovement
0x080E41D8	0x080E42DB	thumb	AnimTask_TeeterDanceMovement_Step
0x080E42DC	0x080E4333	thumb	AnimKnockOffStrike_Step
0x080E4334	0x080E43A3	thumb	AnimKnockOffStrike
0x080E43A4	0x080E43EF	thumb	AnimRecycle
0x080E43F0	0x080E44E9	thumb	AnimRecycle_Step
0x080E44EC	0x080E453D	thumb	AnimTask_GetWeather
0x080E4540	0x080E4587	thumb	AnimTask_SlackOffSquish
0x080E4588	0x080E461F	thumb	AnimTask_SlackOffSquish_Step
0x080E4620	0x080E4631	thumb	VBlankCB_MoveRelearner
0x080E4634	0x080E465F	thumb	TeachMoveRelearnerMove
0x080E4660	0x080E469B	thumb	Task_InitMoveRelearnerMenu
0x080E469C	0x080E478B	thumb	MoveRelearnerLoadBgGfx
0x080E478C	0x080E47FF	thumb	CB2_MoveRelearner_Init
0x080E4800	0x080E486F	thumb	CB2_MoveRelearner_Resume
0x080E4870	0x080E48BF	thumb	CB2_MoveRelearner
0x080E48C0	0x080E48F3	thumb	StringExpandPlaceholdersAndPrintTextOnWindow7Color2
0x080E48F4	0x080E4EEF	thumb	MoveRelearnerStateMachine
0x080E4EF0	0x080E4F0B	thumb	DrawTextBorderOnWindows6and7
0x080E4F0C	0x080E4F53	thumb	PrintTeachWhichMoveToStrVar1
0x080E4F54	0x080E4FAB	thumb	InitMoveRelearnerStateVariables
0x080E4FAC	0x080E5001	thumb	SpriteCB_ListMenuScrollIndicators
0x080E5004	0x080E50CB	thumb	SpawnListMenuScrollIndicatorSprites
0x080E50CC	0x080E5203	thumb	MoveRelearnerInitListMenuBuffersEtc
0x080E5204	0x080E52FF	thumb	MoveRelearnerMenuHandleInput
0x080E5300	0x080E533F	thumb	MoveLearnerInitListMenu
0x080E5340	0x080E5443	thumb	PrintMoveInfo
0x080E5444	0x080E54BF	thumb	LoadMoveInfoUI
0x080E54C0	0x080E5539	thumb	PrintMoveInfoHandleCancel_CopyToVram
0x080E553C	0x080E5573	thumb	MoveRelearnerMenu_MoveCursorFunc
0x080E5574	0x080E559B	thumb	YesNoMenuProcessInput
0x080E559C	0x080E5683	thumb	PrintTextOnWindow
0x080E5684	0x080E56DB	thumb	SetUpFieldMove_SoftBoiled
0x080E56DC	0x080E5723	thumb	ChooseMonForSoftboiled
0x080E5724	0x080E57E7	thumb	Task_TryUseSoftboiledOnPartyMon
0x080E57E8	0x080E583B	thumb	Task_SoftboiledRestoreHealth
0x080E583C	0x080E589F	thumb	Task_DisplayHPRestoredMessage
0x080E58A0	0x080E58FF	thumb	Task_FinishSoftboiled
0x080E5900	0x080E5933	thumb	Task_ChooseNewMonForSoftboiled
0x080E5934	0x080E596F	thumb	CantUseSoftboiledOnMon
0x080E5970	0x080E5A37	thumb	BattleTowerMapScript2
0x080E5A38	0x080E5A6F	thumb	ResetBattleTowerStreak
0x080E5A70	0x080E5B13	thumb	ShouldBattleEReaderTrainer
0x080E5B14	0x080E5C27	thumb	ChooseSpecialBattleTowerTrainer
0x080E5C28	0x080E5E5B	thumb	ChooseNextBattleTowerTrainer
0x080E5E5C	0x080E5E6F	thumb	SetBattleTowerTrainerGfxId
0x080E5E70	0x080E5E7B	thumb	SetEReaderTrainerGfxId
0x080E5E7C	0x080E6077	thumb	UpdateOrInsertReceivedBattleTowerRecord
0x080E6078	0x080E60E3	thumb	GetBattleTowerTrainerFrontSpriteId
0x080E60E4	0x080E614F	thumb	GetBattleTowerTrainerClassNameId
0x080E6150	0x080E61D9	thumb	GetBattleTowerTrainerName
0x080E61DC	0x080E64BF	thumb	FillBattleTowerTrainerParty
0x080E64C0	0x080E6563	thumb	AppendBattleTowerBannedSpeciesName
0x080E6564	0x080E6647	thumb	CheckMonBattleTowerBanlist
0x080E6648	0x080E678B	thumb	CheckPartyBattleTowerBanlist
0x080E678C	0x080E67FB	thumb	BufferBattleTowerTrainerMessage
0x080E67FC	0x080E6853	thumb	PrintBattleTowerTrainerGreeting
0x080E6854	0x080E68C3	thumb	CB2_FinishEReaderBattle
0x080E68C4	0x080E68FF	thumb	Task_WaitBT
0x080E6900	0x080E6A0B	thumb	StartSpecialBattle
0x080E6A0C	0x080E6C8B	thumb	SetBattleTowerProperty
0x080E6C8C	0x080E6E13	thumb	BattleTowerUtil
0x080E6E14	0x080E6E47	thumb	SetBattleTowerParty
0x080E6E48	0x080E6EDF	thumb	SaveCurrentWinStreak
0x080E6EE0	0x080E6FB7	thumb	SetPlayerBattleTowerRecord
0x080E6FB8	0x080E7057	thumb	SaveBattleTowerProgress
0x080E7058	0x080E7061	thumb	BattleTower_SoftReset
0x080E7064	0x080E70F3	thumb	ValidateBattleTowerRecordChecksums
0x080E70F4	0x080E7115	thumb	SetBattleTowerRecordChecksum
0x080E7118	0x080E7129	thumb	ClearBattleTowerRecord
0x080E712C	0x080E7187	thumb	PopulateBravoTrainerBattleTowerLostData
0x080E7188	0x080E71CF	thumb	GetCurrentBattleTowerWinStreak
0x080E71D0	0x080E724B	thumb	DetermineBattleTowerPrize
0x080E724C	0x080E72B7	thumb	GiveBattleTowerPrize
0x080E72B8	0x080E7347	thumb	AwardBattleTowerRibbons
0x080E7348	0x080E741F	thumb	Debug_FillEReaderTrainerWithPlayerData
0x080E7420	0x080E743F	thumb	GetEreaderTrainerFrontSpriteId
0x080E7440	0x080E745F	thumb	GetEreaderTrainerClassId
0x080E7460	0x080E748F	thumb	CopyEReaderTrainerName5
0x080E7490	0x080E74FF	thumb	ValidateEReaderTrainer
0x080E7500	0x080E7521	thumb	SetEReaderTrainerChecksum
0x080E7524	0x080E7535	thumb	ClearEReaderTrainer
0x080E7538	0x080E754F	thumb	BufferEReaderTrainerGreeting
0x080E7550	0x080E759B	thumb	PrintEReaderTrainerFarewellMessage
0x080E759C	0x080E75A9	thumb	Dummy_TryEnableBravoTrainerBattleTower
0x080E75AC	0x080E75AD	thumb	OakOldManDummy
0x080E75B0	0x080E75EB	thumb	SetControllerToOakOrOldMan
0x080E75EC	0x080E763B	thumb	OakOldManBufferRunCommand
0x080E763C	0x080E7841	thumb	HandleInputChooseAction
0x080E7844	0x080E78DD	thumb	SimulateInputChooseAction
0x080E78E0	0x080E7917	thumb	CompleteOnBattlerSpriteCallbackDummy
0x080E7918	0x080E792D	thumb	CompleteOnInactiveTextPrinter
0x080E7930	0x080E796F	thumb	OakOldManSetBattleEndCallbacks
0x080E7970	0x080E7987	thumb	CompleteOnSpecialAnimDone
0x080E7988	0x080E79B7	thumb	OakOldManHandleInputChooseMove
0x080E79B8	0x080E7A13	thumb	OpenPartyMenuToChooseMon
0x080E7A14	0x080E7A6D	thumb	WaitForMonSelection
0x080E7A70	0x080E7AC3	thumb	OpenBagAndChooseItem
0x080E7AC4	0x080E7B4B	thumb	CompleteWhenChoseItem
0x080E7B4C	0x080E7CD7	thumb	Intro_TryShinyAnimShowHealthbox
0x080E7CD8	0x080E7E03	thumb	Intro_WaitForShinyAnimAndHealthbox
0x080E7E04	0x080E7F7B	thumb	Task_GiveExpToMon
0x080E7F7C	0x080E804B	thumb	Task_PrepareToGiveExpWithExpBar
0x080E804C	0x080E818F	thumb	Task_GiveExpWithExpBar
0x080E8190	0x080E81EF	thumb	Task_LaunchLvlUpAnim
0x080E81F0	0x080E82A7	thumb	Task_UpdateLvlInHealthbox
0x080E82A8	0x080E82F3	thumb	DestroyExpTaskAndCompleteOnInactiveTextPrinter
0x080E82F4	0x080E835B	thumb	FreeMonSpriteAfterFaintAnim
0x080E835C	0x080E856F	thumb	PrintOakText_ForPetesSake
0x080E8570	0x080E8583	thumb	PrintOakText_InflictingDamageIsKey
0x080E8584	0x080E8597	thumb	PrintOakText_LoweringStats
0x080E8598	0x080E85AB	thumb	PrintOakText_OakNoRunningFromATrainer
0x080E85AC	0x080E85BF	thumb	PrintOakText_WinEarnsPrizeMoney
0x080E85C0	0x080E85D3	thumb	PrintOakText_HowDisappointing
0x080E85D4	0x080E8703	thumb	PrintOakTextWithMainBgDarkened
0x080E8704	0x080E88BF	thumb	PrintOakText_KeepAnEyeOnHP
0x080E88C0	0x080E892F	thumb	CompleteOnHealthbarDone
0x080E8930	0x080E8945	thumb	CompleteOnInactiveTextPrinter2
0x080E8948	0x080E89C3	thumb	DoHitAnimBlinkSpriteEffect
0x080E89C4	0x080E8A33	thumb	DoSwitchOutAnimation
0x080E8A34	0x080E8A6B	thumb	CompleteOnBattlerSpriteCallbackDummy2
0x080E8A6C	0x080E8A9B	thumb	CompleteOnFinishedBattleAnimation
0x080E8A9C	0x080E8B13	thumb	OakOldManBufferExecCompleted
0x080E8B14	0x080E8B43	thumb	CompleteOnFinishedStatusAnimation
0x080E8B44	0x080E8BB5	thumb	OakOldManHandleGetMonData
0x080E8BB8	0x080E9363	thumb	CopyOakOldManMonData
0x080E9364	0x080E936D	thumb	OakOldManHandleGetRawMonData
0x080E9370	0x080E93C7	thumb	OakOldManHandleSetMonData
0x080E93C8	0x080E9DC3	thumb	SetOakOldManMonData
0x080E9DC4	0x080E9DCD	thumb	OakOldManHandleSetRawMonData
0x080E9DD0	0x080E9DD9	thumb	OakOldManHandleLoadMonSprite
0x080E9DDC	0x080E9DE5	thumb	OakOldManHandleSwitchInAnim
0x080E9DE8	0x080E9E6B	thumb	OakOldManHandleReturnMonToBall
0x080E9E6C	0x080E9FAF	thumb	OakOldManHandleDrawTrainerPic
0x080E9FB0	0x080EA0F3	thumb	OakOldManHandleTrainerSlide
0x080EA0F4	0x080EA0FD	thumb	OakOldManHandleTrainerSlideBack
0x080EA100	0x080EA1EB	thumb	OakOldManHandleFaintAnimation
0x080EA1EC	0x080EA1F5	thumb	OakOldManHandlePaletteFade
0x080EA1F8	0x080EA24B	thumb	OakOldManHandleSuccessBallThrowAnim
0x080EA24C	0x080EA2AB	thumb	OakOldManHandleBallThrowAnim
0x080EA2AC	0x080EA2B5	thumb	OakOldManHandlePause
0x080EA2B8	0x080EA3DF	thumb	OakOldManHandleMoveAnimation
0x080EA3E0	0x080EA52B	thumb	OakOldManDoMoveAnimation
0x080EA52C	0x080EA66B	thumb	OakOldManHandlePrintString
0x080EA66C	0x080EA68F	thumb	OakOldManHandlePrintSelectionString
0x080EA690	0x080EA6FB	thumb	HandleChooseActionAfterDma3
0x080EA6FC	0x080EA78B	thumb	OakOldManHandleChooseAction
0x080EA78C	0x080EA795	thumb	OakOldManHandleUnknownYesNoBox
0x080EA798	0x080EA7DB	thumb	OakHandleChooseMove_WaitDma3
0x080EA7DC	0x080EA86F	thumb	OakOldManHandleChooseMove
0x080EA870	0x080EA8D3	thumb	OakOldManHandleChooseItem
0x080EA8D4	0x080EA9AB	thumb	OakOldManHandleChoosePokemon
0x080EA9AC	0x080EA9B5	thumb	OakOldManHandleCmd23
0x080EA9B8	0x080EAAB7	thumb	OakOldManHandleHealthBarUpdate
0x080EAAB8	0x080EAB53	thumb	OakOldManHandleExpUpdate
0x080EAB54	0x080EAB5D	thumb	OakOldManHandleStatusIconUpdate
0x080EAB60	0x080EAB69	thumb	OakOldManHandleStatusAnimation
0x080EAB6C	0x080EAB75	thumb	OakOldManHandleStatusXor
0x080EAB78	0x080EAB81	thumb	OakOldManHandleDataTransfer
0x080EAB84	0x080EAB8D	thumb	OakOldManHandleDMA3Transfer
0x080EAB90	0x080EAB99	thumb	OakOldManHandlePlayBGM
0x080EAB9C	0x080EABA5	thumb	OakOldManHandleCmd32
0x080EABA8	0x080EABB1	thumb	OakOldManHandleTwoReturnValues
0x080EABB4	0x080EABBD	thumb	OakOldManHandleChosenMonReturnValue
0x080EABC0	0x080EABC9	thumb	OakOldManHandleOneReturnValue
0x080EABCC	0x080EABD5	thumb	OakOldManHandleOneReturnValue_Duplicate
0x080EABD8	0x080EABE1	thumb	OakOldManHandleCmd37
0x080EABE4	0x080EABED	thumb	OakOldManHandleCmd38
0x080EABF0	0x080EABF9	thumb	OakOldManHandleCmd39
0x080EABFC	0x080EAC05	thumb	OakOldManHandleCmd40
0x080EAC08	0x080EAC77	thumb	OakOldManHandleHitAnimation
0x080EAC78	0x080EAC81	thumb	OakOldManHandleCmd42
0x080EAC84	0x080EACB3	thumb	OakOldManHandlePlaySE
0x080EACB4	0x080EACE3	thumb	OakOldManHandlePlayFanfare
0x080EACE4	0x080EAD1F	thumb	OakOldManHandleFaintingCry
0x080EAD20	0x080EAD53	thumb	OakOldManHandleIntroSlide
0x080EAD54	0x080EAF33	thumb	OakOldManHandleIntroTrainerBallThrow
0x080EAF34	0x080EB0A7	thumb	StartSendOutAnim
0x080EB0A8	0x080EB11B	thumb	Task_StartSendOutAnim
0x080EB11C	0x080EB19F	thumb	OakOldManHandleDrawPartyStatusSummary
0x080EB1A0	0x080EB1A9	thumb	OakOldManHandleHidePartyStatusSummary
0x080EB1AC	0x080EB1CF	thumb	OakOldManHandleEndBounceEffect
0x080EB1D0	0x080EB1D9	thumb	OakOldManHandleSpriteInvisibility
0x080EB1DC	0x080EB237	thumb	OakOldManHandleBattleAnimation
0x080EB238	0x080EB273	thumb	OakOldManHandleLinkStandbyMsg
0x080EB274	0x080EB27D	thumb	OakOldManHandleResetActionMoveSelection
0x080EB280	0x080EB2DB	thumb	OakOldManHandleCmd55
0x080EB2DC	0x080EB2DD	thumb	OakOldManCmdEnd
0x080EB2E0	0x080EB2F3	thumb	BtlCtrl_OakOldMan_TestState2Flag
0x080EB2F4	0x080EB30B	thumb	BtlCtrl_OakOldMan_SetState2Flag
0x080EB30C	0x080EB523	thumb	BtlCtrl_DrawVoiceoverMessageFrame
0x080EB524	0x080EB655	thumb	BtlCtrl_RemoveVoiceoverMessageFrame
0x080EB658	0x080EB6AB	thumb	NewGameInitPCItems
0x080EB6AC	0x080EB6FB	thumb	BedroomPC
0x080EB6FC	0x080EB74B	thumb	PlayerPC
0x080EB74C	0x080EB81B	thumb	Task_DrawPlayerPcTopMenu
0x080EB81C	0x080EB8BB	thumb	Task_TopMenuHandleInput
0x080EB8BC	0x080EB8E3	thumb	Task_ReturnToTopMenu
0x080EB8E4	0x080EB90F	thumb	Task_PlayerPcItemStorage
0x080EB910	0x080EB9B7	thumb	Task_PlayerPcMailbox
0x080EB9B8	0x080EB9E7	thumb	Task_PlayerPcTurnOff
0x080EB9E8	0x080EBA8B	thumb	Task_CreateItemStorageSubmenu
0x080EBA8C	0x080EBAB5	thumb	PrintStringOnWindow0WithDialogueFrame
0x080EBAB8	0x080EBB6F	thumb	Task_TopMenu_ItemStorageSubmenu_HandleInput
0x080EBB70	0x080EBBB3	thumb	Task_DepositItem_WaitFadeAndGoToBag
0x080EBBB4	0x080EBBDB	thumb	Task_PlayerPcDepositItem
0x080EBBDC	0x080EBC0B	thumb	Task_ReturnToItemStorageSubmenu
0x080EBC0C	0x080EBC37	thumb	CB2_ReturnFromDepositMenu
0x080EBC38	0x080EBCAB	thumb	Task_PlayerPcWithdrawItem
0x080EBCAC	0x080EBCD7	thumb	CB2_ReturnFromWithdrawMenu
0x080EBCD8	0x080EBD17	thumb	Task_WithdrawItem_WaitFadeAndGoToItemStorage
0x080EBD18	0x080EBD47	thumb	Task_WithdrawItemBeginFade
0x080EBD48	0x080EBD87	thumb	Task_PlayerPcCancel
0x080EBD88	0x080EBDC7	thumb	Task_SetPageItemVars
0x080EBDC8	0x080EBE03	thumb	CountPCMail
0x080EBE04	0x080EBEAF	thumb	PCMailCompaction
0x080EBEB0	0x080EBF3F	thumb	Task_DrawMailboxPcMenu
0x080EBF40	0x080EBFFB	thumb	Task_MailboxPcHandleInput
0x080EBFFC	0x080EC093	thumb	Task_PrintWhatToDoWithSelectedMail
0x080EC094	0x080EC0D7	thumb	Task_DestroyMailboxPcViewAndCancel
0x080EC0D8	0x080EC15B	thumb	Task_DrawMailSubmenu
0x080EC15C	0x080EC1A7	thumb	Task_MailSubmenuHandleInput
0x080EC1A8	0x080EC1D3	thumb	Task_PlayerPcReadMail
0x080EC1D4	0x080EC22F	thumb	Task_WaitFadeAndReadSelectedMail
0x080EC230	0x080EC25F	thumb	Task_WaitFadeAndReturnToMailboxPcInputHandler
0x080EC260	0x080EC2BF	thumb	CB2_ReturnToMailbox
0x080EC2C0	0x080EC2DF	thumb	CB2_SetCbToReturnToMailbox
0x080EC2E0	0x080EC2FB	thumb	Task_PlayerPcMoveMailToBag
0x080EC2FC	0x080EC323	thumb	Task_DrawYesNoMenuToConfirmMoveToBag
0x080EC324	0x080EC361	thumb	Task_MoveToBagYesNoMenuHandleInput
0x080EC364	0x080EC3F7	thumb	Task_TryPutMailInBag_DestroyMsgIfSuccessful
0x080EC3F8	0x080EC405	thumb	Task_DeclinedMoveMailToBag
0x080EC408	0x080EC443	thumb	Task_PlayerPcGiveMailToMon
0x080EC444	0x080EC473	thumb	Task_WaitFadeAndGoToPartyMenu
0x080EC474	0x080EC4FF	thumb	CB2_ReturnToMailboxPc_UpdateScrollVariables
0x080EC500	0x080EC51F	thumb	Mailbox_ReturnToMailListAfterDeposit
0x080EC520	0x080EC53B	thumb	Task_Error_NoPokemon
0x080EC53C	0x080EC573	thumb	Task_RedrawPlayerPcMailboxAndSetUpInputHandler
0x080EC574	0x080EC5A3	thumb	Task_PlayerPcExitMailSubmenu
0x080EC5A4	0x080EC5B5	thumb	VBlankCB_Copyright
0x080EC5B8	0x080EC5D3	thumb	CB2_WaitFadeBeforeSetUpIntro
0x080EC5D4	0x080EC61B	thumb	LoadCopyrightGraphics
0x080EC61C	0x080EC62B	thumb	SerialCB_CopyrightScreen
0x080EC62C	0x080EC81F	thumb	SetUpCopyrightScreen
0x080EC820	0x080EC863	thumb	CB2_InitCopyrightScreenAfterBootup
0x080EC864	0x080EC86D	thumb	CB2_InitCopyrightScreenAfterTitleScreen
0x080EC870	0x080EC9D3	thumb	CB2_SetUpIntro
0x080EC9D4	0x080EC9E9	thumb	CB2_Intro
0x080EC9EC	0x080EC9FD	thumb	VBlankCB_Intro
0x080ECA00	0x080ECA6F	thumb	Intro_ResetGpuRegs
0x080ECA70	0x080ECAA7	thumb	StartIntroSequence
0x080ECAA8	0x080ECAAF	thumb	SetIntroCB
0x080ECAB0	0x080ECAEF	thumb	Task_CallIntroCallback
0x080ECAF0	0x080ECB97	thumb	IntroCB_Init
0x080ECB98	0x080ECC3B	thumb	IntroCB_GF_OpenWindow
0x080ECC3C	0x080ECCA7	thumb	IntroCB_GF_Star
0x080ECCA8	0x080ECD5F	thumb	IntroCB_GF_RevealName
0x080ECD60	0x080ECEA3	thumb	IntroCB_GF_RevealLogo
0x080ECEA4	0x080ED0AB	thumb	IntroCB_Scene1
0x080ED0AC	0x080ED117	thumb	Scene1_Task_AnimateGrass
0x080ED118	0x080ED13F	thumb	Scene1_StartGrassScrolling
0x080ED140	0x080ED187	thumb	Scene1_Task_BgZoom
0x080ED188	0x080ED40B	thumb	IntroCB_Scene2
0x080ED40C	0x080ED427	thumb	Scene2_Task_PanForest
0x080ED428	0x080ED441	thumb	Scene2_Task_PanMons
0x080ED444	0x080ED49F	thumb	Scene2_CreateMonSprites
0x080ED4A0	0x080ED4BD	thumb	Scene2_DestroyMonSprites
0x080ED4C0	0x080ED69B	thumb	IntroCB_Scene3_Entrance
0x080ED69C	0x080ED6D5	thumb	Scene3_Task_BgScroll
0x080ED6D8	0x080ED6EB	thumb	Scene3_StartBgScroll
0x080ED6EC	0x080ED713	thumb	Scene3_SlowBgScroll
0x080ED714	0x080ED75F	thumb	Scene3_Task_GengarBounce
0x080ED760	0x080ED787	thumb	Scene3_PauseGengarBounce
0x080ED788	0x080ED7AF	thumb	Scene3_ResumeGengarBounce
0x080ED7B0	0x080ED7D3	thumb	Scene3_IsGengarMidBounce
0x080ED7D4	0x080ED815	thumb	Scene3_CreateGrassSprite
0x080ED818	0x080ED897	thumb	SpriteCB_Grass
0x080ED898	0x080EDAD7	thumb	IntroCB_Scene3_Fight
0x080EDAD8	0x080EDAED	thumb	Scene3_CalcCenterToCornerVec
0x080EDAF0	0x080EDB6F	thumb	Scene3_CreateGengarSprite
0x080EDB70	0x080EDBA7	thumb	Scene3_NidorinoZoom
0x080EDBA8	0x080EDBA9	thumb	SpriteCB_Idle
0x080EDBAC	0x080EDBE7	thumb	Scene3_GengarZoom
0x080EDBE8	0x080EDC3F	thumb	IntroCB_ExitToTitleScreen
0x080EDC40	0x080EDD27	thumb	GFScene_LoadGfxCreateStar
0x080EDD28	0x080EDDEF	thumb	GFScene_CreateStarSparkle
0x080EDDF0	0x080EDE03	thumb	GFScene_StartNameSparklesSmall
0x080EDE04	0x080EDED5	thumb	GFScene_Task_NameSparklesSmall
0x080EDED8	0x080EDEEB	thumb	GFScene_StartNameSparklesBig
0x080EDEEC	0x080EDF67	thumb	GFScene_Task_NameSparklesBig
0x080EDF68	0x080EDF93	thumb	GFScene_CreateLogoSprite
0x080EDF94	0x080EDFD7	thumb	Scene3_StartGengarAttack
0x080EDFD8	0x080EE023	thumb	Scene3_ApplyGengarAnim
0x080EE024	0x080EE15F	thumb	Scene3_Task_GengarAttack
0x080EE160	0x080EE1C3	thumb	Scene3_CreateGengarSwipeSprites
0x080EE1C4	0x080EE1FD	thumb	SpriteCB_GengarSwipe
0x080EE200	0x080EE29B	thumb	Scene3_Task_GengarEnter
0x080EE29C	0x080EE34F	thumb	SpriteCB_Star
0x080EE350	0x080EE40B	thumb	SpriteCB_SparklesSmall_Star
0x080EE40C	0x080EE4D9	thumb	SpriteCB_SparklesSmall_Name
0x080EE4DC	0x080EE4F5	thumb	SpriteCB_SparklesBig
0x080EE4F8	0x080EE527	thumb	Scene3_CreateNidorinoSprite
0x080EE528	0x080EE57F	thumb	Scene3_StartNidorinoEntrance
0x080EE580	0x080EE5C7	thumb	Scene3_SpriteCB_NidorinoEnter
0x080EE5C8	0x080EE5E3	thumb	Scene3_IsNidorinoEntering
0x080EE5E4	0x080EE60F	thumb	Scene3_StartNidorinoCry
0x080EE610	0x080EE6A3	thumb	SpriteCB_NidorinoCry
0x080EE6A4	0x080EE703	thumb	Scene3_StartNidorinoRecoil
0x080EE704	0x080EE84F	thumb	SpriteCB_NidorinoRecoil
0x080EE850	0x080EE863	thumb	Scene3_NidorinoAnimIsRunning
0x080EE864	0x080EE8E3	thumb	CreateNidorinoRecoilDustSprites
0x080EE8E4	0x080EE96F	thumb	SpriteCB_RecoilDust
0x080EE970	0x080EE9D3	thumb	Scene3_StartNidorinoHop
0x080EE9D4	0x080EEA93	thumb	SpriteCB_NidorinoHop
0x080EEA94	0x080EEB07	thumb	Scene3_StartNidorinoAttack
0x080EEB08	0x080EEBE3	thumb	SpriteCB_NidorinoAttack
0x080EEBE4	0x080EEC0B	thumb	LoadFightSceneSpriteGraphics
0x080EEC0C	0x080EEDF3	thumb	AnimTask_LevelUpHealthBox
0x080EEDF4	0x080EEFC7	thumb	AnimTask_UnusedLevelUpHealthBox_Step
0x080EEFC8	0x080EF0B3	thumb	DoLoadHealthboxPalsForLevelUp
0x080EF0B4	0x080EF0DF	thumb	AnimTask_LoadHealthboxPalsForLevelUp
0x080EF0E0	0x080EF17F	thumb	DoFreeHealthboxPalsForLevelUp
0x080EF180	0x080EF19F	thumb	AnimTask_FreeHealthboxPalsForLevelUp
0x080EF1A0	0x080EF1CB	thumb	AnimTask_FlashHealthboxOnLevelUp
0x080EF1CC	0x080EF297	thumb	AnimTask_FlashHealthboxOnLevelUp_Step
0x080EF298	0x080EF343	thumb	AnimTask_SwitchOutShrinkMon
0x080EF344	0x080EF48F	thumb	AnimTask_SwitchOutBallEffect
0x080EF490	0x080EF4B7	thumb	AnimTask_LoadBallGfx
0x080EF4B8	0x080EF4DF	thumb	AnimTask_FreeBallGfx
0x080EF4E0	0x080EF52B	thumb	AnimTask_IsBallBlockedByTrainerOrDodged
0x080EF52C	0x080EF5A9	thumb	ItemIdToBallId
0x080EF5AC	0x080EF697	thumb	AnimTask_ThrowBall
0x080EF698	0x080EF6D3	thumb	AnimTask_ThrowBall_WaitAnimObjComplete
0x080EF6D4	0x080EF7EB	thumb	AnimTask_ThrowBallSpecial
0x080EF7EC	0x080EF863	thumb	AnimTask_ThrowBallSpecial_PlaySfx
0x080EF864	0x080EF8BF	thumb	AnimTask_ThrowBallSpecial_ResetPlayerSprite
0x080EF8C0	0x080EF8EF	thumb	SpriteCB_ThrowBall_Init
0x080EF8F0	0x080EF9B3	thumb	SpriteCB_ThrowBall_ArcFlight
0x080EF9B4	0x080EFA0B	thumb	SpriteCB_ThrowBall_TenFrameDelay
0x080EFA0C	0x080EFB57	thumb	SpriteCB_ThrowBall_ShrinkMon
0x080EFB58	0x080EFB9B	thumb	SpriteCB_ThrowBall_InitialFall
0x080EFB9C	0x080EFC9F	thumb	SpriteCB_ThrowBall_Bounce
0x080EFCA0	0x080EFCEB	thumb	SpriteCB_ThrowBall_InitShake
0x080EFCEC	0x080EFF7F	thumb	SpriteCB_ThrowBall_DoShake
0x080EFF80	0x080EFFA3	thumb	SpriteCB_ThrowBall_DelayThenBreakOut
0x080EFFA4	0x080EFFC3	thumb	SpriteCB_ThrowBall_InitClick
0x080EFFC4	0x080F00A3	thumb	SpriteCB_ThrowBall_DoClick
0x080F00A4	0x080F018B	thumb	SpriteCB_ThrowBall_FinishClick
0x080F018C	0x080F01B5	thumb	BattleAnimObj_SignalEnd
0x080F01B8	0x080F0277	thumb	CreateStarsWhenBallClicks
0x080F0278	0x080F02AD	thumb	SpriteCB_BallCaptureSuccessStar
0x080F02B0	0x080F0377	thumb	SpriteCB_ThrowBall_BeginBreakOut
0x080F0378	0x080F0477	thumb	SpriteCB_ThrowBall_RunBreakOut
0x080F0478	0x080F04B3	thumb	TrainerBallBlock
0x080F04B4	0x080F052B	thumb	TrainerBallBlock2
0x080F052C	0x080F0573	thumb	GhostBallDodge
0x080F0574	0x080F05B3	thumb	GhostBallDodge2
0x080F05B4	0x080F05EB	thumb	LoadBallParticleGfx
0x080F05EC	0x080F0673	thumb	AnimateBallOpenParticles
0x080F0674	0x080F06A3	thumb	IncrementBattleParticleCounter
0x080F06A4	0x080F07BB	thumb	PokeBallOpenParticleAnimation
0x080F07BC	0x080F07DB	thumb	PokeBallOpenParticleAnimation_Step1
0x080F07DC	0x080F0815	thumb	PokeBallOpenParticleAnimation_Step2
0x080F0818	0x080F091B	thumb	TimerBallOpenParticleAnimation
0x080F091C	0x080F0A1F	thumb	DiveBallOpenParticleAnimation
0x080F0A20	0x080F0B1F	thumb	SafariBallOpenParticleAnimation
0x080F0B20	0x080F0C27	thumb	UltraBallOpenParticleAnimation
0x080F0C28	0x080F0D5B	thumb	GreatBallOpenParticleAnimation
0x080F0D5C	0x080F0DB1	thumb	FanOutBallOpenParticles_Step1
0x080F0DB4	0x080F0EAF	thumb	RepeatBallOpenParticleAnimation
0x080F0EB0	0x080F0F0D	thumb	RepeatBallOpenParticleAnimation_Step1
0x080F0F10	0x080F103B	thumb	MasterBallOpenParticleAnimation
0x080F103C	0x080F1133	thumb	PremierBallOpenParticleAnimation
0x080F1134	0x080F1195	thumb	PremierBallOpenParticleAnimation_Step1
0x080F1198	0x080F1217	thumb	DestroyBallOpenAnimationParticle
0x080F1218	0x080F12DF	thumb	LaunchBallFadeMonTask
0x080F12E0	0x080F136F	thumb	Task_FadeMon_ToBallColor
0x080F1370	0x080F13BF	thumb	Task_FadeMon_ToNormal
0x080F13C0	0x080F141F	thumb	Task_FadeMon_ToNormal_Step
0x080F1420	0x080F15C7	thumb	AnimTask_SwapMonSpriteToFromSubstitute
0x080F15C8	0x080F16CB	thumb	AnimTask_SubstituteFadeToInvisible
0x080F16CC	0x080F16FF	thumb	AnimTask_IsAttackerBehindSubstitute
0x080F1700	0x080F171F	thumb	AnimTask_SetTargetToEffectBattler
0x080F1720	0x080F181B	thumb	TryShinyAnimation
0x080F181C	0x080F19DF	thumb	AnimTask_ShinySparkles
0x080F19E0	0x080F1A2B	thumb	AnimTask_ShinySparkles_WaitSparkles
0x080F1A2C	0x080F1A7F	thumb	SpriteCB_ShinySparkles_1
0x080F1A80	0x080F1ADF	thumb	SpriteCB_ShinySparkles_2
0x080F1AE0	0x080F1B13	thumb	AnimTask_LoadBaitGfx
0x080F1B14	0x080F1B3B	thumb	AnimTask_FreeBaitGfx
0x080F1B3C	0x080F1BCB	thumb	SpriteCB_SafariBaitOrRock_Init
0x080F1BCC	0x080F1C03	thumb	SpriteCB_SafariBaitOrRock_WaitPlayerThrow
0x080F1C04	0x080F1C2F	thumb	SpriteCB_SafariBaitOrRock_ArcFlight
0x080F1C30	0x080F1C8B	thumb	SpriteCB_SafariBaitOrRock_Finish
0x080F1C8C	0x080F1CE3	thumb	AnimTask_SafariOrGhost_DecideAnimSides
0x080F1CE4	0x080F1D13	thumb	AnimTask_SafariGetReaction
0x080F1D14	0x080F1D7B	thumb	AnimTask_GetTrappedMoveAnimId
0x080F1D7C	0x080F1DAB	thumb	AnimTask_GetBattlersFromArg
0x080F1DAC	0x080F1DBD	thumb	VBlankCB_HofIdle
0x080F1DC0	0x080F1DD9	thumb	CB2_HofIdle
0x080F1DDC	0x080F1EF9	thumb	InitHallOfFameScreen
0x080F1EFC	0x080F1F3F	thumb	CB2_DoHallOfFameScreen
0x080F1F40	0x080F1F73	thumb	CB2_DoHallOfFameScreenDontSaveData
0x080F1F74	0x080F2113	thumb	Task_Hof_InitMonData
0x080F2114	0x080F221F	thumb	Task_Hof_InitTeamSaveData
0x080F2220	0x080F2263	thumb	Task_Hof_TrySaveData
0x080F2264	0x080F2293	thumb	Task_Hof_DelayAfterSave
0x080F2294	0x080F22AF	thumb	Task_Hof_StartDisplayingMons
0x080F22B0	0x080F239F	thumb	Task_Hof_DisplayMon
0x080F23A0	0x080F2423	thumb	Task_Hof_PlayMonCryAndPrintInfo
0x080F2424	0x080F2513	thumb	Task_Hof_TryDisplayAnotherMon
0x080F2514	0x080F25AF	thumb	Task_Hof_PaletteFadeAndPrintWelcomeText
0x080F25B0	0x080F2693	thumb	Task_Hof_ApplauseAndConfetti
0x080F2694	0x080F26D1	thumb	Task_Hof_WaitBorderFadeAway
0x080F26D4	0x080F275F	thumb	Task_Hof_SpawnPlayerPic
0x080F2760	0x080F2803	thumb	Task_Hof_WaitAndPrintPlayerInfo
0x080F2804	0x080F283B	thumb	Task_Hof_ExitOnKeyPressed
0x080F283C	0x080F288B	thumb	Task_Hof_HandlePaletteOnExit
0x080F288C	0x080F2933	thumb	Task_Hof_HandleExit
0x080F2934	0x080F2977	thumb	SetWarpsToRollCredits
0x080F2978	0x080F2AA3	thumb	CB2_InitHofPC
0x080F2AA4	0x080F2B6B	thumb	Task_HofPC_CopySaveData
0x080F2B6C	0x080F2D5F	thumb	Task_HofPC_DrawSpritesPrintText
0x080F2D60	0x080F2E8B	thumb	Task_HofPC_PrintMonInfo
0x080F2E8C	0x080F2FEB	thumb	Task_HofPC_HandleInput
0x080F2FEC	0x080F302F	thumb	Task_HofPC_HandlePaletteOnExit
0x080F3030	0x080F30A3	thumb	Task_HofPC_HandleExit
0x080F30A4	0x080F310B	thumb	Task_HofPC_PrintDataIsCorrupted
0x080F310C	0x080F313B	thumb	Task_HofPC_ExitOnButtonPress
0x080F313C	0x080F3193	thumb	HallOfFame_PrintWelcomeText
0x080F3194	0x080F33DB	thumb	HallOfFame_PrintMonInfo
0x080F33DC	0x080F360F	thumb	HallOfFame_PrintPlayerInfo
0x080F3610	0x080F36BB	thumb	ClearVramOamPltt_LoadHofPal
0x080F36BC	0x080F36F7	thumb	HofInit_ResetGpuBuffersAndLoadConfettiGfx
0x080F36F8	0x080F376F	thumb	Hof_InitBgs
0x080F3770	0x080F386B	thumb	DrawHofBackground
0x080F386C	0x080F386D	thumb	SpriteCB_EndGetOnScreen
0x080F3870	0x080F38D7	thumb	SpriteCB_GetOnScreen
0x080F38D8	0x080F392F	thumb	SpriteCB_Confetti
0x080F3930	0x080F39B3	thumb	Hof_SpawnConfetti
0x080F39B4	0x080F39E7	thumb	DoCredits
0x080F39E8	0x080F3A73	thumb	CB2_Credits
0x080F3A74	0x080F3AA3	thumb	SwitchWin1OffWin0On
0x080F3AA4	0x080F3AC3	thumb	InitBgDarkenEffect
0x080F3AC4	0x080F3B03	thumb	CreateCreditsWindow
0x080F3B04	0x080F3B2B	thumb	DestroyCreditsWindow
0x080F3B2C	0x080F3BCF	thumb	DoOverworldMapScrollScene
0x080F3BD0	0x080F418F	thumb	RollCredits
0x080F4190	0x080F41A1	thumb	VBlankCB
0x080F41A4	0x080F42EF	thumb	LoadCreditsMonPic
0x080F42F0	0x080F4325	thumb	GetCreditsMonSpecies
0x080F4328	0x080F4671	thumb	DoCreditsMonScene
0x080F4674	0x080F47F5	thumb	DoCopyrightOrTheEndGfxScene
0x080F47F8	0x080F48CF	thumb	Task_MovePlayerAndGroundSprites
0x080F48D0	0x080F492F	thumb	DestroyPlayerOrRivalSprite
0x080F4930	0x080F4BFB	thumb	LoadPlayerOrRivalSprite
0x080F4BFC	0x080F4C0D	thumb	VBlankCB_Diploma
0x080F4C10	0x080F4C4F	thumb	CB2_ShowDiploma
0x080F4C50	0x080F4C65	thumb	CB2_Diploma
0x080F4C68	0x080F4D73	thumb	Task_DiplomaInit
0x080F4D74	0x080F4DDD	thumb	Task_HandleDiplomaInput
0x080F4DE0	0x080F4E23	thumb	Task_DiplomaExit
0x080F4E24	0x080F4E3D	thumb	DiplomaReset
0x080F4E40	0x080F4F9B	thumb	DiplomaInitScreen
0x080F4F9C	0x080F5017	thumb	DiplomaLoadGfx
0x080F5018	0x080F50F3	thumb	DiplomaPrintText
0x080F50F4	0x080F50FF	thumb	SetNotInSaveFailedScreen
0x080F5100	0x080F5117	thumb	DoSaveFailedScreen
0x080F5118	0x080F52EB	thumb	RunSaveFailedScreen
0x080F52EC	0x080F5317	thumb	BlankPalettes
0x080F5318	0x080F5333	thumb	RequestDmaCopyFromScreenBuffer
0x080F5334	0x080F534F	thumb	RequestDmaCopyFromCharBuffer
0x080F5350	0x080F53CB	thumb	FillBgMapBufferRect
0x080F53CC	0x080F53E7	thumb	UpdateMapBufferWithText
0x080F53E8	0x080F5403	thumb	ClearMapBuffer
0x080F5404	0x080F5457	thumb	PrintTextOnSaveFailedScreen
0x080F5458	0x080F549F	thumb	TryWipeDamagedSectors
0x080F54A0	0x080F54DF	thumb	VerifySectorWipe
0x080F54E0	0x080F553F	thumb	WipeSector
0x080F5540	0x080F5573	thumb	WipeDamagedSectors
0x080F5574	0x080F5589	thumb	CB2_RunClearSaveDataScreen
0x080F558C	0x080F559D	thumb	VBlankCB_WaitYesNo
0x080F55A0	0x080F55DB	thumb	CB2_SaveClearScreen_Init
0x080F55DC	0x080F5707	thumb	Task_DrawClearSaveDataScreen
0x080F5708	0x080F5799	thumb	Task_HandleYesNoMenu
0x080F579C	0x080F580B	thumb	Task_CleanUpAndSoftReset
0x080F580C	0x080F581D	thumb	CB2_Sub_SaveClearScreen_Init
0x080F5820	0x080F594B	thumb	SaveClearScreen_GpuInit
0x080F594C	0x080F594D	thumb	SpriteCallbackDummy_EvoSparkles
0x080F5950	0x080F5987	thumb	SetEvoSparklesMatrices
0x080F5988	0x080F5A41	thumb	SpriteCB_PreEvoSparkleSet1
0x080F5A44	0x080F5A9F	thumb	CreatePreEvoSparkleSet1
0x080F5AA0	0x080F5B11	thumb	SpriteCB_PreEvoSparkleSet2
0x080F5B14	0x080F5B7B	thumb	CreatePreEvoSparkleSet2
0x080F5B7C	0x080F5BC3	thumb	SpriteCB_PostEvoSparkleSet1
0x080F5BC4	0x080F5C2B	thumb	CreatePostEvoSparkleSet1
0x080F5C2C	0x080F5CFB	thumb	SpriteCB_PostEvoSparkleSet2
0x080F5CFC	0x080F5D83	thumb	CreatePostEvoSparkleSet2
0x080F5D84	0x080F5D9F	thumb	LoadEvoSparkleSpriteAndPal
0x080F5DA0	0x080F5DCF	thumb	EvolutionSparkles_SpiralUpward
0x080F5DD0	0x080F5E1F	thumb	EvoTask_PreEvoSparkleSet1Init
0x080F5E20	0x080F5E8F	thumb	EvoTask_CreatePreEvoSparkleSet1
0x080F5E90	0x080F5EBF	thumb	EvoTask_WaitForPre1SparklesToGoUp
0x080F5EC0	0x080F5ED7	thumb	EvolutionSparkles_ArcDown
0x080F5ED8	0x080F5F0B	thumb	EvoTask_PreEvoSparkleSet2Init
0x080F5F0C	0x080F5F63	thumb	EvoTask_CreatePreEvoSparklesSet2
0x080F5F64	0x080F5F71	thumb	EvoTask_PreEvoSparkleSet2Teardown
0x080F5F74	0x080F5F8B	thumb	EvolutionSparkles_CircleInward
0x080F5F8C	0x080F5FBF	thumb	EvoTask_PostEvoSparklesSet1Init
0x080F5FC0	0x080F603F	thumb	EvoTask_CreatePostEvoSparklesSet1
0x080F6040	0x080F604D	thumb	EvoTask_PostEvoSparklesSet1Teardown
0x080F6050	0x080F607F	thumb	EvolutionSparkles_SprayAndFlash
0x080F6080	0x080F60E3	thumb	EvoTask_PostEvoSparklesSet2Init
0x080F60E4	0x080F616F	thumb	EvoTask_CreatePostEvoSparklesSet2
0x080F6170	0x080F618F	thumb	EvoTask_PostEvoSparklesSet2Teardown
0x080F6190	0x080F61BF	thumb	EvolutionSparkles_SprayAndFlash_Trade
0x080F61C0	0x080F6223	thumb	EvoTask_PostEvoSparklesSet2TradeInit
0x080F6224	0x080F62AF	thumb	EvoTask_CreatePostEvoSparklesSet2Trade
0x080F62B0	0x080F62B1	thumb	SpriteCallbackDummy_MonSprites
0x080F62B4	0x080F63FF	thumb	CycleEvolutionMonSprite
0x080F6400	0x080F6423	thumb	EvoTask_PrePostEvoMonSpritesInit
0x080F6424	0x080F6473	thumb	EvoTask_ChooseNextEvoSpriteAnim
0x080F6474	0x080F658F	thumb	EvoTask_ShrinkOrExpandEvoSprites
0x080F6590	0x080F663F	thumb	PreEvoInvisible_PostEvoVisible_KillTask
0x080F6640	0x080F66EF	thumb	PreEvoVisible_PostEvoInvisible_KillTask
0x080F66F0	0x080F672F	thumb	SetUpFieldMove_Teleport
0x080F6730	0x080F674F	thumb	FieldCallback_Teleport
0x080F6750	0x080F677F	thumb	FldEff_UseTeleport
0x080F6780	0x080F678F	thumb	StartTeleportFieldEffect
0x080F6790	0x080F67A3	thumb	ClearScheduledBgCopiesToVram
0x080F67A4	0x080F67B7	thumb	ScheduleBgCopyTilemapToVram
0x080F67B8	0x080F6807	thumb	DoScheduledBgTilemapCopiesToVram
0x080F6808	0x080F682B	thumb	ResetTempTileDataBuffers
0x080F682C	0x080F6877	thumb	FreeTempTileDataBuffersIfPossible
0x080F6878	0x080F68EF	thumb	DecompressAndCopyTileDataToVram
0x080F68F0	0x080F696B	thumb	DecompressAndCopyTileDataToVram2
0x080F696C	0x080F69E7	thumb	DecompressAndLoadBgGfxUsingHeap
0x080F69E8	0x080F6A63	thumb	DecompressAndLoadBgGfxUsingHeap2
0x080F6A64	0x080F6A9F	thumb	TaskFreeBufAfterCopyingTileDataToVram
0x080F6AA0	0x080F6ACF	thumb	MallocAndDecompress
0x080F6AD0	0x080F6B05	thumb	CopyDecompressedTileDataToVram
0x080F6B08	0x080F6B93	thumb	SetBgTilemapPalette
0x080F6B94	0x080F6C11	thumb	CopyToBufferFromBgTilemap
0x080F6C14	0x080F6C69	thumb	ResetBgPositions
0x080F6C6C	0x080F6C8B	thumb	InitStandardTextBoxWindows
0x080F6C8C	0x080F6C95	thumb	FreeAllOverworldWindowBuffers
0x080F6C98	0x080F6CB9	thumb	InitTextBoxGfxAndPrinters
0x080F6CBC	0x080F6CCF	thumb	RunTextPrinters_CheckPrinter0Active
0x080F6CD0	0x080F6D5B	thumb	AddTextPrinterParameterized2
0x080F6D5C	0x080F6E07	thumb	AddTextPrinterDiffStyle
0x080F6E08	0x080F6E53	thumb	AddTextPrinterForMessage
0x080F6E54	0x080F6E9B	thumb	AddTextPrinterWithCustomSpeedForMessage
0x080F6E9C	0x080F6EE3	thumb	LoadStdWindowFrameGfx
0x080F6EE4	0x080F6F1B	thumb	DrawDialogueFrame
0x080F6F1C	0x080F6F53	thumb	DrawStdWindowFrame
0x080F6F54	0x080F6F9B	thumb	ClearDialogWindowAndFrame
0x080F6F9C	0x080F6FD3	thumb	ClearStdWindowAndFrame
0x080F6FD4	0x080F7123	thumb	WindowFunc_DrawStandardFrame
0x080F7124	0x080F7683	thumb	WindowFunc_DrawDialogueFrame
0x080F7684	0x080F76CB	thumb	WindowFunc_ClearStdWindowAndFrame
0x080F76CC	0x080F771B	thumb	WindowFunc_ClearDialogWindowAndFrame
0x080F771C	0x080F774D	thumb	EraseFieldMessageBox
0x080F7750	0x080F7767	thumb	SetStdWindowBorderStyle
0x080F7768	0x080F77B7	thumb	LoadMessageBoxAndFrameGfx
0x080F77B8	0x080F77CB	thumb	Menu_LoadStdPal
0x080F77CC	0x080F77E3	thumb	Menu_LoadStdPalAt
0x080F77E4	0x080F77EB	thumb	GetStdMenuPalette
0x080F77EC	0x080F7807	thumb	GetStdPalColor
0x080F7808	0x080F7857	thumb	DisplayItemMessageOnField
0x080F7858	0x080F787F	thumb	DisplayYesNoMenuDefaultYes
0x080F7880	0x080F78A7	thumb	DisplayYesNoMenuDefaultNo
0x080F78A8	0x080F78DF	thumb	GetTextSpeedSetting
0x080F78E0	0x080F793B	thumb	CreateStartMenuWindow
0x080F793C	0x080F7947	thumb	GetStartMenuWindowId
0x080F7948	0x080F7963	thumb	RemoveStartMenuWindow
0x080F7964	0x080F7969	thumb	GetDlgWindowBaseTileNum
0x080F796C	0x080F7971	thumb	GetStdWindowBaseTileNum
0x080F7974	0x080F7997	thumb	DrawHelpMessageWindowWithText
0x080F7998	0x080F79A3	thumb	DestroyHelpMessageWindow_
0x080F79A4	0x080F79C5	thumb	LoadSignpostWindowFrameGfx
0x080F79C8	0x080F79D7	thumb	SetDefaultFontsPointer
0x080F79D8	0x080F7ABF	thumb	GetFontAttribute
0x080F7AC0	0x080F7AD7	thumb	GetMenuCursorDimensionByFont
0x080F7AD8	0x080F7B2B	thumb	TilemapUtil_Init
0x080F7B2C	0x080F7B3F	thumb	TilemapUtil_Free
0x080F7B40	0x080F7B7F	thumb	TilemapUtil_UpdateAll
0x080F7B80	0x080F7C7B	thumb	TilemapUtil_SetTilemap
0x080F7C7C	0x080F7CAB	thumb	TilemapUtil_SetSavedMap
0x080F7CAC	0x080F7CE7	thumb	TilemapUtil_SetPos
0x080F7CE8	0x080F7D2F	thumb	TilemapUtil_SetRect
0x080F7D30	0x080F7E53	thumb	TilemapUtil_Move
0x080F7E54	0x080F7E9B	thumb	TilemapUtil_Update
0x080F7E9C	0x080F7F33	thumb	TilemapUtil_DrawPrev
0x080F7F34	0x080F7FCB	thumb	TilemapUtil_Draw
0x080F7FCC	0x080F80E3	thumb	SaveStatToString
0x080F80E4	0x080F810D	thumb	GetMapPreviewScreenIdx
0x080F8110	0x080F8153	thumb	MapHasPreviewScreen
0x080F8154	0x080F817D	thumb	MapHasPreviewScreen_HandleQLState2
0x080F8180	0x080F819B	thumb	MapPreview_InitBgs
0x080F819C	0x080F8233	thumb	MapPreview_LoadGfx
0x080F8234	0x080F8257	thumb	MapPreview_Unload
0x080F8258	0x080F8265	thumb	MapPreview_IsGfxLoadFinished
0x080F8268	0x080F8317	thumb	MapPreview_StartForestTransition
0x080F8318	0x080F83AF	thumb	MapPreview_CreateMapNameWindow
0x080F83B0	0x080F83CD	thumb	ForestMapPreviewScreenIsRunning
0x080F83D0	0x080F8543	thumb	Task_RunMapPreviewScreenForest
0x080F8544	0x080F8569	thumb	GetDungeonMapPreviewScreenInfo
0x080F856C	0x080F85B9	thumb	MapPreview_GetDuration
0x080F85BC	0x080F85EF	thumb	MapPreview_SetFlag
0x080F85F0	0x080F85F1	thumb	Debug_PrintString
0x080F85F4	0x080F85F5	thumb	Debug_PrintNum
0x080F85F8	0x080F86C3	thumb	ResetLinkRfuGFLayer
0x080F86C4	0x080F86F3	thumb	InitRFU
0x080F86F4	0x080F8737	thumb	InitRFUAPI
0x080F8738	0x080F886B	thumb	Task_ParentSearchForChildren
0x080F886C	0x080F887B	thumb	Rfu_GetIndexOfNewestChild
0x080F887C	0x080F893B	thumb	SetLinkPlayerIdsFromSlots
0x080F893C	0x080F8AA3	thumb	Task_ChildSearchForParent
0x080F8AA4	0x080F8AEB	thumb	InitChildRecvBuffers
0x080F8AEC	0x080F8B33	thumb	InitParentSendData
0x080F8B34	0x080F8CFB	thumb	Task_UnionRoomListen
0x080F8CFC	0x080F8D13	thumb	LinkRfu_CreateConnectionAsParent
0x080F8D14	0x080F8D1F	thumb	LinkRfu_StopManagerBeforeEnteringChat
0x080F8D20	0x080F8DA7	thumb	MscCallback_Child
0x080F8DA8	0x080F8DBF	thumb	MSCCallback_Parent
0x080F8DC0	0x080F8E73	thumb	LinkRfu_Shutdown
0x080F8E74	0x080F8EA3	thumb	CreateTask_ParentSearchForChildren
0x080F8EA4	0x080F8EC9	thumb	CanTryReconnectParent
0x080F8ECC	0x080F8F0F	thumb	TryReconnectParent
0x080F8F10	0x080F8F3F	thumb	CreateTask_ChildSearchForParent
0x080F8F40	0x080F8F59	thumb	LmanAcceptSlotFlagIsNotZero
0x080F8F5C	0x080F8F7B	thumb	LinkRfu_StopManagerAndFinalizeSlots
0x080F8F7C	0x080F8F9D	thumb	WaitRfuState
0x080F8FA0	0x080F8FAB	thumb	StopUnionRoomLinkManager
0x080F8FAC	0x080F8FD3	thumb	ReadySendDataForSlots
0x080F8FD4	0x080F9037	thumb	ReadAllPlayerRecvCmds
0x080F9038	0x080F906B	thumb	MoveSendCmdToRecv
0x080F906C	0x080F90DB	thumb	UpdateBackupQueue
0x080F90DC	0x080F911B	thumb	IsRfuRecvQueueEmpty
0x080F911C	0x080F9203	thumb	RfuMain1_Parent
0x080F9204	0x080F94B9	thumb	RfuMain2_Parent
0x080F94BC	0x080F9513	thumb	ChildBuildSendCmd
0x080F9514	0x080F965B	thumb	RfuMain1_Child
0x080F965C	0x080F971F	thumb	HandleSendFailure
0x080F9720	0x080F974B	thumb	Rfu_SetBlockReceivedFlag
0x080F974C	0x080F976F	thumb	Rfu_ResetBlockReceivedFlag
0x080F9770	0x080F97B7	thumb	LoadLinkPlayerIds
0x080F97B8	0x080F97FF	thumb	SendKeysToRfu
0x080F9800	0x080F9807	thumb	GetHostRfuGameData
0x080F9808	0x080F9827	thumb	IsSendingKeysToRfu
0x080F9828	0x080F985B	thumb	StartSendingKeysToRfu
0x080F985C	0x080F9867	thumb	ClearLinkRfuCallback
0x080F9868	0x080F9C4D	thumb	RfuHandleReceiveCommand
0x080F9C50	0x080F9C75	thumb	AreAllPlayersReadyToReceive
0x080F9C78	0x080F9CB3	thumb	AreAllPlayersFinishedReceiving
0x080F9CB4	0x080F9CC7	thumb	ResetSendDataManager
0x080F9CC8	0x080F9D03	thumb	Rfu_GetBlockReceivedStatus
0x080F9D04	0x080F9E2B	thumb	RfuPrepareSendBuffer
0x080F9E2C	0x080F9E5F	thumb	Rfu_SendPacket
0x080F9E60	0x080F9F43	thumb	Rfu_InitBlockSend
0x080F9F44	0x080F9FA7	thumb	HandleBlockSend
0x080F9FA8	0x080FA01F	thumb	SendNextBlock
0x080FA020	0x080FA0F7	thumb	SendLastBlock
0x080FA0F8	0x080FA113	thumb	Rfu_SendBlockRequest
0x080FA114	0x080FA13F	thumb	RfuShutdownAfterDisconnect
0x080FA140	0x080FA15F	thumb	DisconnectRfu
0x080FA160	0x080FA18F	thumb	TryDisconnectRfu
0x080FA190	0x080FA1C3	thumb	LinkRfu_FatalError
0x080FA1C4	0x080FA223	thumb	WaitAllReadyToCloseLink
0x080FA224	0x080FA25B	thumb	SendReadyCloseLink
0x080FA25C	0x080FA28B	thumb	Task_TryReadyCloseLink
0x080FA28C	0x080FA2AF	thumb	Rfu_SetCloseLinkCallback
0x080FA2B0	0x080FA34F	thumb	SendReadyExitStandbyUntilAllReady
0x080FA350	0x080FA387	thumb	LinkLeaderReadyToExitStandby
0x080FA388	0x080FA42B	thumb	Rfu_LinkStandby
0x080FA42C	0x080FA44B	thumb	Rfu_SetLinkStandbyCallback
0x080FA44C	0x080FA481	thumb	IsRfuSerialNumberValid
0x080FA484	0x080FA4A7	thumb	Rfu_SetLinkRecovery
0x080FA4A8	0x080FA4C7	thumb	Rfu_StopPartnerSearch
0x080FA4C8	0x080FA4E9	thumb	Rfu_GetMultiplayerId
0x080FA4EC	0x080FA4F7	thumb	Rfu_GetLinkPlayerCount
0x080FA4F8	0x080FA50F	thumb	IsLinkRfuTaskFinished
0x080FA510	0x080FA527	thumb	CallRfuFunc
0x080FA528	0x080FA5D3	thumb	CheckForLeavingGroupMembers
0x080FA5D4	0x080FA631	thumb	RfuTryDisconnectLeavingChildren
0x080FA634	0x080FA66D	thumb	HasTrainerLeftPartnersList
0x080FA670	0x080FA6BB	thumb	SendRfuStatusToPartner
0x080FA6BC	0x080FA6FB	thumb	SendLeaveGroupNotice
0x080FA6FC	0x080FA735	thumb	WaitSendRfuStatusToPartner
0x080FA738	0x080FA787	thumb	UpdateChildStatuses
0x080FA788	0x080FA833	thumb	GetJoinGroupStatus
0x080FA834	0x080FA9CF	thumb	Task_PlayerExchange
0x080FA9D0	0x080FA9FB	thumb	ClearSelectedLinkPlayerIds
0x080FA9FC	0x080FAA57	thumb	ReceiveRfuLinkPlayers
0x080FAA58	0x080FAA93	thumb	ValidateAndReceivePokemonSioInfo
0x080FAA94	0x080FACEF	thumb	Task_PlayerExchangeUpdate
0x080FACF0	0x080FAD97	thumb	Task_PlayerExchangeChat
0x080FAD98	0x080FAE73	thumb	RfuCheckErrorStatus
0x080FAE74	0x080FAE93	thumb	RfuMain1_UnionRoom
0x080FAE94	0x080FAEEF	thumb	RfuMain1
0x080FAEF0	0x080FAF1B	thumb	RfuMain2
0x080FAF1C	0x080FAF33	thumb	SetHostRfuUsername
0x080FAF34	0x080FAF57	thumb	ResetHostRfuGameData
0x080FAF58	0x080FAF73	thumb	SetHostRfuGameData
0x080FAF74	0x080FAF9F	thumb	SetHostRfuWonderFlags
0x080FAFA0	0x080FAFDF	thumb	SetTradeBoardRegisteredMonInfo
0x080FAFE0	0x080FB007	thumb	UpdateGameData_GroupLockedIn
0x080FB008	0x080FB02F	thumb	UpdateGameData_SetActivity
0x080FB030	0x080FB0E7	thumb	SetUnionRoomChatPlayerData
0x080FB0E8	0x080FB117	thumb	RfuSetErrorParams
0x080FB118	0x080FB127	thumb	ResetErrorState
0x080FB128	0x080FB153	thumb	RfuSetIgnoreError
0x080FB154	0x080FB173	thumb	DisconnectNewChild
0x080FB174	0x080FB183	thumb	StartDisconnectNewChild
0x080FB184	0x080FB37B	thumb	LinkManagerCB_Parent
0x080FB37C	0x080FB563	thumb	LinkManagerCB_Child
0x080FB564	0x080FB59F	thumb	ParentResetChildRecvMetadata
0x080FB5A0	0x080FB5EB	thumb	GetNewChildrenInUnionRoomChat
0x080FB5EC	0x080FB9CF	thumb	LinkManagerCB_UnionRoom
0x080FB9D0	0x080FB9E3	thumb	RfuSetNormalDisconnectMode
0x080FB9E4	0x080FB9F3	thumb	RfuSetStatus
0x080FB9F4	0x080FB9FF	thumb	RfuGetStatus
0x080FBA00	0x080FBA19	thumb	RfuHasErrored
0x080FBA1C	0x080FBA2B	thumb	Rfu_IsPlayerExchangeActive
0x080FBA2C	0x080FBA37	thumb	Rfu_IsMaster
0x080FBA38	0x080FBA41	thumb	RfuVSync
0x080FBA44	0x080FBA63	thumb	ClearRecvCommands
0x080FBA64	0x080FBA75	thumb	VBlank_RfuIdle
0x080FBA78	0x080FBB0B	thumb	Debug_RfuIdle
0x080FBB0C	0x080FBB1F	thumb	IsUnionRoomListenTaskActive
0x080FBB20	0x080FBB4B	thumb	CreateTask_RfuIdle
0x080FBB4C	0x080FBB73	thumb	DestroyTask_RfuIdle
0x080FBB74	0x080FBB89	thumb	CB2_RfuIdle
0x080FBB8C	0x080FBBD7	thumb	InitializeRfuLinkManager_LinkLeader
0x080FBBD8	0x080FBBFF	thumb	InitializeRfuLinkManager_JoinGroup
0x080FBC00	0x080FBC63	thumb	InitializeRfuLinkManager_EnterUnionRoom
0x080FBC64	0x080FBC6D	thumb	ReadU16
0x080FBC70	0x080FBCF7	thumb	GetPartnerIndexByNameAndTrainerID
0x080FBCF8	0x080FBD4B	thumb	RfuReqDisconnectSlot
0x080FBD4C	0x080FBD69	thumb	RequestDisconnectSlotByTrainerNameAndId
0x080FBD6C	0x080FBDB7	thumb	Rfu_DisconnectPlayerById
0x080FBDB8	0x080FBE1F	thumb	Task_SendDisconnectCommand
0x080FBE20	0x080FBE7F	thumb	SendDisconnectCommand
0x080FBE80	0x080FBF53	thumb	Task_RfuReconnectWithParent
0x080FBF54	0x080FBF97	thumb	CreateTask_RfuReconnectWithParent
0x080FBF98	0x080FC025	thumb	IsPartnerActivityIncompatible
0x080FC028	0x080FC111	thumb	Task_TryConnectToUnionRoomParent
0x080FC114	0x080FC1AF	thumb	TryConnectToUnionRoomParent
0x080FC1B0	0x080FC1C9	thumb	IsRfuRecoveringFromLinkLoss
0x080FC1CC	0x080FC205	thumb	IsRfuCommunicatingWithAllChildren
0x080FC208	0x080FC227	thumb	Debug_PrintEmpty
0x080FC228	0x080FC44B	thumb	Debug_PrintStatus
0x080FC44C	0x080FC45F	thumb	GetRfuSendQueueLength
0x080FC460	0x080FC473	thumb	GetRfuRecvQueueLength
0x080FC474	0x080FC475	thumb	Task_Idle
0x080FC478	0x080FC4D3	thumb	RfuRecvQueue_Reset
0x080FC4D4	0x080FC52F	thumb	RfuSendQueue_Reset
0x080FC530	0x080FC587	thumb	RfuUnusedQueue_Reset
0x080FC588	0x080FC63B	thumb	RfuRecvQueue_Enqueue
0x080FC63C	0x080FC6E7	thumb	RfuSendQueue_Enqueue
0x080FC6E8	0x080FC79B	thumb	RfuRecvQueue_Dequeue
0x080FC79C	0x080FC827	thumb	RfuSendQueue_Dequeue
0x080FC828	0x080FC885	thumb	RfuBackupQueue_Enqueue
0x080FC888	0x080FC8D7	thumb	RfuBackupQueue_Dequeue
0x080FC8D8	0x080FC943	thumb	RfuUnusedQueue_Dequeue
0x080FC944	0x080FC9B7	thumb	RfuUnusedQueue_Enqueue
0x080FC9B8	0x080FCA73	thumb	PopulateArrayWithSequence
0x080FCA74	0x080FCAA7	thumb	PkmnStrToASCII
0x080FCAA8	0x080FCADB	thumb	ASCIIToPkmnStr
0x080FCADC	0x080FCB51	thumb	GetConnectedChildStrength
0x080FCB54	0x080FCC3B	thumb	InitHostRfuGameData
0x080FCC3C	0x080FCCF1	thumb	Rfu_GetCompatiblePlayerData
0x080FCCF4	0x080FCD4F	thumb	Rfu_GetWonderDistributorPlayerData
0x080FCD50	0x080FCD73	thumb	CopyHostRfuGameDataAndUsername
0x080FCD74	0x080FCE43	thumb	CreateWirelessStatusIndicatorSprite
0x080FCE44	0x080FCEA7	thumb	DestroyWirelessStatusIndicatorSprite
0x080FCEA8	0x080FCEE3	thumb	LoadWirelessStatusIndicatorSpriteGfx
0x080FCEE4	0x080FCF1B	thumb	GetParentSignalStrength
0x080FCF1C	0x080FCF33	thumb	SetAndRestartWirelessStatusIndicatorAnim
0x080FCF34	0x080FD137	thumb	UpdateWirelessStatusIndicatorSprite
0x080FD138	0x080FD169	thumb	CopyTrainerRecord
0x080FD16C	0x080FD17F	thumb	ZeroName
0x080FD180	0x080FD19D	thumb	NameIsEmpty
0x080FD1A0	0x080FD337	thumb	SaveLinkTrainerNames
0x080FD338	0x080FD3A1	thumb	PlayerHasMetTrainerBefore
0x080FD3A4	0x080FD3EF	thumb	rfu_LMAN_REQBN_softReset_and_checkID
0x080FD3F0	0x080FD42F	thumb	rfu_LMAN_REQ_sendData
0x080FD430	0x080FD481	thumb	rfu_LMAN_initializeManager
0x080FD484	0x080FD4AF	thumb	rfu_LMAN_endManager
0x080FD4B0	0x080FD4E3	thumb	rfu_LMAN_initializeRFU
0x080FD4E4	0x080FD52B	thumb	rfu_LMAN_clearVariables
0x080FD52C	0x080FD537	thumb	rfu_LMAN_powerDownRFU
0x080FD538	0x080FD60F	thumb	rfu_LMAN_establishConnection
0x080FD610	0x080FD6F1	thumb	rfu_LMAN_CHILD_connectParent
0x080FD6F4	0x080FD75F	thumb	rfu_LMAN_PARENT_stopWaitLinkRecoveryAndDisconnect
0x080FD760	0x080FD84F	thumb	rfu_LMAN_stopManager
0x080FD850	0x080FDA13	thumb	rfu_LMAN_linkWatcher
0x080FDA14	0x080FDA2F	thumb	rfu_LMAN_syncVBlank
0x080FDA30	0x080FDC27	thumb	rfu_LMAN_manager_entity
0x080FDC28	0x080FDC97	thumb	rfu_LMAN_settingPCSWITCH
0x080FDC98	0x080FE393	thumb	rfu_LMAN_REQ_callback
0x080FE394	0x080FE417	thumb	rfu_LMAN_MSC_callback
0x080FE418	0x080FE639	thumb	rfu_LMAN_PARENT_checkRecvChildName
0x080FE63C	0x080FE6EF	thumb	rfu_LMAN_CHILD_checkSendChildName
0x080FE6F0	0x080FE74B	thumb	rfu_LMAN_CHILD_checkSendChildName2
0x080FE74C	0x080FE777	thumb	rfu_LMAN_CHILD_linkRecoveryProcess
0x080FE778	0x080FE7EF	thumb	rfu_LMAN_CHILD_checkEnableParentCandidate
0x080FE7F0	0x080FE817	thumb	rfu_LMAN_occureCallback
0x080FE818	0x080FE83B	thumb	rfu_LMAN_disconnect
0x080FE83C	0x080FE917	thumb	rfu_LMAN_reflectCommunicationStatus
0x080FE918	0x080FEA0F	thumb	rfu_LMAN_checkNICommunicateStatus
0x080FEA10	0x080FEA27	thumb	rfu_LMAN_setMSCCallback
0x080FEA28	0x080FEA33	thumb	rfu_LMAN_setLMANCallback
0x080FEA34	0x080FEA77	thumb	rfu_LMAN_setLinkRecovery
0x080FEA78	0x080FEAB3	thumb	rfu_LMAN_setNIFailCounterLimit
0x080FEAB4	0x080FEAF1	thumb	rfu_LMAN_setFastSearchParent
0x080FEAF4	0x080FEB13	thumb	rfu_LMAN_managerChangeAgbClockMaster
0x080FEB14	0x080FEB3B	thumb	rfu_LMAN_requestChangeAgbClockMaster
0x080FEB3C	0x080FEBA9	thumb	rfu_LMAN_forceChangeSP
0x080FEBAC	0x080FEC0B	thumb	DoEasyChatScreen
0x080FEC0C	0x080FEC21	thumb	CB2_EasyChatScreen
0x080FEC24	0x080FEC35	thumb	VBlankCallback_EasyChatScreen
0x080FEC38	0x080FEC53	thumb	SetEasyChatTaskFunc
0x080FEC54	0x080FEC8F	thumb	Task_InitEasyChat
0x080FEC90	0x080FED7F	thumb	Task_RunEasyChat
0x080FED80	0x080FEE23	thumb	Task_InitEasyChatInternal
0x080FEE24	0x080FEE43	thumb	DismantleEasyChat
0x080FEE44	0x080FEF2B	thumb	ShowEasyChatScreen
0x080FEF2C	0x080FEF4B	thumb	CompareProfileResponseWithPassphrase
0x080FEF4C	0x080FEF6B	thumb	CompareQuestionnaireResponseWithPassphrase
0x080FEF6C	0x080FF00F	thumb	EasyChat_AllocateResources
0x080FF010	0x080FF027	thumb	EasyChat_FreeResources
0x080FF028	0x080FF097	thumb	EasyChatScreen_HandleJoypad
0x080FF098	0x080FF20B	thumb	HandleJoypad_SelectField
0x080FF20C	0x080FF35F	thumb	HandleJoypad_SelectFooter
0x080FF360	0x080FF419	thumb	HandleJoypad_SelectGroup
0x080FF41C	0x080FF4A5	thumb	HandleJoypad_SelectWord
0x080FF4A8	0x080FF4ED	thumb	Cancel_HandleYesNoMenu
0x080FF4F0	0x080FF543	thumb	Confirm_HandleYesNoMenu
0x080FF544	0x080FF58D	thumb	DelAll_HandleYesNoMenu
0x080FF590	0x080FF5A7	thumb	Cancel_CreateYesNoMenu
0x080FF5A8	0x080FF5BF	thumb	DelAll_CreateYesNoMenu
0x080FF5C0	0x080FF5ED	thumb	Confirm_CreateYesNoMenu
0x080FF5F0	0x080FF5FB	thumb	GetStateBackup
0x080FF5FC	0x080FF675	thumb	OpenSelectedGroup
0x080FF678	0x080FF687	thumb	BackOutFromGroupToFieldSelect
0x080FF688	0x080FF6B3	thumb	ToggleGroupAlphaMode
0x080FF6B4	0x080FF6C7	thumb	DeleteSelectedWord
0x080FF6C8	0x080FF6EF	thumb	PlaceSelectedWord
0x080FF6F0	0x080FF727	thumb	CommitECWords
0x080FF728	0x080FF767	thumb	DeleteAllECFields
0x080FF768	0x080FF78B	thumb	SetEasyChatWordToField
0x080FF78C	0x080FF7C9	thumb	HasECMessageChanged
0x080FF7CC	0x080FF809	thumb	SelectGroupCursorAction
0x080FF80C	0x080FF8D5	thumb	UpdateSelectGroupCursorPos_OutsideBlueBox_GroupMode
0x080FF8D8	0x080FF967	thumb	UpdateSelectGroupCursorPos_OutsideBlueBox_AlphaMode
0x080FF968	0x080FF9E7	thumb	UpdateSelectGroupCursorPos_InsideBlueBox
0x080FF9E8	0x080FFA0B	thumb	GroupCursorMoveToBlueBox
0x080FFA0C	0x080FFA37	thumb	GroupCursorWrapAroundLeft
0x080FFA38	0x080FFB6B	thumb	SelectWordCursorAction
0x080FFB6C	0x080FFB8B	thumb	GetSelectedFieldIndex
0x080FFB8C	0x080FFBAB	thumb	GetSelectedGroupIndex
0x080FFBAC	0x080FFBE3	thumb	GetSelectedLetter
0x080FFBE4	0x080FFC03	thumb	GetSelectWordCursorPos
0x080FFC04	0x080FFC1B	thumb	GetMaxGroupCursorXinAlphaMode
0x080FFC1C	0x080FFC43	thumb	MoveGroupCursorXToMaxCol
0x080FFC44	0x080FFC6B	thumb	MoveWordCursorXToMaxCol
0x080FFC6C	0x080FFCBD	thumb	GroupSelectCursorXPosTooFarRight
0x080FFCC0	0x080FFCDF	thumb	WordSelectCursorXPosTooFarRight
0x080FFCE0	0x080FFCFB	thumb	GetEasyChatScreenFrameId
0x080FFCFC	0x080FFD1B	thumb	GetTitleText
0x080FFD1C	0x080FFD27	thumb	GetEasyChatWordBuffer
0x080FFD28	0x080FFD33	thumb	GetNumRows
0x080FFD34	0x080FFD3F	thumb	GetNumColumns
0x080FFD40	0x080FFD4B	thumb	GetMainCursorColumn
0x080FFD4C	0x080FFD57	thumb	GetMainCursorRow
0x080FFD58	0x080FFD8F	thumb	GetEasyChatInstructionsText
0x080FFD90	0x080FFDC7	thumb	GetEasyChatConfirmText
0x080FFDC8	0x080FFDF3	thumb	GetEasyChatConfirmCancelText
0x080FFDF4	0x080FFE07	thumb	GetEasyChatConfirmDeletionText
0x080FFE08	0x080FFE1B	thumb	GetECSelectGroupCursorCoords
0x080FFE1C	0x080FFE27	thumb	IsEasyChatAlphaMode
0x080FFE28	0x080FFE33	thumb	GetECSelectGroupRowsAbove
0x080FFE34	0x080FFE47	thumb	GetECSelectWordCursorCoords
0x080FFE48	0x080FFE53	thumb	GetECSelectWordRowsAbove
0x080FFE54	0x080FFE5F	thumb	GetECSelectWordNumRows
0x080FFE60	0x080FFE63	thumb	UnusedDummy
0x080FFE64	0x080FFE95	thumb	ShouldDrawECUpArrow
0x080FFE98	0x080FFED9	thumb	ShouldDrawECDownArrow
0x080FFEDC	0x080FFF19	thumb	IsPhraseDifferentThanPlayerInput
0x080FFF1C	0x080FFF45	thumb	GetEasyChatScreenTemplateId
0x080FFF48	0x080FFF7F	thumb	IsEcWordBufferUninitialized
0x080FFF80	0x080FFF95	thumb	InitEasyChatGraphicsWork
0x080FFF98	0x0810011B	thumb	LoadEasyChatGraphics
0x0810011C	0x08100133	thumb	DestroyEasyChatGraphicsResources
0x08100134	0x0810014B	thumb	EasyChatInterfaceCommand_Setup
0x0810014C	0x08100255	thumb	EasyChatInterfaceCommand_Run
0x08100258	0x0810028F	thumb	ECInterfaceCmd_01
0x08100290	0x08100373	thumb	ECInterfaceCmd_02
0x08100374	0x081003A7	thumb	ECInterfaceCmd_03
0x081003A8	0x081003EB	thumb	ECInterfaceCmd_05
0x081003EC	0x0810042F	thumb	ECInterfaceCmd_06
0x08100430	0x08100473	thumb	ECInterfaceCmd_04
0x08100474	0x081004B7	thumb	ECInterfaceCmd_07
0x081004B8	0x081004F3	thumb	ECInterfaceCmd_08
0x081004F4	0x081005BD	thumb	ECInterfaceCmd_09
0x081005C0	0x0810065D	thumb	ECInterfaceCmd_10
0x08100660	0x0810071D	thumb	ECInterfaceCmd_22
0x08100720	0x0810072B	thumb	ECInterfaceCmd_14
0x0810072C	0x08100771	thumb	ECInterfaceCmd_15
0x08100774	0x081007CF	thumb	ECInterfaceCmd_16
0x081007D0	0x0810088D	thumb	ECInterfaceCmd_11
0x08100890	0x08100939	thumb	ECInterfaceCmd_12
0x0810093C	0x081009F5	thumb	ECInterfaceCmd_13
0x081009F8	0x08100A03	thumb	ECInterfaceCmd_17
0x08100A04	0x08100A75	thumb	ECInterfaceCmd_19
0x08100A78	0x08100AE7	thumb	ECInterfaceCmd_18
0x08100AE8	0x08100B6D	thumb	ECInterfaceCmd_21
0x08100B70	0x08100BF1	thumb	ECInterfaceCmd_20
0x08100BF4	0x08100C5B	thumb	InitEasyChatGraphicsWork_Internal
0x08100C5C	0x08100CBB	thumb	SetGpuRegsForEasyChatInit
0x08100CBC	0x08100D23	thumb	LoadEasyChatPals
0x08100D24	0x08100D81	thumb	PrintTitleText
0x08100D84	0x08100DC3	thumb	EC_AddTextPrinterParameterized
0x08100DC4	0x08100E33	thumb	EC_AddTextPrinterParameterized2
0x08100E34	0x08100E7B	thumb	PrintECInstructionsText
0x08100E7C	0x08100F15	thumb	PrintECInterfaceTextById
0x08100F18	0x08100F43	thumb	EC_CreateYesNoMenuWithInitialCursorPos
0x08100F44	0x08100FDB	thumb	CreatePhraseFrameWindow
0x08100FDC	0x081010FF	thumb	PrintECFields
0x08101100	0x081012CB	thumb	DrawECFrameInTilemapBuffer
0x081012CC	0x081012DD	thumb	PutWin2TilemapAndCopyToVram
0x081012E0	0x0810131B	thumb	PrintECMenuById
0x0810131C	0x08101339	thumb	PrintECGroupOrAlphaMenu
0x0810133C	0x0810139F	thumb	PrintECGroupsMenu
0x081013A0	0x081013DB	thumb	PrintEasyChatKeyboardText
0x081013DC	0x081013E9	thumb	PrintECWordsMenu
0x081013EC	0x0810140F	thumb	UpdateWin2PrintWordsScrollDown
0x08101410	0x08101431	thumb	UpdateWin2PrintWordsScrollUp
0x08101434	0x08101475	thumb	UpdateWin2PrintWordsScrollPageDown
0x08101478	0x081014A9	thumb	UpdateWin2PrintWordsScrollPageUp
0x081014AC	0x08101557	thumb	PrintECRowsWin2
0x08101558	0x081015B9	thumb	ClearECRowsWin2
0x081015BC	0x081015D1	thumb	ClearWin2AndCopyToVram
0x081015D4	0x081016AB	thumb	StartWin2FrameAnim
0x081016AC	0x081016E3	thumb	AnimateFrameResize
0x081016E4	0x0810182F	thumb	RedrawFrameByIndex
0x08101830	0x0810198B	thumb	RedrawFrameByRect
0x0810198C	0x081019AF	thumb	InitBg2Scroll
0x081019B0	0x08101A0F	thumb	ScheduleBg2VerticalScroll
0x08101A10	0x08101A45	thumb	AnimateBg2VerticalScroll
0x08101A48	0x08101A5B	thumb	GetBg2ScrollRow
0x08101A5C	0x08101A8F	thumb	SetRegWin0Coords
0x08101A90	0x08101AC3	thumb	LoadSpriteGfx
0x08101AC4	0x08101B1F	thumb	CreateSelectDestFieldCursorSprite
0x08101B20	0x08101B57	thumb	SpriteCB_BounceCursor
0x08101B58	0x08101B87	thumb	SetSelectDestFieldCursorSpritePosAndResetAnim
0x08101B88	0x08101BA7	thumb	FreezeSelectDestFieldCursorSprite
0x08101BA8	0x08101BBF	thumb	UnfreezeSelectDestFieldCursorSprite
0x08101BC0	0x08101C47	thumb	CreateRedRectangularCursorSpritePair
0x08101C48	0x08101C7F	thumb	DestroyRedRectangularCursor
0x08101C80	0x08101CE3	thumb	EC_MoveCursor
0x08101CE4	0x08101D9B	thumb	MoveCursor_Group
0x08101D9C	0x08101E7F	thumb	MoveCursor_Alpha
0x08101E80	0x08101ED3	thumb	CreateSelectWordCursorSprite
0x08101ED4	0x08101F03	thumb	SpriteCB_SelectWordCursorSprite
0x08101F04	0x08101F3D	thumb	SetSelectWordCursorSpritePos
0x08101F40	0x08101F7F	thumb	SetSelectWordCursorSpritePosExplicit
0x08101F80	0x08101FAB	thumb	DestroySelectWordCursorSprite
0x08101FAC	0x08102017	thumb	CreateSelectGroupHelpSprite
0x08102018	0x081020AB	thumb	AnimateSeletGroupModeAndHelpSpriteEnter
0x081020AC	0x081020CF	thumb	StartModeIconHidingAnimation
0x081020D0	0x08102159	thumb	RunModeIconHidingAnimation
0x0810215C	0x08102177	thumb	ShrinkModeIconsSprite
0x08102178	0x081021B7	thumb	ShowModeIconsSprite
0x081021B8	0x081021D3	thumb	ModeIconsSpriteAnimIsEnded
0x081021D4	0x0810224B	thumb	CreateVerticalScrollArrowSprites
0x0810224C	0x081022AF	thumb	UpdateVerticalScrollArrowVisibility
0x081022B0	0x081022DF	thumb	HideVerticalScrollArrowSprites
0x081022E0	0x0810231F	thumb	UpdateVerticalScrollArrowSpriteXPos
0x08102320	0x08102393	thumb	CreateStartSelectButtonsSprites
0x08102394	0x081023F7	thumb	UpdateStartSelectButtonSpriteVisibility
0x081023F8	0x08102427	thumb	HideStartSelectButtonSprites
0x08102428	0x081024BF	thumb	CreateFooterWindow
0x081024C0	0x081024D1	thumb	VBlankCB
0x081024D4	0x0810250B	thumb	CB2_PokedexScreen
0x0810250C	0x0810275B	thumb	DexScreen_LoadResources
0x0810275C	0x08102797	thumb	CB2_OpenPokedexFromStartMenu
0x08102798	0x08102857	thumb	DoClosePokedex
0x08102858	0x0810287B	thumb	CB2_ClosePokedex
0x0810287C	0x08102C27	thumb	Task_PokedexScreen
0x08102C28	0x08102EBF	thumb	DexScreen_InitGfxForTopMenu
0x08102EC0	0x08102F47	thumb	MoveCursorFunc_DexModeSelect
0x08102F48	0x08102F7D	thumb	ItemPrintFunc_DexModeSelect
0x08102F80	0x0810317B	thumb	Task_DexScreen_NumericalOrder
0x0810317C	0x08103237	thumb	DexScreen_InitGfxForNumericalOrderList
0x08103238	0x0810345B	thumb	Task_DexScreen_CharacteristicOrder
0x0810345C	0x08103517	thumb	DexScreen_CreateCharacteristicListMenu
0x08103518	0x08103923	thumb	DexScreen_CountMonsInOrderedList
0x08103924	0x08103987	thumb	DexScreen_InitListMenuForOrderedList
0x08103988	0x081039EF	thumb	DexScreen_DestroyDexOrderListMenu
0x081039F0	0x08103A3F	thumb	DexScreen_CreateDexOrderScrollArrows
0x08103A40	0x08103AC7	thumb	ItemPrintFunc_OrderedListMenu
0x08103AC8	0x08104233	thumb	Task_DexScreen_CategorySubmenu
0x08104234	0x08104283	thumb	DexScreen_CreateCategoryMenuScrollArrows
0x08104284	0x081042EB	thumb	DexScreen_InputHandler_GetShoulderInput
0x081042EC	0x08104663	thumb	Task_DexScreen_ShowMonPage
0x08104664	0x081047AF	thumb	DexScreen_TryScrollMonsVertical
0x081047B0	0x081047C7	thumb	DexScreen_RemoveWindow
0x081047C8	0x0810487D	thumb	DexScreen_AddTextPrinterParameterized
0x08104880	0x0810491B	thumb	DexScreen_PrintNum3LeadingZeroes
0x0810491C	0x081049C9	thumb	DexScreen_PrintNum3RightAlign
0x081049CC	0x081049F9	thumb	DexScreen_GetDefaultPersonality
0x081049FC	0x08104A33	thumb	DexScreen_LoadMonPicInWindow
0x08104A34	0x08104AAF	thumb	DexScreen_PrintMonDexNo
0x08104AB0	0x08104BBB	thumb	DexScreen_GetSetPokedexFlag
0x08104BBC	0x08104C2B	thumb	DexScreen_GetDexCount
0x08104C2C	0x08104C61	thumb	DexScreen_PrintControlInfo
0x08104C64	0x08104E8D	thumb	DexScreen_DrawMonPicInCategoryPage
0x08104E90	0x08104EBF	thumb	DexScreen_DestroyCategoryPageMonIconAndInfoWindows
0x08104EC0	0x08104F0B	thumb	DexScreen_PrintCategoryPageNumbers
0x08104F0C	0x08105057	thumb	DexScreen_CreateCategoryListGfx
0x08105058	0x08105177	thumb	DexScreen_CreateCategoryPageSelectionCursor
0x08105178	0x081051AB	thumb	DexScreen_UpdateCategoryPageCursorObject
0x081051AC	0x081051CF	thumb	DexPage_TileBuffer_CopyCol
0x081051D0	0x081051ED	thumb	DexPage_TileBuffer_FillCol
0x081051F0	0x081052CF	thumb	DexScreen_TurnCategoryPage_BgEffect
0x081052D0	0x08105593	thumb	DexScreen_FlipCategoryPageInDirection
0x08105594	0x081057FF	thumb	DexScreen_DexPageZoomEffectFrame
0x08105800	0x081058C3	thumb	DexScreen_PrintMonCategory
0x081058C4	0x08105A3B	thumb	DexScreen_PrintMonHeight
0x08105A3C	0x08105CAF	thumb	DexScreen_PrintMonWeight
0x08105CB0	0x08105D63	thumb	DexScreen_PrintMonFlavorText
0x08105D64	0x08105E1B	thumb	DexScreen_DrawMonFootprint
0x08105E1C	0x08106013	thumb	DexScreen_DrawMonDexPage
0x08106014	0x0810603B	thumb	RemoveDexPageWindows
0x0810603C	0x081067BF	thumb	DexScreen_DrawMonAreaPage
0x081067C0	0x0810680F	thumb	DexScreen_DestroyAreaScreenResources
0x08106810	0x08106837	thumb	DexScreen_CanShowMonInDex
0x08106838	0x0810689D	thumb	DexScreen_IsPageUnlocked
0x081068A0	0x081068D9	thumb	DexScreen_IsCategoryUnlocked
0x081068DC	0x0810699B	thumb	DexScreen_CreateCategoryPageSpeciesList
0x0810699C	0x08106A1F	thumb	DexScreen_GetPageLimitsForCategory
0x08106A20	0x08106AF7	thumb	DexScreen_LookUpCategoryBySpecies
0x08106AF8	0x08106B33	thumb	DexScreen_PageNumberToRenderablePages
0x08106B34	0x08106B5F	thumb	DexScreen_InputHandler_StartToCry
0x08106B60	0x08106BD7	thumb	DexScreen_RegisterMonToPokedex
0x08106BD8	0x08106BE5	thumb	Task_DexScreen_RegisterNonKantoMonBeforeNationalDex
0x08106BE8	0x08106E77	thumb	Task_DexScreen_RegisterMonToPokedex
0x08106E78	0x08106ECB	thumb	DexScreen_PrintStringWithAlignment
0x08106ECC	0x08106ECD	thumb	ListMenuDummyTask
0x08106ED0	0x08106FF7	thumb	DoMysteryGiftListMenu
0x08106FF8	0x08107023	thumb	ListMenuInit
0x08107024	0x08107075	thumb	ListMenuInitInRect
0x08107078	0x08107139	thumb	ListMenu_ProcessInput
0x0810713C	0x0810717F	thumb	DestroyListMenuTask
0x08107180	0x081071C3	thumb	RedrawListMenu
0x081071C4	0x08107207	thumb	ChangeListMenuPals
0x08107208	0x08107243	thumb	ChangeListMenuCoords
0x08107244	0x081072A9	thumb	ListMenuTestInput
0x081072AC	0x081072D3	thumb	ListMenuGetCurrentItemArrayId
0x081072D4	0x081072FF	thumb	ListMenuGetScrollAndRow
0x08107300	0x08107347	thumb	ListMenuGetYCoordForPrintingArrowCursor
0x08107348	0x08107427	thumb	ListMenuInitInternal
0x08107428	0x081074D9	thumb	ListMenuPrint
0x081074DC	0x08107593	thumb	ListMenuPrintEntries
0x08107594	0x08107689	thumb	ListMenuDrawCursor
0x0810768C	0x081076EB	thumb	ListMenuAddCursorObject
0x081076EC	0x08107773	thumb	ListMenuErasePrintedCursor
0x08107774	0x08107861	thumb	ListMenuUpdateSelectedRowIndexAndScrollOffset
0x08107864	0x08107999	thumb	ListMenuScroll
0x0810799C	0x08107A73	thumb	ListMenuChangeSelection
0x08107A74	0x08107A9B	thumb	ListMenuCallSelectionChangedCallback
0x08107A9C	0x08107AEB	thumb	ListMenuOverrideSetColors
0x08107AEC	0x08107AFD	thumb	ListMenuDefaultCursorMoveFunc
0x08107B00	0x08107BCF	thumb	ListMenuGetTemplateField
0x08107BD0	0x08107CD5	thumb	ListMenuSetTemplateField
0x08107CD8	0x08107CF7	thumb	ListMenu_LoadMonIconPalette
0x08107CF8	0x08107D35	thumb	ListMenu_DrawMonIconGraphics
0x08107D38	0x08107D67	thumb	ListMenuLoadStdPalAt
0x08107D68	0x08107DB3	thumb	BlitMenuInfoIcon
0x08107DB4	0x08107EB7	thumb	GoToBagMenu
0x08107EB8	0x08107ECB	thumb	CB2_BagMenuFromStartMenu
0x08107ECC	0x08107EDF	thumb	CB2_BagMenuFromBattle
0x08107EE0	0x08107EF9	thumb	CB2_BagMenuRun
0x08107EFC	0x08107F0D	thumb	VBlankCB_BagMenuRun
0x08107F10	0x08107F39	thumb	CB2_OpenBagMenu
0x08107F3C	0x0810813B	thumb	LoadBagMenuGraphics
0x0810813C	0x08108177	thumb	FadeOutOfBagMenu
0x08108178	0x081081AB	thumb	Task_WaitFadeOutOfBagMenu
0x081081AC	0x081081CF	thumb	NullBagMenuBufferPtrs
0x081081D0	0x0810823F	thumb	BagMenuInitBgsAndAllocTilemapBuffer
0x08108240	0x08108385	thumb	DoLoadBagGraphics
0x08108388	0x081083F3	thumb	CreateBagInputHandlerTask
0x081083F4	0x0810842B	thumb	TryAllocListMenuBuffers
0x0810842C	0x0810855F	thumb	Bag_BuildListMenuTemplate
0x08108560	0x081085A3	thumb	BagListMenuGetItemNameColored
0x081085A4	0x08108653	thumb	BagListMenuMoveCursorFunc
0x08108654	0x0810876B	thumb	BagListMenuItemPrintFunc
0x0810876C	0x0810878B	thumb	bag_menu_print_cursor_
0x0810878C	0x081087EB	thumb	bag_menu_print_cursor
0x081087EC	0x08108817	thumb	PrintBagPocketName
0x08108818	0x08108887	thumb	PrintItemDescriptionOnMessageWindow
0x08108888	0x081088D7	thumb	CreatePocketScrollArrowPair
0x081088D8	0x08108907	thumb	CreatePocketSwitchArrowPair
0x08108908	0x0810893F	thumb	CreatePocketScrollArrowPair_SellQuantity
0x08108940	0x08108977	thumb	CreateArrowPair_QuantitySelect
0x08108978	0x0810899B	thumb	BagDestroyPocketScrollArrowPair
0x0810899C	0x081089BB	thumb	BagDestroyPocketSwitchArrowPair
0x081089BC	0x081089F3	thumb	ResetBagCursorPositions
0x081089F4	0x08108A67	thumb	PocketCalculateInitialCursorPosAndItemsAbove
0x08108A68	0x08108A81	thumb	CalculateInitialCursorPosAndItemsAbove
0x08108A84	0x08108B03	thumb	UpdatePocketScrollPositions
0x08108B04	0x08108B4F	thumb	DestroyBagMenuResources
0x08108B50	0x08108B8B	thumb	ItemMenu_StartFadeToExitCallback
0x08108B8C	0x08108C0D	thumb	Task_ItemMenu_WaitFadeAndSwitchToExitCallback
0x08108C10	0x08108CB3	thumb	ShowBagOrBeginWin0OpenTask
0x08108CB4	0x08108CEF	thumb	Bag_BeginCloseWin0Animation
0x08108CF0	0x08108CFB	thumb	CB2_SetUpReshowBattleScreenAfterMenu
0x08108CFC	0x08108D5F	thumb	Task_AnimateWin0v
0x08108D60	0x08108DC5	thumb	MoveItemSlotInList
0x08108DC8	0x08108E51	thumb	Pocket_CalculateNItemsAndMaxShowed
0x08108E54	0x08108E6D	thumb	All_CalculateNItemsAndMaxShowed
0x08108E70	0x08108EDF	thumb	DisplayItemMessageInBag
0x08108EE0	0x08108EEB	thumb	ItemMenu_SetExitCallback
0x08108EEC	0x08108F0B	thumb	GetSelectedItemIndex
0x08108F0C	0x081090DB	thumb	Task_BagMenu_HandleInput
0x081090DC	0x0810910B	thumb	Task_ItemContextMenuByLocation
0x0810910C	0x0810913F	thumb	Task_RedrawArrowsAndReturnToBagMenuSelect
0x08109140	0x08109167	thumb	Bag_FillMessageBoxWithPalette
0x08109168	0x081091CD	thumb	ProcessPocketSwitchInput
0x081091D0	0x08109297	thumb	SwitchPockets
0x08109298	0x081093B7	thumb	Task_AnimateSwitchPockets
0x081093B8	0x081094AF	thumb	BeginMovingItemInPocket
0x081094B0	0x081095AB	thumb	Task_MoveItemInPocket_HandleInput
0x081095AC	0x0810967B	thumb	ExecuteMoveItemInPocket
0x0810967C	0x0810971B	thumb	AbortMovingItemInPocket
0x0810971C	0x081097E3	thumb	InitQuantityToTossOrDeposit
0x081097E4	0x08109853	thumb	UpdateQuantityToTossOrDeposit
0x08109854	0x0810988F	thumb	DrawItemListRow
0x08109890	0x08109BB7	thumb	OpenContextMenu
0x08109BB8	0x08109BE3	thumb	Task_ItemContext_FieldOrBattle
0x08109BE4	0x08109C4F	thumb	Task_FieldItemContextMenuHandleInput
0x08109C50	0x08109CBF	thumb	Task_ItemMenuAction_Use
0x08109CC0	0x08109D37	thumb	Task_ItemMenuAction_Toss
0x08109D38	0x08109DAF	thumb	Task_ConfirmTossItems
0x08109DB0	0x08109DEB	thumb	Task_TossItem_No
0x08109DEC	0x08109EA7	thumb	Task_SelectQuantityToToss
0x08109EA8	0x08109F43	thumb	Task_TossItem_Yes
0x08109F44	0x08109FFF	thumb	Task_WaitAB_RedrawAndReturnToBag
0x0810A000	0x0810A0A7	thumb	Task_ItemMenuAction_ToggleSelect
0x0810A0A8	0x0810A16F	thumb	Task_ItemMenuAction_Give
0x0810A170	0x0810A18B	thumb	Task_PrintThereIsNoPokemon
0x0810A18C	0x0810A1CF	thumb	Task_PrintItemCantBeHeld
0x0810A1D0	0x0810A1F7	thumb	Task_WaitAButtonAndCloseContextMenu
0x0810A1F8	0x0810A287	thumb	Task_ReturnToBagFromContextMenu
0x0810A288	0x0810A2DB	thumb	Task_UnusedReturnToBag
0x0810A2DC	0x0810A323	thumb	Task_ItemMenuAction_Cancel
0x0810A324	0x0810A36F	thumb	Task_ItemMenuAction_BattleUse
0x0810A370	0x0810A431	thumb	Task_ItemContext_FieldGive
0x0810A434	0x0810A447	thumb	GoToTMCase_Give
0x0810A448	0x0810A45B	thumb	GoToBerryPouch_Give
0x0810A45C	0x0810A465	thumb	ReturnToBagMenuFromSubmenu_Give
0x0810A468	0x0810A529	thumb	Task_ItemContext_PcBoxGive
0x0810A52C	0x0810A53F	thumb	GoToTMCase_PCBox
0x0810A540	0x0810A553	thumb	GoToBerryPouch_PCBox
0x0810A554	0x0810A567	thumb	ReturnToBagMenuFromSubmenu_PCBox
0x0810A568	0x0810A653	thumb	Task_ItemContext_Sell
0x0810A654	0x0810A667	thumb	GoToTMCase_Sell
0x0810A668	0x0810A67B	thumb	GoToBerryPouch_Sell
0x0810A67C	0x0810A68F	thumb	ReturnToBagMenuFromSubmenu_Sell
0x0810A690	0x0810A70B	thumb	Task_PrintSaleConfirmationText
0x0810A70C	0x0810A71F	thumb	Task_ShowSellYesNoMenu
0x0810A720	0x0810A76F	thumb	Task_SellItem_No
0x0810A770	0x0810A833	thumb	Task_InitSaleQuantitySelectInterface
0x0810A834	0x0810A859	thumb	UpdateSalePriceDisplay
0x0810A85C	0x0810A93F	thumb	Task_SelectQuantityToSell
0x0810A940	0x0810A9D3	thumb	Task_SellItem_Yes
0x0810A9D4	0x0810AAF3	thumb	Task_FinalizeSaleToShop
0x0810AAF4	0x0810AB3F	thumb	Task_WaitPressAB_AfterSell
0x0810AB40	0x0810AB87	thumb	Task_ItemContext_Deposit
0x0810AB88	0x0810AC3D	thumb	Task_SelectQuantityToDeposit
0x0810AC40	0x0810AD0F	thumb	Task_TryDoItemDeposit
0x0810AD10	0x0810ADAB	thumb	UseRegisteredKeyItemOnField
0x0810ADAC	0x0810ADD5	thumb	BagIsTutorial
0x0810ADD8	0x0810AECB	thumb	BackUpPlayerBag
0x0810AECC	0x0810AF73	thumb	RestorePlayerBag
0x0810AF74	0x0810AF9B	thumb	InitOldManBag
0x0810AF9C	0x0810B06F	thumb	Task_Bag_OldManTutorial
0x0810B070	0x0810B0AB	thumb	Task_Pokedude_FadeFromBag
0x0810B0AC	0x0810B107	thumb	Task_Pokedude_WaitFadeAndExitBag
0x0810B108	0x0810B17F	thumb	InitPokedudeBag
0x0810B180	0x0810B1D3	thumb	Task_BButtonInterruptTeachyTv
0x0810B1D4	0x0810B377	thumb	Task_Bag_TeachyTvRegister
0x0810B378	0x0810B4BB	thumb	Task_Bag_TeachyTvCatching
0x0810B4BC	0x0810B5D1	thumb	Task_Bag_TeachyTvStatus
0x0810B5D4	0x0810B6F1	thumb	Task_Bag_TeachyTvTMs
0x0810B6F4	0x0810B73B	thumb	IsCurMapInLocationList
0x0810B73C	0x0810B74B	thumb	IsCurMapPokeCenter
0x0810B74C	0x0810B75B	thumb	IsCurMapReloadLocation
0x0810B75C	0x0810B76B	thumb	IsCurMapInEmptyList
0x0810B76C	0x0810B79B	thumb	TrySetPokeCenterWarpStatus
0x0810B79C	0x0810B7CB	thumb	TrySetReloadWarpStatus
0x0810B7CC	0x0810B7FB	thumb	TrySetUnknownWarpStatus
0x0810B7FC	0x0810B80D	thumb	TrySetMapSaveWarpStatus
0x0810B810	0x0810B82B	thumb	SetUnlockedPokedexFlags
0x0810B82C	0x0810B857	thumb	SetPostgameFlags
0x0810B858	0x0810B8EF	thumb	InitBagWindows
0x0810B8F0	0x0810B957	thumb	BagPrintTextOnWindow
0x0810B958	0x0810B993	thumb	BagPrintTextOnWin1CenteredColor0
0x0810B994	0x0810B9DB	thumb	BagDrawDepositItemTextBox
0x0810B9DC	0x0810BA3B	thumb	ShowBagWindow
0x0810BA3C	0x0810BA6F	thumb	HideBagWindow
0x0810BA70	0x0810BA9B	thumb	OpenBagWindow
0x0810BA9C	0x0810BAD7	thumb	CloseBagWindow
0x0810BAD8	0x0810BAE7	thumb	GetBagWindow
0x0810BAE8	0x0810BB13	thumb	BagCreateYesNoMenuBottomRight
0x0810BB14	0x0810BB3F	thumb	BagCreateYesNoMenuTopRight
0x0810BB40	0x0810BB73	thumb	BagPrintMoneyAmount
0x0810BB74	0x0810BB85	thumb	BagDrawTextBoxOnWindow
0x0810BB88	0x0810BB89	thumb	DummyPicSpriteCallback
0x0810BB8C	0x0810BBB3	thumb	ResetAllPicSprites
0x0810BBB4	0x0810BC5B	thumb	DecompressPic
0x0810BC5C	0x0810BC83	thumb	DecompressPic_HandleDeoxys
0x0810BC84	0x0810BD3F	thumb	LoadPicPaletteByTagOrSlot
0x0810BD40	0x0810BD7F	thumb	LoadPicPaletteBySlot
0x0810BD80	0x0810BDAB	thumb	AssignSpriteAnimsTable
0x0810BDAC	0x0810BF43	thumb	CreatePicSprite
0x0810BF44	0x0810BFA3	thumb	CreatePicSprite_HandleDeoxys
0x0810BFA4	0x0810C04F	thumb	FreeAndDestroyPicSpriteInternal
0x0810C050	0x0810C0BF	thumb	LoadPicSpriteInWindow
0x0810C0C0	0x0810C16B	thumb	CreateTrainerCardSprite
0x0810C16C	0x0810C1CB	thumb	CreateMonPicSprite
0x0810C1CC	0x0810C213	thumb	CreateMonPicSprite_HandleDeoxys
0x0810C214	0x0810C225	thumb	FreeAndDestroyMonPicSprite
0x0810C228	0x0810C25B	thumb	LoadMonPicInWindow
0x0810C25C	0x0810C2A3	thumb	CreateTrainerCardMonIconSprite
0x0810C2A4	0x0810C2E7	thumb	CreateTrainerPicSprite
0x0810C2E8	0x0810C2F9	thumb	FreeAndDestroyTrainerPicSprite
0x0810C2FC	0x0810C32F	thumb	LoadTrainerPicInWindow
0x0810C330	0x0810C373	thumb	CreateTrainerCardTrainerPicSprite
0x0810C374	0x0810C3A3	thumb	PlayerGenderToFrontTrainerPicId
0x0810C3A4	0x0810C3B7	thumb	VsSeekerFreezeObjectsAfterChargeComplete
0x0810C3B8	0x0810C443	thumb	Task_ResetObjectsRematchWantedState
0x0810C444	0x0810C4EB	thumb	VsSeekerResetObjectMovementAfterChargeComplete
0x0810C4EC	0x0810C577	thumb	UpdateVsSeekerStepCounter
0x0810C578	0x0810C593	thumb	MapResetTrainerRematches
0x0810C594	0x0810C603	thumb	ResetMovementOfRematchableTrainers
0x0810C604	0x0810C61F	thumb	VsSeekerResetInBagStepCounter
0x0810C620	0x0810C63F	thumb	VsSeekerSetStepCounterInBagFull
0x0810C640	0x0810C653	thumb	VsSeekerResetChargingStepCounter
0x0810C654	0x0810C66F	thumb	VsSeekerSetStepCounterFullyCharged
0x0810C670	0x0810C72F	thumb	Task_VsSeeker_0
0x0810C730	0x0810C75F	thumb	Task_VsSeeker_1
0x0810C760	0x0810C807	thumb	Task_VsSeeker_2
0x0810C808	0x0810C8EB	thumb	GatherNearbyTrainerInfo
0x0810C8EC	0x0810C96B	thumb	Task_VsSeeker_3
0x0810C96C	0x0810C9A7	thumb	CanUseVsSeeker
0x0810C9A8	0x0810CB8D	thumb	GetVsSeekerResponseInArea
0x0810CB90	0x0810CC9F	thumb	ClearRematchStateByTrainerId
0x0810CCA0	0x0810CD13	thumb	TryGetRematchTrainerIdGivenGameState
0x0810CD14	0x0810CD4B	thumb	GetRematchTrainerIdGivenGameState
0x0810CD4C	0x0810CD7F	thumb	ShouldTryRematchBattle
0x0810CD80	0x0810CDB1	thumb	ShouldTryRematchBattleInternal
0x0810CDB4	0x0810CDE5	thumb	HasRematchTrainerAlreadyBeenFought
0x0810CDE8	0x0810CE0F	thumb	ClearRematchStateOfLastTalked
0x0810CE10	0x0810CE61	thumb	LookupVsSeekerOpponentInArray
0x0810CE64	0x0810CEB1	thumb	GetRematchTrainerId
0x0810CEB4	0x0810CECF	thumb	IsTrainerReadyForRematch
0x0810CED0	0x0810CF01	thumb	IsTrainerReadyForRematchInternal
0x0810CF04	0x0810CF51	thumb	ObjectEventIdIsSane
0x0810CF54	0x0810CF8F	thumb	GetRandomFaceDirectionMovementType
0x0810CF90	0x0810D071	thumb	GetRunningBehaviorFromGraphicsId
0x0810D074	0x0810D081	thumb	GetTrainerFlagFromScript
0x0810D084	0x0810D0A7	thumb	GetRematchIdx
0x0810D0A8	0x0810D0CD	thumb	IsThisTrainerRematchable
0x0810D0D0	0x0810D0FB	thumb	ClearAllTrainerRematchStates
0x0810D0FC	0x0810D163	thumb	IsTrainerVisibleOnScreen
0x0810D164	0x0810D1CB	thumb	GetNextAvailableRematchTrainer
0x0810D1CC	0x0810D24B	thumb	GetRematchableTrainerLocalId
0x0810D24C	0x0810D27F	thumb	StartTrainerObjectMovementScript
0x0810D280	0x0810D303	thumb	GetCurVsSeekerResponse
0x0810D304	0x0810D3F3	thumb	StartAllRespondantIdleMovements
0x0810D3F4	0x0810D46F	thumb	ItemPc_Init
0x0810D470	0x0810D489	thumb	ItemPc_MainCB
0x0810D48C	0x0810D49D	thumb	ItemPc_VBlankCB
0x0810D4A0	0x0810D4BD	thumb	ItemPc_RunSetup
0x0810D4C0	0x0810D6A9	thumb	ItemPc_DoGfxSetup
0x0810D6AC	0x0810D6E7	thumb	ItemPc_FadeAndBail
0x0810D6E8	0x0810D71B	thumb	Task_ItemPcWaitFadeAndBail
0x0810D71C	0x0810D78B	thumb	ItemPc_InitBgs
0x0810D78C	0x0810D839	thumb	ItemPc_LoadGraphics
0x0810D83C	0x0810D877	thumb	ItemPc_AllocateResourcesForListMenu
0x0810D878	0x0810D953	thumb	ItemPc_BuildListMenuTemplate
0x0810D954	0x0810DA1F	thumb	ItemPc_MoveCursorFunc
0x0810DA20	0x0810DAB3	thumb	ItemPc_ItemPrintFunc
0x0810DAB4	0x0810DAD3	thumb	ItemPc_PrintOrRemoveCursor
0x0810DAD4	0x0810DB33	thumb	ItemPc_PrintOrRemoveCursorAt
0x0810DB34	0x0810DB5B	thumb	ItemPc_PrintWithdrawItem
0x0810DB5C	0x0810DB97	thumb	ItemPc_PlaceTopMenuScrollIndicatorArrows
0x0810DB98	0x0810DBCF	thumb	ItemPc_PlaceWithdrawQuantityScrollIndicatorArrows
0x0810DBD0	0x0810DBEF	thumb	ItemPc_RemoveScrollIndicatorArrowPair
0x0810DBF0	0x0810DC3F	thumb	ItemPc_SetCursorPosition
0x0810DC40	0x0810DC8B	thumb	ItemPc_FreeResources
0x0810DC8C	0x0810DCE3	thumb	Task_ItemPcTurnOff1
0x0810DCE4	0x0810DD53	thumb	Task_ItemPcTurnOff2
0x0810DD54	0x0810DD67	thumb	ItemPc_GetCursorPosition
0x0810DD68	0x0810DD7F	thumb	ItemPc_GetItemIdBySlotId
0x0810DD80	0x0810DDA3	thumb	ItemPc_GetItemQuantityBySlotId
0x0810DDA4	0x0810DE07	thumb	ItemPc_CountPcItems
0x0810DE08	0x0810DE6B	thumb	ItemPc_SetScrollPosition
0x0810DE6C	0x0810DE93	thumb	ItemPc_SetMessageWindowPalette
0x0810DE94	0x0810DE9F	thumb	ItemPc_SetInitializedFlag
0x0810DEA0	0x0810DFAF	thumb	Task_ItemPcMain
0x0810DFB0	0x0810DFDF	thumb	ItemPc_ReturnFromSubmenu
0x0810DFE0	0x0810E0B3	thumb	ItemPc_MoveItemModeInit
0x0810E0B4	0x0810E15F	thumb	Task_ItemPcMoveItemModeRun
0x0810E160	0x0810E1FF	thumb	ItemPc_InsertItemIntoNewSlot
0x0810E200	0x0810E273	thumb	ItemPc_MoveItemModeCancel
0x0810E274	0x0810E357	thumb	Task_ItemPcSubmenuInit
0x0810E358	0x0810E3A3	thumb	Task_ItemPcSubmenuRun
0x0810E3A4	0x0810E417	thumb	Task_ItemPcWithdraw
0x0810E418	0x0810E4F3	thumb	ItemPc_DoWithdraw
0x0810E4F4	0x0810E547	thumb	Task_ItemPcWaitButtonAndFinishWithdrawMultiple
0x0810E548	0x0810E577	thumb	Task_ItemPcWaitButtonWithdrawMultipleFailed
0x0810E578	0x0810E5DF	thumb	Task_ItemPcCleanUpWithdraw
0x0810E5E0	0x0810E66F	thumb	ItemPc_WithdrawMultipleInitWindow
0x0810E670	0x0810E6D7	thumb	UpdateWithdrawQuantityDisplay
0x0810E6D8	0x0810E79B	thumb	Task_ItemPcHandleWithdrawMultiple
0x0810E79C	0x0810E7F7	thumb	Task_ItemPcGive
0x0810E7F8	0x0810E837	thumb	ItemPc_CB2_SwitchToPartyMenu
0x0810E838	0x0810E845	thumb	ItemPc_CB2_ReturnFromPartyMenu
0x0810E848	0x0810E89F	thumb	gTask_ItemPcWaitButtonAndExitSubmenu
0x0810E8A0	0x0810E8EF	thumb	Task_ItemPcCancel
0x0810E8F0	0x0810E983	thumb	ItemPc_InitWindows
0x0810E984	0x0810EA33	thumb	unused_ItemPc_AddTextPrinterParameterized
0x0810EA34	0x0810EA9B	thumb	ItemPc_AddTextPrinterParameterized
0x0810EA9C	0x0810EAB1	thumb	ItemPc_SetBorderStyleOnWindow
0x0810EAB4	0x0810EAEF	thumb	ItemPc_GetOrCreateSubwindow
0x0810EAF0	0x0810EB1F	thumb	ItemPc_DestroySubwindow
0x0810EB20	0x0810EB2F	thumb	ItemPc_GetSubwindow
0x0810EB30	0x0810EB6B	thumb	ItemPc_PrintOnWindow5WithContinueTask
0x0810EB6C	0x0810EBAB	thumb	MailboxPC_InitBuffers
0x0810EBAC	0x0810EBDF	thumb	MailboxPC_GetAddWindow
0x0810EBE0	0x0810EC0F	thumb	MailboxPC_RemoveWindow
0x0810EC10	0x0810EC1F	thumb	MailboxPC_GetWindowId
0x0810EC20	0x0810EC97	thumb	ItemPrintFunc
0x0810EC98	0x0810ED6B	thumb	MailboxPC_InitListMenu
0x0810ED6C	0x0810ED7F	thumb	MoveCursorFunc
0x0810ED80	0x0810EDAF	thumb	MailboxPC_AddScrollIndicatorArrows
0x0810EDB0	0x0810EDC3	thumb	MailboxPC_DestroyListMenuBuffer
0x0810EDC4	0x0810EE0B	thumb	DrawDialogFrameWithCustomTileAndPalette
0x0810EE0C	0x0810EE5B	thumb	DrawDialogFrameWithCustomTile
0x0810EE5C	0x0810F25F	thumb	WindowFunc_DrawDialogFrameWithCustomTileAndPalette
0x0810F260	0x0810F297	thumb	ClearDialogWindowAndFrameToTransparent
0x0810F298	0x0810F2E5	thumb	WindowFunc_ClearDialogWindowAndFrameNullPalette
0x0810F2E8	0x0810F32F	thumb	DrawStdFrameWithCustomTileAndPalette
0x0810F330	0x0810F37F	thumb	DrawStdFrameWithCustomTile
0x0810F380	0x0810F4D7	thumb	WindowFunc_DrawStdFrameWithCustomTileAndPalette
0x0810F4D8	0x0810F50F	thumb	ClearStdWindowAndFrameToTransparent
0x0810F510	0x0810F555	thumb	WindowFunc_ClearStdWindowAndFrameToTransparent
0x0810F558	0x0810F5E7	thumb	CreateTopBarWindowLoadPalette
0x0810F5E8	0x0810F64F	thumb	TopBarWindowPrintString
0x0810F650	0x0810F701	thumb	TopBarWindowPrintTwoStrings
0x0810F704	0x0810F71B	thumb	CopyTopBarWindowToVram
0x0810F71C	0x0810F73F	thumb	ClearTopBarWindow
0x0810F740	0x0810F773	thumb	DestroyTopBarWindow
0x0810F774	0x0810F7D7	thumb	Menu_InitCursorInternal
0x0810F7D8	0x0810F817	thumb	Menu_InitCursor
0x0810F818	0x0810F873	thumb	InitMenuDefaultCursorHeight
0x0810F874	0x0810F903	thumb	Menu_RedrawCursor
0x0810F904	0x0810F947	thumb	Menu_MoveCursor
0x0810F948	0x0810F98B	thumb	Menu_MoveCursorNoWrapAround
0x0810F98C	0x0810F997	thumb	Menu_GetCursorPos
0x0810F998	0x0810FA03	thumb	Menu_ProcessInput
0x0810FA04	0x0810FA81	thumb	Menu_ProcessInputNoWrapAround
0x0810FA84	0x0810FAED	thumb	Menu_ProcessInput_other
0x0810FAF0	0x0810FB6B	thumb	Menu_ProcessInputNoWrapAround_other
0x0810FB6C	0x0810FBE7	thumb	PrintTextArray
0x0810FBE8	0x0810FC7F	thumb	MultichoiceList_PrintItems
0x0810FC80	0x0810FCCD	thumb	PrintMenuTable
0x0810FCD0	0x0810FDE1	thumb	AddItemMenuActionTextPrinters
0x0810FDE4	0x0810FE4F	thumb	PrintMenuActionTextsAtTopById
0x0810FE50	0x0810FF03	thumb	SetWindowTemplateFields
0x0810FF04	0x0810FF5D	thumb	CreateWindowTemplate
0x0810FF60	0x081100A3	thumb	CreateYesNoMenu
0x081100A4	0x081100C7	thumb	CreateYesNoMenu2
0x081100C8	0x081100E5	thumb	Menu_ProcessInputNoWrapClearOnChoose
0x081100E8	0x08110103	thumb	DestroyYesNoMenu
0x08110104	0x081101D5	thumb	MultichoiceGrid_PrintItems
0x081101D8	0x0811028F	thumb	MultichoiceGrid_PrintItemsCustomOrder
0x08110290	0x0811030B	thumb	MultichoiceGrid_InitCursorInternal
0x0811030C	0x0811037B	thumb	MultichoiceGrid_InitCursor
0x0811037C	0x0811044F	thumb	MultichoiceGrid_RedrawCursor
0x08110450	0x08110511	thumb	MultichoiceGrid_MoveCursor
0x08110514	0x0811059D	thumb	MultichoiceGrid_MoveCursorIfValid
0x081105A0	0x0811064D	thumb	Menu_ProcessGridInput_NoSoundLimit
0x08110650	0x081106F3	thumb	Menu_ProcessInputGridLayout
0x081106F4	0x0811079D	thumb	Menu_ProcessGridInputRepeat_NoSoundLimit
0x081107A0	0x0811083F	thumb	Menu_ProcessGridInputRepeat
0x08110840	0x0811089B	thumb	QL_AddASLROffset
0x0811089C	0x081108EF	thumb	ResetQuestLog
0x081108F0	0x0811091F	thumb	ClearSavedScene
0x08110920	0x0811092B	thumb	QL_ResetDefeatedWildMonRecord
0x0811092C	0x08110943	thumb	RunQuestLogCB
0x08110944	0x08110987	thumb	QL_IsRoomToSaveEvent
0x08110988	0x081109CB	thumb	QL_IsRoomToSaveAction
0x081109CC	0x081109FF	thumb	SetQuestLogState
0x08110A00	0x08110A3B	thumb	QLogCB_Recording
0x08110A3C	0x08110AB3	thumb	QLogCB_Playback
0x08110AB4	0x08110AC7	thumb	GetQuestLogState
0x08110AC8	0x08110AEB	thumb	GetQuestLogStartType
0x08110AEC	0x08110BAF	thumb	QL_StartRecordingAction
0x08110BB0	0x08110BE7	thumb	SetPlayerInitialCoordsAtScene
0x08110BE8	0x08110D47	thumb	SetNPCInitialCoordsAtScene
0x08110D48	0x08110D93	thumb	SetGameStateAtScene
0x08110D94	0x08110E1F	thumb	BackUpTrainerRematches
0x08110E20	0x08110E3B	thumb	BackUpMapLayout
0x08110E3C	0x08110E67	thumb	RecordSceneEnd
0x08110E68	0x08110F13	thumb	TryRecordActionSequence
0x08110F14	0x08110F8F	thumb	TryStartQuestLogPlayback
0x08110F90	0x08110FCB	thumb	Task_BeginQuestLogPlayback
0x08110FCC	0x08110FFF	thumb	QL_InitSceneObjectsAndActions
0x08111000	0x08111037	thumb	FieldCB2_QuestLogStartPlaybackWithWarpExit
0x08111038	0x0811106F	thumb	FieldCB2_QuestLogStartPlaybackStandingInPlace
0x08111070	0x08111133	thumb	DrawPreviouslyOnQuestHeader
0x08111134	0x0811114F	thumb	CommitQuestLogWindow1
0x08111150	0x08111273	thumb	QL_LoadObjectsAndTemplates
0x08111274	0x08111367	thumb	QLPlayback_SetInitialPlayerPosition
0x08111368	0x081113E3	thumb	QLPlayback_InitOverworldState
0x081113E4	0x08111437	thumb	QL_CopySaveState
0x08111438	0x081115E5	thumb	QL_ResetPartyAndPC
0x081115E8	0x08111617	thumb	SetPokemonCounts
0x08111618	0x0811164B	thumb	QuestLog_GetPartyCount
0x0811164C	0x08111687	thumb	QuestLog_GetBoxMonCount
0x08111688	0x08111707	thumb	RestoreTrainerRematches
0x08111708	0x0811175B	thumb	QL_RestoreMapLayoutId
0x0811175C	0x081118F3	thumb	ReadQuestLogScriptFromSav1
0x081118F4	0x08111913	thumb	DoSceneEndTransition
0x08111914	0x08111983	thumb	QuestLog_AdvancePlayhead
0x08111984	0x081119C7	thumb	QuestLog_StartFinalScene
0x081119C8	0x081119D1	thumb	QuestLog_AdvancePlayhead_
0x081119D4	0x08111A33	thumb	QL_AvoidDisplay
0x08111A34	0x08111AD7	thumb	Task_AvoidDisplay
0x08111AD8	0x08111B7D	thumb	QuestLog_PlayCurrentEvent
0x08111B80	0x08111BD3	thumb	HandleShowQuestLogMessage
0x08111BD4	0x08111C2B	thumb	GetQuestLogTextDisplayDuration
0x08111C2C	0x08111C65	thumb	QL_IsTrainerSightDisabled
0x08111C68	0x08111CCF	thumb	QL_HandleInput
0x08111CD0	0x08111CED	thumb	QuestLogScenePlaybackIsEnding
0x08111CF0	0x08111D0F	thumb	QuestLog_DrawPreviouslyOnQuestHeaderIfInPlaybackMode
0x08111D10	0x08111D8F	thumb	DrawSceneDescription
0x08111D90	0x08111E1F	thumb	CopyDescriptionWindowTiles
0x08111E20	0x08111E63	thumb	QuestLog_CloseTextWindow
0x08111E64	0x08111E83	thumb	DoSkipToEndTransition
0x08111E84	0x08111F13	thumb	QuestLog_WaitFadeAndCancelPlayback
0x08111F14	0x08111F37	thumb	QuestLog_InitPalettesBackup
0x08111F38	0x08111F5F	thumb	QuestLog_BackUpPalette
0x08111F60	0x08111F8B	thumb	FieldCB2_FinalScene
0x08111F8C	0x08111FCB	thumb	Task_FinalScene_WaitFade
0x08111FCC	0x08112043	thumb	Task_QuestLogScene_SavedGame
0x08112044	0x081120A9	thumb	Task_WaitAtEndOfQuestLog
0x081120AC	0x081121D7	thumb	Task_EndQuestLog
0x081121D8	0x08112299	thumb	RestoreScreenAfterPlayback
0x0811229C	0x0811231B	thumb	QL_SlightlyDarkenSomePals
0x0811231C	0x08112363	thumb	QL_FinishRecordingScene
0x08112364	0x081123BB	thumb	QuestLog_CutRecording
0x081123BC	0x0811244F	thumb	SortQuestLogInSav1
0x08112450	0x08112469	thumb	SaveQuestLogData
0x0811246C	0x081124EB	thumb	QL_UpdateObject
0x081124EC	0x08112587	thumb	QuestLogRecordNPCStep
0x08112588	0x08112627	thumb	QuestLogRecordNPCStepWithDuration
0x08112628	0x081126AB	thumb	QuestLogRecordPlayerStep
0x081126AC	0x0811271F	thumb	QuestLogRecordPlayerStepWithDuration
0x08112720	0x0811278B	thumb	QuestLogRecordPlayerAvatarGfxTransition
0x0811278C	0x081127F7	thumb	QuestLogRecordPlayerAvatarGfxTransitionWithDuration
0x081127F8	0x08112887	thumb	QL_RecordFieldInput
0x08112888	0x081128BB	thumb	TogglePlaybackStateForOverworldLock
0x081128BC	0x0811293F	thumb	QuestLog_OnEscalatorWarp
0x08112940	0x08112B3B	thumb	ResetActions
0x08112B3C	0x08112C9B	thumb	QL_TryRunActions
0x08112C9C	0x08112CAB	thumb	QL_AfterRecordFishActionSuccessful
0x08112CAC	0x08112CE9	thumb	QL_GetPlaybackState
0x08112CEC	0x08112D19	thumb	RecordHeadAtEndOfEntryOrScriptContext2Enabled
0x08112D1C	0x08112D3D	thumb	RecordHeadAtEndOfEntry
0x08112D40	0x08112DAD	thumb	QuestLogGetFlagOrVarPtr
0x08112DB0	0x08112E3B	thumb	QuestLogSetFlagOrVar
0x08112E3C	0x08112EA7	thumb	QuestLogResetFlagsOrVars
0x08112EA8	0x08112EB3	thumb	MapNamePopupWindowIdSetDummy
0x08112EB4	0x08112EDB	thumb	CreateHelpMessageWindow
0x08112EDC	0x08112F17	thumb	DestroyHelpMessageWindow
0x08112F18	0x08112FCF	thumb	DrawHelpMessageWindowTilesById
0x08112FD0	0x08112FE3	thumb	DrawHelpMessageWindowTiles
0x08112FE4	0x08113017	thumb	PrintHelpMessageText
0x08113018	0x08113043	thumb	PrintTextOnHelpMessageWindow
0x08113044	0x08113063	thumb	ResetTrainerFanClub
0x08113064	0x08113077	thumb	Script_TryLoseFansFromPlayTimeAfterLinkBattle
0x08113078	0x081130A7	thumb	TryLoseFansFromPlayTimeAfterLinkBattle
0x081130A8	0x081130BB	thumb	Script_UpdateTrainerFanClubGameClear
0x081130BC	0x08113113	thumb	UpdateTrainerFanClubGameClear
0x08113114	0x08113193	thumb	TryGainNewFanFromCounter
0x08113194	0x081131FB	thumb	PlayerGainRandomTrainerFan
0x081131FC	0x08113287	thumb	PlayerLoseRandomTrainerFan
0x08113288	0x0811329F	thumb	Script_GetNumFansOfPlayerInTrainerFanClub
0x081132A0	0x081132CB	thumb	GetNumFansOfPlayerInTrainerFanClub
0x081132CC	0x081132DF	thumb	Script_TryLoseFansFromPlayTime
0x081132E0	0x08113361	thumb	TryLoseFansFromPlayTime
0x08113364	0x0811337B	thumb	Script_IsFanClubMemberFanOfPlayer
0x0811337C	0x0811338F	thumb	IsFanClubMemberFanOfPlayer
0x08113390	0x081133A1	thumb	SetInitialFansOfPlayer
0x081133A4	0x08113413	thumb	Script_BufferFanClubTrainerName
0x08113414	0x081134B7	thumb	BufferFanClubTrainerName
0x081134B8	0x081134CB	thumb	Special_UpdateTrainerFansAfterLinkBattle
0x081134CC	0x08113507	thumb	UpdateTrainerFansAfterLinkBattle
0x08113508	0x0811350F	thumb	DidPlayerGetFirstFans
0x08113510	0x08113523	thumb	Script_SetPlayerGotFirstFans
0x08113524	0x0811352D	thumb	SetPlayerGotFirstFans
0x08113530	0x0811354F	thumb	Script_TryGainNewFanFromCounter
0x08113550	0x081136D3	thumb	SetQuestLogEvent
0x081136D4	0x08113745	thumb	InQuestLogDisabledLocation
0x08113748	0x08113775	thumb	QuestLog_ShouldEndSceneOnMapChange
0x08113778	0x081137E3	thumb	ShouldRegisterEvent_HandlePartyActions
0x081137E4	0x08113819	thumb	ShouldRegisterEvent_HandleBeatStoryTrainer
0x0811381C	0x08113827	thumb	QL_EnableRecordingSteps
0x08113828	0x0811389F	thumb	ShouldRegisterEvent
0x081138A0	0x081138F5	thumb	TryDeferLinkEvent
0x081138F8	0x0811390B	thumb	ResetDeferredLinkEvent
0x0811390C	0x08113953	thumb	QuestLog_StartRecordingInputsAfterDeferredEvent
0x08113954	0x081139BB	thumb	TryDeferTrainerBattleEvent
0x081139BC	0x08113A1B	thumb	QuestLogEvents_HandleEndTrainerBattle
0x08113A1C	0x08113A43	thumb	QL_RecordWait
0x08113A44	0x08113A77	thumb	IsEventWithSpecialEncounterSpecies
0x08113A78	0x08113ABB	thumb	QL_SkipCommand
0x08113ABC	0x08113AE7	thumb	QL_UpdateLastDepartedLocation
0x08113AE8	0x08113B43	thumb	QL_LoadEvent
0x08113B44	0x08113B87	thumb	QL_TryRepeatEvent
0x08113B88	0x08113B93	thumb	QL_ResetRepeatEventTracker
0x08113B94	0x08113BD7	thumb	UpdateRepeatEventCounter
0x08113BD8	0x08113BF3	thumb	QL_ResetEventStates
0x08113BF4	0x08113C1F	thumb	QL_RecordAction_SceneEnd
0x08113C20	0x08113C5B	thumb	QL_LoadAction_SceneEnd
0x08113C5C	0x08113C8B	thumb	QL_RecordAction_Wait
0x08113C8C	0x08113CC7	thumb	QL_LoadAction_Wait
0x08113CC8	0x08113D07	thumb	QL_RecordAction_Input
0x08113D08	0x08113D47	thumb	QL_LoadAction_Input
0x08113D48	0x08113D91	thumb	QL_RecordAction_MovementOrGfxChange
0x08113D94	0x08113DDD	thumb	QL_LoadAction_MovementOrGfxChange
0x08113DE0	0x08113E87	thumb	RecordEventHeader
0x08113E88	0x08113EAB	thumb	LoadEvent
0x08113EAC	0x08113F13	thumb	QuestLog_GetSpeciesName
0x08113F14	0x08113F3B	thumb	RecordEvent_SwitchedPartyOrder
0x08113F3C	0x08113F7F	thumb	LoadEvent_SwitchedPartyOrder
0x08113F80	0x08113FBB	thumb	RecordEvent_UsedItem
0x08113FBC	0x0811414B	thumb	LoadEvent_UsedItem
0x0811414C	0x08114171	thumb	RecordEvent_GiveTakeHeldItem
0x08114174	0x08114185	thumb	RecordEvent_GaveHeldItemFromPartyMenu
0x08114188	0x081141CF	thumb	LoadEvent_GaveHeldItemFromPartyMenu
0x081141D0	0x081141E1	thumb	RecordEvent_GaveHeldItemFromBagMenu
0x081141E4	0x0811422B	thumb	LoadEvent_GaveHeldItemFromBagMenu
0x0811422C	0x0811423D	thumb	RecordEvent_GaveHeldItemFromPC
0x08114240	0x08114287	thumb	LoadEvent_GaveHeldItemFromPC
0x08114288	0x08114299	thumb	RecordEvent_TookHeldItem
0x0811429C	0x081142E3	thumb	LoadEvent_TookHeldItem
0x081142E4	0x0811430D	thumb	RecordEvent_SwappedHeldItem
0x08114310	0x08114321	thumb	RecordEvent_SwappedHeldItemFromBag
0x08114324	0x0811437F	thumb	LoadEvent_SwappedHeldItem
0x08114380	0x08114391	thumb	RecordEvent_SwappedHeldItemFromPC
0x08114394	0x081143EF	thumb	LoadEvent_SwappedHeldItemFromPC
0x081143F0	0x0811443B	thumb	RecordEvent_UsedPkmnCenter
0x0811443C	0x0811445B	thumb	LoadEvent_UsedPkmnCenter
0x0811445C	0x0811448B	thumb	RecordEvent_LinkTraded
0x0811448C	0x081144EB	thumb	LoadEvent_LinkTraded
0x081144EC	0x08114517	thumb	RecordEvent_LinkBattledSingle
0x08114518	0x08114577	thumb	LoadEvent_LinkBattledSingle
0x08114578	0x081145A3	thumb	RecordEvent_LinkBattledDouble
0x081145A4	0x08114603	thumb	LoadEvent_LinkBattledDouble
0x08114604	0x0811464B	thumb	RecordEvent_LinkBattledMulti
0x0811464C	0x0811470F	thumb	LoadEvent_LinkBattledMulti
0x08114710	0x08114723	thumb	RecordEvent_UsedUnionRoom
0x08114724	0x08114743	thumb	LoadEvent_UsedUnionRoom
0x08114744	0x08114757	thumb	RecordEvent_UsedUnionRoomChat
0x08114758	0x08114777	thumb	LoadEvent_UsedUnionRoomChat
0x08114778	0x081147A7	thumb	RecordEvent_LinkTradedUnionRoom
0x081147A8	0x08114807	thumb	LoadEvent_LinkTradedUnionRoom
0x08114808	0x08114833	thumb	RecordEvent_LinkBattledUnionRoom
0x08114834	0x0811488B	thumb	LoadEvent_LinkBattledUnionRoom
0x0811488C	0x081148BB	thumb	RecordEvent_SwitchedMonsBetweenBoxes
0x081148BC	0x08114917	thumb	LoadEvent_SwitchedMonsBetweenBoxes
0x08114918	0x08114943	thumb	RecordEvent_SwitchedMonsWithinBox
0x08114944	0x0811498F	thumb	LoadEvent_SwitchedMonsWithinBox
0x08114990	0x081149CF	thumb	RecordEvent_SwitchedPartyMonForPCMon
0x081149D0	0x08114A1B	thumb	LoadEvent_SwitchedPartyMonForPCMon
0x08114A1C	0x08114A49	thumb	RecordEvent_MovedMonBetweenBoxes
0x08114A4C	0x08114A9F	thumb	LoadEvent_MovedMonBetweenBoxes
0x08114AA0	0x08114AC7	thumb	RecordEvent_MovedMonWithinBox
0x08114AC8	0x08114B0B	thumb	LoadEvent_MovedMonWithinBox
0x08114B0C	0x08114B33	thumb	RecordEvent_WithdrewMonFromPC
0x08114B34	0x08114B77	thumb	LoadEvent_WithdrewMonFromPC
0x08114B78	0x08114B9F	thumb	RecordEvent_DepositedMonInPC
0x08114BA0	0x08114BE3	thumb	LoadEvent_DepositedMonInPC
0x08114BE4	0x08114C0B	thumb	RecordEvent_SwitchedMultipleMons
0x08114C0C	0x08114C67	thumb	LoadEvent_SwitchedMultipleMons
0x08114C68	0x08114C8B	thumb	RecordEvent_DepositedItemInPC
0x08114C8C	0x08114CBF	thumb	LoadEvent_DepositedItemInPC
0x08114CC0	0x08114CE3	thumb	RecordEvent_WithdrewItemFromPC
0x08114CE4	0x08114D17	thumb	LoadEvent_WithdrewItemFromPC
0x08114D18	0x08114D4B	thumb	RecordEvent_DefeatedTrainer
0x08114D4C	0x08114D67	thumb	RecordEvent_DefeatedGymLeader
0x08114D68	0x08114DE7	thumb	LoadEvent_DefeatedGymLeader
0x08114DE8	0x08114E67	thumb	RecordEvent_DefeatedWildMon
0x08114E68	0x08114FBB	thumb	LoadEvent_DefeatedWildMon
0x08114FBC	0x08114FEF	thumb	IsSpeciesFromSpecialEncounter
0x08114FF0	0x0811500B	thumb	RecordEvent_DefeatedEliteFourMember
0x0811500C	0x08115077	thumb	LoadEvent_DefeatedEliteFourMember
0x08115078	0x081150CB	thumb	RecordEvent_DefeatedChampion
0x081150CC	0x081151BF	thumb	LoadEvent_DefeatedChampion
0x081151C0	0x081151DB	thumb	RecordEvent_DefeatedNormalTrainer
0x081151DC	0x0811527F	thumb	LoadEvent_DefeatedTrainer
0x08115280	0x081152BB	thumb	RecordEvent_DepartedLocation
0x081152BC	0x0811539B	thumb	LoadEvent_DepartedLocation
0x0811539C	0x081153A7	thumb	SetQLPlayedTheSlots
0x081153A8	0x081153E1	thumb	ShouldRegisterEvent_HandleDeparted
0x081153E4	0x0811540D	thumb	ShouldRegisterEvent_DepartedGameCorner
0x08115410	0x0811545F	thumb	RecordEvent_UsedFieldMove
0x08115460	0x081154DB	thumb	LoadEvent_UsedFieldMove
0x081154DC	0x08115515	thumb	RecordEvent_BoughtItem
0x08115518	0x081155A3	thumb	LoadEvent_BoughtItem
0x081155A4	0x081155DD	thumb	RecordEvent_SoldItem
0x081155E0	0x081156D7	thumb	LoadEvent_SoldItem
0x081156D8	0x081156FF	thumb	RecordEvent_ObtainedStoryItem
0x08115700	0x08115747	thumb	LoadEvent_ObtainedStoryItem
0x08115748	0x08115797	thumb	QuestLog_RecordEnteredMap
0x08115798	0x081157DB	thumb	SetQuestLogEvent_Arrived
0x081157DC	0x081157FF	thumb	RecordEvent_ArrivedInLocation
0x08115800	0x08115833	thumb	LoadEvent_ArrivedInLocation
0x08115834	0x0811586B	thumb	TranslateLinkPartnersName
0x0811586C	0x08115923	thumb	PrintNumPlayersWaitingForMsg
0x08115924	0x0811599B	thumb	PrintPlayerNameAndIdOnWindow
0x0811599C	0x08115A23	thumb	GetAwaitingCommunicationText
0x08115A24	0x08115A67	thumb	TryBecomeLinkLeader
0x08115A68	0x081161E3	thumb	Task_TryBecomeLinkLeader
0x081161E4	0x08116243	thumb	Leader_DestroyResources
0x08116244	0x081162DF	thumb	Leader_GetAcceptNewMemberPrompt
0x081162E0	0x0811631B	thumb	GetYouDeclinedTheOfferMessage
0x0811631C	0x081163AF	thumb	GetYouAskedToJoinGroupPleaseWaitMessage
0x081163B0	0x08116443	thumb	GetGroupLeaderSentAnOKMessage
0x08116444	0x081164C7	thumb	Leader_SetStateIfMemberListChanged
0x081164C8	0x08116523	thumb	ItemPrintFunc_PossibleGroupMembers
0x08116524	0x081165E7	thumb	LeaderUpdateGroupMembership
0x081165E8	0x081166F3	thumb	LeaderPrunePlayerList
0x081166F4	0x08116737	thumb	TryJoinLinkGroup
0x08116738	0x08116D0D	thumb	Task_TryJoinLinkGroup
0x08116D10	0x08116D5F	thumb	IsTryingToTradeAcrossVersionTooSoon
0x08116D60	0x08116DDF	thumb	AskToJoinRfuGroup
0x08116DE0	0x08116E1B	thumb	CreateTask_ListenToWireless
0x08116E1C	0x08116F25	thumb	Task_ListenToWireless
0x08116F28	0x08116F5B	thumb	IsPartnerActivityAcceptable
0x08116F5C	0x08116F93	thumb	GetGroupListTextColor
0x08116F94	0x08116FE3	thumb	ListMenuItemPrintFunc_UnionRoomGroups
0x08116FE4	0x081170FF	thumb	GetNewLeaderCandidate
0x08117100	0x08117117	thumb	Task_CreateTradeMenu
0x08117118	0x0811712F	thumb	CreateTask_CreateTradeMenu
0x08117130	0x0811727F	thumb	Task_StartUnionRoomTrade
0x08117280	0x08117353	thumb	Task_ExchangeCards
0x08117354	0x081173BF	thumb	CB2_ShowCard
0x081173C0	0x0811743F	thumb	StartUnionRoomBattle
0x08117440	0x081174B3	thumb	WarpForWirelessMinigame
0x081174B4	0x08117533	thumb	WarpForCableClubActivity
0x08117534	0x08117593	thumb	CB2_TransitionToCableClub
0x08117594	0x081175B9	thumb	CreateTrainerCardInBuffer
0x081175BC	0x081178FF	thumb	Task_StartActivity
0x08117900	0x0811798D	thumb	Task_RunScriptAndFadeToActivity
0x08117990	0x081179A3	thumb	CreateTask_RunScriptAndFadeToActivity
0x081179A4	0x081179CB	thumb	CreateTask_StartActivity
0x081179CC	0x08117A0B	thumb	CreateTask_SendMysteryGift
0x08117A0C	0x08117ED1	thumb	Task_SendMysteryGift
0x08117ED4	0x08117F1F	thumb	CreateTask_LinkMysteryGiftWithFriend
0x08117F20	0x0811828F	thumb	Task_CardOrNewsWithFriend
0x08118290	0x081182DB	thumb	CreateTask_LinkMysteryGiftOverWireless
0x081182DC	0x0811860B	thumb	Task_CardOrNewsOverWireless
0x0811860C	0x08118657	thumb	RunUnionRoom
0x08118658	0x08118661	thumb	ReadAsU16
0x08118664	0x0811868B	thumb	ScheduleFieldMessageWithFollowupState
0x0811868C	0x081186AF	thumb	ScheduleFieldMessageAndExit
0x081186B0	0x081186C7	thumb	CopyPlayerListToBuffer
0x081186C8	0x081186DF	thumb	CopyPlayerListFromBuffer
0x081186E0	0x081198EB	thumb	Task_RunUnionRoom
0x081198EC	0x08119903	thumb	SetUsingUnionRoomStartMenu
0x08119904	0x08119943	thumb	ReceiveUnionRoomActivityPacket
0x08119944	0x0811999B	thumb	HandleContactFromOtherPlayer
0x0811999C	0x081199FB	thumb	InitUnionRoom
0x081199FC	0x08119B67	thumb	Task_InitUnionRoom
0x08119B68	0x08119B93	thumb	BufferUnionRoomPlayerName
0x08119B94	0x08119D33	thumb	HandlePlayerListUpdate
0x08119D34	0x08119E83	thumb	Task_SearchForChildOrParent
0x08119E84	0x08119EB7	thumb	CreateTask_SearchForChildOrParent
0x08119EB8	0x08119FAF	thumb	Task_ListenForCompatiblePartners
0x08119FB0	0x08119FD7	thumb	HasWonderCardOrNewsByLinkGroup
0x08119FD8	0x0811A053	thumb	Task_ListenForWonderDistributor
0x0811A054	0x0811A083	thumb	CreateTask_ListenForCompatiblePartners
0x0811A084	0x0811A0B3	thumb	CreateTask_ListenForWonderDistributor
0x0811A0B4	0x0811A0DF	thumb	UR_PrintFieldMessage
0x0811A0E0	0x0811A0F5	thumb	UR_RunTextPrinters
0x0811A0F8	0x0811A149	thumb	PrintOnTextbox
0x0811A14C	0x0811A1A9	thumb	UnionRoomHandleYesNo
0x0811A1AC	0x0811A1FB	thumb	CreateTradeBoardWindow
0x0811A1FC	0x0811A217	thumb	DeleteTradeBoardWindow
0x0811A218	0x0811A2E9	thumb	ListMenuHandler_AllItemsAvailable
0x0811A2EC	0x0811A3F5	thumb	TradeBoardMenuHandler
0x0811A3F8	0x0811A41B	thumb	UR_ClearBg0
0x0811A41C	0x0811A443	thumb	JoinGroup_EnableScriptContexts
0x0811A444	0x0811A5E3	thumb	PrintUnionRoomText
0x0811A5E4	0x0811A64F	thumb	ClearRfuPlayerList
0x0811A650	0x0811A693	thumb	ClearIncomingPlayerList
0x0811A694	0x0811A6D9	thumb	ArePlayersDifferent
0x0811A6DC	0x0811A747	thumb	ArePlayerDataDifferent
0x0811A748	0x0811A797	thumb	GetNewIncomingPlayerId
0x0811A798	0x0811A819	thumb	TryAddIncomingPlayerToList
0x0811A81C	0x0811A90F	thumb	PrintGroupMemberOnWindow
0x0811A910	0x0811A9B7	thumb	PrintGroupCandidateOnWindow
0x0811A9B8	0x0811A9F9	thumb	IsPlayerFacingTradingBoard
0x0811A9FC	0x0811AA21	thumb	GetResponseIdx_InviteToURoomActivity
0x0811AA24	0x0811AA59	thumb	ConvPartnerUnameAndGetWhetherMetAlready
0x0811AA5C	0x0811ABDF	thumb	UnionRoomGetPlayerInteractionResponse
0x0811ABE0	0x0811ABE1	thumb	ItemPrintFunc_Unused
0x0811ABE4	0x0811ACA3	thumb	TradeBoardPrintItemInfo
0x0811ACA4	0x0811AD79	thumb	TradeBoardListMenuItemPrintFunc
0x0811AD7C	0x0811ADC1	thumb	GetIndexOfNthTradeBoardOffer
0x0811ADC4	0x0811ADCF	thumb	GetUnionRoomPlayerGender
0x0811ADD0	0x0811AE67	thumb	IsRequestedTradeInPlayerParty
0x0811AE68	0x0811AECB	thumb	GetURoomActivityRejectMsg
0x0811AECC	0x0811AF6B	thumb	GetURoomActivityStartMsg
0x0811AF6C	0x0811B0A3	thumb	GetChatLeaderActionRequestMessage
0x0811B0A4	0x0811B0CD	thumb	PollPartnerYesNoResponse
0x0811B0D0	0x0811B0EF	thumb	InUnionRoom
0x0811B0F0	0x0811B147	thumb	HasAtLeastTwoMonsOfLevel30OrLower
0x0811B148	0x0811B15B	thumb	ResetUnionRoomTrade
0x0811B15C	0x0811B16B	thumb	Script_ResetUnionRoomTrade
0x0811B16C	0x0811B1B3	thumb	RegisterTradeMonAndGetIsEgg
0x0811B1B4	0x0811B1EB	thumb	RegisterTradeMon
0x0811B1EC	0x0811B257	thumb	GetPartyPositionOfRegisteredMon
0x0811B258	0x0811B297	thumb	HandleCancelActivity
0x0811B298	0x0811B2A5	thumb	StartScriptInteraction
0x0811B2A8	0x0811B2D7	thumb	GetLinkPlayerInfoFlags
0x0811B2D8	0x0811B319	thumb	GetActivePartnersInfo
0x0811B31C	0x0811B503	thumb	ViewURoomPartnerTrainerCard
0x0811B504	0x0811B521	thumb	IsPlayerStandingStill
0x0811B524	0x0811B53B	thumb	GetUnionRoomPlayerGraphicsId
0x0811B53C	0x0811B58B	thumb	GetUnionRoomPlayerCoords
0x0811B58C	0x0811B5DB	thumb	IsUnionRoomPlayerAt
0x0811B5DC	0x0811B5EF	thumb	IsUnionRoomPlayerHidden
0x0811B5F0	0x0811B5FF	thumb	HideUnionRoomPlayer
0x0811B600	0x0811B60F	thumb	ShowUnionRoomPlayer
0x0811B610	0x0811B62B	thumb	SetUnionRoomPlayerGfx
0x0811B62C	0x0811B64B	thumb	CreateUnionRoomPlayerObjectEvent
0x0811B64C	0x0811B66B	thumb	RemoveUnionRoomPlayerObjectEvent
0x0811B66C	0x0811B6E7	thumb	SetUnionRoomPlayerEnterExitMovement
0x0811B6E8	0x0811B751	thumb	TryReleaseUnionRoomPlayerObjectEvent
0x0811B754	0x0811B7A7	thumb	InitUnionRoomPlayerObjects
0x0811B7A8	0x0811B801	thumb	AnimateUnionRoomPlayerDespawn
0x0811B804	0x0811B8BB	thumb	AnimateUnionRoomPlayerSpawn
0x0811B8BC	0x0811B90B	thumb	SpawnGroupLeader
0x0811B90C	0x0811B94B	thumb	DespawnGroupLeader
0x0811B94C	0x0811B9D7	thumb	AnimateUnionRoomPlayer
0x0811B9D8	0x0811BA17	thumb	Task_AnimateUnionRoomPlayers
0x0811BA18	0x0811BA5B	thumb	CreateTask_AnimateUnionRoomPlayers
0x0811BA5C	0x0811BA77	thumb	DestroyTask_AnimateUnionRoomPlayers
0x0811BA78	0x0811BAAB	thumb	DestroyUnionRoomPlayerObjects
0x0811BAAC	0x0811BB3F	thumb	CreateUnionRoomPlayerSprites
0x0811BB40	0x0811BB67	thumb	DestroyUnionRoomPlayerSprites
0x0811BB68	0x0811BB9D	thumb	MakeGroupAssemblyAreasPassable
0x0811BBA0	0x0811BBC7	thumb	GetNewFacingDirectionForUnionRoomPlayer
0x0811BBC8	0x0811BBDF	thumb	IsUnionRoomPlayerInvisible
0x0811BBE0	0x0811BC67	thumb	SpawnGroupMember
0x0811BC68	0x0811BC9F	thumb	DespawnGroupMember
0x0811BCA0	0x0811BDA7	thumb	AssembleGroup
0x0811BDA8	0x0811BE6B	thumb	SpawnGroupLeaderAndMembers
0x0811BE6C	0x0811BE89	thumb	DespawnGroupLeaderAndMembers
0x0811BE8C	0x0811BEC9	thumb	UpdateUnionRoomPlayerSprites
0x0811BECC	0x0811BEDB	thumb	ScheduleUnionRoomPlayerRefresh
0x0811BEDC	0x0811BEFF	thumb	HandleUnionRoomPlayerRefresh
0x0811BF00	0x0811C007	thumb	TryInteractWithUnionRoomMember
0x0811C008	0x0811C027	thumb	SetUnionRoomObjectFacingDirection
0x0811C028	0x0811C04B	thumb	UpdateUnionRoomMemberFacing
0x0811C04C	0x0811C0DF	thumb	SetUpPartiesAndStartBattle
0x0811C0E0	0x0811C14F	thumb	UnionRoomBattle_CreateTextPrinter
0x0811C150	0x0811C1B3	thumb	UnionRoomBattle_PrintTextOnWindow0
0x0811C1B4	0x0811C1C5	thumb	VBlankCB_UnionRoomBattle
0x0811C1C8	0x0811C53F	thumb	CB2_UnionRoomBattle
0x0811C540	0x0811C565	thumb	StartUseItemAnim_Normal
0x0811C568	0x0811C5AB	thumb	StartUseItemAnim_ForgetMoveAndLearnTMorHM
0x0811C5AC	0x0811C5D1	thumb	StartUseItemAnim_CantEvolve
0x0811C5D4	0x0811C6E7	thumb	AllocPSA
0x0811C6E8	0x0811C6F9	thumb	VBlankCB_PSA
0x0811C6FC	0x0811C715	thumb	CB2_PSA
0x0811C718	0x0811C747	thumb	SetUseItemAnimCallback
0x0811C748	0x0811C7BB	thumb	SetUpUseItemAnim_Normal
0x0811C7BC	0x0811C7FB	thumb	SetUpUseItemAnim_ForgetMoveAndLearnTMorHM
0x0811C7FC	0x0811C833	thumb	SetUpUseItemAnim_CantEvolve
0x0811C834	0x0811CA1D	thumb	Task_UseItem_Normal
0x0811CA20	0x0811CBE3	thumb	Task_ForgetMove
0x0811CBE4	0x0811CD67	thumb	Task_EvoStone_CantEvolve
0x0811CD68	0x0811CE4B	thumb	Task_UseTM_NoForget
0x0811CE4C	0x0811CF87	thumb	Task_MachineSet
0x0811CF88	0x0811D017	thumb	Task_CleanUp
0x0811D018	0x0811D057	thumb	GetAnimTypeByItemId
0x0811D058	0x0811D07D	thumb	GetClosenessFromFriendship
0x0811D080	0x0811D093	thumb	GetPSAStruct
0x0811D094	0x0811D0A7	thumb	PSA_GetPokemon
0x0811D0A8	0x0811D0B3	thumb	PSA_GetSceneWork
0x0811D0B4	0x0811D0C1	thumb	PSA_GetItemId
0x0811D0C4	0x0811D0CF	thumb	PSA_GetNameOfMoveForgotten
0x0811D0D0	0x0811D0DB	thumb	PSA_GetNameOfMoveToTeach
0x0811D0DC	0x0811D0F3	thumb	PSA_CopyMonNickname
0x0811D0F4	0x0811D0FF	thumb	PSA_GetMonNickname
0x0811D100	0x0811D10D	thumb	PSA_GetAnimType
0x0811D110	0x0811D11D	thumb	PSA_GetMonSpecies
0x0811D120	0x0811D12D	thumb	PSA_GetMonPersonality
0x0811D130	0x0811D175	thumb	GetMonLevelUpWindowStats
0x0811D178	0x0811D183	thumb	PSA_IsCancelDisabled
0x0811D184	0x0811D27F	thumb	InitPokemonSpecialAnimScene
0x0811D280	0x0811D29B	thumb	PokemonSpecialAnimSceneInitIsNotFinished
0x0811D29C	0x0811D2A5	thumb	PSA_FreeWindowBuffers
0x0811D2A8	0x0811D2CD	thumb	PSA_ShowMessageWindow
0x0811D2D0	0x0811D2EB	thumb	PSA_HideMessageWindow
0x0811D2EC	0x0811D4D3	thumb	PSA_PrintMessage
0x0811D4D4	0x0811D4E9	thumb	PSA_AfterPoof_ClearMessageWindow
0x0811D4EC	0x0811D4FB	thumb	PSA_IsMessagePrintTaskActive
0x0811D4FC	0x0811D52F	thumb	PSA_DarkenMonSprite
0x0811D530	0x0811D59D	thumb	PSA_RunPoofAnim
0x0811D5A0	0x0811D5AD	thumb	PSA_UseTM_SetUpZoomOutAnim
0x0811D5B0	0x0811D5BD	thumb	PSA_UseTM_CleanUpForCancel
0x0811D5C0	0x0811D6EB	thumb	PSA_UseTM_RunZoomOutAnim
0x0811D6EC	0x0811D6F9	thumb	PSA_UseTM_SetUpMachineSetWobble
0x0811D6FC	0x0811D733	thumb	PSA_UseTM_RunMachineSetWobble
0x0811D734	0x0811D751	thumb	PSA_CreateLevelUpVerticalSpritesTask
0x0811D754	0x0811D761	thumb	PSA_LevelUpVerticalSpritesTaskIsRunning
0x0811D764	0x0811D79F	thumb	PSA_DrawLevelUpWindowPg1
0x0811D7A0	0x0811D7C1	thumb	PSA_DrawLevelUpWindowPg2
0x0811D7C4	0x0811D7D1	thumb	PSA_IsCopyingLevelUpWindowToVram
0x0811D7D4	0x0811D82F	thumb	LoadBgGfxByAnimType
0x0811D830	0x0811D945	thumb	PSA_CreateMonSpriteAtCloseness
0x0811D948	0x0811D9A7	thumb	PSA_SetUpZoomAnim
0x0811D9A8	0x0811D9BB	thumb	PSA_IsZoomTaskActive
0x0811D9BC	0x0811DA99	thumb	Task_ZoomAnim
0x0811DA9C	0x0811DAA9	thumb	SetSpriteWithCloseness
0x0811DAAC	0x0811DABF	thumb	IsZoomSpriteCBActive
0x0811DAC0	0x0811DADB	thumb	GetSpriteOffsetByScale
0x0811DADC	0x0811DB13	thumb	GetYPosByScale
0x0811DB14	0x0811DB47	thumb	MonSpriteZoom_UpdateYPos
0x0811DB48	0x0811DB7B	thumb	ItemSpriteZoom_UpdateYPos
0x0811DB7C	0x0811DBA7	thumb	StartMonWiggleAnim
0x0811DBA8	0x0811DBBB	thumb	StopMonWiggleAnim
0x0811DBBC	0x0811DC11	thumb	SpriteCallback_MonSpriteWiggle
0x0811DC14	0x0811DC53	thumb	LoadMonSpriteGraphics
0x0811DC54	0x0811DCE7	thumb	PSA_SetUpItemUseOnMonAnim
0x0811DCE8	0x0811DCEF	thumb	GetBlendColorByItemId
0x0811DCF0	0x0811DD1F	thumb	CreateItemIconSpriteAtMaxCloseness
0x0811DD20	0x0811DD8F	thumb	PSA_CreateItemIconObject
0x0811DD90	0x0811DDA3	thumb	PSA_IsItemUseOnMonAnimActive
0x0811DDA4	0x0811DF13	thumb	Task_ItemUseOnMonAnim
0x0811DF14	0x0811DFBF	thumb	CreateSprites_UseItem_OutwardSpiralDots
0x0811DFC0	0x0811E03F	thumb	SpriteCB_OutwardSpiralDots
0x0811E040	0x0811E06B	thumb	PSA_UseItem_CleanUpForCancel
0x0811E06C	0x0811E109	thumb	InitItemIconSpriteState
0x0811E10C	0x0811E125	thumb	MachineSetWobbleInit
0x0811E128	0x0811E137	thumb	MachineSetWobble_SetCB
0x0811E138	0x0811E153	thumb	MachineSetWobbleCBIsRunning
0x0811E154	0x0811E193	thumb	SpriteCB_MachineSetWobble
0x0811E194	0x0811E203	thumb	StartZoomOutAnimForUseTM
0x0811E204	0x0811E2F3	thumb	CreateStarSprites
0x0811E2F4	0x0811E2FF	thumb	AnyStarSpritesActive
0x0811E300	0x0811E345	thumb	SpriteCB_Star
0x0811E348	0x0811E387	thumb	PSAScene_SeedRandomInTask
0x0811E388	0x0811E3B3	thumb	StopMakingOutwardSpiralDots
0x0811E3B4	0x0811E4EB	thumb	Task_UseItem_OutwardSpiralDots
0x0811E4EC	0x0811E51F	thumb	PSAScene_RandomFromTask
0x0811E520	0x0811E587	thumb	SpriteCallback_UseItem_OutwardSpiralDots
0x0811E588	0x0811E5A3	thumb	LoadOutwardSpiralDotsGfx
0x0811E5A4	0x0811E5B7	thumb	IsOutwardSpiralDotsTaskRunning
0x0811E5B8	0x0811E67F	thumb	CreateLevelUpVerticalSpritesTask
0x0811E680	0x0811E693	thumb	LevelUpVerticalSpritesTaskIsRunning
0x0811E694	0x0811E70D	thumb	Task_LevelUpVerticalSprites
0x0811E710	0x0811E7B3	thumb	CreateLevelUpVerticalSprite
0x0811E7B4	0x0811E7EF	thumb	SpriteCB_LevelUpVertical
0x0811E7F0	0x0811E93B	thumb	DrawLevelUpWindowPg1
0x0811E93C	0x0811EA43	thumb	DrawLevelUpWindowPg2
0x0811EA44	0x0811EB9F	thumb	InitPartyMenu
0x0811EBA0	0x0811EBB9	thumb	CB2_UpdatePartyMenu
0x0811EBBC	0x0811EBCD	thumb	VBlankCB_PartyMenu
0x0811EBD0	0x0811EBF9	thumb	CB2_InitPartyMenu
0x0811EBFC	0x0811EE35	thumb	ShowPartyMenu
0x0811EE38	0x0811EE73	thumb	ExitPartyMenu
0x0811EE74	0x0811EEA7	thumb	Task_ExitPartyMenu
0x0811EEA8	0x0811EECB	thumb	ResetPartyMenu
0x0811EECC	0x0811EF43	thumb	AllocPartyMenuBg
0x0811EF44	0x0811F039	thumb	AllocPartyMenuBgGfx
0x0811F03C	0x0811F06F	thumb	PartyPaletteBufferCopy
0x0811F070	0x0811F0BB	thumb	FreePartyPointers
0x0811F0BC	0x0811F123	thumb	InitPartyMenuBoxes
0x0811F124	0x0811F233	thumb	RenderPartyMenuBox
0x0811F234	0x0811F2FB	thumb	DisplayPartyPokemonData
0x0811F2FC	0x0811F387	thumb	DisplayPartyPokemonDescriptionData
0x0811F388	0x0811F403	thumb	DisplayPartyPokemonDataForChooseMultiple
0x0811F404	0x0811F42F	thumb	DisplayPartyPokemonDataForWirelessMinigame
0x0811F430	0x0811F4CD	thumb	DisplayPartyPokemonDataForMoveTutorOrEvolutionItem
0x0811F4D0	0x0811F525	thumb	DisplayPartyPokemonDataToTeachMove
0x0811F528	0x0811F5EB	thumb	DisplayPartyPokemonDataForMultiBattle
0x0811F5EC	0x0811F61F	thumb	RenderPartyMenuBoxes
0x0811F620	0x0811F633	thumb	GetPartyMenuBgTile
0x0811F634	0x0811F73F	thumb	CreatePartyMonSprites
0x0811F740	0x0811F773	thumb	CreatePartyMonSpritesLoop
0x0811F774	0x0811F817	thumb	CreateCancelConfirmPokeballSprites
0x0811F818	0x0811F943	thumb	AnimatePartySlot
0x0811F944	0x0811F9DB	thumb	GetPartyBoxPaletteFlags
0x0811F9DC	0x0811FA1F	thumb	DrawCancelConfirmButtons
0x0811FA20	0x0811FA3D	thumb	IsMultiBattle
0x0811FA40	0x0811FA75	thumb	SwapPartyPokemon
0x0811FA78	0x0811FAB3	thumb	Task_ClosePartyMenu
0x0811FAB4	0x0811FB09	thumb	Task_ClosePartyMenuAndSetCB2
0x0811FB0C	0x0811FB17	thumb	GetCursorSelectionMonId
0x0811FB18	0x0811FB27	thumb	GetPartyMenuType
0x0811FB28	0x0811FBA3	thumb	Task_HandleChooseMonInput
0x0811FBA4	0x0811FBC1	thumb	GetCurrentPartySlotPtr
0x0811FBC4	0x0811FD5B	thumb	HandleChooseMonSelection
0x0811FD5C	0x0811FD87	thumb	IsSelectedMonNotEgg
0x0811FD88	0x0811FE23	thumb	HandleChooseMonCancel
0x0811FE24	0x0811FE6F	thumb	DisplayCancelChooseMonYesNo
0x0811FE70	0x0811FEA3	thumb	Task_CancelChooseMonYesNo
0x0811FEA4	0x0811FEF9	thumb	Task_HandleCancelChooseMonYesNoInput
0x0811FEFC	0x0811FF91	thumb	PartyMenuButtonHandler
0x0811FF94	0x0811FFED	thumb	UpdateCurrentPartySelection
0x0811FFF0	0x081200F7	thumb	UpdatePartySelectionSingleLayout
0x081200F8	0x0812029B	thumb	UpdatePartySelectionDoubleLayout
0x0812029C	0x081202DD	thumb	GetNewSlotDoubleLayout
0x081202E0	0x081202F7	thumb	GetMonNickname
0x081202F8	0x08120327	thumb	DisplayPartyMenuMessage
0x08120328	0x0812036F	thumb	Task_PrintAndWaitForText
0x08120370	0x08120383	thumb	IsPartyMenuTextPrinterActive
0x08120384	0x081203B7	thumb	Task_WaitForLinkAndReturnToChooseMon
0x081203B8	0x0812041F	thumb	Task_ReturnToChooseMonAfterText
0x08120420	0x081204AB	thumb	DisplayGaveHeldItemMessage
0x081204AC	0x0812050B	thumb	DisplayTookHeldItemMessage
0x0812050C	0x08120557	thumb	DisplayAlreadyHoldingItemSwitchMessage
0x08120558	0x081205C7	thumb	DisplaySwitchedHeldItemMessage
0x081205C8	0x0812060D	thumb	GiveItemToMon
0x08120610	0x08120655	thumb	TryTakeMonItem
0x08120658	0x081206A7	thumb	BufferBagFullCantTakeItemMessage
0x081206A8	0x0812075F	thumb	Task_PartyMenuModifyHP
0x08120760	0x081207EF	thumb	PartyMenuModifyHP
0x081207F0	0x0812085B	thumb	ResetHPTaskData
0x0812085C	0x081208A1	thumb	GetAilmentFromStatus
0x081208A4	0x081208E3	thumb	GetMonAilment
0x081208E4	0x0812097B	thumb	SetPartyMonsAllowedInMinigame
0x0812097C	0x081209A9	thumb	IsMonAllowedInPokemonJump
0x081209AC	0x081209D1	thumb	IsMonAllowedInDodrioBerryPicking
0x081209D4	0x081209F3	thumb	IsMonAllowedInMinigame
0x081209F4	0x08120A57	thumb	TryEnterMonForMinigame
0x08120A58	0x08120A8F	thumb	CancelParticipationPrompt
0x08120A90	0x08120AC3	thumb	Task_CancelParticipationYesNo
0x08120AC4	0x08120B1F	thumb	Task_HandleCancelParticipationYesNoInput
0x08120B20	0x08120BA7	thumb	CanMonLearnTMTutor
0x08120BA8	0x08120BE7	thumb	GetTutorMove
0x08120BE8	0x08120C39	thumb	CanLearnTutorMove
0x08120C3C	0x08120C6B	thumb	Task_FirstBattleEnterParty_WaitFadeIn
0x08120C6C	0x08120CA7	thumb	Task_FirstBattleEnterParty_DarkenScreen
0x08120CA8	0x08120CD7	thumb	Task_FirstBattleEnterParty_WaitDarken
0x08120CD8	0x08120D07	thumb	Task_FirstBattleEnterParty_CreatePrinter
0x08120D08	0x08120D3F	thumb	Task_FirstBattleEnterParty_RunPrinterMsg1
0x08120D40	0x08120D7B	thumb	Task_FirstBattleEnterParty_LightenFirstMonIcon
0x08120D7C	0x08120DAB	thumb	Task_FirstBattleEnterParty_WaitLightenFirstMonIcon
0x08120DAC	0x08120DDF	thumb	Task_FirstBattleEnterParty_StartPrintMsg2
0x08120DE0	0x08120E1B	thumb	Task_FirstBattleEnterParty_RunPrinterMsg2
0x08120E1C	0x08120E57	thumb	Task_FirstBattleEnterParty_FadeNormal
0x08120E58	0x08120EBB	thumb	Task_FirstBattleEnterParty_WaitFadeNormal
0x08120EBC	0x08120EDF	thumb	Task_PartyMenu_Pokedude
0x08120EE0	0x08120F77	thumb	Task_PartyMenu_PokedudeStep
0x08120F78	0x08120FAF	thumb	PartyMenuPokedudeIsCancelled
0x08120FB0	0x08120FCB	thumb	PartyMenuHandlePokedudeCancel
0x08120FCC	0x08120FEF	thumb	Task_PartyMenuFromBag_Pokedude
0x08120FF0	0x0812105F	thumb	Task_PartyMenuFromBag_PokedudeStep
0x08121060	0x081210F7	thumb	InitPartyMenuWindows
0x081210F8	0x08121247	thumb	CreateCancelConfirmWindows
0x08121248	0x0812125B	thumb	GetPartyMenuPalBufferPtr
0x0812125C	0x08121339	thumb	BlitBitmapToPartyWindow
0x0812133C	0x0812139F	thumb	BlitBitmapToPartyWindow_LeftColumn
0x081213A0	0x08121403	thumb	BlitBitmapToPartyWindow_RightColumn
0x08121404	0x0812142B	thumb	DrawEmptySlot
0x0812142C	0x08121703	thumb	LoadPartyBoxPalette
0x08121704	0x08121737	thumb	DisplayPartyPokemonBarDetail
0x08121738	0x0812178F	thumb	DisplayPartyPokemonNickname
0x08121790	0x08121807	thumb	DisplayPartyPokemonLevelCheck
0x08121808	0x08121853	thumb	DisplayPartyPokemonLevel
0x08121854	0x081218B9	thumb	DisplayPartyPokemonGenderNidoranCheck
0x081218BC	0x0812199B	thumb	DisplayPartyPokemonGender
0x0812199C	0x08121A01	thumb	DisplayPartyPokemonHPCheck
0x08121A04	0x08121A3B	thumb	DisplayPartyPokemonHP
0x08121A3C	0x08121AA3	thumb	DisplayPartyPokemonMaxHPCheck
0x08121AA4	0x08121AEF	thumb	DisplayPartyPokemonMaxHP
0x08121AF0	0x08121B29	thumb	DisplayPartyPokemonHPBarCheck
0x08121B2C	0x08121C6F	thumb	DisplayPartyPokemonHPBar
0x08121C70	0x08121CE3	thumb	DisplayPartyPokemonDescriptionText
0x08121CE4	0x08121D09	thumb	PartyMenuRemoveWindow
0x08121D0C	0x08121DF7	thumb	DisplayPartyMenuStdMessage
0x08121DF8	0x08121E5B	thumb	ShouldUseChooseMonText
0x08121E5C	0x08121FBF	thumb	DisplaySelectionWindow
0x08121FC0	0x0812200B	thumb	PartyMenuPrintText
0x0812200C	0x08122033	thumb	PartyMenuDisplayYesNoMenu
0x08122034	0x08122063	thumb	CreateLevelUpStatsWindow
0x08122064	0x08122083	thumb	RemoveLevelUpStatsWindow
0x08122084	0x081220D3	thumb	PartyMenu_Oak_PrintText
0x081220D4	0x0812210F	thumb	FirstBattleEnterParty_CreateWindowAndMsg1Printer
0x08122110	0x08122137	thumb	FirstBattleEnterParty_DestroyVoiceoverWindow
0x08122138	0x081221D3	thumb	ToggleFieldMoveDescriptionWindow
0x081221D4	0x0812224B	thumb	CreatePartyMonIconSprite
0x0812224C	0x081222AB	thumb	CreatePartyMonIconSpriteParameterized
0x081222AC	0x08122357	thumb	UpdateHPBar
0x08122358	0x0812238B	thumb	UpdatePartyMonHPBar
0x0812238C	0x081223FB	thumb	AnimateSelectedPartyIcon
0x081223FC	0x08122427	thumb	SpriteCB_BouncePartyMonIcon
0x08122428	0x08122431	thumb	SpriteCB_UpdatePartyMonIcon
0x08122434	0x08122467	thumb	CreatePartyMonHeldItemSprite
0x08122468	0x081224B3	thumb	CreatePartyMonHeldItemSpriteParameterized
0x081224B4	0x081224CD	thumb	UpdatePartyMonHeldItemSprite
0x081224D0	0x0812254F	thumb	ShowOrHideHeldItemSprite
0x08122550	0x0812256B	thumb	LoadHeldItemIcons
0x0812256C	0x0812260F	thumb	DrawHeldItemIconsForTrade
0x08122610	0x08122693	thumb	CreateHeldItemSpriteForTrade
0x08122694	0x081226EB	thumb	SpriteCB_HeldItem
0x081226EC	0x08122713	thumb	CreatePartyMonPokeballSprite
0x08122714	0x08122753	thumb	CreatePartyMonPokeballSpriteParameterized
0x08122754	0x08122793	thumb	CreatePokeballButtonSprite
0x08122794	0x081227B7	thumb	CreateSmallPokeballButtonSprite
0x081227B8	0x081227DB	thumb	PartyMenuStartSpriteAnim
0x081227DC	0x0812285F	thumb	SpriteCB_BounceConfirmCancelButton
0x08122860	0x08122883	thumb	LoadPartyMenuPokeballGfx
0x08122884	0x081228B7	thumb	CreatePartyMonStatusSprite
0x081228B8	0x08122903	thumb	CreatePartyMonStatusSpriteParameterized
0x08122904	0x0812291B	thumb	SetPartyMonAilmentGfx
0x0812291C	0x0812297F	thumb	UpdatePartyMonAilmentGfx
0x08122980	0x0812299B	thumb	LoadPartyMenuAilmentGfx
0x0812299C	0x081229FB	thumb	SetPartyMonSelectionActions
0x081229FC	0x08122B1F	thumb	SetPartyMonFieldSelectionActions
0x08122B20	0x08122BD1	thumb	GetPartyMenuActionsType
0x08122BD4	0x08122C2F	thumb	CreateSelectionWindow
0x08122C30	0x08122C5B	thumb	Task_TryCreateSelectionWindow
0x08122C5C	0x08122D4B	thumb	Task_HandleSelectionMenuInput
0x08122D4C	0x08122D77	thumb	CursorCB_Summary
0x08122D78	0x08122DBB	thumb	CB2_ShowPokemonSummaryScreen
0x08122DBC	0x08122DFF	thumb	CB2_ReturnToPartyMenuFromSummaryScreen
0x08122E00	0x08122E5B	thumb	CursorCB_Switch
0x08122E5C	0x08122FFF	thumb	SwitchSelectedMons
0x08123000	0x08123065	thumb	TryMovePartySlot
0x08123068	0x08123131	thumb	MoveAndBufferPartySlot
0x08123134	0x08123187	thumb	MovePartyMenuBoxSprites
0x08123188	0x081231E7	thumb	SlidePartyMenuBoxSpritesOneStep
0x081231E8	0x0812326F	thumb	SlidePartyMenuBoxOneStep
0x08123270	0x08123387	thumb	Task_SlideSelectedSlotsOffscreen
0x08123388	0x0812341D	thumb	Task_SlideSelectedSlotsOnscreen
0x08123420	0x081234EB	thumb	SwitchMenuBoxSprites
0x081234EC	0x0812358B	thumb	SwitchPartyMon
0x0812358C	0x081235E7	thumb	SetSwitchedPartyOrderQuestLogEvent
0x081235E8	0x0812363F	thumb	FinishTwoMonAction
0x08123640	0x0812369F	thumb	CursorCB_Cancel1
0x081236A0	0x08123703	thumb	CursorCB_Item
0x08123704	0x0812372F	thumb	CursorCB_Give
0x08123730	0x08123743	thumb	CB2_SelectBagItemToGive
0x08123744	0x08123823	thumb	CB2_GiveHoldItem
0x08123824	0x081238A3	thumb	Task_GiveHoldItem
0x081238A4	0x081238FB	thumb	Task_SwitchHoldItemsPrompt
0x081238FC	0x0812392F	thumb	Task_SwitchItemsYesNo
0x08123930	0x08123A4F	thumb	Task_HandleSwitchItemsYesNoInput
0x08123A50	0x08123A7F	thumb	Task_WriteMailToGiveMonAfterText
0x08123A80	0x08123ACB	thumb	CB2_WriteMailToGiveMon
0x08123ACC	0x08123B77	thumb	CB2_ReturnToPartyMenuFromWritingMail
0x08123B78	0x08123BEF	thumb	Task_DisplayGaveMailFromPartyMessage
0x08123BF0	0x08123C37	thumb	Task_UpdateHeldItemSprite
0x08123C38	0x08123CF3	thumb	CursorCB_TakeItem
0x08123CF4	0x08123D57	thumb	CursorCB_Mail
0x08123D58	0x08123D83	thumb	CursorCB_Read
0x08123D84	0x08123DCB	thumb	CB2_ReadHeldMail
0x08123DCC	0x08123E0B	thumb	CB2_ReturnToPartyMenuFromReadingMail
0x08123E0C	0x08123E57	thumb	CursorCB_TakeMail
0x08123E58	0x08123E8B	thumb	Task_SendMailToPCYesNo
0x08123E8C	0x08123F4B	thumb	Task_HandleSendMailToPCYesNoInput
0x08123F4C	0x08123F7F	thumb	Task_LoseMailMessageYesNo
0x08123F80	0x08124063	thumb	Task_HandleLoseMailMessageYesNoInput
0x08124064	0x081240F3	thumb	CursorCB_Cancel2
0x081240F4	0x08124153	thumb	CursorCB_SendMon
0x08124154	0x08124257	thumb	CursorCB_Enter
0x08124258	0x08124277	thumb	MoveCursorToConfirm
0x08124278	0x08124353	thumb	CursorCB_NoEntry
0x08124354	0x08124383	thumb	CursorCB_Store
0x08124384	0x0812448F	thumb	CursorCB_Register
0x08124490	0x0812459D	thumb	CursorCB_Trade1
0x081245A0	0x081245A1	thumb	CursorCB_Trade2
0x081245A4	0x081247C3	thumb	CursorCB_FieldMove
0x081247C4	0x081247F3	thumb	DisplayFieldMoveExitAreaMessage
0x081247F4	0x08124827	thumb	Task_FieldMoveExitAreaYesNo
0x08124828	0x081248AF	thumb	Task_HandleFieldMoveExitAreaYesNoInput
0x081248B0	0x081248C7	thumb	FieldCallback_PrepareFadeInFromMenu
0x081248C8	0x08124903	thumb	Task_FieldMoveWaitForFade
0x08124904	0x0812492B	thumb	GetFieldMoveMonSpecies
0x0812492C	0x08124953	thumb	Task_CancelAfterAorBPress
0x08124954	0x08124979	thumb	DisplayCantUseFlashMessage
0x0812497C	0x08124997	thumb	FieldCallback_Surf
0x08124998	0x08124A09	thumb	SetUpFieldMove_Surf
0x08124A0C	0x08124A89	thumb	DisplayCantUseSurfMessage
0x08124A8C	0x08124AAD	thumb	SetUpFieldMove_Fly
0x08124AB0	0x08124ADB	thumb	CB2_ReturnToPartyMenuFromFlyMap
0x08124ADC	0x08124AF7	thumb	FieldCallback_Waterfall
0x08124AF8	0x08124B5D	thumb	SetUpFieldMove_Waterfall
0x08124B60	0x08124BAF	thumb	SetSwappedHeldItemQuestLogEvent
0x08124BB0	0x08124C1B	thumb	SetUsedFieldMoveQuestLogEvent
0x08124C1C	0x08124C8B	thumb	SetUsedFlyQuestLogEvent
0x08124C8C	0x08124D8F	thumb	CB2_ShowPartyMenuForItemUse
0x08124D90	0x08124D9F	thumb	CB2_ReturnToBagMenu
0x08124DA0	0x08124DAF	thumb	CB2_ReturnToTMCaseMenu
0x08124DB0	0x08124DBF	thumb	CB2_ReturnToBerryPouchMenu
0x08124DC0	0x08124DDF	thumb	Task_DoUseItemAnim
0x08124DE0	0x08124E47	thumb	CB2_DoUseItemAnim
0x08124E48	0x08124EFB	thumb	CB2_UseItem
0x08124EFC	0x08124FC7	thumb	CB2_UseTMHMAfterForgettingMove
0x08124FC8	0x08125017	thumb	Task_SetSacredAshCB
0x08125018	0x08125055	thumb	IsHPRecoveryItem
0x08125058	0x08125217	thumb	GetMedicineItemEffectMessage
0x08125218	0x0812524B	thumb	NotUsingHPEVItemOnShedinja
0x0812524C	0x08125267	thumb	IsItemFlute
0x08125268	0x081252CF	thumb	ExecuteTableBasedItemEffect_
0x081252D0	0x081253AF	thumb	ItemUseCB_Medicine
0x081253B0	0x08125553	thumb	ItemUseCB_MedicineStep
0x08125554	0x081255BB	thumb	Task_DisplayHPRestoredMessage
0x081255BC	0x081255EF	thumb	Task_ClosePartyMenuAfterText
0x081255F0	0x081256BF	thumb	ShowMoveSelectWindow
0x081256C0	0x081256F7	thumb	Task_HandleRestoreWhichMoveInput
0x081256F8	0x0812578F	thumb	ItemUseCB_TryRestorePP
0x08125790	0x081257D3	thumb	SetSelectedMoveForPPItem
0x081257D4	0x0812580B	thumb	ReturnToUseOnWhichMon
0x0812580C	0x08125897	thumb	TryUsePPItemOutsideBattle
0x08125898	0x08125957	thumb	ItemUseCB_RestorePP
0x08125958	0x08125A3B	thumb	TryUsePPItemInBattle
0x08125A3C	0x08125A77	thumb	ItemUseCB_PPUp
0x08125A78	0x08125A8F	thumb	ItemIdToBattleMoveId
0x08125A90	0x08125ABF	thumb	IsMoveHm
0x08125AC0	0x08125AED	thumb	MonKnowsMove
0x08125AF0	0x08125B13	thumb	DisplayLearnMoveMessage
0x08125B14	0x08125B3F	thumb	DisplayLearnMoveMessageAndClose
0x08125B40	0x08125C37	thumb	ItemUseCB_TMHM
0x08125C38	0x08125C45	thumb	ItemUseCB_LearnedMove
0x08125C48	0x08125CF3	thumb	Task_LearnedMove
0x08125CF4	0x08125D2B	thumb	Task_DoLearnedMoveFanfareAfterText
0x08125D2C	0x08125D87	thumb	Task_LearnNextMoveOrClosePartyMenu
0x08125D88	0x08125DBB	thumb	Task_ReplaceMoveYesNo
0x08125DBC	0x08125E19	thumb	Task_HandleReplaceMoveYesNoInput
0x08125E1C	0x08125E4B	thumb	Task_ShowSummaryScreenToForgetMove
0x08125E4C	0x08125E83	thumb	CB2_ShowSummaryScreenToForgetMove
0x08125E84	0x08125F13	thumb	CB2_ReturnToPartyMenuWhileLearningMove
0x08125F14	0x08125F4B	thumb	Task_ReturnToPartyMenuWhileLearningMove
0x08125F4C	0x08125F59	thumb	ItemUseCB_ReplaceMoveWithTMHM
0x08125F5C	0x08125FFB	thumb	Task_ReplaceMoveWithTMHM
0x08125FFC	0x0812607B	thumb	DisplayPartyMenuForgotMoveMessage
0x0812607C	0x081260D7	thumb	Task_PartyMenuReplaceMove
0x081260D8	0x0812613B	thumb	StopLearningMovePrompt
0x0812613C	0x0812616F	thumb	Task_StopLearningMoveYesNo
0x08126170	0x0812628B	thumb	Task_HandleStopLearningMoveYesNoInput
0x0812628C	0x081262A9	thumb	Task_TryLearningNextMoveAfterText
0x081262AC	0x0812634F	thumb	ItemUseCB_RareCandy
0x08126350	0x0812643F	thumb	ItemUseCB_RareCandyStep
0x08126440	0x081264C7	thumb	UpdateMonDisplayInfoAfterRareCandy
0x081264C8	0x08126527	thumb	Task_DisplayLevelUpStatsPg1
0x08126528	0x0812656F	thumb	Task_DisplayLevelUpStatsPg2
0x08126570	0x081265BB	thumb	DisplayLevelUpStatsPg1
0x081265BC	0x081265F7	thumb	DisplayLevelUpStatsPg2
0x081265F8	0x0812669F	thumb	Task_TryLearnNewMoves
0x081266A0	0x08126703	thumb	Task_TryLearningNextMove
0x08126704	0x0812676F	thumb	PartyMenuTryEvolution
0x08126770	0x08126803	thumb	DisplayMonNeedsToReplaceMove
0x08126804	0x08126893	thumb	DisplayMonLearnedMove
0x08126894	0x081268D3	thumb	ItemUseCB_SacredAsh
0x081268D4	0x08126A17	thumb	UseSacredAsh
0x08126A18	0x08126AFB	thumb	Task_SacredAshLoop
0x08126AFC	0x08126B5F	thumb	Task_SacredAshDisplayHPRestored
0x08126B60	0x08126BD3	thumb	ItemUseCB_EvolutionStone
0x08126BD4	0x08126C23	thumb	CB2_UseEvolutionStone
0x08126C24	0x08126C65	thumb	MonCanEvolve
0x08126C68	0x08126DC7	thumb	GetItemEffectType
0x08126DC8	0x08126EAF	thumb	TryTutorSelectedMon
0x08126EB0	0x08126EDB	thumb	CB2_PartyMenuFromStartMenu
0x08126EDC	0x08126F3F	thumb	CB2_ChooseMonToGiveItem
0x08126F40	0x08126FD7	thumb	TryGiveItemOrMailToSelectedMon
0x08126FD8	0x0812701B	thumb	GiveItemOrMailToSelectedMon
0x0812701C	0x08127097	thumb	GiveItemToSelectedMon
0x08127098	0x081270DF	thumb	Task_UpdateHeldItemSpriteAndClosePartyMenu
0x081270E0	0x0812713B	thumb	CB2_WriteMailToGiveMonFromBag
0x0812713C	0x081271C3	thumb	CB2_ReturnToPartyOrBagMenuFromWritingMail
0x081271C4	0x08127233	thumb	Task_DisplayGaveMailFromBagMessage
0x08127234	0x08127267	thumb	Task_SwitchItemsFromBagYesNo
0x08127268	0x0812734B	thumb	Task_HandleSwitchItemsFromBagYesNoInput
0x0812734C	0x08127383	thumb	DisplayItemMustBeRemovedFirstMessage
0x08127384	0x081273AB	thumb	RemoveItemToGiveFromBag
0x081273AC	0x081273D7	thumb	ReturnGiveItemToBagOrPC
0x081273D8	0x08127403	thumb	ChooseMonToGiveMailFromMailbox
0x08127404	0x081274A7	thumb	TryGiveMailToSelectedMon
0x081274A8	0x081274FB	thumb	InitChooseMonsForBattle
0x081274FC	0x0812750F	thumb	ClearSelectedPartyOrder
0x08127510	0x0812754D	thumb	GetPartySlotEntryStatus
0x08127550	0x081275F7	thumb	GetBattleEntryEligibility
0x081275F8	0x0812770F	thumb	CheckBattleEntriesAndGetMessage
0x08127710	0x0812773B	thumb	HasPartySlotAlreadyBeenSelected
0x0812773C	0x081277AB	thumb	Task_ValidateChosenMonsForBattle
0x081277AC	0x081277F3	thumb	Task_ContinueChoosingMonsForBattle
0x081277F4	0x0812781B	thumb	ChooseMonForTradingBoard
0x0812781C	0x08127887	thumb	ChooseMonForMoveTutor
0x08127888	0x081278B3	thumb	ChooseMonForWirelessMinigame
0x081278B4	0x081278D9	thumb	GetPartyLayoutFromBattleType
0x081278DC	0x08127967	thumb	OpenPartyMenuInTutorialBattle
0x08127968	0x081279A3	thumb	Pokedude_OpenPartyMenuInBattle
0x081279A4	0x081279DF	thumb	Pokedude_ChooseMonForInBattleItem
0x081279E0	0x08127A83	thumb	EnterPartyFromItemMenuInBattle
0x08127A84	0x08127ABF	thumb	GetPartyMenuActionsTypeInBattle
0x08127AC0	0x08127CAB	thumb	TrySwitchInPokemon
0x08127CAC	0x08127CCB	thumb	BufferBattlePartyCurrentOrder
0x08127CCC	0x08127DA7	thumb	BufferBattlePartyOrder
0x08127DA8	0x08127DCB	thumb	BufferBattlePartyCurrentOrderBySide
0x08127DCC	0x08127EC3	thumb	BufferBattlePartyOrderBySide
0x08127EC4	0x08127F79	thumb	SwitchPartyOrderLinkMulti
0x08127F7C	0x08127FAF	thumb	GetPartyIdFromBattleSlot
0x08127FB0	0x08127FF3	thumb	SetPartyIdAtBattleSlot
0x08127FF4	0x0812802D	thumb	SwitchPartyMonSlots
0x08128030	0x08128073	thumb	GetPartyIdFromBattlePartyId
0x08128074	0x081280C3	thumb	UpdatePartyToBattleOrder
0x081280C4	0x08128113	thumb	UpdatePartyToFieldOrder
0x08128114	0x08128183	thumb	SwitchAliveMonIntoLeadSlot
0x08128184	0x08128197	thumb	CB2_SetUpExitToBattleScreen
0x08128198	0x081281C3	thumb	ShowPartyMenuToShowcaseMultiBattleParty
0x081281C4	0x081281FB	thumb	Task_InitMultiPartnerPartySlideIn
0x081281FC	0x08128287	thumb	Task_MultiPartnerPartySlideIn
0x08128288	0x081282B7	thumb	Task_WaitAfterMultiPartnerPartySlideIn
0x081282B8	0x081282DB	thumb	MoveMultiPartyMenuBoxSprite
0x081282DC	0x0812836F	thumb	SlideMultiPartyMenuBoxSpritesOneStep
0x08128370	0x081283A7	thumb	ChooseMonForDaycare
0x081283A8	0x081283E3	thumb	ChoosePartyMonByMenuType
0x081283E4	0x081283FB	thumb	CB2_FadeFromPartyMenu
0x081283FC	0x0812841F	thumb	Task_PartyMenuWaitForFade
0x08128420	0x0812845B	thumb	EnterUnionRoomChat
0x0812845C	0x081284BB	thumb	InitChatWork
0x081284BC	0x081284DF	thumb	FreeChatWork
0x081284E0	0x081285B3	thumb	CB2_LoadInterface
0x081285B4	0x081285C9	thumb	VBlankCB_UnionRoomChatMain
0x081285CC	0x081285E5	thumb	CB2_UnionRoomChatMain
0x081285E8	0x0812863F	thumb	Task_HandlePlayerInput
0x08128640	0x081286C1	thumb	ChatEntryRoutine_Join
0x081286C4	0x081287B1	thumb	ChatEntryRoutine_HandleInput
0x081287B4	0x081288D3	thumb	ChatEntryRoutine_Switch
0x081288D4	0x08128A9F	thumb	ChatEntryRoutine_AskQuitChatting
0x08128AA0	0x08128C01	thumb	ChatEntryRoutine_ExitChat
0x08128C04	0x08128CA7	thumb	ChatEntryRoutine_Drop
0x08128CA8	0x08128DA1	thumb	ChatEntryRoutine_Disbanded
0x08128DA4	0x08128E75	thumb	ChatEntryRoutine_SendMessage
0x08128E78	0x08128FB7	thumb	ChatEntryRoutine_Register
0x08128FB8	0x08129217	thumb	ChatEntryRoutine_SaveAndExit
0x08129218	0x08129227	thumb	GoToRoutine
0x08129228	0x081292D7	thumb	TypeChatMessage_HandleDPad
0x081292D8	0x081293AB	thumb	AppendCharacterToChatMessageBuffer
0x081293AC	0x081293D7	thumb	DeleteLastCharacterOfChatMessageBuffer
0x081293D8	0x08129407	thumb	ToggleCaseOfLastCharacterInChatMessageBuffer
0x08129408	0x08129421	thumb	ChatMsgHasAtLeastOneCharcter
0x08129424	0x08129453	thumb	RegisterTextAtRow
0x08129454	0x0812946F	thumb	ResetMessageEntryBuffer
0x08129470	0x081294AF	thumb	SaveRegisteredTextsToSB1
0x081294B0	0x081294C7	thumb	UnionRoomChat_GetWorkRegisteredText
0x081294C8	0x081294EB	thumb	GetEndOfUnk1A
0x081294EC	0x0812951B	thumb	GetPtrToLastCharOfUnk1A
0x0812951C	0x0812955F	thumb	GetNumCharsInMessageEntryBuffer
0x08129560	0x08129565	thumb	PrepareSendBuffer_Null
0x08129568	0x0812958F	thumb	PrepareSendBuffer_Join
0x08129590	0x081295BF	thumb	PrepareSendBuffer_Chat
0x081295C0	0x081295EB	thumb	PrepareSendBuffer_Leave
0x081295EC	0x08129613	thumb	PrepareSendBuffer_Drop
0x08129614	0x0812963B	thumb	PrepareSendBuffer_Disband
0x0812963C	0x081296F3	thumb	ProcessReceivedChatMessage
0x081296F4	0x081296FF	thumb	GetCurrentKeyboardPage
0x08129700	0x08129713	thumb	UnionRoomChat_GetCursorColAndRow
0x08129714	0x0812971F	thumb	UnionRoomChat_GetMessageEntryBuffer
0x08129720	0x0812972D	thumb	UnionRoomChat_LenMessageEntryBuffer
0x08129730	0x08129755	thumb	UnionRoomChat_GetBufferSelectionRegion
0x08129758	0x08129787	thumb	UnionRoomChat_GetEndOfMessageEntryBuffer
0x08129788	0x081297C3	thumb	UnionRoomChat_GetNumCharsInMessageEntryBuffer
0x081297C4	0x081297CF	thumb	UnionRoomChat_GetLastReceivedMessage
0x081297D0	0x081297DB	thumb	UnionRoomChat_GetReceivedPlayerIndex
0x081297DC	0x081297E7	thumb	UnionRoomChat_GetMessageEntryCursorPosition
0x081297E8	0x08129811	thumb	UnionRoomChat_GetWhetherShouldShowCaseToggleIcon
0x08129814	0x0812981F	thumb	UnionRoomChat_GetNameOfPlayerWhoDisbandedChat
0x08129820	0x081298F7	thumb	UnionRoomChat_InitializeRegisteredTexts
0x081298F8	0x08129B13	thumb	Task_ReceiveChatMessage
0x08129B14	0x08129B77	thumb	UnionRoomChat_TryAllocGraphicsWork
0x08129B78	0x08129B87	thumb	UnionRoomChat_RunDisplaySubtask0
0x08129B88	0x08129BB7	thumb	UnionRoomChat_FreeGraphicsWork
0x08129BB8	0x08129BC3	thumb	InitWork
0x08129BC4	0x08129BFB	thumb	UnionRoomChat_ResetDisplaySubtasks
0x08129BFC	0x08129C33	thumb	UnionRoomChat_RunDisplaySubtasks
0x08129C34	0x08129C8B	thumb	UnionRoomChat_StartDisplaySubtask
0x08129C8C	0x08129C9F	thumb	RunDisplaySubtask
0x08129CA0	0x08129D3D	thumb	DisplaySubtask_LoadGfx
0x08129D40	0x08129D75	thumb	DisplaySubtask_PrintWin3
0x08129D78	0x08129DAD	thumb	DisplaySubtask_HideWin3
0x08129DB0	0x08129E19	thumb	DisplaySubtask_SwitchPages
0x08129E1C	0x08129E27	thumb	DisplaySubtask_MoveSelectorCursorObj
0x08129E28	0x08129E73	thumb	DisplaySubtask_ShowQuitChattingDialog
0x08129E74	0x08129EB7	thumb	DisplaySubtask_HideQuitChattingDialog
0x08129EB8	0x08129F23	thumb	DisplaySubtask_UpdateMessageBuffer
0x08129F24	0x08129FC9	thumb	DisplaySubtask_PrintRegisterWhere
0x08129FCC	0x0812A071	thumb	DisplaySubtask_CancelRegister
0x0812A074	0x0812A0AD	thumb	DisplaySubtask_ReturnToKeyboard
0x0812A0B0	0x0812A189	thumb	DisplaySubtask_ScrollChat
0x0812A18C	0x0812A1B5	thumb	DisplaySubtask_AnimateSelectorCursorBlink
0x0812A1B8	0x0812A1F9	thumb	DisplaySubtask_PrintInputText
0x0812A1FC	0x0812A23D	thumb	DisplaySubtask_PrintExitingChat
0x0812A240	0x0812A291	thumb	DisplaySubtask_PrintLeaderLeft
0x0812A294	0x0812A2E1	thumb	DisplaySubtask_AskSave
0x0812A2E4	0x0812A331	thumb	DisplaySubtask_AskOverwriteSave
0x0812A334	0x0812A375	thumb	DisplaySubtask_PrintSavingDontTurnOffPower
0x0812A378	0x0812A3CD	thumb	DisplaySubtask_PrintSavedTheGame
0x0812A3D0	0x0812A41D	thumb	DisplaySubtask_ShowConfirmLeaderLeaveDialog
0x0812A420	0x0812A423	thumb	DisplaySubtaskDummy
0x0812A424	0x0812A51B	thumb	PlaceYesNoMenuAt
0x0812A51C	0x0812A543	thumb	HideYesNoMenuWindow
0x0812A544	0x0812A567	thumb	DestroyYesNoMenuWindow
0x0812A568	0x0812A575	thumb	UnionRoomChat_ProcessInput
0x0812A578	0x0812A6F3	thumb	PlaceStdMessageWindow
0x0812A6F4	0x0812A727	thumb	HideStdMessageWindow
0x0812A728	0x0812A74B	thumb	DestroyStdMessageWindow
0x0812A74C	0x0812A775	thumb	FillWin1Rect
0x0812A778	0x0812A801	thumb	PrintOnWin1Parameterized
0x0812A804	0x0812A97F	thumb	PrintCurrentKeyboardPage
0x0812A980	0x0812A9C5	thumb	AnimateMoveBg1Right
0x0812A9C8	0x0812AA0D	thumb	AnimateMoveBg1Left
0x0812AA10	0x0812AA63	thumb	PrintKeyboardSwapTextsOnWin3
0x0812AA64	0x0812AA77	thumb	ClearWin3
0x0812AA78	0x0812AAD3	thumb	PrintTextOnWin0Colorized
0x0812AAD4	0x0812AB8B	thumb	ResetGpuBgState
0x0812AB8C	0x0812ABD7	thumb	SetBgTilemapWorkBuffers
0x0812ABD8	0x0812AC07	thumb	ClearBg0
0x0812AC08	0x0812AC57	thumb	LoadUnionRoomChatPanelGfx
0x0812AC58	0x0812AC9B	thumb	LoadLinkMiscMenuGfx
0x0812AC9C	0x0812ACBF	thumb	LoadBg1Pal8
0x0812ACC0	0x0812ACEB	thumb	LoadWin0
0x0812ACEC	0x0812AD03	thumb	LoadWin2
0x0812AD04	0x0812AD1F	thumb	LoadWin1
0x0812AD20	0x0812AD4F	thumb	LoadWin3
0x0812AD50	0x0812AD9F	thumb	InitScanlineEffect
0x0812ADA0	0x0812ADF7	thumb	FillScanlineEffectWithValue1col
0x0812ADF8	0x0812AE6F	thumb	FillScanlineEffectWithValue2col
0x0812AE70	0x0812AEAF	thumb	UnionRoomChat_TryAllocSpriteWork
0x0812AEB0	0x0812AEC7	thumb	UnionRoomChat_FreeSpriteWork
0x0812AEC8	0x0812AEFB	thumb	UnionRoomChat_CreateSelectorCursorObj
0x0812AEFC	0x0812AF1B	thumb	UnionRoomChat_ToggleSelectorCursorObjVisibility
0x0812AF1C	0x0812AF8B	thumb	UnionRoomChat_MoveSelectorCursorObj
0x0812AF8C	0x0812AFBF	thumb	UnionRoomChat_UpdateObjPalCycle
0x0812AFC0	0x0812AFFB	thumb	UnionRoomChat_SetSelectorCursorClosedImage
0x0812AFFC	0x0812B047	thumb	UnionRoomChat_AnimateSelectorCursorReopen
0x0812B048	0x0812B09B	thumb	UnionRoomChat_SpawnTextEntryPointerSprites
0x0812B09C	0x0812B0D1	thumb	SpriteCB_TextEntryCursor
0x0812B0D4	0x0812B0FD	thumb	SpriteCB_CharacterSelectCursor
0x0812B100	0x0812B15F	thumb	CreatePageSwitchUISprites
0x0812B160	0x0812B1DF	thumb	UpdateVisibleUnionRoomChatIcon
0x0812B1E0	0x0812B1EF	thumb	SetHelpContextDontCheckBattle
0x0812B1F0	0x0812B21F	thumb	SetHelpContext
0x0812B220	0x0812B233	thumb	Script_SetHelpContext
0x0812B234	0x0812B247	thumb	BackupHelpContext
0x0812B248	0x0812B25B	thumb	RestoreHelpContext
0x0812B25C	0x0812B26B	thumb	IsInMartMap
0x0812B26C	0x0812B27B	thumb	IsInGymMap
0x0812B27C	0x0812B2C3	thumb	IsCurrentMapInArray
0x0812B2C4	0x0812B35B	thumb	IsInDungeonMap
0x0812B35C	0x0812B409	thumb	SetHelpContextForMap
0x0812B40C	0x0812B45B	thumb	HelpSystem_UpdateHasntSeenIntro
0x0812B45C	0x0812B475	thumb	HelpSystem_IsSinglePlayer
0x0812B478	0x0812B483	thumb	HelpSystem_Disable
0x0812B484	0x0812B4AB	thumb	HelpSystem_Enable
0x0812B4AC	0x0812B4B7	thumb	HelpSystem_DisableToggleWithRButton
0x0812B4B8	0x0812B4C3	thumb	HelpSystem_EnableToggleWithRButton
0x0812B4C4	0x0812B4D5	thumb	ResetHelpSystemListMenu
0x0812B4D8	0x0812B51F	thumb	BuildAndPrintMainTopicsListMenu
0x0812B520	0x0812B5A7	thumb	BuildMainTopicsListAndMoveToH00
0x0812B5A8	0x0812B613	thumb	BuildAndPrintSubmenuList
0x0812B614	0x0812B753	thumb	SetHelpSystemSubmenuItems
0x0812B754	0x0812B77D	thumb	HelpSystem_ShouldShowBasicTerms
0x0812B780	0x0812BB0F	thumb	IsHelpSystemSubmenuEnabled
0x0812BB10	0x0812BB99	thumb	HasGottenAtLeastOneHM
0x0812BB9C	0x0812BC51	thumb	RunHelpMenuSubroutine
0x0812BC54	0x0812BC7F	thumb	HelpSystemSubroutine_PrintWelcomeMessage
0x0812BC80	0x0812BCA7	thumb	HelpSystemSubroutine_WelcomeWaitButton
0x0812BCA8	0x0812BCCF	thumb	HelpSystemSubroutine_WelcomeEndGotoMenu
0x0812BCD0	0x0812BD2B	thumb	HelpSystemSubroutine_MenuInputHandlerMain
0x0812BD2C	0x0812BD63	thumb	HelpMenuSubroutine_InitSubmenu
0x0812BD64	0x0812BD97	thumb	HelpMenuSubroutine_ReturnFromSubmenu
0x0812BD98	0x0812BDEB	thumb	HelpMenuSubroutine_SubmenuInputHandler
0x0812BDEC	0x0812BE0F	thumb	HelpSystem_PrintTopicLabel
0x0812BE10	0x0812BEEB	thumb	HelpMenuSubroutine_HelpItemPrint
0x0812BEEC	0x0812BF17	thumb	HelpMenuSubroutine_ReturnFromHelpItem
0x0812BF18	0x0812BF59	thumb	HelpMenuSubroutine_HelpItemWaitButton
0x0812BF5C	0x0812BF73	thumb	PrintWelcomeMessageOnPanel1
0x0812BF74	0x0812BF87	thumb	PrintTextOnPanel2Row52RightAlign
0x0812BF88	0x0812BF93	thumb	GetHelpSystemMenuLevel
0x0812BF94	0x0812BF9B	thumb	ResetHelpSystemCursor
0x0812BF9C	0x0812BFDB	thumb	PrintHelpSystemTopicMouseoverDescription
0x0812BFDC	0x0812C223	thumb	TrySetQuestLogBattleEvent
0x0812C224	0x0812C333	thumb	TrySetQuestLogLinkBattleEvent
0x0812C334	0x0812C37D	thumb	GetLinkMultiBattlePlayerIndexes
0x0812C380	0x0812C391	thumb	FC_VBlankCallback
0x0812C394	0x0812C3A9	thumb	MainCB2_FameCheckerMain
0x0812C3AC	0x0812C3F7	thumb	UseFameChecker
0x0812C3F8	0x0812C647	thumb	MainCB2_LoadFameChecker
0x0812C648	0x0812C663	thumb	LoadUISpriteSheetsAndPalettes
0x0812C664	0x0812C693	thumb	Task_WaitFadeOnInit
0x0812C694	0x0812C8F5	thumb	Task_TopMenuHandleInput
0x0812C8F8	0x0812C98F	thumb	TryExitPickMode
0x0812C990	0x0812C9BB	thumb	MessageBoxPrintEmptyText
0x0812C9BC	0x0812CA19	thumb	Task_EnterPickMode
0x0812CA1C	0x0812CAD7	thumb	Task_ExitPickMode
0x0812CAD8	0x0812CC67	thumb	Task_FlavorTextDisplayHandleInput
0x0812CC68	0x0812CD3B	thumb	FC_MoveSelectorCursor
0x0812CD3C	0x0812CE03	thumb	GetPickModeText
0x0812CE04	0x0812CE9B	thumb	PrintSelectedNameInBrightGreen
0x0812CE9C	0x0812CEBF	thumb	WipeMsgBoxAndTransfer
0x0812CEC0	0x0812CEDD	thumb	Setup_DrawMsgAndListBoxes
0x0812CEE0	0x0812CEFB	thumb	FC_PutWindowTilemapAndCopyWindowToVramMode3
0x0812CEFC	0x0812CF3B	thumb	SetMessageSelectorIconObjMode
0x0812CF3C	0x0812CF7B	thumb	Task_StartToCloseFameChecker
0x0812CF7C	0x0812D093	thumb	Task_DestroyAssetsAndCloseFameChecker
0x0812D094	0x0812D0BD	thumb	FC_DestroyWindow
0x0812D0C0	0x0812D0F1	thumb	AdjustGiovanniIndexIfBeatenInGym
0x0812D0F4	0x0812D173	thumb	PrintUIHelp
0x0812D174	0x0812D1A7	thumb	DestroyAllFlavorTextIcons
0x0812D1A8	0x0812D303	thumb	CreateAllFlavorTextIcons
0x0812D304	0x0812D387	thumb	ResetFameChecker
0x0812D388	0x0812D41F	thumb	FullyUnlockFameChecker
0x0812D420	0x0812D557	thumb	FCSetup_ClearVideoRegisters
0x0812D558	0x0812D583	thumb	FCSetup_ResetTasksAndSpriteResources
0x0812D584	0x0812D593	thumb	FCSetup_TurnOnDisplay
0x0812D594	0x0812D5E9	thumb	FCSetup_ResetBGCoords
0x0812D5EC	0x0812D64F	thumb	SetFlavorTextFlagFromSpecialVars
0x0812D650	0x0812D6B3	thumb	UpdatePickStateFromSpecialVar8005
0x0812D6B4	0x0812D709	thumb	HasUnlockedAllFlavorTextsForCurrentPerson
0x0812D70C	0x0812D723	thumb	FreeSelectionCursorSpriteResources
0x0812D724	0x0812D763	thumb	CreateFlavorTextIconSelectorCursorSprite
0x0812D764	0x0812D76D	thumb	SpriteCB_DestroyFlavorTextIconSelectorCursor
0x0812D770	0x0812D77F	thumb	FreeQuestionMarkSpriteResources
0x0812D780	0x0812D7C7	thumb	PlaceQuestionMarkTile
0x0812D7C8	0x0812D7E3	thumb	FreeSpinningPokeballSpriteResources
0x0812D7E4	0x0812D7FF	thumb	CreateSpinningPokeballSprite
0x0812D800	0x0812D813	thumb	SpriteCB_DestroySpinningPokeball
0x0812D814	0x0812D83F	thumb	FreeNonTrainerPicTiles
0x0812D840	0x0812D885	thumb	SpriteCB_FCSpinningPokeball
0x0812D888	0x0812D9A7	thumb	CreatePersonPicSprite
0x0812D9A8	0x0812DA13	thumb	DestroyPersonPicSprite
0x0812DA14	0x0812DB0F	thumb	UpdateIconDescriptionBox
0x0812DB10	0x0812DB27	thumb	UpdateIconDescriptionBoxOff
0x0812DB28	0x0812DB63	thumb	FC_CreateListMenu
0x0812DB64	0x0812DBBF	thumb	InitListMenuTemplate
0x0812DBC0	0x0812DD4F	thumb	FC_MoveCursorFunc
0x0812DD50	0x0812DDAB	thumb	Task_SwitchToPickMode
0x0812DDAC	0x0812DDEF	thumb	PrintCancelDescription
0x0812DDF0	0x0812DEEF	thumb	FC_DoMoveCursor
0x0812DEF0	0x0812DFE3	thumb	FC_PopulateListMenu
0x0812DFE4	0x0812DFFF	thumb	FC_PutWindowTilemapAndCopyWindowToVramMode3_2
0x0812E000	0x0812E047	thumb	FC_CreateScrollIndicatorArrowPair
0x0812E048	0x0812E063	thumb	FreeListMenuSelectorArrowPairResources
0x0812E064	0x0812E093	thumb	FameCheckerGetCursorY
0x0812E094	0x0812E10D	thumb	HandleFlavorTextModeSwitch
0x0812E110	0x0812E175	thumb	Task_FCOpenOrCloseInfoBox
0x0812E178	0x0812E4A3	thumb	UpdateInfoBoxTilemap
0x0812E4A4	0x0812E51B	thumb	PlaceListMenuCursor
0x0812E51C	0x0812E5A3	thumb	AddTextPrinterParameterized3
0x0812E5A4	0x0812E62B	thumb	AddTextPrinterParameterized4
0x0812E62C	0x0812E6D9	thumb	AddTextPrinterParameterized5
0x0812E6DC	0x0812E767	thumb	Menu_PrintFormatIntlPlayerName
0x0812E768	0x0812E941	thumb	UnusedBlitBitmapRect
0x0812E944	0x0812E9E3	thumb	StartBlendTask
0x0812E9E4	0x0812E9F7	thumb	IsBlendTaskActive
0x0812E9F8	0x0812EA77	thumb	Task_SmoothBlendLayers
0x0812EA78	0x0812EAE3	thumb	Menu2_GetMonPosAttribute
0x0812EAE4	0x0812EAFB	thumb	Menu2_GetStarSpritePosAttribute
0x0812EAFC	0x0812EB0D	thumb	VBlankCB_NewGameScene
0x0812EB10	0x0812EB29	thumb	CB2_NewGameScene
0x0812EB2C	0x0812EB57	thumb	StartNewGameScene
0x0812EB58	0x0812EEAF	thumb	Task_NewGameScene
0x0812EEB0	0x0812EF4F	thumb	ControlsGuide_LoadPage1
0x0812EF50	0x0812F0AF	thumb	Task_ControlsGuide_LoadPage
0x0812F0B0	0x0812F17F	thumb	Task_ControlsGuide_HandleInput
0x0812F180	0x0812F273	thumb	Task_ControlsGuide_ChangePage
0x0812F274	0x0812F33B	thumb	Task_ControlsGuide_Clear
0x0812F33C	0x0812F4A7	thumb	Task_PikachuIntro_LoadPage1
0x0812F4A8	0x0812F72B	thumb	Task_PikachuIntro_HandleInput
0x0812F72C	0x0812F7BF	thumb	Task_PikachuIntro_Clear
0x0812F7C0	0x0812F87F	thumb	Task_OakSpeech_Init
0x0812F880	0x0812F943	thumb	Task_OakSpeech_WelcomeToTheWorld
0x0812F944	0x0812F9EB	thumb	Task_OakSpeech_ThisWorld
0x0812F9EC	0x0812FA77	thumb	Task_OakSpeech_ReleaseNidoranFFromPokeBall
0x0812FA78	0x0812FB4B	thumb	Task_OakSpeech_IsInhabitedFarAndWide
0x0812FB4C	0x0812FBEF	thumb	Task_OakSpeech_IStudyPokemon
0x0812FBF0	0x0812FC67	thumb	Task_OakSpeech_ReturnNidoranFToPokeBall
0x0812FC68	0x0812FD77	thumb	Task_OakSpeech_TellMeALittleAboutYourself
0x0812FD78	0x0812FDBF	thumb	Task_OakSpeech_FadeOutOak
0x0812FDC0	0x0812FE87	thumb	Task_OakSpeech_AskPlayerGender
0x0812FE88	0x0812FFA3	thumb	Task_OakSpeech_ShowGenderOptions
0x0812FFA4	0x0812FFEF	thumb	Task_OakSpeech_HandleGenderInput
0x0812FFF0	0x0813004F	thumb	Task_OakSpeech_ClearGenderWindows
0x08130050	0x0813009F	thumb	Task_OakSpeech_LoadPlayerPic
0x081300A0	0x0813015F	thumb	Task_OakSpeech_YourNameWhatIsIt
0x08130160	0x081301AF	thumb	Task_OakSpeech_FadeOutForPlayerNamingScreen
0x081301B0	0x08130227	thumb	Task_OakSpeech_MoveRivalDisplayNameOptions
0x08130228	0x08130323	thumb	Task_OakSpeech_RepeatNameQuestion
0x08130324	0x081303B3	thumb	Task_OakSpeech_HandleRivalNameInput
0x081303B4	0x08130463	thumb	Task_OakSpeech_DoNamingScreen
0x08130464	0x08130553	thumb	Task_OakSpeech_ConfirmName
0x08130554	0x0813064F	thumb	Task_OakSpeech_HandleConfirmNameInput
0x08130650	0x08130693	thumb	Task_OakSpeech_FadeOutPlayerPic
0x08130694	0x081306D3	thumb	Task_OakSpeech_FadeOutRivalPic
0x081306D4	0x0813071B	thumb	Task_OakSpeech_FadeInRivalPic
0x0813071C	0x081307CF	thumb	Task_OakSpeech_AskRivalsName
0x081307D0	0x08130857	thumb	Task_OakSpeech_ReshowPlayersPic
0x08130858	0x081308CF	thumb	Task_OakSpeech_LetsGo
0x081308D0	0x08130913	thumb	Task_OakSpeech_FadeOutBGM
0x08130914	0x0813093F	thumb	Task_OakSpeech_SetUpExitAnimation
0x08130940	0x0813097F	thumb	Task_OakSpeech_SetUpShrinkPlayerPic
0x08130980	0x08130A37	thumb	Task_OakSpeech_ShrinkPlayerPic
0x08130A38	0x08130A7F	thumb	Task_OakSpeech_SetUpDestroyPlatformSprites
0x08130A80	0x08130ADB	thumb	Task_OakSpeech_DestroyPlatformSprites
0x08130ADC	0x08130B0F	thumb	Task_OakSpeech_SetUpFadePlayerPicWhite
0x08130B10	0x08130BA7	thumb	Task_OakSpeech_FadePlayerPicWhite
0x08130BA8	0x08130BEF	thumb	Task_OakSpeech_FadePlayerPicToBlack
0x08130BF0	0x08130C1F	thumb	Task_OakSpeech_WaitForFade
0x08130C20	0x08130C63	thumb	Task_OakSpeech_FreeResources
0x08130C64	0x08130F2B	thumb	CB2_ReturnFromNamingScreen
0x08130F2C	0x08130FB7	thumb	CreateNidoranFSprite
0x08130FB8	0x08130FD3	thumb	SpriteCB_Pikachu
0x08130FD4	0x08131167	thumb	CreatePikachuOrPlatformSprites
0x08131168	0x081311F1	thumb	DestroyPikachuOrPlatformSprites
0x081311F4	0x0813130F	thumb	LoadTrainerPic
0x08131310	0x08131337	thumb	ClearTrainerPic
0x08131338	0x0813144B	thumb	Task_SlowFadeIn
0x0813144C	0x081314DB	thumb	CreateFadeInTask
0x081314DC	0x081315CB	thumb	Task_SlowFadeOut
0x081315CC	0x0813165F	thumb	CreateFadeOutTask
0x08131660	0x08131753	thumb	PrintNameChoiceOptions
0x08131754	0x081317F7	thumb	GetDefaultName
0x081317F8	0x08131863	thumb	InitTMCase
0x08131864	0x0813187D	thumb	CB2_Idle
0x08131880	0x08131891	thumb	VBlankCB_Idle
0x08131894	0x081318BD	thumb	CB2_SetUpTMCaseUI_Blocking
0x081318C0	0x08131A89	thumb	DoSetUpTMCaseUI
0x08131A8C	0x08131AB7	thumb	ResetBufferPointers_NoFree
0x08131AB8	0x08131B1F	thumb	LoadBGTemplates
0x08131B20	0x08131C0F	thumb	HandleLoadTMCaseGraphicsAndPalettes
0x08131C10	0x08131C4F	thumb	CreateTMCaseListMenuBuffers
0x08131C50	0x08131D47	thumb	InitTMCaseListMenuItems
0x08131D48	0x08131E17	thumb	GetTMNumberAndMoveString
0x08131E18	0x08131E67	thumb	List_MoveCursorFunc
0x08131E68	0x08131F0B	thumb	List_ItemPrintFunc
0x08131F0C	0x08131F63	thumb	PrintDescription
0x08131F64	0x08131F8D	thumb	SetDescriptionWindowShade
0x08131F90	0x08131FAF	thumb	PrintListCursor
0x08131FB0	0x08132017	thumb	PrintListCursorAtRow
0x08132018	0x08132053	thumb	CreateListScrollArrows
0x08132054	0x0813208B	thumb	CreateQuantityScrollArrows
0x0813208C	0x081320AB	thumb	RemoveScrollArrows
0x081320AC	0x081320BB	thumb	ResetTMCaseCursorPos
0x081320BC	0x0813211F	thumb	TMCaseSetup_GetTMCount
0x08132120	0x0813216F	thumb	TMCaseSetup_InitListMenuPositions
0x08132170	0x081321D3	thumb	TMCaseSetup_UpdateVisualMenuOffset
0x081321D4	0x0813222F	thumb	DestroyTMCaseBuffers
0x08132230	0x0813226B	thumb	Task_BeginFadeOutFromTMCase
0x0813226C	0x081322D1	thumb	Task_FadeOutAndCloseTMCase
0x081322D4	0x081323E3	thumb	Task_HandleListInput
0x081323E4	0x08132413	thumb	ReturnToList
0x08132414	0x08132567	thumb	Task_SelectedTMHM_Field
0x08132568	0x081325EF	thumb	Task_ContextMenu_HandleInput
0x081325F0	0x0813265B	thumb	Action_Use
0x0813265C	0x081326F7	thumb	Action_Give
0x081326F8	0x08132713	thumb	PrintError_ThereIsNoPokemon
0x08132714	0x08132757	thumb	PrintError_ItemCantBeHeld
0x08132758	0x0813277F	thumb	Task_WaitButtonAfterErrorPrint
0x08132780	0x081327FB	thumb	CloseMessageAndReturnToList
0x081327FC	0x08132867	thumb	Action_Exit
0x08132868	0x081328B7	thumb	Task_SelectedTMHM_GiveParty
0x081328B8	0x08132907	thumb	Task_SelectedTMHM_GivePC
0x08132908	0x081329C3	thumb	Task_SelectedTMHM_Sell
0x081329C4	0x08132A33	thumb	Task_AskConfirmSaleWithAmount
0x08132A34	0x08132A47	thumb	Task_PlaceYesNoBox
0x08132A48	0x08132AAB	thumb	Task_SaleOfTMsCanceled
0x08132AAC	0x08132B5B	thumb	Task_InitQuantitySelectUI
0x08132B5C	0x08132BC7	thumb	SellTM_PrintQuantityAndSalePrice
0x08132BC8	0x08132CAB	thumb	Task_QuantitySelect_HandleInput
0x08132CAC	0x08132D33	thumb	Task_PrintSaleConfirmedText
0x08132D34	0x08132E0B	thumb	Task_DoSaleOfTMs
0x08132E0C	0x08132E63	thumb	Task_AfterSale_ReturnToList
0x08132E64	0x08132F1F	thumb	Pokedude_InitTMCase
0x08132F20	0x08132F5F	thumb	Task_Pokedude_Start
0x08132F60	0x08133243	thumb	Task_Pokedude_Run
0x08133244	0x081332EB	thumb	InitWindowTemplatesAndPals
0x081332EC	0x08133353	thumb	TMCase_Print
0x08133354	0x08133367	thumb	TMCase_SetWindowBorder1
0x08133368	0x0813337B	thumb	TMCase_SetWindowBorder2
0x0813337C	0x081333C3	thumb	PrintMessageWithFollowupTask
0x081333C4	0x08133403	thumb	PrintTitle
0x08133404	0x08133441	thumb	DrawMoveInfoLabels
0x08133444	0x081335AF	thumb	PrintMoveInfo
0x081335B0	0x081335DF	thumb	PlaceHMTileInWindow
0x081335E0	0x08133603	thumb	PrintPlayersMoney
0x08133604	0x0813362F	thumb	HandleCreateYesNoMenu
0x08133630	0x08133663	thumb	AddContextMenu
0x08133664	0x0813368B	thumb	RemoveContextMenu
0x0813368C	0x08133713	thumb	CreateDiscSprite
0x08133714	0x0813372F	thumb	SetDiscSpriteAnim
0x08133730	0x0813378F	thumb	TintDiscpriteByType
0x08133790	0x081337E1	thumb	SetDiscSpritePosition
0x081337E4	0x0813380F	thumb	SwapDisc
0x08133810	0x081338A7	thumb	SpriteCB_SwapDisc
0x081338A8	0x08133903	thumb	LoadDiscTypePalettes
0x08133904	0x0813398F	thumb	SpriteCallback_ScrollIndicatorArrow
0x08133990	0x08133A1F	thumb	AddScrollIndicatorArrowObject
0x08133A20	0x08133B3F	thumb	AddScrollIndicatorArrowPair
0x08133B40	0x08133BA3	thumb	AddScrollIndicatorArrowPairParameterized
0x08133BA4	0x08133C2F	thumb	Task_ScrollIndicatorArrowPair
0x08133C30	0x08133C8F	thumb	RemoveScrollIndicatorArrowPair
0x08133C90	0x08133CAB	thumb	ListMenuAddCursorObjectInternal
0x08133CAC	0x08133CD1	thumb	ListMenuUpdateCursorObject
0x08133CD4	0x08133CF1	thumb	ListMenuRemoveCursorObject
0x08133CF4	0x08133CF5	thumb	Task_RedOutlineCursor
0x08133CF8	0x08133D33	thumb	ListMenuGetRedOutlineCursorSpriteCount
0x08133D34	0x08133E37	thumb	ListMenuSetUpRedOutlineCursorSpriteOamTable
0x08133E38	0x08133FA3	thumb	ListMenuAddRedOutlineCursorObject
0x08133FA4	0x08133FE7	thumb	ListMenuUpdateRedOutlineCursorObject
0x08133FE8	0x0813403F	thumb	ListMenuRemoveRedOutlineCursorObject
0x08134040	0x0813406B	thumb	SpriteCallback_RedArrowCursor
0x0813406C	0x0813406D	thumb	Task_RedArrowCursor
0x08134070	0x08134177	thumb	ListMenuAddRedArrowCursorObject
0x08134178	0x081341AF	thumb	ListMenuUpdateRedArrowCursorObject
0x081341B0	0x081341FF	thumb	ListMenuRemoveRedArrowCursorObject
0x08134200	0x0813422F	thumb	Task_ShowAreaMarkers
0x08134230	0x081343F3	thumb	CreatePokedexAreaMarkers
0x081343F4	0x081344A3	thumb	DestroyPokedexAreaMarkers
0x081344A4	0x081344DF	thumb	GetAreaMarkerSubsprite
0x081344E0	0x081344F7	thumb	GetNumPokedexAreaMarkers
0x081344F8	0x08134737	thumb	ShowPokemonSummaryScreen
0x08134738	0x0813476B	thumb	ShowSelectMovePokemonSummaryScreen
0x0813476C	0x081347A1	thumb	PageFlipInputIsDisabled
0x081347A4	0x0813483F	thumb	IsPageFlipInput
0x08134840	0x08134BAB	thumb	Task_InputHandler_Info
0x08134BAC	0x08134E81	thumb	Task_PokeSum_FlipPages
0x08134E84	0x0813519F	thumb	Task_FlipPages_FromInfo
0x081351A0	0x0813546B	thumb	Task_BackOutOfSelectMove
0x0813546C	0x081354C3	thumb	PokeSum_SetHpExpBarCoordsFullRight
0x081354C4	0x08135513	thumb	PokeSum_SetHpExpBarCoordsFullLeft
0x08135514	0x08135637	thumb	PokeSum_InitBgCoordsBeforePageFlips
0x08135638	0x081356E9	thumb	PokeSum_HideSpritesBeforePageFlip
0x081356EC	0x0813579D	thumb	PokeSum_ShowSpritesBeforePageFlip
0x081357A0	0x081358DB	thumb	PokeSum_IsPageFlipFinished
0x081358DC	0x08135AA3	thumb	PokeSum_UpdateBgPriorityForPageFlip
0x08135AA4	0x08135B8F	thumb	PokeSum_CopyNewBgTilemapBeforePageFlip_2
0x08135B90	0x08135C33	thumb	PokeSum_CopyNewBgTilemapBeforePageFlip
0x08135C34	0x08135F1F	thumb	CB2_SetUpPSS
0x08135F20	0x0813603F	thumb	PokeSum_HandleLoadBgGfx
0x08136040	0x081360D3	thumb	PokeSum_Setup_BufferStrings
0x081360D4	0x0813634F	thumb	BufferMonInfo
0x08136350	0x081367AF	thumb	BufferMonSkills
0x081367B0	0x081367E7	thumb	BufferMonMoves
0x081367E8	0x08136AEB	thumb	BufferMonMoveI
0x08136AEC	0x08136BAB	thumb	PokeSum_HandleCreateSprites
0x08136BAC	0x08136BC1	thumb	PokeSum_Setup_SpritesReset
0x08136BC4	0x08136D53	thumb	PokeSum_Setup_InitGpu
0x08136D54	0x08136DA3	thumb	PokeSum_FinishSetup
0x08136DA4	0x08136DEF	thumb	PokeSum_PrintPageName
0x08136DF0	0x08136E4F	thumb	PokeSum_PrintControlsString
0x08136E50	0x08136F4B	thumb	PrintMonLevelNickOnWindow2
0x08136F4C	0x08136FAF	thumb	PokeSum_PrintRightPaneText
0x08136FB0	0x081370EB	thumb	PrintInfoPage
0x081370EC	0x0813726F	thumb	PrintSkillsPage
0x08137270	0x081372E3	thumb	PrintMovesPage
0x081372E4	0x081374E7	thumb	PokeSum_PrintMoveName
0x081374E8	0x08137553	thumb	PokeSum_PrintBottomPaneText
0x08137554	0x08137577	thumb	PokeSum_PrintTrainerMemo
0x08137578	0x08137723	thumb	PokeSum_PrintTrainerMemo_Mon_HeldByOT
0x08137724	0x08137943	thumb	PokeSum_PrintTrainerMemo_Mon_NotHeldByOT
0x08137944	0x0813796F	thumb	PokeSum_PrintTrainerMemo_Mon
0x08137970	0x08137A8F	thumb	PokeSum_PrintTrainerMemo_Egg
0x08137A90	0x08137AF7	thumb	PokeSum_PrintExpPoints_NextLv
0x08137AF8	0x08137BCF	thumb	PokeSum_PrintSelectedMoveStats
0x08137BD0	0x08137C17	thumb	PokeSum_PrintAbilityDataOrMoveTypes
0x08137C18	0x08137C8F	thumb	PokeSum_PrintAbilityNameAndDesc
0x08137C90	0x08137D27	thumb	PokeSum_DrawMoveTypeIcons
0x08137D28	0x08137E27	thumb	PokeSum_PrintPageHeaderText
0x08137E28	0x08137E63	thumb	CommitStaticWindowTilemaps
0x08137E64	0x08137EE7	thumb	Task_DestroyResourcesOnExit
0x08137EE8	0x08137EFD	thumb	CB2_RunPokemonSummaryScreen
0x08137F00	0x08137F67	thumb	PokeSum_FlipPages_SlideHpExpBarsOut
0x08137F68	0x08137FF3	thumb	PokeSum_FlipPages_SlideHpExpBarsIn
0x08137FF4	0x08138059	thumb	PokeSum_FlipPages_SlideLayerLeft
0x0813805C	0x081380EF	thumb	PokeSum_FlipPages_SlideLayeRight
0x081380F0	0x08138133	thumb	PokeSum_FlipPages_HandleBgHofs
0x08138134	0x0813817B	thumb	PokeSum_FlipPages_HandleHpExpBarSprites
0x0813817C	0x081381AB	thumb	VBlankCB_PokemonSummaryScreen
0x081381AC	0x081381BD	thumb	PokeSum_Setup_ResetCallbacks
0x081381C0	0x081381CF	thumb	PokeSum_Setup_SetVBlankCallback
0x081381D0	0x0813827F	thumb	PokeSum_CreateWindows
0x08138280	0x08138413	thumb	PokeSum_AddWindows
0x08138414	0x0813843F	thumb	PokeSum_RemoveWindows
0x08138440	0x08138479	thumb	PokeSum_SetHelpContext
0x0813847C	0x08138537	thumb	PokeSum_BufferOtName_IsEqualToCurrentOwner
0x08138538	0x08138A37	thumb	PokeSum_DrawPageProgressTiles
0x08138A38	0x08138B1F	thumb	PokeSum_PrintMonTypeIcons
0x08138B20	0x08138B2B	thumb	GetLastViewedMonIndex
0x08138B2C	0x08138B37	thumb	GetMoveSlotToReplace
0x08138B38	0x08138B4B	thumb	SetPokemonSummaryScreenMode
0x08138B4C	0x08138B89	thumb	IsMultiBattlePartner
0x08138B8C	0x08138BEB	thumb	BufferSelectedMonData
0x08138BEC	0x08138C21	thumb	GetMonMoveBySlotId
0x08138C24	0x08138C59	thumb	GetMonPpByMoveSlot
0x08138C5C	0x08138CD7	thumb	StatusToAilment
0x08138CD8	0x081390AF	thumb	Task_HandleInput_SelectMove
0x081390B0	0x081391EB	thumb	SwapMonMoveSlots
0x081391EC	0x08139327	thumb	SwapBoxMonMoveSlots
0x08139328	0x08139387	thumb	UpdateCurrentMonBufferFromPartyOrBox
0x08139388	0x081393D3	thumb	PokeSum_CanForgetSelectedMove
0x081393D4	0x08139767	thumb	Task_InputHandler_SelectOrForgetMove
0x08139768	0x08139867	thumb	SpriteCB_PokeSum_MonPicSprite
0x08139868	0x08139957	thumb	SpriteCB_PokeSum_EggPicShake
0x08139958	0x08139959	thumb	SpriteCB_MonPicDummy
0x0813995C	0x08139AAB	thumb	PokeSum_CreateMonPicSprite
0x08139AAC	0x08139C43	thumb	PokeSum_SetMonPicSpriteCallback
0x08139C44	0x08139C7F	thumb	PokeSum_ShowOrHideMonPicSprite
0x08139C80	0x08139CAF	thumb	PokeSum_DestroyMonPicSprite
0x08139CB0	0x08139D53	thumb	CreateBallIconObj
0x08139D54	0x08139D8F	thumb	ShowOrHideBallIconObj
0x08139D90	0x08139DBB	thumb	DestroyBallIconObj
0x08139DBC	0x08139EE3	thumb	PokeSum_CreateMonIconSprite
0x08139EE4	0x08139F1F	thumb	PokeSum_ShowOrHideMonIconSprite
0x08139F20	0x08139F63	thumb	PokeSum_DestroyMonIconSprite
0x08139F64	0x0813A0E7	thumb	CreateMoveSelectionCursorObjs
0x0813A0E8	0x0813A123	thumb	ShoworHideMoveSelectionCursor
0x0813A124	0x0813A219	thumb	SpriteCB_MoveSelectionCursor
0x0813A21C	0x0813A253	thumb	DestroyMoveSelectionCursorObjs
0x0813A254	0x0813A333	thumb	CreateMonStatusIconObj
0x0813A334	0x0813A35B	thumb	DestroyMonStatusIconObj
0x0813A35C	0x0813A3B7	thumb	UpdateMonStatusIconObj
0x0813A3B8	0x0813A45B	thumb	ShowOrHideStatusIcon
0x0813A45C	0x0813A61F	thumb	CreateHpBarObjs
0x0813A620	0x0813A7FF	thumb	UpdateHpBarObjs
0x0813A800	0x0813A837	thumb	DestroyHpBarObjs
0x0813A838	0x0813A873	thumb	ShowOrHideHpBarObjs
0x0813A874	0x0813A993	thumb	CreateExpBarObjs
0x0813A994	0x0813AB37	thumb	UpdateExpBarObjs
0x0813AB38	0x0813AB6F	thumb	DestroyExpBarObjs
0x0813AB70	0x0813ABAB	thumb	ShowOrHideExpBarObjs
0x0813ABAC	0x0813AC8B	thumb	CreatePokerusIconObj
0x0813AC8C	0x0813ACB3	thumb	DestroyPokerusIconObj
0x0813ACB4	0x0813ACF7	thumb	ShowPokerusIconObjIfHasOrHadPokerus
0x0813ACF8	0x0813ADA7	thumb	HideShowPokerusIcon
0x0813ADA8	0x0813AE87	thumb	CreateShinyStarObj
0x0813AE88	0x0813AEAF	thumb	DestroyShinyStarObj
0x0813AEB0	0x0813AF4F	thumb	HideShowShinyStar
0x0813AF50	0x0813AF8F	thumb	ShowShinyStarObjIfMonShiny
0x0813AF90	0x0813AFC1	thumb	PokeSum_DestroySprites
0x0813AFC4	0x0813AFF9	thumb	PokeSum_CreateSprites
0x0813AFFC	0x0813B067	thumb	PokeSum_CreateMonMarkingsSprite
0x0813B068	0x0813B083	thumb	PokeSum_DestroyMonMarkingsSprite
0x0813B084	0x0813B0E3	thumb	PokeSum_ShowOrHideMonMarkingsSprite
0x0813B0E4	0x0813B11F	thumb	PokeSum_UpdateMonMarkingsAnim
0x0813B120	0x0813B20B	thumb	PokeSum_SeekToNextMon
0x0813B20C	0x0813B2C5	thumb	SeekToNextMonInSingleParty
0x0813B2C8	0x0813B303	thumb	PokeSum_CanSeekToMon
0x0813B304	0x0813B345	thumb	SeekToMonInMultiParty_SeekForward
0x0813B348	0x0813B389	thumb	SeekToMonInMultiParty_SeekBack
0x0813B38C	0x0813B3EF	thumb	SeekToNextMonInMultiParty
0x0813B3F0	0x0813B74D	thumb	Task_PokeSum_SwitchDisplayedPokemon
0x0813B750	0x0813B783	thumb	PokeSum_UpdateWin1ActiveFlag
0x0813B784	0x0813B7DF	thumb	PokeSum_TryPlayMonCry
0x0813B7E0	0x0813B7F7	thumb	PokeSum_IsMonBoldOrGentle
0x0813B7F8	0x0813B835	thumb	CurrentMonIsFromGBA
0x0813B838	0x0813B851	thumb	MapSecIsInKantoOrSevii
0x0813B854	0x0813B86F	thumb	ShowPokemonSummaryScreen_NullParty
0x0813B870	0x0813BB37	thumb	RunHelpSystemCallback
0x0813BB38	0x0813BB73	thumb	SaveCallbacks
0x0813BB74	0x0813BBAB	thumb	SaveMapGPURegs
0x0813BBAC	0x0813BBC7	thumb	SaveMapTiles
0x0813BBC8	0x0813BBDB	thumb	SaveMapTextColors
0x0813BBDC	0x0813BBF3	thumb	RestoreCallbacks
0x0813BBF4	0x0813BC2B	thumb	RestoreGPURegs
0x0813BC2C	0x0813BC47	thumb	RestoreMapTiles
0x0813BC48	0x0813BC5B	thumb	RestoreMapTextColors
0x0813BC5C	0x0813BC77	thumb	CommitTilemap
0x0813BC78	0x0813BCF3	thumb	HS_DrawBgTilemapRect
0x0813BCF4	0x0813BD13	thumb	HS_BufferFillMapWithTile1FF
0x0813BD14	0x0813BD59	thumb	HS_ShowOrHideWordHELPinTopLeft
0x0813BD5C	0x0813BDA1	thumb	HS_ShowOrHideControlsGuideInTopRight
0x0813BDA4	0x0813BDE7	thumb	HS_ShowOrHideMainWindowText
0x0813BDE8	0x0813BE2F	thumb	HS_SetMainWindowBgBrightness
0x0813BE30	0x0813BE75	thumb	HS_ShowOrHideToplevelTooltipWindow
0x0813BE78	0x0813BEE3	thumb	HS_ShowOrHideHeaderAndFooterLines_Lighter
0x0813BEE4	0x0813BF4F	thumb	HS_ShowOrHideHeaderAndFooterLines_Darker
0x0813BF50	0x0813BFBF	thumb	HS_ShowOrHideVerticalBlackBarsAlongSides
0x0813BFC0	0x0813C001	thumb	HS_ShowOrHideHeaderLine_Darker_FooterStyle
0x0813C004	0x0813C077	thumb	HS_ShowOrHideScrollArrows
0x0813C078	0x0813C3AB	thumb	HelpSystemRenderText
0x0813C3AC	0x0813C453	thumb	DecompressAndRenderGlyph
0x0813C454	0x0813C487	thumb	HelpSystem_PrintTextInTopLeftCorner
0x0813C488	0x0813C4CB	thumb	HelpSystem_PrintTextRightAlign_Row52
0x0813C4CC	0x0813C50B	thumb	HelpSystem_PrintTextAt
0x0813C50C	0x0813C583	thumb	HelpSystem_PrintQuestionAndAnswerPair
0x0813C584	0x0813C5D3	thumb	HelpSystem_PrintTopicMouseoverDescription
0x0813C5D4	0x0813C5FB	thumb	HelpSystem_FillPanel3
0x0813C5FC	0x0813C623	thumb	HelpSystem_FillPanel2
0x0813C624	0x0813C64B	thumb	HelpSystem_FillPanel1
0x0813C64C	0x0813C683	thumb	HelpSystem_InitListMenuController
0x0813C684	0x0813C68F	thumb	HelpSystem_SetInputDelay
0x0813C690	0x0813C759	thumb	HelpSystem_GetMenuInput
0x0813C75C	0x0813C7C9	thumb	HS_UpdateMenuScrollArrows
0x0813C7CC	0x0813C827	thumb	PrintListMenuItems
0x0813C828	0x0813C85F	thumb	PlaceListMenuCursor
0x0813C860	0x0813C89B	thumb	HS_RemoveSelectionCursorAt
0x0813C89C	0x0813C943	thumb	TryMoveCursor1
0x0813C944	0x0813C9DB	thumb	MoveCursor
0x0813C9DC	0x0813CB33	thumb	GetSpeciesPokedexAreaMarkers
0x0813CB34	0x0813CB5B	thumb	GetRoamerIndex
0x0813CB5C	0x0813CBCD	thumb	GetRoamerPokedexAreaMarkers
0x0813CBD0	0x0813CC17	thumb	IsSpeciesOnMap
0x0813CC18	0x0813CC41	thumb	IsSpeciesInEncounterTable
0x0813CC44	0x0813CC55	thumb	GetMapSecIdFromWildMonHeader
0x0813CC58	0x0813CC8D	thumb	FindDexAreaByMapSec
0x0813CC90	0x0813CCAB	thumb	DynamicPlaceholderTextUtil_Reset
0x0813CCAC	0x0813CCC7	thumb	DynamicPlaceholderTextUtil_SetPlaceholderPtr
0x0813CCC8	0x0813CD13	thumb	DynamicPlaceholderTextUtil_ExpandPlaceholders
0x0813CD14	0x0813CD23	thumb	DynamicPlaceholderTextUtil_GetPlaceholderPtr
0x0813CD24	0x0813CD4D	thumb	GetColorFromTextColorTable
0x0813CD50	0x0813CDFF	thumb	InitBerryPouch
0x0813CE00	0x0813CE19	thumb	CB2_BerryPouchIdle
0x0813CE1C	0x0813CE2D	thumb	VBlankCB_BerryPouchIdle
0x0813CE30	0x0813CE59	thumb	CB2_InitBerryPouch
0x0813CE5C	0x0813D009	thumb	RunBerryPouchInit
0x0813D00C	0x0813D047	thumb	AbortBerryPouchLoading
0x0813D048	0x0813D07B	thumb	Task_AbortBerryPouchLoading_WaitFade
0x0813D07C	0x0813D0E3	thumb	BerryPouchInitBgs
0x0813D0E4	0x0813D1BD	thumb	BerryPouchLoadGfx
0x0813D1C0	0x0813D203	thumb	AllocateListMenuBuffers
0x0813D204	0x0813D31B	thumb	SetUpListMenuTemplate
0x0813D31C	0x0813D39B	thumb	GetBerryNameAndIndexForMenu
0x0813D39C	0x0813D3BF	thumb	CopySelectedListMenuItemName
0x0813D3C0	0x0813D42F	thumb	BerryPouchMoveCursorFunc
0x0813D430	0x0813D4AF	thumb	BerryPouchItemPrintFunc
0x0813D4B0	0x0813D4CF	thumb	BerryPouchSetArrowCursorFromListMenu
0x0813D4D0	0x0813D537	thumb	BerryPouchSetArrowCursorAt
0x0813D538	0x0813D593	thumb	PrintSelectedBerryDescription
0x0813D594	0x0813D5BB	thumb	SetDescriptionWindowBorderPalette
0x0813D5BC	0x0813D613	thumb	CreateScrollIndicatorArrows_BerryPouchList
0x0813D614	0x0813D64B	thumb	CreateScrollIndicatorArrows_TossQuantity
0x0813D64C	0x0813D683	thumb	CreateScrollIndicatorArrows_SellQuantity
0x0813D684	0x0813D6A3	thumb	DestroyScrollIndicatorArrows
0x0813D6A4	0x0813D6E3	thumb	PrintBerryPouchHeaderCentered
0x0813D6E4	0x0813D6F3	thumb	BerryPouch_CursorResetToTop
0x0813D6F4	0x0813D751	thumb	SanitizeListMenuSelectionParams
0x0813D754	0x0813D7CB	thumb	UpdateListMenuScrollOffset
0x0813D7CC	0x0813D807	thumb	BerryPouch_DestroyResources
0x0813D808	0x0813D843	thumb	BerryPouch_StartFadeToExitCallback
0x0813D844	0x0813D8A9	thumb	Task_BerryPouchFadeToExitCallback
0x0813D8AC	0x0813D931	thumb	SortAndCountBerries
0x0813D934	0x0813D93F	thumb	BerryPouch_SetExitCallback
0x0813D940	0x0813D9F7	thumb	InitTossQuantitySelectUI
0x0813D9F8	0x0813DA67	thumb	PrintxQuantityOnWindow
0x0813DA68	0x0813DBB3	thumb	Task_BerryPouchMain
0x0813DBB4	0x0813DBE3	thumb	Task_CleanUpAndReturnToMain
0x0813DBE4	0x0813DD73	thumb	CreateNormalContextMenu
0x0813DD74	0x0813DD9F	thumb	Task_NormalContextMenu
0x0813DDA0	0x0813DE0B	thumb	Task_NormalContextMenu_HandleInput
0x0813DE0C	0x0813DEBB	thumb	Task_BerryPouch_Use
0x0813DEBC	0x0813DF53	thumb	Task_BerryPouch_Toss
0x0813DF54	0x0813DFC7	thumb	Task_AskTossMultiple
0x0813DFC8	0x0813E00F	thumb	Task_TossNo
0x0813E010	0x0813E0D9	thumb	Task_Toss_SelectMultiple
0x0813E0DC	0x0813E163	thumb	Task_TossYes
0x0813E164	0x0813E1FF	thumb	Task_WaitButtonThenTossBerries
0x0813E200	0x0813E273	thumb	Task_BerryPouch_Give
0x0813E274	0x0813E28F	thumb	Task_Give_PrintThereIsNoPokemon
0x0813E290	0x0813E2B7	thumb	Task_WaitButtonBeforeDialogueWindowDestruction
0x0813E2B8	0x0813E31F	thumb	Task_BerryPouch_DestroyDialogueWindowAndRefreshListMenu
0x0813E320	0x0813E37B	thumb	Task_BerryPouch_Exit
0x0813E37C	0x0813E3FB	thumb	Task_ContextMenu_FromPartyGiveMenu
0x0813E3FC	0x0813E427	thumb	Task_ContextMenu_FromPokemonPC
0x0813E428	0x0813E4E3	thumb	Task_ContextMenu_Sell
0x0813E4E4	0x0813E553	thumb	Task_AskSellMultiple
0x0813E554	0x0813E567	thumb	Task_SellMultiple_CreateYesNoMenu
0x0813E568	0x0813E5B7	thumb	Task_SellNo
0x0813E5B8	0x0813E667	thumb	Task_Sell_PrintSelectMultipleUI
0x0813E668	0x0813E68D	thumb	SellMultiple_UpdateSellPriceDisplay
0x0813E690	0x0813E767	thumb	Task_Sell_SelectMultiple
0x0813E768	0x0813E7EF	thumb	Task_SellYes
0x0813E7F0	0x0813E8D3	thumb	Task_SellBerries_PlaySfxAndRemoveBerries
0x0813E8D4	0x0813E90F	thumb	Task_SellBerries_WaitButton
0x0813E910	0x0813E99F	thumb	BerryPouchInitWindows
0x0813E9A0	0x0813EA07	thumb	BerryPouchPrint
0x0813EA08	0x0813EA77	thumb	GetOrCreateVariableWindow
0x0813EA78	0x0813EA97	thumb	VariableWindowSetAltFrameTileAndPalette
0x0813EA98	0x0813EACB	thumb	DestroyVariableWindow
0x0813EACC	0x0813EB0F	thumb	TryDestroyVariableWindow
0x0813EB10	0x0813EB1F	thumb	GetVariableWindowId
0x0813EB20	0x0813EB7B	thumb	DisplayItemMessageInBerryPouch
0x0813EB7C	0x0813EBA7	thumb	CreateYesNoMenuWin3
0x0813EBA8	0x0813EBD3	thumb	CreateYesNoMenuWin4
0x0813EBD4	0x0813EC07	thumb	PrintMoneyInWin2
0x0813EC08	0x0813EC27	thumb	CreateBerryPouchSprite
0x0813EC28	0x0813EC63	thumb	StartBerryPouchSpriteWobbleAnim
0x0813EC64	0x0813EC8B	thumb	SpriteCB_BerryPouchWaitWobbleAnim
0x0813EC8C	0x0813ED17	thumb	ItemUseOnFieldCB_Itemfinder
0x0813ED18	0x0813ED3B	thumb	Task_NoResponse_CleanUp
0x0813ED3C	0x0813EDAD	thumb	Task_ItemfinderResponseSoundsAndAnims
0x0813EDB0	0x0813EE13	thumb	Task_ItemfinderUnderfootSoundsAndAnims
0x0813EE14	0x0813EF3F	thumb	HiddenItemIsWithinRangeOfPlayer
0x0813EF40	0x0813EF9B	thumb	SetUnderfootHiddenItem
0x0813EF9C	0x0813F001	thumb	SetNormalHiddenItem
0x0813F004	0x0813F06D	thumb	HiddenItemAtPos
0x0813F070	0x0813F107	thumb	HiddenItemInConnectedMapAtPos
0x0813F108	0x0813F21F	thumb	FindHiddenItemsInConnectedMaps
0x0813F220	0x0813F2ED	thumb	RegisterHiddenItemRelativeCoordsIfCloser
0x0813F2F0	0x0813F363	thumb	GetPlayerDirectionTowardsHiddenItem
0x0813F364	0x0813F37F	thumb	Task_ItemfinderResponsePrintMessage
0x0813F380	0x0813F3A7	thumb	Task_ItemfinderResponseCleanUp
0x0813F3A8	0x0813F3C3	thumb	Task_ItemfinderUnderfootPrintMessage
0x0813F3C4	0x0813F3EB	thumb	Task_ItemfinderUnderfootDigUpItem
0x0813F3EC	0x0813F3FB	thumb	LoadArrowAndStarTiles
0x0813F3FC	0x0813F409	thumb	DestroyArrowAndStarTiles
0x0813F40C	0x0813F54B	thumb	CreateArrowSprite
0x0813F54C	0x0813F597	thumb	SpriteCallback_Arrow
0x0813F598	0x0813F5AB	thumb	SpriteCallback_DestroyArrow
0x0813F5AC	0x0813F613	thumb	CreateStarSprite
0x0813F614	0x0813F65F	thumb	SpriteCallback_Star
0x0813F660	0x0813F669	thumb	SpriteCallback_DestroyStar
0x0813F66C	0x0813F6CF	thumb	BuyMenuInitWindows
0x0813F6D0	0x0813F6F3	thumb	BuyMenuDrawMoneyBox
0x0813F6F4	0x0813F75B	thumb	BuyMenuPrint
0x0813F75C	0x0813F7A7	thumb	BuyMenuDisplayMessage
0x0813F7A8	0x0813F7BD	thumb	BuyMenuQuantityBoxNormalBorder
0x0813F7C0	0x0813F7D5	thumb	BuyMenuQuantityBoxThinBorder
0x0813F7D8	0x0813F803	thumb	BuyMenuConfirmPurchase
0x0813F804	0x0813F84B	thumb	PlaySlotMachine
0x0813F84C	0x0813F897	thumb	InitSlotMachineState
0x0813F898	0x0813F92B	thumb	CB2_InitSlotMachine
0x0813F92C	0x0813F94B	thumb	CleanSupSlotMachineState
0x0813F94C	0x0813F961	thumb	CB2_RunSlotMachine
0x0813F964	0x0813FBBD	thumb	MainTask_SlotsGameLoop
0x0813FBC0	0x0813FC2B	thumb	MainTask_NoCoinsGameOver
0x0813FC2C	0x0813FCAB	thumb	MainTask_ShowHelp
0x0813FCAC	0x0813FD83	thumb	MainTask_ConfirmExitGame
0x0813FD84	0x0813FE1B	thumb	MainTask_DarnNoPayout
0x0813FE1C	0x0813FFD7	thumb	MainTask_WinHandlePayout
0x0813FFD8	0x0814002F	thumb	MainTask_ExitSlots
0x08140030	0x0814005F	thumb	SetMainTask
0x08140060	0x08140147	thumb	Task_SpinReels
0x08140148	0x0814016B	thumb	StartReels
0x0814016C	0x0814019F	thumb	StopCurrentReel
0x081401A0	0x081401B3	thumb	IsReelSpinning
0x081401B4	0x081401EF	thumb	GetNextReelPosition
0x081401F0	0x081403BB	thumb	StopReel1
0x081403BC	0x081404B7	thumb	StopReel2
0x081404B8	0x08140549	thumb	StopReel3
0x0814054C	0x081406E7	thumb	TwoReelBiasCheck
0x081406E8	0x081408F3	thumb	OneReelBiasCheck
0x081408F4	0x0814096B	thumb	TestReelIconAttribute
0x0814096C	0x081409B1	thumb	ReelIconToPayoutRank
0x081409B4	0x08140A6F	thumb	CalcSlotBias
0x08140A70	0x08140A7F	thumb	ResetMachineBias
0x08140A80	0x08140BDB	thumb	CalcPayout
0x08140BDC	0x08140BEB	thumb	GetPayout
0x08140BEC	0x08140BF7	thumb	GetPlayerBet
0x08140BF8	0x08140C0B	thumb	GetWinFlagByLine
0x08140C0C	0x08140C4F	thumb	LoadSpriteGraphicsAndAllocateManager
0x08140C50	0x08140C6B	thumb	DestroyGfxManager
0x08140C6C	0x08140C9F	thumb	InitGfxManager
0x08140CA0	0x08140D7B	thumb	CreateReelIconSprites
0x08140D7C	0x08140E3F	thumb	UpdateReelIconSprites
0x08140E40	0x08140E9B	thumb	HBlankCB_SlotMachine
0x08140E9C	0x08140F2B	thumb	CreateScoreDigitSprites
0x08140F2C	0x08140FC3	thumb	UpdateCoinsDisplay
0x08140FC4	0x0814101F	thumb	CreateClefairySprites
0x08141020	0x0814104B	thumb	SetClefairySpriteAnim
0x0814104C	0x08141093	thumb	CreateSlotMachine
0x08141094	0x081410CB	thumb	DestroySlotMachine
0x081410CC	0x08141117	thumb	Task_SlotMachine
0x08141118	0x08141129	thumb	VBlankCB_SlotMachine
0x0814112C	0x08141147	thumb	GetSlotMachineSetupTaskDataPtr
0x08141148	0x0814117F	thumb	SetSlotMachineSetupTask
0x08141180	0x08141197	thumb	IsSlotMachineSetupTaskActive
0x08141198	0x0814145D	thumb	SlotsTask_GraphicsInit
0x08141460	0x081414A9	thumb	SlotsTask_FadeOut
0x081414AC	0x081414E9	thumb	SlotsTask_UpdateLineStates
0x081414EC	0x081414F9	thumb	SlotsTask_ClefairyUpdateOnReelsStart
0x081414FC	0x08141517	thumb	SlotsTask_StartClefairyDanceAndWinningLineFlash
0x08141518	0x08141557	thumb	SlotsTask_StopWinningLineFlashTask
0x08141558	0x08141565	thumb	SlotsTask_ClefairyFainted
0x08141568	0x08141575	thumb	SlotsTask_ClefairyNeutral
0x08141578	0x08141583	thumb	SlotsTask_UpdateCoinsDisplay
0x08141584	0x081415C5	thumb	SlotsTask_MessageOutOfCoins
0x081415C8	0x0814160D	thumb	SlotsTask_AskQuitPlaying
0x08141610	0x0814164D	thumb	SlotsTask_DestroyYesNoMenu
0x08141650	0x0814168D	thumb	SlotsTask_PressReelButton
0x08141690	0x081416C7	thumb	SlotsTask_ReleaseReelButtons
0x081416C8	0x08141761	thumb	SlotsTask_ShowHelp
0x08141764	0x081417E3	thumb	SlotsTask_HideHelp
0x081417E4	0x08141825	thumb	Slot_PrintOnWindow0
0x08141828	0x08141833	thumb	Slot_ClearWindow0
0x08141834	0x081418C3	thumb	SetLineStatesByBet
0x081418C4	0x0814191B	thumb	SetLineState
0x0814191C	0x08141AAD	thumb	Task_FlashWinningLine
0x08141AB0	0x08141AD7	thumb	SignalStopWinningLineFlashTask
0x08141AD8	0x08141B17	thumb	Slot_CreateYesNoMenu
0x08141B18	0x08141B33	thumb	Slot_DestroyYesNoMenu
0x08141B34	0x08141B9F	thumb	InitReelButtonTileMem
0x08141BA0	0x08141BE3	thumb	SetReelButtonPressed
0x08141BE4	0x08141C2F	thumb	ReleaseReelButtons
0x08141C30	0x08141C53	thumb	PressReelButton
0x08141C54	0x08141C93	thumb	ClearRoamerData
0x08141C94	0x08141D9B	thumb	CreateInitialRoamerMon
0x08141D9C	0x08141DA9	thumb	InitRoamer
0x08141DAC	0x08141DD3	thumb	UpdateLocationHistoryForRoamer
0x08141DD4	0x08141E27	thumb	RoamerMoveToOtherLocationSet
0x08141E28	0x08141EB7	thumb	RoamerMove
0x08141EB8	0x08141EF5	thumb	IsRoamerAt
0x08141EF8	0x08141FAB	thumb	CreateRoamerMonInstance
0x08141FAC	0x08141FE5	thumb	TryStartRoamerEncounter
0x08141FE8	0x0814201B	thumb	UpdateRoamerHPStatus
0x0814201C	0x08142033	thumb	SetRoamerInactive
0x08142034	0x08142043	thumb	GetRoamerLocation
0x08142044	0x08142075	thumb	GetRoamerLocationMapSectionId
0x08142078	0x08142089	thumb	VBlankCB_MysteryGiftEReader
0x0814208C	0x081420A1	thumb	CB2_MysteryGiftEReader
0x081420A4	0x081422A9	thumb	HandleMysteryGiftOrEReaderSetup
0x081422AC	0x081422D3	thumb	CB2_InitMysteryGift
0x081422D4	0x081422FB	thumb	CB2_InitEReader
0x081422FC	0x08142343	thumb	MainCB_FreeAllBuffersAndReturnToInitTitleScreen
0x08142344	0x0814240B	thumb	PrintMysteryGiftOrEReaderTopMenu
0x0814240C	0x0814241D	thumb	MG_DrawTextBorder
0x08142420	0x081424B7	thumb	MG_DrawCheckerboardPattern
0x081424B8	0x08142501	thumb	ClearScreenInBg0
0x08142504	0x0814255F	thumb	AddTextPrinterToWindow1
0x08142560	0x08142579	thumb	ClearTextWindow
0x0814257C	0x0814260D	thumb	PrintMysteryGiftMenuMessage
0x08142610	0x08142637	thumb	HideDownArrow
0x08142638	0x0814265F	thumb	ShowDownArrow
0x08142660	0x0814269F	thumb	HideDownArrowAndWaitButton
0x081426A0	0x081426D1	thumb	PrintStringAndWait2Seconds
0x081426D4	0x0814279F	thumb	MysteryGift_HandleThreeOptionMenu
0x081427A0	0x081428F1	thumb	DoMysteryGiftYesNo
0x081428F4	0x08142A43	thumb	HandleMysteryGiftListMenu
0x08142A44	0x08142A57	thumb	ValidateCardOrNews
0x08142A58	0x08142AB3	thumb	HandleLoadWonderCardOrNews
0x08142AB4	0x08142AC9	thumb	ClearSavedNewsOrCard
0x08142ACC	0x08142AF9	thumb	ExitWonderCardOrNews
0x08142AFC	0x08142B1F	thumb	AskDiscardGift
0x08142B20	0x08142B3F	thumb	PrintThrownAway
0x08142B40	0x08142BB7	thumb	SaveOnMysteryGiftMenu
0x08142BB8	0x08142CE7	thumb	GetClientResultMessage
0x08142CE8	0x08142D4D	thumb	PrintSuccessMessage
0x08142D50	0x08142E1F	thumb	GetServerResultMessage
0x08142E20	0x08142E55	thumb	PrintServerResultMessage
0x08142E58	0x08142E9F	thumb	CreateMysteryGiftTask
0x08142EA0	0x081435D3	thumb	Task_MysteryGift
0x081435D4	0x081435DB	thumb	GetMysteryGiftBaseBlock
0x081435DC	0x08143643	thumb	EReader_Load
0x08143644	0x08143673	thumb	EReader_Reset
0x08143674	0x081436BB	thumb	EReader_Transfer
0x081436BC	0x081436EB	thumb	OpenEReaderLink
0x081436EC	0x0814374B	thumb	ValidateEReaderConnection
0x0814374C	0x0814376D	thumb	IsEReaderConnectionSane
0x08143770	0x0814389F	thumb	TryReceiveCard
0x081438A0	0x081438E7	thumb	CreateEReaderTask
0x081438E8	0x081438ED	thumb	ResetTimer
0x081438F0	0x0814390F	thumb	UpdateTimer
0x08143910	0x08143D23	thumb	Task_EReader
0x08143D24	0x08143D57	thumb	ClearMysteryGift
0x08143D58	0x08143D6B	thumb	GetSavedWonderNews
0x08143D6C	0x08143D7F	thumb	GetSavedWonderCard
0x08143D80	0x08143D93	thumb	GetSavedWonderCardMetadata
0x08143D94	0x08143DA7	thumb	GetSavedWonderNewsMetadata
0x08143DA8	0x08143DBB	thumb	GetQuestionnaireWordsPtr
0x08143DBC	0x08143DC5	thumb	ClearSavedWonderNewsAndRelated
0x08143DC8	0x08143E1B	thumb	SaveWonderNews
0x08143E1C	0x08143E63	thumb	ValidateSavedWonderNews
0x08143E64	0x08143E75	thumb	ValidateWonderNews
0x08143E78	0x08143E99	thumb	IsSendingSavedWonderNewsAllowed
0x08143E9C	0x08143ECF	thumb	ClearSavedWonderNews
0x08143ED0	0x08143EF3	thumb	ClearSavedWonderNewsMetadata
0x08143EF4	0x08143F37	thumb	IsWonderNewsSameAsSaved
0x08143F38	0x08143F67	thumb	ClearSavedWonderCardAndRelated
0x08143F68	0x08143FC7	thumb	SaveWonderCard
0x08143FC8	0x08144017	thumb	ValidateSavedWonderCard
0x08144018	0x08144053	thumb	ValidateWonderCard
0x08144054	0x08144079	thumb	IsSendingSavedWonderCardAllowed
0x0814407C	0x081440B3	thumb	ClearSavedWonderCard
0x081440B4	0x081440E7	thumb	ClearSavedWonderCardMetadata
0x081440E8	0x0814410B	thumb	GetWonderCardFlagId
0x0814410C	0x08144123	thumb	DisableWonderCardSending
0x08144124	0x08144141	thumb	IsWonderCardFlagIDInValidRange
0x08144144	0x08144183	thumb	IsSavedWonderCardGiftNotReceived
0x08144184	0x081441AB	thumb	GetNumStampsInMetadata
0x081441AC	0x081441ED	thumb	IsStampInMetadata
0x081441F0	0x08144215	thumb	ValidateStamp
0x08144218	0x08144251	thumb	GetNumStampsInSavedCard
0x08144254	0x081442CB	thumb	MysteryGift_TrySaveStamp
0x081442CC	0x081443D3	thumb	MysteryGift_LoadLinkGameData
0x081443D4	0x08144415	thumb	MysteryGift_ValidateLinkGameData
0x08144418	0x08144433	thumb	MysteryGift_CompareCardFlags
0x08144434	0x08144473	thumb	MysteryGift_CheckStamps
0x08144474	0x08144499	thumb	MysteryGift_DoesQuestionnaireMatch
0x0814449C	0x081444AF	thumb	GetNumStampsInLinkData
0x081444B0	0x0814451B	thumb	MysteryGift_GetCardStatFromLinkData
0x0814451C	0x081445BF	thumb	IncrementCardStat
0x081445C0	0x081446C3	thumb	MysteryGift_GetCardStat
0x081446C4	0x081446CF	thumb	MysteryGift_DisableStats
0x081446D0	0x08144713	thumb	MysteryGift_TryEnableStatsByFlagId
0x08144714	0x0814478F	thumb	MysteryGift_TryIncrementStat
0x08144790	0x081447BB	thumb	ClearSavedTrainerIds
0x081447BC	0x08144821	thumb	RecordTrainerId
0x08144824	0x08144841	thumb	IncrementCardStatForNewTrainer
0x08144844	0x0814484F	thumb	MysteryGiftLink_Recv
0x08144850	0x0814485B	thumb	MysteryGiftLink_Send
0x0814485C	0x08144887	thumb	MysteryGiftLink_Init
0x08144888	0x081448AB	thumb	MysteryGiftLink_InitSend
0x081448AC	0x081448BB	thumb	MysteryGiftLink_InitRecv
0x081448BC	0x081448D7	thumb	MGL_ReceiveBlock
0x081448D8	0x081448F9	thumb	MGL_HasReceived
0x081448FC	0x08144909	thumb	MGL_ResetReceived
0x0814490C	0x081449DF	thumb	MGL_Receive
0x081449E0	0x08144AEB	thumb	MGL_Send
0x08144AEC	0x08144B0B	thumb	MysteryGiftClient_Create
0x08144B0C	0x08144B45	thumb	MysteryGiftClient_Run
0x08144B48	0x08144B57	thumb	MysteryGiftClient_AdvanceState
0x08144B58	0x08144B63	thumb	MysteryGiftClient_GetMsg
0x08144B64	0x08144B6F	thumb	MysteryGiftClient_SetParam
0x08144B70	0x08144BBD	thumb	MysteryGiftClient_Init
0x08144BC0	0x08144BE1	thumb	MysteryGiftClient_Free
0x08144BE4	0x08144BFD	thumb	MysteryGiftClient_CopyRecvScript
0x08144C00	0x08144C33	thumb	MysteryGiftClient_InitSendWord
0x08144C34	0x08144C5B	thumb	Client_Init
0x08144C5C	0x08144C5F	thumb	Client_Done
0x08144C60	0x08144C7D	thumb	Client_Recv
0x08144C80	0x08144C9D	thumb	Client_Send
0x08144CA0	0x08144E6B	thumb	Client_Run
0x08144E6C	0x08144E83	thumb	Client_Wait
0x08144E84	0x08144EBB	thumb	Client_RunMysteryEventScript
0x08144EBC	0x08144EEF	thumb	Client_RunBufferScript
0x08144EF0	0x08144F1B	thumb	MysteryGiftClient_CallFunc
0x08144F1C	0x08144F3F	thumb	MysterGiftServer_CreateForNews
0x08144F40	0x08144F63	thumb	MysterGiftServer_CreateForCard
0x08144F64	0x08144F9D	thumb	MysterGiftServer_Run
0x08144FA0	0x08144FF7	thumb	MysteryGiftServer_Init
0x08144FF8	0x08145019	thumb	MysteryGiftServer_Free
0x0814501C	0x0814505B	thumb	MysteryGiftServer_InitSend
0x0814505C	0x08145067	thumb	MysteryGiftServer_GetSendData
0x08145068	0x0814507F	thumb	MysteryGiftServer_Compare
0x08145080	0x08145087	thumb	Server_Init
0x08145088	0x0814508B	thumb	Server_Done
0x0814508C	0x081450A5	thumb	Server_Recv
0x081450A8	0x081450C1	thumb	Server_Send
0x081450C4	0x081455FF	thumb	Server_Run
0x08145600	0x08145653	thumb	MysteryGiftServer_CallFunc
0x08145654	0x081456EF	thumb	WonderCard_Init
0x081456F0	0x0814571B	thumb	WonderCard_Destroy
0x0814571C	0x0814593B	thumb	WonderCard_Enter
0x0814593C	0x08145A97	thumb	WonderCard_Exit
0x08145A98	0x08145D17	thumb	BufferCardText
0x08145D18	0x0814605F	thumb	DrawCardWindow
0x08146060	0x081461D7	thumb	CreateCardSprites
0x081461D8	0x08146287	thumb	DestroyCardSprites
0x08146288	0x081462EB	thumb	WonderNews_Init
0x081462EC	0x08146317	thumb	WonderNews_Destroy
0x08146318	0x08146603	thumb	WonderNews_Enter
0x08146604	0x081467EB	thumb	WonderNews_Exit
0x081467EC	0x08146833	thumb	WonderNews_RemoveScrollIndicatorArrowPair
0x08146834	0x08146883	thumb	WonderNews_AddScrollIndicatorArrowPair
0x08146884	0x0814697F	thumb	WonderNews_GetInput
0x08146980	0x08146A2F	thumb	BufferNewsText
0x08146A30	0x08146B57	thumb	DrawNewsWindows
0x08146B58	0x08146C2F	thumb	UpdateNewsScroll
0x08146C30	0x08146C85	thumb	WonderNews_SetReward
0x08146C88	0x08146CA3	thumb	WonderNews_Reset
0x08146CA4	0x08146CE7	thumb	WonderNews_IncrementStepCounter
0x08146CE8	0x08146D73	thumb	WonderNews_GetRewardInfo
0x08146D74	0x08146D93	thumb	GetRewardItem
0x08146D94	0x08146D9F	thumb	ResetSentRewardCounter
0x08146DA0	0x08146DD7	thumb	IncrementSentRewardCounter
0x08146DD8	0x08146E09	thumb	IncrementRewardCounter
0x08146E0C	0x08146E77	thumb	GetRewardType
0x08146E78	0x08146E93	thumb	DoSeagallopFerryScene
0x08146E94	0x08147057	thumb	CB2_SetUpSeagallopScene
0x08147058	0x08147069	thumb	VBlankCB_SeaGallop
0x0814706C	0x08147081	thumb	MainCB2_SeaGallop
0x08147084	0x0814709F	thumb	Task_Seagallop_0
0x081470A0	0x081470CB	thumb	ScrollBG
0x081470CC	0x08147107	thumb	Task_Seagallop_1
0x08147108	0x0814713F	thumb	Task_Seagallop_2
0x08147140	0x081471C3	thumb	Task_Seagallop_3
0x081471C4	0x081472FB	thumb	ResetGPU
0x081472FC	0x08147319	thumb	ResetAllAssets
0x0814731C	0x0814732B	thumb	SetDispcnt
0x0814732C	0x08147381	thumb	ResetBGPos
0x08147384	0x0814739F	thumb	LoadFerrySpriteResources
0x081473A0	0x081473C3	thumb	FreeFerrySpriteResources
0x081473C4	0x08147415	thumb	CreateFerrySprite
0x08147418	0x0814746B	thumb	SpriteCB_Ferry
0x0814746C	0x081474AF	thumb	CreateWakeSprite
0x081474B0	0x081474C9	thumb	SpriteCB_Wake
0x081474CC	0x081474FD	thumb	GetDirectionOfTravel
0x08147500	0x08147591	thumb	GetSeagallopNumber
0x08147594	0x081475BD	thumb	IsPlayerLeftOfVermilionSailor
0x081475C0	0x0814760B	thumb	CreateStaticCountdownTask
0x0814760C	0x0814763D	thumb	StartStaticCountdown
0x08147640	0x08147653	thumb	IsStaticCountdownRunning
0x08147654	0x081476DF	thumb	Task_StaticCountdown
0x081476E0	0x081477BF	thumb	StaticCountdown_CreateSprites
0x081477C0	0x0814784B	thumb	Task_StaticCountdown_Init
0x0814784C	0x081478BB	thumb	Task_StaticCountdown_Free
0x081478BC	0x081479D3	thumb	SpriteCB_StaticCountdown
0x081479D4	0x08147A33	thumb	Task_StaticCountdown_Start
0x08147A34	0x08147AA5	thumb	Task_StaticCountdown_Run
0x08147AA8	0x08147B47	thumb	StartPokemonJump
0x08147B48	0x08147B5F	thumb	FreePokemonJump
0x08147B60	0x08147B93	thumb	InitGame
0x08147B94	0x08147C1F	thumb	ResetForNewGame
0x08147C20	0x08147C97	thumb	InitPlayerAndJumpTypes
0x08147C98	0x08147CFF	thumb	ResetPlayersForNewGame
0x08147D00	0x08147D2B	thumb	GetPokemonJumpSpeciesIdx
0x08147D2C	0x08147D55	thumb	InitJumpMonInfo
0x08147D58	0x08147D69	thumb	VBlankCB_PokemonJump
0x08147D6C	0x08147D81	thumb	CB2_PokemonJump
0x08147D84	0x08147D9F	thumb	SetPokeJumpTask
0x08147DA0	0x08147F0F	thumb	Task_StartPokemonJump
0x08147F10	0x08147F4B	thumb	SetLinkTimeInterval
0x08147F4C	0x08147F9F	thumb	SetFunc_Leader
0x08147FA0	0x0814807B	thumb	RecvLinkData_Leader
0x0814807C	0x08148103	thumb	Task_PokemonJump_Leader
0x08148104	0x0814813F	thumb	SendLinkData_Leader
0x08148140	0x08148173	thumb	SetFunc_Member
0x08148174	0x0814828F	thumb	RecvLinkData_Member
0x08148290	0x081482F7	thumb	Task_PokemonJump_Member
0x081482F8	0x08148343	thumb	SendLinkData_Member
0x08148344	0x08148397	thumb	GameIntro_Leader
0x08148398	0x081483CF	thumb	GameIntro_Member
0x081483D0	0x08148417	thumb	WaitRound_Leader
0x08148418	0x08148461	thumb	WaitRound_Member
0x08148464	0x081484AF	thumb	GameRound_Leader
0x081484B0	0x081484CF	thumb	GameRound_Member
0x081484D0	0x0814856B	thumb	GameOver_Leader
0x0814856C	0x081485C7	thumb	GameOver_Member
0x081485C8	0x08148663	thumb	AskPlayAgain_Leader
0x08148664	0x081486C3	thumb	AskPlayAgain_Member
0x081486C4	0x08148721	thumb	ResetGame_Leader
0x08148724	0x0814875D	thumb	ResetGame_Member
0x08148760	0x081487B3	thumb	ExitGame
0x081487B4	0x081487FF	thumb	GivePrize_Leader
0x08148800	0x08148819	thumb	GivePrize_Member
0x0814881C	0x081488DB	thumb	SavePokeJump
0x081488DC	0x081489C7	thumb	DoGameIntro
0x081489C8	0x08148A5D	thumb	HandleSwingRound
0x08148A60	0x08148B53	thumb	DoVineHitEffect
0x08148B54	0x08148C7F	thumb	TryGivePrize
0x08148C80	0x08148D5B	thumb	DoPlayAgainPrompt
0x08148D5C	0x08148E29	thumb	ClosePokeJumpLink
0x08148E2C	0x08148E7D	thumb	CloseMessageAndResetScore
0x08148E80	0x08148F5B	thumb	Task_CommunicateMonInfo
0x08148F5C	0x08148F7B	thumb	SetTaskWithPokeJumpStruct
0x08148F7C	0x08148F9B	thumb	InitVineState
0x08148F9C	0x08148FDF	thumb	ResetVineState
0x08148FE0	0x08149043	thumb	UpdateVineState
0x08149044	0x08149077	thumb	GetVineSpeed
0x08149078	0x08149193	thumb	UpdateVineSpeed
0x08149194	0x081491B3	thumb	PokeJumpRandom
0x081491B4	0x081491D7	thumb	ResetVineAfterHit
0x081491D8	0x081491E3	thumb	IsGameOver
0x081491E4	0x0814920F	thumb	ResetPlayersJumpStates
0x08149210	0x0814922B	thumb	ResetPlayersMonState
0x0814922C	0x0814925D	thumb	IsPlayersMonState
0x08149260	0x08149287	thumb	SetMonStateJump
0x08149288	0x081492B7	thumb	SetMonStateHit
0x081492B8	0x081492D7	thumb	SetMonStateNormal
0x081492D8	0x0814933B	thumb	UpdateGame
0x0814933C	0x0814935B	thumb	TryUpdateVineSwing
0x0814935C	0x0814936B	thumb	DisallowVineUpdates
0x0814936C	0x0814937B	thumb	AllowVineUpdates
0x0814937C	0x0814948D	thumb	HandleMonState
0x08149490	0x08149533	thumb	UpdateJump
0x08149534	0x0814962F	thumb	TryUpdateScore
0x08149630	0x081496D3	thumb	UpdateVineHitStates
0x081496D4	0x0814970F	thumb	AllPlayersJumpedOrHit
0x08149710	0x08149747	thumb	DidAllPlayersClearVine
0x08149748	0x0814977F	thumb	ShouldPlayAgain
0x08149780	0x081497A7	thumb	AddJumpScore
0x081497A8	0x08149801	thumb	GetPlayersAtJumpPeak
0x08149804	0x08149833	thumb	AreLinkQueuesEmpty
0x08149834	0x08149877	thumb	GetNumPlayersForBonus
0x08149878	0x08149887	thumb	ClearUnreadField
0x08149888	0x08149897	thumb	GetScoreBonus
0x08149898	0x081498B3	thumb	TryUpdateExcellentsRecord
0x081498B4	0x081498D5	thumb	HasEnoughScoreForPrize
0x081498D8	0x081498FF	thumb	GetPrizeData
0x08149900	0x0814990D	thumb	UnpackPrizeData
0x08149910	0x0814992F	thumb	GetPrizeItemId
0x08149930	0x08149975	thumb	GetPrizeQuantity
0x08149978	0x081499A3	thumb	GetQuantityLimitedByBag
0x081499A4	0x081499B1	thumb	GetNumPokeJumpPlayers
0x081499B4	0x081499BF	thumb	GetPokeJumpMultiplayerId
0x081499C0	0x081499DF	thumb	GetMonInfoByMultiplayerId
0x081499E0	0x081499FF	thumb	GetPokeJumpPlayerName
0x08149A00	0x08149A15	thumb	IsSpeciesAllowedInPokemonJump
0x08149A18	0x08149A6B	thumb	IsPokemonJumpSpeciesInParty
0x08149A6C	0x08149A8D	thumb	SendPacket_MonInfo
0x08149A90	0x08149ADF	thumb	RecvPacket_MonInfo
0x08149AE0	0x08149AF7	thumb	SendPacket_Unused
0x08149AF8	0x08149B7B	thumb	SendPacket_LeaderState
0x08149B7C	0x08149BF1	thumb	RecvPacket_LeaderState
0x08149BF4	0x08149C21	thumb	SendPacket_MemberState
0x08149C24	0x08149C8D	thumb	RecvPacket_MemberStateToLeader
0x08149C90	0x08149CE9	thumb	RecvPacket_MemberStateToMember
0x08149CEC	0x08149D23	thumb	StartPokeJumpGfx
0x08149D24	0x08149D31	thumb	FreeWindowsAndDigitObj
0x08149D34	0x08149D3F	thumb	InitPokeJumpGfx
0x08149D40	0x08149D67	thumb	SetUpPokeJumpGfxFuncById
0x08149D68	0x08149D7F	thumb	IsPokeJumpGfxFuncFinished
0x08149D80	0x08149DA3	thumb	SetUpPokeJumpGfxFunc
0x08149DA4	0x08149DC7	thumb	Task_RunPokeJumpGfxFunc
0x08149DC8	0x08149F61	thumb	LoadPokeJumpGfx
0x08149F64	0x08149FCF	thumb	PrintPlayerNamesNoHighlight
0x08149FD0	0x0814A03B	thumb	PrintPlayerNamesWithHighlight
0x0814A03C	0x0814A0C7	thumb	ErasePlayerNames
0x0814A0C8	0x0814A173	thumb	Msg_WantToPlayAgain
0x0814A174	0x0814A215	thumb	Msg_SavingDontTurnOff
0x0814A218	0x0814A263	thumb	EraseMessage
0x0814A264	0x0814A305	thumb	Msg_SomeoneDroppedOut
0x0814A308	0x0814A3A9	thumb	Msg_CommunicationStandby
0x0814A3AC	0x0814A3E3	thumb	DoPokeJumpCountdown
0x0814A3E4	0x0814A407	thumb	SetUpResetVineGfx
0x0814A408	0x0814A465	thumb	ResetVineGfx
0x0814A468	0x0814A53B	thumb	PrintPrizeMessage
0x0814A53C	0x0814A5B3	thumb	PrintPrizeFilledBagMessage
0x0814A5B4	0x0814A62B	thumb	PrintNoRoomForPrizeMessage
0x0814A62C	0x0814A6CB	thumb	DoPrizeMessageAndFanfare
0x0814A6CC	0x0814A6FB	thumb	ClearMessageWindow
0x0814A6FC	0x0814A741	thumb	RemoveMessageWindow
0x0814A744	0x0814A751	thumb	HandlePlayAgainInput
0x0814A754	0x0814A7CF	thumb	AddMessageWindow
0x0814A7D0	0x0814A84B	thumb	CreatePokeJumpYesNoMenu
0x0814A84C	0x0814A8B7	thumb	PrintScoreSuffixes
0x0814A8B8	0x0814A93F	thumb	CreateJumpMonSprites
0x0814A940	0x0814A95B	thumb	SetMonSpriteY
0x0814A95C	0x0814A98B	thumb	UpdateVineSwing
0x0814A98C	0x0814A9C7	thumb	DoSameJumpTimeBonus
0x0814A9C8	0x0814AA23	thumb	InitDigitPrinters
0x0814AA24	0x0814AA31	thumb	PrintScore
0x0814AA34	0x0814AA45	thumb	PrintJumpsInRow
0x0814AA48	0x0814AA5F	thumb	StartMonHitShake
0x0814AA60	0x0814AA77	thumb	StartMonHitFlash
0x0814AA78	0x0814AA8B	thumb	IsMonHitShakeActive
0x0814AA8C	0x0814AA9F	thumb	StopMonHitFlash
0x0814AAA0	0x0814AAB3	thumb	ResetMonSpriteSubpriorities
0x0814AAB4	0x0814AAC7	thumb	StartMonIntroBounce
0x0814AAC8	0x0814AADB	thumb	IsMonIntroBounceActive
0x0814AADC	0x0814AB97	thumb	AddPlayerNameWindows
0x0814AB98	0x0814AC2F	thumb	PrintPokeJumpPlayerName
0x0814AC30	0x0814AC91	thumb	PrintPokeJumpPlayerNames
0x0814AC94	0x0814ACCB	thumb	DrawPlayerNameWindows
0x0814ACCC	0x0814AD17	thumb	ShowBonus
0x0814AD18	0x0814AD4F	thumb	UpdateBonus
0x0814AD50	0x0814AD69	thumb	Task_UpdateBonus
0x0814AD6C	0x0814ADB3	thumb	LoadSpriteSheetsAndPalettes
0x0814ADB4	0x0814ADC9	thumb	ResetPokeJumpSpriteData
0x0814ADCC	0x0814AF0B	thumb	CreateJumpMonSprite
0x0814AF0C	0x0814AF73	thumb	DoStarAnim
0x0814AF74	0x0814AFE7	thumb	SpriteCB_Star
0x0814AFE8	0x0814B00F	thumb	Gfx_StartMonHitShake
0x0814B010	0x0814B037	thumb	Gfx_IsMonHitShakeActive
0x0814B038	0x0814B07F	thumb	SpriteCB_MonHitShake
0x0814B080	0x0814B0A7	thumb	Gfx_StartMonHitFlash
0x0814B0A8	0x0814B0FF	thumb	Gfx_StopMonHitFlash
0x0814B100	0x0814B131	thumb	SpriteCB_MonHitFlash
0x0814B134	0x0814B167	thumb	Gfx_ResetMonSpriteSubpriorities
0x0814B168	0x0814B18F	thumb	Gfx_StartMonIntroBounce
0x0814B190	0x0814B1CB	thumb	Gfx_IsMonIntroBounceActive
0x0814B1CC	0x0814B23F	thumb	SpriteCB_MonIntroBounce
0x0814B240	0x0814B293	thumb	CreateStarSprite
0x0814B294	0x0814B347	thumb	CreateVineSprites
0x0814B348	0x0814B43B	thumb	UpdateVineAnim
0x0814B43C	0x0814B45F	thumb	StartPokeJumpCountdown
0x0814B460	0x0814B469	thumb	IsPokeJumpCountdownRunning
0x0814B46C	0x0814B47B	thumb	GetPokeJumpRecords
0x0814B47C	0x0814B493	thumb	ResetPokemonJumpRecords
0x0814B494	0x0814B4E7	thumb	TryUpdateRecords
0x0814B4E8	0x0814B503	thumb	IncrementGamesWithMaxPlayers
0x0814B504	0x0814B523	thumb	ShowPokemonJumpRecords
0x0814B524	0x0814B5C3	thumb	Task_ShowPokemonJumpRecords
0x0814B5C4	0x0814B6D3	thumb	PrintRecordsText
0x0814B6D4	0x0814B6ED	thumb	TruncateToFirstWordOnly
0x0814B6F0	0x0814B6FB	thumb	GetBerryCrushGame
0x0814B6FC	0x0814B753	thumb	QuitBerryCrush
0x0814B754	0x0814B85F	thumb	StartBerryCrush
0x0814B860	0x0814B8EF	thumb	GetBerryFromBag
0x0814B8F0	0x0814B913	thumb	ChooseBerry
0x0814B914	0x0814B923	thumb	BerryCrush_SetVBlankCallback
0x0814B924	0x0814B92F	thumb	BerryCrush_InitVBlankCB
0x0814B930	0x0814BA6B	thumb	SaveResults
0x0814BA6C	0x0814BA7D	thumb	VBlankCB
0x0814BA80	0x0814BA95	thumb	MainCB
0x0814BA98	0x0814BABB	thumb	MainTask
0x0814BABC	0x0814BB4B	thumb	SetNamesAndTextSpeed
0x0814BB4C	0x0814BBB7	thumb	RunOrScheduleCommand
0x0814BBB8	0x0814BC0F	thumb	Cmd_BeginNormalPaletteFade
0x0814BC10	0x0814BC73	thumb	Cmd_WaitPaletteFade
0x0814BC74	0x0814BD7B	thumb	Cmd_PrintMessage
0x0814BD7C	0x0814BD9B	thumb	Cmd_ShowGameDisplay
0x0814BD9C	0x0814BDBB	thumb	Cmd_HideGameDisplay
0x0814BDBC	0x0814BE09	thumb	Cmd_SignalReadyToBegin
0x0814BE0C	0x0814BE63	thumb	Cmd_AskPickBerry
0x0814BE64	0x0814BE7B	thumb	Cmd_GoToBerryPouch
0x0814BE7C	0x0814BFCF	thumb	Cmd_WaitForOthersToPickBerries
0x0814BFD0	0x0814C115	thumb	Cmd_DropBerriesIntoCrusher
0x0814C118	0x0814C249	thumb	Cmd_DropLid
0x0814C24C	0x0814C2FB	thumb	Cmd_Countdown
0x0814C2FC	0x0814C4B5	thumb	HandlePartnerInput
0x0814C4B8	0x0814C615	thumb	BerryCrush_BuildLocalState
0x0814C618	0x0814C7BB	thumb	HandlePlayerInput
0x0814C7BC	0x0814C84F	thumb	RecvLinkData
0x0814C850	0x0814C8F7	thumb	Cmd_PlayGame_Leader
0x0814C8F8	0x0814C98D	thumb	Cmd_PlayGame_Member
0x0814C990	0x0814CB1F	thumb	Cmd_FinishGame
0x0814CB20	0x0814CC0B	thumb	Cmd_HandleTimeUp
0x0814CC0C	0x0814CFA5	thumb	Cmd_TabulateResults
0x0814CFA8	0x0814D093	thumb	Cmd_ShowResults
0x0814D094	0x0814D187	thumb	Cmd_SaveGame
0x0814D188	0x0814D23F	thumb	Cmd_AskPlayAgain
0x0814D240	0x0814D319	thumb	Cmd_CommunicatePlayAgainResponses
0x0814D31C	0x0814D3A3	thumb	Cmd_PlayAgain
0x0814D3A4	0x0814D465	thumb	Cmd_StopGame
0x0814D468	0x0814D4C5	thumb	Cmd_CloseLink
0x0814D4C8	0x0814D4D5	thumb	Cmd_Quit
0x0814D4D8	0x0814D563	thumb	ResetGame
0x0814D564	0x0814D5A1	thumb	SetPaletteFadeArgs
0x0814D5A4	0x0814D5C7	thumb	SetPrintMessageArgs
0x0814D5C8	0x0814D887	thumb	ShowGameDisplay
0x0814D888	0x0814D9C9	thumb	HideGameDisplay
0x0814D9CC	0x0814DA03	thumb	UpdateGame
0x0814DA04	0x0814DA23	thumb	ResetCrusherPos
0x0814DA24	0x0814DB83	thumb	CreateBerrySprites
0x0814DB84	0x0814DC23	thumb	SpriteCB_DropBerryIntoCrusher
0x0814DC24	0x0814DC5B	thumb	BerryCrushFreeBerrySpriteGfx
0x0814DC5C	0x0814DE4F	thumb	UpdateInputEffects
0x0814DE50	0x0814DEBD	thumb	AreEffectsFinished
0x0814DEC0	0x0814DF43	thumb	FramesToMinSec
0x0814DF44	0x0814DFA3	thumb	PrintTextCentered
0x0814DFA4	0x0814E32B	thumb	PrintResultsText
0x0814E32C	0x0814E643	thumb	printCrushingResults
0x0814E644	0x0814E80B	thumb	OpenResultsWindow
0x0814E80C	0x0814E82F	thumb	CloseResultsWindow
0x0814E830	0x0814EA7B	thumb	Task_ShowBerryCrushRankings
0x0814EA7C	0x0814EAD3	thumb	ShowBerryCrushRankings
0x0814EAD4	0x0814EB03	thumb	PrintTimer
0x0814EB04	0x0814EB37	thumb	HideTimer
0x0814EB38	0x0814EBAF	thumb	CreatePlayerNameWindows
0x0814EBB0	0x0814EC7F	thumb	DrawPlayerNameWindows
0x0814EC80	0x0814ECDD	thumb	CopyPlayerNameWindowGfxToBg
0x0814ECE0	0x0814EF0F	thumb	CreateGameSprites
0x0814EF10	0x0814EFCD	thumb	DestroyGameSprites
0x0814EFD0	0x0814EFF9	thumb	SpriteCB_Impact
0x0814EFFC	0x0814F043	thumb	SpriteCB_Sparkle_End
0x0814F044	0x0814F0D7	thumb	SpriteCB_Sparkle
0x0814F0D8	0x0814F19B	thumb	SpriteCB_Sparkle_Init
0x0814F19C	0x0814F1BF	thumb	CB2_RunWirelessCommunicationScreen
0x0814F1C0	0x0814F1D1	thumb	VBlankCB_WirelessCommunicationScreen
0x0814F1D4	0x0814F1E3	thumb	ShowWirelessCommunicationScreen
0x0814F1E4	0x0814F32B	thumb	CB2_InitWirelessCommunicationScreen
0x0814F32C	0x0814F363	thumb	ExitWirelessCommunicationStatusScreen
0x0814F364	0x0814F3A7	thumb	CyclePalette
0x0814F3A8	0x0814F46B	thumb	PrintHeaderTexts
0x0814F46C	0x0814F65B	thumb	Task_WirelessCommunicationScreen
0x0814F65C	0x0814F711	thumb	WCSS_AddTextPrinterParameterized
0x0814F714	0x0814F7B9	thumb	CountPlayersInGroupAndGetActivity
0x0814F7BC	0x0814F7E1	thumb	HaveCountsChanged
0x0814F7E4	0x0814F883	thumb	UpdateCommunicationCounts
0x0814F884	0x0814FC9B	thumb	FontFunc_Braille
0x0814FC9C	0x0814FCFF	thumb	DecompressGlyph_Braille
0x0814FD00	0x0814FD03	thumb	GetGlyphWidth_Braille
0x0814FD04	0x0814FD37	thumb	LoadHelpMessageWindowGfxOnBg
0x0814FD38	0x0814FD6B	thumb	LoadMenuMessageWindowGfxOnBg
0x0814FD6C	0x0814FD9F	thumb	LoadSignpostWindowGfxOnBg
0x0814FDA0	0x0814FDD3	thumb	LoadStdWindowGfxOnBg
0x0814FDD4	0x0814FDF3	thumb	LoadQuestLogWindowTilesOnBg
0x0814FDF4	0x0814FE3F	thumb	LoadUserWindowGfxByFrameOnBg
0x0814FE40	0x0814FE6B	thumb	LoadUserWindowGfx2
0x0814FE6C	0x0814FEAB	thumb	LoadHelpMessageWindowGfx
0x0814FEAC	0x0814FEEB	thumb	LoadMenuMessageWindowGfx
0x0814FEEC	0x0814FF2B	thumb	LoadSignpostWindowGfx
0x0814FF2C	0x0814FF6B	thumb	LoadStdWindowGfx
0x0814FF6C	0x0814FF97	thumb	LoadStdWindowTiles
0x0814FF98	0x0814FFC3	thumb	LoadQuestLogWindowTiles
0x0814FFC4	0x0815001B	thumb	LoadUserWindowGfxByFrame
0x0815001C	0x08150047	thumb	LoadUserWindowGfx
0x08150048	0x081501CF	thumb	DrawTextBorderOuter
0x081501D0	0x0815036B	thumb	DrawTextBorderInner
0x0815036C	0x08150407	thumb	rbox_fill_rectangle
0x08150408	0x08150453	thumb	GetTextWindowPalette
0x08150454	0x08150473	thumb	QuestLogUpdatePlayerSprite
0x08150474	0x08150497	thumb	QuestLogTryRecordPlayerAvatarGfxTransition
0x08150498	0x081504A5	thumb	QuestLogCallUpdatePlayerSprite
0x081504A8	0x081504E7	thumb	QL_GfxTransition_Normal
0x081504E8	0x0815052F	thumb	QL_GfxTransition_Bike
0x08150530	0x081505C1	thumb	QL_GfxTransition_Fish
0x081505C4	0x08150707	thumb	Task_QLFishMovement
0x08150708	0x0815077B	thumb	QL_GfxTransition_StartSurf
0x0815077C	0x08150793	thumb	QL_GfxTransition_VSSeeker
0x08150794	0x081507B9	thumb	Task_QLVSSeekerMovement
0x081507BC	0x081507C9	thumb	QL_SetObjectGraphicsId
0x081507CC	0x081507D7	thumb	QL_GfxTransition_StopSurfSouth
0x081507D8	0x081507E3	thumb	QL_GfxTransition_StopSurfNorth
0x081507E4	0x081507EF	thumb	QL_GfxTransition_StopSurfWest
0x081507F0	0x081507FB	thumb	QL_GfxTransition_StopSurfEast
0x081507FC	0x081508D7	thumb	StartDodrioBerryPicking
0x081508D8	0x081508E9	thumb	ResetTasksAndSprites
0x081508EC	0x08150A81	thumb	InitDodrioGame
0x08150A84	0x08150C07	thumb	Task_StartDodrioGame
0x08150C08	0x08150C3F	thumb	Task_DodrioGame_Leader
0x08150C40	0x08150C77	thumb	Task_DodrioGame_Member
0x08150C78	0x08150CB9	thumb	DoGameIntro
0x08150CBC	0x08150CF1	thumb	InitCountdown
0x08150CF4	0x08150D79	thumb	DoCountdown
0x08150D7C	0x08150DA3	thumb	WaitGameStart
0x08150DA4	0x08150E67	thumb	PlayGame_Leader
0x08150E68	0x08150F3D	thumb	PlayGame_Member
0x08150F40	0x08150FC1	thumb	WaitEndGame_Leader
0x08150FC4	0x08150FDB	thumb	WaitEndGame_Member
0x08150FDC	0x0815109B	thumb	InitResults_Leader
0x0815109C	0x08151197	thumb	InitResults_Member
0x08151198	0x081512B1	thumb	DoResults
0x081512B4	0x08151487	thumb	AskPlayAgain
0x08151488	0x081514EF	thumb	EndLink
0x081514F0	0x0815159B	thumb	ExitGame
0x0815159C	0x081516DB	thumb	ResetGame
0x081516DC	0x0815174F	thumb	Task_NewGameIntro
0x08151750	0x0815184B	thumb	Task_CommunicateMonInfo
0x0815184C	0x08151A5B	thumb	RecvLinkData_Gameplay
0x08151A5C	0x08151B51	thumb	RecvLinkData_ReadyToEnd
0x08151B54	0x08151B9F	thumb	RecvLinkData_Leader
0x08151BA0	0x08151C5B	thumb	SendLinkData_Leader
0x08151C5C	0x08151D27	thumb	RecvLinkData_Member
0x08151D28	0x08151D95	thumb	SendLinkData_Member
0x08151D98	0x08151E91	thumb	HandleSound_Leader
0x08151E94	0x08152019	thumb	HandleSound_Member
0x0815201C	0x08152031	thumb	CB2_DodrioGame
0x08152034	0x08152045	thumb	VBlankCB_DodrioGame
0x08152048	0x08152059	thumb	InitMonInfo
0x0815205C	0x08152069	thumb	CreateTask_
0x0815206C	0x0815208F	thumb	CreateDodrioGameTask
0x08152090	0x081520B3	thumb	SetGameFunc
0x081520B4	0x0815210F	thumb	SlideTreeBordersOut
0x08152110	0x08152173	thumb	InitFirstWaveOfBerries
0x08152174	0x08152483	thumb	HandlePickBerries
0x08152484	0x0815256B	thumb	TryPickBerry
0x0815256C	0x081527CF	thumb	UpdateFallingBerries
0x081527D0	0x081528CD	thumb	UpdateBerrySprites
0x081528D0	0x0815290F	thumb	UpdateAllDodrioAnims
0x08152910	0x0815293B	thumb	SetAllDodrioDisabled
0x0815293C	0x0815296F	thumb	UpdateGame_Leader
0x08152970	0x081529A3	thumb	UpdateGame_Member
0x081529A4	0x081529FF	thumb	GetActiveBerryColumns
0x08152A00	0x08152A6D	thumb	AllPlayersReadyToStart
0x08152A70	0x08152A97	thumb	ResetReadyToStart
0x08152A98	0x08152AD7	thumb	ReadyToEndGame_Leader
0x08152AD8	0x08152B63	thumb	ReadyToEndGame_Member
0x08152B64	0x08152BD3	thumb	TryIncrementDifficulty
0x08152BD4	0x08152BF7	thumb	GetPlayerIdAtColumn
0x08152BF8	0x08152CB5	thumb	GetNewBerryId
0x08152CB8	0x08152D31	thumb	GetNewBerryIdByDifficulty
0x08152D34	0x08152F93	thumb	IncrementBerryResult
0x08152F94	0x08153003	thumb	UpdateBerriesPickedInRow
0x08153004	0x08153047	thumb	SetMaxBerriesPickedInRow
0x08153048	0x0815314F	thumb	ResetForPlayAgainPrompt
0x08153150	0x081531BB	thumb	SetRandomPrize
0x081531BC	0x081531FB	thumb	GetBerriesPicked
0x081531FC	0x0815327B	thumb	TryUpdateRecords
0x0815327C	0x081532B7	thumb	UpdatePickStateQueue
0x081532B8	0x08153369	thumb	HandleWaitPlayAgainInput
0x0815336C	0x0815338F	thumb	ResetPickState
0x08153390	0x081533B3	thumb	GetPrizeItemId
0x081533B4	0x081533C3	thumb	GetNumPlayers
0x081533C4	0x08153403	thumb	GetPlayerName
0x08153404	0x08153423	thumb	GetBerryResult
0x08153424	0x081534A9	thumb	GetScore
0x081534AC	0x081534EF	thumb	GetHighestScore
0x081534F0	0x08153533	thumb	GetHighestBerryResult
0x08153534	0x081535AF	thumb	GetScoreByRanking
0x081535B0	0x0815369F	thumb	SetScoreResults
0x081536A0	0x081536BF	thumb	GetScoreResults
0x081536C0	0x0815372B	thumb	GetScoreRanking
0x0815372C	0x0815378B	thumb	TryGivePrize
0x0815378C	0x0815379B	thumb	IncrementWithLimit
0x0815379C	0x081537AB	thumb	Min
0x081537AC	0x081537BF	thumb	GetPlayerIdByPos
0x081537C0	0x0815380F	thumb	IsDodrioInParty
0x08153810	0x0815382F	thumb	ShowDodrioBerryPickingRecords
0x08153830	0x081538CF	thumb	Task_ShowDodrioBerryPickingRecords
0x081538D0	0x081539EB	thumb	PrintRecordsText
0x081539EC	0x08153A03	thumb	Debug_UpdateNumPlayers
0x08153A04	0x08153A9B	thumb	Debug_SetPlayerNamesAndResults
0x08153A9C	0x08153AFB	thumb	LoadDodrioGfx
0x08153AFC	0x08153B9B	thumb	CreateDodrioSprite
0x08153B9C	0x08153BBD	thumb	SpriteCB_Dodrio
0x08153BC0	0x08153BF7	thumb	StartDodrioMissedAnim
0x08153BF8	0x08153C2F	thumb	StartDodrioIntroAnim
0x08153C30	0x08153C9D	thumb	DoDodrioMissedAnim
0x08153CA0	0x08153D07	thumb	DoDodrioIntroAnim
0x08153D08	0x08153D47	thumb	FreeDodrioSprites
0x08153D48	0x08153D7F	thumb	SetDodrioInvisibility
0x08153D80	0x08153DA7	thumb	SetAllDodrioInvisibility
0x08153DA8	0x08153DD3	thumb	SetDodrioAnim
0x08153DD4	0x08153DD5	thumb	SpriteCB_Status
0x08153DD8	0x08153E27	thumb	InitStatusBarPos
0x08153E28	0x08153ED7	thumb	CreateStatusBarSprites
0x08153ED8	0x08153F1B	thumb	FreeStatusBar
0x08153F1C	0x08153FC7	thumb	DoStatusBarIntro
0x08153FC8	0x081540DB	thumb	UpdateStatusBarAnim
0x081540DC	0x08154127	thumb	SetStatusBarInvisibility
0x08154128	0x0815417B	thumb	LoadBerryGfx
0x0815417C	0x08154273	thumb	CreateBerrySprites
0x08154274	0x081542EB	thumb	FreeBerrySprites
0x081542EC	0x08154323	thumb	SetBerryInvisibility
0x08154324	0x0815436F	thumb	SetBerryIconsInvisibility
0x08154370	0x08154397	thumb	SetBerryYPos
0x08154398	0x081543C3	thumb	SetBerryAnim
0x081543C4	0x081543E7	thumb	UnusedSetSpritePos
0x081543E8	0x08154437	thumb	SpriteCB_Cloud
0x08154438	0x081544EF	thumb	CreateCloudSprites
0x081544F0	0x0815453F	thumb	ResetCloudPos
0x08154540	0x08154577	thumb	StartCloudMovement
0x08154578	0x081545BB	thumb	FreeCloudSprites
0x081545BC	0x08154607	thumb	SetCloudInvisibility
0x08154608	0x081546BF	thumb	GetDodrioXPos
0x081546C0	0x081546E9	thumb	ResetBerryAndStatusBarSprites
0x081546EC	0x0815471D	thumb	LoadWindowFrameGfx
0x08154720	0x0815472F	thumb	DBP_LoadStdWindowGfx
0x08154730	0x08154767	thumb	ResetGfxState
0x08154768	0x08154865	thumb	DrawYesNoMessageWindow
0x08154868	0x08154965	thumb	DrawMessageWindow
0x08154968	0x081549C7	thumb	InitGameGfx
0x081549C8	0x081549D1	thumb	FreeAllWindowBuffers_
0x081549D4	0x08154A07	thumb	SetGfxFuncById
0x08154A08	0x08154A2B	thumb	Task_TryRunGfxFunc
0x08154A2C	0x08154B31	thumb	LoadGfx
0x08154B34	0x08154D9B	thumb	ShowNames
0x08154D9C	0x08154F7F	thumb	PrintRankedScores
0x08154F80	0x081556DF	thumb	ShowResults
0x081556E0	0x08155A77	thumb	Msg_WantToPlayAgain
0x08155A78	0x08155B4B	thumb	Msg_SavingDontTurnOff
0x08155B4C	0x08155C2B	thumb	Msg_CommunicationStandby
0x08155C2C	0x08155C7F	thumb	EraseMessage
0x08155C80	0x08155DF3	thumb	Msg_SomeoneDroppedOut
0x08155DF4	0x08155E1F	thumb	StopGfxFuncs
0x08155E20	0x08155E21	thumb	GfxIdle
0x08155E24	0x08155E53	thumb	SetGfxFunc
0x08155E54	0x08155E67	thumb	GetGfxFunc
0x08155E68	0x08155E89	thumb	IsGfxFuncActive
0x08155E8C	0x08155E9F	thumb	GetPlayAgainState
0x08155EA0	0x08155FDF	thumb	InitBgs
0x08155FE0	0x0815609F	thumb	LoadBgGfx
0x081560A0	0x081560A1	thumb	PokedudeDummy
0x081560A4	0x081560DB	thumb	SetControllerToPokedude
0x081560DC	0x0815613D	thumb	PokedudeBufferRunCommand
0x08156140	0x08156149	thumb	HandleInputChooseAction
0x0815614C	0x08156183	thumb	CompleteOnBattlerSpriteCallbackDummy
0x08156184	0x0815623B	thumb	CompleteOnBattlerSpritePosX_0
0x0815623C	0x08156251	thumb	CompleteOnInactiveTextPrinter
0x08156254	0x08156293	thumb	Pokedude_SetBattleEndCallbacks
0x08156294	0x081562EF	thumb	SwitchIn_HandleSoundAndEnd
0x081562F0	0x081563A7	thumb	SwitchIn_CleanShinyAnimShowSubstitute
0x081563A8	0x08156483	thumb	SwitchIn_TryShinyAnimShowHealthbox
0x08156484	0x0815649B	thumb	CompleteOnSpecialAnimDone
0x0815649C	0x081564E3	thumb	Intro_DelayAndEnd
0x081564E4	0x081564ED	thumb	PokedudeHandleInputChooseMove
0x081564F0	0x08156537	thumb	OpenPartyMenuToChooseMon
0x08156538	0x08156591	thumb	WaitForMonSelection
0x08156594	0x081565E5	thumb	OpenBagAndChooseItem
0x081565E8	0x08156623	thumb	CompleteWhenChoseItem
0x08156624	0x081567AF	thumb	Intro_TryShinyAnimShowHealthbox
0x081567B0	0x081568DB	thumb	Intro_WaitForShinyAnimAndHealthbox
0x081568DC	0x08156A53	thumb	Task_GiveExpToMon
0x08156A54	0x08156B23	thumb	Task_PrepareToGiveExpWithExpBar
0x08156B24	0x08156C67	thumb	Task_GiveExpWithExpBar
0x08156C68	0x08156CC7	thumb	Task_LaunchLvlUpAnim
0x08156CC8	0x08156D7F	thumb	Task_UpdateLvlInHealthbox
0x08156D80	0x08156DCB	thumb	DestroyExpTaskAndCompleteOnInactiveTextPrinter
0x08156DCC	0x08156E77	thumb	FreeMonSpriteAfterFaintAnim
0x08156E78	0x08156EE7	thumb	CompleteOnHealthbarDone
0x08156EE8	0x08156EFD	thumb	CompleteOnInactiveTextPrinter2
0x08156F00	0x08156F7B	thumb	DoHitAnimBlinkSpriteEffect
0x08156F7C	0x08156FEB	thumb	DoSwitchOutAnimation
0x08156FEC	0x08157023	thumb	CompleteOnBattlerSpriteCallbackDummy2
0x08157024	0x08157053	thumb	CompleteOnFinishedBattleAnimation
0x08157054	0x08157083	thumb	CompleteOnFinishedStatusAnimation
0x08157084	0x081570FB	thumb	PokedudeBufferExecCompleted
0x081570FC	0x0815712B	thumb	CompleteOnFinishedStatusAnimation2
0x0815712C	0x0815719D	thumb	PokedudeHandleGetMonData
0x081571A0	0x0815774D	thumb	CopyPokedudeMonData
0x08157750	0x08157759	thumb	PokedudeHandleGetRawMonData
0x0815775C	0x081577B3	thumb	PokedudeHandleSetMonData
0x081577B4	0x081580D3	thumb	SetPokedudeMonData
0x081580D4	0x081580DD	thumb	PokedudeHandleSetRawMonData
0x081580E0	0x0815823B	thumb	PokedudeHandleLoadMonSprite
0x0815823C	0x081582BF	thumb	PokedudeHandleSwitchInAnim
0x081582C0	0x08158343	thumb	PokedudeHandleReturnMonToBall
0x08158344	0x08158543	thumb	PokedudeHandleDrawTrainerPic
0x08158544	0x0815860F	thumb	PokedudeHandleTrainerSlide
0x08158610	0x08158619	thumb	PokedudeHandleTrainerSlideBack
0x0815861C	0x08158747	thumb	PokedudeHandleFaintAnimation
0x08158748	0x08158751	thumb	PokedudeHandlePaletteFade
0x08158754	0x081587A7	thumb	PokedudeHandleSuccessBallThrowAnim
0x081587A8	0x08158807	thumb	PokedudeHandleBallThrowAnim
0x08158808	0x08158811	thumb	PokedudeHandlePause
0x08158814	0x0815893B	thumb	PokedudeHandleMoveAnimation
0x0815893C	0x08158A87	thumb	PokedudeDoMoveAnimation
0x08158A88	0x08158AFB	thumb	PokedudeHandlePrintString
0x08158AFC	0x08158B1F	thumb	PokedudeHandlePrintSelectionString
0x08158B20	0x08158B5F	thumb	HandleChooseActionAfterDma3
0x08158B60	0x08158BF7	thumb	PokedudeHandleChooseAction
0x08158BF8	0x08158C01	thumb	PokedudeHandleUnknownYesNoBox
0x08158C04	0x08158C47	thumb	PokedudeHandleChooseMoveAfterDma3
0x08158C48	0x08158C8F	thumb	PokedudeHandleChooseMove
0x08158C90	0x08158CF3	thumb	PokedudeHandleChooseItem
0x08158CF4	0x08158DCB	thumb	PokedudeHandleChoosePokemon
0x08158DCC	0x08158DD5	thumb	PokedudeHandleCmd23
0x08158DD8	0x08158ECF	thumb	PokedudeHandleHealthBarUpdate
0x08158ED0	0x08158F6B	thumb	PokedudeHandleExpUpdate
0x08158F6C	0x08159013	thumb	PokedudeHandleStatusIconUpdate
0x08159014	0x0815907B	thumb	PokedudeHandleStatusAnimation
0x0815907C	0x081590FF	thumb	PokedudeHandleStatusXor
0x08159100	0x08159109	thumb	PokedudeHandleDataTransfer
0x0815910C	0x08159115	thumb	PokedudeHandleDMA3Transfer
0x08159118	0x08159121	thumb	PokedudeHandlePlayBGM
0x08159124	0x0815912D	thumb	PokedudeHandleCmd32
0x08159130	0x08159139	thumb	PokedudeHandleTwoReturnValues
0x0815913C	0x08159145	thumb	PokedudeHandleChosenMonReturnValue
0x08159148	0x08159151	thumb	PokedudeHandleOneReturnValue
0x08159154	0x0815915D	thumb	PokedudeHandleOneReturnValue_Duplicate
0x08159160	0x08159169	thumb	PokedudeHandleCmd37
0x0815916C	0x08159175	thumb	PokedudeHandleCmd38
0x08159178	0x08159181	thumb	PokedudeHandleCmd39
0x08159184	0x0815918D	thumb	PokedudeHandleCmd40
0x08159190	0x081591FF	thumb	PokedudeHandleHitAnimation
0x08159200	0x08159209	thumb	PokedudeHandleCmd42
0x0815920C	0x0815923B	thumb	PokedudeHandlePlaySE
0x0815923C	0x0815926B	thumb	PokedudeHandlePlayFanfare
0x0815926C	0x081592CF	thumb	PokedudeHandleFaintingCry
0x081592D0	0x08159303	thumb	PokedudeHandleIntroSlide
0x08159304	0x08159477	thumb	PokedudeHandleIntroTrainerBallThrow
0x08159478	0x081595EB	thumb	StartSendOutAnim
0x081595EC	0x0815965F	thumb	Task_StartSendOutAnim
0x08159660	0x081596E3	thumb	PokedudeHandleDrawPartyStatusSummary
0x081596E4	0x081596ED	thumb	PokedudeHandleHidePartyStatusSummary
0x081596F0	0x08159713	thumb	PokedudeHandleEndBounceEffect
0x08159714	0x0815971D	thumb	PokedudeHandleSpriteInvisibility
0x08159720	0x0815977B	thumb	PokedudeHandleBattleAnimation
0x0815977C	0x081597B7	thumb	PokedudeHandleLinkStandbyMsg
0x081597B8	0x081597C1	thumb	PokedudeHandleResetActionMoveSelection
0x081597C4	0x0815981F	thumb	PokedudeHandleCmd55
0x08159820	0x08159821	thumb	PokedudeCmdEnd
0x08159824	0x08159997	thumb	PokedudeSimulateInputChooseAction
0x08159998	0x08159AB7	thumb	PokedudeSimulateInputChooseMove
0x08159AB8	0x08159B77	thumb	HandlePokedudeVoiceoverEtc
0x08159B78	0x08159BA7	thumb	ReturnFromPokedudeAction
0x08159BA8	0x08159D03	thumb	PokedudeAction_PrintVoiceoverMessage
0x08159D04	0x08159EEF	thumb	PokedudeAction_PrintMessageWithHealthboxPals
0x08159EF0	0x08159F3F	thumb	GetPokedudeText
0x08159F40	0x0815A007	thumb	InitPokedudePartyAndOpponent
0x0815A008	0x0815A1F7	thumb	QL_RecordObjects
0x0815A1F8	0x0815A53F	thumb	QL_LoadObjects
0x0815A540	0x0815A5BB	thumb	QL_TryStopSurfing
0x0815A5BC	0x0815A5E7	thumb	SendPacket_ReadyToStart
0x0815A5E8	0x0815A619	thumb	RecvPacket_ReadyToStart
0x0815A61C	0x0815A94F	thumb	SendPacket_GameState
0x0815A950	0x0815AAD5	thumb	RecvPacket_GameState
0x0815AAD8	0x0815AB03	thumb	SendPacket_PickState
0x0815AB04	0x0815AB3B	thumb	RecvPacket_PickState
0x0815AB3C	0x0815AB5F	thumb	SendPacket_ReadyToEnd
0x0815AB60	0x0815AB91	thumb	RecvPacket_ReadyToEnd
0x0815AB94	0x0815ABAD	thumb	TeachyTvCallback
0x0815ABB0	0x0815ABC1	thumb	TeachyTvVblankHandler
0x0815ABC4	0x0815ABFB	thumb	InitTeachyTvController
0x0815ABFC	0x0815AC1F	thumb	CB2_ReturnToTeachyTV
0x0815AC20	0x0815AC2B	thumb	SetTeachyTvControllerModeToResume
0x0815AC2C	0x0815AD87	thumb	TeachyTvMainCallback
0x0815AD88	0x0815AE37	thumb	TeachyTvSetupBg
0x0815AE38	0x0815AEB7	thumb	TeachyTvLoadGraphic
0x0815AEB8	0x0815AEE7	thumb	TeachyTvCreateAndRenderRbox
0x0815AEE8	0x0815AF5B	thumb	TeachyTvSetupWindow
0x0815AF5C	0x0815AFAB	thumb	TeachyTvSetupScrollIndicatorArrowPair
0x0815AFAC	0x0815AFD7	thumb	TeachyTvRemoveScrollIndicatorArrowPair
0x0815AFD8	0x0815AFEB	thumb	TeachyTvAudioByInput
0x0815AFEC	0x0815B011	thumb	TeachyTvInitIo
0x0815B014	0x0815B05B	thumb	TeachyTvSetupObjEventAndOam
0x0815B05C	0x0815B093	thumb	TeachyTvSetSpriteCoordsAndSwitchFrame
0x0815B094	0x0815B0B3	thumb	TeachyTvSetWindowRegs
0x0815B0B4	0x0815B0C9	thumb	TeachyTvClearWindowRegs
0x0815B0CC	0x0815B117	thumb	TeachyTvBg2AnimController
0x0815B118	0x0815B1D9	thumb	TeachyTvSetupPostBattleWindowAndObj
0x0815B1DC	0x0815B21F	thumb	TeachyTvInitTextPrinter
0x0815B220	0x0815B23B	thumb	TeachyTvFree
0x0815B23C	0x0815B273	thumb	TeachyTvQuitBeginFade
0x0815B274	0x0815B2BF	thumb	TeachyTvQuitFadeControlAndTaskDel
0x0815B2C0	0x0815B38B	thumb	TeachyTvOptionListController
0x0815B38C	0x0815B403	thumb	TTVcmd_TransitionRenderBg2TeachyTvGraphicInitNpcPos
0x0815B404	0x0815B453	thumb	TTVcmd_ClearBg2TeachyTvGraphic
0x0815B454	0x0815B4BD	thumb	TTVcmd_NpcMoveAndSetupTextPrinter
0x0815B4C0	0x0815B4EB	thumb	TTVcmd_IdleIfTextPrinterIsActive
0x0815B4EC	0x0815B587	thumb	TeachyTvRenderMsgAndSwitchClusterFuncs
0x0815B588	0x0815B5BF	thumb	TTVcmd_TextPrinterSwitchStringByOptionChosen
0x0815B5C0	0x0815B5F7	thumb	TTVcmd_TextPrinterSwitchStringByOptionChosen2
0x0815B5F8	0x0815B623	thumb	TTVcmd_IdleIfTextPrinterIsActive2
0x0815B624	0x0815B663	thumb	TTVcmd_EraseTextWindowIfKeyPressed
0x0815B664	0x0815B6A7	thumb	TTVcmd_StartAnimNpcWalkIntoGrass
0x0815B6A8	0x0815B73F	thumb	TTVcmd_DudeMoveUp
0x0815B740	0x0815B7E3	thumb	TTVcmd_DudeMoveRight
0x0815B7E4	0x0815B83F	thumb	TTVcmd_DudeTurnLeft
0x0815B840	0x0815B8A3	thumb	TTVcmd_DudeMoveLeft
0x0815B8A4	0x0815B907	thumb	TTVcmd_RenderAndRemoveBg1EndGraphic
0x0815B908	0x0815B92B	thumb	TeachyTvClearBg1EndGraphicText
0x0815B92C	0x0815B9EF	thumb	TTVcmd_End
0x0815B9F0	0x0815BA2F	thumb	TTVcmd_TaskBattleOrFadeByOptionChosen
0x0815BA30	0x0815BA51	thumb	TeachyTvSetupBagItemsByOptionChosen
0x0815BA54	0x0815BA9F	thumb	TeachyTvPostBattleFadeControl
0x0815BAA0	0x0815BB6B	thumb	TeachyTvGrassAnimationMain
0x0815BB6C	0x0815BC3F	thumb	TeachyTvGrassAnimationObjCallback
0x0815BC40	0x0815BC8F	thumb	TeachyTvGrassAnimationCheckIfNeedsToGenerateGrassObj
0x0815BC90	0x0815BD03	thumb	TeachyTvPrepBattle
0x0815BD04	0x0815BD57	thumb	TeachyTvPreBattleAnimAndSetBattleCallback
0x0815BD58	0x0815BD7F	thumb	TeachyTvRestorePlayerPartyCallback
0x0815BD80	0x0815BF47	thumb	TeachyTvLoadBg3Map
0x0815BF48	0x0815BF6D	thumb	TeachyTvLoadMapTilesetToBuffer
0x0815BF70	0x0815BFEF	thumb	TeachyTvPushBackNewMapPalIndexArrayEntry
0x0815BFF0	0x0815C0D3	thumb	TeachyTvComputeMapTilesFromTilesetAndMetaTiles
0x0815C0D4	0x0815C1EF	thumb	TeachyTvComputeSingleMapTileBlockFromTilesetAndMetaTiles
0x0815C1F0	0x0815C22D	thumb	TeachyTvComputePalIndexArrayEntryByMetaTile
0x0815C230	0x0815C279	thumb	TeachyTvLoadMapPalette
0x0815C27C	0x0815C30F	thumb	EReader_Send
0x0815C310	0x0815C3A3	thumb	EReader_Recv
0x0815C3A4	0x0815C3E3	thumb	CloseSerial
0x0815C3E4	0x0815C45B	thumb	OpenSerialMulti
0x0815C45C	0x0815C497	thumb	OpenSerial32
0x0815C498	0x0815C60F	thumb	EReaderHandleTransfer
0x0815C610	0x0815C643	thumb	DetermineSendRecvState
0x0815C644	0x0815C68F	thumb	SetUpTransferManager
0x0815C690	0x0815C6C3	thumb	StartTm3
0x0815C6C4	0x0815C6D1	thumb	EReaderHelper_Timer3Callback
0x0815C6D4	0x0815C863	thumb	EReaderHelper_SerialCallback
0x0815C864	0x0815C873	thumb	EnableSio
0x0815C874	0x0815C897	thumb	DisableTm3
0x0815C898	0x0815C8C7	thumb	GetKeyInput
0x0815C8C8	0x0815C91B	thumb	EReaderHelper_SaveRegsState
0x0815C91C	0x0815C95F	thumb	EReaderHelper_RestoreRegsState
0x0815C960	0x0815C97F	thumb	EReaderHelper_ClearsSendRecvMgr
0x0815C980	0x0815C9F1	thumb	DigitObjUtil_Init
0x0815C9F4	0x0815CA3F	thumb	DigitObjUtil_Free
0x0815CA40	0x0815CC27	thumb	DigitObjUtil_CreatePrinter
0x0815CC28	0x0815CD6F	thumb	CopyWorkToOam
0x0815CD70	0x0815CDD9	thumb	DigitObjUtil_PrintNumOn
0x0815CDDC	0x0815CE8F	thumb	DrawNumObjsLeadingZeros
0x0815CE90	0x0815CFE9	thumb	DrawNumObjsMinusInFront
0x0815CFEC	0x0815D107	thumb	DrawNumObjsMinusInBack
0x0815D108	0x0815D1A7	thumb	DigitObjUtil_DeletePrinter
0x0815D1A8	0x0815D243	thumb	DigitObjUtil_HideOrShow
0x0815D244	0x0815D29B	thumb	GetFirstOamId
0x0815D29C	0x0815D2DF	thumb	SharesTileWithAnyActive
0x0815D2E0	0x0815D323	thumb	SharesPalWithAnyActive
0x0815D324	0x0815D333	thumb	GetTilesPerImage
0x0815D334	0x0815D363	thumb	DoSSAnneDepartureCutscene
0x0815D364	0x0815D3A7	thumb	Task_SSAnneInit
0x0815D3A8	0x0815D451	thumb	Task_SSAnneRun
0x0815D454	0x0815D497	thumb	Task_SSAnneFinish
0x0815D498	0x0815D517	thumb	CreateWakeBehindBoat
0x0815D518	0x0815D5A3	thumb	WakeSpriteCallback
0x0815D5A4	0x0815D623	thumb	CreateSmokeSprite
0x0815D624	0x0815D653	thumb	SmokeSpriteCallback
0x0815D654	0x0815D67B	thumb	GetTrainerHillUnkVal
0x0815D67C	0x0815D6B1	thumb	ValidateTrainerTowerTrainer
0x0815D6B4	0x0815D6FF	thumb	ValidateTrainerTowerData
0x0815D700	0x0815D793	thumb	CEReaderTool_SaveTrainerTower_r
0x0815D794	0x0815D7B9	thumb	CEReaderTool_SaveTrainerTower
0x0815D7BC	0x0815D80B	thumb	CEReaderTool_LoadTrainerTower_r
0x0815D80C	0x0815D831	thumb	CEReaderTool_LoadTrainerTower
0x0815D834	0x0815D837	thumb	ReadTrainerTowerAndValidate
0x0815D838	0x0815D8C7	thumb	SetAllRenewableItemFlags
0x0815D8C8	0x0815D8F7	thumb	IncrementRenewableHiddenItemStepCounter
0x0815D8F8	0x0815D96B	thumb	TryRegenerateRenewableHiddenItems
0x0815D96C	0x0815D9E7	thumb	SampleRenewableItemFlags
0x0815D9E8	0x0815DA0F	thumb	CallTrainerTowerFunc
0x0815DA10	0x0815DA27	thumb	GetTrainerTowerOpponentClass
0x0815DA28	0x0815DA3B	thumb	GetTrainerTowerOpponentName
0x0815DA3C	0x0815DA53	thumb	GetTrainerTowerTrainerFrontSpriteId
0x0815DA54	0x0815DBDB	thumb	InitTrainerTowerBattleStruct
0x0815DBDC	0x0815DBF3	thumb	FreeTrainerTowerBattleStruct
0x0815DBF4	0x0815DC3F	thumb	GetTrainerTowerOpponentWinText
0x0815DC40	0x0815DC8B	thumb	GetTrainerTowerOpponentLoseText
0x0815DC8C	0x0815DD2B	thumb	SetUpTrainerTowerDataStruct
0x0815DD2C	0x0815DD43	thumb	FreeTrainerTowerDataStruct
0x0815DD44	0x0815DDAF	thumb	InitTrainerTowerFloor
0x0815DDB0	0x0815DEFB	thumb	SetTrainerTowerNPCGraphics
0x0815DEFC	0x0815DF53	thumb	TT_ConvertEasyChatMessageToString
0x0815DF54	0x0815E067	thumb	BufferTowerOpponentSpeech
0x0815E068	0x0815E113	thumb	TrainerTowerGetOpponentTextColor
0x0815E114	0x0815E123	thumb	CB2_EndTrainerTowerBattle
0x0815E124	0x0815E15F	thumb	Task_DoTrainerTowerBattle
0x0815E160	0x0815E1BF	thumb	DoTrainerTowerBattle
0x0815E1C0	0x0815E1EF	thumb	TrainerTowerGetChallengeType
0x0815E1F0	0x0815E217	thumb	TrainerTowerAddFloorCleared
0x0815E218	0x0815E28B	thumb	GetFloorAlreadyCleared
0x0815E28C	0x0815E393	thumb	StartTrainerTowerChallenge
0x0815E394	0x0815E407	thumb	GetOwnerState
0x0815E408	0x0815E4AF	thumb	GiveChallengePrize
0x0815E4B0	0x0815E56B	thumb	CheckFinalTime
0x0815E56C	0x0815E5C3	thumb	TrainerTowerResumeTimer
0x0815E5C4	0x0815E5EF	thumb	TrainerTowerSetPlayerLost
0x0815E5F0	0x0815E657	thumb	GetTrainerTowerChallengeStatus
0x0815E658	0x0815E71F	thumb	GetCurrentTime
0x0815E720	0x0815E88B	thumb	ShowResultsBoard
0x0815E88C	0x0815E8B3	thumb	CloseResultsBoard
0x0815E8B4	0x0815E8CB	thumb	TrainerTowerGetDoublesEligiblity
0x0815E8CC	0x0815E907	thumb	TrainerTowerGetNumFloors
0x0815E908	0x0815E947	thumb	ShouldWarpToCounter
0x0815E948	0x0815E9C7	thumb	PlayTrainerTowerEncounterMusic
0x0815E9C8	0x0815E9FB	thumb	HasSpokenToOwner
0x0815E9FC	0x0815EBB7	thumb	BuildEnemyParty
0x0815EBB8	0x0815EC0B	thumb	GetPartyMaxLevel
0x0815EC0C	0x0815EC8B	thumb	ValidateOrResetCurTrainerTowerRecord
0x0815EC8C	0x0815EDDB	thumb	PrintTrainerTowerRecords
0x0815EDDC	0x0815EDF3	thumb	GetTrainerTowerRecordTime
0x0815EDF4	0x0815EE0B	thumb	SetTrainerTowerRecordTime
0x0815EE0C	0x0815EE3B	thumb	ResetTrainerTowerResults
0x0815EE3C	0x0815EE53	thumb	DecryptBerryPowder
0x0815EE54	0x0815EE6B	thumb	SetBerryPowder
0x0815EE6C	0x0815EE87	thumb	ApplyNewEncryptionKeyToBerryPowder
0x0815EE88	0x0815EEAF	thumb	HasEnoughBerryPowder
0x0815EEB0	0x0815EEDD	thumb	Script_HasEnoughBerryPowder
0x0815EEE0	0x0815EF1F	thumb	GiveBerryPowder
0x0815EF20	0x0815EF5B	thumb	TakeBerryPowder
0x0815EF5C	0x0815EF9F	thumb	Script_TakeBerryPowder
0x0815EFA0	0x0815EFBB	thumb	GetBerryPowder
0x0815EFBC	0x0815F013	thumb	PrintBerryPowderAmount
0x0815F014	0x0815F06F	thumb	DrawPlayerPowderAmount
0x0815F070	0x0815F093	thumb	PrintPlayerBerryPowderAmount
0x0815F094	0x0815F113	thumb	DisplayBerryPowderVendorMenu
0x0815F114	0x0815F137	thumb	RemoveBerryPowderVendorMenu
0x0815F138	0x0815F197	thumb	StartMinigameCountdown
0x0815F198	0x0815F1AB	thumb	IsMinigameCountdownRunning
0x0815F1AC	0x0815F2AB	thumb	Task_MinigameCountdown
0x0815F2AC	0x0815F3DF	thumb	RunMinigameCountdownDigitsAnim
0x0815F3E0	0x0815F443	thumb	StartStartGraphic
0x0815F444	0x0815F46F	thumb	IsStartGraphicAnimRunning
0x0815F470	0x0815F563	thumb	SpriteCB_Start
0x0815F564	0x0815F5BB	thumb	Load321StartGfx
0x0815F5BC	0x0815F60F	thumb	CreateNumberSprite
0x0815F610	0x0815F6DF	thumb	CreateStartSprite
0x0815F6E0	0x0815F74B	thumb	SetScene
0x0815F74C	0x0815F7E3	thumb	CB2_InitBerryFixProgram
0x0815F7E4	0x0815F7ED	thumb	CB2_BerryFix
0x0815F7F0	0x0815F9B3	thumb	Task_BerryFixMain
0x081DBD34	0x081DBD47	thumb	GameCubeMultiBoot_Hash
0x081DBD48	0x081DBE3B	thumb	GameCubeMultiBoot_Main
0x081DBE48	0x081DBE5B	thumb	GameCubeMultiBoot_ExecuteProgram
0x081DBE5C	0x081DBEA5	thumb	GameCubeMultiBoot_Init
0x081DBEA6	0x081DBFD5	thumb	GameCubeMultiBoot_HandleSerialInterrupt
0x081DBFD6	0x081DBFF7	thumb	GameCubeMultiBoot_Quit
0x081DC010	0x081DC01F	thumb	umul3232H32
0x081DC020	0x081DC0A3	thumb	SoundMain
0x081DC0A4	0x081DC45F	thumb	SoundMainRAM
0x081DC460	0x081DC71B	arm	SoundMainRAM_Unk1
0x081DC71C	0x081DC7A7	arm	SoundMainRAM_Unk2
0x081DC7A8	0x081DC7BD	thumb	SoundMainBTM
0x081DC7C0	0x081DC7DF	thumb	RealClearChain
0x081DC7E0	0x081DC80D	thumb	ply_fine
0x081DC810	0x081DC825	thumb	MPlayJumpTableCopy
0x081DC828	0x00000000	thumb	ldrb_r3_r2
0x081DC82A	0x00000000	thumb	chk_adr_r2
0x081DC844	0x081DCF65	thumb	ld_r3_tp_adr_i
0x081DC850	0x081DC86F	thumb	ply_goto
0x081DC870	0x081DC889	thumb	ply_patt
0x081DC88C	0x081DC89F	thumb	ply_pend
0x081DC8A0	0x081DC8CD	thumb	ply_rept
0x081DC8D0	0x081DC8D9	thumb	ply_prio
0x081DC8DC	0x081DC8EF	thumb	ply_tempo
0x081DC8F0	0x081DC901	thumb	ply_keysh
0x081DC904	0x081DC931	thumb	ply_voice
0x081DC934	0x081DC945	thumb	ply_vol
0x081DC948	0x081DC95B	thumb	ply_pan
0x081DC95C	0x081DC96F	thumb	ply_bend
0x081DC970	0x081DC981	thumb	ply_bendr
0x081DC984	0x081DC98D	thumb	ply_lfodl
0x081DC990	0x081DC9A7	thumb	ply_modt
0x081DC9A8	0x081DC9BB	thumb	ply_tune
0x081DC9BC	0x081DC9D3	thumb	ply_port
0x081DC9D4	0x081DCA1F	thumb	m4aSoundVSync
0x081DCA20	0x081DCC87	thumb	MPlayMain
0x081DCC88	0x081DCCCB	thumb	TrackStop
0x081DCCCC	0x081DCCFB	thumb	ChnVolSetAsm
0x081DCCFC	0x081DCEFF	thumb	ply_note
0x081DCF00	0x081DCF3F	thumb	ply_endtie
0x081DCF40	0x081DCF59	thumb	clear_modM
0x081DCF5C	0x00000000	thumb	ld_r3_tp_adr_i_unchecked
0x081DCF68	0x081DCF79	thumb	ply_lfos
0x081DCF7C	0x081DCF8D	thumb	ply_mod
0x081DCF90	0x081DCFF3	thumb	MidiKeyToFreq
0x081DCFF4	0x081DCFF5	thumb	UnusedDummyFunc
0x081DCFF8	0x081DD013	thumb	MPlayContinue
0x081DD014	0x081DD033	thumb	MPlayFadeOut
0x081DD034	0x081DD0E7	thumb	m4aSoundInit
0x081DD0E8	0x081DD0F1	thumb	m4aSoundMain
0x081DD0F4	0x081DD11F	thumb	m4aSongNumStart
0x081DD120	0x081DD16B	thumb	m4aSongNumStartOrChange
0x081DD16C	0x081DD1BF	thumb	m4aSongNumStartOrContinue
0x081DD1C0	0x081DD1F3	thumb	m4aSongNumStop
0x081DD1F4	0x081DD227	thumb	m4aSongNumContinue
0x081DD228	0x081DD26B	thumb	m4aMPlayAllStop
0x081DD26C	0x081DD275	thumb	m4aMPlayContinue
0x081DD278	0x081DD2BB	thumb	m4aMPlayAllContinue
0x081DD2BC	0x081DD2C9	thumb	m4aMPlayFadeOut
0x081DD2CC	0x081DD2EB	thumb	m4aMPlayFadeOutTemporarily
0x081DD2EC	0x081DD313	thumb	m4aMPlayFadeIn
0x081DD314	0x081DD35B	thumb	m4aMPlayImmInit
0x081DD35C	0x081DD473	thumb	MPlayExtender
0x081DD474	0x081DD477	thumb	MusicPlayerJumpTableCopy
0x081DD478	0x081DD48B	thumb	ClearChain
0x081DD48C	0x081DD49F	thumb	Clear64byte
0x081DD4A0	0x081DD597	thumb	SoundInit
0x081DD598	0x081DD63B	thumb	SampleFreqSet
0x081DD63C	0x081DD6D3	thumb	m4aSoundMode
0x081DD6D4	0x081DD727	thumb	SoundClear
0x081DD728	0x081DD7A3	thumb	m4aSoundVSyncOff
0x081DD7A4	0x081DD7DF	thumb	m4aSoundVSyncOn
0x081DD7E0	0x081DD857	thumb	MPlayOpen
0x081DD858	0x081DD93B	thumb	MPlayStart
0x081DD93C	0x081DD97B	thumb	m4aMPlayStop
0x081DD97C	0x081DDA43	thumb	FadeOutBody
0x081DDA44	0x081DDAF7	thumb	TrkVolPitSet
0x081DDAF8	0x081DDB9F	thumb	MidiKeyToCgbFreq
0x081DDBA0	0x081DDBEF	thumb	CgbOscOff
0x081DDBF0	0x081DDC6B	thumb	CgbModVol
0x081DDC6C	0x081DE0B5	thumb	CgbSound
0x081DE0B8	0x081DE0DF	thumb	m4aMPlayTempoControl
0x081DE0E0	0x081DE147	thumb	m4aMPlayVolumeControl
0x081DE148	0x081DE1BB	thumb	m4aMPlayPitchControl
0x081DE1BC	0x081DE223	thumb	m4aMPlayPanpotControl
0x081DE224	0x081DE241	thumb	ClearModM
0x081DE244	0x081DE2B7	thumb	m4aMPlayModDepthSet
0x081DE2B8	0x081DE32B	thumb	m4aMPlayLFOSpeedSet
0x081DE32C	0x081DE483	thumb	ply_memacc
0x081DE484	0x081DE4A3	thumb	ply_xcmd
0x081DE4A4	0x081DE4B7	thumb	ply_xxx
0x081DE4B8	0x081DE4FF	thumb	ply_xwave
0x081DE500	0x081DE511	thumb	ply_xtype
0x081DE514	0x081DE525	thumb	ply_xatta
0x081DE528	0x081DE539	thumb	ply_xdeca
0x081DE53C	0x081DE54D	thumb	ply_xsust
0x081DE550	0x081DE561	thumb	ply_xrele
0x081DE564	0x081DE56F	thumb	ply_xiecv
0x081DE570	0x081DE57B	thumb	ply_xiecl
0x081DE57C	0x081DE58D	thumb	ply_xleng
0x081DE590	0x081DE5A1	thumb	ply_xswee
0x081DE5A4	0x081DE5E9	thumb	ply_xwait
0x081DE5EC	0x081DE633	thumb	ply_xcmd_0D
0x081DE634	0x081DE635	thumb	DummyFunc
0x081DE638	0x081DE707	thumb	SetPokemonCryTone
0x081DE708	0x081DE71B	thumb	SetPokemonCryVolume
0x081DE71C	0x081DE733	thumb	SetPokemonCryPanpot
0x081DE734	0x081DE76B	thumb	SetPokemonCryPitch
0x081DE76C	0x081DE777	thumb	SetPokemonCryLength
0x081DE778	0x081DE783	thumb	SetPokemonCryRelease
0x081DE784	0x081DE78F	thumb	SetPokemonCryProgress
0x081DE790	0x081DE7A5	thumb	IsPokemonCryPlaying
0x081DE7A8	0x081DE7D3	thumb	SetPokemonCryChorus
0x081DE7D4	0x081DE813	thumb	SetPokemonCryStereo
0x081DE814	0x081DE81F	thumb	SetPokemonCryPriority
0x081DE820	0x081DE843	thumb	SwitchFlashBank
0x081DE844	0x081DE8DD	thumb	ReadFlashId
0x081DE8E0	0x081DE907	thumb	FlashTimerIntr
0x081DE908	0x081DE941	thumb	SetFlashTimerIntr
0x081DE944	0x081DE9EB	thumb	StartFlashTimer
0x081DE9EC	0x081DEA2F	thumb	StopFlashTimer
0x081DEA30	0x081DEA33	thumb	ReadFlash1
0x081DEA34	0x081DEA71	thumb	SetReadFlash1
0x081DEA74	0x081DEA95	thumb	ReadFlash_Core
0x081DEA98	0x081DEB33	thumb	ReadFlash
0x081DEB34	0x081DEB61	thumb	VerifyFlashSector_Core
0x081DEB64	0x081DEBFB	thumb	VerifyFlashSector
0x081DEBFC	0x081DEC93	thumb	VerifyFlashSectorNBytes
0x081DEC94	0x081DECD7	thumb	ProgramFlashSectorAndVerify
0x081DECD8	0x081DED1F	thumb	ProgramFlashSectorAndVerifyNBytes
0x081DED20	0x081DEDBF	thumb	IdentifyFlash
0x081DEDC0	0x081DEE5D	thumb	WaitForFlashWrite_Common
0x081DEE60	0x081DEED3	thumb	EraseFlashChip_MX
0x081DEED4	0x081DEFA3	thumb	EraseFlashSector_MX
0x081DEFA4	0x081DF037	thumb	ProgramFlashByte_MX
0x081DF038	0x081DF06F	thumb	ProgramByte
0x081DF070	0x081DF111	thumb	ProgramFlashSector_MX
0x081DF114	0x081DF1EB	thumb	STWI_init_all
0x081DF1EC	0x081DF227	thumb	STWI_init_timer
0x081DF228	0x081DF2DB	thumb	AgbRFU_SoftReset
0x081DF2DC	0x081DF2EF	thumb	STWI_set_MS_mode
0x081DF2F0	0x081DF34F	thumb	STWI_read_status
0x081DF350	0x081DF35B	thumb	STWI_init_Callback_M
0x081DF35C	0x081DF367	thumb	STWI_init_Callback_S
0x081DF368	0x081DF373	thumb	STWI_set_Callback_M
0x081DF374	0x081DF37F	thumb	STWI_set_Callback_S
0x081DF380	0x081DF38B	thumb	STWI_set_Callback_ID
0x081DF38C	0x081DF3B3	thumb	STWI_poll_CommandEnd
0x081DF3B4	0x081DF3D7	thumb	STWI_send_ResetREQ
0x081DF3D8	0x081DF3FB	thumb	STWI_send_LinkStatusREQ
0x081DF3FC	0x081DF41F	thumb	STWI_send_VersionStatusREQ
0x081DF420	0x081DF443	thumb	STWI_send_SystemStatusREQ
0x081DF444	0x081DF467	thumb	STWI_send_SlotStatusREQ
0x081DF468	0x081DF48B	thumb	STWI_send_ConfigStatusREQ
0x081DF48C	0x081DF4E3	thumb	STWI_send_GameConfigREQ
0x081DF4E4	0x081DF523	thumb	STWI_send_SystemConfigREQ
0x081DF524	0x081DF547	thumb	STWI_send_SC_StartREQ
0x081DF548	0x081DF56B	thumb	STWI_send_SC_PollingREQ
0x081DF56C	0x081DF58F	thumb	STWI_send_SC_EndREQ
0x081DF590	0x081DF5B3	thumb	STWI_send_SP_StartREQ
0x081DF5B4	0x081DF5D7	thumb	STWI_send_SP_PollingREQ
0x081DF5D8	0x081DF5FB	thumb	STWI_send_SP_EndREQ
0x081DF5FC	0x081DF62B	thumb	STWI_send_CP_StartREQ
0x081DF62C	0x081DF64F	thumb	STWI_send_CP_PollingREQ
0x081DF650	0x081DF673	thumb	STWI_send_CP_EndREQ
0x081DF674	0x081DF6BB	thumb	STWI_send_DataTxREQ
0x081DF6BC	0x081DF703	thumb	STWI_send_DataTxAndChangeREQ
0x081DF704	0x081DF727	thumb	STWI_send_DataRxREQ
0x081DF728	0x081DF74B	thumb	STWI_send_MS_ChangeREQ
0x081DF74C	0x081DF79B	thumb	STWI_send_DataReadyAndChangeREQ
0x081DF79C	0x081DF7DB	thumb	STWI_send_DisconnectedAndChangeREQ
0x081DF7DC	0x081DF7FF	thumb	STWI_send_ResumeRetransmitAndChangeREQ
0x081DF800	0x081DF82F	thumb	STWI_send_DisconnectREQ
0x081DF830	0x081DF867	thumb	STWI_send_TestModeREQ
0x081DF868	0x081DF8A3	thumb	STWI_send_CPR_StartREQ
0x081DF8A4	0x081DF8C7	thumb	STWI_send_CPR_PollingREQ
0x081DF8C8	0x081DF8EB	thumb	STWI_send_CPR_EndREQ
0x081DF8EC	0x081DF90F	thumb	STWI_send_StopModeREQ
0x081DF910	0x081DF971	thumb	STWI_intr_timer
0x081DF974	0x081DFA1F	thumb	STWI_set_timer
0x081DFA20	0x081DFA4B	thumb	STWI_stop_timer
0x081DFA4C	0x081DFB23	thumb	STWI_init
0x081DFB24	0x081DFB97	thumb	STWI_start_Command
0x081DFB98	0x081DFC15	thumb	STWI_restart_Command
0x081DFC18	0x081DFC4F	thumb	STWI_reset_ClockCounter
0x081DFC50	0x081DFCB3	arm	IntrSIO32
0x081DFCB4	0x081DFF43	arm	sio32intr_clock_master
0x081DFF44	0x081E034F	arm	sio32intr_clock_slave
0x081E0350	0x081E03B7	arm	handshake_wait
0x081E03B8	0x081E04C7	arm	STWI_set_timer_in_RAM
0x081E04C8	0x081E0517	arm	STWI_stop_timer_in_RAM
0x081E0518	0x081E05A3	arm	STWI_init_slave
0x081E05A4	0x081E05A7	arm	Callback_Dummy_M
0x081E05A8	0x081E05AB	arm	Callback_Dummy_S
0x081E05AC	0x081E05AF	arm	Callback_Dummy_ID
0x081E05B0	0x081E06EB	thumb	rfu_initializeAPI
0x081E06EC	0x081E0773	thumb	rfu_STC_clearAPIVariables
0x081E0774	0x081E0787	thumb	rfu_REQ_PARENT_resumeRetransmitAndChange
0x081E0788	0x081E07CF	thumb	rfu_UNI_PARENT_getDRAC_ACK
0x081E07D0	0x081E07E3	thumb	rfu_setTimerInterrupt
0x081E07E4	0x081E07F3	thumb	rfu_getSTWIRecvBuffer
0x081E07F4	0x081E07FD	thumb	rfu_setMSCCallback
0x081E0800	0x081E081B	thumb	rfu_setREQCallback
0x081E081C	0x081E0847	thumb	rfu_enableREQCallback
0x081E0848	0x081E0887	thumb	rfu_STC_REQ_callback
0x081E0888	0x081E08F7	thumb	rfu_CB_defaultCallback
0x081E08F8	0x081E090B	thumb	rfu_waitREQComplete
0x081E090C	0x081E091F	thumb	rfu_REQ_RFUStatus
0x081E0920	0x081E095B	thumb	rfu_getRFUStatus
0x081E095C	0x081E09D1	thumb	rfu_MBOOT_CHILD_inheritanceLinkStatus
0x081E09D4	0x081E0A7B	thumb	rfu_REQ_stopMode
0x081E0A7C	0x081E0AA7	thumb	rfu_CB_stopMode
0x081E0AA8	0x081E0AE3	thumb	rfu_REQBN_softReset_and_checkID
0x081E0AE4	0x081E0AF7	thumb	rfu_REQ_reset
0x081E0AF8	0x081E0B19	thumb	rfu_CB_reset
0x081E0B1C	0x081E0B83	thumb	rfu_REQ_configSystem
0x081E0B84	0x081E0C0F	thumb	rfu_REQ_configGameData
0x081E0C10	0x081E0CAB	thumb	rfu_CB_configGameData
0x081E0CAC	0x081E0CFB	thumb	rfu_REQ_startSearchChild
0x081E0CFC	0x081E0D23	thumb	rfu_CB_startSearchChild
0x081E0D24	0x081E0D87	thumb	rfu_STC_clearLinkStatus
0x081E0D88	0x081E0D9B	thumb	rfu_REQ_pollSearchChild
0x081E0D9C	0x081E0DAF	thumb	rfu_REQ_endSearchChild
0x081E0DB0	0x081E0E37	thumb	rfu_CB_pollAndEndSearchChild
0x081E0E38	0x081E0F73	thumb	rfu_STC_readChildList
0x081E0F74	0x081E0F87	thumb	rfu_REQ_startSearchParent
0x081E0F88	0x081E0FAB	thumb	rfu_CB_startSearchParent
0x081E0FAC	0x081E0FBF	thumb	rfu_REQ_pollSearchParent
0x081E0FC0	0x081E0FE1	thumb	rfu_CB_pollSearchParent
0x081E0FE4	0x081E0FF7	thumb	rfu_REQ_endSearchParent
0x081E0FF8	0x081E1107	thumb	rfu_STC_readParentCandidateList
0x081E1108	0x081E116D	thumb	rfu_REQ_startConnectParent
0x081E1170	0x081E1183	thumb	rfu_REQ_pollConnectParent
0x081E1184	0x081E12A3	thumb	rfu_CB_pollConnectParent
0x081E12A4	0x081E12D7	thumb	rfu_getConnectParentStatus
0x081E12D8	0x081E130F	thumb	rfu_REQ_endConnectParent
0x081E1310	0x081E13EF	thumb	rfu_syncVBlank
0x081E13F0	0x081E17AB	thumb	rfu_REQBN_watchLink
0x081E17AC	0x081E185B	thumb	rfu_STC_removeLinkData
0x081E185C	0x081E18EB	thumb	rfu_REQ_disconnect
0x081E18EC	0x081E19CB	thumb	rfu_CB_disconnect
0x081E19CC	0x081E1A27	thumb	rfu_REQ_CHILD_startConnectRecovery
0x081E1A28	0x081E1A3B	thumb	rfu_REQ_CHILD_pollConnectRecovery
0x081E1A3C	0x081E1ADF	thumb	rfu_CB_CHILD_pollConnectRecovery
0x081E1AE0	0x081E1B0D	thumb	rfu_CHILD_getConnectRecoveryStatus
0x081E1B10	0x081E1B23	thumb	rfu_REQ_CHILD_endConnectRecovery
0x081E1B24	0x081E1B51	thumb	rfu_STC_fastCopy
0x081E1B54	0x081E1B7F	thumb	rfu_REQ_changeMasterSlave
0x081E1B80	0x081E1BB7	thumb	rfu_getMasterSlave
0x081E1BB8	0x081E1C57	thumb	rfu_clearAllSlot
0x081E1C58	0x081E1CC3	thumb	rfu_STC_releaseFrame
0x081E1CC4	0x081E1E7F	thumb	rfu_clearSlot
0x081E1E80	0x081E1EDF	thumb	rfu_setRecvBuffer
0x081E1EE0	0x081E1F0B	thumb	rfu_NI_setSendData
0x081E1F0C	0x081E1F45	thumb	rfu_UNI_setSendData
0x081E1F48	0x081E1F7B	thumb	rfu_NI_CHILD_setSendGameName
0x081E1F7C	0x081E2183	thumb	rfu_STC_setSendData_org
0x081E2184	0x081E22EB	thumb	rfu_changeSendTarget
0x081E22EC	0x081E2363	thumb	rfu_NI_stopReceivingData
0x081E2364	0x081E23F5	thumb	rfu_UNI_changeAndReadySendData
0x081E23F8	0x081E2423	thumb	rfu_UNI_readySendData
0x081E2424	0x081E2443	thumb	rfu_UNI_clearRecvNewDataFlag
0x081E2444	0x081E2587	thumb	rfu_REQ_sendData
0x081E2588	0x081E261F	thumb	rfu_CB_sendData
0x081E2620	0x081E262F	thumb	rfu_CB_sendData2
0x081E2630	0x081E2655	thumb	rfu_CB_sendData3
0x081E2658	0x081E278F	thumb	rfu_constructSendLLFrame
0x081E2790	0x081E294F	thumb	rfu_STC_NI_constructLLSF
0x081E2950	0x081E2A23	thumb	rfu_STC_UNI_constructLLSF
0x081E2A24	0x081E2A63	thumb	rfu_REQ_recvData
0x081E2A64	0x081E2B4F	thumb	rfu_CB_recvData
0x081E2B50	0x081E2BE7	thumb	rfu_STC_PARENT_analyzeRecvPacket
0x081E2BE8	0x081E2C3F	thumb	rfu_STC_CHILD_analyzeRecvPacket
0x081E2C40	0x081E2E83	thumb	rfu_STC_analyzeLLSF
0x081E2E84	0x081E2F37	thumb	rfu_STC_UNI_receive
0x081E2F38	0x081E3123	thumb	rfu_STC_NI_receive_Sender
0x081E3124	0x081E329F	thumb	rfu_STC_NI_receive_Receiver
0x081E32A0	0x081E332F	thumb	rfu_STC_NI_initSlot_asRecvControllData
0x081E3330	0x081E33E7	thumb	rfu_STC_NI_initSlot_asRecvDataEntity
0x081E33E8	0x081E3483	thumb	rfu_NI_checkCommFailCounter
0x081E3484	0x081E349B	thumb	rfu_REQ_noise
0x081E349C	0x081E354F	thumb	AgbRFU_checkID
0x081E3550	0x081E35C3	thumb	Sio32IDInit
0x081E35C4	0x081E36B7	thumb	Sio32IDMain
0x081E36B8	0x081E37A7	thumb	Sio32IDIntr
0x081E37A8	0x081E382F	thumb	AGBPrintInit
0x081E3830	0x081E3919	thumb	AGBPutcInternal
0x081E391C	0x081E397B	thumb	AGBPutc
0x081E397C	0x081E39D7	thumb	AGBPrint
0x081E39D8	0x081E3A19	thumb	AGBPrintf
0x081E3A1C	0x081E3AF3	thumb	AGBPrintTransferDataInternal
0x081E3AF4	0x081E3B03	thumb	AGBPrintFlush1Block
0x081E3B04	0x081E3B13	thumb	AGBPrintFlush
0x081E3B14	0x081E3B57	thumb	AGBAssert
0x081E3B58	0x081E3B5B	thumb	ArcTan2
0x081E3B5C	0x081E3B5F	thumb	BgAffineSet
0x081E3B60	0x081E3B63	thumb	CpuFastSet
0x081E3B64	0x081E3B67	thumb	CpuSet
0x081E3B68	0x081E3B6B	thumb	Div
0x081E3B6C	0x081E3B6F	thumb	LZ77UnCompVram
0x081E3B70	0x081E3B73	thumb	LZ77UnCompWram
0x081E3B74	0x081E3B79	thumb	MultiBoot
0x081E3B7C	0x081E3B7F	thumb	ObjAffineSet
0x081E3B80	0x081E3B83	thumb	RegisterRamReset
0x081E3B84	0x081E3B9B	thumb	SoftReset
0x081E3B9C	0x081E3B9F	thumb	Sqrt
0x081E3BA0	0x081E3BA5	thumb	VBlankIntrWait
0x081E3BA8	0x081E3BAB	thumb	_call_via_r0
0x081E3BAC	0x081E3BAF	thumb	_call_via_r1
0x081E3BB0	0x081E3BB3	thumb	_call_via_r2
0x081E3BB4	0x081E3BB7	thumb	_call_via_r3
0x081E3BB8	0x081E3BBB	thumb	_call_via_r4
0x081E3BBC	0x081E3BBF	thumb	_call_via_r5
0x081E3BC0	0x081E3BC3	thumb	_call_via_r6
0x081E3BC4	0x081E3BC7	thumb	_call_via_r7
0x081E3BC8	0x081E3BCB	thumb	_call_via_r8
0x081E3BCC	0x081E3BCF	thumb	_call_via_r9
0x081E3BD0	0x081E3BD3	thumb	_call_via_sl
0x081E3BD4	0x081E3BD7	thumb	_call_via_fp
0x081E3BD8	0x081E3BDB	thumb	_call_via_ip
0x081E3BDC	0x081E3BDF	thumb	_call_via_sp
0x081E3BE0	0x081E3BE3	thumb	_call_via_lr
0x081E3BE4	0x081E4017	thumb	__divdi3
0x081E4018	0x081E40A9	thumb	__divsi3
0x081E40AC	0x081E40AD	thumb	__div0
0x081E40B0	0x081E40F3	thumb	__fixunsdfsi
0x081E40F4	0x081E41C1	thumb	__modsi3
0x081E41C4	0x081E4233	thumb	__muldi3
0x081E4234	0x081E460B	thumb	__udivdi3
0x081E460C	0x081E4683	thumb	__udivsi3
0x081E4684	0x081E4743	thumb	__umodsi3
0x081E4744	0x081E488B	thumb	__pack_d
0x081E488C	0x081E4963	thumb	__unpack_d
0x081E4964	0x081E4BCF	thumb	_fpadd_parts
0x081E4BD0	0x081E4BFF	thumb	__adddf3
0x081E4C00	0x081E4C37	thumb	__subdf3
0x081E4C38	0x081E4EDF	thumb	__muldf3
0x081E4EE0	0x081E5067	thumb	__divdf3
0x081E5068	0x081E5165	thumb	__fpcmp_parts_d
0x081E5168	0x081E5191	thumb	__cmpdf2
0x081E5194	0x081E51DD	thumb	__eqdf2
0x081E51E0	0x081E5229	thumb	__nedf2
0x081E522C	0x081E5277	thumb	__gtdf2
0x081E5278	0x081E52C3	thumb	__gedf2
0x081E52C4	0x081E530D	thumb	__ltdf2
0x081E5310	0x081E5359	thumb	__ledf2
0x081E535C	0x081E53D7	thumb	__floatsidf
0x081E53D8	0x081E5449	thumb	__fixdfsi
0x081E544C	0x081E5471	thumb	__negdf2
0x081E5474	0x081E5499	thumb	__make_dp
0x081E549C	0x081E54DF	thumb	__truncdfsf2
0x081E54E0	0x081E5597	thumb	__pack_f
0x081E5598	0x081E5611	thumb	__unpack_f
0x081E5614	0x081E578D	thumb	_fpadd_parts
0x081E5790	0x081E57BB	thumb	__addsf3
0x081E57BC	0x081E57EF	thumb	__subsf3
0x081E57F0	0x081E5953	thumb	__mulsf3
0x081E5954	0x081E5A3D	thumb	__divsf3
0x081E5A40	0x081E5B23	thumb	__fpcmp_parts_f
0x081E5B24	0x081E5B49	thumb	__cmpsf2
0x081E5B4C	0x081E5B91	thumb	__eqsf2
0x081E5B94	0x081E5BD9	thumb	__nesf2
0x081E5BDC	0x081E5C23	thumb	__gtsf2
0x081E5C24	0x081E5C6B	thumb	__gesf2
0x081E5C6C	0x081E5CB1	thumb	__ltsf2
0x081E5CB4	0x081E5CF9	thumb	__lesf2
0x081E5CFC	0x081E5D5B	thumb	__floatsisf
0x081E5D5C	0x081E5DC3	thumb	__fixsfsi
0x081E5DC4	0x081E5DE7	thumb	__negsf2
0x081E5DE8	0x081E5DFD	thumb	__make_fp
0x081E5E00	0x081E5E2B	thumb	__extendsfdf2
0x081E5E2C	0x081E5E5D	thumb	__lshrdi3
0x081E5E60	0x081E5E75	thumb	__negdi2
0x081E5E78	0x081E5ED5	thumb	memcpy
0x081E5ED8	0x081E5F29	thumb	memset
0x081E5F2C	0x081E5F85	thumb	strcmp
0x081E5F88	0x081E5FD1	thumb	strcpy
0x081E5FD4	0x081E6007	thumb	vsprintf
0x081E6008	0x081E6025	thumb	__sprint
0x081E6028	0x081E609B	thumb	__sbprintf
0x081E609C	0x081E60AF	thumb	vfprintf
0x081E60B0	0x081E700F	thumb	_vfprintf_r
0x081E7010	0x081E7103	thumb	cvt
0x081E7104	0x081E7171	thumb	exponent
0x081E7174	0x081E721F	thumb	__swsetup
0x081E7220	0x081E737B	thumb	quorem
0x081E737C	0x081E8071	thumb	_dtoa_r
0x081E8074	0x081E8107	thumb	fflush
0x081E8108	0x081E813F	thumb	std
0x081E8140	0x081E816F	thumb	__sfmoreglue
0x081E8170	0x081E81E3	thumb	__sfp
0x081E81E4	0x081E81F3	thumb	_cleanup_r
0x081E81F4	0x081E8203	thumb	_cleanup
0x081E8204	0x081E8263	thumb	__sinit
0x081E8264	0x081E8421	thumb	_free_r
0x081E8424	0x081E84E3	thumb	_malloc_trim_r
0x081E84E4	0x081E870D	thumb	__sfvwrite
0x081E8710	0x081E874F	thumb	_fwalk
0x081E8750	0x081E878B	thumb	_setlocale_r
0x081E878C	0x081E8793	thumb	_localeconv_r
0x081E8794	0x081E87AB	thumb	setlocale
0x081E87AC	0x081E87BB	thumb	localeconv
0x081E87BC	0x081E8897	thumb	__smakebuf
0x081E8898	0x081E89F3	thumb	malloc_extend_top
0x081E89F4	0x081E8DB3	thumb	_malloc_r
0x081E8DB4	0x081E8DDD	thumb	_mbtowc_r
0x081E8DE0	0x081E8E5F	thumb	memchr
0x081E8E60	0x081E8EE7	thumb	memmove
0x081E8EE8	0x081E8EE9	thumb	__malloc_lock
0x081E8EEC	0x081E8EED	thumb	__malloc_unlock
0x081E8EF0	0x081E8F45	thumb	_Balloc
0x081E8F48	0x081E8F5F	thumb	_Bfree
0x081E8F60	0x081E8FF7	thumb	_multadd
0x081E8FF8	0x081E9079	thumb	_s2b
0x081E907C	0x081E90D3	thumb	_hi0bits
0x081E90D4	0x081E9155	thumb	_lo0bits
0x081E9158	0x081E9169	thumb	_i2b
0x081E916C	0x081E92D5	thumb	_multiply
0x081E92D8	0x081E936F	thumb	_pow5mult
0x081E9370	0x081E940D	thumb	_lshift
0x081E9410	0x081E944D	thumb	__mcmp
0x081E9450	0x081E953F	thumb	__mdiff
0x081E9540	0x081E958B	thumb	_ulp
0x081E958C	0x081E9647	thumb	_b2d
0x081E9648	0x081E972F	thumb	_d2b
0x081E9730	0x081E977F	thumb	_ratio
0x081E9780	0x081E97BF	thumb	_mprec_log10
0x081E97C0	0x081E97E3	thumb	isinf
0x081E97E4	0x081E9803	thumb	isnan
0x081E9804	0x081E982F	thumb	_sbrk_r
0x081E9830	0x081E9863	thumb	__sread
0x081E9864	0x081E98A3	thumb	__swrite
0x081E98A4	0x081E98E1	thumb	__sseek
0x081E98E4	0x081E98F3	thumb	__sclose
0x081E98F4	0x081E9935	thumb	strlen
0x081E9938	0x081E9955	thumb	findslot
0x081E9958	0x081E99A3	thumb	remap_handle
0x081E99A4	0x081E9A13	thumb	initialise_monitor_handles
0x081E9A14	0x081E9A25	thumb	get_errno
0x081E9A28	0x081E9A3B	thumb	error
0x081E9A3C	0x081E9A53	thumb	wrap
0x081E9A54	0x081E9A75	thumb	_swiread
0x081E9A78	0x081E9ABF	thumb	_read
0x081E9AC0	0x081E9B43	thumb	_swilseek
0x081E9B44	0x081E9B4F	thumb	_lseek
0x081E9B50	0x081E9B71	thumb	_swiwrite
0x081E9B74	0x081E9BBF	thumb	_write
0x081E9BC0	0x081E9C5D	thumb	_swiopen
0x081E9C60	0x081E9C73	thumb	_open
0x081E9C74	0x081E9CA7	thumb	_swiclose
0x081E9CA8	0x081E9CB3	thumb	_close
0x081E9CB4	0x081E9CD3	thumb	_exit
0x081E9CD4	0x081E9CF3	thumb	_kill
0x081E9CF4	0x081E9CF7	thumb	_getpid
0x081E9CF8	0x081E9D33	thumb	_sbrk
0x081E9D34	0x081E9D3D	thumb	_fstat
0x081E9D40	0x081E9D45	thumb	_unlink
0x081E9D48	0x081E9D49	thumb	_raise
0x081E9D4C	0x081E9D77	thumb	_gettimeofday
0x081E9D78	0x081E9D99	thumb	_times
0x081E9D9C	0x081E9DCB	thumb	_write_r
0x081E9DCC	0x081E9E23	thumb	_calloc_r
0x081E9E24	0x081E9E4F	thumb	_close_r
0x081E9E50	0x081E9E5B	thumb	__errno
0x081E9E5C	0x081E9E87	thumb	_fstat_r
0x081E9E88	0x081E9EA7	thumb	abort
0x081E9EA8	0x081E9EAB	thumb	isatty
0x081E9EAC	0x081E9EAD	thumb	alarm
0x081E9EB0	0x081E9EDF	thumb	_lseek_r
0x081E9EE0	0x081E9F0F	thumb	_read_r
