# addr	mode	name  (STT_FUNC from a byte-matching decomp ELF; blank name = let the finder synthesise one)
0x080003A4	thumb	AgbMain
0x080004B0	thumb	UpdateLinkAndCallCallbacks
0x080004C4	thumb	InitMainCallbacks
0x08000510	thumb	CallCallbacks
0x08000544	thumb	SetMainCallback2
0x08000558	thumb	StartTimer1
0x08000564	thumb	SeedRngAndSetTrainerId
0x0800058C	thumb	GetGeneratedTrainerIdLower
0x08000598	thumb	EnableVCountIntrAtLine150
0x080005C0	thumb	InitKeys
0x080005E8	thumb	ReadKeys
0x08000688	thumb	InitIntrHandlers
0x080006F4	thumb	SetVBlankCallback
0x08000700	thumb	SetHBlankCallback
0x0800070C	thumb	SetVCountCallback
0x08000718	thumb	SetSerialCallback
0x08000724	thumb	VBlankIntr
0x080007C8	thumb	InitFlashTimer
0x080007DC	thumb	HBlankIntr
0x0800080C	thumb	VCountIntr
0x08000844	thumb	SerialIntr
0x08000874	thumb	RestoreSerialTimer3IntrHandlers
0x0800088C	thumb	IntrDummy
0x08000890	thumb	WaitForVBlank
0x080008C0	thumb	SetVBlankCounter1Ptr
0x080008CC	thumb	DisableVBlankCounter1
0x080008D8	thumb	DoSoftReset
0x08000944	thumb	ClearPokemonCrySongs
0x08000968	thumb	InitGpuRegManager
0x080009C0	thumb	CopyBufferedValueToGpuReg
0x08000A04	thumb	CopyBufferedValuesToGpuRegs
0x08000A38	thumb	SetGpuReg
0x08000AC4	thumb	GetGpuReg
0x08000AF4	thumb	SetGpuRegBits
0x08000B14	thumb	ClearGpuRegBits
0x08000B34	thumb	SyncRegIE
0x08000B68	thumb	EnableInterrupts
0x08000B94	thumb	DisableInterrupts
0x08000BC0	thumb	UpdateRegDispstatIntrBits
0x08000BFC	thumb	ClearDma3Requests
0x08000C34	thumb	ProcessDma3Requests
0x08000EAC	thumb	RequestDma3Copy
0x08000F44	thumb	RequestDma3Fill
0x08000FE8	thumb	WaitDma3Request
0x08001028	thumb	ResetBgs
0x08001040	thumb	SetBgModeInternal
0x0800105C	thumb	GetBgMode
0x0800106C	thumb	ResetBgControlStructs
0x0800108C	thumb	Unused_ResetBgControlStruct
0x080010B8	thumb	SetBgControlAttributes
0x080011E4	thumb	GetBgControlAttribute
0x08001298	thumb	LoadBgVram
0x08001320	thumb	ShowBgInternal
0x0800139C	thumb	HideBgInternal
0x080013D0	thumb	SyncBgVisibilityAndMode
0x080013F4	thumb	SetTextModeAndHideBgs
0x08001410	thumb	SetBgAffineInternal
0x080014DC	thumb	IsInvalidBg
0x080014F0	thumb	BgTileAllocOp
0x08001618	thumb	ResetBgsAndClearDma3BusyFlags
0x08001658	thumb	InitBgsFromTemplates
0x08001738	thumb	InitBgFromTemplate
0x080017D0	thumb	LoadBgTiles
0x08001888	thumb	LoadBgTilemap
0x080018D8	thumb	Unused_LoadBgPalette
0x08001960	thumb	IsDma3ManagerBusyWithBgCopy
0x080019BC	thumb	ShowBg
0x080019D0	thumb	HideBg
0x080019E4	thumb	SetBgAttribute
0x08001AA8	thumb	GetBgAttribute
0x08001B90	thumb	ChangeBgX
0x08001CCC	thumb	GetBgX
0x08001D08	thumb	ChangeBgY
0x08001E44	thumb	GetBgY
0x08001E80	thumb	SetBgAffine
0x08001EC0	thumb	AdjustBgMosaic
0x08001FA0	thumb	SetBgTilemapBuffer
0x08001FD4	thumb	UnsetBgTilemapBuffer
0x08002008	thumb	GetBgTilemapBuffer
0x08002040	thumb	CopyToBgTilemapBuffer
0x080020BC	thumb	CopyBgTilemapBufferToVram
0x08002124	thumb	CopyToBgTilemapBufferRect
0x08002228	thumb	CopyToBgTilemapBufferRect_ChangePalette
0x0800226C	thumb	CopyRectToBgTilemapBufferRect
0x08002454	thumb	FillBgTilemapBufferRect_Palette0
0x08002554	thumb	FillBgTilemapBufferRect
0x08002590	thumb	WriteSequenceToBgTilemapBuffer
0x0800273C	thumb	GetBgMetricTextMode
0x080027AC	thumb	GetBgMetricAffineMode
0x08002804	thumb	GetTileMapIndexFromCoords
0x0800283C	thumb	CopyTileMapEntry
0x08002898	thumb	GetBgType
0x080028EC	thumb	IsInvalidBg32
0x08002900	thumb	IsTileMapOutsideWram
0x0800292C	thumb	PutMemBlockHeader
0x08002948	thumb	PutFirstMemBlockHeader
0x0800295C	thumb	AllocInternal
0x08002A08	thumb	FreeInternal
0x08002AE8	thumb	AllocZeroedInternal
0x08002B28	thumb	CheckMemBlockInternal
0x08002B80	thumb	InitHeap
0x08002B9C	thumb	Alloc
0x08002BB0	thumb	AllocZeroed
0x08002BC4	thumb	Free
0x08002BD8	thumb	CheckMemBlock
0x08002BEC	thumb	CheckHeap
0x08002C1C	thumb	SetFontsPointer
0x08002C28	thumb	DeactivateAllTextPrinters
0x08002C48	thumb	AddTextPrinterParameterized
0x08002CF4	thumb	AddTextPrinter
0x08002DE8	thumb	RunTextPrinters
0x08002E64	thumb	IsTextPrinterActive
0x08002E7C	thumb	RenderFont
0x08002EA8	thumb	GenerateFontHalfRowLookupTable
0x08002F5C	thumb	SaveTextColors
0x08002F7C	thumb	RestoreTextColors
0x08002F8C	thumb	DecompressGlyphTile
0x08002FCC	thumb	GetLastTextColor
0x08003014	thumb	CopyGlyphToWindow
0x08003614	thumb	CopyGlyphToWindow_Parameterized
0x08003B1C	thumb	ClearTextSpan
0x08003B20	thumb	nullsub_8
0x08003B24	thumb	InitWindows
0x08003CE4	thumb	AddWindow
0x08003E3C	thumb	RemoveWindow
0x08003ECC	thumb	FreeAllWindowBuffers
0x08003F20	thumb	CopyWindowToVram
0x08003FA0	thumb	PutWindowTilemap
0x08004000	thumb	PutWindowRectTilemapOverridePalette
0x080040B8	thumb	ClearWindowTilemap
0x08004108	thumb	PutWindowRectTilemap
0x080041B8	thumb	BlitBitmapToWindow
0x080041F0	thumb	BlitBitmapRectToWindow
0x080042B0	thumb	BlitBitmapRectToWindowWithColorKey
0x08004378	thumb	FillWindowPixelRect
0x08004404	thumb	CopyToWindowPixelBuffer
0x0800445C	thumb	FillWindowPixelBuffer
0x080044A8	thumb	ScrollWindow
0x0800486C	thumb	CallWindowFunction
0x080048BC	thumb	SetWindowAttribute
0x08004950	thumb	GetWindowAttribute
0x08004A34	thumb	GetNumActiveWindowsOnBg
0x08004A60	thumb	BlitBitmapRect4BitWithoutColorKey
0x08004AA4	thumb	BlitBitmapRect4Bit
0x08004C84	thumb	FillBitmapRect4Bit
0x08004D40	thumb	BlitBitmapRect4BitTo8Bit
0x08004F90	thumb	FillBitmapRect8Bit
0x08005034	thumb	nullsub_9
0x08005038	thumb	AddWindow8Bit
0x08005140	thumb	FillWindowPixelBuffer8Bit
0x08005180	thumb	FillWindowPixelRect8Bit
0x0800520C	thumb	BlitBitmapRectToWindow4BitTo8Bit
0x080052D8	thumb	CopyWindowToVram8Bit
0x08005350	thumb	GetNumActiveWindowsOnBg8Bit
0x0800537C	thumb	FontFunc_Small
0x080053B0	thumb	FontFunc_NormalCopy1
0x080053E8	thumb	FontFunc_Normal
0x08005420	thumb	FontFunc_NormalCopy2
0x08005458	thumb	FontFunc_Male
0x08005490	thumb	FontFunc_Female
0x080054C8	thumb	TextPrinterInitDownArrowCounters
0x080054F8	thumb	TextPrinterDrawDownArrow
0x080055D4	thumb	TextPrinterClearDownArrow
0x08005608	thumb	TextPrinterWaitAutoMode
0x08005634	thumb	TextPrinterWaitWithDownArrow
0x08005680	thumb	TextPrinterWait
0x080056C4	thumb	DrawDownArrow
0x08005790	thumb	RenderText
0x08005D70	thumb	GetStringWidthFixedWidthFont
0x08005EA4	thumb	GetFontWidthFunc
0x08005ED4	thumb	GetStringWidth
0x08006124	thumb	RenderTextHandleBold
0x080062B0	thumb	SpriteCB_TextCursor
0x08006300	thumb	CreateTextCursorSprite
0x08006398	thumb	DestroyTextCursorSprite
0x080063C8	thumb	DrawKeypadIcon
0x08006418	thumb	GetKeypadIconTileOffset
0x08006428	thumb	GetKeypadIconWidth
0x08006438	thumb	GetKeypadIconHeight
0x08006448	thumb	DecompressGlyph_Small
0x080064D0	thumb	GetGlyphWidth_Small
0x080064F0	thumb	DecompressGlyph_NormalCopy1
0x08006598	thumb	GetGlyphWidth_NormalCopy1
0x080065B8	thumb	DecompressGlyph_Normal
0x080066F8	thumb	GetGlyphWidth_Normal
0x08006724	thumb	DecompressGlyph_NormalCopy2
0x080067CC	thumb	GetGlyphWidth_NormalCopy2
0x080067EC	thumb	DecompressGlyph_Male
0x0800692C	thumb	GetGlyphWidth_Male
0x08006958	thumb	DecompressGlyph_Female
0x08006A98	thumb	GetGlyphWidth_Female
0x08006AC4	thumb	DecompressGlyph_Bold
0x08006B10	thumb	ResetSpriteData
0x08006B5C	thumb	AnimateSprites
0x08006BA8	thumb	BuildOamBuffer
0x08006BF4	thumb	UpdateOamCoords
0x08006CB8	thumb	BuildSpritePriorities
0x08006CF8	thumb	SortSprites
0x08006EB8	thumb	CopyMatricesToOamBuffer
0x08006F04	thumb	AddSpritesToOamBuffer
0x08006F8C	thumb	CreateSprite
0x08006FE0	thumb	CreateSpriteAtEnd
0x0800704C	thumb	CreateInvisibleSprite
0x08007094	thumb	CreateSpriteAt
0x080071EC	thumb	CreateSpriteAndAnimate
0x08007280	thumb	DestroySprite
0x080072E8	thumb	ResetOamRange
0x08007320	thumb	LoadOam
0x08007350	thumb	ClearSpriteCopyRequests
0x08007390	thumb	ResetOamMatrices
0x080073BC	thumb	SetOamMatrix
0x080073DC	thumb	ResetSprite
0x080073F0	thumb	CalcCenterToCornerVec
0x08007434	thumb	AllocSpriteTiles
0x08007550	thumb	SpriteTileAllocBitmapOp
0x080075C0	thumb	FreeSpriteTilesIfNotUsingSheet
0x0800760C	thumb	SpriteCallbackDummy
0x08007610	thumb	ProcessSpriteCopyRequests
0x0800766C	thumb	RequestSpriteFrameImageCopy
0x080076D0	thumb	RequestSpriteCopy
0x08007720	thumb	CopyFromSprites
0x08007748	thumb	CopyToSprites
0x08007770	thumb	ResetAllSprites
0x080077AC	thumb	FreeSpriteTiles
0x080077C8	thumb	FreeSpritePalette
0x080077D8	thumb	FreeSpriteOamMatrix
0x08007804	thumb	DestroySpriteAndFreeResources
0x08007824	thumb	AnimateSprite
0x0800786C	thumb	BeginAnim
0x0800795C	thumb	ContinueAnim
0x080079FC	thumb	AnimCmd_frame
0x08007AA8	thumb	AnimCmd_end
0x08007AC0	thumb	AnimCmd_jump
0x08007B88	thumb	AnimCmd_loop
0x08007BA8	thumb	BeginAnimLoop
0x08007BE0	thumb	ContinueAnimLoop
0x08007C00	thumb	JumpToTopOfAnimLoop
0x08007C74	thumb	BeginAffineAnim
0x08007D08	thumb	ContinueAffineAnim
0x08007DBC	thumb	AffineAnimDelay
0x08007DF0	thumb	AffineAnimCmd_loop
0x08007E24	thumb	BeginAffineAnimLoop
0x08007E60	thumb	ContinueAffineAnimLoop
0x08007E90	thumb	JumpToTopOfAffineAnimLoop
0x08007EFC	thumb	AffineAnimCmd_jump
0x08007F48	thumb	AffineAnimCmd_end
0x08007F84	thumb	AffineAnimCmd_frame
0x08007FBC	thumb	CopyOamMatrix
0x08007FDC	thumb	GetSpriteMatrixNum
0x08007FFC	thumb	SetSpriteMatrixAnchor
0x0800800C	thumb	GetAnchorCoord
0x08008038	thumb	UpdateSpriteMatrixAnchorPos
0x080080D4	thumb	SetSpriteOamFlipBits
0x08008148	thumb	AffineAnimStateRestartAnim
0x08008164	thumb	AffineAnimStateStartAnim
0x0800818C	thumb	AffineAnimStateReset
0x080081B4	thumb	ApplyAffineAnimFrameAbsolute
0x080081D8	thumb	DecrementAnimDelayCounter
0x08008200	thumb	DecrementAffineAnimDelayCounter
0x08008230	thumb	ApplyAffineAnimFrameRelativeAndUpdateMatrix
0x080082C8	thumb	ConvertScaleParam
0x080082E0	thumb	GetAffineAnimFrame
0x0800834C	thumb	ApplyAffineAnimFrame
0x0800838C	thumb	StartSpriteAnim
0x080083A4	thumb	StartSpriteAnimIfDifferent
0x080083C0	thumb	SeekSpriteAnim
0x0800843C	thumb	StartSpriteAffineAnim
0x08008468	thumb	StartSpriteAffineAnimIfDifferent
0x0800849C	thumb	ChangeSpriteAffineAnim
0x080084D4	thumb	ChangeSpriteAffineAnimIfDifferent
0x08008508	thumb	SetSpriteSheetFrameTileNum
0x08008560	thumb	ResetAffineAnimData
0x08008594	thumb	AllocOamMatrix
0x080085CC	thumb	FreeOamMatrix
0x0800860C	thumb	InitSpriteAffineAnim
0x0800865C	thumb	SetOamMatrixRotationScaling
0x080086DC	thumb	LoadSpriteSheet
0x08008720	thumb	LoadSpriteSheets
0x0800874C	thumb	FreeSpriteTilesByTag
0x080087C4	thumb	FreeSpriteTileRanges
0x08008804	thumb	GetSpriteTileStartByTag
0x08008830	thumb	IndexOfSpriteTileTag
0x0800885C	thumb	GetSpriteTileTagByTileStart
0x080088A8	thumb	AllocSpriteTileRange
0x080088F0	thumb	FreeAllSpritePalettes
0x08008928	thumb	LoadSpritePalette
0x08008974	thumb	LoadSpritePalettes
0x080089A0	thumb	DoLoadSpritePalette
0x080089B8	thumb	AllocSpritePalette
0x080089E8	thumb	IndexOfSpritePaletteTag
0x08008A20	thumb	GetSpritePaletteTagByPaletteNum
0x08008A30	thumb	FreeSpritePaletteByTag
0x08008A58	thumb	SetSubspriteTables
0x08008A64	thumb	AddSpriteToOamBuffer
0x08008AD0	thumb	AddSubspritesToOamBuffer
0x08008CF4	thumb	StringCopy_Nickname
0x08008D28	thumb	StringGet_Nickname
0x08008D54	thumb	StringCopy_PlayerName
0x08008D84	thumb	StringCopy
0x08008DA4	thumb	StringAppend
0x08008DBC	thumb	StringCopyN
0x08008DEC	thumb	StringAppendN
0x08008E08	thumb	StringLength
0x08008E28	thumb	StringCompare
0x08008E4C	thumb	StringCompareN
0x08008E78	thumb	ConvertIntToDecimalStringN
0x08008F18	thumb	ConvertIntToHexStringN
0x08008FCC	thumb	StringExpandPlaceholders
0x080090B8	thumb	StringBraille
0x08009118	thumb	ExpandPlaceholder_UnknownStringVar
0x08009120	thumb	ExpandPlaceholder_PlayerName
0x0800912C	thumb	ExpandPlaceholder_StringVar1
0x08009134	thumb	ExpandPlaceholder_StringVar2
0x0800913C	thumb	ExpandPlaceholder_StringVar3
0x08009144	thumb	ExpandPlaceholder_KunChan
0x08009168	thumb	ExpandPlaceholder_RivalName
0x080091A8	thumb	ExpandPlaceholder_Version
0x080091B0	thumb	ExpandPlaceholder_Magma
0x080091B8	thumb	ExpandPlaceholder_Aqua
0x080091C0	thumb	ExpandPlaceholder_Maxie
0x080091C8	thumb	ExpandPlaceholder_Archie
0x080091D0	thumb	ExpandPlaceholder_Groudon
0x080091D8	thumb	ExpandPlaceholder_Kyogre
0x080091E0	thumb	GetExpandedPlaceholder
0x08009204	thumb	StringFill
0x08009230	thumb	StringCopyPadded
0x08009284	thumb	StringFillWithTerminator
0x08009294	thumb	StringCopyN_Multibyte
0x080092D4	thumb	StringLength_Multibyte
0x080092F4	thumb	WriteColorChangeControlCode
0x08009330	thumb	GetExtCtrlCodeLength
0x0800934C	thumb	SkipExtCtrlCode
0x08009370	thumb	StringCompareWithoutExtCtrlCodes
0x080093BC	thumb	ConvertInternationalString
0x08009424	thumb	StripExtCtrlCodes
0x08009480	thumb	IsWirelessAdapterConnected
0x080094D4	thumb	Task_DestroySelf
0x080094E4	thumb	InitLinkTestBG
0x080095BC	thumb	LoadLinkTestBgGfx
0x08009640	thumb	LinkTestScreen
0x080096F8	thumb	SetLocalLinkPlayerId
0x08009708	thumb	InitLocalLinkPlayer
0x0800978C	thumb	VBlankCB_LinkError
0x080097A0	thumb	InitLink
0x080097CC	thumb	Task_TriggerHandshake
0x08009804	thumb	OpenLink
0x080098B8	thumb	CloseLink
0x080098E8	thumb	TestBlockTransfer
0x080099D0	thumb	LinkTestProcessKeyInput
0x08009A8C	thumb	CB2_LinkTest
0x08009AB0	thumb	LinkMain2
0x08009B28	thumb	HandleReceiveRemoteLinkPlayer
0x08009B70	thumb	ProcessRecvCmds
0x08009E60	thumb	BuildSendCmd
0x08009FE8	thumb	StartSendingKeysToLink
0x0800A00C	thumb	IsSendingKeysToLink
0x0800A040	thumb	LinkCB_SendHeldKeys
0x0800A05C	thumb	ClearLinkCallback
0x0800A068	thumb	ClearLinkCallback_2
0x0800A088	thumb	GetLinkPlayerCount
0x0800A0B4	thumb	OpenLinkTimed
0x0800A0D0	thumb	GetLinkPlayerDataExchangeStatusTimed
0x0800A1F0	thumb	IsLinkPlayerDataExchangeComplete
0x0800A258	thumb	GetLinkPlayerTrainerId
0x0800A270	thumb	ResetLinkPlayers
0x0800A294	thumb	ResetBlockSend
0x0800A2A8	thumb	InitBlockSend
0x0800A318	thumb	LinkCB_BlockSendBegin
0x0800A33C	thumb	LinkCB_BlockSend
0x0800A3A0	thumb	LinkCB_BlockSendEnd
0x0800A3AC	thumb	LinkCB_BerryBlenderSendHeldKeys
0x0800A3CC	thumb	SetBerryBlenderLinkCallback
0x0800A3E8	thumb	GetBerryBlenderKeySendAttempts
0x0800A3F4	thumb	SendBerryBlenderNoSpaceForPokeblocks
0x0800A404	thumb	GetMultiplayerId
0x0800A42C	thumb	BitmaskAllOtherLinkPlayers
0x0800A448	thumb	SendBlock
0x0800A474	thumb	SendBlockRequest
0x0800A4BC	thumb	IsLinkTaskFinished
0x0800A4EC	thumb	GetBlockReceivedStatus
0x0800A524	thumb	SetBlockReceivedFlag
0x0800A550	thumb	ResetBlockReceivedFlags
0x0800A588	thumb	ResetBlockReceivedFlag
0x0800A5BC	thumb	CheckShouldAdvanceLinkState
0x0800A5E4	thumb	LinkTestCalcBlockChecksum
0x0800A614	thumb	LinkTest_PrintNumChar
0x0800A64C	thumb	LinkTest_PrintChar
0x0800A684	thumb	LinkTest_PrintHex
0x0800A6D8	thumb	LinkTest_PrintString
0x0800A720	thumb	LinkCB_RequestPlayerDataExchange
0x0800A74C	thumb	Task_PrintTestData
0x0800A890	thumb	SetLinkDebugValues
0x0800A8A4	thumb	GetSavedLinkPlayerCountAsBitFlags
0x0800A8D4	thumb	GetLinkPlayerCountAsBitFlags
0x0800A900	thumb	SaveLinkPlayers
0x0800A944	thumb	GetSavedPlayerCount
0x0800A950	thumb	GetSavedMultiplayerId
0x0800A95C	thumb	DoesLinkPlayerCountMatchSaved
0x0800A9A4	thumb	CheckLinkPlayersMatchSaved
0x0800AA24	thumb	ResetLinkPlayerCount
0x0800AA38	thumb	GetLinkPlayerCount_2
0x0800AA48	thumb	IsLinkMaster
0x0800AA74	thumb	GetDummy2
0x0800AA80	thumb	SetCloseLinkCallbackAndType
0x0800AAC0	thumb	SetCloseLinkCallback
0x0800AB0C	thumb	LinkCB_ReadyCloseLink
0x0800AB38	thumb	LinkCB_WaitCloseLink
0x0800AB9C	thumb	SetLinkStandbyCallback
0x0800ABD4	thumb	LinkCB_Standby
0x0800AC00	thumb	LinkCB_StandbyForAll
0x0800AC58	thumb	CheckErrorStatus
0x0800ACBC	thumb	SetLinkErrorFromRfu
0x0800ACD4	thumb	CB2_LinkError
0x0800AE1C	thumb	ErrorMsg_MoveCloserToPartner
0x0800AED0	thumb	ErrorMsg_CheckConnections
0x0800AF2C	thumb	CB2_PrintErrorMessage
0x0800B054	thumb	GetSioMultiSI
0x0800B064	thumb	IsSioMultiMaster
0x0800B08C	thumb	IsLinkConnectionEstablished
0x0800B09C	thumb	SetSuppressLinkErrorMessage
0x0800B0A8	thumb	HasLinkErrorOccurred
0x0800B0B4	thumb	LocalLinkPlayerToBlock
0x0800B110	thumb	LinkPlayerFromBlock
0x0800B178	thumb	HandleLinkConnection
0x0800B1F4	thumb	SetWirelessCommType1
0x0800B210	thumb	SetWirelessCommType0_Internal
0x0800B22C	thumb	SetWirelessCommType0
0x0800B248	thumb	GetLinkRecvQueueLength
0x0800B270	thumb	IsLinkRecvQueueAtOverworldMax
0x0800B284	thumb	ConvertLinkPlayerName
0x0800B29C	thumb	DisableSerial
0x0800B2F4	thumb	EnableSerial
0x0800B388	thumb	ResetSerial
0x0800B398	thumb	LinkMain1
0x0800B4C4	thumb	CheckMasterOrSlave
0x0800B4F0	thumb	InitTimer
0x0800B520	thumb	EnqueueSendCmd
0x0800B608	thumb	DequeueRecvCmds
0x0800B718	thumb	LinkVSync
0x0800B788	thumb	Timer3Intr
0x0800B798	thumb	SerialCB
0x0800B820	thumb	StartTransfer
0x0800B830	thumb	DoHandshake
0x0800B92C	thumb	DoRecv
0x0800BA44	thumb	DoSend
0x0800BAF8	thumb	StopTimer
0x0800BB2C	thumb	SendRecvDone
0x0800BB5C	thumb	ResetSendBuffer
0x0800BBB0	thumb	ResetRecvBuffer
0x0800BC20	thumb	MultiBootInit
0x0800BC5C	thumb	MultiBootMain
0x0800C04C	thumb	MultiBootSend
0x0800C098	thumb	MultiBootStartProbe
0x0800C0BC	thumb	MultiBootStartMaster
0x0800C180	thumb	MultiBootCheckComplete
0x0800C194	thumb	MultiBootHandShake
0x0800C280	thumb	MultiBootWaitCycles
0x0800C298	thumb	MultiBootWaitSendDone
0x0800C2D4	thumb	CB2_MainMenu
0x0800C2EC	thumb	VBlankCB_MainMenu
0x0800C300	thumb	CB2_InitMainMenu
0x0800C30C	thumb	CB2_InitMainMenu_2
0x0800C318	thumb	MainMenuGpuInit
0x0800C4D0	thumb	Task_SetWin0BldRegsAndCheckSaveFile
0x0800C634	thumb	PrintSaveErrorStatus
0x0800C688	thumb	Task_SaveErrorStatus_RunPrinterThenWaitButton
0x0800C704	thumb	Task_SetWin0BldRegsNoSaveFileCheck
0x0800C780	thumb	Task_WaitFadeAndPrintMainMenuText
0x0800C7A0	thumb	Task_PrintMainMenuText
0x0800C9CC	thumb	Task_WaitDma3AndFadeIn
0x0800CA28	thumb	Task_UpdateVisualSelection
0x0800CA54	thumb	Task_HandleMenuInput
0x0800CA94	thumb	Task_ExecuteMainMenuSelection
0x0800CB90	thumb	Task_MysteryGiftError
0x0800CC68	thumb	Task_ReturnToTileScreen
0x0800CC94	thumb	MoveWindowByMenuTypeAndCursorPos
0x0800CCF8	thumb	HandleMenuInput
0x0800CDF8	thumb	PrintMessageOnWindow4
0x0800CE58	thumb	PrintContinueStats
0x0800CE70	thumb	PrintPlayerName
0x0800CED4	thumb	PrintPlayTime
0x0800CF3C	thumb	PrintDexCount
0x0800CFC4	thumb	PrintBadgeCount
0x0800D044	thumb	LoadUserFrameToBg
0x0800D094	thumb	SetStdFrame0OnBg
0x0800D0B4	thumb	MainMenu_DrawWindow
0x0800D1E8	thumb	MainMenu_EraseWindow
0x0800D230	thumb	HandleLinkBattleSetup
0x0800D278	thumb	SetUpBattleVars
0x0800D30C	thumb	InitBattleControllers
0x0800D364	thumb	InitSinglePlayerBtlControllers
0x0800D494	thumb	InitLinkBtlControllers
0x0800D768	thumb	SetBattlePartyIds
0x0800D8B0	thumb	PrepareBufferDataTransfer
0x0800D93C	thumb	CreateTasksForSendRecvLinkBuffers
0x0800D9EC	thumb	PrepareBufferDataTransferLink
0x0800DB6C	thumb	Task_HandleSendLinkBuffersData
0x0800DD28	thumb	TryReceiveLinkBattleData
0x0800DE4C	thumb	Task_HandleCopyReceivedLinkBuffersData
0x0800DFA4	thumb	BtlController_EmitGetMonData
0x0800DFC8	thumb	BtlController_EmitGetRawMonData
0x0800DFF0	thumb	BtlController_EmitSetMonData
0x0800E030	thumb	BtlController_EmitSetRawMonData
0x0800E070	thumb	BtlController_EmitLoadMonSprite
0x0800E090	thumb	BtlController_EmitSwitchInAnim
0x0800E0B4	thumb	BtlController_EmitReturnMonToBall
0x0800E0D4	thumb	BtlController_EmitDrawTrainerPic
0x0800E0F4	thumb	BtlController_EmitTrainerSlide
0x0800E114	thumb	BtlController_EmitTrainerSlideBack
0x0800E134	thumb	BtlController_EmitFaintAnimation
0x0800E154	thumb	BtlController_EmitPaletteFade
0x0800E174	thumb	BtlController_EmitSuccessBallThrowAnim
0x0800E194	thumb	BtlController_EmitBallThrowAnim
0x0800E1B4	thumb	BtlController_EmitPause
0x0800E1FC	thumb	BtlController_EmitMoveAnimation
0x0800E2D4	thumb	BtlController_EmitPrintString
0x0800E3EC	thumb	BtlController_EmitPrintSelectionString
0x0800E4D4	thumb	BtlController_EmitChooseAction
0x0800E500	thumb	BtlController_EmitUnknownYesNoBox
0x0800E520	thumb	BtlController_EmitChooseMove
0x0800E55C	thumb	BtlController_EmitChooseItem
0x0800E590	thumb	BtlController_EmitChoosePokemon
0x0800E5CC	thumb	BtlController_EmitCmd23
0x0800E5EC	thumb	BtlController_EmitHealthBarUpdate
0x0800E624	thumb	BtlController_EmitExpUpdate
0x0800E658	thumb	BtlController_EmitStatusIconUpdate
0x0800E6AC	thumb	BtlController_EmitStatusAnimation
0x0800E6E8	thumb	BtlController_EmitStatusXor
0x0800E708	thumb	BtlController_EmitDataTransfer
0x0800E750	thumb	BtlController_EmitDMA3Transfer
0x0800E7B8	thumb	BtlController_EmitPlayBGM
0x0800E800	thumb	BtlController_EmitCmd32
0x0800E848	thumb	BtlController_EmitTwoReturnValues
0x0800E874	thumb	BtlController_EmitChosenMonReturnValue
0x0800E8AC	thumb	BtlController_EmitOneReturnValue
0x0800E8D8	thumb	BtlController_EmitOneReturnValue_Duplicate
0x0800E904	thumb	BtlController_EmitClearUnkVar
0x0800E924	thumb	BtlController_EmitSetUnkVar
0x0800E944	thumb	BtlController_EmitClearUnkFlag
0x0800E964	thumb	BtlController_EmitToggleUnkFlag
0x0800E984	thumb	BtlController_EmitHitAnimation
0x0800E9A4	thumb	BtlController_EmitCantSwitch
0x0800E9C4	thumb	BtlController_EmitPlaySE
0x0800E9F0	thumb	BtlController_EmitPlayFanfare
0x0800EA1C	thumb	BtlController_EmitFaintingCry
0x0800EA3C	thumb	BtlController_EmitIntroSlide
0x0800EA5C	thumb	BtlController_EmitIntroTrainerBallThrow
0x0800EA7C	thumb	BtlController_EmitDrawPartyStatusSummary
0x0800EAC4	thumb	BtlController_EmitHidePartyStatusSummary
0x0800EAE4	thumb	BtlController_EmitEndBounceEffect
0x0800EB04	thumb	BtlController_EmitSpriteInvisibility
0x0800EB28	thumb	BtlController_EmitBattleAnimation
0x0800EB54	thumb	BtlController_EmitLinkStandbyMsg
0x0800EB74	thumb	BtlController_EmitResetActionMoveSelection
0x0800EB94	thumb	BtlController_EmitEndLinkBattle
0x0800EBB4	thumb	LZDecompressWram
0x0800EBC0	thumb	LZDecompressVram
0x0800EBCC	thumb	LoadCompressedSpriteSheet
0x0800EC00	thumb	LoadCompressedSpriteSheetOverrideBuffer
0x0800EC28	thumb	LoadCompressedSpritePalette
0x0800EC5C	thumb	LoadCompressedSpritePaletteOverrideBuffer
0x0800EC8C	thumb	DecompressPicFromTable
0x0800ECC4	thumb	HandleLoadSpecialPokePic
0x0800ECF0	thumb	LoadSpecialPokePic
0x0800EDAC	thumb	DuplicateDeoxysTiles
0x0800EDD0	thumb	Unused_LZDecompressWramIndirect
0x0800EDDC	thumb	StitchObjectsOn8x8Canvas
0x0800F034	thumb	LoadCompressedSpriteSheetUsingHeap
0x0800F078	thumb	LoadCompressedSpritePaletteUsingHeap
0x0800F0C4	thumb	GetDecompressedDataSize
0x0800F0E0	thumb	DecompressPicFromTable_DontHandleDeoxys
0x0800F108	thumb	HandleLoadSpecialPokePic_DontHandleDeoxys
0x0800F134	thumb	LoadSpecialPokePic_DontHandleDeoxys
0x0800F1E8	thumb	CreateUnknownDebugSprite
0x0800F228	thumb	CB2_unused
0x0800F238	thumb	GetBattleTerrainByMapScene
0x0800F260	thumb	LoadBattleTerrainGfx
0x0800F2AC	thumb	LoadBattleTerrainEntryGfx
0x0800F2EC	thumb	GetBattleTerrainGfxPtrs
0x0800F324	thumb	BattleInitBgsAndWindows
0x0800F34C	thumb	InitBattleBgsVideo
0x0800F380	thumb	LoadBattleMenuWindowGfx
0x0800F40C	thumb	DrawMainBattleBackground
0x0800F420	thumb	LoadBattleTextboxAndBackground
0x0800F460	thumb	DrawLinkBattleParticipantPokeballs
0x0800F5CC	thumb	DrawLinkBattleVsScreenOutcomeText
0x0800F6FC	thumb	InitLinkBattleVsScreen
0x0800FAE0	thumb	DrawBattleEntryBackground
0x0800FC2C	thumb	GetBattleTerrainOverride
0x0800FCB4	thumb	LoadChosenBattleElement
0x0800FD9C	thumb	CB2_InitBattle
0x0800FE24	thumb	CB2_InitBattleInternal
0x0800FFEC	thumb	BufferPartyVsScreenHealth_AtStart
0x080100B8	thumb	SetPlayerBerryDataInBattleStruct
0x0801017C	thumb	SetAllPlayersBerryData
0x08010414	thumb	LinkBattleComputeBattleTypeFlags
0x08010508	thumb	CB2_HandleStartBattle
0x080108C4	thumb	PrepareOwnMultiPartnerBuffer
0x080109C8	thumb	CB2_PreInitMultiBattle
0x08010BA0	thumb	CB2_HandleStartMultiBattle
0x08011100	thumb	BattleMainCB2
0x08011174	thumb	FreeRestoreBattleData
0x080111BC	thumb	CB2_QuitPokedudeBattle
0x080111EC	thumb	SpriteCB_UnusedDebugSprite
0x080111FC	thumb	SpriteCB_UnusedDebugSprite_Step
0x080112E0	thumb	CreateNPCTrainerParty
0x080116CC	thumb	HBlankCB_Battle
0x080116F4	thumb	VBlankCB_Battle
0x080117B8	thumb	SpriteCB_VsLetterDummy
0x080117BC	thumb	SpriteCB_VsLetter
0x0801182C	thumb	SpriteCB_VsLetterInit
0x0801184C	thumb	BufferPartyVsScreenHealth_AtEnd
0x08011A1C	thumb	CB2_InitEndLinkBattle
0x08011B94	thumb	CB2_EndLinkBattle
0x08011BB0	thumb	EndLinkBattleInSteps
0x08011C44	thumb	GetBattleBgTemplateData
0x08011D0C	thumb	TryCorrectShedinjaLanguage
0x08011D64	thumb	SpriteCB_EnemyMon
0x08011D94	thumb	SpriteCB_MoveWildMonToRight
0x08011DC8	thumb	SpriteCB_WildMonShowHealthbox
0x08011E24	thumb	SpriteCallbackDummy_2
0x08011E28	thumb	SpriteCB_InitFlicker
0x08011E3C	thumb	SpriteCB_Flicker
0x08011EA0	thumb	SpriteCB_FaintOpponentMon
0x08011FB4	thumb	SpriteCB_AnimFaintOpponent
0x08012044	thumb	SpriteCB_ShowAsMoveTarget
0x08012060	thumb	SpriteCB_BlinkVisible
0x08012098	thumb	SpriteCB_HideAsMoveTarget
0x080120C4	thumb	SpriteCB_AllyMon
0x080120D0	thumb	oac_poke_ally_
0x08012100	thumb	SetIdleSpriteCallback
0x0801210C	thumb	SpriteCB_Idle
0x08012110	thumb	SpriteCB_FaintSlideAnim
0x08012138	thumb	DoBounceEffect
0x08012258	thumb	EndBounceEffect
0x08012308	thumb	SpriteCB_BounceEffect
0x08012354	thumb	SpriteCB_PlayerThrowInit
0x0801236C	thumb	UpdatePlayerPosInThrowAnim
0x08012398	thumb	SpriteCB_PlayerThrowUpdate
0x080123BC	thumb	BeginBattleIntroDummy
0x080123C0	thumb	BeginBattleIntro
0x080123E4	thumb	BattleMainCB1
0x08012434	thumb	BattleStartClearSetData
0x08012760	thumb	SwitchInClearSetData
0x08012BC8	thumb	FaintClearSetData
0x08012FAC	thumb	BattleIntroGetMonsData
0x08013020	thumb	BattleIntroPrepareBackgroundSlide
0x08013070	thumb	BattleIntroDrawTrainersOrMonsSprites
0x0801333C	thumb	BattleIntroDrawPartySummaryScreens
0x080134DC	thumb	BattleIntroPrintTrainerWantsToBattle
0x08013514	thumb	BattleIntroPrintWildMonAttacked
0x08013568	thumb	BattleIntroPrintOpponentSendsOut
0x0801359C	thumb	BattleIntroOpponentSendsOutMonAnimation
0x0801362C	thumb	BattleIntroRecordMonsToDex
0x080136C4	thumb	Unused_AutoProgressToIntro
0x080136E4	thumb	BattleIntroPrintPlayerSendsOut
0x08013728	thumb	BattleIntroPlayerSendsOutMonAnimation
0x080137D0	thumb	BattleIntroSwitchInPlayerMons
0x0801385C	thumb	TryDoEventsBeforeFirstTurn
0x08013B1C	thumb	HandleEndTurn_ContinueBattle
0x08013BD4	thumb	BattleTurnPassed
0x08013D54	thumb	IsRunningFromBattleImpossible
0x08013F6C	thumb	UpdatePartyOwnerOnSwitch_NonMulti
0x08014040	thumb	HandleTurnActionSelectionState
0x08014CA4	thumb	SwapTurnOrder
0x08014CD8	thumb	GetWhoStrikesFirst
0x080150A8	thumb	SetActionsAndBattlersTurnOrder
0x08015330	thumb	TurnValuesCleanUp
0x08015450	thumb	SpecialStatusesClear
0x080154A0	thumb	CheckFocusPunch_ClearVarsBeforeTurnStarts
0x080155C8	thumb	RunTurnActionsFunctions
0x08015670	thumb	HandleEndTurn_BattleWon
0x0801578C	thumb	HandleEndTurn_BattleLost
0x08015850	thumb	HandleEndTurn_RanFromBattle
0x080158BC	thumb	HandleEndTurn_MonFled
0x08015910	thumb	HandleEndTurn_FinishBattle
0x08015A30	thumb	FreeResetData_ReturnToOvOrDoEvolutions
0x08015AA0	thumb	TryEvolvePokemon
0x08015B30	thumb	WaitForEvoSceneToFinish
0x08015B58	thumb	ReturnFromBattleToOverworld
0x08015C00	thumb	RunBattleScriptCommands_PopCallbacksStack
0x08015C74	thumb	RunBattleScriptCommands
0x08015CA0	thumb	HandleAction_UseMove
0x08016374	thumb	HandleAction_Switch
0x08016418	thumb	HandleAction_UseItem
0x08016748	thumb	TryRunFromBattle
0x080168A4	thumb	HandleAction_Run
0x080169E8	thumb	HandleAction_WatchesCarefully
0x08016AC0	thumb	HandleAction_SafariZoneBallThrow
0x08016B20	thumb	HandleAction_ThrowBait
0x08016BC0	thumb	HandleAction_ThrowRock
0x08016C60	thumb	HandleAction_SafariZoneRun
0x08016C9C	thumb	HandleAction_OldManBallThrow
0x08016D14	thumb	HandleAction_TryFinish
0x08016D3C	thumb	HandleAction_NothingIsFainted
0x08016D70	thumb	HandleAction_ActionFinished
0x08016E24	thumb	GetBattlerForBattleScript
0x08016EC8	thumb	PressurePPLose
0x08016F90	thumb	PressurePPLoseOnUsingImprison
0x080170C4	thumb	PressurePPLoseOnUsingPerishSong
0x080171D8	thumb	MarkAllBattlersForControllerExec
0x08017248	thumb	MarkBattlerForControllerExec
0x08017298	thumb	MarkBattlerReceivedLinkData
0x080172E8	thumb	CancelMultiTurnMoves
0x08017354	thumb	WasUnableToUseMove
0x080173AC	thumb	PrepareStringBattle
0x080173D0	thumb	ResetSentPokesToOpponentValue
0x08017434	thumb	OpponentSwitchInResetSentPokesToOpponentValue
0x080174B8	thumb	UpdateSentPokesToOpponentValue
0x08017520	thumb	BattleScriptPush
0x08017544	thumb	BattleScriptPushCursor
0x0801756C	thumb	BattleScriptPop
0x08017594	thumb	TrySetCantSelectMoveBattleScript
0x0801779C	thumb	CheckMoveLimitations
0x08017998	thumb	AreAllMovesUnusable
0x08017A64	thumb	GetImprisonedMovesCount
0x08017B04	thumb	DoFieldEndTurnEffects
0x08018258	thumb	DoBattlerEndTurnEffects
0x08018C98	thumb	HandleWishPerishSongOnTurnEnd
0x08018F90	thumb	HandleFaintedMonActions
0x08019284	thumb	TryClearRageStatuses
0x080192D4	thumb	AtkCanceller_UnableToUseMove
0x08019C10	thumb	HasNoMonsToSwitch
0x08019DAC	thumb	CastformDataTypeChange
0x08019F18	thumb	AbilityBattleEffects
0x0801BBE4	thumb	BattleScriptExecute
0x0801BC24	thumb	BattleScriptPushCursorAndCallback
0x0801BC68	thumb	ItemBattleEffects
0x0801CFE4	thumb	ClearFuryCutterDestinyBondGrudge
0x0801D030	thumb	HandleAction_RunBattleScript
0x0801D05C	thumb	GetMoveTarget
0x0801D3C0	thumb	IsBattlerModernFatefulEncounter
0x0801D438	thumb	IsMonDisobedient
0x0801D760	thumb	Cmd_attackcanceler
0x0801DB10	thumb	JumpIfMoveFailed
0x0801DBA0	thumb	Cmd_jumpifaffectedbyprotect
0x0801DC10	thumb	JumpIfMoveAffectedByProtect
0x0801DC7C	thumb	AccuracyCalcHelper
0x0801DDC4	thumb	Cmd_accuracycheck
0x0801E1D8	thumb	Cmd_attackstring
0x0801E22C	thumb	Cmd_ppreduce
0x0801E408	thumb	Cmd_critcalc
0x0801E59C	thumb	Cmd_damagecalc
0x0801E68C	thumb	AI_CalcDmg
0x0801E770	thumb	ModulateDmgByType
0x0801E848	thumb	Cmd_typecalc
0x0801EAB8	thumb	CheckWonderGuardAndLevitate
0x0801ED3C	thumb	ModulateDmgByType2
0x0801EDF4	thumb	TypeCalc
0x0801EFCC	thumb	AI_TypeCalc
0x0801F0C8	thumb	Unused_ApplyRandomDmgMultiplier
0x0801F104	thumb	Cmd_adjustnormaldamage
0x0801F2B4	thumb	Cmd_adjustnormaldamage2
0x0801F440	thumb	Cmd_attackanimation
0x0801F588	thumb	Cmd_waitanimation
0x0801F5A8	thumb	Cmd_healthbarupdate
0x0801F684	thumb	Cmd_datahpupdate
0x0801FA7C	thumb	Cmd_critmessage
0x0801FAD0	thumb	Cmd_effectivenesssound
0x0801FBA0	thumb	Cmd_resultmessage
0x0801FD50	thumb	Cmd_printstring
0x0801FD90	thumb	Cmd_printselectionstring
0x0801FDD4	thumb	Cmd_waitmessage
0x0801FE30	thumb	Cmd_printfromtable
0x0801FE84	thumb	Cmd_printselectionstringfromtable
0x0801FEE8	thumb	GetBattlerTurnOrderNum
0x0801FF20	thumb	SetMoveEffect
0x08021124	thumb	Cmd_seteffectwithchance
0x08021210	thumb	Cmd_seteffectprimary
0x08021220	thumb	Cmd_seteffectsecondary
0x08021230	thumb	Cmd_clearstatusfromeffect
0x080212AC	thumb	Cmd_tryfaintmon
0x080215A0	thumb	Cmd_dofaintanimation
0x080215DC	thumb	Cmd_cleareffectsonfaint
0x08021640	thumb	Cmd_jumpifstatus
0x080216B8	thumb	Cmd_jumpifstatus2
0x08021730	thumb	Cmd_jumpifability
0x08021818	thumb	Cmd_jumpifsideaffecting
0x08021890	thumb	Cmd_jumpifstat
0x08021988	thumb	Cmd_jumpifstatus3condition
0x08021A0C	thumb	Cmd_jumpiftype
0x08021A68	thumb	Cmd_getexp
0x080223F8	thumb	Cmd_checkteamslost
0x08022598	thumb	MoveValuesCleanUp
0x080225D8	thumb	Cmd_movevaluescleanup
0x080225F0	thumb	Cmd_setmultihit
0x08022608	thumb	Cmd_decrementmultihit
0x08022650	thumb	Cmd_goto
0x08022670	thumb	Cmd_jumpifbyte
0x08022710	thumb	Cmd_jumpifhalfword
0x080227B8	thumb	Cmd_jumpifword
0x0802286C	thumb	Cmd_jumpifarrayequal
0x080228F4	thumb	Cmd_jumpifarraynotequal
0x08022978	thumb	Cmd_setbyte
0x080229A0	thumb	Cmd_addbyte
0x080229CC	thumb	Cmd_subbyte
0x080229F8	thumb	Cmd_copyarray
0x08022A4C	thumb	Cmd_copyarraywithindex
0x08022AB8	thumb	Cmd_orbyte
0x08022AE4	thumb	Cmd_orhalfword
0x08022B1C	thumb	Cmd_orword
0x08022B60	thumb	Cmd_bicbyte
0x08022B8C	thumb	Cmd_bichalfword
0x08022BC4	thumb	Cmd_bicword
0x08022C08	thumb	Cmd_pause
0x08022C48	thumb	Cmd_waitstate
0x08022C68	thumb	Cmd_healthbar_update
0x08022CC0	thumb	Cmd_return
0x08022CCC	thumb	Cmd_end
0x08022CEC	thumb	Cmd_end2
0x08022D04	thumb	Cmd_end3
0x08022D40	thumb	Cmd_call
0x08022D70	thumb	Cmd_jumpiftype2
0x08022DCC	thumb	Cmd_jumpifabilitypresent
0x08022E18	thumb	Cmd_endselectionscript
0x08022E34	thumb	Cmd_playanimation
0x08022EF4	thumb	Cmd_playanimation_var
0x08022FC0	thumb	Cmd_setgraphicalstatchangevalues
0x0802301C	thumb	Cmd_playstatchangeanimation
0x08023210	thumb	Cmd_moveend
0x08023C38	thumb	Cmd_typecalc2
0x08023E88	thumb	Cmd_returnatktoball
0x08023ED8	thumb	Cmd_getswitchedmondata
0x08023F48	thumb	Cmd_switchindataupdate
0x080240D4	thumb	Cmd_switchinanim
0x0802418C	thumb	Cmd_jumpifcantswitch
0x08024398	thumb	ChooseMonToSendOut
0x080243EC	thumb	Cmd_openpartyscreen
0x08024C48	thumb	Cmd_switchhandleorder
0x08024E38	thumb	Cmd_switchineffects
0x080250DC	thumb	Cmd_trainerslidein
0x0802511C	thumb	Cmd_playse
0x08025158	thumb	Cmd_fanfare
0x08025194	thumb	Cmd_playfaintcry
0x080251C4	thumb	Cmd_endlinkbattle
0x080251FC	thumb	Cmd_returntoball
0x08025230	thumb	Cmd_handlelearnnewmove
0x0802537C	thumb	Cmd_yesnoboxlearnmove
0x080256E0	thumb	Cmd_yesnoboxstoplearningmove
0x0802581C	thumb	Cmd_hitanimation
0x080258AC	thumb	Cmd_getmoneyreward
0x08025A70	thumb	Cmd_updatebattlermoves
0x08025B24	thumb	Cmd_swapattackerwithtarget
0x08025B74	thumb	Cmd_incrementgamestat
0x08025BA4	thumb	Cmd_drawpartystatussummary
0x08025C6C	thumb	Cmd_hidepartystatussummary
0x08025C9C	thumb	Cmd_jumptocalledmove
0x08025D00	thumb	Cmd_statusanimation
0x08025D90	thumb	Cmd_status2animation
0x08025E38	thumb	Cmd_chosenstatusanimation
0x08025ECC	thumb	Cmd_yesnobox
0x08025FA8	thumb	Cmd_cancelallactions
0x08025FE0	thumb	Cmd_adjustsetdamage
0x0802615C	thumb	Cmd_removeitem
0x080261CC	thumb	Cmd_atknameinbuff1
0x08026208	thumb	Cmd_drawlvlupbox
0x08026404	thumb	DrawLevelUpWindow1
0x08026448	thumb	DrawLevelUpWindow2
0x08026480	thumb	InitLevelUpBanner
0x080264D0	thumb	SlideInLevelUpBanner
0x08026524	thumb	DrawLevelUpBannerText
0x08026648	thumb	SlideOutLevelUpBanner
0x08026688	thumb	PutMonIconOnLvlUpBanner
0x08026754	thumb	SpriteCB_MonIconOnLvlUpBanner
0x0802679C	thumb	IsMonGettingExpSentOut
0x080267D8	thumb	Cmd_resetsentmonsvalue
0x080267F0	thumb	Cmd_setatktoplayer0
0x08026810	thumb	Cmd_makevisible
0x08026844	thumb	Cmd_recordlastability
0x08026878	thumb	BufferMoveToLearnIntoBattleTextBuff2
0x080268A0	thumb	Cmd_buffermovetolearn
0x080268B8	thumb	Cmd_jumpifplayerran
0x080268FC	thumb	Cmd_hpthresholds
0x080269A8	thumb	Cmd_hpthresholds2
0x08026A58	thumb	Cmd_useitemonopponent
0x08026AB0	thumb	Cmd_various
0x08026F68	thumb	Cmd_setprotectlike
0x080270A4	thumb	Cmd_tryexplosion
0x080271C0	thumb	Cmd_setatkhptozero
0x08027220	thumb	Cmd_jumpifnexttargetvalid
0x080272C4	thumb	Cmd_tryhealhalfhealth
0x08027340	thumb	Cmd_trymirrormove
0x080274A8	thumb	Cmd_setrain
0x080274FC	thumb	Cmd_setreflect
0x080275C8	thumb	Cmd_setseeded
0x08027688	thumb	Cmd_manipulatedamage
0x08027708	thumb	Cmd_trysetrest
0x080277D8	thumb	Cmd_jumpifnotfirstturn
0x08027820	thumb	Cmd_nop
0x08027830	thumb	UproarWakeUpCheck
0x080278CC	thumb	Cmd_jumpifcantmakeasleep
0x08027948	thumb	Cmd_stockpile
0x080279C4	thumb	Cmd_stockpiletobasedamage
0x08027AE4	thumb	Cmd_stockpiletohpheal
0x08027BC8	thumb	Cmd_negativedamage
0x08027BFC	thumb	ChangeStatBuffs
0x08028080	thumb	Cmd_statbuffchange
0x080280CC	thumb	Cmd_normalisebuffs
0x08028120	thumb	Cmd_setbide
0x08028190	thumb	Cmd_confuseifrepeatingattackends
0x080281D0	thumb	Cmd_setmultihitcounter
0x0802821C	thumb	Cmd_initmultihitstring
0x08028244	thumb	TryDoForceSwitchOut
0x0802830C	thumb	Cmd_forcerandomswitch
0x08028604	thumb	Cmd_tryconversiontypechange
0x080287A8	thumb	Cmd_givepaydaymoney
0x0802883C	thumb	Cmd_setlightscreen
0x08028908	thumb	Cmd_tryKO
0x08028C5C	thumb	Cmd_damagetohalftargethp
0x08028C98	thumb	Cmd_setsandstorm
0x08028CF0	thumb	Cmd_weatherdamage
0x08028E90	thumb	Cmd_tryinfatuating
0x08029048	thumb	Cmd_updatestatusicon
0x080291D0	thumb	Cmd_setmist
0x08029278	thumb	Cmd_setfocusenergy
0x080292D4	thumb	Cmd_transformdataexecution
0x08029474	thumb	Cmd_setsubstitute
0x08029530	thumb	IsMoveUncopyableByMimic
0x08029578	thumb	Cmd_mimicattackcopy
0x08029754	thumb	Cmd_metronome
0x080297FC	thumb	Cmd_dmgtolevel
0x0802982C	thumb	Cmd_psywavedamageeffect
0x08029880	thumb	Cmd_counterdamagecalculator
0x08029978	thumb	Cmd_mirrorcoatdamagecalculator
0x08029A70	thumb	Cmd_disablelastusedattack
0x08029BB4	thumb	Cmd_trysetencore
0x08029CE8	thumb	Cmd_painsplitdmgcalc
0x08029DAC	thumb	Cmd_settypetorandomresistance
0x08029FAC	thumb	Cmd_setalwayshitflag
0x0802A004	thumb	Cmd_copymovepermanently
0x0802A1C0	thumb	IsTwoTurnsMove
0x0802A1FC	thumb	IsInvalidForSleepTalkOrAssist
0x0802A224	thumb	AttacksThisTurn
0x0802A290	thumb	Cmd_trychoosesleeptalkmove
0x0802A3C8	thumb	Cmd_setdestinybond
0x0802A3F8	thumb	TrySetDestinyBondToHappen
0x0802A458	thumb	Cmd_trysetdestinybondtohappen
0x0802A470	thumb	Cmd_remaininghptopower
0x0802A4D8	thumb	Cmd_tryspiteppreduce
0x0802A6B0	thumb	Cmd_healpartystatus
0x0802A994	thumb	Cmd_cursetarget
0x0802AA18	thumb	Cmd_trysetspikes
0x0802AAA4	thumb	Cmd_setforesight
0x0802AAD4	thumb	Cmd_trysetperishsong
0x0802AB8C	thumb	Cmd_rolloutdamagecalculation
0x0802AD08	thumb	Cmd_jumpifconfusedandstatmaxed
0x0802AD70	thumb	Cmd_furycuttercalc
0x0802AE24	thumb	Cmd_friendshiptodamagecalculation
0x0802AEA8	thumb	Cmd_presentdamagecalculation
0x0802AF74	thumb	Cmd_setsafeguard
0x0802B01C	thumb	Cmd_magnitudedamagecalculation
0x0802B140	thumb	Cmd_jumpifnopursuitswitchdmg
0x0802B2D4	thumb	Cmd_setsunny
0x0802B32C	thumb	Cmd_maxattackhalvehp
0x0802B3AC	thumb	Cmd_copyfoestats
0x0802B3F4	thumb	Cmd_rapidspinfree
0x0802B540	thumb	Cmd_setdefensecurlbit
0x0802B570	thumb	Cmd_recoverbasedonsunlight
0x0802B678	thumb	Cmd_hiddenpowercalc
0x0802B774	thumb	Cmd_selectfirstvalidtarget
0x0802B7E8	thumb	Cmd_trysetfutureattack
0x0802B910	thumb	Cmd_trydobeatup
0x0802BB20	thumb	Cmd_setsemiinvulnerablebit
0x0802BBA4	thumb	Cmd_clearsemiinvulnerablebit
0x0802BC34	thumb	Cmd_setminimize
0x0802BC74	thumb	Cmd_sethail
0x0802BCCC	thumb	Cmd_trymemento
0x0802BD68	thumb	Cmd_setforcedtarget
0x0802BDB4	thumb	Cmd_setcharge
0x0802BE18	thumb	Cmd_callterrainattack
0x0802BE8C	thumb	Cmd_cureifburnedparalysedorpoisoned
0x0802BF10	thumb	Cmd_settorment
0x0802BF68	thumb	Cmd_jumpifnodamage
0x0802BFC4	thumb	Cmd_settaunt
0x0802C038	thumb	Cmd_trysethelpinghand
0x0802C0E0	thumb	Cmd_tryswapitems
0x0802C390	thumb	Cmd_trycopyability
0x0802C408	thumb	Cmd_trywish
0x0802C4DC	thumb	Cmd_trysetroots
0x0802C534	thumb	Cmd_doubledamagedealtifdamaged
0x0802C594	thumb	Cmd_setyawn
0x0802C604	thumb	Cmd_setdamagetohealthdifference
0x0802C670	thumb	Cmd_scaledamagebyhealthratio
0x0802C6D4	thumb	Cmd_tryswapabilities
0x0802C76C	thumb	Cmd_tryimprison
0x0802C874	thumb	Cmd_trysetgrudge
0x0802C8CC	thumb	Cmd_weightdamagecalculation
0x0802C964	thumb	Cmd_assistattackselect
0x0802CAE4	thumb	Cmd_trysetmagiccoat
0x0802CB68	thumb	Cmd_trysetsnatch
0x0802CBE4	thumb	Cmd_trygetintimidatetarget
0x0802CCC0	thumb	Cmd_switchoutabilities
0x0802CD3C	thumb	Cmd_jumpifhasnohp
0x0802CD90	thumb	Cmd_getsecretpowereffect
0x0802CE48	thumb	Cmd_pickup
0x0802CF30	thumb	Cmd_docastformchangeanimation
0x0802CF98	thumb	Cmd_trycastformdatachange
0x0802CFD8	thumb	Cmd_settypebasedhalvers
0x0802D090	thumb	Cmd_setweatherballtype
0x0802D148	thumb	Cmd_tryrecycleitem
0x0802D1F0	thumb	Cmd_settypetoterrain
0x0802D2A0	thumb	Cmd_pursuitdoubles
0x0802D364	thumb	Cmd_snatchsetbattlers
0x0802D3B8	thumb	Cmd_removelightscreenreflect
0x0802D434	thumb	Cmd_handleballthrow
0x0802D800	thumb	Cmd_givecaughtmon
0x0802D95C	thumb	Cmd_trysetcaughtmondexflags
0x0802D9D8	thumb	Cmd_displaydexinfo
0x0802DB7C	thumb	HandleBattleWindow
0x0802DCB8	thumb	BattleCreateYesNoCursorAt
0x0802DCF8	thumb	BattleDestroyYesNoCursorAt
0x0802DD38	thumb	Cmd_trygivecaughtmonnick
0x0802DFBC	thumb	Cmd_subattackerhpbydmg
0x0802DFEC	thumb	Cmd_removeattackerstatus1
0x0802E014	thumb	Cmd_finishaction
0x0802E020	thumb	Cmd_finishturn
0x0802E03C	thumb	AllocateBattleResources
0x0802E138	thumb	FreeBattleResources
0x0802E228	thumb	AdjustFriendshipOnBattleFaint
0x0802E310	thumb	BattleControllerDummy
0x0802E314	thumb	SetControllerToPlayer
0x0802E33C	thumb	PlayerBufferExecCompleted
0x0802E3B4	thumb	PlayerBufferRunCommand
0x0802E404	thumb	CompleteOnBattlerSpritePosX_0
0x0802E438	thumb	HandleInputChooseAction
0x0802E640	thumb	EndBounceEffect2
0x0802E674	thumb	HandleInputChooseTarget
0x0802EA10	thumb	HandleInputChooseMove
0x0802EDDC	thumb	HandleMoveInputUnused
0x0802EF58	thumb	HandleMoveSwitching
0x0802F610	thumb	SetLinkBattleEndCallbacks
0x0802F6A8	thumb	SetBattleEndCallbacks
0x0802F730	thumb	CompleteOnBattlerSpriteCallbackDummy
0x0802F768	thumb	CompleteOnBattlerSpriteCallbackDummy2
0x0802F7A0	thumb	FreeTrainerSpriteAfterSlide
0x0802F810	thumb	Intro_DelayAndEnd
0x0802F858	thumb	Intro_WaitForShinyAnimAndHealthbox
0x0802FA58	thumb	Intro_TryShinyAnimShowHealthbox
0x0802FBF4	thumb	SwitchIn_CleanShinyAnimShowSubstitute
0x0802FCAC	thumb	SwitchIn_HandleSoundAndEnd
0x0802FD18	thumb	SwitchIn_TryShinyAnimShowHealthbox
0x0802FDF4	thumb	Task_PlayerController_RestoreBgmAfterCry
0x0802FE24	thumb	CompleteOnHealthbarDone
0x0802FE94	thumb	CompleteOnInactiveTextPrinter
0x0802FEAC	thumb	Task_GiveExpToMon
0x08030024	thumb	Task_PrepareToGiveExpWithExpBar
0x080300F4	thumb	Task_GiveExpWithExpBar
0x08030238	thumb	Task_LaunchLvlUpAnim
0x08030298	thumb	Task_UpdateLvlInHealthbox
0x08030350	thumb	DestroyExpTaskAndCompleteOnInactiveTextPrinter
0x080303A8	thumb	Task_CreateLevelUpVerticalStripes
0x08030538	thumb	FreeMonSpriteAfterFaintAnim
0x080305A0	thumb	FreeMonSpriteAfterSwitchOutAnim
0x08030610	thumb	CompleteOnInactiveTextPrinter2
0x08030628	thumb	OpenPartyMenuToChooseMon
0x08030684	thumb	WaitForMonSelection
0x08030700	thumb	OpenBagAndChooseItem
0x0803073C	thumb	CompleteWhenChoseItem
0x08030778	thumb	CompleteOnSpecialAnimDone
0x080307B4	thumb	DoHitAnimBlinkSpriteEffect
0x08030830	thumb	MoveSelectionDisplayMoveNames
0x080308A8	thumb	MoveSelectionDisplayPpString
0x080308CC	thumb	MoveSelectionDisplayPpNumber
0x08030940	thumb	MoveSelectionDisplayMoveType
0x080309CC	thumb	MoveSelectionCreateCursorAt
0x08030A14	thumb	MoveSelectionDestroyCursorAt
0x08030A54	thumb	ActionSelectionCreateCursorAt
0x08030A98	thumb	ActionSelectionDestroyCursorAt
0x08030ADC	thumb	SetCB2ToReshowScreenAfterMenu
0x08030AEC	thumb	SetCB2ToReshowScreenAfterMenu2
0x08030AFC	thumb	CompleteOnFinishedStatusAnimation
0x08030B2C	thumb	CompleteOnFinishedBattleAnimation
0x08030B5C	thumb	PrintLinkStandbyMsg
0x08030B90	thumb	PlayerHandleGetMonData
0x08030C04	thumb	CopyPlayerMonData
0x080313B0	thumb	PlayerHandleGetRawMonData
0x08031438	thumb	PlayerHandleSetMonData
0x08031490	thumb	SetPlayerMonData
0x08031E8C	thumb	PlayerHandleSetRawMonData
0x08031F00	thumb	PlayerHandleLoadMonSprite
0x08031F68	thumb	PlayerHandleSwitchInAnim
0x08031FF4	thumb	StartSendOutAnim
0x08032160	thumb	PlayerHandleReturnMonToBall
0x080321F0	thumb	DoSwitchOutAnimation
0x0803227C	thumb	PlayerHandleDrawTrainerPic
0x08032428	thumb	PlayerHandleTrainerSlide
0x08032590	thumb	PlayerHandleTrainerSlideBack
0x08032650	thumb	PlayerHandleFaintAnimation
0x0803273C	thumb	PlayerHandlePaletteFade
0x0803275C	thumb	PlayerHandleSuccessBallThrowAnim
0x080327B0	thumb	PlayerHandleBallThrowAnim
0x08032810	thumb	PlayerHandlePause
0x08032840	thumb	PlayerHandleMoveAnimation
0x08032978	thumb	PlayerDoMoveAnimation
0x08032AFC	thumb	PlayerHandlePrintString
0x08032B70	thumb	PlayerHandlePrintSelectionString
0x08032B94	thumb	HandleChooseActionAfterDma3
0x08032BD4	thumb	PlayerHandleChooseAction
0x08032C48	thumb	PlayerHandleUnknownYesNoBox
0x08032C4C	thumb	HandleChooseMoveAfterDma3
0x08032C90	thumb	PlayerHandleChooseMove
0x08032CB4	thumb	InitMoveSelectionsVarsAndStrings
0x08032CEC	thumb	PlayerHandleChooseItem
0x08032D50	thumb	PlayerHandleChoosePokemon
0x08032E28	thumb	PlayerHandleCmd23
0x08032E4C	thumb	PlayerHandleHealthBarUpdate
0x08032F4C	thumb	PlayerHandleExpUpdate
0x08032FE8	thumb	PlayerHandleStatusIconUpdate
0x08033060	thumb	PlayerHandleStatusAnimation
0x080330C8	thumb	PlayerHandleStatusXor
0x08033134	thumb	PlayerHandleDataTransfer
0x08033140	thumb	PlayerHandleDMA3Transfer
0x080331F4	thumb	PlayerHandlePlayBGM
0x08033224	thumb	PlayerHandleCmd32
0x08033230	thumb	PlayerHandleTwoReturnValues
0x08033244	thumb	PlayerHandleChosenMonReturnValue
0x08033258	thumb	PlayerHandleOneReturnValue
0x0803326C	thumb	PlayerHandleOneReturnValue_Duplicate
0x08033280	thumb	PlayerHandleCmd37
0x0803329C	thumb	PlayerHandleCmd38
0x080332D4	thumb	PlayerHandleCmd39
0x080332EC	thumb	PlayerHandleCmd40
0x08033314	thumb	PlayerHandleHitAnimation
0x08033384	thumb	PlayerHandleCmd42
0x08033390	thumb	PlayerHandlePlaySE
0x080333D4	thumb	PlayerHandlePlayFanfare
0x08033404	thumb	PlayerHandleFaintingCry
0x08033444	thumb	PlayerHandleIntroSlide
0x08033478	thumb	PlayerHandleIntroTrainerBallThrow
0x080335F8	thumb	SpriteCB_FreePlayerSpriteLoadMonSprite
0x08033660	thumb	Task_StartSendOutAnim
0x0803376C	thumb	PlayerHandleDrawPartyStatusSummary
0x08033830	thumb	EndDrawPartyStatusSummary
0x08033878	thumb	PlayerHandleHidePartyStatusSummary
0x080338C8	thumb	PlayerHandleEndBounceEffect
0x080338EC	thumb	PlayerHandleSpriteInvisibility
0x0803394C	thumb	PlayerHandleBattleAnimation
0x080339B4	thumb	PlayerHandleLinkStandbyMsg
0x08033A10	thumb	PlayerHandleResetActionMoveSelection
0x08033A78	thumb	PlayerHandleCmd55
0x08033AC4	thumb	PlayerCmdEnd
0x08033AC8	thumb	PreviewDeterminativeMoveTargets
0x08033DB8	thumb	AllocateBattleSpritesData
0x08033DF8	thumb	FreeBattleSpritesData
0x08033E3C	thumb	SpriteCB_WaitForBattlerBallReleaseAnim
0x08033EB0	thumb	DoBattleSpriteAffineAnim
0x08033EEC	thumb	SpriteCB_TrainerSlideIn
0x08033F1C	thumb	InitAndLaunchChosenStatusAnimation
0x0803401C	thumb	TryHandleLaunchBattleTableAnimation
0x0803415C	thumb	Task_ClearBitWhenBattleTableAnimDone
0x080341B4	thumb	ShouldAnimBeDoneRegardlessOfSubsitute
0x080341D8	thumb	InitAndLaunchSpecialAnimation
0x08034248	thumb	Task_ClearBitWhenSpecialAnimDone
0x080342A0	thumb	IsMoveWithoutAnimation
0x080342A4	thumb	IsBattleSEPlaying
0x08034320	thumb	BattleLoadOpponentMonSpriteGfx
0x08034498	thumb	BattleLoadPlayerMonSpriteGfx
0x08034658	thumb	DecompressGhostFrontPic
0x080346C4	thumb	DecompressTrainerFrontPic
0x08034750	thumb	DecompressTrainerBackPalette
0x08034778	thumb	BattleGfxSfxDummy3
0x0803477C	thumb	FreeTrainerFrontPicPaletteAndTile
0x080347A8	thumb	BattleLoadAllHealthBoxesGfxAtOnce
0x08034838	thumb	BattleLoadAllHealthBoxesGfx
0x08034964	thumb	LoadBattleBarGfx
0x08034984	thumb	BattleInitAllSprites
0x08034AFC	thumb	ClearSpritesHealthboxAnimData
0x08034B24	thumb	ClearSpritesBattlerHealthboxAnimData
0x08034B40	thumb	CopyAllBattleSpritesInvisibilities
0x08034BB4	thumb	CopyBattleSpriteInvisibility
0x08034BF4	thumb	HandleSpeciesGfxDataChange
0x080350BC	thumb	BattleLoadSubstituteOrMonSpriteGfx
0x080351A8	thumb	LoadBattleMonGfxAndAnimate
0x08035200	thumb	TrySetBehindSubstituteSpriteBit
0x08035228	thumb	ClearBehindSubstituteBit
0x08035244	thumb	HandleLowHpMusicChange
0x08035314	thumb	BattleStopLowHpSound
0x08035368	thumb	GetMonHPBarLevel
0x0803539C	thumb	HandleBattleLowHpMusicChange
0x08035450	thumb	SetBattlerSpriteAffineMode
0x08035538	thumb	LoadAndCreateEnemyShadowSprites
0x08035624	thumb	SpriteCB_EnemyShadow
0x080356FC	thumb	SpriteCB_SetInvisible
0x08035708	thumb	SetBattlerShadowSpriteCallback
0x08035794	thumb	HideBattlerShadowSprite
0x080357C8	thumb	BattleInterfaceSetWindowPals
0x0803589C	thumb	ClearTemporarySpeciesSpriteData
0x080358D4	thumb	AllocateMonSpritesGfx
0x080359AC	thumb	FreeMonSpritesGfx
0x08035A28	thumb	ShouldPlayNormalMonCry
0x08035A78	thumb	OpponentDummy
0x08035A7C	thumb	SetControllerToOpponent
0x08035A98	thumb	OpponentBufferRunCommand
0x08035AE8	thumb	CompleteOnBattlerSpriteCallbackDummy
0x08035B20	thumb	CompleteOnBattlerSpriteCallbackDummy2
0x08035B58	thumb	FreeTrainerSpriteAfterSlide
0x08035BE8	thumb	Intro_DelayAndEnd
0x08035C30	thumb	Intro_WaitForShinyAnimAndHealthbox
0x08035DF0	thumb	Intro_TryShinyAnimShowHealthbox
0x08035FE8	thumb	TryShinyAnimAfterMonAnim
0x080360A0	thumb	CompleteOnHealthbarDone
0x0803612C	thumb	HideHealthboxAfterMonFaint
0x08036170	thumb	FreeMonSpriteAfterSwitchOutAnim
0x080361E4	thumb	CompleteOnInactiveTextPrinter
0x080361FC	thumb	DoHitAnimBlinkSpriteEffect
0x08036278	thumb	SwitchIn_ShowSubstitute
0x080362E8	thumb	SwitchIn_HandleSoundAndEnd
0x08036334	thumb	SwitchIn_ShowHealthbox
0x08036408	thumb	SwitchIn_TryShinyAnim
0x080364D0	thumb	CompleteOnFinishedStatusAnimation
0x08036500	thumb	CompleteOnFinishedBattleAnimation
0x08036530	thumb	OpponentBufferExecCompleted
0x08036568	thumb	OpponentHandleGetMonData
0x080365DC	thumb	GetOpponentMonData
0x08036D88	thumb	OpponentHandleGetRawMonData
0x08036E10	thumb	OpponentHandleSetMonData
0x08036E68	thumb	SetOpponentMonData
0x08037788	thumb	OpponentHandleSetRawMonData
0x080377FC	thumb	OpponentHandleLoadMonSprite
0x080379C8	thumb	OpponentHandleSwitchInAnim
0x08037A28	thumb	StartSendOutAnim
0x08037BAC	thumb	OpponentHandleReturnMonToBall
0x08037C44	thumb	DoSwitchOutAnimation
0x08037CD0	thumb	OpponentHandleDrawTrainerPic
0x08037EA4	thumb	OpponentHandleTrainerSlide
0x08038078	thumb	OpponentHandleTrainerSlideBack
0x08038124	thumb	OpponentHandleFaintAnimation
0x080381D0	thumb	OpponentHandlePaletteFade
0x080381DC	thumb	OpponentHandleSuccessBallThrowAnim
0x080381E8	thumb	OpponentHandleBallThrowAnim
0x080381F4	thumb	OpponentHandlePause
0x08038200	thumb	OpponentHandleMoveAnimation
0x08038338	thumb	OpponentDoMoveAnimation
0x080384BC	thumb	OpponentHandlePrintString
0x08038588	thumb	OpponentHandlePrintSelectionString
0x08038594	thumb	OpponentHandleChooseAction
0x080385A4	thumb	OpponentHandleUnknownYesNoBox
0x080385B0	thumb	OpponentHandleChooseMove
0x08038718	thumb	OpponentHandleChooseItem
0x08038744	thumb	OpponentHandleChoosePokemon
0x08038838	thumb	OpponentHandleCmd23
0x08038844	thumb	OpponentHandleHealthBarUpdate
0x08038934	thumb	OpponentHandleExpUpdate
0x08038940	thumb	OpponentHandleStatusIconUpdate
0x080389B8	thumb	OpponentHandleStatusAnimation
0x08038A20	thumb	OpponentHandleStatusXor
0x08038A2C	thumb	OpponentHandleDataTransfer
0x08038A38	thumb	OpponentHandleDMA3Transfer
0x08038A44	thumb	OpponentHandlePlayBGM
0x08038A50	thumb	OpponentHandleCmd32
0x08038A5C	thumb	OpponentHandleTwoReturnValues
0x08038A68	thumb	OpponentHandleChosenMonReturnValue
0x08038A74	thumb	OpponentHandleOneReturnValue
0x08038A80	thumb	OpponentHandleOneReturnValue_Duplicate
0x08038A8C	thumb	OpponentHandleCmd37
0x08038AA8	thumb	OpponentHandleCmd38
0x08038AE0	thumb	OpponentHandleCmd39
0x08038AF8	thumb	OpponentHandleCmd40
0x08038B20	thumb	OpponentHandleHitAnimation
0x08038B90	thumb	OpponentHandleCmd42
0x08038B9C	thumb	OpponentHandlePlaySE
0x08038BE0	thumb	OpponentHandlePlayFanfare
0x08038C10	thumb	OpponentHandleFaintingCry
0x08038C4C	thumb	OpponentHandleIntroSlide
0x08038C80	thumb	OpponentHandleIntroTrainerBallThrow
0x08038D90	thumb	SpriteCB_FreeOpponentSprite
0x08038DC4	thumb	Task_StartSendOutAnim
0x08038EA8	thumb	OpponentHandleDrawPartyStatusSummary
0x08038FBC	thumb	EndDrawPartyStatusSummary
0x08039004	thumb	OpponentHandleHidePartyStatusSummary
0x08039054	thumb	OpponentHandleEndBounceEffect
0x08039060	thumb	OpponentHandleSpriteInvisibility
0x080390C0	thumb	OpponentHandleBattleAnimation
0x08039128	thumb	OpponentHandleLinkStandbyMsg
0x08039134	thumb	OpponentHandleResetActionMoveSelection
0x08039140	thumb	OpponentHandleCmd55
0x08039184	thumb	OpponentCmdEnd
0x08039188	thumb	ShouldSwitchIfPerishSong
0x080391EC	thumb	ShouldSwitchIfWonderGuard
0x0803937C	thumb	FindMonThatAbsorbsOpponentsMove
0x08039598	thumb	ShouldSwitchIfNaturalCure
0x08039698	thumb	HasSuperEffectiveMoveAgainstOpponents
0x080397E0	thumb	AreStatsRaised
0x08039828	thumb	FindMonWithFlagsAndSuperEffective
0x08039A80	thumb	ShouldSwitch
0x08039C84	thumb	AI_TrySwitchOrUseItem
0x08039DB4	thumb	ModulateByTypeEffectiveness
0x08039E3C	thumb	GetMostSuitableMonToSwitchInto
0x0803A198	thumb	GetAI_ItemType
0x0803A1F4	thumb	ShouldUseItem
0x0803A664	thumb	LinkOpponentDummy
0x0803A668	thumb	SetControllerToLinkOpponent
0x0803A684	thumb	LinkOpponentBufferRunCommand
0x0803A6D4	thumb	CompleteOnBattlerSpriteCallbackDummy
0x0803A70C	thumb	FreeTrainerSpriteAfterSlide
0x0803A79C	thumb	Intro_DelayAndEnd
0x0803A7E4	thumb	Intro_WaitForShinyAnimAndHealthbox
0x0803A9CC	thumb	Intro_TryShinyAnimShowHealthbox
0x0803AC14	thumb	TryShinyAnimAfterMonAnim
0x0803ACCC	thumb	CompleteOnHealthbarDone
0x0803AD20	thumb	HideHealthboxAfterMonFaint
0x0803AD64	thumb	FreeMonSpriteAfterSwitchOutAnim
0x0803ADD8	thumb	CompleteOnInactiveTextPrinter
0x0803ADF0	thumb	DoHitAnimBlinkSpriteEffect
0x0803AE6C	thumb	SwitchIn_ShowSubstitute
0x0803AEDC	thumb	SwitchIn_HandleSoundAndEnd
0x0803AF28	thumb	SwitchIn_ShowHealthbox
0x0803AFFC	thumb	SwitchIn_TryShinyAnim
0x0803B0C4	thumb	CompleteOnFinishedStatusAnimation
0x0803B0F4	thumb	CompleteOnFinishedBattleAnimation
0x0803B124	thumb	LinkOpponentBufferExecCompleted
0x0803B19C	thumb	LinkOpponentHandleGetMonData
0x0803B210	thumb	CopyLinkOpponentMonData
0x0803B9BC	thumb	LinkOpponentHandleGetRawMonData
0x0803B9C8	thumb	LinkOpponentHandleSetMonData
0x0803BA20	thumb	SetLinkOpponentMonData
0x0803C340	thumb	LinkOpponentHandleSetRawMonData
0x0803C3B4	thumb	LinkOpponentHandleLoadMonSprite
0x0803C504	thumb	LinkOpponentHandleSwitchInAnim
0x0803C550	thumb	StartSendOutAnim
0x0803C6D4	thumb	LinkOpponentHandleReturnMonToBall
0x0803C76C	thumb	DoSwitchOutAnimation
0x0803C7F8	thumb	LinkOpponentHandleDrawTrainerPic
0x0803CB00	thumb	LinkOpponentHandleTrainerSlide
0x0803CB0C	thumb	LinkOpponentHandleTrainerSlideBack
0x0803CBB8	thumb	LinkOpponentHandleFaintAnimation
0x0803CC64	thumb	LinkOpponentHandlePaletteFade
0x0803CC70	thumb	LinkOpponentHandleSuccessBallThrowAnim
0x0803CC7C	thumb	LinkOpponentHandleBallThrowAnim
0x0803CC88	thumb	LinkOpponentHandlePause
0x0803CC94	thumb	LinkOpponentHandleMoveAnimation
0x0803CDCC	thumb	LinkOpponentDoMoveAnimation
0x0803CF50	thumb	LinkOpponentHandlePrintString
0x0803CFC4	thumb	LinkOpponentHandlePrintSelectionString
0x0803CFD0	thumb	LinkOpponentHandleChooseAction
0x0803CFDC	thumb	LinkOpponentHandleUnknownYesNoBox
0x0803CFE8	thumb	LinkOpponentHandleChooseMove
0x0803CFF4	thumb	LinkOpponentHandleChooseItem
0x0803D000	thumb	LinkOpponentHandleChoosePokemon
0x0803D00C	thumb	LinkOpponentHandleCmd23
0x0803D018	thumb	LinkOpponentHandleHealthBarUpdate
0x0803D108	thumb	LinkOpponentHandleExpUpdate
0x0803D114	thumb	LinkOpponentHandleStatusIconUpdate
0x0803D18C	thumb	LinkOpponentHandleStatusAnimation
0x0803D1F4	thumb	LinkOpponentHandleStatusXor
0x0803D200	thumb	LinkOpponentHandleDataTransfer
0x0803D20C	thumb	LinkOpponentHandleDMA3Transfer
0x0803D218	thumb	LinkOpponentHandlePlayBGM
0x0803D224	thumb	LinkOpponentHandleCmd32
0x0803D230	thumb	LinkOpponentHandleTwoReturnValues
0x0803D23C	thumb	LinkOpponentHandleChosenMonReturnValue
0x0803D248	thumb	LinkOpponentHandleOneReturnValue
0x0803D254	thumb	LinkOpponentHandleOneReturnValue_Duplicate
0x0803D260	thumb	LinkOpponentHandleClearUnkVar
0x0803D27C	thumb	LinkOpponentHandleSetUnkVar
0x0803D2B4	thumb	LinkOpponentHandleClearUnkFlag
0x0803D2CC	thumb	LinkOpponentHandleToggleUnkFlag
0x0803D2F4	thumb	LinkOpponentHandleHitAnimation
0x0803D364	thumb	LinkOpponentHandleCantSwitch
0x0803D370	thumb	LinkOpponentHandlePlaySE
0x0803D3B4	thumb	LinkOpponentHandlePlayFanfare
0x0803D3E4	thumb	LinkOpponentHandleFaintingCry
0x0803D420	thumb	LinkOpponentHandleIntroSlide
0x0803D454	thumb	LinkOpponentHandleIntroTrainerBallThrow
0x0803D564	thumb	Task_StartSendOutAnim
0x0803D648	thumb	SpriteCB_FreeOpponentSprite
0x0803D67C	thumb	LinkOpponentHandleDrawPartyStatusSummary
0x0803D790	thumb	EndDrawPartyStatusSummary
0x0803D7D8	thumb	LinkOpponentHandleHidePartyStatusSummary
0x0803D828	thumb	LinkOpponentHandleEndBounceEffect
0x0803D834	thumb	LinkOpponentHandleSpriteInvisibility
0x0803D894	thumb	LinkOpponentHandleBattleAnimation
0x0803D8FC	thumb	LinkOpponentHandleLinkStandbyMsg
0x0803D908	thumb	LinkOpponentHandleResetActionMoveSelection
0x0803D914	thumb	LinkOpponentHandleEndLinkBattle
0x0803D978	thumb	LinkOpponentCmdEnd
0x0803D97C	thumb	ZeroBoxMonData
0x0803D994	thumb	ZeroMonData
0x0803DA14	thumb	ZeroPlayerPartyMons
0x0803DA34	thumb	ZeroEnemyPartyMons
0x0803DA54	thumb	CreateMon
0x0803DAC4	thumb	CreateBoxMon
0x0803DD98	thumb	CreateMonWithNature
0x0803DE00	thumb	CreateMonWithGenderNatureLetter
0x0803DF00	thumb	CreateMaleMon
0x0803DF68	thumb	CreateMonWithIVsPersonality
0x0803DFA8	thumb	CreateMonWithIVsOTID
0x0803E01C	thumb	CreateMonWithEVSpread
0x0803E0A4	thumb	CreateBattleTowerMon
0x0803E1EC	thumb	CreateEventMon
0x0803E23C	thumb	ConvertPokemonToBattleTowerPokemon
0x0803E3E8	thumb	CalculateBoxMonChecksum
0x0803E47C	thumb	CalculateMonStats
0x0803E774	thumb	BoxMonToMon
0x0803E7C4	thumb	GetLevelFromMonExp
0x0803E830	thumb	GetLevelFromBoxMonExp
0x0803E89C	thumb	GiveMoveToMon
0x0803E8B0	thumb	GiveMoveToBoxMon
0x0803E920	thumb	GiveMoveToBattleMon
0x0803E964	thumb	SetMonMoveSlot
0x0803E9A4	thumb	SetBattleMonMoveSlot
0x0803E9D4	thumb	GiveMonInitialMoveset
0x0803E9E0	thumb	GiveBoxMonInitialMoveset
0x0803EA88	thumb	MonTryLearningNewMove
0x0803EB94	thumb	DeleteFirstMoveAndGiveMoveToMon
0x0803EC40	thumb	DeleteFirstMoveAndGiveMoveToBoxMon
0x0803ECEC	thumb	CalculateBaseDamage
0x0803F5B4	thumb	CountAliveMonsInBattle
0x0803F6A0	thumb	GetDefaultMoveTarget
0x0803F720	thumb	GetMonGender
0x0803F730	thumb	GetBoxMonGender
0x0803F78C	thumb	GetGenderFromSpeciesAndPersonality
0x0803F7D4	thumb	SetMultiuseSpriteTemplateToPokemon
0x0803F864	thumb	SetMultiuseSpriteTemplateToTrainerBack
0x0803F8F8	thumb	EncryptBoxMon
0x0803F91C	thumb	DecryptBoxMon
0x0803F940	thumb	GetSubstruct
0x0803FBE8	thumb	GetMonData2
0x0803FD44	thumb	GetBoxMonData2
0x0804037C	thumb	SetMonData
0x080404D0	thumb	SetBoxMonData
0x08040B08	thumb	CopyMon
0x08040B14	thumb	GiveMonToPlayer
0x08040B90	thumb	SendMonToPC
0x08040C3C	thumb	CalculatePlayerPartyCount
0x08040C80	thumb	CalculateEnemyPartyCount
0x08040CC4	thumb	GetMonsStateToDoubles
0x08040D38	thumb	GetAbilityBySpecies
0x08040D7C	thumb	GetMonAbility
0x08040DB0	thumb	CreateSecretBaseEnemyParty
0x08040EEC	thumb	GetSecretBaseTrainerPicIndex
0x08040F2C	thumb	GetSecretBaseTrainerNameIndex
0x08040F6C	thumb	IsPlayerPartyAndPokemonStorageFull
0x08040FA0	thumb	IsPokemonStorageFull
0x08040FD0	thumb	GetSpeciesName
0x0804101C	thumb	CalculatePPWithBonus
0x08041064	thumb	RemoveMonPPBonus
0x080410A0	thumb	RemoveBattleMonPPBonus
0x080410B8	thumb	CopyPlayerPartyMonToBattleData
0x080413C0	thumb	ExecuteTableBasedItemEffect
0x080413E4	thumb	PokemonUseItemEffects
0x080423A4	thumb	HealStatusConditions
0x08042414	thumb	PokemonItemUseNoEffect
0x08042BE8	thumb	PartyMonHasStatus
0x08042C08	thumb	GetItemEffectParamOffset
0x08042D50	thumb	BufferStatRoseMessage
0x08042DA4	thumb	Battle_PrintStatBoosterEffectMessage
0x08042E9C	thumb	GetNature
0x08042EB4	thumb	GetNatureFromPersonality
0x08042EC4	thumb	GetEvolutionTargetSpecies
0x080431B4	thumb	HoennPokedexNumToSpecies
0x08043200	thumb	NationalPokedexNumToSpecies
0x0804324C	thumb	NationalToHoennOrder
0x08043298	thumb	SpeciesToNationalPokedexNum
0x080432BC	thumb	SpeciesToHoennPokedexNum
0x080432E0	thumb	HoennToNationalOrder
0x08043304	thumb	SpeciesToCryId
0x08043338	thumb	DrawSpindaSpotsUnused
0x08043458	thumb	DrawSpindaSpots
0x0804356C	thumb	EvolutionRenameMon
0x080435E0	thumb	GetPlayerFlankId
0x08043620	thumb	GetLinkTrainerFlankId
0x08043658	thumb	GetBattlerMultiplayerId
0x0804367C	thumb	GetTrainerEncounterMusicId
0x08043698	thumb	ModifyStatByNature
0x080436F8	thumb	AdjustFriendship
0x08043890	thumb	MonGainEVs
0x08043A40	thumb	GetMonEVCount
0x08043A68	thumb	RandomlyGivePartyPokerus
0x08043A70	thumb	CheckPartyPokerus
0x08043AD8	thumb	CheckPartyHasHadPokerus
0x08043B38	thumb	UpdatePartyPokerusTime
0x08043B40	thumb	PartySpreadPokerus
0x08043B48	thumb	SetMonExpWithMaxLevelCheck
0x08043B90	thumb	TryIncrementMonLevel
0x08043C2C	thumb	CanMonLearnTMHM
0x08043C84	thumb	GetMoveRelearnerMoves
0x08043DD4	thumb	GetLevelUpMovesBySpecies
0x08043E2C	thumb	GetNumberOfRelearnableMoves
0x08043F90	thumb	SpeciesToPokedexNum
0x08043FBC	thumb	ClearBattleMonForms
0x08043FD4	thumb	GetBattleBGM
0x08044074	thumb	PlayBattleBGM
0x08044090	thumb	PlayMapChosenOrBattleBGM
0x080440BC	thumb	GetMonFrontSpritePal
0x080440F4	thumb	GetMonSpritePalFromSpeciesAndPersonality
0x08044148	thumb	GetMonSpritePalStruct
0x08044180	thumb	GetMonSpritePalStructFromOtIdPersonality
0x080441B8	thumb	IsHMMove2
0x080441F4	thumb	IsMonSpriteNotFlipped
0x0804420C	thumb	GetMonFlavorRelation
0x08044234	thumb	GetFlavorRelationByPersonality
0x0804425C	thumb	IsTradedMon
0x08044288	thumb	IsOtherTrainer
0x080442D8	thumb	MonRestorePP
0x080442E4	thumb	BoxMonRestorePP
0x08044348	thumb	SetMonPreventsSwitchingString
0x080443F4	thumb	SetWildMonHeldItem
0x08044470	thumb	IsMonShiny
0x0804449C	thumb	IsShinyOtIdPersonality
0x080444C4	thumb	GetTrainerPartnerName
0x080444F8	thumb	GetPlayerPartyHighestLevel
0x0804454C	thumb	FacilityClassToPicIndex
0x0804455C	thumb	ShouldIgnoreDeoxysForm
0x08044674	thumb	GetDeoxysStat
0x08044708	thumb	SetDeoxysStats
0x080447AC	thumb	GetUnionRoomTrainerPic
0x080447F0	thumb	GetUnionRoomTrainerClass
0x08044838	thumb	CreateEnemyEventMon
0x08044898	thumb	HandleSetPokedexFlag
0x080448F8	thumb	CheckBattleTypeGhost
0x08044950	thumb	InitMonSpritesGfx_Mode1
0x08044A40	thumb	InitMonSpritesGfx_Mode0
0x08044AF0	thumb	CreateMonSpritesGfxManager
0x08044D80	thumb	DestroyMonSpritesGfxManager
0x08044E00	thumb	MonSpritesGfxManager_GetSpritePtr
0x08044E30	thumb	Sin
0x08044E4C	thumb	Cos
0x08044E6C	thumb	Sin2
0x08044EB0	thumb	Cos2
0x08044EC8	thumb	Random
0x08044EE8	thumb	SeedRng
0x08044EF8	thumb	CreateInvisibleSpriteWithCallback
0x08044F34	thumb	StoreWordInTwoHalfwords
0x08044F3C	thumb	LoadWordFromTwoHalfwords
0x08044F4C	thumb	SetBgAffineStruct
0x08044F78	thumb	DoBgAffineSet
0x08044FC4	thumb	CopySpriteTiles
0x08045190	thumb	CountTrailingZeroBits
0x080451B8	thumb	CalcCRC16
0x08045210	thumb	CalcCRC16WithTable
0x08045254	thumb	CalcByteArraySum
0x08045274	thumb	BlendPalette
0x08045314	thumb	BlendPalettesAt
0x080453C0	thumb	DayCare_GetMonNickname
0x080453E0	thumb	DayCare_GetBoxMonNickname
0x08045400	thumb	CountPokemonInDaycare
0x08045430	thumb	InitDaycareMailRecordMixing
0x0804549C	thumb	Daycare_FindEmptySpot
0x080454CC	thumb	StorePokemonInDaycare
0x0804555C	thumb	StorePokemonInEmptyDaycareSlot
0x08045580	thumb	StoreSelectedPokemonInDaycare
0x080455AC	thumb	ShiftDaycareSlots
0x08045608	thumb	ApplyDaycareExperience
0x0804565C	thumb	TakeSelectedPokemonFromDaycare
0x08045700	thumb	TakeSelectedPokemonMonFromDaycareShiftSlots
0x08045728	thumb	TakePokemonFromDaycare
0x0804574C	thumb	GetLevelAfterDaycareSteps
0x08045788	thumb	GetNumLevelsGainedFromSteps
0x080457B4	thumb	GetNumLevelsGainedForDaycareMon
0x080457E8	thumb	GetDaycareCostForSelectedMon
0x08045820	thumb	GetDaycareCostForMon
0x08045838	thumb	GetDaycareCost
0x08045860	thumb	Debug_AddDaycareSteps
0x08045898	thumb	GetNumLevelsGainedFromDaycare
0x080458E8	thumb	ClearDaycareMonMail
0x08045918	thumb	ClearDaycareMon
0x08045938	thumb	ClearAllDaycareData
0x08045970	thumb	GetEggSpecies
0x080459F0	thumb	_TriggerPendingDaycareEgg
0x08045A20	thumb	_TriggerPendingDaycareMaleEgg
0x08045A48	thumb	TriggerPendingDaycareEgg
0x08045A60	thumb	TriggerPendingDaycareMaleEgg
0x08045A78	thumb	RemoveIVIndexFromList
0x08045AC0	thumb	InheritIVs
0x08045C28	thumb	GetEggMoves
0x08045CD0	thumb	BuildEggMoveset
0x08045F70	thumb	RemoveEggFromDayCare
0x08045F88	thumb	RejectEggFromDayCare
0x08045FA0	thumb	AlterEggSpeciesWithIncenseItem
0x08046000	thumb	DetermineEggSpeciesAndParentSlots
0x080460D4	thumb	_GiveEggFromDaycare
0x08046150	thumb	CreateEgg
0x08046208	thumb	SetInitialEggData
0x080462AC	thumb	GiveEggFromDaycare
0x080462C4	thumb	TryProduceOrHatchEgg
0x080463B8	thumb	ShouldEggHatch
0x080463FC	thumb	IsEggPending
0x0804640C	thumb	_GetDaycareMonNicknames
0x08046460	thumb	GetSelectedMonNicknameAndSpecies
0x0804649C	thumb	GetDaycareMonNicknames
0x080464B4	thumb	GetDaycareState
0x080464F8	thumb	GetDaycarePokemonCount
0x0804651C	thumb	EggGroupsOverlap
0x0804654C	thumb	GetDaycareCompatibilityScore
0x0804666C	thumb	GetDaycareCompatibilityScoreFromSave
0x08046688	thumb	SetDaycareCompatibilityString
0x080466C8	thumb	NameHasGenderSymbol
0x08046744	thumb	AppendGenderSymbol
0x08046794	thumb	AppendMonGenderSymbol
0x080467B0	thumb	GetDaycareLevelMenuText
0x08046834	thumb	GetDaycareLevelMenuLevelText
0x08046898	thumb	DaycareAddTextPrinter
0x0804690C	thumb	DaycarePrintMonNickname
0x08046944	thumb	DaycarePrintMonLvl
0x080469B4	thumb	DaycarePrintMonInfo
0x080469FC	thumb	Task_HandleDaycareLevelMenuInput
0x08046AB8	thumb	ShowDaycareLevelMenu
0x08046B28	thumb	ChooseSendDaycareMon
0x08046B40	thumb	PutMonInRoute5Daycare
0x08046B70	thumb	GetCostToWithdrawRoute5DaycareMon
0x08046B94	thumb	IsThereMonInRoute5Daycare
0x08046BBC	thumb	GetNumLevelsGainedForRoute5DaycareMon
0x08046BDC	thumb	TakePokemonFromRoute5Daycare
0x08046BFC	thumb	CreatedHatchedMon
0x08046D60	thumb	AddHatchedMonToParty
0x08046E20	thumb	ScriptHatchMon
0x08046E34	thumb	BufferDayCareMonReceivedMail
0x08046EAC	thumb	DaycareMonReceivedMail
0x08046ED0	thumb	EggHatchCreateMonSprite
0x08046FC0	thumb	VBlankCB_EggHatch
0x08046FD4	thumb	EggHatch
0x08047004	thumb	Task_EggHatch
0x08047044	thumb	CB2_EggHatch_0
0x080472A0	thumb	EggHatchSetMonNickname
0x080472E4	thumb	Task_EggHatchPlayBGM
0x08047338	thumb	CB2_EggHatch_1
0x080476B0	thumb	SpriteCB_Egg_0
0x08047708	thumb	SpriteCB_Egg_1
0x0804776C	thumb	SpriteCB_Egg_2
0x0804782C	thumb	SpriteCB_Egg_3
0x08047850	thumb	SpriteCB_Egg_4
0x080478D0	thumb	SpriteCB_Egg_5
0x08047970	thumb	SpriteCB_EggShard
0x080479C8	thumb	CreateRandomEggShardSprite
0x08047A1C	thumb	CreateEggShardSprite
0x08047A9C	thumb	EggHatchPrintMessage
0x08047B0C	thumb	Debug_DrawNumber
0x08047CAC	thumb	Debug_DrawNumberPair
0x08047CE0	thumb	CreateBattlerHealthboxSprites
0x08048008	thumb	CreateSafariPlayerHealthboxSprites
0x080480A8	thumb	GetBattleInterfaceGfxPtr
0x080480B8	thumb	SpriteCB_HealthBar
0x08048128	thumb	SpriteCB_HealthBoxOther
0x08048150	thumb	SetBattleBarStruct
0x08048188	thumb	SetHealthboxSpriteInvisible
0x080481D4	thumb	SetHealthboxSpriteVisible
0x08048228	thumb	UpdateSpritePos
0x08048248	thumb	DestoryHealthboxSprite
0x08048288	thumb	DummyBattleInterfaceFunc
0x0804828C	thumb	UpdateOamPriorityInAllHealthboxes
0x0804831C	thumb	InitBattlerHealthboxCoords
0x08048398	thumb	UpdateLvlInHealthbox
0x08048440	thumb	UpdateHpTextInHealthbox
0x08048618	thumb	UpdateHpTextInHealthboxInDoubles
0x080487F8	thumb	PrintSafariMonInfo
0x08048A4C	thumb	SwapHpBarsWithHpText
0x08048D14	thumb	CreatePartyStatusSummarySprites
0x080491B0	thumb	Task_HidePartyStatusSummary
0x08049388	thumb	Task_HidePartyStatusSummary_BattleStart_1
0x080493E4	thumb	Task_HidePartyStatusSummary_BattleStart_2
0x0804948C	thumb	Task_HidePartyStatusSummary_DuringBattle
0x08049550	thumb	SpriteCB_PartySummaryBar
0x08049568	thumb	SpriteCB_PartySummaryBar_Exit
0x0804959C	thumb	SpriteCB_PartySummaryBall_OnBattleStart
0x08049630	thumb	SpriteCB_PartySummaryBall_Exit
0x080496A0	thumb	SpriteCB_PartySummaryBall_OnSwitchout
0x080496C0	thumb	UpdateNickInHealthbox
0x0804981C	thumb	TryAddPokeballIconToHealthbox
0x08049934	thumb	UpdateStatusIconInHealthbox
0x08049BE4	thumb	GetStatusIconForBattlerId
0x08049CAC	thumb	UpdateSafariBallsTextOnHealthbox
0x08049D10	thumb	UpdateLeftNoOfBallsTextOnHealthbox
0x08049D98	thumb	UpdateHealthboxAttribute
0x08049FD8	thumb	MoveBattleBar
0x0804A0D4	thumb	MoveBattleBarGraphically
0x0804A2F0	thumb	CalcNewBarValue
0x0804A3C4	thumb	CalcBarFilledPixels
0x0804A460	thumb	UpdateAndDrawHealthbarOntoScreen
0x0804A4C8	thumb	CalcNewHealthbarValue
0x0804A4F0	thumb	DoDrawHealthbarOntoScreen
0x0804A510	thumb	DrawHealthbarOntoScreen
0x0804A59C	thumb	GetReceivedValueInPixels
0x0804A5E8	thumb	GetScaledHPFraction
0x0804A614	thumb	GetHPBarLevel
0x0804A648	thumb	AddTextPrinterAndCreateWindowOnHealthbox
0x0804A6D8	thumb	RemoveWindowOnHealthbox
0x0804A6E8	thumb	TextIntoHealthboxObject
0x0804A734	thumb	SafariTextIntoHealthboxObject
0x0804A76C	thumb	SmokescreenImpact
0x0804A8C0	thumb	SpriteCB_SmokescreenImpactMain
0x0804A904	thumb	SpriteCB_SmokescreenImpact
0x0804A938	thumb	DoPokeballSendOutAnimation
0x0804A9A0	thumb	Task_DoPokeballSendOutAnim
0x0804ABD4	thumb	SpriteCB_BallThrow
0x0804AC88	thumb	SpriteCB_BallThrow_ReachMon
0x0804AC94	thumb	SpriteCB_BallThrow_StartShrinkMon
0x0804AD00	thumb	SpriteCB_BallThrow_ShrinkMon
0x0804AD98	thumb	SpriteCB_BallThrow_Close
0x0804ADEC	thumb	SpriteCB_BallThrow_FallToGround
0x0804AEE4	thumb	SpriteCB_BallThrow_StartShakes
0x0804AF24	thumb	SpriteCB_BallThrow_Shake
0x0804B070	thumb	Task_PlayCryWhenReleasedFromBall
0x0804B268	thumb	SpriteCB_ReleaseMonFromBall
0x0804B484	thumb	SpriteCB_BallThrow_StartCaptureMon
0x0804B4A4	thumb	HandleBallAnimEnd
0x0804B5C8	thumb	SpriteCB_BallThrow_CaptureMon
0x0804B684	thumb	SpriteCB_PlayerMonSendOut_1
0x0804B6D4	thumb	SpriteCB_PlayerMonSendOut_2
0x0804B844	thumb	SpriteCB_ReleaseMon2FromBall
0x0804B868	thumb	SpriteCB_OpponentMonSendOut
0x0804B8C8	thumb	AnimateBallOpenParticlesForPokeball
0x0804B8F0	thumb	LaunchBallFadeMonTaskForPokeball
0x0804B908	thumb	CreatePokeballSpriteToReleaseMon
0x0804B9E8	thumb	SpriteCB_PokeballReleaseMon
0x0804BAA4	thumb	SpriteCB_ReleasedMonFlyOut
0x0804BB98	thumb	CreateTradePokeballSprite
0x0804BC50	thumb	SpriteCB_TradePokeball
0x0804BCF8	thumb	SpriteCB_TradePokeballSendOff
0x0804BD6C	thumb	SpriteCB_TradePokeballEnd
0x0804BD88	thumb	DestroySpriteAndFreeResources_Ball
0x0804BD94	thumb	StartHealthboxSlideIn
0x0804BE24	thumb	SpriteCB_HealthboxSlideInDelayed
0x0804BE48	thumb	SpriteCB_HealthboxSlideIn
0x0804BE70	thumb	DoHitAnimHealthboxEffect
0x0804BEB4	thumb	SpriteCB_HitAnimHealthoxEffect
0x0804BEF4	thumb	LoadBallGfx
0x0804BF64	thumb	FreeBallGfx
0x0804BF90	thumb	GetBattlerPokeballItemId
0x0804BFE4	thumb	CheckForFlashMemory
0x0804C010	thumb	ClearSav2
0x0804C034	thumb	ClearSav1
0x0804C058	thumb	SetSaveBlocksPointers
0x0804C0A4	thumb	MoveSaveBlocks_ResetHeap
0x0804C188	thumb	UseContinueGameWarp
0x0804C198	thumb	ClearContinueGameWarpStatus
0x0804C1AC	thumb	SetContinueGameWarpStatus
0x0804C1C0	thumb	SetContinueGameWarpStatusToDynamicWarp
0x0804C1DC	thumb	ClearContinueGameWarpStatus2
0x0804C1F0	thumb	SavePlayerParty
0x0804C230	thumb	LoadPlayerParty
0x0804C270	thumb	SaveObjectEvents
0x0804C2B8	thumb	LoadObjectEvents
0x0804C300	thumb	SaveSerializedGame
0x0804C310	thumb	LoadSerializedGame
0x0804C320	thumb	LoadPlayerBag
0x0804C440	thumb	SavePlayerBag
0x0804C56C	thumb	ApplyNewEncryptionKeyToHword
0x0804C588	thumb	ApplyNewEncryptionKeyToWord
0x0804C5A4	thumb	ApplyNewEncryptionKeyToAllEncryptedData
0x0804C600	thumb	InitTradeMenu
0x0804C718	thumb	CB2_StartCreateTradeMenu
0x0804C728	thumb	CB2_CreateTradeMenu
0x0804CF14	thumb	CB2_ReturnToTradeMenuFromSummary
0x0804D4F8	thumb	VBlankCB_TradeMenu
0x0804D50C	thumb	CB_FadeToStartTrade
0x0804D548	thumb	CB_WaitToStartTrade
0x0804D5A4	thumb	CB_StartLinkTrade
0x0804D638	thumb	CB2_TradeMenu
0x0804D694	thumb	LoadTradeBgGfx
0x0804D764	thumb	SetActiveMenuOptions
0x0804D814	thumb	Trade_Memcpy
0x0804D834	thumb	BufferTradeParties
0x0804DBAC	thumb	PrintIsThisTradeOkay
0x0804DBD4	thumb	Leader_ReadLinkBuffer
0x0804DCF4	thumb	Follower_ReadLinkBuffer
0x0804DDF0	thumb	Leader_HandleCommunication
0x0804DFF0	thumb	CB1_UpdateLink
0x0804E028	thumb	GetNewCursorPosition
0x0804E074	thumb	TradeMenuMoveCursor
0x0804E134	thumb	SetReadyToTrade
0x0804E194	thumb	CB_ProcessMenuInput
0x0804E330	thumb	RedrawChooseAPokemonWindow
0x0804E388	thumb	CB_ProcessSelectedMonInput
0x0804E46C	thumb	CB_ChooseMonAfterButtonPress
0x0804E494	thumb	CB_ShowTradeMonSummaryScreen
0x0804E50C	thumb	CheckValidityOfTradeMons
0x0804E5A0	thumb	CommunicateWhetherMonCanBeTraded
0x0804E674	thumb	CB_ProcessConfirmTradeInput
0x0804E6FC	thumb	RestoreNicknamesCoveredByYesNo
0x0804E744	thumb	CB_ProcessCancelTradeInput
0x0804E7C8	thumb	CB_SetSelectedMons
0x0804E804	thumb	CB_PrintIsThisTradeOkay
0x0804E830	thumb	CB_InitConfirmTradePrompt
0x0804E880	thumb	CB_HandleTradeCanceled
0x0804E908	thumb	CB_InitExitCanceledTrade
0x0804E944	thumb	CB_ExitCanceledTrade
0x0804E9C0	thumb	CB_WaitToStartRfuTrade
0x0804E9E4	thumb	RunTradeMenuCallback
0x0804EAAC	thumb	SetSelectedMon
0x0804EAE4	thumb	DrawSelectedMonScreen
0x0804EE6C	thumb	GetMonNicknameWidth
0x0804EED4	thumb	BufferMovesString
0x0804EFB4	thumb	PrintPartyMonNickname
0x0804F020	thumb	PrintPartyNicknames
0x0804F08C	thumb	PrintLevelAndGender
0x0804F284	thumb	PrintPartyLevelsAndGenders
0x0804F2E8	thumb	ShowTradePartyMonIcons
0x0804F3B4	thumb	PrintTradePartnerPartyNicknames
0x0804F3C8	thumb	RedrawPartyWindow
0x0804F440	thumb	Task_DrawSelectionSummary
0x0804F464	thumb	Task_DrawSelectionTrade
0x0804F488	thumb	QueueAction
0x0804F4DC	thumb	DoQueuedActions
0x0804F5BC	thumb	PrintTradeMessage
0x0804F610	thumb	LoadUISpriteGfx
0x0804F728	thumb	DrawBottomRowText
0x0804F748	thumb	ComputePartyTradeableFlags
0x0804F890	thumb	ComputePartyHPBarLevels
0x0804F964	thumb	SetTradePartyHPBarSprites
0x0804F9D8	thumb	SaveTradeGiftRibbons
0x0804FA14	thumb	CanTradeSelectedMon
0x0804FB34	thumb	GetGameProgressForLinkTrade
0x0804FBC8	thumb	IsDeoxysOrMewUntradable
0x0804FBEC	thumb	GetUnionRoomTradeMessageId
0x0804FCE0	thumb	CanRegisterMonForTradingBoard
0x0804FD24	thumb	SpriteCB_LinkMonGlow
0x0804FD48	thumb	SpriteCB_LinkMonGlowWireless
0x0804FD78	thumb	SpriteCB_LinkMonShadow
0x0804FDB8	thumb	SpriteCB_CableEndSending
0x0804FDDC	thumb	SpriteCB_CableEndReceiving
0x0804FE00	thumb	SpriteCB_GbaScreen
0x0804FE24	thumb	SetTradeBGAffine
0x0804FEB4	thumb	SetTradeGpuRegs
0x0804FF0C	thumb	VBlankCB_TradeAnim
0x0804FF24	thumb	ClearLinkTimeoutTimer
0x0804FF4C	thumb	CheckLinkTimeout
0x0804FFC4	thumb	TradeGetMultiplayerId
0x0804FFE4	thumb	LoadTradeMonPic
0x08050138	thumb	CB2_LinkTrade
0x0805049C	thumb	InitTradeSequenceBgGpuRegs
0x080504B0	thumb	LinkTradeDrawWindow
0x080504CC	thumb	TradeAnimInit_LoadGfx
0x080505CC	thumb	CB2_InitInGameTrade
0x080507A0	thumb	UpdatePokedexForReceivedMon
0x08050800	thumb	TryEnableNationalDexFromLinkPartner
0x0805080C	thumb	TradeMons
0x080508F4	thumb	HandleLinkDataSend
0x08050948	thumb	CB2_InGameTrade
0x08050968	thumb	SetTradeSequenceBgGpuRegs
0x08050DE0	thumb	LoadTradeGbaSpriteGfx
0x08050E24	thumb	TradeBufferOTnameAndNicknames
0x08050F14	thumb	DoTradeAnim
0x08050F3C	thumb	DoTradeAnim_Cable
0x0805232C	thumb	DoTradeAnim_Wireless
0x08053788	thumb	CB2_TryLinkTradeEvolution
0x0805383C	thumb	HandleLinkDataReceive
0x080538BC	thumb	SpriteCB_BouncingPokeball
0x08053938	thumb	SpriteCB_BouncingPokeballDepart
0x080539AC	thumb	SpriteCB_BouncingPokeballDepartEnd
0x08053A0C	thumb	SpriteCB_BouncingPokeballArrive
0x08053A9C	thumb	GetInGameTradeSpeciesInfo
0x08053AE4	thumb	BufferInGameTradeMonName
0x08053B48	thumb	CreateInGameTradePokemonInternal
0x08053CD4	thumb	GetInGameTradeMail
0x08053D2C	thumb	GetTradeSpecies
0x08053D68	thumb	CreateInGameTradePokemon
0x08053D84	thumb	CB2_UpdateLinkTrade
0x08053E1C	thumb	CB2_WaitTradeComplete
0x08053E8C	thumb	CB2_SaveAndEndTrade
0x080543C4	thumb	CB2_FreeTradeAnim
0x08054440	thumb	DoInGameTradeScene
0x08054470	thumb	Task_InGameTrade
0x080544AC	thumb	CheckPartnersMonForRibbons
0x080544FC	thumb	LoadTradeAnimGfx
0x08054508	thumb	DrawTextOnTradeWindow
0x08054588	thumb	Task_AnimateWirelessSignal
0x0805465C	thumb	Task_OpenCenterWhiteColumn
0x08054734	thumb	Task_CloseCenterWhiteColumn
0x08054814	thumb	PlayTimeCounter_Reset
0x08054838	thumb	PlayTimeCounter_Start
0x08054860	thumb	PlayTimeCounter_Stop
0x0805486C	thumb	PlayTimeCounter_Update
0x080548D4	thumb	PlayTimeCounter_SetToMax
0x080548FC	thumb	SetTrainerId
0x0805490C	thumb	CopyTrainerId
0x08054928	thumb	InitPlayerTrainerId
0x08054954	thumb	SetDefaultOptions
0x080549AC	thumb	ClearPokedexFlags
0x080549D4	thumb	ClearBattleTower
0x080549F8	thumb	WarpToPlayersRoom
0x08054A18	thumb	Sav2_ClearSetDefault
0x08054A28	thumb	ResetMenuAndMonGlobals
0x08054A60	thumb	NewGameInitData
0x08054B70	thumb	ResetMiniGamesResults
0x08054BC8	thumb	DoWhiteOut
0x08054C04	thumb	ComputeWhiteOutMoneyLoss
0x08054C48	thumb	OverworldWhiteOutGetMoneyLoss
0x08054C70	thumb	CountBadgesForOverworldWhiteOutLossCalculation
0x08054CA0	thumb	Overworld_ResetStateAfterFly
0x08054D08	thumb	Overworld_ResetStateAfterTeleport
0x08054D70	thumb	Overworld_ResetStateAfterDigEscRope
0x08054DD8	thumb	Overworld_ResetStateAfterWhitingOut
0x08054E40	thumb	Overworld_ResetStateOnContinue
0x08054E68	thumb	ResetGameStats
0x08054E90	thumb	IncrementGameStat
0x08054EC4	thumb	GetGameStat
0x08054F00	thumb	SetGameStat
0x08054F38	thumb	ApplyNewEncryptionKeyToGameStats
0x08054F68	thumb	LoadObjEventTemplatesFromHeader
0x080550A8	thumb	LoadSaveblockObjEventScripts
0x080550D8	thumb	SetObjEventTemplateCoords
0x08055114	thumb	SetObjEventTemplateMovementType
0x08055148	thumb	InitMapView
0x08055170	thumb	GetMapLayout
0x08055198	thumb	ApplyCurrentWarp
0x080551DC	thumb	SetWarpData
0x080551FC	thumb	IsDummyWarp
0x08055238	thumb	Overworld_GetMapHeaderByGroupAndId
0x08055250	thumb	GetDestinationWarpMapHeader
0x08055274	thumb	LoadCurrentMapData
0x080552BC	thumb	LoadSaveblockMapHeader
0x080552FC	thumb	SetPlayerCoordsFromWarp
0x08055378	thumb	WarpIntoMap
0x0805538C	thumb	SetWarpDestination
0x080553C8	thumb	SetWarpDestinationToMapWarp
0x080553E8	thumb	SetDynamicWarp
0x0805541C	thumb	SetDynamicWarpWithCoords
0x08055454	thumb	SetWarpDestinationToDynamicWarp
0x0805546C	thumb	SetWarpDestinationToHealLocation
0x080554A4	thumb	SetWarpDestinationToLastHealLocation
0x080554BC	thumb	Overworld_SetWhiteoutRespawnPoint
0x080554CC	thumb	SetLastHealLocationWarp
0x0805550C	thumb	UpdateEscapeWarp
0x080555A0	thumb	SetEscapeWarp
0x080555E0	thumb	SetWarpDestinationToEscapeWarp
0x080555F8	thumb	SetFixedDiveWarp
0x08055634	thumb	SetWarpDestinationToDiveWarp
0x0805564C	thumb	SetFixedHoleWarp
0x08055688	thumb	SetWarpDestinationToFixedHoleWarp
0x080556E0	thumb	SetWarpDestinationToContinueGameWarp
0x080556F8	thumb	SetContinueGameWarp
0x08055738	thumb	SetContinueGameWarpToHealLocation
0x08055778	thumb	SetContinueGameWarpToDynamicWarp
0x0805578C	thumb	GetMapConnection
0x080557C4	thumb	SetDiveWarp
0x08055824	thumb	SetDiveWarpEmerge
0x08055844	thumb	SetDiveWarpDive
0x08055864	thumb	LoadMapFromCameraTransition
0x08055920	thumb	LoadMapFromWarp
0x080559A8	thumb	QL_LoadMapNormal
0x080559E4	thumb	ResetInitialPlayerAvatarState
0x080559F8	thumb	SetInitialPlayerAvatarStateWithDirection
0x08055A08	thumb	StoreInitialPlayerAvatarState
0x08055A6C	thumb	GetInitialPlayerAvatarState
0x08055ACC	thumb	GetAdjustedInitialTransitionFlags
0x08055B38	thumb	MetatileBehavior_IsSurfableInSeafoamIslands
0x08055B74	thumb	GetAdjustedInitialDirection
0x08055C74	thumb	GetCenterScreenMetatileBehavior
0x08055C9C	thumb	Overworld_IsBikingAllowed
0x08055CB8	thumb	SetDefaultFlashLevel
0x08055D08	thumb	SetFlashLevel
0x08055D30	thumb	Overworld_GetFlashLevel
0x08055D40	thumb	SetCurrentMapLayout
0x08055D5C	thumb	Overworld_SetWarpDestinationFromWarp
0x08055D6C	thumb	GetLocationMusic
0x08055D8C	thumb	GetCurrLocationDefaultMusic
0x08055DA4	thumb	GetWarpDestinationMusic
0x08055DB8	thumb	Overworld_ResetMapMusic
0x08055DC4	thumb	Overworld_PlaySpecialMapMusic
0x08055E78	thumb	Overworld_SetSavedMusic
0x08055E84	thumb	Overworld_ClearSavedMusic
0x08055E94	thumb	Overworld_TryMapConnectionMusicTransition
0x08055F1C	thumb	Overworld_ChangeMusicToDefault
0x08055F48	thumb	Overworld_ChangeMusicTo
0x08055F68	thumb	GetMapMusicFadeoutSpeed
0x08055F88	thumb	TryFadeOutOldMapMusic
0x08055FC4	thumb	BGMusicStopped
0x08055FD4	thumb	Overworld_FadeOutMapMusic
0x08055FE0	thumb	PlayAmbientCry
0x08056078	thumb	UpdateAmbientCry
0x0805610C	thumb	ChooseAmbientCrySpecies
0x08056124	thumb	Overworld_MusicCanOverrideMapMusic
0x08056158	thumb	GetMapTypeByGroupAndId
0x08056170	thumb	GetMapTypeByWarpData
0x08056188	thumb	GetCurrentMapType
0x080561A0	thumb	GetLastUsedWarpMapType
0x080561B4	thumb	GetLastUsedWarpMapSectionId
0x080561D8	thumb	IsMapTypeOutdoors
0x080561FC	thumb	Overworld_MapTypeAllowsTeleportAndFly
0x0805621C	thumb	IsMapTypeIndoors
0x08056238	thumb	GetSavedWarpRegionMapSectionId
0x08056260	thumb	GetCurrentRegionMapSectionId
0x08056288	thumb	GetCurrentMapBattleScene
0x080562B0	thumb	InitOverworldBgs
0x08056354	thumb	InitOverworldBgs_NoResetHeap
0x080563F0	thumb	CleanupOverworldWindowsAndTilemaps
0x08056420	thumb	ResetSafariZoneFlag_
0x0805642C	thumb	IsUpdateLinkStateCBActive
0x0805644C	thumb	DoCB1_Overworld
0x080564C8	thumb	DoCB1_Overworld_QuestLogPlayback
0x08056534	thumb	CB1_Overworld
0x08056578	thumb	OverworldBasic
0x080565A8	thumb	CB2_OverworldBasic
0x080565B4	thumb	CB2_Overworld
0x080565E0	thumb	SetMainCallback1
0x080565EC	thumb	RunFieldCallback
0x08056644	thumb	CB2_NewGame
0x080566A4	thumb	CB2_WhiteOut
0x0805671C	thumb	CB2_LoadMap
0x0805674C	thumb	CB2_LoadMap2
0x08056788	thumb	CB2_ReturnToFieldCableClub
0x080567AC	thumb	CB2_LoadMapOnReturnToFieldCableClub
0x080567DC	thumb	CB2_ReturnToField
0x08056808	thumb	CB2_ReturnToFieldLocal
0x0805682C	thumb	CB2_ReturnToFieldLink
0x08056854	thumb	CB2_ReturnToFieldFromMultiplayer
0x080568A8	thumb	CB2_ReturnToFieldWithOpenMenu
0x080568C4	thumb	CB2_ReturnToFieldContinueScript
0x080568E0	thumb	CB2_ReturnToFieldContinueScriptPlayMapMusic
0x080568FC	thumb	CB2_ReturnToFieldFromDiploma
0x08056918	thumb	FieldCB_ShowMapNameOnContinue
0x08056938	thumb	CB2_ContinueSavedGame
0x080569BC	thumb	FieldClearVBlankHBlankCallbacks
0x08056A04	thumb	SetFieldVBlankCallback
0x08056A14	thumb	VBlankCB_Field
0x08056A34	thumb	InitCurrentFlashLevelScanlineEffect
0x08056A5C	thumb	LoadMapInStepsLink
0x08056B78	thumb	LoadMapInStepsLocal
0x08056CD8	thumb	ReturnToFieldLocal
0x08056D44	thumb	ReturnToFieldLink
0x08056E5C	thumb	DoMapLoadLoop
0x08056E74	thumb	MoveSaveBlocks_ResetHeap_
0x08056E80	thumb	ResetScreenForMapLoad
0x08056F08	thumb	InitViewGraphics
0x08056F1C	thumb	InitOverworldGraphicsRegisters
0x08057024	thumb	ResumeMap
0x08057074	thumb	InitObjectEventsLink
0x0805709C	thumb	InitObjectEventsLocal
0x08057100	thumb	ReloadObjectsAndRunReturnToFieldMapScript
0x08057114	thumb	SetCameraToTrackPlayer
0x08057140	thumb	SetCameraToTrackGuestPlayer
0x0805715C	thumb	SetCameraToTrackGuestPlayer_2
0x08057178	thumb	OffsetCameraFocusByLinkPlayerId
0x080571A8	thumb	SpawnLinkPlayers
0x08057230	thumb	CreateLinkPlayerSprites
0x0805726C	thumb	CB2_SetUpOverworldForQLPlaybackWithWarpExit
0x080572A8	thumb	CB2_SetUpOverworldForQLPlayback
0x080572D8	thumb	CB2_LoadMapForQLPlayback
0x08057300	thumb	DoLoadMap_QLPlayback
0x08057314	thumb	LoadMap_QLPlayback
0x08057430	thumb	CB2_EnterFieldFromQuestLog
0x080574A4	thumb	Overworld_CreditsMainCB
0x080574EC	thumb	FieldCB2_Credits_WaitFade
0x0805750C	thumb	Overworld_DoScrollSceneForCredits
0x08057528	thumb	SetUpScrollSceneForCredits
0x08057650	thumb	MapLdr_Credits
0x08057748	thumb	CameraCB_CreditsPan
0x0805781C	thumb	Task_OvwldCredits_FadeOut
0x08057854	thumb	Task_OvwldCredits_WaitFade
0x08057884	thumb	CB1_UpdateLinkState
0x080578D8	thumb	ResetAllMultiplayerState
0x080578EC	thumb	ClearAllPlayerKeys
0x080578FC	thumb	SetKeyInterceptCallback
0x08057910	thumb	CheckRfuKeepAliveTimer
0x0805793C	thumb	ResetAllLinkStates
0x08057954	thumb	AreAllPlayersInLinkState
0x0805798C	thumb	IsAnyPlayerInLinkState
0x080579C4	thumb	HandleLinkPlayerKeyInput
0x08057BE4	thumb	UpdateAllLinkPlayers
0x08057C4C	thumb	UpdateHeldKeyCode
0x08057CB8	thumb	KeyInterCB_ReadButtons
0x08057D14	thumb	GetDirectionForDpadKey
0x08057D48	thumb	ResetPlayerHeldKeys
0x08057D5C	thumb	KeyInterCB_SelfIdle
0x08057D98	thumb	KeyInterCB_Idle
0x08057DA4	thumb	KeyInterCB_DeferToEventScript
0x08057DC8	thumb	KeyInterCB_DeferToRecvQueue
0x08057DEC	thumb	KeyInterCB_DeferToSendQueue
0x08057E10	thumb	KeyInterCB_DoNothingAndKeepAlive
0x08057E1C	thumb	KeyInterCB_Ready
0x08057E58	thumb	KeyInterCB_SetReady
0x08057E6C	thumb	KeyInterCB_SendNothing
0x08057E70	thumb	KeyInterCB_WaitForPlayersToExit
0x08057EA8	thumb	KeyInterCB_SendExitRoomKey
0x08057EBC	thumb	KeyInterCB_SendNothing_2
0x08057EC0	thumb	GetCableClubPartnersReady
0x08057F28	thumb	IsAnyPlayerExitingCableClub
0x08057F34	thumb	SetInCableClubSeat
0x08057F48	thumb	SetLinkWaitingForScript
0x08057F5C	thumb	QueueExitLinkRoomKey
0x08057F70	thumb	SetStartedCableClubActivity
0x08057F84	thumb	LoadCableClubPlayer
0x08057FEC	thumb	IsCableClubPlayerUnfrozen
0x08058004	thumb	CanCableClubPlayerPressStart
0x0805801C	thumb	TryGetTileEventScript
0x08058034	thumb	PlayerIsAtSouthExit
0x08058060	thumb	TryInteractWithPlayer
0x0805812C	thumb	GetDirectionForEventScript
0x080581BC	thumb	InitLinkPlayerQueueScript
0x080581C8	thumb	InitLinkRoomStartMenuScript
0x080581DC	thumb	RunInteractLocalPlayerScript
0x080581F8	thumb	CreateConfirmLeaveTradeRoomPrompt
0x08058214	thumb	InitMenuBasedScript
0x08058230	thumb	RunTerminateLinkScript
0x08058244	thumb	Overworld_LinkRecvQueueLengthMoreThan2
0x08058274	thumb	Overworld_RecvKeysFromLinkIsRunning
0x080582E0	thumb	Overworld_SendKeysToLinkIsRunning
0x08058318	thumb	IsSendingKeysOverCable
0x0805833C	thumb	GetLinkSendQueueLength
0x08058370	thumb	ZeroLinkPlayerObjectEvent
0x08058378	thumb	ClearLinkPlayerObjectEvents
0x0805838C	thumb	ZeroObjectEvent
0x0805839C	thumb	SpawnLinkPlayerObjectEvent
0x08058448	thumb	InitLinkPlayerObjectEventPos
0x08058488	thumb	SetLinkPlayerObjectRange
0x080584B8	thumb	DestroyLinkPlayerObject
0x08058504	thumb	GetSpriteForLinkedPlayer
0x08058524	thumb	GetLinkPlayerCoords
0x0805854C	thumb	GetLinkPlayerFacingDirection
0x0805856C	thumb	GetLinkPlayerElevation
0x08058590	thumb	GetLinkPlayerObjectStepTimer
0x080585B8	thumb	GetLinkPlayerIdAt
0x08058618	thumb	SetPlayerFacingDirection
0x08058684	thumb	MovementEventModeCB_Normal
0x080586A4	thumb	MovementEventModeCB_Ignored
0x080586A8	thumb	MovementEventModeCB_Normal_2
0x080586C8	thumb	FacingHandler_DoNothing
0x080586CC	thumb	FacingHandler_DpadMovement
0x08058734	thumb	FacingHandler_ForcedFacingChange
0x0805874C	thumb	MovementStatusHandler_EnterFreeMode
0x08058754	thumb	MovementStatusHandler_TryAdvanceScript
0x0805878C	thumb	FlipVerticalAndClearForced
0x080587EC	thumb	LinkPlayerDetectCollision
0x08058878	thumb	CreateLinkPlayerSprite
0x0805890C	thumb	SpriteCB_LinkPlayer
0x080589C4	thumb	GetMapHeaderFromConnection
0x080589D4	thumb	InitMap
0x080589E8	thumb	InitMapFromSavedGame
0x08058A00	thumb	InitMapLayoutData
0x08058A70	thumb	InitBackupMapLayoutData
0x08058AC8	thumb	InitBackupMapLayoutConnections
0x08058B54	thumb	FillConnection
0x08058BB8	thumb	FillSouthConnection
0x08058C20	thumb	FillNorthConnection
0x08058C80	thumb	FillWestConnection
0x08058CE0	thumb	FillEastConnection
0x08058D44	thumb	MapGridGetElevationAt
0x08058DC4	thumb	MapGridGetCollisionAt
0x08058E48	thumb	MapGridGetMetatileIdAt
0x08058F1C	thumb	ExtractMetatileAttribute
0x08058F48	thumb	MapGridGetMetatileAttributeAt
0x08058F78	thumb	MapGridGetMetatileBehaviorAt
0x08058F8C	thumb	MapGridGetMetatileLayerTypeAt
0x08058FA4	thumb	MapGridSetMetatileIdAt
0x08058FEC	thumb	MapGridSetMetatileEntryAt
0x08059024	thumb	MapGridSetMetatileImpassabilityAt
0x08059080	thumb	GetAttributeByMetatileIdAndMapLayout
0x080590D8	thumb	SaveMapView
0x08059158	thumb	SavedMapViewIsEmpty
0x08059198	thumb	ClearSavedMapView
0x080591C4	thumb	LoadSavedMapView
0x08059250	thumb	MoveMapViewToBackup
0x08059334	thumb	GetMapBorderIdAt
0x0805943C	thumb	GetPostCameraMoveMapBorderId
0x08059464	thumb	CanCameraMoveInDirection
0x080594AC	thumb	SetPositionFromConnection
0x08059530	thumb	CameraMove
0x08059600	thumb	GetIncomingConnection
0x08059658	thumb	IsPosInIncomingConnectingMap
0x080596BC	thumb	IsCoordInIncomingConnectingMap
0x080596E8	thumb	IsCoordInConnectingMap
0x080596FC	thumb	IsPosInConnectingMap
0x0805973C	thumb	GetMapConnectionAtPos
0x080597EC	thumb	SetCameraFocusCoords
0x08059808	thumb	GetCameraFocusCoords
0x08059820	thumb	SetCameraCoords
0x08059830	thumb	GetCameraCoords
0x08059844	thumb	CopyTilesetToVram
0x08059888	thumb	CopyTilesetToVramUsingHeap
0x080598CC	thumb	ApplyGlobalTintToPaletteEntries
0x08059948	thumb	ApplyGlobalTintToPaletteSlot
0x080599C8	thumb	LoadTilesetPalette
0x08059A54	thumb	CopyPrimaryTilesetToVram
0x08059A68	thumb	CopySecondaryTilesetToVram
0x08059A7C	thumb	CopySecondaryTilesetToVramUsingHeap
0x08059A90	thumb	LoadPrimaryTilesetPalette
0x08059AA0	thumb	LoadSecondaryTilesetPalette
0x08059AB0	thumb	CopyMapTilesetsToVram
0x08059AD8	thumb	LoadMapTilesetPalettes
0x08059AF0	thumb	MetatileBehavior_IsATile
0x08059AF4	thumb	MetatileBehavior_IsJumpEast
0x08059B08	thumb	MetatileBehavior_IsJumpWest
0x08059B1C	thumb	MetatileBehavior_IsJumpNorth
0x08059B30	thumb	MetatileBehavior_IsJumpSouth
0x08059B44	thumb	MetatileBehavior_IsPokeGrass
0x08059B5C	thumb	MetatileBehavior_IsSand
0x08059B74	thumb	MetatileBehavior_IsSandOrShallowFlowingWater
0x08059B8C	thumb	MetatileBehavior_IsDeepSand
0x08059B90	thumb	MetatileBehavior_IsReflective
0x08059BB4	thumb	MetatileBehavior_IsIce
0x08059BC8	thumb	MetatileBehavior_IsWarpDoor
0x08059BDC	thumb	MetatileBehavior_IsWarpDoor_2
0x08059BF0	thumb	MetatileBehavior_IsEscalator
0x08059C0C	thumb	MetatileBehavior_IsDirectionalUpRightStairWarp
0x08059C20	thumb	MetatileBehavior_IsDirectionalUpLeftStairWarp
0x08059C34	thumb	MetatileBehavior_IsDirectionalDownRightStairWarp
0x08059C48	thumb	MetatileBehavior_IsDirectionalDownLeftStairWarp
0x08059C5C	thumb	MetatileBehavior_IsDirectionalStairWarp
0x08059C78	thumb	MetatileBehavior_IsLadder
0x08059C8C	thumb	MetatileBehavior_IsNonAnimDoor
0x08059CA0	thumb	MetatileBehavior_IsDeepSouthWarp
0x08059CA4	thumb	MetatileBehavior_IsSurfable
0x08059CC8	thumb	MetatileBehavior_IsFastWater
0x08059CDC	thumb	MetatileBehavior_IsEastArrowWarp
0x08059CF0	thumb	MetatileBehavior_IsWestArrowWarp
0x08059D04	thumb	MetatileBehavior_IsNorthArrowWarp
0x08059D18	thumb	MetatileBehavior_IsSouthArrowWarp
0x08059D2C	thumb	MetatileBehavior_IsArrowWarp
0x08059D70	thumb	MetatileBehavior_IsForcedMovementTile
0x08059DAC	thumb	MetatileBehavior_IsIce_2
0x08059DC0	thumb	MetatileBehavior_IsTrickHouseSlipperyFloor
0x08059DD4	thumb	MetatileBehavior_IsWalkNorth
0x08059DE8	thumb	MetatileBehavior_IsWalkSouth
0x08059DFC	thumb	MetatileBehavior_IsWalkWest
0x08059E10	thumb	MetatileBehavior_IsWalkEast
0x08059E24	thumb	MetatileBehavior_IsNorthwardCurrent
0x08059E38	thumb	MetatileBehavior_IsSouthwardCurrent
0x08059E4C	thumb	MetatileBehavior_IsWestwardCurrent
0x08059E60	thumb	MetatileBehavior_IsEastwardCurrent
0x08059E74	thumb	MetatileBehavior_IsSlideNorth
0x08059E88	thumb	MetatileBehavior_IsSlideSouth
0x08059E9C	thumb	MetatileBehavior_IsSlideWest
0x08059EB0	thumb	MetatileBehavior_IsSlideEast
0x08059EC4	thumb	MetatileBehavior_IsCounter
0x08059ED8	thumb	MetatileBehavior_IsPlayerFacingTVScreen
0x08059EF4	thumb	MetatileBehavior_IsPC
0x08059F08	thumb	MetatileBehavior_HasRipples
0x08059F20	thumb	MetatileBehavior_IsPuddle
0x08059F34	thumb	MetatileBehavior_IsTallGrass
0x08059F4C	thumb	MetatileBehavior_IsLongGrass
0x08059F50	thumb	MetatileBehavior_IsAshGrass
0x08059F54	thumb	MetatileBehavior_IsFootprints
0x08059F58	thumb	MetatileBehavior_IsBridge
0x08059F5C	thumb	MetatileBehavior_GetBridgeType
0x08059F60	thumb	MetatileBehavior_IsUnused01
0x08059F74	thumb	MetatileBehavior_UnusedIsTallGrass
0x08059F88	thumb	MetatileBehavior_IsIndoorEncounter
0x08059F9C	thumb	MetatileBehavior_IsMountain
0x08059FB0	thumb	MetatileBehavior_IsDiveable
0x08059FCC	thumb	MetatileBehavior_IsUnableToEmerge
0x08059FE0	thumb	MetatileBehavior_IsShallowFlowingWater
0x08059FF4	thumb	MetatileBehavior_IsThinIce
0x0805A008	thumb	MetatileBehavior_IsCrackedIce
0x0805A01C	thumb	MetatileBehavior_IsDeepWaterTerrain
0x0805A03C	thumb	MetatileBehavior_IsUnusedWater
0x0805A050	thumb	MetatileBehavior_IsSurfableAndNotWaterfall
0x0805A07C	thumb	MetatileBehavior_IsEastBlocked
0x0805A098	thumb	MetatileBehavior_IsWestBlocked
0x0805A0B4	thumb	MetatileBehavior_IsNorthBlocked
0x0805A0D0	thumb	MetatileBehavior_IsSouthBlocked
0x0805A0EC	thumb	MetatileBehavior_IsShortGrass
0x0805A0F0	thumb	MetatileBehavior_IsHotSprings
0x0805A104	thumb	MetatileBehavior_IsWaterfall
0x0805A118	thumb	MetatileBehavior_IsFortreeBridge
0x0805A11C	thumb	MetatileBehavior_IsPacifidlogVerticalLogTop
0x0805A120	thumb	MetatileBehavior_IsPacifidlogVerticalLogBottom
0x0805A124	thumb	MetatileBehavior_IsPacifidlogHorizontalLogLeft
0x0805A128	thumb	MetatileBehavior_IsPacifidlogHorizontalLogRight
0x0805A12C	thumb	MetatileBehavior_IsPacifidlogLog
0x0805A130	thumb	MetatileBehavior_IsTrickHousePuzzleDoor
0x0805A134	thumb	MetatileBehavior_IsRegionMap
0x0805A148	thumb	MetatileBehavior_IsRoulette
0x0805A14C	thumb	MetatileBehavior_IsPokeblockFeeder
0x0805A150	thumb	MetatileBehavior_IsSecretBaseJumpMat
0x0805A154	thumb	MetatileBehavior_IsSecretBaseSpinMat
0x0805A158	thumb	MetatileBehavior_IsLavaridgeB1FWarp
0x0805A15C	thumb	MetatileBehavior_IsLavaridge1FWarp
0x0805A170	thumb	MetatileBehavior_IsWarpPad
0x0805A184	thumb	MetatileBehavior_IsUnionRoomWarp
0x0805A198	thumb	MetatileBehavior_IsWater
0x0805A1C4	thumb	MetatileBehavior_IsFallWarp
0x0805A1D8	thumb	MetatileBehavior_IsCrackedFloor
0x0805A1DC	thumb	MetatileBehavior_IsCyclingRoadPullDownTile
0x0805A1F8	thumb	MetatileBehavior_IsCyclingRoadPullDownTileGrass
0x0805A20C	thumb	MetatileBehavior_IsBumpySlope
0x0805A210	thumb	MetatileBehavior_IsIsolatedVerticalRail
0x0805A214	thumb	MetatileBehavior_IsIsolatedHorizontalRail
0x0805A218	thumb	MetatileBehavior_IsVerticalRail
0x0805A21C	thumb	MetatileBehavior_IsHorizontalRail
0x0805A220	thumb	MetatileBehavior_IsSeaweed
0x0805A234	thumb	MetatileBehavior_IsRunningDisallowed
0x0805A248	thumb	MetatileBehavior_IsPictureBookShelf
0x0805A24C	thumb	MetatileBehavior_IsBookshelf
0x0805A260	thumb	MetatileBehavior_IsPokeMartShelf
0x0805A274	thumb	MetatileBehavior_IsPlayerFacingPokemonCenterSign
0x0805A290	thumb	MetatileBehavior_IsPlayerFacingPokeMartSign
0x0805A2AC	thumb	MetatileBehavior_UnknownDummy1
0x0805A2B0	thumb	MetatileBehavior_UnknownDummy2
0x0805A2B4	thumb	MetatileBehavior_UnknownDummy3
0x0805A2B8	thumb	MetatileBehavior_UnknownDummy4
0x0805A2BC	thumb	TestMetatileAttributeBit
0x0805A2E0	thumb	MetatileBehavior_IsSpinRight
0x0805A2F4	thumb	MetatileBehavior_IsSpinLeft
0x0805A308	thumb	MetatileBehavior_IsSpinUp
0x0805A31C	thumb	MetatileBehavior_IsSpinDown
0x0805A330	thumb	MetatileBehavior_IsStopSpinning
0x0805A344	thumb	MetatileBehavior_IsSpinTile
0x0805A360	thumb	MetatileBehavior_IsSignpost
0x0805A374	thumb	MetatileBehavior_IsCabinet
0x0805A388	thumb	MetatileBehavior_IsKitchen
0x0805A39C	thumb	MetatileBehavior_IsDresser
0x0805A3B0	thumb	MetatileBehavior_IsSnacks
0x0805A3C4	thumb	MetatileBehavior_IsStrengthButton
0x0805A3D8	thumb	MetatileBehavior_IsPlayerFacingCableClubWirelessMonitor
0x0805A3F4	thumb	MetatileBehavior_IsPlayerFacingBattleRecords
0x0805A410	thumb	MetatileBehavior_IsQuestionnaire
0x0805A424	thumb	MetatileBehavior_IsIndigoPlateauSign1
0x0805A438	thumb	MetatileBehavior_IsIndigoPlateauSign2
0x0805A44C	thumb	MetatileBehavior_IsFood
0x0805A460	thumb	MetatileBehavior_IsRockStairs
0x0805A474	thumb	MetatileBehavior_IsBlueprints
0x0805A488	thumb	MetatileBehavior_IsPainting
0x0805A49C	thumb	MetatileBehavior_IsPowerPlantMachine
0x0805A4B0	thumb	MetatileBehavior_IsTelephone
0x0805A4C4	thumb	MetatileBehavior_IsComputer
0x0805A4D8	thumb	MetatileBehavior_IsAdvertisingPoster
0x0805A4EC	thumb	MetatileBehavior_IsTastyFood
0x0805A500	thumb	MetatileBehavior_IsTrashBin
0x0805A514	thumb	MetatileBehavior_IsCup
0x0805A528	thumb	MetatileBehavior_IsPolishedWindow
0x0805A52C	thumb	MetatileBehavior_IsBeautifulSkyWindow
0x0805A530	thumb	MetatileBehavior_IsBlinkingLights
0x0805A544	thumb	MetatileBehavior_IsNeatlyLinedUpTools
0x0805A558	thumb	MetatileBehavior_IsImpressiveMachine
0x0805A56C	thumb	MetatileBehavior_IsVideoGame
0x0805A580	thumb	MetatileBehavior_IsBurglary
0x0805A594	thumb	MetatileBehavior_IsTrainerTowerMonitor
0x0805A5A8	thumb	move_tilemap_camera_to_upper_left_corner_
0x0805A5B8	thumb	tilemap_move_something
0x0805A5D4	thumb	coords8_add
0x0805A5E4	thumb	move_tilemap_camera_to_upper_left_corner
0x0805A5F4	thumb	FieldUpdateBgTilemapScroll
0x0805A658	thumb	FieldCameraGetPixelOffsetAtGround
0x0805A684	thumb	DrawWholeMapView
0x0805A6A8	thumb	DrawWholeMapViewInternal
0x0805A72C	thumb	RedrawMapSlicesForCameraUpdate
0x0805A778	thumb	RedrawMapSliceNorth
0x0805A7D8	thumb	RedrawMapSliceSouth
0x0805A824	thumb	RedrawMapSliceEast
0x0805A87C	thumb	RedrawMapSliceWest
0x0805A8E8	thumb	CurrentMapDrawMetatileAt
0x0805A91C	thumb	DrawDoorMetatileAt
0x0805A948	thumb	DrawMetatileAt
0x0805A9B4	thumb	DrawMetatile
0x0805AAE8	thumb	MapPosToBgTilemapOffset
0x0805AB30	thumb	CameraUpdateCallback
0x0805AB58	thumb	ResetCameraUpdateInfo
0x0805AB70	thumb	InitCameraUpdateCallback
0x0805ABB0	thumb	CameraUpdate
0x0805ACB4	thumb	MoveCameraAndRedrawMap
0x0805ACF0	thumb	CameraUpdateNoObjectRefresh
0x0805ADD4	thumb	SetCameraPanningCallback
0x0805ADE0	thumb	SetCameraPanning
0x0805ADF8	thumb	InstallCameraPanAheadCallback
0x0805AE28	thumb	UpdateCameraPanning
0x0805AE74	thumb	CameraPanningCB_PanAhead
0x0805AF14	thumb	DrawDoor
0x0805AF54	thumb	DrawClosedDoorTiles
0x0805AF80	thumb	CopyDoorTilesToVram
0x0805AF94	thumb	DrawCurrentDoorAnimFrame
0x0805AFE8	thumb	BuildDoorTiles
0x0805B028	thumb	Task_AnimateDoor
0x0805B060	thumb	AnimateDoorFrame
0x0805B0C4	thumb	GetDoorGraphics
0x0805B0E8	thumb	StartDoorAnimationTask
0x0805B14C	thumb	DrawClosedDoor
0x0805B158	thumb	DrawOpenedDoor
0x0805B1A4	thumb	GetLastDoorAnimFrame
0x0805B1B8	thumb	AnimateDoorOpenInternal
0x0805B210	thumb	StartDoorCloseAnimation
0x0805B268	thumb	FieldSetDoorOpened
0x0805B29C	thumb	FieldSetDoorClosed
0x0805B2D0	thumb	FieldAnimateDoorClose
0x0805B310	thumb	FieldAnimateDoorOpen
0x0805B350	thumb	FieldIsDoorAnimationRunning
0x0805B364	thumb	GetDoorSoundEffect
0x0805B388	thumb	GetDoorSoundType
0x0805B3B8	thumb	MovementType_Player
0x0805B3DC	thumb	ObjectEventCB2_NoMovement2
0x0805B3E0	thumb	player_step
0x0805B45C	thumb	TryInterruptObjectEventSpecialAnim
0x0805B4B0	thumb	npc_clear_strange_bits
0x0805B4D4	thumb	MovePlayerAvatarUsingKeypadInput
0x0805B50C	thumb	PlayerAllowForcedMovementIfMovingSameDirection
0x0805B528	thumb	TryUpdatePlayerSpinDirection
0x0805B5A0	thumb	TryDoMetatileBehaviorForcedMovement
0x0805B644	thumb	ForcedMovement_None
0x0805B690	thumb	DoForcedMovement
0x0805B708	thumb	DoForcedMovementInCurrentDirection
0x0805B73C	thumb	ForcedMovement_Slip
0x0805B750	thumb	ForcedMovement_WalkSouth
0x0805B768	thumb	ForcedMovement_WalkNorth
0x0805B780	thumb	ForcedMovement_WalkWest
0x0805B798	thumb	ForcedMovement_WalkEast
0x0805B7B0	thumb	ForcedMovement_SpinRight
0x0805B7CC	thumb	ForcedMovement_SpinLeft
0x0805B7E8	thumb	ForcedMovement_SpinUp
0x0805B804	thumb	ForcedMovement_SpinDown
0x0805B820	thumb	PlaySpinSound
0x0805B82C	thumb	ForcedMovement_PushedSouthByCurrent
0x0805B844	thumb	ForcedMovement_PushedNorthByCurrent
0x0805B85C	thumb	ForcedMovement_PushedWestByCurrent
0x0805B874	thumb	ForcedMovement_PushedEastByCurrent
0x0805B88C	thumb	ForcedMovement_Slide
0x0805B8C4	thumb	ForcedMovement_SlideSouth
0x0805B8DC	thumb	ForcedMovement_SlideNorth
0x0805B8F4	thumb	ForcedMovement_SlideWest
0x0805B90C	thumb	ForcedMovement_SlideEast
0x0805B924	thumb	ForcedMovement_MatJump
0x0805B930	thumb	ForcedMovement_MatSpin
0x0805B93C	thumb	MovePlayerNotOnBike
0x0805B96C	thumb	CheckMovementInputNotOnBike
0x0805B9B0	thumb	PlayerNotOnBikeNotMoving
0x0805B9C4	thumb	PlayerNotOnBikeTurningInPlace
0x0805B9D4	thumb	PlayerNotOnBikeMoving
0x0805BAAC	thumb	PlayerIsMovingOnRockStairs
0x0805BB1C	thumb	CheckForPlayerAvatarCollision
0x0805BBA8	thumb	CheckForObjectEventCollision
0x0805BC60	thumb	CanStopSurfing
0x0805BCC8	thumb	ShouldJumpLedge
0x0805BCEC	thumb	TryPushBoulder
0x0805BDAC	thumb	CheckAcroBikeCollision
0x0805BDEC	thumb	SetPlayerAvatarTransitionFlags
0x0805BE08	thumb	DoPlayerAvatarTransition
0x0805BE5C	thumb	PlayerAvatarTransition_Dummy
0x0805BE60	thumb	PlayerAvatarTransition_Normal
0x0805BE74	thumb	PlayerAvatarTransition_Bike
0x0805BE90	thumb	PlayerAvatarTransition_Surfing
0x0805BEA4	thumb	PlayerAvatarTransition_Underwater
0x0805BEA8	thumb	PlayerAvatarTransition_ReturnToField
0x0805BEB8	thumb	UpdatePlayerAvatarTransitionState
0x0805BEFC	thumb	PlayerAnimIsMultiFrameStationary
0x0805BF58	thumb	PlayerAnimIsMultiFrameStationaryAndStateNotTurning
0x0805BF7C	thumb	PlayerIsAnimActive
0x0805BFA0	thumb	PlayerCheckIfAnimFinishedOrInactive
0x0805BFC4	thumb	PlayerSetCopyableMovement
0x0805BFE0	thumb	PlayerGetCopyableMovement
0x0805BFFC	thumb	PlayerForceSetHeldMovement
0x0805C024	thumb	PlayerSetAnimId
0x0805C06C	thumb	QL_TryRecordPlayerStepWithDuration0
0x0805C0A4	thumb	QL_TryRecordNPCStepWithDuration32
0x0805C0D4	thumb	PlayerWalkSlower
0x0805C0EC	thumb	PlayerWalkSlow
0x0805C104	thumb	PlayerWalkNormal
0x0805C11C	thumb	PlayerWalkFast
0x0805C134	thumb	PlayerGlide
0x0805C14C	thumb	PlayerRideWaterCurrent
0x0805C164	thumb	PlayerWalkFaster
0x0805C17C	thumb	PlayerRun
0x0805C194	thumb	PlayerRunSlow
0x0805C1AC	thumb	PlayerOnBikeCollide
0x0805C1D0	thumb	PlayerNotOnBikeCollide
0x0805C1F4	thumb	PlayerFaceDirection
0x0805C20C	thumb	PlayerFaceDirectionFast
0x0805C224	thumb	PlayerTurnInPlace
0x0805C23C	thumb	PlayerJumpLedge
0x0805C260	thumb	PlayerShakeHeadOrWalkInPlace
0x0805C270	thumb	HandleEnforcedLookDirectionOnPlayerStopMoving
0x0805C2B4	thumb	PlayerGoSpin
0x0805C2CC	thumb	PlayerApplyTileForcedMovement
0x0805C30C	thumb	PlayerIdleWheelie
0x0805C324	thumb	PlayerStartWheelie
0x0805C33C	thumb	PlayerEndWheelie
0x0805C354	thumb	PlayerStandingHoppingWheelie
0x0805C378	thumb	PlayerMovingHoppingWheelie
0x0805C39C	thumb	PlayerLedgeHoppingWheelie
0x0805C3C0	thumb	PlayerAcroTurnJump
0x0805C3E4	thumb	PlayerAcroWheelieCollide
0x0805C408	thumb	PlayerAcroPopWheelie
0x0805C420	thumb	PlayerAcroWheelieMove
0x0805C438	thumb	PlayCollisionSoundIfNotFacingWarp
0x0805C4F4	thumb	GetXYCoordsOneStepInFrontOfPlayer
0x0805C538	thumb	PlayerGetDestCoords
0x0805C568	thumb	player_get_pos_including_state_based_drift
0x0805C6C4	thumb	GetPlayerFacingDirection
0x0805C6E4	thumb	GetPlayerMovementDirection
0x0805C700	thumb	PlayerGetElevation
0x0805C71C	thumb	MovePlayerToMapCoords
0x0805C74C	thumb	TestPlayerAvatarFlags
0x0805C75C	thumb	GetPlayerAvatarFlags
0x0805C768	thumb	GetPlayerAvatarObjectId
0x0805C774	thumb	CancelPlayerForcedMovement
0x0805C780	thumb	StopPlayerAvatar
0x0805C7C8	thumb	GetRivalAvatarGraphicsIdByStateIdAndGender
0x0805C7E0	thumb	GetPlayerAvatarGraphicsIdByStateIdAndGender
0x0805C7F8	thumb	GetRSAvatarGraphicsIdByGender
0x0805C808	thumb	GetPlayerAvatarGraphicsIdByStateId
0x0805C824	thumb	GetPlayerAvatarGenderByGraphicsId
0x0805C83C	thumb	PartyHasMonWithSurf
0x0805C88C	thumb	IsPlayerSurfingNorth
0x0805C8B0	thumb	IsPlayerFacingSurfableFishableWater
0x0805C938	thumb	MetatileAtCoordsIsWaterTile
0x0805C95C	thumb	ClearPlayerAvatarInfo
0x0805C970	thumb	SetPlayerAvatarStateMask
0x0805C988	thumb	GetPlayerAvatarStateTransitionByGraphicsId
0x0805C9C8	thumb	GetPlayerAvatarGraphicsIdByCurrentState
0x0805CA0C	thumb	SetPlayerAvatarExtraStateTransition
0x0805CA3C	thumb	InitPlayerAvatar
0x0805CB04	thumb	SetPlayerInvisibility
0x0805CB70	thumb	StartPlayerAvatarSummonMonForFieldMoveAnim
0x0805CBB8	thumb	GetPlayerAvatarVsSeekerGfxId
0x0805CBE8	thumb	StartPlayerAvatarVsSeekerAnim
0x0805CC2C	thumb	StartPlayerAvatarFishAnim
0x0805CC38	thumb	PlayerUseAcroBikeOnBumpySlope
0x0805CC3C	thumb	SetPlayerAvatarWatering
0x0805CC40	thumb	HandleWarpArrowSpriteHideShow
0x0805CCD0	thumb	StartStrengthAnim
0x0805CD0C	thumb	Task_BumpBoulder
0x0805CD64	thumb	DoBoulderInit
0x0805CD84	thumb	DoBoulderDust
0x0805CE20	thumb	DoBoulderFinish
0x0805CE80	thumb	DoPlayerMatJump
0x0805CEA0	thumb	DoPlayerAvatarSecretBaseMatJump
0x0805CEEC	thumb	PlayerAvatar_DoSecretBaseMatJump
0x0805CF58	thumb	DoPlayerMatSpin
0x0805CF78	thumb	PlayerAvatar_DoSecretBaseMatSpin
0x0805CFC4	thumb	PlayerAvatar_SecretBaseMatSpinStep0
0x0805CFEC	thumb	PlayerAvatar_SecretBaseMatSpinStep1
0x0805D064	thumb	PlayerAvatar_SecretBaseMatSpinStep2
0x0805D0A4	thumb	PlayerAvatar_SecretBaseMatSpinStep3
0x0805D0F8	thumb	CreateStopSurfingTask
0x0805D154	thumb	CreateStopSurfingTask_NoMusicChange
0x0805D1A8	thumb	SeafoamIslandsB4F_CurrentDumpsPlayerOnLand
0x0805D1D4	thumb	Task_StopSurfingInit
0x0805D240	thumb	Task_WaitStopSurfing
0x0805D2C0	thumb	StartFishing
0x0805D304	thumb	Task_Fishing
0x0805D33C	thumb	Fishing1
0x0805D35C	thumb	Fishing2
0x0805D3F4	thumb	Fishing3
0x0805D430	thumb	Fishing4
0x0805D47C	thumb	Fishing5
0x0805D508	thumb	Fishing6
0x0805D574	thumb	Fishing7
0x0805D580	thumb	Fishing8
0x0805D5EC	thumb	Fishing9
0x0805D66C	thumb	Fishing10
0x0805D6C8	thumb	Fishing11
0x0805D7C0	thumb	Fishing12
0x0805D838	thumb	Fishing13
0x0805D8AC	thumb	Fishing14
0x0805D8D8	thumb	Fishing15
0x0805D980	thumb	Fishing16
0x0805D9C4	thumb	AlignFishingAnimationFrames
0x0805DAB0	thumb	StartTeleportWarpOutPlayerAnim
0x0805DAD0	thumb	WaitTeleportWarpOutPlayerAnim
0x0805DAE4	thumb	SavePlayerFacingDirectionForTeleport
0x0805DAF0	thumb	GetTeleportSavedFacingDirection
0x0805DB04	thumb	Task_TeleportWarpOutPlayerAnim
0x0805DC04	thumb	StartTeleportInPlayerAnim
0x0805DC24	thumb	WaitTeleportInPlayerAnim
0x0805DC38	thumb	Task_TeleportWarpInPlayerAnim
0x0805DDC8	thumb	TeleportAnim_RotatePlayer
0x0805DE2C	thumb	ClearObjectEvent
0x0805DE4C	thumb	ClearAllObjectEvents
0x0805DE74	thumb	ResetObjectEvents
0x0805DE8C	thumb	CreateReflectionEffectSprites
0x0805DF30	thumb	GetFirstInactiveObjectEventId
0x0805DF60	thumb	GetObjectEventIdByLocalIdAndMap
0x0805DF84	thumb	TryGetObjectEventIdByLocalIdAndMap
0x0805DFB0	thumb	GetObjectEventIdByXY
0x0805DFF4	thumb	GetObjectEventIdByLocalIdAndMapInternal
0x0805E044	thumb	GetObjectEventIdByLocalId
0x0805E080	thumb	InitObjectEventStateFromTemplate
0x0805E238	thumb	ShouldInitObjectEventStateFromTemplate
0x0805E27C	thumb	TemplateIsObstacleAndWithinView
0x0805E2E8	thumb	TemplateIsObstacleAndVisibleFromConnectingMap
0x0805E384	thumb	SetHideObstacleFlag
0x0805E3A0	thumb	Unref_TryInitLocalObjectEvent
0x0805E414	thumb	GetAvailableObjectEventId
0x0805E4B4	thumb	RemoveObjectEvent
0x0805E4C8	thumb	RemoveObjectEventByLocalIdAndMap
0x0805E510	thumb	RemoveObjectEventInternal
0x0805E55C	thumb	Unref_RemoveAllObjectEventsExceptPlayer
0x0805E590	thumb	TrySetupObjectEventSprite
0x0805E72C	thumb	TrySpawnObjectEventTemplate
0x0805E7F4	thumb	SpawnSpecialObjectEvent
0x0805E830	thumb	SpawnSpecialObjectEventParameterized
0x0805E898	thumb	TrySpawnObjectEvent
0x0805E8E8	thumb	CopyObjectGraphicsInfoToSpriteTemplate
0x0805E940	thumb	CopyObjectGraphicsInfoToSpriteTemplate_WithMovementType
0x0805E960	thumb	MakeObjectTemplateFromObjectEventTemplate
0x0805E978	thumb	CreateObjectGraphicsSprite
0x0805E9F8	thumb	CreateVirtualObject
0x0805EB44	thumb	CreateFameCheckerObject
0x0805EC30	thumb	TrySpawnObjectEvents
0x0805ED10	thumb	RemoveObjectEventsOutsideView
0x0805ED70	thumb	RemoveObjectEventIfOutsideView
0x0805EDF0	thumb	SpawnObjectEventsOnReturnToField
0x0805EE3C	thumb	SpawnObjectEventOnReturnToField
0x0805EFF4	thumb	ResetObjectEventFldEffData
0x0805F02C	thumb	SetPlayerAvatarObjectEventIdAndObjectId
0x0805F060	thumb	ObjectEventSetGraphicsId
0x0805F1D8	thumb	ObjectEventSetGraphicsIdByLocalIdAndMap
0x0805F218	thumb	ObjectEventTurn
0x0805F268	thumb	ObjectEventTurnByLocalIdAndMap
0x0805F2A8	thumb	PlayerObjectTurn
0x0805F2C8	thumb	GetObjectEventGraphicsInfo
0x0805F2F8	thumb	SetObjectEventDynamicGraphicsId
0x0805F314	thumb	SetObjectInvisibility
0x0805F364	thumb	ObjectEventGetLocalIdAndMap
0x0805F378	thumb	EnableObjectGroundEffectsByXY
0x0805F3A8	thumb	SetObjectSubpriority
0x0805F400	thumb	ResetObjectSubpriority
0x0805F448	thumb	SetObjectPositionByLocalIdAndMap
0x0805F49C	thumb	FreeAndReserveObjectSpritePalettes
0x0805F4B0	thumb	LoadObjectEventPalette
0x0805F4DC	thumb	LoadObjectEventPaletteSet
0x0805F510	thumb	TryLoadObjectPalette
0x0805F538	thumb	PatchObjectPalette
0x0805F574	thumb	PatchObjectPaletteRange
0x0805F5A0	thumb	FindObjectEventPaletteIndexByTag
0x0805F5E8	thumb	LoadPlayerObjectReflectionPalette
0x0805F658	thumb	LoadSpecialObjectReflectionPalette
0x0805F6D0	thumb	GetReflectionEffectPaletteSlot
0x0805F6E0	thumb	IncrementObjectEventCoords
0x0805F700	thumb	ShiftObjectEventCoords
0x0805F710	thumb	SetObjectEventCoords
0x0805F724	thumb	MoveObjectEventToMapCoords
0x0805F7C4	thumb	TryMoveObjectEventToMapCoords
0x0805F818	thumb	ShiftStillObjectEventCoords
0x0805F82C	thumb	UpdateObjectEventCoordsForCameraUpdate
0x0805F894	thumb	GetObjectEventIdByPosition
0x0805F8FC	thumb	ObjectEventDoesElevationMatch
0x0805F924	thumb	UpdateObjectEventsForCameraUpdate
0x0805F950	thumb	AddCameraObject
0x0805F994	thumb	ObjectCB_CameraObject
0x0805F9BC	thumb	CameraObject_0
0x0805F9F8	thumb	CameraObject_1
0x0805FA30	thumb	CameraObject_2
0x0805FA60	thumb	FindCameraObject
0x0805FAA8	thumb	CameraObjectReset1
0x0805FAC4	thumb	CameraObjectSetFollowedObjectId
0x0805FAE0	thumb	CameraObjectGetFollowedObjectId
0x0805FAF8	thumb	CameraObjectReset2
0x0805FB08	thumb	CopySprite
0x0805FB6C	thumb	CreateCopySpriteAt
0x0805FBDC	thumb	SetObjectEventDirection
0x0805FC20	thumb	GetObjectEventScriptPointerByLocalIdAndMap
0x0805FC38	thumb	GetObjectEventScriptPointerByObjectEventId
0x0805FC5C	thumb	GetObjectEventFlagIdByLocalIdAndMap
0x0805FC74	thumb	GetObjectEventFlagIdByObjectEventId
0x0805FC9C	thumb	GetObjectTrainerTypeByLocalIdAndMap
0x0805FCD8	thumb	GetBoulderRevealFlagByLocalIdAndMap
0x0805FCF0	thumb	GetObjectTrainerTypeByObjectEventId
0x0805FD08	thumb	GetObjectEventBerryTreeIdByLocalIdAndMap
0x0805FD44	thumb	GetObjectEventBerryTreeId
0x0805FD5C	thumb	GetObjectEventTemplateByLocalIdAndMap
0x0805FDB0	thumb	FindObjectEventTemplateByLocalId
0x0805FDE8	thumb	GetBaseTemplateForObjectEvent
0x0805FE5C	thumb	OverrideTemplateCoordsForObjectEvent
0x0805FE7C	thumb	OverrideMovementTypeForObjectEvent
0x0805FE94	thumb	TryOverrideObjectEventTemplateCoords
0x0805FECC	thumb	InitObjectEventPalettes
0x0805FF34	thumb	GetObjectPaletteTag
0x0805FFB4	thumb	MovementType_None
0x0805FFD8	thumb	MovementType_None_callback
0x0805FFDC	thumb	MovementType_WanderAround
0x08060000	thumb	MovementType_WanderAround_callback
0x08060020	thumb	MovementType_WanderAroundSlower
0x08060044	thumb	MovementType_WanderAroundSlower_callback
0x08060064	thumb	MovementType_WanderAround_Step0
0x08060078	thumb	MovementType_WanderAround_Step1
0x080600A4	thumb	MovementType_WanderAround_Step2
0x080600E0	thumb	MovementType_WanderAround_Step3
0x08060100	thumb	MovementType_WanderAround_Step4
0x0806014C	thumb	MovementType_WanderAround_Step5
0x0806017C	thumb	MovementType_WanderAround_Step5Slower
0x080601AC	thumb	MovementType_WanderAround_Step6
0x080601D4	thumb	ObjectEventIsTrainerAndCloseToPlayer
0x08060250	thumb	GetVectorDirection
0x08060280	thumb	GetLimitedVectorDirection_SouthNorth
0x08060290	thumb	GetLimitedVectorDirection_WestEast
0x080602A4	thumb	GetLimitedVectorDirection_WestNorth
0x08060300	thumb	GetLimitedVectorDirection_EastNorth
0x0806035C	thumb	GetLimitedVectorDirection_WestSouth
0x080603B8	thumb	GetLimitedVectorDirection_EastSouth
0x08060414	thumb	GetLimitedVectorDirection_SouthNorthWest
0x08060450	thumb	GetLimitedVectorDirection_SouthNorthEast
0x0806048C	thumb	GetLimitedVectorDirection_NorthWestEast
0x080604C8	thumb	GetLimitedVectorDirection_SouthWestEast
0x08060504	thumb	TryGetTrainerEncounterDirection
0x0806058C	thumb	MovementType_LookAround
0x080605B0	thumb	MovementType_LookAround_callback
0x080605D0	thumb	MovementType_LookAround_Step0
0x080605E4	thumb	MovementType_LookAround_Step1
0x08060610	thumb	MovementType_LookAround_Step2
0x08060654	thumb	MovementType_LookAround_Step3
0x08060684	thumb	MovementType_LookAround_Step4
0x080606CC	thumb	MovementType_WanderUpAndDown
0x080606F0	thumb	MovementType_WanderUpAndDown_callback
0x08060710	thumb	MovementType_WanderUpAndDown_Step0
0x08060724	thumb	MovementType_WanderUpAndDown_Step1
0x08060750	thumb	MovementType_WanderUpAndDown_Step2
0x0806078C	thumb	MovementType_WanderUpAndDown_Step3
0x080607AC	thumb	MovementType_WanderUpAndDown_Step4
0x080607F8	thumb	MovementType_WanderUpAndDown_Step5
0x08060828	thumb	MovementType_WanderUpAndDown_Step6
0x08060850	thumb	MovementType_WanderLeftAndRight
0x08060874	thumb	MovementType_WanderLeftAndRight_callback
0x08060894	thumb	MovementType_WanderLeftAndRight_Step0
0x080608A8	thumb	MovementType_WanderLeftAndRight_Step1
0x080608D4	thumb	MovementType_WanderLeftAndRight_Step2
0x08060910	thumb	MovementType_WanderLeftAndRight_Step3
0x08060930	thumb	MovementType_WanderLeftAndRight_Step4
0x0806097C	thumb	MovementType_WanderLeftAndRight_Step5
0x080609AC	thumb	MovementType_WanderLeftAndRight_Step6
0x080609D4	thumb	MovementType_FaceDirection
0x080609F8	thumb	MovementType_FaceDirection_callback
0x08060A18	thumb	MovementType_FaceDirection_Step0
0x08060A44	thumb	MovementType_FaceDirection_Step1
0x08060A64	thumb	MovementType_FaceDirection_Step2
0x08060A74	thumb	MovementType_FaceDownAndUp
0x08060A98	thumb	MovementType_FaceDownAndUp_callback
0x08060AB8	thumb	MovementType_FaceDownAndUp_Step0
0x08060ACC	thumb	MovementType_FaceDownAndUp_Step1
0x08060AF8	thumb	MovementType_FaceDownAndUp_Step2
0x08060B3C	thumb	MovementType_FaceDownAndUp_Step3
0x08060B6C	thumb	MovementType_FaceDownAndUp_Step4
0x08060BB4	thumb	MovementType_FaceLeftAndRight
0x08060BD8	thumb	MovementType_FaceLeftAndRight_callback
0x08060BF8	thumb	MovementType_FaceLeftAndRight_Step0
0x08060C0C	thumb	MovementType_FaceLeftAndRight_Step1
0x08060C38	thumb	MovementType_FaceLeftAndRight_Step2
0x08060C7C	thumb	MovementType_FaceLeftAndRight_Step3
0x08060CAC	thumb	MovementType_FaceLeftAndRight_Step4
0x08060CF4	thumb	MovementType_FaceUpAndLeft
0x08060D18	thumb	MovementType_FaceUpAndLeft_callback
0x08060D38	thumb	MovementType_FaceUpAndLeft_Step0
0x08060D4C	thumb	MovementType_FaceUpAndLeft_Step1
0x08060D78	thumb	MovementType_FaceUpAndLeft_Step2
0x08060DBC	thumb	MovementType_FaceUpAndLeft_Step3
0x08060DEC	thumb	MovementType_FaceUpAndLeft_Step4
0x08060E34	thumb	MovementType_FaceUpAndRight
0x08060E58	thumb	MovementType_FaceUpAndRight_callback
0x08060E78	thumb	MovementType_FaceUpAndRight_Step0
0x08060E8C	thumb	MovementType_FaceUpAndRight_Step1
0x08060EB8	thumb	MovementType_FaceUpAndRight_Step2
0x08060EFC	thumb	MovementType_FaceUpAndRight_Step3
0x08060F2C	thumb	MovementType_FaceUpAndRight_Step4
0x08060F74	thumb	MovementType_FaceDownAndLeft
0x08060F98	thumb	MovementType_FaceDownAndLeft_callback
0x08060FB8	thumb	MovementType_FaceDownAndLeft_Step0
0x08060FCC	thumb	MovementType_FaceDownAndLeft_Step1
0x08060FF8	thumb	MovementType_FaceDownAndLeft_Step2
0x0806103C	thumb	MovementType_FaceDownAndLeft_Step3
0x0806106C	thumb	MovementType_FaceDownAndLeft_Step4
0x080610B4	thumb	MovementType_FaceDownAndRight
0x080610D8	thumb	MovementType_FaceDownAndRight_callback
0x080610F8	thumb	MovementType_FaceDownAndRight_Step0
0x0806110C	thumb	MovementType_FaceDownAndRight_Step1
0x08061138	thumb	MovementType_FaceDownAndRight_Step2
0x0806117C	thumb	MovementType_FaceDownAndRight_Step3
0x080611AC	thumb	MovementType_FaceDownAndRight_Step4
0x080611F4	thumb	MovementType_FaceDownUpAndLeft
0x08061218	thumb	MovementType_FaceDownUpAndLeft_callback
0x08061238	thumb	MovementType_FaceDownUpAndLeft_Step0
0x0806124C	thumb	MovementType_FaceDownUpAndLeft_Step1
0x08061278	thumb	MovementType_FaceDownUpAndLeft_Step2
0x080612BC	thumb	MovementType_FaceDownUpAndLeft_Step3
0x080612EC	thumb	MovementType_FaceDownUpAndLeft_Step4
0x08061334	thumb	MovementType_FaceDownUpAndRight
0x08061358	thumb	MovementType_FaceDownUpAndRight_callback
0x08061378	thumb	MovementType_FaceDownUpAndRight_Step0
0x0806138C	thumb	MovementType_FaceDownUpAndRight_Step1
0x080613B8	thumb	MovementType_FaceDownUpAndRight_Step2
0x080613FC	thumb	MovementType_FaceDownUpAndRight_Step3
0x0806142C	thumb	MovementType_FaceDownUpAndRight_Step4
0x08061474	thumb	MovementType_FaceUpRightAndLeft
0x08061498	thumb	MovementType_FaceUpRightAndLeft_callback
0x080614B8	thumb	MovementType_FaceUpLeftAndRight_Step0
0x080614CC	thumb	MovementType_FaceUpLeftAndRight_Step1
0x080614F8	thumb	MovementType_FaceUpLeftAndRight_Step2
0x0806153C	thumb	MovementType_FaceUpLeftAndRight_Step3
0x0806156C	thumb	MovementType_FaceUpLeftAndRight_Step4
0x080615B4	thumb	MovementType_FaceDownRightAndLeft
0x080615D8	thumb	MovementType_FaceDownRightAndLeft_callback
0x080615F8	thumb	MovementType_FaceDownLeftAndRight_Step0
0x0806160C	thumb	MovementType_FaceDownLeftAndRight_Step1
0x08061638	thumb	MovementType_FaceDownLeftAndRight_Step2
0x0806167C	thumb	MovementType_FaceDownLeftAndRight_Step3
0x080616AC	thumb	MovementType_FaceDownLeftAndRight_Step4
0x080616F4	thumb	MovementType_RotateCounterclockwise
0x08061718	thumb	MovementType_RotateCounterclockwise_callback
0x08061738	thumb	MovementType_RotateCounterclockwise_Step0
0x08061764	thumb	MovementType_RotateCounterclockwise_Step1
0x08061788	thumb	MovementType_RotateCounterclockwise_Step2
0x080617B4	thumb	MovementType_RotateCounterclockwise_Step3
0x080617F8	thumb	MovementType_RotateClockwise
0x0806181C	thumb	MovementType_RotateClockwise_callback
0x0806183C	thumb	MovementType_RotateClockwise_Step0
0x08061868	thumb	MovementType_RotateClockwise_Step1
0x0806188C	thumb	MovementType_RotateClockwise_Step2
0x080618B8	thumb	MovementType_RotateClockwise_Step3
0x080618FC	thumb	MovementType_WalkBackAndForth
0x08061920	thumb	MovementType_WalkBackAndForth_callback
0x08061940	thumb	MovementType_WalkBackAndForth_Step0
0x08061954	thumb	MovementType_WalkBackAndForth_Step1
0x0806198C	thumb	MovementType_WalkBackAndForth_Step2
0x08061A44	thumb	MovementType_WalkBackAndForth_Step3
0x08061A6C	thumb	MovementType_WalkSequence_Step0
0x08061A80	thumb	MoveNextDirectionInSequence
0x08061B34	thumb	MovementType_WalkSequence_Step2
0x08061B5C	thumb	MovementType_WalkSequenceUpRightLeftDown
0x08061B80	thumb	MovementType_WalkSequenceUpRightLeftDown_callback
0x08061BA0	thumb	MovementType_WalkSequenceUpRightLeftDown_Step1
0x08061BE8	thumb	MovementType_WalkSequenceRightLeftDownUp
0x08061C0C	thumb	MovementType_WalkSequenceRightLeftDownUp_callback
0x08061C2C	thumb	MovementType_WalkSequenceRightLeftDownUp_Step1
0x08061C74	thumb	MovementType_WalkSequenceDownUpRightLeft
0x08061C98	thumb	MovementType_WalkSequenceDownUpRightLeft_callback
0x08061CB8	thumb	MovementType_WalkSequenceDownUpRightLeft_Step1
0x08061D00	thumb	MovementType_WalkSequenceLeftDownUpRight
0x08061D24	thumb	MovementType_WalkSequenceLeftDownUpRight_callback
0x08061D44	thumb	MovementType_WalkSequenceLeftDownUpRight_Step1
0x08061D8C	thumb	MovementType_WalkSequenceUpLeftRightDown
0x08061DB0	thumb	MovementType_WalkSequenceUpLeftRightDown_callback
0x08061DD0	thumb	MovementType_WalkSequenceUpLeftRightDown_Step1
0x08061E18	thumb	MovementType_WalkSequenceLeftRightDownUp
0x08061E3C	thumb	MovementType_WalkSequenceLeftRightDownUp_callback
0x08061E5C	thumb	MovementType_WalkSequenceLeftRightDownUp_Step1
0x08061EA4	thumb	MovementType_WalkSequenceDownUpLeftRight
0x08061EC8	thumb	MovementType_WalkSequenceDownUpLeftRight_callback
0x08061EE8	thumb	MovementType_WalkSequenceDownUpLeftRight_Step1
0x08061F30	thumb	MovementType_WalkSequenceRightDownUpLeft
0x08061F54	thumb	MovementType_WalkSequenceRightDownUpLeft_callback
0x08061F74	thumb	MovementType_WalkSequenceRightDownUpLeft_Step1
0x08061FBC	thumb	MovementType_WalkSequenceLeftUpDownRight
0x08061FE0	thumb	MovementType_WalkSequenceLeftUpDownRight_callback
0x08062000	thumb	MovementType_WalkSequenceLeftUpDownRight_Step1
0x08062048	thumb	MovementType_WalkSequenceUpDownRightLeft
0x0806206C	thumb	MovementType_WalkSequenceUpDownRightLeft_callback
0x0806208C	thumb	MovementType_WalkSequenceUpDownRightLeft_Step1
0x080620D4	thumb	MovementType_WalkSequenceRightLeftUpDown
0x080620F8	thumb	MovementType_WalkSequenceRightLeftUpDown_callback
0x08062118	thumb	MovementType_WalkSequenceRightLeftUpDown_Step1
0x08062160	thumb	MovementType_WalkSequenceDownRightLeftUp
0x08062184	thumb	MovementType_WalkSequenceDownRightLeftUp_callback
0x080621A4	thumb	MovementType_WalkSequenceDownRightLeftUp_Step1
0x080621EC	thumb	MovementType_WalkSequenceRightUpDownLeft
0x08062210	thumb	MovementType_WalkSequenceRightUpDownLeft_callback
0x08062230	thumb	MovementType_WalkSequenceRightUpDownLeft_Step1
0x08062278	thumb	MovementType_WalkSequenceUpDownLeftRight
0x0806229C	thumb	MovementType_WalkSequenceUpDownLeftRight_callback
0x080622BC	thumb	MovementType_WalkSequenceUpDownLeftRight_Step1
0x08062304	thumb	MovementType_WalkSequenceLeftRightUpDown
0x08062328	thumb	MovementType_WalkSequenceLeftRightUpDown_callback
0x08062348	thumb	MovementType_WalkSequenceLeftRightUpDown_Step1
0x08062390	thumb	MovementType_WalkSequenceDownLeftRightUp
0x080623B4	thumb	MovementType_WalkSequenceDownLeftRightUp_callback
0x080623D4	thumb	MovementType_WalkSequenceDownLeftRightUp_Step1
0x0806241C	thumb	MovementType_WalkSequenceUpLeftDownRight
0x08062440	thumb	MovementType_WalkSequenceUpLeftDownRight_callback
0x08062460	thumb	MovementType_WalkSequenceUpLeftDownRight_Step1
0x080624A8	thumb	MovementType_WalkSequenceDownRightUpLeft
0x080624CC	thumb	MovementType_WalkSequenceDownRightUpLeft_callback
0x080624EC	thumb	MovementType_WalkSequenceDownRightUpLeft_Step1
0x08062534	thumb	MovementType_WalkSequenceLeftDownRightUp
0x08062558	thumb	MovementType_WalkSequenceLeftDownRightUp_callback
0x08062578	thumb	MovementType_WalkSequenceLeftDownRightUp_Step1
0x080625C0	thumb	MovementType_WalkSequenceRightUpLeftDown
0x080625E4	thumb	MovementType_WalkSequenceRightUpLeftDown_callback
0x08062604	thumb	MovementType_WalkSequenceRightUpLeftDown_Step1
0x0806264C	thumb	MovementType_WalkSequenceUpRightDownLeft
0x08062670	thumb	MovementType_WalkSequenceUpRightDownLeft_callback
0x08062690	thumb	MovementType_WalkSequenceUpRightDownLeft_Step1
0x080626D8	thumb	MovementType_WalkSequenceDownLeftUpRight
0x080626FC	thumb	MovementType_WalkSequenceDownLeftUpRight_callback
0x0806271C	thumb	MovementType_WalkSequenceDownLeftUpRight_Step1
0x08062764	thumb	MovementType_WalkSequenceLeftUpRightDown
0x08062788	thumb	MovementType_WalkSequenceLeftUpRightDown_callback
0x080627A8	thumb	MovementType_WalkSequenceLeftUpRightDown_Step1
0x080627F0	thumb	MovementType_WalkSequenceRightDownLeftUp
0x08062814	thumb	MovementType_WalkSequenceRightDownLeftUp_callback
0x08062834	thumb	MovementType_WalkSequenceRightDownLeftUp_Step1
0x0806287C	thumb	MovementType_CopyPlayer
0x080628A0	thumb	MovementType_CopyPlayer_callback
0x080628C0	thumb	MovementType_CopyPlayer_Step0
0x080628E4	thumb	MovementType_CopyPlayer_Step1
0x08062944	thumb	MovementType_CopyPlayer_Step2
0x0806296C	thumb	CopyablePlayerMovement_None
0x08062970	thumb	CopyablePlayerMovement_FaceDirection
0x080629B8	thumb	CopyablePlayerMovement_GoSpeed0
0x08062A70	thumb	CopyablePlayerMovement_GoSpeed1
0x08062B28	thumb	CopyablePlayerMovement_GoSpeed2
0x08062BE0	thumb	CopyablePlayerMovement_Slide
0x08062C98	thumb	cph_IM_DIFFERENT
0x08062CE0	thumb	CopyablePlayerMovement_GoSpeed4
0x08062D98	thumb	CopyablePlayerMovement_Jump
0x08062E60	thumb	MovementType_CopyPlayerInGrass
0x08062E84	thumb	MovementType_CopyPlayerInGrass_callback
0x08062EA4	thumb	MovementType_CopyPlayerInGrass_Step1
0x08062F08	thumb	MovementType_TreeDisguise
0x08062F78	thumb	MovementType_Disguise_Callback
0x08062F84	thumb	MovementType_MountainDisguise
0x08062FF4	thumb	MovementType_Buried
0x08063058	thumb	MovementType_Buried_Callback
0x08063078	thumb	MovementType_Buried_Step0
0x08063084	thumb	MovementType_MoveInPlace_Step1
0x080630A0	thumb	MovementType_WalkInPlace
0x080630C4	thumb	MovementType_WalkInPlace_callback
0x080630E4	thumb	MovementType_WalkInPlace_Step0
0x08063110	thumb	MovementType_WalkInPlaceFast
0x08063134	thumb	MovementType_WalkInPlaceFast_callback
0x08063154	thumb	MovementType_WalkInPlaceFast_Step0
0x08063180	thumb	MovementType_JogInPlace
0x080631A4	thumb	MovementType_JogInPlace_callback
0x080631C4	thumb	MovementType_JogInPlace_Step0
0x080631F0	thumb	MovementType_Invisible
0x08063214	thumb	MovementType_Invisible_callback
0x08063234	thumb	MovementType_Invisible_Step0
0x08063268	thumb	MovementType_Invisible_Step1
0x08063288	thumb	MovementType_Invisible_Step2
0x08063298	thumb	MovementType_RaiseHandAndStop
0x080632BC	thumb	MovementType_RaiseHandAndJump
0x080632E0	thumb	MovementType_RaiseHandAndSwim
0x08063304	thumb	MovementType_RaiseHandAndStop_Callback
0x08063324	thumb	MovementType_RaiseHandAndJump_Callback
0x08063344	thumb	MovementType_RaiseHandAndSwim_Callback
0x08063364	thumb	MovementType_RaiseHandAndStop_Step0
0x08063384	thumb	MovementType_RaiseHandAndStop_Step1
0x080633A4	thumb	MovementType_RaiseHandAndStop_Step2
0x080633B4	thumb	MovementType_RaiseHandAndJump_Step0
0x080633D4	thumb	MovementType_RaiseHandAndSwim_Step0
0x080633F4	thumb	MovementType_RaiseHandAndMove_Step1
0x08063410	thumb	ClearObjectEventMovement
0x08063430	thumb	GetFaceDirectionAnimNum
0x08063440	thumb	GetMoveDirectionAnimNum
0x08063450	thumb	GetMoveDirectionFastAnimNum
0x08063460	thumb	GetMoveDirectionFasterAnimNum
0x08063470	thumb	GetMoveDirectionFastestAnimNum
0x08063480	thumb	GetJumpSpecialDirectionAnimNum
0x08063490	thumb	GetAcroWheelieDirectionAnimNum
0x080634A0	thumb	GetAcroBunnyHopFrontWheelDirectionAnimNum
0x080634B0	thumb	GetAcroEndWheelieDirectionAnimNum
0x080634C0	thumb	GetSpinDirectionAnimNum
0x080634D0	thumb	GetAcroUnusedActionDirectionAnimNum
0x080634E0	thumb	GetAcroWheeliePedalDirectionAnimNum
0x080634F0	thumb	GetFishingDirectionAnimNum
0x08063500	thumb	GetFishingNoCatchDirectionAnimNum
0x08063510	thumb	GetFishingBiteDirectionAnimNum
0x08063520	thumb	GetRunningDirectionAnimNum
0x08063530	thumb	GetStepAnimTable
0x08063554	thumb	SetStepAnimHandleAlternation
0x0806359C	thumb	SetStepAnim
0x080635DC	thumb	GetDirectionToFace
0x08063610	thumb	SetTrainerMovementType
0x0806365C	thumb	GetTrainerFacingDirectionMovementType
0x0806366C	thumb	GetCollisionInDirection
0x080636AC	thumb	GetCollisionAtCoords
0x08063770	thumb	GetCollisionFlagsAtCoords
0x0806383C	thumb	IsCoordOutsideObjectEventMovementRange
0x080638AC	thumb	IsMetatileDirectionallyImpassable
0x08063904	thumb	DoesObjectCollideWithObjectAt
0x08063980	thumb	IsBerryTreeSparkling
0x080639D4	thumb	SetBerryTreeJustPicked
0x08063A20	thumb	MoveCoords
0x08063A44	thumb	MoveCoordsInMapCoordIncrement
0x08063A6C	thumb	MoveCoordsInDirection
0x08063AD4	thumb	GetMapCoordsFromSpritePos
0x08063B1C	thumb	SetSpritePosToMapCoords
0x08063BC4	thumb	SetSpritePosToOffsetMapCoords
0x08063C10	thumb	GetObjectEventMovingCameraOffset
0x08063C50	thumb	ObjectEventMoveDestCoords
0x08063C70	thumb	ObjectEventIsMovementOverridden
0x08063C88	thumb	ObjectEventIsHeldMovementActive
0x08063CA4	thumb	ObjectEventSetHeldMovement
0x08063D00	thumb	ObjectEventForceSetHeldMovement
0x08063D1C	thumb	ObjectEventClearHeldMovementIfActive
0x08063D34	thumb	ObjectEventClearHeldMovement
0x08063D68	thumb	ObjectEventCheckHeldMovementStatus
0x08063D7C	thumb	ObjectEventClearHeldMovementIfFinished
0x08063DA0	thumb	ObjectEventGetHeldMovementActionId
0x08063DB8	thumb	UpdateObjectEventCurrentMovement
0x08063E28	thumb	QL_UpdateObjectEventCurrentMovement
0x08063EB8	thumb	GetFaceDirectionMovementAction
0x08063EE4	thumb	GetFaceDirectionFastMovementAction
0x08063F10	thumb	GetWalkSlowestMovementAction
0x08063F2C	thumb	GetWalkSlowerMovementAction
0x08063F58	thumb	GetWalkSlowMovementAction
0x08063F84	thumb	GetWalkNormalMovementAction
0x08063FB0	thumb	GetWalkFastMovementAction
0x08063FDC	thumb	GetGlideMovementAction
0x08064008	thumb	GetRideWaterCurrentMovementAction
0x08064034	thumb	GetWalkFasterMovementAction
0x08064060	thumb	GetSlideMovementAction
0x0806408C	thumb	GetPlayerRunMovementAction
0x080640B8	thumb	GetPlayerRunSlowMovementAction
0x080640E4	thumb	GetSpinMovementAction
0x08064110	thumb	GetJump2MovementAction
0x0806413C	thumb	GetJumpInPlaceMovementAction
0x08064168	thumb	GetJumpInPlaceTurnAroundMovementAction
0x08064194	thumb	GetJumpMovementAction
0x080641C0	thumb	GetJumpSpecialMovementAction
0x080641EC	thumb	GetJumpSpecialWithEffectMovementAction
0x08064218	thumb	GetWalkInPlaceSlowMovementAction
0x08064244	thumb	GetWalkInPlaceNormalMovementAction
0x08064270	thumb	GetWalkInPlaceFastMovementAction
0x0806429C	thumb	GetWalkInPlaceFasterMovementAction
0x080642C8	thumb	ObjectEventFaceOppositeDirection
0x080642F4	thumb	GetAcroWheelieFaceDirectionMovementAction
0x08064320	thumb	GetAcroPopWheelieFaceDirectionMovementAction
0x0806434C	thumb	GetAcroEndWheelieFaceDirectionMovementAction
0x08064378	thumb	GetAcroWheelieHopFaceDirectionMovementAction
0x080643A4	thumb	GetAcroWheelieHopMovementAction
0x080643D0	thumb	GetAcroWheelieJumpMovementAction
0x080643FC	thumb	GetAcroWheelieInPlaceMovementAction
0x08064428	thumb	GetAcroPopWheelieMoveMovementAction
0x08064454	thumb	GetAcroWheelieMoveMovementAction
0x08064480	thumb	GetOppositeDirection
0x080644B4	thumb	GetPlayerDirectionForCopy
0x080644CC	thumb	GetCopyDirection
0x0806450C	thumb	ObjectEventExecHeldMovementAction
0x08064544	thumb	QuestLogObjectEventExecHeldMovementAction
0x08064588	thumb	ObjectEventExecSingleMovementAction
0x080645C8	thumb	ObjectEventSetSingleMovement
0x080645F4	thumb	FaceDirection
0x08064638	thumb	MovementAction_FaceDown_Step0
0x08064648	thumb	MovementAction_FaceUp_Step0
0x08064658	thumb	MovementAction_FaceLeft_Step0
0x08064668	thumb	MovementAction_FaceRight_Step0
0x08064678	thumb	InitNpcForMovement
0x080646FC	thumb	InitMovementNormal
0x08064758	thumb	StartRunningAnim
0x08064788	thumb	UpdateMovementNormal
0x080647C0	thumb	InitNpcForWalkSlower
0x08064830	thumb	InitWalkSlower
0x0806485C	thumb	UpdateWalkSlower
0x08064894	thumb	InitNpcForWalkSlowest
0x08064904	thumb	InitWalkSlowest
0x08064930	thumb	UpdateWalkSlowest
0x08064968	thumb	MovementAction_WalkSlowestDown_Step0
0x08064988	thumb	MovementAction_WalkSlowestDown_Step1
0x080649A8	thumb	MovementAction_WalkSlowestUp_Step0
0x080649C8	thumb	MovementAction_WalkSlowestUp_Step1
0x080649E8	thumb	MovementAction_WalkSlowestLeft_Step0
0x08064A08	thumb	MovementAction_WalkSlowestLeft_Step1
0x08064A28	thumb	MovementAction_WalkSlowestRight_Step0
0x08064A48	thumb	MovementAction_WalkSlowestRight_Step1
0x08064A68	thumb	MovementAction_WalkSlowerDown_Step0
0x08064A88	thumb	MovementAction_WalkSlowerDown_Step1
0x08064AA8	thumb	MovementAction_WalkSlowerUp_Step0
0x08064AC8	thumb	MovementAction_WalkSlowerUp_Step1
0x08064AE8	thumb	MovementAction_WalkSlowerLeft_Step0
0x08064B08	thumb	MovementAction_WalkSlowerLeft_Step1
0x08064B28	thumb	MovementAction_WalkSlowerRight_Step0
0x08064B48	thumb	MovementAction_WalkSlowerRight_Step1
0x08064B68	thumb	InitNpcForWalkSlow
0x08064BD8	thumb	InitWalkSlow
0x08064C04	thumb	UpdateWalkSlow
0x08064C3C	thumb	MovementAction_WalkSlowUp_Step0
0x08064C5C	thumb	MovementAction_WalkSlowUp_Step1
0x08064C7C	thumb	MovementAction_WalkSlowDown_Step0
0x08064C9C	thumb	MovementAction_WalkSlowDown_Step1
0x08064CBC	thumb	MovementAction_WalkSlowLeft_Step0
0x08064CDC	thumb	MovementAction_WalkSlowLeft_Step1
0x08064CFC	thumb	MovementAction_WalkSlowRight_Step0
0x08064D1C	thumb	MovementAction_WalkSlowRight_Step1
0x08064D3C	thumb	MovementAction_WalkNormalDown_Step0
0x08064D5C	thumb	MovementAction_WalkNormalDown_Step1
0x08064D7C	thumb	MovementAction_WalkNormalUp_Step0
0x08064D9C	thumb	MovementAction_WalkNormalUp_Step1
0x08064DBC	thumb	MovementAction_WalkNormalLeft_Step0
0x08064DDC	thumb	MovementAction_WalkNormalLeft_Step1
0x08064DFC	thumb	MovementAction_WalkNormalRight_Step0
0x08064E1C	thumb	MovementAction_WalkNormalRight_Step1
0x08064E3C	thumb	InitJump
0x08064EF8	thumb	InitJumpRegular
0x08064F3C	thumb	UpdateJumpAnim
0x08065000	thumb	DoJumpAnimStep
0x08065014	thumb	DoJumpSpecialAnimStep
0x08065028	thumb	DoJumpAnim
0x08065040	thumb	DoJumpSpecialAnim
0x08065058	thumb	DoJumpInPlaceAnim
0x080650A8	thumb	MovementAction_Jump2Down_Step0
0x080650D4	thumb	MovementAction_Jump2Down_Step1
0x08065100	thumb	MovementAction_Jump2Up_Step0
0x0806512C	thumb	MovementAction_Jump2Up_Step1
0x08065158	thumb	MovementAction_Jump2Left_Step0
0x08065184	thumb	MovementAction_Jump2Left_Step1
0x080651B0	thumb	MovementAction_Jump2Right_Step0
0x080651DC	thumb	MovementAction_Jump2Right_Step1
0x08065208	thumb	InitMovementDelay
0x08065210	thumb	MovementAction_Delay_Step1
0x0806522C	thumb	MovementAction_Delay1_Step0
0x0806524C	thumb	MovementAction_Delay2_Step0
0x0806526C	thumb	MovementAction_Delay4_Step0
0x0806528C	thumb	MovementAction_Delay8_Step0
0x080652AC	thumb	MovementAction_Delay16_Step0
0x080652CC	thumb	MovementAction_WalkFastDown_Step0
0x080652EC	thumb	MovementAction_WalkFastDown_Step1
0x0806530C	thumb	MovementAction_WalkFastUp_Step0
0x0806532C	thumb	MovementAction_WalkFastUp_Step1
0x0806534C	thumb	MovementAction_WalkFastLeft_Step0
0x0806536C	thumb	MovementAction_WalkFastLeft_Step1
0x0806538C	thumb	MovementAction_WalkFastRight_Step0
0x080653AC	thumb	MovementAction_WalkFastRight_Step1
0x080653CC	thumb	UpdateMovementGlide
0x080653F8	thumb	MovementAction_GlideDown_Step0
0x08065438	thumb	MovementAction_GlideDown_Step1
0x08065464	thumb	MovementAction_GlideUp_Step0
0x080654A4	thumb	MovementAction_GlideUp_Step1
0x080654D0	thumb	MovementAction_GlideLeft_Step0
0x08065510	thumb	MovementAction_GlideLeft_Step1
0x0806553C	thumb	MovementAction_GlideRight_Step0
0x0806557C	thumb	MovementAction_GlideRight_Step1
0x080655A8	thumb	FaceDirectionFast
0x080655D4	thumb	MovementAction_FaceDownFast_Step0
0x08065610	thumb	MovementAction_FaceUpFast_Step0
0x0806564C	thumb	MovementAction_FaceLeftFast_Step0
0x08065688	thumb	MovementAction_FaceRightFast_Step0
0x080656C4	thumb	InitMoveInPlace
0x0806570C	thumb	MovementAction_WalkInPlace_Step1
0x08065734	thumb	MovementAction_WalkInPlaceSlow_Step1
0x08065770	thumb	MovementAction_WalkInPlaceSlowDown_Step0
0x080657A8	thumb	MovementAction_WalkInPlaceSlowUp_Step0
0x080657E0	thumb	MovementAction_WalkInPlaceSlowLeft_Step0
0x08065818	thumb	MovementAction_WalkInPlaceSlowRight_Step0
0x08065850	thumb	MovementAction_WalkInPlaceNormalDown_Step0
0x08065888	thumb	MovementAction_WalkInPlaceNormalUp_Step0
0x080658C0	thumb	MovementAction_WalkInPlaceNormalLeft_Step0
0x080658F8	thumb	MovementAction_WalkInPlaceNormalRight_Step0
0x08065930	thumb	MovementAction_WalkInPlaceFastDown_Step0
0x08065968	thumb	MovementAction_WalkInPlaceFastUp_Step0
0x080659A0	thumb	MovementAction_WalkInPlaceFastLeft_Step0
0x080659D8	thumb	MovementAction_WalkInPlaceFastRight_Step0
0x08065A10	thumb	MovementAction_WalkInPlaceFasterDown_Step0
0x08065A48	thumb	MovementAction_WalkInPlaceFasterUp_Step0
0x08065A80	thumb	MovementAction_WalkInPlaceFasterLeft_Step0
0x08065AB8	thumb	MovementAction_WalkInPlaceFasterRight_Step0
0x08065AF0	thumb	MovementAction_RideWaterCurrentDown_Step0
0x08065B10	thumb	MovementAction_RideWaterCurrentDown_Step1
0x08065B30	thumb	MovementAction_RideWaterCurrentUp_Step0
0x08065B50	thumb	MovementAction_RideWaterCurrentUp_Step1
0x08065B70	thumb	MovementAction_RideWaterCurrentLeft_Step0
0x08065B90	thumb	MovementAction_RideWaterCurrentLeft_Step1
0x08065BB0	thumb	MovementAction_RideWaterCurrentRight_Step0
0x08065BD0	thumb	MovementAction_RideWaterCurrentRight_Step1
0x08065BF0	thumb	MovementAction_WalkFasterDown_Step0
0x08065C10	thumb	MovementAction_WalkFasterDown_Step1
0x08065C30	thumb	MovementAction_WalkFasterUp_Step0
0x08065C50	thumb	MovementAction_WalkFasterUp_Step1
0x08065C70	thumb	MovementAction_WalkFasterLeft_Step0
0x08065C90	thumb	MovementAction_WalkFasterLeft_Step1
0x08065CB0	thumb	MovementAction_WalkFasterRight_Step0
0x08065CD0	thumb	MovementAction_WalkFasterRight_Step1
0x08065CF0	thumb	MovementAction_SlideDown_Step0
0x08065D10	thumb	MovementAction_SlideDown_Step1
0x08065D30	thumb	MovementAction_SlideUp_Step0
0x08065D50	thumb	MovementAction_SlideUp_Step1
0x08065D70	thumb	MovementAction_SlideLeft_Step0
0x08065D90	thumb	MovementAction_SlideLeft_Step1
0x08065DB0	thumb	MovementAction_SlideRight_Step0
0x08065DD0	thumb	MovementAction_SlideRight_Step1
0x08065DF0	thumb	MovementAction_PlayerRunDown_Step0
0x08065E10	thumb	MovementAction_PlayerRunDown_Step1
0x08065E30	thumb	MovementAction_PlayerRunUp_Step0
0x08065E50	thumb	MovementAction_PlayerRunUp_Step1
0x08065E70	thumb	MovementAction_PlayerRunLeft_Step0
0x08065E90	thumb	MovementAction_PlayerRunLeft_Step1
0x08065EB0	thumb	MovementAction_PlayerRunRight_Step0
0x08065ED0	thumb	MovementAction_PlayerRunRight_Step1
0x08065EF0	thumb	InitNpcForRunSlow
0x08065F60	thumb	InitRunSlow
0x08065F8C	thumb	UpdateRunSlow
0x08065FC4	thumb	MovementAction_RunDownSlow_Step0
0x08065FE4	thumb	MovementAction_RunDownSlow_Step1
0x08066004	thumb	MovementAction_RunUpSlow_Step0
0x08066024	thumb	MovementAction_RunUpSlow_Step1
0x08066044	thumb	MovementAction_RunLeftSlow_Step0
0x08066064	thumb	MovementAction_RunLeftSlow_Step1
0x08066084	thumb	MovementAction_RunRightSlow_Step0
0x080660A4	thumb	MovementAction_RunRightSlow_Step1
0x080660C4	thumb	StartSpriteAnimInDirection
0x080660F0	thumb	MovementAction_StartAnimInDirection_Step0
0x08066108	thumb	MovementAction_WaitSpriteAnim
0x08066128	thumb	InitJumpSpecial
0x0806615C	thumb	MovementAction_JumpSpecialDown_Step0
0x0806617C	thumb	MovementAction_JumpSpecialDown_Step1
0x080661A4	thumb	MovementAction_JumpSpecialUp_Step0
0x080661C4	thumb	MovementAction_JumpSpecialUp_Step1
0x080661EC	thumb	MovementAction_JumpSpecialLeft_Step0
0x0806620C	thumb	MovementAction_JumpSpecialLeft_Step1
0x08066234	thumb	MovementAction_JumpSpecialRight_Step0
0x08066254	thumb	MovementAction_JumpSpecialRight_Step1
0x0806627C	thumb	MovementAction_JumpSpecialWithEffectDown_Step0
0x0806629C	thumb	MovementAction_JumpSpecialWithEffectDown_Step1
0x080662BC	thumb	MovementAction_JumpSpecialWithEffectUp_Step0
0x080662DC	thumb	MovementAction_JumpSpecialWithEffectUp_Step1
0x080662FC	thumb	MovementAction_JumpSpecialWithEffectLeft_Step0
0x0806631C	thumb	MovementAction_JumpSpecialWithEffectLeft_Step1
0x0806633C	thumb	MovementAction_JumpSpecialWithEffectRight_Step0
0x0806635C	thumb	MovementAction_JumpSpecialWithEffectRight_Step1
0x0806637C	thumb	MovementAction_FacePlayer_Step0
0x080663D8	thumb	MovementAction_FaceAwayPlayer_Step0
0x0806643C	thumb	MovementAction_LockFacingDirection_Step0
0x0806644C	thumb	MovementAction_UnlockFacingDirection_Step0
0x0806645C	thumb	MovementAction_JumpDown_Step0
0x08066488	thumb	MovementAction_JumpDown_Step1
0x080664B4	thumb	MovementAction_JumpUp_Step0
0x080664E0	thumb	MovementAction_JumpUp_Step1
0x0806650C	thumb	MovementAction_JumpLeft_Step0
0x08066538	thumb	MovementAction_JumpLeft_Step1
0x08066564	thumb	MovementAction_JumpRight_Step0
0x08066590	thumb	MovementAction_JumpRight_Step1
0x080665BC	thumb	MovementAction_JumpInPlaceDown_Step0
0x080665E8	thumb	MovementAction_JumpInPlaceDown_Step1
0x08066614	thumb	MovementAction_JumpInPlaceUp_Step0
0x08066640	thumb	MovementAction_JumpInPlaceUp_Step1
0x0806666C	thumb	MovementAction_JumpInPlaceLeft_Step0
0x08066698	thumb	MovementAction_JumpInPlaceLeft_Step1
0x080666C4	thumb	MovementAction_JumpInPlaceRight_Step0
0x080666F0	thumb	MovementAction_JumpInPlaceRight_Step1
0x0806671C	thumb	MovementAction_JumpInPlaceDownUp_Step0
0x08066748	thumb	MovementAction_JumpInPlaceDownUp_Step1
0x08066774	thumb	MovementAction_JumpInPlaceUpDown_Step0
0x080667A0	thumb	MovementAction_JumpInPlaceUpDown_Step1
0x080667CC	thumb	MovementAction_JumpInPlaceLeftRight_Step0
0x080667F8	thumb	MovementAction_JumpInPlaceLeftRight_Step1
0x08066824	thumb	MovementAction_JumpInPlaceRightLeft_Step0
0x08066850	thumb	MovementAction_JumpInPlaceRightLeft_Step1
0x0806687C	thumb	MovementAction_FaceOriginalDirection_Step0
0x08066894	thumb	MovementAction_NurseJoyBowDown_Step0
0x080668A4	thumb	MovementAction_EnableJumpLandingGroundEffect_Step0
0x080668B4	thumb	MovementAction_DisableJumpLandingGroundEffect_Step0
0x080668C4	thumb	MovementAction_DisableAnimation_Step0
0x080668D4	thumb	MovementAction_RestoreAnimation_Step0
0x08066900	thumb	MovementAction_SetInvisible_Step0
0x08066910	thumb	MovementAction_SetVisible_Step0
0x08066920	thumb	MovementAction_EmoteExclamationMark_Step0
0x08066944	thumb	MovementAction_EmoteQuestionMark_Step0
0x08066968	thumb	MovementAction_EmoteX_Step0
0x0806698C	thumb	MovementAction_EmoteDoubleExclamationMark_Step0
0x080669B0	thumb	MovementAction_EmoteSmile_Step0
0x080669D4	thumb	MovementAction_RevealTrainer_Step0
0x08066A18	thumb	MovementAction_RevealTrainer_Step1
0x08066A38	thumb	MovementAction_RockSmashBreak_Step0
0x08066A54	thumb	MovementAction_RockSmashBreak_Step1
0x08066A78	thumb	MovementAction_RockSmashBreak_Step2
0x08066AB4	thumb	MovementAction_CutTree_Step0
0x08066AD0	thumb	MovementAction_CutTree_Step1
0x08066AF4	thumb	MovementAction_CutTree_Step2
0x08066B30	thumb	MovementAction_SetFixedPriority_Step0
0x08066B40	thumb	MovementAction_ClearFixedPriority_Step0
0x08066B50	thumb	MovementAction_InitAffineAnim_Step0
0x08066B80	thumb	MovementAction_ClearAffineAnim_Step0
0x08066BB0	thumb	MovementAction_WalkDownStartAffine_Step0
0x08066BE4	thumb	MovementAction_WalkDownStartAffine_Step1
0x08066C10	thumb	MovementAction_WalkDownAffine_Step0
0x08066C44	thumb	MovementAction_WalkDownAffine_Step1
0x08066C70	thumb	AcroWheelieFaceDirection
0x08066CB0	thumb	MovementAction_AcroWheelieFaceDown_Step0
0x08066CC0	thumb	MovementAction_AcroWheelieFaceUp_Step0
0x08066CD0	thumb	MovementAction_AcroWheelieFaceLeft_Step0
0x08066CE0	thumb	MovementAction_AcroWheelieFaceRight_Step0
0x08066CF0	thumb	MovementAction_AcroPopWheelieDown_Step0
0x08066D14	thumb	MovementAction_AcroPopWheelieUp_Step0
0x08066D38	thumb	MovementAction_AcroPopWheelieLeft_Step0
0x08066D5C	thumb	MovementAction_AcroPopWheelieRight_Step0
0x08066D80	thumb	MovementAction_AcroEndWheelieFaceDown_Step0
0x08066DA4	thumb	MovementAction_AcroEndWheelieFaceUp_Step0
0x08066DC8	thumb	MovementAction_AcroEndWheelieFaceLeft_Step0
0x08066DEC	thumb	MovementAction_AcroEndWheelieFaceRight_Step0
0x08066E10	thumb	MovementAction_UnusedAcroActionDown_Step0
0x08066E34	thumb	MovementAction_UnusedAcroActionUp_Step0
0x08066E58	thumb	MovementAction_UnusedAcroActionLeft_Step0
0x08066E7C	thumb	MovementAction_UnusedAcroActionRight_Step0
0x08066EA0	thumb	InitAcroWheelieJump
0x08066EE4	thumb	MovementAction_AcroWheelieHopFaceDown_Step0
0x08066F10	thumb	MovementAction_AcroWheelieHopFaceDown_Step1
0x08066F3C	thumb	MovementAction_AcroWheelieHopFaceUp_Step0
0x08066F68	thumb	MovementAction_AcroWheelieHopFaceUp_Step1
0x08066F94	thumb	MovementAction_AcroWheelieHopFaceLeft_Step0
0x08066FC0	thumb	MovementAction_AcroWheelieHopFaceLeft_Step1
0x08066FEC	thumb	MovementAction_AcroWheelieHopFaceRight_Step0
0x08067018	thumb	MovementAction_AcroWheelieHopFaceRight_Step1
0x08067044	thumb	MovementAction_AcroWheelieHopDown_Step0
0x08067070	thumb	MovementAction_AcroWheelieHopDown_Step1
0x0806709C	thumb	MovementAction_AcroWheelieHopUp_Step0
0x080670C8	thumb	MovementAction_AcroWheelieHopUp_Step1
0x080670F4	thumb	MovementAction_AcroWheelieHopLeft_Step0
0x08067120	thumb	MovementAction_AcroWheelieHopLeft_Step1
0x0806714C	thumb	MovementAction_AcroWheelieHopRight_Step0
0x08067178	thumb	MovementAction_AcroWheelieHopRight_Step1
0x080671A4	thumb	MovementAction_AcroWheelieJumpDown_Step0
0x080671D0	thumb	MovementAction_AcroWheelieJumpDown_Step1
0x080671FC	thumb	MovementAction_AcroWheelieJumpUp_Step0
0x08067228	thumb	MovementAction_AcroWheelieJumpUp_Step1
0x08067254	thumb	MovementAction_AcroWheelieJumpLeft_Step0
0x08067280	thumb	MovementAction_AcroWheelieJumpLeft_Step1
0x080672AC	thumb	MovementAction_AcroWheelieJumpRight_Step0
0x080672D8	thumb	MovementAction_AcroWheelieJumpRight_Step1
0x08067304	thumb	MovementAction_AcroWheelieInPlaceDown_Step0
0x0806733C	thumb	MovementAction_AcroWheelieInPlaceUp_Step0
0x08067374	thumb	MovementAction_AcroWheelieInPlaceLeft_Step0
0x080673AC	thumb	MovementAction_AcroWheelieInPlaceRight_Step0
0x080673E4	thumb	InitAcroPopWheelie
0x0806741C	thumb	MovementAction_AcroPopWheelieMoveDown_Step0
0x0806743C	thumb	MovementAction_AcroPopWheelieMoveDown_Step1
0x0806745C	thumb	MovementAction_AcroPopWheelieMoveUp_Step0
0x0806747C	thumb	MovementAction_AcroPopWheelieMoveUp_Step1
0x0806749C	thumb	MovementAction_AcroPopWheelieMoveLeft_Step0
0x080674BC	thumb	MovementAction_AcroPopWheelieMoveLeft_Step1
0x080674DC	thumb	MovementAction_AcroPopWheelieMoveRight_Step0
0x080674FC	thumb	MovementAction_AcroPopWheelieMoveRight_Step1
0x0806751C	thumb	InitAcroWheelieMove
0x0806754C	thumb	MovementAction_AcroWheelieMoveDown_Step0
0x0806756C	thumb	MovementAction_AcroWheelieMoveDown_Step1
0x0806758C	thumb	MovementAction_AcroWheelieMoveUp_Step0
0x080675AC	thumb	MovementAction_AcroWheelieMoveUp_Step1
0x080675CC	thumb	MovementAction_AcroWheelieMoveLeft_Step0
0x080675EC	thumb	MovementAction_AcroWheelieMoveLeft_Step1
0x0806760C	thumb	MovementAction_AcroWheelieMoveRight_Step0
0x0806762C	thumb	MovementAction_AcroWheelieMoveRight_Step1
0x0806764C	thumb	InitSpin
0x08067684	thumb	MovementAction_SpinDown_Step0
0x080676A4	thumb	MovementAction_SpinDown_Step1
0x080676C4	thumb	MovementAction_SpinUp_Step0
0x080676E4	thumb	MovementAction_SpinUp_Step1
0x08067704	thumb	MovementAction_SpinLeft_Step0
0x08067724	thumb	MovementAction_SpinLeft_Step1
0x08067744	thumb	MovementAction_SpinRight_Step0
0x08067764	thumb	MovementAction_SpinRight_Step1
0x08067784	thumb	MovementAction_RaiseHand_Step0
0x080677C0	thumb	MovementAction_RaiseHandAndStop_Step1
0x080677CC	thumb	MovementAction_RaiseHandAndJump_Step1
0x080678C0	thumb	MovementAction_RaiseHandAndSwim_Step1
0x080678F0	thumb	MovementAction_ShakeHeadOrWalkInPlace_Step0
0x08067924	thumb	MovementAction_ShakeHeadOrWalkInPlace_Step1
0x08067930	thumb	MovementAction_Finish
0x08067934	thumb	MovementAction_PauseSpriteAnim
0x08067944	thumb	MovementAction_FlyUp_Step0
0x08067954	thumb	MovementAction_FlyUp_Step1
0x08067978	thumb	MovementAction_FlyDown_Step0
0x0806798C	thumb	MovementAction_FlyDown_Step1
0x080679A8	thumb	MovementAction_FlyUp_Step2
0x080679AC	thumb	UpdateObjectEventSpriteAnimPause
0x080679C8	thumb	TryEnableObjectEventAnim
0x080679F8	thumb	UpdateObjectEventVisibility
0x08067A10	thumb	CalcWhetherObjectIsOffscreen
0x08067B0C	thumb	UpdateObjEventSpriteVisibility
0x08067B34	thumb	GetAllGroundEffectFlags_OnSpawn
0x08067B7C	thumb	GetAllGroundEffectFlags_OnBeginStep
0x08067BD4	thumb	GetAllGroundEffectFlags_OnFinishStep
0x08067C24	thumb	ObjectEventUpdateMetatileBehaviors
0x08067C4C	thumb	GetGroundEffectFlags_Reflection
0x08067CA8	thumb	GetGroundEffectFlags_TallGrassOnSpawn
0x08067CC8	thumb	GetGroundEffectFlags_TallGrassOnBeginStep
0x08067CE8	thumb	GetGroundEffectFlags_LongGrassOnSpawn
0x08067D08	thumb	GetGroundEffectFlags_LongGrassOnBeginStep
0x08067D28	thumb	GetGroundEffectFlags_Tracks
0x08067D68	thumb	GetGroundEffectFlags_SandHeap
0x08067DB8	thumb	GetGroundEffectFlags_ShallowFlowingWater
0x08067E1C	thumb	GetGroundEffectFlags_Puddle
0x08067E4C	thumb	GetGroundEffectFlags_Ripple
0x08067E6C	thumb	GetGroundEffectFlags_ShortGrass
0x08067EBC	thumb	GetGroundEffectFlags_HotSprings
0x08067F0C	thumb	GetGroundEffectFlags_Seaweed
0x08067F2C	thumb	GetGroundEffectFlags_JumpLanding
0x08067F88	thumb	ObjectEventCheckForReflectiveSurface
0x080680C8	thumb	GetReflectionTypeByMetatileBehavior
0x080680F8	thumb	GetLedgeJumpDirection
0x08068154	thumb	SetObjectEventSpriteOamTableForLongGrass
0x080681B0	thumb	IsElevationMismatchAt
0x080681EC	thumb	UpdateObjectEventElevationAndPriority
0x08068248	thumb	InitObjectPriorityByElevation
0x08068294	thumb	ElevationToPriority
0x080682A4	thumb	ObjectEventUpdateElevation
0x080682F8	thumb	SetObjectSubpriorityByElevation
0x08068340	thumb	ObjectEventUpdateSubpriority
0x0806835C	thumb	AreElevationsCompatible
0x0806837C	thumb	GroundEffect_SpawnOnTallGrass
0x080683C8	thumb	GroundEffect_StepOnTallGrass
0x08068414	thumb	GroundEffect_SpawnOnLongGrass
0x08068460	thumb	GroundEffect_StepOnLongGrass
0x080684AC	thumb	GroundEffect_WaterReflection
0x080684B8	thumb	GroundEffect_IceReflection
0x080684C4	thumb	GroundEffect_FlowingWater
0x080684D4	thumb	GroundEffect_SandTracks
0x08068500	thumb	GroundEffect_DeepSandTracks
0x0806852C	thumb	DoTracksGroundEffect_None
0x08068530	thumb	DoTracksGroundEffect_Footprints
0x08068580	thumb	DoTracksGroundEffect_BikeTireTracks
0x080685D0	thumb	GroundEffect_Ripple
0x080685DC	thumb	GroundEffect_StepOnPuddle
0x080685EC	thumb	GroundEffect_SandHeap
0x080685FC	thumb	GroundEffect_JumpOnTallGrass
0x08068654	thumb	GroundEffect_JumpOnLongGrass
0x0806867C	thumb	GroundEffect_JumpOnShallowWater
0x080686AC	thumb	GroundEffect_JumpOnWater
0x080686DC	thumb	GroundEffect_JumpLandingDust
0x0806870C	thumb	GroundEffect_ShortGrass
0x0806871C	thumb	GroundEffect_HotSprings
0x0806872C	thumb	GroundEffect_Seaweed
0x0806874C	thumb	DoFlaggedGroundEffects
0x0806879C	thumb	filters_out_some_ground_effects
0x080687D4	thumb	FilterOutStepOnPuddleGroundEffectIfJumping
0x080687F0	thumb	DoGroundEffects_OnSpawn
0x0806883C	thumb	DoGroundEffects_OnBeginStep
0x08068890	thumb	DoGroundEffects_OnFinishStep
0x080688E4	thumb	FreezeObjectEvent
0x08068974	thumb	FreezeObjectEvents
0x080689B0	thumb	FreezeObjectEventsExceptOne
0x080689F4	thumb	UnfreezeObjectEvent
0x08068A5C	thumb	UnfreezeObjectEvents
0x08068A8C	thumb	Step1
0x08068AAC	thumb	Step2
0x08068AD0	thumb	Step3
0x08068AF8	thumb	Step4
0x08068B1C	thumb	Step8
0x08068B40	thumb	SetSpriteDataForNormalStep
0x08068B54	thumb	NpcTakeStep
0x08068BBC	thumb	SetWalkSlowerSpriteData
0x08068BCC	thumb	UpdateWalkSlowerAnim
0x08068C08	thumb	SetWalkSlowSpriteData
0x08068C18	thumb	UpdateWalkSlowAnim
0x08068C58	thumb	SetWalkSlowestSpriteData
0x08068C68	thumb	UpdateWalkSlowestAnim
0x08068CA4	thumb	SetRunSlowSpriteData
0x08068CB4	thumb	UpdateRunSlowAnim
0x08068D00	thumb	GetJumpY
0x08068D1C	thumb	SetJumpSpriteData
0x08068D3C	thumb	DoJumpSpriteMovement
0x08068DC4	thumb	DoJumpSpecialSpriteMovement
0x08068E58	thumb	SetMovementDelay
0x08068E5C	thumb	WaitForMovementDelay
0x08068E74	thumb	SetAndStartSpriteAnim
0x08068E9C	thumb	SpriteAnimEnded
0x08068EB4	thumb	UpdateObjectEventSpriteInvisibility
0x08068FA8	thumb	SpriteCB_VirtualObject
0x08068FD0	thumb	DestroyVirtualObjects
0x0806900C	thumb	GetVirtualObjectSpriteId
0x08069058	thumb	TurnVirtualObject
0x08069094	thumb	SetVirtualObjectGraphics
0x08069124	thumb	SetVirtualObjectInvisibility
0x0806916C	thumb	IsVirtualObjectInvisible
0x080691A4	thumb	SetVirtualObjectSpriteAnim
0x080691D4	thumb	MoveUnionRoomObjectUp
0x08069210	thumb	MoveUnionRoomObjectDown
0x08069248	thumb	VirtualObject_UpdateAnim
0x08069294	thumb	IsVirtualObjectAnimating
0x080692C8	thumb	StartFieldEffectForObjectEvent
0x080692F0	thumb	DoShadowFieldEffect
0x0806930C	thumb	DoRippleFieldEffect
0x08069348	thumb	InitFieldMessageBox
0x08069370	thumb	Task_DrawFieldMessageBox
0x0806940C	thumb	CreateTask_DrawFieldMessageBox
0x08069420	thumb	DestroyTask_DrawFieldMessageBox
0x0806943C	thumb	ShowFieldMessage
0x08069464	thumb	ShowFieldAutoScrollMessage
0x0806948C	thumb	ForceShowFieldAutoScrollMessage
0x080694A4	thumb	ShowFieldMessageFromBuffer
0x080694C8	thumb	ExpandStringAndStartDrawFieldMessageBox
0x080694E4	thumb	StartDrawFieldMessageBox
0x080694F4	thumb	HideFieldMessageBox
0x08069510	thumb	GetFieldMessageBoxType
0x0806951C	thumb	IsFieldMessageBoxHidden
0x08069538	thumb	ReplaceFieldMessageWithFrame
0x08069554	thumb	walkrun_is_standing_still
0x08069570	thumb	Task_WaitPlayerStopMoving
0x08069590	thumb	IsFreezePlayerFinished
0x080695B4	thumb	FreezeObjects_WaitForPlayer
0x080695CC	thumb	Task_WaitPlayerAndTargetNPCStopMoving
0x08069648	thumb	IsFreezeSelectedObjectAndPlayerFinished
0x0806966C	thumb	FreezeObjects_WaitForPlayerAndSelected
0x080696C0	thumb	ClearPlayerHeldMovementAndUnfreezeObjectEvents
0x080696F0	thumb	UnionRoom_UnlockPlayerAndChatPartner
0x08069740	thumb	Script_FacePlayer
0x08069768	thumb	Script_ClearHeldMovement
0x08069788	thumb	GetUserWindowGraphics
0x080697AC	thumb	InitScriptContext
0x080697E8	thumb	SetupBytecodeScript
0x080697F4	thumb	SetupNativeScript
0x080697FC	thumb	StopScript
0x08069804	thumb	RunScriptCommand
0x08069884	thumb	ScriptPush
0x080698AC	thumb	ScriptPop
0x080698D0	thumb	ScriptJump
0x080698D4	thumb	ScriptCall
0x080698E8	thumb	ScriptReturn
0x080698F8	thumb	ScriptReadHalfword
0x08069910	thumb	ScriptReadWord
0x08069940	thumb	LockPlayerFieldControls
0x0806994C	thumb	UnlockPlayerFieldControls
0x08069958	thumb	ArePlayerFieldControlsLocked
0x08069964	thumb	SetQuestLogInputIsDpadFlag
0x08069970	thumb	ClearQuestLogInputIsDpadFlag
0x0806997C	thumb	IsQuestLogInputDpad
0x08069998	thumb	RegisterQuestLogInput
0x080699A4	thumb	ClearQuestLogInput
0x080699B0	thumb	GetRegisteredQuestLogInput
0x080699BC	thumb	DisableMsgBoxWalkaway
0x080699C8	thumb	EnableMsgBoxWalkaway
0x080699D4	thumb	IsMsgBoxWalkawayDisabled
0x080699E0	thumb	SetWalkingIntoSignVars
0x080699F8	thumb	ClearMsgBoxCancelableState
0x08069A04	thumb	CanWalkAwayToCancelMsgBox
0x08069A20	thumb	MsgSetSignpost
0x08069A2C	thumb	MsgSetNotSignpost
0x08069A38	thumb	IsMsgSignpost
0x08069A54	thumb	ResetFacingNpcOrSignpostVars
0x08069A64	thumb	ScriptContext_IsEnabled
0x08069A80	thumb	ScriptContext_Init
0x08069AA8	thumb	ScriptContext_RunScript
0x08069AE4	thumb	ScriptContext_SetupScript
0x08069B28	thumb	ScriptContext_Stop
0x08069B34	thumb	ScriptContext_Enable
0x08069B48	thumb	RunScriptImmediately
0x08069B80	thumb	MapHeaderGetScriptTable
0x08069BC0	thumb	MapHeaderRunScriptType
0x08069BD8	thumb	MapHeaderCheckScriptTable
0x08069C38	thumb	RunOnLoadMapScript
0x08069C44	thumb	RunOnTransitionMapScript
0x08069C50	thumb	RunOnResumeMapScript
0x08069C5C	thumb	RunOnReturnToFieldMapScript
0x08069C68	thumb	RunOnDiveWarpMapScript
0x08069C74	thumb	TryRunOnFrameMapScript
0x08069C9C	thumb	TryRunOnWarpIntoMapScript
0x08069CB0	thumb	CalculateRamScriptChecksum
0x08069CD4	thumb	ClearRamScript
0x08069D00	thumb	InitRamScript
0x08069D8C	thumb	GetRamScript
0x08069DFC	thumb	ValidateRamScript
0x08069E48	thumb	GetSavedRamScriptIfValid
0x08069EA4	thumb	InitRamScript_NoObjectEvent
0x08069ED0	thumb	ScrCmd_nop
0x08069ED4	thumb	ScrCmd_nop1
0x08069ED8	thumb	ScrCmd_end
0x08069EE4	thumb	ScrCmd_gotonative
0x08069EFC	thumb	ScrCmd_special
0x08069F3C	thumb	ScrCmd_specialvar
0x08069F94	thumb	ScrCmd_callnative
0x08069FA4	thumb	ScrCmd_waitstate
0x08069FB0	thumb	ScrCmd_goto
0x08069FC8	thumb	ScrCmd_return
0x08069FD4	thumb	ScrCmd_call
0x08069FEC	thumb	ScrCmd_goto_if
0x0806A028	thumb	ScrCmd_call_if
0x0806A064	thumb	ScrCmd_setvaddress
0x0806A080	thumb	ScrCmd_vgoto
0x0806A0A4	thumb	ScrCmd_vcall
0x0806A0C8	thumb	ScrCmd_vgoto_if
0x0806A10C	thumb	ScrCmd_vcall_if
0x0806A150	thumb	ScrCmd_gotostd
0x0806A180	thumb	ScrCmd_callstd
0x0806A1B0	thumb	ScrCmd_gotostd_if
0x0806A1FC	thumb	ScrCmd_callstd_if
0x0806A248	thumb	ScrCmd_returnram
0x0806A25C	thumb	ScrCmd_endram
0x0806A274	thumb	ScrCmd_setmysteryeventstatus
0x0806A28C	thumb	ScrCmd_trywondercardscript
0x0806A2B4	thumb	ScrCmd_loadword
0x0806A2D8	thumb	ScrCmd_loadbytefromptr
0x0806A2FC	thumb	ScrCmd_setptr
0x0806A314	thumb	ScrCmd_loadbyte
0x0806A330	thumb	ScrCmd_setptrbyte
0x0806A354	thumb	ScrCmd_copylocal
0x0806A374	thumb	ScrCmd_copybyte
0x0806A390	thumb	ScrCmd_setvar
0x0806A3B4	thumb	ScrCmd_copyvar
0x0806A3E0	thumb	ScrCmd_setorcopyvar
0x0806A40C	thumb	Compare
0x0806A42C	thumb	ScrCmd_compare_local_to_local
0x0806A45C	thumb	ScrCmd_compare_local_to_value
0x0806A484	thumb	ScrCmd_compare_local_to_ptr
0x0806A4B0	thumb	ScrCmd_compare_ptr_to_local
0x0806A4DC	thumb	ScrCmd_compare_ptr_to_value
0x0806A4FC	thumb	ScrCmd_compare_ptr_to_ptr
0x0806A520	thumb	ScrCmd_compare_var_to_value
0x0806A550	thumb	ScrCmd_compare_var_to_var
0x0806A584	thumb	ScrCmd_addvar
0x0806A5AC	thumb	ScrCmd_subvar
0x0806A5DC	thumb	ScrCmd_random
0x0806A610	thumb	ScrCmd_additem
0x0806A65C	thumb	ScrCmd_removeitem
0x0806A6A0	thumb	ScrCmd_checkitemspace
0x0806A6E4	thumb	ScrCmd_checkitem
0x0806A728	thumb	ScrCmd_checkitemtype
0x0806A754	thumb	ScrCmd_addpcitem
0x0806A798	thumb	ScrCmd_checkpcitem
0x0806A7DC	thumb	ScrCmd_adddecoration
0x0806A7F0	thumb	ScrCmd_removedecoration
0x0806A804	thumb	ScrCmd_checkdecorspace
0x0806A818	thumb	ScrCmd_checkdecor
0x0806A82C	thumb	ScrCmd_setflag
0x0806A840	thumb	ScrCmd_clearflag
0x0806A854	thumb	ScrCmd_checkflag
0x0806A870	thumb	ScrCmd_incrementgamestat
0x0806A888	thumb	ScrCmd_comparestat
0x0806A8C0	thumb	ScrCmd_setworldmapflag
0x0806A8E0	thumb	ScrCmd_animateflash
0x0806A8FC	thumb	ScrCmd_setflashlevel
0x0806A918	thumb	IsPaletteNotActive
0x0806A938	thumb	ScrCmd_fadescreen
0x0806A960	thumb	ScrCmd_fadescreenspeed
0x0806A990	thumb	RunPauseTimer
0x0806A9B0	thumb	ScrCmd_delay
0x0806A9D4	thumb	ScrCmd_initclock
0x0806A9D8	thumb	ScrCmd_dotimebasedevents
0x0806A9DC	thumb	ScrCmd_gettime
0x0806A9FC	thumb	ScrCmd_setweather
0x0806AA18	thumb	ScrCmd_resetweather
0x0806AA24	thumb	ScrCmd_doweather
0x0806AA30	thumb	ScrCmd_setstepcallback
0x0806AA48	thumb	ScrCmd_setmaplayoutindex
0x0806AA64	thumb	ScrCmd_warp
0x0806AAEC	thumb	ScrCmd_warpsilent
0x0806AB74	thumb	ScrCmd_warpdoor
0x0806ABFC	thumb	ScrCmd_warphole
0x0806AC70	thumb	ScrCmd_warpteleport
0x0806ACF8	thumb	ScrCmd_warpspinenter
0x0806AD8C	thumb	ScrCmd_setwarp
0x0806AE0C	thumb	ScrCmd_setdynamicwarp
0x0806AE90	thumb	ScrCmd_setdivewarp
0x0806AF10	thumb	ScrCmd_setholewarp
0x0806AF90	thumb	ScrCmd_setescapewarp
0x0806B010	thumb	ScrCmd_getplayerxy
0x0806B04C	thumb	ScrCmd_getpartysize
0x0806B068	thumb	ScrCmd_playse
0x0806B07C	thumb	WaitForSoundEffectFinish
0x0806B094	thumb	ScrCmd_waitse
0x0806B0A8	thumb	ScrCmd_playfanfare
0x0806B0BC	thumb	WaitForFanfareFinish
0x0806B0CC	thumb	ScrCmd_waitfanfare
0x0806B0E0	thumb	ScrCmd_playbgm
0x0806B120	thumb	ScrCmd_savebgm
0x0806B134	thumb	ScrCmd_fadedefaultbgm
0x0806B154	thumb	ScrCmd_fadenewbgm
0x0806B17C	thumb	ScrCmd_fadeoutbgm
0x0806B1C8	thumb	ScrCmd_fadeinbgm
0x0806B200	thumb	ScrCmd_applymovement
0x0806B244	thumb	ScrCmd_applymovementat
0x0806B288	thumb	WaitForMovementFinish
0x0806B2B0	thumb	ScrCmd_waitmovement
0x0806B304	thumb	ScrCmd_waitmovementat
0x0806B358	thumb	ScrCmd_removeobject
0x0806B380	thumb	ScrCmd_removeobjectat
0x0806B3B0	thumb	ScrCmd_addobject
0x0806B3D8	thumb	ScrCmd_addobjectat
0x0806B408	thumb	ScrCmd_setobjectxy
0x0806B470	thumb	ScrCmd_setobjectxyperm
0x0806B4C8	thumb	ScrCmd_copyobjectxytoperm
0x0806B4F0	thumb	ScrCmd_showobjectat
0x0806B520	thumb	ScrCmd_hideobjectat
0x0806B550	thumb	ScrCmd_setobjectsubpriority
0x0806B58C	thumb	ScrCmd_resetobjectsubpriority
0x0806B5BC	thumb	ScrCmd_faceplayer
0x0806B5F4	thumb	ScrCmd_turnobject
0x0806B628	thumb	ScrCmd_setobjectmovementtype
0x0806B650	thumb	ScrCmd_createvobject
0x0806B6C0	thumb	ScrCmd_turnvobject
0x0806B6DC	thumb	ScrCmd_lockall
0x0806B704	thumb	ScrCmd_lock
0x0806B75C	thumb	ScrCmd_releaseall
0x0806B794	thumb	ScrCmd_release
0x0806B7EC	thumb	ScrCmd_textcolor
0x0806B80C	thumb	ScrCmd_message
0x0806B828	thumb	ScrCmd_loadhelp
0x0806B850	thumb	ScrCmd_unloadhelp
0x0806B85C	thumb	ScrCmd_messageautoscroll
0x0806B878	thumb	ScrCmd_waitmessage
0x0806B88C	thumb	ScrCmd_closemessage
0x0806B898	thumb	WaitForAorBPress
0x0806B93C	thumb	ScriptContext_NextCommandEndsScript
0x0806B96C	thumb	ScriptContext_GetQuestLogInput
0x0806BA3C	thumb	ScrCmd_waitbuttonpress
0x0806BA80	thumb	ScrCmd_yesnobox
0x0806BAAC	thumb	ScrCmd_multichoice
0x0806BAE8	thumb	ScrCmd_multichoicedefault
0x0806BB38	thumb	ScrCmd_drawbox
0x0806BB3C	thumb	ScrCmd_multichoicegrid
0x0806BB8C	thumb	ScrCmd_erasebox
0x0806BB98	thumb	ScrCmd_drawboxtext
0x0806BB9C	thumb	ScrCmd_showmonpic
0x0806BBD8	thumb	ScrCmd_hidemonpic
0x0806BBF8	thumb	ScrCmd_showcontestpainting
0x0806BC04	thumb	ScrCmd_braillemessage
0x0806BC40	thumb	ScrCmd_getbraillestringwidth
0x0806BC6C	thumb	ScrCmd_vmessage
0x0806BC88	thumb	ScrCmd_bufferspeciesname
0x0806BCC8	thumb	ScrCmd_bufferleadmonspeciesname
0x0806BD14	thumb	ScrCmd_bufferpartymonnick
0x0806BD5C	thumb	ScrCmd_bufferitemname
0x0806BD90	thumb	ScrCmd_bufferitemnameplural
0x0806BE34	thumb	ScrCmd_bufferdecorationname
0x0806BE50	thumb	ScrCmd_buffermovename
0x0806BE90	thumb	ScrCmd_buffernumberstring
0x0806BED4	thumb	ScrCmd_bufferstdstring
0x0806BF14	thumb	ScrCmd_bufferstring
0x0806BF3C	thumb	ScrCmd_vbuffermessage
0x0806BF60	thumb	ScrCmd_vbufferstring
0x0806BF94	thumb	ScrCmd_bufferboxname
0x0806BFD0	thumb	ScrCmd_givemon
0x0806C050	thumb	ScrCmd_giveegg
0x0806C07C	thumb	ScrCmd_setmonmove
0x0806C0A8	thumb	ScrCmd_checkpartymove
0x0806C124	thumb	ScrCmd_addmoney
0x0806C158	thumb	ScrCmd_removemoney
0x0806C18C	thumb	ScrCmd_checkmoney
0x0806C1CC	thumb	ScrCmd_showmoneybox
0x0806C21C	thumb	ScrCmd_hidemoneybox
0x0806C228	thumb	ScrCmd_updatemoneybox
0x0806C258	thumb	ScrCmd_showcoinsbox
0x0806C294	thumb	ScrCmd_hidecoinsbox
0x0806C2A8	thumb	ScrCmd_updatecoinsbox
0x0806C2C4	thumb	ScrCmd_trainerbattle
0x0806C2D8	thumb	ScrCmd_dotrainerbattle
0x0806C2E4	thumb	ScrCmd_gotopostbattlescript
0x0806C2F8	thumb	ScrCmd_gotobeatenscript
0x0806C30C	thumb	ScrCmd_checktrainerflag
0x0806C330	thumb	ScrCmd_settrainerflag
0x0806C34C	thumb	ScrCmd_cleartrainerflag
0x0806C368	thumb	ScrCmd_setwildbattle
0x0806C39C	thumb	ScrCmd_dowildbattle
0x0806C3AC	thumb	ScrCmd_pokemart
0x0806C3C0	thumb	ScrCmd_pokemartdecoration
0x0806C3D4	thumb	ScrCmd_pokemartdecoration2
0x0806C3E8	thumb	ScrCmd_playslotmachine
0x0806C410	thumb	ScrCmd_setberrytree
0x0806C414	thumb	ScrCmd_getpokenewsactive
0x0806C418	thumb	ScrCmd_choosecontestmon
0x0806C424	thumb	ScrCmd_startcontest
0x0806C428	thumb	ScrCmd_showcontestresults
0x0806C42C	thumb	ScrCmd_contestlinktransfer
0x0806C430	thumb	ScrCmd_dofieldeffect
0x0806C458	thumb	ScrCmd_setfieldeffectargument
0x0806C488	thumb	WaitForFieldEffectFinish
0x0806C4A8	thumb	ScrCmd_waitfieldeffect
0x0806C4D4	thumb	ScrCmd_setrespawn
0x0806C4F0	thumb	ScrCmd_checkplayergender
0x0806C508	thumb	ScrCmd_playmoncry
0x0806C540	thumb	ScrCmd_waitmoncry
0x0806C554	thumb	ScrCmd_setmetatile
0x0806C5D4	thumb	ScrCmd_opendoor
0x0806C62C	thumb	ScrCmd_closedoor
0x0806C670	thumb	IsDoorAnimationStopped
0x0806C688	thumb	ScrCmd_waitdooranim
0x0806C69C	thumb	ScrCmd_setdooropen
0x0806C6E0	thumb	ScrCmd_setdoorclosed
0x0806C724	thumb	ScrCmd_addelevmenuitem
0x0806C728	thumb	ScrCmd_showelevmenu
0x0806C72C	thumb	ScrCmd_checkcoins
0x0806C74C	thumb	ScrCmd_addcoins
0x0806C784	thumb	ScrCmd_removecoins
0x0806C7BC	thumb	ScrCmd_signmsg
0x0806C7C8	thumb	ScrCmd_normalmsg
0x0806C7D4	thumb	ScrCmd_setmonmodernfatefulencounter
0x0806C80C	thumb	ScrCmd_checkmonmodernfatefulencounter
0x0806C844	thumb	ScrCmd_setmonmetlocation
0x0806C888	thumb	FieldClearPlayerInput
0x0806C8BC	thumb	FieldGetPlayerInput
0x0806CA4C	thumb	QuestLogOverrideJoyVars
0x0806CAC8	thumb	ProcessPlayerFieldInput
0x0806CD30	thumb	FieldInput_HandleCancelSignpost
0x0806CDF8	thumb	Task_QuestLogPlayback_OpenStartMenu
0x0806CE20	thumb	GetPlayerPosition
0x0806CE38	thumb	GetInFrontOfPlayerPosition
0x0806CE74	thumb	GetPlayerCurMetatileBehavior
0x0806CEA0	thumb	TryStartInteractionScript
0x0806CEE0	thumb	GetInteractionScript
0x0806CF38	thumb	GetInteractedLinkPlayerScript
0x0806CFF4	thumb	GetInteractedObjectEventScript
0x0806D0E4	thumb	GetInteractedBackgroundEventScript
0x0806D1F0	thumb	GetInteractedMetatileScript
0x0806D548	thumb	GetInteractedWaterScript
0x0806D5E8	thumb	TryStartStepBasedScript
0x0806D660	thumb	TryStartCoordEventScript
0x0806D694	thumb	TryStartMiscWalkingScripts
0x0806D698	thumb	TryStartStepCountScript
0x0806D738	thumb	Unref_ClearHappinessStepCounter
0x0806D74C	thumb	UpdateHappinessStepCounter
0x0806D788	thumb	ClearPoisonStepCounter
0x0806D79C	thumb	UpdatePoisonStepCounter
0x0806D7E8	thumb	RestartWildEncounterImmunitySteps
0x0806D7F4	thumb	CheckStandardWildEncounter
0x0806D804	thumb	TrySetUpWalkIntoSignpostScript
0x0806D898	thumb	GetFacingSignpostType
0x0806D908	thumb	SetUpWalkIntoSignScript
0x0806D928	thumb	GetSignpostScriptAtMapPosition
0x0806D964	thumb	TryArrowWarp
0x0806DA10	thumb	TryStartWarpEventScript
0x0806DAF4	thumb	IsWarpMetatileBehavior
0x0806DB84	thumb	IsDirectionalStairWarpMetatileBehavior
0x0806DBD8	thumb	IsArrowWarpMetatileBehavior
0x0806DC30	thumb	GetWarpEventAtMapPosition
0x0806DC54	thumb	SetupWarp
0x0806DCD0	thumb	TryDoorWarp
0x0806DD38	thumb	GetWarpEventAtPosition
0x0806DD80	thumb	TryRunCoordEventScript
0x0806DDC0	thumb	GetCoordEventScriptAtPosition
0x0806DE28	thumb	HandleBoulderFallThroughHole
0x0806DE70	thumb	HandleBoulderActivateVictoryRoadSwitch
0x0806DEC4	thumb	GetCoordEventScriptAtMapPosition
0x0806DEEC	thumb	GetBackgroundEventAtPosition
0x0806DF3C	thumb	dive_warp
0x0806DFB8	thumb	TrySetDiveWarp
0x0806E050	thumb	GetObjectEventScriptPointerPlayerFacing
0x0806E08C	thumb	SetCableClubWarp
0x0806E0D0	thumb	InitEventData
0x0806E110	thumb	ClearTempFieldEventData
0x0806E168	thumb	DisableNationalPokedex_RSE
0x0806E190	thumb	EnableNationalPokedex_RSE
0x0806E1C0	thumb	IsNationalPokedexEnabled_RSE
0x0806E204	thumb	DisableNationalPokedex
0x0806E22C	thumb	EnableNationalPokedex
0x0806E25C	thumb	IsNationalPokedexEnabled
0x0806E29C	thumb	DisableMysteryGift
0x0806E2AC	thumb	EnableMysteryGift
0x0806E2BC	thumb	IsMysteryGiftEnabled
0x0806E2D0	thumb	ClearMysteryGiftFlags
0x0806E370	thumb	ClearMysteryGiftVars
0x0806E3E4	thumb	DisableResetRTC
0x0806E400	thumb	EnableResetRTC
0x0806E420	thumb	CanResetRTC
0x0806E454	thumb	GetVarPointer
0x0806E528	thumb	IsFlagOrVarStoredInQuestLog
0x0806E568	thumb	VarGet
0x0806E584	thumb	VarSet
0x0806E5A4	thumb	VarGetObjectEventGraphicsId
0x0806E5C0	thumb	GetFlagAddr
0x0806E680	thumb	FlagSet
0x0806E6A8	thumb	FlagClear
0x0806E6D0	thumb	FlagGet
0x0806E6FC	thumb	ResetSpecialVars
0x0806E7A8	thumb	WeatherCoordEvent_SunnyClouds
0x0806E7AC	thumb	WeatherCoordEvent_Sunny
0x0806E7B0	thumb	WeatherCoordEvent_Rain
0x0806E7B4	thumb	WeatherCoordEvent_Snow
0x0806E7B8	thumb	WeatherCoordEvent_RainThunderstorm
0x0806E7BC	thumb	WeatherCoordEvent_FogHorizontal
0x0806E7C0	thumb	WeatherCoordEvent_VolcanicAsh
0x0806E7C4	thumb	WeatherCoordEvent_Sandstorm
0x0806E7C8	thumb	WeatherCoordEvent_FogDiagonal
0x0806E7CC	thumb	WeatherCoordEvent_Underwater
0x0806E7D0	thumb	WeatherCoordEvent_Shade
0x0806E7D4	thumb	WeatherCoordEvent_Route119Cycle
0x0806E7D8	thumb	WeatherCoordEvent_Route123Cycle
0x0806E7DC	thumb	DoCoordEventWeather
0x0806E810	thumb	Task_RunPerStepCallback
0x0806E83C	thumb	Task_RunTimeBasedEvents
0x0806E87C	thumb	SetUpFieldTasks
0x0806E8D0	thumb	ActivatePerStepCallback
0x0806E918	thumb	ResetFieldTasksArgs
0x0806E954	thumb	DummyPerStepCallback
0x0806E958	thumb	MarkIcePuzzleCoordVisited
0x0806E99C	thumb	SetIcefallCaveCrackedIceMetatiles
0x0806E9E0	thumb	IcefallCaveIcePerStepCallback
0x0806EB54	thumb	AshGrassPerStepCallback
0x0806EC04	thumb	SetCrackedFloorHoleMetatile
0x0806EC40	thumb	CrackedFloorPerStepCallback
0x0806ED38	thumb	SetHasPokedexAndPokemon
0x0806ED54	thumb	SetUpStartMenu
0x0806ED94	thumb	AppendToStartMenuItems
0x0806EDB0	thumb	SetUpStartMenu_NormalField
0x0806EE04	thumb	SetUpStartMenu_SafariZone
0x0806EE34	thumb	SetUpStartMenu_Link
0x0806EE58	thumb	SetUpStartMenu_UnionRoom
0x0806EE7C	thumb	DrawSafariZoneStatsWindow
0x0806EF18	thumb	DestroySafariZoneStatsWindow
0x0806EF44	thumb	PrintStartMenuItems
0x0806F01C	thumb	DoDrawStartMenu
0x0806F14C	thumb	DrawStartMenuInOneGo
0x0806F168	thumb	task50_startmenu
0x0806F188	thumb	OpenStartMenuWithFollowupFunc
0x0806F1B8	thumb	FieldCB2_DrawStartMenu
0x0806F1D4	thumb	SetUpReturnToStartMenu
0x0806F1F0	thumb	Task_StartMenuHandleInput
0x0806F258	thumb	ShowStartMenu
0x0806F280	thumb	StartCB_HandleInput
0x0806F394	thumb	StartMenu_FadeScreenIfLeavingOverworld
0x0806F3CC	thumb	StartMenuPokedexSanityCheck
0x0806F410	thumb	StartMenuPokedexCallback
0x0806F44C	thumb	StartMenuPokemonCallback
0x0806F480	thumb	StartMenuBagCallback
0x0806F4B4	thumb	StartMenuPlayerCallback
0x0806F4E8	thumb	StartMenuSaveCallback
0x0806F4FC	thumb	StartMenuOptionCallback
0x0806F540	thumb	StartMenuExitCallback
0x0806F554	thumb	StartMenuSafariZoneRetireCallback
0x0806F56C	thumb	StartMenuLinkPlayerCallback
0x0806F5A4	thumb	StartCB_Save1
0x0806F5C8	thumb	StartCB_Save2
0x0806F624	thumb	StartMenu_PrepareForSave
0x0806F648	thumb	RunSaveDialogCB
0x0806F67C	thumb	Field_AskSaveTheGame
0x0806F69C	thumb	PrintSaveTextWithFollowupFunc
0x0806F6D4	thumb	task50_save_game
0x0806F71C	thumb	CloseSaveMessageWindow
0x0806F72C	thumb	CloseSaveStatsWindow_
0x0806F738	thumb	SetSaveDialogDelayTo60Frames
0x0806F744	thumb	SaveDialog_Wait60FramesOrAButtonHeld
0x0806F778	thumb	SaveDialog_Wait60FramesThenCheckAButtonHeld
0x0806F7A8	thumb	SaveDialogCB_PrintAskSaveText
0x0806F7DC	thumb	SaveDialogCB_AskSavePrintYesNoMenu
0x0806F7F8	thumb	SaveDialogCB_AskSaveHandleInput
0x0806F86C	thumb	SaveDialogCB_PrintAskOverwriteText
0x0806F8A4	thumb	SaveDialogCB_AskOverwritePrintYesNoMenu
0x0806F8C0	thumb	SaveDialogCB_AskReplacePreviousFilePrintYesNoMenu
0x0806F8DC	thumb	SaveDialogCB_AskOverwriteOrReplacePreviousFileHandleInput
0x0806F924	thumb	SaveDialogCB_PrintSavingDontTurnOffPower
0x0806F940	thumb	SaveDialogCB_DoSave
0x0806F97C	thumb	SaveDialogCB_PrintSaveResult
0x0806F9B8	thumb	SaveDialogCB_WaitPrintSuccessAndPlaySE
0x0806F9E0	thumb	SaveDialogCB_ReturnSuccess
0x0806FA04	thumb	SaveDialogCB_WaitPrintErrorAndPlaySE
0x0806FA2C	thumb	SaveDialogCB_ReturnError
0x0806FA48	thumb	VBlankCB_WhileSavingAfterLinkBattle
0x0806FA54	thumb	DoSetUpSaveAfterLinkBattle
0x0806FB7C	thumb	CB2_SetUpSaveAfterLinkBattle
0x0806FBA8	thumb	CB2_WhileSavingAfterLinkBattle
0x0806FBB8	thumb	task50_after_link_battle_save
0x0806FCF4	thumb	PrintSaveStats
0x0806FE84	thumb	CloseSaveStatsWindow
0x0806FEA0	thumb	CloseStartMenu
0x0806FEC8	thumb	AppendToList
0x0806FED8	thumb	ResetTilesetAnimBuffer
0x0806FF04	thumb	AppendTilesetAnimToBuffer
0x0806FF54	thumb	TransferTilesetAnimsBuffer
0x0806FF9C	thumb	InitTilesetAnimations
0x0806FFB0	thumb	InitSecondaryTilesetAnimation
0x0806FFBC	thumb	UpdateTilesetAnimations
0x0807002C	thumb	_InitPrimaryTilesetAnimation
0x08070068	thumb	_InitSecondaryTilesetAnimation
0x080700A4	thumb	QueueAnimTiles_General_Flower
0x080700D0	thumb	QueueAnimTiles_General_Water_Current_LandWatersEdge
0x080700F8	thumb	QueueAnimTiles_General_SandWatersEdge
0x08070120	thumb	TilesetAnim_General
0x08070154	thumb	InitTilesetAnim_General
0x0807017C	thumb	QueueAnimTiles_CeladonCity_Fountain
0x080701AC	thumb	TilesetAnim_CeladonCity
0x080701D8	thumb	InitTilesetAnim_CeladonCity
0x080701FC	thumb	QueueAnimTiles_SilphCo_Fountain
0x08070224	thumb	TilesetAnim_SilphCo
0x08070250	thumb	InitTilesetAnim_SilphCo
0x08070274	thumb	QueueAnimTiles_MtEmber_Steam
0x0807029C	thumb	TilesetAnim_MtEmber
0x080702B4	thumb	InitTilesetAnim_MtEmber
0x080702DC	thumb	QueueAnimTiles_VermilionGym_MotorizedDoor
0x08070304	thumb	TilesetAnim_VermilionGym
0x0807031C	thumb	InitTilesetAnim_VermilionGym
0x08070340	thumb	QueueAnimTiles_CeladonGym_Flowers
0x08070368	thumb	TilesetAnim_CeladonGym
0x08070380	thumb	InitTilesetAnim_CeladonGym
0x080703A8	thumb	LoadCompressedPalette
0x080703EC	thumb	LoadPalette
0x08070424	thumb	FillPalette
0x08070474	thumb	TransferPlttBuffer
0x080704D0	thumb	UpdatePaletteFade
0x08070528	thumb	ResetPaletteFade
0x08070548	thumb	ReadPlttIntoBuffers
0x08070588	thumb	BeginNormalPaletteFade
0x080706D0	thumb	BeginPlttFade
0x08070718	thumb	PaletteStruct_Run
0x08070790	thumb	PaletteStruct_Copy
0x080708F4	thumb	PaletteStruct_Blend
0x080709B4	thumb	PaletteStruct_TryEnd
0x08070A0C	thumb	PaletteStruct_ResetById
0x08070A28	thumb	PaletteStruct_Reset
0x08070A84	thumb	ResetPaletteFadeControl
0x08070AFC	thumb	PaletteStruct_SetUnusedFlag
0x08070B28	thumb	PaletteStruct_ClearUnusedFlag
0x08070B58	thumb	PaletteStruct_GetPalNum
0x08070B8C	thumb	UpdateNormalPaletteFade
0x08070CCC	thumb	InvertPlttBuffer
0x08070D14	thumb	TintPlttBuffer
0x08070DE8	thumb	UnfadePlttBuffer
0x08070E44	thumb	BeginFastPaletteFade
0x08070E68	thumb	BeginFastPaletteFadeInternal
0x08070EEC	thumb	UpdateFastPaletteFade
0x08071264	thumb	BeginHardwarePaletteFade
0x08071300	thumb	UpdateHardwarePaletteFade
0x0807141C	thumb	UpdateBlendRegisters
0x08071470	thumb	IsSoftwarePaletteFadeFinishing
0x080714D4	thumb	BlendPalettes
0x08071510	thumb	BlendPalettesUnfaded
0x08071544	thumb	TintPalette_GrayScale
0x08071594	thumb	TintPalette_GrayScale2
0x080715F4	thumb	TintPalette_SepiaTone
0x08071660	thumb	TintPalette_CustomTone
0x080716F8	thumb	CopyPaletteInvertedTint
0x080717A8	thumb	BlendPalettesGradually
0x0807185C	thumb	IsBlendPalettesGraduallyTaskActive
0x08071898	thumb	DestroyBlendPalettesGraduallyTask
0x080718B8	thumb	Task_BlendPalettesGradually
0x08071938	thumb	InitMapMusic
0x0807194C	thumb	MapMusicMain
0x08071A44	thumb	ResetMapMusic
0x08071A68	thumb	GetCurrentMapMusic
0x08071A74	thumb	PlayNewMapMusic
0x08071A94	thumb	StopMapMusic
0x08071AB4	thumb	FadeOutMapMusic
0x08071AEC	thumb	FadeOutAndPlayNewMapMusic
0x08071B20	thumb	FadeOutAndFadeInNewMapMusic
0x08071B64	thumb	FadeInNewMapMusic
0x08071BA0	thumb	IsNotWaitingForBGMStop
0x08071BC4	thumb	PlayFanfareByFanfareNum
0x08071C10	thumb	WaitFanfare
0x08071C48	thumb	StopFanfareByFanfareNum
0x08071C60	thumb	PlayFanfare
0x08071C9C	thumb	IsFanfareTaskInactive
0x08071CBC	thumb	Task_Fanfare
0x08071CEC	thumb	CreateFanfareTask
0x08071D10	thumb	FadeInNewBGM
0x08071D64	thumb	FadeOutBGMTemporarily
0x08071D7C	thumb	IsBGMPausedOrStopped
0x08071DA4	thumb	FadeInBGM
0x08071DBC	thumb	FadeOutBGM
0x08071DD4	thumb	IsBGMStopped
0x08071DF0	thumb	PlayCry_Normal
0x08071E3C	thumb	PlayCry_NormalNoDucking
0x08071E60	thumb	PlayCry_ByMode
0x08071EC0	thumb	PlayCry_ReleaseDouble
0x08071F24	thumb	PlayCry_Script
0x08071F78	thumb	PlayCryInternal
0x080721A0	thumb	IsCryFinished
0x080721C4	thumb	StopCryAndClearCrySongs
0x080721DC	thumb	StopCry
0x080721F0	thumb	IsCryPlayingOrClearCrySongs
0x08072214	thumb	IsCryPlaying
0x08072234	thumb	Task_DuckBGMForPokemonCry
0x0807227C	thumb	RestoreBGMVolumeAfterPokemonCry
0x080722A0	thumb	PlayBGM
0x080722CC	thumb	PlaySE
0x080722F4	thumb	PlaySE12WithPanning
0x08072348	thumb	PlaySE1WithPanning
0x0807237C	thumb	PlaySE2WithPanning
0x080723B0	thumb	SE12PanpotControl
0x080723E0	thumb	IsSEPlaying
0x08072424	thumb	IsBGMPlaying
0x0807244C	thumb	IsSpecialSEPlaying
0x08072474	thumb	SetBGMVolume_SuppressHelpSystemReduction
0x0807249C	thumb	BGMVolumeMax_EnableHelpSystemReduction
0x080724C0	thumb	ClearBattleAnimationVars
0x0807259C	thumb	DoMoveAnim
0x080725D4	thumb	LaunchBattleAnimation
0x08072740	thumb	DestroyAnimSprite
0x08072760	thumb	DestroyAnimVisualTask
0x0807277C	thumb	DestroyAnimSoundTask
0x08072798	thumb	AddSpriteIndex
0x080727C8	thumb	ClearSpriteIndex
0x080727FC	thumb	WaitAnimFrameCount
0x08072828	thumb	RunAnimScriptCommand
0x08072868	thumb	Cmd_loadspritegfx
0x080728D0	thumb	Cmd_unloadspritegfx
0x0807291C	thumb	Cmd_createsprite
0x08072A10	thumb	Cmd_createvisualtask
0x08072A8C	thumb	Cmd_delay
0x08072ACC	thumb	Cmd_waitforvisualfinish
0x08072B00	thumb	Cmd_nop
0x08072B04	thumb	Cmd_nop2
0x08072B08	thumb	Cmd_end
0x08072C08	thumb	Cmd_playse
0x08072C30	thumb	Cmd_monbg
0x08072DF0	thumb	IsBattlerSpriteVisible
0x08072E48	thumb	MoveBattlerSpriteToBG
0x080730C0	thumb	RelocateBattleBgPal
0x08073128	thumb	ResetBattleAnimBg
0x08073174	thumb	Task_InitUpdateMonBg
0x0807324C	thumb	Cmd_clearmonbg
0x0807331C	thumb	Task_ClearMonBg
0x0807339C	thumb	Cmd_monbg_static
0x08073484	thumb	Cmd_clearmonbg_static
0x08073558	thumb	Task_ClearMonBgStatic
0x080735E0	thumb	Cmd_setalpha
0x08073618	thumb	Cmd_setbldcnt
0x08073640	thumb	Cmd_blendoff
0x08073664	thumb	Cmd_call
0x08073698	thumb	Cmd_return
0x080736AC	thumb	Cmd_setarg
0x080736E0	thumb	Cmd_choosetwoturnanim
0x08073720	thumb	Cmd_jumpifmoveturn
0x08073764	thumb	Cmd_goto
0x08073788	thumb	IsContest
0x0807378C	thumb	IsSpeciesNotUnown
0x080737A0	thumb	Cmd_fadetobg
0x080737E4	thumb	Cmd_fadetobgfromset
0x08073850	thumb	Task_FadeToBg
0x08073924	thumb	LoadMoveBg
0x0807396C	thumb	LoadDefaultBg
0x08073978	thumb	Cmd_restorebg
0x080739BC	thumb	Cmd_waitbgfadeout
0x080739F0	thumb	Cmd_waitbgfadein
0x08073A24	thumb	Cmd_changebg
0x08073A44	thumb	BattleAnimAdjustPanning
0x08073B08	thumb	BattleAnimAdjustPanning2
0x08073B60	thumb	KeepPanInRange
0x08073B88	thumb	CalculatePanIncrement
0x08073BC8	thumb	Cmd_playsewithpan
0x08073C00	thumb	Cmd_setpan
0x08073C2C	thumb	Cmd_panse
0x08073CEC	thumb	Task_PanFromInitialToTarget
0x08073D7C	thumb	Cmd_panse_adjustnone
0x08073E10	thumb	Cmd_panse_adjustall
0x08073ED0	thumb	Cmd_loopsewithpan
0x08073F58	thumb	Task_LoopAndPlaySE
0x08073FB4	thumb	Cmd_waitplaysewithpan
0x08074028	thumb	Task_WaitAndPlaySE
0x0807406C	thumb	Cmd_createsoundtask
0x080740E0	thumb	Cmd_waitsound
0x08074164	thumb	Cmd_jumpargeq
0x080741B8	thumb	Cmd_jumpifcontest
0x080741C8	thumb	Cmd_splitbgprio
0x08074214	thumb	Cmd_splitbgprio_all
0x0807423C	thumb	Cmd_splitbgprio_foes
0x080742A4	thumb	Cmd_invisible
0x080742E0	thumb	Cmd_visible
0x08074320	thumb	Cmd_teamattack_moveback
0x080743C8	thumb	Cmd_teamattack_movefwd
0x08074458	thumb	Cmd_stopsound
0x08074480	thumb	GetBattlerSpriteCoord
0x08074590	thumb	GetBattlerYDelta
0x0807474C	thumb	GetBattlerElevation
0x080747AC	thumb	GetBattlerSpriteFinal_Y
0x08074844	thumb	GetBattlerSpriteCoord2
0x080748A8	thumb	GetBattlerSpriteDefault_Y
0x080748BC	thumb	GetSubstituteSpriteDefault_Y
0x08074900	thumb	GetGhostSpriteDefault_Y
0x0807492C	thumb	GetBattlerYCoordWithElevation
0x080749D4	thumb	GetAnimBattlerSpriteId
0x08074A68	thumb	StoreSpriteCallbackInData6
0x08074A70	thumb	SetCallbackToStoredInData6
0x08074A80	thumb	TranslateSpriteInCircle
0x08074AE0	thumb	TranslateSpriteInGrowingCircle
0x08074B5C	thumb	TranslateSpriteInLissajousCurve
0x08074BE4	thumb	TranslateSpriteInEllipse
0x08074C44	thumb	WaitAnimForDuration
0x08074C64	thumb	AnimPosToTranslateLinear
0x08074C80	thumb	ConvertPosDataToTranslateLinearData
0x08074CD0	thumb	TranslateSpriteLinear
0x08074D00	thumb	TranslateSpriteLinearFixedPoint
0x08074D3C	thumb	TranslateSpriteLinearFixedPointIconFrame
0x08074D80	thumb	TranslateSpriteToBattleTargetPos
0x08074DC4	thumb	TranslateSpriteLinearById
0x08074E14	thumb	TranslateSpriteLinearByIdFixedPoint
0x08074E70	thumb	TranslateSpriteLinearAndFlicker
0x08074EE0	thumb	DestroySpriteAndMatrix
0x08074EF4	thumb	SetupAndStartSpriteLinearTranslationToAttacker
0x08074F38	thumb	EndUnkPaletteAnim
0x08074F50	thumb	RunStoredCallbackWhenAffineAnimEnds
0x08074F6C	thumb	RunStoredCallbackWhenAnimEnds
0x08074F88	thumb	DestroyAnimSpriteAndDisableBlend
0x08074FA8	thumb	DestroyAnimVisualTaskAndDisableBlend
0x08074FCC	thumb	SetSpriteCoordsToAnimAttackerCoords
0x08074FF8	thumb	SetAnimSpriteInitialXOffset
0x08075068	thumb	InitAnimArcTranslation
0x08075094	thumb	TranslateAnimHorizontalArc
0x080750C8	thumb	TranslateAnimVerticalArc
0x080750FC	thumb	SetSpritePrimaryCoordsFromSecondaryCoords
0x08075114	thumb	InitSpritePosToAnimTarget
0x08075160	thumb	InitSpritePosToAnimAttacker
0x080751C4	thumb	GetBattlerSide
0x080751D8	thumb	GetBattlerPosition
0x080751E8	thumb	GetBattlerAtPosition
0x08075224	thumb	IsBattlerSpritePresent
0x08075290	thumb	IsDoubleBattle
0x080752A0	thumb	GetBattleAnimBg1Data
0x080752C8	thumb	GetBattleAnimBgData
0x08075300	thumb	GetBattleAnimBgDataByPriorityRank
0x08075358	thumb	InitBattleAnimBg
0x080753B4	thumb	AnimLoadCompressedBgGfx
0x08075404	thumb	InitAnimBgTilemapBuffer
0x0807543C	thumb	AnimLoadCompressedBgTilemap
0x08075454	thumb	GetBattleBgPaletteNum
0x08075458	thumb	ToggleBg3Mode
0x08075490	thumb	Trade_MoveSelectedMonToTarget
0x080754B8	thumb	InitSpriteDataForLinearTranslation
0x080754F8	thumb	InitAnimLinearTranslation
0x08075590	thumb	StartAnimLinearTranslation
0x080755B8	thumb	PlayerThrowBall_StartAnimLinearTranslation
0x080755E0	thumb	AnimTranslateLinear
0x0807563C	thumb	AnimTranslateLinear_WithFollowup
0x08075658	thumb	PlayerThrowBall_AnimTranslateLinear_WithFollowup
0x08075678	thumb	InitAnimLinearTranslationWithSpeed
0x080756A4	thumb	InitAnimLinearTranslationWithSpeedAndPos
0x080756CC	thumb	InitAnimFastLinearTranslation
0x08075764	thumb	InitAndRunAnimFastLinearTranslation
0x0807578C	thumb	AnimFastTranslateLinear
0x080757E8	thumb	AnimFastTranslateLinearWaitEnd
0x08075804	thumb	InitAnimFastLinearTranslationWithSpeed
0x08075830	thumb	InitAnimFastLinearTranslationWithSpeedAndPos
0x08075858	thumb	SetSpriteRotScale
0x080758DC	thumb	ShouldRotScaleSpeciesBeFlipped
0x080758E0	thumb	PrepareBattlerSpriteForRotScale
0x08075980	thumb	ResetSpriteRotScale
0x080759DC	thumb	SetBattlerSpriteYOffsetFromRotation
0x08075A1C	thumb	TrySetSpriteRotScale
0x08075AD8	thumb	TryResetSpriteAffineState
0x08075B18	thumb	ArcTan2_
0x08075B30	thumb	ArcTan2Neg
0x08075B48	thumb	SetGreyscaleOrOriginalPalette
0x08075BE8	thumb	GetBattlePalettesMask
0x08075CB8	thumb	GetBattleMonSpritePalettesMask
0x08075D80	thumb	GetSpritePalIdxByBattler
0x08075D88	thumb	GetSpritePalIdxByPosition
0x08075D9C	thumb	AnimSpriteOnMonPos
0x08075DF4	thumb	TranslateAnimSpriteToTargetMonLocation
0x08075E80	thumb	AnimThrowProjectile
0x08075EF0	thumb	AnimThrowProjectile_Step
0x08075F0C	thumb	AnimTravelDiagonally
0x08075FBC	thumb	CloneBattlerSpriteWithBlend
0x08076030	thumb	DestroySpriteWithActiveSheet
0x08076048	thumb	AnimTask_AlphaFadeIn
0x080760D0	thumb	AnimTask_AlphaFadeIn_Step
0x0807616C	thumb	AnimTask_BlendMonInAndOut
0x080761C8	thumb	AnimTask_BlendMonInAndOutSetup
0x080761F0	thumb	AnimTask_BlendMonInAndOut_Step
0x08076288	thumb	AnimTask_BlendPalInAndOutByTag
0x080762D0	thumb	PrepareAffineAnimInTaskData
0x08076308	thumb	RunAffineAnimFromTaskData
0x08076440	thumb	SetBattlerSpriteYOffsetFromYScale
0x08076494	thumb	SetBattlerSpriteYOffsetFromOtherYScale
0x080764EC	thumb	GetBattlerYDeltaFromSpriteId
0x080765C0	thumb	StorePointerInVars
0x080765C8	thumb	LoadPointerFromVars
0x080765D4	thumb	BattleAnimHelper_SetSpriteSquashParams
0x08076640	thumb	BattleAnimHelper_RunSpriteSquash
0x080766B8	thumb	AnimTask_GetFrustrationPowerLevel
0x080766EC	thumb	SetPriorityForVisibleBattlers
0x080767F0	thumb	InitPrioritiesForVisibleBattlers
0x0807685C	thumb	GetBattlerSpriteSubpriority
0x08076884	thumb	GetBattlerSpriteBGPriority
0x080768B0	thumb	GetBattlerSpriteBGPriorityRank
0x080768D0	thumb	CreateAdditionalMonSpriteForMoveAnim
0x08076B20	thumb	DestroySpriteAndFreeResources_
0x08076B2C	thumb	GetBattlerSpriteCoordAttr
0x08076D9C	thumb	SetAverageBattlerPositions
0x08076E34	thumb	CreateInvisibleSpriteCopy
0x08076ED8	thumb	AnimTranslateLinearAndFlicker_Flipped
0x08076F58	thumb	AnimTranslateLinearAndFlicker
0x08076FD0	thumb	AnimSpinningSparkle
0x08077030	thumb	AnimTask_AttackerPunchWithTrace
0x08077118	thumb	AnimTask_AttackerPunchWithTrace_Step
0x080771E4	thumb	CreateBattlerTrace
0x08077268	thumb	AnimBattlerTrace
0x0807729C	thumb	AnimWeatherBallUp
0x080772F4	thumb	AnimWeatherBallUp_Step
0x08077350	thumb	AnimWeatherBallDown
0x080773BC	thumb	ResetTasks
0x0807741C	thumb	CreateTask
0x08077470	thumb	InsertTask
0x08077508	thumb	DestroyTask
0x08077578	thumb	RunTasks
0x080775A8	thumb	FindFirstActiveTask
0x080775E4	thumb	TaskDummy
0x080775E8	thumb	SetTaskFuncWithFollowupFunc
0x0807761C	thumb	SwitchTaskToFollowupFunc
0x08077650	thumb	FuncIsActiveTask
0x08077688	thumb	FindTaskIdByFunc
0x080776B8	thumb	GetTaskCount
0x080776E8	thumb	SetWordTaskArg
0x08077720	thumb	GetWordTaskArg
0x08077760	thumb	ReshowBattleScreenDummy
0x08077764	thumb	ReshowBattleScreenAfterMenu
0x080777E8	thumb	CB2_ReshowBattleScreenAfterMenu
0x08077AAC	thumb	ReshowBattleScreen_TurnOnDisplay
0x08077B0C	thumb	LoadBattlerSpriteGfx
0x08077C38	thumb	CreateBattlerSprite
0x08077FE4	thumb	CreateHealthboxSprite
0x08078178	thumb	Task_FlashingCircleImpacts
0x080782BC	thumb	Task_UpdateFlashingCircleImpacts
0x0807834C	thumb	AnimFlashingCircleImpact
0x08078380	thumb	AnimFlashingCircleImpact_Step
0x080783FC	thumb	AnimTask_FrozenIceCube
0x080784D8	thumb	AnimTask_FrozenIceCube_Step1
0x08078528	thumb	AnimTask_FrozenIceCube_Step2
0x080785D8	thumb	AnimTask_FrozenIceCube_Step3
0x0807862C	thumb	AnimTask_FrozenIceCube_Step4
0x08078694	thumb	AnimTask_StatsChange
0x0807886C	thumb	LaunchStatusAnimation
0x080788BC	thumb	Task_DoStatusAnimation
0x08078914	thumb	CB2_InitTitleScreen
0x08078B34	thumb	ResetGpuRegs
0x08078B9C	thumb	CB2_TitleScreenRun
0x08078BB4	thumb	VBlankCB
0x08078BEC	thumb	Task_TitleScreenTimer
0x08078C24	thumb	Task_TitleScreenMain
0x08078C90	thumb	SetTitleScreenScene
0x08078C9C	thumb	SetTitleScreenScene_Init
0x08078D24	thumb	SetTitleScreenScene_FlashSprite
0x08078DA4	thumb	SetTitleScreenScene_FadeIn
0x08078FC4	thumb	SetTitleScreenScene_Run
0x080790A0	thumb	SetGpuRegsForTitleScreenRun
0x080790CC	thumb	SetTitleScreenScene_Restart
0x080791C0	thumb	SetTitleScreenScene_Cry
0x080792C8	thumb	Task_TitleScreen_SlideWin0
0x0807941C	thumb	Task_TitleScreen_BlinkPressStart
0x08079528	thumb	SignalEndTitleScreenPaletteSomethingTask
0x08079550	thumb	UpdateScanlineEffectRegBuffer
0x08079620	thumb	ScheduleStopScanlineEffect
0x08079648	thumb	LoadMainTitleScreenPalsAndResetBgs
0x080796CC	thumb	CB2_FadeOutTransitionToSaveClearScreen
0x080796E8	thumb	CB2_FadeOutTransitionToBerryFix
0x08079708	thumb	LoadSpriteGfxAndPals
0x08079730	thumb	SpriteCallback_TitleScreenFlame
0x080797AC	thumb	CreateFlameSprite
0x08079840	thumb	Task_FlameSpawner
0x0807999C	thumb	TitleScreen_srand
0x080799B4	thumb	TitleScreen_rand
0x080799F0	thumb	CreateBlankSprite
0x08079A10	thumb	SetPalOnOrCreateBlankSprite
0x08079A40	thumb	CreateSlashSprite
0x08079A88	thumb	DeactivateSlashSprite
0x08079AA8	thumb	IsSlashSpriteDeactivated
0x08079AD8	thumb	SpriteCallback_Slash
0x08079B7C	thumb	ReloadSave
0x08079C08	thumb	StartWeather
0x08079CF4	thumb	SetNextWeather
0x08079D60	thumb	SetCurrentAndNextWeather
0x08079D8C	thumb	SetCurrentAndNextWeatherNoDelay
0x08079DBC	thumb	Task_WeatherInit
0x08079E0C	thumb	Task_WeatherMain
0x08079EC0	thumb	None_Init
0x08079EE0	thumb	None_Main
0x08079EE4	thumb	None_Finish
0x08079EE8	thumb	BuildGammaShiftTables
0x08079FFC	thumb	UpdateWeatherGammaShift
0x0807A084	thumb	FadeInScreenWithWeather
0x0807A19C	thumb	FadeInScreen_RainShowShade
0x0807A1FC	thumb	FadeInScreen_Drought
0x0807A254	thumb	FadeInScreen_FogHorizontal
0x0807A290	thumb	DoNothing
0x0807A294	thumb	ApplyGammaShift
0x0807A3D0	thumb	ApplyGammaShiftWithBlend
0x0807A518	thumb	ApplyDroughtGammaShiftWithBlend
0x0807A5F8	thumb	ApplyFogBlend
0x0807A714	thumb	MarkFogSpritePalToLighten
0x0807A748	thumb	LightenSpritePaletteInFog
0x0807A790	thumb	WeatherShiftGammaIfPalStateIdle
0x0807A7C4	thumb	WeatherBeginGammaFade
0x0807A818	thumb	FadeScreen
0x0807A944	thumb	FadeSelectedPals
0x0807AA70	thumb	IsWeatherNotFadingIn
0x0807AA8C	thumb	UpdateSpritePaletteWithWeather
0x0807AB74	thumb	ApplyWeatherGammaShiftToPal
0x0807AB94	thumb	IsWeatherFadingIn
0x0807ABC0	thumb	LoadCustomWeatherSpritePalette
0x0807ABF0	thumb	LoadDroughtWeatherPalette
0x0807ABF4	thumb	ResetDroughtWeatherPaletteLoading
0x0807AC14	thumb	LoadDroughtWeatherPalettes
0x0807AC50	thumb	SetDroughtGamma
0x0807AC60	thumb	DroughtStateInit
0x0807AC98	thumb	DroughtStateRun
0x0807ADB0	thumb	Weather_SetBlendCoeffs
0x0807ADF0	thumb	Weather_SetTargetBlendCoeffs
0x0807AE34	thumb	Weather_UpdateBlend
0x0807AF00	thumb	SetFieldWeather
0x0807AF98	thumb	GetCurrentWeather
0x0807AFA8	thumb	SetRainStrengthFromSoundEffect
0x0807B004	thumb	PlayRainStoppingSoundEffect
0x0807B048	thumb	IsWeatherChangeComplete
0x0807B05C	thumb	SetWeatherScreenFadeOut
0x0807B070	thumb	WeatherProcessingIdle
0x0807B084	thumb	PreservePaletteInWeather
0x0807B0B4	thumb	ResetPreservedPalettesInWeather
0x0807B0C4	thumb	SlightlyDarkenPalsInWeather
0x0807B100	thumb	SetSavedWeather
0x0807B130	thumb	GetSav1Weather
0x0807B140	thumb	SetSavedWeatherFromCurrMapHeader
0x0807B174	thumb	SetWeather
0x0807B18C	thumb	SetWeather_Unused
0x0807B1A4	thumb	DoCurrentWeather
0x0807B1B8	thumb	ResumePausedWeather
0x0807B1CC	thumb	TranslateWeatherNum
0x0807B29C	thumb	UpdateWeatherPerDay
0x0807B2BC	thumb	UpdateRainCounter
0x0807B2DC	thumb	Clouds_InitVars
0x0807B328	thumb	Clouds_InitAll
0x0807B358	thumb	Clouds_Main
0x0807B3B8	thumb	Clouds_Finish
0x0807B400	thumb	Sunny_InitVars
0x0807B424	thumb	Sunny_InitAll
0x0807B430	thumb	Sunny_Main
0x0807B434	thumb	Sunny_Finish
0x0807B438	thumb	CreateCloudSprites
0x0807B504	thumb	DestroyCloudSprites
0x0807B558	thumb	UpdateCloudSprite
0x0807B574	thumb	Drought_InitVars
0x0807B5A8	thumb	Drought_InitAll
0x0807B5D8	thumb	Drought_Main
0x0807B6BC	thumb	Drought_Finish
0x0807B6C0	thumb	StartDroughtWeatherBlend
0x0807B6D4	thumb	UpdateDroughtBlend
0x0807B7C8	thumb	Rain_InitVars
0x0807B834	thumb	Rain_InitAll
0x0807B864	thumb	Rain_Main
0x0807B8C4	thumb	Rain_Finish
0x0807B950	thumb	StartRainSpriteFall
0x0807BA24	thumb	UpdateRainSprite
0x0807BB28	thumb	WaitRainSprite
0x0807BB54	thumb	InitRainSpriteMovement
0x0807BC08	thumb	LoadRainSpriteSheet
0x0807BC18	thumb	CreateRainSprite
0x0807BD4C	thumb	UpdateVisibleRainSprites
0x0807BDD8	thumb	DestroyRainSprites
0x0807BE2C	thumb	Snow_InitVars
0x0807BE7C	thumb	Snow_InitAll
0x0807BEE8	thumb	Snow_Main
0x0807BF24	thumb	Snow_Finish
0x0807BF88	thumb	UpdateVisibleSnowflakeSprites
0x0807C004	thumb	CreateSnowflakeSprite
0x0807C070	thumb	DestroySnowflakeSprite
0x0807C0A4	thumb	InitSnowflakeSpriteMovement
0x0807C150	thumb	WaitSnowflakeSprite
0x0807C1AC	thumb	UpdateSnowflakeSprite
0x0807C2E4	thumb	Thunderstorm_InitVars
0x0807C358	thumb	Thunderstorm_InitAll
0x0807C388	thumb	Downpour_InitVars
0x0807C3F4	thumb	Downpour_InitAll
0x0807C424	thumb	Thunderstorm_Main
0x0807C7B0	thumb	Thunderstorm_Finish
0x0807C85C	thumb	SetThunderCounter
0x0807C898	thumb	UpdateThunderSound
0x0807C900	thumb	FogHorizontal_InitVars
0x0807C960	thumb	FogHorizontal_InitAll
0x0807C990	thumb	FogHorizontal_Main
0x0807CA50	thumb	FogHorizontal_Finish
0x0807CAEC	thumb	FogHorizontalSpriteCallback
0x0807CB4C	thumb	CreateFogHorizontalSprites
0x0807CC08	thumb	DestroyFogHorizontalSprites
0x0807CC5C	thumb	Ash_InitVars
0x0807CCB8	thumb	Ash_InitAll
0x0807CCE8	thumb	Ash_Main
0x0807CD94	thumb	Ash_Finish
0x0807CDFC	thumb	LoadAshSpriteSheet
0x0807CE0C	thumb	CreateAshSprites
0x0807CEB4	thumb	DestroyAshSprites
0x0807CF08	thumb	UpdateAshSprite
0x0807CF84	thumb	FogDiagonal_InitVars
0x0807D008	thumb	FogDiagonal_InitAll
0x0807D038	thumb	FogDiagonal_Main
0x0807D09C	thumb	FogDiagonal_Finish
0x0807D0FC	thumb	UpdateFogDiagonalMovement
0x0807D190	thumb	CreateFogDiagonalSprites
0x0807D248	thumb	DestroyFogDiagonalSprites
0x0807D29C	thumb	UpdateFogDiagonalSprite
0x0807D2FC	thumb	Sandstorm_InitVars
0x0807D37C	thumb	Sandstorm_InitAll
0x0807D3AC	thumb	Sandstorm_Main
0x0807D428	thumb	Sandstorm_Finish
0x0807D48C	thumb	UpdateSandstormWaveIndex
0x0807D4C4	thumb	UpdateSandstormMovement
0x0807D544	thumb	DestroySandstormSprites
0x0807D5D8	thumb	CreateSandstormSprites
0x0807D698	thumb	CreateSwirlSandstormSprites
0x0807D798	thumb	UpdateSandstormSprite
0x0807D7F8	thumb	WaitSandSwirlSpriteEntrance
0x0807D81C	thumb	UpdateSandstormSwirlSprite
0x0807D890	thumb	Shade_InitVars
0x0807D8C0	thumb	Shade_InitAll
0x0807D8CC	thumb	Shade_Main
0x0807D8D0	thumb	Shade_Finish
0x0807D8D4	thumb	Bubbles_InitVars
0x0807D928	thumb	Bubbles_InitAll
0x0807D958	thumb	Bubbles_Main
0x0807D9CC	thumb	Bubbles_Finish
0x0807D9E8	thumb	CreateBubbleSprite
0x0807DA70	thumb	DestroyBubbleSprites
0x0807DAB4	thumb	UpdateBubbleSprite
0x0807DB14	thumb	palette_bg_faded_fill_white
0x0807DB38	thumb	palette_bg_faded_fill_black
0x0807DB58	thumb	WarpFadeInScreen
0x0807DBAC	thumb	WarpFadeInScreenWithDelay
0x0807DC00	thumb	FadeInFromBlack
0x0807DC18	thumb	WarpFadeOutScreen
0x0807DC70	thumb	WarpFadeOutScreenWithDelay
0x0807DCB0	thumb	SetPlayerVisibility
0x0807DCC8	thumb	Task_ContinueScriptUnionRoom
0x0807DCE4	thumb	FieldCB_ContinueScriptUnionRoom
0x0807DD04	thumb	Task_ContinueScript
0x0807DD24	thumb	FieldCB_ContinueScriptHandleMusic
0x0807DD44	thumb	FieldCB_ContinueScript
0x0807DD60	thumb	Task_ReturnToFieldCableLink
0x0807DDD0	thumb	FieldCB_ReturnToFieldCableLink
0x0807DDF0	thumb	Task_ReturnToFieldRecordMixing
0x0807DE58	thumb	FieldCB_ReturnToFieldWirelessLink
0x0807DE78	thumb	SetUpWarpExitTask
0x0807DF4C	thumb	ExitWarpFadeInScreen
0x0807DF64	thumb	FieldCB_DefaultWarpExit
0x0807DF7C	thumb	FieldCB_WarpExitFadeFromBlack
0x0807DF94	thumb	FieldCB_TeleportWarpIn
0x0807DFBC	thumb	Task_ExitDoor
0x0807E20C	thumb	Task_ExitNonAnimDoor
0x0807E2CC	thumb	Task_ExitNonDoor
0x0807E31C	thumb	Task_TeleportWarpIn
0x0807E378	thumb	Task_WaitFadeAndCreateStartMenuTask
0x0807E3A0	thumb	FadeTransition_FadeInOnReturnToStartMenu
0x0807E3BC	thumb	FieldCB_ReturnToFieldOpenStartMenu
0x0807E3C8	thumb	Task_SafariZoneRanOutOfBalls
0x0807E3EC	thumb	FieldCB_SafariZoneRanOutOfBalls
0x0807E40C	thumb	WaitWarpFadeOutScreen
0x0807E418	thumb	FieldFadeTransitionBackgroundEffectIsFinished
0x0807E438	thumb	DoWarp
0x0807E470	thumb	DoDiveWarp
0x0807E4A0	thumb	DoStairWarp
0x0807E4DC	thumb	DoDoorWarp
0x0807E500	thumb	DoTeleport2Warp
0x0807E524	thumb	DoUnionRoomWarp
0x0807E548	thumb	DoFallWarp
0x0807E560	thumb	DoEscalatorWarp
0x0807E57C	thumb	DoLavaridgeGymB1FWarp
0x0807E58C	thumb	DoLavaridgeGym1FWarp
0x0807E59C	thumb	DoTeleportWarp
0x0807E5C4	thumb	DoPortholeWarp
0x0807E5EC	thumb	Task_CableClubWarp
0x0807E654	thumb	DoCableClubWarp
0x0807E678	thumb	Task_ReturnFromLinkRoomWarp
0x0807E704	thumb	ReturnFromLinkRoom
0x0807E718	thumb	Task_Teleport2Warp
0x0807E784	thumb	Task_TeleportWarp
0x0807E80C	thumb	Task_DoorWarp
0x0807E980	thumb	Task_StairWarp
0x0807EAC4	thumb	UpdateStairsMovement
0x0807EB64	thumb	ForceStairsMovement
0x0807EBBC	thumb	GetStairsMovementDirection
0x0807EC34	thumb	Task_ExitStairs
0x0807ECBC	thumb	ExitStairsMovement
0x0807EDA0	thumb	WaitStairExitMovementFinished
0x0807EE00	thumb	SetFlashScanlineEffectWindowBoundary
0x0807EE2C	thumb	SetFlashScanlineEffectWindowBoundaries
0x0807EEB8	thumb	UpdateFlashLevelEffect
0x0807EF7C	thumb	Task_WaitForFlashUpdate
0x0807EFA4	thumb	StartWaitForFlashUpdate
0x0807EFC8	thumb	StartUpdateFlashLevelEffect
0x0807F028	thumb	AnimateFlash
0x0807F074	thumb	WriteFlashScanlineEffectBuffer
0x0807F0B0	thumb	Script_FadeOutMapMusic
0x0807F0C8	thumb	Task_EnableScriptAfterMusicFade
0x0807F0EC	thumb	DoInwardBarnDoorFade
0x0807F114	thumb	DoOutwardBarnDoorWipe
0x0807F13C	thumb	BarnDoorWipeSaveGpuRegs
0x0807F1A0	thumb	BarnDoorWipeLoadGpuRegs
0x0807F204	thumb	Task_BarnDoorWipe
0x0807F2FC	thumb	Task_BarnDoorWipeChild
0x0807F3A4	thumb	PrintWhiteOutRecoveryMessage
0x0807F45C	thumb	Task_RushInjuredPokemonToCenter
0x0807F5F0	thumb	FieldCB_RushInjuredPokemonToCenter
0x0807F620	thumb	Task_BattleStart
0x0807F690	thumb	CreateBattleStartTask
0x0807F6CC	thumb	CheckSilphScopeInPokemonTower
0x0807F704	thumb	StartWildBattle
0x0807F748	thumb	DoStandardWildBattle
0x0807F78C	thumb	StartRoamerBattle
0x0807F7D8	thumb	DoSafariBattle
0x0807F810	thumb	DoGhostBattle
0x0807F868	thumb	DoTrainerBattle
0x0807F888	thumb	StartOldManTutorialBattle
0x0807F8C4	thumb	StartScriptedWildBattle
0x0807F904	thumb	StartMarowakBattle
0x0807F998	thumb	StartSouthernIslandBattle
0x0807F9D8	thumb	StartLegendaryBattle
0x0807FA68	thumb	StartGroudonKyogreBattle
0x0807FABC	thumb	StartRegiBattle
0x0807FAF8	thumb	EndPokedudeBattle
0x0807FB08	thumb	StartPokedudeBattle
0x0807FB40	thumb	CB2_EndWildBattle
0x0807FBA0	thumb	CB2_EndScriptedWildBattle
0x0807FBF0	thumb	CB2_EndMarowakBattle
0x0807FC5C	thumb	BattleSetup_GetTerrainId
0x0807FD90	thumb	GetBattleTransitionTypeByMap
0x0807FDF4	thumb	GetSumOfPlayerPartyLevel
0x0807FE54	thumb	GetSumOfEnemyPartyLevel
0x0807FF34	thumb	GetWildBattleTransition
0x0807FF80	thumb	GetTrainerBattleTransition
0x08080060	thumb	BattleSetup_GetBattleTowerBattleTransition
0x08080090	thumb	TrainerBattleLoadArg32
0x080800A8	thumb	TrainerBattleLoadArg16
0x080800B4	thumb	TrainerBattleLoadArg8
0x080800B8	thumb	GetTrainerAFlag
0x080800D0	thumb	IsPlayerDefeated
0x08080110	thumb	InitTrainerBattleVariables
0x08080168	thumb	TrainerBattleLoadArgs
0x080801F0	thumb	SetMapVarsToTrainer
0x08080228	thumb	BattleSetup_ConfigureTrainerBattle
0x08080334	thumb	ConfigureAndSetUpOneTrainerBattle
0x08080378	thumb	GetTrainerFlagFromScriptPointer
0x08080398	thumb	SetUpTrainerMovement
0x080803CC	thumb	GetTrainerBattleMode
0x080803D8	thumb	GetRivalBattleFlags
0x080803E4	thumb	Script_HasTrainerBeenFought
0x080803FC	thumb	SetBattledTrainerFlag
0x08080410	thumb	SetBattledTrainerFlag2
0x08080424	thumb	HasTrainerBeenFought
0x0808043C	thumb	SetTrainerFlag
0x08080450	thumb	ClearTrainerFlag
0x08080464	thumb	StartTrainerBattle
0x080804AC	thumb	CB2_EndTrainerBattle
0x08080558	thumb	CB2_EndRematchBattle
0x080805B0	thumb	StartRematchBattle
0x080805D8	thumb	ShowTrainerIntroSpeech
0x080805E8	thumb	BattleSetup_GetScriptAddrAfterBattle
0x08080600	thumb	BattleSetup_GetTrainerPostBattleScript
0x08080618	thumb	ShowTrainerCantBattleSpeech
0x08080628	thumb	PlayTrainerEncounterMusic
0x080806C8	thumb	ReturnEmptyStringIfNull
0x080806D8	thumb	GetIntroSpeechOfApproachingTrainer
0x080806EC	thumb	GetTrainerALoseText
0x08080710	thumb	GetTrainerWonSpeech
0x08080734	thumb	GetTrainerCantBattleSpeech
0x08080748	thumb	CreateLinkupTask
0x0808078C	thumb	PrintNumPlayersInLink
0x080807E8	thumb	ClearLinkPlayerCountWindow
0x08080808	thumb	UpdateLinkPlayerCountDisplay
0x08080844	thumb	ExchangeDataAndGetLinkupStatus
0x080808BC	thumb	CheckLinkErrored
0x080808F0	thumb	CheckLinkCanceledBeforeConnection
0x0808093C	thumb	CheckLinkCanceled
0x08080990	thumb	CheckSioErrored
0x080809C4	thumb	Task_DelayedBlockRequest
0x080809F8	thumb	Task_LinkupStart
0x08080A4C	thumb	Task_LinkupAwaitConnection
0x08080AD0	thumb	Task_LinkupConfirmWhenReady
0x08080B20	thumb	Task_LinkupAwaitConfirmation
0x08080BC8	thumb	Task_LinkupTryConfirmation
0x08080C6C	thumb	Task_LinkupConfirm
0x08080CDC	thumb	Task_LinkupExchangeDataWithLeader
0x08080D8C	thumb	AnyConnectedPartnersPlayingRS
0x08080DC0	thumb	Task_LinkupCheckStatusAfterConfirm
0x08080E6C	thumb	Task_LinkupAwaitTrainerCardData
0x08080F78	thumb	Task_StopLinkup
0x08080FB4	thumb	Task_LinkupFailed
0x08080FF0	thumb	Task_LinkupConnectionError
0x0808102C	thumb	TryLinkTimeout
0x08081064	thumb	TryBattleLinkup
0x080810CC	thumb	TryTradeLinkup
0x080810F4	thumb	TryRecordMixLinkup
0x08081128	thumb	TryContestLinkup
0x08081150	thumb	CreateTask_ReestablishCableClubLink
0x080811FC	thumb	Task_ReestablishLink
0x0808124C	thumb	Task_ReestablishLinkAwaitConnection
0x080812A0	thumb	Task_ReestablishLinkLeader
0x080812D8	thumb	Task_ReestablishLinkAwaitConfirmation
0x0808130C	thumb	CableClub_AskSaveTheGame
0x08081318	thumb	Task_StartWiredCableClubBattle
0x08081454	thumb	Task_StartWirelessCableClubBattle
0x08081624	thumb	CB2_ReturnFromUnionRoomBattle
0x08081668	thumb	CB2_ReturnFromCableClubBattle
0x08081744	thumb	CleanupLinkRoomState
0x08081770	thumb	ExitLinkRoom
0x0808177C	thumb	Task_EnterCableClubSeat
0x08081828	thumb	CreateTask_EnterCableClubSeat
0x08081850	thumb	Task_StartWiredTrade
0x080818E8	thumb	Task_StartWirelessTrade
0x08081978	thumb	EnterTradeSeat
0x080819A4	thumb	CreateTask_StartWiredTrade
0x080819B8	thumb	StartWiredCableClubTrade
0x080819C8	thumb	EnterColosseumPlayerSpot
0x08081A04	thumb	CreateTask_EnterCableClubSeatNoFollowup
0x08081A1C	thumb	Script_ShowLinkTrainerCard
0x08081A34	thumb	GetSeeingLinkPlayerCardMsg
0x08081A90	thumb	Task_WaitForLinkPlayerConnection
0x08081AE4	thumb	Task_WaitExitToScript
0x08081B08	thumb	ExitLinkToScript
0x08081B30	thumb	CheckForTrainersWantingBattle
0x08081B84	thumb	CheckTrainer
0x08081BEC	thumb	GetTrainerApproachDistance
0x08081C9C	thumb	GetTrainerApproachDistanceSouth
0x08081CEC	thumb	GetTrainerApproachDistanceNorth
0x08081D30	thumb	GetTrainerApproachDistanceWest
0x08081D74	thumb	GetTrainerApproachDistanceEast
0x08081DB8	thumb	CheckPathBetweenTrainerAndPlayer
0x08081E68	thumb	TrainerApproachPlayer
0x08081E9C	thumb	StartTrainerApproachWithFollowupTask
0x08081EDC	thumb	Task_RunTrainerSeeFuncList
0x08081F34	thumb	TrainerSeeFunc_Dummy
0x08081F38	thumb	TrainerSeeFunc_StartExclMark
0x08081F90	thumb	TrainerSeeFunc_WaitExclMark
0x08081FD0	thumb	TrainerSeeFunc_TrainerApproach
0x0808202C	thumb	TrainerSeeFunc_PrepareToEngage
0x080820BC	thumb	TrainerSeeFunc_End
0x08082100	thumb	TrainerSeeFunc_BeginRemoveDisguise
0x08082134	thumb	TrainerSeeFunc_WaitRemoveDisguise
0x08082150	thumb	TrainerSeeFunc_TrainerInAshFacesPlayer
0x08082184	thumb	TrainerSeeFunc_BeginJumpOutOfAsh
0x080821DC	thumb	TrainerSeeFunc_WaitJumpOutOfAsh
0x08082250	thumb	TrainerSeeFunc_EndJumpOutOfAsh
0x0808226C	thumb	TrainerSeeFunc_OffscreenAboveTrainerCreateCameraObj
0x080822CC	thumb	TrainerSeeFunc_OffscreenAboveTrainerCameraObjMoveUp
0x0808237C	thumb	TrainerSeeFunc_OffscreenAboveTrainerCameraObjMoveDown
0x0808243C	thumb	Task_RevealTrainer_RunTrainerSeeFuncList
0x080824EC	thumb	MovementAction_RevealTrainer_RunTrainerSeeFuncList
0x08082520	thumb	EndTrainerApproach
0x08082530	thumb	Task_DestroyTrainerApproachTask
0x08082544	thumb	FldEff_ExclamationMarkIcon1
0x0808257C	thumb	FldEff_DoubleExclMarkIcon
0x080825B4	thumb	FldEff_XIcon
0x080825EC	thumb	FldEff_SmileyFaceIcon
0x08082624	thumb	FldEff_QuestionMarkIcon
0x0808265C	thumb	SetIconSpriteData
0x080826A8	thumb	SpriteCB_TrainerIcons
0x08082740	thumb	DisableWildEncounters
0x0808274C	thumb	ChooseWildMonIndex_Land
0x08082808	thumb	ChooseWildMonIndex_WaterRock
0x0808285C	thumb	ChooseWildMonIndex_Fishing
0x080828F8	thumb	ChooseWildMonLevel
0x08082934	thumb	GetCurrentMapWildMonHeaderId
0x080829C0	thumb	UnlockedTanobyOrAreNotInTanoby
0x080829FC	thumb	GenerateWildMon
0x08082A88	thumb	GenerateUnownPersonalityByLetter
0x08082AB8	thumb	GetUnownLetterByPersonalityLoByte
0x08082AEC	thumb	TryGenerateWildMon
0x08082B64	thumb	GenerateFishingEncounter
0x08082BA0	thumb	DoWildEncounterRateDiceRoll
0x08082BCC	thumb	DoWildEncounterRateTest
0x08082C58	thumb	GetAbilityEncounterRateModType
0x08082C98	thumb	DoGlobalWildEncounterDiceRoll
0x08082CBC	thumb	StandardWildEncounter
0x08082E54	thumb	RockSmashWildEncounter
0x08082EC0	thumb	SweetScentWildEncounter
0x08082F78	thumb	DoesCurrentMapHaveFishingMons
0x08082FB0	thumb	FishingWildEncounter
0x08082FE8	thumb	GetLocalWildMon
0x08083074	thumb	GetLocalWaterMon
0x080830B8	thumb	UpdateRepelCounter
0x0808310C	thumb	IsWildLevelAllowedByRepel
0x08083174	thumb	ApplyFluteEncounterRateMod
0x080831A0	thumb	GetFluteEncounterRateModType
0x080831D8	thumb	ApplyCleanseTagEncounterRateMod
0x080831F8	thumb	IsLeadMonHoldingCleanseTag
0x08083214	thumb	SeedWildEncounterRng
0x0808322C	thumb	WildEncounterRandom
0x0808324C	thumb	GetMapBaseEncounterCooldown
0x080832D4	thumb	ResetEncounterRateModifiers
0x080832E4	thumb	HandleWildEncounterCooldown
0x080833B0	thumb	TryStandardWildEncounter
0x08083410	thumb	AddToWildEncounterRateBuff
0x08083444	thumb	FieldEffectStart
0x0808348C	thumb	FieldEffectCmd_loadtiles
0x080834A0	thumb	FieldEffectCmd_loadfadedpal
0x080834B4	thumb	FieldEffectCmd_loadpal
0x080834C8	thumb	FieldEffectCmd_callnative
0x080834DC	thumb	FieldEffectCmd_end
0x080834E0	thumb	FieldEffectCmd_loadgfx_callnative
0x08083508	thumb	FieldEffectCmd_loadtiles_callnative
0x0808352C	thumb	FieldEffectCmd_loadfadedpal_callnative
0x08083550	thumb	FieldEffectScript_ReadWord
0x08083568	thumb	FieldEffectScript_LoadTiles
0x08083598	thumb	ApplyGlobalFieldPaletteTint
0x08083614	thumb	FieldEffectScript_LoadFadedPal
0x0808365C	thumb	FieldEffectScript_LoadPal
0x08083698	thumb	FieldEffectScript_CallNative
0x080836B4	thumb	FieldEffectFreeGraphicsResources
0x080836D8	thumb	FieldEffectStop
0x080836F0	thumb	FieldEffectFreeTilesIfUnused
0x08083754	thumb	FieldEffectFreePaletteIfUnused
0x080837AC	thumb	FieldEffectActiveListClear
0x080837D0	thumb	FieldEffectActiveListAdd
0x080837FC	thumb	FieldEffectActiveListRemove
0x0808382C	thumb	FieldEffectActiveListContains
0x08083858	thumb	CreateTrainerSprite
0x080838F8	thumb	LoadTrainerGfx_TrainerCard
0x08083930	thumb	AddNewGameBirchObject
0x08083970	thumb	CreateMonSprite_PicBox
0x080839D4	thumb	CreateMonSprite_FieldMove
0x08083A5C	thumb	FreeResourcesAndDestroySprite
0x08083A88	thumb	MultiplyInvertedPaletteRGBComponents
0x08083B14	thumb	MultiplyPaletteRGBComponents
0x08083B8C	thumb	FldEff_PokecenterHeal
0x08083BD0	thumb	Task_PokecenterHeal
0x08083C00	thumb	PokecenterHealEffect_Init
0x08083C3C	thumb	PokecenterHealEffect_WaitForBallPlacement
0x08083C78	thumb	PokecenterHealEffect_WaitForBallFlashing
0x08083CA0	thumb	PokecenterHealEffect_WaitForSoundAndEnd
0x08083CE0	thumb	FldEff_HallOfFameRecord
0x08083D1C	thumb	Task_HallOfFameRecord
0x08083D4C	thumb	HallOfFameRecordEffect_Init
0x08083D74	thumb	HallOfFameRecordEffect_WaitForBallPlacement
0x08083DAC	thumb	HallOfFameRecordEffect_WaitForBallFlashing
0x08083DD4	thumb	HallOfFameRecordEffect_WaitForSoundAndEnd
0x08083E14	thumb	CreateGlowingPokeballsEffect
0x08083E70	thumb	SpriteCB_PokeballGlowEffect
0x08083E8C	thumb	PokeballGlowEffect_PlaceBalls
0x08083F24	thumb	PokeballGlowEffect_TryPlaySe
0x08083F58	thumb	PokeballGlowEffect_FlashFirstThree
0x08084098	thumb	PokeballGlowEffect_FlashLast
0x0808418C	thumb	PokeballGlowEffect_WaitAfterFlash
0x080841A8	thumb	PokeballGlowEffect_Dummy
0x080841B0	thumb	PokeballGlowEffect_WaitForSound
0x080841D4	thumb	PokeballGlowEffect_Idle
0x080841D8	thumb	SpriteCB_PokeballGlow
0x08084200	thumb	CreatePokecenterMonitorSprite
0x0808424C	thumb	SpriteCB_PokecenterMonitor
0x0808428C	thumb	CreateHofMonitorSprite
0x080842AC	thumb	SpriteCB_HallOfFameMonitor
0x080842C8	thumb	ReturnToFieldFromFlyMapSelect
0x080842E8	thumb	FieldCallback_UseFly
0x08084310	thumb	Task_UseFly
0x08084390	thumb	FieldCallback_FlyIntoMap
0x080843F8	thumb	Task_FlyIntoMap
0x08084454	thumb	FieldCB_FallWarpExit
0x08084484	thumb	Task_FallWarpFieldEffect
0x080844BC	thumb	FallWarpEffect_1
0x08084564	thumb	FallWarpEffect_2
0x08084580	thumb	FallWarpEffect_3
0x080845F4	thumb	FallWarpEffect_4
0x080846AC	thumb	FallWarpEffect_5
0x080846C8	thumb	FallWarpEffect_6
0x08084708	thumb	FallWarpEffect_7
0x08084784	thumb	StartEscalatorWarp
0x080847C0	thumb	Task_EscalatorWarpFieldEffect
0x080847F8	thumb	EscalatorWarpEffect_1
0x08084820	thumb	EscalatorWarpEffect_2
0x08084890	thumb	EscalatorWarpEffect_3
0x080848B4	thumb	EscalatorWarpEffect_4
0x080848C4	thumb	EscalatorWarpEffect_5
0x080848E8	thumb	EscalatorWarpEffect_6
0x080848F8	thumb	Escalator_AnimatePlayerGoingDown
0x08084944	thumb	Escalator_AnimatePlayerGoingUp
0x08084990	thumb	Escalator_BeginFadeOutToNewMap
0x080849A0	thumb	Escalator_TransitionToWarpInEffect
0x080849F4	thumb	FieldCB_EscalatorWarpIn
0x08084A24	thumb	Task_EscalatorWarpInFieldEffect
0x08084A5C	thumb	EscalatorWarpInEffect_1
0x08084AD8	thumb	EscalatorWarpInEffect_2
0x08084B18	thumb	EscalatorWarpInEffect_3
0x08084B78	thumb	EscalatorWarpInEffect_4
0x08084BB8	thumb	EscalatorWarpInEffect_5
0x08084C18	thumb	EscalatorWarpInEffect_6
0x08084C3C	thumb	EscalatorWarpInEffect_7
0x08084CA0	thumb	FldEff_UseWaterfall
0x08084CD8	thumb	Task_UseWaterfall
0x08084D24	thumb	waterfall_0_setup
0x08084D44	thumb	waterfall_1_do_anim_probably
0x08084D80	thumb	waterfall_2_wait_anim_finish_probably
0x08084DA4	thumb	waterfall_3_move_player_probably
0x08084DCC	thumb	waterfall_4_wait_player_move_probably
0x08084E24	thumb	FldEff_UseDive
0x08084E60	thumb	Task_UseDive
0x08084E98	thumb	DiveFieldEffect_Init
0x08084EAC	thumb	DiveFieldEffect_ShowMon
0x08084ED4	thumb	DiveFieldEffect_TryWarp
0x08084F2C	thumb	StartLavaridgeGymB1FWarp
0x08084F44	thumb	Task_LavaridgeGymB1FWarp
0x08084FA0	thumb	LavaridgeGymB1FWarpEffect_1
0x08084FD8	thumb	LavaridgeGymB1FWarpEffect_2
0x0808500C	thumb	LavaridgeGymB1FWarpEffect_3
0x08085058	thumb	LavaridgeGymB1FWarpEffect_4
0x0808514C	thumb	LavaridgeGymB1FWarpEffect_5
0x08085168	thumb	LavaridgeGymB1FWarpEffect_6
0x080851BC	thumb	FieldCB_LavaridgeGymB1FWarpExit
0x080851E8	thumb	Task_LavaridgeGymB1FWarpExit
0x08085244	thumb	LavaridgeGymB1FWarpExitEffect_1
0x08085274	thumb	LavaridgeGymB1FWarpExitEffect_2
0x080852C0	thumb	LavaridgeGymB1FWarpExitEffect_3
0x08085314	thumb	LavaridgeGymB1FWarpExitEffect_4
0x0808534C	thumb	FldEff_LavaridgeGymWarp
0x080853B0	thumb	SpriteCB_AshLaunch
0x080853CC	thumb	StartLavaridgeGym1FWarp
0x080853E4	thumb	Task_LavaridgeGym1FWarp
0x08085440	thumb	LavaridgeGym1FWarpEffect_1
0x08085470	thumb	LavaridgeGym1FWarpEffect_2
0x080854EC	thumb	LavaridgeGym1FWarpEffect_3
0x08085524	thumb	LavaridgeGym1FWarpEffect_4
0x0808554C	thumb	LavaridgeGym1FWarpEffect_5
0x080855A0	thumb	FldEff_PopOutOfAsh
0x08085604	thumb	SpriteCB_PopOutOfAsh
0x08085620	thumb	StartEscapeRopeFieldEffect
0x0808563C	thumb	Task_EscapeRopeWarpOut
0x0808566C	thumb	EscapeRopeWarpOutEffect_Init
0x08085690	thumb	EscapeRopeWarpOutEffect_Spin
0x0808576C	thumb	SpinObjectEvent
0x080857F0	thumb	WarpOutObjectEventUpwards
0x080858A4	thumb	WarpInObjectEventDownwards
0x080859D4	thumb	FieldCallback_EscapeRopeExit
0x08085A24	thumb	Task_EscapeRopeWarpIn
0x08085A54	thumb	EscapeRopeWarpInEffect_Init
0x08085A80	thumb	EscapeRopeWarpInEffect_Spin
0x08085B64	thumb	CreateTeleportFieldEffectTask
0x08085B78	thumb	Task_DoTeleportFieldEffect
0x08085BA8	thumb	TeleportFieldEffectTask1
0x08085BD0	thumb	TeleportFieldEffectTask2
0x08085C60	thumb	TeleportFieldEffectTask3
0x08085D34	thumb	TeleportFieldEffectTask4
0x08085D88	thumb	FieldCallback_TeleportIn
0x08085DDC	thumb	Task_DoTeleportInFieldEffect
0x08085E0C	thumb	TeleportInFieldEffectTask1
0x08085E98	thumb	TeleportInFieldEffectTask2
0x08085F9C	thumb	TeleportInFieldEffectTask3
0x08086028	thumb	FldEff_FieldMoveShowMon
0x08086084	thumb	FldEff_FieldMoveShowMonInit
0x080860E0	thumb	Task_ShowMon_Outdoors
0x08086110	thumb	ShowMonEffect_Outdoors_1
0x08086180	thumb	ShowMonEffect_Outdoors_2
0x080861FC	thumb	ShowMonEffect_Outdoors_3
0x08086288	thumb	ShowMonEffect_Outdoors_4
0x080862B8	thumb	ShowMonEffect_Outdoors_5
0x0808630C	thumb	ShowMonEffect_Outdoors_6
0x08086358	thumb	ShowMonEffect_Outdoors_7
0x080863C0	thumb	VBlankCB_ShowMonEffect_Outdoors
0x08086428	thumb	LoadFieldMoveStreaksTilemapToVram
0x08086468	thumb	Task_ShowMon_Indoors
0x08086498	thumb	ShowMonEffect_Indoors_1
0x080864D4	thumb	ShowMonEffect_Indoors_2
0x08086554	thumb	ShowMonEffect_Indoors_3
0x080865C0	thumb	ShowMonEffect_Indoors_4
0x080865F0	thumb	ShowMonEffect_Indoors_5
0x08086630	thumb	ShowMonEffect_Indoors_6
0x08086650	thumb	ShowMonEffect_Indoors_7
0x080866E0	thumb	VBlankCB_ShowMonEffect_Indoors
0x08086728	thumb	AnimateIndoorShowMonBg
0x08086738	thumb	SlideIndoorBannerOnscreen
0x080867F0	thumb	SlideIndoorBannerOffscreen
0x08086860	thumb	InitFieldMoveMonSprite
0x080868C0	thumb	SpriteCB_FieldMoveMonSlideOnscreen
0x08086904	thumb	SpriteCB_FieldMoveMonWaitAfterCry
0x08086920	thumb	SpriteCB_FieldMoveMonSlideOffscreen
0x08086944	thumb	FldEff_UseSurf
0x08086990	thumb	Task_FldEffUseSurf
0x080869C0	thumb	UseSurfEffect_1
0x08086A20	thumb	UseSurfEffect_2
0x08086A6C	thumb	UseSurfEffect_3
0x08086AB4	thumb	UseSurfEffect_4
0x08086B30	thumb	UseSurfEffect_5
0x08086BA8	thumb	FldEff_UseVsSeeker
0x08086BD0	thumb	Task_FldEffUseVsSeeker
0x08086C00	thumb	UseVsSeekerEffect_1
0x08086C24	thumb	UseVsSeekerEffect_2
0x08086C70	thumb	UseVsSeekerEffect_3
0x08086CF4	thumb	UseVsSeekerEffect_4
0x08086D38	thumb	FldEff_NpcFlyOut
0x08086D94	thumb	SpriteCB_NPCFlyOut
0x08086E10	thumb	FldEff_FlyOut
0x08086E40	thumb	Task_FlyOut
0x08086E70	thumb	FlyOutFieldEffect_FieldMovePose
0x08086EC8	thumb	FlyOutFieldEffect_ShowMon
0x08086F0C	thumb	FlyOutFieldEffect_BirdLeaveBall
0x08086F64	thumb	FlyOutFieldEffect_WaitBirdLeave
0x08086FA8	thumb	FlyOutFieldEffect_BirdSwoopDown
0x08086FFC	thumb	FlyOutFieldEffect_JumpOnBird
0x0808706C	thumb	FlyOutFieldEffect_FlyOffWithBird
0x08087118	thumb	FlyOutFieldEffect_WaitFlyOff
0x08087138	thumb	FlyOutFieldEffect_End
0x08087168	thumb	CreateFlyBirdSprite
0x080871AC	thumb	GetFlyBirdAnimCompleted
0x080871C8	thumb	StartFlyBirdSwoopDown
0x08087204	thumb	SetFlyBirdPlayerSpriteId
0x08087220	thumb	SpriteCB_FlyBirdLeaveBall
0x080872F0	thumb	SpriteCB_FlyBirdSwoopDown
0x08087364	thumb	SpriteCB_FlyBirdReturnToBall
0x08087458	thumb	StartFlyBirdReturnToBall
0x08087484	thumb	FldEff_FlyIn
0x08087498	thumb	Task_FlyIn
0x080874C8	thumb	FlyInFieldEffect_BirdSwoopDown
0x080875C8	thumb	FlyInFieldEffect_FlyInWithBird
0x08087644	thumb	FlyInFieldEffect_JumpOffBird
0x08087698	thumb	FlyInFieldEffect_FieldMovePose
0x08087710	thumb	FlyInFieldEffect_BirdReturnToBall
0x08087748	thumb	FlyInFieldEffect_WaitBirdReturn
0x08087780	thumb	FlyInFieldEffect_End
0x080877FC	thumb	DoBirdSpriteWithPlayerAffineAnim
0x08087828	thumb	SpriteCB_FlyBirdWithPlayer
0x080878C0	thumb	TryChangeBirdSprite
0x08087924	thumb	FldEff_MoveDeoxysRock
0x080879D8	thumb	Task_MoveDeoxysRock_Step
0x08087AB4	thumb	FldEff_DestroyDeoxysRock
0x08087B14	thumb	Task_DeoxysRockCameraShake
0x08087BA8	thumb	StartEndingDeoxysRockCameraShake
0x08087BC0	thumb	Task_DestroyDeoxysRock
0x08087C00	thumb	DestroyDeoxysRockEffect_CameraShake
0x08087C2C	thumb	DestroyDeoxysRockEffect_RockFragments
0x08087CB4	thumb	DestroyDeoxysRockEffect_WaitAndEnd
0x08087CFC	thumb	CreateDeoxysRockFragments
0x08087D90	thumb	SpriteCB_DeoxysRockFragment
0x08087E00	thumb	Task_PhotoFlash
0x08087E28	thumb	FldEff_PhotoFlash
0x08087E64	thumb	ScanlineEffect_Stop
0x08087EA4	thumb	ScanlineEffect_Clear
0x08087EE4	thumb	ScanlineEffect_SetParams
0x08087F54	thumb	ScanlineEffect_InitHBlankDmaTransfer
0x08087FE0	thumb	CopyValue16Bit
0x08088000	thumb	CopyValue32Bit
0x08088020	thumb	TaskFunc_UpdateWavePerFrame
0x080881E8	thumb	GenerateWave
0x08088230	thumb	ScanlineEffect_InitWave
0x0808835C	thumb	CB2_InitOptionMenu
0x08088374	thumb	VBlankCB_OptionMenu
0x08088388	thumb	CB2_OptionsMenuFromStartMenu
0x08088430	thumb	OptionMenu_InitCallbacks
0x08088444	thumb	OptionMenu_SetVBlankCallback
0x08088454	thumb	CB2_OptionMenu
0x08088514	thumb	SetOptionMenuTask
0x08088530	thumb	InitOptionMenuBg
0x08088680	thumb	OptionMenu_PickSwitchCancel
0x080886D4	thumb	OptionMenu_ResetSpriteData
0x080886F0	thumb	LoadOptionMenuPalette
0x08088780	thumb	Task_OptionMenu
0x080888C0	thumb	OptionMenu_ProcessInput
0x080889A8	thumb	BufferOptionMenuString
0x08088B00	thumb	CloseAndSaveOptionMenu
0x08088BD0	thumb	PrintOptionMenuHeader
0x08088C0C	thumb	DrawOptionMenuBg
0x08088D8C	thumb	LoadOptionMenuItemNames
0x08088DE0	thumb	UpdateSettingSelectionDisplay
0x08088E20	thumb	GetPokedexCategoryName
0x08088E38	thumb	GetPokedexHeightWeight
0x08088E74	thumb	GetSetPokedexFlag
0x08088E8C	thumb	GetNationalPokedexCount
0x08088EDC	thumb	GetKantoPokedexCount
0x08088F24	thumb	HasAllHoennMons
0x08088F58	thumb	HasAllKantoMons
0x08088F84	thumb	HasAllMons
0x08088FF0	thumb	VBlankCB_TrainerCard
0x08089034	thumb	HBlankCB_TrainerCard
0x08089070	thumb	CB2_TrainerCard
0x08089088	thumb	CloseTrainerCard
0x080890C0	thumb	Task_TrainerCard
0x08089424	thumb	LoadCardGfx
0x080895B8	thumb	CB2_InitTrainerCard
0x08089744	thumb	GetCappedGameStat
0x0808975C	thumb	GetTrainerStarCount
0x0808979C	thumb	SetPlayerCardData
0x080898E8	thumb	TrainerCard_GenerateCardForLinkPlayer
0x08089A94	thumb	SetDataFromTrainerCard
0x08089B64	thumb	HandleGpuRegs
0x08089BD8	thumb	UpdateCardFlipRegs
0x08089C3C	thumb	ResetGpuRegs
0x08089C58	thumb	TrainerCardNull
0x08089C5C	thumb	DmaClearOam
0x08089C80	thumb	DmaClearPltt
0x08089CA4	thumb	ResetBgRegs
0x08089D0C	thumb	InitBgsAndWindows
0x08089D8C	thumb	SetTrainerCardCB2
0x08089DA4	thumb	SetUpTrainerCardTask
0x08089DC8	thumb	PrintAllOnCardFront
0x08089E40	thumb	PrintAllOnCardBack
0x08089ECC	thumb	BufferTextForCardBack
0x08089EEC	thumb	PrintNameOnCardFront
0x08089F78	thumb	PrintIdOnCard
0x08089FEC	thumb	PrintMoneyOnCard
0x0808A0E0	thumb	GetCaughtMonsCount
0x0808A100	thumb	PrintPokedexOnCard
0x0808A22C	thumb	PrintTimeOnCard
0x0808A3D0	thumb	PrintProfilePhraseOnCard
0x0808A4A8	thumb	BufferNameForCardBack
0x0808A4FC	thumb	PrintNameOnCardBack
0x0808A5B8	thumb	BufferHofDebutTime
0x0808A654	thumb	PrintHofDebutTimeOnCard
0x0808A6C8	thumb	BufferLinkBattleResults
0x0808A760	thumb	PrintLinkBattleResultsOnCard
0x0808A810	thumb	BufferNumTrades
0x0808A854	thumb	PrintTradesStringOnCard
0x0808A8D0	thumb	BufferBerryCrushPoints
0x0808A91C	thumb	PrintBerryCrushStringOnCard
0x0808A9A4	thumb	BufferUnionRoomStats
0x0808A9F0	thumb	PrintUnionStringOnCard
0x0808AA78	thumb	PrintPokemonIconsOnCard
0x0808AB10	thumb	LoadMonIconGfx
0x0808ABE0	thumb	PrintStickersOnCard
0x0808AC6C	thumb	LoadStickerGfx
0x0808ACC8	thumb	DrawTrainerCardWindow
0x0808ACE4	thumb	SetTrainerCardBgsAndPals
0x0808AE94	thumb	DrawCardScreenBackground
0x0808AF04	thumb	DrawCardFrontOrBack
0x0808AF74	thumb	DrawStarsAndBadgesOnCard
0x0808B090	thumb	DrawCardBackStats
0x0808B180	thumb	BlinkTimeColon
0x0808B1BC	thumb	GetTrainerCardStars
0x0808B1D4	thumb	FlipTrainerCard
0x0808B1FC	thumb	IsCardFlipTaskActive
0x0808B21C	thumb	Task_DoCardFlipTask
0x0808B254	thumb	Task_BeginCardFlip
0x0808B294	thumb	Task_AnimateCardFlipDown
0x0808B3C4	thumb	Task_DrawFlippedCardSide
0x0808B4D8	thumb	Task_SetCardFlipped
0x0808B540	thumb	Task_AnimateCardFlipUp
0x0808B66C	thumb	Task_EndCardFlip
0x0808B698	thumb	ShowPlayerTrainerCard
0x0808B700	thumb	ShowTrainerCardInLink
0x0808B774	thumb	InitTrainerCardData
0x0808B800	thumb	GetCardType
0x0808B838	thumb	CreateTrainerCardTrainerPic
0x0808B94C	thumb	Unref_InitTrainerCard
0x0808B960	thumb	Unref_InitTrainerCardLink
0x0808B990	thumb	Unref_InitTrainerCardLink2
0x0808B9C0	thumb	BackupPokemonStorage
0x0808B9D8	thumb	RestorePokemonStorage
0x0808B9F4	thumb	StorageGetCurrentBox
0x0808BA00	thumb	SetCurrentBox
0x0808BA18	thumb	GetBoxMonDataAt
0x0808BA5C	thumb	SetBoxMonDataAt
0x0808BAA0	thumb	GetCurrentBoxMonData
0x0808BAC0	thumb	SetCurrentBoxMonData
0x0808BAE4	thumb	GetBoxMonNickAt
0x0808BB2C	thumb	SetBoxMonNickAt
0x0808BB6C	thumb	GetAndCopyBoxMonDataAt
0x0808BBB4	thumb	SetBoxMonAt
0x0808BBF4	thumb	CopyBoxMonAt
0x0808BC34	thumb	CreateBoxMonAt
0x0808BCB4	thumb	ZeroBoxMonAt
0x0808BCF0	thumb	BoxMonAtToMon
0x0808BD30	thumb	GetBoxedMonPtr
0x0808BD6C	thumb	GetBoxNamePtr
0x0808BD94	thumb	GetBoxWallpaper
0x0808BDBC	thumb	SetBoxWallpaper
0x0808BDE8	thumb	SeekToNextMonInBox
0x0808BEB4	thumb	DrawTextWindowAndBufferTiles
0x0808BFE0	thumb	PrintStringToBufferCopyNow
0x0808C0D4	thumb	CountMonsInBox
0x0808C108	thumb	GetFirstFreeBoxSpot
0x0808C13C	thumb	CountPartyNonEggMons
0x0808C184	thumb	CountPartyAliveNonEggMonsExcept
0x0808C1E0	thumb	CountPartyAliveNonEggMons_IgnoreVar0x8004Slot
0x0808C1F8	thumb	CountPartyMons
0x0808C230	thumb	StringCopyAndFillWithSpaces
0x0808C25C	thumb	UnusedWriteRectCpu
0x0808C2D8	thumb	UnusedWriteRectDma
0x0808C39C	thumb	Task_PCMainMenu
0x0808C6A8	thumb	ShowPokemonStorageSystemPC
0x0808C6D8	thumb	FieldTask_ReturnToPcMenu
0x0808C72C	thumb	CreatePCMainMenu
0x0808C7B4	thumb	CB2_ExitPokeStorage
0x0808C7E0	thumb	ResetPokemonStorageSystem
0x0808C854	thumb	LoadChooseBoxMenuGfx
0x0808C8FC	thumb	FreeBoxSelectionPopupSpriteGfx
0x0808C940	thumb	CreateChooseBoxMenuSprites
0x0808C950	thumb	DestroyChooseBoxMenuSprites
0x0808C95C	thumb	HandleBoxChooseSelectionInput
0x0808C9C4	thumb	ChooseBoxMenu_CreateSprites
0x0808CBA4	thumb	ChooseBoxMenu_DestroySprites
0x0808CC10	thumb	ChooseBoxMenu_MoveRight
0x0808CC44	thumb	ChooseBoxMenu_MoveLeft
0x0808CC74	thumb	ChooseBoxMenu_PrintBoxNameAndCount
0x0808CCFC	thumb	ChooseBoxMenu_PrintTextToSprite
0x0808CD64	thumb	SpriteCB_ChooseBoxArrow
0x0808CD98	thumb	VBlankCB_PokeStorage
0x0808CDC4	thumb	CB2_PokeStorage
0x0808CDE4	thumb	EnterPokeStorage
0x0808CE60	thumb	CB2_ReturnToPokeStorage
0x0808CEC8	thumb	ResetAllBgCoords
0x0808CF10	thumb	ResetForPokeStorage
0x0808CF94	thumb	InitStartingPosData
0x0808CFC4	thumb	SetMonIconTransparency
0x0808CFF8	thumb	SetPokeStorageTask
0x0808D020	thumb	Task_InitPokeStorage
0x0808D220	thumb	Task_ShowPokeStorage
0x0808D26C	thumb	Task_ReshowPokeStorage
0x0808D2BC	thumb	Task_PokeStorageMain
0x0808D7BC	thumb	Task_ShowPartyPokemon
0x0808D7FC	thumb	Task_HidePartyPokemon
0x0808D878	thumb	Task_OnSelectedMon
0x0808DB94	thumb	Task_MoveMon
0x0808DBF0	thumb	Task_PlaceMon
0x0808DC50	thumb	Task_ShiftMon
0x0808DC9C	thumb	Task_WithdrawMon
0x0808DD88	thumb	Task_DepositMenu
0x0808DECC	thumb	Task_ReleaseMon
0x0808E0BC	thumb	Task_ShowMarkMenu
0x0808E140	thumb	Task_TakeItemForMoving
0x0808E1F4	thumb	Task_GiveMovingItemToMon
0x0808E2B0	thumb	Task_ItemToBag
0x0808E3C8	thumb	Task_SwitchSelectedItem
0x0808E4B0	thumb	Task_ShowItemInfo
0x0808E564	thumb	Task_CloseBoxWhileHoldingItem
0x0808E688	thumb	Task_HandleMovingMonFromParty
0x0808E6D0	thumb	Task_PrintCantStoreMail
0x0808E744	thumb	Task_HandleBoxOptions
0x0808E83C	thumb	Task_HandleWallpapers
0x0808E9A0	thumb	Task_JumpBox
0x0808EA90	thumb	Task_NameBox
0x0808EAF0	thumb	Task_ShowMonSummary
0x0808EB50	thumb	Task_GiveItemFromBag
0x0808EBB0	thumb	Task_OnCloseBoxPressed
0x0808ECE4	thumb	Task_OnBPressed
0x0808EE18	thumb	Task_ChangeScreen
0x0808EF0C	thumb	GiveChosenBagItem
0x0808EF68	thumb	FreePokeStorageData
0x0808EF8C	thumb	SetScrollingBackground
0x0808EFC8	thumb	ScrollBackground
0x0808EFE4	thumb	LoadPokeStorageMenuGfx
0x0808F044	thumb	InitPokeStorageWindows
0x0808F068	thumb	LoadsMiscSpritePalette
0x0808F078	thumb	InitPalettesAndSprites
0x0808F0F4	thumb	CreateMarkingComboSprite
0x0808F164	thumb	CreateWaveformSprites
0x0808F1D0	thumb	RefreshDisplayMonData
0x0808F200	thumb	StartDisplayMonMosaic
0x0808F258	thumb	IsDisplayMonMosaicActive
0x0808F274	thumb	SpriteCB_DisplayMonMosaic
0x0808F2BC	thumb	CreateDisplayMonSprite
0x0808F3F8	thumb	LoadDisplayMonGfx
0x0808F49C	thumb	PrintDisplayMonInfo
0x0808F5E8	thumb	UpdateWaveformAnimation
0x0808F68C	thumb	InitSupplementalTilemaps
0x0808F75C	thumb	SetUpShowPartyMenu
0x0808F794	thumb	ShowPartyMenu
0x0808F810	thumb	SetUpHidePartyMenu
0x0808F850	thumb	HidePartyMenu
0x0808F90C	thumb	UpdateCloseBoxButtonTilemap
0x0808F948	thumb	StartFlashingCloseBoxButton
0x0808F974	thumb	StopFlashingCloseBoxButton
0x0808F99C	thumb	UpdateCloseBoxButtonFlash
0x0808F9FC	thumb	SetPartySlotTilemaps
0x0808FA30	thumb	SetPartySlotTilemap
0x0808FAA8	thumb	UpdatePartySlotColors
0x0808FAD4	thumb	SetUpDoShowPartyMenu
0x0808FAF8	thumb	DoShowPartyMenu
0x0808FB68	thumb	InitPokeStorageBg0
0x0808FBA4	thumb	PrintStorageMessage
0x0808FCE8	thumb	ShowYesNoWindow
0x0808FD20	thumb	ClearBottomWindow
0x0808FD34	thumb	AddWallpaperSetsMenu
0x0808FD5C	thumb	AddWallpapersMenu
0x0808FDF0	thumb	GetCurrentBoxOption
0x0808FDFC	thumb	InitCursorItemIcon
0x0808FE54	thumb	SetPokeStorageQuestLogEvent
0x0808FF70	thumb	UpdateBoxToSendMons
0x0808FFAC	thumb	InitMonIconFields
0x08090058	thumb	GetMonIconPriorityByCursorArea
0x08090070	thumb	CreateMovingMonIcon
0x080900D4	thumb	InitBoxMonSprites
0x080901EC	thumb	CreateBoxMonIconAtPos
0x0809029C	thumb	StartBoxMonIconsScrollOut
0x080902E0	thumb	SpriteCB_BoxMonIconScrollIn
0x08090324	thumb	SpriteCB_BoxMonIconScrollOut
0x0809035C	thumb	DestroyAllIconsInColumn
0x080903A4	thumb	CreateBoxMonIconsInColumn
0x08090574	thumb	InitBoxMonIconScroll
0x0809062C	thumb	UpdateBoxMonIconScroll
0x08090794	thumb	SetBoxSpeciesAndPersonalities
0x0809081C	thumb	DestroyBoxMonIconAtPosition
0x08090850	thumb	SetBoxMonIconObjMode
0x0809088C	thumb	CreatePartyMonsSprites
0x080909F4	thumb	CompactPartySprites
0x08090A60	thumb	GetNumPartySpritesCompacting
0x08090A74	thumb	MovePartySpriteToNextSlot
0x08090AE0	thumb	SpriteCB_MovePartySpriteToNextSlot
0x08090B6C	thumb	DestroyMovingMonIcon
0x08090B98	thumb	MovePartySprites
0x08090C10	thumb	DestroyPartyMonIcon
0x08090C44	thumb	DestroyAllPartyMonIcons
0x08090C84	thumb	SetPartyMonIconObjMode
0x08090CC0	thumb	SetMovingMonSprite
0x08090D58	thumb	SetPlacedMonSprite
0x08090E08	thumb	SetShiftMonSpritePtr
0x08090E74	thumb	ShiftMons
0x08090FC4	thumb	DoReleaseMonAnim
0x08091084	thumb	TryHideReleaseMonSprite
0x080910CC	thumb	DestroyReleaseMonIcon
0x08091114	thumb	DoReleaseMonComeBackAnim
0x08091150	thumb	ResetReleaseMonSpritePtr
0x08091184	thumb	SetMovingMonPriority
0x080911B0	thumb	SpriteCB_HeldMon
0x080911D4	thumb	TryLoadMonIconTiles
0x08091290	thumb	RemoveSpeciesFromIconList
0x080912E0	thumb	CreateMonIconSprite
0x080913C4	thumb	DestroyBoxMonIcon
0x080913DC	thumb	CreateInitBoxTask
0x0809140C	thumb	IsInitBoxActive
0x08091420	thumb	Task_InitBox
0x08091514	thumb	SetUpScrollToBox
0x080915FC	thumb	ScrollToBox
0x080916F4	thumb	DetermineBoxScrollDirection
0x08091730	thumb	SetWallpaperForCurrentBox
0x08091760	thumb	DoWallpaperGfxChange
0x08091850	thumb	LoadWallpaperGfx
0x0809196C	thumb	WaitForWallpaperGfxLoad
0x08091984	thumb	DrawWallpaper
0x08091A24	thumb	TrimOldWallpaper
0x08091A94	thumb	InitBoxTitle
0x08091C48	thumb	CreateIncomingBoxTitle
0x08091E34	thumb	CycleBoxTitleSprites
0x08091E84	thumb	SpriteCB_IncomingBoxTitle
0x08091EB8	thumb	SpriteCB_OutgoingBoxTitle
0x08091EF0	thumb	CycleBoxTitleColor
0x08091F60	thumb	GetBoxTitleBaseX
0x08091F80	thumb	CreateBoxScrollArrows
0x0809200C	thumb	StartBoxScrollArrowsSlide
0x080920AC	thumb	StopBoxScrollArrowsSlide
0x080920FC	thumb	AnimateBoxScrollArrows
0x08092164	thumb	SpriteCB_BoxScrollArrow
0x0809223C	thumb	CreateChooseBoxArrows
0x080922C0	thumb	InitCursor
0x08092340	thumb	InitCursorOnReopen
0x08092398	thumb	GetCursorCoordsByPos
0x08092458	thumb	GetSpeciesAtCursorPosition
0x080924A8	thumb	UpdateCursorPos
0x08092604	thumb	InitNewCursorPos
0x08092660	thumb	InitCursorMove
0x080927E8	thumb	SetCursorPosition
0x080929B0	thumb	DoCursorNewPosUpdate
0x08092AE4	thumb	SetCursorInParty
0x08092B3C	thumb	SetCursorBoxPosition
0x08092B50	thumb	ClearSavedCursorPos
0x08092B5C	thumb	SaveCursorPos
0x08092B70	thumb	GetSavedCursorPos
0x08092B7C	thumb	InitMonPlaceChange
0x08092BAC	thumb	InitMultiMonPlaceChange
0x08092BF8	thumb	DoMonPlaceChange
0x08092C18	thumb	MonPlaceChange_Grab
0x08092CA4	thumb	MonPlaceChange_Place
0x08092D20	thumb	MonPlaceChange_Shift
0x08092E00	thumb	MonPlaceChange_DoMoveCursorDown
0x08092E10	thumb	MonPlaceChange_DoMoveCursorUp
0x08092E20	thumb	MonPlaceChange_MoveCursorDown
0x08092E54	thumb	MonPlaceChange_MoveCursorUp
0x08092E80	thumb	MoveMon
0x08092EF4	thumb	PlaceMon
0x08092F54	thumb	DoTrySetDisplayMonData
0x08092F60	thumb	SetMovedMonData
0x08092FD4	thumb	SetPlacedMonData
0x08093030	thumb	PurgeMonOrBoxMon
0x08093058	thumb	SetShiftedMonData
0x080930E4	thumb	TryStorePartyMonInBox
0x08093174	thumb	ResetSelectionAfterDeposit
0x08093194	thumb	InitReleaseMon
0x080931EC	thumb	TryHideReleaseMon
0x08093218	thumb	ReleaseMon
0x08093264	thumb	TrySetCursorFistAnim
0x0809328C	thumb	InitCanReleaseMonVars
0x08093420	thumb	RunCanReleaseMon
0x08093630	thumb	SaveMovingMon
0x08093660	thumb	LoadSavedMovingMon
0x080936B8	thumb	InitSummaryScreenData
0x080937B4	thumb	SetSelectionAfterSummaryScreen
0x080937DC	thumb	CompactPartySlots
0x08093878	thumb	SetMonMarkings
0x08093900	thumb	CanMovePartyMon
0x0809393C	thumb	CanShiftMon
0x080939A0	thumb	IsMonBeingMoved
0x080939AC	thumb	IsCursorOnBoxTitle
0x080939C8	thumb	IsCursorOnCloseBox
0x080939F4	thumb	IsCursorInBox
0x08093A10	thumb	TrySetDisplayMonData
0x08093AAC	thumb	ReshowDisplayMon
0x08093AD0	thumb	SetDisplayMonData
0x08093F98	thumb	HandleInput_InBox
0x08093FD4	thumb	HandleInput_InBox_Normal
0x08094240	thumb	HandleInput_InBox_GrabbingMultiple
0x08094378	thumb	HandleInput_InBox_MovingMultiple
0x0809448C	thumb	HandleInput_InParty
0x080946AC	thumb	HandleInput_BoxTitle
0x080947A0	thumb	HandleInput_OnButtons
0x080948B4	thumb	HandleInput
0x08094900	thumb	AddBoxMenu
0x08094924	thumb	SetSelectionMenuTexts
0x0809494C	thumb	SetMenuTextsForMon
0x08094A0C	thumb	SetMenuTextsForItem
0x08094AB8	thumb	SpriteCB_CursorShadow
0x08094AD8	thumb	CreateCursorSprites
0x08094C84	thumb	ToggleCursorMultiMoveMode
0x08094CC8	thumb	GetBoxCursorPosition
0x08094CD4	thumb	GetCursorBoxColumnAndRow
0x08094D14	thumb	StartCursorAnim
0x08094D34	thumb	GetMovingMonOriginalBoxId
0x08094D40	thumb	SetCursorPriorityTo1
0x08094D60	thumb	TryHideItemAtCursor
0x08094D84	thumb	TryShowItemAtCursor
0x08094DA8	thumb	InitMenu
0x08094DEC	thumb	SetMenuText
0x08094E50	thumb	GetMenuItemTextId
0x08094E88	thumb	AddMenu
0x08094F90	thumb	IsMenuLoading
0x08094F94	thumb	HandleMenuInput
0x08095024	thumb	RemoveMenu
0x08095050	thumb	MultiMove_Init
0x080950A4	thumb	MultiMove_Free
0x080950BC	thumb	MultiMove_SetFunction
0x080950D0	thumb	MultiMove_RunFunction
0x08095138	thumb	MultiMove_Function_Start
0x08095234	thumb	MultiMove_Function_Single
0x080952A0	thumb	MultiMove_Function_ChangeSelection
0x08095314	thumb	MultiMove_Function_GrabSelection
0x08095394	thumb	MultiMove_Function_MoveMons
0x080953BC	thumb	MultiMove_Function_PlaceMons
0x08095474	thumb	MultiMove_TryMoveGroup
0x08095520	thumb	MultiMove_UpdateSelectedIcons
0x080955C4	thumb	MultiMove_SelectColumn
0x080955FC	thumb	MultiMove_SelectRow
0x08095634	thumb	MultiMove_DeselectColumn
0x0809566C	thumb	MultiMove_DeselectRow
0x080956A4	thumb	MultiMove_SetIconToBg
0x0809572C	thumb	MultiMove_ClearIconFromBg
0x08095780	thumb	MultiMove_InitBg
0x08095790	thumb	MultiMove_UpdateBg
0x080957C8	thumb	MultiMove_GetMonsFromSelection
0x080958A0	thumb	MultiMove_RemoveMonsFromBox
0x08095918	thumb	MultiMove_CreatePlacedMonIcons
0x080959A8	thumb	MultiMove_SetPlacedMonData
0x08095A58	thumb	MultiMove_ResetBg
0x08095AA0	thumb	MultiMove_GetOriginPosition
0x08095ABC	thumb	MultiMove_CanPlaceSelection
0x08095B5C	thumb	CreateItemIconSprites
0x08095C84	thumb	TryLoadItemIconAtPos
0x08095D44	thumb	TryHideItemIconAtPos
0x08095D84	thumb	Item_FromMonToMoving
0x08095E2C	thumb	InitItemIconInCursor
0x08095EA0	thumb	Item_SwitchMonsWithMoving
0x08095F74	thumb	Item_GiveMovingToMon
0x08096008	thumb	Item_TakeMons
0x08096088	thumb	MoveItemFromCursorToBag
0x080960C0	thumb	MoveHeldItemWithPartyMenu
0x0809610C	thumb	IsItemIconAnimActive
0x0809616C	thumb	IsActiveItemMoving
0x080961A8	thumb	GetMovingItemName
0x080961C4	thumb	GetMovingItem
0x080961D8	thumb	GetNewItemIconIdx
0x08096210	thumb	IsItemIconAtPosition
0x08096258	thumb	GetItemIconIdxByPosition
0x080962A8	thumb	GetItemIconIdxBySprite
0x080962F0	thumb	SetItemIconPosition
0x08096408	thumb	LoadItemIconGfx
0x080964B8	thumb	SetItemIconAffineAnim
0x080964E8	thumb	SetItemIconCallback
0x08096624	thumb	SetItemIconActive
0x08096674	thumb	GetItemIconPic
0x08096684	thumb	GetItemIconPalette
0x08096694	thumb	PrintItemDescription
0x080966F4	thumb	InitItemInfoWindow
0x08096728	thumb	UpdateItemInfoWindowSlideIn
0x080967C0	thumb	UpdateItemInfoWindowSlideOut
0x08096898	thumb	DrawItemInfoWindow
0x0809692C	thumb	SpriteCB_ItemIcon_WaitAnim
0x08096958	thumb	SpriteCB_ItemIcon_ToHand
0x080969BC	thumb	SpriteCB_ItemIcon_SetPosToCursor
0x080969F4	thumb	SpriteCB_ItemIcon_ToMon
0x08096A74	thumb	SpriteCB_ItemIcon_SwapToHand
0x08096B10	thumb	SpriteCB_ItemIcon_SwapToMon
0x08096BAC	thumb	SpriteCB_ItemIcon_HideParty
0x08096BE4	thumb	UnkUtil_Init
0x08096BF8	thumb	UnkUtil_Run
0x08096C40	thumb	UnkUtil_CpuAdd
0x08096CDC	thumb	UnkUtil_CpuRun
0x08096D14	thumb	UnkUtil_DmaAdd
0x08096D70	thumb	UnkUtil_DmaRun
0x08096E18	thumb	CreateMonIcon
0x08096ECC	thumb	CreateMonIcon_HandleDeoxys
0x08096F5C	thumb	GetIconSpecies
0x08096F98	thumb	GetUnownLetterByPersonality
0x08096FD4	thumb	MailSpeciesToIconSpecies
0x08097028	thumb	GetMonIconTiles
0x08097054	thumb	GetMonIconPtr
0x08097070	thumb	DestroyMonIcon
0x0809707C	thumb	LoadMonIconPalettes
0x080970A0	thumb	SafeLoadMonIconPalette
0x080970E0	thumb	LoadMonIconPalette
0x08097114	thumb	FreeMonIconPalettes
0x08097138	thumb	SafeFreeMonIconPalette
0x08097168	thumb	FreeMonIconPalette
0x0809718C	thumb	SpriteCB_MonIcon
0x08097198	thumb	LoadMonIconPalettesAt
0x080971CC	thumb	GetValidMonIconPalettePtr
0x080971F8	thumb	GetValidMonIconPalIndex
0x08097218	thumb	GetMonIconPaletteIndexFromSpecies
0x08097228	thumb	UpdateMonIconFrame
0x08097300	thumb	CreateMonIconSprite
0x080973D8	thumb	DestroyMonIconInternal
0x08097414	thumb	SetPartyHPBarSprite
0x08097434	thumb	ScriptMovement_StartObjectMovementScript
0x0809748C	thumb	ScriptMovement_IsObjectMovementFinished
0x080974D8	thumb	ScriptMovement_UnfreezeObjectEvents
0x080974F8	thumb	ScriptMovement_StartMoveObjects
0x08097540	thumb	GetMoveObjectsTaskId
0x08097554	thumb	ScriptMovement_TryAddNewMovement
0x080975C0	thumb	GetMovementScriptIdFromObjectEventId
0x080975FC	thumb	LoadObjectEventIdPtrFromMovementScript
0x08097630	thumb	SetObjectEventIdAtMovementScript
0x08097654	thumb	LoadObjectEventIdFromMovementScript
0x08097678	thumb	ClearMovementScriptFinished
0x080976A8	thumb	SetMovementScriptFinished
0x080976D0	thumb	IsMovementScriptFinished
0x08097708	thumb	SetMovementScript
0x08097718	thumb	GetMovementScript
0x08097728	thumb	ScriptMovement_AddNewMovement
0x08097768	thumb	ScriptMovement_UnfreezeActiveObjects
0x080977AC	thumb	ScriptMovement_MoveObjects
0x080977F0	thumb	ScriptMovement_TakeStep
0x08097874	thumb	MetatileAtCoordsIsGrassTile
0x08097898	thumb	SetUpFieldMove_Cut
0x08097984	thumb	FieldCallback_CutGrass
0x080979A0	thumb	FldEff_UseCutOnGrass
0x080979D0	thumb	FieldCallback_CutTree
0x080979F0	thumb	FldEff_UseCutOnTree
0x08097A20	thumb	FieldMoveCallback_CutGrass
0x08097A48	thumb	FldEff_CutGrass
0x08097B50	thumb	SetCutGrassMetatileAt
0x08097BA8	thumb	SpriteCallback_CutGrass_Init
0x08097BBC	thumb	SpriteCallback_CutGrass_Run
0x08097C18	thumb	SpriteCallback_CutGrass_Cleanup
0x08097C6C	thumb	FieldMoveCallback_CutTree
0x08097C84	thumb	ClearMailData
0x08097CB4	thumb	ClearMailStruct
0x08097D08	thumb	MonHasMail
0x08097D38	thumb	GiveMailToMon
0x08097F00	thumb	SpeciesToMailSpecies
0x08097F20	thumb	MailSpeciesToSpecies
0x08097F44	thumb	GiveMailToMon2
0x08097FB4	thumb	DummyMailFunc
0x08097FB8	thumb	TakeMailFromMon
0x08098018	thumb	ClearMailItemId
0x0809803C	thumb	TakeMailFromMon2
0x080980F8	thumb	ItemIsMail
0x08098110	thumb	ShowMapNamePopup
0x080981AC	thumb	Task_MapNamePopup
0x080982EC	thumb	DismissMapNamePopup
0x08098320	thumb	IsMapNamePopupTaskActive
0x08098340	thumb	MapNamePopupCreateWindow
0x08098400	thumb	MapNamePopupPrintMapNameOnWindow
0x0809847C	thumb	MapNamePopupAppendFloorNum
0x080984D8	thumb	ResetItemMenuIconState
0x080984FC	thumb	CreateBagSprite
0x08098528	thumb	SetBagVisualPocketId
0x08098560	thumb	SpriteCB_BagVisualSwitchingPockets
0x08098580	thumb	ShakeBagSprite
0x080985BC	thumb	SpriteCB_ShakeBagSprite
0x080985E4	thumb	CreateSwapLine
0x08098660	thumb	SetSwapLineInvisibility
0x080986A8	thumb	UpdateSwapLinePos
0x080986EC	thumb	TryAllocItemIconTilesBuffers
0x0809872C	thumb	CopyItemIconPicTo4x4Buffer
0x08098758	thumb	AddItemIconObject
0x0809881C	thumb	AddItemIconObjectWithCustomObjectTemplate
0x080988E8	thumb	CreateItemMenuIcon
0x08098940	thumb	DestroyItemMenuIcon
0x08098974	thumb	GetItemIconGfxPtr
0x080989A0	thumb	CreateBerryPouchItemIcon
0x080989F8	thumb	AnimTask_ShakeMon
0x08098A6C	thumb	AnimTask_ShakeMon_Step
0x08098B1C	thumb	AnimTask_ShakeMon2
0x08098C08	thumb	AnimTask_ShakeMon2Step
0x08098CD0	thumb	AnimTask_ShakeMonInPlace
0x08098D54	thumb	AnimTask_ShakeMonInPlace_Step
0x08098E90	thumb	AnimTask_ShakeAndSinkMon
0x08098EF0	thumb	AnimTask_ShakeAndSinkMon_Step
0x08098F84	thumb	AnimTask_TranslateMonElliptical
0x08099004	thumb	AnimTask_TranslateMonElliptical_Step
0x0809907C	thumb	AnimTask_TranslateMonEllipticalRespectSide
0x080990AC	thumb	DoHorizontalLunge
0x08099120	thumb	ReverseHorizontalLungeDirection
0x08099144	thumb	DoVerticalDip
0x08099190	thumb	ReverseVerticalDipDirection
0x080991B4	thumb	SlideMonToOriginalPos
0x08099270	thumb	SlideMonToOriginalPos_Step
0x080992E0	thumb	SlideMonToOffset
0x08099394	thumb	SlideMonToOffsetAndBack
0x0809946C	thumb	SlideMonToOffsetAndBack_End
0x0809949C	thumb	AnimTask_WindUpLunge
0x08099530	thumb	AnimTask_WindUpLunge_Step1
0x08099594	thumb	AnimTask_WindUpLunge_Step2
0x080995FC	thumb	AnimTask_SlideOffScreen
0x080996B8	thumb	AnimTask_SlideOffScreen_Step
0x08099704	thumb	AnimTask_SwayMon
0x08099788	thumb	AnimTask_SwayMon_Step
0x080998B0	thumb	AnimTask_ScaleMonAndRestore
0x08099908	thumb	AnimTask_ScaleMonAndRestore_Step
0x08099980	thumb	AnimTask_RotateMonSpriteToSide
0x08099A78	thumb	AnimTask_RotateMonToSideAndRestore
0x08099B54	thumb	AnimTask_RotateMonSpriteToSide_Step
0x08099BD4	thumb	AnimTask_ShakeTargetBasedOnMovePowerOrDmg
0x08099CB8	thumb	AnimTask_ShakeTargetBasedOnMovePowerOrDmg_Step
0x08099DA0	thumb	GetBagItemQuantity
0x08099DBC	thumb	SetBagItemQuantity
0x08099DD8	thumb	GetPcItemQuantity
0x08099DDC	thumb	SetPcItemQuantity
0x08099DE0	thumb	ApplyNewEncryptionKeyToBagItems
0x08099E38	thumb	ApplyNewEncryptionKeyToBagItems_
0x08099E44	thumb	SetBagPocketsPointers
0x08099E90	thumb	CopyItemName
0x08099ECC	thumb	BagPocketGetFirstEmptySlot
0x08099F08	thumb	IsPocketNotEmpty
0x08099F40	thumb	CheckBagHasItem
0x08099FAC	thumb	HasAtLeastOneBerry
0x0809A000	thumb	CheckBagHasSpace
0x0809A084	thumb	AddBagItem
0x0809A1D8	thumb	RemoveBagItem
0x0809A260	thumb	GetPocketByItemId
0x0809A274	thumb	ClearItemSlots
0x0809A2A4	thumb	ClearPCItemSlots
0x0809A2DC	thumb	ClearBag
0x0809A304	thumb	PCItemsGetFirstEmptySlot
0x0809A33C	thumb	CountItemsInPC
0x0809A374	thumb	CheckPCHasItem
0x0809A3C8	thumb	AddPCItem
0x0809A460	thumb	RemovePCItem
0x0809A4E8	thumb	ItemPcCompaction
0x0809A540	thumb	RegisteredItemHandleBikeSwap
0x0809A578	thumb	SwapItemSlots
0x0809A584	thumb	BagPocketCompaction
0x0809A5E4	thumb	SortPocketAndPlaceHMsFirst
0x0809A720	thumb	SortAndCompactBagPocket
0x0809A798	thumb	BagGetItemIdByPocketPosition
0x0809A7B4	thumb	BagGetQuantityByPocketPosition
0x0809A7DC	thumb	BagGetQuantityByItemId
0x0809A824	thumb	TrySetObtainedItemQuestLogEvent
0x0809A8A4	thumb	SanitizeItemId
0x0809A8BC	thumb	ItemId_GetName
0x0809A8DC	thumb	ItemId_GetId
0x0809A900	thumb	ItemId_GetPrice
0x0809A924	thumb	ItemId_GetHoldEffect
0x0809A948	thumb	ItemId_GetHoldEffectParam
0x0809A96C	thumb	ItemId_GetDescription
0x0809A990	thumb	ItemId_GetImportance
0x0809A9B4	thumb	ItemId_GetRegistrability
0x0809A9D8	thumb	ItemId_GetPocket
0x0809A9FC	thumb	ItemId_GetType
0x0809AA20	thumb	ItemId_GetFieldFunc
0x0809AA44	thumb	ItemId_GetBattleUsage
0x0809AA68	thumb	ItemId_GetBattleFunc
0x0809AA8C	thumb	ItemId_GetSecondaryId
0x0809AAB0	thumb	CreateShopMenu
0x0809AB7C	thumb	GetMartTypeFromItemList
0x0809ABD8	thumb	SetShopItemsForSale
0x0809AC04	thumb	SetShopMenuCallback
0x0809AC10	thumb	Task_ShopMenu
0x0809AC5C	thumb	Task_HandleShopMenuBuy
0x0809AC98	thumb	Task_HandleShopMenuSell
0x0809ACD4	thumb	CB2_GoToSellMenu
0x0809ACF8	thumb	Task_HandleShopMenuQuit
0x0809AD24	thumb	ClearShopMenuWindow
0x0809AD40	thumb	Task_GoToBuyOrSellMenu
0x0809AD74	thumb	MapPostLoadHook_ReturnToShopMenu
0x0809AD8C	thumb	Task_ReturnToShopMenu
0x0809ADC0	thumb	ShowShopMenuAfterExitingBuyOrSellMenu
0x0809ADE4	thumb	CB2_BuyMenu
0x0809AE00	thumb	VBlankCB_BuyMenu
0x0809AE14	thumb	CB2_InitBuyMenu
0x0809AF6C	thumb	InitShopData
0x0809AFD0	thumb	BuyMenuInitBgs
0x0809B080	thumb	BuyMenuDecompressBgGraphics
0x0809B10C	thumb	RecolorItemDescriptionBox
0x0809B15C	thumb	BuyMenuDrawGraphics
0x0809B188	thumb	BuyMenuBuildListMenuTemplate
0x0809B300	thumb	PokeMartWriteNameAndIdAt
0x0809B320	thumb	BuyMenuPrintItemDescriptionAndShowItemIcon
0x0809B408	thumb	BuyMenuPrintPriceInList
0x0809B494	thumb	LoadTmHmNameInMart
0x0809B56C	thumb	GetMartFontId
0x0809B57C	thumb	BuyMenuPrintCursor
0x0809B59C	thumb	BuyMenuPrintCursorAtYPosition
0x0809B604	thumb	BuyMenuFreeMemory
0x0809B670	thumb	SetShopExitCallback
0x0809B690	thumb	BuyMenuAddScrollIndicatorArrows
0x0809B6FC	thumb	BuyQuantityAddScrollIndicatorArrows
0x0809B73C	thumb	BuyMenuRemoveScrollIndicatorArrows
0x0809B764	thumb	BuyMenuDrawMapView
0x0809B778	thumb	BuyMenuDrawMapBg
0x0809B850	thumb	BuyMenuDrawMapMetatile
0x0809B904	thumb	BuyMenuDrawMapMetatileLayer
0x0809B92C	thumb	BuyMenuCollectObjectEventData
0x0809BA40	thumb	BuyMenuDrawObjectEvents
0x0809BAFC	thumb	BuyMenuCopyTilemapData
0x0809BB44	thumb	BuyMenuPrintItemQuantityAndPrice
0x0809BBC0	thumb	Task_BuyMenu
0x0809BCA0	thumb	Task_BuyHowManyDialogueInit
0x0809BD8C	thumb	Task_BuyHowManyDialogueHandleInput
0x0809BE90	thumb	CreateBuyMenuConfirmPurchaseWindow
0x0809BEA4	thumb	BuyMenuTryMakePurchase
0x0809BF0C	thumb	BuyMenuSubtractMoney
0x0809BF68	thumb	Task_ReturnToItemListAfterItemPurchase
0x0809BF98	thumb	BuyMenuReturnToItemList
0x0809C004	thumb	ExitBuyMenu
0x0809C04C	thumb	Task_ExitBuyMenu
0x0809C094	thumb	DebugFunc_PrintPurchaseDetails
0x0809C098	thumb	DebugFunc_PrintShopMenuHistoryBeforeClearMaybe
0x0809C09C	thumb	RecordItemTransaction
0x0809C138	thumb	RecordTransactionForQuestLog
0x0809C164	thumb	CreatePokemartMenu
0x0809C1A0	thumb	CreateDecorationShop1Menu
0x0809C1BC	thumb	CreateDecorationShop2Menu
0x0809C1D8	thumb	SetEscalatorMetatile
0x0809C334	thumb	Task_DrawEscalator
0x0809C3FC	thumb	CreateEscalatorTask
0x0809C448	thumb	StartEscalator
0x0809C460	thumb	StopEscalator
0x0809C474	thumb	IsEscalatorMoving
0x0809C4A8	thumb	AnimateTeleporterHousing
0x0809C500	thumb	Task_DrawTeleporterHousing
0x0809C5FC	thumb	AnimateTeleporterCable
0x0809C640	thumb	Task_DrawTeleporterCable
0x0809C718	thumb	InitEnigmaBerry
0x0809C794	thumb	ClearEnigmaBerries
0x0809C7C4	thumb	SetEnigmaBerry
0x0809C838	thumb	GetEnigmaBerryChecksum
0x0809C854	thumb	IsEnigmaBerryValid
0x0809C8A0	thumb	GetBerryInfo
0x0809C8E4	thumb	ItemIdToBerryType
0x0809C90C	thumb	BerryTypeToItemId
0x0809C934	thumb	GetBerryNameByBerryType
0x0809C954	thumb	GetStringTilesWide
0x0809C974	thumb	GetMenuWidthFromList
0x0809C9B4	thumb	ScriptMenu_Multichoice
0x0809CA04	thumb	ScriptMenu_MultichoiceWithDefault
0x0809CA64	thumb	DrawVerticalMultichoiceMenu
0x0809CBB4	thumb	GetMCWindowHeight
0x0809CC18	thumb	CreateMCMenuInputHandlerTask
0x0809CC98	thumb	Task_MultichoiceMenu_HandleInput
0x0809CD48	thumb	MultiChoicePrintHelpDescription
0x0809CDEC	thumb	ScriptMenu_YesNo
0x0809CE38	thumb	IsScriptActive
0x0809CE54	thumb	Task_YesNoMenu_HandleInput
0x0809CEC8	thumb	ScriptMenu_MultichoiceGrid
0x0809CFDC	thumb	Hask_MultichoiceGridMenu_HandleInput
0x0809D040	thumb	CreatePCMenu
0x0809D070	thumb	CreatePCMenuWindow
0x0809D254	thumb	ScriptMenu_DisplayPCStartupPrompt
0x0809D288	thumb	Task_ScriptShowMonPic
0x0809D2F0	thumb	ScriptMenu_ShowPokemonPic
0x0809D3CC	thumb	ScriptMenu_HidePokemonPic
0x0809D404	thumb	PicboxWait
0x0809D424	thumb	PicboxCancel
0x0809D494	thumb	Task_WaitMuseumFossilPic
0x0809D504	thumb	OpenMuseumFossilPic
0x0809D620	thumb	CloseMuseumFossilPic
0x0809D654	thumb	CreateWindowFromRect
0x0809D6B0	thumb	DestroyScriptMenuWindow
0x0809D6D4	thumb	QL_DestroyAbortedDisplay
0x0809D764	thumb	DrawSeagallopDestinationMenu
0x0809D8C0	thumb	GetSelectedSeagallopDestination
0x0809D954	thumb	DoNamingScreen
0x0809D9E0	thumb	CB2_LoadNamingScreen
0x0809DA84	thumb	NamingScreen_Init
0x0809DB70	thumb	SetSpritesVisible
0x0809DBB0	thumb	NamingScreen_InitBGs
0x0809DD60	thumb	CreateNamingScreenTask
0x0809DD88	thumb	Task_NamingScreen
0x0809DE20	thumb	PageToNextGfxId
0x0809DE30	thumb	CurrentPageToNextKeyboardId
0x0809DE50	thumb	CurrentPageToKeyboardId
0x0809DE70	thumb	MainState_FadeIn
0x0809DF28	thumb	MainState_WaitFadeIn
0x0809DF64	thumb	MainState_HandleInput
0x0809DF74	thumb	MainState_MoveToOKButton
0x0809DFA4	thumb	MainState_PressedOKButton
0x0809E014	thumb	MainState_FadeOut
0x0809E048	thumb	MainState_Exit
0x0809E0B4	thumb	DisplaySentToPCMessage
0x0809E1D4	thumb	MainState_WaitSentToPCMessage
0x0809E210	thumb	MainState_StartPageSwap
0x0809E250	thumb	MainState_WaitPageSwap
0x0809E30C	thumb	StartPageSwapAnim
0x0809E32C	thumb	Task_HandlePageSwapAnim
0x0809E364	thumb	IsPageSwapAnimNotInProgress
0x0809E384	thumb	PageSwapAnimState_Init
0x0809E3AC	thumb	PageSwapAnimState_1
0x0809E440	thumb	PageSwapAnimState_2
0x0809E4D4	thumb	PageSwapAnimState_Done
0x0809E4F0	thumb	CreateButtonFlashTask
0x0809E518	thumb	TryStartButtonFlash
0x0809E58C	thumb	Task_UpdateButtonFlash
0x0809E644	thumb	GetButtonPalOffset
0x0809E6B8	thumb	RestoreButtonColor
0x0809E6E0	thumb	StartButtonFlash
0x0809E700	thumb	SpriteCB_Cursor
0x0809E7F0	thumb	SpriteCB_InputArrow
0x0809E83C	thumb	SpriteCB_Underscore
0x0809E898	thumb	CreateSprites
0x0809E8B4	thumb	CreateCursorSprite
0x0809E948	thumb	SetCursorPos
0x0809E9CC	thumb	GetCursorPos
0x0809E9F8	thumb	MoveCursorToOKButton
0x0809EA0C	thumb	SetCursorInvisibility
0x0809EA64	thumb	SetCursorFlashing
0x0809EAA8	thumb	SquishCursor
0x0809EAD4	thumb	IsCursorAnimFinished
0x0809EB00	thumb	GetKeyRoleAtCursorPos
0x0809EB40	thumb	GetCurrentPageColumnCount
0x0809EB5C	thumb	CreatePageSwapButtonSprites
0x0809EC20	thumb	StartPageSwapButtonAnim
0x0809EC54	thumb	SpriteCB_PageSwap
0x0809EC7C	thumb	PageSwapSprite_Init
0x0809ECD0	thumb	PageSwapSprite_Idle
0x0809ECD4	thumb	PageSwapSprite_SlideOff
0x0809ED48	thumb	PageSwapSprite_SlideOn
0x0809ED88	thumb	SetPageSwapButtonGfx
0x0809EDE8	thumb	CreateBackOkSprites
0x0809EE60	thumb	CreateTextEntrySprites
0x0809EF24	thumb	CreateInputTargetIcon
0x0809EF50	thumb	NamingScreen_NoIcon
0x0809EF54	thumb	NamingScreen_CreatePlayerIcon
0x0809EFB0	thumb	NamingScreen_CreatePCIcon
0x0809EFF0	thumb	NamingScreen_CreateMonIcon
0x0809F04C	thumb	NamingScreen_CreateRivalIcon
0x0809F0CC	thumb	HandleKeyboardEvent
0x0809F11C	thumb	KeyboardKeyHandler_Character
0x0809F168	thumb	KeyboardKeyHandler_Page
0x0809F190	thumb	KeyboardKeyHandler_Backspace
0x0809F1B4	thumb	KeyboardKeyHandler_OK
0x0809F1F0	thumb	SwapKeyboardPage
0x0809F208	thumb	CreateInputHandlerTask
0x0809F21C	thumb	GetInputEvent
0x0809F240	thumb	SetInputState
0x0809F26C	thumb	Task_HandleInput
0x0809F29C	thumb	Input_Disabled
0x0809F2A4	thumb	Input_Enabled
0x0809F2F8	thumb	HandleDpadMovement
0x0809F49C	thumb	DrawNormalTextEntryBox
0x0809F4F0	thumb	DrawMonTextEntryBox
0x0809F56C	thumb	DrawTextEntryBox
0x0809F594	thumb	TryDrawGenderIcon
0x0809F5C0	thumb	DummyGenderIcon
0x0809F5C4	thumb	DrawGenderIcon
0x0809F634	thumb	GetCharAtKeyboardPos
0x0809F668	thumb	GetTextEntryPosition
0x0809F6BC	thumb	GetPreviousTextCaretPosition
0x0809F700	thumb	DeleteTextCharacter
0x0809F75C	thumb	AddTextCharacter
0x0809F7C4	thumb	BufferCharacter
0x0809F7EC	thumb	SaveInputText
0x0809F85C	thumb	LoadGfx
0x0809F8C0	thumb	CreateHelperTasks
0x0809F8D0	thumb	LoadPalettes
0x0809F900	thumb	DecompressToBgTilemapBuffer
0x0809F914	thumb	DrawTextEntry
0x0809F9E8	thumb	PrintKeyboardKeys
0x0809FA60	thumb	DrawKeyboardPageOnDeck
0x0809FAE4	thumb	PrintControls
0x0809FB70	thumb	CB2_NamingScreen
0x0809FB88	thumb	ResetVHBlank
0x0809FB9C	thumb	SetVBlank
0x0809FBAC	thumb	VBlankCB_NamingScreen
0x0809FC34	thumb	NamingScreen_ShowBgs
0x0809FC54	thumb	IsWideLetter
0x0809FC90	thumb	Debug_NamingScreenPlayer
0x0809FCB8	thumb	Debug_NamingScreenBox
0x0809FCE0	thumb	Debug_NamingScreenCaughtMon
0x0809FD08	thumb	Debug_NamingScreenNickname
0x0809FD30	thumb	Debug_NamingScreenRival
0x0809FD58	thumb	GetMoney
0x0809FD70	thumb	SetMoney
0x0809FD88	thumb	IsEnoughMoney
0x0809FDA0	thumb	AddMoney
0x0809FDD8	thumb	RemoveMoney
0x0809FDFC	thumb	IsEnoughForCostInVar0x8005
0x0809FE20	thumb	SubtractMoneyFromVar0x8005
0x0809FE40	thumb	PrintMoneyAmountInMoneyBox
0x0809FEC4	thumb	PrintMoneyAmount
0x0809FF48	thumb	PrintMoneyAmountInMoneyBoxWithBorder
0x0809FFA0	thumb	ChangeAmountInMoneyBox
0x0809FFB8	thumb	DrawMoneyBox
0x080A0034	thumb	HideMoneyBox
0x080A0058	thumb	HealPlayerParty
0x080A011C	thumb	ScriptGiveMon
0x080A01AC	thumb	ScriptGiveEgg
0x080A01F4	thumb	HasEnoughMonsForDoubleBattle
0x080A021C	thumb	CheckPartyMonHasHeldItem
0x080A026C	thumb	DoesPartyHaveEnigmaBerry
0x080A029C	thumb	CreateScriptedWildMon
0x080A02FC	thumb	ScriptSetMonMoveSlot
0x080A0334	thumb	ChooseHalfPartyForBattle
0x080A0350	thumb	CB2_ReturnFromChooseHalfParty
0x080A0380	thumb	ChooseBattleTowerPlayerParty
0x080A039C	thumb	CB2_ReturnFromChooseBattleTowerParty
0x080A03D8	thumb	ReducePlayerPartyToThree
0x080A0460	thumb	IsMonValidSpecies
0x080A0484	thumb	AllMonsFainted
0x080A04B8	thumb	FaintFromFieldPoison
0x080A0504	thumb	MonFaintedFromPoison
0x080A054C	thumb	Task_TryFieldPoisonWhiteOut
0x080A0600	thumb	TryFieldPoisonWhiteOut
0x080A0618	thumb	DoPoisonFieldEffect
0x080A069C	thumb	GetMonSizeHash
0x080A0740	thumb	TranslateBigMonSizeTableIndex
0x080A0770	thumb	GetMonSize
0x080A07E4	thumb	FormatMonSizeRecord
0x080A082C	thumb	CompareMonSize
0x080A08CC	thumb	GetMonSizeRecordInfo
0x080A0904	thumb	InitHeracrossSizeRecord
0x080A0918	thumb	GetHeracrossSizeRecordInfo
0x080A0930	thumb	CompareHeracrossSize
0x080A0958	thumb	InitMagikarpSizeRecord
0x080A096C	thumb	GetMagikarpSizeRecordInfo
0x080A0984	thumb	CompareMagikarpSize
0x080A09AC	thumb	GiveGiftRibbonToParty
0x080A0A48	thumb	BeginPCScreenEffect_TurnOn
0x080A0A70	thumb	BeginPCScreenEffect_TurnOff
0x080A0A98	thumb	IsPCScreenEffectRunning_TurnOn
0x080A0AAC	thumb	IsPCScreenEffectRunning_TurnOff
0x080A0AC0	thumb	BeginPCScreenEffect
0x080A0B0C	thumb	Task_PCScreenEffect_TurnOn
0x080A0C78	thumb	Task_PCScreenEffect_TurnOff
0x080A0DD8	thumb	Task_FieldPoisonEffect
0x080A0E48	thumb	FldEffPoison_Start
0x080A0E60	thumb	FldEffPoison_IsActive
0x080A0E74	thumb	DoWateringBerryTreeAnim
0x080A0E78	thumb	FieldSpecialScene_Dummy0
0x080A0E7C	thumb	FieldSpecialScene_Dummy1
0x080A0E80	thumb	FieldSpecialScene_Dummy2
0x080A0E84	thumb	FieldSpecialScene_Dummy3
0x080A0E88	thumb	FieldCB_ShowPortholeView
0x080A0E8C	thumb	LookThroughPorthole
0x080A0E90	thumb	GetSafariZoneFlag
0x080A0EA4	thumb	SetSafariZoneFlag
0x080A0EB4	thumb	ResetSafariZoneFlag
0x080A0EC4	thumb	EnterSafariMode
0x080A0EEC	thumb	ExitSafariMode
0x080A0F0C	thumb	SafariZoneTakeStep
0x080A0F3C	thumb	SafariZoneRetirePrompt
0x080A0F4C	thumb	CB2_EndSafariBattle
0x080A0FBC	thumb	SetUpItemUseCallback
0x080A103C	thumb	SetUpItemUseOnFieldCallback
0x080A1084	thumb	FieldCB_FadeInFromBlack
0x080A109C	thumb	Task_WaitFadeIn_CallItemUseOnFieldCB
0x080A10C4	thumb	DisplayItemMessageInCurrentContext
0x080A1110	thumb	PrintNotTheTimeToUseThat
0x080A112C	thumb	Task_ItemUse_CloseMessageBoxAndReturnToField
0x080A1150	thumb	CheckIfItemIsTMHMOrEvolutionStone
0x080A1184	thumb	SetFieldCallback2ForItemUse
0x080A1194	thumb	FieldCB2_UseItemFromField
0x080A11C0	thumb	Task_ItemUseWaitForFade
0x080A11E8	thumb	FieldUseFunc_Mail
0x080A1208	thumb	CB2_CheckMail
0x080A122C	thumb	FieldUseFunc_Bike
0x080A1304	thumb	ItemUseOnFieldCB_Bicycle
0x080A1338	thumb	FieldUseFunc_Rod
0x080A137C	thumb	CanFish
0x080A1410	thumb	ItemUseOnFieldCB_Rod
0x080A1438	thumb	ItemUseOutOfBattle_Itemfinder
0x080A1460	thumb	FieldUseFunc_CoinCase
0x080A14E8	thumb	FieldUseFunc_PowderJar
0x080A156C	thumb	FieldUseFunc_PokeFlute
0x080A1648	thumb	Task_PlayPokeFlute
0x080A1674	thumb	Task_DisplayPokeFluteMessage
0x080A16D0	thumb	DoSetUpItemUseCallback
0x080A16E0	thumb	FieldUseFunc_Medicine
0x080A16FC	thumb	FieldUseFunc_Ether
0x080A1718	thumb	FieldUseFunc_PpUp
0x080A1734	thumb	FieldUseFunc_RareCandy
0x080A1750	thumb	FieldUseFunc_EvoItem
0x080A176C	thumb	FieldUseFunc_SacredAsh
0x080A1788	thumb	FieldUseFunc_TmCase
0x080A17D4	thumb	InitTMCaseFromBag
0x080A17E8	thumb	Task_InitTMCaseFromField
0x080A1820	thumb	FieldUseFunc_BerryPouch
0x080A186C	thumb	InitBerryPouchFromBag
0x080A1880	thumb	Task_InitBerryPouchFromField
0x080A18B8	thumb	BattleUseFunc_BerryPouch
0x080A18D8	thumb	InitBerryPouchFromBattle
0x080A18EC	thumb	FieldUseFunc_TeachyTv
0x080A194C	thumb	InitTeachyTvFromBag
0x080A1960	thumb	Task_InitTeachyTvFromField
0x080A1998	thumb	FieldUseFunc_Repel
0x080A19E8	thumb	Task_UseRepel
0x080A1A44	thumb	RemoveUsedItem
0x080A1A94	thumb	FieldUseFunc_BlackWhiteFlute
0x080A1B48	thumb	Task_UsedBlackWhiteFlute
0x080A1B8C	thumb	CanUseEscapeRopeOnCurrMap
0x080A1BAC	thumb	ItemUseOutOfBattle_EscapeRope
0x080A1C08	thumb	ItemUseOnFieldCB_EscapeRope
0x080A1C44	thumb	Task_UseDigEscapeRopeOnField
0x080A1C60	thumb	FieldUseFunc_TownMap
0x080A1CAC	thumb	UseTownMapFromBag
0x080A1CC0	thumb	Task_UseTownMapFromField
0x080A1CF8	thumb	FieldUseFunc_FameChecker
0x080A1D58	thumb	UseFameCheckerFromBag
0x080A1D68	thumb	Task_UseFameCheckerFromField
0x080A1D9C	thumb	FieldUseFunc_VsSeeker
0x080A1E0C	thumb	Task_ItemUse_CloseMessageBoxAndReturnToField_VsSeeker
0x080A1E1C	thumb	BattleUseFunc_PokeBallEtc
0x080A1E64	thumb	BattleUseFunc_PokeFlute
0x080A1E7C	thumb	BattleUseFunc_StatBooster
0x080A1EF4	thumb	Task_BattleUse_StatBooster_DelayAndPrint
0x080A1F48	thumb	Task_BattleUse_StatBooster_WaitButton_ReturnToBattle
0x080A1F78	thumb	ItemUse_SwitchToPartyMenuInBattle
0x080A1FBC	thumb	BattleUseFunc_Medicine
0x080A1FD8	thumb	BattleUseFunc_SacredAsh
0x080A1FF4	thumb	BattleUseFunc_Ether
0x080A2010	thumb	BattleUseFunc_PokeDoll
0x080A2068	thumb	ItemUseOutOfBattle_EnigmaBerry
0x080A2194	thumb	ItemUseInBattle_EnigmaBerry
0x080A2238	thumb	FieldUseFunc_OakStopsYou
0x080A2294	thumb	ItemUse_SetQuestLogEvent
0x080A22E8	thumb	AnimMovePowderParticle
0x080A2340	thumb	AnimMovePowderParticle_Step
0x080A2388	thumb	AnimPowerAbsorptionOrb
0x080A23D8	thumb	AnimSolarBeamBigOrb
0x080A2430	thumb	AnimSolarBeamSmallOrb
0x080A248C	thumb	AnimSolarBeamSmallOrb_Step
0x080A2500	thumb	AnimTask_CreateSmallSolarBeamOrbs
0x080A2580	thumb	AnimAbsorptionOrb
0x080A25D0	thumb	AnimAbsorptionOrb_Step
0x080A25EC	thumb	AnimHyperBeamOrb
0x080A26A4	thumb	AnimHyperBeamOrb_Step
0x080A26F0	thumb	AnimLeechSeed
0x080A2760	thumb	AnimLeechSeed_Step
0x080A2798	thumb	AnimLeechSeedSprouts
0x080A27D0	thumb	AnimSporeParticle
0x080A281C	thumb	AnimSporeParticle_Step
0x080A28C4	thumb	AnimTask_SporeDoubleBattle
0x080A2920	thumb	AnimPetalDanceBigFlower
0x080A2974	thumb	AnimPetalDanceBigFlower_Step
0x080A29EC	thumb	AnimPetalDanceSmallFlower
0x080A2A40	thumb	AnimPetalDanceSmallFlower_Step
0x080A2AA4	thumb	AnimRazorLeafParticle
0x080A2AEC	thumb	AnimRazorLeafParticle_Step1
0x080A2B38	thumb	AnimRazorLeafParticle_Step2
0x080A2B9C	thumb	AnimTranslateLinearSingleSineWave
0x080A2C68	thumb	AnimTranslateLinearSingleSineWave_Step
0x080A2D10	thumb	AnimMoveTwisterParticle
0x080A2D70	thumb	AnimMoveTwisterParticle_Step
0x080A2E28	thumb	AnimConstrictBinding
0x080A2E64	thumb	AnimConstrictBinding_Step1
0x080A2EA0	thumb	AnimConstrictBinding_Step2
0x080A2F0C	thumb	AnimTask_ShrinkTargetCopy
0x080A2F74	thumb	AnimTask_DuplicateAndShrinkToPos_Step1
0x080A3004	thumb	AnimTask_DuplicateAndShrinkToPos_Step2
0x080A3098	thumb	AnimMimicOrb
0x080A3168	thumb	AnimIngrainRoot
0x080A31EC	thumb	AnimFrenzyPlantRoot
0x080A32DC	thumb	AnimRootFlickerOut
0x080A3334	thumb	AnimIngrainOrb
0x080A33B8	thumb	InitItemBagData
0x080A33E0	thumb	MoveAlongLinearPath
0x080A3484	thumb	AnimItemSteal_Step2
0x080A34B4	thumb	AnimItemSteal_Step1
0x080A3518	thumb	AnimPresent
0x080A3590	thumb	AnimKnockOffOpponentsItem
0x080A35F4	thumb	AnimKnockOffItem
0x080A3670	thumb	AnimPresentHealParticle
0x080A36B4	thumb	AnimItemSteal
0x080A372C	thumb	AnimItemSteal_Step3
0x080A37BC	thumb	AnimTrickBag
0x080A3858	thumb	AnimTrickBag_Step1
0x080A38C4	thumb	AnimTrickBag_Step2
0x080A397C	thumb	AnimTrickBag_Step3
0x080A39C0	thumb	AnimTask_LeafBlade
0x080A3B28	thumb	AnimTask_LeafBlade_Step
0x080A3F04	thumb	LeafBladeGetPosFactor
0x080A3F24	thumb	AnimTask_LeafBlade_Step2
0x080A3FD4	thumb	AnimTask_LeafBlade_Step2_Callback
0x080A4040	thumb	AnimFlyingParticle
0x080A414C	thumb	AnimFlyingParticle_Step
0x080A41C4	thumb	AnimTask_CycleMagicalLeafPal
0x080A4298	thumb	AnimNeedleArmSpike
0x080A43A0	thumb	AnimNeedleArmSpike_Step
0x080A43DC	thumb	AnimWhipHit_WaitEnd
0x080A43F8	thumb	AnimSlidingHit
0x080A4450	thumb	AnimWhipHit
0x080A4494	thumb	AnimFlickeringPunch
0x080A44E0	thumb	AnimCuttingSlice
0x080A4588	thumb	AnimAirCutterSlice
0x080A46CC	thumb	AnimSlice_Step
0x080A4738	thumb	UnusedFlickerAnim
0x080A481C	thumb	AnimCirclingMusicNote
0x080A4880	thumb	AnimCirclingMusicNote_Step
0x080A48F0	thumb	AnimProtect
0x080A49D4	thumb	AnimProtect_Step
0x080A4ACC	thumb	AnimMilkBottle
0x080A4B38	thumb	AnimMilkBottle_Step1
0x080A4C98	thumb	AnimMilkBottle_Step2
0x080A4D0C	thumb	AnimGrantingStars
0x080A4D5C	thumb	AnimSparklingStars
0x080A4E40	thumb	AnimBubbleBurst
0x080A4EA0	thumb	AnimBubbleBurst_Step
0x080A4EF4	thumb	AnimSleepLetterZ
0x080A4F60	thumb	AnimSleepLetterZ_Step
0x080A4FAC	thumb	AnimLockOnTarget
0x080A4FD4	thumb	AnimLockOnTarget_Step1
0x080A5084	thumb	AnimLockOnTarget_Step2
0x080A50B8	thumb	AnimLockOnTarget_Step3
0x080A5174	thumb	AnimLockOnTarget_Step4
0x080A5220	thumb	AnimLockOnTarget_Step5
0x080A5248	thumb	AnimLockOnTarget_Step6
0x080A5298	thumb	AnimLockOnMoveTarget
0x080A5340	thumb	AnimBowMon
0x080A5398	thumb	AnimBowMon_Step1
0x080A53E8	thumb	AnimBowMon_Step1_Callback
0x080A5474	thumb	AnimBowMon_Step2
0x080A54C4	thumb	AnimBowMon_Step3
0x080A54E8	thumb	AnimBowMon_Step3_Callback
0x080A5584	thumb	AnimBowMon_Step4
0x080A5590	thumb	AnimTipMon
0x080A55A0	thumb	AnimTipMon_Step
0x080A5694	thumb	AnimTask_SkullBashPosition
0x080A572C	thumb	AnimTask_SkullBashPositionSet
0x080A58EC	thumb	AnimTask_SkullBashPositionReset
0x080A5940	thumb	AnimSlashSlice
0x080A59A8	thumb	AnimFalseSwipeSlice
0x080A59F0	thumb	AnimFalseSwipePositionedSlice
0x080A5A44	thumb	AnimFalseSwipeSlice_Step1
0x080A5A7C	thumb	AnimFalseSwipeSlice_Step2
0x080A5A8C	thumb	AnimFalseSwipeSlice_Step3
0x080A5AD8	thumb	AnimEndureEnergy
0x080A5B3C	thumb	AnimEndureEnergy_Step
0x080A5B7C	thumb	AnimSharpenSphere
0x080A5BCC	thumb	AnimSharpenSphere_Step
0x080A5C68	thumb	AnimConversion
0x080A5CD4	thumb	AnimTask_ConversionAlphaBlend
0x080A5D4C	thumb	AnimConversion2
0x080A5D7C	thumb	AnimConversion2_Step
0x080A5DE0	thumb	AnimTask_Conversion2AlphaBlend
0x080A5E34	thumb	AnimTask_HideBattlersHealthbox
0x080A5EA8	thumb	AnimTask_ShowBattlersHealthbox
0x080A5EE0	thumb	AnimMoon
0x080A5F28	thumb	AnimMoon_Step
0x080A5F40	thumb	AnimMoonlightSparkle
0x080A5F84	thumb	AnimMoonlightSparkle_Step
0x080A5FC0	thumb	AnimTask_MoonlightEndFade
0x080A60A8	thumb	AnimTask_MoonlightEndFade_Step
0x080A6244	thumb	AnimHornHit
0x080A636C	thumb	AnimHornHit_Step
0x080A63B4	thumb	AnimTask_DoubleTeam
0x080A64E0	thumb	AnimTask_DoubleTeam_Step
0x080A653C	thumb	AnimDoubleTeam
0x080A65CC	thumb	AnimSuperFang
0x080A65E8	thumb	AnimTask_MusicNotesRainbowBlend
0x080A66A0	thumb	AnimTask_MusicNotesClearRainbowBlend
0x080A66D4	thumb	AnimWavyMusicNotes
0x080A678C	thumb	AnimWavyMusicNotes_CalcVelocity
0x080A67E4	thumb	AnimWavyMusicNotes_Step
0x080A68B0	thumb	AnimFlyingMusicNotes
0x080A6940	thumb	AnimFlyingMusicNotes_Step
0x080A69B8	thumb	AnimBellyDrumHand
0x080A6A28	thumb	AnimSlowFlyingMusicNotes
0x080A6AB0	thumb	AnimSlowFlyingMusicNotes_Step
0x080A6B0C	thumb	SetSpriteNextToMonHead
0x080A6B64	thumb	AnimThoughtBubble
0x080A6BD0	thumb	AnimThoughtBubble_Step
0x080A6C08	thumb	AnimMetronomeFinger
0x080A6C50	thumb	AnimMetronomeFinger_Step
0x080A6C84	thumb	AnimFollowMeFinger
0x080A6D00	thumb	AnimFollowMeFinger_Step1
0x080A6D20	thumb	AnimFollowMeFinger_Step2
0x080A6D90	thumb	AnimTauntFinger
0x080A6DF0	thumb	AnimTauntFinger_Step1
0x080A6E2C	thumb	AnimTauntFinger_Step2
0x080A6E48	thumb	AnimCirclingFinger
0x080A6E98	thumb	AnimBouncingMusicNote
0x080A6ED8	thumb	AnimBouncingMusicNote_Step
0x080A6F3C	thumb	AnimVibrateBattlerBack_Step
0x080A6F8C	thumb	AnimVibrateBattlerBack
0x080A7020	thumb	AnimMovingClamp
0x080A7058	thumb	AnimMovingClamp_Step
0x080A7080	thumb	AnimMovingClamp_End
0x080A70A0	thumb	AnimTask_Withdraw
0x080A70DC	thumb	AnimTask_Withdraw_Step
0x080A71D8	thumb	AnimKinesisZapEnergy
0x080A727C	thumb	AnimSwordsDanceBlade
0x080A72A0	thumb	AnimSwordsDanceBlade_Step
0x080A72C8	thumb	AnimSonicBoomProjectile
0x080A73CC	thumb	AnimAirWaveProjectile_Step2
0x080A7400	thumb	AnimAirWaveProjectile_Step1
0x080A74A4	thumb	AnimAirWaveProjectile
0x080A75E4	thumb	AirCutterProjectile_Step2
0x080A760C	thumb	AirCutterProjectile_Step1
0x080A76F0	thumb	AnimTask_AirCutterProjectile
0x080A79E8	thumb	AnimVoidLines
0x080A7A18	thumb	AnimVoidLines_Step
0x080A7A88	thumb	AnimCoinThrow
0x080A7B3C	thumb	AnimFallingCoin
0x080A7B54	thumb	AnimFallingCoin_Step
0x080A7BC4	thumb	AnimBulletSeed
0x080A7C1C	thumb	AnimBulletSeed_Step1
0x080A7CA0	thumb	AnimBulletSeed_Step2
0x080A7D04	thumb	AnimRazorWindTornado
0x080A7D64	thumb	AnimViceGripPincer
0x080A7DF8	thumb	AnimViceGripPincer_Step
0x080A7E14	thumb	AnimGuillotinePincer
0x080A7EBC	thumb	AnimGuillotinePincer_Step1
0x080A7F30	thumb	AnimGuillotinePincer_Step2
0x080A7F94	thumb	AnimGuillotinePincer_Step3
0x080A7FB0	thumb	AnimTask_GrowAndGrayscale
0x080A8014	thumb	AnimTask_GrowAndGrayscale_Step
0x080A8074	thumb	AnimTask_Minimize
0x080A80CC	thumb	AnimTask_Minimize_Step1
0x080A8200	thumb	CreateMinimizeSprite
0x080A82F0	thumb	ClonedMinizeSprite_Step
0x080A8338	thumb	AnimTask_Splash
0x080A8398	thumb	AnimTask_Splash_Step
0x080A84B4	thumb	AnimTask_GrowAndShrink
0x080A84F0	thumb	AnimTask_GrowAndShrink_Step
0x080A851C	thumb	AnimBreathPuff
0x080A85AC	thumb	AnimAngerMark
0x080A8638	thumb	AnimTask_ThrashMoveMonHorizontal
0x080A8678	thumb	AnimTask_ThrashMoveMonHorizontal_Step
0x080A86A4	thumb	AnimTask_ThrashMoveMonVertical
0x080A8728	thumb	AnimTask_ThrashMoveMonVertical_Step
0x080A8874	thumb	AnimTask_SketchDrawMon
0x080A8954	thumb	AnimTask_SketchDrawMon_Step
0x080A8A1C	thumb	AnimPencil
0x080A8A78	thumb	AnimPencil_Step
0x080A8BC4	thumb	AnimBlendThinRing
0x080A8C84	thumb	AnimHyperVoiceRing_WaitEnd
0x080A8CA4	thumb	AnimHyperVoiceRing
0x080A8EE8	thumb	AnimUproarRing
0x080A8F38	thumb	AnimSoftBoiledEgg
0x080A8F7C	thumb	AnimSoftBoiledEgg_Step1
0x080A8FF4	thumb	AnimSoftBoiledEgg_Step2
0x080A901C	thumb	AnimSoftBoiledEgg_Step3
0x080A9094	thumb	AnimSoftBoiledEgg_Step3_Callback1
0x080A90D4	thumb	AnimSoftBoiledEgg_Step3_Callback2
0x080A911C	thumb	AnimSoftBoiledEgg_Step4
0x080A915C	thumb	AnimSoftBoiledEgg_Step4_Callback
0x080A917C	thumb	AnimTask_AttackerStretchAndDisappear
0x080A91B8	thumb	AnimTask_AttackerStretchAndDisappear_Step
0x080A9210	thumb	AnimTask_ExtremeSpeedImpact
0x080A9278	thumb	AnimTask_ExtremeSpeedImpact_Step
0x080A939C	thumb	AnimTask_ExtremeSpeedMonReappear
0x080A93E0	thumb	AnimTask_ExtremeSpeedMonReappear_Step
0x080A94AC	thumb	AnimTask_SpeedDust
0x080A9508	thumb	AnimTask_SpeedDust_Step
0x080A9648	thumb	AnimSpeedDust
0x080A96B4	thumb	AnimTask_LoadMusicNotesPals
0x080A9760	thumb	AnimTask_FreeMusicNotesPals
0x080A9788	thumb	SetMusicNotePalette
0x080A97E8	thumb	AnimHealBellMusicNote
0x080A9860	thumb	AnimMagentaHeart
0x080A98B0	thumb	AnimTask_FakeOut
0x080A9930	thumb	AnimTask_FakeOut_Step1
0x080A9984	thumb	AnimTask_FakeOut_Step2
0x080A9A20	thumb	AnimTask_StretchTargetUp
0x080A9AB0	thumb	AnimTask_StretchAttackerUp
0x080A9B40	thumb	AnimRedHeartProjectile
0x080A9B8C	thumb	AnimRedHeartProjectile_Step
0x080A9BC4	thumb	AnimParticleBurst
0x080A9C4C	thumb	AnimRedHeartRising
0x080A9C7C	thumb	AnimRedHeartRising_Step
0x080A9CE8	thumb	AnimTask_HeartsBackground
0x080A9DC0	thumb	AnimTask_HeartsBackground_Step
0x080A9F10	thumb	AnimTask_ScaryFace
0x080AA024	thumb	AnimTask_ScaryFace_Step
0x080AA174	thumb	AnimOrbitFast
0x080AA1D4	thumb	AnimOrbitFast_Step
0x080AA2B0	thumb	AnimOrbitScatter
0x080AA304	thumb	AnimOrbitScatter_Step
0x080AA34C	thumb	AnimSpitUpOrb_Step
0x080AA37C	thumb	AnimSpitUpOrb
0x080AA3D4	thumb	AnimEyeSparkle_Step
0x080AA3F0	thumb	AnimEyeSparkle
0x080AA408	thumb	AnimAngel
0x080AA49C	thumb	AnimPinkHeart_Step
0x080AA508	thumb	AnimPinkHeart
0x080AA58C	thumb	AnimDevil
0x080AA6B8	thumb	AnimFurySwipes
0x080AA708	thumb	AnimMovementWaves
0x080AA794	thumb	AnimMovementWaves_Step
0x080AA7C8	thumb	AnimTask_UproarDistortion
0x080AA80C	thumb	AnimTask_UproarDistortion_Step
0x080AA838	thumb	AnimJaggedMusicNote
0x080AA900	thumb	AnimJaggedMusicNote_Step
0x080AA938	thumb	AnimPerishSongMusicNote2
0x080AA998	thumb	AnimPerishSongMusicNote
0x080AAA50	thumb	AnimPerishSongMusicNote_Step1
0x080AAA74	thumb	AnimPerishSongMusicNote_Step2
0x080AAAE4	thumb	AnimGuardRing
0x080AAB7C	thumb	AnimTask_IsFuryCutterHitRight
0x080AABA0	thumb	AnimTask_GetFuryCutterHitCount
0x080AABC0	thumb	AnimTask_CreateRaindrops
0x080AAC54	thumb	AnimRainDrop
0x080AAC60	thumb	AnimRainDrop_Step
0x080AAC98	thumb	AnimWaterBubbleProjectile
0x080AADB8	thumb	AnimWaterBubbleProjectile_Step1
0x080AAE40	thumb	AnimWaterBubbleProjectile_Step2
0x080AAE68	thumb	AnimWaterBubbleProjectile_Step3
0x080AAE84	thumb	AnimAuroraBeamRings
0x080AAF1C	thumb	AnimAuroraBeamRings_Step
0x080AAF60	thumb	AnimTask_RotateAuroraRingColors
0x080AAFA4	thumb	AnimTask_RotateAuroraRingColors_Step
0x080AB024	thumb	AnimToTargetInSinWave
0x080AB0AC	thumb	AnimToTargetInSinWave_Step
0x080AB100	thumb	AnimTask_StartSinAnimTimer
0x080AB12C	thumb	AnimTask_RunSinAnimTimer
0x080AB168	thumb	AnimHydroCannonCharge
0x080AB1DC	thumb	AnimHydroCannonCharge_Step
0x080AB1F8	thumb	AnimHydroCannonBeam
0x080AB2CC	thumb	AnimWaterGunDroplet
0x080AB308	thumb	AnimSmallBubblePair
0x080AB344	thumb	AnimSmallBubblePair_Step
0x080AB38C	thumb	AnimTask_CreateSurfWave
0x080AB5C8	thumb	AnimTask_CreateSurfWave_Step1
0x080AB708	thumb	AnimTask_CreateSurfWave_Step2
0x080AB79C	thumb	AnimTask_SurfWaveScanlineEffect
0x080ABA78	thumb	AnimSmallDriftingBubbles
0x080ABADC	thumb	AnimSmallDriftingBubbles_Step
0x080ABB28	thumb	AnimTask_WaterSpoutLaunch
0x080ABB84	thumb	AnimTask_WaterSpoutLaunch_Step
0x080ABDC8	thumb	GetWaterSpoutPowerForAnim
0x080ABE4C	thumb	CreateWaterSpoutLaunchDroplets
0x080ABF60	thumb	AnimSmallWaterOrb
0x080AC00C	thumb	AnimTask_WaterSpoutRain
0x080AC070	thumb	AnimTask_WaterSpoutRain_Step
0x080AC160	thumb	CreateWaterSpoutRainDroplet
0x080AC204	thumb	AnimWaterSpoutRain
0x080AC2B0	thumb	AnimWaterSpoutRainHit
0x080AC328	thumb	AnimTask_WaterSport
0x080AC3BC	thumb	AnimTask_WaterSport_Step
0x080AC504	thumb	CreateWaterSportDroplet
0x080AC570	thumb	AnimWaterSportDroplet
0x080AC5D8	thumb	AnimWaterSportDroplet_Step
0x080AC624	thumb	AnimWaterPulseBubble
0x080AC64C	thumb	AnimWaterPulseBubble_Step
0x080AC698	thumb	AnimWaterPulseRingBubble
0x080AC6D8	thumb	AnimWaterPulseRing
0x080AC720	thumb	AnimWaterPulseRing_Step
0x080AC798	thumb	CreateWaterPulseRingBubbles
0x080AC90C	thumb	AnimFireSpiralInward
0x080AC94C	thumb	AnimFireSpread
0x080AC990	thumb	AnimFirePlume
0x080ACA00	thumb	AnimLargeFlame
0x080ACA6C	thumb	AnimLargeFlame_Step
0x080ACAA8	thumb	AnimUnusedSmallEmber
0x080ACB1C	thumb	AnimUnusedSmallEmber_Step
0x080ACBB0	thumb	AnimSunlight
0x080ACBDC	thumb	AnimEmberFlare
0x080ACC44	thumb	AnimBurnFlame
0x080ACC60	thumb	AnimFireRing
0x080ACC88	thumb	AnimFireRing_Step1
0x080ACCE0	thumb	AnimFireRing_Step2
0x080ACD58	thumb	AnimFireRing_Step3
0x080ACD7C	thumb	UpdateFireRingCircleOffset
0x080ACDA8	thumb	AnimFireCross
0x080ACDE8	thumb	AnimFireSpiralOutward
0x080ACE28	thumb	AnimFireSpiralOutward_Step1
0x080ACE50	thumb	AnimFireSpiralOutward_Step2
0x080ACEA4	thumb	AnimTask_EruptionLaunchRocks
0x080ACF14	thumb	AnimTask_EruptionLaunchRocks_Step
0x080AD1F8	thumb	CreateEruptionLaunchRocks
0x080AD330	thumb	AnimEruptionLaunchRock
0x080AD374	thumb	GetEruptionLaunchRockInitialYPos
0x080AD3C8	thumb	InitEruptionLaunchRockCoordData
0x080AD3E4	thumb	UpdateEruptionLaunchRockPos
0x080AD454	thumb	AnimEruptionFallingRock
0x080AD4A8	thumb	AnimEruptionFallingRock_Step
0x080AD540	thumb	AnimWillOWispOrb
0x080AD690	thumb	AnimWillOWispOrb_Step
0x080AD6F4	thumb	AnimWillOWispFire
0x080AD800	thumb	AnimTask_MoveHeatWaveTargets
0x080AD870	thumb	AnimTask_MoveHeatWaveTargets_Step
0x080ADAA4	thumb	AnimTask_BlendBackground
0x080ADAD8	thumb	AnimTask_ShakeTargetInPattern
0x080ADBEC	thumb	AnimLightning
0x080ADC3C	thumb	AnimLightning_Step
0x080ADC58	thumb	AnimUnusedSpinningFist
0x080ADC9C	thumb	AnimUnusedSpinningFist_Step
0x080ADCB8	thumb	AnimUnusedCirclingShock
0x080ADD4C	thumb	AnimSparkElectricity
0x080ADEB0	thumb	AnimZapCannonSpark
0x080ADF38	thumb	AnimZapCannonSpark_Step
0x080ADFB0	thumb	AnimThunderboltOrb_Step
0x080AE000	thumb	AnimThunderboltOrb
0x080AE06C	thumb	AnimSparkElectricityFlashing
0x080AE130	thumb	AnimSparkElectricityFlashing_Step
0x080AE1A0	thumb	AnimElectricity
0x080AE220	thumb	AnimTask_ElectricBolt
0x080AE278	thumb	AnimTask_ElectricBolt_Step
0x080AE420	thumb	AnimElectricBoltSegment
0x080AE470	thumb	AnimThunderWave
0x080AE4F4	thumb	AnimThunderWave_Step
0x080AE540	thumb	AnimTask_ElectricChargingParticles
0x080AE5BC	thumb	AnimTask_ElectricChargingParticles_Step
0x080AE6D0	thumb	AnimElectricChargingParticles_Step
0x080AE704	thumb	AnimElectricChargingParticles
0x080AE71C	thumb	AnimGrowingChargeOrb
0x080AE774	thumb	AnimElectricPuff
0x080AE7DC	thumb	AnimVoltTackleOrbSlide
0x080AE83C	thumb	AnimVoltTackleOrbSlide_Step
0x080AE8A0	thumb	AnimTask_VoltTackleAttackerReappear
0x080AEA10	thumb	AnimTask_VoltTackleBolt
0x080AEB98	thumb	CreateVoltTackleBolt
0x080AEC34	thumb	AnimVoltTackleBolt
0x080AEC80	thumb	AnimGrowingShockWaveOrb
0x080AECE0	thumb	AnimTask_ShockWaveProgressingBolt
0x080AEE74	thumb	CreateShockWaveBoltSprite
0x080AEF60	thumb	AnimShockWaveProgressingBolt
0x080AEFA0	thumb	AnimTask_ShockWaveLightning
0x080AF058	thumb	CreateShockWaveLightningSprite
0x080AF0C8	thumb	AnimShockWaveLightning
0x080AF108	thumb	AnimUnusedIceCrystalThrow
0x080AF28C	thumb	AnimUnusedIceCrystalThrow_Step
0x080AF2F0	thumb	AnimIcePunchSwirlingParticle
0x080AF330	thumb	AnimIceBeamParticle
0x080AF3B8	thumb	AnimIceEffectParticle
0x080AF42C	thumb	AnimFlickerIceEffectParticle
0x080AF468	thumb	AnimSwirlingSnowball
0x080AF5A4	thumb	AnimSwirlingSnowball_Step1
0x080AF60C	thumb	AnimSwirlingSnowball_Step2
0x080AF690	thumb	AnimSwirlingSnowball_End
0x080AF6D8	thumb	AnimMoveParticleBeyondTarget
0x080AF81C	thumb	AnimWiggleParticleTowardsTarget
0x080AF88C	thumb	AnimWaveFromCenterOfTarget
0x080AF914	thumb	InitSwirlingFogAnim
0x080AFA4C	thumb	AnimSwirlingFogAnim
0x080AFAE4	thumb	AnimTask_HazeScrollingFog
0x080AFBC0	thumb	AnimTask_HazeScrollingFog_Step
0x080AFD4C	thumb	AnimThrowMistBall
0x080AFD80	thumb	AnimTask_MistBallFog
0x080AFE64	thumb	AnimTask_MistBallFog_Step
0x080AFFD4	thumb	InitPoisonGasCloudAnim
0x080B0148	thumb	MovePoisonGasCloud
0x080B038C	thumb	AnimTask_Hail
0x080B03A8	thumb	AnimTask_Hail2
0x080B0458	thumb	GenerateHailParticle
0x080B05CC	thumb	AnimHailBegin
0x080B06B0	thumb	AnimHailContinue
0x080B06FC	thumb	InitIceBallAnim
0x080B0790	thumb	AnimThrowIceBall
0x080B07C0	thumb	InitIceBallParticle
0x080B0824	thumb	AnimIceBallParticle
0x080B0870	thumb	AnimTask_GetRolloutCounter
0x080B08A0	thumb	AnimUnusedHumanoidFoot
0x080B08DC	thumb	AnimSlideHandOrFootToTarget
0x080B0928	thumb	AnimJumpKick
0x080B0954	thumb	AnimBasicFistOrFoot
0x080B09A4	thumb	AnimFistOrFootRandomPos
0x080B0B2C	thumb	AnimFistOrFootRandomPos_Step
0x080B0B80	thumb	AnimCrossChopHand
0x080B0BD8	thumb	AnimCrossChopHand_Step
0x080B0C28	thumb	AnimSlidingKick
0x080B0CB4	thumb	AnimSlidingKick_Step
0x080B0CEC	thumb	AnimSpinningKickOrPunch
0x080B0D24	thumb	AnimSpinningKickOrPunchFinish
0x080B0D58	thumb	AnimStompFoot
0x080B0D7C	thumb	AnimStompFootStep
0x080B0DD4	thumb	AnimStompFootEnd
0x080B0DF0	thumb	AnimDizzyPunchDuck
0x080B0E80	thumb	AnimBrickBreakWall
0x080B0EF0	thumb	AnimBrickBreakWall_Step
0x080B0F68	thumb	AnimBrickBreakWallShard
0x080B1050	thumb	AnimBrickBreakWallShard_Step
0x080B107C	thumb	AnimSuperpowerOrb
0x080B111C	thumb	AnimSuperpowerOrb_Step
0x080B1188	thumb	AnimSuperpowerRock
0x080B11E4	thumb	AnimSuperpowerRock_Step1
0x080B12A4	thumb	AnimSuperpowerRock_Step2
0x080B12E8	thumb	AnimSuperpowerFireball
0x080B13D4	thumb	AnimArmThrustHit_Step
0x080B13F8	thumb	AnimArmThrustHit
0x080B1484	thumb	AnimRevengeScratch
0x080B14F0	thumb	AnimFocusPunchFist
0x080B1530	thumb	AnimTask_MoveSkyUppercutBg
0x080B1620	thumb	AnimSludgeProjectile
0x080B1684	thumb	AnimSludgeProjectile_Step
0x080B16A0	thumb	AnimAcidPoisonBubble
0x080B1728	thumb	AnimAcidPoisonBubble_Step
0x080B1744	thumb	AnimSludgeBombHitParticle
0x080B1798	thumb	AnimSludgeBombHitParticle_Step
0x080B17C4	thumb	AnimAcidPoisonDroplet
0x080B1838	thumb	AnimBubbleEffect
0x080B18A0	thumb	AnimBubbleEffect_Step
0x080B18E4	thumb	AnimEllipticalGust
0x080B190C	thumb	AnimEllipticalGust_Step
0x080B194C	thumb	AnimTask_AnimateGustTornadoPalette
0x080B198C	thumb	AnimTask_AnimateGustTornadoPalette_Step
0x080B1A1C	thumb	AnimGustToTarget
0x080B1A9C	thumb	AnimGustToTarget_Step
0x080B1AB8	thumb	AnimAirWaveCrescent
0x080B1BB0	thumb	AnimFlyBallUp
0x080B1BF8	thumb	AnimFlyBallUp_Step
0x080B1C3C	thumb	AnimFlyBallAttack
0x080B1CC0	thumb	AnimFlyBallAttack_Step
0x080B1D3C	thumb	DestroyAnimSpriteAfterTimer
0x080B1D88	thumb	AnimFallingFeather
0x080B1F94	thumb	AnimFallingFeather_Step
0x080B24C0	thumb	AnimUnusedBubbleThrow
0x080B2514	thumb	AnimUnusedFeather
0x080B268C	thumb	AnimUnusedFeather_Step
0x080B2780	thumb	AnimWhirlwindLine
0x080B2820	thumb	AnimWhirlwindLine_Step
0x080B2868	thumb	AnimTask_DrillPeckHitSplats
0x080B2914	thumb	AnimBounceBallShrink
0x080B2974	thumb	AnimBounceBallLand
0x080B2A08	thumb	AnimDiveBall
0x080B2A50	thumb	AnimDiveBall_Step1
0x080B2AB0	thumb	AnimDiveBall_Step2
0x080B2AF4	thumb	AnimDiveWaterSplash
0x080B2BD8	thumb	AnimSprayWaterDroplet
0x080B2C88	thumb	AnimSprayWaterDroplet_Step
0x080B2CE4	thumb	AnimUnusedFlashingLight
0x080B2CF8	thumb	AnimUnusedFlashingLight_Step
0x080B2D64	thumb	AnimSkyAttackBird
0x080B2E20	thumb	AnimSkyAttackBird_Step
0x080B2E64	thumb	AnimTask_SetAttackerVisibility
0x080B2ECC	thumb	AnimDefensiveWall
0x080B300C	thumb	AnimDefensiveWall_Step2
0x080B3044	thumb	AnimDefensiveWall_Step3
0x080B30B0	thumb	AnimDefensiveWall_Step4
0x080B3168	thumb	AnimDefensiveWall_Step5
0x080B31D0	thumb	AnimWallSparkle
0x080B3278	thumb	AnimBentSpoon
0x080B32F4	thumb	AnimQuestionMark
0x080B3384	thumb	AnimQuestionMark_Step1
0x080B33B8	thumb	AnimQuestionMark_Step2
0x080B3418	thumb	AnimTask_MeditateStretchAttacker
0x080B3454	thumb	AnimTask_MeditateStretchAttacker_Step
0x080B3480	thumb	AnimTask_Teleport
0x080B34DC	thumb	AnimTask_Teleport_Step
0x080B3584	thumb	AnimTask_ImprisonOrbs
0x080B3618	thumb	AnimTask_ImprisonOrbs_Step
0x080B37A4	thumb	AnimRedX_Step
0x080B37EC	thumb	AnimRedX
0x080B3834	thumb	AnimTask_SkillSwap
0x080B3980	thumb	AnimTask_SkillSwap_Step
0x080B3A34	thumb	AnimSkillSwapOrb
0x080B3A58	thumb	AnimTask_ExtrasensoryDistortion
0x080B3B78	thumb	AnimTask_ExtrasensoryDistortion_Step
0x080B3C78	thumb	AnimTask_TransparentCloneGrowAndShrink
0x080B3D78	thumb	AnimTask_TransparentCloneGrowAndShrink_Step
0x080B3E84	thumb	AnimPsychoBoost
0x080B3FAC	thumb	AnimMegahornHorn
0x080B407C	thumb	AnimLeechLifeNeedle
0x080B4128	thumb	AnimTranslateWebThread
0x080B41C0	thumb	AnimTranslateWebThread_Step
0x080B41F8	thumb	AnimStringWrap
0x080B4274	thumb	AnimStringWrap_Step
0x080B42C0	thumb	AnimSpiderWeb
0x080B42E8	thumb	AnimSpiderWeb_Step
0x080B4344	thumb	AnimSpiderWeb_End
0x080B4364	thumb	AnimTranslateStinger
0x080B4494	thumb	AnimMissileArc
0x080B4510	thumb	AnimMissileArc_Step
0x080B45D8	thumb	AnimTailGlowOrb
0x080B4634	thumb	AnimFallingRock
0x080B46B4	thumb	AnimFallingRock_Step
0x080B46F8	thumb	AnimRockFragment
0x080B477C	thumb	AnimParticleInVortex
0x080B47C4	thumb	AnimParticleInVortex_Step
0x080B4810	thumb	AnimTask_LoadSandstormBackground
0x080B490C	thumb	AnimTask_LoadSandstormBackground_Step
0x080B4AA8	thumb	AnimFlyingSandCrescent
0x080B4B8C	thumb	AnimRaiseSprite
0x080B4BD0	thumb	AnimTask_Rollout
0x080B4D00	thumb	AnimTask_Rollout_Step
0x080B4E70	thumb	CreateRolloutDirtSprite
0x080B4F78	thumb	AnimRolloutParticle
0x080B4FB8	thumb	GetRolloutCounter
0x080B4FE4	thumb	AnimRockTomb
0x080B5024	thumb	AnimRockTomb_Step
0x080B5074	thumb	AnimRockBlastRock
0x080B50A0	thumb	AnimRockScatter
0x080B50F8	thumb	AnimRockScatter_Step
0x080B5148	thumb	AnimTask_GetSeismicTossDamageLevel
0x080B5188	thumb	AnimTask_MoveSeismicTossBg
0x080B51EC	thumb	AnimTask_SeismicTossBgAccelerateDownAtEnd
0x080B5268	thumb	AnimConfuseRayBallBounce
0x080B52D0	thumb	AnimConfuseRayBallBounce_Step1
0x080B5344	thumb	AnimConfuseRayBallBounce_Step2
0x080B53C0	thumb	UpdateConfuseRayBallBlend
0x080B5450	thumb	AnimConfuseRayBallSpiral
0x080B5470	thumb	AnimConfuseRayBallSpiral_Step
0x080B54E8	thumb	AnimTask_NightShadeClone
0x080B5570	thumb	AnimTask_NightShadeClone_Step1
0x080B55C8	thumb	AnimTask_NightShadeClone_Step2
0x080B563C	thumb	AnimShadowBall
0x080B56E4	thumb	AnimShadowBall_Step
0x080B57F8	thumb	AnimLick
0x080B5810	thumb	AnimLick_Step
0x080B58AC	thumb	AnimTask_NightmareClone
0x080B59D4	thumb	AnimTask_NightmareClone_Step
0x080B5AAC	thumb	AnimTask_SpiteTargetShadow
0x080B5AD4	thumb	AnimTask_SpiteTargetShadow_Step1
0x080B5D38	thumb	AnimTask_SpiteTargetShadow_Step2
0x080B5DCC	thumb	AnimTask_SpiteTargetShadow_Step3
0x080B5EC0	thumb	AnimDestinyBondWhiteShadow
0x080B5FE0	thumb	AnimDestinyBondWhiteShadow_Step
0x080B6020	thumb	AnimTask_DestinyBondWhiteShadow
0x080B623C	thumb	AnimTask_DestinyBondWhiteShadow_Step
0x080B63B4	thumb	AnimTask_CurseStretchingBlackBg
0x080B6468	thumb	AnimTask_CurseStretchingBlackBg_Step1
0x080B65F0	thumb	AnimTask_CurseStretchingBlackBg_Step2
0x080B664C	thumb	AnimCurseNail
0x080B66A8	thumb	AnimCurseNail_Step1
0x080B6728	thumb	AnimCurseNail_Step2
0x080B67A0	thumb	AnimCurseNail_End
0x080B67D4	thumb	AnimGhostStatusSprite
0x080B68A8	thumb	AnimGhostStatusSprite_End
0x080B68C8	thumb	AnimTask_GrudgeFlames
0x080B696C	thumb	AnimTask_GrudgeFlames_Step
0x080B6AF8	thumb	AnimGrudgeFlame
0x080B6BBC	thumb	AnimTask_GhostGetOut
0x080B6BE4	thumb	AnimTask_GhostGetOut_Step1
0x080B6F30	thumb	AnimTask_GhostGetOut_Step2
0x080B6FC4	thumb	AnimTask_GhostGetOut_Step3
0x080B7158	thumb	AnimMonMoveCircular
0x080B71B0	thumb	AnimMonMoveCircular_Step
0x080B725C	thumb	AnimOutrageFlame
0x080B72F8	thumb	StartDragonFireTranslation
0x080B73AC	thumb	AnimDragonRageFirePlume
0x080B741C	thumb	AnimDragonFireToTarget
0x080B7448	thumb	AnimDragonDanceOrb
0x080B74D8	thumb	AnimDragonDanceOrb_Step
0x080B75E0	thumb	AnimTask_DragonDanceWaver
0x080B76B0	thumb	AnimTask_DragonDanceWaver_Step
0x080B776C	thumb	UpdateDragonDanceScanlineEffect
0x080B77E4	thumb	AnimOverheatFlame
0x080B7894	thumb	AnimOverheatFlame_Step
0x080B78E0	thumb	AnimTask_AttackerFadeToInvisible
0x080B7954	thumb	AnimTask_AttackerFadeToInvisible_Step
0x080B79DC	thumb	AnimTask_AttackerFadeFromInvisible
0x080B7A14	thumb	AnimTask_AttackerFadeFromInvisible_Step
0x080B7A80	thumb	AnimTask_InitAttackerFadeFromInvisible
0x080B7ACC	thumb	AnimUnusedBagSteal
0x080B7B48	thumb	AnimUnusedBagSteal_Step
0x080B7BD4	thumb	AnimBite
0x080B7C10	thumb	AnimBite_Step1
0x080B7C50	thumb	AnimBite_Step2
0x080B7C88	thumb	AnimTearDrop
0x080B7D88	thumb	AnimTearDrop_Step
0x080B7DA4	thumb	AnimTask_MoveAttackerMementoShadow
0x080B7F58	thumb	AnimTask_MoveAttackerMementoShadow_Step
0x080B8070	thumb	AnimTask_MoveTargetMementoShadow
0x080B82C0	thumb	AnimTask_MoveTargetMementoShadow_Step
0x080B843C	thumb	DoMementoShadowEffect
0x080B856C	thumb	SetAllBattlersSpritePriority
0x080B85B8	thumb	AnimTask_InitMementoShadow
0x080B8664	thumb	AnimTask_MementoHandleBg
0x080B86B0	thumb	AnimClawSlash
0x080B86EC	thumb	AnimTask_MetallicShine
0x080B8920	thumb	AnimTask_MetallicShine_Step
0x080B8A74	thumb	AnimTask_SetGrayscaleOrOriginalPal
0x080B8B38	thumb	GetIsDoomDesireHitTurn
0x080B8B6C	thumb	AnimBonemerangProjectile
0x080B8BD4	thumb	AnimBonemerangProjectile_Step
0x080B8C38	thumb	AnimBonemerangProjectile_End
0x080B8C54	thumb	AnimBoneHitProjectile
0x080B8CC8	thumb	AnimDirtScatter
0x080B8D58	thumb	AnimMudSportDirt
0x080B8DE8	thumb	AnimMudSportDirtRising
0x080B8E24	thumb	AnimMudSportDirtFalling
0x080B8E94	thumb	AnimTask_DigDownMovement
0x080B8ED4	thumb	AnimTask_DigBounceMovement
0x080B908C	thumb	AnimTask_DigDisappear
0x080B90EC	thumb	AnimTask_DigUpMovement
0x080B912C	thumb	AnimTask_DigSetVisibleUnderground
0x080B91B0	thumb	AnimTask_DigRiseUpFromHole
0x080B92B8	thumb	SetDigScanlineEffect
0x080B9378	thumb	AnimDirtPlumeParticle
0x080B9400	thumb	AnimDirtPlumeParticle_Step
0x080B941C	thumb	AnimDigDirtMound
0x080B94B4	thumb	AnimTask_HorizontalShake
0x080B9584	thumb	AnimTask_ShakeTerrain
0x080B967C	thumb	AnimTask_ShakeBattlers
0x080B9760	thumb	SetBattlersXOffsetForShake
0x080B97D8	thumb	AnimTask_IsPowerOver99
0x080B9800	thumb	AnimTask_PositionFissureBgOnBattler
0x080B98A8	thumb	WaitForFissureCompletion
0x080B9904	thumb	AnimConfusionDuck
0x080B9970	thumb	AnimConfusionDuck_Step
0x080B99D4	thumb	AnimSimplePaletteBlend
0x080B9A14	thumb	UnpackSelectedBattlePalettes
0x080B9A5C	thumb	AnimSimplePaletteBlend_Step
0x080B9A7C	thumb	AnimComplexPaletteBlend
0x080B9AD0	thumb	AnimComplexPaletteBlend_Step1
0x080B9B5C	thumb	AnimComplexPaletteBlend_Step2
0x080B9B8C	thumb	AnimCirclingSparkle
0x080B9BDC	thumb	AnimTask_BlendColorCycle
0x080B9C2C	thumb	BlendColorCycle
0x080B9C7C	thumb	AnimTask_BlendColorCycleLoop
0x080B9CE4	thumb	AnimTask_BlendColorCycleExclude
0x080B9DA0	thumb	BlendColorCycleExclude
0x080B9DF0	thumb	AnimTask_BlendColorCycleExcludeLoop
0x080B9E58	thumb	AnimTask_BlendColorCycleByTag
0x080B9EA8	thumb	BlendColorCycleByTag
0x080B9F04	thumb	AnimTask_BlendColorCycleByTagLoop
0x080B9F6C	thumb	AnimTask_FlashAnimTagWithColor
0x080B9FD8	thumb	AnimTask_FlashAnimTagWithColor_Step1
0x080BA090	thumb	AnimTask_FlashAnimTagWithColor_Step2
0x080BA0E8	thumb	AnimTask_InvertScreenColor
0x080BA16C	thumb	AnimTask_TintPalettes
0x080BA27C	thumb	AnimShakeMonOrBattleTerrain
0x080BA320	thumb	AnimShakeMonOrBattleTerrain_Step
0x080BA3CC	thumb	AnimShakeMonOrBattleTerrain_UpdateCoordOffsetEnabled
0x080BA47C	thumb	AnimTask_ShakeBattleTerrain
0x080BA4D0	thumb	AnimTask_ShakeBattleTerrain_Step
0x080BA560	thumb	AnimHitSplatBasic
0x080BA5A8	thumb	AnimHitSplatPersistent
0x080BA5F8	thumb	AnimHitSplatHandleInvert
0x080BA630	thumb	AnimHitSplatRandom
0x080BA6C8	thumb	AnimHitSplatOnMonEdge
0x080BA738	thumb	AnimCrossImpact
0x080BA780	thumb	AnimFlashingHitSplat
0x080BA7BC	thumb	AnimFlashingHitSplat_Step
0x080BA7F8	thumb	AnimTask_BlendBattleAnimPal
0x080BA83C	thumb	AnimTask_BlendBattleAnimPalExclude
0x080BA934	thumb	AnimTask_SetCamouflageBlend
0x080BAA20	thumb	AnimTask_BlendParticle
0x080BAA4C	thumb	StartBlendAnimSpriteColor
0x080BAA90	thumb	AnimTask_BlendSpriteColor_Step2
0x080BAB38	thumb	AnimTask_HardwarePaletteFade
0x080BAB78	thumb	AnimTask_HardwarePaletteFade_Step
0x080BAB98	thumb	AnimTask_TraceMonBlended
0x080BABD0	thumb	AnimTask_TraceMonBlended_Step
0x080BACA8	thumb	AnimMonTrace
0x080BACEC	thumb	AnimTask_DrawFallingWhiteLinesOnAttacker
0x080BAF38	thumb	AnimTask_DrawFallingWhiteLinesOnAttacker_Step
0x080BB088	thumb	InitStatsChangeAnimation
0x080BB0D8	thumb	StatsChangeAnimation_Step1
0x080BB2A0	thumb	StatsChangeAnimation_Step2
0x080BB4B8	thumb	StatsChangeAnimation_Step3
0x080BB660	thumb	AnimTask_Flash
0x080BB6CC	thumb	AnimTask_Flash_Step
0x080BB790	thumb	SetPalettesToColor
0x080BB7DC	thumb	AnimTask_BlendNonAttackerPalettes
0x080BB82C	thumb	AnimTask_StartSlidingBg
0x080BB8A4	thumb	AnimTask_UpdateSlidingBg
0x080BB920	thumb	AnimTask_GetAttackerSide
0x080BB94C	thumb	AnimTask_GetTargetSide
0x080BB978	thumb	AnimTask_GetTargetIsAttackerPartner
0x080BB9B0	thumb	AnimTask_SetAllNonAttackersInvisiblity
0x080BBA20	thumb	StartMonScrollingBgMask
0x080BBC2C	thumb	UpdateMonScrollingBgMask
0x080BBDF0	thumb	AnimTask_GetBattleTerrain
0x080BBE10	thumb	AnimTask_AllocBackupPalBuffer
0x080BBE3C	thumb	AnimTask_FreeBackupPalBuffer
0x080BBE6C	thumb	AnimTask_CopyPalUnfadedToBackup
0x080BBF08	thumb	AnimTask_CopyPalUnfadedFromBackup
0x080BBFA4	thumb	AnimTask_CopyPalFadedToUnfaded
0x080BC02C	thumb	AnimTask_IsContest
0x080BC060	thumb	AnimTask_SetAnimAttackerAndTargetForEffectTgt
0x080BC090	thumb	AnimTask_IsTargetSameSide
0x080BC0DC	thumb	AnimTask_SetAnimTargetToBattlerTarget
0x080BC0FC	thumb	AnimTask_SetAnimAttackerAndTargetForEffectAtk
0x080BC12C	thumb	AnimTask_SetAttackerInvisibleWaitForSignal
0x080BC19C	thumb	AnimTask_WaitAndRestoreVisibility
0x080BC1F8	thumb	SetAnimBgAttribute
0x080BC30C	thumb	GetAnimBgAttribute
0x080BC3A0	thumb	HandleIntroSlide
0x080BC41C	thumb	BattleIntroSlideEnd
0x080BC47C	thumb	BattleIntroSlide1
0x080BC6C8	thumb	BattleIntroSlide2
0x080BC9D4	thumb	BattleIntroSlide3
0x080BCC4C	thumb	BattleIntroSlideLink
0x080BCEF4	thumb	CopyBattlerSpriteToBg
0x080BCFCC	thumb	DrawBattlerOnBgDMA
0x080BD09C	thumb	MovePlayerOnBike
0x080BD0D4	thumb	GetBikeTransitionId
0x080BD100	thumb	BikeInputHandler_Normal
0x080BD1C8	thumb	BikeInputHandler_Turning
0x080BD1E8	thumb	BikeInputHandler_Slope
0x080BD27C	thumb	BikeTransition_FaceDirection
0x080BD28C	thumb	BikeTransition_TurnDirection
0x080BD2C8	thumb	BikeTransition_MoveDirection
0x080BD358	thumb	BikeTransition_Downhill
0x080BD380	thumb	BikeTransition_Uphill
0x080BD3A0	thumb	GetBikeCollision
0x080BD40C	thumb	GetBikeCollisionAt
0x080BD460	thumb	RS_IsRunningDisallowed
0x080BD488	thumb	IsRunningDisallowed
0x080BD4B8	thumb	MetatileBehaviorForbidsBiking
0x080BD4F0	thumb	CanBikeFaceDirectionOnRail
0x080BD540	thumb	IsBikingDisallowedByPlayer
0x080BD58C	thumb	IsPlayerNotUsingAcroBikeOnBumpySlope
0x080BD5C8	thumb	GetOnOffBike
0x080BD620	thumb	BikeClearState
0x080BD650	thumb	Bike_UpdateBikeCounterSpeed
0x080BD664	thumb	Bike_SetBikeStill
0x080BD674	thumb	GetPlayerSpeed
0x080BD6C4	thumb	Bike_HandleBumpySlopeJump
0x080BD718	thumb	IsECGroupUnlocked
0x080BD754	thumb	EasyChat_GetNumWordsInGroup
0x080BD78C	thumb	IsECWordInvalid
0x080BD7F8	thumb	GetEasyChatWord
0x080BD850	thumb	CopyEasyChatWord
0x080BD89C	thumb	ConvertEasyChatWordsToString
0x080BD92C	thumb	GetEasyChatWordStringLength
0x080BD974	thumb	EC_DoesEasyChatStringFitOnLine
0x080BD9E8	thumb	GetRandomWordFromGroup
0x080BDA40	thumb	GetRandomWordFromAnyGroup
0x080BDA7C	thumb	ShowEasyChatMessage
0x080BDB1C	thumb	BufferRandomHobbyOrLifestyleString
0x080BDB48	thumb	IsTrendySayingUnlocked
0x080BDB70	thumb	EnableRareWord
0x080BDBA0	thumb	GetNumUnlockedTrendySayings
0x080BDBCC	thumb	UnlockRandomTrendySaying
0x080BDC40	thumb	GetRandomUnlockedTrendySaying
0x080BDCA8	thumb	EC_IsNationalPokedexEnabled
0x080BDCB8	thumb	GetRandomECPokemon
0x080BDD34	thumb	InitEasyChatPhrases
0x080BDE28	thumb	InitQuestionnaireWords
0x080BDE44	thumb	InitEasyChatSelection
0x080BDE70	thumb	DestroyEasyChatSelectionData
0x080BDE88	thumb	PopulateECGroups
0x080BDF38	thumb	GetNumDisplayableGroups
0x080BDF44	thumb	GetSelectedGroupByIndex
0x080BDF6C	thumb	BufferEasyChatWordGroupName
0x080BDFB0	thumb	GetEasyChatWordGroupName
0x080BDFC0	thumb	CopyEasyChatWordPadded
0x080BDFF8	thumb	PopulateAlphabeticalGroups
0x080BE16C	thumb	GetUnlockedECWords
0x080BE19C	thumb	GetDisplayedWordByIndex
0x080BE1D4	thumb	GetNumDisplayedWords
0x080BE1E8	thumb	GetUnlockedWordsInECGroup
0x080BE2F8	thumb	GetUnlockedWordsInAlphabeticalGroup
0x080BE36C	thumb	IsGroupSelectable
0x080BE3A4	thumb	UnlockedECMonOrMove
0x080BE418	thumb	EC_IsDeoxys
0x080BE440	thumb	IsWordUnlocked
0x080BE46C	thumb	InitMonMarkingsMenu
0x080BE478	thumb	BufferMenuWindowTiles
0x080BE4C0	thumb	BufferMenuFrameTiles
0x080BE5F0	thumb	BufferMonMarkingsMenuTiles
0x080BE604	thumb	OpenMonMarkingsMenu
0x080BE658	thumb	FreeMonMarkingsMenu
0x080BE6F0	thumb	HandleMonMarkingsMenuInput
0x080BE7CC	thumb	CreateMonMarkingsMenuSprites
0x080BEA88	thumb	SpriteCB_Dummy
0x080BEA8C	thumb	SpriteCB_Marking
0x080BEAC8	thumb	SpriteCB_Cursor
0x080BEAE0	thumb	CreateMonMarkingAllCombosSprite
0x080BEB00	thumb	CreateMonMarkingComboSprite
0x080BEB20	thumb	CreateMarkingComboSprite
0x080BEBD0	thumb	UpdateMonMarkingTiles
0x080BEBEC	thumb	ReadMail
0x080BED18	thumb	DoInitMailView
0x080BF110	thumb	CB2_InitMailView
0x080BF13C	thumb	BufferMailMessage
0x080BF224	thumb	AddMailMessagePrinters
0x080BF354	thumb	VBlankCB_ShowMail
0x080BF368	thumb	CB2_RunShowMailCB
0x080BF394	thumb	ShowMailCB_WaitFadeIn
0x080BF3B8	thumb	ShowMailCB_WaitButton
0x080BF3F4	thumb	ShowMailCB_Teardown
0x080BF474	thumb	DisplayMessageAndContinueTask
0x080BF518	thumb	RunTextPrinters_CheckActive
0x080BF534	thumb	Task_ContinueTaskAfterMessagePrints
0x080BF560	thumb	Task_CallYesOrNoCallback
0x080BF5D0	thumb	CreateYesNoMenuWithCallbacks
0x080BF630	thumb	GetLRKeysPressed
0x080BF66C	thumb	GetLRKeysPressedAndHeld
0x080BF6A8	thumb	IsHoldingItemAllowed
0x080BF6D8	thumb	IsWritingMailAllowed
0x080BF708	thumb	MenuHelpers_IsLinkActive
0x080BF72C	thumb	IsActiveOverworldLinkBusy
0x080BF748	thumb	MenuHelpers_ShouldWaitForLinkRecv
0x080BF768	thumb	SetVBlankHBlankCallbacksToNull
0x080BF77C	thumb	ResetVramOamAndBgCntRegs
0x080BF7C8	thumb	ResetAllBgsCoordinatesAndBgCntRegs
0x080BF848	thumb	AdjustQuantityAccordingToDPadInput
0x080BF8E4	thumb	GetDialogBoxFontId
0x080BF8FC	thumb	ChoosePartyMon
0x080BF93C	thumb	ChooseMonForMoveRelearner
0x080BF97C	thumb	Task_ChoosePartyMon
0x080BF9BC	thumb	SelectMoveDeleterMove
0x080BFA08	thumb	GetNumMovesSelectedMonHas
0x080BFA50	thumb	BufferMoveDeleterNicknameAndMove
0x080BFAA8	thumb	ShiftMoveSlot
0x080BFBA8	thumb	MoveDeleterForgetMove
0x080BFC14	thumb	IsSelectedMonEgg
0x080BFC50	thumb	GetHealLocationIndexFromMapGroupAndNum
0x080BFC88	thumb	GetHealLocationPointerFromMapGroupAndNum
0x080BFCB0	thumb	GetHealLocation
0x080BFCD0	thumb	SetWhiteoutRespawnWarpAndHealerNpc
0x080BFE00	thumb	SetWhiteoutRespawnHealerNpcAsLastTalked
0x080BFE18	thumb	RegionMap_DarkenPalette
0x080BFEA0	thumb	TintMapEdgesPalette
0x080BFEDC	thumb	InitRegionMap
0x080BFF50	thumb	InitRegionMapWithExitCB
0x080BFFD0	thumb	InitRegionMapType
0x080C0100	thumb	CB2_OpenRegionMap
0x080C0238	thumb	LoadRegionMapGfx
0x080C03E8	thumb	CreateMainMapTask
0x080C0410	thumb	SelectedMapsecSEEnabled
0x080C0450	thumb	PlaySEForSelectedMapsec
0x080C04E4	thumb	Task_RegionMap
0x080C07D0	thumb	SetMainMapTask
0x080C07E4	thumb	GetMainMapTask
0x080C07F8	thumb	SaveMainMapTask
0x080C0820	thumb	FreeRegionMap
0x080C0898	thumb	FreeRegionMapForFlyMap
0x080C08B4	thumb	CB2_RegionMap
0x080C08CC	thumb	VBlankCB_RegionMap
0x080C08E0	thumb	NullVBlankHBlankCallbacks
0x080C08F4	thumb	SetRegionMapVBlankCB
0x080C0904	thumb	InitRegionMapBgs
0x080C0A2C	thumb	SetBgTilemapBuffers
0x080C0A6C	thumb	ResetOamForRegionMap
0x080C0A88	thumb	SetBg0andBg3Hidden
0x080C0AB8	thumb	UpdateMapsecNameBox
0x080C0B18	thumb	DisplayCurrentMapName
0x080C0B9C	thumb	DrawDungeonNameBox
0x080C0BB0	thumb	DisplayCurrentDungeonName
0x080C0CA0	thumb	ClearMapsecNameText
0x080C0CC8	thumb	BufferRegionMapBg
0x080C0E04	thumb	GetRegionMapPermission
0x080C0E20	thumb	GetSelectedRegionMap
0x080C0E34	thumb	GetRegionMapPlayerIsOn
0x080C0E48	thumb	SetSelectedRegionMap
0x080C0E5C	thumb	SetRegionMapPlayerIsOn
0x080C0E70	thumb	InitSwitchMapMenu
0x080C0FE0	thumb	ResetGpuRegsForSwitchMapMenu
0x080C1014	thumb	FadeSwitchMapMenuIn
0x080C1058	thumb	FadeSwitchMapMenuOut
0x080C1098	thumb	Task_SwitchMapMenu
0x080C1280	thumb	FreeSwitchMapMenu
0x080C12EC	thumb	BrightenScreenForSwitchMapMenu
0x080C1324	thumb	LoadSwitchMapTilemap
0x080C1390	thumb	SetGpuRegsToDimScreen
0x080C144C	thumb	DimScreenForSwitchMapMenu
0x080C1478	thumb	HandleSwitchMapInput
0x080C16B8	thumb	SpriteCB_SwitchMapCursor
0x080C16D0	thumb	CreateSwitchMapCursor
0x080C1754	thumb	CreateSwitchMapCursorSubsprite
0x080C176C	thumb	CreateSwitchMapCursorSubsprite_
0x080C1880	thumb	FreeSwitchMapCursor
0x080C18E0	thumb	GetDungeonFlavorText
0x080C1920	thumb	GetDungeonName
0x080C195C	thumb	InitDungeonMapPreview
0x080C19FC	thumb	LoadMapPreviewGfx
0x080C1A94	thumb	Task_DungeonMapPreview
0x080C1BE0	thumb	Task_DrawDungeonMapPreviewFlavorText
0x080C1E14	thumb	FreeDungeonMapPreview
0x080C1E78	thumb	CopyMapPreviewTilemapToBgTilemapBuffer
0x080C1E94	thumb	InitScreenForDungeonMapPreview
0x080C1F80	thumb	UpdateDungeonMapPreview
0x080C2108	thumb	SpriteCB_MapEdge
0x080C210C	thumb	CreateMapEdgeSprite
0x080C2208	thumb	InitMapOpenAnim
0x080C22C4	thumb	SetMapEdgeInvisibility
0x080C2344	thumb	LoadMapEdgeGfx
0x080C24BC	thumb	InitScreenForMapOpenAnim
0x080C253C	thumb	SetGpuRegsToFadeMapToWhite
0x080C2594	thumb	FinishMapOpenAnim
0x080C25BC	thumb	FreeMapOpenCloseAnim
0x080C2604	thumb	FreeMapEdgeSprites
0x080C267C	thumb	Task_MapOpenAnim
0x080C29A4	thumb	MoveMapEdgesOutward
0x080C2B48	thumb	SetGpuWindowDimsToMapEdges
0x080C2B9C	thumb	InitScreenForMapCloseAnim
0x080C2C1C	thumb	DoMapCloseAnim
0x080C2C38	thumb	CreateMapEdgeSprites
0x080C2C7C	thumb	Task_MapCloseAnim
0x080C2E1C	thumb	MoveMapEdgesInward
0x080C2FC0	thumb	SpriteCB_MapCursor
0x080C3008	thumb	CreateMapCursor
0x080C309C	thumb	CreateMapCursorSprite
0x080C3154	thumb	SetMapCursorInvisibility
0x080C3178	thumb	ResetCursorSnap
0x080C3188	thumb	FreeMapCursor
0x080C31C0	thumb	HandleRegionMapInput
0x080C3348	thumb	MoveMapCursor
0x080C3400	thumb	GetRegionMapInput
0x080C3418	thumb	SnapToIconOrButton
0x080C3508	thumb	GetMapCursorX
0x080C3514	thumb	GetMapCursorY
0x080C3520	thumb	GetMapsecUnderCursor
0x080C3580	thumb	GetDungeonMapsecUnderCursor
0x080C35DC	thumb	GetMapsecType
0x080C3878	thumb	GetDungeonMapsecType
0x080C3AC8	thumb	GetSelectedMapsecType
0x080C3B00	thumb	GetPlayerCurrentMapSectionId
0x080C3B28	thumb	GetPlayerPositionOnRegionMap
0x080C3D40	thumb	GetPlayerPositionOnRegionMap_HandleOverrides
0x080C4164	thumb	GetSelectedMapSection
0x080C41D8	thumb	CreatePlayerIcon
0x080C4244	thumb	CreatePlayerIconSprite
0x080C4324	thumb	SetPlayerIconInvisibility
0x080C4348	thumb	FreePlayerIcon
0x080C4380	thumb	GetPlayerIconX
0x080C438C	thumb	GetPlayerIconY
0x080C4398	thumb	InitMapIcons
0x080C440C	thumb	LoadMapIcons
0x080C44E4	thumb	FinishMapIconLoad
0x080C450C	thumb	CreateFlyIconSprite
0x080C4614	thumb	CreateDungeonIconSprite
0x080C4750	thumb	CreateFlyIcons
0x080C47F0	thumb	CreateDungeonIcons
0x080C48BC	thumb	SetFlyIconInvisibility
0x080C4960	thumb	SetDungeonIconInvisibility
0x080C4A04	thumb	FreeMapIcons
0x080C4AAC	thumb	SaveRegionMapGpuRegs
0x080C4B30	thumb	SetRegionMapGpuRegs
0x080C4BB8	thumb	FreeRegionMapGpuRegs
0x080C4BE4	thumb	ResetGpuRegs
0x080C4C2C	thumb	SetBldCnt
0x080C4C48	thumb	SetBldY
0x080C4C5C	thumb	SetBldAlpha
0x080C4C74	thumb	SetWinIn
0x080C4C88	thumb	SetWinOut
0x080C4C9C	thumb	SetDispCnt
0x080C4CF0	thumb	SetGpuWindowDims
0x080C4D30	thumb	FreeAndResetGpuRegs
0x080C4D40	thumb	IsCeladonDeptStoreMapsec
0x080C4D78	thumb	GetMapName
0x080C4DF8	thumb	GetMapNameGeneric
0x080C4E08	thumb	GetMapNameGeneric_
0x080C4E18	thumb	PrintTopBarTextLeft
0x080C4E74	thumb	PrintTopBarTextRight
0x080C4ED0	thumb	ClearOrDrawTopBar
0x080C4EF8	thumb	CB2_OpenFlyMap
0x080C4F08	thumb	Task_FlyMap
0x080C51E8	thumb	InitFlyMap
0x080C5208	thumb	FreeFlyMap
0x080C527C	thumb	SetFlyWarpDestination
0x080C52D0	thumb	ApplyImageProcessingEffects
0x080C545C	thumb	ApplyImageEffect_RedChannelGrayscale
0x080C5514	thumb	ApplyImageEffect_RedChannelGrayscaleHighlight
0x080C55D4	thumb	ApplyImageEffect_Pointillism
0x080C55F4	thumb	ApplyImageEffect_Grayscale
0x080C568C	thumb	ApplyImageEffect_Blur
0x080C5748	thumb	ApplyImageEffect_PersonalityColor
0x080C57EC	thumb	ApplyImageEffect_BlackAndWhite
0x080C5884	thumb	ApplyImageEffect_BlackOutline
0x080C59D4	thumb	ApplyImageEffect_Invert
0x080C5A6C	thumb	ApplyImageEffect_Shimmer
0x080C5B9C	thumb	ApplyImageEffect_BlurRight
0x080C5C44	thumb	ApplyImageEffect_BlurDown
0x080C5CF8	thumb	AddPointillismPoints
0x080C5ECC	thumb	ConvertColorToGrayscale
0x080C5F00	thumb	QuantizePixel_PersonalityColor
0x080C5F3C	thumb	GetColorFromPersonality
0x080C600C	thumb	QuantizePixel_BlackAndWhite
0x080C603C	thumb	QuantizePixel_BlackOutline
0x080C606C	thumb	QuantizePixel_Invert
0x080C6098	thumb	QuantizePixel_MotionBlur
0x080C61BC	thumb	QuantizePixel_Blur
0x080C62DC	thumb	QuantizePixel_BlurHard
0x080C63FC	thumb	ConvertImageProcessingToGBA
0x080C6548	thumb	ApplyImageProcessingQuantization
0x080C6614	thumb	SetPresetPalette_PrimaryColors
0x080C66BC	thumb	SetPresetPalette_BlackAndWhite
0x080C66D8	thumb	SetPresetPalette_GrayscaleSmall
0x080C6714	thumb	SetPresetPalette_Grayscale
0x080C6748	thumb	QuantizePalette_Standard
0x080C68A0	thumb	QuantizePalette_BlackAndWhite
0x080C6958	thumb	QuantizePalette_GrayscaleSmall
0x080C6A08	thumb	QuantizePalette_Grayscale
0x080C6AB8	thumb	QuantizePalette_PrimaryColors
0x080C6B68	thumb	QuantizePixel_Standard
0x080C6BDC	thumb	QuantizePixel_PrimaryColors
0x080C6CAC	thumb	QuantizePixel_GrayscaleSmall
0x080C6CE0	thumb	QuantizePixel_Grayscale
0x080C6D0C	thumb	BattleAI_HandleItemUseBeforeAISetup
0x080C6DA0	thumb	BattleAI_SetupAIData
0x080C6F44	thumb	BattleAI_ChooseMoveOrAction
0x080C7038	thumb	BattleAI_DoAIProcessing
0x080C7164	thumb	RecordLastUsedMoveByTarget
0x080C71A8	thumb	ClearBattlerMoveHistory
0x080C71D0	thumb	RecordAbilityBattle
0x080C7208	thumb	RecordItemEffectBattle
0x080C7240	thumb	Cmd_if_random_less_than
0x080C7280	thumb	Cmd_if_random_greater_than
0x080C72C0	thumb	Cmd_if_random_equal
0x080C7300	thumb	Cmd_if_random_not_equal
0x080C7340	thumb	Cmd_score
0x080C7384	thumb	Cmd_if_hp_less_than
0x080C73EC	thumb	Cmd_if_hp_more_than
0x080C7454	thumb	Cmd_if_hp_equal
0x080C74BC	thumb	Cmd_if_hp_not_equal
0x080C7524	thumb	Cmd_if_status
0x080C7598	thumb	Cmd_if_not_status
0x080C760C	thumb	Cmd_if_status2
0x080C7680	thumb	Cmd_if_not_status2
0x080C76F4	thumb	Cmd_if_status3
0x080C7764	thumb	Cmd_if_not_status3
0x080C77D4	thumb	Cmd_if_side_affecting
0x080C7850	thumb	Cmd_if_not_side_affecting
0x080C78CC	thumb	Cmd_if_less_than
0x080C7908	thumb	Cmd_if_more_than
0x080C7944	thumb	Cmd_if_equal
0x080C7980	thumb	Cmd_if_not_equal
0x080C79BC	thumb	Cmd_if_less_than_ptr
0x080C7A10	thumb	Cmd_if_more_than_ptr
0x080C7A64	thumb	Cmd_if_equal_ptr
0x080C7AB8	thumb	Cmd_if_not_equal_ptr
0x080C7B0C	thumb	Cmd_if_move
0x080C7B50	thumb	Cmd_if_not_move
0x080C7B94	thumb	Cmd_if_in_bytes
0x080C7BFC	thumb	Cmd_if_not_in_bytes
0x080C7C68	thumb	Cmd_if_in_hwords
0x080C7CD4	thumb	Cmd_if_not_in_hwords
0x080C7D44	thumb	Cmd_if_user_has_attacking_move
0x080C7DB4	thumb	Cmd_if_user_has_no_attacking_moves
0x080C7E24	thumb	Cmd_get_turn_count
0x080C7E48	thumb	Cmd_get_type
0x080C7F38	thumb	Cmd_get_considered_move_power
0x080C7F64	thumb	Cmd_get_how_powerful_move_is
0x080C8168	thumb	Cmd_get_last_used_battler_move
0x080C81C0	thumb	Cmd_if_equal_
0x080C81FC	thumb	Cmd_if_not_equal_
0x080C8238	thumb	Cmd_if_would_go_first
0x080C8284	thumb	Cmd_if_would_not_go_first
0x080C82D0	thumb	Cmd_nullsub_2A
0x080C82D4	thumb	Cmd_nullsub_2B
0x080C82D8	thumb	Cmd_count_alive_pokemon
0x080C83D4	thumb	Cmd_get_considered_move
0x080C83F0	thumb	Cmd_get_considered_move_effect
0x080C841C	thumb	Cmd_get_ability
0x080C8534	thumb	Cmd_get_highest_type_effectiveness
0x080C8620	thumb	Cmd_if_type_effectiveness
0x080C86F0	thumb	Cmd_nullsub_32
0x080C86F4	thumb	Cmd_nullsub_33
0x080C86F8	thumb	Cmd_if_status_in_party
0x080C87BC	thumb	Cmd_if_status_not_in_party
0x080C8880	thumb	Cmd_get_weather
0x080C88EC	thumb	Cmd_if_effect
0x080C8938	thumb	Cmd_if_not_effect
0x080C8984	thumb	Cmd_if_stat_level_less_than
0x080C89EC	thumb	Cmd_if_stat_level_more_than
0x080C8A54	thumb	Cmd_if_stat_level_equal
0x080C8ABC	thumb	Cmd_if_stat_level_not_equal
0x080C8B24	thumb	Cmd_if_can_faint
0x080C8C20	thumb	Cmd_if_cant_faint
0x080C8D04	thumb	Cmd_if_has_move
0x080C8DE0	thumb	Cmd_if_doesnt_have_move
0x080C8EBC	thumb	Cmd_if_has_move_with_effect
0x080C8FB0	thumb	Cmd_if_doesnt_have_move_with_effect
0x080C9088	thumb	Cmd_if_any_move_disabled_or_encored
0x080C9110	thumb	Cmd_if_curr_move_disabled_or_encored
0x080C91A0	thumb	Cmd_flee
0x080C91B4	thumb	Cmd_if_random_safari_flee
0x080C9250	thumb	Cmd_watch
0x080C9264	thumb	Cmd_get_hold_effect
0x080C92E4	thumb	Cmd_get_gender
0x080C933C	thumb	Cmd_is_first_turn_for
0x080C9388	thumb	Cmd_get_stockpile_count
0x080C93D4	thumb	Cmd_is_double_battle
0x080C93FC	thumb	Cmd_get_used_held_item
0x080C9448	thumb	Cmd_get_move_type_from_result
0x080C9474	thumb	Cmd_get_move_power_from_result
0x080C94A0	thumb	Cmd_get_move_effect_from_result
0x080C94CC	thumb	Cmd_get_protect_count
0x080C9518	thumb	Cmd_nullsub_52
0x080C951C	thumb	Cmd_nullsub_53
0x080C9520	thumb	Cmd_nullsub_54
0x080C9524	thumb	Cmd_nullsub_55
0x080C9528	thumb	Cmd_nullsub_56
0x080C952C	thumb	Cmd_nullsub_57
0x080C9530	thumb	Cmd_call
0x080C9560	thumb	Cmd_goto
0x080C9580	thumb	Cmd_end
0x080C95A4	thumb	Cmd_if_level_compare
0x080C967C	thumb	Cmd_if_target_taunted
0x080C96CC	thumb	Cmd_if_target_not_taunted
0x080C971C	thumb	AIStackPushVar
0x080C9740	thumb	AIStackPushVar_cursor
0x080C9768	thumb	AIStackPop
0x080C97A8	thumb	CheckObjectGraphicsInFrontOfPlayer
0x080C97FC	thumb	CreateFieldEffectShowMon
0x080C9820	thumb	Task_FieldEffectShowMon_Init
0x080C98B0	thumb	Task_FieldEffectShowMon_WaitPlayerAnim
0x080C98FC	thumb	Task_FieldEffectShowMon_WaitFldeff
0x080C99A0	thumb	Task_FieldEffectShowMon_Cleanup
0x080C99D8	thumb	SetUpFieldMove_RockSmash
0x080C9A10	thumb	FieldCallback_UseRockSmash
0x080C9A30	thumb	FldEff_UseRockSmash
0x080C9A60	thumb	StartRockSmashFieldEffect
0x080C9A78	thumb	SetUpFieldMove_Dig
0x080C9AAC	thumb	FieldCallback_Dig
0x080C9ACC	thumb	FldEff_UseDig
0x080C9AFC	thumb	StartDigFieldEffect
0x080C9B2C	thumb	SetUpFieldMove_Flash
0x080C9B74	thumb	FieldCallback_Flash
0x080C9BB0	thumb	FldEff_UseFlash
0x080C9BD0	thumb	CB2_ChangeMapMain
0x080C9BE8	thumb	VBC_ChangeMapVBlank
0x080C9BFC	thumb	CB2_DoChangeMap
0x080C9CE8	thumb	TryDoMapTransition
0x080C9D7C	thumb	MapTransitionIsEnter
0x080C9DCC	thumb	MapTransitionIsExit
0x080C9E1C	thumb	FlashTransition_Exit
0x080C9E30	thumb	Task_FlashTransition_Exit_0
0x080C9E4C	thumb	Task_FlashTransition_Exit_1
0x080C9EF0	thumb	Task_FlashTransition_Exit_2
0x080C9F38	thumb	Task_FlashTransition_Exit_3
0x080C9FA0	thumb	Task_FlashTransition_Exit_4
0x080C9FD4	thumb	FlashTransition_Enter
0x080C9FE8	thumb	Task_FlashTransition_Enter_0
0x080CA004	thumb	Task_FlashTransition_Enter_1
0x080CA0A4	thumb	Task_FlashTransition_Enter_2
0x080CA108	thumb	Task_FlashTransition_Enter_3
0x080CA160	thumb	RunMapPreviewScreen
0x080CA190	thumb	Task_MapPreviewScreen_0
0x080CA2E4	thumb	EnterHallOfFame
0x080CA3C4	thumb	SetCB2WhiteOut
0x080CA3D8	thumb	GetPokedexCount
0x080CA424	thumb	GetProfOaksRatingMessageByCount
0x080CA524	thumb	GetProfOaksRatingMessage
0x080CA53C	thumb	Task_WaitFadeAndSetCallback
0x080CA574	thumb	HallOfFamePCBeginFade
0x080CA5A0	thumb	ReturnFromHallOfFamePC
0x080CA5C0	thumb	ReshowPCMenuAfterHallOfFamePC
0x080CA5F8	thumb	Task_WaitForPaletteFade
0x080CA618	thumb	ShowDiploma
0x080CA630	thumb	ForcePlayerOntoBike
0x080CA660	thumb	ResetCyclingRoadChallengeData
0x080CA664	thumb	GetPlayerAvatarBike
0x080CA68C	thumb	ShowFieldMessageStringVar4
0x080CA69C	thumb	GetPlayerXY
0x080CA6BC	thumb	GetPlayerTrainerIdOnesDigit
0x080CA6DC	thumb	BufferBigGuyOrBigGirlString
0x080CA714	thumb	BufferSonOrDaughterString
0x080CA74C	thumb	GetBattleOutcome
0x080CA758	thumb	SetHiddenItemFlag
0x080CA76C	thumb	GetLeadMonFriendship
0x080CA7EC	thumb	ShowTownMap
0x080CA804	thumb	PlayerHasGrassPokemonInParty
0x080CA86C	thumb	AnimatePcTurnOn
0x080CA8A8	thumb	Task_AnimatePcTurnOn
0x080CA8F8	thumb	PcTurnOnUpdateMetatileId
0x080CA9A8	thumb	AnimatePcTurnOff
0x080CAA34	thumb	SpawnCameraObject
0x080CAA88	thumb	RemoveCameraObject
0x080CAAAC	thumb	BufferEReaderTrainerName
0x080CAABC	thumb	GetRandomSlotMachineId
0x080CAAE0	thumb	LeadMonHasEffortRibbon
0x080CAB08	thumb	GiveLeadMonEffortRibbon
0x080CAB44	thumb	AreLeadMonEVsMaxedOut
0x080CAB78	thumb	IsStarterFirstStageInParty
0x080CABD0	thumb	IsThereRoomInAnyBoxForMorePokemon
0x080CAC08	thumb	IsPokerusInParty
0x080CAC28	thumb	ShakeScreen
0x080CAC84	thumb	Task_ShakeScreen
0x080CACE8	thumb	Task_EndScreenShake
0x080CACFC	thumb	GetLeadMonIndex
0x080CAD54	thumb	GetPartyMonSpecies
0x080CAD7C	thumb	IsMonOTNameNotPlayers
0x080CADC0	thumb	NullFieldSpecial
0x080CADC4	thumb	DoPicboxCancel
0x080CADEC	thumb	SetVermilionTrashCans
0x080CB054	thumb	IncrementResortGorgeousStepCounter
0x080CB0A8	thumb	SampleResortGorgeousMonAndReward
0x080CB124	thumb	SampleResortGorgeousMon
0x080CB198	thumb	SampleResortGorgeousReward
0x080CB1D8	thumb	CheckAddCoins
0x080CB204	thumb	GetElevatorFloor
0x080CB328	thumb	InitElevatorFloorSelectMenuPos
0x080CB498	thumb	AnimateElevator
0x080CB514	thumb	Task_ElevatorShake
0x080CB580	thumb	DrawElevatorCurrentFloorWindow
0x080CB63C	thumb	CloseElevatorCurrentFloorWindow
0x080CB658	thumb	AnimateElevatorWindowView
0x080CB6AC	thumb	Task_AnimateElevatorWindowView
0x080CB7C4	thumb	ListMenu
0x080CB904	thumb	Task_CreateScriptListMenu
0x080CBA7C	thumb	CreateScriptListMenu
0x080CBADC	thumb	ScriptListMenuMoveCursorFunction
0x080CBB28	thumb	Task_ListMenuHandleInput
0x080CBBAC	thumb	Task_DestroyListMenu
0x080CBC2C	thumb	Task_SuspendListMenu
0x080CBC5C	thumb	ReturnToListMenu
0x080CBC90	thumb	Task_RedrawScrollArrowsAndWaitInput
0x080CBCC0	thumb	Task_CreateMenuRemoveScrollIndicatorArrowPair
0x080CBD50	thumb	Task_ListMenuRemoveScrollIndicatorArrowPair
0x080CBD80	thumb	ForcePlayerToStartSurfing
0x080CBD94	thumb	GetStarterSpeciesById
0x080CBDB0	thumb	GetStarterSpecies
0x080CBDCC	thumb	SetSeenMon
0x080CBDE8	thumb	ResetContextNpcTextColor
0x080CBE00	thumb	ContextNpcGetTextColor
0x080CBE50	thumb	HasMonBeenRenamed
0x080CBEBC	thumb	HasLeadMonBeenRenamed
0x080CBED4	thumb	TV_PrintIntToStringVar
0x080CBF04	thumb	CountDigits
0x080CBFA0	thumb	NameRaterWasNicknameChanged
0x080CBFE0	thumb	ChangeBoxPokemonNickname
0x080CC064	thumb	ChangeBoxPokemonNickname_CB
0x080CC088	thumb	ChangePokemonNickname
0x080CC144	thumb	ChangePokemonNickname_CB
0x080CC170	thumb	BufferMonNickname
0x080CC1A0	thumb	IsMonOTIDNotPlayers
0x080CC1E4	thumb	GetPlayerTrainerId
0x080CC204	thumb	GetUnlockedSeviiAreas
0x080CC2BC	thumb	UpdateTrainerCardPhotoIcons
0x080CC3CC	thumb	StickerManGetBragFlags
0x080CC44C	thumb	GetHiddenItemAttr
0x080CC48C	thumb	DoesPlayerPartyContainSpecies
0x080CC4D4	thumb	GetMartClerkObjectId
0x080CC524	thumb	SetUsedPkmnCenterQuestLogEvent
0x080CC534	thumb	QuestLog_CheckDepartingIndoorsMap
0x080CC59C	thumb	QuestLog_TryRecordDepartedLocation
0x080CC730	thumb	GetMysteryGiftCardStat
0x080CC79C	thumb	SetPCBoxToSendMon
0x080CC7A8	thumb	GetPCBoxToSendMon
0x080CC7B4	thumb	ShouldShowBoxWasFullMessage
0x080CC7F8	thumb	IsDestinationBoxFull
0x080CC87C	thumb	UsedPokemonCenterWarp
0x080CC8CC	thumb	BufferTMHMMoveName
0x080CC918	thumb	RunMassageCooldownStepCounter
0x080CC948	thumb	DaisyMassageServices
0x080CC974	thumb	DoPokemonLeagueLightingEffect
0x080CCA18	thumb	Task_RunPokemonLeagueLightingEffect
0x080CCAF4	thumb	Task_CancelPokemonLeagueLightingEffect
0x080CCB68	thumb	StopPokemonLeagueLightingEffectTask
0x080CCB94	thumb	CapeBrinkGetMoveToTeachLeadPokemon
0x080CCCF8	thumb	HasLearnedAllMovesFromCapeBrinkTutor
0x080CCD84	thumb	CutMoveRuinValleyCheck
0x080CCDD0	thumb	CutMoveOpenDottedHoleDoor
0x080CCDFC	thumb	DoDeoxysTriangleInteraction
0x080CCE10	thumb	Task_DoDeoxysTriangleInteraction
0x080CCEE8	thumb	MoveDeoxysObject
0x080CCF98	thumb	Task_WaitDeoxysFieldEffect
0x080CCFBC	thumb	IncrementBirthIslandRockStepCount
0x080CD008	thumb	SetDeoxysTrianglePalette
0x080CD034	thumb	IsBadEggInParty
0x080CD074	thumb	IsPlayerNotInTrainerTowerLobby
0x080CD098	thumb	BrailleCursorToggle
0x080CD0F4	thumb	PlayerPartyContainsSpeciesWithPlayerID
0x080CD154	thumb	UpdateLoreleiDollCollection
0x080CD1B4	thumb	LoopWingFlapSound
0x080CD1CC	thumb	Task_WingFlapSound
0x080CD228	thumb	ShowBattleRecords
0x080CD240	thumb	MainCB2_SetUp
0x080CD38C	thumb	VBlankCB
0x080CD3A0	thumb	MainCB2
0x080CD3B8	thumb	Task_WaitFadeIn
0x080CD3E8	thumb	Task_WaitButton
0x080CD428	thumb	Task_FadeOut
0x080CD460	thumb	Task_DestroyAndReturnToField
0x080CD4A4	thumb	ClearWindowCommitAndRemove
0x080CD4D0	thumb	ResetGpu
0x080CD608	thumb	StopAllRunningTasks
0x080CD628	thumb	EnableDisplay
0x080CD638	thumb	ResetBGPos
0x080CD690	thumb	ClearLinkBattleRecord
0x080CD6C0	thumb	ClearLinkBattleRecords
0x080CD6F4	thumb	GetLinkBattleRecordTotalBattles
0x080CD704	thumb	IndexOfOpponentLinkBattleRecord
0x080CD738	thumb	SortLinkBattleRecords
0x080CD7B4	thumb	UpdateLinkBattleRecord
0x080CD818	thumb	UpdateLinkBattleGameStats
0x080CD854	thumb	AddOpponentLinkBattleRecord
0x080CD8DC	thumb	ClearPlayerLinkBattleRecords
0x080CD8F8	thumb	IncTrainerCardWinCount
0x080CD924	thumb	IncTrainerCardLossCount
0x080CD950	thumb	UpdateBattleOutcomeOnTrainerCards
0x080CD98C	thumb	UpdatePlayerLinkBattleRecords
0x080CD9F4	thumb	PrintTotalRecord
0x080CDAD0	thumb	PrintOpponentBattleRecord
0x080CDBE4	thumb	PrintBattleRecords
0x080CDCB4	thumb	CommitWindow
0x080CDCD0	thumb	LoadFrameGfxOnBg
0x080CDD18	thumb	CB2_BeginEvolutionScene
0x080CDD28	thumb	Task_BeginEvolutionScene
0x080CDDA8	thumb	BeginEvolutionScene
0x080CDDF4	thumb	EvolutionScene
0x080CE0E8	thumb	CB2_EvolutionSceneLoadGraphics
0x080CE2DC	thumb	CB2_TradeEvolutionSceneLoadGraphics
0x080CE540	thumb	TradeEvolutionScene
0x080CE710	thumb	CB2_EvolutionSceneUpdate
0x080CE72C	thumb	CB2_TradeEvolutionSceneUpdate
0x080CE748	thumb	CreateShedinja
0x080CE8DC	thumb	Task_EvolutionScene
0x080CF53C	thumb	Task_TradeEvolutionScene
0x080D004C	thumb	EvoDummyFunc
0x080D0050	thumb	VBlankCB_EvolutionScene
0x080D00D8	thumb	VBlankCB_TradeEvolutionScene
0x080D0160	thumb	Task_UpdateBgPalette
0x080D0218	thumb	CreateBgAnimTask
0x080D025C	thumb	Task_AnimateBg
0x080D0334	thumb	InitMovingBgPalette
0x080D0374	thumb	StartBgAnimation
0x080D0474	thumb	IsMovingBackgroundTaskRunning
0x080D04A8	thumb	StopBgAnimation
0x080D04E8	thumb	RestoreBgAfterAnim
0x080D0554	thumb	GetCoins
0x080D057C	thumb	SetCoins
0x080D05A4	thumb	AddCoins
0x080D05E4	thumb	RemoveCoins
0x080D060C	thumb	PrintCoinsString_Parameterized
0x080D0674	thumb	ShowCoinsWindow_Parameterized
0x080D06D0	thumb	PrintCoinsString
0x080D072C	thumb	ShowCoinsWindow
0x080D07C8	thumb	HideCoinsWindow
0x080D07EC	thumb	SetUpFieldMove_Strength
0x080D0840	thumb	FieldCB_UseStrength
0x080D0860	thumb	FldEff_UseStrength
0x080D08A8	thumb	ShowMonCB_UseStrength
0x080D08B8	thumb	BattleTransition_StartOnField
0x080D08E8	thumb	BattleTransition_Start
0x080D08F8	thumb	IsBattleTransitionDone
0x080D0948	thumb	LaunchBattleTransitionTask
0x080D0978	thumb	Task_BattleTransition
0x080D09B0	thumb	Transition_StartIntro
0x080D0A00	thumb	Transition_WaitForIntro
0x080D0A34	thumb	Transition_StartMain
0x080D0A5C	thumb	Transition_WaitForMain
0x080D0A8C	thumb	Task_Intro
0x080D0ADC	thumb	Task_Blur
0x080D0B14	thumb	Blur_Init
0x080D0B48	thumb	Blur_Main
0x080D0BA8	thumb	Blur_End
0x080D0BD4	thumb	Task_Swirl
0x080D0C0C	thumb	Swirl_Init
0x080D0C78	thumb	Swirl_End
0x080D0CF0	thumb	VBlankCB_Swirl
0x080D0D28	thumb	HBlankCB_Swirl
0x080D0D54	thumb	Task_Shuffle
0x080D0D8C	thumb	Shuffle_Init
0x080D0DF0	thumb	Shuffle_End
0x080D0E80	thumb	VBlankCB_Shuffle
0x080D0EB8	thumb	HBlankCB_Shuffle
0x080D0EE4	thumb	Task_BigPokeball
0x080D0F1C	thumb	BigPokeball_Init
0x080D0FD4	thumb	BigPokeball_SetGfx
0x080D1064	thumb	PatternWeave_Blend1
0x080D10F8	thumb	PatternWeave_Blend2
0x080D119C	thumb	PatternWeave_FinishAppear
0x080D1220	thumb	PatternWeave_CircularMask
0x080D12E4	thumb	VBlankCB_SetWinAndBlend
0x080D1370	thumb	VBlankCB_PatternWeave
0x080D139C	thumb	VBlankCB_CircularMask
0x080D13C8	thumb	Task_PokeballsTrail
0x080D1400	thumb	PokeballsTrail_Init
0x080D144C	thumb	PokeballsTrail_Main
0x080D14D8	thumb	PokeballsTrail_End
0x080D1504	thumb	FldEff_PokeballTrail
0x080D1570	thumb	SpriteCB_FldEffPokeballTrail
0x080D1638	thumb	Task_ClockwiseWipe
0x080D1670	thumb	ClockwiseWipe_Init
0x080D16D8	thumb	ClockwiseWipe_TopRight
0x080D1768	thumb	ClockwiseWipe_Right
0x080D185C	thumb	ClockwiseWipe_Bottom
0x080D18E4	thumb	ClockwiseWipe_Left
0x080D19E4	thumb	ClockwiseWipe_TopLeft
0x080D1A7C	thumb	ClockwiseWipe_End
0x080D1ABC	thumb	VBlankCB_ClockwiseWipe
0x080D1B58	thumb	Task_Ripple
0x080D1B90	thumb	Ripple_Init
0x080D1BE8	thumb	Ripple_Main
0x080D1CC8	thumb	VBlankCB_Ripple
0x080D1D00	thumb	HBlankCB_Ripple
0x080D1D2C	thumb	Task_Wave
0x080D1D64	thumb	Wave_Init
0x080D1DBC	thumb	Wave_Main
0x080D1E58	thumb	Wave_End
0x080D1E98	thumb	VBlankCB_Wave
0x080D1F2C	thumb	Task_Spiral
0x080D1F64	thumb	Spiral_UpdateFrame
0x080D253C	thumb	Spiral_Init
0x080D25C4	thumb	Spiral_End
0x080D2698	thumb	VBlankCB_Spiral
0x080D2768	thumb	Task_Lorelei
0x080D2788	thumb	Task_Bruno
0x080D27A8	thumb	Task_Agatha
0x080D27C8	thumb	Task_Lance
0x080D27E8	thumb	Task_Blue
0x080D2808	thumb	DoMugshotTransition
0x080D2840	thumb	Mugshot_Init
0x080D28A8	thumb	Mugshot_SetGfx
0x080D2968	thumb	Mugshot_ShowBanner
0x080D2A54	thumb	Mugshot_StartOpponentSlide
0x080D2AD0	thumb	Mugshot_WaitStartPlayerSlide
0x080D2B0C	thumb	Mugshot_WaitPlayerSlide
0x080D2BC4	thumb	Mugshot_GradualWhiteFade
0x080D2C8C	thumb	Mugshot_InitFadeWhiteToBlack
0x080D2CC4	thumb	Mugshot_FadeToBlack
0x080D2D10	thumb	Mugshot_End
0x080D2D50	thumb	VBlankCB_Mugshots
0x080D2DEC	thumb	VBlankCB_MugshotsFadeOut
0x080D2E6C	thumb	HBlankCB_Mugshots
0x080D2EA4	thumb	Mugshots_CreateTrainerPics
0x080D301C	thumb	SpriteCB_MugshotTrainerPic
0x080D3044	thumb	MugshotTrainerPic_Pause
0x080D3048	thumb	MugshotTrainerPic_Init
0x080D3094	thumb	MugshotTrainerPic_Slide
0x080D30C8	thumb	MugshotTrainerPic_SlideSlow
0x080D30F4	thumb	MugshotTrainerPic_SlideOffscreen
0x080D3120	thumb	SetTrainerPicSlideDirection
0x080D3138	thumb	IncrementTrainerPicState
0x080D3154	thumb	IsTrainerPicSlideDone
0x080D316C	thumb	Task_Slice
0x080D31A4	thumb	Slice_Init
0x080D3220	thumb	Slice_Main
0x080D32EC	thumb	Slice_End
0x080D332C	thumb	VBlankCB_Slice
0x080D33C0	thumb	HBlankCB_Slice
0x080D33EC	thumb	Task_WhiteBarsFade
0x080D3424	thumb	WhiteBarsFade_Init
0x080D349C	thumb	WhiteBarsFade_StartBars
0x080D3510	thumb	WhiteBarsFade_WaitBars
0x080D354C	thumb	WhiteBarsFade_BlendToBlack
0x080D35B4	thumb	WhiteBarsFade_End
0x080D35F4	thumb	VBlankCB_WhiteBarsFade
0x080D3690	thumb	VBlankCB_WhiteBarsFade_Blend
0x080D36E0	thumb	HBlankCB_WhiteBarsFade
0x080D3720	thumb	SpriteCB_WhiteBarFade
0x080D3818	thumb	Task_GridSquares
0x080D3850	thumb	GridSquares_Init
0x080D38A4	thumb	GridSquares_Main
0x080D38FC	thumb	GridSquares_End
0x080D3928	thumb	Task_AngledWipes
0x080D3960	thumb	AngledWipes_Init
0x080D39C4	thumb	AngledWipes_SetWipeData
0x080D3A40	thumb	AngledWipes_DoWipe
0x080D3B1C	thumb	AngledWipes_TryEnd
0x080D3B88	thumb	AngledWipes_StartNext
0x080D3BA4	thumb	VBlankCB_AngledWipes
0x080D3C40	thumb	CreateIntroTask
0x080D3CA4	thumb	IsIntroTaskDone
0x080D3CC4	thumb	Task_BattleTransition_Intro
0x080D3CFC	thumb	TransitionIntro_FadeToGray
0x080D3D58	thumb	TransitionIntro_FadeFromGray
0x080D3DD0	thumb	InitTransitionData
0x080D3DF4	thumb	VBlankCB_BattleTransition
0x080D3E08	thumb	GetBg0TilemapDst
0x080D3E28	thumb	GetBg0TilesDst
0x080D3E60	thumb	FadeScreenBlack
0x080D3E74	thumb	SetSinWave
0x080D3EF0	thumb	SetCircularMask
0x080D4088	thumb	InitBlackWipe
0x080D4104	thumb	UpdateBlackWipe
0x080D4200	thumb	LinkPartnerDummy
0x080D4204	thumb	SetControllerToLinkPartner
0x080D4220	thumb	LinkPartnerBufferRunCommand
0x080D4270	thumb	CompleteOnBattlerSpriteCallbackDummy
0x080D42A8	thumb	FreeTrainerSpriteAfterSlide
0x080D4310	thumb	Intro_DelayAndEnd
0x080D4358	thumb	Intro_WaitForHealthbox
0x080D443C	thumb	Intro_ShowHealthbox
0x080D4590	thumb	WaitForMonAnimAfterLoad
0x080D45D0	thumb	CompleteOnHealthbarDone
0x080D4640	thumb	FreeMonSpriteAfterFaintAnim
0x080D46A8	thumb	FreeMonSpriteAfterSwitchOutAnim
0x080D4718	thumb	CompleteOnInactiveTextPrinter
0x080D4730	thumb	DoHitAnimBlinkSpriteEffect
0x080D47AC	thumb	SwitchIn_ShowSubstitute
0x080D481C	thumb	SwitchIn_WaitAndEnd
0x080D484C	thumb	SwitchIn_ShowHealthbox
0x080D4944	thumb	SwitchIn_TryShinyAnim
0x080D49E8	thumb	LinkPartnerBufferExecCompleted
0x080D4A60	thumb	CompleteOnFinishedStatusAnimation
0x080D4A90	thumb	CompleteOnFinishedBattleAnimation
0x080D4AC0	thumb	LinkPartnerHandleGetMonData
0x080D4B34	thumb	CopyLinkPartnerMonData
0x080D52E0	thumb	LinkPartnerHandleGetRawMonData
0x080D52EC	thumb	LinkPartnerHandleSetMonData
0x080D5344	thumb	SetLinkPartnerMonData
0x080D5D40	thumb	LinkPartnerHandleSetRawMonData
0x080D5DB4	thumb	LinkPartnerHandleLoadMonSprite
0x080D5ED0	thumb	LinkPartnerHandleSwitchInAnim
0x080D5F40	thumb	StartSendOutAnim
0x080D60AC	thumb	LinkPartnerHandleReturnMonToBall
0x080D613C	thumb	DoSwitchOutAnimation
0x080D61C8	thumb	LinkPartnerHandleDrawTrainerPic
0x080D633C	thumb	LinkPartnerHandleTrainerSlide
0x080D6348	thumb	LinkPartnerHandleTrainerSlideBack
0x080D63F4	thumb	LinkPartnerHandleFaintAnimation
0x080D64E0	thumb	LinkPartnerHandlePaletteFade
0x080D64EC	thumb	LinkPartnerHandleSuccessBallThrowAnim
0x080D64F8	thumb	LinkPartnerHandleBallThrowAnim
0x080D6504	thumb	LinkPartnerHandlePause
0x080D6510	thumb	LinkPartnerHandleMoveAnimation
0x080D6648	thumb	LinkPartnerDoMoveAnimation
0x080D67CC	thumb	LinkPartnerHandlePrintString
0x080D6840	thumb	LinkPartnerHandlePrintSelectionString
0x080D684C	thumb	LinkPartnerHandleChooseAction
0x080D6858	thumb	LinkPartnerHandleUnknownYesNoBox
0x080D6864	thumb	LinkPartnerHandleChooseMove
0x080D6870	thumb	LinkPartnerHandleChooseItem
0x080D687C	thumb	LinkPartnerHandleChoosePokemon
0x080D6888	thumb	LinkPartnerHandleCmd23
0x080D6894	thumb	LinkPartnerHandleHealthBarUpdate
0x080D6984	thumb	LinkPartnerHandleExpUpdate
0x080D6990	thumb	LinkPartnerHandleStatusIconUpdate
0x080D6A08	thumb	LinkPartnerHandleStatusAnimation
0x080D6A70	thumb	LinkPartnerHandleStatusXor
0x080D6A7C	thumb	LinkPartnerHandleDataTransfer
0x080D6A88	thumb	LinkPartnerHandleDMA3Transfer
0x080D6A94	thumb	LinkPartnerHandlePlayBGM
0x080D6AA0	thumb	LinkPartnerHandleCmd32
0x080D6AAC	thumb	LinkPartnerHandleTwoReturnValues
0x080D6AB8	thumb	LinkPartnerHandleChosenMonReturnValue
0x080D6AC4	thumb	LinkPartnerHandleOneReturnValue
0x080D6AD0	thumb	LinkPartnerHandleOneReturnValue_Duplicate
0x080D6ADC	thumb	LinkPartnerHandleClearUnkVar
0x080D6AF8	thumb	LinkPartnerHandleSetUnkVar
0x080D6B30	thumb	LinkPartnerHandleClearUnkFlag
0x080D6B48	thumb	LinkPartnerHandleToggleUnkFlag
0x080D6B70	thumb	LinkPartnerHandleHitAnimation
0x080D6BE0	thumb	LinkPartnerHandleCantSwitch
0x080D6BEC	thumb	LinkPartnerHandlePlaySE
0x080D6C30	thumb	LinkPartnerHandlePlayFanfare
0x080D6C60	thumb	LinkPartnerHandleFaintingCry
0x080D6CA0	thumb	LinkPartnerHandleIntroSlide
0x080D6CD4	thumb	LinkPartnerHandleIntroTrainerBallThrow
0x080D6ED0	thumb	Task_StartSendOutAnim
0x080D6FDC	thumb	LinkPartnerHandleDrawPartyStatusSummary
0x080D70A0	thumb	EndDrawPartyStatusSummary
0x080D70E8	thumb	LinkPartnerHandleHidePartyStatusSummary
0x080D7138	thumb	LinkPartnerHandleEndBounceEffect
0x080D7144	thumb	LinkPartnerHandleSpriteInvisibility
0x080D71A4	thumb	LinkPartnerHandleBattleAnimation
0x080D720C	thumb	LinkPartnerHandleLinkStandbyMsg
0x080D7218	thumb	LinkPartnerHandleResetActionMoveSelection
0x080D7224	thumb	LinkPartnerHandleEndLinkBattle
0x080D7270	thumb	LinkPartnerCmdEnd
0x080D7274	thumb	BufferStringBattle
0x080D77F4	thumb	BattleStringExpandPlaceholdersToDisplayedString
0x080D7804	thumb	TryGetStatusString
0x080D7868	thumb	BattleStringExpandPlaceholders
0x080D8418	thumb	ExpandBattleTextBuffPlaceholders
0x080D86C8	thumb	ChooseMoveUsedParticle
0x080D8720	thumb	ChooseTypeOfMoveUsedString
0x080D87BC	thumb	BattlePutTextOnWindow
0x080D89B0	thumb	BattleStringShouldBeColored
0x080D89DC	thumb	SetPpNumbersPaletteInMoveSelection
0x080D8A50	thumb	GetCurrentPpToMaxPpState
0x080D8AA0	thumb	Q_8_8_mul
0x080D8ABC	thumb	Q_N_S_mul
0x080D8AE0	thumb	Q_24_8_mul
0x080D8B1C	thumb	Q_8_8_div
0x080D8B40	thumb	Q_N_S_div
0x080D8B68	thumb	Q_24_8_div
0x080D8B90	thumb	Q_8_8_inv
0x080D8BA8	thumb	Q_N_S_inv
0x080D8BC8	thumb	Q_24_8_inv
0x080D8BE4	thumb	RouletteFlash_Reset
0x080D8BF8	thumb	RouletteFlash_Add
0x080D8C7C	thumb	RouletteFlash_Remove
0x080D8CB0	thumb	RouletteFlash_FadePalette
0x080D8EB8	thumb	RouletteFlash_FlashPalette
0x080D8F48	thumb	RouletteFlash_Run
0x080D8FB4	thumb	RouletteFlash_Enable
0x080D9008	thumb	RouletteFlash_Stop
0x080D90A8	thumb	InitPulseBlend
0x080D90D4	thumb	InitPulseBlendPaletteSettings
0x080D9140	thumb	ClearPulseBlendPalettesSettings
0x080D91BC	thumb	UnloadUsedPulseBlendPalettes
0x080D9214	thumb	MarkUsedPulseBlendPalettes
0x080D9294	thumb	UnmarkUsedPulseBlendPalettes
0x080D93BC	thumb	UpdatePulseBlend
0x080D9574	thumb	FillTilemapRect
0x080D95C4	thumb	SetTilemapRect
0x080D9614	thumb	CableCarUtil_FillWrapped
0x080D96A0	thumb	CableCarUtil_CopyWrapped
0x080D972C	thumb	ClearSaveData
0x080D9750	thumb	Save_ResetSaveCounters
0x080D976C	thumb	SetDamagedSectorBits
0x080D97D0	thumb	WriteSaveSectorOrSlot
0x080D9870	thumb	HandleWriteSector
0x080D9960	thumb	HandleWriteSectorNBytes
0x080D99D8	thumb	TryWriteSector
0x080D9A04	thumb	RestoreSaveBackupVarsAndIncrement
0x080D9A60	thumb	RestoreSaveBackupVars
0x080D9AA4	thumb	HandleWriteIncrementalSector
0x080D9B04	thumb	HandleReplaceSectorAndVerify
0x080D9B50	thumb	HandleReplaceSector
0x080D9CF0	thumb	CopySectorSignatureByte
0x080D9D88	thumb	WriteSectorSignatureByte
0x080D9E14	thumb	TryLoadSaveSlot
0x080D9E54	thumb	CopySaveSlotData
0x080D9F0C	thumb	GetSaveValidStatus
0x080DA120	thumb	TryLoadSaveSector
0x080DA190	thumb	ReadFlashSector
0x080DA1A8	thumb	CalculateChecksum
0x080DA1D4	thumb	UpdateSaveAddresses
0x080DA248	thumb	HandleSavingData
0x080DA364	thumb	TrySavingData
0x080DA3AC	thumb	LinkFullSave_Init
0x080DA3D8	thumb	LinkFullSave_WriteSector
0x080DA40C	thumb	LinkFullSave_ReplaceLastSector
0x080DA434	thumb	LinkFullSave_SetLastSectorSignature
0x080DA45C	thumb	WriteSaveBlock2
0x080DA4A0	thumb	WriteSaveBlock1Sector
0x080DA4FC	thumb	LoadGameSave
0x080DA588	thumb	TryReadSpecialSaveSector
0x080DA5E0	thumb	TryWriteSpecialSaveSector
0x080DA634	thumb	Task_LinkFullSave
0x080DA800	thumb	CheckCompatibility
0x080DA830	thumb	SetIncompatible
0x080DA84C	thumb	InitMysteryEventScript
0x080DA87C	thumb	RunMysteryEventScriptCommand
0x080DA89C	thumb	MEventScript_InitContext
0x080DA8B0	thumb	MEventScript_Run
0x080DA8CC	thumb	RunMysteryEventScript
0x080DA8E8	thumb	SetMysteryEventScriptStatus
0x080DA8F4	thumb	MEScrCmd_end
0x080DA900	thumb	MEScrCmd_checkcompat
0x080DA950	thumb	MEScrCmd_nop
0x080DA954	thumb	MEScrCmd_setstatus
0x080DA964	thumb	MEScrCmd_setmsg
0x080DA99C	thumb	MEScrCmd_runscript
0x080DA9B8	thumb	MEScrCmd_setenigmaberry
0x080DAA80	thumb	MEScrCmd_giveribbon
0x080DAAB4	thumb	MEScrCmd_initramscript
0x080DAB1C	thumb	MEScrCmd_givenationaldex
0x080DAB40	thumb	MEScrCmd_addrareword
0x080DAB6C	thumb	MEScrCmd_setrecordmixinggift
0x080DAB80	thumb	MEScrCmd_givepokemon
0x080DAC8C	thumb	MEScrCmd_addtrainer
0x080DACD4	thumb	MEScrCmd_enableresetrtc
0x080DACE8	thumb	MEScrCmd_checksum
0x080DAD30	thumb	MEScrCmd_crc
0x080DAD7C	thumb	SetUpReflection
0x080DAE40	thumb	GetReflectionVerticalOffset
0x080DAE54	thumb	LoadObjectReflectionPalette
0x080DAEC4	thumb	LoadObjectRegularReflectionPalette
0x080DAF20	thumb	LoadObjectHighBridgeReflectionPalette
0x080DAF50	thumb	UpdateObjectReflectionSprite
0x080DB0C4	thumb	CreateWarpArrowSprite
0x080DB114	thumb	SetSpriteInvisible
0x080DB134	thumb	ShowWarpArrowSprite
0x080DB1DC	thumb	FldEff_Shadow
0x080DB280	thumb	UpdateShadowFieldEffect
0x080DB348	thumb	FldEff_TallGrass
0x080DB3EC	thumb	UpdateTallGrassFieldEffect
0x080DB4F4	thumb	FldEff_JumpTallGrass
0x080DB564	thumb	FindTallGrassFieldEffectSpriteId
0x080DB5F4	thumb	FldEff_LongGrass
0x080DB69C	thumb	UpdateLongGrassFieldEffect
0x080DB798	thumb	FldEff_JumpLongGrass
0x080DB808	thumb	FldEff_ShortGrass
0x080DB8AC	thumb	UpdateShortGrassFieldEffect
0x080DB9A0	thumb	FldEff_SandFootprints
0x080DBA14	thumb	FldEff_DeepSandFootprints
0x080DBA88	thumb	FldEff_BikeTireTracks
0x080DBAFC	thumb	UpdateFootprintsTireTracksFieldEffect
0x080DBB18	thumb	FadeFootprintsTireTracks_Step0
0x080DBB3C	thumb	FadeFootprintsTireTracks_Step1
0x080DBB88	thumb	FldEff_Splash
0x080DBC2C	thumb	UpdateSplashFieldEffect
0x080DBCB8	thumb	FldEff_JumpSmallSplash
0x080DBD28	thumb	FldEff_JumpBigSplash
0x080DBD98	thumb	FldEff_FeetInFlowingWater
0x080DBE50	thumb	UpdateFeetInFlowingWaterFieldEffect
0x080DBEF0	thumb	FldEff_Ripple
0x080DBF50	thumb	FldEff_HotSpringsWater
0x080DBFF4	thumb	UpdateHotSpringsWaterFieldEffect
0x080DC08C	thumb	FldEff_UnusedGrass
0x080DC0F8	thumb	FldEff_UnusedGrass2
0x080DC164	thumb	FldEff_UnusedSand
0x080DC1D0	thumb	FldEff_UnusedWaterSurfacing
0x080DC23C	thumb	StartAshFieldEffect
0x080DC270	thumb	FldEff_Ash
0x080DC2FC	thumb	UpdateAshFieldEffect
0x080DC318	thumb	UpdateAshFieldEffect_Step0
0x080DC348	thumb	UpdateAshFieldEffect_Step1
0x080DC3A8	thumb	UpdateAshFieldEffect_Step2
0x080DC3D0	thumb	FldEff_SurfBlob
0x080DC44C	thumb	SetSurfBlob_BobState
0x080DC478	thumb	SetSurfBlob_DontSyncAnim
0x080DC4A4	thumb	SetSurfBlob_PlayerOffset
0x080DC4D8	thumb	GetSurfBlob_BobState
0x080DC4E0	thumb	GetSurfBlob_DontSyncAnim
0x080DC4EC	thumb	GetSurfBlob_HasPlayerOffset
0x080DC4F8	thumb	UpdateSurfBlobFieldEffect
0x080DC550	thumb	SynchroniseSurfAnim
0x080DC588	thumb	SynchroniseSurfPosition
0x080DC61C	thumb	CreateBobbingEffect
0x080DC6B0	thumb	StartUnderwaterSurfBlobBobbing
0x080DC700	thumb	SpriteCB_UnderwaterSurfBlob
0x080DC740	thumb	FldEff_Dust
0x080DC7B0	thumb	FldEff_SandPile
0x080DC86C	thumb	UpdateSandPileFieldEffect
0x080DC938	thumb	FldEff_Bubbles
0x080DC99C	thumb	UpdateBubblesFieldEffect
0x080DC9DC	thumb	FldEff_BerryTreeGrowthSparkle
0x080DC9E0	thumb	ShowTreeDisguiseFieldEffect
0x080DC9F0	thumb	ShowMountainDisguiseFieldEffect
0x080DCA00	thumb	ShowSandDisguiseFieldEffect
0x080DCA10	thumb	ShowDisguiseFieldEffect
0x080DCAC8	thumb	UpdateDisguiseFieldEffect
0x080DCBB8	thumb	StartRevealDisguise
0x080DCBE0	thumb	UpdateRevealDisguise
0x080DCC1C	thumb	FldEff_Sparkle
0x080DCC90	thumb	UpdateSparkleFieldEffect
0x080DCCE0	thumb	UpdateJumpImpactEffect
0x080DCD1C	thumb	WaitFieldEffectSpriteAnim
0x080DCD48	thumb	UpdateGrassFieldEffectSubpriority
0x080DCE10	thumb	SoundTask_FireBlast
0x080DCE78	thumb	SoundTask_FireBlast_Step1
0x080DCEE4	thumb	SoundTask_FireBlast_Step2
0x080DCF38	thumb	SoundTask_LoopSEAdjustPanning
0x080DCFE8	thumb	SoundTask_LoopSEAdjustPanning_Step
0x080DD06C	thumb	SoundTask_PlayCryHighPitch
0x080DD148	thumb	SoundTask_PlayDoubleCry
0x080DD270	thumb	SoundTask_PlayDoubleCry_Step
0x080DD2F4	thumb	SoundTask_WaitForCry
0x080DD334	thumb	SoundTask_PlayCryWithEcho
0x080DD390	thumb	SoundTask_PlayCryWithEcho_Step
0x080DD3DC	thumb	SoundTask_PlaySE1WithPanning
0x080DD410	thumb	SoundTask_PlaySE2WithPanning
0x080DD444	thumb	SoundTask_AdjustPanningVar
0x080DD4D4	thumb	SoundTask_AdjustPanningVar_Step
0x080DD534	thumb	SafariDummy
0x080DD538	thumb	SetControllerToSafari
0x080DD554	thumb	SafariBufferRunCommand
0x080DD5A4	thumb	HandleInputChooseAction
0x080DD728	thumb	CompleteOnBattlerSpriteCallbackDummy
0x080DD760	thumb	CompleteOnInactiveTextPrinter
0x080DD778	thumb	CompleteOnHealthboxSpriteCallbackDummy
0x080DD7B0	thumb	Safari_SetBattleEndCallbacks
0x080DD7F0	thumb	CompleteOnSpecialAnimDone
0x080DD82C	thumb	SafariOpenPokeblockCase
0x080DD85C	thumb	CompleteWhenChosePokeblock
0x080DD898	thumb	CompleteOnFinishedBattleAnimation
0x080DD8C8	thumb	SafariBufferExecCompleted
0x080DD940	thumb	CompleteOnFinishedStatusAnimation
0x080DD970	thumb	SafariHandleGetMonData
0x080DD97C	thumb	SafariHandleGetRawMonData
0x080DD988	thumb	SafariHandleSetMonData
0x080DD994	thumb	SafariHandleSetRawMonData
0x080DD9A0	thumb	SafariHandleLoadMonSprite
0x080DD9AC	thumb	SafariHandleSwitchInAnim
0x080DD9B8	thumb	SafariHandleReturnMonToBall
0x080DD9C4	thumb	SafariHandleDrawTrainerPic
0x080DDAA4	thumb	SafariHandleTrainerSlide
0x080DDAB0	thumb	SafariHandleTrainerSlideBack
0x080DDABC	thumb	SafariHandleFaintAnimation
0x080DDAC8	thumb	SafariHandlePaletteFade
0x080DDAD4	thumb	SafariHandleSuccessBallThrowAnim
0x080DDB28	thumb	SafariHandleBallThrowAnim
0x080DDB88	thumb	SafariHandlePause
0x080DDB94	thumb	SafariHandleMoveAnimation
0x080DDBA0	thumb	SafariHandlePrintString
0x080DDC14	thumb	SafariHandlePrintSelectionString
0x080DDC38	thumb	HandleChooseActionAfterDma3
0x080DDC78	thumb	SafariHandleChooseAction
0x080DDCEC	thumb	SafariHandleUnknownYesNoBox
0x080DDCF8	thumb	SafariHandleChooseMove
0x080DDD04	thumb	SafariHandleChooseItem
0x080DDD44	thumb	SafariHandleChoosePokemon
0x080DDD50	thumb	SafariHandleCmd23
0x080DDD5C	thumb	SafariHandleHealthBarUpdate
0x080DDD68	thumb	SafariHandleExpUpdate
0x080DDD74	thumb	SafariHandleStatusIconUpdate
0x080DDDB0	thumb	SafariHandleStatusAnimation
0x080DDDBC	thumb	SafariHandleStatusXor
0x080DDDC8	thumb	SafariHandleDataTransfer
0x080DDDD4	thumb	SafariHandleDMA3Transfer
0x080DDDE0	thumb	SafariHandlePlayBGM
0x080DDDEC	thumb	SafariHandleCmd32
0x080DDDF8	thumb	SafariHandleTwoReturnValues
0x080DDE04	thumb	SafariHandleChosenMonReturnValue
0x080DDE10	thumb	SafariHandleOneReturnValue
0x080DDE1C	thumb	SafariHandleOneReturnValue_Duplicate
0x080DDE28	thumb	SafariHandleCmd37
0x080DDE34	thumb	SafariHandleCmd38
0x080DDE40	thumb	SafariHandleCmd39
0x080DDE4C	thumb	SafariHandleCmd40
0x080DDE58	thumb	SafariHandleHitAnimation
0x080DDE64	thumb	SafariHandleCmd42
0x080DDE70	thumb	SafariHandlePlaySE
0x080DDEB4	thumb	SafariHandlePlayFanfareOrBGM
0x080DDEE4	thumb	SafariHandleFaintingCry
0x080DDF20	thumb	SafariHandleIntroSlide
0x080DDF54	thumb	SafariHandleIntroTrainerBallThrow
0x080DDFB0	thumb	SafariHandleDrawPartyStatusSummary
0x080DDFBC	thumb	SafariHandleHidePartyStatusSummary
0x080DDFC8	thumb	SafariHandleEndBounceEffect
0x080DDFD4	thumb	SafariHandleSpriteInvisibility
0x080DDFE0	thumb	SafariHandleBattleAnimation
0x080DE03C	thumb	SafariHandleLinkStandbyMsg
0x080DE048	thumb	SafariHandleResetActionMoveSelection
0x080DE054	thumb	SafariHandleCmd55
0x080DE0B0	thumb	SafariCmdEnd
0x080DE0B4	thumb	Unused_StartSweetscentFldeff
0x080DE0C8	thumb	SetUpFieldMove_SweetScent
0x080DE0E8	thumb	FieldCallback_SweetScent
0x080DE104	thumb	FldEff_SweetScent
0x080DE134	thumb	StartSweetScentFieldEffect
0x080DE1D0	thumb	TrySweetScentEncounter
0x080DE274	thumb	FailSweetScentEncounter
0x080DE2C0	thumb	AnimBlackSmoke
0x080DE300	thumb	AnimBlackSmoke_Step
0x080DE34C	thumb	AnimTask_SmokescreenImpact
0x080DE39C	thumb	AnimWhiteHalo
0x080DE3E0	thumb	AnimWhiteHalo_Step1
0x080DE420	thumb	AnimWhiteHalo_Step2
0x080DE440	thumb	AnimTealAlert
0x080DE4DC	thumb	AnimMeanLookEye
0x080DE508	thumb	AnimMeanLookEye_Step1
0x080DE598	thumb	AnimMeanLookEye_Step2
0x080DE5DC	thumb	AnimMeanLookEye_Step3
0x080DE688	thumb	AnimMeanLookEye_Step4
0x080DE6F0	thumb	AnimTask_SetPsychicBackground
0x080DE718	thumb	SetPsychicBackground_Step
0x080DE7B4	thumb	AnimTask_FadeScreenToWhite
0x080DE7DC	thumb	FadeScreenToWhite_Step
0x080DE8B0	thumb	AnimSpikes
0x080DE928	thumb	AnimSpikes_Step1
0x080DE958	thumb	AnimSpikes_Step2
0x080DE99C	thumb	AnimLeer
0x080DE9D8	thumb	AnimLetterZ
0x080DEA98	thumb	AnimFang
0x080DEAB4	thumb	AnimTask_IsTargetPlayerSide
0x080DEAF0	thumb	AnimTask_IsHealingMove
0x080DEB20	thumb	AnimSpotlight
0x080DEB8C	thumb	AnimSpotlight_Step1
0x080DEC58	thumb	AnimSpotlight_Step2
0x080DEC90	thumb	AnimClappingHand
0x080DED48	thumb	AnimClappingHand_Step
0x080DEDBC	thumb	AnimClappingHand2
0x080DEDD8	thumb	AnimTask_CreateSpotlight
0x080DEE78	thumb	AnimTask_RemoveSpotlight
0x080DEEBC	thumb	AnimRapidSpin
0x080DEF38	thumb	AnimRapidSpin_Step
0x080DEF9C	thumb	AnimTask_RapinSpinMonElevation
0x080DF0C4	thumb	RapinSpinMonElevation_Step
0x080DF1DC	thumb	AnimTask_TormentAttacker
0x080DF240	thumb	TormentAttacker_Step
0x080DF428	thumb	TormentAttacker_Callback
0x080DF468	thumb	AnimTriAttackTriangle
0x080DF524	thumb	AnimTask_DefenseCurlDeformMon
0x080DF580	thumb	AnimBatonPassPokeball
0x080DF688	thumb	AnimWishStar
0x080DF6C0	thumb	AnimWishStar_Step
0x080DF75C	thumb	AnimMiniTwinklingStar
0x080DF7BC	thumb	AnimMiniTwinklingStar_Step
0x080DF848	thumb	AnimTask_StockpileDeformMon
0x080DF8A0	thumb	AnimTask_SpitUpDeformMon
0x080DF8F8	thumb	AnimSwallowBlueOrb
0x080DF964	thumb	AnimTask_SwallowDeformMon
0x080DF9BC	thumb	AnimTask_TransformMon
0x080DFBE4	thumb	AnimTask_IsMonInvisible
0x080DFC24	thumb	AnimTask_CastformGfxChange
0x080DFC50	thumb	AnimTask_MorningSunLightBeam
0x080DFEDC	thumb	AnimGreenStar
0x080E001C	thumb	AnimGreenStar_Step1
0x080E00CC	thumb	AnimGreenStar_Step2
0x080E0128	thumb	AnimGreenStar_Callback
0x080E017C	thumb	AnimTask_DoomDesireLightBeam
0x080E0488	thumb	AnimTask_StrongFrustrationGrowAndShrink
0x080E04E0	thumb	AnimWeakFrustrationAngerMark
0x080E0558	thumb	AnimTask_RockMonBackAndForth
0x080E0628	thumb	AnimTask_RockMonBackAndForth_Step
0x080E0790	thumb	AnimSweetScentPetal
0x080E07E0	thumb	AnimSweetScentPetal_Step
0x080E0850	thumb	AnimTask_FlailMovement
0x080E08A4	thumb	AnimTask_FlailMovement_Step
0x080E0A3C	thumb	AnimPainSplitProjectile
0x080E0B00	thumb	AnimTask_PainSplitMovement
0x080E0C68	thumb	AnimFlatterConfetti
0x080E0D14	thumb	AnimFlatterConfetti_Step
0x080E0D74	thumb	AnimFlatterSpotlight
0x080E0DEC	thumb	AnimFlatterSpotlight_Step
0x080E0E94	thumb	AnimReversalOrb
0x080E0EDC	thumb	AnimReversalOrb_Step
0x080E0FB8	thumb	AnimTask_RolePlaySilhouette
0x080E1218	thumb	AnimTask_RolePlaySilhouette_Step1
0x080E1274	thumb	AnimTask_RolePlaySilhouette_Step2
0x080E12F8	thumb	AnimTask_AcidArmor
0x080E1450	thumb	AnimTask_AcidArmor_Step
0x080E1704	thumb	AnimTask_DeepInhale
0x080E174C	thumb	AnimTask_DeepInhale_Step
0x080E17E4	thumb	InitYawnCloudPosition
0x080E184C	thumb	UpdateYawnCloudPosition
0x080E186C	thumb	AnimYawnCloud
0x080E18BC	thumb	AnimYawnCloud_Step
0x080E1928	thumb	AnimSmokeBallEscapeCloud
0x080E1990	thumb	AnimTask_SlideMonForFocusBand_Step2
0x080E1AD8	thumb	AnimTask_SlideMonForFocusBand_Step1
0x080E1C48	thumb	AnimTask_SlideMonForFocusBand
0x080E1D5C	thumb	AnimTask_SquishAndSweatDroplets
0x080E1E00	thumb	AnimTask_SquishAndSweatDroplets_Step
0x080E1E98	thumb	CreateSweatDroplets
0x080E1F74	thumb	AnimFacadeSweatDrop
0x080E1FC4	thumb	AnimTask_FacadeColorBlend
0x080E201C	thumb	AnimTask_FacadeColorBlend_Step
0x080E2084	thumb	AnimTask_StatusClearedEffect
0x080E20D4	thumb	AnimRoarNoiseLine
0x080E2194	thumb	AnimRoarNoiseLine_Step
0x080E21CC	thumb	AnimTask_GlareEyeDots
0x080E22A8	thumb	AnimTask_GlareEyeDots_Step
0x080E23E8	thumb	GetGlareEyeDotCoords
0x080E24A0	thumb	AnimGlareEyeDot
0x080E24E0	thumb	AnimAssistPawprint
0x080E2518	thumb	AnimTask_BarrageBall
0x080E2668	thumb	AnimTask_BarrageBall_Step
0x080E2774	thumb	AnimSmellingSaltsHand
0x080E2820	thumb	AnimSmellingSaltsHand_Step
0x080E28DC	thumb	AnimTask_SmellingSaltsSquish
0x080E2934	thumb	AnimTask_SmellingSaltsSquish_Step
0x080E29F0	thumb	AnimSmellingSaltExclamation
0x080E2A58	thumb	AnimSmellingSaltExclamation_Step
0x080E2AB0	thumb	AnimHelpingHandClap
0x080E2AFC	thumb	AnimHelpingHandClap_Step
0x080E2CE4	thumb	AnimTask_HelpingHandAttackerMovement
0x080E2D74	thumb	AnimTask_HelpingHandAttackerMovement_Step
0x080E2F14	thumb	AnimForesightMagnifyingGlass
0x080E2F98	thumb	AnimForesightMagnifyingGlass_Step
0x080E319C	thumb	AnimMeteorMashStar_Step
0x080E321C	thumb	AnimMeteorMashStar
0x080E3294	thumb	AnimTask_MonToSubstitute
0x080E3374	thumb	AnimTask_MonToSubstituteDoll
0x080E34D0	thumb	AnimBlockX
0x080E3534	thumb	AnimBlockX_Step
0x080E3664	thumb	AnimTask_OdorSleuthMovement
0x080E37D4	thumb	AnimTask_OdorSleuthMovementWaitFinish
0x080E37FC	thumb	MoveOdorSleuthClone
0x080E38D8	thumb	AnimTask_GetReturnPowerLevel
0x080E392C	thumb	AnimTask_SnatchOpposingMonMove
0x080E3E84	thumb	AnimUnusedItemBagSteal
0x080E3FC0	thumb	AnimTask_SnatchPartnerMove
0x080E4160	thumb	AnimTask_TeeterDanceMovement
0x080E41D8	thumb	AnimTask_TeeterDanceMovement_Step
0x080E42DC	thumb	AnimKnockOffStrike_Step
0x080E4334	thumb	AnimKnockOffStrike
0x080E43A4	thumb	AnimRecycle
0x080E43F0	thumb	AnimRecycle_Step
0x080E44EC	thumb	AnimTask_GetWeather
0x080E4540	thumb	AnimTask_SlackOffSquish
0x080E4588	thumb	AnimTask_SlackOffSquish_Step
0x080E4620	thumb	VBlankCB_MoveRelearner
0x080E4634	thumb	TeachMoveRelearnerMove
0x080E4660	thumb	Task_InitMoveRelearnerMenu
0x080E469C	thumb	MoveRelearnerLoadBgGfx
0x080E478C	thumb	CB2_MoveRelearner_Init
0x080E4800	thumb	CB2_MoveRelearner_Resume
0x080E4870	thumb	CB2_MoveRelearner
0x080E48C0	thumb	StringExpandPlaceholdersAndPrintTextOnWindow7Color2
0x080E48F4	thumb	MoveRelearnerStateMachine
0x080E4EF0	thumb	DrawTextBorderOnWindows6and7
0x080E4F0C	thumb	PrintTeachWhichMoveToStrVar1
0x080E4F54	thumb	InitMoveRelearnerStateVariables
0x080E4FAC	thumb	SpriteCB_ListMenuScrollIndicators
0x080E5004	thumb	SpawnListMenuScrollIndicatorSprites
0x080E50CC	thumb	MoveRelearnerInitListMenuBuffersEtc
0x080E5204	thumb	MoveRelearnerMenuHandleInput
0x080E5300	thumb	MoveLearnerInitListMenu
0x080E5340	thumb	PrintMoveInfo
0x080E5444	thumb	LoadMoveInfoUI
0x080E54C0	thumb	PrintMoveInfoHandleCancel_CopyToVram
0x080E553C	thumb	MoveRelearnerMenu_MoveCursorFunc
0x080E5574	thumb	YesNoMenuProcessInput
0x080E559C	thumb	PrintTextOnWindow
0x080E5684	thumb	SetUpFieldMove_SoftBoiled
0x080E56DC	thumb	ChooseMonForSoftboiled
0x080E5724	thumb	Task_TryUseSoftboiledOnPartyMon
0x080E57E8	thumb	Task_SoftboiledRestoreHealth
0x080E583C	thumb	Task_DisplayHPRestoredMessage
0x080E58A0	thumb	Task_FinishSoftboiled
0x080E5900	thumb	Task_ChooseNewMonForSoftboiled
0x080E5934	thumb	CantUseSoftboiledOnMon
0x080E5970	thumb	BattleTowerMapScript2
0x080E5A38	thumb	ResetBattleTowerStreak
0x080E5A70	thumb	ShouldBattleEReaderTrainer
0x080E5B14	thumb	ChooseSpecialBattleTowerTrainer
0x080E5C28	thumb	ChooseNextBattleTowerTrainer
0x080E5E5C	thumb	SetBattleTowerTrainerGfxId
0x080E5E70	thumb	SetEReaderTrainerGfxId
0x080E5E7C	thumb	UpdateOrInsertReceivedBattleTowerRecord
0x080E6078	thumb	GetBattleTowerTrainerFrontSpriteId
0x080E60E4	thumb	GetBattleTowerTrainerClassNameId
0x080E6150	thumb	GetBattleTowerTrainerName
0x080E61DC	thumb	FillBattleTowerTrainerParty
0x080E64C0	thumb	AppendBattleTowerBannedSpeciesName
0x080E6564	thumb	CheckMonBattleTowerBanlist
0x080E6648	thumb	CheckPartyBattleTowerBanlist
0x080E678C	thumb	BufferBattleTowerTrainerMessage
0x080E67FC	thumb	PrintBattleTowerTrainerGreeting
0x080E6854	thumb	CB2_FinishEReaderBattle
0x080E68C4	thumb	Task_WaitBT
0x080E6900	thumb	StartSpecialBattle
0x080E6A0C	thumb	SetBattleTowerProperty
0x080E6C8C	thumb	BattleTowerUtil
0x080E6E14	thumb	SetBattleTowerParty
0x080E6E48	thumb	SaveCurrentWinStreak
0x080E6EE0	thumb	SetPlayerBattleTowerRecord
0x080E6FB8	thumb	SaveBattleTowerProgress
0x080E7058	thumb	BattleTower_SoftReset
0x080E7064	thumb	ValidateBattleTowerRecordChecksums
0x080E70F4	thumb	SetBattleTowerRecordChecksum
0x080E7118	thumb	ClearBattleTowerRecord
0x080E712C	thumb	PopulateBravoTrainerBattleTowerLostData
0x080E7188	thumb	GetCurrentBattleTowerWinStreak
0x080E71D0	thumb	DetermineBattleTowerPrize
0x080E724C	thumb	GiveBattleTowerPrize
0x080E72B8	thumb	AwardBattleTowerRibbons
0x080E7348	thumb	Debug_FillEReaderTrainerWithPlayerData
0x080E7420	thumb	GetEreaderTrainerFrontSpriteId
0x080E7440	thumb	GetEreaderTrainerClassId
0x080E7460	thumb	CopyEReaderTrainerName5
0x080E7490	thumb	ValidateEReaderTrainer
0x080E7500	thumb	SetEReaderTrainerChecksum
0x080E7524	thumb	ClearEReaderTrainer
0x080E7538	thumb	BufferEReaderTrainerGreeting
0x080E7550	thumb	PrintEReaderTrainerFarewellMessage
0x080E759C	thumb	Dummy_TryEnableBravoTrainerBattleTower
0x080E75AC	thumb	OakOldManDummy
0x080E75B0	thumb	SetControllerToOakOrOldMan
0x080E75EC	thumb	OakOldManBufferRunCommand
0x080E763C	thumb	HandleInputChooseAction
0x080E7844	thumb	SimulateInputChooseAction
0x080E78E0	thumb	CompleteOnBattlerSpriteCallbackDummy
0x080E7918	thumb	CompleteOnInactiveTextPrinter
0x080E7930	thumb	OakOldManSetBattleEndCallbacks
0x080E7970	thumb	CompleteOnSpecialAnimDone
0x080E7988	thumb	OakOldManHandleInputChooseMove
0x080E79B8	thumb	OpenPartyMenuToChooseMon
0x080E7A14	thumb	WaitForMonSelection
0x080E7A70	thumb	OpenBagAndChooseItem
0x080E7AC4	thumb	CompleteWhenChoseItem
0x080E7B4C	thumb	Intro_TryShinyAnimShowHealthbox
0x080E7CD8	thumb	Intro_WaitForShinyAnimAndHealthbox
0x080E7E04	thumb	Task_GiveExpToMon
0x080E7F7C	thumb	Task_PrepareToGiveExpWithExpBar
0x080E804C	thumb	Task_GiveExpWithExpBar
0x080E8190	thumb	Task_LaunchLvlUpAnim
0x080E81F0	thumb	Task_UpdateLvlInHealthbox
0x080E82A8	thumb	DestroyExpTaskAndCompleteOnInactiveTextPrinter
0x080E82F4	thumb	FreeMonSpriteAfterFaintAnim
0x080E835C	thumb	PrintOakText_ForPetesSake
0x080E8570	thumb	PrintOakText_InflictingDamageIsKey
0x080E8584	thumb	PrintOakText_LoweringStats
0x080E8598	thumb	PrintOakText_OakNoRunningFromATrainer
0x080E85AC	thumb	PrintOakText_WinEarnsPrizeMoney
0x080E85C0	thumb	PrintOakText_HowDisappointing
0x080E85D4	thumb	PrintOakTextWithMainBgDarkened
0x080E8704	thumb	PrintOakText_KeepAnEyeOnHP
0x080E88C0	thumb	CompleteOnHealthbarDone
0x080E8930	thumb	CompleteOnInactiveTextPrinter2
0x080E8948	thumb	DoHitAnimBlinkSpriteEffect
0x080E89C4	thumb	DoSwitchOutAnimation
0x080E8A34	thumb	CompleteOnBattlerSpriteCallbackDummy2
0x080E8A6C	thumb	CompleteOnFinishedBattleAnimation
0x080E8A9C	thumb	OakOldManBufferExecCompleted
0x080E8B14	thumb	CompleteOnFinishedStatusAnimation
0x080E8B44	thumb	OakOldManHandleGetMonData
0x080E8BB8	thumb	CopyOakOldManMonData
0x080E9364	thumb	OakOldManHandleGetRawMonData
0x080E9370	thumb	OakOldManHandleSetMonData
0x080E93C8	thumb	SetOakOldManMonData
0x080E9DC4	thumb	OakOldManHandleSetRawMonData
0x080E9DD0	thumb	OakOldManHandleLoadMonSprite
0x080E9DDC	thumb	OakOldManHandleSwitchInAnim
0x080E9DE8	thumb	OakOldManHandleReturnMonToBall
0x080E9E6C	thumb	OakOldManHandleDrawTrainerPic
0x080E9FB0	thumb	OakOldManHandleTrainerSlide
0x080EA0F4	thumb	OakOldManHandleTrainerSlideBack
0x080EA100	thumb	OakOldManHandleFaintAnimation
0x080EA1EC	thumb	OakOldManHandlePaletteFade
0x080EA1F8	thumb	OakOldManHandleSuccessBallThrowAnim
0x080EA24C	thumb	OakOldManHandleBallThrowAnim
0x080EA2AC	thumb	OakOldManHandlePause
0x080EA2B8	thumb	OakOldManHandleMoveAnimation
0x080EA3E0	thumb	OakOldManDoMoveAnimation
0x080EA52C	thumb	OakOldManHandlePrintString
0x080EA66C	thumb	OakOldManHandlePrintSelectionString
0x080EA690	thumb	HandleChooseActionAfterDma3
0x080EA6FC	thumb	OakOldManHandleChooseAction
0x080EA78C	thumb	OakOldManHandleUnknownYesNoBox
0x080EA798	thumb	OakHandleChooseMove_WaitDma3
0x080EA7DC	thumb	OakOldManHandleChooseMove
0x080EA870	thumb	OakOldManHandleChooseItem
0x080EA8D4	thumb	OakOldManHandleChoosePokemon
0x080EA9AC	thumb	OakOldManHandleCmd23
0x080EA9B8	thumb	OakOldManHandleHealthBarUpdate
0x080EAAB8	thumb	OakOldManHandleExpUpdate
0x080EAB54	thumb	OakOldManHandleStatusIconUpdate
0x080EAB60	thumb	OakOldManHandleStatusAnimation
0x080EAB6C	thumb	OakOldManHandleStatusXor
0x080EAB78	thumb	OakOldManHandleDataTransfer
0x080EAB84	thumb	OakOldManHandleDMA3Transfer
0x080EAB90	thumb	OakOldManHandlePlayBGM
0x080EAB9C	thumb	OakOldManHandleCmd32
0x080EABA8	thumb	OakOldManHandleTwoReturnValues
0x080EABB4	thumb	OakOldManHandleChosenMonReturnValue
0x080EABC0	thumb	OakOldManHandleOneReturnValue
0x080EABCC	thumb	OakOldManHandleOneReturnValue_Duplicate
0x080EABD8	thumb	OakOldManHandleCmd37
0x080EABE4	thumb	OakOldManHandleCmd38
0x080EABF0	thumb	OakOldManHandleCmd39
0x080EABFC	thumb	OakOldManHandleCmd40
0x080EAC08	thumb	OakOldManHandleHitAnimation
0x080EAC78	thumb	OakOldManHandleCmd42
0x080EAC84	thumb	OakOldManHandlePlaySE
0x080EACB4	thumb	OakOldManHandlePlayFanfare
0x080EACE4	thumb	OakOldManHandleFaintingCry
0x080EAD20	thumb	OakOldManHandleIntroSlide
0x080EAD54	thumb	OakOldManHandleIntroTrainerBallThrow
0x080EAF34	thumb	StartSendOutAnim
0x080EB0A8	thumb	Task_StartSendOutAnim
0x080EB11C	thumb	OakOldManHandleDrawPartyStatusSummary
0x080EB1A0	thumb	OakOldManHandleHidePartyStatusSummary
0x080EB1AC	thumb	OakOldManHandleEndBounceEffect
0x080EB1D0	thumb	OakOldManHandleSpriteInvisibility
0x080EB1DC	thumb	OakOldManHandleBattleAnimation
0x080EB238	thumb	OakOldManHandleLinkStandbyMsg
0x080EB274	thumb	OakOldManHandleResetActionMoveSelection
0x080EB280	thumb	OakOldManHandleCmd55
0x080EB2DC	thumb	OakOldManCmdEnd
0x080EB2E0	thumb	BtlCtrl_OakOldMan_TestState2Flag
0x080EB2F4	thumb	BtlCtrl_OakOldMan_SetState2Flag
0x080EB30C	thumb	BtlCtrl_DrawVoiceoverMessageFrame
0x080EB524	thumb	BtlCtrl_RemoveVoiceoverMessageFrame
0x080EB658	thumb	NewGameInitPCItems
0x080EB6AC	thumb	BedroomPC
0x080EB6FC	thumb	PlayerPC
0x080EB74C	thumb	Task_DrawPlayerPcTopMenu
0x080EB81C	thumb	Task_TopMenuHandleInput
0x080EB8BC	thumb	Task_ReturnToTopMenu
0x080EB8E4	thumb	Task_PlayerPcItemStorage
0x080EB910	thumb	Task_PlayerPcMailbox
0x080EB9B8	thumb	Task_PlayerPcTurnOff
0x080EB9E8	thumb	Task_CreateItemStorageSubmenu
0x080EBA8C	thumb	PrintStringOnWindow0WithDialogueFrame
0x080EBAB8	thumb	Task_TopMenu_ItemStorageSubmenu_HandleInput
0x080EBB70	thumb	Task_DepositItem_WaitFadeAndGoToBag
0x080EBBB4	thumb	Task_PlayerPcDepositItem
0x080EBBDC	thumb	Task_ReturnToItemStorageSubmenu
0x080EBC0C	thumb	CB2_ReturnFromDepositMenu
0x080EBC38	thumb	Task_PlayerPcWithdrawItem
0x080EBCAC	thumb	CB2_ReturnFromWithdrawMenu
0x080EBCD8	thumb	Task_WithdrawItem_WaitFadeAndGoToItemStorage
0x080EBD18	thumb	Task_WithdrawItemBeginFade
0x080EBD48	thumb	Task_PlayerPcCancel
0x080EBD88	thumb	Task_SetPageItemVars
0x080EBDC8	thumb	CountPCMail
0x080EBE04	thumb	PCMailCompaction
0x080EBEB0	thumb	Task_DrawMailboxPcMenu
0x080EBF40	thumb	Task_MailboxPcHandleInput
0x080EBFFC	thumb	Task_PrintWhatToDoWithSelectedMail
0x080EC094	thumb	Task_DestroyMailboxPcViewAndCancel
0x080EC0D8	thumb	Task_DrawMailSubmenu
0x080EC15C	thumb	Task_MailSubmenuHandleInput
0x080EC1A8	thumb	Task_PlayerPcReadMail
0x080EC1D4	thumb	Task_WaitFadeAndReadSelectedMail
0x080EC230	thumb	Task_WaitFadeAndReturnToMailboxPcInputHandler
0x080EC260	thumb	CB2_ReturnToMailbox
0x080EC2C0	thumb	CB2_SetCbToReturnToMailbox
0x080EC2E0	thumb	Task_PlayerPcMoveMailToBag
0x080EC2FC	thumb	Task_DrawYesNoMenuToConfirmMoveToBag
0x080EC324	thumb	Task_MoveToBagYesNoMenuHandleInput
0x080EC364	thumb	Task_TryPutMailInBag_DestroyMsgIfSuccessful
0x080EC3F8	thumb	Task_DeclinedMoveMailToBag
0x080EC408	thumb	Task_PlayerPcGiveMailToMon
0x080EC444	thumb	Task_WaitFadeAndGoToPartyMenu
0x080EC474	thumb	CB2_ReturnToMailboxPc_UpdateScrollVariables
0x080EC500	thumb	Mailbox_ReturnToMailListAfterDeposit
0x080EC520	thumb	Task_Error_NoPokemon
0x080EC53C	thumb	Task_RedrawPlayerPcMailboxAndSetUpInputHandler
0x080EC574	thumb	Task_PlayerPcExitMailSubmenu
0x080EC5A4	thumb	VBlankCB_Copyright
0x080EC5B8	thumb	CB2_WaitFadeBeforeSetUpIntro
0x080EC5D4	thumb	LoadCopyrightGraphics
0x080EC61C	thumb	SerialCB_CopyrightScreen
0x080EC62C	thumb	SetUpCopyrightScreen
0x080EC820	thumb	CB2_InitCopyrightScreenAfterBootup
0x080EC864	thumb	CB2_InitCopyrightScreenAfterTitleScreen
0x080EC870	thumb	CB2_SetUpIntro
0x080EC9D4	thumb	CB2_Intro
0x080EC9EC	thumb	VBlankCB_Intro
0x080ECA00	thumb	Intro_ResetGpuRegs
0x080ECA70	thumb	StartIntroSequence
0x080ECAA8	thumb	SetIntroCB
0x080ECAB0	thumb	Task_CallIntroCallback
0x080ECAF0	thumb	IntroCB_Init
0x080ECB98	thumb	IntroCB_GF_OpenWindow
0x080ECC3C	thumb	IntroCB_GF_Star
0x080ECCA8	thumb	IntroCB_GF_RevealName
0x080ECD60	thumb	IntroCB_GF_RevealLogo
0x080ECEA4	thumb	IntroCB_Scene1
0x080ED0AC	thumb	Scene1_Task_AnimateGrass
0x080ED118	thumb	Scene1_StartGrassScrolling
0x080ED140	thumb	Scene1_Task_BgZoom
0x080ED188	thumb	IntroCB_Scene2
0x080ED40C	thumb	Scene2_Task_PanForest
0x080ED428	thumb	Scene2_Task_PanMons
0x080ED444	thumb	Scene2_CreateMonSprites
0x080ED4A0	thumb	Scene2_DestroyMonSprites
0x080ED4C0	thumb	IntroCB_Scene3_Entrance
0x080ED69C	thumb	Scene3_Task_BgScroll
0x080ED6D8	thumb	Scene3_StartBgScroll
0x080ED6EC	thumb	Scene3_SlowBgScroll
0x080ED714	thumb	Scene3_Task_GengarBounce
0x080ED760	thumb	Scene3_PauseGengarBounce
0x080ED788	thumb	Scene3_ResumeGengarBounce
0x080ED7B0	thumb	Scene3_IsGengarMidBounce
0x080ED7D4	thumb	Scene3_CreateGrassSprite
0x080ED818	thumb	SpriteCB_Grass
0x080ED898	thumb	IntroCB_Scene3_Fight
0x080EDAD8	thumb	Scene3_CalcCenterToCornerVec
0x080EDAF0	thumb	Scene3_CreateGengarSprite
0x080EDB70	thumb	Scene3_NidorinoZoom
0x080EDBA8	thumb	SpriteCB_Idle
0x080EDBAC	thumb	Scene3_GengarZoom
0x080EDBE8	thumb	IntroCB_ExitToTitleScreen
0x080EDC40	thumb	GFScene_LoadGfxCreateStar
0x080EDD28	thumb	GFScene_CreateStarSparkle
0x080EDDF0	thumb	GFScene_StartNameSparklesSmall
0x080EDE04	thumb	GFScene_Task_NameSparklesSmall
0x080EDED8	thumb	GFScene_StartNameSparklesBig
0x080EDEEC	thumb	GFScene_Task_NameSparklesBig
0x080EDF68	thumb	GFScene_CreateLogoSprite
0x080EDF94	thumb	Scene3_StartGengarAttack
0x080EDFD8	thumb	Scene3_ApplyGengarAnim
0x080EE024	thumb	Scene3_Task_GengarAttack
0x080EE160	thumb	Scene3_CreateGengarSwipeSprites
0x080EE1C4	thumb	SpriteCB_GengarSwipe
0x080EE200	thumb	Scene3_Task_GengarEnter
0x080EE29C	thumb	SpriteCB_Star
0x080EE350	thumb	SpriteCB_SparklesSmall_Star
0x080EE40C	thumb	SpriteCB_SparklesSmall_Name
0x080EE4DC	thumb	SpriteCB_SparklesBig
0x080EE4F8	thumb	Scene3_CreateNidorinoSprite
0x080EE528	thumb	Scene3_StartNidorinoEntrance
0x080EE580	thumb	Scene3_SpriteCB_NidorinoEnter
0x080EE5C8	thumb	Scene3_IsNidorinoEntering
0x080EE5E4	thumb	Scene3_StartNidorinoCry
0x080EE610	thumb	SpriteCB_NidorinoCry
0x080EE6A4	thumb	Scene3_StartNidorinoRecoil
0x080EE704	thumb	SpriteCB_NidorinoRecoil
0x080EE850	thumb	Scene3_NidorinoAnimIsRunning
0x080EE864	thumb	CreateNidorinoRecoilDustSprites
0x080EE8E4	thumb	SpriteCB_RecoilDust
0x080EE970	thumb	Scene3_StartNidorinoHop
0x080EE9D4	thumb	SpriteCB_NidorinoHop
0x080EEA94	thumb	Scene3_StartNidorinoAttack
0x080EEB08	thumb	SpriteCB_NidorinoAttack
0x080EEBE4	thumb	LoadFightSceneSpriteGraphics
0x080EEC0C	thumb	AnimTask_LevelUpHealthBox
0x080EEDF4	thumb	AnimTask_UnusedLevelUpHealthBox_Step
0x080EEFC8	thumb	DoLoadHealthboxPalsForLevelUp
0x080EF0B4	thumb	AnimTask_LoadHealthboxPalsForLevelUp
0x080EF0E0	thumb	DoFreeHealthboxPalsForLevelUp
0x080EF180	thumb	AnimTask_FreeHealthboxPalsForLevelUp
0x080EF1A0	thumb	AnimTask_FlashHealthboxOnLevelUp
0x080EF1CC	thumb	AnimTask_FlashHealthboxOnLevelUp_Step
0x080EF298	thumb	AnimTask_SwitchOutShrinkMon
0x080EF344	thumb	AnimTask_SwitchOutBallEffect
0x080EF490	thumb	AnimTask_LoadBallGfx
0x080EF4B8	thumb	AnimTask_FreeBallGfx
0x080EF4E0	thumb	AnimTask_IsBallBlockedByTrainerOrDodged
0x080EF52C	thumb	ItemIdToBallId
0x080EF5AC	thumb	AnimTask_ThrowBall
0x080EF698	thumb	AnimTask_ThrowBall_WaitAnimObjComplete
0x080EF6D4	thumb	AnimTask_ThrowBallSpecial
0x080EF7EC	thumb	AnimTask_ThrowBallSpecial_PlaySfx
0x080EF864	thumb	AnimTask_ThrowBallSpecial_ResetPlayerSprite
0x080EF8C0	thumb	SpriteCB_ThrowBall_Init
0x080EF8F0	thumb	SpriteCB_ThrowBall_ArcFlight
0x080EF9B4	thumb	SpriteCB_ThrowBall_TenFrameDelay
0x080EFA0C	thumb	SpriteCB_ThrowBall_ShrinkMon
0x080EFB58	thumb	SpriteCB_ThrowBall_InitialFall
0x080EFB9C	thumb	SpriteCB_ThrowBall_Bounce
0x080EFCA0	thumb	SpriteCB_ThrowBall_InitShake
0x080EFCEC	thumb	SpriteCB_ThrowBall_DoShake
0x080EFF80	thumb	SpriteCB_ThrowBall_DelayThenBreakOut
0x080EFFA4	thumb	SpriteCB_ThrowBall_InitClick
0x080EFFC4	thumb	SpriteCB_ThrowBall_DoClick
0x080F00A4	thumb	SpriteCB_ThrowBall_FinishClick
0x080F018C	thumb	BattleAnimObj_SignalEnd
0x080F01B8	thumb	CreateStarsWhenBallClicks
0x080F0278	thumb	SpriteCB_BallCaptureSuccessStar
0x080F02B0	thumb	SpriteCB_ThrowBall_BeginBreakOut
0x080F0378	thumb	SpriteCB_ThrowBall_RunBreakOut
0x080F0478	thumb	TrainerBallBlock
0x080F04B4	thumb	TrainerBallBlock2
0x080F052C	thumb	GhostBallDodge
0x080F0574	thumb	GhostBallDodge2
0x080F05B4	thumb	LoadBallParticleGfx
0x080F05EC	thumb	AnimateBallOpenParticles
0x080F0674	thumb	IncrementBattleParticleCounter
0x080F06A4	thumb	PokeBallOpenParticleAnimation
0x080F07BC	thumb	PokeBallOpenParticleAnimation_Step1
0x080F07DC	thumb	PokeBallOpenParticleAnimation_Step2
0x080F0818	thumb	TimerBallOpenParticleAnimation
0x080F091C	thumb	DiveBallOpenParticleAnimation
0x080F0A20	thumb	SafariBallOpenParticleAnimation
0x080F0B20	thumb	UltraBallOpenParticleAnimation
0x080F0C28	thumb	GreatBallOpenParticleAnimation
0x080F0D5C	thumb	FanOutBallOpenParticles_Step1
0x080F0DB4	thumb	RepeatBallOpenParticleAnimation
0x080F0EB0	thumb	RepeatBallOpenParticleAnimation_Step1
0x080F0F10	thumb	MasterBallOpenParticleAnimation
0x080F103C	thumb	PremierBallOpenParticleAnimation
0x080F1134	thumb	PremierBallOpenParticleAnimation_Step1
0x080F1198	thumb	DestroyBallOpenAnimationParticle
0x080F1218	thumb	LaunchBallFadeMonTask
0x080F12E0	thumb	Task_FadeMon_ToBallColor
0x080F1370	thumb	Task_FadeMon_ToNormal
0x080F13C0	thumb	Task_FadeMon_ToNormal_Step
0x080F1420	thumb	AnimTask_SwapMonSpriteToFromSubstitute
0x080F15C8	thumb	AnimTask_SubstituteFadeToInvisible
0x080F16CC	thumb	AnimTask_IsAttackerBehindSubstitute
0x080F1700	thumb	AnimTask_SetTargetToEffectBattler
0x080F1720	thumb	TryShinyAnimation
0x080F181C	thumb	AnimTask_ShinySparkles
0x080F19E0	thumb	AnimTask_ShinySparkles_WaitSparkles
0x080F1A2C	thumb	SpriteCB_ShinySparkles_1
0x080F1A80	thumb	SpriteCB_ShinySparkles_2
0x080F1AE0	thumb	AnimTask_LoadBaitGfx
0x080F1B14	thumb	AnimTask_FreeBaitGfx
0x080F1B3C	thumb	SpriteCB_SafariBaitOrRock_Init
0x080F1BCC	thumb	SpriteCB_SafariBaitOrRock_WaitPlayerThrow
0x080F1C04	thumb	SpriteCB_SafariBaitOrRock_ArcFlight
0x080F1C30	thumb	SpriteCB_SafariBaitOrRock_Finish
0x080F1C8C	thumb	AnimTask_SafariOrGhost_DecideAnimSides
0x080F1CE4	thumb	AnimTask_SafariGetReaction
0x080F1D14	thumb	AnimTask_GetTrappedMoveAnimId
0x080F1D7C	thumb	AnimTask_GetBattlersFromArg
0x080F1DAC	thumb	VBlankCB_HofIdle
0x080F1DC0	thumb	CB2_HofIdle
0x080F1DDC	thumb	InitHallOfFameScreen
0x080F1EFC	thumb	CB2_DoHallOfFameScreen
0x080F1F40	thumb	CB2_DoHallOfFameScreenDontSaveData
0x080F1F74	thumb	Task_Hof_InitMonData
0x080F2114	thumb	Task_Hof_InitTeamSaveData
0x080F2220	thumb	Task_Hof_TrySaveData
0x080F2264	thumb	Task_Hof_DelayAfterSave
0x080F2294	thumb	Task_Hof_StartDisplayingMons
0x080F22B0	thumb	Task_Hof_DisplayMon
0x080F23A0	thumb	Task_Hof_PlayMonCryAndPrintInfo
0x080F2424	thumb	Task_Hof_TryDisplayAnotherMon
0x080F2514	thumb	Task_Hof_PaletteFadeAndPrintWelcomeText
0x080F25B0	thumb	Task_Hof_ApplauseAndConfetti
0x080F2694	thumb	Task_Hof_WaitBorderFadeAway
0x080F26D4	thumb	Task_Hof_SpawnPlayerPic
0x080F2760	thumb	Task_Hof_WaitAndPrintPlayerInfo
0x080F2804	thumb	Task_Hof_ExitOnKeyPressed
0x080F283C	thumb	Task_Hof_HandlePaletteOnExit
0x080F288C	thumb	Task_Hof_HandleExit
0x080F2934	thumb	SetWarpsToRollCredits
0x080F2978	thumb	CB2_InitHofPC
0x080F2AA4	thumb	Task_HofPC_CopySaveData
0x080F2B6C	thumb	Task_HofPC_DrawSpritesPrintText
0x080F2D60	thumb	Task_HofPC_PrintMonInfo
0x080F2E8C	thumb	Task_HofPC_HandleInput
0x080F2FEC	thumb	Task_HofPC_HandlePaletteOnExit
0x080F3030	thumb	Task_HofPC_HandleExit
0x080F30A4	thumb	Task_HofPC_PrintDataIsCorrupted
0x080F310C	thumb	Task_HofPC_ExitOnButtonPress
0x080F313C	thumb	HallOfFame_PrintWelcomeText
0x080F3194	thumb	HallOfFame_PrintMonInfo
0x080F33DC	thumb	HallOfFame_PrintPlayerInfo
0x080F3610	thumb	ClearVramOamPltt_LoadHofPal
0x080F36BC	thumb	HofInit_ResetGpuBuffersAndLoadConfettiGfx
0x080F36F8	thumb	Hof_InitBgs
0x080F3770	thumb	DrawHofBackground
0x080F386C	thumb	SpriteCB_EndGetOnScreen
0x080F3870	thumb	SpriteCB_GetOnScreen
0x080F38D8	thumb	SpriteCB_Confetti
0x080F3930	thumb	Hof_SpawnConfetti
0x080F39B4	thumb	DoCredits
0x080F39E8	thumb	CB2_Credits
0x080F3A74	thumb	SwitchWin1OffWin0On
0x080F3AA4	thumb	InitBgDarkenEffect
0x080F3AC4	thumb	CreateCreditsWindow
0x080F3B04	thumb	DestroyCreditsWindow
0x080F3B2C	thumb	DoOverworldMapScrollScene
0x080F3BD0	thumb	RollCredits
0x080F4190	thumb	VBlankCB
0x080F41A4	thumb	LoadCreditsMonPic
0x080F42F0	thumb	GetCreditsMonSpecies
0x080F4328	thumb	DoCreditsMonScene
0x080F4674	thumb	DoCopyrightOrTheEndGfxScene
0x080F47F8	thumb	Task_MovePlayerAndGroundSprites
0x080F48D0	thumb	DestroyPlayerOrRivalSprite
0x080F4930	thumb	LoadPlayerOrRivalSprite
0x080F4BFC	thumb	VBlankCB_Diploma
0x080F4C10	thumb	CB2_ShowDiploma
0x080F4C50	thumb	CB2_Diploma
0x080F4C68	thumb	Task_DiplomaInit
0x080F4D74	thumb	Task_HandleDiplomaInput
0x080F4DE0	thumb	Task_DiplomaExit
0x080F4E24	thumb	DiplomaReset
0x080F4E40	thumb	DiplomaInitScreen
0x080F4F9C	thumb	DiplomaLoadGfx
0x080F5018	thumb	DiplomaPrintText
0x080F50F4	thumb	SetNotInSaveFailedScreen
0x080F5100	thumb	DoSaveFailedScreen
0x080F5118	thumb	RunSaveFailedScreen
0x080F52EC	thumb	BlankPalettes
0x080F5318	thumb	RequestDmaCopyFromScreenBuffer
0x080F5334	thumb	RequestDmaCopyFromCharBuffer
0x080F5350	thumb	FillBgMapBufferRect
0x080F53CC	thumb	UpdateMapBufferWithText
0x080F53E8	thumb	ClearMapBuffer
0x080F5404	thumb	PrintTextOnSaveFailedScreen
0x080F5458	thumb	TryWipeDamagedSectors
0x080F54A0	thumb	VerifySectorWipe
0x080F54E0	thumb	WipeSector
0x080F5540	thumb	WipeDamagedSectors
0x080F5574	thumb	CB2_RunClearSaveDataScreen
0x080F558C	thumb	VBlankCB_WaitYesNo
0x080F55A0	thumb	CB2_SaveClearScreen_Init
0x080F55DC	thumb	Task_DrawClearSaveDataScreen
0x080F5708	thumb	Task_HandleYesNoMenu
0x080F579C	thumb	Task_CleanUpAndSoftReset
0x080F580C	thumb	CB2_Sub_SaveClearScreen_Init
0x080F5820	thumb	SaveClearScreen_GpuInit
0x080F594C	thumb	SpriteCallbackDummy_EvoSparkles
0x080F5950	thumb	SetEvoSparklesMatrices
0x080F5988	thumb	SpriteCB_PreEvoSparkleSet1
0x080F5A44	thumb	CreatePreEvoSparkleSet1
0x080F5AA0	thumb	SpriteCB_PreEvoSparkleSet2
0x080F5B14	thumb	CreatePreEvoSparkleSet2
0x080F5B7C	thumb	SpriteCB_PostEvoSparkleSet1
0x080F5BC4	thumb	CreatePostEvoSparkleSet1
0x080F5C2C	thumb	SpriteCB_PostEvoSparkleSet2
0x080F5CFC	thumb	CreatePostEvoSparkleSet2
0x080F5D84	thumb	LoadEvoSparkleSpriteAndPal
0x080F5DA0	thumb	EvolutionSparkles_SpiralUpward
0x080F5DD0	thumb	EvoTask_PreEvoSparkleSet1Init
0x080F5E20	thumb	EvoTask_CreatePreEvoSparkleSet1
0x080F5E90	thumb	EvoTask_WaitForPre1SparklesToGoUp
0x080F5EC0	thumb	EvolutionSparkles_ArcDown
0x080F5ED8	thumb	EvoTask_PreEvoSparkleSet2Init
0x080F5F0C	thumb	EvoTask_CreatePreEvoSparklesSet2
0x080F5F64	thumb	EvoTask_PreEvoSparkleSet2Teardown
0x080F5F74	thumb	EvolutionSparkles_CircleInward
0x080F5F8C	thumb	EvoTask_PostEvoSparklesSet1Init
0x080F5FC0	thumb	EvoTask_CreatePostEvoSparklesSet1
0x080F6040	thumb	EvoTask_PostEvoSparklesSet1Teardown
0x080F6050	thumb	EvolutionSparkles_SprayAndFlash
0x080F6080	thumb	EvoTask_PostEvoSparklesSet2Init
0x080F60E4	thumb	EvoTask_CreatePostEvoSparklesSet2
0x080F6170	thumb	EvoTask_PostEvoSparklesSet2Teardown
0x080F6190	thumb	EvolutionSparkles_SprayAndFlash_Trade
0x080F61C0	thumb	EvoTask_PostEvoSparklesSet2TradeInit
0x080F6224	thumb	EvoTask_CreatePostEvoSparklesSet2Trade
0x080F62B0	thumb	SpriteCallbackDummy_MonSprites
0x080F62B4	thumb	CycleEvolutionMonSprite
0x080F6400	thumb	EvoTask_PrePostEvoMonSpritesInit
0x080F6424	thumb	EvoTask_ChooseNextEvoSpriteAnim
0x080F6474	thumb	EvoTask_ShrinkOrExpandEvoSprites
0x080F6590	thumb	PreEvoInvisible_PostEvoVisible_KillTask
0x080F6640	thumb	PreEvoVisible_PostEvoInvisible_KillTask
0x080F66F0	thumb	SetUpFieldMove_Teleport
0x080F6730	thumb	FieldCallback_Teleport
0x080F6750	thumb	FldEff_UseTeleport
0x080F6780	thumb	StartTeleportFieldEffect
0x080F6790	thumb	ClearScheduledBgCopiesToVram
0x080F67A4	thumb	ScheduleBgCopyTilemapToVram
0x080F67B8	thumb	DoScheduledBgTilemapCopiesToVram
0x080F6808	thumb	ResetTempTileDataBuffers
0x080F682C	thumb	FreeTempTileDataBuffersIfPossible
0x080F6878	thumb	DecompressAndCopyTileDataToVram
0x080F68F0	thumb	DecompressAndCopyTileDataToVram2
0x080F696C	thumb	DecompressAndLoadBgGfxUsingHeap
0x080F69E8	thumb	DecompressAndLoadBgGfxUsingHeap2
0x080F6A64	thumb	TaskFreeBufAfterCopyingTileDataToVram
0x080F6AA0	thumb	MallocAndDecompress
0x080F6AD0	thumb	CopyDecompressedTileDataToVram
0x080F6B08	thumb	SetBgTilemapPalette
0x080F6B94	thumb	CopyToBufferFromBgTilemap
0x080F6C14	thumb	ResetBgPositions
0x080F6C6C	thumb	InitStandardTextBoxWindows
0x080F6C8C	thumb	FreeAllOverworldWindowBuffers
0x080F6C98	thumb	InitTextBoxGfxAndPrinters
0x080F6CBC	thumb	RunTextPrinters_CheckPrinter0Active
0x080F6CD0	thumb	AddTextPrinterParameterized2
0x080F6D5C	thumb	AddTextPrinterDiffStyle
0x080F6E08	thumb	AddTextPrinterForMessage
0x080F6E54	thumb	AddTextPrinterWithCustomSpeedForMessage
0x080F6E9C	thumb	LoadStdWindowFrameGfx
0x080F6EE4	thumb	DrawDialogueFrame
0x080F6F1C	thumb	DrawStdWindowFrame
0x080F6F54	thumb	ClearDialogWindowAndFrame
0x080F6F9C	thumb	ClearStdWindowAndFrame
0x080F6FD4	thumb	WindowFunc_DrawStandardFrame
0x080F7124	thumb	WindowFunc_DrawDialogueFrame
0x080F7684	thumb	WindowFunc_ClearStdWindowAndFrame
0x080F76CC	thumb	WindowFunc_ClearDialogWindowAndFrame
0x080F771C	thumb	EraseFieldMessageBox
0x080F7750	thumb	SetStdWindowBorderStyle
0x080F7768	thumb	LoadMessageBoxAndFrameGfx
0x080F77B8	thumb	Menu_LoadStdPal
0x080F77CC	thumb	Menu_LoadStdPalAt
0x080F77E4	thumb	GetStdMenuPalette
0x080F77EC	thumb	GetStdPalColor
0x080F7808	thumb	DisplayItemMessageOnField
0x080F7858	thumb	DisplayYesNoMenuDefaultYes
0x080F7880	thumb	DisplayYesNoMenuDefaultNo
0x080F78A8	thumb	GetTextSpeedSetting
0x080F78E0	thumb	CreateStartMenuWindow
0x080F793C	thumb	GetStartMenuWindowId
0x080F7948	thumb	RemoveStartMenuWindow
0x080F7964	thumb	GetDlgWindowBaseTileNum
0x080F796C	thumb	GetStdWindowBaseTileNum
0x080F7974	thumb	DrawHelpMessageWindowWithText
0x080F7998	thumb	DestroyHelpMessageWindow_
0x080F79A4	thumb	LoadSignpostWindowFrameGfx
0x080F79C8	thumb	SetDefaultFontsPointer
0x080F79D8	thumb	GetFontAttribute
0x080F7AC0	thumb	GetMenuCursorDimensionByFont
0x080F7AD8	thumb	TilemapUtil_Init
0x080F7B2C	thumb	TilemapUtil_Free
0x080F7B40	thumb	TilemapUtil_UpdateAll
0x080F7B80	thumb	TilemapUtil_SetTilemap
0x080F7C7C	thumb	TilemapUtil_SetSavedMap
0x080F7CAC	thumb	TilemapUtil_SetPos
0x080F7CE8	thumb	TilemapUtil_SetRect
0x080F7D30	thumb	TilemapUtil_Move
0x080F7E54	thumb	TilemapUtil_Update
0x080F7E9C	thumb	TilemapUtil_DrawPrev
0x080F7F34	thumb	TilemapUtil_Draw
0x080F7FCC	thumb	SaveStatToString
0x080F80E4	thumb	GetMapPreviewScreenIdx
0x080F8110	thumb	MapHasPreviewScreen
0x080F8154	thumb	MapHasPreviewScreen_HandleQLState2
0x080F8180	thumb	MapPreview_InitBgs
0x080F819C	thumb	MapPreview_LoadGfx
0x080F8234	thumb	MapPreview_Unload
0x080F8258	thumb	MapPreview_IsGfxLoadFinished
0x080F8268	thumb	MapPreview_StartForestTransition
0x080F8318	thumb	MapPreview_CreateMapNameWindow
0x080F83B0	thumb	ForestMapPreviewScreenIsRunning
0x080F83D0	thumb	Task_RunMapPreviewScreenForest
0x080F8544	thumb	GetDungeonMapPreviewScreenInfo
0x080F856C	thumb	MapPreview_GetDuration
0x080F85BC	thumb	MapPreview_SetFlag
0x080F85F0	thumb	Debug_PrintString
0x080F85F4	thumb	Debug_PrintNum
0x080F85F8	thumb	ResetLinkRfuGFLayer
0x080F86C4	thumb	InitRFU
0x080F86F4	thumb	InitRFUAPI
0x080F8738	thumb	Task_ParentSearchForChildren
0x080F886C	thumb	Rfu_GetIndexOfNewestChild
0x080F887C	thumb	SetLinkPlayerIdsFromSlots
0x080F893C	thumb	Task_ChildSearchForParent
0x080F8AA4	thumb	InitChildRecvBuffers
0x080F8AEC	thumb	InitParentSendData
0x080F8B34	thumb	Task_UnionRoomListen
0x080F8CFC	thumb	LinkRfu_CreateConnectionAsParent
0x080F8D14	thumb	LinkRfu_StopManagerBeforeEnteringChat
0x080F8D20	thumb	MscCallback_Child
0x080F8DA8	thumb	MSCCallback_Parent
0x080F8DC0	thumb	LinkRfu_Shutdown
0x080F8E74	thumb	CreateTask_ParentSearchForChildren
0x080F8EA4	thumb	CanTryReconnectParent
0x080F8ECC	thumb	TryReconnectParent
0x080F8F10	thumb	CreateTask_ChildSearchForParent
0x080F8F40	thumb	LmanAcceptSlotFlagIsNotZero
0x080F8F5C	thumb	LinkRfu_StopManagerAndFinalizeSlots
0x080F8F7C	thumb	WaitRfuState
0x080F8FA0	thumb	StopUnionRoomLinkManager
0x080F8FAC	thumb	ReadySendDataForSlots
0x080F8FD4	thumb	ReadAllPlayerRecvCmds
0x080F9038	thumb	MoveSendCmdToRecv
0x080F906C	thumb	UpdateBackupQueue
0x080F90DC	thumb	IsRfuRecvQueueEmpty
0x080F911C	thumb	RfuMain1_Parent
0x080F9204	thumb	RfuMain2_Parent
0x080F94BC	thumb	ChildBuildSendCmd
0x080F9514	thumb	RfuMain1_Child
0x080F965C	thumb	HandleSendFailure
0x080F9720	thumb	Rfu_SetBlockReceivedFlag
0x080F974C	thumb	Rfu_ResetBlockReceivedFlag
0x080F9770	thumb	LoadLinkPlayerIds
0x080F97B8	thumb	SendKeysToRfu
0x080F9800	thumb	GetHostRfuGameData
0x080F9808	thumb	IsSendingKeysToRfu
0x080F9828	thumb	StartSendingKeysToRfu
0x080F985C	thumb	ClearLinkRfuCallback
0x080F9868	thumb	RfuHandleReceiveCommand
0x080F9C50	thumb	AreAllPlayersReadyToReceive
0x080F9C78	thumb	AreAllPlayersFinishedReceiving
0x080F9CB4	thumb	ResetSendDataManager
0x080F9CC8	thumb	Rfu_GetBlockReceivedStatus
0x080F9D04	thumb	RfuPrepareSendBuffer
0x080F9E2C	thumb	Rfu_SendPacket
0x080F9E60	thumb	Rfu_InitBlockSend
0x080F9F44	thumb	HandleBlockSend
0x080F9FA8	thumb	SendNextBlock
0x080FA020	thumb	SendLastBlock
0x080FA0F8	thumb	Rfu_SendBlockRequest
0x080FA114	thumb	RfuShutdownAfterDisconnect
0x080FA140	thumb	DisconnectRfu
0x080FA160	thumb	TryDisconnectRfu
0x080FA190	thumb	LinkRfu_FatalError
0x080FA1C4	thumb	WaitAllReadyToCloseLink
0x080FA224	thumb	SendReadyCloseLink
0x080FA25C	thumb	Task_TryReadyCloseLink
0x080FA28C	thumb	Rfu_SetCloseLinkCallback
0x080FA2B0	thumb	SendReadyExitStandbyUntilAllReady
0x080FA350	thumb	LinkLeaderReadyToExitStandby
0x080FA388	thumb	Rfu_LinkStandby
0x080FA42C	thumb	Rfu_SetLinkStandbyCallback
0x080FA44C	thumb	IsRfuSerialNumberValid
0x080FA484	thumb	Rfu_SetLinkRecovery
0x080FA4A8	thumb	Rfu_StopPartnerSearch
0x080FA4C8	thumb	Rfu_GetMultiplayerId
0x080FA4EC	thumb	Rfu_GetLinkPlayerCount
0x080FA4F8	thumb	IsLinkRfuTaskFinished
0x080FA510	thumb	CallRfuFunc
0x080FA528	thumb	CheckForLeavingGroupMembers
0x080FA5D4	thumb	RfuTryDisconnectLeavingChildren
0x080FA634	thumb	HasTrainerLeftPartnersList
0x080FA670	thumb	SendRfuStatusToPartner
0x080FA6BC	thumb	SendLeaveGroupNotice
0x080FA6FC	thumb	WaitSendRfuStatusToPartner
0x080FA738	thumb	UpdateChildStatuses
0x080FA788	thumb	GetJoinGroupStatus
0x080FA834	thumb	Task_PlayerExchange
0x080FA9D0	thumb	ClearSelectedLinkPlayerIds
0x080FA9FC	thumb	ReceiveRfuLinkPlayers
0x080FAA58	thumb	ValidateAndReceivePokemonSioInfo
0x080FAA94	thumb	Task_PlayerExchangeUpdate
0x080FACF0	thumb	Task_PlayerExchangeChat
0x080FAD98	thumb	RfuCheckErrorStatus
0x080FAE74	thumb	RfuMain1_UnionRoom
0x080FAE94	thumb	RfuMain1
0x080FAEF0	thumb	RfuMain2
0x080FAF1C	thumb	SetHostRfuUsername
0x080FAF34	thumb	ResetHostRfuGameData
0x080FAF58	thumb	SetHostRfuGameData
0x080FAF74	thumb	SetHostRfuWonderFlags
0x080FAFA0	thumb	SetTradeBoardRegisteredMonInfo
0x080FAFE0	thumb	UpdateGameData_GroupLockedIn
0x080FB008	thumb	UpdateGameData_SetActivity
0x080FB030	thumb	SetUnionRoomChatPlayerData
0x080FB0E8	thumb	RfuSetErrorParams
0x080FB118	thumb	ResetErrorState
0x080FB128	thumb	RfuSetIgnoreError
0x080FB154	thumb	DisconnectNewChild
0x080FB174	thumb	StartDisconnectNewChild
0x080FB184	thumb	LinkManagerCB_Parent
0x080FB37C	thumb	LinkManagerCB_Child
0x080FB564	thumb	ParentResetChildRecvMetadata
0x080FB5A0	thumb	GetNewChildrenInUnionRoomChat
0x080FB5EC	thumb	LinkManagerCB_UnionRoom
0x080FB9D0	thumb	RfuSetNormalDisconnectMode
0x080FB9E4	thumb	RfuSetStatus
0x080FB9F4	thumb	RfuGetStatus
0x080FBA00	thumb	RfuHasErrored
0x080FBA1C	thumb	Rfu_IsPlayerExchangeActive
0x080FBA2C	thumb	Rfu_IsMaster
0x080FBA38	thumb	RfuVSync
0x080FBA44	thumb	ClearRecvCommands
0x080FBA64	thumb	VBlank_RfuIdle
0x080FBA78	thumb	Debug_RfuIdle
0x080FBB0C	thumb	IsUnionRoomListenTaskActive
0x080FBB20	thumb	CreateTask_RfuIdle
0x080FBB4C	thumb	DestroyTask_RfuIdle
0x080FBB74	thumb	CB2_RfuIdle
0x080FBB8C	thumb	InitializeRfuLinkManager_LinkLeader
0x080FBBD8	thumb	InitializeRfuLinkManager_JoinGroup
0x080FBC00	thumb	InitializeRfuLinkManager_EnterUnionRoom
0x080FBC64	thumb	ReadU16
0x080FBC70	thumb	GetPartnerIndexByNameAndTrainerID
0x080FBCF8	thumb	RfuReqDisconnectSlot
0x080FBD4C	thumb	RequestDisconnectSlotByTrainerNameAndId
0x080FBD6C	thumb	Rfu_DisconnectPlayerById
0x080FBDB8	thumb	Task_SendDisconnectCommand
0x080FBE20	thumb	SendDisconnectCommand
0x080FBE80	thumb	Task_RfuReconnectWithParent
0x080FBF54	thumb	CreateTask_RfuReconnectWithParent
0x080FBF98	thumb	IsPartnerActivityIncompatible
0x080FC028	thumb	Task_TryConnectToUnionRoomParent
0x080FC114	thumb	TryConnectToUnionRoomParent
0x080FC1B0	thumb	IsRfuRecoveringFromLinkLoss
0x080FC1CC	thumb	IsRfuCommunicatingWithAllChildren
0x080FC208	thumb	Debug_PrintEmpty
0x080FC228	thumb	Debug_PrintStatus
0x080FC44C	thumb	GetRfuSendQueueLength
0x080FC460	thumb	GetRfuRecvQueueLength
0x080FC474	thumb	Task_Idle
0x080FC478	thumb	RfuRecvQueue_Reset
0x080FC4D4	thumb	RfuSendQueue_Reset
0x080FC530	thumb	RfuUnusedQueue_Reset
0x080FC588	thumb	RfuRecvQueue_Enqueue
0x080FC63C	thumb	RfuSendQueue_Enqueue
0x080FC6E8	thumb	RfuRecvQueue_Dequeue
0x080FC79C	thumb	RfuSendQueue_Dequeue
0x080FC828	thumb	RfuBackupQueue_Enqueue
0x080FC888	thumb	RfuBackupQueue_Dequeue
0x080FC8D8	thumb	RfuUnusedQueue_Dequeue
0x080FC944	thumb	RfuUnusedQueue_Enqueue
0x080FC9B8	thumb	PopulateArrayWithSequence
0x080FCA74	thumb	PkmnStrToASCII
0x080FCAA8	thumb	ASCIIToPkmnStr
0x080FCADC	thumb	GetConnectedChildStrength
0x080FCB54	thumb	InitHostRfuGameData
0x080FCC3C	thumb	Rfu_GetCompatiblePlayerData
0x080FCCF4	thumb	Rfu_GetWonderDistributorPlayerData
0x080FCD50	thumb	CopyHostRfuGameDataAndUsername
0x080FCD74	thumb	CreateWirelessStatusIndicatorSprite
0x080FCE44	thumb	DestroyWirelessStatusIndicatorSprite
0x080FCEA8	thumb	LoadWirelessStatusIndicatorSpriteGfx
0x080FCEE4	thumb	GetParentSignalStrength
0x080FCF1C	thumb	SetAndRestartWirelessStatusIndicatorAnim
0x080FCF34	thumb	UpdateWirelessStatusIndicatorSprite
0x080FD138	thumb	CopyTrainerRecord
0x080FD16C	thumb	ZeroName
0x080FD180	thumb	NameIsEmpty
0x080FD1A0	thumb	SaveLinkTrainerNames
0x080FD338	thumb	PlayerHasMetTrainerBefore
0x080FD3A4	thumb	rfu_LMAN_REQBN_softReset_and_checkID
0x080FD3F0	thumb	rfu_LMAN_REQ_sendData
0x080FD430	thumb	rfu_LMAN_initializeManager
0x080FD484	thumb	rfu_LMAN_endManager
0x080FD4B0	thumb	rfu_LMAN_initializeRFU
0x080FD4E4	thumb	rfu_LMAN_clearVariables
0x080FD52C	thumb	rfu_LMAN_powerDownRFU
0x080FD538	thumb	rfu_LMAN_establishConnection
0x080FD610	thumb	rfu_LMAN_CHILD_connectParent
0x080FD6F4	thumb	rfu_LMAN_PARENT_stopWaitLinkRecoveryAndDisconnect
0x080FD760	thumb	rfu_LMAN_stopManager
0x080FD850	thumb	rfu_LMAN_linkWatcher
0x080FDA14	thumb	rfu_LMAN_syncVBlank
0x080FDA30	thumb	rfu_LMAN_manager_entity
0x080FDC28	thumb	rfu_LMAN_settingPCSWITCH
0x080FDC98	thumb	rfu_LMAN_REQ_callback
0x080FE394	thumb	rfu_LMAN_MSC_callback
0x080FE418	thumb	rfu_LMAN_PARENT_checkRecvChildName
0x080FE63C	thumb	rfu_LMAN_CHILD_checkSendChildName
0x080FE6F0	thumb	rfu_LMAN_CHILD_checkSendChildName2
0x080FE74C	thumb	rfu_LMAN_CHILD_linkRecoveryProcess
0x080FE778	thumb	rfu_LMAN_CHILD_checkEnableParentCandidate
0x080FE7F0	thumb	rfu_LMAN_occureCallback
0x080FE818	thumb	rfu_LMAN_disconnect
0x080FE83C	thumb	rfu_LMAN_reflectCommunicationStatus
0x080FE918	thumb	rfu_LMAN_checkNICommunicateStatus
0x080FEA10	thumb	rfu_LMAN_setMSCCallback
0x080FEA28	thumb	rfu_LMAN_setLMANCallback
0x080FEA34	thumb	rfu_LMAN_setLinkRecovery
0x080FEA78	thumb	rfu_LMAN_setNIFailCounterLimit
0x080FEAB4	thumb	rfu_LMAN_setFastSearchParent
0x080FEAF4	thumb	rfu_LMAN_managerChangeAgbClockMaster
0x080FEB14	thumb	rfu_LMAN_requestChangeAgbClockMaster
0x080FEB3C	thumb	rfu_LMAN_forceChangeSP
0x080FEBAC	thumb	DoEasyChatScreen
0x080FEC0C	thumb	CB2_EasyChatScreen
0x080FEC24	thumb	VBlankCallback_EasyChatScreen
0x080FEC38	thumb	SetEasyChatTaskFunc
0x080FEC54	thumb	Task_InitEasyChat
0x080FEC90	thumb	Task_RunEasyChat
0x080FED80	thumb	Task_InitEasyChatInternal
0x080FEE24	thumb	DismantleEasyChat
0x080FEE44	thumb	ShowEasyChatScreen
0x080FEF2C	thumb	CompareProfileResponseWithPassphrase
0x080FEF4C	thumb	CompareQuestionnaireResponseWithPassphrase
0x080FEF6C	thumb	EasyChat_AllocateResources
0x080FF010	thumb	EasyChat_FreeResources
0x080FF028	thumb	EasyChatScreen_HandleJoypad
0x080FF098	thumb	HandleJoypad_SelectField
0x080FF20C	thumb	HandleJoypad_SelectFooter
0x080FF360	thumb	HandleJoypad_SelectGroup
0x080FF41C	thumb	HandleJoypad_SelectWord
0x080FF4A8	thumb	Cancel_HandleYesNoMenu
0x080FF4F0	thumb	Confirm_HandleYesNoMenu
0x080FF544	thumb	DelAll_HandleYesNoMenu
0x080FF590	thumb	Cancel_CreateYesNoMenu
0x080FF5A8	thumb	DelAll_CreateYesNoMenu
0x080FF5C0	thumb	Confirm_CreateYesNoMenu
0x080FF5F0	thumb	GetStateBackup
0x080FF5FC	thumb	OpenSelectedGroup
0x080FF678	thumb	BackOutFromGroupToFieldSelect
0x080FF688	thumb	ToggleGroupAlphaMode
0x080FF6B4	thumb	DeleteSelectedWord
0x080FF6C8	thumb	PlaceSelectedWord
0x080FF6F0	thumb	CommitECWords
0x080FF728	thumb	DeleteAllECFields
0x080FF768	thumb	SetEasyChatWordToField
0x080FF78C	thumb	HasECMessageChanged
0x080FF7CC	thumb	SelectGroupCursorAction
0x080FF80C	thumb	UpdateSelectGroupCursorPos_OutsideBlueBox_GroupMode
0x080FF8D8	thumb	UpdateSelectGroupCursorPos_OutsideBlueBox_AlphaMode
0x080FF968	thumb	UpdateSelectGroupCursorPos_InsideBlueBox
0x080FF9E8	thumb	GroupCursorMoveToBlueBox
0x080FFA0C	thumb	GroupCursorWrapAroundLeft
0x080FFA38	thumb	SelectWordCursorAction
0x080FFB6C	thumb	GetSelectedFieldIndex
0x080FFB8C	thumb	GetSelectedGroupIndex
0x080FFBAC	thumb	GetSelectedLetter
0x080FFBE4	thumb	GetSelectWordCursorPos
0x080FFC04	thumb	GetMaxGroupCursorXinAlphaMode
0x080FFC1C	thumb	MoveGroupCursorXToMaxCol
0x080FFC44	thumb	MoveWordCursorXToMaxCol
0x080FFC6C	thumb	GroupSelectCursorXPosTooFarRight
0x080FFCC0	thumb	WordSelectCursorXPosTooFarRight
0x080FFCE0	thumb	GetEasyChatScreenFrameId
0x080FFCFC	thumb	GetTitleText
0x080FFD1C	thumb	GetEasyChatWordBuffer
0x080FFD28	thumb	GetNumRows
0x080FFD34	thumb	GetNumColumns
0x080FFD40	thumb	GetMainCursorColumn
0x080FFD4C	thumb	GetMainCursorRow
0x080FFD58	thumb	GetEasyChatInstructionsText
0x080FFD90	thumb	GetEasyChatConfirmText
0x080FFDC8	thumb	GetEasyChatConfirmCancelText
0x080FFDF4	thumb	GetEasyChatConfirmDeletionText
0x080FFE08	thumb	GetECSelectGroupCursorCoords
0x080FFE1C	thumb	IsEasyChatAlphaMode
0x080FFE28	thumb	GetECSelectGroupRowsAbove
0x080FFE34	thumb	GetECSelectWordCursorCoords
0x080FFE48	thumb	GetECSelectWordRowsAbove
0x080FFE54	thumb	GetECSelectWordNumRows
0x080FFE60	thumb	UnusedDummy
0x080FFE64	thumb	ShouldDrawECUpArrow
0x080FFE98	thumb	ShouldDrawECDownArrow
0x080FFEDC	thumb	IsPhraseDifferentThanPlayerInput
0x080FFF1C	thumb	GetEasyChatScreenTemplateId
0x080FFF48	thumb	IsEcWordBufferUninitialized
0x080FFF80	thumb	InitEasyChatGraphicsWork
0x080FFF98	thumb	LoadEasyChatGraphics
0x0810011C	thumb	DestroyEasyChatGraphicsResources
0x08100134	thumb	EasyChatInterfaceCommand_Setup
0x0810014C	thumb	EasyChatInterfaceCommand_Run
0x08100258	thumb	ECInterfaceCmd_01
0x08100290	thumb	ECInterfaceCmd_02
0x08100374	thumb	ECInterfaceCmd_03
0x081003A8	thumb	ECInterfaceCmd_05
0x081003EC	thumb	ECInterfaceCmd_06
0x08100430	thumb	ECInterfaceCmd_04
0x08100474	thumb	ECInterfaceCmd_07
0x081004B8	thumb	ECInterfaceCmd_08
0x081004F4	thumb	ECInterfaceCmd_09
0x081005C0	thumb	ECInterfaceCmd_10
0x08100660	thumb	ECInterfaceCmd_22
0x08100720	thumb	ECInterfaceCmd_14
0x0810072C	thumb	ECInterfaceCmd_15
0x08100774	thumb	ECInterfaceCmd_16
0x081007D0	thumb	ECInterfaceCmd_11
0x08100890	thumb	ECInterfaceCmd_12
0x0810093C	thumb	ECInterfaceCmd_13
0x081009F8	thumb	ECInterfaceCmd_17
0x08100A04	thumb	ECInterfaceCmd_19
0x08100A78	thumb	ECInterfaceCmd_18
0x08100AE8	thumb	ECInterfaceCmd_21
0x08100B70	thumb	ECInterfaceCmd_20
0x08100BF4	thumb	InitEasyChatGraphicsWork_Internal
0x08100C5C	thumb	SetGpuRegsForEasyChatInit
0x08100CBC	thumb	LoadEasyChatPals
0x08100D24	thumb	PrintTitleText
0x08100D84	thumb	EC_AddTextPrinterParameterized
0x08100DC4	thumb	EC_AddTextPrinterParameterized2
0x08100E34	thumb	PrintECInstructionsText
0x08100E7C	thumb	PrintECInterfaceTextById
0x08100F18	thumb	EC_CreateYesNoMenuWithInitialCursorPos
0x08100F44	thumb	CreatePhraseFrameWindow
0x08100FDC	thumb	PrintECFields
0x08101100	thumb	DrawECFrameInTilemapBuffer
0x081012CC	thumb	PutWin2TilemapAndCopyToVram
0x081012E0	thumb	PrintECMenuById
0x0810131C	thumb	PrintECGroupOrAlphaMenu
0x0810133C	thumb	PrintECGroupsMenu
0x081013A0	thumb	PrintEasyChatKeyboardText
0x081013DC	thumb	PrintECWordsMenu
0x081013EC	thumb	UpdateWin2PrintWordsScrollDown
0x08101410	thumb	UpdateWin2PrintWordsScrollUp
0x08101434	thumb	UpdateWin2PrintWordsScrollPageDown
0x08101478	thumb	UpdateWin2PrintWordsScrollPageUp
0x081014AC	thumb	PrintECRowsWin2
0x08101558	thumb	ClearECRowsWin2
0x081015BC	thumb	ClearWin2AndCopyToVram
0x081015D4	thumb	StartWin2FrameAnim
0x081016AC	thumb	AnimateFrameResize
0x081016E4	thumb	RedrawFrameByIndex
0x08101830	thumb	RedrawFrameByRect
0x0810198C	thumb	InitBg2Scroll
0x081019B0	thumb	ScheduleBg2VerticalScroll
0x08101A10	thumb	AnimateBg2VerticalScroll
0x08101A48	thumb	GetBg2ScrollRow
0x08101A5C	thumb	SetRegWin0Coords
0x08101A90	thumb	LoadSpriteGfx
0x08101AC4	thumb	CreateSelectDestFieldCursorSprite
0x08101B20	thumb	SpriteCB_BounceCursor
0x08101B58	thumb	SetSelectDestFieldCursorSpritePosAndResetAnim
0x08101B88	thumb	FreezeSelectDestFieldCursorSprite
0x08101BA8	thumb	UnfreezeSelectDestFieldCursorSprite
0x08101BC0	thumb	CreateRedRectangularCursorSpritePair
0x08101C48	thumb	DestroyRedRectangularCursor
0x08101C80	thumb	EC_MoveCursor
0x08101CE4	thumb	MoveCursor_Group
0x08101D9C	thumb	MoveCursor_Alpha
0x08101E80	thumb	CreateSelectWordCursorSprite
0x08101ED4	thumb	SpriteCB_SelectWordCursorSprite
0x08101F04	thumb	SetSelectWordCursorSpritePos
0x08101F40	thumb	SetSelectWordCursorSpritePosExplicit
0x08101F80	thumb	DestroySelectWordCursorSprite
0x08101FAC	thumb	CreateSelectGroupHelpSprite
0x08102018	thumb	AnimateSeletGroupModeAndHelpSpriteEnter
0x081020AC	thumb	StartModeIconHidingAnimation
0x081020D0	thumb	RunModeIconHidingAnimation
0x0810215C	thumb	ShrinkModeIconsSprite
0x08102178	thumb	ShowModeIconsSprite
0x081021B8	thumb	ModeIconsSpriteAnimIsEnded
0x081021D4	thumb	CreateVerticalScrollArrowSprites
0x0810224C	thumb	UpdateVerticalScrollArrowVisibility
0x081022B0	thumb	HideVerticalScrollArrowSprites
0x081022E0	thumb	UpdateVerticalScrollArrowSpriteXPos
0x08102320	thumb	CreateStartSelectButtonsSprites
0x08102394	thumb	UpdateStartSelectButtonSpriteVisibility
0x081023F8	thumb	HideStartSelectButtonSprites
0x08102428	thumb	CreateFooterWindow
0x081024C0	thumb	VBlankCB
0x081024D4	thumb	CB2_PokedexScreen
0x0810250C	thumb	DexScreen_LoadResources
0x0810275C	thumb	CB2_OpenPokedexFromStartMenu
0x08102798	thumb	DoClosePokedex
0x08102858	thumb	CB2_ClosePokedex
0x0810287C	thumb	Task_PokedexScreen
0x08102C28	thumb	DexScreen_InitGfxForTopMenu
0x08102EC0	thumb	MoveCursorFunc_DexModeSelect
0x08102F48	thumb	ItemPrintFunc_DexModeSelect
0x08102F80	thumb	Task_DexScreen_NumericalOrder
0x0810317C	thumb	DexScreen_InitGfxForNumericalOrderList
0x08103238	thumb	Task_DexScreen_CharacteristicOrder
0x0810345C	thumb	DexScreen_CreateCharacteristicListMenu
0x08103518	thumb	DexScreen_CountMonsInOrderedList
0x08103924	thumb	DexScreen_InitListMenuForOrderedList
0x08103988	thumb	DexScreen_DestroyDexOrderListMenu
0x081039F0	thumb	DexScreen_CreateDexOrderScrollArrows
0x08103A40	thumb	ItemPrintFunc_OrderedListMenu
0x08103AC8	thumb	Task_DexScreen_CategorySubmenu
0x08104234	thumb	DexScreen_CreateCategoryMenuScrollArrows
0x08104284	thumb	DexScreen_InputHandler_GetShoulderInput
0x081042EC	thumb	Task_DexScreen_ShowMonPage
0x08104664	thumb	DexScreen_TryScrollMonsVertical
0x081047B0	thumb	DexScreen_RemoveWindow
0x081047C8	thumb	DexScreen_AddTextPrinterParameterized
0x08104880	thumb	DexScreen_PrintNum3LeadingZeroes
0x0810491C	thumb	DexScreen_PrintNum3RightAlign
0x081049CC	thumb	DexScreen_GetDefaultPersonality
0x081049FC	thumb	DexScreen_LoadMonPicInWindow
0x08104A34	thumb	DexScreen_PrintMonDexNo
0x08104AB0	thumb	DexScreen_GetSetPokedexFlag
0x08104BBC	thumb	DexScreen_GetDexCount
0x08104C2C	thumb	DexScreen_PrintControlInfo
0x08104C64	thumb	DexScreen_DrawMonPicInCategoryPage
0x08104E90	thumb	DexScreen_DestroyCategoryPageMonIconAndInfoWindows
0x08104EC0	thumb	DexScreen_PrintCategoryPageNumbers
0x08104F0C	thumb	DexScreen_CreateCategoryListGfx
0x08105058	thumb	DexScreen_CreateCategoryPageSelectionCursor
0x08105178	thumb	DexScreen_UpdateCategoryPageCursorObject
0x081051AC	thumb	DexPage_TileBuffer_CopyCol
0x081051D0	thumb	DexPage_TileBuffer_FillCol
0x081051F0	thumb	DexScreen_TurnCategoryPage_BgEffect
0x081052D0	thumb	DexScreen_FlipCategoryPageInDirection
0x08105594	thumb	DexScreen_DexPageZoomEffectFrame
0x08105800	thumb	DexScreen_PrintMonCategory
0x081058C4	thumb	DexScreen_PrintMonHeight
0x08105A3C	thumb	DexScreen_PrintMonWeight
0x08105CB0	thumb	DexScreen_PrintMonFlavorText
0x08105D64	thumb	DexScreen_DrawMonFootprint
0x08105E1C	thumb	DexScreen_DrawMonDexPage
0x08106014	thumb	RemoveDexPageWindows
0x0810603C	thumb	DexScreen_DrawMonAreaPage
0x081067C0	thumb	DexScreen_DestroyAreaScreenResources
0x08106810	thumb	DexScreen_CanShowMonInDex
0x08106838	thumb	DexScreen_IsPageUnlocked
0x081068A0	thumb	DexScreen_IsCategoryUnlocked
0x081068DC	thumb	DexScreen_CreateCategoryPageSpeciesList
0x0810699C	thumb	DexScreen_GetPageLimitsForCategory
0x08106A20	thumb	DexScreen_LookUpCategoryBySpecies
0x08106AF8	thumb	DexScreen_PageNumberToRenderablePages
0x08106B34	thumb	DexScreen_InputHandler_StartToCry
0x08106B60	thumb	DexScreen_RegisterMonToPokedex
0x08106BD8	thumb	Task_DexScreen_RegisterNonKantoMonBeforeNationalDex
0x08106BE8	thumb	Task_DexScreen_RegisterMonToPokedex
0x08106E78	thumb	DexScreen_PrintStringWithAlignment
0x08106ECC	thumb	ListMenuDummyTask
0x08106ED0	thumb	DoMysteryGiftListMenu
0x08106FF8	thumb	ListMenuInit
0x08107024	thumb	ListMenuInitInRect
0x08107078	thumb	ListMenu_ProcessInput
0x0810713C	thumb	DestroyListMenuTask
0x08107180	thumb	RedrawListMenu
0x081071C4	thumb	ChangeListMenuPals
0x08107208	thumb	ChangeListMenuCoords
0x08107244	thumb	ListMenuTestInput
0x081072AC	thumb	ListMenuGetCurrentItemArrayId
0x081072D4	thumb	ListMenuGetScrollAndRow
0x08107300	thumb	ListMenuGetYCoordForPrintingArrowCursor
0x08107348	thumb	ListMenuInitInternal
0x08107428	thumb	ListMenuPrint
0x081074DC	thumb	ListMenuPrintEntries
0x08107594	thumb	ListMenuDrawCursor
0x0810768C	thumb	ListMenuAddCursorObject
0x081076EC	thumb	ListMenuErasePrintedCursor
0x08107774	thumb	ListMenuUpdateSelectedRowIndexAndScrollOffset
0x08107864	thumb	ListMenuScroll
0x0810799C	thumb	ListMenuChangeSelection
0x08107A74	thumb	ListMenuCallSelectionChangedCallback
0x08107A9C	thumb	ListMenuOverrideSetColors
0x08107AEC	thumb	ListMenuDefaultCursorMoveFunc
0x08107B00	thumb	ListMenuGetTemplateField
0x08107BD0	thumb	ListMenuSetTemplateField
0x08107CD8	thumb	ListMenu_LoadMonIconPalette
0x08107CF8	thumb	ListMenu_DrawMonIconGraphics
0x08107D38	thumb	ListMenuLoadStdPalAt
0x08107D68	thumb	BlitMenuInfoIcon
0x08107DB4	thumb	GoToBagMenu
0x08107EB8	thumb	CB2_BagMenuFromStartMenu
0x08107ECC	thumb	CB2_BagMenuFromBattle
0x08107EE0	thumb	CB2_BagMenuRun
0x08107EFC	thumb	VBlankCB_BagMenuRun
0x08107F10	thumb	CB2_OpenBagMenu
0x08107F3C	thumb	LoadBagMenuGraphics
0x0810813C	thumb	FadeOutOfBagMenu
0x08108178	thumb	Task_WaitFadeOutOfBagMenu
0x081081AC	thumb	NullBagMenuBufferPtrs
0x081081D0	thumb	BagMenuInitBgsAndAllocTilemapBuffer
0x08108240	thumb	DoLoadBagGraphics
0x08108388	thumb	CreateBagInputHandlerTask
0x081083F4	thumb	TryAllocListMenuBuffers
0x0810842C	thumb	Bag_BuildListMenuTemplate
0x08108560	thumb	BagListMenuGetItemNameColored
0x081085A4	thumb	BagListMenuMoveCursorFunc
0x08108654	thumb	BagListMenuItemPrintFunc
0x0810876C	thumb	bag_menu_print_cursor_
0x0810878C	thumb	bag_menu_print_cursor
0x081087EC	thumb	PrintBagPocketName
0x08108818	thumb	PrintItemDescriptionOnMessageWindow
0x08108888	thumb	CreatePocketScrollArrowPair
0x081088D8	thumb	CreatePocketSwitchArrowPair
0x08108908	thumb	CreatePocketScrollArrowPair_SellQuantity
0x08108940	thumb	CreateArrowPair_QuantitySelect
0x08108978	thumb	BagDestroyPocketScrollArrowPair
0x0810899C	thumb	BagDestroyPocketSwitchArrowPair
0x081089BC	thumb	ResetBagCursorPositions
0x081089F4	thumb	PocketCalculateInitialCursorPosAndItemsAbove
0x08108A68	thumb	CalculateInitialCursorPosAndItemsAbove
0x08108A84	thumb	UpdatePocketScrollPositions
0x08108B04	thumb	DestroyBagMenuResources
0x08108B50	thumb	ItemMenu_StartFadeToExitCallback
0x08108B8C	thumb	Task_ItemMenu_WaitFadeAndSwitchToExitCallback
0x08108C10	thumb	ShowBagOrBeginWin0OpenTask
0x08108CB4	thumb	Bag_BeginCloseWin0Animation
0x08108CF0	thumb	CB2_SetUpReshowBattleScreenAfterMenu
0x08108CFC	thumb	Task_AnimateWin0v
0x08108D60	thumb	MoveItemSlotInList
0x08108DC8	thumb	Pocket_CalculateNItemsAndMaxShowed
0x08108E54	thumb	All_CalculateNItemsAndMaxShowed
0x08108E70	thumb	DisplayItemMessageInBag
0x08108EE0	thumb	ItemMenu_SetExitCallback
0x08108EEC	thumb	GetSelectedItemIndex
0x08108F0C	thumb	Task_BagMenu_HandleInput
0x081090DC	thumb	Task_ItemContextMenuByLocation
0x0810910C	thumb	Task_RedrawArrowsAndReturnToBagMenuSelect
0x08109140	thumb	Bag_FillMessageBoxWithPalette
0x08109168	thumb	ProcessPocketSwitchInput
0x081091D0	thumb	SwitchPockets
0x08109298	thumb	Task_AnimateSwitchPockets
0x081093B8	thumb	BeginMovingItemInPocket
0x081094B0	thumb	Task_MoveItemInPocket_HandleInput
0x081095AC	thumb	ExecuteMoveItemInPocket
0x0810967C	thumb	AbortMovingItemInPocket
0x0810971C	thumb	InitQuantityToTossOrDeposit
0x081097E4	thumb	UpdateQuantityToTossOrDeposit
0x08109854	thumb	DrawItemListRow
0x08109890	thumb	OpenContextMenu
0x08109BB8	thumb	Task_ItemContext_FieldOrBattle
0x08109BE4	thumb	Task_FieldItemContextMenuHandleInput
0x08109C50	thumb	Task_ItemMenuAction_Use
0x08109CC0	thumb	Task_ItemMenuAction_Toss
0x08109D38	thumb	Task_ConfirmTossItems
0x08109DB0	thumb	Task_TossItem_No
0x08109DEC	thumb	Task_SelectQuantityToToss
0x08109EA8	thumb	Task_TossItem_Yes
0x08109F44	thumb	Task_WaitAB_RedrawAndReturnToBag
0x0810A000	thumb	Task_ItemMenuAction_ToggleSelect
0x0810A0A8	thumb	Task_ItemMenuAction_Give
0x0810A170	thumb	Task_PrintThereIsNoPokemon
0x0810A18C	thumb	Task_PrintItemCantBeHeld
0x0810A1D0	thumb	Task_WaitAButtonAndCloseContextMenu
0x0810A1F8	thumb	Task_ReturnToBagFromContextMenu
0x0810A288	thumb	Task_UnusedReturnToBag
0x0810A2DC	thumb	Task_ItemMenuAction_Cancel
0x0810A324	thumb	Task_ItemMenuAction_BattleUse
0x0810A370	thumb	Task_ItemContext_FieldGive
0x0810A434	thumb	GoToTMCase_Give
0x0810A448	thumb	GoToBerryPouch_Give
0x0810A45C	thumb	ReturnToBagMenuFromSubmenu_Give
0x0810A468	thumb	Task_ItemContext_PcBoxGive
0x0810A52C	thumb	GoToTMCase_PCBox
0x0810A540	thumb	GoToBerryPouch_PCBox
0x0810A554	thumb	ReturnToBagMenuFromSubmenu_PCBox
0x0810A568	thumb	Task_ItemContext_Sell
0x0810A654	thumb	GoToTMCase_Sell
0x0810A668	thumb	GoToBerryPouch_Sell
0x0810A67C	thumb	ReturnToBagMenuFromSubmenu_Sell
0x0810A690	thumb	Task_PrintSaleConfirmationText
0x0810A70C	thumb	Task_ShowSellYesNoMenu
0x0810A720	thumb	Task_SellItem_No
0x0810A770	thumb	Task_InitSaleQuantitySelectInterface
0x0810A834	thumb	UpdateSalePriceDisplay
0x0810A85C	thumb	Task_SelectQuantityToSell
0x0810A940	thumb	Task_SellItem_Yes
0x0810A9D4	thumb	Task_FinalizeSaleToShop
0x0810AAF4	thumb	Task_WaitPressAB_AfterSell
0x0810AB40	thumb	Task_ItemContext_Deposit
0x0810AB88	thumb	Task_SelectQuantityToDeposit
0x0810AC40	thumb	Task_TryDoItemDeposit
0x0810AD10	thumb	UseRegisteredKeyItemOnField
0x0810ADAC	thumb	BagIsTutorial
0x0810ADD8	thumb	BackUpPlayerBag
0x0810AECC	thumb	RestorePlayerBag
0x0810AF74	thumb	InitOldManBag
0x0810AF9C	thumb	Task_Bag_OldManTutorial
0x0810B070	thumb	Task_Pokedude_FadeFromBag
0x0810B0AC	thumb	Task_Pokedude_WaitFadeAndExitBag
0x0810B108	thumb	InitPokedudeBag
0x0810B180	thumb	Task_BButtonInterruptTeachyTv
0x0810B1D4	thumb	Task_Bag_TeachyTvRegister
0x0810B378	thumb	Task_Bag_TeachyTvCatching
0x0810B4BC	thumb	Task_Bag_TeachyTvStatus
0x0810B5D4	thumb	Task_Bag_TeachyTvTMs
0x0810B6F4	thumb	IsCurMapInLocationList
0x0810B73C	thumb	IsCurMapPokeCenter
0x0810B74C	thumb	IsCurMapReloadLocation
0x0810B75C	thumb	IsCurMapInEmptyList
0x0810B76C	thumb	TrySetPokeCenterWarpStatus
0x0810B79C	thumb	TrySetReloadWarpStatus
0x0810B7CC	thumb	TrySetUnknownWarpStatus
0x0810B7FC	thumb	TrySetMapSaveWarpStatus
0x0810B810	thumb	SetUnlockedPokedexFlags
0x0810B82C	thumb	SetPostgameFlags
0x0810B858	thumb	InitBagWindows
0x0810B8F0	thumb	BagPrintTextOnWindow
0x0810B958	thumb	BagPrintTextOnWin1CenteredColor0
0x0810B994	thumb	BagDrawDepositItemTextBox
0x0810B9DC	thumb	ShowBagWindow
0x0810BA3C	thumb	HideBagWindow
0x0810BA70	thumb	OpenBagWindow
0x0810BA9C	thumb	CloseBagWindow
0x0810BAD8	thumb	GetBagWindow
0x0810BAE8	thumb	BagCreateYesNoMenuBottomRight
0x0810BB14	thumb	BagCreateYesNoMenuTopRight
0x0810BB40	thumb	BagPrintMoneyAmount
0x0810BB74	thumb	BagDrawTextBoxOnWindow
0x0810BB88	thumb	DummyPicSpriteCallback
0x0810BB8C	thumb	ResetAllPicSprites
0x0810BBB4	thumb	DecompressPic
0x0810BC5C	thumb	DecompressPic_HandleDeoxys
0x0810BC84	thumb	LoadPicPaletteByTagOrSlot
0x0810BD40	thumb	LoadPicPaletteBySlot
0x0810BD80	thumb	AssignSpriteAnimsTable
0x0810BDAC	thumb	CreatePicSprite
0x0810BF44	thumb	CreatePicSprite_HandleDeoxys
0x0810BFA4	thumb	FreeAndDestroyPicSpriteInternal
0x0810C050	thumb	LoadPicSpriteInWindow
0x0810C0C0	thumb	CreateTrainerCardSprite
0x0810C16C	thumb	CreateMonPicSprite
0x0810C1CC	thumb	CreateMonPicSprite_HandleDeoxys
0x0810C214	thumb	FreeAndDestroyMonPicSprite
0x0810C228	thumb	LoadMonPicInWindow
0x0810C25C	thumb	CreateTrainerCardMonIconSprite
0x0810C2A4	thumb	CreateTrainerPicSprite
0x0810C2E8	thumb	FreeAndDestroyTrainerPicSprite
0x0810C2FC	thumb	LoadTrainerPicInWindow
0x0810C330	thumb	CreateTrainerCardTrainerPicSprite
0x0810C374	thumb	PlayerGenderToFrontTrainerPicId
0x0810C3A4	thumb	VsSeekerFreezeObjectsAfterChargeComplete
0x0810C3B8	thumb	Task_ResetObjectsRematchWantedState
0x0810C444	thumb	VsSeekerResetObjectMovementAfterChargeComplete
0x0810C4EC	thumb	UpdateVsSeekerStepCounter
0x0810C578	thumb	MapResetTrainerRematches
0x0810C594	thumb	ResetMovementOfRematchableTrainers
0x0810C604	thumb	VsSeekerResetInBagStepCounter
0x0810C620	thumb	VsSeekerSetStepCounterInBagFull
0x0810C640	thumb	VsSeekerResetChargingStepCounter
0x0810C654	thumb	VsSeekerSetStepCounterFullyCharged
0x0810C670	thumb	Task_VsSeeker_0
0x0810C730	thumb	Task_VsSeeker_1
0x0810C760	thumb	Task_VsSeeker_2
0x0810C808	thumb	GatherNearbyTrainerInfo
0x0810C8EC	thumb	Task_VsSeeker_3
0x0810C96C	thumb	CanUseVsSeeker
0x0810C9A8	thumb	GetVsSeekerResponseInArea
0x0810CB90	thumb	ClearRematchStateByTrainerId
0x0810CCA0	thumb	TryGetRematchTrainerIdGivenGameState
0x0810CD14	thumb	GetRematchTrainerIdGivenGameState
0x0810CD4C	thumb	ShouldTryRematchBattle
0x0810CD80	thumb	ShouldTryRematchBattleInternal
0x0810CDB4	thumb	HasRematchTrainerAlreadyBeenFought
0x0810CDE8	thumb	ClearRematchStateOfLastTalked
0x0810CE10	thumb	LookupVsSeekerOpponentInArray
0x0810CE64	thumb	GetRematchTrainerId
0x0810CEB4	thumb	IsTrainerReadyForRematch
0x0810CED0	thumb	IsTrainerReadyForRematchInternal
0x0810CF04	thumb	ObjectEventIdIsSane
0x0810CF54	thumb	GetRandomFaceDirectionMovementType
0x0810CF90	thumb	GetRunningBehaviorFromGraphicsId
0x0810D074	thumb	GetTrainerFlagFromScript
0x0810D084	thumb	GetRematchIdx
0x0810D0A8	thumb	IsThisTrainerRematchable
0x0810D0D0	thumb	ClearAllTrainerRematchStates
0x0810D0FC	thumb	IsTrainerVisibleOnScreen
0x0810D164	thumb	GetNextAvailableRematchTrainer
0x0810D1CC	thumb	GetRematchableTrainerLocalId
0x0810D24C	thumb	StartTrainerObjectMovementScript
0x0810D280	thumb	GetCurVsSeekerResponse
0x0810D304	thumb	StartAllRespondantIdleMovements
0x0810D3F4	thumb	ItemPc_Init
0x0810D470	thumb	ItemPc_MainCB
0x0810D48C	thumb	ItemPc_VBlankCB
0x0810D4A0	thumb	ItemPc_RunSetup
0x0810D4C0	thumb	ItemPc_DoGfxSetup
0x0810D6AC	thumb	ItemPc_FadeAndBail
0x0810D6E8	thumb	Task_ItemPcWaitFadeAndBail
0x0810D71C	thumb	ItemPc_InitBgs
0x0810D78C	thumb	ItemPc_LoadGraphics
0x0810D83C	thumb	ItemPc_AllocateResourcesForListMenu
0x0810D878	thumb	ItemPc_BuildListMenuTemplate
0x0810D954	thumb	ItemPc_MoveCursorFunc
0x0810DA20	thumb	ItemPc_ItemPrintFunc
0x0810DAB4	thumb	ItemPc_PrintOrRemoveCursor
0x0810DAD4	thumb	ItemPc_PrintOrRemoveCursorAt
0x0810DB34	thumb	ItemPc_PrintWithdrawItem
0x0810DB5C	thumb	ItemPc_PlaceTopMenuScrollIndicatorArrows
0x0810DB98	thumb	ItemPc_PlaceWithdrawQuantityScrollIndicatorArrows
0x0810DBD0	thumb	ItemPc_RemoveScrollIndicatorArrowPair
0x0810DBF0	thumb	ItemPc_SetCursorPosition
0x0810DC40	thumb	ItemPc_FreeResources
0x0810DC8C	thumb	Task_ItemPcTurnOff1
0x0810DCE4	thumb	Task_ItemPcTurnOff2
0x0810DD54	thumb	ItemPc_GetCursorPosition
0x0810DD68	thumb	ItemPc_GetItemIdBySlotId
0x0810DD80	thumb	ItemPc_GetItemQuantityBySlotId
0x0810DDA4	thumb	ItemPc_CountPcItems
0x0810DE08	thumb	ItemPc_SetScrollPosition
0x0810DE6C	thumb	ItemPc_SetMessageWindowPalette
0x0810DE94	thumb	ItemPc_SetInitializedFlag
0x0810DEA0	thumb	Task_ItemPcMain
0x0810DFB0	thumb	ItemPc_ReturnFromSubmenu
0x0810DFE0	thumb	ItemPc_MoveItemModeInit
0x0810E0B4	thumb	Task_ItemPcMoveItemModeRun
0x0810E160	thumb	ItemPc_InsertItemIntoNewSlot
0x0810E200	thumb	ItemPc_MoveItemModeCancel
0x0810E274	thumb	Task_ItemPcSubmenuInit
0x0810E358	thumb	Task_ItemPcSubmenuRun
0x0810E3A4	thumb	Task_ItemPcWithdraw
0x0810E418	thumb	ItemPc_DoWithdraw
0x0810E4F4	thumb	Task_ItemPcWaitButtonAndFinishWithdrawMultiple
0x0810E548	thumb	Task_ItemPcWaitButtonWithdrawMultipleFailed
0x0810E578	thumb	Task_ItemPcCleanUpWithdraw
0x0810E5E0	thumb	ItemPc_WithdrawMultipleInitWindow
0x0810E670	thumb	UpdateWithdrawQuantityDisplay
0x0810E6D8	thumb	Task_ItemPcHandleWithdrawMultiple
0x0810E79C	thumb	Task_ItemPcGive
0x0810E7F8	thumb	ItemPc_CB2_SwitchToPartyMenu
0x0810E838	thumb	ItemPc_CB2_ReturnFromPartyMenu
0x0810E848	thumb	gTask_ItemPcWaitButtonAndExitSubmenu
0x0810E8A0	thumb	Task_ItemPcCancel
0x0810E8F0	thumb	ItemPc_InitWindows
0x0810E984	thumb	unused_ItemPc_AddTextPrinterParameterized
0x0810EA34	thumb	ItemPc_AddTextPrinterParameterized
0x0810EA9C	thumb	ItemPc_SetBorderStyleOnWindow
0x0810EAB4	thumb	ItemPc_GetOrCreateSubwindow
0x0810EAF0	thumb	ItemPc_DestroySubwindow
0x0810EB20	thumb	ItemPc_GetSubwindow
0x0810EB30	thumb	ItemPc_PrintOnWindow5WithContinueTask
0x0810EB6C	thumb	MailboxPC_InitBuffers
0x0810EBAC	thumb	MailboxPC_GetAddWindow
0x0810EBE0	thumb	MailboxPC_RemoveWindow
0x0810EC10	thumb	MailboxPC_GetWindowId
0x0810EC20	thumb	ItemPrintFunc
0x0810EC98	thumb	MailboxPC_InitListMenu
0x0810ED6C	thumb	MoveCursorFunc
0x0810ED80	thumb	MailboxPC_AddScrollIndicatorArrows
0x0810EDB0	thumb	MailboxPC_DestroyListMenuBuffer
0x0810EDC4	thumb	DrawDialogFrameWithCustomTileAndPalette
0x0810EE0C	thumb	DrawDialogFrameWithCustomTile
0x0810EE5C	thumb	WindowFunc_DrawDialogFrameWithCustomTileAndPalette
0x0810F260	thumb	ClearDialogWindowAndFrameToTransparent
0x0810F298	thumb	WindowFunc_ClearDialogWindowAndFrameNullPalette
0x0810F2E8	thumb	DrawStdFrameWithCustomTileAndPalette
0x0810F330	thumb	DrawStdFrameWithCustomTile
0x0810F380	thumb	WindowFunc_DrawStdFrameWithCustomTileAndPalette
0x0810F4D8	thumb	ClearStdWindowAndFrameToTransparent
0x0810F510	thumb	WindowFunc_ClearStdWindowAndFrameToTransparent
0x0810F558	thumb	CreateTopBarWindowLoadPalette
0x0810F5E8	thumb	TopBarWindowPrintString
0x0810F650	thumb	TopBarWindowPrintTwoStrings
0x0810F704	thumb	CopyTopBarWindowToVram
0x0810F71C	thumb	ClearTopBarWindow
0x0810F740	thumb	DestroyTopBarWindow
0x0810F774	thumb	Menu_InitCursorInternal
0x0810F7D8	thumb	Menu_InitCursor
0x0810F818	thumb	InitMenuDefaultCursorHeight
0x0810F874	thumb	Menu_RedrawCursor
0x0810F904	thumb	Menu_MoveCursor
0x0810F948	thumb	Menu_MoveCursorNoWrapAround
0x0810F98C	thumb	Menu_GetCursorPos
0x0810F998	thumb	Menu_ProcessInput
0x0810FA04	thumb	Menu_ProcessInputNoWrapAround
0x0810FA84	thumb	Menu_ProcessInput_other
0x0810FAF0	thumb	Menu_ProcessInputNoWrapAround_other
0x0810FB6C	thumb	PrintTextArray
0x0810FBE8	thumb	MultichoiceList_PrintItems
0x0810FC80	thumb	PrintMenuTable
0x0810FCD0	thumb	AddItemMenuActionTextPrinters
0x0810FDE4	thumb	PrintMenuActionTextsAtTopById
0x0810FE50	thumb	SetWindowTemplateFields
0x0810FF04	thumb	CreateWindowTemplate
0x0810FF60	thumb	CreateYesNoMenu
0x081100A4	thumb	CreateYesNoMenu2
0x081100C8	thumb	Menu_ProcessInputNoWrapClearOnChoose
0x081100E8	thumb	DestroyYesNoMenu
0x08110104	thumb	MultichoiceGrid_PrintItems
0x081101D8	thumb	MultichoiceGrid_PrintItemsCustomOrder
0x08110290	thumb	MultichoiceGrid_InitCursorInternal
0x0811030C	thumb	MultichoiceGrid_InitCursor
0x0811037C	thumb	MultichoiceGrid_RedrawCursor
0x08110450	thumb	MultichoiceGrid_MoveCursor
0x08110514	thumb	MultichoiceGrid_MoveCursorIfValid
0x081105A0	thumb	Menu_ProcessGridInput_NoSoundLimit
0x08110650	thumb	Menu_ProcessInputGridLayout
0x081106F4	thumb	Menu_ProcessGridInputRepeat_NoSoundLimit
0x081107A0	thumb	Menu_ProcessGridInputRepeat
0x08110840	thumb	QL_AddASLROffset
0x0811089C	thumb	ResetQuestLog
0x081108F0	thumb	ClearSavedScene
0x08110920	thumb	QL_ResetDefeatedWildMonRecord
0x0811092C	thumb	RunQuestLogCB
0x08110944	thumb	QL_IsRoomToSaveEvent
0x08110988	thumb	QL_IsRoomToSaveAction
0x081109CC	thumb	SetQuestLogState
0x08110A00	thumb	QLogCB_Recording
0x08110A3C	thumb	QLogCB_Playback
0x08110AB4	thumb	GetQuestLogState
0x08110AC8	thumb	GetQuestLogStartType
0x08110AEC	thumb	QL_StartRecordingAction
0x08110BB0	thumb	SetPlayerInitialCoordsAtScene
0x08110BE8	thumb	SetNPCInitialCoordsAtScene
0x08110D48	thumb	SetGameStateAtScene
0x08110D94	thumb	BackUpTrainerRematches
0x08110E20	thumb	BackUpMapLayout
0x08110E3C	thumb	RecordSceneEnd
0x08110E68	thumb	TryRecordActionSequence
0x08110F14	thumb	TryStartQuestLogPlayback
0x08110F90	thumb	Task_BeginQuestLogPlayback
0x08110FCC	thumb	QL_InitSceneObjectsAndActions
0x08111000	thumb	FieldCB2_QuestLogStartPlaybackWithWarpExit
0x08111038	thumb	FieldCB2_QuestLogStartPlaybackStandingInPlace
0x08111070	thumb	DrawPreviouslyOnQuestHeader
0x08111134	thumb	CommitQuestLogWindow1
0x08111150	thumb	QL_LoadObjectsAndTemplates
0x08111274	thumb	QLPlayback_SetInitialPlayerPosition
0x08111368	thumb	QLPlayback_InitOverworldState
0x081113E4	thumb	QL_CopySaveState
0x08111438	thumb	QL_ResetPartyAndPC
0x081115E8	thumb	SetPokemonCounts
0x08111618	thumb	QuestLog_GetPartyCount
0x0811164C	thumb	QuestLog_GetBoxMonCount
0x08111688	thumb	RestoreTrainerRematches
0x08111708	thumb	QL_RestoreMapLayoutId
0x0811175C	thumb	ReadQuestLogScriptFromSav1
0x081118F4	thumb	DoSceneEndTransition
0x08111914	thumb	QuestLog_AdvancePlayhead
0x08111984	thumb	QuestLog_StartFinalScene
0x081119C8	thumb	QuestLog_AdvancePlayhead_
0x081119D4	thumb	QL_AvoidDisplay
0x08111A34	thumb	Task_AvoidDisplay
0x08111AD8	thumb	QuestLog_PlayCurrentEvent
0x08111B80	thumb	HandleShowQuestLogMessage
0x08111BD4	thumb	GetQuestLogTextDisplayDuration
0x08111C2C	thumb	QL_IsTrainerSightDisabled
0x08111C68	thumb	QL_HandleInput
0x08111CD0	thumb	QuestLogScenePlaybackIsEnding
0x08111CF0	thumb	QuestLog_DrawPreviouslyOnQuestHeaderIfInPlaybackMode
0x08111D10	thumb	DrawSceneDescription
0x08111D90	thumb	CopyDescriptionWindowTiles
0x08111E20	thumb	QuestLog_CloseTextWindow
0x08111E64	thumb	DoSkipToEndTransition
0x08111E84	thumb	QuestLog_WaitFadeAndCancelPlayback
0x08111F14	thumb	QuestLog_InitPalettesBackup
0x08111F38	thumb	QuestLog_BackUpPalette
0x08111F60	thumb	FieldCB2_FinalScene
0x08111F8C	thumb	Task_FinalScene_WaitFade
0x08111FCC	thumb	Task_QuestLogScene_SavedGame
0x08112044	thumb	Task_WaitAtEndOfQuestLog
0x081120AC	thumb	Task_EndQuestLog
0x081121D8	thumb	RestoreScreenAfterPlayback
0x0811229C	thumb	QL_SlightlyDarkenSomePals
0x0811231C	thumb	QL_FinishRecordingScene
0x08112364	thumb	QuestLog_CutRecording
0x081123BC	thumb	SortQuestLogInSav1
0x08112450	thumb	SaveQuestLogData
0x0811246C	thumb	QL_UpdateObject
0x081124EC	thumb	QuestLogRecordNPCStep
0x08112588	thumb	QuestLogRecordNPCStepWithDuration
0x08112628	thumb	QuestLogRecordPlayerStep
0x081126AC	thumb	QuestLogRecordPlayerStepWithDuration
0x08112720	thumb	QuestLogRecordPlayerAvatarGfxTransition
0x0811278C	thumb	QuestLogRecordPlayerAvatarGfxTransitionWithDuration
0x081127F8	thumb	QL_RecordFieldInput
0x08112888	thumb	TogglePlaybackStateForOverworldLock
0x081128BC	thumb	QuestLog_OnEscalatorWarp
0x08112940	thumb	ResetActions
0x08112B3C	thumb	QL_TryRunActions
0x08112C9C	thumb	QL_AfterRecordFishActionSuccessful
0x08112CAC	thumb	QL_GetPlaybackState
0x08112CEC	thumb	RecordHeadAtEndOfEntryOrScriptContext2Enabled
0x08112D1C	thumb	RecordHeadAtEndOfEntry
0x08112D40	thumb	QuestLogGetFlagOrVarPtr
0x08112DB0	thumb	QuestLogSetFlagOrVar
0x08112E3C	thumb	QuestLogResetFlagsOrVars
0x08112EA8	thumb	MapNamePopupWindowIdSetDummy
0x08112EB4	thumb	CreateHelpMessageWindow
0x08112EDC	thumb	DestroyHelpMessageWindow
0x08112F18	thumb	DrawHelpMessageWindowTilesById
0x08112FD0	thumb	DrawHelpMessageWindowTiles
0x08112FE4	thumb	PrintHelpMessageText
0x08113018	thumb	PrintTextOnHelpMessageWindow
0x08113044	thumb	ResetTrainerFanClub
0x08113064	thumb	Script_TryLoseFansFromPlayTimeAfterLinkBattle
0x08113078	thumb	TryLoseFansFromPlayTimeAfterLinkBattle
0x081130A8	thumb	Script_UpdateTrainerFanClubGameClear
0x081130BC	thumb	UpdateTrainerFanClubGameClear
0x08113114	thumb	TryGainNewFanFromCounter
0x08113194	thumb	PlayerGainRandomTrainerFan
0x081131FC	thumb	PlayerLoseRandomTrainerFan
0x08113288	thumb	Script_GetNumFansOfPlayerInTrainerFanClub
0x081132A0	thumb	GetNumFansOfPlayerInTrainerFanClub
0x081132CC	thumb	Script_TryLoseFansFromPlayTime
0x081132E0	thumb	TryLoseFansFromPlayTime
0x08113364	thumb	Script_IsFanClubMemberFanOfPlayer
0x0811337C	thumb	IsFanClubMemberFanOfPlayer
0x08113390	thumb	SetInitialFansOfPlayer
0x081133A4	thumb	Script_BufferFanClubTrainerName
0x08113414	thumb	BufferFanClubTrainerName
0x081134B8	thumb	Special_UpdateTrainerFansAfterLinkBattle
0x081134CC	thumb	UpdateTrainerFansAfterLinkBattle
0x08113508	thumb	DidPlayerGetFirstFans
0x08113510	thumb	Script_SetPlayerGotFirstFans
0x08113524	thumb	SetPlayerGotFirstFans
0x08113530	thumb	Script_TryGainNewFanFromCounter
0x08113550	thumb	SetQuestLogEvent
0x081136D4	thumb	InQuestLogDisabledLocation
0x08113748	thumb	QuestLog_ShouldEndSceneOnMapChange
0x08113778	thumb	ShouldRegisterEvent_HandlePartyActions
0x081137E4	thumb	ShouldRegisterEvent_HandleBeatStoryTrainer
0x0811381C	thumb	QL_EnableRecordingSteps
0x08113828	thumb	ShouldRegisterEvent
0x081138A0	thumb	TryDeferLinkEvent
0x081138F8	thumb	ResetDeferredLinkEvent
0x0811390C	thumb	QuestLog_StartRecordingInputsAfterDeferredEvent
0x08113954	thumb	TryDeferTrainerBattleEvent
0x081139BC	thumb	QuestLogEvents_HandleEndTrainerBattle
0x08113A1C	thumb	QL_RecordWait
0x08113A44	thumb	IsEventWithSpecialEncounterSpecies
0x08113A78	thumb	QL_SkipCommand
0x08113ABC	thumb	QL_UpdateLastDepartedLocation
0x08113AE8	thumb	QL_LoadEvent
0x08113B44	thumb	QL_TryRepeatEvent
0x08113B88	thumb	QL_ResetRepeatEventTracker
0x08113B94	thumb	UpdateRepeatEventCounter
0x08113BD8	thumb	QL_ResetEventStates
0x08113BF4	thumb	QL_RecordAction_SceneEnd
0x08113C20	thumb	QL_LoadAction_SceneEnd
0x08113C5C	thumb	QL_RecordAction_Wait
0x08113C8C	thumb	QL_LoadAction_Wait
0x08113CC8	thumb	QL_RecordAction_Input
0x08113D08	thumb	QL_LoadAction_Input
0x08113D48	thumb	QL_RecordAction_MovementOrGfxChange
0x08113D94	thumb	QL_LoadAction_MovementOrGfxChange
0x08113DE0	thumb	RecordEventHeader
0x08113E88	thumb	LoadEvent
0x08113EAC	thumb	QuestLog_GetSpeciesName
0x08113F14	thumb	RecordEvent_SwitchedPartyOrder
0x08113F3C	thumb	LoadEvent_SwitchedPartyOrder
0x08113F80	thumb	RecordEvent_UsedItem
0x08113FBC	thumb	LoadEvent_UsedItem
0x0811414C	thumb	RecordEvent_GiveTakeHeldItem
0x08114174	thumb	RecordEvent_GaveHeldItemFromPartyMenu
0x08114188	thumb	LoadEvent_GaveHeldItemFromPartyMenu
0x081141D0	thumb	RecordEvent_GaveHeldItemFromBagMenu
0x081141E4	thumb	LoadEvent_GaveHeldItemFromBagMenu
0x0811422C	thumb	RecordEvent_GaveHeldItemFromPC
0x08114240	thumb	LoadEvent_GaveHeldItemFromPC
0x08114288	thumb	RecordEvent_TookHeldItem
0x0811429C	thumb	LoadEvent_TookHeldItem
0x081142E4	thumb	RecordEvent_SwappedHeldItem
0x08114310	thumb	RecordEvent_SwappedHeldItemFromBag
0x08114324	thumb	LoadEvent_SwappedHeldItem
0x08114380	thumb	RecordEvent_SwappedHeldItemFromPC
0x08114394	thumb	LoadEvent_SwappedHeldItemFromPC
0x081143F0	thumb	RecordEvent_UsedPkmnCenter
0x0811443C	thumb	LoadEvent_UsedPkmnCenter
0x0811445C	thumb	RecordEvent_LinkTraded
0x0811448C	thumb	LoadEvent_LinkTraded
0x081144EC	thumb	RecordEvent_LinkBattledSingle
0x08114518	thumb	LoadEvent_LinkBattledSingle
0x08114578	thumb	RecordEvent_LinkBattledDouble
0x081145A4	thumb	LoadEvent_LinkBattledDouble
0x08114604	thumb	RecordEvent_LinkBattledMulti
0x0811464C	thumb	LoadEvent_LinkBattledMulti
0x08114710	thumb	RecordEvent_UsedUnionRoom
0x08114724	thumb	LoadEvent_UsedUnionRoom
0x08114744	thumb	RecordEvent_UsedUnionRoomChat
0x08114758	thumb	LoadEvent_UsedUnionRoomChat
0x08114778	thumb	RecordEvent_LinkTradedUnionRoom
0x081147A8	thumb	LoadEvent_LinkTradedUnionRoom
0x08114808	thumb	RecordEvent_LinkBattledUnionRoom
0x08114834	thumb	LoadEvent_LinkBattledUnionRoom
0x0811488C	thumb	RecordEvent_SwitchedMonsBetweenBoxes
0x081148BC	thumb	LoadEvent_SwitchedMonsBetweenBoxes
0x08114918	thumb	RecordEvent_SwitchedMonsWithinBox
0x08114944	thumb	LoadEvent_SwitchedMonsWithinBox
0x08114990	thumb	RecordEvent_SwitchedPartyMonForPCMon
0x081149D0	thumb	LoadEvent_SwitchedPartyMonForPCMon
0x08114A1C	thumb	RecordEvent_MovedMonBetweenBoxes
0x08114A4C	thumb	LoadEvent_MovedMonBetweenBoxes
0x08114AA0	thumb	RecordEvent_MovedMonWithinBox
0x08114AC8	thumb	LoadEvent_MovedMonWithinBox
0x08114B0C	thumb	RecordEvent_WithdrewMonFromPC
0x08114B34	thumb	LoadEvent_WithdrewMonFromPC
0x08114B78	thumb	RecordEvent_DepositedMonInPC
0x08114BA0	thumb	LoadEvent_DepositedMonInPC
0x08114BE4	thumb	RecordEvent_SwitchedMultipleMons
0x08114C0C	thumb	LoadEvent_SwitchedMultipleMons
0x08114C68	thumb	RecordEvent_DepositedItemInPC
0x08114C8C	thumb	LoadEvent_DepositedItemInPC
0x08114CC0	thumb	RecordEvent_WithdrewItemFromPC
0x08114CE4	thumb	LoadEvent_WithdrewItemFromPC
0x08114D18	thumb	RecordEvent_DefeatedTrainer
0x08114D4C	thumb	RecordEvent_DefeatedGymLeader
0x08114D68	thumb	LoadEvent_DefeatedGymLeader
0x08114DE8	thumb	RecordEvent_DefeatedWildMon
0x08114E68	thumb	LoadEvent_DefeatedWildMon
0x08114FBC	thumb	IsSpeciesFromSpecialEncounter
0x08114FF0	thumb	RecordEvent_DefeatedEliteFourMember
0x0811500C	thumb	LoadEvent_DefeatedEliteFourMember
0x08115078	thumb	RecordEvent_DefeatedChampion
0x081150CC	thumb	LoadEvent_DefeatedChampion
0x081151C0	thumb	RecordEvent_DefeatedNormalTrainer
0x081151DC	thumb	LoadEvent_DefeatedTrainer
0x08115280	thumb	RecordEvent_DepartedLocation
0x081152BC	thumb	LoadEvent_DepartedLocation
0x0811539C	thumb	SetQLPlayedTheSlots
0x081153A8	thumb	ShouldRegisterEvent_HandleDeparted
0x081153E4	thumb	ShouldRegisterEvent_DepartedGameCorner
0x08115410	thumb	RecordEvent_UsedFieldMove
0x08115460	thumb	LoadEvent_UsedFieldMove
0x081154DC	thumb	RecordEvent_BoughtItem
0x08115518	thumb	LoadEvent_BoughtItem
0x081155A4	thumb	RecordEvent_SoldItem
0x081155E0	thumb	LoadEvent_SoldItem
0x081156D8	thumb	RecordEvent_ObtainedStoryItem
0x08115700	thumb	LoadEvent_ObtainedStoryItem
0x08115748	thumb	QuestLog_RecordEnteredMap
0x08115798	thumb	SetQuestLogEvent_Arrived
0x081157DC	thumb	RecordEvent_ArrivedInLocation
0x08115800	thumb	LoadEvent_ArrivedInLocation
0x08115834	thumb	TranslateLinkPartnersName
0x0811586C	thumb	PrintNumPlayersWaitingForMsg
0x08115924	thumb	PrintPlayerNameAndIdOnWindow
0x0811599C	thumb	GetAwaitingCommunicationText
0x08115A24	thumb	TryBecomeLinkLeader
0x08115A68	thumb	Task_TryBecomeLinkLeader
0x081161E4	thumb	Leader_DestroyResources
0x08116244	thumb	Leader_GetAcceptNewMemberPrompt
0x081162E0	thumb	GetYouDeclinedTheOfferMessage
0x0811631C	thumb	GetYouAskedToJoinGroupPleaseWaitMessage
0x081163B0	thumb	GetGroupLeaderSentAnOKMessage
0x08116444	thumb	Leader_SetStateIfMemberListChanged
0x081164C8	thumb	ItemPrintFunc_PossibleGroupMembers
0x08116524	thumb	LeaderUpdateGroupMembership
0x081165E8	thumb	LeaderPrunePlayerList
0x081166F4	thumb	TryJoinLinkGroup
0x08116738	thumb	Task_TryJoinLinkGroup
0x08116D10	thumb	IsTryingToTradeAcrossVersionTooSoon
0x08116D60	thumb	AskToJoinRfuGroup
0x08116DE0	thumb	CreateTask_ListenToWireless
0x08116E1C	thumb	Task_ListenToWireless
0x08116F28	thumb	IsPartnerActivityAcceptable
0x08116F5C	thumb	GetGroupListTextColor
0x08116F94	thumb	ListMenuItemPrintFunc_UnionRoomGroups
0x08116FE4	thumb	GetNewLeaderCandidate
0x08117100	thumb	Task_CreateTradeMenu
0x08117118	thumb	CreateTask_CreateTradeMenu
0x08117130	thumb	Task_StartUnionRoomTrade
0x08117280	thumb	Task_ExchangeCards
0x08117354	thumb	CB2_ShowCard
0x081173C0	thumb	StartUnionRoomBattle
0x08117440	thumb	WarpForWirelessMinigame
0x081174B4	thumb	WarpForCableClubActivity
0x08117534	thumb	CB2_TransitionToCableClub
0x08117594	thumb	CreateTrainerCardInBuffer
0x081175BC	thumb	Task_StartActivity
0x08117900	thumb	Task_RunScriptAndFadeToActivity
0x08117990	thumb	CreateTask_RunScriptAndFadeToActivity
0x081179A4	thumb	CreateTask_StartActivity
0x081179CC	thumb	CreateTask_SendMysteryGift
0x08117A0C	thumb	Task_SendMysteryGift
0x08117ED4	thumb	CreateTask_LinkMysteryGiftWithFriend
0x08117F20	thumb	Task_CardOrNewsWithFriend
0x08118290	thumb	CreateTask_LinkMysteryGiftOverWireless
0x081182DC	thumb	Task_CardOrNewsOverWireless
0x0811860C	thumb	RunUnionRoom
0x08118658	thumb	ReadAsU16
0x08118664	thumb	ScheduleFieldMessageWithFollowupState
0x0811868C	thumb	ScheduleFieldMessageAndExit
0x081186B0	thumb	CopyPlayerListToBuffer
0x081186C8	thumb	CopyPlayerListFromBuffer
0x081186E0	thumb	Task_RunUnionRoom
0x081198EC	thumb	SetUsingUnionRoomStartMenu
0x08119904	thumb	ReceiveUnionRoomActivityPacket
0x08119944	thumb	HandleContactFromOtherPlayer
0x0811999C	thumb	InitUnionRoom
0x081199FC	thumb	Task_InitUnionRoom
0x08119B68	thumb	BufferUnionRoomPlayerName
0x08119B94	thumb	HandlePlayerListUpdate
0x08119D34	thumb	Task_SearchForChildOrParent
0x08119E84	thumb	CreateTask_SearchForChildOrParent
0x08119EB8	thumb	Task_ListenForCompatiblePartners
0x08119FB0	thumb	HasWonderCardOrNewsByLinkGroup
0x08119FD8	thumb	Task_ListenForWonderDistributor
0x0811A054	thumb	CreateTask_ListenForCompatiblePartners
0x0811A084	thumb	CreateTask_ListenForWonderDistributor
0x0811A0B4	thumb	UR_PrintFieldMessage
0x0811A0E0	thumb	UR_RunTextPrinters
0x0811A0F8	thumb	PrintOnTextbox
0x0811A14C	thumb	UnionRoomHandleYesNo
0x0811A1AC	thumb	CreateTradeBoardWindow
0x0811A1FC	thumb	DeleteTradeBoardWindow
0x0811A218	thumb	ListMenuHandler_AllItemsAvailable
0x0811A2EC	thumb	TradeBoardMenuHandler
0x0811A3F8	thumb	UR_ClearBg0
0x0811A41C	thumb	JoinGroup_EnableScriptContexts
0x0811A444	thumb	PrintUnionRoomText
0x0811A5E4	thumb	ClearRfuPlayerList
0x0811A650	thumb	ClearIncomingPlayerList
0x0811A694	thumb	ArePlayersDifferent
0x0811A6DC	thumb	ArePlayerDataDifferent
0x0811A748	thumb	GetNewIncomingPlayerId
0x0811A798	thumb	TryAddIncomingPlayerToList
0x0811A81C	thumb	PrintGroupMemberOnWindow
0x0811A910	thumb	PrintGroupCandidateOnWindow
0x0811A9B8	thumb	IsPlayerFacingTradingBoard
0x0811A9FC	thumb	GetResponseIdx_InviteToURoomActivity
0x0811AA24	thumb	ConvPartnerUnameAndGetWhetherMetAlready
0x0811AA5C	thumb	UnionRoomGetPlayerInteractionResponse
0x0811ABE0	thumb	ItemPrintFunc_Unused
0x0811ABE4	thumb	TradeBoardPrintItemInfo
0x0811ACA4	thumb	TradeBoardListMenuItemPrintFunc
0x0811AD7C	thumb	GetIndexOfNthTradeBoardOffer
0x0811ADC4	thumb	GetUnionRoomPlayerGender
0x0811ADD0	thumb	IsRequestedTradeInPlayerParty
0x0811AE68	thumb	GetURoomActivityRejectMsg
0x0811AECC	thumb	GetURoomActivityStartMsg
0x0811AF6C	thumb	GetChatLeaderActionRequestMessage
0x0811B0A4	thumb	PollPartnerYesNoResponse
0x0811B0D0	thumb	InUnionRoom
0x0811B0F0	thumb	HasAtLeastTwoMonsOfLevel30OrLower
0x0811B148	thumb	ResetUnionRoomTrade
0x0811B15C	thumb	Script_ResetUnionRoomTrade
0x0811B16C	thumb	RegisterTradeMonAndGetIsEgg
0x0811B1B4	thumb	RegisterTradeMon
0x0811B1EC	thumb	GetPartyPositionOfRegisteredMon
0x0811B258	thumb	HandleCancelActivity
0x0811B298	thumb	StartScriptInteraction
0x0811B2A8	thumb	GetLinkPlayerInfoFlags
0x0811B2D8	thumb	GetActivePartnersInfo
0x0811B31C	thumb	ViewURoomPartnerTrainerCard
0x0811B504	thumb	IsPlayerStandingStill
0x0811B524	thumb	GetUnionRoomPlayerGraphicsId
0x0811B53C	thumb	GetUnionRoomPlayerCoords
0x0811B58C	thumb	IsUnionRoomPlayerAt
0x0811B5DC	thumb	IsUnionRoomPlayerHidden
0x0811B5F0	thumb	HideUnionRoomPlayer
0x0811B600	thumb	ShowUnionRoomPlayer
0x0811B610	thumb	SetUnionRoomPlayerGfx
0x0811B62C	thumb	CreateUnionRoomPlayerObjectEvent
0x0811B64C	thumb	RemoveUnionRoomPlayerObjectEvent
0x0811B66C	thumb	SetUnionRoomPlayerEnterExitMovement
0x0811B6E8	thumb	TryReleaseUnionRoomPlayerObjectEvent
0x0811B754	thumb	InitUnionRoomPlayerObjects
0x0811B7A8	thumb	AnimateUnionRoomPlayerDespawn
0x0811B804	thumb	AnimateUnionRoomPlayerSpawn
0x0811B8BC	thumb	SpawnGroupLeader
0x0811B90C	thumb	DespawnGroupLeader
0x0811B94C	thumb	AnimateUnionRoomPlayer
0x0811B9D8	thumb	Task_AnimateUnionRoomPlayers
0x0811BA18	thumb	CreateTask_AnimateUnionRoomPlayers
0x0811BA5C	thumb	DestroyTask_AnimateUnionRoomPlayers
0x0811BA78	thumb	DestroyUnionRoomPlayerObjects
0x0811BAAC	thumb	CreateUnionRoomPlayerSprites
0x0811BB40	thumb	DestroyUnionRoomPlayerSprites
0x0811BB68	thumb	MakeGroupAssemblyAreasPassable
0x0811BBA0	thumb	GetNewFacingDirectionForUnionRoomPlayer
0x0811BBC8	thumb	IsUnionRoomPlayerInvisible
0x0811BBE0	thumb	SpawnGroupMember
0x0811BC68	thumb	DespawnGroupMember
0x0811BCA0	thumb	AssembleGroup
0x0811BDA8	thumb	SpawnGroupLeaderAndMembers
0x0811BE6C	thumb	DespawnGroupLeaderAndMembers
0x0811BE8C	thumb	UpdateUnionRoomPlayerSprites
0x0811BECC	thumb	ScheduleUnionRoomPlayerRefresh
0x0811BEDC	thumb	HandleUnionRoomPlayerRefresh
0x0811BF00	thumb	TryInteractWithUnionRoomMember
0x0811C008	thumb	SetUnionRoomObjectFacingDirection
0x0811C028	thumb	UpdateUnionRoomMemberFacing
0x0811C04C	thumb	SetUpPartiesAndStartBattle
0x0811C0E0	thumb	UnionRoomBattle_CreateTextPrinter
0x0811C150	thumb	UnionRoomBattle_PrintTextOnWindow0
0x0811C1B4	thumb	VBlankCB_UnionRoomBattle
0x0811C1C8	thumb	CB2_UnionRoomBattle
0x0811C540	thumb	StartUseItemAnim_Normal
0x0811C568	thumb	StartUseItemAnim_ForgetMoveAndLearnTMorHM
0x0811C5AC	thumb	StartUseItemAnim_CantEvolve
0x0811C5D4	thumb	AllocPSA
0x0811C6E8	thumb	VBlankCB_PSA
0x0811C6FC	thumb	CB2_PSA
0x0811C718	thumb	SetUseItemAnimCallback
0x0811C748	thumb	SetUpUseItemAnim_Normal
0x0811C7BC	thumb	SetUpUseItemAnim_ForgetMoveAndLearnTMorHM
0x0811C7FC	thumb	SetUpUseItemAnim_CantEvolve
0x0811C834	thumb	Task_UseItem_Normal
0x0811CA20	thumb	Task_ForgetMove
0x0811CBE4	thumb	Task_EvoStone_CantEvolve
0x0811CD68	thumb	Task_UseTM_NoForget
0x0811CE4C	thumb	Task_MachineSet
0x0811CF88	thumb	Task_CleanUp
0x0811D018	thumb	GetAnimTypeByItemId
0x0811D058	thumb	GetClosenessFromFriendship
0x0811D080	thumb	GetPSAStruct
0x0811D094	thumb	PSA_GetPokemon
0x0811D0A8	thumb	PSA_GetSceneWork
0x0811D0B4	thumb	PSA_GetItemId
0x0811D0C4	thumb	PSA_GetNameOfMoveForgotten
0x0811D0D0	thumb	PSA_GetNameOfMoveToTeach
0x0811D0DC	thumb	PSA_CopyMonNickname
0x0811D0F4	thumb	PSA_GetMonNickname
0x0811D100	thumb	PSA_GetAnimType
0x0811D110	thumb	PSA_GetMonSpecies
0x0811D120	thumb	PSA_GetMonPersonality
0x0811D130	thumb	GetMonLevelUpWindowStats
0x0811D178	thumb	PSA_IsCancelDisabled
0x0811D184	thumb	InitPokemonSpecialAnimScene
0x0811D280	thumb	PokemonSpecialAnimSceneInitIsNotFinished
0x0811D29C	thumb	PSA_FreeWindowBuffers
0x0811D2A8	thumb	PSA_ShowMessageWindow
0x0811D2D0	thumb	PSA_HideMessageWindow
0x0811D2EC	thumb	PSA_PrintMessage
0x0811D4D4	thumb	PSA_AfterPoof_ClearMessageWindow
0x0811D4EC	thumb	PSA_IsMessagePrintTaskActive
0x0811D4FC	thumb	PSA_DarkenMonSprite
0x0811D530	thumb	PSA_RunPoofAnim
0x0811D5A0	thumb	PSA_UseTM_SetUpZoomOutAnim
0x0811D5B0	thumb	PSA_UseTM_CleanUpForCancel
0x0811D5C0	thumb	PSA_UseTM_RunZoomOutAnim
0x0811D6EC	thumb	PSA_UseTM_SetUpMachineSetWobble
0x0811D6FC	thumb	PSA_UseTM_RunMachineSetWobble
0x0811D734	thumb	PSA_CreateLevelUpVerticalSpritesTask
0x0811D754	thumb	PSA_LevelUpVerticalSpritesTaskIsRunning
0x0811D764	thumb	PSA_DrawLevelUpWindowPg1
0x0811D7A0	thumb	PSA_DrawLevelUpWindowPg2
0x0811D7C4	thumb	PSA_IsCopyingLevelUpWindowToVram
0x0811D7D4	thumb	LoadBgGfxByAnimType
0x0811D830	thumb	PSA_CreateMonSpriteAtCloseness
0x0811D948	thumb	PSA_SetUpZoomAnim
0x0811D9A8	thumb	PSA_IsZoomTaskActive
0x0811D9BC	thumb	Task_ZoomAnim
0x0811DA9C	thumb	SetSpriteWithCloseness
0x0811DAAC	thumb	IsZoomSpriteCBActive
0x0811DAC0	thumb	GetSpriteOffsetByScale
0x0811DADC	thumb	GetYPosByScale
0x0811DB14	thumb	MonSpriteZoom_UpdateYPos
0x0811DB48	thumb	ItemSpriteZoom_UpdateYPos
0x0811DB7C	thumb	StartMonWiggleAnim
0x0811DBA8	thumb	StopMonWiggleAnim
0x0811DBBC	thumb	SpriteCallback_MonSpriteWiggle
0x0811DC14	thumb	LoadMonSpriteGraphics
0x0811DC54	thumb	PSA_SetUpItemUseOnMonAnim
0x0811DCE8	thumb	GetBlendColorByItemId
0x0811DCF0	thumb	CreateItemIconSpriteAtMaxCloseness
0x0811DD20	thumb	PSA_CreateItemIconObject
0x0811DD90	thumb	PSA_IsItemUseOnMonAnimActive
0x0811DDA4	thumb	Task_ItemUseOnMonAnim
0x0811DF14	thumb	CreateSprites_UseItem_OutwardSpiralDots
0x0811DFC0	thumb	SpriteCB_OutwardSpiralDots
0x0811E040	thumb	PSA_UseItem_CleanUpForCancel
0x0811E06C	thumb	InitItemIconSpriteState
0x0811E10C	thumb	MachineSetWobbleInit
0x0811E128	thumb	MachineSetWobble_SetCB
0x0811E138	thumb	MachineSetWobbleCBIsRunning
0x0811E154	thumb	SpriteCB_MachineSetWobble
0x0811E194	thumb	StartZoomOutAnimForUseTM
0x0811E204	thumb	CreateStarSprites
0x0811E2F4	thumb	AnyStarSpritesActive
0x0811E300	thumb	SpriteCB_Star
0x0811E348	thumb	PSAScene_SeedRandomInTask
0x0811E388	thumb	StopMakingOutwardSpiralDots
0x0811E3B4	thumb	Task_UseItem_OutwardSpiralDots
0x0811E4EC	thumb	PSAScene_RandomFromTask
0x0811E520	thumb	SpriteCallback_UseItem_OutwardSpiralDots
0x0811E588	thumb	LoadOutwardSpiralDotsGfx
0x0811E5A4	thumb	IsOutwardSpiralDotsTaskRunning
0x0811E5B8	thumb	CreateLevelUpVerticalSpritesTask
0x0811E680	thumb	LevelUpVerticalSpritesTaskIsRunning
0x0811E694	thumb	Task_LevelUpVerticalSprites
0x0811E710	thumb	CreateLevelUpVerticalSprite
0x0811E7B4	thumb	SpriteCB_LevelUpVertical
0x0811E7F0	thumb	DrawLevelUpWindowPg1
0x0811E93C	thumb	DrawLevelUpWindowPg2
0x0811EA44	thumb	InitPartyMenu
0x0811EBA0	thumb	CB2_UpdatePartyMenu
0x0811EBBC	thumb	VBlankCB_PartyMenu
0x0811EBD0	thumb	CB2_InitPartyMenu
0x0811EBFC	thumb	ShowPartyMenu
0x0811EE38	thumb	ExitPartyMenu
0x0811EE74	thumb	Task_ExitPartyMenu
0x0811EEA8	thumb	ResetPartyMenu
0x0811EECC	thumb	AllocPartyMenuBg
0x0811EF44	thumb	AllocPartyMenuBgGfx
0x0811F03C	thumb	PartyPaletteBufferCopy
0x0811F070	thumb	FreePartyPointers
0x0811F0BC	thumb	InitPartyMenuBoxes
0x0811F124	thumb	RenderPartyMenuBox
0x0811F234	thumb	DisplayPartyPokemonData
0x0811F2FC	thumb	DisplayPartyPokemonDescriptionData
0x0811F388	thumb	DisplayPartyPokemonDataForChooseMultiple
0x0811F404	thumb	DisplayPartyPokemonDataForWirelessMinigame
0x0811F430	thumb	DisplayPartyPokemonDataForMoveTutorOrEvolutionItem
0x0811F4D0	thumb	DisplayPartyPokemonDataToTeachMove
0x0811F528	thumb	DisplayPartyPokemonDataForMultiBattle
0x0811F5EC	thumb	RenderPartyMenuBoxes
0x0811F620	thumb	GetPartyMenuBgTile
0x0811F634	thumb	CreatePartyMonSprites
0x0811F740	thumb	CreatePartyMonSpritesLoop
0x0811F774	thumb	CreateCancelConfirmPokeballSprites
0x0811F818	thumb	AnimatePartySlot
0x0811F944	thumb	GetPartyBoxPaletteFlags
0x0811F9DC	thumb	DrawCancelConfirmButtons
0x0811FA20	thumb	IsMultiBattle
0x0811FA40	thumb	SwapPartyPokemon
0x0811FA78	thumb	Task_ClosePartyMenu
0x0811FAB4	thumb	Task_ClosePartyMenuAndSetCB2
0x0811FB0C	thumb	GetCursorSelectionMonId
0x0811FB18	thumb	GetPartyMenuType
0x0811FB28	thumb	Task_HandleChooseMonInput
0x0811FBA4	thumb	GetCurrentPartySlotPtr
0x0811FBC4	thumb	HandleChooseMonSelection
0x0811FD5C	thumb	IsSelectedMonNotEgg
0x0811FD88	thumb	HandleChooseMonCancel
0x0811FE24	thumb	DisplayCancelChooseMonYesNo
0x0811FE70	thumb	Task_CancelChooseMonYesNo
0x0811FEA4	thumb	Task_HandleCancelChooseMonYesNoInput
0x0811FEFC	thumb	PartyMenuButtonHandler
0x0811FF94	thumb	UpdateCurrentPartySelection
0x0811FFF0	thumb	UpdatePartySelectionSingleLayout
0x081200F8	thumb	UpdatePartySelectionDoubleLayout
0x0812029C	thumb	GetNewSlotDoubleLayout
0x081202E0	thumb	GetMonNickname
0x081202F8	thumb	DisplayPartyMenuMessage
0x08120328	thumb	Task_PrintAndWaitForText
0x08120370	thumb	IsPartyMenuTextPrinterActive
0x08120384	thumb	Task_WaitForLinkAndReturnToChooseMon
0x081203B8	thumb	Task_ReturnToChooseMonAfterText
0x08120420	thumb	DisplayGaveHeldItemMessage
0x081204AC	thumb	DisplayTookHeldItemMessage
0x0812050C	thumb	DisplayAlreadyHoldingItemSwitchMessage
0x08120558	thumb	DisplaySwitchedHeldItemMessage
0x081205C8	thumb	GiveItemToMon
0x08120610	thumb	TryTakeMonItem
0x08120658	thumb	BufferBagFullCantTakeItemMessage
0x081206A8	thumb	Task_PartyMenuModifyHP
0x08120760	thumb	PartyMenuModifyHP
0x081207F0	thumb	ResetHPTaskData
0x0812085C	thumb	GetAilmentFromStatus
0x081208A4	thumb	GetMonAilment
0x081208E4	thumb	SetPartyMonsAllowedInMinigame
0x0812097C	thumb	IsMonAllowedInPokemonJump
0x081209AC	thumb	IsMonAllowedInDodrioBerryPicking
0x081209D4	thumb	IsMonAllowedInMinigame
0x081209F4	thumb	TryEnterMonForMinigame
0x08120A58	thumb	CancelParticipationPrompt
0x08120A90	thumb	Task_CancelParticipationYesNo
0x08120AC4	thumb	Task_HandleCancelParticipationYesNoInput
0x08120B20	thumb	CanMonLearnTMTutor
0x08120BA8	thumb	GetTutorMove
0x08120BE8	thumb	CanLearnTutorMove
0x08120C3C	thumb	Task_FirstBattleEnterParty_WaitFadeIn
0x08120C6C	thumb	Task_FirstBattleEnterParty_DarkenScreen
0x08120CA8	thumb	Task_FirstBattleEnterParty_WaitDarken
0x08120CD8	thumb	Task_FirstBattleEnterParty_CreatePrinter
0x08120D08	thumb	Task_FirstBattleEnterParty_RunPrinterMsg1
0x08120D40	thumb	Task_FirstBattleEnterParty_LightenFirstMonIcon
0x08120D7C	thumb	Task_FirstBattleEnterParty_WaitLightenFirstMonIcon
0x08120DAC	thumb	Task_FirstBattleEnterParty_StartPrintMsg2
0x08120DE0	thumb	Task_FirstBattleEnterParty_RunPrinterMsg2
0x08120E1C	thumb	Task_FirstBattleEnterParty_FadeNormal
0x08120E58	thumb	Task_FirstBattleEnterParty_WaitFadeNormal
0x08120EBC	thumb	Task_PartyMenu_Pokedude
0x08120EE0	thumb	Task_PartyMenu_PokedudeStep
0x08120F78	thumb	PartyMenuPokedudeIsCancelled
0x08120FB0	thumb	PartyMenuHandlePokedudeCancel
0x08120FCC	thumb	Task_PartyMenuFromBag_Pokedude
0x08120FF0	thumb	Task_PartyMenuFromBag_PokedudeStep
0x08121060	thumb	InitPartyMenuWindows
0x081210F8	thumb	CreateCancelConfirmWindows
0x08121248	thumb	GetPartyMenuPalBufferPtr
0x0812125C	thumb	BlitBitmapToPartyWindow
0x0812133C	thumb	BlitBitmapToPartyWindow_LeftColumn
0x081213A0	thumb	BlitBitmapToPartyWindow_RightColumn
0x08121404	thumb	DrawEmptySlot
0x0812142C	thumb	LoadPartyBoxPalette
0x08121704	thumb	DisplayPartyPokemonBarDetail
0x08121738	thumb	DisplayPartyPokemonNickname
0x08121790	thumb	DisplayPartyPokemonLevelCheck
0x08121808	thumb	DisplayPartyPokemonLevel
0x08121854	thumb	DisplayPartyPokemonGenderNidoranCheck
0x081218BC	thumb	DisplayPartyPokemonGender
0x0812199C	thumb	DisplayPartyPokemonHPCheck
0x08121A04	thumb	DisplayPartyPokemonHP
0x08121A3C	thumb	DisplayPartyPokemonMaxHPCheck
0x08121AA4	thumb	DisplayPartyPokemonMaxHP
0x08121AF0	thumb	DisplayPartyPokemonHPBarCheck
0x08121B2C	thumb	DisplayPartyPokemonHPBar
0x08121C70	thumb	DisplayPartyPokemonDescriptionText
0x08121CE4	thumb	PartyMenuRemoveWindow
0x08121D0C	thumb	DisplayPartyMenuStdMessage
0x08121DF8	thumb	ShouldUseChooseMonText
0x08121E5C	thumb	DisplaySelectionWindow
0x08121FC0	thumb	PartyMenuPrintText
0x0812200C	thumb	PartyMenuDisplayYesNoMenu
0x08122034	thumb	CreateLevelUpStatsWindow
0x08122064	thumb	RemoveLevelUpStatsWindow
0x08122084	thumb	PartyMenu_Oak_PrintText
0x081220D4	thumb	FirstBattleEnterParty_CreateWindowAndMsg1Printer
0x08122110	thumb	FirstBattleEnterParty_DestroyVoiceoverWindow
0x08122138	thumb	ToggleFieldMoveDescriptionWindow
0x081221D4	thumb	CreatePartyMonIconSprite
0x0812224C	thumb	CreatePartyMonIconSpriteParameterized
0x081222AC	thumb	UpdateHPBar
0x08122358	thumb	UpdatePartyMonHPBar
0x0812238C	thumb	AnimateSelectedPartyIcon
0x081223FC	thumb	SpriteCB_BouncePartyMonIcon
0x08122428	thumb	SpriteCB_UpdatePartyMonIcon
0x08122434	thumb	CreatePartyMonHeldItemSprite
0x08122468	thumb	CreatePartyMonHeldItemSpriteParameterized
0x081224B4	thumb	UpdatePartyMonHeldItemSprite
0x081224D0	thumb	ShowOrHideHeldItemSprite
0x08122550	thumb	LoadHeldItemIcons
0x0812256C	thumb	DrawHeldItemIconsForTrade
0x08122610	thumb	CreateHeldItemSpriteForTrade
0x08122694	thumb	SpriteCB_HeldItem
0x081226EC	thumb	CreatePartyMonPokeballSprite
0x08122714	thumb	CreatePartyMonPokeballSpriteParameterized
0x08122754	thumb	CreatePokeballButtonSprite
0x08122794	thumb	CreateSmallPokeballButtonSprite
0x081227B8	thumb	PartyMenuStartSpriteAnim
0x081227DC	thumb	SpriteCB_BounceConfirmCancelButton
0x08122860	thumb	LoadPartyMenuPokeballGfx
0x08122884	thumb	CreatePartyMonStatusSprite
0x081228B8	thumb	CreatePartyMonStatusSpriteParameterized
0x08122904	thumb	SetPartyMonAilmentGfx
0x0812291C	thumb	UpdatePartyMonAilmentGfx
0x08122980	thumb	LoadPartyMenuAilmentGfx
0x0812299C	thumb	SetPartyMonSelectionActions
0x081229FC	thumb	SetPartyMonFieldSelectionActions
0x08122B20	thumb	GetPartyMenuActionsType
0x08122BD4	thumb	CreateSelectionWindow
0x08122C30	thumb	Task_TryCreateSelectionWindow
0x08122C5C	thumb	Task_HandleSelectionMenuInput
0x08122D4C	thumb	CursorCB_Summary
0x08122D78	thumb	CB2_ShowPokemonSummaryScreen
0x08122DBC	thumb	CB2_ReturnToPartyMenuFromSummaryScreen
0x08122E00	thumb	CursorCB_Switch
0x08122E5C	thumb	SwitchSelectedMons
0x08123000	thumb	TryMovePartySlot
0x08123068	thumb	MoveAndBufferPartySlot
0x08123134	thumb	MovePartyMenuBoxSprites
0x08123188	thumb	SlidePartyMenuBoxSpritesOneStep
0x081231E8	thumb	SlidePartyMenuBoxOneStep
0x08123270	thumb	Task_SlideSelectedSlotsOffscreen
0x08123388	thumb	Task_SlideSelectedSlotsOnscreen
0x08123420	thumb	SwitchMenuBoxSprites
0x081234EC	thumb	SwitchPartyMon
0x0812358C	thumb	SetSwitchedPartyOrderQuestLogEvent
0x081235E8	thumb	FinishTwoMonAction
0x08123640	thumb	CursorCB_Cancel1
0x081236A0	thumb	CursorCB_Item
0x08123704	thumb	CursorCB_Give
0x08123730	thumb	CB2_SelectBagItemToGive
0x08123744	thumb	CB2_GiveHoldItem
0x08123824	thumb	Task_GiveHoldItem
0x081238A4	thumb	Task_SwitchHoldItemsPrompt
0x081238FC	thumb	Task_SwitchItemsYesNo
0x08123930	thumb	Task_HandleSwitchItemsYesNoInput
0x08123A50	thumb	Task_WriteMailToGiveMonAfterText
0x08123A80	thumb	CB2_WriteMailToGiveMon
0x08123ACC	thumb	CB2_ReturnToPartyMenuFromWritingMail
0x08123B78	thumb	Task_DisplayGaveMailFromPartyMessage
0x08123BF0	thumb	Task_UpdateHeldItemSprite
0x08123C38	thumb	CursorCB_TakeItem
0x08123CF4	thumb	CursorCB_Mail
0x08123D58	thumb	CursorCB_Read
0x08123D84	thumb	CB2_ReadHeldMail
0x08123DCC	thumb	CB2_ReturnToPartyMenuFromReadingMail
0x08123E0C	thumb	CursorCB_TakeMail
0x08123E58	thumb	Task_SendMailToPCYesNo
0x08123E8C	thumb	Task_HandleSendMailToPCYesNoInput
0x08123F4C	thumb	Task_LoseMailMessageYesNo
0x08123F80	thumb	Task_HandleLoseMailMessageYesNoInput
0x08124064	thumb	CursorCB_Cancel2
0x081240F4	thumb	CursorCB_SendMon
0x08124154	thumb	CursorCB_Enter
0x08124258	thumb	MoveCursorToConfirm
0x08124278	thumb	CursorCB_NoEntry
0x08124354	thumb	CursorCB_Store
0x08124384	thumb	CursorCB_Register
0x08124490	thumb	CursorCB_Trade1
0x081245A0	thumb	CursorCB_Trade2
0x081245A4	thumb	CursorCB_FieldMove
0x081247C4	thumb	DisplayFieldMoveExitAreaMessage
0x081247F4	thumb	Task_FieldMoveExitAreaYesNo
0x08124828	thumb	Task_HandleFieldMoveExitAreaYesNoInput
0x081248B0	thumb	FieldCallback_PrepareFadeInFromMenu
0x081248C8	thumb	Task_FieldMoveWaitForFade
0x08124904	thumb	GetFieldMoveMonSpecies
0x0812492C	thumb	Task_CancelAfterAorBPress
0x08124954	thumb	DisplayCantUseFlashMessage
0x0812497C	thumb	FieldCallback_Surf
0x08124998	thumb	SetUpFieldMove_Surf
0x08124A0C	thumb	DisplayCantUseSurfMessage
0x08124A8C	thumb	SetUpFieldMove_Fly
0x08124AB0	thumb	CB2_ReturnToPartyMenuFromFlyMap
0x08124ADC	thumb	FieldCallback_Waterfall
0x08124AF8	thumb	SetUpFieldMove_Waterfall
0x08124B60	thumb	SetSwappedHeldItemQuestLogEvent
0x08124BB0	thumb	SetUsedFieldMoveQuestLogEvent
0x08124C1C	thumb	SetUsedFlyQuestLogEvent
0x08124C8C	thumb	CB2_ShowPartyMenuForItemUse
0x08124D90	thumb	CB2_ReturnToBagMenu
0x08124DA0	thumb	CB2_ReturnToTMCaseMenu
0x08124DB0	thumb	CB2_ReturnToBerryPouchMenu
0x08124DC0	thumb	Task_DoUseItemAnim
0x08124DE0	thumb	CB2_DoUseItemAnim
0x08124E48	thumb	CB2_UseItem
0x08124EFC	thumb	CB2_UseTMHMAfterForgettingMove
0x08124FC8	thumb	Task_SetSacredAshCB
0x08125018	thumb	IsHPRecoveryItem
0x08125058	thumb	GetMedicineItemEffectMessage
0x08125218	thumb	NotUsingHPEVItemOnShedinja
0x0812524C	thumb	IsItemFlute
0x08125268	thumb	ExecuteTableBasedItemEffect_
0x081252D0	thumb	ItemUseCB_Medicine
0x081253B0	thumb	ItemUseCB_MedicineStep
0x08125554	thumb	Task_DisplayHPRestoredMessage
0x081255BC	thumb	Task_ClosePartyMenuAfterText
0x081255F0	thumb	ShowMoveSelectWindow
0x081256C0	thumb	Task_HandleRestoreWhichMoveInput
0x081256F8	thumb	ItemUseCB_TryRestorePP
0x08125790	thumb	SetSelectedMoveForPPItem
0x081257D4	thumb	ReturnToUseOnWhichMon
0x0812580C	thumb	TryUsePPItemOutsideBattle
0x08125898	thumb	ItemUseCB_RestorePP
0x08125958	thumb	TryUsePPItemInBattle
0x08125A3C	thumb	ItemUseCB_PPUp
0x08125A78	thumb	ItemIdToBattleMoveId
0x08125A90	thumb	IsMoveHm
0x08125AC0	thumb	MonKnowsMove
0x08125AF0	thumb	DisplayLearnMoveMessage
0x08125B14	thumb	DisplayLearnMoveMessageAndClose
0x08125B40	thumb	ItemUseCB_TMHM
0x08125C38	thumb	ItemUseCB_LearnedMove
0x08125C48	thumb	Task_LearnedMove
0x08125CF4	thumb	Task_DoLearnedMoveFanfareAfterText
0x08125D2C	thumb	Task_LearnNextMoveOrClosePartyMenu
0x08125D88	thumb	Task_ReplaceMoveYesNo
0x08125DBC	thumb	Task_HandleReplaceMoveYesNoInput
0x08125E1C	thumb	Task_ShowSummaryScreenToForgetMove
0x08125E4C	thumb	CB2_ShowSummaryScreenToForgetMove
0x08125E84	thumb	CB2_ReturnToPartyMenuWhileLearningMove
0x08125F14	thumb	Task_ReturnToPartyMenuWhileLearningMove
0x08125F4C	thumb	ItemUseCB_ReplaceMoveWithTMHM
0x08125F5C	thumb	Task_ReplaceMoveWithTMHM
0x08125FFC	thumb	DisplayPartyMenuForgotMoveMessage
0x0812607C	thumb	Task_PartyMenuReplaceMove
0x081260D8	thumb	StopLearningMovePrompt
0x0812613C	thumb	Task_StopLearningMoveYesNo
0x08126170	thumb	Task_HandleStopLearningMoveYesNoInput
0x0812628C	thumb	Task_TryLearningNextMoveAfterText
0x081262AC	thumb	ItemUseCB_RareCandy
0x08126350	thumb	ItemUseCB_RareCandyStep
0x08126440	thumb	UpdateMonDisplayInfoAfterRareCandy
0x081264C8	thumb	Task_DisplayLevelUpStatsPg1
0x08126528	thumb	Task_DisplayLevelUpStatsPg2
0x08126570	thumb	DisplayLevelUpStatsPg1
0x081265BC	thumb	DisplayLevelUpStatsPg2
0x081265F8	thumb	Task_TryLearnNewMoves
0x081266A0	thumb	Task_TryLearningNextMove
0x08126704	thumb	PartyMenuTryEvolution
0x08126770	thumb	DisplayMonNeedsToReplaceMove
0x08126804	thumb	DisplayMonLearnedMove
0x08126894	thumb	ItemUseCB_SacredAsh
0x081268D4	thumb	UseSacredAsh
0x08126A18	thumb	Task_SacredAshLoop
0x08126AFC	thumb	Task_SacredAshDisplayHPRestored
0x08126B60	thumb	ItemUseCB_EvolutionStone
0x08126BD4	thumb	CB2_UseEvolutionStone
0x08126C24	thumb	MonCanEvolve
0x08126C68	thumb	GetItemEffectType
0x08126DC8	thumb	TryTutorSelectedMon
0x08126EB0	thumb	CB2_PartyMenuFromStartMenu
0x08126EDC	thumb	CB2_ChooseMonToGiveItem
0x08126F40	thumb	TryGiveItemOrMailToSelectedMon
0x08126FD8	thumb	GiveItemOrMailToSelectedMon
0x0812701C	thumb	GiveItemToSelectedMon
0x08127098	thumb	Task_UpdateHeldItemSpriteAndClosePartyMenu
0x081270E0	thumb	CB2_WriteMailToGiveMonFromBag
0x0812713C	thumb	CB2_ReturnToPartyOrBagMenuFromWritingMail
0x081271C4	thumb	Task_DisplayGaveMailFromBagMessage
0x08127234	thumb	Task_SwitchItemsFromBagYesNo
0x08127268	thumb	Task_HandleSwitchItemsFromBagYesNoInput
0x0812734C	thumb	DisplayItemMustBeRemovedFirstMessage
0x08127384	thumb	RemoveItemToGiveFromBag
0x081273AC	thumb	ReturnGiveItemToBagOrPC
0x081273D8	thumb	ChooseMonToGiveMailFromMailbox
0x08127404	thumb	TryGiveMailToSelectedMon
0x081274A8	thumb	InitChooseMonsForBattle
0x081274FC	thumb	ClearSelectedPartyOrder
0x08127510	thumb	GetPartySlotEntryStatus
0x08127550	thumb	GetBattleEntryEligibility
0x081275F8	thumb	CheckBattleEntriesAndGetMessage
0x08127710	thumb	HasPartySlotAlreadyBeenSelected
0x0812773C	thumb	Task_ValidateChosenMonsForBattle
0x081277AC	thumb	Task_ContinueChoosingMonsForBattle
0x081277F4	thumb	ChooseMonForTradingBoard
0x0812781C	thumb	ChooseMonForMoveTutor
0x08127888	thumb	ChooseMonForWirelessMinigame
0x081278B4	thumb	GetPartyLayoutFromBattleType
0x081278DC	thumb	OpenPartyMenuInTutorialBattle
0x08127968	thumb	Pokedude_OpenPartyMenuInBattle
0x081279A4	thumb	Pokedude_ChooseMonForInBattleItem
0x081279E0	thumb	EnterPartyFromItemMenuInBattle
0x08127A84	thumb	GetPartyMenuActionsTypeInBattle
0x08127AC0	thumb	TrySwitchInPokemon
0x08127CAC	thumb	BufferBattlePartyCurrentOrder
0x08127CCC	thumb	BufferBattlePartyOrder
0x08127DA8	thumb	BufferBattlePartyCurrentOrderBySide
0x08127DCC	thumb	BufferBattlePartyOrderBySide
0x08127EC4	thumb	SwitchPartyOrderLinkMulti
0x08127F7C	thumb	GetPartyIdFromBattleSlot
0x08127FB0	thumb	SetPartyIdAtBattleSlot
0x08127FF4	thumb	SwitchPartyMonSlots
0x08128030	thumb	GetPartyIdFromBattlePartyId
0x08128074	thumb	UpdatePartyToBattleOrder
0x081280C4	thumb	UpdatePartyToFieldOrder
0x08128114	thumb	SwitchAliveMonIntoLeadSlot
0x08128184	thumb	CB2_SetUpExitToBattleScreen
0x08128198	thumb	ShowPartyMenuToShowcaseMultiBattleParty
0x081281C4	thumb	Task_InitMultiPartnerPartySlideIn
0x081281FC	thumb	Task_MultiPartnerPartySlideIn
0x08128288	thumb	Task_WaitAfterMultiPartnerPartySlideIn
0x081282B8	thumb	MoveMultiPartyMenuBoxSprite
0x081282DC	thumb	SlideMultiPartyMenuBoxSpritesOneStep
0x08128370	thumb	ChooseMonForDaycare
0x081283A8	thumb	ChoosePartyMonByMenuType
0x081283E4	thumb	CB2_FadeFromPartyMenu
0x081283FC	thumb	Task_PartyMenuWaitForFade
0x08128420	thumb	EnterUnionRoomChat
0x0812845C	thumb	InitChatWork
0x081284BC	thumb	FreeChatWork
0x081284E0	thumb	CB2_LoadInterface
0x081285B4	thumb	VBlankCB_UnionRoomChatMain
0x081285CC	thumb	CB2_UnionRoomChatMain
0x081285E8	thumb	Task_HandlePlayerInput
0x08128640	thumb	ChatEntryRoutine_Join
0x081286C4	thumb	ChatEntryRoutine_HandleInput
0x081287B4	thumb	ChatEntryRoutine_Switch
0x081288D4	thumb	ChatEntryRoutine_AskQuitChatting
0x08128AA0	thumb	ChatEntryRoutine_ExitChat
0x08128C04	thumb	ChatEntryRoutine_Drop
0x08128CA8	thumb	ChatEntryRoutine_Disbanded
0x08128DA4	thumb	ChatEntryRoutine_SendMessage
0x08128E78	thumb	ChatEntryRoutine_Register
0x08128FB8	thumb	ChatEntryRoutine_SaveAndExit
0x08129218	thumb	GoToRoutine
0x08129228	thumb	TypeChatMessage_HandleDPad
0x081292D8	thumb	AppendCharacterToChatMessageBuffer
0x081293AC	thumb	DeleteLastCharacterOfChatMessageBuffer
0x081293D8	thumb	ToggleCaseOfLastCharacterInChatMessageBuffer
0x08129408	thumb	ChatMsgHasAtLeastOneCharcter
0x08129424	thumb	RegisterTextAtRow
0x08129454	thumb	ResetMessageEntryBuffer
0x08129470	thumb	SaveRegisteredTextsToSB1
0x081294B0	thumb	UnionRoomChat_GetWorkRegisteredText
0x081294C8	thumb	GetEndOfUnk1A
0x081294EC	thumb	GetPtrToLastCharOfUnk1A
0x0812951C	thumb	GetNumCharsInMessageEntryBuffer
0x08129560	thumb	PrepareSendBuffer_Null
0x08129568	thumb	PrepareSendBuffer_Join
0x08129590	thumb	PrepareSendBuffer_Chat
0x081295C0	thumb	PrepareSendBuffer_Leave
0x081295EC	thumb	PrepareSendBuffer_Drop
0x08129614	thumb	PrepareSendBuffer_Disband
0x0812963C	thumb	ProcessReceivedChatMessage
0x081296F4	thumb	GetCurrentKeyboardPage
0x08129700	thumb	UnionRoomChat_GetCursorColAndRow
0x08129714	thumb	UnionRoomChat_GetMessageEntryBuffer
0x08129720	thumb	UnionRoomChat_LenMessageEntryBuffer
0x08129730	thumb	UnionRoomChat_GetBufferSelectionRegion
0x08129758	thumb	UnionRoomChat_GetEndOfMessageEntryBuffer
0x08129788	thumb	UnionRoomChat_GetNumCharsInMessageEntryBuffer
0x081297C4	thumb	UnionRoomChat_GetLastReceivedMessage
0x081297D0	thumb	UnionRoomChat_GetReceivedPlayerIndex
0x081297DC	thumb	UnionRoomChat_GetMessageEntryCursorPosition
0x081297E8	thumb	UnionRoomChat_GetWhetherShouldShowCaseToggleIcon
0x08129814	thumb	UnionRoomChat_GetNameOfPlayerWhoDisbandedChat
0x08129820	thumb	UnionRoomChat_InitializeRegisteredTexts
0x081298F8	thumb	Task_ReceiveChatMessage
0x08129B14	thumb	UnionRoomChat_TryAllocGraphicsWork
0x08129B78	thumb	UnionRoomChat_RunDisplaySubtask0
0x08129B88	thumb	UnionRoomChat_FreeGraphicsWork
0x08129BB8	thumb	InitWork
0x08129BC4	thumb	UnionRoomChat_ResetDisplaySubtasks
0x08129BFC	thumb	UnionRoomChat_RunDisplaySubtasks
0x08129C34	thumb	UnionRoomChat_StartDisplaySubtask
0x08129C8C	thumb	RunDisplaySubtask
0x08129CA0	thumb	DisplaySubtask_LoadGfx
0x08129D40	thumb	DisplaySubtask_PrintWin3
0x08129D78	thumb	DisplaySubtask_HideWin3
0x08129DB0	thumb	DisplaySubtask_SwitchPages
0x08129E1C	thumb	DisplaySubtask_MoveSelectorCursorObj
0x08129E28	thumb	DisplaySubtask_ShowQuitChattingDialog
0x08129E74	thumb	DisplaySubtask_HideQuitChattingDialog
0x08129EB8	thumb	DisplaySubtask_UpdateMessageBuffer
0x08129F24	thumb	DisplaySubtask_PrintRegisterWhere
0x08129FCC	thumb	DisplaySubtask_CancelRegister
0x0812A074	thumb	DisplaySubtask_ReturnToKeyboard
0x0812A0B0	thumb	DisplaySubtask_ScrollChat
0x0812A18C	thumb	DisplaySubtask_AnimateSelectorCursorBlink
0x0812A1B8	thumb	DisplaySubtask_PrintInputText
0x0812A1FC	thumb	DisplaySubtask_PrintExitingChat
0x0812A240	thumb	DisplaySubtask_PrintLeaderLeft
0x0812A294	thumb	DisplaySubtask_AskSave
0x0812A2E4	thumb	DisplaySubtask_AskOverwriteSave
0x0812A334	thumb	DisplaySubtask_PrintSavingDontTurnOffPower
0x0812A378	thumb	DisplaySubtask_PrintSavedTheGame
0x0812A3D0	thumb	DisplaySubtask_ShowConfirmLeaderLeaveDialog
0x0812A420	thumb	DisplaySubtaskDummy
0x0812A424	thumb	PlaceYesNoMenuAt
0x0812A51C	thumb	HideYesNoMenuWindow
0x0812A544	thumb	DestroyYesNoMenuWindow
0x0812A568	thumb	UnionRoomChat_ProcessInput
0x0812A578	thumb	PlaceStdMessageWindow
0x0812A6F4	thumb	HideStdMessageWindow
0x0812A728	thumb	DestroyStdMessageWindow
0x0812A74C	thumb	FillWin1Rect
0x0812A778	thumb	PrintOnWin1Parameterized
0x0812A804	thumb	PrintCurrentKeyboardPage
0x0812A980	thumb	AnimateMoveBg1Right
0x0812A9C8	thumb	AnimateMoveBg1Left
0x0812AA10	thumb	PrintKeyboardSwapTextsOnWin3
0x0812AA64	thumb	ClearWin3
0x0812AA78	thumb	PrintTextOnWin0Colorized
0x0812AAD4	thumb	ResetGpuBgState
0x0812AB8C	thumb	SetBgTilemapWorkBuffers
0x0812ABD8	thumb	ClearBg0
0x0812AC08	thumb	LoadUnionRoomChatPanelGfx
0x0812AC58	thumb	LoadLinkMiscMenuGfx
0x0812AC9C	thumb	LoadBg1Pal8
0x0812ACC0	thumb	LoadWin0
0x0812ACEC	thumb	LoadWin2
0x0812AD04	thumb	LoadWin1
0x0812AD20	thumb	LoadWin3
0x0812AD50	thumb	InitScanlineEffect
0x0812ADA0	thumb	FillScanlineEffectWithValue1col
0x0812ADF8	thumb	FillScanlineEffectWithValue2col
0x0812AE70	thumb	UnionRoomChat_TryAllocSpriteWork
0x0812AEB0	thumb	UnionRoomChat_FreeSpriteWork
0x0812AEC8	thumb	UnionRoomChat_CreateSelectorCursorObj
0x0812AEFC	thumb	UnionRoomChat_ToggleSelectorCursorObjVisibility
0x0812AF1C	thumb	UnionRoomChat_MoveSelectorCursorObj
0x0812AF8C	thumb	UnionRoomChat_UpdateObjPalCycle
0x0812AFC0	thumb	UnionRoomChat_SetSelectorCursorClosedImage
0x0812AFFC	thumb	UnionRoomChat_AnimateSelectorCursorReopen
0x0812B048	thumb	UnionRoomChat_SpawnTextEntryPointerSprites
0x0812B09C	thumb	SpriteCB_TextEntryCursor
0x0812B0D4	thumb	SpriteCB_CharacterSelectCursor
0x0812B100	thumb	CreatePageSwitchUISprites
0x0812B160	thumb	UpdateVisibleUnionRoomChatIcon
0x0812B1E0	thumb	SetHelpContextDontCheckBattle
0x0812B1F0	thumb	SetHelpContext
0x0812B220	thumb	Script_SetHelpContext
0x0812B234	thumb	BackupHelpContext
0x0812B248	thumb	RestoreHelpContext
0x0812B25C	thumb	IsInMartMap
0x0812B26C	thumb	IsInGymMap
0x0812B27C	thumb	IsCurrentMapInArray
0x0812B2C4	thumb	IsInDungeonMap
0x0812B35C	thumb	SetHelpContextForMap
0x0812B40C	thumb	HelpSystem_UpdateHasntSeenIntro
0x0812B45C	thumb	HelpSystem_IsSinglePlayer
0x0812B478	thumb	HelpSystem_Disable
0x0812B484	thumb	HelpSystem_Enable
0x0812B4AC	thumb	HelpSystem_DisableToggleWithRButton
0x0812B4B8	thumb	HelpSystem_EnableToggleWithRButton
0x0812B4C4	thumb	ResetHelpSystemListMenu
0x0812B4D8	thumb	BuildAndPrintMainTopicsListMenu
0x0812B520	thumb	BuildMainTopicsListAndMoveToH00
0x0812B5A8	thumb	BuildAndPrintSubmenuList
0x0812B614	thumb	SetHelpSystemSubmenuItems
0x0812B754	thumb	HelpSystem_ShouldShowBasicTerms
0x0812B780	thumb	IsHelpSystemSubmenuEnabled
0x0812BB10	thumb	HasGottenAtLeastOneHM
0x0812BB9C	thumb	RunHelpMenuSubroutine
0x0812BC54	thumb	HelpSystemSubroutine_PrintWelcomeMessage
0x0812BC80	thumb	HelpSystemSubroutine_WelcomeWaitButton
0x0812BCA8	thumb	HelpSystemSubroutine_WelcomeEndGotoMenu
0x0812BCD0	thumb	HelpSystemSubroutine_MenuInputHandlerMain
0x0812BD2C	thumb	HelpMenuSubroutine_InitSubmenu
0x0812BD64	thumb	HelpMenuSubroutine_ReturnFromSubmenu
0x0812BD98	thumb	HelpMenuSubroutine_SubmenuInputHandler
0x0812BDEC	thumb	HelpSystem_PrintTopicLabel
0x0812BE10	thumb	HelpMenuSubroutine_HelpItemPrint
0x0812BEEC	thumb	HelpMenuSubroutine_ReturnFromHelpItem
0x0812BF18	thumb	HelpMenuSubroutine_HelpItemWaitButton
0x0812BF5C	thumb	PrintWelcomeMessageOnPanel1
0x0812BF74	thumb	PrintTextOnPanel2Row52RightAlign
0x0812BF88	thumb	GetHelpSystemMenuLevel
0x0812BF94	thumb	ResetHelpSystemCursor
0x0812BF9C	thumb	PrintHelpSystemTopicMouseoverDescription
0x0812BFDC	thumb	TrySetQuestLogBattleEvent
0x0812C224	thumb	TrySetQuestLogLinkBattleEvent
0x0812C334	thumb	GetLinkMultiBattlePlayerIndexes
0x0812C380	thumb	FC_VBlankCallback
0x0812C394	thumb	MainCB2_FameCheckerMain
0x0812C3AC	thumb	UseFameChecker
0x0812C3F8	thumb	MainCB2_LoadFameChecker
0x0812C648	thumb	LoadUISpriteSheetsAndPalettes
0x0812C664	thumb	Task_WaitFadeOnInit
0x0812C694	thumb	Task_TopMenuHandleInput
0x0812C8F8	thumb	TryExitPickMode
0x0812C990	thumb	MessageBoxPrintEmptyText
0x0812C9BC	thumb	Task_EnterPickMode
0x0812CA1C	thumb	Task_ExitPickMode
0x0812CAD8	thumb	Task_FlavorTextDisplayHandleInput
0x0812CC68	thumb	FC_MoveSelectorCursor
0x0812CD3C	thumb	GetPickModeText
0x0812CE04	thumb	PrintSelectedNameInBrightGreen
0x0812CE9C	thumb	WipeMsgBoxAndTransfer
0x0812CEC0	thumb	Setup_DrawMsgAndListBoxes
0x0812CEE0	thumb	FC_PutWindowTilemapAndCopyWindowToVramMode3
0x0812CEFC	thumb	SetMessageSelectorIconObjMode
0x0812CF3C	thumb	Task_StartToCloseFameChecker
0x0812CF7C	thumb	Task_DestroyAssetsAndCloseFameChecker
0x0812D094	thumb	FC_DestroyWindow
0x0812D0C0	thumb	AdjustGiovanniIndexIfBeatenInGym
0x0812D0F4	thumb	PrintUIHelp
0x0812D174	thumb	DestroyAllFlavorTextIcons
0x0812D1A8	thumb	CreateAllFlavorTextIcons
0x0812D304	thumb	ResetFameChecker
0x0812D388	thumb	FullyUnlockFameChecker
0x0812D420	thumb	FCSetup_ClearVideoRegisters
0x0812D558	thumb	FCSetup_ResetTasksAndSpriteResources
0x0812D584	thumb	FCSetup_TurnOnDisplay
0x0812D594	thumb	FCSetup_ResetBGCoords
0x0812D5EC	thumb	SetFlavorTextFlagFromSpecialVars
0x0812D650	thumb	UpdatePickStateFromSpecialVar8005
0x0812D6B4	thumb	HasUnlockedAllFlavorTextsForCurrentPerson
0x0812D70C	thumb	FreeSelectionCursorSpriteResources
0x0812D724	thumb	CreateFlavorTextIconSelectorCursorSprite
0x0812D764	thumb	SpriteCB_DestroyFlavorTextIconSelectorCursor
0x0812D770	thumb	FreeQuestionMarkSpriteResources
0x0812D780	thumb	PlaceQuestionMarkTile
0x0812D7C8	thumb	FreeSpinningPokeballSpriteResources
0x0812D7E4	thumb	CreateSpinningPokeballSprite
0x0812D800	thumb	SpriteCB_DestroySpinningPokeball
0x0812D814	thumb	FreeNonTrainerPicTiles
0x0812D840	thumb	SpriteCB_FCSpinningPokeball
0x0812D888	thumb	CreatePersonPicSprite
0x0812D9A8	thumb	DestroyPersonPicSprite
0x0812DA14	thumb	UpdateIconDescriptionBox
0x0812DB10	thumb	UpdateIconDescriptionBoxOff
0x0812DB28	thumb	FC_CreateListMenu
0x0812DB64	thumb	InitListMenuTemplate
0x0812DBC0	thumb	FC_MoveCursorFunc
0x0812DD50	thumb	Task_SwitchToPickMode
0x0812DDAC	thumb	PrintCancelDescription
0x0812DDF0	thumb	FC_DoMoveCursor
0x0812DEF0	thumb	FC_PopulateListMenu
0x0812DFE4	thumb	FC_PutWindowTilemapAndCopyWindowToVramMode3_2
0x0812E000	thumb	FC_CreateScrollIndicatorArrowPair
0x0812E048	thumb	FreeListMenuSelectorArrowPairResources
0x0812E064	thumb	FameCheckerGetCursorY
0x0812E094	thumb	HandleFlavorTextModeSwitch
0x0812E110	thumb	Task_FCOpenOrCloseInfoBox
0x0812E178	thumb	UpdateInfoBoxTilemap
0x0812E4A4	thumb	PlaceListMenuCursor
0x0812E51C	thumb	AddTextPrinterParameterized3
0x0812E5A4	thumb	AddTextPrinterParameterized4
0x0812E62C	thumb	AddTextPrinterParameterized5
0x0812E6DC	thumb	Menu_PrintFormatIntlPlayerName
0x0812E768	thumb	UnusedBlitBitmapRect
0x0812E944	thumb	StartBlendTask
0x0812E9E4	thumb	IsBlendTaskActive
0x0812E9F8	thumb	Task_SmoothBlendLayers
0x0812EA78	thumb	Menu2_GetMonPosAttribute
0x0812EAE4	thumb	Menu2_GetStarSpritePosAttribute
0x0812EAFC	thumb	VBlankCB_NewGameScene
0x0812EB10	thumb	CB2_NewGameScene
0x0812EB2C	thumb	StartNewGameScene
0x0812EB58	thumb	Task_NewGameScene
0x0812EEB0	thumb	ControlsGuide_LoadPage1
0x0812EF50	thumb	Task_ControlsGuide_LoadPage
0x0812F0B0	thumb	Task_ControlsGuide_HandleInput
0x0812F180	thumb	Task_ControlsGuide_ChangePage
0x0812F274	thumb	Task_ControlsGuide_Clear
0x0812F33C	thumb	Task_PikachuIntro_LoadPage1
0x0812F4A8	thumb	Task_PikachuIntro_HandleInput
0x0812F72C	thumb	Task_PikachuIntro_Clear
0x0812F7C0	thumb	Task_OakSpeech_Init
0x0812F880	thumb	Task_OakSpeech_WelcomeToTheWorld
0x0812F944	thumb	Task_OakSpeech_ThisWorld
0x0812F9EC	thumb	Task_OakSpeech_ReleaseNidoranFFromPokeBall
0x0812FA78	thumb	Task_OakSpeech_IsInhabitedFarAndWide
0x0812FB4C	thumb	Task_OakSpeech_IStudyPokemon
0x0812FBF0	thumb	Task_OakSpeech_ReturnNidoranFToPokeBall
0x0812FC68	thumb	Task_OakSpeech_TellMeALittleAboutYourself
0x0812FD78	thumb	Task_OakSpeech_FadeOutOak
0x0812FDC0	thumb	Task_OakSpeech_AskPlayerGender
0x0812FE88	thumb	Task_OakSpeech_ShowGenderOptions
0x0812FFA4	thumb	Task_OakSpeech_HandleGenderInput
0x0812FFF0	thumb	Task_OakSpeech_ClearGenderWindows
0x08130050	thumb	Task_OakSpeech_LoadPlayerPic
0x081300A0	thumb	Task_OakSpeech_YourNameWhatIsIt
0x08130160	thumb	Task_OakSpeech_FadeOutForPlayerNamingScreen
0x081301B0	thumb	Task_OakSpeech_MoveRivalDisplayNameOptions
0x08130228	thumb	Task_OakSpeech_RepeatNameQuestion
0x08130324	thumb	Task_OakSpeech_HandleRivalNameInput
0x081303B4	thumb	Task_OakSpeech_DoNamingScreen
0x08130464	thumb	Task_OakSpeech_ConfirmName
0x08130554	thumb	Task_OakSpeech_HandleConfirmNameInput
0x08130650	thumb	Task_OakSpeech_FadeOutPlayerPic
0x08130694	thumb	Task_OakSpeech_FadeOutRivalPic
0x081306D4	thumb	Task_OakSpeech_FadeInRivalPic
0x0813071C	thumb	Task_OakSpeech_AskRivalsName
0x081307D0	thumb	Task_OakSpeech_ReshowPlayersPic
0x08130858	thumb	Task_OakSpeech_LetsGo
0x081308D0	thumb	Task_OakSpeech_FadeOutBGM
0x08130914	thumb	Task_OakSpeech_SetUpExitAnimation
0x08130940	thumb	Task_OakSpeech_SetUpShrinkPlayerPic
0x08130980	thumb	Task_OakSpeech_ShrinkPlayerPic
0x08130A38	thumb	Task_OakSpeech_SetUpDestroyPlatformSprites
0x08130A80	thumb	Task_OakSpeech_DestroyPlatformSprites
0x08130ADC	thumb	Task_OakSpeech_SetUpFadePlayerPicWhite
0x08130B10	thumb	Task_OakSpeech_FadePlayerPicWhite
0x08130BA8	thumb	Task_OakSpeech_FadePlayerPicToBlack
0x08130BF0	thumb	Task_OakSpeech_WaitForFade
0x08130C20	thumb	Task_OakSpeech_FreeResources
0x08130C64	thumb	CB2_ReturnFromNamingScreen
0x08130F2C	thumb	CreateNidoranFSprite
0x08130FB8	thumb	SpriteCB_Pikachu
0x08130FD4	thumb	CreatePikachuOrPlatformSprites
0x08131168	thumb	DestroyPikachuOrPlatformSprites
0x081311F4	thumb	LoadTrainerPic
0x08131310	thumb	ClearTrainerPic
0x08131338	thumb	Task_SlowFadeIn
0x0813144C	thumb	CreateFadeInTask
0x081314DC	thumb	Task_SlowFadeOut
0x081315CC	thumb	CreateFadeOutTask
0x08131660	thumb	PrintNameChoiceOptions
0x08131754	thumb	GetDefaultName
0x081317F8	thumb	InitTMCase
0x08131864	thumb	CB2_Idle
0x08131880	thumb	VBlankCB_Idle
0x08131894	thumb	CB2_SetUpTMCaseUI_Blocking
0x081318C0	thumb	DoSetUpTMCaseUI
0x08131A8C	thumb	ResetBufferPointers_NoFree
0x08131AB8	thumb	LoadBGTemplates
0x08131B20	thumb	HandleLoadTMCaseGraphicsAndPalettes
0x08131C10	thumb	CreateTMCaseListMenuBuffers
0x08131C50	thumb	InitTMCaseListMenuItems
0x08131D48	thumb	GetTMNumberAndMoveString
0x08131E18	thumb	List_MoveCursorFunc
0x08131E68	thumb	List_ItemPrintFunc
0x08131F0C	thumb	PrintDescription
0x08131F64	thumb	SetDescriptionWindowShade
0x08131F90	thumb	PrintListCursor
0x08131FB0	thumb	PrintListCursorAtRow
0x08132018	thumb	CreateListScrollArrows
0x08132054	thumb	CreateQuantityScrollArrows
0x0813208C	thumb	RemoveScrollArrows
0x081320AC	thumb	ResetTMCaseCursorPos
0x081320BC	thumb	TMCaseSetup_GetTMCount
0x08132120	thumb	TMCaseSetup_InitListMenuPositions
0x08132170	thumb	TMCaseSetup_UpdateVisualMenuOffset
0x081321D4	thumb	DestroyTMCaseBuffers
0x08132230	thumb	Task_BeginFadeOutFromTMCase
0x0813226C	thumb	Task_FadeOutAndCloseTMCase
0x081322D4	thumb	Task_HandleListInput
0x081323E4	thumb	ReturnToList
0x08132414	thumb	Task_SelectedTMHM_Field
0x08132568	thumb	Task_ContextMenu_HandleInput
0x081325F0	thumb	Action_Use
0x0813265C	thumb	Action_Give
0x081326F8	thumb	PrintError_ThereIsNoPokemon
0x08132714	thumb	PrintError_ItemCantBeHeld
0x08132758	thumb	Task_WaitButtonAfterErrorPrint
0x08132780	thumb	CloseMessageAndReturnToList
0x081327FC	thumb	Action_Exit
0x08132868	thumb	Task_SelectedTMHM_GiveParty
0x081328B8	thumb	Task_SelectedTMHM_GivePC
0x08132908	thumb	Task_SelectedTMHM_Sell
0x081329C4	thumb	Task_AskConfirmSaleWithAmount
0x08132A34	thumb	Task_PlaceYesNoBox
0x08132A48	thumb	Task_SaleOfTMsCanceled
0x08132AAC	thumb	Task_InitQuantitySelectUI
0x08132B5C	thumb	SellTM_PrintQuantityAndSalePrice
0x08132BC8	thumb	Task_QuantitySelect_HandleInput
0x08132CAC	thumb	Task_PrintSaleConfirmedText
0x08132D34	thumb	Task_DoSaleOfTMs
0x08132E0C	thumb	Task_AfterSale_ReturnToList
0x08132E64	thumb	Pokedude_InitTMCase
0x08132F20	thumb	Task_Pokedude_Start
0x08132F60	thumb	Task_Pokedude_Run
0x08133244	thumb	InitWindowTemplatesAndPals
0x081332EC	thumb	TMCase_Print
0x08133354	thumb	TMCase_SetWindowBorder1
0x08133368	thumb	TMCase_SetWindowBorder2
0x0813337C	thumb	PrintMessageWithFollowupTask
0x081333C4	thumb	PrintTitle
0x08133404	thumb	DrawMoveInfoLabels
0x08133444	thumb	PrintMoveInfo
0x081335B0	thumb	PlaceHMTileInWindow
0x081335E0	thumb	PrintPlayersMoney
0x08133604	thumb	HandleCreateYesNoMenu
0x08133630	thumb	AddContextMenu
0x08133664	thumb	RemoveContextMenu
0x0813368C	thumb	CreateDiscSprite
0x08133714	thumb	SetDiscSpriteAnim
0x08133730	thumb	TintDiscpriteByType
0x08133790	thumb	SetDiscSpritePosition
0x081337E4	thumb	SwapDisc
0x08133810	thumb	SpriteCB_SwapDisc
0x081338A8	thumb	LoadDiscTypePalettes
0x08133904	thumb	SpriteCallback_ScrollIndicatorArrow
0x08133990	thumb	AddScrollIndicatorArrowObject
0x08133A20	thumb	AddScrollIndicatorArrowPair
0x08133B40	thumb	AddScrollIndicatorArrowPairParameterized
0x08133BA4	thumb	Task_ScrollIndicatorArrowPair
0x08133C30	thumb	RemoveScrollIndicatorArrowPair
0x08133C90	thumb	ListMenuAddCursorObjectInternal
0x08133CAC	thumb	ListMenuUpdateCursorObject
0x08133CD4	thumb	ListMenuRemoveCursorObject
0x08133CF4	thumb	Task_RedOutlineCursor
0x08133CF8	thumb	ListMenuGetRedOutlineCursorSpriteCount
0x08133D34	thumb	ListMenuSetUpRedOutlineCursorSpriteOamTable
0x08133E38	thumb	ListMenuAddRedOutlineCursorObject
0x08133FA4	thumb	ListMenuUpdateRedOutlineCursorObject
0x08133FE8	thumb	ListMenuRemoveRedOutlineCursorObject
0x08134040	thumb	SpriteCallback_RedArrowCursor
0x0813406C	thumb	Task_RedArrowCursor
0x08134070	thumb	ListMenuAddRedArrowCursorObject
0x08134178	thumb	ListMenuUpdateRedArrowCursorObject
0x081341B0	thumb	ListMenuRemoveRedArrowCursorObject
0x08134200	thumb	Task_ShowAreaMarkers
0x08134230	thumb	CreatePokedexAreaMarkers
0x081343F4	thumb	DestroyPokedexAreaMarkers
0x081344A4	thumb	GetAreaMarkerSubsprite
0x081344E0	thumb	GetNumPokedexAreaMarkers
0x081344F8	thumb	ShowPokemonSummaryScreen
0x08134738	thumb	ShowSelectMovePokemonSummaryScreen
0x0813476C	thumb	PageFlipInputIsDisabled
0x081347A4	thumb	IsPageFlipInput
0x08134840	thumb	Task_InputHandler_Info
0x08134BAC	thumb	Task_PokeSum_FlipPages
0x08134E84	thumb	Task_FlipPages_FromInfo
0x081351A0	thumb	Task_BackOutOfSelectMove
0x0813546C	thumb	PokeSum_SetHpExpBarCoordsFullRight
0x081354C4	thumb	PokeSum_SetHpExpBarCoordsFullLeft
0x08135514	thumb	PokeSum_InitBgCoordsBeforePageFlips
0x08135638	thumb	PokeSum_HideSpritesBeforePageFlip
0x081356EC	thumb	PokeSum_ShowSpritesBeforePageFlip
0x081357A0	thumb	PokeSum_IsPageFlipFinished
0x081358DC	thumb	PokeSum_UpdateBgPriorityForPageFlip
0x08135AA4	thumb	PokeSum_CopyNewBgTilemapBeforePageFlip_2
0x08135B90	thumb	PokeSum_CopyNewBgTilemapBeforePageFlip
0x08135C34	thumb	CB2_SetUpPSS
0x08135F20	thumb	PokeSum_HandleLoadBgGfx
0x08136040	thumb	PokeSum_Setup_BufferStrings
0x081360D4	thumb	BufferMonInfo
0x08136350	thumb	BufferMonSkills
0x081367B0	thumb	BufferMonMoves
0x081367E8	thumb	BufferMonMoveI
0x08136AEC	thumb	PokeSum_HandleCreateSprites
0x08136BAC	thumb	PokeSum_Setup_SpritesReset
0x08136BC4	thumb	PokeSum_Setup_InitGpu
0x08136D54	thumb	PokeSum_FinishSetup
0x08136DA4	thumb	PokeSum_PrintPageName
0x08136DF0	thumb	PokeSum_PrintControlsString
0x08136E50	thumb	PrintMonLevelNickOnWindow2
0x08136F4C	thumb	PokeSum_PrintRightPaneText
0x08136FB0	thumb	PrintInfoPage
0x081370EC	thumb	PrintSkillsPage
0x08137270	thumb	PrintMovesPage
0x081372E4	thumb	PokeSum_PrintMoveName
0x081374E8	thumb	PokeSum_PrintBottomPaneText
0x08137554	thumb	PokeSum_PrintTrainerMemo
0x08137578	thumb	PokeSum_PrintTrainerMemo_Mon_HeldByOT
0x08137724	thumb	PokeSum_PrintTrainerMemo_Mon_NotHeldByOT
0x08137944	thumb	PokeSum_PrintTrainerMemo_Mon
0x08137970	thumb	PokeSum_PrintTrainerMemo_Egg
0x08137A90	thumb	PokeSum_PrintExpPoints_NextLv
0x08137AF8	thumb	PokeSum_PrintSelectedMoveStats
0x08137BD0	thumb	PokeSum_PrintAbilityDataOrMoveTypes
0x08137C18	thumb	PokeSum_PrintAbilityNameAndDesc
0x08137C90	thumb	PokeSum_DrawMoveTypeIcons
0x08137D28	thumb	PokeSum_PrintPageHeaderText
0x08137E28	thumb	CommitStaticWindowTilemaps
0x08137E64	thumb	Task_DestroyResourcesOnExit
0x08137EE8	thumb	CB2_RunPokemonSummaryScreen
0x08137F00	thumb	PokeSum_FlipPages_SlideHpExpBarsOut
0x08137F68	thumb	PokeSum_FlipPages_SlideHpExpBarsIn
0x08137FF4	thumb	PokeSum_FlipPages_SlideLayerLeft
0x0813805C	thumb	PokeSum_FlipPages_SlideLayeRight
0x081380F0	thumb	PokeSum_FlipPages_HandleBgHofs
0x08138134	thumb	PokeSum_FlipPages_HandleHpExpBarSprites
0x0813817C	thumb	VBlankCB_PokemonSummaryScreen
0x081381AC	thumb	PokeSum_Setup_ResetCallbacks
0x081381C0	thumb	PokeSum_Setup_SetVBlankCallback
0x081381D0	thumb	PokeSum_CreateWindows
0x08138280	thumb	PokeSum_AddWindows
0x08138414	thumb	PokeSum_RemoveWindows
0x08138440	thumb	PokeSum_SetHelpContext
0x0813847C	thumb	PokeSum_BufferOtName_IsEqualToCurrentOwner
0x08138538	thumb	PokeSum_DrawPageProgressTiles
0x08138A38	thumb	PokeSum_PrintMonTypeIcons
0x08138B20	thumb	GetLastViewedMonIndex
0x08138B2C	thumb	GetMoveSlotToReplace
0x08138B38	thumb	SetPokemonSummaryScreenMode
0x08138B4C	thumb	IsMultiBattlePartner
0x08138B8C	thumb	BufferSelectedMonData
0x08138BEC	thumb	GetMonMoveBySlotId
0x08138C24	thumb	GetMonPpByMoveSlot
0x08138C5C	thumb	StatusToAilment
0x08138CD8	thumb	Task_HandleInput_SelectMove
0x081390B0	thumb	SwapMonMoveSlots
0x081391EC	thumb	SwapBoxMonMoveSlots
0x08139328	thumb	UpdateCurrentMonBufferFromPartyOrBox
0x08139388	thumb	PokeSum_CanForgetSelectedMove
0x081393D4	thumb	Task_InputHandler_SelectOrForgetMove
0x08139768	thumb	SpriteCB_PokeSum_MonPicSprite
0x08139868	thumb	SpriteCB_PokeSum_EggPicShake
0x08139958	thumb	SpriteCB_MonPicDummy
0x0813995C	thumb	PokeSum_CreateMonPicSprite
0x08139AAC	thumb	PokeSum_SetMonPicSpriteCallback
0x08139C44	thumb	PokeSum_ShowOrHideMonPicSprite
0x08139C80	thumb	PokeSum_DestroyMonPicSprite
0x08139CB0	thumb	CreateBallIconObj
0x08139D54	thumb	ShowOrHideBallIconObj
0x08139D90	thumb	DestroyBallIconObj
0x08139DBC	thumb	PokeSum_CreateMonIconSprite
0x08139EE4	thumb	PokeSum_ShowOrHideMonIconSprite
0x08139F20	thumb	PokeSum_DestroyMonIconSprite
0x08139F64	thumb	CreateMoveSelectionCursorObjs
0x0813A0E8	thumb	ShoworHideMoveSelectionCursor
0x0813A124	thumb	SpriteCB_MoveSelectionCursor
0x0813A21C	thumb	DestroyMoveSelectionCursorObjs
0x0813A254	thumb	CreateMonStatusIconObj
0x0813A334	thumb	DestroyMonStatusIconObj
0x0813A35C	thumb	UpdateMonStatusIconObj
0x0813A3B8	thumb	ShowOrHideStatusIcon
0x0813A45C	thumb	CreateHpBarObjs
0x0813A620	thumb	UpdateHpBarObjs
0x0813A800	thumb	DestroyHpBarObjs
0x0813A838	thumb	ShowOrHideHpBarObjs
0x0813A874	thumb	CreateExpBarObjs
0x0813A994	thumb	UpdateExpBarObjs
0x0813AB38	thumb	DestroyExpBarObjs
0x0813AB70	thumb	ShowOrHideExpBarObjs
0x0813ABAC	thumb	CreatePokerusIconObj
0x0813AC8C	thumb	DestroyPokerusIconObj
0x0813ACB4	thumb	ShowPokerusIconObjIfHasOrHadPokerus
0x0813ACF8	thumb	HideShowPokerusIcon
0x0813ADA8	thumb	CreateShinyStarObj
0x0813AE88	thumb	DestroyShinyStarObj
0x0813AEB0	thumb	HideShowShinyStar
0x0813AF50	thumb	ShowShinyStarObjIfMonShiny
0x0813AF90	thumb	PokeSum_DestroySprites
0x0813AFC4	thumb	PokeSum_CreateSprites
0x0813AFFC	thumb	PokeSum_CreateMonMarkingsSprite
0x0813B068	thumb	PokeSum_DestroyMonMarkingsSprite
0x0813B084	thumb	PokeSum_ShowOrHideMonMarkingsSprite
0x0813B0E4	thumb	PokeSum_UpdateMonMarkingsAnim
0x0813B120	thumb	PokeSum_SeekToNextMon
0x0813B20C	thumb	SeekToNextMonInSingleParty
0x0813B2C8	thumb	PokeSum_CanSeekToMon
0x0813B304	thumb	SeekToMonInMultiParty_SeekForward
0x0813B348	thumb	SeekToMonInMultiParty_SeekBack
0x0813B38C	thumb	SeekToNextMonInMultiParty
0x0813B3F0	thumb	Task_PokeSum_SwitchDisplayedPokemon
0x0813B750	thumb	PokeSum_UpdateWin1ActiveFlag
0x0813B784	thumb	PokeSum_TryPlayMonCry
0x0813B7E0	thumb	PokeSum_IsMonBoldOrGentle
0x0813B7F8	thumb	CurrentMonIsFromGBA
0x0813B838	thumb	MapSecIsInKantoOrSevii
0x0813B854	thumb	ShowPokemonSummaryScreen_NullParty
0x0813B870	thumb	RunHelpSystemCallback
0x0813BB38	thumb	SaveCallbacks
0x0813BB74	thumb	SaveMapGPURegs
0x0813BBAC	thumb	SaveMapTiles
0x0813BBC8	thumb	SaveMapTextColors
0x0813BBDC	thumb	RestoreCallbacks
0x0813BBF4	thumb	RestoreGPURegs
0x0813BC2C	thumb	RestoreMapTiles
0x0813BC48	thumb	RestoreMapTextColors
0x0813BC5C	thumb	CommitTilemap
0x0813BC78	thumb	HS_DrawBgTilemapRect
0x0813BCF4	thumb	HS_BufferFillMapWithTile1FF
0x0813BD14	thumb	HS_ShowOrHideWordHELPinTopLeft
0x0813BD5C	thumb	HS_ShowOrHideControlsGuideInTopRight
0x0813BDA4	thumb	HS_ShowOrHideMainWindowText
0x0813BDE8	thumb	HS_SetMainWindowBgBrightness
0x0813BE30	thumb	HS_ShowOrHideToplevelTooltipWindow
0x0813BE78	thumb	HS_ShowOrHideHeaderAndFooterLines_Lighter
0x0813BEE4	thumb	HS_ShowOrHideHeaderAndFooterLines_Darker
0x0813BF50	thumb	HS_ShowOrHideVerticalBlackBarsAlongSides
0x0813BFC0	thumb	HS_ShowOrHideHeaderLine_Darker_FooterStyle
0x0813C004	thumb	HS_ShowOrHideScrollArrows
0x0813C078	thumb	HelpSystemRenderText
0x0813C3AC	thumb	DecompressAndRenderGlyph
0x0813C454	thumb	HelpSystem_PrintTextInTopLeftCorner
0x0813C488	thumb	HelpSystem_PrintTextRightAlign_Row52
0x0813C4CC	thumb	HelpSystem_PrintTextAt
0x0813C50C	thumb	HelpSystem_PrintQuestionAndAnswerPair
0x0813C584	thumb	HelpSystem_PrintTopicMouseoverDescription
0x0813C5D4	thumb	HelpSystem_FillPanel3
0x0813C5FC	thumb	HelpSystem_FillPanel2
0x0813C624	thumb	HelpSystem_FillPanel1
0x0813C64C	thumb	HelpSystem_InitListMenuController
0x0813C684	thumb	HelpSystem_SetInputDelay
0x0813C690	thumb	HelpSystem_GetMenuInput
0x0813C75C	thumb	HS_UpdateMenuScrollArrows
0x0813C7CC	thumb	PrintListMenuItems
0x0813C828	thumb	PlaceListMenuCursor
0x0813C860	thumb	HS_RemoveSelectionCursorAt
0x0813C89C	thumb	TryMoveCursor1
0x0813C944	thumb	MoveCursor
0x0813C9DC	thumb	GetSpeciesPokedexAreaMarkers
0x0813CB34	thumb	GetRoamerIndex
0x0813CB5C	thumb	GetRoamerPokedexAreaMarkers
0x0813CBD0	thumb	IsSpeciesOnMap
0x0813CC18	thumb	IsSpeciesInEncounterTable
0x0813CC44	thumb	GetMapSecIdFromWildMonHeader
0x0813CC58	thumb	FindDexAreaByMapSec
0x0813CC90	thumb	DynamicPlaceholderTextUtil_Reset
0x0813CCAC	thumb	DynamicPlaceholderTextUtil_SetPlaceholderPtr
0x0813CCC8	thumb	DynamicPlaceholderTextUtil_ExpandPlaceholders
0x0813CD14	thumb	DynamicPlaceholderTextUtil_GetPlaceholderPtr
0x0813CD24	thumb	GetColorFromTextColorTable
0x0813CD50	thumb	InitBerryPouch
0x0813CE00	thumb	CB2_BerryPouchIdle
0x0813CE1C	thumb	VBlankCB_BerryPouchIdle
0x0813CE30	thumb	CB2_InitBerryPouch
0x0813CE5C	thumb	RunBerryPouchInit
0x0813D00C	thumb	AbortBerryPouchLoading
0x0813D048	thumb	Task_AbortBerryPouchLoading_WaitFade
0x0813D07C	thumb	BerryPouchInitBgs
0x0813D0E4	thumb	BerryPouchLoadGfx
0x0813D1C0	thumb	AllocateListMenuBuffers
0x0813D204	thumb	SetUpListMenuTemplate
0x0813D31C	thumb	GetBerryNameAndIndexForMenu
0x0813D39C	thumb	CopySelectedListMenuItemName
0x0813D3C0	thumb	BerryPouchMoveCursorFunc
0x0813D430	thumb	BerryPouchItemPrintFunc
0x0813D4B0	thumb	BerryPouchSetArrowCursorFromListMenu
0x0813D4D0	thumb	BerryPouchSetArrowCursorAt
0x0813D538	thumb	PrintSelectedBerryDescription
0x0813D594	thumb	SetDescriptionWindowBorderPalette
0x0813D5BC	thumb	CreateScrollIndicatorArrows_BerryPouchList
0x0813D614	thumb	CreateScrollIndicatorArrows_TossQuantity
0x0813D64C	thumb	CreateScrollIndicatorArrows_SellQuantity
0x0813D684	thumb	DestroyScrollIndicatorArrows
0x0813D6A4	thumb	PrintBerryPouchHeaderCentered
0x0813D6E4	thumb	BerryPouch_CursorResetToTop
0x0813D6F4	thumb	SanitizeListMenuSelectionParams
0x0813D754	thumb	UpdateListMenuScrollOffset
0x0813D7CC	thumb	BerryPouch_DestroyResources
0x0813D808	thumb	BerryPouch_StartFadeToExitCallback
0x0813D844	thumb	Task_BerryPouchFadeToExitCallback
0x0813D8AC	thumb	SortAndCountBerries
0x0813D934	thumb	BerryPouch_SetExitCallback
0x0813D940	thumb	InitTossQuantitySelectUI
0x0813D9F8	thumb	PrintxQuantityOnWindow
0x0813DA68	thumb	Task_BerryPouchMain
0x0813DBB4	thumb	Task_CleanUpAndReturnToMain
0x0813DBE4	thumb	CreateNormalContextMenu
0x0813DD74	thumb	Task_NormalContextMenu
0x0813DDA0	thumb	Task_NormalContextMenu_HandleInput
0x0813DE0C	thumb	Task_BerryPouch_Use
0x0813DEBC	thumb	Task_BerryPouch_Toss
0x0813DF54	thumb	Task_AskTossMultiple
0x0813DFC8	thumb	Task_TossNo
0x0813E010	thumb	Task_Toss_SelectMultiple
0x0813E0DC	thumb	Task_TossYes
0x0813E164	thumb	Task_WaitButtonThenTossBerries
0x0813E200	thumb	Task_BerryPouch_Give
0x0813E274	thumb	Task_Give_PrintThereIsNoPokemon
0x0813E290	thumb	Task_WaitButtonBeforeDialogueWindowDestruction
0x0813E2B8	thumb	Task_BerryPouch_DestroyDialogueWindowAndRefreshListMenu
0x0813E320	thumb	Task_BerryPouch_Exit
0x0813E37C	thumb	Task_ContextMenu_FromPartyGiveMenu
0x0813E3FC	thumb	Task_ContextMenu_FromPokemonPC
0x0813E428	thumb	Task_ContextMenu_Sell
0x0813E4E4	thumb	Task_AskSellMultiple
0x0813E554	thumb	Task_SellMultiple_CreateYesNoMenu
0x0813E568	thumb	Task_SellNo
0x0813E5B8	thumb	Task_Sell_PrintSelectMultipleUI
0x0813E668	thumb	SellMultiple_UpdateSellPriceDisplay
0x0813E690	thumb	Task_Sell_SelectMultiple
0x0813E768	thumb	Task_SellYes
0x0813E7F0	thumb	Task_SellBerries_PlaySfxAndRemoveBerries
0x0813E8D4	thumb	Task_SellBerries_WaitButton
0x0813E910	thumb	BerryPouchInitWindows
0x0813E9A0	thumb	BerryPouchPrint
0x0813EA08	thumb	GetOrCreateVariableWindow
0x0813EA78	thumb	VariableWindowSetAltFrameTileAndPalette
0x0813EA98	thumb	DestroyVariableWindow
0x0813EACC	thumb	TryDestroyVariableWindow
0x0813EB10	thumb	GetVariableWindowId
0x0813EB20	thumb	DisplayItemMessageInBerryPouch
0x0813EB7C	thumb	CreateYesNoMenuWin3
0x0813EBA8	thumb	CreateYesNoMenuWin4
0x0813EBD4	thumb	PrintMoneyInWin2
0x0813EC08	thumb	CreateBerryPouchSprite
0x0813EC28	thumb	StartBerryPouchSpriteWobbleAnim
0x0813EC64	thumb	SpriteCB_BerryPouchWaitWobbleAnim
0x0813EC8C	thumb	ItemUseOnFieldCB_Itemfinder
0x0813ED18	thumb	Task_NoResponse_CleanUp
0x0813ED3C	thumb	Task_ItemfinderResponseSoundsAndAnims
0x0813EDB0	thumb	Task_ItemfinderUnderfootSoundsAndAnims
0x0813EE14	thumb	HiddenItemIsWithinRangeOfPlayer
0x0813EF40	thumb	SetUnderfootHiddenItem
0x0813EF9C	thumb	SetNormalHiddenItem
0x0813F004	thumb	HiddenItemAtPos
0x0813F070	thumb	HiddenItemInConnectedMapAtPos
0x0813F108	thumb	FindHiddenItemsInConnectedMaps
0x0813F220	thumb	RegisterHiddenItemRelativeCoordsIfCloser
0x0813F2F0	thumb	GetPlayerDirectionTowardsHiddenItem
0x0813F364	thumb	Task_ItemfinderResponsePrintMessage
0x0813F380	thumb	Task_ItemfinderResponseCleanUp
0x0813F3A8	thumb	Task_ItemfinderUnderfootPrintMessage
0x0813F3C4	thumb	Task_ItemfinderUnderfootDigUpItem
0x0813F3EC	thumb	LoadArrowAndStarTiles
0x0813F3FC	thumb	DestroyArrowAndStarTiles
0x0813F40C	thumb	CreateArrowSprite
0x0813F54C	thumb	SpriteCallback_Arrow
0x0813F598	thumb	SpriteCallback_DestroyArrow
0x0813F5AC	thumb	CreateStarSprite
0x0813F614	thumb	SpriteCallback_Star
0x0813F660	thumb	SpriteCallback_DestroyStar
0x0813F66C	thumb	BuyMenuInitWindows
0x0813F6D0	thumb	BuyMenuDrawMoneyBox
0x0813F6F4	thumb	BuyMenuPrint
0x0813F75C	thumb	BuyMenuDisplayMessage
0x0813F7A8	thumb	BuyMenuQuantityBoxNormalBorder
0x0813F7C0	thumb	BuyMenuQuantityBoxThinBorder
0x0813F7D8	thumb	BuyMenuConfirmPurchase
0x0813F804	thumb	PlaySlotMachine
0x0813F84C	thumb	InitSlotMachineState
0x0813F898	thumb	CB2_InitSlotMachine
0x0813F92C	thumb	CleanSupSlotMachineState
0x0813F94C	thumb	CB2_RunSlotMachine
0x0813F964	thumb	MainTask_SlotsGameLoop
0x0813FBC0	thumb	MainTask_NoCoinsGameOver
0x0813FC2C	thumb	MainTask_ShowHelp
0x0813FCAC	thumb	MainTask_ConfirmExitGame
0x0813FD84	thumb	MainTask_DarnNoPayout
0x0813FE1C	thumb	MainTask_WinHandlePayout
0x0813FFD8	thumb	MainTask_ExitSlots
0x08140030	thumb	SetMainTask
0x08140060	thumb	Task_SpinReels
0x08140148	thumb	StartReels
0x0814016C	thumb	StopCurrentReel
0x081401A0	thumb	IsReelSpinning
0x081401B4	thumb	GetNextReelPosition
0x081401F0	thumb	StopReel1
0x081403BC	thumb	StopReel2
0x081404B8	thumb	StopReel3
0x0814054C	thumb	TwoReelBiasCheck
0x081406E8	thumb	OneReelBiasCheck
0x081408F4	thumb	TestReelIconAttribute
0x0814096C	thumb	ReelIconToPayoutRank
0x081409B4	thumb	CalcSlotBias
0x08140A70	thumb	ResetMachineBias
0x08140A80	thumb	CalcPayout
0x08140BDC	thumb	GetPayout
0x08140BEC	thumb	GetPlayerBet
0x08140BF8	thumb	GetWinFlagByLine
0x08140C0C	thumb	LoadSpriteGraphicsAndAllocateManager
0x08140C50	thumb	DestroyGfxManager
0x08140C6C	thumb	InitGfxManager
0x08140CA0	thumb	CreateReelIconSprites
0x08140D7C	thumb	UpdateReelIconSprites
0x08140E40	thumb	HBlankCB_SlotMachine
0x08140E9C	thumb	CreateScoreDigitSprites
0x08140F2C	thumb	UpdateCoinsDisplay
0x08140FC4	thumb	CreateClefairySprites
0x08141020	thumb	SetClefairySpriteAnim
0x0814104C	thumb	CreateSlotMachine
0x08141094	thumb	DestroySlotMachine
0x081410CC	thumb	Task_SlotMachine
0x08141118	thumb	VBlankCB_SlotMachine
0x0814112C	thumb	GetSlotMachineSetupTaskDataPtr
0x08141148	thumb	SetSlotMachineSetupTask
0x08141180	thumb	IsSlotMachineSetupTaskActive
0x08141198	thumb	SlotsTask_GraphicsInit
0x08141460	thumb	SlotsTask_FadeOut
0x081414AC	thumb	SlotsTask_UpdateLineStates
0x081414EC	thumb	SlotsTask_ClefairyUpdateOnReelsStart
0x081414FC	thumb	SlotsTask_StartClefairyDanceAndWinningLineFlash
0x08141518	thumb	SlotsTask_StopWinningLineFlashTask
0x08141558	thumb	SlotsTask_ClefairyFainted
0x08141568	thumb	SlotsTask_ClefairyNeutral
0x08141578	thumb	SlotsTask_UpdateCoinsDisplay
0x08141584	thumb	SlotsTask_MessageOutOfCoins
0x081415C8	thumb	SlotsTask_AskQuitPlaying
0x08141610	thumb	SlotsTask_DestroyYesNoMenu
0x08141650	thumb	SlotsTask_PressReelButton
0x08141690	thumb	SlotsTask_ReleaseReelButtons
0x081416C8	thumb	SlotsTask_ShowHelp
0x08141764	thumb	SlotsTask_HideHelp
0x081417E4	thumb	Slot_PrintOnWindow0
0x08141828	thumb	Slot_ClearWindow0
0x08141834	thumb	SetLineStatesByBet
0x081418C4	thumb	SetLineState
0x0814191C	thumb	Task_FlashWinningLine
0x08141AB0	thumb	SignalStopWinningLineFlashTask
0x08141AD8	thumb	Slot_CreateYesNoMenu
0x08141B18	thumb	Slot_DestroyYesNoMenu
0x08141B34	thumb	InitReelButtonTileMem
0x08141BA0	thumb	SetReelButtonPressed
0x08141BE4	thumb	ReleaseReelButtons
0x08141C30	thumb	PressReelButton
0x08141C54	thumb	ClearRoamerData
0x08141C94	thumb	CreateInitialRoamerMon
0x08141D9C	thumb	InitRoamer
0x08141DAC	thumb	UpdateLocationHistoryForRoamer
0x08141DD4	thumb	RoamerMoveToOtherLocationSet
0x08141E28	thumb	RoamerMove
0x08141EB8	thumb	IsRoamerAt
0x08141EF8	thumb	CreateRoamerMonInstance
0x08141FAC	thumb	TryStartRoamerEncounter
0x08141FE8	thumb	UpdateRoamerHPStatus
0x0814201C	thumb	SetRoamerInactive
0x08142034	thumb	GetRoamerLocation
0x08142044	thumb	GetRoamerLocationMapSectionId
0x08142078	thumb	VBlankCB_MysteryGiftEReader
0x0814208C	thumb	CB2_MysteryGiftEReader
0x081420A4	thumb	HandleMysteryGiftOrEReaderSetup
0x081422AC	thumb	CB2_InitMysteryGift
0x081422D4	thumb	CB2_InitEReader
0x081422FC	thumb	MainCB_FreeAllBuffersAndReturnToInitTitleScreen
0x08142344	thumb	PrintMysteryGiftOrEReaderTopMenu
0x0814240C	thumb	MG_DrawTextBorder
0x08142420	thumb	MG_DrawCheckerboardPattern
0x081424B8	thumb	ClearScreenInBg0
0x08142504	thumb	AddTextPrinterToWindow1
0x08142560	thumb	ClearTextWindow
0x0814257C	thumb	PrintMysteryGiftMenuMessage
0x08142610	thumb	HideDownArrow
0x08142638	thumb	ShowDownArrow
0x08142660	thumb	HideDownArrowAndWaitButton
0x081426A0	thumb	PrintStringAndWait2Seconds
0x081426D4	thumb	MysteryGift_HandleThreeOptionMenu
0x081427A0	thumb	DoMysteryGiftYesNo
0x081428F4	thumb	HandleMysteryGiftListMenu
0x08142A44	thumb	ValidateCardOrNews
0x08142A58	thumb	HandleLoadWonderCardOrNews
0x08142AB4	thumb	ClearSavedNewsOrCard
0x08142ACC	thumb	ExitWonderCardOrNews
0x08142AFC	thumb	AskDiscardGift
0x08142B20	thumb	PrintThrownAway
0x08142B40	thumb	SaveOnMysteryGiftMenu
0x08142BB8	thumb	GetClientResultMessage
0x08142CE8	thumb	PrintSuccessMessage
0x08142D50	thumb	GetServerResultMessage
0x08142E20	thumb	PrintServerResultMessage
0x08142E58	thumb	CreateMysteryGiftTask
0x08142EA0	thumb	Task_MysteryGift
0x081435D4	thumb	GetMysteryGiftBaseBlock
0x081435DC	thumb	EReader_Load
0x08143644	thumb	EReader_Reset
0x08143674	thumb	EReader_Transfer
0x081436BC	thumb	OpenEReaderLink
0x081436EC	thumb	ValidateEReaderConnection
0x0814374C	thumb	IsEReaderConnectionSane
0x08143770	thumb	TryReceiveCard
0x081438A0	thumb	CreateEReaderTask
0x081438E8	thumb	ResetTimer
0x081438F0	thumb	UpdateTimer
0x08143910	thumb	Task_EReader
0x08143D24	thumb	ClearMysteryGift
0x08143D58	thumb	GetSavedWonderNews
0x08143D6C	thumb	GetSavedWonderCard
0x08143D80	thumb	GetSavedWonderCardMetadata
0x08143D94	thumb	GetSavedWonderNewsMetadata
0x08143DA8	thumb	GetQuestionnaireWordsPtr
0x08143DBC	thumb	ClearSavedWonderNewsAndRelated
0x08143DC8	thumb	SaveWonderNews
0x08143E1C	thumb	ValidateSavedWonderNews
0x08143E64	thumb	ValidateWonderNews
0x08143E78	thumb	IsSendingSavedWonderNewsAllowed
0x08143E9C	thumb	ClearSavedWonderNews
0x08143ED0	thumb	ClearSavedWonderNewsMetadata
0x08143EF4	thumb	IsWonderNewsSameAsSaved
0x08143F38	thumb	ClearSavedWonderCardAndRelated
0x08143F68	thumb	SaveWonderCard
0x08143FC8	thumb	ValidateSavedWonderCard
0x08144018	thumb	ValidateWonderCard
0x08144054	thumb	IsSendingSavedWonderCardAllowed
0x0814407C	thumb	ClearSavedWonderCard
0x081440B4	thumb	ClearSavedWonderCardMetadata
0x081440E8	thumb	GetWonderCardFlagId
0x0814410C	thumb	DisableWonderCardSending
0x08144124	thumb	IsWonderCardFlagIDInValidRange
0x08144144	thumb	IsSavedWonderCardGiftNotReceived
0x08144184	thumb	GetNumStampsInMetadata
0x081441AC	thumb	IsStampInMetadata
0x081441F0	thumb	ValidateStamp
0x08144218	thumb	GetNumStampsInSavedCard
0x08144254	thumb	MysteryGift_TrySaveStamp
0x081442CC	thumb	MysteryGift_LoadLinkGameData
0x081443D4	thumb	MysteryGift_ValidateLinkGameData
0x08144418	thumb	MysteryGift_CompareCardFlags
0x08144434	thumb	MysteryGift_CheckStamps
0x08144474	thumb	MysteryGift_DoesQuestionnaireMatch
0x0814449C	thumb	GetNumStampsInLinkData
0x081444B0	thumb	MysteryGift_GetCardStatFromLinkData
0x0814451C	thumb	IncrementCardStat
0x081445C0	thumb	MysteryGift_GetCardStat
0x081446C4	thumb	MysteryGift_DisableStats
0x081446D0	thumb	MysteryGift_TryEnableStatsByFlagId
0x08144714	thumb	MysteryGift_TryIncrementStat
0x08144790	thumb	ClearSavedTrainerIds
0x081447BC	thumb	RecordTrainerId
0x08144824	thumb	IncrementCardStatForNewTrainer
0x08144844	thumb	MysteryGiftLink_Recv
0x08144850	thumb	MysteryGiftLink_Send
0x0814485C	thumb	MysteryGiftLink_Init
0x08144888	thumb	MysteryGiftLink_InitSend
0x081448AC	thumb	MysteryGiftLink_InitRecv
0x081448BC	thumb	MGL_ReceiveBlock
0x081448D8	thumb	MGL_HasReceived
0x081448FC	thumb	MGL_ResetReceived
0x0814490C	thumb	MGL_Receive
0x081449E0	thumb	MGL_Send
0x08144AEC	thumb	MysteryGiftClient_Create
0x08144B0C	thumb	MysteryGiftClient_Run
0x08144B48	thumb	MysteryGiftClient_AdvanceState
0x08144B58	thumb	MysteryGiftClient_GetMsg
0x08144B64	thumb	MysteryGiftClient_SetParam
0x08144B70	thumb	MysteryGiftClient_Init
0x08144BC0	thumb	MysteryGiftClient_Free
0x08144BE4	thumb	MysteryGiftClient_CopyRecvScript
0x08144C00	thumb	MysteryGiftClient_InitSendWord
0x08144C34	thumb	Client_Init
0x08144C5C	thumb	Client_Done
0x08144C60	thumb	Client_Recv
0x08144C80	thumb	Client_Send
0x08144CA0	thumb	Client_Run
0x08144E6C	thumb	Client_Wait
0x08144E84	thumb	Client_RunMysteryEventScript
0x08144EBC	thumb	Client_RunBufferScript
0x08144EF0	thumb	MysteryGiftClient_CallFunc
0x08144F1C	thumb	MysterGiftServer_CreateForNews
0x08144F40	thumb	MysterGiftServer_CreateForCard
0x08144F64	thumb	MysterGiftServer_Run
0x08144FA0	thumb	MysteryGiftServer_Init
0x08144FF8	thumb	MysteryGiftServer_Free
0x0814501C	thumb	MysteryGiftServer_InitSend
0x0814505C	thumb	MysteryGiftServer_GetSendData
0x08145068	thumb	MysteryGiftServer_Compare
0x08145080	thumb	Server_Init
0x08145088	thumb	Server_Done
0x0814508C	thumb	Server_Recv
0x081450A8	thumb	Server_Send
0x081450C4	thumb	Server_Run
0x08145600	thumb	MysteryGiftServer_CallFunc
0x08145654	thumb	WonderCard_Init
0x081456F0	thumb	WonderCard_Destroy
0x0814571C	thumb	WonderCard_Enter
0x0814593C	thumb	WonderCard_Exit
0x08145A98	thumb	BufferCardText
0x08145D18	thumb	DrawCardWindow
0x08146060	thumb	CreateCardSprites
0x081461D8	thumb	DestroyCardSprites
0x08146288	thumb	WonderNews_Init
0x081462EC	thumb	WonderNews_Destroy
0x08146318	thumb	WonderNews_Enter
0x08146604	thumb	WonderNews_Exit
0x081467EC	thumb	WonderNews_RemoveScrollIndicatorArrowPair
0x08146834	thumb	WonderNews_AddScrollIndicatorArrowPair
0x08146884	thumb	WonderNews_GetInput
0x08146980	thumb	BufferNewsText
0x08146A30	thumb	DrawNewsWindows
0x08146B58	thumb	UpdateNewsScroll
0x08146C30	thumb	WonderNews_SetReward
0x08146C88	thumb	WonderNews_Reset
0x08146CA4	thumb	WonderNews_IncrementStepCounter
0x08146CE8	thumb	WonderNews_GetRewardInfo
0x08146D74	thumb	GetRewardItem
0x08146D94	thumb	ResetSentRewardCounter
0x08146DA0	thumb	IncrementSentRewardCounter
0x08146DD8	thumb	IncrementRewardCounter
0x08146E0C	thumb	GetRewardType
0x08146E78	thumb	DoSeagallopFerryScene
0x08146E94	thumb	CB2_SetUpSeagallopScene
0x08147058	thumb	VBlankCB_SeaGallop
0x0814706C	thumb	MainCB2_SeaGallop
0x08147084	thumb	Task_Seagallop_0
0x081470A0	thumb	ScrollBG
0x081470CC	thumb	Task_Seagallop_1
0x08147108	thumb	Task_Seagallop_2
0x08147140	thumb	Task_Seagallop_3
0x081471C4	thumb	ResetGPU
0x081472FC	thumb	ResetAllAssets
0x0814731C	thumb	SetDispcnt
0x0814732C	thumb	ResetBGPos
0x08147384	thumb	LoadFerrySpriteResources
0x081473A0	thumb	FreeFerrySpriteResources
0x081473C4	thumb	CreateFerrySprite
0x08147418	thumb	SpriteCB_Ferry
0x0814746C	thumb	CreateWakeSprite
0x081474B0	thumb	SpriteCB_Wake
0x081474CC	thumb	GetDirectionOfTravel
0x08147500	thumb	GetSeagallopNumber
0x08147594	thumb	IsPlayerLeftOfVermilionSailor
0x081475C0	thumb	CreateStaticCountdownTask
0x0814760C	thumb	StartStaticCountdown
0x08147640	thumb	IsStaticCountdownRunning
0x08147654	thumb	Task_StaticCountdown
0x081476E0	thumb	StaticCountdown_CreateSprites
0x081477C0	thumb	Task_StaticCountdown_Init
0x0814784C	thumb	Task_StaticCountdown_Free
0x081478BC	thumb	SpriteCB_StaticCountdown
0x081479D4	thumb	Task_StaticCountdown_Start
0x08147A34	thumb	Task_StaticCountdown_Run
0x08147AA8	thumb	StartPokemonJump
0x08147B48	thumb	FreePokemonJump
0x08147B60	thumb	InitGame
0x08147B94	thumb	ResetForNewGame
0x08147C20	thumb	InitPlayerAndJumpTypes
0x08147C98	thumb	ResetPlayersForNewGame
0x08147D00	thumb	GetPokemonJumpSpeciesIdx
0x08147D2C	thumb	InitJumpMonInfo
0x08147D58	thumb	VBlankCB_PokemonJump
0x08147D6C	thumb	CB2_PokemonJump
0x08147D84	thumb	SetPokeJumpTask
0x08147DA0	thumb	Task_StartPokemonJump
0x08147F10	thumb	SetLinkTimeInterval
0x08147F4C	thumb	SetFunc_Leader
0x08147FA0	thumb	RecvLinkData_Leader
0x0814807C	thumb	Task_PokemonJump_Leader
0x08148104	thumb	SendLinkData_Leader
0x08148140	thumb	SetFunc_Member
0x08148174	thumb	RecvLinkData_Member
0x08148290	thumb	Task_PokemonJump_Member
0x081482F8	thumb	SendLinkData_Member
0x08148344	thumb	GameIntro_Leader
0x08148398	thumb	GameIntro_Member
0x081483D0	thumb	WaitRound_Leader
0x08148418	thumb	WaitRound_Member
0x08148464	thumb	GameRound_Leader
0x081484B0	thumb	GameRound_Member
0x081484D0	thumb	GameOver_Leader
0x0814856C	thumb	GameOver_Member
0x081485C8	thumb	AskPlayAgain_Leader
0x08148664	thumb	AskPlayAgain_Member
0x081486C4	thumb	ResetGame_Leader
0x08148724	thumb	ResetGame_Member
0x08148760	thumb	ExitGame
0x081487B4	thumb	GivePrize_Leader
0x08148800	thumb	GivePrize_Member
0x0814881C	thumb	SavePokeJump
0x081488DC	thumb	DoGameIntro
0x081489C8	thumb	HandleSwingRound
0x08148A60	thumb	DoVineHitEffect
0x08148B54	thumb	TryGivePrize
0x08148C80	thumb	DoPlayAgainPrompt
0x08148D5C	thumb	ClosePokeJumpLink
0x08148E2C	thumb	CloseMessageAndResetScore
0x08148E80	thumb	Task_CommunicateMonInfo
0x08148F5C	thumb	SetTaskWithPokeJumpStruct
0x08148F7C	thumb	InitVineState
0x08148F9C	thumb	ResetVineState
0x08148FE0	thumb	UpdateVineState
0x08149044	thumb	GetVineSpeed
0x08149078	thumb	UpdateVineSpeed
0x08149194	thumb	PokeJumpRandom
0x081491B4	thumb	ResetVineAfterHit
0x081491D8	thumb	IsGameOver
0x081491E4	thumb	ResetPlayersJumpStates
0x08149210	thumb	ResetPlayersMonState
0x0814922C	thumb	IsPlayersMonState
0x08149260	thumb	SetMonStateJump
0x08149288	thumb	SetMonStateHit
0x081492B8	thumb	SetMonStateNormal
0x081492D8	thumb	UpdateGame
0x0814933C	thumb	TryUpdateVineSwing
0x0814935C	thumb	DisallowVineUpdates
0x0814936C	thumb	AllowVineUpdates
0x0814937C	thumb	HandleMonState
0x08149490	thumb	UpdateJump
0x08149534	thumb	TryUpdateScore
0x08149630	thumb	UpdateVineHitStates
0x081496D4	thumb	AllPlayersJumpedOrHit
0x08149710	thumb	DidAllPlayersClearVine
0x08149748	thumb	ShouldPlayAgain
0x08149780	thumb	AddJumpScore
0x081497A8	thumb	GetPlayersAtJumpPeak
0x08149804	thumb	AreLinkQueuesEmpty
0x08149834	thumb	GetNumPlayersForBonus
0x08149878	thumb	ClearUnreadField
0x08149888	thumb	GetScoreBonus
0x08149898	thumb	TryUpdateExcellentsRecord
0x081498B4	thumb	HasEnoughScoreForPrize
0x081498D8	thumb	GetPrizeData
0x08149900	thumb	UnpackPrizeData
0x08149910	thumb	GetPrizeItemId
0x08149930	thumb	GetPrizeQuantity
0x08149978	thumb	GetQuantityLimitedByBag
0x081499A4	thumb	GetNumPokeJumpPlayers
0x081499B4	thumb	GetPokeJumpMultiplayerId
0x081499C0	thumb	GetMonInfoByMultiplayerId
0x081499E0	thumb	GetPokeJumpPlayerName
0x08149A00	thumb	IsSpeciesAllowedInPokemonJump
0x08149A18	thumb	IsPokemonJumpSpeciesInParty
0x08149A6C	thumb	SendPacket_MonInfo
0x08149A90	thumb	RecvPacket_MonInfo
0x08149AE0	thumb	SendPacket_Unused
0x08149AF8	thumb	SendPacket_LeaderState
0x08149B7C	thumb	RecvPacket_LeaderState
0x08149BF4	thumb	SendPacket_MemberState
0x08149C24	thumb	RecvPacket_MemberStateToLeader
0x08149C90	thumb	RecvPacket_MemberStateToMember
0x08149CEC	thumb	StartPokeJumpGfx
0x08149D24	thumb	FreeWindowsAndDigitObj
0x08149D34	thumb	InitPokeJumpGfx
0x08149D40	thumb	SetUpPokeJumpGfxFuncById
0x08149D68	thumb	IsPokeJumpGfxFuncFinished
0x08149D80	thumb	SetUpPokeJumpGfxFunc
0x08149DA4	thumb	Task_RunPokeJumpGfxFunc
0x08149DC8	thumb	LoadPokeJumpGfx
0x08149F64	thumb	PrintPlayerNamesNoHighlight
0x08149FD0	thumb	PrintPlayerNamesWithHighlight
0x0814A03C	thumb	ErasePlayerNames
0x0814A0C8	thumb	Msg_WantToPlayAgain
0x0814A174	thumb	Msg_SavingDontTurnOff
0x0814A218	thumb	EraseMessage
0x0814A264	thumb	Msg_SomeoneDroppedOut
0x0814A308	thumb	Msg_CommunicationStandby
0x0814A3AC	thumb	DoPokeJumpCountdown
0x0814A3E4	thumb	SetUpResetVineGfx
0x0814A408	thumb	ResetVineGfx
0x0814A468	thumb	PrintPrizeMessage
0x0814A53C	thumb	PrintPrizeFilledBagMessage
0x0814A5B4	thumb	PrintNoRoomForPrizeMessage
0x0814A62C	thumb	DoPrizeMessageAndFanfare
0x0814A6CC	thumb	ClearMessageWindow
0x0814A6FC	thumb	RemoveMessageWindow
0x0814A744	thumb	HandlePlayAgainInput
0x0814A754	thumb	AddMessageWindow
0x0814A7D0	thumb	CreatePokeJumpYesNoMenu
0x0814A84C	thumb	PrintScoreSuffixes
0x0814A8B8	thumb	CreateJumpMonSprites
0x0814A940	thumb	SetMonSpriteY
0x0814A95C	thumb	UpdateVineSwing
0x0814A98C	thumb	DoSameJumpTimeBonus
0x0814A9C8	thumb	InitDigitPrinters
0x0814AA24	thumb	PrintScore
0x0814AA34	thumb	PrintJumpsInRow
0x0814AA48	thumb	StartMonHitShake
0x0814AA60	thumb	StartMonHitFlash
0x0814AA78	thumb	IsMonHitShakeActive
0x0814AA8C	thumb	StopMonHitFlash
0x0814AAA0	thumb	ResetMonSpriteSubpriorities
0x0814AAB4	thumb	StartMonIntroBounce
0x0814AAC8	thumb	IsMonIntroBounceActive
0x0814AADC	thumb	AddPlayerNameWindows
0x0814AB98	thumb	PrintPokeJumpPlayerName
0x0814AC30	thumb	PrintPokeJumpPlayerNames
0x0814AC94	thumb	DrawPlayerNameWindows
0x0814ACCC	thumb	ShowBonus
0x0814AD18	thumb	UpdateBonus
0x0814AD50	thumb	Task_UpdateBonus
0x0814AD6C	thumb	LoadSpriteSheetsAndPalettes
0x0814ADB4	thumb	ResetPokeJumpSpriteData
0x0814ADCC	thumb	CreateJumpMonSprite
0x0814AF0C	thumb	DoStarAnim
0x0814AF74	thumb	SpriteCB_Star
0x0814AFE8	thumb	Gfx_StartMonHitShake
0x0814B010	thumb	Gfx_IsMonHitShakeActive
0x0814B038	thumb	SpriteCB_MonHitShake
0x0814B080	thumb	Gfx_StartMonHitFlash
0x0814B0A8	thumb	Gfx_StopMonHitFlash
0x0814B100	thumb	SpriteCB_MonHitFlash
0x0814B134	thumb	Gfx_ResetMonSpriteSubpriorities
0x0814B168	thumb	Gfx_StartMonIntroBounce
0x0814B190	thumb	Gfx_IsMonIntroBounceActive
0x0814B1CC	thumb	SpriteCB_MonIntroBounce
0x0814B240	thumb	CreateStarSprite
0x0814B294	thumb	CreateVineSprites
0x0814B348	thumb	UpdateVineAnim
0x0814B43C	thumb	StartPokeJumpCountdown
0x0814B460	thumb	IsPokeJumpCountdownRunning
0x0814B46C	thumb	GetPokeJumpRecords
0x0814B47C	thumb	ResetPokemonJumpRecords
0x0814B494	thumb	TryUpdateRecords
0x0814B4E8	thumb	IncrementGamesWithMaxPlayers
0x0814B504	thumb	ShowPokemonJumpRecords
0x0814B524	thumb	Task_ShowPokemonJumpRecords
0x0814B5C4	thumb	PrintRecordsText
0x0814B6D4	thumb	TruncateToFirstWordOnly
0x0814B6F0	thumb	GetBerryCrushGame
0x0814B6FC	thumb	QuitBerryCrush
0x0814B754	thumb	StartBerryCrush
0x0814B860	thumb	GetBerryFromBag
0x0814B8F0	thumb	ChooseBerry
0x0814B914	thumb	BerryCrush_SetVBlankCallback
0x0814B924	thumb	BerryCrush_InitVBlankCB
0x0814B930	thumb	SaveResults
0x0814BA6C	thumb	VBlankCB
0x0814BA80	thumb	MainCB
0x0814BA98	thumb	MainTask
0x0814BABC	thumb	SetNamesAndTextSpeed
0x0814BB4C	thumb	RunOrScheduleCommand
0x0814BBB8	thumb	Cmd_BeginNormalPaletteFade
0x0814BC10	thumb	Cmd_WaitPaletteFade
0x0814BC74	thumb	Cmd_PrintMessage
0x0814BD7C	thumb	Cmd_ShowGameDisplay
0x0814BD9C	thumb	Cmd_HideGameDisplay
0x0814BDBC	thumb	Cmd_SignalReadyToBegin
0x0814BE0C	thumb	Cmd_AskPickBerry
0x0814BE64	thumb	Cmd_GoToBerryPouch
0x0814BE7C	thumb	Cmd_WaitForOthersToPickBerries
0x0814BFD0	thumb	Cmd_DropBerriesIntoCrusher
0x0814C118	thumb	Cmd_DropLid
0x0814C24C	thumb	Cmd_Countdown
0x0814C2FC	thumb	HandlePartnerInput
0x0814C4B8	thumb	BerryCrush_BuildLocalState
0x0814C618	thumb	HandlePlayerInput
0x0814C7BC	thumb	RecvLinkData
0x0814C850	thumb	Cmd_PlayGame_Leader
0x0814C8F8	thumb	Cmd_PlayGame_Member
0x0814C990	thumb	Cmd_FinishGame
0x0814CB20	thumb	Cmd_HandleTimeUp
0x0814CC0C	thumb	Cmd_TabulateResults
0x0814CFA8	thumb	Cmd_ShowResults
0x0814D094	thumb	Cmd_SaveGame
0x0814D188	thumb	Cmd_AskPlayAgain
0x0814D240	thumb	Cmd_CommunicatePlayAgainResponses
0x0814D31C	thumb	Cmd_PlayAgain
0x0814D3A4	thumb	Cmd_StopGame
0x0814D468	thumb	Cmd_CloseLink
0x0814D4C8	thumb	Cmd_Quit
0x0814D4D8	thumb	ResetGame
0x0814D564	thumb	SetPaletteFadeArgs
0x0814D5A4	thumb	SetPrintMessageArgs
0x0814D5C8	thumb	ShowGameDisplay
0x0814D888	thumb	HideGameDisplay
0x0814D9CC	thumb	UpdateGame
0x0814DA04	thumb	ResetCrusherPos
0x0814DA24	thumb	CreateBerrySprites
0x0814DB84	thumb	SpriteCB_DropBerryIntoCrusher
0x0814DC24	thumb	BerryCrushFreeBerrySpriteGfx
0x0814DC5C	thumb	UpdateInputEffects
0x0814DE50	thumb	AreEffectsFinished
0x0814DEC0	thumb	FramesToMinSec
0x0814DF44	thumb	PrintTextCentered
0x0814DFA4	thumb	PrintResultsText
0x0814E32C	thumb	printCrushingResults
0x0814E644	thumb	OpenResultsWindow
0x0814E80C	thumb	CloseResultsWindow
0x0814E830	thumb	Task_ShowBerryCrushRankings
0x0814EA7C	thumb	ShowBerryCrushRankings
0x0814EAD4	thumb	PrintTimer
0x0814EB04	thumb	HideTimer
0x0814EB38	thumb	CreatePlayerNameWindows
0x0814EBB0	thumb	DrawPlayerNameWindows
0x0814EC80	thumb	CopyPlayerNameWindowGfxToBg
0x0814ECE0	thumb	CreateGameSprites
0x0814EF10	thumb	DestroyGameSprites
0x0814EFD0	thumb	SpriteCB_Impact
0x0814EFFC	thumb	SpriteCB_Sparkle_End
0x0814F044	thumb	SpriteCB_Sparkle
0x0814F0D8	thumb	SpriteCB_Sparkle_Init
0x0814F19C	thumb	CB2_RunWirelessCommunicationScreen
0x0814F1C0	thumb	VBlankCB_WirelessCommunicationScreen
0x0814F1D4	thumb	ShowWirelessCommunicationScreen
0x0814F1E4	thumb	CB2_InitWirelessCommunicationScreen
0x0814F32C	thumb	ExitWirelessCommunicationStatusScreen
0x0814F364	thumb	CyclePalette
0x0814F3A8	thumb	PrintHeaderTexts
0x0814F46C	thumb	Task_WirelessCommunicationScreen
0x0814F65C	thumb	WCSS_AddTextPrinterParameterized
0x0814F714	thumb	CountPlayersInGroupAndGetActivity
0x0814F7BC	thumb	HaveCountsChanged
0x0814F7E4	thumb	UpdateCommunicationCounts
0x0814F884	thumb	FontFunc_Braille
0x0814FC9C	thumb	DecompressGlyph_Braille
0x0814FD00	thumb	GetGlyphWidth_Braille
0x0814FD04	thumb	LoadHelpMessageWindowGfxOnBg
0x0814FD38	thumb	LoadMenuMessageWindowGfxOnBg
0x0814FD6C	thumb	LoadSignpostWindowGfxOnBg
0x0814FDA0	thumb	LoadStdWindowGfxOnBg
0x0814FDD4	thumb	LoadQuestLogWindowTilesOnBg
0x0814FDF4	thumb	LoadUserWindowGfxByFrameOnBg
0x0814FE40	thumb	LoadUserWindowGfx2
0x0814FE6C	thumb	LoadHelpMessageWindowGfx
0x0814FEAC	thumb	LoadMenuMessageWindowGfx
0x0814FEEC	thumb	LoadSignpostWindowGfx
0x0814FF2C	thumb	LoadStdWindowGfx
0x0814FF6C	thumb	LoadStdWindowTiles
0x0814FF98	thumb	LoadQuestLogWindowTiles
0x0814FFC4	thumb	LoadUserWindowGfxByFrame
0x0815001C	thumb	LoadUserWindowGfx
0x08150048	thumb	DrawTextBorderOuter
0x081501D0	thumb	DrawTextBorderInner
0x0815036C	thumb	rbox_fill_rectangle
0x08150408	thumb	GetTextWindowPalette
0x08150454	thumb	QuestLogUpdatePlayerSprite
0x08150474	thumb	QuestLogTryRecordPlayerAvatarGfxTransition
0x08150498	thumb	QuestLogCallUpdatePlayerSprite
0x081504A8	thumb	QL_GfxTransition_Normal
0x081504E8	thumb	QL_GfxTransition_Bike
0x08150530	thumb	QL_GfxTransition_Fish
0x081505C4	thumb	Task_QLFishMovement
0x08150708	thumb	QL_GfxTransition_StartSurf
0x0815077C	thumb	QL_GfxTransition_VSSeeker
0x08150794	thumb	Task_QLVSSeekerMovement
0x081507BC	thumb	QL_SetObjectGraphicsId
0x081507CC	thumb	QL_GfxTransition_StopSurfSouth
0x081507D8	thumb	QL_GfxTransition_StopSurfNorth
0x081507E4	thumb	QL_GfxTransition_StopSurfWest
0x081507F0	thumb	QL_GfxTransition_StopSurfEast
0x081507FC	thumb	StartDodrioBerryPicking
0x081508D8	thumb	ResetTasksAndSprites
0x081508EC	thumb	InitDodrioGame
0x08150A84	thumb	Task_StartDodrioGame
0x08150C08	thumb	Task_DodrioGame_Leader
0x08150C40	thumb	Task_DodrioGame_Member
0x08150C78	thumb	DoGameIntro
0x08150CBC	thumb	InitCountdown
0x08150CF4	thumb	DoCountdown
0x08150D7C	thumb	WaitGameStart
0x08150DA4	thumb	PlayGame_Leader
0x08150E68	thumb	PlayGame_Member
0x08150F40	thumb	WaitEndGame_Leader
0x08150FC4	thumb	WaitEndGame_Member
0x08150FDC	thumb	InitResults_Leader
0x0815109C	thumb	InitResults_Member
0x08151198	thumb	DoResults
0x081512B4	thumb	AskPlayAgain
0x08151488	thumb	EndLink
0x081514F0	thumb	ExitGame
0x0815159C	thumb	ResetGame
0x081516DC	thumb	Task_NewGameIntro
0x08151750	thumb	Task_CommunicateMonInfo
0x0815184C	thumb	RecvLinkData_Gameplay
0x08151A5C	thumb	RecvLinkData_ReadyToEnd
0x08151B54	thumb	RecvLinkData_Leader
0x08151BA0	thumb	SendLinkData_Leader
0x08151C5C	thumb	RecvLinkData_Member
0x08151D28	thumb	SendLinkData_Member
0x08151D98	thumb	HandleSound_Leader
0x08151E94	thumb	HandleSound_Member
0x0815201C	thumb	CB2_DodrioGame
0x08152034	thumb	VBlankCB_DodrioGame
0x08152048	thumb	InitMonInfo
0x0815205C	thumb	CreateTask_
0x0815206C	thumb	CreateDodrioGameTask
0x08152090	thumb	SetGameFunc
0x081520B4	thumb	SlideTreeBordersOut
0x08152110	thumb	InitFirstWaveOfBerries
0x08152174	thumb	HandlePickBerries
0x08152484	thumb	TryPickBerry
0x0815256C	thumb	UpdateFallingBerries
0x081527D0	thumb	UpdateBerrySprites
0x081528D0	thumb	UpdateAllDodrioAnims
0x08152910	thumb	SetAllDodrioDisabled
0x0815293C	thumb	UpdateGame_Leader
0x08152970	thumb	UpdateGame_Member
0x081529A4	thumb	GetActiveBerryColumns
0x08152A00	thumb	AllPlayersReadyToStart
0x08152A70	thumb	ResetReadyToStart
0x08152A98	thumb	ReadyToEndGame_Leader
0x08152AD8	thumb	ReadyToEndGame_Member
0x08152B64	thumb	TryIncrementDifficulty
0x08152BD4	thumb	GetPlayerIdAtColumn
0x08152BF8	thumb	GetNewBerryId
0x08152CB8	thumb	GetNewBerryIdByDifficulty
0x08152D34	thumb	IncrementBerryResult
0x08152F94	thumb	UpdateBerriesPickedInRow
0x08153004	thumb	SetMaxBerriesPickedInRow
0x08153048	thumb	ResetForPlayAgainPrompt
0x08153150	thumb	SetRandomPrize
0x081531BC	thumb	GetBerriesPicked
0x081531FC	thumb	TryUpdateRecords
0x0815327C	thumb	UpdatePickStateQueue
0x081532B8	thumb	HandleWaitPlayAgainInput
0x0815336C	thumb	ResetPickState
0x08153390	thumb	GetPrizeItemId
0x081533B4	thumb	GetNumPlayers
0x081533C4	thumb	GetPlayerName
0x08153404	thumb	GetBerryResult
0x08153424	thumb	GetScore
0x081534AC	thumb	GetHighestScore
0x081534F0	thumb	GetHighestBerryResult
0x08153534	thumb	GetScoreByRanking
0x081535B0	thumb	SetScoreResults
0x081536A0	thumb	GetScoreResults
0x081536C0	thumb	GetScoreRanking
0x0815372C	thumb	TryGivePrize
0x0815378C	thumb	IncrementWithLimit
0x0815379C	thumb	Min
0x081537AC	thumb	GetPlayerIdByPos
0x081537C0	thumb	IsDodrioInParty
0x08153810	thumb	ShowDodrioBerryPickingRecords
0x08153830	thumb	Task_ShowDodrioBerryPickingRecords
0x081538D0	thumb	PrintRecordsText
0x081539EC	thumb	Debug_UpdateNumPlayers
0x08153A04	thumb	Debug_SetPlayerNamesAndResults
0x08153A9C	thumb	LoadDodrioGfx
0x08153AFC	thumb	CreateDodrioSprite
0x08153B9C	thumb	SpriteCB_Dodrio
0x08153BC0	thumb	StartDodrioMissedAnim
0x08153BF8	thumb	StartDodrioIntroAnim
0x08153C30	thumb	DoDodrioMissedAnim
0x08153CA0	thumb	DoDodrioIntroAnim
0x08153D08	thumb	FreeDodrioSprites
0x08153D48	thumb	SetDodrioInvisibility
0x08153D80	thumb	SetAllDodrioInvisibility
0x08153DA8	thumb	SetDodrioAnim
0x08153DD4	thumb	SpriteCB_Status
0x08153DD8	thumb	InitStatusBarPos
0x08153E28	thumb	CreateStatusBarSprites
0x08153ED8	thumb	FreeStatusBar
0x08153F1C	thumb	DoStatusBarIntro
0x08153FC8	thumb	UpdateStatusBarAnim
0x081540DC	thumb	SetStatusBarInvisibility
0x08154128	thumb	LoadBerryGfx
0x0815417C	thumb	CreateBerrySprites
0x08154274	thumb	FreeBerrySprites
0x081542EC	thumb	SetBerryInvisibility
0x08154324	thumb	SetBerryIconsInvisibility
0x08154370	thumb	SetBerryYPos
0x08154398	thumb	SetBerryAnim
0x081543C4	thumb	UnusedSetSpritePos
0x081543E8	thumb	SpriteCB_Cloud
0x08154438	thumb	CreateCloudSprites
0x081544F0	thumb	ResetCloudPos
0x08154540	thumb	StartCloudMovement
0x08154578	thumb	FreeCloudSprites
0x081545BC	thumb	SetCloudInvisibility
0x08154608	thumb	GetDodrioXPos
0x081546C0	thumb	ResetBerryAndStatusBarSprites
0x081546EC	thumb	LoadWindowFrameGfx
0x08154720	thumb	DBP_LoadStdWindowGfx
0x08154730	thumb	ResetGfxState
0x08154768	thumb	DrawYesNoMessageWindow
0x08154868	thumb	DrawMessageWindow
0x08154968	thumb	InitGameGfx
0x081549C8	thumb	FreeAllWindowBuffers_
0x081549D4	thumb	SetGfxFuncById
0x08154A08	thumb	Task_TryRunGfxFunc
0x08154A2C	thumb	LoadGfx
0x08154B34	thumb	ShowNames
0x08154D9C	thumb	PrintRankedScores
0x08154F80	thumb	ShowResults
0x081556E0	thumb	Msg_WantToPlayAgain
0x08155A78	thumb	Msg_SavingDontTurnOff
0x08155B4C	thumb	Msg_CommunicationStandby
0x08155C2C	thumb	EraseMessage
0x08155C80	thumb	Msg_SomeoneDroppedOut
0x08155DF4	thumb	StopGfxFuncs
0x08155E20	thumb	GfxIdle
0x08155E24	thumb	SetGfxFunc
0x08155E54	thumb	GetGfxFunc
0x08155E68	thumb	IsGfxFuncActive
0x08155E8C	thumb	GetPlayAgainState
0x08155EA0	thumb	InitBgs
0x08155FE0	thumb	LoadBgGfx
0x081560A0	thumb	PokedudeDummy
0x081560A4	thumb	SetControllerToPokedude
0x081560DC	thumb	PokedudeBufferRunCommand
0x08156140	thumb	HandleInputChooseAction
0x0815614C	thumb	CompleteOnBattlerSpriteCallbackDummy
0x08156184	thumb	CompleteOnBattlerSpritePosX_0
0x0815623C	thumb	CompleteOnInactiveTextPrinter
0x08156254	thumb	Pokedude_SetBattleEndCallbacks
0x08156294	thumb	SwitchIn_HandleSoundAndEnd
0x081562F0	thumb	SwitchIn_CleanShinyAnimShowSubstitute
0x081563A8	thumb	SwitchIn_TryShinyAnimShowHealthbox
0x08156484	thumb	CompleteOnSpecialAnimDone
0x0815649C	thumb	Intro_DelayAndEnd
0x081564E4	thumb	PokedudeHandleInputChooseMove
0x081564F0	thumb	OpenPartyMenuToChooseMon
0x08156538	thumb	WaitForMonSelection
0x08156594	thumb	OpenBagAndChooseItem
0x081565E8	thumb	CompleteWhenChoseItem
0x08156624	thumb	Intro_TryShinyAnimShowHealthbox
0x081567B0	thumb	Intro_WaitForShinyAnimAndHealthbox
0x081568DC	thumb	Task_GiveExpToMon
0x08156A54	thumb	Task_PrepareToGiveExpWithExpBar
0x08156B24	thumb	Task_GiveExpWithExpBar
0x08156C68	thumb	Task_LaunchLvlUpAnim
0x08156CC8	thumb	Task_UpdateLvlInHealthbox
0x08156D80	thumb	DestroyExpTaskAndCompleteOnInactiveTextPrinter
0x08156DCC	thumb	FreeMonSpriteAfterFaintAnim
0x08156E78	thumb	CompleteOnHealthbarDone
0x08156EE8	thumb	CompleteOnInactiveTextPrinter2
0x08156F00	thumb	DoHitAnimBlinkSpriteEffect
0x08156F7C	thumb	DoSwitchOutAnimation
0x08156FEC	thumb	CompleteOnBattlerSpriteCallbackDummy2
0x08157024	thumb	CompleteOnFinishedBattleAnimation
0x08157054	thumb	CompleteOnFinishedStatusAnimation
0x08157084	thumb	PokedudeBufferExecCompleted
0x081570FC	thumb	CompleteOnFinishedStatusAnimation2
0x0815712C	thumb	PokedudeHandleGetMonData
0x081571A0	thumb	CopyPokedudeMonData
0x08157750	thumb	PokedudeHandleGetRawMonData
0x0815775C	thumb	PokedudeHandleSetMonData
0x081577B4	thumb	SetPokedudeMonData
0x081580D4	thumb	PokedudeHandleSetRawMonData
0x081580E0	thumb	PokedudeHandleLoadMonSprite
0x0815823C	thumb	PokedudeHandleSwitchInAnim
0x081582C0	thumb	PokedudeHandleReturnMonToBall
0x08158344	thumb	PokedudeHandleDrawTrainerPic
0x08158544	thumb	PokedudeHandleTrainerSlide
0x08158610	thumb	PokedudeHandleTrainerSlideBack
0x0815861C	thumb	PokedudeHandleFaintAnimation
0x08158748	thumb	PokedudeHandlePaletteFade
0x08158754	thumb	PokedudeHandleSuccessBallThrowAnim
0x081587A8	thumb	PokedudeHandleBallThrowAnim
0x08158808	thumb	PokedudeHandlePause
0x08158814	thumb	PokedudeHandleMoveAnimation
0x0815893C	thumb	PokedudeDoMoveAnimation
0x08158A88	thumb	PokedudeHandlePrintString
0x08158AFC	thumb	PokedudeHandlePrintSelectionString
0x08158B20	thumb	HandleChooseActionAfterDma3
0x08158B60	thumb	PokedudeHandleChooseAction
0x08158BF8	thumb	PokedudeHandleUnknownYesNoBox
0x08158C04	thumb	PokedudeHandleChooseMoveAfterDma3
0x08158C48	thumb	PokedudeHandleChooseMove
0x08158C90	thumb	PokedudeHandleChooseItem
0x08158CF4	thumb	PokedudeHandleChoosePokemon
0x08158DCC	thumb	PokedudeHandleCmd23
0x08158DD8	thumb	PokedudeHandleHealthBarUpdate
0x08158ED0	thumb	PokedudeHandleExpUpdate
0x08158F6C	thumb	PokedudeHandleStatusIconUpdate
0x08159014	thumb	PokedudeHandleStatusAnimation
0x0815907C	thumb	PokedudeHandleStatusXor
0x08159100	thumb	PokedudeHandleDataTransfer
0x0815910C	thumb	PokedudeHandleDMA3Transfer
0x08159118	thumb	PokedudeHandlePlayBGM
0x08159124	thumb	PokedudeHandleCmd32
0x08159130	thumb	PokedudeHandleTwoReturnValues
0x0815913C	thumb	PokedudeHandleChosenMonReturnValue
0x08159148	thumb	PokedudeHandleOneReturnValue
0x08159154	thumb	PokedudeHandleOneReturnValue_Duplicate
0x08159160	thumb	PokedudeHandleCmd37
0x0815916C	thumb	PokedudeHandleCmd38
0x08159178	thumb	PokedudeHandleCmd39
0x08159184	thumb	PokedudeHandleCmd40
0x08159190	thumb	PokedudeHandleHitAnimation
0x08159200	thumb	PokedudeHandleCmd42
0x0815920C	thumb	PokedudeHandlePlaySE
0x0815923C	thumb	PokedudeHandlePlayFanfare
0x0815926C	thumb	PokedudeHandleFaintingCry
0x081592D0	thumb	PokedudeHandleIntroSlide
0x08159304	thumb	PokedudeHandleIntroTrainerBallThrow
0x08159478	thumb	StartSendOutAnim
0x081595EC	thumb	Task_StartSendOutAnim
0x08159660	thumb	PokedudeHandleDrawPartyStatusSummary
0x081596E4	thumb	PokedudeHandleHidePartyStatusSummary
0x081596F0	thumb	PokedudeHandleEndBounceEffect
0x08159714	thumb	PokedudeHandleSpriteInvisibility
0x08159720	thumb	PokedudeHandleBattleAnimation
0x0815977C	thumb	PokedudeHandleLinkStandbyMsg
0x081597B8	thumb	PokedudeHandleResetActionMoveSelection
0x081597C4	thumb	PokedudeHandleCmd55
0x08159820	thumb	PokedudeCmdEnd
0x08159824	thumb	PokedudeSimulateInputChooseAction
0x08159998	thumb	PokedudeSimulateInputChooseMove
0x08159AB8	thumb	HandlePokedudeVoiceoverEtc
0x08159B78	thumb	ReturnFromPokedudeAction
0x08159BA8	thumb	PokedudeAction_PrintVoiceoverMessage
0x08159D04	thumb	PokedudeAction_PrintMessageWithHealthboxPals
0x08159EF0	thumb	GetPokedudeText
0x08159F40	thumb	InitPokedudePartyAndOpponent
0x0815A008	thumb	QL_RecordObjects
0x0815A1F8	thumb	QL_LoadObjects
0x0815A540	thumb	QL_TryStopSurfing
0x0815A5BC	thumb	SendPacket_ReadyToStart
0x0815A5E8	thumb	RecvPacket_ReadyToStart
0x0815A61C	thumb	SendPacket_GameState
0x0815A950	thumb	RecvPacket_GameState
0x0815AAD8	thumb	SendPacket_PickState
0x0815AB04	thumb	RecvPacket_PickState
0x0815AB3C	thumb	SendPacket_ReadyToEnd
0x0815AB60	thumb	RecvPacket_ReadyToEnd
0x0815AB94	thumb	TeachyTvCallback
0x0815ABB0	thumb	TeachyTvVblankHandler
0x0815ABC4	thumb	InitTeachyTvController
0x0815ABFC	thumb	CB2_ReturnToTeachyTV
0x0815AC20	thumb	SetTeachyTvControllerModeToResume
0x0815AC2C	thumb	TeachyTvMainCallback
0x0815AD88	thumb	TeachyTvSetupBg
0x0815AE38	thumb	TeachyTvLoadGraphic
0x0815AEB8	thumb	TeachyTvCreateAndRenderRbox
0x0815AEE8	thumb	TeachyTvSetupWindow
0x0815AF5C	thumb	TeachyTvSetupScrollIndicatorArrowPair
0x0815AFAC	thumb	TeachyTvRemoveScrollIndicatorArrowPair
0x0815AFD8	thumb	TeachyTvAudioByInput
0x0815AFEC	thumb	TeachyTvInitIo
0x0815B014	thumb	TeachyTvSetupObjEventAndOam
0x0815B05C	thumb	TeachyTvSetSpriteCoordsAndSwitchFrame
0x0815B094	thumb	TeachyTvSetWindowRegs
0x0815B0B4	thumb	TeachyTvClearWindowRegs
0x0815B0CC	thumb	TeachyTvBg2AnimController
0x0815B118	thumb	TeachyTvSetupPostBattleWindowAndObj
0x0815B1DC	thumb	TeachyTvInitTextPrinter
0x0815B220	thumb	TeachyTvFree
0x0815B23C	thumb	TeachyTvQuitBeginFade
0x0815B274	thumb	TeachyTvQuitFadeControlAndTaskDel
0x0815B2C0	thumb	TeachyTvOptionListController
0x0815B38C	thumb	TTVcmd_TransitionRenderBg2TeachyTvGraphicInitNpcPos
0x0815B404	thumb	TTVcmd_ClearBg2TeachyTvGraphic
0x0815B454	thumb	TTVcmd_NpcMoveAndSetupTextPrinter
0x0815B4C0	thumb	TTVcmd_IdleIfTextPrinterIsActive
0x0815B4EC	thumb	TeachyTvRenderMsgAndSwitchClusterFuncs
0x0815B588	thumb	TTVcmd_TextPrinterSwitchStringByOptionChosen
0x0815B5C0	thumb	TTVcmd_TextPrinterSwitchStringByOptionChosen2
0x0815B5F8	thumb	TTVcmd_IdleIfTextPrinterIsActive2
0x0815B624	thumb	TTVcmd_EraseTextWindowIfKeyPressed
0x0815B664	thumb	TTVcmd_StartAnimNpcWalkIntoGrass
0x0815B6A8	thumb	TTVcmd_DudeMoveUp
0x0815B740	thumb	TTVcmd_DudeMoveRight
0x0815B7E4	thumb	TTVcmd_DudeTurnLeft
0x0815B840	thumb	TTVcmd_DudeMoveLeft
0x0815B8A4	thumb	TTVcmd_RenderAndRemoveBg1EndGraphic
0x0815B908	thumb	TeachyTvClearBg1EndGraphicText
0x0815B92C	thumb	TTVcmd_End
0x0815B9F0	thumb	TTVcmd_TaskBattleOrFadeByOptionChosen
0x0815BA30	thumb	TeachyTvSetupBagItemsByOptionChosen
0x0815BA54	thumb	TeachyTvPostBattleFadeControl
0x0815BAA0	thumb	TeachyTvGrassAnimationMain
0x0815BB6C	thumb	TeachyTvGrassAnimationObjCallback
0x0815BC40	thumb	TeachyTvGrassAnimationCheckIfNeedsToGenerateGrassObj
0x0815BC90	thumb	TeachyTvPrepBattle
0x0815BD04	thumb	TeachyTvPreBattleAnimAndSetBattleCallback
0x0815BD58	thumb	TeachyTvRestorePlayerPartyCallback
0x0815BD80	thumb	TeachyTvLoadBg3Map
0x0815BF48	thumb	TeachyTvLoadMapTilesetToBuffer
0x0815BF70	thumb	TeachyTvPushBackNewMapPalIndexArrayEntry
0x0815BFF0	thumb	TeachyTvComputeMapTilesFromTilesetAndMetaTiles
0x0815C0D4	thumb	TeachyTvComputeSingleMapTileBlockFromTilesetAndMetaTiles
0x0815C1F0	thumb	TeachyTvComputePalIndexArrayEntryByMetaTile
0x0815C230	thumb	TeachyTvLoadMapPalette
0x0815C27C	thumb	EReader_Send
0x0815C310	thumb	EReader_Recv
0x0815C3A4	thumb	CloseSerial
0x0815C3E4	thumb	OpenSerialMulti
0x0815C45C	thumb	OpenSerial32
0x0815C498	thumb	EReaderHandleTransfer
0x0815C610	thumb	DetermineSendRecvState
0x0815C644	thumb	SetUpTransferManager
0x0815C690	thumb	StartTm3
0x0815C6C4	thumb	EReaderHelper_Timer3Callback
0x0815C6D4	thumb	EReaderHelper_SerialCallback
0x0815C864	thumb	EnableSio
0x0815C874	thumb	DisableTm3
0x0815C898	thumb	GetKeyInput
0x0815C8C8	thumb	EReaderHelper_SaveRegsState
0x0815C91C	thumb	EReaderHelper_RestoreRegsState
0x0815C960	thumb	EReaderHelper_ClearsSendRecvMgr
0x0815C980	thumb	DigitObjUtil_Init
0x0815C9F4	thumb	DigitObjUtil_Free
0x0815CA40	thumb	DigitObjUtil_CreatePrinter
0x0815CC28	thumb	CopyWorkToOam
0x0815CD70	thumb	DigitObjUtil_PrintNumOn
0x0815CDDC	thumb	DrawNumObjsLeadingZeros
0x0815CE90	thumb	DrawNumObjsMinusInFront
0x0815CFEC	thumb	DrawNumObjsMinusInBack
0x0815D108	thumb	DigitObjUtil_DeletePrinter
0x0815D1A8	thumb	DigitObjUtil_HideOrShow
0x0815D244	thumb	GetFirstOamId
0x0815D29C	thumb	SharesTileWithAnyActive
0x0815D2E0	thumb	SharesPalWithAnyActive
0x0815D324	thumb	GetTilesPerImage
0x0815D334	thumb	DoSSAnneDepartureCutscene
0x0815D364	thumb	Task_SSAnneInit
0x0815D3A8	thumb	Task_SSAnneRun
0x0815D454	thumb	Task_SSAnneFinish
0x0815D498	thumb	CreateWakeBehindBoat
0x0815D518	thumb	WakeSpriteCallback
0x0815D5A4	thumb	CreateSmokeSprite
0x0815D624	thumb	SmokeSpriteCallback
0x0815D654	thumb	GetTrainerHillUnkVal
0x0815D67C	thumb	ValidateTrainerTowerTrainer
0x0815D6B4	thumb	ValidateTrainerTowerData
0x0815D700	thumb	CEReaderTool_SaveTrainerTower_r
0x0815D794	thumb	CEReaderTool_SaveTrainerTower
0x0815D7BC	thumb	CEReaderTool_LoadTrainerTower_r
0x0815D80C	thumb	CEReaderTool_LoadTrainerTower
0x0815D834	thumb	ReadTrainerTowerAndValidate
0x0815D838	thumb	SetAllRenewableItemFlags
0x0815D8C8	thumb	IncrementRenewableHiddenItemStepCounter
0x0815D8F8	thumb	TryRegenerateRenewableHiddenItems
0x0815D96C	thumb	SampleRenewableItemFlags
0x0815D9E8	thumb	CallTrainerTowerFunc
0x0815DA10	thumb	GetTrainerTowerOpponentClass
0x0815DA28	thumb	GetTrainerTowerOpponentName
0x0815DA3C	thumb	GetTrainerTowerTrainerFrontSpriteId
0x0815DA54	thumb	InitTrainerTowerBattleStruct
0x0815DBDC	thumb	FreeTrainerTowerBattleStruct
0x0815DBF4	thumb	GetTrainerTowerOpponentWinText
0x0815DC40	thumb	GetTrainerTowerOpponentLoseText
0x0815DC8C	thumb	SetUpTrainerTowerDataStruct
0x0815DD2C	thumb	FreeTrainerTowerDataStruct
0x0815DD44	thumb	InitTrainerTowerFloor
0x0815DDB0	thumb	SetTrainerTowerNPCGraphics
0x0815DEFC	thumb	TT_ConvertEasyChatMessageToString
0x0815DF54	thumb	BufferTowerOpponentSpeech
0x0815E068	thumb	TrainerTowerGetOpponentTextColor
0x0815E114	thumb	CB2_EndTrainerTowerBattle
0x0815E124	thumb	Task_DoTrainerTowerBattle
0x0815E160	thumb	DoTrainerTowerBattle
0x0815E1C0	thumb	TrainerTowerGetChallengeType
0x0815E1F0	thumb	TrainerTowerAddFloorCleared
0x0815E218	thumb	GetFloorAlreadyCleared
0x0815E28C	thumb	StartTrainerTowerChallenge
0x0815E394	thumb	GetOwnerState
0x0815E408	thumb	GiveChallengePrize
0x0815E4B0	thumb	CheckFinalTime
0x0815E56C	thumb	TrainerTowerResumeTimer
0x0815E5C4	thumb	TrainerTowerSetPlayerLost
0x0815E5F0	thumb	GetTrainerTowerChallengeStatus
0x0815E658	thumb	GetCurrentTime
0x0815E720	thumb	ShowResultsBoard
0x0815E88C	thumb	CloseResultsBoard
0x0815E8B4	thumb	TrainerTowerGetDoublesEligiblity
0x0815E8CC	thumb	TrainerTowerGetNumFloors
0x0815E908	thumb	ShouldWarpToCounter
0x0815E948	thumb	PlayTrainerTowerEncounterMusic
0x0815E9C8	thumb	HasSpokenToOwner
0x0815E9FC	thumb	BuildEnemyParty
0x0815EBB8	thumb	GetPartyMaxLevel
0x0815EC0C	thumb	ValidateOrResetCurTrainerTowerRecord
0x0815EC8C	thumb	PrintTrainerTowerRecords
0x0815EDDC	thumb	GetTrainerTowerRecordTime
0x0815EDF4	thumb	SetTrainerTowerRecordTime
0x0815EE0C	thumb	ResetTrainerTowerResults
0x0815EE3C	thumb	DecryptBerryPowder
0x0815EE54	thumb	SetBerryPowder
0x0815EE6C	thumb	ApplyNewEncryptionKeyToBerryPowder
0x0815EE88	thumb	HasEnoughBerryPowder
0x0815EEB0	thumb	Script_HasEnoughBerryPowder
0x0815EEE0	thumb	GiveBerryPowder
0x0815EF20	thumb	TakeBerryPowder
0x0815EF5C	thumb	Script_TakeBerryPowder
0x0815EFA0	thumb	GetBerryPowder
0x0815EFBC	thumb	PrintBerryPowderAmount
0x0815F014	thumb	DrawPlayerPowderAmount
0x0815F070	thumb	PrintPlayerBerryPowderAmount
0x0815F094	thumb	DisplayBerryPowderVendorMenu
0x0815F114	thumb	RemoveBerryPowderVendorMenu
0x0815F138	thumb	StartMinigameCountdown
0x0815F198	thumb	IsMinigameCountdownRunning
0x0815F1AC	thumb	Task_MinigameCountdown
0x0815F2AC	thumb	RunMinigameCountdownDigitsAnim
0x0815F3E0	thumb	StartStartGraphic
0x0815F444	thumb	IsStartGraphicAnimRunning
0x0815F470	thumb	SpriteCB_Start
0x0815F564	thumb	Load321StartGfx
0x0815F5BC	thumb	CreateNumberSprite
0x0815F610	thumb	CreateStartSprite
0x0815F6E0	thumb	SetScene
0x0815F74C	thumb	CB2_InitBerryFixProgram
0x0815F7E4	thumb	CB2_BerryFix
0x0815F7F0	thumb	Task_BerryFixMain
0x081DBD34	thumb	GameCubeMultiBoot_Hash
0x081DBD48	thumb	GameCubeMultiBoot_Main
0x081DBE48	thumb	GameCubeMultiBoot_ExecuteProgram
0x081DBE5C	thumb	GameCubeMultiBoot_Init
0x081DBEA6	thumb	GameCubeMultiBoot_HandleSerialInterrupt
0x081DBFD6	thumb	GameCubeMultiBoot_Quit
0x081DC010	thumb	umul3232H32
0x081DC020	thumb	SoundMain
0x081DC0A4	thumb	SoundMainRAM
0x081DC460	arm	SoundMainRAM_Unk1
0x081DC71C	arm	SoundMainRAM_Unk2
0x081DC7A8	thumb	SoundMainBTM
0x081DC7C0	thumb	RealClearChain
0x081DC7E0	thumb	ply_fine
0x081DC810	thumb	MPlayJumpTableCopy
0x081DC828	thumb	ldrb_r3_r2
0x081DC82A	thumb	chk_adr_r2
0x081DC844	thumb	ld_r3_tp_adr_i
0x081DC850	thumb	ply_goto
0x081DC870	thumb	ply_patt
0x081DC88C	thumb	ply_pend
0x081DC8A0	thumb	ply_rept
0x081DC8D0	thumb	ply_prio
0x081DC8DC	thumb	ply_tempo
0x081DC8F0	thumb	ply_keysh
0x081DC904	thumb	ply_voice
0x081DC934	thumb	ply_vol
0x081DC948	thumb	ply_pan
0x081DC95C	thumb	ply_bend
0x081DC970	thumb	ply_bendr
0x081DC984	thumb	ply_lfodl
0x081DC990	thumb	ply_modt
0x081DC9A8	thumb	ply_tune
0x081DC9BC	thumb	ply_port
0x081DC9D4	thumb	m4aSoundVSync
0x081DCA20	thumb	MPlayMain
0x081DCC88	thumb	TrackStop
0x081DCCCC	thumb	ChnVolSetAsm
0x081DCCFC	thumb	ply_note
0x081DCF00	thumb	ply_endtie
0x081DCF40	thumb	clear_modM
0x081DCF5C	thumb	ld_r3_tp_adr_i_unchecked
0x081DCF68	thumb	ply_lfos
0x081DCF7C	thumb	ply_mod
0x081DCF90	thumb	MidiKeyToFreq
0x081DCFF4	thumb	UnusedDummyFunc
0x081DCFF8	thumb	MPlayContinue
0x081DD014	thumb	MPlayFadeOut
0x081DD034	thumb	m4aSoundInit
0x081DD0E8	thumb	m4aSoundMain
0x081DD0F4	thumb	m4aSongNumStart
0x081DD120	thumb	m4aSongNumStartOrChange
0x081DD16C	thumb	m4aSongNumStartOrContinue
0x081DD1C0	thumb	m4aSongNumStop
0x081DD1F4	thumb	m4aSongNumContinue
0x081DD228	thumb	m4aMPlayAllStop
0x081DD26C	thumb	m4aMPlayContinue
0x081DD278	thumb	m4aMPlayAllContinue
0x081DD2BC	thumb	m4aMPlayFadeOut
0x081DD2CC	thumb	m4aMPlayFadeOutTemporarily
0x081DD2EC	thumb	m4aMPlayFadeIn
0x081DD314	thumb	m4aMPlayImmInit
0x081DD35C	thumb	MPlayExtender
0x081DD474	thumb	MusicPlayerJumpTableCopy
0x081DD478	thumb	ClearChain
0x081DD48C	thumb	Clear64byte
0x081DD4A0	thumb	SoundInit
0x081DD598	thumb	SampleFreqSet
0x081DD63C	thumb	m4aSoundMode
0x081DD6D4	thumb	SoundClear
0x081DD728	thumb	m4aSoundVSyncOff
0x081DD7A4	thumb	m4aSoundVSyncOn
0x081DD7E0	thumb	MPlayOpen
0x081DD858	thumb	MPlayStart
0x081DD93C	thumb	m4aMPlayStop
0x081DD97C	thumb	FadeOutBody
0x081DDA44	thumb	TrkVolPitSet
0x081DDAF8	thumb	MidiKeyToCgbFreq
0x081DDBA0	thumb	CgbOscOff
0x081DDBF0	thumb	CgbModVol
0x081DDC6C	thumb	CgbSound
0x081DE0B8	thumb	m4aMPlayTempoControl
0x081DE0E0	thumb	m4aMPlayVolumeControl
0x081DE148	thumb	m4aMPlayPitchControl
0x081DE1BC	thumb	m4aMPlayPanpotControl
0x081DE224	thumb	ClearModM
0x081DE244	thumb	m4aMPlayModDepthSet
0x081DE2B8	thumb	m4aMPlayLFOSpeedSet
0x081DE32C	thumb	ply_memacc
0x081DE484	thumb	ply_xcmd
0x081DE4A4	thumb	ply_xxx
0x081DE4B8	thumb	ply_xwave
0x081DE500	thumb	ply_xtype
0x081DE514	thumb	ply_xatta
0x081DE528	thumb	ply_xdeca
0x081DE53C	thumb	ply_xsust
0x081DE550	thumb	ply_xrele
0x081DE564	thumb	ply_xiecv
0x081DE570	thumb	ply_xiecl
0x081DE57C	thumb	ply_xleng
0x081DE590	thumb	ply_xswee
0x081DE5A4	thumb	ply_xwait
0x081DE5EC	thumb	ply_xcmd_0D
0x081DE634	thumb	DummyFunc
0x081DE638	thumb	SetPokemonCryTone
0x081DE708	thumb	SetPokemonCryVolume
0x081DE71C	thumb	SetPokemonCryPanpot
0x081DE734	thumb	SetPokemonCryPitch
0x081DE76C	thumb	SetPokemonCryLength
0x081DE778	thumb	SetPokemonCryRelease
0x081DE784	thumb	SetPokemonCryProgress
0x081DE790	thumb	IsPokemonCryPlaying
0x081DE7A8	thumb	SetPokemonCryChorus
0x081DE7D4	thumb	SetPokemonCryStereo
0x081DE814	thumb	SetPokemonCryPriority
0x081DE820	thumb	SwitchFlashBank
0x081DE844	thumb	ReadFlashId
0x081DE8E0	thumb	FlashTimerIntr
0x081DE908	thumb	SetFlashTimerIntr
0x081DE944	thumb	StartFlashTimer
0x081DE9EC	thumb	StopFlashTimer
0x081DEA30	thumb	ReadFlash1
0x081DEA34	thumb	SetReadFlash1
0x081DEA74	thumb	ReadFlash_Core
0x081DEA98	thumb	ReadFlash
0x081DEB34	thumb	VerifyFlashSector_Core
0x081DEB64	thumb	VerifyFlashSector
0x081DEBFC	thumb	VerifyFlashSectorNBytes
0x081DEC94	thumb	ProgramFlashSectorAndVerify
0x081DECD8	thumb	ProgramFlashSectorAndVerifyNBytes
0x081DED20	thumb	IdentifyFlash
0x081DEDC0	thumb	WaitForFlashWrite_Common
0x081DEE60	thumb	EraseFlashChip_MX
0x081DEED4	thumb	EraseFlashSector_MX
0x081DEFA4	thumb	ProgramFlashByte_MX
0x081DF038	thumb	ProgramByte
0x081DF070	thumb	ProgramFlashSector_MX
0x081DF114	thumb	STWI_init_all
0x081DF1EC	thumb	STWI_init_timer
0x081DF228	thumb	AgbRFU_SoftReset
0x081DF2DC	thumb	STWI_set_MS_mode
0x081DF2F0	thumb	STWI_read_status
0x081DF350	thumb	STWI_init_Callback_M
0x081DF35C	thumb	STWI_init_Callback_S
0x081DF368	thumb	STWI_set_Callback_M
0x081DF374	thumb	STWI_set_Callback_S
0x081DF380	thumb	STWI_set_Callback_ID
0x081DF38C	thumb	STWI_poll_CommandEnd
0x081DF3B4	thumb	STWI_send_ResetREQ
0x081DF3D8	thumb	STWI_send_LinkStatusREQ
0x081DF3FC	thumb	STWI_send_VersionStatusREQ
0x081DF420	thumb	STWI_send_SystemStatusREQ
0x081DF444	thumb	STWI_send_SlotStatusREQ
0x081DF468	thumb	STWI_send_ConfigStatusREQ
0x081DF48C	thumb	STWI_send_GameConfigREQ
0x081DF4E4	thumb	STWI_send_SystemConfigREQ
0x081DF524	thumb	STWI_send_SC_StartREQ
0x081DF548	thumb	STWI_send_SC_PollingREQ
0x081DF56C	thumb	STWI_send_SC_EndREQ
0x081DF590	thumb	STWI_send_SP_StartREQ
0x081DF5B4	thumb	STWI_send_SP_PollingREQ
0x081DF5D8	thumb	STWI_send_SP_EndREQ
0x081DF5FC	thumb	STWI_send_CP_StartREQ
0x081DF62C	thumb	STWI_send_CP_PollingREQ
0x081DF650	thumb	STWI_send_CP_EndREQ
0x081DF674	thumb	STWI_send_DataTxREQ
0x081DF6BC	thumb	STWI_send_DataTxAndChangeREQ
0x081DF704	thumb	STWI_send_DataRxREQ
0x081DF728	thumb	STWI_send_MS_ChangeREQ
0x081DF74C	thumb	STWI_send_DataReadyAndChangeREQ
0x081DF79C	thumb	STWI_send_DisconnectedAndChangeREQ
0x081DF7DC	thumb	STWI_send_ResumeRetransmitAndChangeREQ
0x081DF800	thumb	STWI_send_DisconnectREQ
0x081DF830	thumb	STWI_send_TestModeREQ
0x081DF868	thumb	STWI_send_CPR_StartREQ
0x081DF8A4	thumb	STWI_send_CPR_PollingREQ
0x081DF8C8	thumb	STWI_send_CPR_EndREQ
0x081DF8EC	thumb	STWI_send_StopModeREQ
0x081DF910	thumb	STWI_intr_timer
0x081DF974	thumb	STWI_set_timer
0x081DFA20	thumb	STWI_stop_timer
0x081DFA4C	thumb	STWI_init
0x081DFB24	thumb	STWI_start_Command
0x081DFB98	thumb	STWI_restart_Command
0x081DFC18	thumb	STWI_reset_ClockCounter
0x081DFC50	arm	IntrSIO32
0x081DFCB4	arm	sio32intr_clock_master
0x081DFF44	arm	sio32intr_clock_slave
0x081E0350	arm	handshake_wait
0x081E03B8	arm	STWI_set_timer_in_RAM
0x081E04C8	arm	STWI_stop_timer_in_RAM
0x081E0518	arm	STWI_init_slave
0x081E05A4	arm	Callback_Dummy_M
0x081E05A8	arm	Callback_Dummy_S
0x081E05AC	arm	Callback_Dummy_ID
0x081E05B0	thumb	rfu_initializeAPI
0x081E06EC	thumb	rfu_STC_clearAPIVariables
0x081E0774	thumb	rfu_REQ_PARENT_resumeRetransmitAndChange
0x081E0788	thumb	rfu_UNI_PARENT_getDRAC_ACK
0x081E07D0	thumb	rfu_setTimerInterrupt
0x081E07E4	thumb	rfu_getSTWIRecvBuffer
0x081E07F4	thumb	rfu_setMSCCallback
0x081E0800	thumb	rfu_setREQCallback
0x081E081C	thumb	rfu_enableREQCallback
0x081E0848	thumb	rfu_STC_REQ_callback
0x081E0888	thumb	rfu_CB_defaultCallback
0x081E08F8	thumb	rfu_waitREQComplete
0x081E090C	thumb	rfu_REQ_RFUStatus
0x081E0920	thumb	rfu_getRFUStatus
0x081E095C	thumb	rfu_MBOOT_CHILD_inheritanceLinkStatus
0x081E09D4	thumb	rfu_REQ_stopMode
0x081E0A7C	thumb	rfu_CB_stopMode
0x081E0AA8	thumb	rfu_REQBN_softReset_and_checkID
0x081E0AE4	thumb	rfu_REQ_reset
0x081E0AF8	thumb	rfu_CB_reset
0x081E0B1C	thumb	rfu_REQ_configSystem
0x081E0B84	thumb	rfu_REQ_configGameData
0x081E0C10	thumb	rfu_CB_configGameData
0x081E0CAC	thumb	rfu_REQ_startSearchChild
0x081E0CFC	thumb	rfu_CB_startSearchChild
0x081E0D24	thumb	rfu_STC_clearLinkStatus
0x081E0D88	thumb	rfu_REQ_pollSearchChild
0x081E0D9C	thumb	rfu_REQ_endSearchChild
0x081E0DB0	thumb	rfu_CB_pollAndEndSearchChild
0x081E0E38	thumb	rfu_STC_readChildList
0x081E0F74	thumb	rfu_REQ_startSearchParent
0x081E0F88	thumb	rfu_CB_startSearchParent
0x081E0FAC	thumb	rfu_REQ_pollSearchParent
0x081E0FC0	thumb	rfu_CB_pollSearchParent
0x081E0FE4	thumb	rfu_REQ_endSearchParent
0x081E0FF8	thumb	rfu_STC_readParentCandidateList
0x081E1108	thumb	rfu_REQ_startConnectParent
0x081E1170	thumb	rfu_REQ_pollConnectParent
0x081E1184	thumb	rfu_CB_pollConnectParent
0x081E12A4	thumb	rfu_getConnectParentStatus
0x081E12D8	thumb	rfu_REQ_endConnectParent
0x081E1310	thumb	rfu_syncVBlank
0x081E13F0	thumb	rfu_REQBN_watchLink
0x081E17AC	thumb	rfu_STC_removeLinkData
0x081E185C	thumb	rfu_REQ_disconnect
0x081E18EC	thumb	rfu_CB_disconnect
0x081E19CC	thumb	rfu_REQ_CHILD_startConnectRecovery
0x081E1A28	thumb	rfu_REQ_CHILD_pollConnectRecovery
0x081E1A3C	thumb	rfu_CB_CHILD_pollConnectRecovery
0x081E1AE0	thumb	rfu_CHILD_getConnectRecoveryStatus
0x081E1B10	thumb	rfu_REQ_CHILD_endConnectRecovery
0x081E1B24	thumb	rfu_STC_fastCopy
0x081E1B54	thumb	rfu_REQ_changeMasterSlave
0x081E1B80	thumb	rfu_getMasterSlave
0x081E1BB8	thumb	rfu_clearAllSlot
0x081E1C58	thumb	rfu_STC_releaseFrame
0x081E1CC4	thumb	rfu_clearSlot
0x081E1E80	thumb	rfu_setRecvBuffer
0x081E1EE0	thumb	rfu_NI_setSendData
0x081E1F0C	thumb	rfu_UNI_setSendData
0x081E1F48	thumb	rfu_NI_CHILD_setSendGameName
0x081E1F7C	thumb	rfu_STC_setSendData_org
0x081E2184	thumb	rfu_changeSendTarget
0x081E22EC	thumb	rfu_NI_stopReceivingData
0x081E2364	thumb	rfu_UNI_changeAndReadySendData
0x081E23F8	thumb	rfu_UNI_readySendData
0x081E2424	thumb	rfu_UNI_clearRecvNewDataFlag
0x081E2444	thumb	rfu_REQ_sendData
0x081E2588	thumb	rfu_CB_sendData
0x081E2620	thumb	rfu_CB_sendData2
0x081E2630	thumb	rfu_CB_sendData3
0x081E2658	thumb	rfu_constructSendLLFrame
0x081E2790	thumb	rfu_STC_NI_constructLLSF
0x081E2950	thumb	rfu_STC_UNI_constructLLSF
0x081E2A24	thumb	rfu_REQ_recvData
0x081E2A64	thumb	rfu_CB_recvData
0x081E2B50	thumb	rfu_STC_PARENT_analyzeRecvPacket
0x081E2BE8	thumb	rfu_STC_CHILD_analyzeRecvPacket
0x081E2C40	thumb	rfu_STC_analyzeLLSF
0x081E2E84	thumb	rfu_STC_UNI_receive
0x081E2F38	thumb	rfu_STC_NI_receive_Sender
0x081E3124	thumb	rfu_STC_NI_receive_Receiver
0x081E32A0	thumb	rfu_STC_NI_initSlot_asRecvControllData
0x081E3330	thumb	rfu_STC_NI_initSlot_asRecvDataEntity
0x081E33E8	thumb	rfu_NI_checkCommFailCounter
0x081E3484	thumb	rfu_REQ_noise
0x081E349C	thumb	AgbRFU_checkID
0x081E3550	thumb	Sio32IDInit
0x081E35C4	thumb	Sio32IDMain
0x081E36B8	thumb	Sio32IDIntr
0x081E37A8	thumb	AGBPrintInit
0x081E3830	thumb	AGBPutcInternal
0x081E391C	thumb	AGBPutc
0x081E397C	thumb	AGBPrint
0x081E39D8	thumb	AGBPrintf
0x081E3A1C	thumb	AGBPrintTransferDataInternal
0x081E3AF4	thumb	AGBPrintFlush1Block
0x081E3B04	thumb	AGBPrintFlush
0x081E3B14	thumb	AGBAssert
0x081E3B58	thumb	ArcTan2
0x081E3B5C	thumb	BgAffineSet
0x081E3B60	thumb	CpuFastSet
0x081E3B64	thumb	CpuSet
0x081E3B68	thumb	Div
0x081E3B6C	thumb	LZ77UnCompVram
0x081E3B70	thumb	LZ77UnCompWram
0x081E3B74	thumb	MultiBoot
0x081E3B7C	thumb	ObjAffineSet
0x081E3B80	thumb	RegisterRamReset
0x081E3B84	thumb	SoftReset
0x081E3B9C	thumb	Sqrt
0x081E3BA0	thumb	VBlankIntrWait
0x081E3BA8	thumb	_call_via_r0
0x081E3BAC	thumb	_call_via_r1
0x081E3BB0	thumb	_call_via_r2
0x081E3BB4	thumb	_call_via_r3
0x081E3BB8	thumb	_call_via_r4
0x081E3BBC	thumb	_call_via_r5
0x081E3BC0	thumb	_call_via_r6
0x081E3BC4	thumb	_call_via_r7
0x081E3BC8	thumb	_call_via_r8
0x081E3BCC	thumb	_call_via_r9
0x081E3BD0	thumb	_call_via_sl
0x081E3BD4	thumb	_call_via_fp
0x081E3BD8	thumb	_call_via_ip
0x081E3BDC	thumb	_call_via_sp
0x081E3BE0	thumb	_call_via_lr
0x081E3BE4	thumb	__divdi3
0x081E4018	thumb	__divsi3
0x081E40AC	thumb	__div0
0x081E40B0	thumb	__fixunsdfsi
0x081E40F4	thumb	__modsi3
0x081E41C4	thumb	__muldi3
0x081E4234	thumb	__udivdi3
0x081E460C	thumb	__udivsi3
0x081E4684	thumb	__umodsi3
0x081E4744	thumb	__pack_d
0x081E488C	thumb	__unpack_d
0x081E4964	thumb	_fpadd_parts
0x081E4BD0	thumb	__adddf3
0x081E4C00	thumb	__subdf3
0x081E4C38	thumb	__muldf3
0x081E4EE0	thumb	__divdf3
0x081E5068	thumb	__fpcmp_parts_d
0x081E5168	thumb	__cmpdf2
0x081E5194	thumb	__eqdf2
0x081E51E0	thumb	__nedf2
0x081E522C	thumb	__gtdf2
0x081E5278	thumb	__gedf2
0x081E52C4	thumb	__ltdf2
0x081E5310	thumb	__ledf2
0x081E535C	thumb	__floatsidf
0x081E53D8	thumb	__fixdfsi
0x081E544C	thumb	__negdf2
0x081E5474	thumb	__make_dp
0x081E549C	thumb	__truncdfsf2
0x081E54E0	thumb	__pack_f
0x081E5598	thumb	__unpack_f
0x081E5614	thumb	_fpadd_parts
0x081E5790	thumb	__addsf3
0x081E57BC	thumb	__subsf3
0x081E57F0	thumb	__mulsf3
0x081E5954	thumb	__divsf3
0x081E5A40	thumb	__fpcmp_parts_f
0x081E5B24	thumb	__cmpsf2
0x081E5B4C	thumb	__eqsf2
0x081E5B94	thumb	__nesf2
0x081E5BDC	thumb	__gtsf2
0x081E5C24	thumb	__gesf2
0x081E5C6C	thumb	__ltsf2
0x081E5CB4	thumb	__lesf2
0x081E5CFC	thumb	__floatsisf
0x081E5D5C	thumb	__fixsfsi
0x081E5DC4	thumb	__negsf2
0x081E5DE8	thumb	__make_fp
0x081E5E00	thumb	__extendsfdf2
0x081E5E2C	thumb	__lshrdi3
0x081E5E60	thumb	__negdi2
0x081E5E78	thumb	memcpy
0x081E5ED8	thumb	memset
0x081E5F2C	thumb	strcmp
0x081E5F88	thumb	strcpy
0x081E5FD4	thumb	vsprintf
0x081E6008	thumb	__sprint
0x081E6028	thumb	__sbprintf
0x081E609C	thumb	vfprintf
0x081E60B0	thumb	_vfprintf_r
0x081E7010	thumb	cvt
0x081E7104	thumb	exponent
0x081E7174	thumb	__swsetup
0x081E7220	thumb	quorem
0x081E737C	thumb	_dtoa_r
0x081E8074	thumb	fflush
0x081E8108	thumb	std
0x081E8140	thumb	__sfmoreglue
0x081E8170	thumb	__sfp
0x081E81E4	thumb	_cleanup_r
0x081E81F4	thumb	_cleanup
0x081E8204	thumb	__sinit
0x081E8264	thumb	_free_r
0x081E8424	thumb	_malloc_trim_r
0x081E84E4	thumb	__sfvwrite
0x081E8710	thumb	_fwalk
0x081E8750	thumb	_setlocale_r
0x081E878C	thumb	_localeconv_r
0x081E8794	thumb	setlocale
0x081E87AC	thumb	localeconv
0x081E87BC	thumb	__smakebuf
0x081E8898	thumb	malloc_extend_top
0x081E89F4	thumb	_malloc_r
0x081E8DB4	thumb	_mbtowc_r
0x081E8DE0	thumb	memchr
0x081E8E60	thumb	memmove
0x081E8EE8	thumb	__malloc_lock
0x081E8EEC	thumb	__malloc_unlock
0x081E8EF0	thumb	_Balloc
0x081E8F48	thumb	_Bfree
0x081E8F60	thumb	_multadd
0x081E8FF8	thumb	_s2b
0x081E907C	thumb	_hi0bits
0x081E90D4	thumb	_lo0bits
0x081E9158	thumb	_i2b
0x081E916C	thumb	_multiply
0x081E92D8	thumb	_pow5mult
0x081E9370	thumb	_lshift
0x081E9410	thumb	__mcmp
0x081E9450	thumb	__mdiff
0x081E9540	thumb	_ulp
0x081E958C	thumb	_b2d
0x081E9648	thumb	_d2b
0x081E9730	thumb	_ratio
0x081E9780	thumb	_mprec_log10
0x081E97C0	thumb	isinf
0x081E97E4	thumb	isnan
0x081E9804	thumb	_sbrk_r
0x081E9830	thumb	__sread
0x081E9864	thumb	__swrite
0x081E98A4	thumb	__sseek
0x081E98E4	thumb	__sclose
0x081E98F4	thumb	strlen
0x081E9938	thumb	findslot
0x081E9958	thumb	remap_handle
0x081E99A4	thumb	initialise_monitor_handles
0x081E9A14	thumb	get_errno
0x081E9A28	thumb	error
0x081E9A3C	thumb	wrap
0x081E9A54	thumb	_swiread
0x081E9A78	thumb	_read
0x081E9AC0	thumb	_swilseek
0x081E9B44	thumb	_lseek
0x081E9B50	thumb	_swiwrite
0x081E9B74	thumb	_write
0x081E9BC0	thumb	_swiopen
0x081E9C60	thumb	_open
0x081E9C74	thumb	_swiclose
0x081E9CA8	thumb	_close
0x081E9CB4	thumb	_exit
0x081E9CD4	thumb	_kill
0x081E9CF4	thumb	_getpid
0x081E9CF8	thumb	_sbrk
0x081E9D34	thumb	_fstat
0x081E9D40	thumb	_unlink
0x081E9D48	thumb	_raise
0x081E9D4C	thumb	_gettimeofday
0x081E9D78	thumb	_times
0x081E9D9C	thumb	_write_r
0x081E9DCC	thumb	_calloc_r
0x081E9E24	thumb	_close_r
0x081E9E50	thumb	__errno
0x081E9E5C	thumb	_fstat_r
0x081E9E88	thumb	abort
0x081E9EA8	thumb	isatty
0x081E9EAC	thumb	alarm
0x081E9EB0	thumb	_lseek_r
0x081E9EE0	thumb	_read_r
