# addr	region	size	name  (STT_OBJECT, plus absolute symbols landing in a GBA region)
0x02000000	ewram	0x0	EWRAM_START
0x0201C000	ewram	0x4000	gDecompressionBuffer
0x02020000	ewram	0x2	gTrainerId
0x02020004	ewram	0x4	head
0x02020008	ewram	0x4	pos
0x0202000C	ewram	0x4	splitBlock
0x02020010	ewram	0x24	sTempTextPrinter
0x02020034	ewram	0x480	sTextPrinters
0x020204B4	ewram	0x180	gWindows
0x02020634	ewram	0x4	sWindowPtr
0x02020638	ewram	0x2	sWindowSize
0x0202063C	ewram	0x1144	gSprites
0x02021780	ewram	0x80	gSpritePriorities
0x02021800	ewram	0x40	gSpriteOrder
0x02021840	ewram	0x1	gShouldProcessSpriteCopyRequests
0x02021841	ewram	0x1	gSpriteCopyRequestCount
0x02021844	ewram	0x300	gSpriteCopyRequests
0x02021B44	ewram	0x1	gOamLimit
0x02021B46	ewram	0x2	gReservedSpriteTileCount
0x02021B48	ewram	0x80	gSpriteTileAllocBitmap
0x02021BC8	ewram	0x2	gSpriteCoordOffsetX
0x02021BCA	ewram	0x2	gSpriteCoordOffsetY
0x02021BCC	ewram	0x100	gOamMatrices
0x02021CCC	ewram	0x1	gAffineAnimsDisabled
0x02021CD0	ewram	0x20	gStringVar1
0x02021CF0	ewram	0x14	gStringVar2
0x02021D04	ewram	0x14	gStringVar3
0x02021D18	ewram	0x3E8	gStringVar4
0x02022100	ewram	0x10	gUnknownStringVar
0x02022110	ewram	0x1	sLinkTestDebugValuesEnabled
0x02022111	ewram	0x1	sDummyFlag
0x02022114	ewram	0x4	gBerryBlenderKeySendAttempts
0x02022118	ewram	0x500	gBlockRecvBuffer
0x02022618	ewram	0x100	gBlockSendBuffer
0x02022718	ewram	0x1	sLinkOpen
0x0202271A	ewram	0x2	gLinkType
0x0202271C	ewram	0x2	sTimeOutCounter
0x02022720	ewram	0x1C	gLocalLinkPlayer
0x0202273C	ewram	0x8C	gLinkPlayers
0x020227C8	ewram	0x8C	gSavedLinkPlayers
0x02022854	ewram	0x8	sLinkErrorBuffer
0x0202285C	ewram	0x2	sReadyCloseLinkAttempts
0x02022860	ewram	0x4	sLinkErrorBgTilemapBuffer
0x0202286C	ewram	0x1	sLinkSendTaskId
0x0202286D	ewram	0x1	sLinkReceiveTaskId
0x0202286E	ewram	0x1	sUnused
0x02022870	ewram	0x4	gUnusedControllerStruct
0x02022874	ewram	0x100	sBattleBuffersTransferData
0x02022974	ewram	0x2	gBattle_BG0_X
0x02022976	ewram	0x2	gBattle_BG0_Y
0x02022978	ewram	0x2	gBattle_BG1_X
0x0202297A	ewram	0x2	gBattle_BG1_Y
0x0202297C	ewram	0x2	gBattle_BG2_X
0x0202297E	ewram	0x2	gBattle_BG2_Y
0x02022980	ewram	0x2	gBattle_BG3_X
0x02022982	ewram	0x2	gBattle_BG3_Y
0x02022984	ewram	0x2	gBattle_WIN0H
0x02022986	ewram	0x2	gBattle_WIN0V
0x02022988	ewram	0x2	gBattle_WIN1H
0x0202298A	ewram	0x2	gBattle_WIN1V
0x0202298C	ewram	0x12C	gDisplayedStringBattle
0x02022AB8	ewram	0x10	gBattleTextBuff1
0x02022AC8	ewram	0x10	gBattleTextBuff2
0x02022AD8	ewram	0x10	gBattleTextBuff3
0x02022AE8	ewram	0x64	sFlickerArray
0x02022B4C	ewram	0x4	gBattleTypeFlags
0x02022B50	ewram	0x1	gBattleTerrain
0x02022B54	ewram	0x4	gUnusedFirstBattleVar1
0x02022B58	ewram	0x60	gMultiPartnerParty
0x02022BB8	ewram	0x4	gBattleAnimBgTileBuffer
0x02022BBC	ewram	0x4	gBattleAnimBgTilemapBuffer
0x02022BC0	ewram	0x4	sUnknownDebugSpriteDataBuffer
0x02022BC4	ewram	0x800	gBattleBufferA
0x020233C4	ewram	0x800	gBattleBufferB
0x02023BC4	ewram	0x1	gActiveBattler
0x02023BC8	ewram	0x4	gBattleControllerExecFlags
0x02023BCC	ewram	0x1	gBattlersCount
0x02023BCE	ewram	0x8	gBattlerPartyIndexes
0x02023BD6	ewram	0x4	gBattlerPositions
0x02023BDA	ewram	0x4	gActionsByTurnOrder
0x02023BDE	ewram	0x4	gBattlerByTurnOrder
0x02023BE2	ewram	0x1	gCurrentTurnActionNumber
0x02023BE3	ewram	0x1	gCurrentActionFuncId
0x02023BE4	ewram	0x160	gBattleMons
0x02023D44	ewram	0x4	gBattlerSpriteIds
0x02023D48	ewram	0x1	gCurrMovePos
0x02023D49	ewram	0x1	gChosenMovePos
0x02023D4A	ewram	0x2	gCurrentMove
0x02023D4C	ewram	0x2	gChosenMove
0x02023D4E	ewram	0x2	gCalledMove
0x02023D50	ewram	0x4	gBattleMoveDamage
0x02023D54	ewram	0x4	gHpDealt
0x02023D58	ewram	0x10	gTakenDmg
0x02023D68	ewram	0x2	gLastUsedItem
0x02023D6A	ewram	0x1	gLastUsedAbility
0x02023D6B	ewram	0x1	gBattlerAttacker
0x02023D6C	ewram	0x1	gBattlerTarget
0x02023D6D	ewram	0x1	gBattlerFainted
0x02023D6E	ewram	0x1	gEffectBattler
0x02023D6F	ewram	0x1	gPotentialItemEffectBattler
0x02023D70	ewram	0x1	gAbsentBattlerFlags
0x02023D71	ewram	0x1	gCritMultiplier
0x02023D72	ewram	0x1	gMultiHitCounter
0x02023D74	ewram	0x4	gBattlescriptCurrInstr
0x02023D78	ewram	0x4	gUnusedBattleMainVar
0x02023D7C	ewram	0x4	gChosenActionByBattler
0x02023D80	ewram	0x10	gSelectionBattleScripts
0x02023D90	ewram	0x8	gLastPrintedMoves
0x02023D98	ewram	0x8	gLastMoves
0x02023DA0	ewram	0x8	gLastLandedMoves
0x02023DA8	ewram	0x8	gLastHitByType
0x02023DB0	ewram	0x8	gLastResultingMoves
0x02023DB8	ewram	0x8	gLockedMoves
0x02023DC0	ewram	0x4	gLastHitBy
0x02023DC4	ewram	0x8	gChosenMoveByBattler
0x02023DCC	ewram	0x1	gMoveResultFlags
0x02023DD0	ewram	0x4	gHitMarker
0x02023DD4	ewram	0x4	sUnusedBattlersArray
0x02023DD8	ewram	0x4	gTakenDmgByBattler
0x02023DDC	ewram	0x1	gUnusedFirstBattleVar2
0x02023DDE	ewram	0x4	gSideStatuses
0x02023DE4	ewram	0x18	gSideTimers
0x02023DFC	ewram	0x10	gStatuses3
0x02023E0C	ewram	0x70	gDisableStructs
0x02023E7C	ewram	0x2	gPauseCounterBattle
0x02023E7E	ewram	0x2	gPaydayMoney
0x02023E80	ewram	0x2	gRandomTurnNumber
0x02023E82	ewram	0x8	gBattleCommunication
0x02023E8A	ewram	0x1	gBattleOutcome
0x02023E8C	ewram	0x40	gProtectStructs
0x02023ECC	ewram	0x50	gSpecialStatuses
0x02023F1C	ewram	0x2	gBattleWeather
0x02023F20	ewram	0x2C	gWishFutureKnock
0x02023F4C	ewram	0x2	gIntroSlideFlags
0x02023F4E	ewram	0x2	gSentPokesToOpponent
0x02023F50	ewram	0x2	gDynamicBasePower
0x02023F52	ewram	0x2	gExpShareExp
0x02023F54	ewram	0x70	gEnigmaBerries
0x02023FC4	ewram	0x24	gBattleScripting
0x02023FE8	ewram	0x4	gBattleStruct
0x02023FEC	ewram	0x4	gLinkBattleSendBuffer
0x02023FF0	ewram	0x4	gLinkBattleRecvBuffer
0x02023FF4	ewram	0x4	gBattleResources
0x02023FF8	ewram	0x4	gActionSelectionCursor
0x02023FFC	ewram	0x4	gMoveSelectionCursor
0x02024000	ewram	0x4	gBattlerStatusSummaryTaskId
0x02024004	ewram	0x1	gBattlerInMenuId
0x02024005	ewram	0x1	gDoingBattleAnim
0x02024008	ewram	0x10	gTransformedPersonalities
0x02024018	ewram	0x4	gBattleSpritesDataPtr
0x0202401C	ewram	0x4	gMonSpritesGfxPtr
0x02024020	ewram	0x2	gBattleMovePower
0x02024022	ewram	0x2	gMoveToLearn
0x02024024	ewram	0x4	gBattleMonForms
0x02024028	ewram	0x1	sLearningMoveTableID
0x02024029	ewram	0x1	gPlayerPartyCount
0x0202402A	ewram	0x1	gEnemyPartyCount
0x0202402C	ewram	0x258	gEnemyParty
0x02024284	ewram	0x258	gPlayerParty
0x020244DC	ewram	0x18	gMultiuseSpriteTemplate
0x020244F4	ewram	0x4	sMonSpritesGfxManager
0x020244F8	ewram	0x64	sHatchedEggLevelUpMoves
0x0202455C	ewram	0x8	sHatchedEggFatherMoves
0x02024564	ewram	0x8	sHatchedEggFinalMoves
0x0202456C	ewram	0x14	sHatchedEggEggMoves
0x02024580	ewram	0x8	sHatchedEggMotherMoves
0x02024588	ewram	0xF24	gSaveBlock2
0x020254AC	ewram	0x80	gSaveBlock2_DMA
0x0202552C	ewram	0x3D68	gSaveBlock1
0x02029294	ewram	0x80	gSaveBlock1_DMA
0x02029314	ewram	0x83D0	gPokemonStorage
0x020316E4	ewram	0x80	gSaveBlock3_DMA
0x02031764	ewram	0x528	gLoadedSaveData
0x02031C8C	ewram	0x4	gLastEncryptionKey
0x02031C90	ewram	0x4	sMenuTextTileBuffer
0x02031C94	ewram	0x38	sMenuTextTileBuffers
0x02031CCC	ewram	0xD8	gLinkPartnerMail
0x02031DA4	ewram	0x2	gSelectedTradeMonPositions
0x02031DA8	ewram	0x4	sTradeMenu
0x02031DAC	ewram	0x4	sTradeAnim
0x02031DB0	ewram	0x1	gDifferentSaveFile
0x02031DB4	ewram	0x8	gLastUsedWarp
0x02031DBC	ewram	0x8	sWarpDestination
0x02031DC4	ewram	0x8	sFixedDiveWarp
0x02031DCC	ewram	0x8	sFixedHoleWarp
0x02031DD4	ewram	0x4	sInitialPlayerAvatarState
0x02031DD8	ewram	0x1	gDisableMapMusicChangeOnMapLoad
0x02031DDA	ewram	0x2	sAmbientCrySpecies
0x02031DDC	ewram	0x1	sIsAmbientCryWaterMon
0x02031DE0	ewram	0x1	gExitStairsMovementDisabled
0x02031DE4	ewram	0x4	sCreditsOverworld_Script
0x02031DE8	ewram	0x2	sCreditsOverworld_CmdLength
0x02031DEA	ewram	0x2	sCreditsOverworld_CmdIndex
0x02031DEC	ewram	0x10	gLinkPlayerObjectEvents
0x02031DFC	ewram	0x5000	gBackupMapData
0x02036DFC	ewram	0x1C	gMapHeader
0x02036E18	ewram	0xC	gCamera
0x02036E24	ewram	0x4	gMapConnectionFlags
0x02036E28	ewram	0x1	gGlobalFieldTintMode
0x02036E2C	ewram	0x1	gBikeCameraAheadPanback
0x02036E30	ewram	0x4	sPlayerObjectPtr
0x02036E34	ewram	0x1	sTeleportSavedFacingDirection
0x02036E38	ewram	0x240	gObjectEvents
0x02037078	ewram	0x20	gPlayerAvatar
0x02037098	ewram	0x1	sCurrentReflectionType
0x0203709A	ewram	0x2	sCurrentSpecialObjectPaletteTag
0x0203709C	ewram	0x1	sMessageBoxType
0x020370A0	ewram	0x1	gWalkAwayFromSignInhibitTimer
0x020370A4	ewram	0x4	gRamScriptRetAddr
0x020370A8	ewram	0x4	sAddressOffset
0x020370AC	ewram	0x1	sQuestLogWaitButtonPressTimer
0x020370AE	ewram	0x2	sPauseCounter
0x020370B0	ewram	0x2	sMovingNpcId
0x020370B2	ewram	0x2	sMovingNpcMapGroup
0x020370B4	ewram	0x2	sMovingNpcMapNum
0x020370B6	ewram	0x2	sFieldEffectScriptId
0x020370B8	ewram	0x2	gSpecialVar_0x8000
0x020370BA	ewram	0x2	gSpecialVar_0x8001
0x020370BC	ewram	0x2	gSpecialVar_0x8002
0x020370BE	ewram	0x2	gSpecialVar_0x8003
0x020370C0	ewram	0x2	gSpecialVar_0x8004
0x020370C2	ewram	0x2	gSpecialVar_0x8005
0x020370C4	ewram	0x2	gSpecialVar_0x8006
0x020370C6	ewram	0x2	gSpecialVar_0x8007
0x020370C8	ewram	0x2	gSpecialVar_0x8008
0x020370CA	ewram	0x2	gSpecialVar_0x8009
0x020370CC	ewram	0x2	gSpecialVar_0x800A
0x020370CE	ewram	0x2	gSpecialVar_0x800B
0x020370D0	ewram	0x2	gSpecialVar_Result
0x020370D2	ewram	0x2	gSpecialVar_LastTalked
0x020370D4	ewram	0x2	gSpecialVar_Facing
0x020370D6	ewram	0x2	gSpecialVar_MonBoxId
0x020370D8	ewram	0x2	gSpecialVar_MonBoxPos
0x020370DA	ewram	0x2	gSpecialVar_TextColor
0x020370DC	ewram	0x2	gSpecialVar_PrevTextColor
0x020370DE	ewram	0x2	gSpecialVar_0x8014
0x020370E0	ewram	0x10	sSpecialFlags
0x020370F0	ewram	0x4	sStartMenuCallback
0x020370F4	ewram	0x1	sStartMenuCursorPos
0x020370F5	ewram	0x1	sNumStartMenuItems
0x020370F6	ewram	0x9	sStartMenuOrder
0x020370FF	ewram	0x2	sDrawStartMenuState
0x02037101	ewram	0x1	sSafariZoneStatsWindowId
0x02037104	ewram	0x1	sSaveStatsWindowId
0x02037108	ewram	0xF0	sTilesetDMA3TransferBuffer
0x020371F8	ewram	0x400	gPlttBufferUnfaded
0x020375F8	ewram	0x400	gPlttBufferFaded
0x020379F8	ewram	0xC0	sPaletteStructs
0x02037AB8	ewram	0x10	gPaletteFade
0x02037AC8	ewram	0x4	sPlttBufferTransferPending
0x02037ACC	ewram	0x400	gPaletteDecompressionBuffer
0x02037ECC	ewram	0x4	gMPlay_PokemonCry
0x02037ED0	ewram	0x1	gPokemonCryBGMDuckingCounter
0x02037ED4	ewram	0x4	sBattleAnimScriptPtr
0x02037ED8	ewram	0x4	sBattleAnimScriptRetAddr
0x02037EDC	ewram	0x4	gAnimScriptCallback
0x02037EE0	ewram	0x1	sAnimFramesToWait
0x02037EE1	ewram	0x1	gAnimScriptActive
0x02037EE2	ewram	0x1	gAnimVisualTaskCount
0x02037EE3	ewram	0x1	gAnimSoundTaskCount
0x02037EE4	ewram	0x4	gAnimDisableStructPtr
0x02037EE8	ewram	0x4	gAnimMoveDmg
0x02037EEC	ewram	0x2	gAnimMovePower
0x02037EEE	ewram	0x10	sAnimSpriteIndexArray
0x02037EFE	ewram	0x1	gAnimFriendship
0x02037F00	ewram	0x2	gWeatherMoveAnim
0x02037F02	ewram	0x10	gBattleAnimArgs
0x02037F12	ewram	0x2	sSoundAnimFramesToWait
0x02037F14	ewram	0x2	sMonAnimTaskIdArray
0x02037F16	ewram	0x1	gAnimMoveTurn
0x02037F17	ewram	0x1	sAnimBackgroundFadeState
0x02037F18	ewram	0x2	sAnimMoveIndex
0x02037F1A	ewram	0x1	gBattleAnimAttacker
0x02037F1B	ewram	0x1	gBattleAnimTarget
0x02037F1C	ewram	0x8	gAnimBattlerSpecies
0x02037F24	ewram	0x1	gAnimCustomPanning
0x02037F28	ewram	0x4	sAnimTaskAffineAnim
0x02037F2C	ewram	0x4	sUnused
0x02037F30	ewram	0x1	sTitleScreenTimerTaskId
0x02037F34	ewram	0x750	sWeather
0x02038684	ewram	0x20	sFieldEffectPaletteGammaTypes
0x020386A4	ewram	0x4	sPaletteGammaTypes
0x020386A8	ewram	0x2	sDroughtFrameDelay
0x020386AC	ewram	0x2	sTrainerBattleMode
0x020386AE	ewram	0x2	gTrainerBattleOpponent_A
0x020386B0	ewram	0x2	sTrainerObjectEventLocalId
0x020386B4	ewram	0x4	sTrainerAIntroSpeech
0x020386B8	ewram	0x4	sTrainerADefeatSpeech
0x020386BC	ewram	0x4	sTrainerVictorySpeech
0x020386C0	ewram	0x4	sTrainerCannotBattleSpeech
0x020386C4	ewram	0x4	sTrainerBattleEndScript
0x020386C8	ewram	0x4	sTrainerABattleScriptRetAddr
0x020386CC	ewram	0x2	sRivalBattleFlags
0x020386D0	ewram	0xC	sWildEncounterData
0x020386DC	ewram	0x1	sWildEncountersDisabled
0x020386E0	ewram	0x20	gFieldEffectArguments
0x02038700	ewram	0xF00	gScanlineEffectRegBuffers
0x02039600	ewram	0x1C	gScanlineEffect
0x0203961C	ewram	0x1	sShouldStopWaveTask
0x02039620	ewram	0x4	sOptionMenuPtr
0x02039624	ewram	0x180	gTrainerCards
0x020397A4	ewram	0x4	sTrainerCardDataPtr
0x020397A8	ewram	0x1	sPreviousBoxOption
0x020397AC	ewram	0x4	sChooseBoxMenu
0x020397B0	ewram	0x4	gStorage
0x020397B4	ewram	0x1	sInPartyMenu
0x020397B5	ewram	0x1	sCurrentBoxOption
0x020397B6	ewram	0x1	sDepositBoxId
0x020397B7	ewram	0x1	sWhichToReshow
0x020397B8	ewram	0x1	sLastUsedBox
0x020397BA	ewram	0x2	sMovingItemId
0x020397BC	ewram	0x64	sMonBeingCarried
0x02039820	ewram	0x1	sCursorArea
0x02039821	ewram	0x1	sCursorPosition
0x02039822	ewram	0x1	sIsMonBeingMoved
0x02039823	ewram	0x1	sMovingMonOrigBoxId
0x02039824	ewram	0x1	sMovingMonOrigBoxPos
0x02039825	ewram	0x1	sInMultiMoveMode
0x02039826	ewram	0x1	sSavedCursorPosition
0x02039828	ewram	0x4	sMultiMove
0x0203982C	ewram	0x4	sUnkUtil
0x02039830	ewram	0x40	sMovementScripts
0x02039870	ewram	0x4	sCutGrassSpriteArrayPtr
0x02039874	ewram	0x1	sScheduleOpenDottedHole
0x02039878	ewram	0xC	sItemMenuIconSpriteIds
0x02039884	ewram	0x4	sItemIconTilesBuffer
0x02039888	ewram	0x4	sItemIconTilesBufferPadded
0x0203988C	ewram	0x28	gBagPockets
0x020398B4	ewram	0x80	sViewportObjectEvents
0x02039934	ewram	0x1C	sShopData
0x02039950	ewram	0x1	sShopMenuWindowId
0x02039954	ewram	0x4	gShopTilemapBuffer1
0x02039958	ewram	0x4	gShopTilemapBuffer2
0x0203995C	ewram	0x4	gShopTilemapBuffer3
0x02039960	ewram	0x4	gShopTilemapBuffer4
0x02039964	ewram	0x4	sShopMenuListMenu
0x02039968	ewram	0x4	sShopMenuItemStrings
0x0203996C	ewram	0x18	sHistory
0x02039984	ewram	0x1	sEscalatorTaskId
0x02039988	ewram	0x1	sDelay
0x0203998C	ewram	0x4	sNamingScreen
0x02039990	ewram	0x1	sMoneyBoxWindowId
0x02039994	ewram	0x1	gNumSafariBalls
0x02039996	ewram	0x2	gSafariZoneStepCounter
0x02039998	ewram	0x4	sItemUseOnFieldCB
0x0203999C	ewram	0x8	sFrenzyPlantRootData
0x020399A4	ewram	0xE	sUnusedOverheatData
0x020399B4	ewram	0x4	sAnimStatsChangeData
0x020399B8	ewram	0x2	sBgCnt
0x020399BC	ewram	0x4	sEasyChatSelectionData
0x020399C0	ewram	0x4	sMenu
0x020399C4	ewram	0x4	sMailViewResources
0x020399C8	ewram	0x4	sYesNo
0x020399CC	ewram	0x4	sMessageNextTask
0x020399D0	ewram	0x1	sMessageWindowId
0x020399D4	ewram	0x4	sRegionMap
0x020399D8	ewram	0x4	sSwitchMapMenu
0x020399DC	ewram	0x4	sDungeonMapPreview
0x020399E0	ewram	0x4	sMapOpenCloseAnim
0x020399E4	ewram	0x4	sMapCursor
0x020399E8	ewram	0x4	sPlayerIcon
0x020399EC	ewram	0x4	sMapIcons
0x020399F0	ewram	0xC	sRegionMapGpuRegs
0x020399FC	ewram	0x4	sFlyMap
0x02039A00	ewram	0x4	sAIScriptPtr
0x02039A04	ewram	0x8	gPlayerFacingPosition
0x02039A0C	ewram	0x1	sElevatorCurrentFloorWindowId
0x02039A0E	ewram	0x2	sElevatorScroll
0x02039A10	ewram	0x2	sElevatorCursorPos
0x02039A14	ewram	0x4	sListMenuItems
0x02039A18	ewram	0x2	sListMenuLastScrollPosition
0x02039A1A	ewram	0x1	sPCBoxToSendMon
0x02039A1B	ewram	0x1	sBrailleTextCursorSpriteID
0x02039A1C	ewram	0x4	sBg3TilemapBuffer_p
0x02039A20	ewram	0x4	sEvoStructPtr
0x02039A24	ewram	0x4	sBgAnimPal
0x02039A28	ewram	0x1	sCoinsWindowId
0x02039A2C	ewram	0x4	sTransitionData
0x02039A30	ewram	0x4	sBattlerAbilities
0x02039A34	ewram	0x4	sBattleMsgDataPtr
0x02039A38	ewram	0x1000	gSaveDataBuffer
0x0203AA38	ewram	0x4	gSaveUnusedVar2
0x0203AA3C	ewram	0x74	sMysteryEventScriptContext
0x0203AAB0	ewram	0x4	sPlttBufferBak
0x0203AAB4	ewram	0x4	sMoveRelearner
0x0203AAB8	ewram	0x2	sSpecialVar_0x8004_Copy
0x0203AABC	ewram	0x4	sItemOrder
0x0203AAC0	ewram	0x1	sTopMenuItemCount
0x0203AAC4	ewram	0x10	gPlayerPcMenuManager
0x0203AAD4	ewram	0x2C	sGcmb
0x0203AB00	ewram	0x2	sUnusedScene3Var0
0x0203AB02	ewram	0x2	sUnusedScene3Var1
0x0203AB04	ewram	0x2	sNidorinoJumpMult
0x0203AB06	ewram	0x2	sNidorinoAnimDelayTime
0x0203AB08	ewram	0x2	sNidorinoJumpDiv
0x0203AB0A	ewram	0x2	sNidorinoRecoilReturnTime
0x0203AB0C	ewram	0x2	sNidorinoUnusedVar
0x0203AB0E	ewram	0x2	sStarSpeedX
0x0203AB10	ewram	0x2	sStarSpeedY
0x0203AB12	ewram	0x2	sStarSparklesXmodMask
0x0203AB14	ewram	0x2	sStarSparklesUnusedVar
0x0203AB16	ewram	0x2	sStarSparklesSpawnRate
0x0203AB18	ewram	0x2	sStarSparklesFlickerStartTime
0x0203AB1A	ewram	0x2	sStarSparklesDestroySpriteTime
0x0203AB1C	ewram	0x2	sStarSparklesGravityShift
0x0203AB1E	ewram	0x2	sStarSparklesXspeed
0x0203AB20	ewram	0x2	sStarSparklesYspeed
0x0203AB22	ewram	0x2	sStarSparklesXprecision
0x0203AB24	ewram	0x2	sStarSparklesYprecision
0x0203AB28	ewram	0x4	sStarSparklesRngSeed.144
0x0203AB2C	ewram	0x2	sYmod.148
0x0203AB30	ewram	0x4	sGengarScroll.182
0x0203AB34	ewram	0x4	sSelectedPaletteIndices
0x0203AB38	ewram	0x4	sHofMonPtr
0x0203AB3C	ewram	0x4	sHofGfxPtr
0x0203AB40	ewram	0x4	sCreditsMgr
0x0203AB44	ewram	0x1	gHasHallOfFameRecords
0x0203AB48	ewram	0x4	sDiploma
0x0203AB4C	ewram	0x2	sSaveType
0x0203AB4E	ewram	0x2	sUnused
0x0203AB50	ewram	0x1	sSaveFailedScreenState
0x0203AB54	ewram	0x4	sClearSaveDataState
0x0203AB58	ewram	0x4	sScheduledBgCopiesToVram
0x0203AB5C	ewram	0x2	sTempTileDataBufferCursor
0x0203AB60	ewram	0x80	sTempTileDataBuffers
0x0203ABE0	ewram	0x1	sStartMenuWindowId
0x0203ABE4	ewram	0x4	sTilemapUtil
0x0203ABE8	ewram	0x2	sNumTilemapUtilIds
0x0203ABEC	ewram	0x1	sHasVisitedMapBefore
0x0203ABED	ewram	0x1	sAllocedBg0TilemapBuffer
0x0203ABF0	ewram	0x18	sRfuReqConfig
0x0203AC08	ewram	0xDC	sRfuDebug
0x0203ACE4	ewram	0x1	sWirelessStatusIndicatorSpriteId
0x0203ACE8	ewram	0x4	sEasyChatScreen
0x0203ACEC	ewram	0x4	sEasyChatGraphicsResources
0x0203ACF0	ewram	0x4	sPokedexScreenData
0x0203ACF4	ewram	0x8	sMysteryGiftLinkMenu
0x0203ACFC	ewram	0x14	gBagMenuState
0x0203AD10	ewram	0x4	sBagMenuDisplay
0x0203AD14	ewram	0x4	sBagBgTilemapBuffer
0x0203AD18	ewram	0x4	sListMenuItems
0x0203AD1C	ewram	0x4	sListMenuItemStrings
0x0203AD20	ewram	0x4	sContextMenuItemsBuffer
0x0203AD24	ewram	0x4	sContextMenuItemsPtr
0x0203AD28	ewram	0x1	sContextMenuNumItems
0x0203AD2C	ewram	0x4	sBackupPlayerBag
0x0203AD30	ewram	0x2	gSpecialVar_ItemId
0x0203AD34	ewram	0xB	sOpenWindows
0x0203AD40	ewram	0x18	sCreatingSpriteTemplate
0x0203AD58	ewram	0x60	sSpritePics
0x0203ADB8	ewram	0x4	sVsSeeker
0x0203ADBC	ewram	0x4	sStateDataPtr
0x0203ADC0	ewram	0x4	sBg1TilemapBuffer
0x0203ADC4	ewram	0x4	sListMenuItems
0x0203ADC8	ewram	0x4	sUnusedStringAllocation
0x0203ADCC	ewram	0xC	sListMenuState
0x0203ADD8	ewram	0x3	sSubmenuWindowIds
0x0203ADDC	ewram	0x3	sWindowIds
0x0203ADE0	ewram	0x4	sListMenuItems
0x0203ADE4	ewram	0xC	sMenu
0x0203ADF0	ewram	0x2	sTileNum
0x0203ADF2	ewram	0x1	sPaletteNum
0x0203ADF3	ewram	0x1	sYesNoWindowId
0x0203ADF4	ewram	0x1	sTopBarWindowId
0x0203ADF8	ewram	0x1	sCurrentSceneNum
0x0203ADF9	ewram	0x1	sNumScenes
0x0203ADFA	ewram	0x1	gQuestLogState
0x0203ADFC	ewram	0x2	sRecordSequenceStartIdx
0x0203ADFE	ewram	0x3	sWindowIds
0x0203AE04	ewram	0x4	gQuestLogDefeatedWildMonRecord
0x0203AE08	ewram	0x4	gQuestLogRecordingPointer
0x0203AE0C	ewram	0x80	sEventData
0x0203AE8C	ewram	0x4	sQuestLogCB
0x0203AE90	ewram	0x4	sPalettesBackup
0x0203AE94	ewram	0x4	sPlaybackControl
0x0203AE98	ewram	0x100	sQuestLogActionRecordBuffer
0x0203AF98	ewram	0x2	gQuestLogCurActionIdx
0x0203AF9A	ewram	0x80	sMovementScripts
0x0203B01A	ewram	0x2	sNextActionDelay
0x0203B01C	ewram	0x2	sLastQuestLogCursor
0x0203B01E	ewram	0x2	sFlagOrVarPlayhead
0x0203B020	ewram	0x1	sHelpMessageWindowId
0x0203B024	ewram	0x20	sDeferredEvent
0x0203B044	ewram	0x4	gQuestLogRepeatEventTracker
0x0203B048	ewram	0x1	sStepRecordingMode
0x0203B049	ewram	0x1	sNewlyEnteredMap
0x0203B04A	ewram	0x1	sLastDepartedLocation
0x0203B04B	ewram	0x1	sPlayedTheSlots
0x0203B04C	ewram	0xC	sUnionRoomPlayerName
0x0203B058	ewram	0x1	sPlayerCurrActivity
0x0203B059	ewram	0x1	sPlayerActivityGroupSize
0x0203B05C	ewram	0x4	sWirelessLinkMain
0x0203B060	ewram	0x4	sUnused
0x0203B064	ewram	0x4	gRfuPartnerCompatibilityData
0x0203B068	ewram	0x2	gUnionRoomOfferedSpecies
0x0203B06A	ewram	0x1	gUnionRoomRequestedMonType
0x0203B06C	ewram	0x18	sUnionRoomTrade
0x0203B084	ewram	0x4	sUnionObjWork
0x0203B088	ewram	0x4	sUnionObjRefreshTimer
0x0203B08C	ewram	0x4	sWork
0x0203B090	ewram	0x4	sCancelDisabled
0x0203B094	ewram	0x1	sPSATaskId
0x0203B098	ewram	0x4	sPSAWork
0x0203B09C	ewram	0x4	sPartyMenuInternal
0x0203B0A0	ewram	0x14	gPartyMenu
0x0203B0B4	ewram	0x4	sPartyMenuBoxes
0x0203B0B8	ewram	0x4	sPartyBgGfxTilemap
0x0203B0BC	ewram	0x4	sPartyBgTilemapBuffer
0x0203B0C0	ewram	0x1	gPartyMenuUseExitCallback
0x0203B0C1	ewram	0x1	gSelectedMonPartyId
0x0203B0C4	ewram	0x4	gPostMenuFieldCallback
0x0203B0C8	ewram	0x4	sSlot1TilemapBuffer
0x0203B0CC	ewram	0x4	sSlot2TilemapBuffer
0x0203B0D0	ewram	0x4	sSacredAshQuestLogMonBackup
0x0203B0D4	ewram	0x3	gSelectedOrderFromParty
0x0203B0D8	ewram	0x2	sPartyMenuItemId
0x0203B0DC	ewram	0x3	gBattlePartyCurrentOrder
0x0203B0E0	ewram	0x4	sWork
0x0203B0E4	ewram	0x4	sWork
0x0203B0E8	ewram	0x4	sWork
0x0203B0EC	ewram	0x2	sHelpSystemContextId
0x0203B0EE	ewram	0x1	sSeenHelpSystemIntro
0x0203B0F0	ewram	0x4	sBg3TilemapBuffer
0x0203B0F4	ewram	0x4	sBg1TilemapBuffer
0x0203B0F8	ewram	0x4	sBg2TilemapBuffer
0x0203B0FC	ewram	0x4	sFameCheckerData
0x0203B100	ewram	0x4	sListMenuItems
0x0203B104	ewram	0x4	sLastMenuIdx
0x0203B108	ewram	0x4	sOakSpeechResources
0x0203B10C	ewram	0xC	sTMCaseStaticResources
0x0203B118	ewram	0x4	sTMCaseDynamicResources
0x0203B11C	ewram	0x4	sPokedudeBagBackup
0x0203B120	ewram	0x4	sTilemapBuffer
0x0203B124	ewram	0x4	sListMenuItemsBuffer
0x0203B128	ewram	0x4	sListMenuStringsBuffer
0x0203B12C	ewram	0x4	sTMSpritePaletteBuffer
0x0203B130	ewram	0x10	sTempScrollArrowTemplate
0x0203B140	ewram	0x4	sMonSummaryScreen
0x0203B144	ewram	0x4	sMonSkillsPrinterXpos
0x0203B148	ewram	0x10	sMoveSelectionCursorObjs
0x0203B158	ewram	0x4	sStatusIcon
0x0203B15C	ewram	0x4	sHpBarObjs
0x0203B160	ewram	0x4	sExpBarObjs
0x0203B164	ewram	0x4	sPokerusIconObj
0x0203B168	ewram	0x4	sShinyStarObjData
0x0203B16C	ewram	0x1	sLastViewedMonIndex
0x0203B16D	ewram	0x1	sMoveSelectionCursorPos
0x0203B16E	ewram	0x1	sMoveSwapCursorPos
0x0203B170	ewram	0x4	sMonPicBounceState
0x0203B174	ewram	0x4000	sMapTilesBackup
0x0203F174	ewram	0x1	gDisableHelpSystemVolumeReduce
0x0203F175	ewram	0x1	gHelpSystemToggleWithRButtonDisabled
0x0203F176	ewram	0x1	sDelayTimer
0x0203F177	ewram	0x1	sInHelpSystem
0x0203F178	ewram	0x18	sVideoState
0x0203F190	ewram	0x1C	gHelpSystemListMenu
0x0203F1AC	ewram	0x1A0	gHelpSystemListMenuItems
0x0203F34C	ewram	0x20	sStringPointers
0x0203F36C	ewram	0x4	sResources
0x0203F370	ewram	0xC	sStaticCnt
0x0203F37C	ewram	0x4	sListMenuItems
0x0203F380	ewram	0x4	sListMenuStrbuf
0x0203F384	ewram	0x4	sContextMenuOptions
0x0203F388	ewram	0x1	sContextMenuNumOptions
0x0203F38C	ewram	0xE	sVariableWindowIds
0x0203F39C	ewram	0x1	sBerryPouchSpriteId
0x0203F3A0	ewram	0x4	sSlotMachineState
0x0203F3A4	ewram	0x4	sSlotMachineGfxManager
0x0203F3A8	ewram	0x6	sLocationHistory
0x0203F3AE	ewram	0x2	sRoamerLocation
0x0203F3B0	ewram	0x8	sDownArrowCounterAndYCoordIdx
0x0203F3B8	ewram	0x1	gGiftIsFromEReader
0x0203F3BC	ewram	0x4	sStatsEnabled
0x0203F3C0	ewram	0x4	sClient
0x0203F3C4	ewram	0x4	sServer
0x0203F3C8	ewram	0x4	sWonderCardData
0x0203F3CC	ewram	0x4	sWonderNewsData
0x0203F3D0	ewram	0x4	sBg3TilemapBuffer
0x0203F3D4	ewram	0x4	sPokemonJump
0x0203F3D8	ewram	0x4	sPokemonJumpGfx
0x0203F3DC	ewram	0x4	sGame
0x0203F3E0	ewram	0x4	sGame
0x0203F3E4	ewram	0x14	sDodrioSpriteIds
0x0203F3F8	ewram	0x8	sCloudSpriteIds
0x0203F400	ewram	0x2C	sBerrySpriteIds
0x0203F42C	ewram	0x10	sBerryIconSpriteIds
0x0203F43C	ewram	0x4	sStatusBar
0x0203F440	ewram	0x4	sGfx
0x0203F444	ewram	0xC	sStaticResources
0x0203F450	ewram	0x4	sResources
0x0203F454	ewram	0x4	sOamWork
0x0203F458	ewram	0x4	sTrainerTowerState
0x0203F45C	ewram	0x4	sTrainerTowerOpponent
0x0203F460	ewram	0x1	sUnused
0x0203F464	ewram	0x1	sBerryPowderVendorWindowId
0x0203F468	ewram	0x2EC	impure_data
0x0203F754	ewram	0x4	_impure_ptr
0x0203F758	ewram	0x4	__mb_cur_max
0x0203F75C	ewram	0x8	lc_ctype.3
0x0203F764	ewram	0x8	last_lc_ctype.4
0x0203F76C	ewram	0x408	__malloc_av_
0x0203FB74	ewram	0x4	__malloc_trim_threshold
0x0203FB78	ewram	0x4	__malloc_top_pad
0x0203FB7C	ewram	0x4	__malloc_sbrk_base
0x0203FB80	ewram	0x4	__malloc_max_sbrked_mem
0x0203FB84	ewram	0x4	__malloc_max_total_mem
0x0203FB88	ewram	0x28	__malloc_current_mallinfo
0x03000000	iwram	0x0	IWRAM_START
0x03000060	iwram	0x60	sGpuRegWaitingList
0x030000C0	iwram	0x1	sGpuRegBufferLocked
0x030000C1	iwram	0x1	sShouldSyncRegIE
0x030000C2	iwram	0x2	sRegIE
0x030000C8	iwram	0x800	gDma3Requests
0x030008C8	iwram	0x1	gDma3ManagerLocked
0x030008C9	iwram	0x1	gDma3RequestCursor
0x030008D0	iwram	0x14	sGpuBgConfigs
0x030008E8	iwram	0x40	sGpuBgConfigs2
0x03000928	iwram	0x10	sDmaBusyBitfield
0x03000938	iwram	0x100	gpu_tile_allocation_map_bg
0x03000A38	iwram	0x4	sHeapStart
0x03000A3C	iwram	0x4	sHeapSize
0x03000A40	iwram	0xA2	sFontHalfRowLookupTable
0x03000AE2	iwram	0x2	sLastTextBgColor
0x03000AE4	iwram	0x2	sLastTextFgColor
0x03000AE6	iwram	0x2	sLastTextShadowColor
0x03000AE8	iwram	0x80	sSpriteTileRangeTags
0x03000B68	iwram	0x100	sSpriteTileRanges
0x03000C68	iwram	0x180	sAffineAnimStates
0x03000DE8	iwram	0x20	sSpritePaletteTags
0x03000E08	iwram	0xC	sBlockSend
0x03000E18	iwram	0x30	sBlockRecv
0x03000E48	iwram	0x4	sBlockSendDelayCounter
0x03000E4C	iwram	0x4	sDummy1
0x03000E50	iwram	0x1	sDummy2
0x03000E54	iwram	0x4	sPlayerDataExchangeStatus
0x03000E58	iwram	0x4	sDummy3
0x03000E5C	iwram	0x1	sLinkTestLastBlockSendPos
0x03000E60	iwram	0x4	sLinkTestLastBlockRecvPos
0x03000E64	iwram	0x1	sNumVBlanksWithoutSerialIntr
0x03000E65	iwram	0x1	sSendBufferEmpty
0x03000E66	iwram	0x2	sSendNonzeroCheck
0x03000E68	iwram	0x2	sRecvNonzeroCheck
0x03000E6A	iwram	0x1	sChecksumAvailable
0x03000E6B	iwram	0x1	sHandshakePlayerCount
0x03000E6C	iwram	0x6	MultiBoot_required_data
0x03000E74	iwram	0x4	sEggHatchData
0x03000E78	iwram	0x2	dummy.9
0x03000E7C	iwram	0x1	sPlayTimeCounterState
0x03000E80	iwram	0x4	sPlayerLinkStates
0x03000E84	iwram	0x4	sPlayerKeyInterceptCallback
0x03000E88	iwram	0x1	sReceivingFromLink
0x03000E89	iwram	0x1	sRfuKeepAliveTimer
0x03000E90	iwram	0x8	sFieldCameraOffset
0x03000E98	iwram	0x2	sHorizontalCameraPan
0x03000E9A	iwram	0x2	sVerticalCameraPan
0x03000E9C	iwram	0x1	sBikeCameraPanFlag
0x03000EA0	iwram	0x4	sFieldCameraPanningCallback
0x03000EA8	iwram	0x1	sGlobalScriptContextStatus
0x03000EAC	iwram	0x4	sUnusedVariable1
0x03000EB0	iwram	0x74	sGlobalScriptContext
0x03000F24	iwram	0x4	sUnusedVariable2
0x03000F28	iwram	0x74	sImmediateScriptContext
0x03000F9C	iwram	0x1	sLockFieldControls
0x03000F9D	iwram	0x1	sMsgBoxWalkawayDisabled
0x03000F9E	iwram	0x1	sMsgBoxIsCancelable
0x03000F9F	iwram	0x1	sQuestLogInput
0x03000FA0	iwram	0x1	sQuestLogInputIsDpad
0x03000FA1	iwram	0x1	sMsgIsSignpost
0x03000FA4	iwram	0x4	sSaveDialogCB
0x03000FA8	iwram	0x1	sSaveDialogDelay
0x03000FA9	iwram	0x1	sSaveDialogIsPrinting
0x03000FAC	iwram	0x1	sTilesetDMA3TransferBufferSize
0x03000FAE	iwram	0x2	sPrimaryTilesetAnimCounter
0x03000FB0	iwram	0x2	sPrimaryTilesetAnimCounterMax
0x03000FB2	iwram	0x2	sSecondaryTilesetAnimCounter
0x03000FB4	iwram	0x2	sSecondaryTilesetAnimCounterMax
0x03000FB8	iwram	0x4	sPrimaryTilesetAnimCallback
0x03000FBC	iwram	0x4	sSecondaryTilesetAnimCallback
0x03000FC0	iwram	0x2	sCurrentMapMusic
0x03000FC2	iwram	0x2	sNextMapMusic
0x03000FC4	iwram	0x1	sMapMusicState
0x03000FC5	iwram	0x1	sMapMusicFadeInSpeed
0x03000FC6	iwram	0x2	sFanfareCounter
0x03000FC8	iwram	0x20	sFieldEffectActiveList
0x03000FE8	iwram	0x184	sItemIconGfxBuffer.90
0x0300116C	iwram	0x4	i.96
0x03001170	iwram	0x4	j.97
0x03001174	iwram	0x4	k.98
0x03001178	iwram	0x4	index.99
0x0300117C	iwram	0x4	numWords.100
0x03001180	iwram	0x4	numToProcess.101
0x03001184	iwram	0x4	words.102
0x03001188	iwram	0x1	heldKeyCount.123
0x03001190	iwram	0xE64	sRfuAPIBuffer
0x03001FF8	iwram	0x10	sResendBlock8
0x03002008	iwram	0x10	sResendBlock16
0x03002018	iwram	0x1	counter.42
0x0300201C	iwram	0x4	sFlagOrVarRecords
0x03002020	iwram	0x2	sNumFlagsOrVars
0x03002024	iwram	0x4	sLeader
0x03002028	iwram	0x4	sGroup
0x0300202C	iwram	0x4	sURoom
0x03002030	iwram	0x8	spriteSheet.189
0x03002038	iwram	0x8	spritePalette.190
0x03002040	iwram	0x4	sStatusScreen
0x03002044	iwram	0x4	sExitingGame
0x03002048	iwram	0x18	sSendRecvMgr
0x03002060	iwram	0x2	sJoyNewOrRepeated
0x03002062	iwram	0x2	sJoyNew
0x03002064	iwram	0x2	sSendRecvStatus
0x03002066	iwram	0x2	sCounter1
0x03002068	iwram	0x4	sCounter2
0x0300206C	iwram	0x2	sSavedIme
0x0300206E	iwram	0x2	sSavedIe
0x03002070	iwram	0x2	sSavedTm3Cnt
0x03002072	iwram	0x2	sSavedSioCnt
0x03002074	iwram	0x2	sSavedRCnt
0x03002078	iwram	0x4	oamId.27
0x0300207C	iwram	0x4	curDigit.28
0x03002080	iwram	0x4	firstDigit.29
0x030027F8	iwram	0x1	sTimerNum
0x030027FA	iwram	0x2	sTimerCount
0x030027FC	iwram	0x4	sTimerReg
0x03002800	iwram	0x2	sSavedIme
0x03002808	iwram	0x14	thenan.3
0x03002820	iwram	0x10	thenan.3
0x03002830	iwram	0x4	heap_end.63
0x03002834	iwram	0x4	monitor_stdin
0x03002838	iwram	0x4	monitor_stdout
0x0300283C	iwram	0x4	monitor_stderr
0x03002840	iwram	0xA0	openfiles
0x030028E0	iwram	0x800	SoundMainRAM_Buffer
0x030030E0	iwram	0x2	gKeyRepeatStartDelay
0x030030E4	iwram	0x1	gLinkTransferringData
0x030030F0	iwram	0x43C	gMain
0x0300352C	iwram	0x2	gKeyRepeatContinueDelay
0x03003530	iwram	0x1	gSoftResetDisabled
0x03003540	iwram	0x38	gIntrTable
0x03003578	iwram	0x1	sVcountAfterSound
0x0300357C	iwram	0x1	gLinkVSyncDisabled
0x03003580	iwram	0x800	IntrMain_Buffer
0x03003D80	iwram	0x1	sVcountAtIntr
0x03003D84	iwram	0x1	sVcountBeforeSound
0x03003D88	iwram	0x1	gPcmDmaCounter
0x03003D8C	iwram	0x4	gWindowTileAutoAllocEnabled
0x03003D90	iwram	0x4	gFonts
0x03003DA0	iwram	0x84	gGlyphInfo
0x03003E30	iwram	0x1	gWindowClearTile
0x03003E40	iwram	0x10	gWindowBgTilemapBuffers
0x03003E50	iwram	0x4	gTextFlags
0x03003E54	iwram	0x4	gOamMatrixAllocBitmap
0x03003E58	iwram	0x1	gReservedSpritePaletteCount
0x03003E60	iwram	0xC	gLinkPartnersHeldKeys
0x03003E6C	iwram	0x4	gLinkDebugSeed
0x03003E70	iwram	0x3C	gLocalLinkPlayerBlock
0x03003EAC	iwram	0x1	gLinkErrorOccurred
0x03003EB0	iwram	0x4	gLinkDebugFlags
0x03003EB4	iwram	0x4	gLinkFiller1
0x03003EB8	iwram	0x4	gRemoteLinkPlayersNotReceived
0x03003EBC	iwram	0x4	gBlockReceivedStatus
0x03003EC0	iwram	0x4	gLinkFiller2
0x03003EC4	iwram	0x2	gLinkHeldKeys
0x03003ED0	iwram	0x50	gRecvCmds
0x03003F20	iwram	0x4	gLinkStatus
0x03003F24	iwram	0x1	gLinkDummy1
0x03003F28	iwram	0x1	gLinkDummy2
0x03003F2C	iwram	0x4	gReadyToExitStandby
0x03003F30	iwram	0x4	gReadyToCloseLink
0x03003F34	iwram	0x2	gReadyCloseLinkType
0x03003F38	iwram	0x1	gSuppressLinkErrorMessage
0x03003F3C	iwram	0x1	gWirelessCommType
0x03003F40	iwram	0x1	gSavedLinkPlayerCount
0x03003F50	iwram	0x10	gSendCmd
0x03003F60	iwram	0x1	gSavedMultiplayerId
0x03003F64	iwram	0x1	gReceivedRemoteLinkPlayers
0x03003F70	iwram	0x10	gLinkTestBGInfo
0x03003F80	iwram	0x4	gLinkCallback
0x03003F84	iwram	0x1	gShouldAdvanceLinkState
0x03003F88	iwram	0x8	gLinkTestBlockChecksums
0x03003F90	iwram	0x1	gBlockRequestType
0x03003F94	iwram	0x4	gLinkFiller3
0x03003F98	iwram	0x4	gLinkFiller4
0x03003F9C	iwram	0x4	gLinkFiller5
0x03003FA0	iwram	0x1	gLastSendQueueCount
0x03003FB0	iwram	0xFC0	gLink
0x03004F70	iwram	0x1	gLastRecvQueueCount
0x03004F74	iwram	0x2	gLinkSavedIme
0x03004F80	iwram	0x4	gPreBattleCallback1
0x03004F84	iwram	0x4	gBattleMainFunc
0x03004F90	iwram	0x44	gBattleResults
0x03004FD4	iwram	0x1	gLeveledUpInBattle
0x03004FE0	iwram	0x10	gBattlerControllerFuncs
0x03004FF0	iwram	0x4	gHealthboxSpriteIds
0x03004FF4	iwram	0x1	gMultiUsePlayerCursor
0x03004FF8	iwram	0x1	gNumberOfMovesToChoose
0x03004FFC	iwram	0x4	gBattleControllerData
0x03005000	iwram	0x4	gRngValue
0x03005004	iwram	0x4	gFlashMemoryPresent
0x03005008	iwram	0x4	gSaveBlock1Ptr
0x0300500C	iwram	0x4	gSaveBlock2Ptr
0x03005010	iwram	0x4	gPokemonStoragePtr
0x03005014	iwram	0x4	gBGTilemapBuffers1
0x03005018	iwram	0x4	gBGTilemapBuffers2
0x0300501C	iwram	0x4	gBGTilemapBuffers3
0x03005020	iwram	0x4	gFieldCallback
0x03005024	iwram	0x4	gFieldCallback2
0x03005028	iwram	0x2	gHeldKeyCodeToSend
0x0300502C	iwram	0x1	gLocalLinkPlayerId
0x03005030	iwram	0x1	gFieldLinkPlayerCount
0x03005040	iwram	0xC	VMap
0x03005050	iwram	0x18	gFieldCamera
0x03005068	iwram	0x2	gTotalCameraPixelOffsetY
0x0300506C	iwram	0x2	gTotalCameraPixelOffsetX
0x03005070	iwram	0x4	sQuestLogScriptContextPtr
0x03005074	iwram	0x1	gSelectedObjectEvent
0x03005078	iwram	0x4	gFieldInputRecord
0x0300507C	iwram	0x2	gLastQuestLogStoredFlagOrVarIdx
0x03005080	iwram	0x1	gDisableMusic
0x03005090	iwram	0x280	gTasks
0x03005310	iwram	0x20	UnusedVarNeededToMatch
0x03005330	iwram	0x1	gCanvasColumnStart
0x03005334	iwram	0x4	gCanvasPixels
0x03005338	iwram	0x1	gCanvasRowEnd
0x0300533C	iwram	0x1	gCanvasHeight
0x03005340	iwram	0x1	gCanvasColumnEnd
0x03005344	iwram	0x1	gCanvasRowStart
0x03005348	iwram	0x1	gCanvasMonPersonality
0x0300534C	iwram	0x1	gCanvasWidth
0x03005350	iwram	0x4	gCanvasPalette
0x03005354	iwram	0x2	gCanvasPaletteStart
0x03005360	iwram	0x18	sFieldSpecialsListMenuTemplate
0x03005378	iwram	0x2	sFieldSpecialsListMenuScrollBuffer
0x0300537C	iwram	0x4	gCB2_AfterEvolution
0x03005380	iwram	0x2	gLastWrittenSector
0x03005384	iwram	0x4	gLastSaveCounter
0x03005388	iwram	0x2	gLastKnownGoodSector
0x0300538C	iwram	0x4	gDamagedSaveSectors
0x03005390	iwram	0x4	gSaveCounter
0x03005394	iwram	0x4	gSaveDataBufferPtr
0x03005398	iwram	0x2	gIncrementalSectorId
0x0300539C	iwram	0x2	gSaveUnusedVar
0x030053A0	iwram	0x2	gSaveFileStatus
0x030053A4	iwram	0x4	gGameContinueCallback
0x030053B0	iwram	0x70	gRamSaveSectorLocations
0x03005420	iwram	0x2	gSaveAttemptStatus
0x03005424	iwram	0x4	gMonShrinkDuration
0x03005428	iwram	0x2	gMonShrinkDelta
0x0300542C	iwram	0x2	gMonShrinkDistance
0x03005430	iwram	0x4	sIsInSaveFailedScreen
0x03005440	iwram	0xE	gHostRfuGameData
0x03005450	iwram	0x9AC	gRfu
0x03005E00	iwram	0x8	gHostRfuUsername
0x03005E10	iwram	0x48	lman
0x03005E60	iwram	0x4	gListMenuOverride
0x03005E70	iwram	0x18	gMultiuseListMenuTemplate
0x03005E88	iwram	0x1	gQuestLogPlaybackState
0x03005E8C	iwram	0x2	sMaxActionsInScene
0x03005E90	iwram	0x4	gQuestLogFieldInput
0x03005E94	iwram	0x4	sCurSceneActions
0x03005E98	iwram	0x4	gItemUseCB
0x03005E9C	iwram	0x4	gHelpSystemState
0x03005EA0	iwram	0x2	gHelpContextIdBackup
0x03005EB0	iwram	0x18	gFameChecker_ListMenuTemplate
0x03005EC8	iwram	0x1	gIconDescriptionBoxIsOpen
0x03005ECC	iwram	0x1	gHelpSystemEnabled
0x03005ED0	iwram	0xC	gEReaderData
0x03005EE0	iwram	0x10	gPokedudeBattlerStates
0x03005EF0	iwram	0x4	gMultibootStart
0x03005EF4	iwram	0x4	gMultibootStatus
0x03005EF8	iwram	0x4	gMultibootSize
0x03005F00	iwram	0x4C	gMultibootParam
0x03005F50	iwram	0xFB0	gSoundInfo
0x03006F00	iwram	0x68	gPokemonCrySongs
0x03006F70	iwram	0x80	gPokemonCryMusicPlayers
0x03006FF0	iwram	0x90	gMPlayJumpTable
0x03007080	iwram	0x100	gCgbChans
0x03007180	iwram	0x140	gPokemonCryTracks
0x030072C0	iwram	0x34	gPokemonCrySong
0x03007300	iwram	0x40	gMPlayInfo_BGM
0x03007340	iwram	0x40	gMPlayInfo_SE1
0x03007380	iwram	0x40	gMPlayInfo_SE2
0x030073C0	iwram	0x10	gMPlayMemAccArea
0x030073D0	iwram	0x40	gMPlayInfo_SE3
0x03007410	iwram	0x1	gFlashTimeoutFlag
0x03007414	iwram	0x4	PollFlashStatus
0x03007418	iwram	0x4	WaitForFlashWrite
0x0300741C	iwram	0x4	ProgramFlashSector
0x03007420	iwram	0x4	gFlash
0x03007424	iwram	0x4	ProgramFlashByte
0x03007428	iwram	0x2	gFlashNumRemainingBytes
0x0300742C	iwram	0x4	EraseFlashChip
0x03007430	iwram	0x4	EraseFlashSector
0x03007434	iwram	0x4	gFlashMaxTime
0x03007438	iwram	0x4	gSTWIStatus
0x03007440	iwram	0x10	gRfuSlotStatusUNI
0x03007450	iwram	0x10	gRfuSlotStatusNI
0x03007460	iwram	0x4	gRfuLinkStatus
0x03007464	iwram	0x4	gRfuStatic
0x03007468	iwram	0x4	gRfuFixed
0x03007470	iwram	0xC	gRfuSIO32Id
0x0300747C	iwram	0x4	errno
0x03007FF0	iwram	0x0	SOUND_INFO_PTR
0x03007FF8	iwram	0x0	INTR_CHECK
0x03007FFC	iwram	0x0	INTR_VECTOR
0x04000000	io	0x0	REG_BASE
0x04000004	io	0x0	REG_DISPSTAT
0x04000006	io	0x0	REG_VCOUNT
0x04000008	io	0x0	REG_BG0CNT
0x0400000A	io	0x0	REG_BG1CNT
0x0400000C	io	0x0	REG_BG2CNT
0x0400000E	io	0x0	REG_BG3CNT
0x04000010	io	0x0	REG_BG0HOFS
0x04000012	io	0x0	REG_BG0VOFS
0x04000014	io	0x0	REG_BG1HOFS
0x04000016	io	0x0	REG_BG1VOFS
0x04000018	io	0x0	REG_BG2HOFS
0x0400001A	io	0x0	REG_BG2VOFS
0x0400001C	io	0x0	REG_BG3HOFS
0x0400001E	io	0x0	REG_BG3VOFS
0x04000020	io	0x0	REG_BG2PA
0x04000022	io	0x0	REG_BG2PB
0x04000024	io	0x0	REG_BG2PC
0x04000026	io	0x0	REG_BG2PD
0x04000028	io	0x0	REG_BG2X_L
0x0400002A	io	0x0	REG_BG2X_H
0x0400002C	io	0x0	REG_BG2Y_L
0x0400002E	io	0x0	REG_BG2Y_H
0x04000030	io	0x0	REG_BG3PA
0x04000032	io	0x0	REG_BG3PB
0x04000034	io	0x0	REG_BG3PC
0x04000036	io	0x0	REG_BG3PD
0x04000038	io	0x0	REG_BG3X_L
0x0400003A	io	0x0	REG_BG3X_H
0x0400003C	io	0x0	REG_BG3Y_L
0x0400003E	io	0x0	REG_BG3Y_H
0x04000040	io	0x0	REG_WIN0H
0x04000042	io	0x0	REG_WIN1H
0x04000044	io	0x0	REG_WIN0V
0x04000046	io	0x0	REG_WIN1V
0x04000048	io	0x0	REG_WININ
0x0400004A	io	0x0	REG_WINOUT
0x0400004C	io	0x0	REG_MOSAIC
0x04000050	io	0x0	REG_BLDCNT
0x04000052	io	0x0	REG_BLDALPHA
0x04000054	io	0x0	REG_BLDY
0x04000060	io	0x0	REG_NR10
0x04000062	io	0x0	REG_NR11
0x04000063	io	0x0	REG_NR12
0x04000064	io	0x0	REG_NR13
0x04000065	io	0x0	REG_NR14
0x04000068	io	0x0	REG_NR21
0x04000069	io	0x0	REG_NR22
0x0400006C	io	0x0	REG_NR23
0x0400006D	io	0x0	REG_NR24
0x04000070	io	0x0	REG_NR30
0x04000072	io	0x0	REG_NR31
0x04000073	io	0x0	REG_NR32
0x04000074	io	0x0	REG_NR33
0x04000075	io	0x0	REG_NR34
0x04000078	io	0x0	REG_NR41
0x04000079	io	0x0	REG_NR42
0x0400007C	io	0x0	REG_NR43
0x0400007D	io	0x0	REG_NR44
0x04000080	io	0x0	REG_NR50
0x04000081	io	0x0	REG_NR51
0x04000082	io	0x0	REG_SOUNDCNT_H
0x04000084	io	0x0	REG_NR52
0x04000088	io	0x0	REG_SOUNDBIAS
0x04000090	io	0x0	REG_WAVE_RAM
0x04000092	io	0x0	REG_WAVE_RAM0_H
0x04000094	io	0x0	REG_WAVE_RAM1
0x04000096	io	0x0	REG_WAVE_RAM1_H
0x04000098	io	0x0	REG_WAVE_RAM2
0x0400009A	io	0x0	REG_WAVE_RAM2_H
0x0400009C	io	0x0	REG_WAVE_RAM3
0x0400009E	io	0x0	REG_WAVE_RAM3_H
0x040000A0	io	0x0	REG_FIFO
0x040000A2	io	0x0	REG_FIFO_A_H
0x040000A4	io	0x0	REG_FIFO_B
0x040000A6	io	0x0	REG_FIFO_B_H
0x040000B0	io	0x0	REG_DMA0
0x040000B2	io	0x0	REG_DMA0SAD_H
0x040000B4	io	0x0	REG_DMA0DAD
0x040000B6	io	0x0	REG_DMA0DAD_H
0x040000B8	io	0x0	REG_DMA0CNT
0x040000BA	io	0x0	REG_DMA0CNT_H
0x040000BC	io	0x0	REG_DMA1
0x040000BE	io	0x0	REG_DMA1SAD_H
0x040000C0	io	0x0	REG_DMA1DAD
0x040000C2	io	0x0	REG_DMA1DAD_H
0x040000C4	io	0x0	REG_DMA1CNT
0x040000C6	io	0x0	REG_DMA1CNT_H
0x040000C8	io	0x0	REG_DMA2
0x040000CA	io	0x0	REG_DMA2SAD_H
0x040000CC	io	0x0	REG_DMA2DAD
0x040000CE	io	0x0	REG_DMA2DAD_H
0x040000D0	io	0x0	REG_DMA2CNT
0x040000D2	io	0x0	REG_DMA2CNT_H
0x040000D4	io	0x0	REG_DMA3
0x040000D6	io	0x0	REG_DMA3SAD_H
0x040000D8	io	0x0	REG_DMA3DAD
0x040000DA	io	0x0	REG_DMA3DAD_H
0x040000DC	io	0x0	REG_DMA3CNT
0x040000DE	io	0x0	REG_DMA3CNT_H
0x04000100	io	0x0	REG_TM0CNT
0x04000102	io	0x0	REG_TM0CNT_H
0x04000104	io	0x0	REG_TM1CNT
0x04000106	io	0x0	REG_TM1CNT_H
0x04000108	io	0x0	REG_TM2CNT
0x0400010A	io	0x0	REG_TM2CNT_H
0x0400010C	io	0x0	REG_TM3CNT
0x0400010E	io	0x0	REG_TM3CNT_H
0x04000120	io	0x0	REG_SIODATA32
0x04000122	io	0x0	REG_SIOMULTI1
0x04000124	io	0x0	REG_SIOMULTI2
0x04000126	io	0x0	REG_SIOMULTI3
0x04000128	io	0x0	REG_SIOCNT
0x0400012A	io	0x0	REG_SIODATA8
0x04000130	io	0x0	REG_KEYINPUT
0x04000132	io	0x0	REG_KEYCNT
0x04000134	io	0x0	REG_RCNT
0x04000140	io	0x0	REG_JOYCNT
0x04000150	io	0x0	REG_JOY_RECV
0x04000152	io	0x0	REG_JOY_RECV_H
0x04000154	io	0x0	REG_JOY_TRANS
0x04000156	io	0x0	REG_JOY_TRANS_H
0x04000158	io	0x0	REG_JOYSTAT
0x04000200	io	0x0	REG_IE
0x04000202	io	0x0	REG_IF
0x04000204	io	0x0	REG_WAITCNT
0x04000208	io	0x0	REG_IME
0x05000000	palette	0x0	BG_PLTT
0x05000200	palette	0x0	OBJ_PLTT
0x06000000	vram	0x0	BG_VRAM
0x06010000	vram	0x0	OBJ_VRAM0
0x06014000	vram	0x0	OBJ_VRAM1
0x07000000	oam	0x0	OAM
0x08000100	rom	0x104	sGFRomHeader
0x081E9F10	rom	0x1	gGameVersion
0x081E9F11	rom	0x1	gGameLanguage
0x081E9F14	rom	0x11	BuildDateTime
0x081E9F28	rom	0x38	gIntrTableTemplate
0x081E9F60	rom	0x4	sTimerIntrFunc
0x081E9F64	rom	0x4	sZeroedBgControlStruct
0x081EA044	rom	0x100	sFontHalfRowOffsets
0x081EA144	rom	0x8	sDummyWindowTemplate
0x081EA14C	rom	0x400	sDownArrowTiles
0x081EA54C	rom	0x80	sDoubleArrowTiles1
0x081EA5CC	rom	0x80	sDoubleArrowTiles2
0x081EA64C	rom	0x4	sDownArrowYCoords
0x081EA650	rom	0x3	sWindowVerticalScrollSpeeds
0x081EA654	rom	0x38	sGlyphWidthFuncs
0x081EA68C	rom	0x18	sSpriteSheets_TextCursor
0x081EA6A4	rom	0x10	sSpritePalettes_TextCursor
0x081EA6B4	rom	0x18	sSpriteTemplate_TextCursor
0x081EA6CC	rom	0x34	sKeypadIcons
0x081EA700	rom	0x800	gKeypadIconTiles
0x081EAF00	rom	0x4000	sFontSmallLatinGlyphs
0x081EEF00	rom	0x200	sFontSmallLatinGlyphWidths
0x081EF100	rom	0x4000	sFontSmallJapaneseGlyphs
0x081F3100	rom	0x8000	sFontNormalCopy1LatinGlyphs
0x081FB100	rom	0x200	sFontNormalCopy1LatinGlyphWidths
0x081FB300	rom	0x4000	sFontTallJapaneseGlyphs
0x081FF300	rom	0x8000	sFontNormalLatinGlyphs
0x08207300	rom	0x200	sFontNormalLatinGlyphWidths
0x08207500	rom	0x8000	sFontNormalJapaneseGlyphs
0x0820F500	rom	0x118	sFontNormalJapaneseGlyphWidths
0x0820F618	rom	0x8000	sFontMaleLatinGlyphs
0x08217618	rom	0x200	sFontMaleLatinGlyphWidths
0x08217818	rom	0x8000	sFontMaleJapaneseGlyphs
0x0821F818	rom	0x118	sFontMaleJapaneseGlyphWidths
0x0821F930	rom	0x8000	sFontFemaleLatinGlyphs
0x08227930	rom	0x200	sFontFemaleLatinGlyphWidths
0x08227B30	rom	0x8000	sFontFemaleJapaneseGlyphs
0x0822FB30	rom	0x118	sFontFemaleJapaneseGlyphWidths
0x0822FC48	rom	0x2000	sFontBoldJapaneseGlyphs
0x08231C48	rom	0x25	sDmaOverErrorMsg
0x08231C6D	rom	0x18	sUnknownData
0x08231C85	rom	0x18	sCenterToCornerVecTable
0x08231CA0	rom	0x44	sDummySprite
0x08231CE4	rom	0x8	gDummyOamData
0x08231CEC	rom	0x4	sDummyAnim
0x08231CF0	rom	0x4	gDummySpriteAnimTable
0x08231CF4	rom	0x8	sDummyAffineAnim
0x08231CFC	rom	0x4	gDummySpriteAffineAnimTable
0x08231D00	rom	0x18	gDummySpriteTemplate
0x08231D18	rom	0x8	sAnimFuncs
0x08231D20	rom	0x8	sAffineAnimFuncs
0x08231D28	rom	0x10	sAnimCmdFuncs
0x08231D38	rom	0x10	sAffineAnimCmdFuncs
0x08231D48	rom	0x60	sOamDimensionsCopy
0x08231DA8	rom	0x30	sOamDimensions
0x08231DD8	rom	0x10	gBGControlRegs
0x08231DE8	rom	0x10	gBGHOffsetRegs
0x08231DF8	rom	0x10	gBGVOffsetRegs
0x08231E08	rom	0x8	gDISPCNTBGFlags
0x08231E10	rom	0x8	gOverworldBackgroundLayerFlags
0x08231E18	rom	0x8	gBLDCNTTarget1BGFlags
0x08231E20	rom	0x4	gBGControlRegOffsets
0x08231E24	rom	0x4	gBGHOffsetRegOffsets
0x08231E28	rom	0x4	gBGVOffsetRegOffsets
0x08231E2C	rom	0x10	sDigits
0x08231E3C	rom	0x28	sPowersOfTen
0x08231E70	rom	0x0	funcs.93
0x08231EA8	rom	0x0	lengths.115
0x08231EC4	rom	0x20	sWirelessLinkDisplayPal
0x08231EE4	rom	0x4A8	sWirelessLinkDisplayGfx
0x0823238C	rom	0x1EC	sWirelessLinkDisplayTilemap
0x08232578	rom	0x20	sLinkTestFontPal
0x08232598	rom	0x2000	sLinkTestFontGfx
0x08234598	rom	0x28	sBlockRequests
0x082345C0	rom	0xF	sASCIIGameFreakInc
0x082345D0	rom	0x17	sASCIITestPrint
0x082345E8	rom	0x8	sLinkErrorBgTemplates
0x082345F0	rom	0x20	sLinkErrorWindowTemplates
0x08234610	rom	0x3	sLinkErrorTextColor
0x08234614	rom	0x1	sString_Dummy
0x08234615	rom	0x2	sString_Newline
0x08234618	rom	0x30	sWindowTemplate
0x08234648	rom	0x20	sBg_Pal
0x08234668	rom	0x20	sTextbox_Pal
0x08234688	rom	0x3	sTextColor1
0x0823468B	rom	0x3	sTextColor2
0x08234690	rom	0x4	sBgTemplate
0x08234694	rom	0x3	sMenuCursorYMax
0x08234698	rom	0x20	gBattlerPicTable_PlayerLeft
0x082346B8	rom	0x20	gBattlerPicTable_OpponentLeft
0x082346D8	rom	0x20	gBattlerPicTable_PlayerRight
0x082346F8	rom	0x20	gBattlerPicTable_OpponentRight
0x08234718	rom	0x28	gTrainerBackPicTable_Red
0x08234740	rom	0x28	gTrainerBackPicTable_Leaf
0x08234768	rom	0x20	gTrainerBackPicTable_Pokedude
0x08234788	rom	0x20	gTrainerBackPicTable_OldMan
0x082347A8	rom	0x20	gTrainerBackPicTable_RSBrendan
0x082347C8	rom	0x20	gTrainerBackPicTable_RSMay
0x082347E8	rom	0x8	sAnim_GeneralFrame0
0x082347F0	rom	0x8	sAnim_GeneralFrame3
0x082347F8	rom	0x10	sAffineAnim_Battler_Normal
0x08234808	rom	0x10	sAffineAnim_Battler_Flipped
0x08234818	rom	0x18	sAffineAnim_Battler_Emerge
0x08234830	rom	0x18	sAffineAnim_Battler_Return
0x08234848	rom	0x20	sAffineAnim_Battler_HorizontalSquishLoop
0x08234868	rom	0x10	sAffineAnim_Battler_Grow
0x08234878	rom	0x10	sAffineAnim_Battler_Shrink
0x08234888	rom	0x18	sAffineAnim_Battler_BigToSmall
0x082348A0	rom	0x10	sAffineAnim_Battler_GrowLarge
0x082348B0	rom	0x18	sAffineAnim_Battler_TipRight
0x082348C8	rom	0x24	gAffineAnims_BattleSpritePlayerSide
0x082348EC	rom	0x10	sAffineAnim_Battler_SpinShrink
0x082348FC	rom	0x18	sAffineAnim_Battler_TipLeft
0x08234914	rom	0x20	sAffineAnim_Battler_RotateUpAndBack
0x08234934	rom	0x10	sAffineAnim_Battler_Spin
0x08234944	rom	0x2C	gAffineAnims_BattleSpriteOpponentSide
0x08234970	rom	0x2C	gAffineAnims_BattleSpriteContest
0x0823499C	rom	0x8	sAnim_MonPic_0
0x082349A4	rom	0x8	sAnim_MonPic_1
0x082349AC	rom	0x8	sAnim_MonPic_2
0x082349B4	rom	0x8	sAnim_MonPic_3
0x082349BC	rom	0x10	gAnims_MonPic
0x082349CC	rom	0x6E0	gMonFrontPicCoords
0x082350AC	rom	0xDC0	gMonFrontPicTable
0x08235E6C	rom	0x6E0	gMonBackPicCoords
0x0823654C	rom	0xDC0	gMonBackPicTable
0x0823730C	rom	0xDC0	gMonPaletteTable
0x082380CC	rom	0xDC0	gMonShinyPaletteTable
0x08238E8C	rom	0x4	sAnims_AquaLeaderArchie
0x08238E90	rom	0x4	sAnims_AquaGruntM
0x08238E94	rom	0x4	sAnims_AquaGruntF
0x08238E98	rom	0x4	sAnims_RSAromaLady
0x08238E9C	rom	0x4	sAnims_RSRuinManiac
0x08238EA0	rom	0x4	sAnims_Interviewer
0x08238EA4	rom	0x4	sAnims_RSTuberF
0x08238EA8	rom	0x4	sAnims_RSTuberM
0x08238EAC	rom	0x4	sAnims_RSCooltrainerM
0x08238EB0	rom	0x4	sAnims_RSCooltrainerF
0x08238EB4	rom	0x4	sAnims_HexManiac
0x08238EB8	rom	0x4	sAnims_RSLady
0x08238EBC	rom	0x4	sAnims_RSBeauty
0x08238EC0	rom	0x4	sAnims_RichBoy
0x08238EC4	rom	0x4	sAnims_RSPokemaniac
0x08238EC8	rom	0x4	sAnims_RSSwimmerM
0x08238ECC	rom	0x4	sAnims_RSBlackBelt
0x08238ED0	rom	0x4	sAnims_Guitarist
0x08238ED4	rom	0x4	sAnims_Kindler
0x08238ED8	rom	0x4	sAnims_RSCamper
0x08238EDC	rom	0x4	sAnims_BugManiac
0x08238EE0	rom	0x4	sAnims_RSPsychicM
0x08238EE4	rom	0x4	sAnims_RSPsychicF
0x08238EE8	rom	0x4	sAnims_RSGentleman
0x08238EEC	rom	0x4	sAnims_EliteFourSidney
0x08238EF0	rom	0x4	sAnims_EliteFourPhoebe
0x08238EF4	rom	0x4	sAnims_LeaderRoxanne
0x08238EF8	rom	0x4	sAnims_LeaderBrawly
0x08238EFC	rom	0x4	sAnims_LeaderTateAndLiza
0x08238F00	rom	0x4	sAnims_SchoolKidM
0x08238F04	rom	0x4	sAnims_SchoolKidF
0x08238F08	rom	0x4	sAnims_SrAndJr
0x08238F0C	rom	0x4	sAnims_PokefanM
0x08238F10	rom	0x4	sAnims_PokefanF
0x08238F14	rom	0x4	sAnims_ExpertM
0x08238F18	rom	0x4	sAnims_ExpertF
0x08238F1C	rom	0x4	sAnims_RSYoungster
0x08238F20	rom	0x4	sAnims_ChampionSteven
0x08238F24	rom	0x4	sAnims_RSFisherman
0x08238F28	rom	0x4	sAnims_CyclingTriathleteM
0x08238F2C	rom	0x4	sAnims_CyclingTriathleteF
0x08238F30	rom	0x4	sAnims_RunningTriathleteM
0x08238F34	rom	0x4	sAnims_RunningTriathleteF
0x08238F38	rom	0x4	sAnims_SwimmingTriathleteM
0x08238F3C	rom	0x4	sAnims_SwimmingTriathleteF
0x08238F40	rom	0x4	sAnims_DragonTamer
0x08238F44	rom	0x4	sAnims_RSBirdKeeper
0x08238F48	rom	0x4	sAnims_NinjaBoy
0x08238F4C	rom	0x4	sAnims_BattleGirl
0x08238F50	rom	0x4	sAnims_ParasolLady
0x08238F54	rom	0x4	sAnims_RSSwimmerF
0x08238F58	rom	0x4	sAnims_RSPicnicker
0x08238F5C	rom	0x4	sAnims_RSTwins
0x08238F60	rom	0x4	sAnims_RSSailor
0x08238F64	rom	0x4	sAnims_Collector
0x08238F68	rom	0x4	sAnims_Wally
0x08238F6C	rom	0x4	sAnims_RSBrendan1
0x08238F70	rom	0x4	sAnims_RSMay1
0x08238F74	rom	0x4	sAnims_RSPokemonBreederM
0x08238F78	rom	0x4	sAnims_RSPokemonBreederF
0x08238F7C	rom	0x4	sAnims_RSPokemonRangerM
0x08238F80	rom	0x4	sAnims_RSPokemonRangerF
0x08238F84	rom	0x4	sAnims_MagmaLeaderMaxie
0x08238F88	rom	0x4	sAnims_MagmaGruntM
0x08238F8C	rom	0x4	sAnims_MagmaGruntF
0x08238F90	rom	0x4	sAnims_RSLass
0x08238F94	rom	0x4	sAnims_RSBugCatcher
0x08238F98	rom	0x4	sAnims_RSHiker
0x08238F9C	rom	0x4	sAnims_RSYoungCouple
0x08238FA0	rom	0x4	sAnims_OldCouple
0x08238FA4	rom	0x4	sAnims_RSSisAndBro
0x08238FA8	rom	0x4	sAnims_AquaAdminM
0x08238FAC	rom	0x4	sAnims_AquaAdminF
0x08238FB0	rom	0x4	sAnims_MagmaAdminM
0x08238FB4	rom	0x4	sAnims_MagmaAdminF
0x08238FB8	rom	0x4	sAnims_LeaderWattson
0x08238FBC	rom	0x4	sAnims_LeaderFlannery
0x08238FC0	rom	0x4	sAnims_LeaderNorman
0x08238FC4	rom	0x4	sAnims_LeaderWinona
0x08238FC8	rom	0x4	sAnims_LeaderWallace
0x08238FCC	rom	0x4	sAnims_EliteFourGlacia
0x08238FD0	rom	0x4	sAnims_EliteFourDrake
0x08238FD4	rom	0x4	sAnims_Youngster
0x08238FD8	rom	0x4	sAnims_BugCatcher
0x08238FDC	rom	0x4	sAnims_Lass
0x08238FE0	rom	0x4	sAnims_Sailor
0x08238FE4	rom	0x4	sAnims_Camper
0x08238FE8	rom	0x4	sAnims_Picnicker
0x08238FEC	rom	0x4	sAnims_Pokemaniac
0x08238FF0	rom	0x4	sAnims_SuperNerd
0x08238FF4	rom	0x4	sAnims_Hiker
0x08238FF8	rom	0x4	sAnims_Biker
0x08238FFC	rom	0x4	sAnims_Burglar
0x08239000	rom	0x4	sAnims_Engineer
0x08239004	rom	0x4	sAnims_Fisherman
0x08239008	rom	0x4	sAnims_SwimmerM
0x0823900C	rom	0x4	sAnims_CueBall
0x08239010	rom	0x4	sAnims_Gamer
0x08239014	rom	0x4	sAnims_Beauty
0x08239018	rom	0x4	sAnims_SwimmerF
0x0823901C	rom	0x4	sAnims_PsychicM
0x08239020	rom	0x4	sAnims_Rocker
0x08239024	rom	0x4	sAnims_Juggler
0x08239028	rom	0x4	sAnims_Tamer
0x0823902C	rom	0x4	sAnims_BirdKeeper
0x08239030	rom	0x4	sAnims_BlackBelt
0x08239034	rom	0x4	sAnims_RivalEarly
0x08239038	rom	0x4	sAnims_Scientist
0x0823903C	rom	0x4	sAnims_LeaderGiovanni
0x08239040	rom	0x4	sAnims_RocketGruntM
0x08239044	rom	0x4	sAnims_CooltrainerM
0x08239048	rom	0x4	sAnims_CooltrainerF
0x0823904C	rom	0x4	sAnims_EliteFourLorelei
0x08239050	rom	0x4	sAnims_EliteFourBruno
0x08239054	rom	0x4	sAnims_EliteFourAgatha
0x08239058	rom	0x4	sAnims_EliteFourLance
0x0823905C	rom	0x4	sAnims_LeaderBrock
0x08239060	rom	0x4	sAnims_LeaderMisty
0x08239064	rom	0x4	sAnims_LeaderLtSurge
0x08239068	rom	0x4	sAnims_LeaderErika
0x0823906C	rom	0x4	sAnims_LeaderKoga
0x08239070	rom	0x4	sAnims_LeaderBlaine
0x08239074	rom	0x4	sAnims_LeaderSabrina
0x08239078	rom	0x4	sAnims_Gentleman
0x0823907C	rom	0x4	sAnims_RivalLate
0x08239080	rom	0x4	sAnims_ChampionRival
0x08239084	rom	0x4	sAnims_Channeler
0x08239088	rom	0x4	sAnims_Twins
0x0823908C	rom	0x4	sAnims_CoolCouple
0x08239090	rom	0x4	sAnims_YoungCouple
0x08239094	rom	0x4	sAnims_CrushKin
0x08239098	rom	0x4	sAnims_SisAndBro
0x0823909C	rom	0x4	sAnims_ProfessorOak
0x082390A0	rom	0x4	sAnims_RSBrendan2
0x082390A4	rom	0x4	sAnims_RSMay2
0x082390A8	rom	0x4	sAnims_Red
0x082390AC	rom	0x4	sAnims_Leaf
0x082390B0	rom	0x4	sAnims_RocketGruntF
0x082390B4	rom	0x4	sAnims_PsychicF
0x082390B8	rom	0x4	sAnims_CrushGirl
0x082390BC	rom	0x4	sAnims_TuberF
0x082390C0	rom	0x4	sAnims_PokemonBreeder
0x082390C4	rom	0x4	sAnims_PokemonRangerM
0x082390C8	rom	0x4	sAnims_PokemonRangerF
0x082390CC	rom	0x4	sAnims_AromaLady
0x082390D0	rom	0x4	sAnims_RuinManiac
0x082390D4	rom	0x4	sAnims_Lady
0x082390D8	rom	0x4	sAnims_Painter
0x082390DC	rom	0x250	gTrainerFrontAnimsPtrTable
0x0823932C	rom	0x250	gTrainerFrontPicCoords
0x0823957C	rom	0x4A0	gTrainerFrontPicTable
0x08239A1C	rom	0x4A0	gTrainerFrontPicPaletteTable
0x08239EBC	rom	0x18	sAnimCmd_Red_1
0x08239ED4	rom	0x18	sAnimCmd_Leaf_1
0x08239EEC	rom	0x14	sAnimCmd_Pokedude_1
0x08239F00	rom	0x14	sAnimCmd_OldMan_1
0x08239F14	rom	0x18	sAnimCmd_RSBrendan_1
0x08239F2C	rom	0x18	sAnimCmd_RSMay_1
0x08239F44	rom	0x8	sBackAnims_Red
0x08239F4C	rom	0x8	sBackAnims_Leaf
0x08239F54	rom	0x8	sBackAnims_Pokedude
0x08239F5C	rom	0x8	sBackAnims_OldMan
0x08239F64	rom	0x8	sBackAnims_RSBrendan
0x08239F6C	rom	0x8	sBackAnims_RSMay
0x08239F74	rom	0x18	gTrainerBackAnimsPtrTable
0x08239F8C	rom	0x18	gTrainerBackPicCoords
0x08239FA4	rom	0x30	gTrainerBackPicTable
0x08239FD4	rom	0x30	gTrainerBackPicPaletteTable
0x0823A004	rom	0x19C	gEnemyMonElevation
0x0823A1A0	rom	0x8	sParty_AquaLeader
0x0823A1A8	rom	0x8	sParty_AquaGruntM
0x0823A1B0	rom	0x8	sParty_AquaGruntF
0x0823A1B8	rom	0x8	sParty_RSAromaLady
0x0823A1C0	rom	0x8	sParty_RSRuinManiac
0x0823A1C8	rom	0x8	sParty_Interviewer
0x0823A1D0	rom	0x8	sParty_RSTuberF
0x0823A1D8	rom	0x8	sParty_RSTuberM
0x0823A1E0	rom	0x8	sParty_RSCooltrainerM
0x0823A1E8	rom	0x8	sParty_RSCooltrainerF
0x0823A1F0	rom	0x8	sParty_HexManiac
0x0823A1F8	rom	0x8	sParty_RSLady
0x0823A200	rom	0x8	sParty_RSBeauty
0x0823A208	rom	0x8	sParty_RichBoy
0x0823A210	rom	0x8	sParty_RSPokemaniac
0x0823A218	rom	0x8	sParty_RSSwimmerM
0x0823A220	rom	0x8	sParty_RSBlackBelt
0x0823A228	rom	0x8	sParty_Guitarist
0x0823A230	rom	0x8	sParty_Kindler
0x0823A238	rom	0x8	sParty_RSCamper
0x0823A240	rom	0x8	sParty_BugManiac
0x0823A248	rom	0x8	sParty_RSPsychicM
0x0823A250	rom	0x8	sParty_RSPsychicF
0x0823A258	rom	0x8	sParty_RSGentleman
0x0823A260	rom	0x8	sParty_EliteFourSidney
0x0823A268	rom	0x8	sParty_EliteFourPhoebe
0x0823A270	rom	0x8	sParty_LeaderRoxanne
0x0823A278	rom	0x8	sParty_LeaderBrawly
0x0823A280	rom	0x8	sParty_LeaderTateLiza
0x0823A288	rom	0x8	sParty_SchoolKidM
0x0823A290	rom	0x8	sParty_SchoolKidF
0x0823A298	rom	0x8	sParty_SrAndJr
0x0823A2A0	rom	0x8	sParty_PokefanM
0x0823A2A8	rom	0x8	sParty_PokefanF
0x0823A2B0	rom	0x8	sParty_ExpertM
0x0823A2B8	rom	0x8	sParty_ExpertF
0x0823A2C0	rom	0x8	sParty_RSYoungster
0x0823A2C8	rom	0x8	sParty_RSChampion
0x0823A2D0	rom	0x8	sParty_RSFisherman
0x0823A2D8	rom	0x8	sParty_CyclingTriathleteM
0x0823A2E0	rom	0x8	sParty_CyclingTriathleteF
0x0823A2E8	rom	0x8	sParty_RunningTriathleteM
0x0823A2F0	rom	0x8	sParty_RunningTriathleteF
0x0823A2F8	rom	0x8	sParty_SwimmingTriathleteM
0x0823A300	rom	0x8	sParty_SwimmingTriathleteF
0x0823A308	rom	0x8	sParty_DragonTamer
0x0823A310	rom	0x8	sParty_RSBirdKeeper
0x0823A318	rom	0x8	sParty_NinjaBoy
0x0823A320	rom	0x8	sParty_BattleGirl
0x0823A328	rom	0x8	sParty_ParasolLady
0x0823A330	rom	0x8	sParty_RSSwimmerF
0x0823A338	rom	0x8	sParty_RSPicnicker
0x0823A340	rom	0x8	sParty_RSTwins
0x0823A348	rom	0x8	sParty_RSSailor
0x0823A350	rom	0x8	sParty_BoarderM
0x0823A358	rom	0x8	sParty_BoarderF
0x0823A360	rom	0x8	sParty_Collector
0x0823A368	rom	0x8	sParty_Wally
0x0823A370	rom	0x8	sParty_Brendan
0x0823A378	rom	0x8	sParty_Brendan2
0x0823A380	rom	0x8	sParty_Brendan3
0x0823A388	rom	0x8	sParty_May
0x0823A390	rom	0x8	sParty_May2
0x0823A398	rom	0x8	sParty_May3
0x0823A3A0	rom	0x8	sParty_RSPkmnBreederM
0x0823A3A8	rom	0x8	sParty_RSPkmnBreederF
0x0823A3B0	rom	0x8	sParty_RSPkmnRangerM
0x0823A3B8	rom	0x8	sParty_RSPkmnRangerF
0x0823A3C0	rom	0x8	sParty_MagmaLeader
0x0823A3C8	rom	0x8	sParty_MagmaGruntM
0x0823A3D0	rom	0x8	sParty_MagmaGruntF
0x0823A3D8	rom	0x8	sParty_RSLass
0x0823A3E0	rom	0x8	sParty_RSBugCatcher
0x0823A3E8	rom	0x8	sParty_RSHiker
0x0823A3F0	rom	0x10	sParty_RSYoungCouple
0x0823A400	rom	0x8	sParty_OldCouple
0x0823A408	rom	0x8	sParty_RSSisAndBro
0x0823A410	rom	0x8	sParty_AquaAdminMatt
0x0823A418	rom	0x8	sParty_AquaAdminShelly
0x0823A420	rom	0x8	sParty_MagmaAdminTabitha
0x0823A428	rom	0x8	sParty_MagmaAdminCourtney
0x0823A430	rom	0x8	sParty_LeaderWattson
0x0823A438	rom	0x8	sParty_LeaderFlannery
0x0823A440	rom	0x8	sParty_LeaderNorman
0x0823A448	rom	0x8	sParty_LeaderWinona
0x0823A450	rom	0x8	sParty_LeaderWallace
0x0823A458	rom	0x8	sParty_EliteFourGlacia
0x0823A460	rom	0x8	sParty_EliteFourDrake
0x0823A468	rom	0x10	sParty_YoungsterBen
0x0823A478	rom	0x8	sParty_YoungsterCalvin
0x0823A480	rom	0x18	sParty_YoungsterJosh
0x0823A498	rom	0x10	sParty_YoungsterTimmy
0x0823A4A8	rom	0x10	sParty_YoungsterJoey
0x0823A4B8	rom	0x8	sParty_YoungsterDan
0x0823A4C0	rom	0x10	sParty_YoungsterChad
0x0823A4D0	rom	0x8	sParty_YoungsterTyler
0x0823A4D8	rom	0x8	sParty_YoungsterEddie
0x0823A4E0	rom	0x10	sParty_YoungsterDillon
0x0823A4F0	rom	0x18	sParty_YoungsterYasu
0x0823A508	rom	0x10	sParty_YoungsterDave
0x0823A518	rom	0x10	sParty_YoungsterBen2
0x0823A528	rom	0x10	sParty_BugCatcherRick
0x0823A538	rom	0x18	sParty_BugCatcherDoug
0x0823A550	rom	0x8	sParty_BugCatcherSammy
0x0823A558	rom	0x18	sParty_BugCatcherColton
0x0823A570	rom	0x20	sParty_BugCatcherGreg
0x0823A590	rom	0x10	sParty_BugCatcherJames
0x0823A5A0	rom	0x10	sParty_BugCatcherKent
0x0823A5B0	rom	0x18	sParty_BugCatcherRobby
0x0823A5C8	rom	0x20	sParty_BugCatcherCale
0x0823A5E8	rom	0x18	sParty_BugCatcherKeigo
0x0823A600	rom	0x8	sParty_BugCatcherElijah
0x0823A608	rom	0x18	sParty_BugCatcher2
0x0823A620	rom	0x10	sParty_BugCatcherBrent
0x0823A630	rom	0x18	sParty_BugCatcherConner
0x0823A648	rom	0x10	sParty_LassJanice
0x0823A658	rom	0x10	sParty_LassSally
0x0823A668	rom	0x8	sParty_LassRobin
0x0823A670	rom	0x18	sParty_LassCrissy
0x0823A688	rom	0x10	sParty_LassMiriam
0x0823A698	rom	0x8	sParty_LassIris
0x0823A6A0	rom	0x10	sParty_LassReli
0x0823A6B0	rom	0x18	sParty_LassAli
0x0823A6C8	rom	0x10	sParty_Lass2
0x0823A6D8	rom	0x18	sParty_LassHaley
0x0823A6F0	rom	0x10	sParty_LassAnn
0x0823A700	rom	0x10	sParty_LassDawn
0x0823A710	rom	0x10	sParty_LassPaige
0x0823A720	rom	0x18	sParty_LassAndrea
0x0823A738	rom	0x28	sParty_LassMegan
0x0823A760	rom	0x10	sParty_LassJulia
0x0823A770	rom	0x10	sParty_LassKay
0x0823A780	rom	0x10	sParty_LassLisa
0x0823A790	rom	0x10	sParty_SailorEdmond
0x0823A7A0	rom	0x10	sParty_SailorTrevor
0x0823A7B0	rom	0x8	sParty_SailorLeonard
0x0823A7B8	rom	0x18	sParty_SailorDuncan
0x0823A7D0	rom	0x10	sParty_SailorHuey
0x0823A7E0	rom	0x18	sParty_SailorDylan
0x0823A7F8	rom	0x8	sParty_SailorPhillip
0x0823A800	rom	0x10	sParty_SailorDwayne
0x0823A810	rom	0x20	sParty_CamperLiam
0x0823A830	rom	0x10	sParty_CamperShane
0x0823A840	rom	0x8	sParty_CamperEthan
0x0823A848	rom	0x8	sParty_CamperRicky
0x0823A850	rom	0x10	sParty_CamperJeff
0x0823A860	rom	0x8	sParty_Camper2
0x0823A868	rom	0x10	sParty_CamperChris
0x0823A878	rom	0x20	sParty_CamperDrew
0x0823A898	rom	0x8	sParty_PicnickerDiana
0x0823A8A0	rom	0x10	sParty_PicnickerNancy
0x0823A8B0	rom	0x18	sParty_PicnickerIsabelle
0x0823A8C8	rom	0x10	sParty_PicnickerKelsey
0x0823A8D8	rom	0x20	sParty_PicnickerAlicia
0x0823A8F8	rom	0x8	sParty_PicnickerCaitlin
0x0823A900	rom	0x10	sParty_PicnickerHeidi
0x0823A910	rom	0x10	sParty_PicnickerCarol
0x0823A920	rom	0x18	sParty_PicnickerSofia
0x0823A938	rom	0x10	sParty_PicnickerMartha
0x0823A948	rom	0x10	sParty_PicnickerTina
0x0823A958	rom	0x28	sParty_PicnickerHannah
0x0823A980	rom	0x10	sParty_PokemaniacMark
0x0823A990	rom	0x10	sParty_PokemaniacHerman
0x0823A9A0	rom	0x18	sParty_PokemaniacCooper
0x0823A9B8	rom	0x10	sParty_PokemaniacSteve
0x0823A9C8	rom	0x8	sParty_PokemaniacWinston
0x0823A9D0	rom	0x18	sParty_PokemaniacDawson
0x0823A9E8	rom	0x10	sParty_PokemaniacAshton
0x0823A9F8	rom	0x10	sParty_SuperNerdJovan
0x0823AA08	rom	0x18	sParty_SuperNerdMiguel
0x0823AA20	rom	0x40	sParty_SuperNerdAidan
0x0823AA60	rom	0x18	sParty_SuperNerdGlenn
0x0823AA78	rom	0x10	sParty_SuperNerdLeslie
0x0823AA88	rom	0x18	sParty_SuperNerd1
0x0823AAA0	rom	0x20	sParty_SuperNerd2
0x0823AAC0	rom	0x10	sParty_SuperNerd3
0x0823AAD0	rom	0x18	sParty_SuperNerdErik
0x0823AAE8	rom	0x20	sParty_SuperNerdAvery
0x0823AB08	rom	0x8	sParty_SuperNerdDerek
0x0823AB10	rom	0x10	sParty_SuperNerdZac
0x0823AB20	rom	0x18	sParty_HikerMarcos
0x0823AB38	rom	0x10	sParty_HikerFranklin
0x0823AB48	rom	0x20	sParty_HikerNob
0x0823AB68	rom	0x8	sParty_HikerWayne
0x0823AB70	rom	0x20	sParty_HikerAlan
0x0823AB90	rom	0x18	sParty_HikerBrice
0x0823ABA8	rom	0x20	sParty_HikerClark
0x0823ABC8	rom	0x10	sParty_HikerTrent
0x0823ABD8	rom	0x30	sParty_HikerDudley
0x0823AC08	rom	0x10	sParty_HikerAllen
0x0823AC18	rom	0x10	sParty_HikerEric
0x0823AC28	rom	0x20	sParty_HikerLenny
0x0823AC48	rom	0x18	sParty_HikerOliver
0x0823AC60	rom	0x20	sParty_HikerLucas
0x0823AC80	rom	0x30	sParty_BikerJared
0x0823ACB0	rom	0x20	sParty_BikerMalik
0x0823ACD0	rom	0x50	sParty_BikerErnest
0x0823AD20	rom	0x30	sParty_BikerAlex
0x0823AD50	rom	0x20	sParty_BikerLao
0x0823AD70	rom	0x8	sParty_Biker1
0x0823AD78	rom	0x8	sParty_BikerHideo
0x0823AD80	rom	0x30	sParty_BikerRuben
0x0823ADB0	rom	0x8	sParty_BikerBilly
0x0823ADB8	rom	0x20	sParty_BikerNikolas
0x0823ADD8	rom	0x20	sParty_BikerJaxon
0x0823ADF8	rom	0x50	sParty_BikerWilliam
0x0823AE48	rom	0x40	sParty_BikerLukas
0x0823AE88	rom	0x30	sParty_BikerIsaac
0x0823AEB8	rom	0x20	sParty_BikerGerald
0x0823AED8	rom	0x10	sParty_Burglar1
0x0823AEE8	rom	0x8	sParty_Burglar2
0x0823AEF0	rom	0x18	sParty_Burglar3
0x0823AF08	rom	0x18	sParty_BurglarQuinn
0x0823AF20	rom	0x8	sParty_BurglarRamon
0x0823AF28	rom	0x10	sParty_BurglarDusty
0x0823AF38	rom	0x10	sParty_BurglarArnie
0x0823AF48	rom	0x10	sParty_Burglar4
0x0823AF58	rom	0x8	sParty_BurglarSimon
0x0823AF60	rom	0x10	sParty_BurglarLewis
0x0823AF70	rom	0x10	sParty_EngineerBaily
0x0823AF80	rom	0x8	sParty_EngineerBraxton
0x0823AF88	rom	0x18	sParty_EngineerBernie
0x0823AFA0	rom	0x18	sParty_FishermanDale
0x0823AFB8	rom	0x18	sParty_FishermanBarny
0x0823AFD0	rom	0x18	sParty_FishermanNed
0x0823AFE8	rom	0x10	sParty_FishermanChip
0x0823AFF8	rom	0x8	sParty_FishermanHank
0x0823B000	rom	0x20	sParty_FishermanElliot
0x0823B020	rom	0x20	sParty_FishermanRonald
0x0823B040	rom	0x10	sParty_FishermanClaude
0x0823B050	rom	0x30	sParty_FishermanWade
0x0823B080	rom	0x10	sParty_FishermanNolan
0x0823B090	rom	0x10	sParty_FishermanAndrew
0x0823B0A0	rom	0x10	sParty_SwimmerMaleLuis
0x0823B0B0	rom	0x10	sParty_SwimmerMaleRichard
0x0823B0C0	rom	0x18	sParty_SwimmerMaleReece
0x0823B0D8	rom	0x10	sParty_SwimmerMaleMatthew
0x0823B0E8	rom	0x20	sParty_SwimmerMaleDouglas
0x0823B108	rom	0x18	sParty_SwimmerMaleDavid
0x0823B120	rom	0x10	sParty_SwimmerMaleTony
0x0823B130	rom	0x28	sParty_SwimmerMaleAxle
0x0823B158	rom	0x10	sParty_SwimmerMaleBarry
0x0823B168	rom	0x8	sParty_SwimmerMaleDean
0x0823B170	rom	0x20	sParty_SwimmerMaleDarrin
0x0823B190	rom	0x10	sParty_SwimmerMaleSpencer
0x0823B1A0	rom	0x8	sParty_SwimmerMaleJack
0x0823B1A8	rom	0x10	sParty_SwimmerMaleJerome
0x0823B1B8	rom	0x18	sParty_SwimmerMaleRoland
0x0823B1D0	rom	0x18	sParty_CueBallKoji
0x0823B1E8	rom	0x10	sParty_CueBallLuke
0x0823B1F8	rom	0x10	sParty_CueBallCamron
0x0823B208	rom	0x10	sParty_CueBallRaul
0x0823B218	rom	0x10	sParty_CueBallIsaiah
0x0823B228	rom	0x8	sParty_CueBallZeek
0x0823B230	rom	0x20	sParty_CueBallJamal
0x0823B250	rom	0x10	sParty_CueBallCorey
0x0823B260	rom	0x18	sParty_CueBallChase
0x0823B278	rom	0x10	sParty_GamerHugo
0x0823B288	rom	0x10	sParty_GamerJasper
0x0823B298	rom	0x10	sParty_GamerDirk
0x0823B2A8	rom	0x10	sParty_GamerDarian
0x0823B2B8	rom	0x18	sParty_GamerStan
0x0823B2D0	rom	0x8	sParty_Gamer1
0x0823B2D8	rom	0x10	sParty_GamerRich
0x0823B2E8	rom	0x20	sParty_BeautyBridget
0x0823B308	rom	0x10	sParty_BeautyTamia
0x0823B318	rom	0x8	sParty_BeautyLori
0x0823B320	rom	0x18	sParty_BeautyLola
0x0823B338	rom	0x10	sParty_BeautySheila
0x0823B348	rom	0x8	sParty_SwimmerFemaleTiffany
0x0823B350	rom	0x18	sParty_SwimmerFemaleNora
0x0823B368	rom	0x10	sParty_SwimmerFemaleMelissa
0x0823B378	rom	0x10	sParty_BeautyGrace
0x0823B388	rom	0x10	sParty_BeautyOlivia
0x0823B398	rom	0x18	sParty_BeautyLauren
0x0823B3B0	rom	0x28	sParty_SwimmerFemaleAnya
0x0823B3D8	rom	0x10	sParty_SwimmerFemaleAlice
0x0823B3E8	rom	0x18	sParty_SwimmerFemaleConnie
0x0823B400	rom	0x18	sParty_SwimmerFemaleShirley
0x0823B418	rom	0x20	sParty_PsychicJohan
0x0823B438	rom	0x10	sParty_PsychicTyron
0x0823B448	rom	0x18	sParty_PsychicCameron
0x0823B460	rom	0x8	sParty_PsychicPreston
0x0823B468	rom	0x18	sParty_RockerRandall
0x0823B480	rom	0x10	sParty_RockerLuca
0x0823B490	rom	0x10	sParty_JugglerDalton
0x0823B4A0	rom	0x20	sParty_JugglerNelson
0x0823B4C0	rom	0x20	sParty_JugglerKirk
0x0823B4E0	rom	0x10	sParty_JugglerShawn
0x0823B4F0	rom	0x10	sParty_JugglerGregory
0x0823B500	rom	0x40	sParty_JugglerEdward
0x0823B540	rom	0x8	sParty_JugglerKayden
0x0823B548	rom	0x10	sParty_JugglerNate
0x0823B558	rom	0x10	sParty_TamerPhil
0x0823B568	rom	0x18	sParty_TamerEdgar
0x0823B580	rom	0x8	sParty_TamerJason
0x0823B588	rom	0x10	sParty_TamerCole
0x0823B598	rom	0x10	sParty_TamerVincent
0x0823B5A8	rom	0x20	sParty_TamerJohn
0x0823B5C8	rom	0x10	sParty_BirdKeeperSebastian
0x0823B5D8	rom	0x28	sParty_BirdKeeperPerry
0x0823B600	rom	0x20	sParty_BirdKeeperRobert
0x0823B620	rom	0x8	sParty_BirdKeeperDonald
0x0823B628	rom	0x10	sParty_BirdKeeperBenny
0x0823B638	rom	0x20	sParty_BirdKeeperEdwin
0x0823B658	rom	0x18	sParty_BirdKeeperChester
0x0823B670	rom	0x10	sParty_BirdKeeperWilton
0x0823B680	rom	0x8	sParty_BirdKeeperRamiro
0x0823B688	rom	0x20	sParty_BirdKeeperJacob
0x0823B6A8	rom	0x18	sParty_BirdKeeperRoger
0x0823B6C0	rom	0x20	sParty_BirdKeeperReed
0x0823B6E0	rom	0x10	sParty_BirdKeeperKeith
0x0823B6F0	rom	0x18	sParty_BirdKeeperCarter
0x0823B708	rom	0x20	sParty_BirdKeeperMitch
0x0823B728	rom	0x10	sParty_BirdKeeperBeck
0x0823B738	rom	0x18	sParty_BirdKeeperMarlon
0x0823B750	rom	0x10	sParty_BlackBeltKoichi
0x0823B760	rom	0x18	sParty_BlackBeltMike
0x0823B778	rom	0x10	sParty_BlackBeltHideki
0x0823B788	rom	0x8	sParty_BlackBeltAaron
0x0823B790	rom	0x18	sParty_BlackBeltHitoshi
0x0823B7A8	rom	0x10	sParty_BlackBeltAtsushi
0x0823B7B8	rom	0x8	sParty_BlackBeltKiyo
0x0823B7C0	rom	0x18	sParty_BlackBeltTakashi
0x0823B7D8	rom	0x18	sParty_BlackBeltDaisuke
0x0823B7F0	rom	0x8	sParty_RivalOaksLabSquirtle
0x0823B7F8	rom	0x8	sParty_RivalOaksLabBulbasaur
0x0823B800	rom	0x8	sParty_RivalOaksLabCharmander
0x0823B808	rom	0x20	sParty_RivalRoute22EarlySquirtle
0x0823B828	rom	0x20	sParty_RivalRoute22EarlyBulbasaur
0x0823B848	rom	0x20	sParty_RivalRoute22EarlyCharmander
0x0823B868	rom	0x40	sParty_RivalCeruleanSquirtle
0x0823B8A8	rom	0x40	sParty_RivalCeruleanBulbasaur
0x0823B8E8	rom	0x40	sParty_RivalCeruleanCharmander
0x0823B928	rom	0x10	sParty_ScientistTed
0x0823B938	rom	0x40	sParty_ScientistConnor
0x0823B978	rom	0x18	sParty_ScientistJerry
0x0823B990	rom	0x20	sParty_ScientistJose
0x0823B9B0	rom	0x8	sParty_ScientistRodney
0x0823B9B8	rom	0x40	sParty_ScientistBeau
0x0823B9F8	rom	0x50	sParty_ScientistTaylor
0x0823BA48	rom	0x10	sParty_ScientistJoshua
0x0823BA58	rom	0x10	sParty_ScientistParker
0x0823BA68	rom	0x30	sParty_ScientistEd
0x0823BA98	rom	0x10	sParty_ScientistTravis
0x0823BAA8	rom	0x18	sParty_ScientistBraydon
0x0823BAC0	rom	0x10	sParty_ScientistIvan
0x0823BAD0	rom	0x18	sParty_BossGiovanni
0x0823BAE8	rom	0x20	sParty_BossGiovanni2
0x0823BB08	rom	0x50	sParty_LeaderGiovanni
0x0823BB58	rom	0x10	sParty_TeamRocketGrunt
0x0823BB68	rom	0x18	sParty_TeamRocketGrunt2
0x0823BB80	rom	0x10	sParty_TeamRocketGrunt3
0x0823BB90	rom	0x10	sParty_TeamRocketGrunt4
0x0823BBA0	rom	0x10	sParty_TeamRocketGrunt5
0x0823BBB0	rom	0x10	sParty_TeamRocketGrunt6
0x0823BBC0	rom	0x10	sParty_TeamRocketGrunt7
0x0823BBD0	rom	0x10	sParty_TeamRocketGrunt8
0x0823BBE0	rom	0x10	sParty_TeamRocketGrunt9
0x0823BBF0	rom	0x30	sParty_TeamRocketGrunt10
0x0823BC20	rom	0x20	sParty_TeamRocketGrunt11
0x0823BC40	rom	0x20	sParty_TeamRocketGrunt12
0x0823BC60	rom	0x50	sParty_TeamRocketGrunt13
0x0823BCB0	rom	0x18	sParty_TeamRocketGrunt14
0x0823BCC8	rom	0x10	sParty_TeamRocketGrunt15
0x0823BCD8	rom	0x18	sParty_TeamRocketGrunt16
0x0823BCF0	rom	0x18	sParty_TeamRocketGrunt17
0x0823BD08	rom	0x10	sParty_TeamRocketGrunt18
0x0823BD18	rom	0x18	sParty_TeamRocketGrunt19
0x0823BD30	rom	0x10	sParty_TeamRocketGrunt20
0x0823BD40	rom	0x20	sParty_TeamRocketGrunt21
0x0823BD60	rom	0x10	sParty_TeamRocketGrunt22
0x0823BD70	rom	0x10	sParty_TeamRocketGrunt23
0x0823BD80	rom	0x28	sParty_TeamRocketGrunt24
0x0823BDA8	rom	0x18	sParty_TeamRocketGrunt25
0x0823BDC0	rom	0x10	sParty_TeamRocketGrunt26
0x0823BDD0	rom	0x18	sParty_TeamRocketGrunt27
0x0823BDE8	rom	0x8	sParty_TeamRocketGrunt28
0x0823BDF0	rom	0x8	sParty_TeamRocketGrunt29
0x0823BDF8	rom	0x10	sParty_TeamRocketGrunt30
0x0823BE08	rom	0x18	sParty_TeamRocketGrunt31
0x0823BE20	rom	0x40	sParty_TeamRocketGrunt32
0x0823BE60	rom	0x10	sParty_TeamRocketGrunt33
0x0823BE70	rom	0x10	sParty_TeamRocketGrunt34
0x0823BE80	rom	0x20	sParty_TeamRocketGrunt35
0x0823BEA0	rom	0x18	sParty_TeamRocketGrunt36
0x0823BEB8	rom	0x18	sParty_TeamRocketGrunt37
0x0823BED0	rom	0x18	sParty_TeamRocketGrunt38
0x0823BEE8	rom	0x8	sParty_TeamRocketGrunt39
0x0823BEF0	rom	0x28	sParty_TeamRocketGrunt40
0x0823BF18	rom	0x18	sParty_TeamRocketGrunt41
0x0823BF30	rom	0x50	sParty_CooltrainerSamuel
0x0823BF80	rom	0x50	sParty_CooltrainerGeorge
0x0823BFD0	rom	0x50	sParty_CooltrainerColby
0x0823C020	rom	0x50	sParty_CooltrainerPaul
0x0823C070	rom	0x50	sParty_CooltrainerRolando
0x0823C0C0	rom	0x50	sParty_CooltrainerGilbert
0x0823C110	rom	0x50	sParty_CooltrainerOwen
0x0823C160	rom	0x50	sParty_CooltrainerBerke
0x0823C1B0	rom	0x50	sParty_CooltrainerYuji
0x0823C200	rom	0x50	sParty_CooltrainerWarren
0x0823C250	rom	0x50	sParty_CooltrainerMary
0x0823C2A0	rom	0x50	sParty_CooltrainerCaroline
0x0823C2F0	rom	0x50	sParty_CooltrainerAlexa
0x0823C340	rom	0x50	sParty_CooltrainerShannon
0x0823C390	rom	0x50	sParty_CooltrainerNaomi
0x0823C3E0	rom	0x50	sParty_CooltrainerBrooke
0x0823C430	rom	0x50	sParty_CooltrainerAustina
0x0823C480	rom	0x50	sParty_CooltrainerJulie
0x0823C4D0	rom	0x50	sParty_EliteFourLorelei
0x0823C520	rom	0x50	sParty_EliteFourBruno
0x0823C570	rom	0x50	sParty_EliteFourAgatha
0x0823C5C0	rom	0x50	sParty_EliteFourLance
0x0823C610	rom	0x20	sParty_LeaderBrock
0x0823C630	rom	0x20	sParty_LeaderMisty
0x0823C650	rom	0x30	sParty_LeaderLtSurge
0x0823C680	rom	0x30	sParty_LeaderErika
0x0823C6B0	rom	0x40	sParty_LeaderKoga
0x0823C6F0	rom	0x40	sParty_LeaderBlaine
0x0823C730	rom	0x40	sParty_LeaderSabrina
0x0823C770	rom	0x10	sParty_GentlemanThomas
0x0823C780	rom	0x10	sParty_GentlemanArthur
0x0823C790	rom	0x8	sParty_GentlemanTucker
0x0823C798	rom	0x8	sParty_GentlemanNorton
0x0823C7A0	rom	0x10	sParty_GentlemanWalter
0x0823C7B0	rom	0x20	sParty_RivalSsAnneSquirtle
0x0823C7D0	rom	0x20	sParty_RivalSsAnneBulbasaur
0x0823C7F0	rom	0x20	sParty_RivalSsAnneCharmander
0x0823C810	rom	0x28	sParty_RivalPokemonTowerSquirtle
0x0823C838	rom	0x28	sParty_RivalPokemonTowerBulbasaur
0x0823C860	rom	0x28	sParty_RivalPokemonTowerCharmander
0x0823C888	rom	0x28	sParty_RivalSilphSquirtle
0x0823C8B0	rom	0x28	sParty_RivalSilphBulbasaur
0x0823C8D8	rom	0x28	sParty_RivalSilphCharmander
0x0823C900	rom	0x60	sParty_RivalRoute22LateSquirtle
0x0823C960	rom	0x60	sParty_RivalRoute22LateBulbasaur
0x0823C9C0	rom	0x60	sParty_RivalRoute22LateCharmander
0x0823CA20	rom	0x60	sParty_ChampionFirstSquirtle
0x0823CA80	rom	0x60	sParty_ChampionFirstBulbasaur
0x0823CAE0	rom	0x60	sParty_ChampionFirstCharmander
0x0823CB40	rom	0x8	sParty_ChannelerPatricia
0x0823CB48	rom	0x8	sParty_ChannelerCarly
0x0823CB50	rom	0x8	sParty_ChannelerHope
0x0823CB58	rom	0x8	sParty_ChannelerPaula
0x0823CB60	rom	0x10	sParty_ChannelerLaurel
0x0823CB70	rom	0x8	sParty_ChannelerJody
0x0823CB78	rom	0x8	sParty_ChannelerTammy
0x0823CB80	rom	0x8	sParty_ChannelerRuth
0x0823CB88	rom	0x8	sParty_ChannelerKarina
0x0823CB90	rom	0x8	sParty_ChannelerJanae
0x0823CB98	rom	0x18	sParty_ChannelerAngelica
0x0823CBB0	rom	0x8	sParty_ChannelerEmilia
0x0823CBB8	rom	0x8	sParty_ChannelerJennifer
0x0823CBC0	rom	0x8	sParty_Channeler1
0x0823CBC8	rom	0x8	sParty_Channeler2
0x0823CBD0	rom	0x8	sParty_Channeler3
0x0823CBD8	rom	0x8	sParty_Channeler4
0x0823CBE0	rom	0x8	sParty_Channeler5
0x0823CBE8	rom	0x18	sParty_Channeler6
0x0823CC00	rom	0x8	sParty_Channeler7
0x0823CC08	rom	0x8	sParty_Channeler8
0x0823CC10	rom	0x10	sParty_ChannelerAmanda
0x0823CC20	rom	0x8	sParty_ChannelerStacy
0x0823CC28	rom	0x18	sParty_ChannelerTasha
0x0823CC40	rom	0x10	sParty_HikerJeremy
0x0823CC50	rom	0x18	sParty_PicnickerAlma
0x0823CC68	rom	0x28	sParty_PicnickerSusie
0x0823CC90	rom	0x10	sParty_PicnickerValerie
0x0823CCA0	rom	0x20	sParty_PicnickerGwen
0x0823CCC0	rom	0x30	sParty_BikerVirgil
0x0823CCF0	rom	0x10	sParty_CamperFlint
0x0823CD00	rom	0x10	sParty_PicnickerMissy
0x0823CD10	rom	0x18	sParty_PicnickerIrene
0x0823CD28	rom	0x18	sParty_PicnickerDana
0x0823CD40	rom	0x20	sParty_PicnickerAriana
0x0823CD60	rom	0x10	sParty_PicnickerLeah
0x0823CD70	rom	0x10	sParty_CamperJustin
0x0823CD80	rom	0x18	sParty_PicnickerYazmin
0x0823CD98	rom	0x18	sParty_PicnickerKindra
0x0823CDB0	rom	0x10	sParty_PicnickerBecky
0x0823CDC0	rom	0x8	sParty_PicnickerCelia
0x0823CDC8	rom	0x8	sParty_GentlemanBrooks
0x0823CDD0	rom	0x10	sParty_GentlemanLamar
0x0823CDE0	rom	0x10	sParty_TwinsEliAnne
0x0823CDF0	rom	0x20	sParty_CoolCoupleRayTyra
0x0823CE10	rom	0x10	sParty_YoungCoupleGiaJes
0x0823CE20	rom	0x10	sParty_TwinsKiriJan
0x0823CE30	rom	0x10	sParty_CrushKinRonMya
0x0823CE40	rom	0x10	sParty_YoungCoupleLeaJed
0x0823CE50	rom	0x10	sParty_SisAndBroLiaLuc
0x0823CE60	rom	0x10	sParty_SisAndBroLilIan
0x0823CE70	rom	0x8	sParty_BugCatcher3
0x0823CE78	rom	0x8	sParty_BugCatcher4
0x0823CE80	rom	0x8	sParty_BugCatcher5
0x0823CE88	rom	0x8	sParty_BugCatcher6
0x0823CE90	rom	0x8	sParty_BugCatcher7
0x0823CE98	rom	0x8	sParty_BugCatcher8
0x0823CEA0	rom	0x10	sParty_YoungsterBen3
0x0823CEB0	rom	0x10	sParty_YoungsterBen4
0x0823CEC0	rom	0x10	sParty_YoungsterChad2
0x0823CED0	rom	0x10	sParty_LassReli2
0x0823CEE0	rom	0x10	sParty_LassReli3
0x0823CEF0	rom	0x18	sParty_YoungsterTimmy2
0x0823CF08	rom	0x18	sParty_YoungsterTimmy3
0x0823CF20	rom	0x18	sParty_YoungsterTimmy4
0x0823CF38	rom	0x10	sParty_YoungsterChad3
0x0823CF48	rom	0x10	sParty_LassJanice2
0x0823CF58	rom	0x10	sParty_LassJanice3
0x0823CF68	rom	0x10	sParty_YoungsterChad4
0x0823CF78	rom	0x10	sParty_HikerFranklin2
0x0823CF88	rom	0x8	sParty_PkmnProfProfOak
0x0823CF90	rom	0x8	sParty_PlayerBrendan
0x0823CF98	rom	0x8	sParty_PlayerMay
0x0823CFA0	rom	0x8	sParty_PlayerRed
0x0823CFA8	rom	0x8	sParty_PlayerLeaf
0x0823CFB0	rom	0x10	sParty_TeamRocketGrunt42
0x0823CFC0	rom	0x30	sParty_PsychicJaclyn
0x0823CFF0	rom	0x10	sParty_CrushGirlSharon
0x0823D000	rom	0x18	sParty_TuberAmira
0x0823D018	rom	0x18	sParty_PkmnBreederAlize
0x0823D030	rom	0x20	sParty_PkmnRangerNicolas
0x0823D050	rom	0x20	sParty_PkmnRangerMadeline
0x0823D070	rom	0x10	sParty_AromaLadyNikki
0x0823D080	rom	0x18	sParty_RuinManiacStanly
0x0823D098	rom	0x10	sParty_LadyJacki
0x0823D0A8	rom	0x10	sParty_PainterDaisy
0x0823D0B8	rom	0x20	sParty_BikerGoon
0x0823D0D8	rom	0x10	sParty_BikerGoon2
0x0823D0E8	rom	0x8	sParty_BikerGoon3
0x0823D0F0	rom	0x8	sParty_Biker2
0x0823D0F8	rom	0x10	sParty_BugCatcherAnthony
0x0823D108	rom	0x18	sParty_BugCatcherCharlie
0x0823D120	rom	0x10	sParty_TwinsEliAnne2
0x0823D130	rom	0x18	sParty_YoungsterJohnson
0x0823D148	rom	0x30	sParty_BikerRicardo
0x0823D178	rom	0x10	sParty_BikerJaren
0x0823D188	rom	0x10	sParty_TeamRocketGrunt43
0x0823D198	rom	0x20	sParty_TeamRocketGrunt44
0x0823D1B8	rom	0x18	sParty_TeamRocketGrunt45
0x0823D1D0	rom	0x18	sParty_TeamRocketGrunt46
0x0823D1E8	rom	0x18	sParty_TeamRocketGrunt47
0x0823D200	rom	0x10	sParty_TeamRocketGrunt48
0x0823D210	rom	0x30	sParty_TeamRocketAdmin
0x0823D240	rom	0x30	sParty_TeamRocketAdmin2
0x0823D270	rom	0x50	sParty_ScientistGideon
0x0823D2C0	rom	0x18	sParty_SwimmerFemaleAmara
0x0823D2D8	rom	0x10	sParty_SwimmerFemaleMaria
0x0823D2E8	rom	0x18	sParty_SwimmerFemaleAbigail
0x0823D300	rom	0x8	sParty_SwimmerMaleFinn
0x0823D308	rom	0x18	sParty_SwimmerMaleGarrett
0x0823D320	rom	0x28	sParty_FishermanTommy
0x0823D348	rom	0x10	sParty_CrushGirlTanya
0x0823D358	rom	0x10	sParty_BlackBeltShea
0x0823D368	rom	0x10	sParty_BlackBeltHugh
0x0823D378	rom	0x18	sParty_CamperBryce
0x0823D390	rom	0x20	sParty_PicnickerClaire
0x0823D3B0	rom	0x10	sParty_CrushKinMikKia
0x0823D3C0	rom	0x18	sParty_AromaLadyViolet
0x0823D3D8	rom	0x20	sParty_TuberAlexis
0x0823D3F8	rom	0x10	sParty_TwinsJoyMeg
0x0823D408	rom	0x8	sParty_SwimmerFemaleTisha
0x0823D410	rom	0x10	sParty_PainterCelina
0x0823D420	rom	0x10	sParty_PainterRayna
0x0823D430	rom	0x18	sParty_LadyGillian
0x0823D448	rom	0x10	sParty_YoungsterDestin
0x0823D458	rom	0x18	sParty_SwimmerMaleToby
0x0823D470	rom	0x18	sParty_TeamRocketGrunt49
0x0823D488	rom	0x20	sParty_TeamRocketGrunt50
0x0823D4A8	rom	0x18	sParty_TeamRocketGrunt51
0x0823D4C0	rom	0x10	sParty_BirdKeeperMilo
0x0823D4D0	rom	0x10	sParty_BirdKeeperChaz
0x0823D4E0	rom	0x10	sParty_BirdKeeperHarold
0x0823D4F0	rom	0x10	sParty_FishermanTylor
0x0823D500	rom	0x10	sParty_SwimmerMaleMymo
0x0823D510	rom	0x8	sParty_SwimmerFemaleNicole
0x0823D518	rom	0x10	sParty_SisAndBroAvaGeb
0x0823D528	rom	0x10	sParty_AromaLadyRose
0x0823D538	rom	0x8	sParty_SwimmerMaleSamir
0x0823D540	rom	0x10	sParty_SwimmerFemaleDenise
0x0823D550	rom	0x10	sParty_TwinsMiuMia
0x0823D560	rom	0x10	sParty_HikerEarl
0x0823D570	rom	0x8	sParty_RuinManiacFoster
0x0823D578	rom	0x10	sParty_RuinManiacLarry
0x0823D588	rom	0x8	sParty_HikerDaryl
0x0823D590	rom	0x10	sParty_PokemaniacHector
0x0823D5A0	rom	0x10	sParty_PsychicDario
0x0823D5B0	rom	0x30	sParty_PsychicRodette
0x0823D5E0	rom	0x10	sParty_AromaLadyMiah
0x0823D5F0	rom	0x10	sParty_YoungCoupleEveJon
0x0823D600	rom	0x40	sParty_JugglerMason
0x0823D640	rom	0x18	sParty_CrushGirlCyndy
0x0823D658	rom	0x10	sParty_CrushGirlJocelyn
0x0823D668	rom	0x18	sParty_TamerEvan
0x0823D680	rom	0x10	sParty_PokemaniacMark2
0x0823D690	rom	0x20	sParty_PkmnRangerLogan
0x0823D6B0	rom	0x30	sParty_PkmnRangerJackson
0x0823D6E0	rom	0x18	sParty_PkmnRangerBeth
0x0823D6F8	rom	0x10	sParty_PkmnRangerKatelyn
0x0823D708	rom	0x50	sParty_CooltrainerLeroy
0x0823D758	rom	0x50	sParty_CooltrainerMichelle
0x0823D7A8	rom	0x20	sParty_CoolCoupleLexNya
0x0823D7C8	rom	0x8	sParty_RuinManiacBrandon
0x0823D7D0	rom	0x30	sParty_RuinManiacBenjamin
0x0823D800	rom	0x10	sParty_PainterEdna
0x0823D810	rom	0x10	sParty_GentlemanClifford
0x0823D820	rom	0x20	sParty_LadySelphy
0x0823D840	rom	0x18	sParty_RuinManiacLawson
0x0823D858	rom	0x18	sParty_PsychicLaura
0x0823D870	rom	0x8	sParty_PkmnBreederBethany
0x0823D878	rom	0x18	sParty_PkmnBreederAllison
0x0823D890	rom	0x8	sParty_BugCatcherGarret
0x0823D898	rom	0x20	sParty_BugCatcherJonah
0x0823D8B8	rom	0x10	sParty_BugCatcherVance
0x0823D8C8	rom	0x18	sParty_YoungsterNash
0x0823D8E0	rom	0x10	sParty_YoungsterCordell
0x0823D8F0	rom	0x20	sParty_LassDalia
0x0823D910	rom	0x8	sParty_LassJoana
0x0823D918	rom	0x10	sParty_CamperRiley
0x0823D928	rom	0x18	sParty_PicnickerMarcy
0x0823D940	rom	0x18	sParty_RuinManiacLayton
0x0823D958	rom	0x10	sParty_PicnickerKelsey2
0x0823D968	rom	0x10	sParty_PicnickerKelsey3
0x0823D978	rom	0x10	sParty_PicnickerKelsey4
0x0823D988	rom	0x8	sParty_CamperRicky2
0x0823D990	rom	0x8	sParty_CamperRicky3
0x0823D998	rom	0x8	sParty_CamperRicky4
0x0823D9A0	rom	0x10	sParty_CamperJeff2
0x0823D9B0	rom	0x10	sParty_CamperJeff3
0x0823D9C0	rom	0x10	sParty_CamperJeff4
0x0823D9D0	rom	0x18	sParty_PicnickerIsabelle2
0x0823D9E8	rom	0x18	sParty_PicnickerIsabelle3
0x0823DA00	rom	0x18	sParty_PicnickerIsabelle4
0x0823DA18	rom	0x18	sParty_YoungsterYasu2
0x0823DA30	rom	0x18	sParty_YoungsterYasu3
0x0823DA48	rom	0x18	sParty_EngineerBernie2
0x0823DA60	rom	0x10	sParty_GamerDarian2
0x0823DA70	rom	0x10	sParty_CamperChris2
0x0823DA80	rom	0x10	sParty_CamperChris3
0x0823DA90	rom	0x10	sParty_CamperChris4
0x0823DAA0	rom	0x8	sParty_PicnickerAlicia2
0x0823DAA8	rom	0x8	sParty_PicnickerAlicia3
0x0823DAB0	rom	0x8	sParty_PicnickerAlicia4
0x0823DAB8	rom	0x10	sParty_HikerJeremy2
0x0823DAC8	rom	0x10	sParty_PokemaniacMark3
0x0823DAD8	rom	0x10	sParty_PokemaniacHerman2
0x0823DAE8	rom	0x10	sParty_PokemaniacHerman3
0x0823DAF8	rom	0x10	sParty_HikerTrent2
0x0823DB08	rom	0x28	sParty_LassMegan2
0x0823DB30	rom	0x28	sParty_LassMegan3
0x0823DB58	rom	0x18	sParty_SuperNerdGlenn2
0x0823DB70	rom	0x10	sParty_GamerRich2
0x0823DB80	rom	0x10	sParty_BikerJaren2
0x0823DB90	rom	0x20	sParty_FishermanElliot2
0x0823DBB0	rom	0x10	sParty_RockerLuca2
0x0823DBC0	rom	0x10	sParty_BeautySheila2
0x0823DBD0	rom	0x20	sParty_BirdKeeperRobert2
0x0823DBF0	rom	0x20	sParty_BirdKeeperRobert3
0x0823DC10	rom	0x28	sParty_PicnickerSusie2
0x0823DC38	rom	0x28	sParty_PicnickerSusie3
0x0823DC60	rom	0x28	sParty_PicnickerSusie4
0x0823DC88	rom	0x20	sParty_BikerLukas2
0x0823DCA8	rom	0x10	sParty_BirdKeeperBenny2
0x0823DCB8	rom	0x10	sParty_BirdKeeperBenny3
0x0823DCC8	rom	0x18	sParty_BirdKeeperMarlon2
0x0823DCE0	rom	0x18	sParty_BirdKeeperMarlon3
0x0823DCF8	rom	0x10	sParty_BeautyGrace2
0x0823DD08	rom	0x18	sParty_BirdKeeperChester2
0x0823DD20	rom	0x18	sParty_BirdKeeperChester3
0x0823DD38	rom	0x10	sParty_PicnickerBecky2
0x0823DD48	rom	0x10	sParty_PicnickerBecky3
0x0823DD58	rom	0x10	sParty_PicnickerBecky4
0x0823DD68	rom	0x10	sParty_CrushKinRonMya2
0x0823DD78	rom	0x10	sParty_CrushKinRonMya3
0x0823DD88	rom	0x10	sParty_CrushKinRonMya4
0x0823DD98	rom	0x18	sParty_BikerRuben2
0x0823DDB0	rom	0x10	sParty_CueBallCamron2
0x0823DDC0	rom	0x10	sParty_BikerJaxon2
0x0823DDD0	rom	0x10	sParty_CueBallIsaiah2
0x0823DDE0	rom	0x10	sParty_CueBallCorey2
0x0823DDF0	rom	0x20	sParty_BirdKeeperJacob2
0x0823DE10	rom	0x20	sParty_BirdKeeperJacob3
0x0823DE30	rom	0x10	sParty_SwimmerFemaleAlice2
0x0823DE40	rom	0x20	sParty_SwimmerMaleDarrin2
0x0823DE60	rom	0x10	sParty_PicnickerMissy2
0x0823DE70	rom	0x10	sParty_PicnickerMissy3
0x0823DE80	rom	0x30	sParty_FishermanWade2
0x0823DEB0	rom	0x8	sParty_SwimmerMaleJack2
0x0823DEB8	rom	0x10	sParty_SisAndBroLilIan2
0x0823DEC8	rom	0x10	sParty_SisAndBroLilIan3
0x0823DED8	rom	0x8	sParty_SwimmerMaleFinn2
0x0823DEE0	rom	0x10	sParty_CrushGirlSharon2
0x0823DEF0	rom	0x10	sParty_CrushGirlSharon3
0x0823DF00	rom	0x10	sParty_CrushGirlTanya2
0x0823DF10	rom	0x10	sParty_CrushGirlTanya3
0x0823DF20	rom	0x10	sParty_BlackBeltShea2
0x0823DF30	rom	0x10	sParty_BlackBeltShea3
0x0823DF40	rom	0x10	sParty_BlackBeltHugh2
0x0823DF50	rom	0x10	sParty_BlackBeltHugh3
0x0823DF60	rom	0x10	sParty_CrushKinMikKia2
0x0823DF70	rom	0x10	sParty_CrushKinMikKia3
0x0823DF80	rom	0x18	sParty_TuberAmira2
0x0823DF98	rom	0x10	sParty_TwinsJoyMeg2
0x0823DFA8	rom	0x10	sParty_PainterRayna2
0x0823DFB8	rom	0x10	sParty_YoungsterDestin2
0x0823DFC8	rom	0x18	sParty_PkmnBreederAlize2
0x0823DFE0	rom	0x10	sParty_YoungCoupleGiaJes2
0x0823DFF0	rom	0x10	sParty_YoungCoupleGiaJes3
0x0823E000	rom	0x10	sParty_BirdKeeperMilo2
0x0823E010	rom	0x10	sParty_BirdKeeperChaz2
0x0823E020	rom	0x10	sParty_BirdKeeperHarold2
0x0823E030	rom	0x8	sParty_SwimmerFemaleNicole2
0x0823E038	rom	0x30	sParty_PsychicJaclyn2
0x0823E068	rom	0x8	sParty_SwimmerMaleSamir2
0x0823E070	rom	0x10	sParty_HikerEarl2
0x0823E080	rom	0x10	sParty_RuinManiacLarry2
0x0823E090	rom	0x10	sParty_PokemaniacHector2
0x0823E0A0	rom	0x10	sParty_PsychicDario2
0x0823E0B0	rom	0x30	sParty_PsychicRodette2
0x0823E0E0	rom	0x20	sParty_JugglerMason2
0x0823E100	rom	0x20	sParty_PkmnRangerNicolas2
0x0823E120	rom	0x20	sParty_PkmnRangerMadeline2
0x0823E140	rom	0x18	sParty_CrushGirlCyndy2
0x0823E158	rom	0x18	sParty_TamerEvan2
0x0823E170	rom	0x30	sParty_PkmnRangerJackson2
0x0823E1A0	rom	0x10	sParty_PkmnRangerKatelyn2
0x0823E1B0	rom	0x50	sParty_CooltrainerLeroy2
0x0823E200	rom	0x50	sParty_CooltrainerMichelle2
0x0823E250	rom	0x20	sParty_CoolCoupleLexNya2
0x0823E270	rom	0x18	sParty_BugCatcherColton2
0x0823E288	rom	0x18	sParty_BugCatcherColton3
0x0823E2A0	rom	0x18	sParty_BugCatcherColton4
0x0823E2B8	rom	0x10	sParty_SwimmerMaleMatthew2
0x0823E2C8	rom	0x10	sParty_SwimmerMaleTony2
0x0823E2D8	rom	0x10	sParty_SwimmerFemaleMelissa2
0x0823E2E8	rom	0x50	sParty_EliteFourLorelei2
0x0823E338	rom	0x50	sParty_EliteFourBruno2
0x0823E388	rom	0x50	sParty_EliteFourAgatha2
0x0823E3D8	rom	0x50	sParty_EliteFourLance2
0x0823E428	rom	0x60	sParty_ChampionRematchSquirtle
0x0823E488	rom	0x60	sParty_ChampionRematchBulbasaur
0x0823E4E8	rom	0x60	sParty_ChampionRematchCharmander
0x0823E548	rom	0x10	sParty_CueBallPaxton
0x0823E558	rom	0x56F	gTrainerClassNames
0x0823EAC8	rom	0x7418	gTrainers
0x08245EE0	rom	0x11B4	gSpeciesNames
0x08247094	rom	0x1207	gMoveNames
0x0824829C	rom	0x2	sUnused
0x082482A0	rom	0x8	sVsLetter_V_OamData
0x082482A8	rom	0x8	sVsLetter_S_OamData
0x082482B0	rom	0x10	sVsLetterAffineAnimCmds0
0x082482C0	rom	0x20	sVsLetterAffineAnimCmds1
0x082482E0	rom	0x8	sVsLetterAffineAnimTable
0x082482E8	rom	0x18	sVsLetter_V_SpriteTemplate
0x08248300	rom	0x18	sVsLetter_S_SpriteTemplate
0x08248318	rom	0x8	sVsLettersSpriteSheet
0x08248320	rom	0x10	gBattleBgTemplates
0x08248330	rom	0xD0	sStandardBattleWindowTemplates
0x08248400	rom	0x4C	sBattleTerrainPalette_Grass
0x0824844C	rom	0x55C	sBattleTerrainTiles_Grass
0x082489A8	rom	0x2C0	sBattleTerrainTilemap_Grass
0x08248C68	rom	0x2F0	sBattleTerrainAnimTiles_Grass
0x08248F58	rom	0x11C	sBattleTerrainAnimTilemap_Grass
0x08249074	rom	0x50	sBattleTerrainPalette_LongGrass
0x082490C4	rom	0x55C	sBattleTerrainTiles_LongGrass
0x08249620	rom	0x2BC	sBattleTerrainTilemap_LongGrass
0x082498DC	rom	0x534	sBattleTerrainAnimTiles_LongGrass
0x08249E10	rom	0x188	sBattleTerrainAnimTilemap_LongGrass
0x08249F98	rom	0x4C	sBattleTerrainPalette_Sand
0x08249FE4	rom	0x398	sBattleTerrainTiles_Sand
0x0824A37C	rom	0x29C	sBattleTerrainTilemap_Sand
0x0824A618	rom	0x22C	sBattleTerrainAnimTiles_Sand
0x0824A844	rom	0xFC	sBattleTerrainAnimTilemap_Sand
0x0824A940	rom	0x50	sBattleTerrainPalette_Underwater
0x0824A990	rom	0x340	sBattleTerrainTiles_Underwater
0x0824ACD0	rom	0x2A0	sBattleTerrainTilemap_Underwater
0x0824AF70	rom	0x16C	sBattleTerrainAnimTiles_Underwater
0x0824B0DC	rom	0xC0	sBattleTerrainAnimTilemap_Underwater
0x0824B19C	rom	0x50	sBattleTerrainPalette_Water
0x0824B1EC	rom	0x41C	sBattleTerrainTiles_Water
0x0824B608	rom	0x2A0	sBattleTerrainTilemap_Water
0x0824B8A8	rom	0x338	sBattleTerrainAnimTiles_Water
0x0824BBE0	rom	0x100	sBattleTerrainAnimTilemap_Water
0x0824BCE0	rom	0x58	sBattleTerrainPalette_Pond
0x0824BD38	rom	0x344	sBattleTerrainTiles_Pond
0x0824C07C	rom	0x298	sBattleTerrainTilemap_Pond
0x0824C314	rom	0x20C	sBattleTerrainAnimTiles_Pond
0x0824C520	rom	0xB8	sBattleTerrainAnimTilemap_Pond
0x0824C5D8	rom	0x4C	sBattleTerrainPalette_Mountain
0x0824C624	rom	0x334	sBattleTerrainTiles_Mountain
0x0824C958	rom	0x2A0	sBattleTerrainTilemap_Mountain
0x0824CBF8	rom	0x2D0	sBattleTerrainAnimTiles_Mountain
0x0824CEC8	rom	0xD0	sBattleTerrainAnimTilemap_Mountain
0x0824CF98	rom	0x54	sBattleTerrainPalette_Cave
0x0824CFEC	rom	0x42C	sBattleTerrainTiles_Cave
0x0824D418	rom	0x2A0	sBattleTerrainTilemap_Cave
0x0824D6B8	rom	0x5E0	sBattleTerrainAnimTiles_Cave
0x0824DC98	rom	0x158	sBattleTerrainAnimTilemap_Cave
0x0824DDF0	rom	0x44	sBattleTerrainPalette_Building
0x0824DE34	rom	0x338	sBattleTerrainTiles_Building
0x0824E16C	rom	0x2A4	sBattleTerrainTilemap_Building
0x0824E410	rom	0x80	sBattleTerrainAnimTiles_Building
0x0824E490	rom	0x98	sBattleTerrainAnimTilemap_Building
0x0824E528	rom	0x44	sBattleTerrainPalette_Link
0x0824E56C	rom	0x4C	sBattleTerrainPalette_Gym
0x0824E5B8	rom	0x4C	sBattleTerrainPalette_Leader
0x0824E604	rom	0x4C	sBattleTerrainPalette_Indoor2
0x0824E650	rom	0x54	sBattleTerrainPalette_Indoor1
0x0824E6A4	rom	0x4C	sBattleTerrainPalette_Lorelei
0x0824E6F0	rom	0x50	sBattleTerrainPalette_Bruno
0x0824E740	rom	0x4C	sBattleTerrainPalette_Agatha
0x0824E78C	rom	0x50	sBattleTerrainPalette_Lance
0x0824E7DC	rom	0x40	sBattleTerrainPalette_Champion
0x0824E81C	rom	0x3C	sBattleTerrainPalette_Plain
0x0824E858	rom	0x338	sBattleTerrainTiles_Indoor
0x0824EB90	rom	0x2A4	sBattleTerrainTilemap_Indoor
0x0824EE34	rom	0x190	sBattleTerrainTable
0x0824EFC4	rom	0x20	sMapBattleSceneMapping
0x0824EFE4	rom	0xC	sIntroScanlineParams16Bit
0x0824EFF0	rom	0x18	gUnknownDebugSprite
0x0824F008	rom	0x5	sText_ShedinjaJpnName
0x0824F010	rom	0x8	gOamData_BattlerOpponent
0x0824F018	rom	0x8	gOamData_BattlerPlayer
0x0824F020	rom	0x8	sAnim_Unused
0x0824F028	rom	0x4	sAnims_Unused
0x0824F02C	rom	0x18	sAffineAnim_Unused
0x0824F044	rom	0x4	sAffineAnims_Unused
0x0824F048	rom	0x8	sPlayerThrowXTranslation
0x0824F050	rom	0x150	gTypeEffectiveness
0x0824F1A0	rom	0x7E	gTypeNames
0x0824F220	rom	0x1A4	gTrainerMoneyTable
0x0824F3C4	rom	0x14	sNoneDescription
0x0824F3D8	rom	0x1A	sStenchDescription
0x0824F3F2	rom	0x18	sDrizzleDescription
0x0824F40A	rom	0x18	sSpeedBoostDescription
0x0824F422	rom	0x16	sBattleArmorDescription
0x0824F438	rom	0x1A	sSturdyDescription
0x0824F452	rom	0x1B	sDampDescription
0x0824F46D	rom	0x14	sLimberDescription
0x0824F481	rom	0x1C	sSandVeilDescription
0x0824F49D	rom	0x16	sStaticDescription
0x0824F4B3	rom	0x1B	sVoltAbsorbDescription
0x0824F4CE	rom	0x17	sWaterAbsorbDescription
0x0824F4E5	rom	0x15	sObliviousDescription
0x0824F4FA	rom	0x19	sCloudNineDescription
0x0824F513	rom	0x11	sCompoundEyesDescription
0x0824F524	rom	0x10	sInsomniaDescription
0x0824F534	rom	0x1C	sColorChangeDescription
0x0824F550	rom	0x14	sImmunityDescription
0x0824F564	rom	0x1A	sFlashFireDescription
0x0824F57E	rom	0x18	sShieldDustDescription
0x0824F596	rom	0x14	sOwnTempoDescription
0x0824F5AA	rom	0x19	sSuctionCupsDescription
0x0824F5C3	rom	0x19	sIntimidateDescription
0x0824F5DC	rom	0x1B	sShadowTagDescription
0x0824F5F7	rom	0x10	sRoughSkinDescription
0x0824F607	rom	0x18	sWonderGuardDescription
0x0824F61F	rom	0x1B	sLevitateDescription
0x0824F63A	rom	0x1A	sEffectSporeDescription
0x0824F654	rom	0x1B	sSynchronizeDescription
0x0824F66F	rom	0x1C	sClearBodyDescription
0x0824F68B	rom	0x1A	sNaturalCureDescription
0x0824F6A5	rom	0x18	sLightningRodDescription
0x0824F6BD	rom	0x18	sSereneGraceDescription
0x0824F6D5	rom	0x16	sSwiftSwimDescription
0x0824F6EB	rom	0x1A	sChlorophyllDescription
0x0824F705	rom	0x1A	sIlluminateDescription
0x0824F71F	rom	0x18	sTraceDescription
0x0824F737	rom	0xF	sHugePowerDescription
0x0824F746	rom	0x18	sPoisonPointDescription
0x0824F75E	rom	0x14	sInnerFocusDescription
0x0824F772	rom	0x13	sMagmaArmorDescription
0x0824F785	rom	0x10	sWaterVeilDescription
0x0824F795	rom	0x1A	sMagnetPullDescription
0x0824F7AF	rom	0x1A	sSoundproofDescription
0x0824F7C9	rom	0x1C	sRainDishDescription
0x0824F7E5	rom	0x15	sSandStreamDescription
0x0824F7FA	rom	0x17	sPressureDescription
0x0824F811	rom	0x1A	sThickFatDescription
0x0824F82B	rom	0x1C	sEarlyBirdDescription
0x0824F847	rom	0x1A	sFlameBodyDescription
0x0824F861	rom	0x17	sRunAwayDescription
0x0824F878	rom	0x1B	sKeenEyeDescription
0x0824F893	rom	0x1B	sHyperCutterDescription
0x0824F8AE	rom	0x13	sPickupDescription
0x0824F8C1	rom	0x1C	sTruantDescription
0x0824F8DD	rom	0x1B	sHustleDescription
0x0824F8F8	rom	0x17	sCuteCharmDescription
0x0824F90F	rom	0x16	sPlusDescription
0x0824F925	rom	0x15	sMinusDescription
0x0824F93A	rom	0x1A	sForecastDescription
0x0824F954	rom	0x15	sStickyHoldDescription
0x0824F969	rom	0x1C	sShedSkinDescription
0x0824F985	rom	0x19	sGutsDescription
0x0824F99E	rom	0x1A	sMarvelScaleDescription
0x0824F9B8	rom	0x18	sLiquidOozeDescription
0x0824F9D0	rom	0x1C	sOvergrowDescription
0x0824F9EC	rom	0x1B	sBlazeDescription
0x0824FA07	rom	0x1C	sTorrentDescription
0x0824FA23	rom	0x1A	sSwarmDescription
0x0824FA3D	rom	0x18	sRockHeadDescription
0x0824FA55	rom	0x1C	sDroughtDescription
0x0824FA71	rom	0x12	sArenaTrapDescription
0x0824FA83	rom	0x10	sVitalSpiritDescription
0x0824FA93	rom	0x1C	sWhiteSmokeDescription
0x0824FAAF	rom	0xF	sPurePowerDescription
0x0824FABE	rom	0x16	sShellArmorDescription
0x0824FAD4	rom	0x1A	sCacophonyDescription
0x0824FAEE	rom	0x19	sAirLockDescription
0x0824FB08	rom	0x138	gAbilityDescriptionPointers
0x0824FC40	rom	0x3F6	gAbilityNames
0x08250038	rom	0x38	sTurnActionsFuncsTable
0x08250070	rom	0x24	sEndTurnFuncsTable
0x08250094	rom	0x8	gStatusConditionString_PoisonJpn
0x0825009C	rom	0x8	gStatusConditionString_SleepJpn
0x082500A4	rom	0x8	gStatusConditionString_ParalysisJpn
0x082500AC	rom	0x8	gStatusConditionString_BurnJpn
0x082500B4	rom	0x8	gStatusConditionString_IceJpn
0x082500BC	rom	0x8	gStatusConditionString_ConfusionJpn
0x082500C4	rom	0x8	gStatusConditionString_LoveJpn
0x082500CC	rom	0x38	gStatusConditionStringsTable
0x08250104	rom	0x16	sSoundMovesTable
0x0825011C	rom	0x3E0	gBattleScriptingCommandsTable
0x082504FC	rom	0x34	sAccuracyStageRatios
0x08250530	rom	0xA	sCriticalHitChance
0x0825053C	rom	0xF0	sStatusFlagsForMoveEffects
0x0825062C	rom	0x9C	sMoveEffectBS_Ptrs
0x082506C8	rom	0x8	sUnusedWinTemplate
0x082506D0	rom	0x20	sLevelUpBanner_Pal
0x082506F0	rom	0xC8	sLevelUpBanner_Gfx
0x082507B8	rom	0x6	sRubyLevelUpStatBoxStats
0x082507C0	rom	0x8	sOamData_MonIconOnLvlUpBanner
0x082507C8	rom	0x18	sSpriteTemplate_MonIconOnLvlUpBanner
0x082507E0	rom	0x8	sProtectSuccessRates
0x082507E8	rom	0x28	sMovesForbiddenToCopy
0x08250810	rom	0xC	sFlailHpScaleToPowerTable
0x0825081C	rom	0x14	sNaturePowerMoves
0x08250830	rom	0x18	sWeightToDamageTable
0x08250848	rom	0x40	sPickupItems
0x08250888	rom	0xA	sTerrainToType
0x08250892	rom	0x4	sBallCatchBonuses
0x08250898	rom	0x4	sJPText_Turn
0x0825089C	rom	0xE4	sPlayerBufferCommands
0x08250980	rom	0x4	sTargetIdentities
0x08250984	rom	0x8	sUnused
0x0825098C	rom	0x8	sSmokescreenImpactSpriteSheet
0x08250994	rom	0x8	sSmokescreenImpactSpritePalette
0x0825099C	rom	0x8	sOamData_SmokescreenImpact
0x082509A4	rom	0x10	sAnim_SmokescreenImpact_0
0x082509B4	rom	0x10	sAnim_SmokescreenImpact_1
0x082509C4	rom	0x10	sAnim_SmokescreenImpact_2
0x082509D4	rom	0x10	sAnim_SmokescreenImpact_3
0x082509E4	rom	0x10	sAnims_SmokescreenImpact
0x082509F4	rom	0x18	sSmokescreenImpactSpriteTemplate
0x08250A0C	rom	0x8	gSpriteSheet_EnemyShadow
0x08250A14	rom	0x8	sOamData_EnemyShadow
0x08250A1C	rom	0x18	gSpriteTemplate_EnemyShadow
0x08250A34	rom	0xE4	sOpponentBufferCommands
0x08250B18	rom	0x8	sUnused
0x08250B20	rom	0xE4	sLinkOpponentBufferCommands
0x08250C04	rom	0x10A4	gBattleMoves
0x08251CA8	rom	0x10	sCombinedMoves
0x08251CB8	rom	0x336	sSpeciesToHoennPokedexNum
0x08251FEE	rom	0x336	sSpeciesToNationalPokedexNum
0x08252324	rom	0x336	sHoennToNationalOrder
0x0825265C	rom	0x90	sSpindaSpotGraphics
0x082526EC	rom	0x7	sItemEffect_Potion
0x082526F3	rom	0x6	sItemEffect_Antidote
0x082526F9	rom	0x6	sItemEffect_BurnHeal
0x082526FF	rom	0x6	sItemEffect_IceHeal
0x08252705	rom	0x6	sItemEffect_Awakening
0x0825270B	rom	0x6	sItemEffect_ParalyzeHeal
0x08252711	rom	0x7	sItemEffect_FullRestore
0x08252718	rom	0x7	sItemEffect_MaxPotion
0x0825271F	rom	0x7	sItemEffect_HyperPotion
0x08252726	rom	0x7	sItemEffect_SuperPotion
0x0825272D	rom	0x6	sItemEffect_FullHeal
0x08252733	rom	0x7	sItemEffect_Revive
0x0825273A	rom	0x7	sItemEffect_MaxRevive
0x08252741	rom	0x7	sItemEffect_FreshWater
0x08252748	rom	0x7	sItemEffect_SodaPop
0x0825274F	rom	0x7	sItemEffect_Lemonade
0x08252756	rom	0x7	sItemEffect_MoomooMilk
0x0825275D	rom	0xA	sItemEffect_EnergyPowder
0x08252767	rom	0xA	sItemEffect_EnergyRoot
0x08252771	rom	0x9	sItemEffect_HealPowder
0x0825277A	rom	0xA	sItemEffect_RevivalHerb
0x08252784	rom	0x7	sItemEffect_Ether
0x0825278B	rom	0x7	sItemEffect_MaxEther
0x08252792	rom	0x7	sItemEffect_Elixir
0x08252799	rom	0x7	sItemEffect_MaxElixir
0x082527A0	rom	0x6	sItemEffect_LavaCookie
0x082527A6	rom	0x6	sItemEffect_BlueFlute
0x082527AC	rom	0x6	sItemEffect_YellowFlute
0x082527B2	rom	0x6	sItemEffect_RedFlute
0x082527B8	rom	0x7	sItemEffect_BerryJuice
0x082527BF	rom	0x7	sItemEffect_SacredAsh
0x082527C6	rom	0xA	sItemEffect_HPUp
0x082527D0	rom	0xA	sItemEffect_Protein
0x082527DA	rom	0xA	sItemEffect_Iron
0x082527E4	rom	0xA	sItemEffect_Carbos
0x082527EE	rom	0xA	sItemEffect_Calcium
0x082527F8	rom	0xA	sItemEffect_RareCandy
0x08252802	rom	0x9	sItemEffect_PPUp
0x0825280B	rom	0xA	sItemEffect_Zinc
0x08252815	rom	0x9	sItemEffect_PPMax
0x0825281E	rom	0x8	sItemEffect_GuardSpec
0x08252826	rom	0x8	sItemEffect_DireHit
0x0825282E	rom	0x8	sItemEffect_XAttack
0x08252836	rom	0x8	sItemEffect_XDefend
0x0825283E	rom	0x8	sItemEffect_XSpeed
0x08252846	rom	0x8	sItemEffect_XAccuracy
0x0825284E	rom	0x8	sItemEffect_XSpecial
0x08252856	rom	0x6	sItemEffect_SunStone
0x0825285C	rom	0x6	sItemEffect_MoonStone
0x08252862	rom	0x6	sItemEffect_FireStone
0x08252868	rom	0x6	sItemEffect_ThunderStone
0x0825286E	rom	0x6	sItemEffect_WaterStone
0x08252874	rom	0x6	sItemEffect_LeafStone
0x0825287A	rom	0x6	sItemEffect_CheriBerry
0x08252880	rom	0x6	sItemEffect_ChestoBerry
0x08252886	rom	0x6	sItemEffect_PechaBerry
0x0825288C	rom	0x6	sItemEffect_RawstBerry
0x08252892	rom	0x6	sItemEffect_AspearBerry
0x08252898	rom	0x7	sItemEffect_LeppaBerry
0x0825289F	rom	0x7	sItemEffect_OranBerry
0x082528A6	rom	0x6	sItemEffect_PersimBerry
0x082528AC	rom	0x6	sItemEffect_LumBerry
0x082528B2	rom	0x7	sItemEffect_SitrusBerry
0x082528BC	rom	0x28C	gItemEffectTable
0x08252B48	rom	0x7D	sNatureStatTable
0x08252BC8	rom	0xCE0	sTMHMLearnsets
0x082538A8	rom	0x96	gFacilityClassToPicIndex
0x0825393E	rom	0x96	gFacilityClassToTrainerClass
0x082539D4	rom	0x10E	sHoennSpeciesIdToCryId
0x08253AE4	rom	0xCA0	gExperienceTables
0x08254784	rom	0x2D10	gSpeciesInfo
0x08257494	rom	0x18	sBulbasaurLevelUpLearnset
0x082574AC	rom	0x1C	sIvysaurLevelUpLearnset
0x082574C8	rom	0x1E	sVenusaurLevelUpLearnset
0x082574E6	rom	0x16	sCharmanderLevelUpLearnset
0x082574FC	rom	0x18	sCharmeleonLevelUpLearnset
0x08257514	rom	0x1E	sCharizardLevelUpLearnset
0x08257532	rom	0x18	sSquirtleLevelUpLearnset
0x0825754A	rom	0x1C	sWartortleLevelUpLearnset
0x08257566	rom	0x1E	sBlastoiseLevelUpLearnset
0x08257584	rom	0x6	sCaterpieLevelUpLearnset
0x0825758A	rom	0x6	sMetapodLevelUpLearnset
0x08257590	rom	0x18	sButterfreeLevelUpLearnset
0x082575A8	rom	0x6	sWeedleLevelUpLearnset
0x082575AE	rom	0x6	sKakunaLevelUpLearnset
0x082575B4	rom	0x14	sBeedrillLevelUpLearnset
0x082575C8	rom	0x14	sPidgeyLevelUpLearnset
0x082575DC	rom	0x18	sPidgeottoLevelUpLearnset
0x082575F4	rom	0x1A	sPidgeotLevelUpLearnset
0x0825760E	rom	0x12	sRattataLevelUpLearnset
0x08257620	rom	0x14	sRaticateLevelUpLearnset
0x08257634	rom	0x14	sSpearowLevelUpLearnset
0x08257648	rom	0x16	sFearowLevelUpLearnset
0x0825765E	rom	0x18	sEkansLevelUpLearnset
0x08257676	rom	0x1C	sArbokLevelUpLearnset
0x08257692	rom	0x18	sPikachuLevelUpLearnset
0x082576AA	rom	0xA	sRaichuLevelUpLearnset
0x082576B4	rom	0x14	sSandshrewLevelUpLearnset
0x082576C8	rom	0x18	sSandslashLevelUpLearnset
0x082576E0	rom	0x16	sNidoranFLevelUpLearnset
0x082576F6	rom	0x16	sNidorinaLevelUpLearnset
0x0825770C	rom	0xE	sNidoqueenLevelUpLearnset
0x0825771A	rom	0x16	sNidoranMLevelUpLearnset
0x08257730	rom	0x16	sNidorinoLevelUpLearnset
0x08257746	rom	0xE	sNidokingLevelUpLearnset
0x08257754	rom	0x1C	sClefairyLevelUpLearnset
0x08257770	rom	0xA	sClefableLevelUpLearnset
0x0825777A	rom	0x18	sVulpixLevelUpLearnset
0x08257792	rom	0xC	sNinetalesLevelUpLearnset
0x0825779E	rom	0x18	sJigglypuffLevelUpLearnset
0x082577B6	rom	0xA	sWigglytuffLevelUpLearnset
0x082577C0	rom	0x16	sZubatLevelUpLearnset
0x082577D6	rom	0x1C	sGolbatLevelUpLearnset
0x082577F2	rom	0x12	sOddishLevelUpLearnset
0x08257804	rom	0x16	sGloomLevelUpLearnset
0x0825781A	rom	0xC	sVileplumeLevelUpLearnset
0x08257826	rom	0x14	sParasLevelUpLearnset
0x0825783A	rom	0x18	sParasectLevelUpLearnset
0x08257852	rom	0x18	sVenonatLevelUpLearnset
0x0825786A	rom	0x1E	sVenomothLevelUpLearnset
0x08257888	rom	0x16	sDiglettLevelUpLearnset
0x0825789E	rom	0x1C	sDugtrioLevelUpLearnset
0x082578BA	rom	0x16	sMeowthLevelUpLearnset
0x082578D0	rom	0x18	sPersianLevelUpLearnset
0x082578E8	rom	0x14	sPsyduckLevelUpLearnset
0x082578FC	rom	0x18	sGolduckLevelUpLearnset
0x08257914	rom	0x18	sMankeyLevelUpLearnset
0x0825792C	rom	0x1E	sPrimeapeLevelUpLearnset
0x0825794A	rom	0x16	sGrowlitheLevelUpLearnset
0x08257960	rom	0xC	sArcanineLevelUpLearnset
0x0825796C	rom	0x12	sPoliwagLevelUpLearnset
0x0825797E	rom	0x16	sPoliwhirlLevelUpLearnset
0x08257994	rom	0xE	sPoliwrathLevelUpLearnset
0x082579A2	rom	0x4	sAbraLevelUpLearnset
0x082579A6	rom	0x1A	sKadabraLevelUpLearnset
0x082579C0	rom	0x1A	sAlakazamLevelUpLearnset
0x082579DA	rom	0x1A	sMachopLevelUpLearnset
0x082579F4	rom	0x1C	sMachokeLevelUpLearnset
0x08257A10	rom	0x1C	sMachampLevelUpLearnset
0x08257A2C	rom	0x16	sBellsproutLevelUpLearnset
0x08257A42	rom	0x1A	sWeepinbellLevelUpLearnset
0x08257A5C	rom	0x10	sVictreebelLevelUpLearnset
0x08257A6C	rom	0x14	sTentacoolLevelUpLearnset
0x08257A80	rom	0x18	sTentacruelLevelUpLearnset
0x08257A98	rom	0x18	sGeodudeLevelUpLearnset
0x08257AB0	rom	0x1C	sGravelerLevelUpLearnset
0x08257ACC	rom	0x1C	sGolemLevelUpLearnset
0x08257AE8	rom	0x16	sPonytaLevelUpLearnset
0x08257AFE	rom	0x1E	sRapidashLevelUpLearnset
0x08257B1C	rom	0x18	sSlowpokeLevelUpLearnset
0x08257B34	rom	0x1C	sSlowbroLevelUpLearnset
0x08257B50	rom	0x18	sMagnemiteLevelUpLearnset
0x08257B68	rom	0x1C	sMagnetonLevelUpLearnset
0x08257B84	rom	0x16	sFarfetchdLevelUpLearnset
0x08257B9A	rom	0x14	sDoduoLevelUpLearnset
0x08257BAE	rom	0x18	sDodrioLevelUpLearnset
0x08257BC6	rom	0x12	sSeelLevelUpLearnset
0x08257BD8	rom	0x1C	sDewgongLevelUpLearnset
0x08257BF4	rom	0x16	sGrimerLevelUpLearnset
0x08257C0A	rom	0x18	sMukLevelUpLearnset
0x08257C22	rom	0x14	sShellderLevelUpLearnset
0x08257C36	rom	0xE	sCloysterLevelUpLearnset
0x08257C44	rom	0x18	sGastlyLevelUpLearnset
0x08257C5C	rom	0x1C	sHaunterLevelUpLearnset
0x08257C78	rom	0x1C	sGengarLevelUpLearnset
0x08257C94	rom	0x1A	sOnixLevelUpLearnset
0x08257CAE	rom	0x18	sDrowzeeLevelUpLearnset
0x08257CC6	rom	0x1E	sHypnoLevelUpLearnset
0x08257CE4	rom	0x16	sKrabbyLevelUpLearnset
0x08257CFA	rom	0x1E	sKinglerLevelUpLearnset
0x08257D18	rom	0x18	sVoltorbLevelUpLearnset
0x08257D30	rom	0x1C	sElectrodeLevelUpLearnset
0x08257D4C	rom	0x16	sExeggcuteLevelUpLearnset
0x08257D62	rom	0xC	sExeggutorLevelUpLearnset
0x08257D6E	rom	0x1A	sCuboneLevelUpLearnset
0x08257D88	rom	0x20	sMarowakLevelUpLearnset
0x08257DA8	rom	0x1C	sHitmonleeLevelUpLearnset
0x08257DC4	rom	0x1A	sHitmonchanLevelUpLearnset
0x08257DDE	rom	0x16	sLickitungLevelUpLearnset
0x08257DF4	rom	0x16	sKoffingLevelUpLearnset
0x08257E0A	rom	0x1A	sWeezingLevelUpLearnset
0x08257E24	rom	0x16	sRhyhornLevelUpLearnset
0x08257E3A	rom	0x1A	sRhydonLevelUpLearnset
0x08257E54	rom	0x1A	sChanseyLevelUpLearnset
0x08257E6E	rom	0x1A	sTangelaLevelUpLearnset
0x08257E88	rom	0x16	sKangaskhanLevelUpLearnset
0x08257E9E	rom	0x12	sHorseaLevelUpLearnset
0x08257EB0	rom	0x18	sSeadraLevelUpLearnset
0x08257EC8	rom	0x18	sGoldeenLevelUpLearnset
0x08257EE0	rom	0x1A	sSeakingLevelUpLearnset
0x08257EFA	rom	0x1A	sStaryuLevelUpLearnset
0x08257F14	rom	0xC	sStarmieLevelUpLearnset
0x08257F20	rom	0x22	sMrMimeLevelUpLearnset
0x08257F42	rom	0x18	sScytherLevelUpLearnset
0x08257F5A	rom	0x1C	sJynxLevelUpLearnset
0x08257F76	rom	0x14	sElectabuzzLevelUpLearnset
0x08257F8A	rom	0x1A	sMagmarLevelUpLearnset
0x08257FA4	rom	0x16	sPinsirLevelUpLearnset
0x08257FBA	rom	0x16	sTaurosLevelUpLearnset
0x08257FD0	rom	0x8	sMagikarpLevelUpLearnset
0x08257FD8	rom	0x14	sGyaradosLevelUpLearnset
0x08257FEC	rom	0x1A	sLaprasLevelUpLearnset
0x08258006	rom	0x4	sDittoLevelUpLearnset
0x0825800A	rom	0x14	sEeveeLevelUpLearnset
0x0825801E	rom	0x18	sVaporeonLevelUpLearnset
0x08258036	rom	0x18	sJolteonLevelUpLearnset
0x0825804E	rom	0x18	sFlareonLevelUpLearnset
0x08258066	rom	0x18	sPorygonLevelUpLearnset
0x0825807E	rom	0x16	sOmanyteLevelUpLearnset
0x08258094	rom	0x1C	sOmastarLevelUpLearnset
0x082580B0	rom	0x16	sKabutoLevelUpLearnset
0x082580C6	rom	0x1E	sKabutopsLevelUpLearnset
0x082580E4	rom	0x12	sAerodactylLevelUpLearnset
0x082580F6	rom	0x1E	sSnorlaxLevelUpLearnset
0x08258114	rom	0x14	sArticunoLevelUpLearnset
0x08258128	rom	0x14	sZapdosLevelUpLearnset
0x0825813C	rom	0x14	sMoltresLevelUpLearnset
0x08258150	rom	0x16	sDratiniLevelUpLearnset
0x08258166	rom	0x1A	sDragonairLevelUpLearnset
0x08258180	rom	0x1C	sDragoniteLevelUpLearnset
0x0825819C	rom	0x18	sMewtwoLevelUpLearnset
0x082581B4	rom	0xE	sMewLevelUpLearnset
0x082581C2	rom	0x16	sChikoritaLevelUpLearnset
0x082581D8	rom	0x1A	sBayleefLevelUpLearnset
0x082581F2	rom	0x1A	sMeganiumLevelUpLearnset
0x0825820C	rom	0x12	sCyndaquilLevelUpLearnset
0x0825821E	rom	0x14	sQuilavaLevelUpLearnset
0x08258232	rom	0x16	sTyphlosionLevelUpLearnset
0x08258248	rom	0x14	sTotodileLevelUpLearnset
0x0825825C	rom	0x16	sCroconawLevelUpLearnset
0x08258272	rom	0x18	sFeraligatrLevelUpLearnset
0x0825828A	rom	0x14	sSentretLevelUpLearnset
0x0825829E	rom	0x18	sFurretLevelUpLearnset
0x082582B6	rom	0x14	sHoothootLevelUpLearnset
0x082582CA	rom	0x18	sNoctowlLevelUpLearnset
0x082582E2	rom	0x16	sLedybaLevelUpLearnset
0x082582F8	rom	0x18	sLedianLevelUpLearnset
0x08258310	rom	0x16	sSpinarakLevelUpLearnset
0x08258326	rom	0x1A	sAriadosLevelUpLearnset
0x08258340	rom	0x1C	sCrobatLevelUpLearnset
0x0825835C	rom	0x16	sChinchouLevelUpLearnset
0x08258372	rom	0x18	sLanturnLevelUpLearnset
0x0825838A	rom	0xC	sPichuLevelUpLearnset
0x08258396	rom	0xE	sCleffaLevelUpLearnset
0x082583A4	rom	0xC	sIgglybuffLevelUpLearnset
0x082583B0	rom	0x1A	sTogepiLevelUpLearnset
0x082583CA	rom	0x20	sTogeticLevelUpLearnset
0x082583EA	rom	0x12	sNatuLevelUpLearnset
0x082583FC	rom	0x12	sXatuLevelUpLearnset
0x0825840E	rom	0x10	sMareepLevelUpLearnset
0x0825841E	rom	0x12	sFlaaffyLevelUpLearnset
0x08258430	rom	0x16	sAmpharosLevelUpLearnset
0x08258446	rom	0xE	sBellossomLevelUpLearnset
0x08258454	rom	0x14	sMarillLevelUpLearnset
0x08258468	rom	0x1A	sAzumarillLevelUpLearnset
0x08258482	rom	0x14	sSudowoodoLevelUpLearnset
0x08258496	rom	0xE	sPolitoedLevelUpLearnset
0x082584A4	rom	0x16	sHoppipLevelUpLearnset
0x082584BA	rom	0x1C	sSkiploomLevelUpLearnset
0x082584D6	rom	0x1C	sJumpluffLevelUpLearnset
0x082584F2	rom	0x16	sAipomLevelUpLearnset
0x08258508	rom	0x12	sSunkernLevelUpLearnset
0x0825851A	rom	0x14	sSunfloraLevelUpLearnset
0x0825852E	rom	0x18	sYanmaLevelUpLearnset
0x08258546	rom	0x16	sWooperLevelUpLearnset
0x0825855C	rom	0x16	sQuagsireLevelUpLearnset
0x08258572	rom	0x18	sEspeonLevelUpLearnset
0x0825858A	rom	0x18	sUmbreonLevelUpLearnset
0x082585A2	rom	0x12	sMurkrowLevelUpLearnset
0x082585B4	rom	0x18	sSlowkingLevelUpLearnset
0x082585CC	rom	0x16	sMisdreavusLevelUpLearnset
0x082585E2	rom	0x4	sUnownLevelUpLearnset
0x082585E6	rom	0xA	sWobbuffetLevelUpLearnset
0x082585F0	rom	0x16	sGirafarigLevelUpLearnset
0x08258606	rom	0x14	sPinecoLevelUpLearnset
0x0825861A	rom	0x18	sForretressLevelUpLearnset
0x08258632	rom	0x18	sDunsparceLevelUpLearnset
0x0825864A	rom	0x12	sGligarLevelUpLearnset
0x0825865C	rom	0x1A	sSteelixLevelUpLearnset
0x08258676	rom	0x16	sSnubbullLevelUpLearnset
0x0825868C	rom	0x16	sGranbullLevelUpLearnset
0x082586A2	rom	0x18	sQwilfishLevelUpLearnset
0x082586BA	rom	0x18	sScizorLevelUpLearnset
0x082586D2	rom	0x10	sShuckleLevelUpLearnset
0x082586E2	rom	0x16	sHeracrossLevelUpLearnset
0x082586F8	rom	0x1A	sSneaselLevelUpLearnset
0x08258712	rom	0x16	sTeddiursaLevelUpLearnset
0x08258728	rom	0x1A	sUrsaringLevelUpLearnset
0x08258742	rom	0x14	sSlugmaLevelUpLearnset
0x08258756	rom	0x18	sMagcargoLevelUpLearnset
0x0825876E	rom	0x12	sSwinubLevelUpLearnset
0x08258780	rom	0x18	sPiloswineLevelUpLearnset
0x08258798	rom	0x16	sCorsolaLevelUpLearnset
0x082587AE	rom	0x12	sRemoraidLevelUpLearnset
0x082587C0	rom	0x14	sOctilleryLevelUpLearnset
0x082587D4	rom	0x4	sDelibirdLevelUpLearnset
0x082587D8	rom	0x14	sMantineLevelUpLearnset
0x082587EC	rom	0x16	sSkarmoryLevelUpLearnset
0x08258802	rom	0x16	sHoundourLevelUpLearnset
0x08258818	rom	0x18	sHoundoomLevelUpLearnset
0x08258830	rom	0x18	sKingdraLevelUpLearnset
0x08258848	rom	0x14	sPhanpyLevelUpLearnset
0x0825885C	rom	0x14	sDonphanLevelUpLearnset
0x08258870	rom	0x18	sPorygon2LevelUpLearnset
0x08258888	rom	0x16	sStantlerLevelUpLearnset
0x0825889E	rom	0x16	sSmeargleLevelUpLearnset
0x082588B4	rom	0x4	sTyrogueLevelUpLearnset
0x082588B8	rom	0x18	sHitmontopLevelUpLearnset
0x082588D0	rom	0x18	sSmoochumLevelUpLearnset
0x082588E8	rom	0x12	sElekidLevelUpLearnset
0x082588FA	rom	0x14	sMagbyLevelUpLearnset
0x0825890E	rom	0x14	sMiltankLevelUpLearnset
0x08258922	rom	0x1A	sBlisseyLevelUpLearnset
0x0825893C	rom	0x16	sRaikouLevelUpLearnset
0x08258952	rom	0x16	sEnteiLevelUpLearnset
0x08258968	rom	0x16	sSuicuneLevelUpLearnset
0x0825897E	rom	0x16	sLarvitarLevelUpLearnset
0x08258994	rom	0x1A	sPupitarLevelUpLearnset
0x082589AE	rom	0x1A	sTyranitarLevelUpLearnset
0x082589C8	rom	0x16	sLugiaLevelUpLearnset
0x082589DE	rom	0x16	sHoOhLevelUpLearnset
0x082589F4	rom	0x14	sCelebiLevelUpLearnset
0x08258A08	rom	0x4	sSpecies252LevelUpLearnset
0x08258A0C	rom	0x4	sSpecies253LevelUpLearnset
0x08258A10	rom	0x4	sSpecies254LevelUpLearnset
0x08258A14	rom	0x4	sSpecies255LevelUpLearnset
0x08258A18	rom	0x4	sSpecies256LevelUpLearnset
0x08258A1C	rom	0x4	sSpecies257LevelUpLearnset
0x08258A20	rom	0x4	sSpecies258LevelUpLearnset
0x08258A24	rom	0x4	sSpecies259LevelUpLearnset
0x08258A28	rom	0x4	sSpecies260LevelUpLearnset
0x08258A2C	rom	0x4	sSpecies261LevelUpLearnset
0x08258A30	rom	0x4	sSpecies262LevelUpLearnset
0x08258A34	rom	0x4	sSpecies263LevelUpLearnset
0x08258A38	rom	0x4	sSpecies264LevelUpLearnset
0x08258A3C	rom	0x4	sSpecies265LevelUpLearnset
0x08258A40	rom	0x4	sSpecies266LevelUpLearnset
0x08258A44	rom	0x4	sSpecies267LevelUpLearnset
0x08258A48	rom	0x4	sSpecies268LevelUpLearnset
0x08258A4C	rom	0x4	sSpecies269LevelUpLearnset
0x08258A50	rom	0x4	sSpecies270LevelUpLearnset
0x08258A54	rom	0x4	sSpecies271LevelUpLearnset
0x08258A58	rom	0x4	sSpecies272LevelUpLearnset
0x08258A5C	rom	0x4	sSpecies273LevelUpLearnset
0x08258A60	rom	0x4	sSpecies274LevelUpLearnset
0x08258A64	rom	0x4	sSpecies275LevelUpLearnset
0x08258A68	rom	0x4	sSpecies276LevelUpLearnset
0x08258A6C	rom	0x18	sTreeckoLevelUpLearnset
0x08258A84	rom	0x1E	sGrovyleLevelUpLearnset
0x08258AA2	rom	0x1E	sSceptileLevelUpLearnset
0x08258AC0	rom	0x18	sTorchicLevelUpLearnset
0x08258AD8	rom	0x1E	sCombuskenLevelUpLearnset
0x08258AF6	rom	0x22	sBlazikenLevelUpLearnset
0x08258B18	rom	0x1A	sMudkipLevelUpLearnset
0x08258B32	rom	0x20	sMarshtompLevelUpLearnset
0x08258B52	rom	0x20	sSwampertLevelUpLearnset
0x08258B72	rom	0x1A	sPoochyenaLevelUpLearnset
0x08258B8C	rom	0x20	sMightyenaLevelUpLearnset
0x08258BAC	rom	0x1A	sZigzagoonLevelUpLearnset
0x08258BC6	rom	0x1E	sLinooneLevelUpLearnset
0x08258BE4	rom	0x8	sWurmpleLevelUpLearnset
0x08258BEC	rom	0x6	sSilcoonLevelUpLearnset
0x08258BF2	rom	0x16	sBeautiflyLevelUpLearnset
0x08258C08	rom	0x6	sCascoonLevelUpLearnset
0x08258C0E	rom	0x16	sDustoxLevelUpLearnset
0x08258C24	rom	0x10	sLotadLevelUpLearnset
0x08258C34	rom	0x16	sLombreLevelUpLearnset
0x08258C4A	rom	0xA	sLudicoloLevelUpLearnset
0x08258C54	rom	0x10	sSeedotLevelUpLearnset
0x08258C64	rom	0x16	sNuzleafLevelUpLearnset
0x08258C7A	rom	0xA	sShiftryLevelUpLearnset
0x08258C84	rom	0x16	sNincadaLevelUpLearnset
0x08258C9A	rom	0x20	sNinjaskLevelUpLearnset
0x08258CBA	rom	0x16	sShedinjaLevelUpLearnset
0x08258CD0	rom	0x14	sTaillowLevelUpLearnset
0x08258CE4	rom	0x18	sSwellowLevelUpLearnset
0x08258CFC	rom	0x16	sShroomishLevelUpLearnset
0x08258D12	rom	0x1E	sBreloomLevelUpLearnset
0x08258D30	rom	0x18	sSpindaLevelUpLearnset
0x08258D48	rom	0x12	sWingullLevelUpLearnset
0x08258D5A	rom	0x1C	sPelipperLevelUpLearnset
0x08258D76	rom	0x12	sSurskitLevelUpLearnset
0x08258D88	rom	0x1A	sMasquerainLevelUpLearnset
0x08258DA2	rom	0x1A	sWailmerLevelUpLearnset
0x08258DBC	rom	0x20	sWailordLevelUpLearnset
0x08258DDC	rom	0x1A	sSkittyLevelUpLearnset
0x08258DF6	rom	0xA	sDelcattyLevelUpLearnset
0x08258E00	rom	0x1C	sKecleonLevelUpLearnset
0x08258E1C	rom	0x18	sBaltoyLevelUpLearnset
0x08258E34	rom	0x20	sClaydolLevelUpLearnset
0x08258E54	rom	0x16	sNosepassLevelUpLearnset
0x08258E6A	rom	0x1A	sTorkoalLevelUpLearnset
0x08258E84	rom	0x1C	sSableyeLevelUpLearnset
0x08258EA0	rom	0x18	sBarboachLevelUpLearnset
0x08258EB8	rom	0x1E	sWhiscashLevelUpLearnset
0x08258ED6	rom	0x14	sLuvdiscLevelUpLearnset
0x08258EEA	rom	0x1A	sCorphishLevelUpLearnset
0x08258F04	rom	0x20	sCrawdauntLevelUpLearnset
0x08258F24	rom	0x8	sFeebasLevelUpLearnset
0x08258F2C	rom	0x18	sMiloticLevelUpLearnset
0x08258F44	rom	0x16	sCarvanhaLevelUpLearnset
0x08258F5A	rom	0x1E	sSharpedoLevelUpLearnset
0x08258F78	rom	0x12	sTrapinchLevelUpLearnset
0x08258F8A	rom	0x1A	sVibravaLevelUpLearnset
0x08258FA4	rom	0x1A	sFlygonLevelUpLearnset
0x08258FBE	rom	0x1C	sMakuhitaLevelUpLearnset
0x08258FDA	rom	0x20	sHariyamaLevelUpLearnset
0x08258FFA	rom	0x18	sElectrikeLevelUpLearnset
0x08259012	rom	0x1E	sManectricLevelUpLearnset
0x08259030	rom	0x16	sNumelLevelUpLearnset
0x08259046	rom	0x1C	sCameruptLevelUpLearnset
0x08259062	rom	0x1C	sSphealLevelUpLearnset
0x0825907E	rom	0x1C	sSealeoLevelUpLearnset
0x0825909A	rom	0x1C	sWalreinLevelUpLearnset
0x082590B6	rom	0x1E	sCacneaLevelUpLearnset
0x082590D4	rom	0x24	sCacturneLevelUpLearnset
0x082590F8	rom	0x18	sSnoruntLevelUpLearnset
0x08259110	rom	0x1E	sGlalieLevelUpLearnset
0x0825912E	rom	0x16	sLunatoneLevelUpLearnset
0x08259144	rom	0x16	sSolrockLevelUpLearnset
0x0825915A	rom	0xE	sAzurillLevelUpLearnset
0x08259168	rom	0x18	sSpoinkLevelUpLearnset
0x08259180	rom	0x1E	sGrumpigLevelUpLearnset
0x0825919E	rom	0x18	sPlusleLevelUpLearnset
0x082591B6	rom	0x18	sMinunLevelUpLearnset
0x082591CE	rom	0x1A	sMawileLevelUpLearnset
0x082591E8	rom	0x1A	sMedititeLevelUpLearnset
0x08259202	rom	0x26	sMedichamLevelUpLearnset
0x08259228	rom	0x18	sSwabluLevelUpLearnset
0x08259240	rom	0x20	sAltariaLevelUpLearnset
0x08259260	rom	0x10	sWynautLevelUpLearnset
0x08259270	rom	0x18	sDuskullLevelUpLearnset
0x08259288	rom	0x1E	sDusclopsLevelUpLearnset
0x082592A6	rom	0x20	sRoseliaLevelUpLearnset
0x082592C6	rom	0x14	sSlakothLevelUpLearnset
0x082592DA	rom	0x1A	sVigorothLevelUpLearnset
0x082592F4	rom	0x1A	sSlakingLevelUpLearnset
0x0825930E	rom	0x18	sGulpinLevelUpLearnset
0x08259326	rom	0x20	sSwalotLevelUpLearnset
0x08259346	rom	0x18	sTropiusLevelUpLearnset
0x0825935E	rom	0x18	sWhismurLevelUpLearnset
0x08259376	rom	0x1E	sLoudredLevelUpLearnset
0x08259394	rom	0x20	sExploudLevelUpLearnset
0x082593B4	rom	0xA	sClamperlLevelUpLearnset
0x082593BE	rom	0x12	sHuntailLevelUpLearnset
0x082593D0	rom	0x12	sGorebyssLevelUpLearnset
0x082593E2	rom	0x18	sAbsolLevelUpLearnset
0x082593FA	rom	0x16	sShuppetLevelUpLearnset
0x08259410	rom	0x1C	sBanetteLevelUpLearnset
0x0825942C	rom	0x16	sSeviperLevelUpLearnset
0x08259442	rom	0x18	sZangooseLevelUpLearnset
0x0825945A	rom	0x18	sRelicanthLevelUpLearnset
0x08259472	rom	0x1A	sAronLevelUpLearnset
0x0825948C	rom	0x20	sLaironLevelUpLearnset
0x082594AC	rom	0x20	sAggronLevelUpLearnset
0x082594CC	rom	0x12	sCastformLevelUpLearnset
0x082594DE	rom	0x16	sVolbeatLevelUpLearnset
0x082594F4	rom	0x16	sIllumiseLevelUpLearnset
0x0825950A	rom	0x16	sLileepLevelUpLearnset
0x08259520	rom	0x1C	sCradilyLevelUpLearnset
0x0825953C	rom	0x16	sAnorithLevelUpLearnset
0x08259552	rom	0x1C	sArmaldoLevelUpLearnset
0x0825956E	rom	0x16	sRaltsLevelUpLearnset
0x08259584	rom	0x1E	sKirliaLevelUpLearnset
0x082595A2	rom	0x1C	sGardevoirLevelUpLearnset
0x082595BE	rom	0x18	sBagonLevelUpLearnset
0x082595D6	rom	0x20	sShelgonLevelUpLearnset
0x082595F6	rom	0x22	sSalamenceLevelUpLearnset
0x08259618	rom	0x4	sBeldumLevelUpLearnset
0x0825961C	rom	0x16	sMetangLevelUpLearnset
0x08259632	rom	0x1C	sMetagrossLevelUpLearnset
0x0825964E	rom	0x14	sRegirockLevelUpLearnset
0x08259662	rom	0x14	sRegiceLevelUpLearnset
0x08259676	rom	0x16	sRegisteelLevelUpLearnset
0x0825968C	rom	0x18	sKyogreLevelUpLearnset
0x082596A4	rom	0x18	sGroudonLevelUpLearnset
0x082596BC	rom	0x18	sRayquazaLevelUpLearnset
0x082596D4	rom	0x18	sLatiasLevelUpLearnset
0x082596EC	rom	0x18	sLatiosLevelUpLearnset
0x08259704	rom	0x1A	sJirachiLevelUpLearnset
0x0825971E	rom	0x1A	sDeoxysLevelUpLearnset
0x08259738	rom	0x1A	sChimechoLevelUpLearnset
0x08259754	rom	0x4060	gEvolutionTable
0x0825D7B4	rom	0x670	gLevelUpLearnsets
0x0825DE24	rom	0x7D	sPokeblockFlavorCompatibilityTable
0x0825DEA1	rom	0x4	gPPUpGetMask
0x0825DEA5	rom	0x4	gPPUpClearMask
0x0825DEA9	rom	0x4	gPPUpAddValues
0x0825DEAD	rom	0x1A	gStatStageRatios
0x0825DEC7	rom	0x5	sText_GameFreak
0x0825DECC	rom	0x22	sHoldEffectToType
0x0825DEF0	rom	0x60	gSpriteTemplates_Battlers
0x0825DF50	rom	0x90	sTrainerBackSpriteTemplates
0x0825DFE0	rom	0xA	sSecretBaseFacilityClasses
0x0825DFEA	rom	0x6	sGetMonDataEVConstants
0x0825DFF0	rom	0x6	sStatsToRaise
0x0825DFF6	rom	0x1E	sFriendshipEventDeltas
0x0825E014	rom	0x12	sHMMoves
0x0825E026	rom	0xC	sDeoxysBaseStats
0x0825E032	rom	0x20	gUnionRoomFacilityClasses
0x0825E054	rom	0x8	sOamData_64x64
0x0825E05C	rom	0x18	sSpriteTemplate_64x64
0x0825E074	rom	0x280	gSineTable
0x0825E2F4	rom	0x168	gSineDegreeTable
0x0825E45C	rom	0x80	gBitTable
0x0825E4DC	rom	0x18	gInvisibleSpriteTemplate
0x0825E4F4	rom	0x18	sSpriteDimensions
0x0825E50C	rom	0x200	gCrc16Table
0x0825E70C	rom	0x800	gMiscBlank_Gfx
0x0825EF0C	rom	0x8E6	gEggMoves
0x0825F7F4	rom	0x8	sDaycareLevelMenuWindowTemplate
0x0825F7FC	rom	0x18	sLevelMenuItems
0x0825F814	rom	0x18	sDaycareListMenuLevelTemplate
0x0825F82C	rom	0x10	sCompatibilityMessages
0x0825F83C	rom	0x2	sNewLineText
0x0825F83E	rom	0x4	sJapaneseEggNickname
0x0825F842	rom	0x20	sEggPalette
0x0825F862	rom	0x800	sEggHatchTiles
0x08260062	rom	0x80	sEggShardTiles
0x082600E4	rom	0x8	sOamData_EggHatch
0x082600EC	rom	0x8	sSpriteAnim_EggHatch0
0x082600F4	rom	0x8	sSpriteAnim_EggHatch1
0x082600FC	rom	0x8	sSpriteAnim_EggHatch2
0x08260104	rom	0x8	sSpriteAnim_EggHatch3
0x0826010C	rom	0x10	sSpriteAnimTable_EggHatch
0x0826011C	rom	0x8	sEggHatch_Sheet
0x08260124	rom	0x8	sEggShards_Sheet
0x0826012C	rom	0x8	sEgg_SpritePalette
0x08260134	rom	0x18	sSpriteTemplate_EggHatch
0x0826014C	rom	0x8	sOamData_EggShard
0x08260154	rom	0x8	sSpriteAnim_EggShard0
0x0826015C	rom	0x8	sSpriteAnim_EggShard1
0x08260164	rom	0x8	sSpriteAnim_EggShard2
0x0826016C	rom	0x8	sSpriteAnim_EggShard3
0x08260174	rom	0x10	sSpriteAnimTable_EggShard
0x08260184	rom	0x18	sSpriteTemplate_EggShard
0x0826019C	rom	0x8	sBgTemplates_EggHatch
0x082601A4	rom	0x10	sWinTemplates_EggHatch
0x082601B4	rom	0x8	sYesNoWinTemplate
0x082601BC	rom	0x4C	sEggShardVelocities
0x08260208	rom	0x8	sSpriteSheet_SinglesPlayerHealthbox
0x08260210	rom	0x8	sSpriteSheet_SinglesOpponentHealthbox
0x08260218	rom	0x10	sSpriteSheets_DoublesPlayerHealthbox
0x08260228	rom	0x10	sSpriteSheets_DoublesOpponentHealthbox
0x08260238	rom	0x8	sSpriteSheet_SafariHealthbox
0x08260240	rom	0x20	sSpriteSheets_HealthBar
0x08260260	rom	0x10	sSpritePalettes_HealthBoxHealthBar
0x08260270	rom	0x8	sOamData_Healthbox
0x08260278	rom	0x30	sHealthboxPlayerSpriteTemplates
0x082602A8	rom	0x30	sHealthboxOpponentSpriteTemplates
0x082602D8	rom	0x18	sHealthboxSafariSpriteTemplate
0x082602F0	rom	0x8	sOamData_Healthbar
0x082602F8	rom	0x60	sHealthbarSpriteTemplates
0x08260358	rom	0x14	sUnused_Subsprites_0
0x0826036C	rom	0x14	sUnused_Subsprites_2
0x08260380	rom	0x8	sUnused_Subsprites_1
0x08260388	rom	0x8	sUnused_Subsprites_3
0x08260390	rom	0x8	sHealthBar_Subsprites_Player
0x08260398	rom	0xC	sHealthBar_Subsprites_Opponent
0x082603A4	rom	0x20	sUnused_SubspriteTable
0x082603C4	rom	0x10	sHealthBar_SubspriteTable
0x082603D4	rom	0x10	sStatusSummaryBar_Subsprites_Enter
0x082603E4	rom	0x18	sStatusSummaryBar_Subsprites_Exit
0x082603FC	rom	0x8	sStatusSummaryBar_SubspriteTable_Enter
0x08260404	rom	0x8	sStatusSummaryBar_SubspriteTable_Exit
0x0826040C	rom	0x60	sBattleInterface_Unused
0x0826046C	rom	0x10	sPartySummaryBarSpriteSheets
0x0826047C	rom	0x10	sPartySummaryBarSpritePals
0x0826048C	rom	0x10	sPartySummaryBallSpritePals
0x0826049C	rom	0x10	sPartySummaryBallSpriteSheets
0x082604AC	rom	0x8	sOamData_Healthbox2
0x082604B4	rom	0x8	sOamData_PartySummaryBall
0x082604BC	rom	0x30	sPartySummaryBarSpriteTemplates
0x082604EC	rom	0x30	sPartySummaryBallSpriteTemplates
0x08260540	rom	0x2	sText_Slash
0x08260556	rom	0x4	sText_HealthboxNickname
0x0826055A	rom	0xA	sStatusIconColors
0x08260564	rom	0x8	sHealthboxWindowTemplate
0x0826056C	rom	0x60	gBallSpriteSheets
0x082605CC	rom	0x60	gBallSpritePalettes
0x0826062C	rom	0x8	sBallOamData
0x08260634	rom	0x8	sBallAnimSeq3
0x0826063C	rom	0x8	sBallAnimSeq5
0x08260644	rom	0x8	sBallAnimSeq4
0x0826064C	rom	0x8	sBallAnimSeq6
0x08260654	rom	0x8	sBallAnimSeq0
0x0826065C	rom	0xC	sBallAnimSeq1
0x08260668	rom	0xC	sBallAnimSeq2
0x08260674	rom	0x1C	sBallAnimSequences
0x08260690	rom	0x10	sAffineAnim_BallRotate_0
0x082606A0	rom	0x10	sAffineAnim_BallRotate_Right
0x082606B0	rom	0x10	sAffineAnim_BallRotate_Left
0x082606C0	rom	0x10	sAffineAnim_BallRotate_3
0x082606D0	rom	0x10	sAffineAnim_BallRotate_4
0x082606E0	rom	0x14	sAffineAnim_BallRotate
0x082606F4	rom	0x120	gBallSpriteTemplates
0x08260814	rom	0x20	sSizesAndOffsets
0x08260834	rom	0x1FE	sTradeMovesBoxTilemap
0x08260A32	rom	0x1FE	sTradePartyBoxTilemap
0x08260C30	rom	0x800	sTradeStripesBG2Tilemap
0x08261430	rom	0x800	sTradeStripesBG3Tilemap
0x08261C30	rom	0x8	sOamData_MenuText
0x08261C38	rom	0x8	sOamData_Cursor
0x08261C40	rom	0x8	sAnim_Cursor_Normal
0x08261C48	rom	0x8	sAnim_Cursor_OnCancel
0x08261C50	rom	0x8	sAnims_Cursor
0x08261C58	rom	0x8	sCursor_SpriteSheet
0x08261C60	rom	0x8	sCursor_SpritePalette
0x08261C68	rom	0x8	sAnim_MenuText_0
0x08261C70	rom	0x8	sAnim_MenuText_1
0x08261C78	rom	0x8	sAnim_MenuText_2
0x08261C80	rom	0x8	sAnim_MenuText_3
0x08261C88	rom	0x8	sAnim_MenuText_4
0x08261C90	rom	0x8	sAnim_MenuText_5
0x08261C98	rom	0x18	sAnims_MenuText
0x08261CB0	rom	0x18	sSpriteTemplate_Cursor
0x08261CC8	rom	0x18	sSpriteTemplate_MenuText
0x08261CE0	rom	0x20	sMenuText_Pal
0x08261D00	rom	0x8	sSpritePalette_MenuText
0x08261D08	rom	0x138	sCursorMoveDestinations
0x08261E40	rom	0x1A	sTradeMonSpriteCoords
0x08261E5A	rom	0x18	sTradeMonLevelCoords
0x08261E72	rom	0x18	sTradeMonBoxCoords
0x08261E8A	rom	0x8	sPlayerNameCoords
0x08261E92	rom	0x24	sUnusedCoords
0x08261EB6	rom	0x1	sText_Dummy
0x08261EB7	rom	0xA	sText_ClrWhtHltTranspShdwDrkGry
0x08261EC1	rom	0x2	gText_MaleSymbol4
0x08261EC3	rom	0x2	gText_FemaleSymbol4
0x08261EC5	rom	0x1	gText_GenderlessSymbol
0x08261EC6	rom	0x1	sText_Dummy2
0x08261EC7	rom	0x2	sText_Newline
0x08261EC9	rom	0x2	sText_Slash
0x08261ECC	rom	0x18	sActionTexts
0x08261EE4	rom	0x10	sMenuAction_SummaryTrade
0x08261EF4	rom	0x24	sMessages
0x08261F18	rom	0x3	sTextColor_PartyMonNickname
0x08261F1C	rom	0x10	sBgTemplates
0x08261F2C	rom	0x98	sWindowTemplates
0x08261FC4	rom	0x8	sWindowTemplate_YesNo
0x08261FCC	rom	0x68	sDebug_Messages
0x08262034	rom	0x5	sText_ShedinjaJP
0x08262039	rom	0x1C	sDebug_TradeResultTexts
0x08262055	rom	0x4	sSelectedMonLevelGenderCoords
0x0826205C	rom	0x20	sPokeball_Pal
0x0826207C	rom	0x600	sPokeball_Gfx
0x0826267C	rom	0x1A00	sPokeballSymbol_Gfx
0x0826407C	rom	0x800	sCableCloseup_Map
0x0826487C	rom	0x100	sPokeballSymbol_Map
0x0826497C	rom	0x20	sUnusedPal1
0x0826499C	rom	0x20	sGba_Pal
0x082649BC	rom	0x20	sShadowPalette
0x082649DC	rom	0x20	sBlackPalette
0x082649FC	rom	0x20	sLinkMon_Pal
0x08264A1C	rom	0x200	sLinkMonGlow_Gfx
0x08264C1C	rom	0x200	sLinkMonShadow_Gfx
0x08264E1C	rom	0x200	sCableEnd_Gfx
0x0826501C	rom	0x1000	sGbaScreen_Gfx
0x0826601C	rom	0x1000	gTradeOrHatchMonShadowTilemap
0x0826701C	rom	0x2800	sGbaAffine_Gfx
0x0826981C	rom	0x40	sEmptyGfx
0x0826985C	rom	0x100	sGbaAffineMapCable
0x0826995C	rom	0x100	sGbaAffineMapWireless
0x08269A5C	rom	0x1000	sGbaMapWireless
0x0826AA5C	rom	0x1000	sGbaMapCable
0x0826BA5C	rom	0x100	sWirelessCloseup_Map
0x0826BB5C	rom	0x200	sWirelessSignalAnimPals_Outbound
0x0826BD5C	rom	0x200	sWirelessSignalAnimPals_Inbound
0x0826BF5C	rom	0x20	sWirelessSignalAnimPals_Off
0x0826BF7C	rom	0x690	sWirelessSignal4bpp
0x0826C60C	rom	0x6F4	sWirelessSignalTilemap
0x0826CD00	rom	0x8	sOamData_Pokeball
0x0826CD08	rom	0x3C	sAnim_Pokeball_SpinOnce
0x0826CD44	rom	0x3C	sAnim_Pokeball_SpinTwice
0x0826CD80	rom	0x8	sAnims_Pokeball
0x0826CD88	rom	0x10	sAffineAnim_Pokeball_Normal
0x0826CD98	rom	0x10	sAffineAnim_Pokeball_Squish
0x0826CDA8	rom	0x20	sAffineAnim_Pokeball_Unsquish
0x0826CDC8	rom	0xC	sAffineAnims_Pokeball
0x0826CDD4	rom	0x8	sPokeBallSpriteSheet
0x0826CDDC	rom	0x8	sTradeBallSpritePal
0x0826CDE4	rom	0x18	sSpriteTemplate_Pokeball
0x0826CDFC	rom	0x8	sOamData_LinkMonGlow
0x0826CE04	rom	0x8	sAnim_LinkMonGlow
0x0826CE0C	rom	0x4	sAnims_LinkMonGlow
0x0826CE10	rom	0x18	sAffineAnim_LinkMonGlow
0x0826CE28	rom	0x4	sAffineAnims_LinkMonGlow
0x0826CE2C	rom	0x8	sSpriteSheet_LinkMonGlow
0x0826CE34	rom	0x8	sSpritePalette_LinkMon
0x0826CE3C	rom	0x8	sSpritePalette_Gba
0x0826CE44	rom	0x18	sSpriteTemplate_LinkMonGlow
0x0826CE5C	rom	0x8	sOamData_LinkMonShadow
0x0826CE64	rom	0x8	sAnim_LinkMonShadow_Big
0x0826CE6C	rom	0x8	sAnim_LinkMonShadow_Small
0x0826CE74	rom	0x8	sAnims_LinkMonShadow
0x0826CE7C	rom	0x8	sSpriteSheet_LinkMonShadow
0x0826CE84	rom	0x18	sSpriteTemplate_LinkMonShadow
0x0826CE9C	rom	0x8	sOamData_CableEnd
0x0826CEA4	rom	0x8	sAnim_CableEnd
0x0826CEAC	rom	0x4	sAnims_CableEnd
0x0826CEB0	rom	0x8	sSpriteSheet_CableEnd
0x0826CEB8	rom	0x18	sSpriteTemplate_CableEnd
0x0826CED0	rom	0x8	sOamData_GbaScreen
0x0826CED8	rom	0x24	sAnim_GbaScreen_Long
0x0826CEFC	rom	0x24	sAnim_GbaScreen_Short
0x0826CF20	rom	0x4	sAnims_GbaScreen_Long
0x0826CF24	rom	0x4	sAnims_GbaScreen_Short
0x0826CF28	rom	0x8	sTradeGBAScreenSpriteSheet
0x0826CF30	rom	0x18	sSpriteTemplate_GbaScreenFlash_Long
0x0826CF48	rom	0x18	sSpriteTemplate_GbaScreenFlash_Short
0x0826CF60	rom	0x18	sLinkMonShadow_Pal
0x0826CF78	rom	0x10	sAffineAnim_CrossingMonPic
0x0826CF88	rom	0x4	sAffineAnims_CrossingMonPics
0x0826CF8C	rom	0x21C	sInGameTrades
0x0826D1A8	rom	0x14	sInGameTradeMailMessages
0x0826D1BC	rom	0x10	sTradeMessageWindowTemplates
0x0826D1CC	rom	0x8	gTradeEvolutionSceneYesNoWindowTemplate
0x0826D1D4	rom	0x10	sBgTemplates
0x0826D1E4	rom	0x6C	sTradeBallVerticalVelocityTable
0x0826D250	rom	0x42	sWirelessSignalAnimParams
0x0826D294	rom	0x9	sWhiteOutMoneyLossMultipliers
0x0826D29E	rom	0x10	sWhiteOutMoneyLossBadgeFlagIDs
0x0826D2B0	rom	0x8	sDummyWarpData
0x0826D2B8	rom	0x20	sUnusedData
0x0826D2D8	rom	0x48	gDirectionToVectors
0x0826D320	rom	0x10	sOverworldBgTemplates
0x0826D33C	rom	0xC	sLinkPlayerMovementModes
0x0826D348	rom	0x2C	sLinkPlayerFacingHandlers
0x0826D374	rom	0x8	sMovementStatusHandler
0x0826D37C	rom	0x444	gTilesetTiles_PalletTown
0x0826D7C0	rom	0x200	gTilesetPalettes_PalletTown
0x0826D9C0	rom	0x600	gTilesetTiles_ViridianCity
0x0826DFC0	rom	0x200	gTilesetPalettes_ViridianCity
0x0826E1C0	rom	0x8F8	gTilesetTiles_PewterCity
0x0826EAB8	rom	0x200	gTilesetPalettes_PewterCity
0x0826ECB8	rom	0x800	gTilesetTiles_CeruleanCity
0x0826F4B8	rom	0x200	gTilesetPalettes_CeruleanCity
0x0826F6B8	rom	0xD80	gTilesetTiles_LavenderTown
0x08270438	rom	0x200	gTilesetPalettes_LavenderTown
0x08270638	rom	0x768	gTilesetTiles_VermilionCity
0x08270DA0	rom	0x200	gTilesetPalettes_VermilionCity
0x08270FA0	rom	0xCD4	gTilesetTiles_CeladonCity
0x08271C74	rom	0x200	gTilesetPalettes_CeladonCity
0x08271E74	rom	0xBE8	gTilesetTiles_FuchsiaCity
0x08272A5C	rom	0x200	gTilesetPalettes_FuchsiaCity
0x08272C5C	rom	0x6FC	gTilesetTiles_CinnabarIsland
0x08273358	rom	0x200	gTilesetPalettes_CinnabarIsland
0x08273558	rom	0xD78	gTilesetTiles_IndigoPlateau
0x082742D0	rom	0x200	gTilesetPalettes_IndigoPlateau
0x082744D0	rom	0xBC4	gTilesetTiles_SaffronCity
0x08275094	rom	0x200	gTilesetPalettes_SaffronCity
0x08275294	rom	0x2400	gTilesetTiles_Building
0x08277694	rom	0x200	gTilesetPalettes_Building
0x08277894	rom	0x1C8	gTilesetTiles_Mart
0x08277A5C	rom	0x200	gTilesetPalettes_Mart
0x08277C5C	rom	0x1068	gTilesetTiles_PokemonCenter
0x08278CC4	rom	0x200	gTilesetPalettes_PokemonCenter
0x08278EC4	rom	0x12E4	gTilesetTiles_Cave
0x0827A1A8	rom	0x200	gTilesetPalettes_Cave
0x0827A3A8	rom	0x10	gTilesetTiles_Dummy1
0x0827A3B8	rom	0x200	gTilesetPalettes_Dummy1
0x0827A5B8	rom	0x85C	gTilesetTiles_Museum
0x0827AE14	rom	0x200	gTilesetPalettes_Museum
0x0827B014	rom	0x4F00	gTilesetTiles_CableClub
0x0827FF14	rom	0x200	gTilesetPalettes_CableClub
0x08280114	rom	0x3D8	gTilesetTiles_BikeShop
0x082804EC	rom	0x200	gTilesetPalettes_BikeShop
0x082806EC	rom	0x614	gTilesetTiles_Lab
0x08280D00	rom	0x200	gTilesetPalettes_Lab
0x08280F00	rom	0x14A4	gTilesetTiles_HoennBuilding
0x082823A4	rom	0x200	gTilesetPalettes_HoennBuilding
0x082825A4	rom	0xA18	gTilesetTiles_GameCorner
0x08282FBC	rom	0x200	gTilesetPalettes_GameCorner
0x082831BC	rom	0x7F4	gTilesetTiles_PewterGym
0x082839B0	rom	0x200	gTilesetPalettes_PewterGym
0x08283BB0	rom	0x448	gTilesetTiles_CeruleanGym
0x08283FF8	rom	0x200	gTilesetPalettes_CeruleanGym
0x082841F8	rom	0x7C0	gTilesetTiles_VermilionGym
0x082849B8	rom	0x200	gTilesetPalettes_VermilionGym
0x08284BB8	rom	0x598	gTilesetTiles_CeladonGym
0x08285150	rom	0x200	gTilesetPalettes_CeladonGym
0x08285350	rom	0x454	gTilesetTiles_FuchsiaGym
0x082857A4	rom	0x200	gTilesetPalettes_FuchsiaGym
0x082859A4	rom	0x3EC	gTilesetTiles_SaffronGym
0x08285D90	rom	0x200	gTilesetPalettes_SaffronGym
0x08285F90	rom	0x644	gTilesetTiles_CinnabarGym
0x082865D4	rom	0x200	gTilesetPalettes_CinnabarGym
0x082867D4	rom	0x3F4	gTilesetTiles_ViridianGym
0x08286BC8	rom	0x200	gTilesetPalettes_ViridianGym
0x08286DC8	rom	0xDB8	gTilesetTiles_SSAnne
0x08287B80	rom	0x200	gTilesetPalettes_SSAnne
0x08287D80	rom	0x14	gTilesetTiles_Dummy2
0x08287D94	rom	0x200	gTilesetPalettes_Dummy2
0x08287F94	rom	0x4B0	gTilesetTiles_ViridianForest
0x08288444	rom	0x200	gTilesetPalettes_ViridianForest
0x08288644	rom	0x61C	gTilesetTiles_UnusedGatehouse1
0x08288C60	rom	0x200	gTilesetPalettes_UnusedGatehouse1
0x08288E60	rom	0x1168	gTilesetTiles_RockTunnel
0x08289FC8	rom	0x200	gTilesetPalettes_RockTunnel
0x0828A1C8	rom	0x1088	gTilesetTiles_DiglettsCave
0x0828B250	rom	0x200	gTilesetPalettes_DiglettsCave
0x0828B450	rom	0x1650	gTilesetTiles_SeafoamIslands
0x0828CAA0	rom	0x200	gTilesetPalettes_SeafoamIslands
0x0828CCA0	rom	0x61C	gTilesetTiles_UnusedGatehouse2
0x0828D2BC	rom	0x200	gTilesetPalettes_UnusedGatehouse2
0x0828D4BC	rom	0xEE8	gTilesetTiles_CeruleanCave
0x0828E3A4	rom	0x200	gTilesetPalettes_CeruleanCave
0x0828E5A4	rom	0x6CC	gTilesetTiles_GenericBuilding2
0x0828EC70	rom	0x200	gTilesetPalettes_GenericBuilding2
0x0828EE70	rom	0x508	gTilesetTiles_PowerPlant
0x0828F378	rom	0x200	gTilesetPalettes_PowerPlant
0x0828F578	rom	0x460	gTilesetTiles_SeaCottage
0x0828F9D8	rom	0x200	gTilesetPalettes_SeaCottage
0x0828FBD8	rom	0x11F8	gTilesetTiles_Condominiums
0x08290DD0	rom	0x200	gTilesetPalettes_Condominiums
0x08290FD0	rom	0x2A4	gTilesetTiles_UndergroundPath
0x08291274	rom	0x200	gTilesetPalettes_UndergroundPath
0x08291474	rom	0x688	gTilesetTiles_PokemonTower
0x08291AFC	rom	0x200	gTilesetPalettes_PokemonTower
0x08291CFC	rom	0x3F4	gTilesetTiles_SafariZoneBuilding
0x082920F0	rom	0x200	gTilesetPalettes_SafariZoneBuilding
0x082922F0	rom	0xD00	gTilesetTiles_PokemonMansion
0x08292FF0	rom	0x200	gTilesetPalettes_PokemonMansion
0x082931F0	rom	0x470	gTilesetTiles_RestaurantHotel
0x08293660	rom	0x200	gTilesetPalettes_RestaurantHotel
0x08293860	rom	0x2AC	gTilesetTiles_School
0x08293B0C	rom	0x200	gTilesetPalettes_School
0x08293D0C	rom	0x438	gTilesetTiles_FanClubDaycare
0x08294144	rom	0x200	gTilesetPalettes_FanClubDaycare
0x08294344	rom	0x9C4	gTilesetTiles_BurgledHouse
0x08294D08	rom	0x200	gTilesetPalettes_BurgledHouse
0x08294F08	rom	0x10	gTilesetTiles_Dummy3
0x08294F18	rom	0x200	gTilesetPalettes_Dummy3
0x08295118	rom	0x14	gTilesetTiles_Dummy4
0x0829512C	rom	0x200	gTilesetPalettes_Dummy4
0x0829532C	rom	0x14A8	gTilesetTiles_MtEmber
0x082967D4	rom	0x200	gTilesetPalettes_MtEmber
0x082969D4	rom	0x4BC	gTilesetTiles_BerryForest
0x08296E90	rom	0x200	gTilesetPalettes_BerryForest
0x08297090	rom	0x132C	gTilesetTiles_NavelRock
0x082983BC	rom	0x200	gTilesetPalettes_NavelRock
0x082985BC	rom	0x3B4	gTilesetTiles_TanobyRuins
0x08298970	rom	0x200	gTilesetPalettes_TanobyRuins
0x08298B70	rom	0xF34	gTilesetTiles_SeviiIslands123
0x08299AA4	rom	0x200	gTilesetPalettes_SeviiIslands123
0x08299CA4	rom	0xE60	gTilesetTiles_SeviiIslands45
0x0829AB04	rom	0x200	gTilesetPalettes_SeviiIslands45
0x0829AD04	rom	0x1060	gTilesetTiles_SeviiIslands67
0x0829BD64	rom	0x200	gTilesetPalettes_SeviiIslands67
0x0829BF64	rom	0xF80	gTilesetTiles_TrainerTower
0x0829CEE4	rom	0x200	gTilesetPalettes_TrainerTower
0x0829D0E4	rom	0x7B0	gTilesetTiles_IslandHarbor
0x0829D894	rom	0x200	gTilesetPalettes_IslandHarbor
0x0829DA94	rom	0xFBC	gTilesetTiles_PokemonLeague
0x0829EA50	rom	0x200	gTilesetPalettes_PokemonLeague
0x0829EC50	rom	0x878	gTilesetTiles_HallOfFame
0x0829F4C8	rom	0x200	gTilesetPalettes_HallOfFame
0x0829F6C8	rom	0x2800	gMetatiles_General
0x082A1EC8	rom	0xA00	gMetatileAttributes_General
0x082A28C8	rom	0x590	gMetatiles_PalletTown
0x082A2E58	rom	0x164	gMetatileAttributes_PalletTown
0x082A2FBC	rom	0x5F0	gMetatiles_ViridianCity
0x082A35AC	rom	0x17C	gMetatileAttributes_ViridianCity
0x082A3728	rom	0x4F0	gMetatiles_PewterCity
0x082A3C18	rom	0x13C	gMetatileAttributes_PewterCity
0x082A3D54	rom	0x860	gMetatiles_CeruleanCity
0x082A45B4	rom	0x218	gMetatileAttributes_CeruleanCity
0x082A47CC	rom	0xDA0	gMetatiles_LavenderTown
0x082A556C	rom	0x368	gMetatileAttributes_LavenderTown
0x082A58D4	rom	0xA80	gMetatiles_VermilionCity
0x082A6354	rom	0x2A0	gMetatileAttributes_VermilionCity
0x082A65F4	rom	0xF00	gMetatiles_CeladonCity
0x082A74F4	rom	0x3C0	gMetatileAttributes_CeladonCity
0x082A78B4	rom	0xC00	gMetatiles_FuchsiaCity
0x082A84B4	rom	0x300	gMetatileAttributes_FuchsiaCity
0x082A87B4	rom	0x400	gMetatiles_CinnabarIsland
0x082A8BB4	rom	0x100	gMetatileAttributes_CinnabarIsland
0x082A8CB4	rom	0xB00	gMetatiles_IndigoPlateau
0x082A97B4	rom	0x2C0	gMetatileAttributes_IndigoPlateau
0x082A9A74	rom	0xC80	gMetatiles_SaffronCity
0x082AA6F4	rom	0x320	gMetatileAttributes_SaffronCity
0x082AAA14	rom	0x650	gMetatiles_PewterGym
0x082AB064	rom	0x194	gMetatileAttributes_PewterGym
0x082AB1F8	rom	0x540	gMetatiles_CeruleanGym
0x082AB738	rom	0x150	gMetatileAttributes_CeruleanGym
0x082AB888	rom	0x4B0	gMetatiles_VermilionGym
0x082ABD38	rom	0x12C	gMetatileAttributes_VermilionGym
0x082ABE64	rom	0x400	gMetatiles_CeladonGym
0x082AC264	rom	0x100	gMetatileAttributes_CeladonGym
0x082AC364	rom	0x220	gMetatiles_FuchsiaGym
0x082AC584	rom	0x88	gMetatileAttributes_FuchsiaGym
0x082AC60C	rom	0x2E0	gMetatiles_SaffronGym
0x082AC8EC	rom	0xB8	gMetatileAttributes_SaffronGym
0x082AC9A4	rom	0x600	gMetatiles_CinnabarGym
0x082ACFA4	rom	0x180	gMetatileAttributes_CinnabarGym
0x082AD124	rom	0x540	gMetatiles_ViridianGym
0x082AD664	rom	0x150	gMetatileAttributes_ViridianGym
0x082AD7B4	rom	0x2800	gMetatiles_Building
0x082AFFB4	rom	0xA00	gMetatileAttributes_Building
0x082B09B4	rom	0x20	gMetatiles_Dummy1
0x082B09D4	rom	0x8	gMetatileAttributes_Dummy1
0x082B09DC	rom	0x2000	gMetatiles_HoennBuilding
0x082B29DC	rom	0x800	gMetatileAttributes_HoennBuilding
0x082B31DC	rom	0x2A0	gMetatiles_BikeShop
0x082B347C	rom	0xA8	gMetatileAttributes_BikeShop
0x082B3524	rom	0x430	gMetatiles_Mart
0x082B3954	rom	0x10C	gMetatileAttributes_Mart
0x082B3A60	rom	0xFF0	gMetatiles_PokemonCenter
0x082B4A50	rom	0x3FC	gMetatileAttributes_PokemonCenter
0x082B4E4C	rom	0x180	gMetatiles_GenericBuilding1
0x082B4FCC	rom	0x60	gMetatileAttributes_GenericBuilding1
0x082B502C	rom	0xA10	gMetatiles_Cave
0x082B5A3C	rom	0x284	gMetatileAttributes_Cave
0x082B5CC0	rom	0x980	gMetatiles_GameCorner
0x082B6640	rom	0x260	gMetatileAttributes_GameCorner
0x082B68A0	rom	0xAF0	gMetatiles_Lab
0x082B7390	rom	0x2BC	gMetatileAttributes_Lab
0x082B764C	rom	0x1500	gMetatiles_SSAnne
0x082B8B4C	rom	0x540	gMetatileAttributes_SSAnne
0x082B908C	rom	0x20	gMetatiles_Dummy2
0x082B90AC	rom	0x8	gMetatileAttributes_Dummy2
0x082B90B4	rom	0x2B0	gMetatiles_ViridianForest
0x082B9364	rom	0xAC	gMetatileAttributes_ViridianForest
0x082B9410	rom	0x720	gMetatiles_UnusedGatehouse1
0x082B9B30	rom	0x1C8	gMetatileAttributes_UnusedGatehouse1
0x082B9CF8	rom	0x980	gMetatiles_RockTunnel
0x082BA678	rom	0x260	gMetatileAttributes_RockTunnel
0x082BA8D8	rom	0x9D0	gMetatiles_DiglettsCave
0x082BB2A8	rom	0x274	gMetatileAttributes_DiglettsCave
0x082BB51C	rom	0xF80	gMetatiles_SeafoamIslands
0x082BC49C	rom	0x3E0	gMetatileAttributes_SeafoamIslands
0x082BC87C	rom	0x720	gMetatiles_UnusedGatehouse2
0x082BCF9C	rom	0x1C8	gMetatileAttributes_UnusedGatehouse2
0x082BD164	rom	0x860	gMetatiles_CeruleanCave
0x082BD9C4	rom	0x218	gMetatileAttributes_CeruleanCave
0x082BDBDC	rom	0xF60	gMetatiles_DepartmentStore
0x082BEB3C	rom	0x3D8	gMetatileAttributes_DepartmentStore
0x082BEF14	rom	0xB80	gMetatiles_GenericBuilding2
0x082BFA94	rom	0x2E0	gMetatileAttributes_GenericBuilding2
0x082BFD74	rom	0x990	gMetatiles_PowerPlant
0x082C0704	rom	0x264	gMetatileAttributes_PowerPlant
0x082C0968	rom	0x3B0	gMetatiles_SeaCottage
0x082C0D18	rom	0xEC	gMetatileAttributes_SeaCottage
0x082C0E04	rom	0x17A0	gMetatiles_SilphCo
0x082C25A4	rom	0x5E8	gMetatileAttributes_SilphCo
0x082C2B8C	rom	0x480	gMetatiles_UndergroundPath
0x082C300C	rom	0x120	gMetatileAttributes_UndergroundPath
0x082C312C	rom	0x650	gMetatiles_PokemonTower
0x082C377C	rom	0x194	gMetatileAttributes_PokemonTower
0x082C3910	rom	0x800	gMetatiles_SafariZoneBuilding
0x082C4110	rom	0x200	gMetatileAttributes_SafariZoneBuilding
0x082C4310	rom	0x1020	gMetatiles_PokemonMansion
0x082C5330	rom	0x408	gMetatileAttributes_PokemonMansion
0x082C5738	rom	0x870	gMetatiles_Museum
0x082C5FA8	rom	0x21C	gMetatileAttributes_Museum
0x082C61C4	rom	0x1000	gMetatiles_CableClub
0x082C71C4	rom	0x400	gMetatileAttributes_CableClub
0x082C75C4	rom	0x680	gMetatiles_RestaurantHotel
0x082C7C44	rom	0x1A0	gMetatileAttributes_RestaurantHotel
0x082C7DE4	rom	0x2E0	gMetatiles_School
0x082C80C4	rom	0xB8	gMetatileAttributes_School
0x082C817C	rom	0xAA0	gMetatiles_FanClubDaycare
0x082C8C1C	rom	0x2A8	gMetatileAttributes_FanClubDaycare
0x082C8EC4	rom	0xD70	gMetatiles_Condominiums
0x082C9C34	rom	0x35C	gMetatileAttributes_Condominiums
0x082C9F90	rom	0x390	gMetatiles_BurgledHouse
0x082CA320	rom	0xE4	gMetatileAttributes_BurgledHouse
0x082CA404	rom	0x20	gMetatiles_Dummy3
0x082CA424	rom	0x8	gMetatileAttributes_Dummy3
0x082CA42C	rom	0x20	gMetatiles_Dummy4
0x082CA44C	rom	0x8	gMetatileAttributes_Dummy4
0x082CA454	rom	0xE20	gMetatiles_MtEmber
0x082CB274	rom	0x388	gMetatileAttributes_MtEmber
0x082CB5FC	rom	0x2A0	gMetatiles_BerryForest
0x082CB89C	rom	0xA8	gMetatileAttributes_BerryForest
0x082CB944	rom	0xDC0	gMetatiles_NavelRock
0x082CC704	rom	0x370	gMetatileAttributes_NavelRock
0x082CCA74	rom	0x5E0	gMetatiles_TanobyRuins
0x082CD054	rom	0x178	gMetatileAttributes_TanobyRuins
0x082CD1CC	rom	0x11D0	gMetatiles_SeviiIslands123
0x082CE39C	rom	0x474	gMetatileAttributes_SeviiIslands123
0x082CE810	rom	0x980	gMetatiles_SeviiIslands45
0x082CF190	rom	0x260	gMetatileAttributes_SeviiIslands45
0x082CF3F0	rom	0xF00	gMetatiles_SeviiIslands67
0x082D02F0	rom	0x3C0	gMetatileAttributes_SeviiIslands67
0x082D06B0	rom	0x1200	gMetatiles_TrainerTower
0x082D18B0	rom	0x480	gMetatileAttributes_TrainerTower
0x082D1D30	rom	0x4F0	gMetatiles_IslandHarbor
0x082D2220	rom	0x13C	gMetatileAttributes_IslandHarbor
0x082D235C	rom	0x1800	gMetatiles_PokemonLeague
0x082D3B5C	rom	0x600	gMetatileAttributes_PokemonLeague
0x082D415C	rom	0x760	gMetatiles_HallOfFame
0x082D48BC	rom	0x1D8	gMetatileAttributes_HallOfFame
0x082D4A94	rom	0x18	gTileset_General
0x082D4AAC	rom	0x18	gTileset_PalletTown
0x082D4AC4	rom	0x18	gTileset_ViridianCity
0x082D4ADC	rom	0x18	gTileset_PewterCity
0x082D4AF4	rom	0x18	gTileset_CeruleanCity
0x082D4B0C	rom	0x18	gTileset_LavenderTown
0x082D4B24	rom	0x18	gTileset_VermilionCity
0x082D4B3C	rom	0x18	gTileset_CeladonCity
0x082D4B54	rom	0x18	gTileset_FuchsiaCity
0x082D4B6C	rom	0x18	gTileset_CinnabarIsland
0x082D4B84	rom	0x18	gTileset_IndigoPlateau
0x082D4B9C	rom	0x18	gTileset_SaffronCity
0x082D4BB4	rom	0x18	gTileset_Building
0x082D4BCC	rom	0x18	gTileset_Mart
0x082D4BE4	rom	0x18	gTileset_PokemonCenter
0x082D4BFC	rom	0x18	gTileset_Cave
0x082D4C14	rom	0x18	gTileset_Dummy1
0x082D4C2C	rom	0x18	gTileset_Museum
0x082D4C44	rom	0x18	gTileset_CableClub
0x082D4C5C	rom	0x18	gTileset_BikeShop
0x082D4C74	rom	0x18	gTileset_GenericBuilding1
0x082D4C8C	rom	0x18	gTileset_Lab
0x082D4CA4	rom	0x18	gTileset_FuchsiaGym
0x082D4CBC	rom	0x18	gTileset_ViridianGym
0x082D4CD4	rom	0x18	gTileset_HoennBuilding
0x082D4CEC	rom	0x18	gTileset_GameCorner
0x082D4D04	rom	0x18	gTileset_PewterGym
0x082D4D1C	rom	0x18	gTileset_CeruleanGym
0x082D4D34	rom	0x18	gTileset_VermilionGym
0x082D4D4C	rom	0x18	gTileset_CeladonGym
0x082D4D64	rom	0x18	gTileset_SaffronGym
0x082D4D7C	rom	0x18	gTileset_CinnabarGym
0x082D4D94	rom	0x18	gTileset_SSAnne
0x082D4DAC	rom	0x18	gTileset_Dummy2
0x082D4DC4	rom	0x18	gTileset_ViridianForest
0x082D4DDC	rom	0x18	gTileset_UnusedGatehouse1
0x082D4DF4	rom	0x18	gTileset_RockTunnel
0x082D4E0C	rom	0x18	gTileset_DiglettsCave
0x082D4E24	rom	0x18	gTileset_SeafoamIslands
0x082D4E3C	rom	0x18	gTileset_UnusedGatehouse2
0x082D4E54	rom	0x18	gTileset_CeruleanCave
0x082D4E6C	rom	0x18	gTileset_DepartmentStore
0x082D4E84	rom	0x18	gTileset_GenericBuilding2
0x082D4E9C	rom	0x18	gTileset_PowerPlant
0x082D4EB4	rom	0x18	gTileset_SeaCottage
0x082D4ECC	rom	0x18	gTileset_SilphCo
0x082D4EE4	rom	0x18	gTileset_UndergroundPath
0x082D4EFC	rom	0x18	gTileset_PokemonTower
0x082D4F14	rom	0x18	gTileset_SafariZoneBuilding
0x082D4F2C	rom	0x18	gTileset_PokemonMansion
0x082D4F44	rom	0x18	gTileset_RestaurantHotel
0x082D4F5C	rom	0x18	gTileset_School
0x082D4F74	rom	0x18	gTileset_FanClubDaycare
0x082D4F8C	rom	0x18	gTileset_Condominiums
0x082D4FA4	rom	0x18	gTileset_BurgledHouse
0x082D4FBC	rom	0x18	gTileset_Dummy3
0x082D4FD4	rom	0x18	gTileset_Dummy4
0x082D4FEC	rom	0x18	gTileset_MtEmber
0x082D5004	rom	0x18	gTileset_BerryForest
0x082D501C	rom	0x18	gTileset_NavelRock
0x082D5034	rom	0x18	gTileset_TanobyRuins
0x082D504C	rom	0x18	gTileset_SeviiIslands123
0x082D5064	rom	0x18	gTileset_SeviiIslands45
0x082D507C	rom	0x18	gTileset_SeviiIslands67
0x082D5094	rom	0x18	gTileset_TrainerTower
0x082D50AC	rom	0x18	gTileset_IslandHarbor
0x082D50C4	rom	0x18	gTileset_PokemonLeague
0x082D50DC	rom	0x18	gTileset_HallOfFame
0x08352EEC	rom	0x4	sDummyConnectionFlags
0x08352EF0	rom	0x20	sMetatileAttrMasks
0x08352F10	rom	0x8	sMetatileAttrShifts
0x08352F78	rom	0xF0	sBehaviorSurfable
0x08353068	rom	0x20	sTileBitAttributes
0x08353088	rom	0x180	sDoorAnimTiles_General
0x08353208	rom	0x20	sDoorNullPalette1
0x08353228	rom	0x180	sDoorAnimTiles_SlidingSingle
0x083533A8	rom	0x20	sDoorNullPalette2
0x083533C8	rom	0x180	sDoorAnimTiles_SlidingDouble
0x08353548	rom	0x20	sDoorNullPalette3
0x08353568	rom	0x180	sDoorAnimTiles_Pallet
0x083536E8	rom	0x20	sDoorNullPalette4
0x08353708	rom	0x180	sDoorAnimTiles_OaksLab
0x08353888	rom	0x20	sDoorNullPalette5
0x083538A8	rom	0x180	sDoorAnimTiles_Viridian
0x08353A28	rom	0x20	sDoorNullPalette6
0x08353A48	rom	0x180	sDoorAnimTiles_Pewter
0x08353BC8	rom	0x20	sDoorNullPalette7
0x08353BE8	rom	0x180	sDoorAnimTiles_Saffron
0x08353D68	rom	0x20	sDoorNullPalette8
0x08353D88	rom	0x180	sDoorAnimTiles_SilphCo
0x08353F08	rom	0x20	sDoorNullPalette9
0x08353F28	rom	0x180	sDoorAnimTiles_Cerulean
0x083540A8	rom	0x20	sDoorNullPalette10
0x083540C8	rom	0x180	sDoorAnimTiles_Lavender
0x08354248	rom	0x20	sDoorNullPalette11
0x08354268	rom	0x180	sDoorAnimTiles_Vermilion
0x083543E8	rom	0x20	sDoorNullPalette12
0x08354408	rom	0x180	sDoorAnimTiles_PokemonFanClub
0x08354588	rom	0x20	sDoorNullPalette13
0x083545A8	rom	0x180	sDoorAnimTiles_DeptStore
0x08354728	rom	0x20	sDoorNullPalette14
0x08354748	rom	0x180	sDoorAnimTiles_Fuchsia
0x083548C8	rom	0x20	sDoorNullPalette15
0x083548E8	rom	0x180	sDoorAnimTiles_SafariZone
0x08354A68	rom	0x20	sDoorNullPalette16
0x08354A88	rom	0x180	sDoorAnimTiles_CinnabarLab
0x08354C08	rom	0x20	sDoorNullPalette17
0x08354C28	rom	0x300	sDoorAnimTiles_DeptStoreElevator
0x08354F28	rom	0x20	sDoorNullPalette18
0x08354F48	rom	0x300	sDoorAnimTiles_CableClub
0x08355248	rom	0x20	sDoorNullPalette19
0x08355268	rom	0x300	sDoorAnimTiles_HideoutElevator
0x08355568	rom	0x20	sDoorNullPalette20
0x08355588	rom	0x300	sDoorAnimTiles_SSAnne
0x08355888	rom	0x20	sDoorNullPalette21
0x083558A8	rom	0x300	sDoorAnimTiles_Empty1
0x08355BA8	rom	0x20	sDoorNullPalette22
0x08355BC8	rom	0x300	sDoorAnimTiles_Empty2
0x08355EC8	rom	0x20	sDoorNullPalette23
0x08355EE8	rom	0x300	sDoorAnimTiles_Empty3
0x083561E8	rom	0x20	sDoorNullPalette24
0x08356208	rom	0x300	sDoorAnimTiles_Empty4
0x08356508	rom	0x20	sDoorNullPalette25
0x08356528	rom	0x300	sDoorAnimTiles_Empty5
0x08356828	rom	0x20	sDoorNullPalette26
0x08356848	rom	0x300	sDoorAnimTiles_Empty6
0x08356B48	rom	0x20	sDoorNullPalette27
0x08356B68	rom	0x300	sDoorAnimTiles_Empty7
0x08356E68	rom	0x20	sDoorNullPalette28
0x08356E88	rom	0x180	sDoorAnimTiles_Empty8
0x08357008	rom	0x20	sDoorNullPalette29
0x08357028	rom	0x180	sDoorAnimTiles_Empty9
0x083571A8	rom	0x20	sDoorNullPalette30
0x083571C8	rom	0x180	sDoorAnimTiles_Empty10
0x08357348	rom	0x20	sDoorNullPalette31
0x08357368	rom	0x180	sDoorAnimTiles_Empty11
0x083574E8	rom	0x20	sDoorNullPalette32
0x08357508	rom	0x180	sDoorAnimTiles_Empty12
0x08357688	rom	0x20	sDoorNullPalette33
0x083576A8	rom	0x180	sDoorAnimTiles_Empty13
0x08357828	rom	0x20	sDoorNullPalette34
0x08357848	rom	0x180	sDoorAnimTiles_Empty14
0x083579C8	rom	0x20	sDoorNullPalette35
0x083579E8	rom	0x180	sDoorAnimTiles_Empty15
0x08357B68	rom	0x20	sDoorNullPalette36
0x08357B88	rom	0x180	sDoorAnimTiles_Empty16
0x08357D08	rom	0x20	sDoorNullPalette37
0x08357D28	rom	0x180	sDoorAnimTiles_Empty17
0x08357EA8	rom	0x20	sDoorNullPalette38
0x08357EC8	rom	0x180	sDoorAnimTiles_Empty18
0x08358048	rom	0x20	sDoorNullPalette39
0x08358068	rom	0x180	sDoorAnimTiles_Empty19
0x083581E8	rom	0x20	sDoorNullPalette40
0x08358208	rom	0x180	sDoorAnimTiles_Empty20
0x08358388	rom	0x20	sDoorNullPalette41
0x083583A8	rom	0x180	sDoorAnimTiles_Empty21
0x08358528	rom	0x20	sDoorNullPalette42
0x08358548	rom	0x180	sDoorAnimTiles_Empty22
0x083586C8	rom	0x20	sDoorNullPalette43
0x083586E8	rom	0x180	sDoorAnimTiles_Empty23
0x08358868	rom	0x20	sDoorNullPalette44
0x08358888	rom	0x180	sDoorAnimTiles_Empty24
0x08358A08	rom	0x20	sDoorNullPalette45
0x08358A28	rom	0x180	sDoorAnimTiles_Empty25
0x08358BA8	rom	0x20	sDoorNullPalette46
0x08358BC8	rom	0x180	sDoorAnimTiles_Empty26
0x08358D48	rom	0x20	sDoorNullPalette47
0x08358D68	rom	0x180	sDoorAnimTiles_Empty27
0x08358EE8	rom	0x20	sDoorNullPalette48
0x08358F08	rom	0x180	sDoorAnimTiles_Empty28
0x08359088	rom	0x20	sDoorNullPalette49
0x083590A8	rom	0x180	sDoorAnimTiles_Empty29
0x08359228	rom	0x20	sDoorNullPalette50
0x08359248	rom	0x180	sDoorAnimTiles_Empty30
0x083593C8	rom	0x20	sDoorNullPalette51
0x083593E8	rom	0x180	sDoorAnimTiles_Empty31
0x08359568	rom	0x20	sDoorNullPalette52
0x08359588	rom	0x100	sDoorAnimTiles_UnusedTop
0x08359688	rom	0x100	sDoorAnimTiles_Empty32
0x08359788	rom	0x100	sDoorAnimTiles_UnusedMidTop
0x08359888	rom	0x100	sDoorAnimTiles_Empty33
0x08359988	rom	0x100	sDoorAnimTiles_UnusedMidBottom
0x08359A88	rom	0x100	sDoorAnimTiles_Empty34
0x08359B88	rom	0x100	sDoorAnimTiles_UnusedBottom
0x08359C88	rom	0x20	sDoorNullPalette53
0x08359CA8	rom	0x300	sDoorAnimTiles_SilphCoElevator
0x08359FA8	rom	0x20	sDoorNullPalette54
0x08359FC8	rom	0x180	sDoorAnimTiles_Sevii123
0x0835A148	rom	0x20	sDoorNullPalette55
0x0835A168	rom	0x180	sDoorAnimTiles_JoyfulGameCorner
0x0835A2E8	rom	0x20	sDoorNullPalette56
0x0835A308	rom	0x180	sDoorAnimTiles_OneIslandPokeCenter
0x0835A488	rom	0x20	sDoorNullPalette57
0x0835A4A8	rom	0x180	sDoorAnimTiles_Sevii45
0x0835A628	rom	0x20	sDoorNullPalette58
0x0835A648	rom	0x180	sDoorAnimTiles_FourIslandDayCare
0x0835A7C8	rom	0x20	sDoorNullPalette59
0x0835A7E8	rom	0x180	sDoorAnimTiles_RocketWarehouse
0x0835A968	rom	0x20	sDoorNullPalette60
0x0835A988	rom	0x180	sDoorAnimTiles_Sevii67
0x0835AB08	rom	0x20	sDoorNullPalette61
0x0835AB28	rom	0x300	sDoorAnimTiles_Teleporter
0x0835AE28	rom	0x20	sDoorNullPalette62
0x0835AE48	rom	0x300	sDoorAnimTiles_TrainerTowerLobbyElevator
0x0835B148	rom	0x20	sDoorNullPalette63
0x0835B168	rom	0x300	sDoorAnimTiles_TrainerTowerRoofElevator
0x0835B468	rom	0x20	sDoorNullPalette64
0x0835B488	rom	0x14	sDoorAnimFrames_OpenSmall
0x0835B49C	rom	0x14	sDoorAnimFrames_OpenLarge
0x0835B4B0	rom	0x14	sDoorAnimFrames_CloseSmall
0x0835B4C4	rom	0x14	sDoorAnimFrames_CloseLarge
0x0835B4D8	rom	0x8	sDoorAnimPalettes_General
0x0835B4E0	rom	0x8	sDoorAnimPalettes_SlidingSingle
0x0835B4E8	rom	0x8	sDoorAnimPalettes_SlidingDouble
0x0835B4F0	rom	0x8	sDoorAnimPalettes_Pallet
0x0835B4F8	rom	0x8	sDoorAnimPalettes_OaksLab
0x0835B500	rom	0x8	sDoorAnimPalettes_Viridian
0x0835B508	rom	0x8	sDoorAnimPalettes_Pewter
0x0835B510	rom	0x8	sDoorAnimPalettes_Saffron
0x0835B518	rom	0x8	sDoorAnimPalettes_SilphCo
0x0835B520	rom	0x8	sDoorAnimPalettes_Cerulean
0x0835B528	rom	0x8	sDoorAnimPalettes_Lavender
0x0835B530	rom	0x8	sDoorAnimPalettes_Vermilion
0x0835B538	rom	0x8	sDoorAnimPalettes_PokemonFanClub
0x0835B540	rom	0x8	sDoorAnimPalettes_DeptStore
0x0835B548	rom	0x8	sDoorAnimPalettes_Fuchsia
0x0835B550	rom	0x8	sDoorAnimPalettes_SafariZone
0x0835B558	rom	0x8	sDoorAnimPalettes_CinnabarLab
0x0835B560	rom	0x8	sDoorAnimPalettes_DeptStoreElevator
0x0835B568	rom	0x8	sDoorAnimPalettes_CableClub
0x0835B570	rom	0x8	sDoorAnimPalettes_HideoutElevator
0x0835B578	rom	0x8	sDoorAnimPalettes_SSAnne
0x0835B580	rom	0x8	sDoorAnimPalettes_SilphCoElevator
0x0835B588	rom	0x8	sDoorAnimPalettes_Sevii123
0x0835B590	rom	0x8	sDoorAnimPalettes_JoyfulGameCorner
0x0835B598	rom	0x8	sDoorAnimPalettes_OneIslandPokeCenter
0x0835B5A0	rom	0x8	sDoorAnimPalettes_Sevii45
0x0835B5A8	rom	0x8	sDoorAnimPalettes_FourIslandDayCare
0x0835B5B0	rom	0x8	sDoorAnimPalettes_RocketWarehouse
0x0835B5B8	rom	0x8	sDoorAnimPalettes_Sevii67
0x0835B5C0	rom	0x8	sDoorAnimPalettes_Teleporter
0x0835B5C8	rom	0x8	sDoorAnimPalettes_TrainerTowerLobbyElevator
0x0835B5D0	rom	0x8	sDoorAnimPalettes_TrainerTowerRoofElevator
0x0835B5D8	rom	0x18C	sDoorGraphics
0x0835B764	rom	0xB0	sForcedMovementFuncs
0x0835B814	rom	0xC	sPlayerNotOnBikeFuncs
0x0835B820	rom	0x5	sQuestLogSurfDismountActionIds
0x0835B828	rom	0x14	sAcroBikeTrickMetatiles
0x0835B83C	rom	0x5	sAcroBikeTrickCollisionTypes
0x0835B844	rom	0x20	sPlayerAvatarTransitionFuncs
0x0835B864	rom	0x10	sArrowWarpMetatileBehaviorChecks
0x0835B874	rom	0xC	sPlayerAvatarGfxIds
0x0835B880	rom	0x2	sHoennLinkPartnerGfxIds
0x0835B882	rom	0xC	sPlayerAvatarGfxToStateFlag
0x0835B88E	rom	0x2	sPlayerAvatarVsSeekerBikeGfxIds
0x0835B890	rom	0x10	sArrowWarpMetatileBehaviorChecks2
0x0835B8A0	rom	0xC	sBoulderTaskSteps
0x0835B8AC	rom	0x4	sPlayerAvatarSecretBaseMatJump
0x0835B8B0	rom	0x10	sPlayerAvatarSecretBaseMatSpin
0x0835B8CC	rom	0x40	sFishingStateFuncs
0x0835B918	rom	0x0	dot.471
0x0835B92C	rom	0x5	sTeleportFacingDirectionSequence
0x0835B934	rom	0x10	gReflectionEffectPaletteMap
0x0835B944	rom	0x18	gCameraSpriteTemplate
0x0835B95C	rom	0xC	gCameraObjectFuncs
0x0835B968	rom	0x20	gObjectEventPal_Player
0x0835B988	rom	0x20	gObjectEventPal_PlayerUnused
0x0835B9A8	rom	0x20	gObjectEventPaletteNull1
0x0835B9C8	rom	0x20	gObjectEventPaletteNull2
0x0835B9E8	rom	0x20	gObjectEventPaletteNull3
0x0835BA08	rom	0x20	gObjectEventPaletteNull4
0x0835BA28	rom	0x20	gObjectEventPaletteNull5
0x0835BA48	rom	0x20	gObjectEventPaletteNull6
0x0835BA68	rom	0x20	gObjectEventPaletteNull7
0x0835BA88	rom	0x20	gObjectEventPaletteNull8
0x0835BAA8	rom	0x20	gObjectEventPaletteNull9
0x0835BAC8	rom	0x20	gObjectEventPaletteNull10
0x0835BAE8	rom	0x20	gObjectEventPaletteNull11
0x0835BB08	rom	0x20	gObjectEventPaletteNull12
0x0835BB28	rom	0x20	gObjectEventPaletteNull13
0x0835BB48	rom	0x20	gObjectEventPaletteNull14
0x0835BB68	rom	0x900	gObjectEventPic_RedNormal
0x0835C468	rom	0xE00	gObjectEventPic_RedSurfRun
0x0835D268	rom	0x900	gObjectEventPic_GreenNormal
0x0835DB68	rom	0xE00	gObjectEventPic_GreenSurfRun
0x0835E968	rom	0x20	gObjectEventPal_PlayerReflection
0x0835E988	rom	0x20	gObjectEventPal_BridgeReflection
0x0835E9A8	rom	0x900	gObjectEventPic_RedItem
0x0835F2A8	rom	0x900	gObjectEventPic_GreenItem
0x0835FBA8	rom	0x1200	gObjectEventPic_RedSurf
0x08360DA8	rom	0x1200	gObjectEventPic_GreenSurf
0x08361FA8	rom	0x1200	gObjectEventPic_RedBike
0x083631A8	rom	0xC00	gObjectEventPic_RedVSSeekerBike
0x08363DA8	rom	0x1200	gObjectEventPic_GreenBike
0x08364FA8	rom	0xC00	gObjectEventPic_GreenVSSeekerBike
0x08365BA8	rom	0x900	gObjectEventPic_RSBrendan
0x083664A8	rom	0x900	gObjectEventPic_RSMay
0x08366DA8	rom	0x1800	gObjectEventPic_RedFish
0x083685A8	rom	0x1800	gObjectEventPic_GreenFish
0x08369DA8	rom	0x80	gObjectEventPic_Pokedex
0x08369E28	rom	0x100	gObjectEventPic_TownMap
0x08369F28	rom	0x300	gObjectEventPic_UnusedMan
0x0836A228	rom	0x900	gObjectEventPic_Giovanni
0x0836AB28	rom	0x300	gObjectEventPic_Blaine
0x0836AE28	rom	0x300	gObjectEventPic_Sabrina
0x0836B128	rom	0x900	gObjectEventPic_Daisy
0x0836BA28	rom	0x900	gObjectEventPic_Lorelei
0x0836C328	rom	0x300	gObjectEventPic_Erika
0x0836C628	rom	0x300	gObjectEventPic_Koga
0x0836C928	rom	0x300	gObjectEventPic_Brock
0x0836CC28	rom	0x300	gObjectEventPic_LtSurge
0x0836CF28	rom	0x900	gObjectEventPic_Bill
0x0836D828	rom	0x20	gObjectEventPal_NpcBlue
0x0836D848	rom	0x20	gObjectEventPal_NpcPink
0x0836D868	rom	0x20	gObjectEventPal_NpcGreen
0x0836D888	rom	0x20	gObjectEventPal_NpcWhite
0x0836D8A8	rom	0x20	gObjectEventPal_NpcBlueReflection
0x0836D8C8	rom	0x20	gObjectEventPal_NpcPinkReflection
0x0836D8E8	rom	0x20	gObjectEventPal_NpcGreenReflection
0x0836D908	rom	0x20	gObjectEventPal_NpcWhiteReflection
0x0836D928	rom	0x480	gObjectEventPic_LittleBoy
0x0836DDA8	rom	0x500	gObjectEventPic_LittleGirl
0x0836E2A8	rom	0x300	gObjectEventPic_SittingBoy
0x0836E5A8	rom	0xA00	gObjectEventPic_Lass
0x0836EFA8	rom	0xA00	gObjectEventPic_Youngster
0x0836F9A8	rom	0xA00	gObjectEventPic_Boy
0x083703A8	rom	0xA00	gObjectEventPic_Woman1
0x08370DA8	rom	0x900	gObjectEventPic_Woman3
0x083716A8	rom	0xA00	gObjectEventPic_BugCatcher
0x083720A8	rom	0xA00	gObjectEventPic_CrushGirl
0x08372AA8	rom	0x900	gObjectEventPic_RichBoy
0x083733A8	rom	0x900	gObjectEventPic_FatMan
0x08373CA8	rom	0xA00	gObjectEventPic_BaldingMan
0x083746A8	rom	0xA00	gObjectEventPic_Woman2
0x083750A8	rom	0xA00	gObjectEventPic_OldMan1
0x08375AA8	rom	0x200	gObjectEventPic_OldManLyingDown
0x08375CA8	rom	0xA00	gObjectEventPic_WorkerM
0x083766A8	rom	0xA00	gObjectEventPic_WorkerF
0x083770A8	rom	0xA00	gObjectEventPic_Beauty
0x08377AA8	rom	0x900	gObjectEventPic_Chef
0x083783A8	rom	0x900	gObjectEventPic_OldMan2
0x08378CA8	rom	0x900	gObjectEventPic_OldWoman
0x083795A8	rom	0xA00	gObjectEventPic_Camper
0x08379FA8	rom	0xA00	gObjectEventPic_Picnicker
0x0837A9A8	rom	0xA00	gObjectEventPic_CooltrainerM
0x0837B3A8	rom	0xA00	gObjectEventPic_CooltrainerF
0x0837BDA8	rom	0x180	gObjectEventPic_Psyduck
0x0837BF28	rom	0xA00	gObjectEventPic_PokeManiac
0x0837C928	rom	0xA00	gObjectEventPic_Channeler
0x0837D328	rom	0x900	gObjectEventPic_RocketF
0x0837DC28	rom	0xA00	gObjectEventPic_SwimmerMWater
0x0837E628	rom	0xA00	gObjectEventPic_SwimmerFWater
0x0837F028	rom	0xA00	gObjectEventPic_SwimmerMLand
0x0837FA28	rom	0xA00	gObjectEventPic_SwimmerFLand
0x08380428	rom	0xA00	gObjectEventPic_BlackBelt
0x08380E28	rom	0xA00	gObjectEventPic_Scientist
0x08381828	rom	0xA00	gObjectEventPic_Gentleman
0x08382228	rom	0xA00	gObjectEventPic_Sailor
0x08382C28	rom	0x900	gObjectEventPic_Captain
0x08383528	rom	0xA00	gObjectEventPic_Fisher
0x08383F28	rom	0x900	gObjectEventPic_TeachyTVHost
0x08384828	rom	0x900	gObjectEventPic_UnusedWoman
0x08385128	rom	0x500	gObjectEventPic_TuberF
0x08385628	rom	0x500	gObjectEventPic_TuberMWater
0x08385B28	rom	0x500	gObjectEventPic_TuberMLand
0x08386028	rom	0xA00	gObjectEventPic_Hiker
0x08386A28	rom	0x1400	gObjectEventPic_Biker
0x08387E28	rom	0x900	gObjectEventPic_GymGuy
0x08388728	rom	0xA00	gObjectEventPic_Man
0x08389128	rom	0xA00	gObjectEventPic_Rocker
0x08389B28	rom	0x900	gObjectEventPic_ProfOak
0x0838A428	rom	0x900	gObjectEventPic_Blue
0x0838AD28	rom	0x400	gObjectEventPic_Nurse
0x0838B128	rom	0x300	gObjectEventPic_CableClubReceptionist
0x0838B428	rom	0x300	gObjectEventPic_UnionRoomReceptionist
0x0838B728	rom	0x300	gObjectEventPic_UnusedMaleReceptionist
0x0838BA28	rom	0x80	gObjectEventPic_ItemBall
0x0838BAA8	rom	0x900	gObjectEventPic_MrFuji
0x0838C3A8	rom	0x300	gObjectEventPic_Bruno
0x0838C6A8	rom	0x900	gObjectEventPic_Clerk
0x0838CFA8	rom	0x300	gObjectEventPic_MGDeliveryman
0x0838D2A8	rom	0x300	gObjectEventPic_TrainerTowerDude
0x0838D5A8	rom	0x900	gObjectEventPic_Cameraman
0x0838DEA8	rom	0x900	gObjectEventPic_RocketM
0x0838E7A8	rom	0x900	gObjectEventPic_Celio
0x0838F0A8	rom	0x180	gObjectEventPic_Lapras
0x0838F228	rom	0x200	gObjectEventPic_Zapdos
0x0838F428	rom	0x200	gObjectEventPic_Moltres
0x0838F628	rom	0x200	gObjectEventPic_Articuno
0x0838F828	rom	0x80	gObjectEventPic_Mewtwo
0x0838F8A8	rom	0x80	gObjectEventPic_Mew
0x0838F928	rom	0x80	gObjectEventPic_Entei
0x0838F9A8	rom	0x80	gObjectEventPic_Raikou
0x0838FA28	rom	0x80	gObjectEventPic_Suicune
0x0838FAA8	rom	0x400	gObjectEventPic_Lugia
0x0838FEA8	rom	0x400	gObjectEventPic_HoOh
0x083902A8	rom	0x80	gObjectEventPic_Celebi
0x08390328	rom	0x400	gObjectEventPic_DeoxysD
0x08390728	rom	0x400	gObjectEventPic_DeoxysA
0x08390B28	rom	0x400	gObjectEventPic_DeoxysN
0x08390F28	rom	0x300	gObjectEventPic_Agatha
0x08391228	rom	0x300	gObjectEventPic_Misty
0x08391528	rom	0x300	gObjectEventPic_Lance
0x08391828	rom	0x300	gObjectEventPic_GBAKid
0x08391B28	rom	0x300	gObjectEventPic_Mom
0x08391E28	rom	0x180	gObjectEventPic_Pidgeot
0x08391FA8	rom	0x180	gObjectEventPic_Omanyte
0x08392128	rom	0x180	gObjectEventPic_Kangaskhan
0x083922A8	rom	0x180	gObjectEventPic_NidoranF
0x08392428	rom	0x180	gObjectEventPic_NidoranM
0x083925A8	rom	0x180	gObjectEventPic_Nidorino
0x08392728	rom	0x180	gObjectEventPic_Meowth
0x083928A8	rom	0x180	gObjectEventPic_Seel
0x08392A28	rom	0x180	gObjectEventPic_Voltorb
0x08392BA8	rom	0x180	gObjectEventPic_Slowpoke
0x08392D28	rom	0x180	gObjectEventPic_Slowbro
0x08392EA8	rom	0x180	gObjectEventPic_Machop
0x08393028	rom	0x180	gObjectEventPic_Wigglytuff
0x083931A8	rom	0x180	gObjectEventPic_Doduo
0x08393328	rom	0x180	gObjectEventPic_Fearow
0x083934A8	rom	0x180	gObjectEventPic_Kabuto
0x08393628	rom	0x180	gObjectEventPic_Machoke
0x083937A8	rom	0x200	gObjectEventPic_Snorlax
0x083939A8	rom	0x180	gObjectEventPic_Spearow
0x08393B28	rom	0x180	gObjectEventPic_Cubone
0x08393CA8	rom	0x180	gObjectEventPic_Poliwrath
0x08393E28	rom	0x180	gObjectEventPic_Chansey
0x08393FA8	rom	0x180	gObjectEventPic_Pikachu
0x08394128	rom	0x180	gObjectEventPic_Jigglypuff
0x083942A8	rom	0x180	gObjectEventPic_Pidgey
0x08394428	rom	0x180	gObjectEventPic_Clefairy
0x083945A8	rom	0x200	gObjectEventPic_CutTree
0x083947A8	rom	0x200	gObjectEventPic_RockSmashRock
0x083949A8	rom	0x80	gObjectEventPic_StrengthBoulder
0x08394A28	rom	0x80	gObjectEventPic_Fossil
0x08394AA8	rom	0x80	gObjectEventPic_Ruby
0x08394B28	rom	0x80	gObjectEventPic_Sapphire
0x08394BA8	rom	0x80	gObjectEventPic_OldAmber
0x08394C28	rom	0x100	gObjectEventPic_GymSign
0x08394D28	rom	0x80	gObjectEventPic_Sign
0x08394DA8	rom	0x80	gObjectEventPic_WoodenSign
0x08394E28	rom	0x80	gObjectEventPic_Clipboard
0x08394EA8	rom	0x20	gObjectEventPal_Meteorite
0x08394EC8	rom	0x200	gObjectEventPic_BirthIslandStone
0x083950C8	rom	0x200	gObjectEventPic_LaprasDoll
0x083952C8	rom	0x20	gObjectEventPal_Seagallop
0x083952E8	rom	0x800	gObjectEventPic_Seagallop
0x08395AE8	rom	0x20	gObjectEventPal_SSAnne
0x08395B08	rom	0x1000	gObjectEventPic_SSAnne
0x08396B08	rom	0xC00	gObjectEventPic_SurfBlob
0x08397708	rom	0x900	gObjectEventPic_Policeman
0x08398008	rom	0x20	gObjectEventPal_RSQuintyPlump
0x08398028	rom	0x20	gObjectEventPal_RSQuintyPlumpReflection
0x08398048	rom	0x20	gFieldEffectObjectPic_ShadowSmall
0x08398068	rom	0x40	gFieldEffectObjectPic_ShadowMedium
0x083980A8	rom	0x80	gFieldEffectObjectPic_ShadowLarge
0x08398128	rom	0x400	gFieldEffectObjectPic_ShadowExtraLarge
0x08398528	rom	0x120	sFiller1
0x08398648	rom	0x20	gFieldEffectObjectPic_CutGrass
0x08398668	rom	0x20	gFieldEffectObjectPic_CutGrass2
0x08398688	rom	0x20	gFieldEffectPal_CutGrass
0x083986A8	rom	0x280	gFieldEffectObjectPic_Ripple
0x08398928	rom	0x280	gFieldEffectObjectPic_Ash
0x08398BA8	rom	0x400	gFieldEffectObjectPic_Arrow
0x08398FA8	rom	0x20	gFieldEffectObjectPalette0
0x08398FC8	rom	0x20	gFieldEffectObjectPalette1
0x08398FE8	rom	0x20	sFiller2
0x08399008	rom	0xC0	gFieldEffectObjectPic_GroundImpactDust
0x083990C8	rom	0xC0	gFieldEffectObjectPic_UnusedGrass3
0x08399188	rom	0x100	gFieldEffectObjectPic_JumpTallGrass
0x08399288	rom	0x200	gFieldEffectObjectPic_UnusedGrass4
0x08399488	rom	0x300	gFieldEffectObjectPic_JumpLongGrass
0x08399788	rom	0x480	gFieldEffectObjectPic_UnusedGrass
0x08399C08	rom	0x200	gFieldEffectObjectPic_UnusedGrass2
0x08399E08	rom	0x200	gFieldEffectObjectPic_LongGrass
0x0839A008	rom	0x280	gFieldEffectObjectPic_TallGrass
0x0839A288	rom	0x100	gFieldEffectObjectPic_ShortGrass
0x0839A388	rom	0x100	gFieldEffectObjectPic_SandFootprints
0x0839A488	rom	0x100	gFieldEffectObjectPic_DeepSandFootprints
0x0839A588	rom	0x200	gFieldEffectObjectPic_BikeTireTracks
0x0839A788	rom	0x200	gFieldEffectObjectPic_UnusedSand
0x0839A988	rom	0xC0	gFieldEffectObjectPic_SandPile
0x0839AA48	rom	0x200	gFieldEffectObjectPic_JumpBigSplash
0x0839AC48	rom	0x80	gFieldEffectObjectPic_Splash
0x0839ACC8	rom	0xC0	gFieldEffectObjectPic_JumpSmallSplash
0x0839AD88	rom	0x280	gFieldEffectObjectPic_WaterSurfacing
0x0839B008	rom	0x700	gFieldEffectObjectPic_TreeDisguise
0x0839B708	rom	0x700	gFieldEffectObjectPic_MountainDisguise
0x0839BE08	rom	0x700	gFieldEffectObjectPic_SandDisguisePlaceholder
0x0839C508	rom	0x80	gFieldEffectObjectPic_HotSpringsWater
0x0839C588	rom	0x20	gFieldEffectPal_Ash
0x0839C5A8	rom	0x280	gFieldEffectObjectPic_AshPuff
0x0839C828	rom	0x280	gFieldEffectObjectPic_AshLaunch
0x0839CAA8	rom	0x800	gFieldEffectObjectPic_Bubbles
0x0839D2A8	rom	0x100	gFieldEffectObjectPic_SmallSparkle
0x0839D3A8	rom	0x20	gFieldEffectPal_SmallSparkle
0x0839D3C8	rom	0x2800	gFieldEffectObjectPic_Bird
0x0839FBC8	rom	0x144	sMovementTypeCallbacks
0x0839FD0C	rom	0x51	gRangedMovementTypes
0x0839FD5D	rom	0x51	gInitialMovementTypeFacingDirections
0x0839FDB0	rom	0x260	gObjectEventGraphicsInfoPointers
0x083A0010	rom	0x90	gFieldEffectObjectTemplatePointers
0x083A00A0	rom	0xA0	sPicTable_RedNormal
0x083A0140	rom	0x48	sPicTable_RedBike
0x083A0188	rom	0xA0	sPicTable_GreenNormal
0x083A0228	rom	0x48	sPicTable_GreenBike
0x083A0270	rom	0x60	sPicTable_RedSurf
0x083A02D0	rom	0x60	sPicTable_GreenSurf
0x083A0330	rom	0x48	sPicTable_RedItem
0x083A0378	rom	0x48	sPicTable_GreenItem
0x083A03C0	rom	0x30	sPicTable_RedVSSeekerBike
0x083A03F0	rom	0x30	sPicTable_GreenVSSeekerBike
0x083A0420	rom	0x50	sPicTable_RSBrendan
0x083A0470	rom	0x50	sPicTable_RSMay
0x083A04C0	rom	0x48	sPicTable_Policeman
0x083A0508	rom	0x48	sPicTable_LittleBoy
0x083A0550	rom	0x50	sPicTable_LittleGirl
0x083A05A0	rom	0x48	sPicTable_SittingBoy
0x083A05E8	rom	0x50	sPicTable_Lass
0x083A0638	rom	0x50	sPicTable_Youngster
0x083A0688	rom	0x50	sPicTable_Woman1
0x083A06D8	rom	0x48	sPicTable_Woman3
0x083A0720	rom	0x50	sPicTable_CrushGirl
0x083A0770	rom	0x50	sPicTable_BugCatcher
0x083A07C0	rom	0x48	sPicTable_FatMan
0x083A0808	rom	0x50	sPicTable_BaldingMan
0x083A0858	rom	0x50	sPicTable_Woman2
0x083A08A8	rom	0x50	sPicTable_OldMan1
0x083A08F8	rom	0x48	sPicTable_WorkerM
0x083A0940	rom	0x48	sPicTable_WorkerF
0x083A0988	rom	0x50	sPicTable_Beauty
0x083A09D8	rom	0x48	sPicTable_Chef
0x083A0A20	rom	0x50	sPicTable_OldMan2
0x083A0A70	rom	0x48	sPicTable_OldManLyingDown
0x083A0AB8	rom	0x48	sPicTable_OldWoman
0x083A0B00	rom	0x50	sPicTable_Camper
0x083A0B50	rom	0x50	sPicTable_Picnicker
0x083A0BA0	rom	0x50	sPicTable_CooltrainerM
0x083A0BF0	rom	0x50	sPicTable_CooltrainerF
0x083A0C40	rom	0x50	sPicTable_Boy
0x083A0C90	rom	0x50	sPicTable_PokeManiac
0x083A0CE0	rom	0x50	sPicTable_Channeler
0x083A0D30	rom	0x48	sPicTable_RocketF
0x083A0D78	rom	0x50	sPicTable_SwimmerMWater
0x083A0DC8	rom	0x50	sPicTable_SwimmerFWater
0x083A0E18	rom	0x50	sPicTable_SwimmerMLand
0x083A0E68	rom	0x50	sPicTable_SwimmerFLand
0x083A0EB8	rom	0x50	sPicTable_BlackBelt
0x083A0F08	rom	0x50	sPicTable_Scientist
0x083A0F58	rom	0x50	sPicTable_Gentleman
0x083A0FA8	rom	0x50	sPicTable_Sailor
0x083A0FF8	rom	0x48	sPicTable_Captain
0x083A1040	rom	0x50	sPicTable_Fisher
0x083A1090	rom	0x48	sPicTable_TeachyTVHost
0x083A10D8	rom	0x48	sPicTable_UnusedWoman
0x083A1120	rom	0x50	sPicTable_TuberF
0x083A1170	rom	0x50	sPicTable_TuberMWater
0x083A11C0	rom	0x50	sPicTable_TuberMLand
0x083A1210	rom	0x50	sPicTable_Hiker
0x083A1260	rom	0x50	sPicTable_Biker
0x083A12B0	rom	0x48	sPicTable_GymGuy
0x083A12F8	rom	0x50	sPicTable_Nurse
0x083A1348	rom	0x48	sPicTable_UnusedMaleReceptionist
0x083A1390	rom	0x8	sPicTable_ItemBall
0x083A1398	rom	0x48	sPicTable_ProfOak
0x083A13E0	rom	0x50	sPicTable_Man
0x083A1430	rom	0x50	sPicTable_Rocker
0x083A1480	rom	0x48	sPicTable_MrFuji
0x083A14C8	rom	0x48	sPicTable_Bruno
0x083A1510	rom	0x20	sPicTable_CutTree
0x083A1530	rom	0x48	sPicTable_Clerk
0x083A1578	rom	0x48	sPicTable_MGDeliveryman
0x083A15C0	rom	0x48	sPicTable_TrainerTowerDude
0x083A1608	rom	0x48	sPicTable_CableClubReceptionist
0x083A1650	rom	0x48	sPicTable_UnionRoomReceptionist
0x083A1698	rom	0x20	sPicTable_RockSmashRock
0x083A16B8	rom	0x8	sPicTable_StrengthBoulder
0x083A16C0	rom	0x48	sPicTable_RocketM
0x083A1708	rom	0x48	sPicTable_Celio
0x083A1750	rom	0x48	sPicTable_Agatha
0x083A1798	rom	0x48	sPicTable_Brock
0x083A17E0	rom	0x48	sPicTable_Misty
0x083A1828	rom	0x48	sPicTable_LtSurge
0x083A1870	rom	0x48	sPicTable_Erika
0x083A18B8	rom	0x48	sPicTable_Koga
0x083A1900	rom	0x48	sPicTable_Giovanni
0x083A1948	rom	0x48	sPicTable_Blaine
0x083A1990	rom	0x48	sPicTable_Sabrina
0x083A19D8	rom	0x48	sPicTable_Bill
0x083A1A20	rom	0x48	sPicTable_Daisy
0x083A1A68	rom	0x48	sPicTable_Lorelei
0x083A1AB0	rom	0x48	sPicTable_Lance
0x083A1AF8	rom	0x48	sPicTable_Blue
0x083A1B40	rom	0x60	sPicTable_RedFish
0x083A1BA0	rom	0x60	sPicTable_GreenFish
0x083A1C00	rom	0x8	sPicTable_TownMap
0x083A1C08	rom	0x8	sPicTable_Pokedex
0x083A1C10	rom	0x48	sPicTable_GBAKid
0x083A1C58	rom	0x8	sPicTable_Fossil
0x083A1C60	rom	0x8	sPicTable_Ruby
0x083A1C68	rom	0x8	sPicTable_Sapphire
0x083A1C70	rom	0x8	sPicTable_OldAmber
0x083A1C78	rom	0x8	sPicTable_GymSign
0x083A1C80	rom	0x8	sPicTable_Sign
0x083A1C88	rom	0x8	sPicTable_WoodenSign
0x083A1C90	rom	0x8	sPicTable_Clipboard
0x083A1C98	rom	0x8	sPicTable_BirthIslandStone
0x083A1CA0	rom	0x8	sPicTable_LaprasDoll
0x083A1CA8	rom	0x48	sPicTable_Seagallop
0x083A1CF0	rom	0x48	sPicTable_SSAnne
0x083A1D38	rom	0x48	sPicTable_Snorlax
0x083A1D80	rom	0x48	sPicTable_Spearow
0x083A1DC8	rom	0x48	sPicTable_Pidgeot
0x083A1E10	rom	0x48	sPicTable_Omanyte
0x083A1E58	rom	0x48	sPicTable_Kangaskhan
0x083A1EA0	rom	0x48	sPicTable_Psyduck
0x083A1EE8	rom	0x48	sPicTable_NidoranF
0x083A1F30	rom	0x48	sPicTable_NidoranM
0x083A1F78	rom	0x48	sPicTable_Nidorino
0x083A1FC0	rom	0x48	sPicTable_Meowth
0x083A2008	rom	0x48	sPicTable_Seel
0x083A2050	rom	0x48	sPicTable_Voltorb
0x083A2098	rom	0x48	sPicTable_Slowpoke
0x083A20E0	rom	0x48	sPicTable_Slowbro
0x083A2128	rom	0x48	sPicTable_Machop
0x083A2170	rom	0x48	sPicTable_Wigglytuff
0x083A21B8	rom	0x48	sPicTable_Doduo
0x083A2200	rom	0x48	sPicTable_Fearow
0x083A2248	rom	0x48	sPicTable_Lapras
0x083A2290	rom	0x48	sPicTable_Zapdos
0x083A22D8	rom	0x48	sPicTable_Moltres
0x083A2320	rom	0x48	sPicTable_Articuno
0x083A2368	rom	0x48	sPicTable_DeoxysD
0x083A23B0	rom	0x48	sPicTable_DeoxysA
0x083A23F8	rom	0x48	sPicTable_DeoxysN
0x083A2440	rom	0x48	sPicTable_Mewtwo
0x083A2488	rom	0x48	sPicTable_Mew
0x083A24D0	rom	0x48	sPicTable_Entei
0x083A2518	rom	0x48	sPicTable_Raikou
0x083A2560	rom	0x48	sPicTable_Suicune
0x083A25A8	rom	0x48	sPicTable_Lugia
0x083A25F0	rom	0x48	sPicTable_HoOh
0x083A2638	rom	0x48	sPicTable_Celebi
0x083A2680	rom	0x48	sPicTable_Cubone
0x083A26C8	rom	0x48	sPicTable_Poliwrath
0x083A2710	rom	0x48	sPicTable_Chansey
0x083A2758	rom	0x48	sPicTable_Pikachu
0x083A27A0	rom	0x48	sPicTable_Jigglypuff
0x083A27E8	rom	0x48	sPicTable_Pidgey
0x083A2830	rom	0x48	sPicTable_Clefairy
0x083A2878	rom	0x48	sPicTable_Machoke
0x083A28C0	rom	0x48	sPicTable_Kabuto
0x083A2908	rom	0x48	sPicTable_Mom
0x083A2950	rom	0x14	sAnim_StayStill
0x083A2964	rom	0x8	sAnim_QuintyPlumpFaceSouth
0x083A296C	rom	0x8	sAnim_QuintyPlumpFaceNorth
0x083A2974	rom	0x8	sAnim_QuintyPlumpFaceWest
0x083A297C	rom	0x8	sAnim_QuintyPlumpFaceEast
0x083A2984	rom	0x14	sAnim_QuintyPlumpGoSouth
0x083A2998	rom	0x14	sAnim_QuintyPlumpGoNorth
0x083A29AC	rom	0x14	sAnim_QuintyPlumpGoWest
0x083A29C0	rom	0x14	sAnim_QuintyPlumpGoEast
0x083A29D4	rom	0x14	sAnim_QuintyPlumpGoFastSouth
0x083A29E8	rom	0x14	sAnim_QuintyPlumpGoFastNorth
0x083A29FC	rom	0x14	sAnim_QuintyPlumpGoFastWest
0x083A2A10	rom	0x14	sAnim_QuintyPlumpGoFastEast
0x083A2A24	rom	0x14	sAnim_QuintyPlumpGoFasterSouth
0x083A2A38	rom	0x14	sAnim_QuintyPlumpGoFasterNorth
0x083A2A4C	rom	0x14	sAnim_QuintyPlumpGoFasterWest
0x083A2A60	rom	0x14	sAnim_QuintyPlumpGoFasterEast
0x083A2A74	rom	0x14	sAnim_QuintyPlumpGoFastestSouth
0x083A2A88	rom	0x14	sAnim_QuintyPlumpGoFastestNorth
0x083A2A9C	rom	0x14	sAnim_QuintyPlumpGoFastestWest
0x083A2AB0	rom	0x14	sAnim_QuintyPlumpGoFastestEast
0x083A2AC4	rom	0x8	sAnim_FaceSouth
0x083A2ACC	rom	0x8	sAnim_FaceNorth
0x083A2AD4	rom	0x8	sAnim_FaceWest
0x083A2ADC	rom	0x8	sAnim_FaceEast
0x083A2AE4	rom	0x14	sAnim_GoSouth
0x083A2AF8	rom	0x14	sAnim_GoNorth
0x083A2B0C	rom	0x14	sAnim_GoWest
0x083A2B20	rom	0x14	sAnim_GoEast
0x083A2B34	rom	0x14	sAnim_GoFastSouth
0x083A2B48	rom	0x14	sAnim_GoFastNorth
0x083A2B5C	rom	0x14	sAnim_GoFastWest
0x083A2B70	rom	0x14	sAnim_GoFastEast
0x083A2B84	rom	0x14	sAnim_GoFasterSouth
0x083A2B98	rom	0x14	sAnim_GoFasterNorth
0x083A2BAC	rom	0x14	sAnim_GoFasterWest
0x083A2BC0	rom	0x14	sAnim_GoFasterEast
0x083A2BD4	rom	0x14	sAnim_GoFastestSouth
0x083A2BE8	rom	0x14	sAnim_GoFastestNorth
0x083A2BFC	rom	0x14	sAnim_GoFastestWest
0x083A2C10	rom	0x14	sAnim_GoFastestEast
0x083A2C24	rom	0x8	sAnim_RaiseHand
0x083A2C2C	rom	0x14	sAnim_HoOhFlapWings
0x083A2C40	rom	0x8	sAnim_HoOhStayStill
0x083A2C48	rom	0x8	sAnim_SurfFaceSouth
0x083A2C50	rom	0x8	sAnim_SurfFaceNorth
0x083A2C58	rom	0x8	sAnim_SurfFaceWest
0x083A2C60	rom	0x8	sAnim_SurfFaceEast
0x083A2C68	rom	0x8	sAnim_UnknownFaceSouth
0x083A2C70	rom	0x8	sAnim_UnknownFaceNorth
0x083A2C78	rom	0x8	sAnim_UnknownFaceWest
0x083A2C80	rom	0x8	sAnim_UnknownFaceEast
0x083A2C88	rom	0x24	sAnim_UnknownGoSouth
0x083A2CAC	rom	0x24	sAnim_UnknownGoNorth
0x083A2CD0	rom	0x24	sAnim_UnknownGoWest
0x083A2CF4	rom	0x24	sAnim_UnknownGoEast
0x083A2D18	rom	0x24	sAnim_UnknownGoFastNorth
0x083A2D3C	rom	0x24	sAnim_UnknownGoFastSouth
0x083A2D60	rom	0x24	sAnim_UnknownGoFastWest
0x083A2D84	rom	0x24	sAnim_UnknownGoFastEast
0x083A2DA8	rom	0x24	sAnim_UnknownGoFasterNorth
0x083A2DCC	rom	0x24	sAnim_UnknownGoFasterSouth
0x083A2DF0	rom	0x24	sAnim_UnknownGoFasterWest
0x083A2E14	rom	0x24	sAnim_UnknownGoFasterEast
0x083A2E38	rom	0x24	sAnim_UnknownGoFastestNorth
0x083A2E5C	rom	0x24	sAnim_UnknownGoFastestSouth
0x083A2E80	rom	0x24	sAnim_UnknownGoFastestWest
0x083A2EA4	rom	0x24	sAnim_UnknownGoFastestEast
0x083A2EC8	rom	0x18	sAnim_SpinSouth
0x083A2EE0	rom	0x18	sAnim_SpinNorth
0x083A2EF8	rom	0x18	sAnim_SpinWest
0x083A2F10	rom	0x18	sAnim_SpinEast
0x083A2F28	rom	0x18	sAnim_ShakeHeadOrWalkInPlace
0x083A2F40	rom	0x14	sAnim_RunSouth
0x083A2F54	rom	0x14	sAnim_RunNorth
0x083A2F68	rom	0x14	sAnim_RunWest
0x083A2F7C	rom	0x14	sAnim_RunEast
0x083A2F90	rom	0x18	sAnim_FieldMove
0x083A2FA8	rom	0x30	sAnim_VSSeeker
0x083A2FD8	rom	0x34	sAnim_VSSeekerBike
0x083A300C	rom	0x8	sAnim_GetOnOffSurfSouth
0x083A3014	rom	0x8	sAnim_GetOnOffSurfNorth
0x083A301C	rom	0x8	sAnim_GetOnOffSurfWest
0x083A3024	rom	0x8	sAnim_GetOnOffSurfEast
0x083A302C	rom	0xC	sAnim_BunnyHopBackWheelSouth
0x083A3038	rom	0xC	sAnim_BunnyHopBackWheelNorth
0x083A3044	rom	0xC	sAnim_BunnyHopBackWheelWest
0x083A3050	rom	0xC	sAnim_BunnyHopBackWheelEast
0x083A305C	rom	0xC	sAnim_BunnyHopFrontWheelSouth
0x083A3068	rom	0xC	sAnim_BunnyHopFrontWheelNorth
0x083A3074	rom	0xC	sAnim_BunnyHopFrontWheelWest
0x083A3080	rom	0xC	sAnim_BunnyHopFrontWheelEast
0x083A308C	rom	0xC	sAnim_StandingWheelieBackWheelSouth
0x083A3098	rom	0xC	sAnim_StandingWheelieBackWheelNorth
0x083A30A4	rom	0xC	sAnim_StandingWheelieBackWheelWest
0x083A30B0	rom	0xC	sAnim_StandingWheelieBackWheelEast
0x083A30BC	rom	0xC	sAnim_StandingWheelieFrontWheelSouth
0x083A30C8	rom	0xC	sAnim_StandingWheelieFrontWheelNorth
0x083A30D4	rom	0xC	sAnim_StandingWheelieFrontWheelWest
0x083A30E0	rom	0xC	sAnim_StandingWheelieFrontWheelEast
0x083A30EC	rom	0x14	sAnim_MovingWheelieSouth
0x083A3100	rom	0x14	sAnim_MovingWheelieNorth
0x083A3114	rom	0x14	sAnim_MovingWheelieWest
0x083A3128	rom	0x14	sAnim_MovingWheelieEast
0x083A313C	rom	0x8	sAnim_BerryTreeStage0
0x083A3144	rom	0xC	sAnim_BerryTreeStage1
0x083A3150	rom	0xC	sAnim_BerryTreeStage2
0x083A315C	rom	0x14	sAnim_BerryTreeStage3
0x083A3170	rom	0x14	sAnim_BerryTreeStage4
0x083A3184	rom	0x10	sAnim_NurseBow
0x083A3194	rom	0x14	sAnim_RockBreak
0x083A31A8	rom	0x14	sAnim_TreeCut
0x083A31BC	rom	0x14	sAnim_TakeOutRodSouth
0x083A31D0	rom	0x14	sAnim_TakeOutRodNorth
0x083A31E4	rom	0x14	sAnim_TakeOutRodWest
0x083A31F8	rom	0x14	sAnim_TakeOutRodEast
0x083A320C	rom	0x14	sAnim_PutAwayRodSouth
0x083A3220	rom	0x14	sAnim_PutAwayRodNorth
0x083A3234	rom	0x14	sAnim_PutAwayRodWest
0x083A3248	rom	0x14	sAnim_PutAwayRodEast
0x083A325C	rom	0x14	sAnim_HookedPokemonSouth
0x083A3270	rom	0x14	sAnim_HookedPokemonNorth
0x083A3284	rom	0x14	sAnim_HookedPokemonWest
0x083A3298	rom	0x14	sAnim_HookedPokemonEast
0x083A32AC	rom	0x30	sAffineAnim_KyogreGroudon_GoSouthStart
0x083A32DC	rom	0x38	sAffineAnim_KyogreGroudon_GoSouth
0x083A3314	rom	0x4	sAnimTable_Inanimate
0x083A3318	rom	0x50	sAnimTable_QuintyPlump
0x083A3368	rom	0x54	sAnimTable_Standard
0x083A33BC	rom	0x54	sAnimTable_HoOh
0x083A3410	rom	0x60	sAnimTable_Unknown
0x083A3470	rom	0x74	sAnimTable_RedGreenNormal
0x083A34E4	rom	0xA0	sAnimTable_AcroBike
0x083A3584	rom	0x60	sAnimTable_RedGreenSurf
0x083A35E4	rom	0x54	sAnimTable_Nurse
0x083A3638	rom	0x4	sAnimTable_RedGreenFieldMove
0x083A363C	rom	0x4	sAnimTable_RedGreenVSSeeker
0x083A3640	rom	0x4	sAnimTable_RedGreenVSSeekerBike
0x083A3644	rom	0x14	sAnimTable_BerryTree
0x083A3658	rom	0x8	sAnimTable_RockSmashRock
0x083A3660	rom	0x8	sAnimTable_CutTree
0x083A3668	rom	0x30	sAnimTable_RedGreenFish
0x083A3698	rom	0x48	sStepAnimTables
0x083A36E0	rom	0x8	gObjectEventBaseOam_8x8
0x083A36E8	rom	0x8	gObjectEventBaseOam_16x8
0x083A36F0	rom	0x8	gObjectEventBaseOam_16x16
0x083A36F8	rom	0x8	gObjectEventBaseOam_32x16
0x083A3700	rom	0x8	gObjectEventBaseOam_32x8
0x083A3708	rom	0x8	gObjectEventBaseOam_64x32
0x083A3710	rom	0x8	gObjectEventBaseOam_16x32
0x083A3718	rom	0x8	gObjectEventBaseOam_32x32
0x083A3720	rom	0x8	gObjectEventBaseOam_64x64
0x083A3728	rom	0x4	gObjectEventSpriteOamTable_16x16_0
0x083A372C	rom	0x4	gObjectEventSpriteOamTable_16x16_1
0x083A3730	rom	0x8	gObjectEventSpriteOamTable_16x16_2
0x083A3738	rom	0x8	gObjectEventSpriteOamTable_16x16_3
0x083A3740	rom	0x8	gObjectEventSpriteOamTable_16x16_4
0x083A3748	rom	0x30	gObjectEventSpriteOamTables_16x16
0x083A3778	rom	0x4	gObjectEventSpriteOamTable_16x32_0
0x083A377C	rom	0x4	gObjectEventSpriteOamTable_16x32_1
0x083A3780	rom	0xC	gObjectEventSpriteOamTable_16x32_2
0x083A378C	rom	0x8	gObjectEventSpriteOamTable_16x32_3
0x083A3794	rom	0x8	gObjectEventSpriteOamTable_16x32_4
0x083A379C	rom	0x30	gObjectEventSpriteOamTables_16x32
0x083A37CC	rom	0x4	gObjectEventSpriteOamTable_32x32_0
0x083A37D0	rom	0x4	gObjectEventSpriteOamTable_32x32_1
0x083A37D4	rom	0xC	gObjectEventSpriteOamTable_32x32_2
0x083A37E0	rom	0x8	gObjectEventSpriteOamTable_32x32_3
0x083A37E8	rom	0x8	gObjectEventSpriteOamTable_32x32_4
0x083A37F0	rom	0x30	gObjectEventSpriteOamTables_32x32
0x083A3820	rom	0x30	gObjectEventSpriteOamTable_48x48
0x083A3850	rom	0x30	gObjectEventSpriteOamTables_48x48
0x083A3880	rom	0x4	gObjectEventSpriteOamTable_64x32_0
0x083A3884	rom	0x4	gObjectEventSpriteOamTable_64x32_1
0x083A3888	rom	0x4	gObjectEventSpriteOamTable_64x32_2
0x083A388C	rom	0x4	gObjectEventSpriteOamTable_64x32_3
0x083A3890	rom	0x30	gObjectEventSpriteOamTables_64x32
0x083A38C0	rom	0x4	gObjectEventSpriteOamTable_64x64_0
0x083A38C4	rom	0x4	gObjectEventSpriteOamTable_64x64_1
0x083A38C8	rom	0x4	gObjectEventSpriteOamTable_64x64_2
0x083A38CC	rom	0x4	gObjectEventSpriteOamTable_64x64_3
0x083A38D0	rom	0x30	gObjectEventSpriteOamTables_64x64
0x083A3900	rom	0x3C	gObjectEventSpriteOamTable_96x40_0
0x083A393C	rom	0x3C	gObjectEventSpriteOamTable_96x40_1
0x083A3978	rom	0x3C	gObjectEventSpriteOamTable_96x40_2
0x083A39B4	rom	0x3C	gObjectEventSpriteOamTable_96x40_3
0x083A39F0	rom	0x30	gObjectEventSpriteOamTables_96x40
0x083A3A20	rom	0x10	gObjectEventSpriteOamTable_128x64_0
0x083A3A30	rom	0x10	gObjectEventSpriteOamTable_128x64_1
0x083A3A40	rom	0x10	gObjectEventSpriteOamTable_128x64_2
0x083A3A50	rom	0x30	gObjectEventSpriteOamTables_128x64
0x083A3A80	rom	0x40	gObjectEventSpriteOamTable_88x32_0
0x083A3AC0	rom	0x40	gObjectEventSpriteOamTable_88x32_1
0x083A3B00	rom	0x40	gObjectEventSpriteOamTable_88x32_2
0x083A3B40	rom	0x40	gObjectEventSpriteOamTable_88x32_3
0x083A3B80	rom	0x30	gObjectEventSpriteOamTables_88x32
0x083A3BB0	rom	0x24	gObjectEventGraphicsInfo_RedNormal
0x083A3BD4	rom	0x24	gObjectEventGraphicsInfo_RedBike
0x083A3BF8	rom	0x24	gObjectEventGraphicsInfo_RedSurf
0x083A3C1C	rom	0x24	gObjectEventGraphicsInfo_RedFieldMove
0x083A3C40	rom	0x24	gObjectEventGraphicsInfo_Policeman
0x083A3C64	rom	0x24	gObjectEventGraphicsInfo_RSBrendan
0x083A3C88	rom	0x24	gObjectEventGraphicsInfo_RSMay
0x083A3CAC	rom	0x24	gObjectEventGraphicsInfo_LittleBoy
0x083A3CD0	rom	0x24	gObjectEventGraphicsInfo_LittleGirl
0x083A3CF4	rom	0x24	gObjectEventGraphicsInfo_SittingBoy
0x083A3D18	rom	0x24	gObjectEventGraphicsInfo_Lass
0x083A3D3C	rom	0x24	gObjectEventGraphicsInfo_Youngster
0x083A3D60	rom	0x24	gObjectEventGraphicsInfo_Woman1
0x083A3D84	rom	0x24	gObjectEventGraphicsInfo_Woman3
0x083A3DA8	rom	0x24	gObjectEventGraphicsInfo_Boy
0x083A3DCC	rom	0x24	gObjectEventGraphicsInfo_CrushGirl
0x083A3DF0	rom	0x24	gObjectEventGraphicsInfo_BugCatcher
0x083A3E14	rom	0x24	gObjectEventGraphicsInfo_FatMan
0x083A3E38	rom	0x24	gObjectEventGraphicsInfo_BaldingMan
0x083A3E5C	rom	0x24	gObjectEventGraphicsInfo_Woman2
0x083A3E80	rom	0x24	gObjectEventGraphicsInfo_OldMan1
0x083A3EA4	rom	0x24	gObjectEventGraphicsInfo_WorkerM
0x083A3EC8	rom	0x24	gObjectEventGraphicsInfo_WorkerF
0x083A3EEC	rom	0x24	gObjectEventGraphicsInfo_Beauty
0x083A3F10	rom	0x24	gObjectEventGraphicsInfo_Chef
0x083A3F34	rom	0x24	gObjectEventGraphicsInfo_OldMan2
0x083A3F58	rom	0x24	gObjectEventGraphicsInfo_OldWoman
0x083A3F7C	rom	0x24	gObjectEventGraphicsInfo_Camper
0x083A3FA0	rom	0x24	gObjectEventGraphicsInfo_Picnicker
0x083A3FC4	rom	0x24	gObjectEventGraphicsInfo_CooltrainerM
0x083A3FE8	rom	0x24	gObjectEventGraphicsInfo_CooltrainerF
0x083A400C	rom	0x24	gObjectEventGraphicsInfo_PokeManiac
0x083A4030	rom	0x24	gObjectEventGraphicsInfo_Channeler
0x083A4054	rom	0x24	gObjectEventGraphicsInfo_RocketF
0x083A4078	rom	0x24	gObjectEventGraphicsInfo_SwimmerMWater
0x083A409C	rom	0x24	gObjectEventGraphicsInfo_SwimmerFWater
0x083A40C0	rom	0x24	gObjectEventGraphicsInfo_SwimmerMLand
0x083A40E4	rom	0x24	gObjectEventGraphicsInfo_SwimmerFLand
0x083A4108	rom	0x24	gObjectEventGraphicsInfo_BlackBelt
0x083A412C	rom	0x24	gObjectEventGraphicsInfo_Scientist
0x083A4150	rom	0x24	gObjectEventGraphicsInfo_Gentleman
0x083A4174	rom	0x24	gObjectEventGraphicsInfo_Sailor
0x083A4198	rom	0x24	gObjectEventGraphicsInfo_Captain
0x083A41BC	rom	0x24	gObjectEventGraphicsInfo_Fisher
0x083A41E0	rom	0x24	gObjectEventGraphicsInfo_TeachyTVHost
0x083A4204	rom	0x24	gObjectEventGraphicsInfo_UnusedWoman
0x083A4228	rom	0x24	gObjectEventGraphicsInfo_TuberF
0x083A424C	rom	0x24	gObjectEventGraphicsInfo_TuberMWater
0x083A4270	rom	0x24	gObjectEventGraphicsInfo_TuberMLand
0x083A4294	rom	0x24	gObjectEventGraphicsInfo_Hiker
0x083A42B8	rom	0x24	gObjectEventGraphicsInfo_Biker
0x083A42DC	rom	0x24	gObjectEventGraphicsInfo_GymGuy
0x083A4300	rom	0x24	gObjectEventGraphicsInfo_Nurse
0x083A4324	rom	0x24	gObjectEventGraphicsInfo_UnusedMaleReceptionist
0x083A4348	rom	0x24	gObjectEventGraphicsInfo_ItemBall
0x083A436C	rom	0x24	gObjectEventGraphicsInfo_ProfOak
0x083A4390	rom	0x24	gObjectEventGraphicsInfo_Man
0x083A43B4	rom	0x24	gObjectEventGraphicsInfo_Rocker
0x083A43D8	rom	0x24	gObjectEventGraphicsInfo_MrFuji
0x083A43FC	rom	0x24	gObjectEventGraphicsInfo_Bruno
0x083A4420	rom	0x24	gObjectEventGraphicsInfo_OldManLyingDown
0x083A4444	rom	0x24	gObjectEventGraphicsInfo_CutTree
0x083A4468	rom	0x24	gObjectEventGraphicsInfo_Clerk
0x083A448C	rom	0x24	gObjectEventGraphicsInfo_MGDeliveryman
0x083A44B0	rom	0x24	gObjectEventGraphicsInfo_TrainerTowerDude
0x083A44D4	rom	0x24	gObjectEventGraphicsInfo_CableClubReceptionist
0x083A44F8	rom	0x24	gObjectEventGraphicsInfo_UnionRoomReceptionist
0x083A451C	rom	0x24	gObjectEventGraphicsInfo_RockSmashRock
0x083A4540	rom	0x24	gObjectEventGraphicsInfo_StrengthBoulder
0x083A4564	rom	0x24	gObjectEventGraphicsInfo_GreenNormal
0x083A4588	rom	0x24	gObjectEventGraphicsInfo_GreenBike
0x083A45AC	rom	0x24	gObjectEventGraphicsInfo_GreenSurf
0x083A45D0	rom	0x24	gObjectEventGraphicsInfo_GreenFieldMove
0x083A45F4	rom	0x24	gObjectEventGraphicsInfo_RedBikeAlt
0x083A4618	rom	0x24	gObjectEventGraphicsInfo_RocketM
0x083A463C	rom	0x24	gObjectEventGraphicsInfo_Celio
0x083A4660	rom	0x24	gObjectEventGraphicsInfo_Agatha
0x083A4684	rom	0x24	gObjectEventGraphicsInfo_Brock
0x083A46A8	rom	0x24	gObjectEventGraphicsInfo_Misty
0x083A46CC	rom	0x24	gObjectEventGraphicsInfo_LtSurge
0x083A46F0	rom	0x24	gObjectEventGraphicsInfo_Erika
0x083A4714	rom	0x24	gObjectEventGraphicsInfo_Koga
0x083A4738	rom	0x24	gObjectEventGraphicsInfo_Giovanni
0x083A475C	rom	0x24	gObjectEventGraphicsInfo_Blaine
0x083A4780	rom	0x24	gObjectEventGraphicsInfo_Sabrina
0x083A47A4	rom	0x24	gObjectEventGraphicsInfo_Bill
0x083A47C8	rom	0x24	gObjectEventGraphicsInfo_Daisy
0x083A47EC	rom	0x24	gObjectEventGraphicsInfo_Lorelei
0x083A4810	rom	0x24	gObjectEventGraphicsInfo_Lance
0x083A4834	rom	0x24	gObjectEventGraphicsInfo_Blue
0x083A4858	rom	0x24	gObjectEventGraphicsInfo_RedFish
0x083A487C	rom	0x24	gObjectEventGraphicsInfo_GreenFish
0x083A48A0	rom	0x24	gObjectEventGraphicsInfo_RedVSSeeker
0x083A48C4	rom	0x24	gObjectEventGraphicsInfo_RedVSSeekerBike
0x083A48E8	rom	0x24	gObjectEventGraphicsInfo_GreenVSSeeker
0x083A490C	rom	0x24	gObjectEventGraphicsInfo_GreenVSSeekerBike
0x083A4930	rom	0x24	gObjectEventGraphicsInfo_TownMap
0x083A4954	rom	0x24	gObjectEventGraphicsInfo_Pokedex
0x083A4978	rom	0x24	gObjectEventGraphicsInfo_GBAKid
0x083A499C	rom	0x24	gObjectEventGraphicsInfo_Snorlax
0x083A49C0	rom	0x24	gObjectEventGraphicsInfo_Fossil
0x083A49E4	rom	0x24	gObjectEventGraphicsInfo_Ruby
0x083A4A08	rom	0x24	gObjectEventGraphicsInfo_Sapphire
0x083A4A2C	rom	0x24	gObjectEventGraphicsInfo_OldAmber
0x083A4A50	rom	0x24	gObjectEventGraphicsInfo_GymSign
0x083A4A74	rom	0x24	gObjectEventGraphicsInfo_Sign
0x083A4A98	rom	0x24	gObjectEventGraphicsInfo_TrainerTips
0x083A4ABC	rom	0x24	gObjectEventGraphicsInfo_Clipboard
0x083A4AE0	rom	0x24	gObjectEventGraphicsInfo_Meteorite
0x083A4B04	rom	0x24	gObjectEventGraphicsInfo_LaprasDoll
0x083A4B28	rom	0x24	gObjectEventGraphicsInfo_Spearow
0x083A4B4C	rom	0x24	gObjectEventGraphicsInfo_Omanyte
0x083A4B70	rom	0x24	gObjectEventGraphicsInfo_Kangaskhan
0x083A4B94	rom	0x24	gObjectEventGraphicsInfo_Psyduck
0x083A4BB8	rom	0x24	gObjectEventGraphicsInfo_NidoranF
0x083A4BDC	rom	0x24	gObjectEventGraphicsInfo_NidoranM
0x083A4C00	rom	0x24	gObjectEventGraphicsInfo_Nidorino
0x083A4C24	rom	0x24	gObjectEventGraphicsInfo_Meowth
0x083A4C48	rom	0x24	gObjectEventGraphicsInfo_Seel
0x083A4C6C	rom	0x24	gObjectEventGraphicsInfo_Voltorb
0x083A4C90	rom	0x24	gObjectEventGraphicsInfo_Slowpoke
0x083A4CB4	rom	0x24	gObjectEventGraphicsInfo_Slowbro
0x083A4CD8	rom	0x24	gObjectEventGraphicsInfo_Machop
0x083A4CFC	rom	0x24	gObjectEventGraphicsInfo_Wigglytuff
0x083A4D20	rom	0x24	gObjectEventGraphicsInfo_Doduo
0x083A4D44	rom	0x24	gObjectEventGraphicsInfo_Fearow
0x083A4D68	rom	0x24	gObjectEventGraphicsInfo_Lapras
0x083A4D8C	rom	0x24	gObjectEventGraphicsInfo_Zapdos
0x083A4DB0	rom	0x24	gObjectEventGraphicsInfo_Moltres
0x083A4DD4	rom	0x24	gObjectEventGraphicsInfo_Articuno
0x083A4DF8	rom	0x24	gObjectEventGraphicsInfo_DeoxysD
0x083A4E1C	rom	0x24	gObjectEventGraphicsInfo_DeoxysA
0x083A4E40	rom	0x24	gObjectEventGraphicsInfo_DeoxysN
0x083A4E64	rom	0x24	gObjectEventGraphicsInfo_Mewtwo
0x083A4E88	rom	0x24	gObjectEventGraphicsInfo_Mew
0x083A4EAC	rom	0x24	gObjectEventGraphicsInfo_Entei
0x083A4ED0	rom	0x24	gObjectEventGraphicsInfo_Raikou
0x083A4EF4	rom	0x24	gObjectEventGraphicsInfo_Suicune
0x083A4F18	rom	0x24	gObjectEventGraphicsInfo_Lugia
0x083A4F3C	rom	0x24	gObjectEventGraphicsInfo_HoOh
0x083A4F60	rom	0x24	gObjectEventGraphicsInfo_Celebi
0x083A4F84	rom	0x24	gObjectEventGraphicsInfo_Cubone
0x083A4FA8	rom	0x24	gObjectEventGraphicsInfo_Machoke
0x083A4FCC	rom	0x24	gObjectEventGraphicsInfo_Kabuto
0x083A4FF0	rom	0x24	gObjectEventGraphicsInfo_Poliwrath
0x083A5014	rom	0x24	gObjectEventGraphicsInfo_Pidgeot
0x083A5038	rom	0x24	gObjectEventGraphicsInfo_Chansey
0x083A505C	rom	0x24	gObjectEventGraphicsInfo_Pikachu
0x083A5080	rom	0x24	gObjectEventGraphicsInfo_Jigglypuff
0x083A50A4	rom	0x24	gObjectEventGraphicsInfo_Pidgey
0x083A50C8	rom	0x24	gObjectEventGraphicsInfo_Clefairy
0x083A50EC	rom	0x24	gObjectEventGraphicsInfo_Mom
0x083A5110	rom	0x24	gObjectEventGraphicsInfo_Seagallop
0x083A5134	rom	0x24	gObjectEventGraphicsInfo_SSAnne
0x083A5158	rom	0x98	sObjectEventSpritePalettes
0x083A51F0	rom	0x8	sPlayerReflectionPaletteTags
0x083A51F8	rom	0x8	sUnusedPlayerReflectionPaletteTags
0x083A5200	rom	0x8	sPlayerUnderwaterReflectionPaletteTags
0x083A5208	rom	0x20	gPlayerReflectionPaletteSets
0x083A5228	rom	0x8	sRSQuintyPlumpReflectionPaletteTags
0x083A5230	rom	0x8	sRSTruckReflectionPaletteTags
0x083A5238	rom	0x8	sRSMachokeReflectionPaletteTags
0x083A5240	rom	0x8	sRSMovingBoxReflectionPaletteTags
0x083A5248	rom	0x8	sMeteoriteReflectionPaletteTags
0x083A5250	rom	0x8	sSeagallopReflectionPaletteTags
0x083A5258	rom	0x8	sRSSubmarineShadowReflectionPaletteTags
0x083A5260	rom	0x8	sRSKyogreReflectionPaletteTags
0x083A5268	rom	0x8	sRSGroudonReflectionPaletteTags
0x083A5270	rom	0x8	sGreenNPCReflectionPaletteTags
0x083A5278	rom	0x68	gSpecialObjectReflectionPaletteSets
0x083A52E0	rom	0x14	sObjectPaletteTags0
0x083A52F4	rom	0x14	sObjectPaletteTags1
0x083A5308	rom	0x14	sObjectPaletteTags2
0x083A531C	rom	0x14	sObjectPaletteTags3
0x083A5330	rom	0x10	gObjectPaletteTagSets
0x083A5340	rom	0x8	gSpritePalette_GeneralFieldEffect0
0x083A5348	rom	0x8	gSpritePalette_GeneralFieldEffect1
0x083A5350	rom	0x8	sAnim_Shadow
0x083A5358	rom	0x4	sAnimTable_Shadow
0x083A535C	rom	0x8	sPicTable_ShadowSmall
0x083A5364	rom	0x8	sPicTable_ShadowMedium
0x083A536C	rom	0x8	sPicTable_ShadowLarge
0x083A5374	rom	0x8	sPicTable_ShadowExtraLarge
0x083A537C	rom	0x18	gFieldEffectObjectTemplate_ShadowSmall
0x083A5394	rom	0x18	gFieldEffectObjectTemplate_ShadowMedium
0x083A53AC	rom	0x18	gFieldEffectObjectTemplate_ShadowLarge
0x083A53C4	rom	0x18	gFieldEffectObjectTemplate_ShadowExtraLarge
0x083A53DC	rom	0x28	sPicTable_TallGrass
0x083A5404	rom	0x18	sAnim_TallGrass
0x083A541C	rom	0x4	sAnimTable_TallGrass
0x083A5420	rom	0x18	gFieldEffectObjectTemplate_TallGrass
0x083A5438	rom	0x28	sPicTable_Ripple
0x083A5460	rom	0x24	sAnim_Ripple
0x083A5484	rom	0x4	sAnimTable_Ripple
0x083A5488	rom	0x18	gFieldEffectObjectTemplate_Ripple
0x083A54A0	rom	0x28	sPicTable_Ash
0x083A54C8	rom	0x18	sAnim_Ash
0x083A54E0	rom	0x4	sAnimTable_Ash
0x083A54E4	rom	0x18	gFieldEffectObjectTemplate_Ash
0x083A54FC	rom	0x30	sPicTable_SurfBlob
0x083A552C	rom	0xC	sSurfBlobAnim_FaceSouth
0x083A5538	rom	0xC	sSurfBlobAnim_FaceNorth
0x083A5544	rom	0xC	sSurfBlobAnim_FaceWest
0x083A5550	rom	0xC	sSurfBlobAnim_FaceEast
0x083A555C	rom	0x10	sAnimTable_SurfBlob
0x083A556C	rom	0x18	gFieldEffectObjectTemplate_SurfBlob
0x083A5584	rom	0x40	sPicTable_Arrow
0x083A55C4	rom	0xC	sArrowAnim_South
0x083A55D0	rom	0xC	sArrowAnim_North
0x083A55DC	rom	0xC	sArrowAnim_West
0x083A55E8	rom	0xC	sArrowAnim_East
0x083A55F4	rom	0x10	sAnimTable_Arrow
0x083A5604	rom	0x18	gFieldEffectObjectTemplate_Arrow
0x083A561C	rom	0x18	sPicTable_GroundImpactDust
0x083A5634	rom	0x10	sAnim_GroundImpactDust
0x083A5644	rom	0x4	sAnimTable_GroundImpactDust
0x083A5648	rom	0x18	gFieldEffectObjectTemplate_GroundImpactDust
0x083A5660	rom	0x20	sPicTable_JumpTallGrass
0x083A5680	rom	0x14	sAnim_JumpTallGrass
0x083A5694	rom	0x4	sAnimTable_JumpTallGrass
0x083A5698	rom	0x18	gFieldEffectObjectTemplate_JumpTallGrass
0x083A56B0	rom	0x10	sPicTable_SandFootprints
0x083A56C0	rom	0x8	sSandFootprintsAnim_South
0x083A56C8	rom	0x8	sSandFootprintsAnim_North
0x083A56D0	rom	0x8	sSandFootprintsAnim_West
0x083A56D8	rom	0x8	sSandFootprintsAnim_East
0x083A56E0	rom	0x14	sAnimTable_SandFootprints
0x083A56F4	rom	0x18	gFieldEffectObjectTemplate_SandFootprints
0x083A570C	rom	0x10	sPicTable_DeepSandFootprints
0x083A571C	rom	0x8	sDeepSandFootprintsAnim_South
0x083A5724	rom	0x8	sDeepSandFootprintsAnim_North
0x083A572C	rom	0x8	sDeepSandFootprintsAnim_West
0x083A5734	rom	0x8	sDeepSandFootprintsAnim_East
0x083A573C	rom	0x14	sAnimTable_DeepSandFootprints
0x083A5750	rom	0x18	gFieldEffectObjectTemplate_DeepSandFootprints
0x083A5768	rom	0x20	sPicTable_BikeTireTracks
0x083A5788	rom	0x8	sBikeTireTracksAnim_South
0x083A5790	rom	0x8	sBikeTireTracksAnim_North
0x083A5798	rom	0x8	sBikeTireTracksAnim_West
0x083A57A0	rom	0x8	sBikeTireTracksAnim_East
0x083A57A8	rom	0x8	sBikeTireTracksAnim_SECornerTurn
0x083A57B0	rom	0x8	sBikeTireTracksAnim_SWCornerTurn
0x083A57B8	rom	0x8	sBikeTireTracksAnim_NWCornerTurn
0x083A57C0	rom	0x8	sBikeTireTracksAnim_NECornerTurn
0x083A57C8	rom	0x24	sAnimTable_BikeTireTracks
0x083A57EC	rom	0x18	gFieldEffectObjectTemplate_BikeTireTracks
0x083A5804	rom	0x20	sPicTable_JumpBigSplash
0x083A5824	rom	0x14	sAnim_JumpBigSplash
0x083A5838	rom	0x4	sAnimTable_JumpBigSplash
0x083A583C	rom	0x18	gFieldEffectObjectTemplate_JumpBigSplash
0x083A5854	rom	0x10	sPicTable_Splash
0x083A5864	rom	0xC	sAnim_Splash_0
0x083A5870	rom	0x24	sAnim_Splash_1
0x083A5894	rom	0x8	sAnimTable_Splash
0x083A589C	rom	0x18	gFieldEffectObjectTemplate_Splash
0x083A58B4	rom	0x18	sPicTable_JumpSmallSplash
0x083A58CC	rom	0x10	sAnim_JumpSmallSplash
0x083A58DC	rom	0x4	sAnimTable_JumpSmallSplash
0x083A58E0	rom	0x18	gFieldEffectObjectTemplate_JumpSmallSplash
0x083A58F8	rom	0x20	sPicTable_LongGrass
0x083A5918	rom	0x20	sAnim_LongGrass
0x083A5938	rom	0x4	sAnimTable_LongGrass
0x083A593C	rom	0x18	gFieldEffectObjectTemplate_LongGrass
0x083A5954	rom	0x30	sPicTable_JumpLongGrass
0x083A5984	rom	0x1C	sAnim_JumpLongGrass
0x083A59A0	rom	0x4	sAnimTable_JumpLongGrass
0x083A59A4	rom	0x18	gFieldEffectObjectTemplate_JumpLongGrass
0x083A59BC	rom	0x48	sPicTable_UnusedGrass
0x083A5A04	rom	0x28	sAnim_UnusedGrass
0x083A5A2C	rom	0x4	sAnimTable_UnusedGrass
0x083A5A30	rom	0x18	gFieldEffectObjectTemplate_UnusedGrass
0x083A5A48	rom	0x20	sPicTable_UnusedGrass2
0x083A5A68	rom	0x1C	sAnim_UnusedGrass2
0x083A5A84	rom	0x4	sAnimTable_UnusedGrass2
0x083A5A88	rom	0x18	gFieldEffectObjectTemplate_UnusedGrass2
0x083A5AA0	rom	0x20	sPicTable_UnusedSand
0x083A5AC0	rom	0x14	sAnim_UnusedSand
0x083A5AD4	rom	0x4	sAnimTable_UnusedSand
0x083A5AD8	rom	0x18	gFieldEffectObjectTemplate_UnusedSand
0x083A5AF0	rom	0x18	sPicTable_SandPile
0x083A5B08	rom	0x10	sAnim_SandPile
0x083A5B18	rom	0x4	sAnimTable_SandPile
0x083A5B1C	rom	0x18	gFieldEffectObjectTemplate_SandPile
0x083A5B34	rom	0x20	sPicTable_WaterSurfacing
0x083A5B54	rom	0x1C	sAnim_WaterSurfacing
0x083A5B70	rom	0x4	sAnimTable_WaterSurfacing
0x083A5B74	rom	0x18	gFieldEffectObjectTemplate_WaterSurfacing
0x083A5B8C	rom	0x50	sAffineAnim_ReflectionDistortion_0
0x083A5BDC	rom	0x50	sAffineAnim_ReflectionDistortion_1
0x083A5C2C	rom	0x8	sAffineAnims_ReflectionDistortion
0x083A5C34	rom	0x18	gFieldEffectObjectTemplate_ReflectionDistortion
0x083A5C4C	rom	0x38	sPicTable_TreeDisguise
0x083A5C84	rom	0x8	sAnim_TreeDisguise
0x083A5C8C	rom	0x20	sAnim_TreeDisguiseReveal
0x083A5CAC	rom	0x8	sAnimTable_TreeDisguise
0x083A5CB4	rom	0x18	gFieldEffectObjectTemplate_TreeDisguise
0x083A5CCC	rom	0x38	sPicTable_MountainDisguise
0x083A5D04	rom	0x8	sAnim_MountainDisguise
0x083A5D0C	rom	0x20	sAnim_MountainDisguiseReveal
0x083A5D2C	rom	0x8	sAnimTable_MountainDisguise
0x083A5D34	rom	0x18	gFieldEffectObjectTemplate_MountainDisguise
0x083A5D4C	rom	0x38	sPicTable_SandDisguisePlaceholder
0x083A5D84	rom	0x18	gFieldEffectObjectTemplate_SandDisguisePlaceholder
0x083A5D9C	rom	0x28	sPicTable_Bird
0x083A5DC4	rom	0x8	sAnim_Bird_WithoutPlayer
0x083A5DCC	rom	0x8	sAnim_Bird_Red_FlyOut
0x083A5DD4	rom	0x8	sAnim_Bird_Red_FlyIn
0x083A5DDC	rom	0x8	sAnim_Bird_Green_FlyOut
0x083A5DE4	rom	0x8	sAnim_Bird_Green_FlyIn
0x083A5DEC	rom	0x14	sAnimTable_Bird
0x083A5E00	rom	0x18	gFieldEffectObjectTemplate_Bird
0x083A5E18	rom	0x10	sPicTable_ShortGrass
0x083A5E28	rom	0xC	sAnim_ShortGrass
0x083A5E34	rom	0x4	sAnimTable_ShortGrass
0x083A5E38	rom	0x18	gFieldEffectObjectTemplate_ShortGrass
0x083A5E50	rom	0x8	sPicTable_HotSpringsWater
0x083A5E58	rom	0x8	sAnim_HotSpringsWater
0x083A5E60	rom	0x4	sAnimTable_HotSpringsWater
0x083A5E64	rom	0x18	gFieldEffectObjectTemplate_HotSpringsWater
0x083A5E7C	rom	0x28	sPicTable_AshPuff
0x083A5EA4	rom	0x18	sAnim_AshPuff
0x083A5EBC	rom	0x4	sAnimTable_AshPuff
0x083A5EC0	rom	0x18	gFieldEffectObjectTemplate_AshPuff
0x083A5ED8	rom	0x8	gSpritePalette_Ash
0x083A5EE0	rom	0x28	sPicTable_AshLaunch
0x083A5F08	rom	0x18	sAnim_AshLaunch
0x083A5F20	rom	0x4	sAnimTable_AshLaunch
0x083A5F24	rom	0x18	gFieldEffectObjectTemplate_AshLaunch
0x083A5F3C	rom	0x40	sPicTable_Bubbles
0x083A5F7C	rom	0x24	sAnim_Bubbles
0x083A5FA0	rom	0x4	sAnimTable_Bubbles
0x083A5FA4	rom	0x18	gFieldEffectObjectTemplate_Bubbles
0x083A5FBC	rom	0x10	sPicTable_SmallSparkle
0x083A5FCC	rom	0x10	sAnim_SmallSparkle
0x083A5FDC	rom	0x4	sAnimTable_SmallSparkle
0x083A5FE0	rom	0x18	gFieldEffectObjectTemplate_SmallSparkle
0x083A5FF8	rom	0x8	gSpritePalette_SmallSparkle
0x083A6000	rom	0x8	gMovementDelaysMedium
0x083A6008	rom	0x8	gMovementDelaysLong
0x083A6010	rom	0x8	gMovementDelaysShort
0x083A6018	rom	0x1C	gMovementTypeFuncs_WanderAround
0x083A6034	rom	0x1C	gMovementTypeFuncs_WanderAroundSlower
0x083A6050	rom	0x4	gStandardDirections
0x083A6054	rom	0x2C	gGetVectorDirectionFuncs
0x083A6080	rom	0x14	gMovementTypeFuncs_LookAround
0x083A6094	rom	0x1C	gMovementTypeFuncs_WanderUpAndDown
0x083A60B0	rom	0x2	gUpAndDownDirections
0x083A60B4	rom	0x1C	gMovementTypeFuncs_WanderLeftAndRight
0x083A60D0	rom	0x2	gLeftAndRightDirections
0x083A60D4	rom	0xC	gMovementTypeFuncs_FaceDirection
0x083A60E0	rom	0x14	gMovementTypeFuncs_FaceDownAndUp
0x083A60F4	rom	0x14	gMovementTypeFuncs_FaceLeftAndRight
0x083A6108	rom	0x14	gMovementTypeFuncs_FaceUpAndLeft
0x083A611C	rom	0x2	gUpAndLeftDirections
0x083A6120	rom	0x14	gMovementTypeFuncs_FaceUpAndRight
0x083A6134	rom	0x2	gUpAndRightDirections
0x083A6138	rom	0x14	gMovementTypeFuncs_FaceDownAndLeft
0x083A614C	rom	0x2	gDownAndLeftDirections
0x083A6150	rom	0x14	gMovementTypeFuncs_FaceDownAndRight
0x083A6164	rom	0x2	gDownAndRightDirections
0x083A6168	rom	0x14	gMovementTypeFuncs_FaceDownUpAndLeft
0x083A617C	rom	0x4	gDownUpAndLeftDirections
0x083A6180	rom	0x14	gMovementTypeFuncs_FaceDownUpAndRight
0x083A6194	rom	0x4	gDownUpAndRightDirections
0x083A6198	rom	0x14	gMovementTypeFuncs_FaceUpLeftAndRight
0x083A61AC	rom	0x4	gUpLeftAndRightDirections
0x083A61B0	rom	0x14	gMovementTypeFuncs_FaceDownLeftAndRight
0x083A61C4	rom	0x4	gDownLeftAndRightDirections
0x083A61C8	rom	0x10	gMovementTypeFuncs_RotateCounterclockwise
0x083A61D8	rom	0x5	gCounterclockwiseDirections
0x083A61E0	rom	0x10	gMovementTypeFuncs_RotateClockwise
0x083A61F0	rom	0x5	gClockwiseDirections
0x083A61F8	rom	0x10	gMovementTypeFuncs_WalkBackAndForth
0x083A6208	rom	0xC	gMovementTypeFuncs_WalkSequenceUpRightLeftDown
0x083A6214	rom	0x4	gUpRightLeftDownDirections
0x083A6218	rom	0xC	gMovementTypeFuncs_WalkSequenceRightLeftDownUp
0x083A6224	rom	0x4	gRightLeftDownUpDirections
0x083A6228	rom	0xC	gMovementTypeFuncs_WalkSequenceDownUpRightLeft
0x083A6234	rom	0x4	gDownUpRightLeftDirections
0x083A6238	rom	0xC	gMovementTypeFuncs_WalkSequenceLeftDownUpRight
0x083A6244	rom	0x4	gLeftDownUpRightDirections
0x083A6248	rom	0xC	gMovementTypeFuncs_WalkSequenceUpLeftRightDown
0x083A6254	rom	0x4	gUpLeftRightDownDirections
0x083A6258	rom	0xC	gMovementTypeFuncs_WalkSequenceLeftRightDownUp
0x083A6264	rom	0x4	gLeftRightDownUpDirections
0x083A6268	rom	0xC	gMovementTypeFuncs_WalkSequenceDownUpLeftRight
0x083A6274	rom	0xC	gMovementTypeFuncs_WalkSequenceRightDownUpLeft
0x083A6280	rom	0x4	gRightDownUpLeftDirections
0x083A6284	rom	0xC	gMovementTypeFuncs_WalkSequenceLeftUpDownRight
0x083A6290	rom	0x4	gLeftUpDownRightDirections
0x083A6294	rom	0xC	gMovementTypeFuncs_WalkSequenceUpDownRightLeft
0x083A62A0	rom	0x4	gUpDownRightLeftDirections
0x083A62A4	rom	0xC	gMovementTypeFuncs_WalkSequenceRightLeftUpDown
0x083A62B0	rom	0x4	gRightLeftUpDownDirections
0x083A62B4	rom	0xC	gMovementTypeFuncs_WalkSequenceDownRightLeftUp
0x083A62C0	rom	0x4	gDownRightLeftUpDirections
0x083A62C4	rom	0xC	gMovementTypeFuncs_WalkSequenceRightUpDownLeft
0x083A62D0	rom	0x4	gRightUpDownLeftDirections
0x083A62D4	rom	0xC	gMovementTypeFuncs_WalkSequenceUpDownLeftRight
0x083A62E0	rom	0x4	gUpDownLeftRightDirections
0x083A62E4	rom	0xC	gMovementTypeFuncs_WalkSequenceLeftRightUpDown
0x083A62F0	rom	0x4	gLeftRightUpDownDirections
0x083A62F4	rom	0xC	gMovementTypeFuncs_WalkSequenceDownLeftRightUp
0x083A6300	rom	0x4	gDownLeftRightUpDirections
0x083A6304	rom	0xC	gMovementTypeFuncs_WalkSequenceUpLeftDownRight
0x083A6310	rom	0x4	gUpLeftDownRightDirections
0x083A6314	rom	0xC	gMovementTypeFuncs_WalkSequenceDownRightUpLeft
0x083A6320	rom	0x4	gDownRightUpLeftDirections
0x083A6324	rom	0xC	gMovementTypeFuncs_WalkSequenceLeftDownRightUp
0x083A6330	rom	0x4	gLeftDownRightUpDirections
0x083A6334	rom	0xC	gMovementTypeFuncs_WalkSequenceRightUpLeftDown
0x083A6340	rom	0x4	gRightUpLeftDownDirections
0x083A6344	rom	0xC	gMovementTypeFuncs_WalkSequenceUpRightDownLeft
0x083A6350	rom	0x4	gUpRightDownLeftDirections
0x083A6354	rom	0xC	gMovementTypeFuncs_WalkSequenceDownLeftUpRight
0x083A6360	rom	0x4	gDownLeftUpRightDirections
0x083A6364	rom	0xC	gMovementTypeFuncs_WalkSequenceLeftUpRightDown
0x083A6370	rom	0x4	gLeftUpRightDownDirections
0x083A6374	rom	0xC	gMovementTypeFuncs_WalkSequenceRightDownLeftUp
0x083A6380	rom	0x4	gRightDownLeftUpDirections
0x083A6384	rom	0xC	gMovementTypeFuncs_CopyPlayer
0x083A6390	rom	0x2C	gCopyPlayerMovementFuncs
0x083A63BC	rom	0xC	gMovementTypeFuncs_CopyPlayerInGrass
0x083A63C8	rom	0x4	gMovementTypeFuncs_Buried
0x083A63CC	rom	0x8	gMovementTypeFuncs_WalkInPlace
0x083A63D4	rom	0x8	gMovementTypeFuncs_WalkInPlaceFast
0x083A63DC	rom	0x8	gMovementTypeFuncs_JogInPlace
0x083A63E4	rom	0xC	gMovementTypeFuncs_Invisible
0x083A63F0	rom	0xC	gMovementTypeFuncs_RaiseHandAndStop
0x083A63FC	rom	0x8	gMovementTypeFuncs_RaiseHandAndJump
0x083A6404	rom	0x8	gMovementTypeFuncs_RaiseHandAndSwim
0x083A640C	rom	0x9	sFaceDirectionAnimNums
0x083A6415	rom	0x9	sMoveDirectionAnimNums
0x083A641E	rom	0x9	sMoveDirectionFastAnimNums
0x083A6427	rom	0x9	sMoveDirectionFasterAnimNums
0x083A6430	rom	0x9	sMoveDirectionFastestAnimNums
0x083A6439	rom	0x9	sJumpSpecialDirectionAnimNums
0x083A6442	rom	0x9	sAcroBunnyHopBackWheelDirectionAnimNums
0x083A644B	rom	0x9	sAcroBunnyHopFrontWheelDirectionAnimNums
0x083A6454	rom	0x9	sAcroStandingWheelieBackWheelDirectionAnimNums
0x083A645D	rom	0x9	sSpinDirectionAnimNums
0x083A6466	rom	0x9	sAcroStandingWheelieFrontWheelDirectionAnimNums
0x083A646F	rom	0x9	sAcroMovingWheelieDirectionAnimNums
0x083A6478	rom	0x9	sFishingDirectionAnimNums
0x083A6481	rom	0x9	sFishingNoCatchDirectionAnimNums
0x083A648A	rom	0x9	sFishingBiteDirectionAnimNums
0x083A6493	rom	0x9	sRunningDirectionAnimNums
0x083A649C	rom	0x9	sTrainerFacingDirectionMovementTypes
0x083A64A8	rom	0x10	gOppositeDirectionBlockedMetatileFuncs
0x083A64B8	rom	0x10	gDirectionBlockedMetatileFuncs
0x083A64C8	rom	0x24	sDirectionToVectors
0x083A64EC	rom	0x5	sFaceDirectionMovementActions
0x083A64F1	rom	0x5	sFaceDirectionFastMovementActions
0x083A64F6	rom	0x5	sWalkSlowestMovementActions
0x083A64FB	rom	0x5	sWalkSlowerMovementActions
0x083A6500	rom	0x5	sWalkSlowMovementActions
0x083A6505	rom	0x5	sWalkNormalMovementActions
0x083A650A	rom	0x5	sWalkFastMovementActions
0x083A650F	rom	0x5	sGlideMovementActions
0x083A6514	rom	0x5	sRideWaterCurrentMovementActions
0x083A6519	rom	0x5	sWalkFasterMovementActions
0x083A651E	rom	0x5	sSlideMovementActions
0x083A6523	rom	0x5	sPlayerRunMovementActions
0x083A6528	rom	0x5	sPlayerRunSlowMovementActions
0x083A652D	rom	0x5	sSpinMovementActions
0x083A6532	rom	0x5	sJump2MovementActions
0x083A6537	rom	0x5	sJumpInPlaceMovementActions
0x083A653C	rom	0x5	sJumpInPlaceTurnAroundMovementActions
0x083A6541	rom	0x5	sJumpMovementActions
0x083A6546	rom	0x5	sJumpSpecialMovementActions
0x083A654B	rom	0x5	sJumpSpecialWithEffectMovementActions
0x083A6550	rom	0x5	sWalkInPlaceSlowMovementActions
0x083A6555	rom	0x5	sWalkInPlaceNormalMovementActions
0x083A655A	rom	0x5	sWalkInPlaceFastMovementActions
0x083A655F	rom	0x5	sWalkInPlaceFasterMovementActions
0x083A6564	rom	0x5	sAcroWheelieFaceDirectionMovementActions
0x083A6569	rom	0x5	sAcroPopWheelieFaceDirectionMovementActions
0x083A656E	rom	0x5	sAcroEndWheelieFaceDirectionMovementActions
0x083A6573	rom	0x5	sAcroWheelieHopFaceDirectionMovementActions
0x083A6578	rom	0x5	sAcroWheelieHopMovementActions
0x083A657D	rom	0x5	sAcroWheelieJumpMovementActions
0x083A6582	rom	0x5	sAcroWheelieInPlaceMovementActions
0x083A6587	rom	0x5	sAcroPopWheelieMoveMovementActions
0x083A658C	rom	0x5	sAcroWheelieMoveMovementActions
0x083A6591	rom	0x8	gOppositeDirections
0x083A6599	rom	0x10	sPlayerDirectionsForCopy
0x083A65A9	rom	0x10	sPlayerDirectionToCopyDirection
0x083A65BC	rom	0x2A8	sMovementActionFuncs
0x083A6864	rom	0x8	sMovementActionFuncs_FaceDown
0x083A686C	rom	0x8	sMovementActionFuncs_FaceUp
0x083A6874	rom	0x8	sMovementActionFuncs_FaceLeft
0x083A687C	rom	0x8	sMovementActionFuncs_FaceRight
0x083A6884	rom	0x14	sDirectionAnimFuncsBySpeed
0x083A6898	rom	0xC	sMovementActionFuncs_WalkSlowestDown
0x083A68A4	rom	0xC	sMovementActionFuncs_WalkSlowestUp
0x083A68B0	rom	0xC	sMovementActionFuncs_WalkSlowestLeft
0x083A68BC	rom	0xC	sMovementActionFuncs_WalkSlowestRight
0x083A68C8	rom	0xC	sMovementActionFuncs_WalkSlowerDown
0x083A68D4	rom	0xC	sMovementActionFuncs_WalkSlowerUp
0x083A68E0	rom	0xC	sMovementActionFuncs_WalkSlowerLeft
0x083A68EC	rom	0xC	sMovementActionFuncs_WalkSlowerRight
0x083A68F8	rom	0xC	sMovementActionFuncs_WalkSlowUp
0x083A6904	rom	0xC	sMovementActionFuncs_WalkSlowDown
0x083A6910	rom	0xC	sMovementActionFuncs_WalkSlowLeft
0x083A691C	rom	0xC	sMovementActionFuncs_WalkSlowRight
0x083A6928	rom	0xC	sMovementActionFuncs_WalkNormalDown
0x083A6934	rom	0xC	sMovementActionFuncs_WalkNormalUp
0x083A6940	rom	0xC	sMovementActionFuncs_WalkNormalLeft
0x083A694C	rom	0xC	sMovementActionFuncs_WalkNormalRight
0x083A6958	rom	0x6	sJumpInitDisplacements
0x083A695E	rom	0x6	sJumpDisplacements
0x083A6964	rom	0xC	sMovementActionFuncs_Jump2Down
0x083A6970	rom	0xC	sMovementActionFuncs_Jump2Up
0x083A697C	rom	0xC	sMovementActionFuncs_Jump2Left
0x083A6988	rom	0xC	sMovementActionFuncs_Jump2Right
0x083A6994	rom	0xC	sMovementActionFuncs_Delay1
0x083A69A0	rom	0xC	sMovementActionFuncs_Delay2
0x083A69AC	rom	0xC	sMovementActionFuncs_Delay4
0x083A69B8	rom	0xC	sMovementActionFuncs_Delay8
0x083A69C4	rom	0xC	sMovementActionFuncs_Delay16
0x083A69D0	rom	0xC	sMovementActionFuncs_WalkFastDown
0x083A69DC	rom	0xC	sMovementActionFuncs_WalkFastUp
0x083A69E8	rom	0xC	sMovementActionFuncs_WalkFastLeft
0x083A69F4	rom	0xC	sMovementActionFuncs_WalkFastRight
0x083A6A00	rom	0xC	sMovementActionFuncs_GlideDown
0x083A6A0C	rom	0xC	sMovementActionFuncs_GlideUp
0x083A6A18	rom	0xC	sMovementActionFuncs_GlideLeft
0x083A6A24	rom	0xC	sMovementActionFuncs_GlideRight
0x083A6A30	rom	0x8	sMovementActionFuncs_FaceDownFast
0x083A6A38	rom	0x8	sMovementActionFuncs_FaceUpFast
0x083A6A40	rom	0x8	sMovementActionFuncs_FaceLeftFast
0x083A6A48	rom	0x8	sMovementActionFuncs_FaceRightFast
0x083A6A50	rom	0xC	sMovementActionFuncs_WalkInPlaceSlowDown
0x083A6A5C	rom	0xC	sMovementActionFuncs_WalkInPlaceSlowUp
0x083A6A68	rom	0xC	sMovementActionFuncs_WalkInPlaceSlowLeft
0x083A6A74	rom	0xC	sMovementActionFuncs_WalkInPlaceSlowRight
0x083A6A80	rom	0xC	sMovementActionFuncs_WalkInPlaceNormalDown
0x083A6A8C	rom	0xC	sMovementActionFuncs_WalkInPlaceNormalUp
0x083A6A98	rom	0xC	sMovementActionFuncs_WalkInPlaceNormalLeft
0x083A6AA4	rom	0xC	sMovementActionFuncs_WalkInPlaceNormalRight
0x083A6AB0	rom	0xC	sMovementActionFuncs_WalkInPlaceFastDown
0x083A6ABC	rom	0xC	sMovementActionFuncs_WalkInPlaceFastUp
0x083A6AC8	rom	0xC	sMovementActionFuncs_WalkInPlaceFastLeft
0x083A6AD4	rom	0xC	sMovementActionFuncs_WalkInPlaceFastRight
0x083A6AE0	rom	0xC	sMovementActionFuncs_WalkInPlaceFasterDown
0x083A6AEC	rom	0xC	sMovementActionFuncs_WalkInPlaceFasterUp
0x083A6AF8	rom	0xC	sMovementActionFuncs_WalkInPlaceFasterLeft
0x083A6B04	rom	0xC	sMovementActionFuncs_WalkInPlaceFasterRight
0x083A6B10	rom	0xC	sMovementActionFuncs_RideWaterCurrentDown
0x083A6B1C	rom	0xC	sMovementActionFuncs_RideWaterCurrentUp
0x083A6B28	rom	0xC	sMovementActionFuncs_RideWaterCurrentLeft
0x083A6B34	rom	0xC	sMovementActionFuncs_RideWaterCurrentRight
0x083A6B40	rom	0xC	sMovementActionFuncs_WalkFasterDown
0x083A6B4C	rom	0xC	sMovementActionFuncs_WalkFasterUp
0x083A6B58	rom	0xC	sMovementActionFuncs_WalkFasterLeft
0x083A6B64	rom	0xC	sMovementActionFuncs_WalkFasterRight
0x083A6B70	rom	0xC	sMovementActionFuncs_SlideDown
0x083A6B7C	rom	0xC	sMovementActionFuncs_SlideUp
0x083A6B88	rom	0xC	sMovementActionFuncs_SlideLeft
0x083A6B94	rom	0xC	sMovementActionFuncs_SlideRight
0x083A6BA0	rom	0xC	sMovementActionFuncs_PlayerRunDown
0x083A6BAC	rom	0xC	sMovementActionFuncs_PlayerRunUp
0x083A6BB8	rom	0xC	sMovementActionFuncs_PlayerRunLeft
0x083A6BC4	rom	0xC	sMovementActionFuncs_PlayerRunRight
0x083A6BD0	rom	0xC	sMovementActionFuncs_PlayerRunDownSlow
0x083A6BDC	rom	0xC	sMovementActionFuncs_PlayerRunUpSlow
0x083A6BE8	rom	0xC	sMovementActionFuncs_PlayerRunLeftSlow
0x083A6BF4	rom	0xC	sMovementActionFuncs_PlayerRunRightSlow
0x083A6C00	rom	0xC	sMovementActionFuncs_StartAnimInDirection
0x083A6C0C	rom	0xC	sMovementActionFuncs_JumpSpecialDown
0x083A6C18	rom	0xC	sMovementActionFuncs_JumpSpecialUp
0x083A6C24	rom	0xC	sMovementActionFuncs_JumpSpecialLeft
0x083A6C30	rom	0xC	sMovementActionFuncs_JumpSpecialRight
0x083A6C3C	rom	0xC	sMovementActionFuncs_JumpSpecialWithEffectDown
0x083A6C48	rom	0xC	sMovementActionFuncs_JumpSpecialWithEffectUp
0x083A6C54	rom	0xC	sMovementActionFuncs_JumpSpecialWithEffectLeft
0x083A6C60	rom	0xC	sMovementActionFuncs_JumpSpecialWithEffectRight
0x083A6C6C	rom	0x8	sMovementActionFuncs_FacePlayer
0x083A6C74	rom	0x8	sMovementActionFuncs_FaceAwayPlayer
0x083A6C7C	rom	0x8	sMovementActionFuncs_LockFacingDirection
0x083A6C84	rom	0x8	sMovementActionFuncs_UnlockFacingDirection
0x083A6C8C	rom	0xC	sMovementActionFuncs_JumpDown
0x083A6C98	rom	0xC	sMovementActionFuncs_JumpUp
0x083A6CA4	rom	0xC	sMovementActionFuncs_JumpLeft
0x083A6CB0	rom	0xC	sMovementActionFuncs_JumpRight
0x083A6CBC	rom	0xC	sMovementActionFuncs_JumpInPlaceDown
0x083A6CC8	rom	0xC	sMovementActionFuncs_JumpInPlaceUp
0x083A6CD4	rom	0xC	sMovementActionFuncs_JumpInPlaceLeft
0x083A6CE0	rom	0xC	sMovementActionFuncs_JumpInPlaceRight
0x083A6CEC	rom	0xC	sMovementActionFuncs_JumpInPlaceDownUp
0x083A6CF8	rom	0xC	sMovementActionFuncs_JumpInPlaceUpDown
0x083A6D04	rom	0xC	sMovementActionFuncs_JumpInPlaceLeftRight
0x083A6D10	rom	0xC	sMovementActionFuncs_JumpInPlaceRightLeft
0x083A6D1C	rom	0x8	sMovementActionFuncs_FaceOriginalDirection
0x083A6D24	rom	0xC	sMovementActionFuncs_NurseJoyBowDown
0x083A6D30	rom	0x8	sMovementActionFuncs_EnableJumpLandingGroundEffect
0x083A6D38	rom	0x8	sMovementActionFuncs_DisableJumpLandingGroundEffect
0x083A6D40	rom	0x8	sMovementActionFuncs_DisableAnimation
0x083A6D48	rom	0x8	sMovementActionFuncs_RestoreAnimation
0x083A6D50	rom	0x8	sMovementActionFuncs_SetInvisible
0x083A6D58	rom	0x8	sMovementActionFuncs_SetVisible
0x083A6D60	rom	0x8	sMovementActionFuncs_EmoteExclamationMark
0x083A6D68	rom	0x8	sMovementActionFuncs_EmoteQuestionMark
0x083A6D70	rom	0x8	sMovementActionFuncs_EmoteX
0x083A6D78	rom	0x8	sMovementActionFuncs_EmoteDoubleExclMark
0x083A6D80	rom	0x8	sMovementActionFuncs_EmoteSmile
0x083A6D88	rom	0xC	sMovementActionFuncs_RevealTrainer
0x083A6D94	rom	0x10	sMovementActionFuncs_RockSmashBreak
0x083A6DA4	rom	0x10	sMovementActionFuncs_CutTree
0x083A6DB4	rom	0x8	sMovementActionFuncs_SetFixedPriority
0x083A6DBC	rom	0x8	sMovementActionFuncs_ClearFixedPriority
0x083A6DC4	rom	0x8	sMovementActionFuncs_InitAffineAnim
0x083A6DCC	rom	0x8	sMovementActionFuncs_ClearAffineAnim
0x083A6DD4	rom	0xC	sMovementActionFuncs_WalkDownStartAffine
0x083A6DE0	rom	0xC	sMovementActionFuncs_WalkDownAffine
0x083A6DEC	rom	0x8	sMovementActionFuncs_AcroWheelieFaceDown
0x083A6DF4	rom	0x8	sMovementActionFuncs_AcroWheelieFaceUp
0x083A6DFC	rom	0x8	sMovementActionFuncs_AcroWheelieFaceLeft
0x083A6E04	rom	0x8	sMovementActionFuncs_AcroWheelieFaceRight
0x083A6E0C	rom	0xC	sMovementActionFuncs_AcroPopWheelieDown
0x083A6E18	rom	0xC	sMovementActionFuncs_AcroPopWheelieUp
0x083A6E24	rom	0xC	sMovementActionFuncs_AcroPopWheelieLeft
0x083A6E30	rom	0xC	sMovementActionFuncs_AcroPopWheelieRight
0x083A6E3C	rom	0xC	sMovementActionFuncs_AcroEndWheelieFaceDown
0x083A6E48	rom	0xC	sMovementActionFuncs_AcroEndWheelieFaceUp
0x083A6E54	rom	0xC	sMovementActionFuncs_AcroEndWheelieFaceLeft
0x083A6E60	rom	0xC	sMovementActionFuncs_AcroEndWheelieFaceRight
0x083A6E6C	rom	0xC	MovementActionFuncs_UnusedAcroActionDown
0x083A6E78	rom	0xC	MovementActionFuncs_UnusedAcroActionUp
0x083A6E84	rom	0xC	MovementActionFuncs_UnusedAcroActionLeft
0x083A6E90	rom	0xC	MovementActionFuncs_UnusedAcroActionRight
0x083A6E9C	rom	0xC	sMovementActionFuncs_AcroWheelieHopFaceDown
0x083A6EA8	rom	0xC	sMovementActionFuncs_AcroWheelieHopFaceUp
0x083A6EB4	rom	0xC	sMovementActionFuncs_AcroWheelieHopFaceLeft
0x083A6EC0	rom	0xC	sMovementActionFuncs_AcroWheelieHopFaceRight
0x083A6ECC	rom	0xC	sMovementActionFuncs_AcroWheelieHopDown
0x083A6ED8	rom	0xC	sMovementActionFuncs_AcroWheelieHopUp
0x083A6EE4	rom	0xC	sMovementActionFuncs_AcroWheelieHopLeft
0x083A6EF0	rom	0xC	sMovementActionFuncs_AcroWheelieHopRight
0x083A6EFC	rom	0xC	sMovementActionFuncs_AcroWheelieJumpDown
0x083A6F08	rom	0xC	sMovementActionFuncs_AcroWheelieJumpUp
0x083A6F14	rom	0xC	sMovementActionFuncs_AcroWheelieJumpLeft
0x083A6F20	rom	0xC	sMovementActionFuncs_AcroWheelieJumpRight
0x083A6F2C	rom	0xC	sMovementActionFuncs_AcroWheelieInPlaceDown
0x083A6F38	rom	0xC	sMovementActionFuncs_AcroWheelieInPlaceUp
0x083A6F44	rom	0xC	sMovementActionFuncs_AcroWheelieInPlaceLeft
0x083A6F50	rom	0xC	sMovementActionFuncs_AcroWheelieInPlaceRight
0x083A6F5C	rom	0xC	sMovementActionFuncs_AcroPopWheelieMoveDown
0x083A6F68	rom	0xC	sMovementActionFuncs_AcroPopWheelieMoveUp
0x083A6F74	rom	0xC	sMovementActionFuncs_AcroPopWheelieMoveLeft
0x083A6F80	rom	0xC	sMovementActionFuncs_AcroPopWheelieMoveRight
0x083A6F8C	rom	0xC	sMovementActionFuncs_AcroWheelieMoveDown
0x083A6F98	rom	0xC	sMovementActionFuncs_AcroWheelieMoveUp
0x083A6FA4	rom	0xC	sMovementActionFuncs_AcroWheelieMoveLeft
0x083A6FB0	rom	0xC	sMovementActionFuncs_AcroWheelieMoveRight
0x083A6FBC	rom	0xC	sMovementActionFuncs_SpinDown
0x083A6FC8	rom	0xC	sMovementActionFuncs_SpinUp
0x083A6FD4	rom	0xC	sMovementActionFuncs_SpinLeft
0x083A6FE0	rom	0xC	sMovementActionFuncs_SpinRight
0x083A6FEC	rom	0x8	sMovementActionFuncs_RaiseHandAndStop
0x083A6FF4	rom	0x8	sMovementActionFuncs_RaiseHandAndJump
0x083A6FFC	rom	0x8	sMovementActionFuncs_RaiseHandAndSwim
0x083A7004	rom	0x8	sMovementActionFuncs_ShakeHeadOrWalkInPlace
0x083A700C	rom	0xC	sMovementActionFuncs_FlyUp
0x083A7018	rom	0xC	sMovementActionFuncs_FlyDown
0x083A702C	rom	0x0	metatileFuncs.2424
0x083A7044	rom	0x0	jumpLandingFlags.2425
0x083A705C	rom	0x10	ledgeBehaviorFuncs.2435
0x083A706C	rom	0x10	sElevationToSubpriority
0x083A707C	rom	0x10	sElevationToPriority
0x083A708C	rom	0x10	sElevationToSubspriteTableNum
0x083A709C	rom	0xC	sGroundEffectTracksFuncs
0x083A70AC	rom	0x10	bikeTireTracks_Transitions.2499
0x083A70BC	rom	0x50	sGroundEffectFuncs
0x083A710C	rom	0x40	sSpeedNormalStepFuncs
0x083A714C	rom	0x20	sSpeedFast1StepFuncs
0x083A716C	rom	0x18	sSpeedFast2StepFuncs
0x083A7184	rom	0x10	sSpeedFasterStepFuncs
0x083A7194	rom	0x8	sSpeedFastestStepFuncs
0x083A719C	rom	0x14	sNpcStepFuncTables
0x083A71B0	rom	0xA	sStepTimes
0x083A71BA	rom	0x10	sJumpY_High
0x083A71CA	rom	0x10	sJumpY_Low
0x083A71DA	rom	0x10	sJumpY_Normal
0x083A71EC	rom	0xC	sJumpYTable
0x083A7244	rom	0x4	gNullScriptPtr
0x083A7248	rom	0x12	sScriptConditionTable
0x083A7294	rom	0xC	sScriptStringVars
0x083A72A0	rom	0x2	sText_S
0x083A72A2	rom	0x4	sText_IES
0x083A72A8	rom	0x68	sWeatherCoordEventFuncs
0x083A7310	rom	0x20	sPerStepCallbacks
0x083A7330	rom	0x12	sIcefallCaveIceCoords
0x083A7344	rom	0x48	sStartMenuActionTable
0x083A738C	rom	0x8	sSafariZoneStatsWindowTemplate
0x083A7394	rom	0x24	sStartMenuDescPointers
0x083A73B8	rom	0x4	sBGTemplates_AfterLinkSaveMessage
0x083A73BC	rom	0x10	sWindowTemplates_AfterLinkSaveMessage
0x083A73CC	rom	0x8	sSaveStatsWindowTemplate
0x083A73D4	rom	0x3	sTextColor_StatName
0x083A73D8	rom	0x3	sTextColor_StatValue
0x083A73DC	rom	0x3	sTextColor_LocationHeader
0x083A73E0	rom	0x80	sTilesetAnims_General_Flower_Frame0
0x083A7460	rom	0x80	sTilesetAnims_General_Flower_Frame1
0x083A74E0	rom	0x80	sTilesetAnims_General_Flower_Frame2
0x083A7560	rom	0x80	sTilesetAnims_General_Flower_Frame3
0x083A75E0	rom	0x80	sTilesetAnims_General_Flower_Frame4
0x083A7660	rom	0x14	sTilesetAnims_General_Flower
0x083A7674	rom	0x600	sTilesetAnims_General_Water_Current_LandWatersEdge_Frame0
0x083A7C74	rom	0x600	sTilesetAnims_General_Water_Current_LandWatersEdge_Frame1
0x083A8274	rom	0x600	sTilesetAnims_General_Water_Current_LandWatersEdge_Frame2
0x083A8874	rom	0x600	sTilesetAnims_General_Water_Current_LandWatersEdge_Frame3
0x083A8E74	rom	0x600	sTilesetAnims_General_Water_Current_LandWatersEdge_Frame4
0x083A9474	rom	0x600	sTilesetAnims_General_Water_Current_LandWatersEdge_Frame5
0x083A9A74	rom	0x600	sTilesetAnims_General_Water_Current_LandWatersEdge_Frame6
0x083AA074	rom	0x5E0	sTilesetAnims_General_Water_Current_LandWatersEdge_Frame7
0x083AA654	rom	0x20	sTilesetAnims_General_Water_Current_LandWatersEdge
0x083AA674	rom	0x240	sTilesetAnims_General_SandWatersEdge_Frame0
0x083AA8B4	rom	0x240	sTilesetAnims_General_SandWatersEdge_Frame1
0x083AAAF4	rom	0x240	sTilesetAnims_General_SandWatersEdge_Frame2
0x083AAD34	rom	0x240	sTilesetAnims_General_SandWatersEdge_Frame3
0x083AAF74	rom	0x240	sTilesetAnims_General_SandWatersEdge_Frame4
0x083AB1B4	rom	0x240	sTilesetAnims_General_SandWatersEdge_Frame5
0x083AB3F4	rom	0x240	sTilesetAnims_General_SandWatersEdge_Frame6
0x083AB634	rom	0x240	sTilesetAnims_General_SandWatersEdge_Frame7
0x083AB874	rom	0x20	sTilesetAnims_General_SandWatersEdge
0x083AB894	rom	0x100	sTilesetAnims_CeladonCity_Fountain_Frame0
0x083AB994	rom	0x100	sTilesetAnims_CeladonCity_Fountain_Frame1
0x083ABA94	rom	0x100	sTilesetAnims_CeladonCity_Fountain_Frame2
0x083ABB94	rom	0x100	sTilesetAnims_CeladonCity_Fountain_Frame3
0x083ABC94	rom	0x100	sTilesetAnims_CeladonCity_Fountain_Frame4
0x083ABD94	rom	0x20	sTilesetAnims_CeladonCity_Fountain_Empty
0x083ABDB4	rom	0x14	sTilesetAnims_CeladonCity_Fountain
0x083ABDC8	rom	0x100	sTilesetAnims_SilphCo_Fountain_Frame0
0x083ABEC8	rom	0x100	sTilesetAnims_SilphCo_Fountain_Frame1
0x083ABFC8	rom	0x100	sTilesetAnims_SilphCo_Fountain_Frame2
0x083AC0C8	rom	0x100	sTilesetAnims_SilphCo_Fountain_Frame3
0x083AC1C8	rom	0x20	sTilesetAnims_SilphCo_Fountain_Empty
0x083AC1E8	rom	0x10	sTilesetAnims_SilphCo_Fountain
0x083AC1F8	rom	0x100	sTilesetAnims_MtEmber_Steam_Frame0
0x083AC2F8	rom	0x100	sTilesetAnims_MtEmber_Steam_Frame1
0x083AC3F8	rom	0x100	sTilesetAnims_MtEmber_Steam_Frame2
0x083AC4F8	rom	0x100	sTilesetAnims_MtEmber_Steam_Frame3
0x083AC5F8	rom	0x10	sTilesetAnims_MtEmber_Steam
0x083AC608	rom	0xE0	sTilesetAnims_VermilionGym_MotorizedDoor_Frame0
0x083AC6E8	rom	0xE0	sTilesetAnims_VermilionGym_MotorizedDoor_Frame1
0x083AC7C8	rom	0x8	sTilesetAnims_VermilionGym_MotorizedDoor
0x083AC7D0	rom	0x80	sTilesetAnims_CeladonGym_Flowers_Frame0
0x083AC850	rom	0x80	sTilesetAnims_CeladonGym_Flowers_Frame1
0x083AC8D0	rom	0x80	sTilesetAnims_CeladonGym_Flowers_Frame2
0x083AC950	rom	0x10	sTilesetAnims_CeladonGym_Flowers
0x083AC960	rom	0x10	sDummyPaletteStructTemplate
0x083AC970	rom	0x20	sRoundedDownGrayscaleMap
0x083AC990	rom	0x38	sFanfares
0x083AC9C8	rom	0x8	gOamData_AffineOff_ObjNormal_8x8
0x083AC9D0	rom	0x8	gOamData_AffineOff_ObjNormal_16x16
0x083AC9D8	rom	0x8	gOamData_AffineOff_ObjNormal_32x32
0x083AC9E0	rom	0x8	gOamData_AffineOff_ObjNormal_64x64
0x083AC9E8	rom	0x8	gOamData_AffineOff_ObjNormal_16x8
0x083AC9F0	rom	0x8	gOamData_AffineOff_ObjNormal_32x8
0x083AC9F8	rom	0x8	gOamData_AffineOff_ObjNormal_32x16
0x083ACA00	rom	0x8	gOamData_AffineOff_ObjNormal_64x32
0x083ACA08	rom	0x8	gOamData_AffineOff_ObjNormal_8x16
0x083ACA10	rom	0x8	gOamData_AffineOff_ObjNormal_8x32
0x083ACA18	rom	0x8	gOamData_AffineOff_ObjNormal_16x32
0x083ACA20	rom	0x8	gOamData_AffineOff_ObjNormal_32x64
0x083ACA28	rom	0x8	gOamData_AffineNormal_ObjNormal_8x8
0x083ACA30	rom	0x8	gOamData_AffineNormal_ObjNormal_16x16
0x083ACA38	rom	0x8	gOamData_AffineNormal_ObjNormal_32x32
0x083ACA40	rom	0x8	gOamData_AffineNormal_ObjNormal_64x64
0x083ACA48	rom	0x8	gOamData_AffineNormal_ObjNormal_16x8
0x083ACA50	rom	0x8	gOamData_AffineNormal_ObjNormal_32x8
0x083ACA58	rom	0x8	gOamData_AffineNormal_ObjNormal_32x16
0x083ACA60	rom	0x8	gOamData_AffineNormal_ObjNormal_64x32
0x083ACA68	rom	0x8	gOamData_AffineNormal_ObjNormal_8x16
0x083ACA70	rom	0x8	gOamData_AffineNormal_ObjNormal_8x32
0x083ACA78	rom	0x8	gOamData_AffineNormal_ObjNormal_16x32
0x083ACA80	rom	0x8	gOamData_AffineNormal_ObjNormal_32x64
0x083ACA88	rom	0x8	gOamData_AffineDouble_ObjNormal_8x8
0x083ACA90	rom	0x8	gOamData_AffineDouble_ObjNormal_16x16
0x083ACA98	rom	0x8	gOamData_AffineDouble_ObjNormal_32x32
0x083ACAA0	rom	0x8	gOamData_AffineDouble_ObjNormal_64x64
0x083ACAA8	rom	0x8	gOamData_AffineDouble_ObjNormal_16x8
0x083ACAB0	rom	0x8	gOamData_AffineDouble_ObjNormal_32x8
0x083ACAB8	rom	0x8	gOamData_AffineDouble_ObjNormal_32x16
0x083ACAC0	rom	0x8	gOamData_AffineDouble_ObjNormal_64x32
0x083ACAC8	rom	0x8	gOamData_AffineDouble_ObjNormal_8x16
0x083ACAD0	rom	0x8	gOamData_AffineDouble_ObjNormal_8x32
0x083ACAD8	rom	0x8	gOamData_AffineDouble_ObjNormal_16x32
0x083ACAE0	rom	0x8	gOamData_AffineDouble_ObjNormal_32x64
0x083ACAE8	rom	0x8	gOamData_AffineOff_ObjBlend_8x8
0x083ACAF0	rom	0x8	gOamData_AffineOff_ObjBlend_16x16
0x083ACAF8	rom	0x8	gOamData_AffineOff_ObjBlend_32x32
0x083ACB00	rom	0x8	gOamData_AffineOff_ObjBlend_64x64
0x083ACB08	rom	0x8	gOamData_AffineOff_ObjBlend_16x8
0x083ACB10	rom	0x8	gOamData_AffineOff_ObjBlend_32x8
0x083ACB18	rom	0x8	gOamData_AffineOff_ObjBlend_32x16
0x083ACB20	rom	0x8	gOamData_AffineOff_ObjBlend_64x32
0x083ACB28	rom	0x8	gOamData_AffineOff_ObjBlend_8x16
0x083ACB30	rom	0x8	gOamData_AffineOff_ObjBlend_8x32
0x083ACB38	rom	0x8	gOamData_AffineOff_ObjBlend_16x32
0x083ACB40	rom	0x8	gOamData_AffineOff_ObjBlend_32x64
0x083ACB48	rom	0x8	gOamData_AffineNormal_ObjBlend_8x8
0x083ACB50	rom	0x8	gOamData_AffineNormal_ObjBlend_16x16
0x083ACB58	rom	0x8	gOamData_AffineNormal_ObjBlend_32x32
0x083ACB60	rom	0x8	gOamData_AffineNormal_ObjBlend_64x64
0x083ACB68	rom	0x8	gOamData_AffineNormal_ObjBlend_16x8
0x083ACB70	rom	0x8	gOamData_AffineNormal_ObjBlend_32x8
0x083ACB78	rom	0x8	gOamData_AffineNormal_ObjBlend_32x16
0x083ACB80	rom	0x8	gOamData_AffineNormal_ObjBlend_64x32
0x083ACB88	rom	0x8	gOamData_AffineNormal_ObjBlend_8x16
0x083ACB90	rom	0x8	gOamData_AffineNormal_ObjBlend_8x32
0x083ACB98	rom	0x8	gOamData_AffineNormal_ObjBlend_16x32
0x083ACBA0	rom	0x8	gOamData_AffineNormal_ObjBlend_32x64
0x083ACBA8	rom	0x8	gOamData_AffineDouble_ObjBlend_8x8
0x083ACBB0	rom	0x8	gOamData_AffineDouble_ObjBlend_16x16
0x083ACBB8	rom	0x8	gOamData_AffineDouble_ObjBlend_32x32
0x083ACBC0	rom	0x8	gOamData_AffineDouble_ObjBlend_64x64
0x083ACBC8	rom	0x8	gOamData_AffineDouble_ObjBlend_16x8
0x083ACBD0	rom	0x8	gOamData_AffineDouble_ObjBlend_32x8
0x083ACBD8	rom	0x8	gOamData_AffineDouble_ObjBlend_32x16
0x083ACBE0	rom	0x8	gOamData_AffineDouble_ObjBlend_64x32
0x083ACBE8	rom	0x8	gOamData_AffineDouble_ObjBlend_8x16
0x083ACBF0	rom	0x8	gOamData_AffineDouble_ObjBlend_8x32
0x083ACBF8	rom	0x8	gOamData_AffineDouble_ObjBlend_16x32
0x083ACC00	rom	0x8	gOamData_AffineDouble_ObjBlend_32x64
0x083ACC08	rom	0x908	gBattleAnimPicTable
0x083AD510	rom	0x908	gBattleAnimPaletteTable
0x083ADE18	rom	0x144	gBattleAnimBackgroundTable
0x083ADF5C	rom	0xC0	sScriptCmdTable
0x083AE01C	rom	0x20	sBattlerCoords
0x083AE03C	rom	0x10	gCastformFrontSpriteCoords
0x083AE04C	rom	0x4	sCastformElevations
0x083AE050	rom	0x4	sCastformBackSpriteYCoords
0x083AE054	rom	0x30	sSpriteTemplates_MoveEffectMons
0x083AE084	rom	0x10	sSpriteSheets_MoveEffectMons
0x083BF3E0	rom	0x14	sAnim_FlickeringOrb
0x083BF3F4	rom	0x4	sAnims_FlickeringOrb
0x083BF3F8	rom	0x18	sFlickeringOrbSpriteTemplate
0x083BF410	rom	0x18	sFlickeringOrbFlippedSpriteTemplate
0x083BF428	rom	0x8	sAnim_WeatherBallNormal
0x083BF430	rom	0x4	sAnims_WeatherBallNormal
0x083BF434	rom	0x18	gWeatherBallUpSpriteTemplate
0x083BF44C	rom	0x18	gWeatherBallNormalDownSpriteTemplate
0x083BF464	rom	0x18	sAnim_SpinningSparkle
0x083BF47C	rom	0x4	sAnims_SpinningSparkle
0x083BF480	rom	0x18	gSpinningSparkleSpriteTemplate
0x083BF498	rom	0x18	sFlickeringFootSpriteTemplate
0x083BF4B0	rom	0x8	sAnim_FlickeringImpact_0
0x083BF4B8	rom	0x8	sAnim_FlickeringImpact_1
0x083BF4C0	rom	0x8	sAnim_FlickeringImpact_2
0x083BF4C8	rom	0xC	sAnims_FlickeringImpact
0x083BF4D4	rom	0x18	sFlickeringImpactSpriteTemplate
0x083BF4EC	rom	0x8	sAnim_FlickeringShrinkOrb
0x083BF4F4	rom	0x4	sAnims_FlickeringShrinkOrb
0x083BF4F8	rom	0x18	sAffineAnim_FlickeringShrinkOrb
0x083BF510	rom	0x4	sAffineAnims_FlickeringShrinkOrb
0x083BF514	rom	0x18	sFlickeringShrinkOrbSpriteTemplate
0x083BF52C	rom	0x17	sText_TaskOver
0x083BF544	rom	0x10	sFrozenIceCubeSubsprites
0x083BF554	rom	0x8	sFrozenIceCubeSubspriteTable
0x083BF55C	rom	0x18	sFrozenIceCubeSpriteTemplate
0x083BF574	rom	0x18	sFlashingCircleImpactSpriteTemplate
0x083BF58C	rom	0x1C	sBorderBgTiles
0x083BF5A8	rom	0xA4	sBorderBgMap
0x083BF64C	rom	0x130	sSlash_Gfx
0x083BF77C	rom	0x20	sFlames_Pal
0x083BF79C	rom	0x278	sFlames_Gfx
0x083BFA14	rom	0xA0	sBlankFlames_Gfx
0x083BFAB4	rom	0x8	sOamData_FlameOrLeaf
0x083BFABC	rom	0x2C	sSpriteAnim_Flame
0x083BFAE8	rom	0x14	sSpriteAnim_Flame_Unused
0x083BFAFC	rom	0x8	sSpriteAnim_FlameOrLeaf
0x083BFB04	rom	0x18	sSpriteTemplate_FlameOrLeaf
0x083BFB1C	rom	0x18	sSpriteTemplate_BlankFlame
0x083BFB34	rom	0x8	sOamData_BlankSprite
0x083BFB3C	rom	0x18	sSpriteTemplate_BlankSprite
0x083BFB54	rom	0x8	sOamData_SlashSprite
0x083BFB5C	rom	0x18	sSlashSpriteTemplate
0x083BFB74	rom	0x10	sBgTemplates
0x083BFB84	rom	0x18	sSceneFuncs
0x083BFB9C	rom	0x20	sSpriteSheets
0x083BFBBC	rom	0x18	sSpritePals
0x083BFBD4	rom	0x10	sFlameXPositions
0x083BFBE4	rom	0x824	sUnused_Tilemap1
0x083C0408	rom	0x7F8	sUnused_Tilemap2
0x083C0C00	rom	0x79C	sUnused_Tilemap3
0x083C139C	rom	0x81C	sUnused_Tilemap4
0x083C1BB8	rom	0x7C8	sUnused_Tilemap5
0x083C2380	rom	0x824	sUnused_Tilemap6
0x083C2BA4	rom	0x18	sUnused_Tilemaps
0x083C2BBC	rom	0x4	gWeatherPtr
0x083C2BC0	rom	0xF0	sWeatherFuncs
0x083C2CB0	rom	0x10	sWeatherPalStateFuncs
0x083C2CC0	rom	0x20	sBasePaletteGammaTypes
0x083C2CE0	rom	0x20	gDefaultWeatherSpritePalette
0x083C2D00	rom	0x20	gCloudsWeatherPalette
0x083C2D20	rom	0x20	gSandstormWeatherPalette
0x083C2D40	rom	0x800	gWeatherFogDiagonalTiles
0x083C3540	rom	0x800	gWeatherFogHorizontalTiles
0x083C3D40	rom	0x800	gWeatherCloudTiles
0x083C4540	rom	0x20	gWeatherSnow1Tiles
0x083C4560	rom	0x20	gWeatherSnow2Tiles
0x083C4580	rom	0x40	gWeatherBubbleTiles
0x083C45C0	rom	0x1000	gWeatherAshTiles
0x083C55C0	rom	0x600	gWeatherRainTiles
0x083C5BC0	rom	0xA00	gWeatherSandstormTiles
0x083C65C0	rom	0x4	sWeatherCycleRoute119
0x083C65C4	rom	0x4	sWeatherCycleRoute123
0x083C65C8	rom	0xC	sCloudSpriteMapCoords
0x083C65D4	rom	0x8	sCloudSpriteSheet
0x083C65DC	rom	0x8	sCloudSpriteOamData
0x083C65E4	rom	0x8	sCloudSpriteAnimCmd
0x083C65EC	rom	0x4	sCloudSpriteAnimCmds
0x083C65F0	rom	0x18	sCloudSpriteTemplate
0x083C6608	rom	0x60	sRainSpriteCoords
0x083C6668	rom	0x8	sRainSpriteOamData
0x083C6670	rom	0x8	sRainSpriteFallAnimCmd
0x083C6678	rom	0x10	sRainSpriteSplashAnimCmd
0x083C6688	rom	0x10	sRainSpriteHeavySplashAnimCmd
0x083C6698	rom	0xC	sRainSpriteAnimCmds
0x083C66A4	rom	0x18	sRainSpriteTemplate
0x083C66BC	rom	0x8	sRainSpriteMovement
0x083C66C4	rom	0x8	sRainSpriteFallingDurations
0x083C66CC	rom	0x8	sRainSpriteSheet
0x083C66D4	rom	0x8	sSnowflakeSpriteOamData
0x083C66DC	rom	0x10	sSnowflakeSpriteImages
0x083C66EC	rom	0x8	sSnowflakeAnimCmd0
0x083C66F4	rom	0x8	sSnowflakeAnimCmd1
0x083C66FC	rom	0x8	sSnowflakeAnimCmds
0x083C6704	rom	0x18	sSnowflakeSpriteTemplate
0x083C671C	rom	0x10	sUnusedData
0x083C672C	rom	0x8	sOamData_FogH
0x083C6734	rom	0x8	sAnim_FogH_0
0x083C673C	rom	0x8	sAnim_FogH_1
0x083C6744	rom	0x8	sAnim_FogH_2
0x083C674C	rom	0x8	sAnim_FogH_3
0x083C6754	rom	0x8	sAnim_FogH_4
0x083C675C	rom	0x8	sAnim_FogH_5
0x083C6764	rom	0x18	sAnims_FogH
0x083C677C	rom	0x10	sAffineAnim_FogH
0x083C678C	rom	0x4	sAffineAnims_FogH
0x083C6790	rom	0x18	sFogHorizontalSpriteTemplate
0x083C67B0	rom	0x8	sAshSpriteSheet
0x083C67B8	rom	0x8	sAshSpriteOamData
0x083C67C0	rom	0xC	sAshSpriteAnimCmd0
0x083C67CC	rom	0x4	sAshSpriteAnimCmds
0x083C67D0	rom	0x18	sAshSpriteTemplate
0x083C67E8	rom	0x8	gFogDiagonalSpriteSheet
0x083C67F0	rom	0x8	sFogDiagonalSpriteOamData
0x083C67F8	rom	0x8	sFogDiagonalSpriteAnimCmd0
0x083C6800	rom	0x4	sFogDiagonalSpriteAnimCmds
0x083C6804	rom	0x18	sFogDiagonalSpriteTemplate
0x083C681C	rom	0x8	sSandstormSpriteOamData
0x083C6824	rom	0x8	sSandstormSpriteAnimCmd0
0x083C682C	rom	0x8	sSandstormSpriteAnimCmd1
0x083C6834	rom	0x8	sSandstormSpriteAnimCmds
0x083C683C	rom	0x18	sSandstormSpriteTemplate
0x083C6854	rom	0x8	sSandstormSpriteSheet
0x083C685C	rom	0xC	sSwirlEntranceDelays
0x083C6868	rom	0x8	sBubbleStartDelays
0x083C6870	rom	0x8	sWeatherBubbleSpriteSheet
0x083C6878	rom	0x34	sBubbleStartCoords
0x083C68AC	rom	0xC	sBubbleSpriteAnimCmd0
0x083C68B8	rom	0x4	sBubbleSpriteAnimCmds
0x083C68BC	rom	0x18	sBubbleSpriteTemplate
0x083C68D4	rom	0xA	sFlashLevelToRadius
0x083C68E0	rom	0x4	gMaxFlashLevel
0x083C68E4	rom	0x8	sWindowTemplate_WhiteoutText
0x083C68EC	rom	0x3	sWhiteoutTextColors
0x083C68F0	rom	0x8	sBattleTransitionTable_Wild
0x083C68F8	rom	0x8	sBattleTransitionTable_Trainer
0x083C6900	rom	0x48	sOrdinaryBattleParams
0x083C6948	rom	0x48	sContinueScriptBattleParams
0x083C6990	rom	0x48	sDoubleBattleParams
0x083C69D8	rom	0x48	sOrdinaryNoIntroBattleParams
0x083C6A20	rom	0x48	sEarlyRivalBattleParams
0x083C6A68	rom	0x48	sContinueScriptDoubleBattleParams
0x083C6AB0	rom	0x8	sWindowTemplate_LinkPlayerCount
0x083C6AB8	rom	0x10	sTrainerCardColorNames
0x083C6AC8	rom	0x780	sGfx_Emoticons
0x083C7248	rom	0x10	sDirectionalApproachDistanceFuncs
0x083C7258	rom	0x3C	sTrainerSeeFuncList
0x083C7294	rom	0x10	sTrainerSeeFuncList2
0x083C72A4	rom	0x8	sOamData_Emoticons
0x083C72AC	rom	0x78	sSpriteImages_Emoticons
0x083C7324	rom	0x10	sAnimCmd_ExclamationMark1
0x083C7334	rom	0x10	sAnimCmd_DoubleExclMark
0x083C7344	rom	0x10	sAnimCmd_X
0x083C7354	rom	0x10	sAnimCmd_SmileyFace
0x083C7364	rom	0x10	sAnimCmd_QuestionMark
0x083C7374	rom	0x14	sSpriteAnimTable_Emoticons
0x083C7388	rom	0x18	sSpriteTemplate_Emoticons
0x083C73A0	rom	0x30	sSevenIslandTanobyRuinsMoneanChamber_FireRed_LandMons
0x083C73D0	rom	0x8	sSevenIslandTanobyRuinsMoneanChamber_FireRed_LandMonsInfo
0x083C73D8	rom	0x30	sSevenIslandTanobyRuinsLiptooChamber_FireRed_LandMons
0x083C7408	rom	0x8	sSevenIslandTanobyRuinsLiptooChamber_FireRed_LandMonsInfo
0x083C7410	rom	0x30	sSevenIslandTanobyRuinsWeepthChamber_FireRed_LandMons
0x083C7440	rom	0x8	sSevenIslandTanobyRuinsWeepthChamber_FireRed_LandMonsInfo
0x083C7448	rom	0x30	sSevenIslandTanobyRuinsDilfordChamber_FireRed_LandMons
0x083C7478	rom	0x8	sSevenIslandTanobyRuinsDilfordChamber_FireRed_LandMonsInfo
0x083C7480	rom	0x30	sSevenIslandTanobyRuinsScufibChamber_FireRed_LandMons
0x083C74B0	rom	0x8	sSevenIslandTanobyRuinsScufibChamber_FireRed_LandMonsInfo
0x083C74B8	rom	0x30	sSevenIslandTanobyRuinsRixyChamber_FireRed_LandMons
0x083C74E8	rom	0x8	sSevenIslandTanobyRuinsRixyChamber_FireRed_LandMonsInfo
0x083C74F0	rom	0x30	sSevenIslandTanobyRuinsViapoisChamber_FireRed_LandMons
0x083C7520	rom	0x8	sSevenIslandTanobyRuinsViapoisChamber_FireRed_LandMonsInfo
0x083C7528	rom	0x30	sViridianForest_FireRed_LandMons
0x083C7558	rom	0x8	sViridianForest_FireRed_LandMonsInfo
0x083C7560	rom	0x30	sMtMoon1F_FireRed_LandMons
0x083C7590	rom	0x8	sMtMoon1F_FireRed_LandMonsInfo
0x083C7598	rom	0x30	sMtMoonB1F_FireRed_LandMons
0x083C75C8	rom	0x8	sMtMoonB1F_FireRed_LandMonsInfo
0x083C75D0	rom	0x30	sMtMoonB2F_FireRed_LandMons
0x083C7600	rom	0x8	sMtMoonB2F_FireRed_LandMonsInfo
0x083C7608	rom	0x14	sSSAnneExterior_FireRed_WaterMons
0x083C761C	rom	0x8	sSSAnneExterior_FireRed_WaterMonsInfo
0x083C7624	rom	0x28	sSSAnneExterior_FireRed_FishingMons
0x083C764C	rom	0x8	sSSAnneExterior_FireRed_FishingMonsInfo
0x083C7654	rom	0x30	sDiglettsCaveB1F_FireRed_LandMons
0x083C7684	rom	0x8	sDiglettsCaveB1F_FireRed_LandMonsInfo
0x083C768C	rom	0x30	sVictoryRoad1F_FireRed_LandMons
0x083C76BC	rom	0x8	sVictoryRoad1F_FireRed_LandMonsInfo
0x083C76C4	rom	0x30	sVictoryRoad2F_FireRed_LandMons
0x083C76F4	rom	0x8	sVictoryRoad2F_FireRed_LandMonsInfo
0x083C76FC	rom	0x30	sVictoryRoad3F_FireRed_LandMons
0x083C772C	rom	0x8	sVictoryRoad3F_FireRed_LandMonsInfo
0x083C7734	rom	0x30	sPokemonMansion1F_FireRed_LandMons
0x083C7764	rom	0x8	sPokemonMansion1F_FireRed_LandMonsInfo
0x083C776C	rom	0x30	sPokemonMansion2F_FireRed_LandMons
0x083C779C	rom	0x8	sPokemonMansion2F_FireRed_LandMonsInfo
0x083C77A4	rom	0x30	sPokemonMansion3F_FireRed_LandMons
0x083C77D4	rom	0x8	sPokemonMansion3F_FireRed_LandMonsInfo
0x083C77DC	rom	0x30	sPokemonMansionB1F_FireRed_LandMons
0x083C780C	rom	0x8	sPokemonMansionB1F_FireRed_LandMonsInfo
0x083C7814	rom	0x30	sSafariZoneCenter_FireRed_LandMons
0x083C7844	rom	0x8	sSafariZoneCenter_FireRed_LandMonsInfo
0x083C784C	rom	0x14	sSafariZoneCenter_FireRed_WaterMons
0x083C7860	rom	0x8	sSafariZoneCenter_FireRed_WaterMonsInfo
0x083C7868	rom	0x28	sSafariZoneCenter_FireRed_FishingMons
0x083C7890	rom	0x8	sSafariZoneCenter_FireRed_FishingMonsInfo
0x083C7898	rom	0x30	sSafariZoneEast_FireRed_LandMons
0x083C78C8	rom	0x8	sSafariZoneEast_FireRed_LandMonsInfo
0x083C78D0	rom	0x14	sSafariZoneEast_FireRed_WaterMons
0x083C78E4	rom	0x8	sSafariZoneEast_FireRed_WaterMonsInfo
0x083C78EC	rom	0x28	sSafariZoneEast_FireRed_FishingMons
0x083C7914	rom	0x8	sSafariZoneEast_FireRed_FishingMonsInfo
0x083C791C	rom	0x30	sSafariZoneNorth_FireRed_LandMons
0x083C794C	rom	0x8	sSafariZoneNorth_FireRed_LandMonsInfo
0x083C7954	rom	0x14	sSafariZoneNorth_FireRed_WaterMons
0x083C7968	rom	0x8	sSafariZoneNorth_FireRed_WaterMonsInfo
0x083C7970	rom	0x28	sSafariZoneNorth_FireRed_FishingMons
0x083C7998	rom	0x8	sSafariZoneNorth_FireRed_FishingMonsInfo
0x083C79A0	rom	0x30	sSafariZoneWest_FireRed_LandMons
0x083C79D0	rom	0x8	sSafariZoneWest_FireRed_LandMonsInfo
0x083C79D8	rom	0x14	sSafariZoneWest_FireRed_WaterMons
0x083C79EC	rom	0x8	sSafariZoneWest_FireRed_WaterMonsInfo
0x083C79F4	rom	0x28	sSafariZoneWest_FireRed_FishingMons
0x083C7A1C	rom	0x8	sSafariZoneWest_FireRed_FishingMonsInfo
0x083C7A24	rom	0x30	sCeruleanCave1F_FireRed_LandMons
0x083C7A54	rom	0x8	sCeruleanCave1F_FireRed_LandMonsInfo
0x083C7A5C	rom	0x14	sCeruleanCave1F_FireRed_WaterMons
0x083C7A70	rom	0x8	sCeruleanCave1F_FireRed_WaterMonsInfo
0x083C7A78	rom	0x14	sCeruleanCave1F_FireRed_RockSmashMons
0x083C7A8C	rom	0x8	sCeruleanCave1F_FireRed_RockSmashMonsInfo
0x083C7A94	rom	0x28	sCeruleanCave1F_FireRed_FishingMons
0x083C7ABC	rom	0x8	sCeruleanCave1F_FireRed_FishingMonsInfo
0x083C7AC4	rom	0x30	sCeruleanCave2F_FireRed_LandMons
0x083C7AF4	rom	0x8	sCeruleanCave2F_FireRed_LandMonsInfo
0x083C7AFC	rom	0x14	sCeruleanCave2F_FireRed_RockSmashMons
0x083C7B10	rom	0x8	sCeruleanCave2F_FireRed_RockSmashMonsInfo
0x083C7B18	rom	0x30	sCeruleanCaveB1F_FireRed_LandMons
0x083C7B48	rom	0x8	sCeruleanCaveB1F_FireRed_LandMonsInfo
0x083C7B50	rom	0x14	sCeruleanCaveB1F_FireRed_WaterMons
0x083C7B64	rom	0x8	sCeruleanCaveB1F_FireRed_WaterMonsInfo
0x083C7B6C	rom	0x14	sCeruleanCaveB1F_FireRed_RockSmashMons
0x083C7B80	rom	0x8	sCeruleanCaveB1F_FireRed_RockSmashMonsInfo
0x083C7B88	rom	0x28	sCeruleanCaveB1F_FireRed_FishingMons
0x083C7BB0	rom	0x8	sCeruleanCaveB1F_FireRed_FishingMonsInfo
0x083C7BB8	rom	0x30	sRockTunnel1F_FireRed_LandMons
0x083C7BE8	rom	0x8	sRockTunnel1F_FireRed_LandMonsInfo
0x083C7BF0	rom	0x30	sRockTunnelB1F_FireRed_LandMons
0x083C7C20	rom	0x8	sRockTunnelB1F_FireRed_LandMonsInfo
0x083C7C28	rom	0x14	sRockTunnelB1F_FireRed_RockSmashMons
0x083C7C3C	rom	0x8	sRockTunnelB1F_FireRed_RockSmashMonsInfo
0x083C7C44	rom	0x30	sSeafoamIslands1F_FireRed_LandMons
0x083C7C74	rom	0x8	sSeafoamIslands1F_FireRed_LandMonsInfo
0x083C7C7C	rom	0x30	sSeafoamIslandsB1F_FireRed_LandMons
0x083C7CAC	rom	0x8	sSeafoamIslandsB1F_FireRed_LandMonsInfo
0x083C7CB4	rom	0x30	sSeafoamIslandsB2F_FireRed_LandMons
0x083C7CE4	rom	0x8	sSeafoamIslandsB2F_FireRed_LandMonsInfo
0x083C7CEC	rom	0x30	sSeafoamIslandsB3F_FireRed_LandMons
0x083C7D1C	rom	0x8	sSeafoamIslandsB3F_FireRed_LandMonsInfo
0x083C7D24	rom	0x14	sSeafoamIslandsB3F_FireRed_WaterMons
0x083C7D38	rom	0x8	sSeafoamIslandsB3F_FireRed_WaterMonsInfo
0x083C7D40	rom	0x28	sSeafoamIslandsB3F_FireRed_FishingMons
0x083C7D68	rom	0x8	sSeafoamIslandsB3F_FireRed_FishingMonsInfo
0x083C7D70	rom	0x30	sSeafoamIslandsB4F_FireRed_LandMons
0x083C7DA0	rom	0x8	sSeafoamIslandsB4F_FireRed_LandMonsInfo
0x083C7DA8	rom	0x14	sSeafoamIslandsB4F_FireRed_WaterMons
0x083C7DBC	rom	0x8	sSeafoamIslandsB4F_FireRed_WaterMonsInfo
0x083C7DC4	rom	0x28	sSeafoamIslandsB4F_FireRed_FishingMons
0x083C7DEC	rom	0x8	sSeafoamIslandsB4F_FireRed_FishingMonsInfo
0x083C7DF4	rom	0x30	sPokemonTower3F_FireRed_LandMons
0x083C7E24	rom	0x8	sPokemonTower3F_FireRed_LandMonsInfo
0x083C7E2C	rom	0x30	sPokemonTower4F_FireRed_LandMons
0x083C7E5C	rom	0x8	sPokemonTower4F_FireRed_LandMonsInfo
0x083C7E64	rom	0x30	sPokemonTower5F_FireRed_LandMons
0x083C7E94	rom	0x8	sPokemonTower5F_FireRed_LandMonsInfo
0x083C7E9C	rom	0x30	sPokemonTower6F_FireRed_LandMons
0x083C7ECC	rom	0x8	sPokemonTower6F_FireRed_LandMonsInfo
0x083C7ED4	rom	0x30	sPokemonTower7F_FireRed_LandMons
0x083C7F04	rom	0x8	sPokemonTower7F_FireRed_LandMonsInfo
0x083C7F0C	rom	0x30	sPowerPlant_FireRed_LandMons
0x083C7F3C	rom	0x8	sPowerPlant_FireRed_LandMonsInfo
0x083C7F44	rom	0x30	sMtEmberExterior_FireRed_LandMons
0x083C7F74	rom	0x8	sMtEmberExterior_FireRed_LandMonsInfo
0x083C7F7C	rom	0x14	sMtEmberExterior_FireRed_RockSmashMons
0x083C7F90	rom	0x8	sMtEmberExterior_FireRed_RockSmashMonsInfo
0x083C7F98	rom	0x30	sMtEmberSummitPath1F_FireRed_LandMons
0x083C7FC8	rom	0x8	sMtEmberSummitPath1F_FireRed_LandMonsInfo
0x083C7FD0	rom	0x30	sMtEmberSummitPath2F_FireRed_LandMons
0x083C8000	rom	0x8	sMtEmberSummitPath2F_FireRed_LandMonsInfo
0x083C8008	rom	0x14	sMtEmberSummitPath2F_FireRed_RockSmashMons
0x083C801C	rom	0x8	sMtEmberSummitPath2F_FireRed_RockSmashMonsInfo
0x083C8024	rom	0x30	sMtEmberSummitPath3F_FireRed_LandMons
0x083C8054	rom	0x8	sMtEmberSummitPath3F_FireRed_LandMonsInfo
0x083C805C	rom	0x30	sMtEmberRubyPath1F_FireRed_LandMons
0x083C808C	rom	0x8	sMtEmberRubyPath1F_FireRed_LandMonsInfo
0x083C8094	rom	0x14	sMtEmberRubyPath1F_FireRed_RockSmashMons
0x083C80A8	rom	0x8	sMtEmberRubyPath1F_FireRed_RockSmashMonsInfo
0x083C80B0	rom	0x30	sMtEmberRubyPathB1F_FireRed_LandMons
0x083C80E0	rom	0x8	sMtEmberRubyPathB1F_FireRed_LandMonsInfo
0x083C80E8	rom	0x14	sMtEmberRubyPathB1F_FireRed_RockSmashMons
0x083C80FC	rom	0x8	sMtEmberRubyPathB1F_FireRed_RockSmashMonsInfo
0x083C8104	rom	0x30	sMtEmberRubyPathB2F_FireRed_LandMons
0x083C8134	rom	0x8	sMtEmberRubyPathB2F_FireRed_LandMonsInfo
0x083C813C	rom	0x14	sMtEmberRubyPathB2F_FireRed_RockSmashMons
0x083C8150	rom	0x8	sMtEmberRubyPathB2F_FireRed_RockSmashMonsInfo
0x083C8158	rom	0x30	sMtEmberRubyPathB3F_FireRed_LandMons
0x083C8188	rom	0x8	sMtEmberRubyPathB3F_FireRed_LandMonsInfo
0x083C8190	rom	0x14	sMtEmberRubyPathB3F_FireRed_RockSmashMons
0x083C81A4	rom	0x8	sMtEmberRubyPathB3F_FireRed_RockSmashMonsInfo
0x083C81AC	rom	0x30	sMtEmberRubyPathB1FStairs_FireRed_LandMons
0x083C81DC	rom	0x8	sMtEmberRubyPathB1FStairs_FireRed_LandMonsInfo
0x083C81E4	rom	0x14	sMtEmberRubyPathB1FStairs_FireRed_RockSmashMons
0x083C81F8	rom	0x8	sMtEmberRubyPathB1FStairs_FireRed_RockSmashMonsInfo
0x083C8200	rom	0x30	sMtEmberRubyPathB2FStairs_FireRed_LandMons
0x083C8230	rom	0x8	sMtEmberRubyPathB2FStairs_FireRed_LandMonsInfo
0x083C8238	rom	0x14	sMtEmberRubyPathB2FStairs_FireRed_RockSmashMons
0x083C824C	rom	0x8	sMtEmberRubyPathB2FStairs_FireRed_RockSmashMonsInfo
0x083C8254	rom	0x30	sThreeIslandBerryForest_FireRed_LandMons
0x083C8284	rom	0x8	sThreeIslandBerryForest_FireRed_LandMonsInfo
0x083C828C	rom	0x14	sThreeIslandBerryForest_FireRed_WaterMons
0x083C82A0	rom	0x8	sThreeIslandBerryForest_FireRed_WaterMonsInfo
0x083C82A8	rom	0x28	sThreeIslandBerryForest_FireRed_FishingMons
0x083C82D0	rom	0x8	sThreeIslandBerryForest_FireRed_FishingMonsInfo
0x083C82D8	rom	0x30	sFourIslandIcefallCaveEntrance_FireRed_LandMons
0x083C8308	rom	0x8	sFourIslandIcefallCaveEntrance_FireRed_LandMonsInfo
0x083C8310	rom	0x14	sFourIslandIcefallCaveEntrance_FireRed_WaterMons
0x083C8324	rom	0x8	sFourIslandIcefallCaveEntrance_FireRed_WaterMonsInfo
0x083C832C	rom	0x28	sFourIslandIcefallCaveEntrance_FireRed_FishingMons
0x083C8354	rom	0x8	sFourIslandIcefallCaveEntrance_FireRed_FishingMonsInfo
0x083C835C	rom	0x30	sFourIslandIcefallCave1F_FireRed_LandMons
0x083C838C	rom	0x8	sFourIslandIcefallCave1F_FireRed_LandMonsInfo
0x083C8394	rom	0x30	sFourIslandIcefallCaveB1F_FireRed_LandMons
0x083C83C4	rom	0x8	sFourIslandIcefallCaveB1F_FireRed_LandMonsInfo
0x083C83CC	rom	0x30	sFourIslandIcefallCaveBack_FireRed_LandMons
0x083C83FC	rom	0x8	sFourIslandIcefallCaveBack_FireRed_LandMonsInfo
0x083C8404	rom	0x14	sFourIslandIcefallCaveBack_FireRed_WaterMons
0x083C8418	rom	0x8	sFourIslandIcefallCaveBack_FireRed_WaterMonsInfo
0x083C8420	rom	0x28	sFourIslandIcefallCaveBack_FireRed_FishingMons
0x083C8448	rom	0x8	sFourIslandIcefallCaveBack_FireRed_FishingMonsInfo
0x083C8450	rom	0x30	sSixIslandPatternBush_FireRed_LandMons
0x083C8480	rom	0x8	sSixIslandPatternBush_FireRed_LandMonsInfo
0x083C8488	rom	0x30	sFiveIslandLostCaveRoom1_FireRed_LandMons
0x083C84B8	rom	0x8	sFiveIslandLostCaveRoom1_FireRed_LandMonsInfo
0x083C84C0	rom	0x30	sFiveIslandLostCaveRoom2_FireRed_LandMons
0x083C84F0	rom	0x8	sFiveIslandLostCaveRoom2_FireRed_LandMonsInfo
0x083C84F8	rom	0x30	sFiveIslandLostCaveRoom3_FireRed_LandMons
0x083C8528	rom	0x8	sFiveIslandLostCaveRoom3_FireRed_LandMonsInfo
0x083C8530	rom	0x30	sFiveIslandLostCaveRoom4_FireRed_LandMons
0x083C8560	rom	0x8	sFiveIslandLostCaveRoom4_FireRed_LandMonsInfo
0x083C8568	rom	0x30	sFiveIslandLostCaveRoom5_FireRed_LandMons
0x083C8598	rom	0x8	sFiveIslandLostCaveRoom5_FireRed_LandMonsInfo
0x083C85A0	rom	0x30	sFiveIslandLostCaveRoom6_FireRed_LandMons
0x083C85D0	rom	0x8	sFiveIslandLostCaveRoom6_FireRed_LandMonsInfo
0x083C85D8	rom	0x30	sFiveIslandLostCaveRoom7_FireRed_LandMons
0x083C8608	rom	0x8	sFiveIslandLostCaveRoom7_FireRed_LandMonsInfo
0x083C8610	rom	0x30	sFiveIslandLostCaveRoom8_FireRed_LandMons
0x083C8640	rom	0x8	sFiveIslandLostCaveRoom8_FireRed_LandMonsInfo
0x083C8648	rom	0x30	sFiveIslandLostCaveRoom9_FireRed_LandMons
0x083C8678	rom	0x8	sFiveIslandLostCaveRoom9_FireRed_LandMonsInfo
0x083C8680	rom	0x30	sFiveIslandLostCaveRoom10_FireRed_LandMons
0x083C86B0	rom	0x8	sFiveIslandLostCaveRoom10_FireRed_LandMonsInfo
0x083C86B8	rom	0x30	sFiveIslandLostCaveRoom11_FireRed_LandMons
0x083C86E8	rom	0x8	sFiveIslandLostCaveRoom11_FireRed_LandMonsInfo
0x083C86F0	rom	0x30	sFiveIslandLostCaveRoom12_FireRed_LandMons
0x083C8720	rom	0x8	sFiveIslandLostCaveRoom12_FireRed_LandMonsInfo
0x083C8728	rom	0x30	sFiveIslandLostCaveRoom13_FireRed_LandMons
0x083C8758	rom	0x8	sFiveIslandLostCaveRoom13_FireRed_LandMonsInfo
0x083C8760	rom	0x30	sFiveIslandLostCaveRoom14_FireRed_LandMons
0x083C8790	rom	0x8	sFiveIslandLostCaveRoom14_FireRed_LandMonsInfo
0x083C8798	rom	0x30	sOneIslandKindleRoad_FireRed_LandMons
0x083C87C8	rom	0x8	sOneIslandKindleRoad_FireRed_LandMonsInfo
0x083C87D0	rom	0x14	sOneIslandKindleRoad_FireRed_WaterMons
0x083C87E4	rom	0x8	sOneIslandKindleRoad_FireRed_WaterMonsInfo
0x083C87EC	rom	0x14	sOneIslandKindleRoad_FireRed_RockSmashMons
0x083C8800	rom	0x8	sOneIslandKindleRoad_FireRed_RockSmashMonsInfo
0x083C8808	rom	0x28	sOneIslandKindleRoad_FireRed_FishingMons
0x083C8830	rom	0x8	sOneIslandKindleRoad_FireRed_FishingMonsInfo
0x083C8838	rom	0x30	sOneIslandTreasureBeach_FireRed_LandMons
0x083C8868	rom	0x8	sOneIslandTreasureBeach_FireRed_LandMonsInfo
0x083C8870	rom	0x14	sOneIslandTreasureBeach_FireRed_WaterMons
0x083C8884	rom	0x8	sOneIslandTreasureBeach_FireRed_WaterMonsInfo
0x083C888C	rom	0x28	sOneIslandTreasureBeach_FireRed_FishingMons
0x083C88B4	rom	0x8	sOneIslandTreasureBeach_FireRed_FishingMonsInfo
0x083C88BC	rom	0x30	sTwoIslandCapeBrink_FireRed_LandMons
0x083C88EC	rom	0x8	sTwoIslandCapeBrink_FireRed_LandMonsInfo
0x083C88F4	rom	0x14	sTwoIslandCapeBrink_FireRed_WaterMons
0x083C8908	rom	0x8	sTwoIslandCapeBrink_FireRed_WaterMonsInfo
0x083C8910	rom	0x28	sTwoIslandCapeBrink_FireRed_FishingMons
0x083C8938	rom	0x8	sTwoIslandCapeBrink_FireRed_FishingMonsInfo
0x083C8940	rom	0x30	sThreeIslandBondBridge_FireRed_LandMons
0x083C8970	rom	0x8	sThreeIslandBondBridge_FireRed_LandMonsInfo
0x083C8978	rom	0x14	sThreeIslandBondBridge_FireRed_WaterMons
0x083C898C	rom	0x8	sThreeIslandBondBridge_FireRed_WaterMonsInfo
0x083C8994	rom	0x28	sThreeIslandBondBridge_FireRed_FishingMons
0x083C89BC	rom	0x8	sThreeIslandBondBridge_FireRed_FishingMonsInfo
0x083C89C4	rom	0x30	sThreeIslandPort_FireRed_LandMons
0x083C89F4	rom	0x8	sThreeIslandPort_FireRed_LandMonsInfo
0x083C89FC	rom	0x14	sFiveIslandResortGorgeous_FireRed_WaterMons
0x083C8A10	rom	0x8	sFiveIslandResortGorgeous_FireRed_WaterMonsInfo
0x083C8A18	rom	0x28	sFiveIslandResortGorgeous_FireRed_FishingMons
0x083C8A40	rom	0x8	sFiveIslandResortGorgeous_FireRed_FishingMonsInfo
0x083C8A48	rom	0x14	sFiveIslandWaterLabyrinth_FireRed_WaterMons
0x083C8A5C	rom	0x8	sFiveIslandWaterLabyrinth_FireRed_WaterMonsInfo
0x083C8A64	rom	0x28	sFiveIslandWaterLabyrinth_FireRed_FishingMons
0x083C8A8C	rom	0x8	sFiveIslandWaterLabyrinth_FireRed_FishingMonsInfo
0x083C8A94	rom	0x30	sFiveIslandMeadow_FireRed_LandMons
0x083C8AC4	rom	0x8	sFiveIslandMeadow_FireRed_LandMonsInfo
0x083C8ACC	rom	0x14	sFiveIslandMeadow_FireRed_WaterMons
0x083C8AE0	rom	0x8	sFiveIslandMeadow_FireRed_WaterMonsInfo
0x083C8AE8	rom	0x28	sFiveIslandMeadow_FireRed_FishingMons
0x083C8B10	rom	0x8	sFiveIslandMeadow_FireRed_FishingMonsInfo
0x083C8B18	rom	0x30	sFiveIslandMemorialPillar_FireRed_LandMons
0x083C8B48	rom	0x8	sFiveIslandMemorialPillar_FireRed_LandMonsInfo
0x083C8B50	rom	0x14	sFiveIslandMemorialPillar_FireRed_WaterMons
0x083C8B64	rom	0x8	sFiveIslandMemorialPillar_FireRed_WaterMonsInfo
0x083C8B6C	rom	0x28	sFiveIslandMemorialPillar_FireRed_FishingMons
0x083C8B94	rom	0x8	sFiveIslandMemorialPillar_FireRed_FishingMonsInfo
0x083C8B9C	rom	0x14	sSixIslandOutcastIsland_FireRed_WaterMons
0x083C8BB0	rom	0x8	sSixIslandOutcastIsland_FireRed_WaterMonsInfo
0x083C8BB8	rom	0x28	sSixIslandOutcastIsland_FireRed_FishingMons
0x083C8BE0	rom	0x8	sSixIslandOutcastIsland_FireRed_FishingMonsInfo
0x083C8BE8	rom	0x14	sSixIslandGreenPath_FireRed_WaterMons
0x083C8BFC	rom	0x8	sSixIslandGreenPath_FireRed_WaterMonsInfo
0x083C8C04	rom	0x28	sSixIslandGreenPath_FireRed_FishingMons
0x083C8C2C	rom	0x8	sSixIslandGreenPath_FireRed_FishingMonsInfo
0x083C8C34	rom	0x30	sSixIslandWaterPath_FireRed_LandMons
0x083C8C64	rom	0x8	sSixIslandWaterPath_FireRed_LandMonsInfo
0x083C8C6C	rom	0x14	sSixIslandWaterPath_FireRed_WaterMons
0x083C8C80	rom	0x8	sSixIslandWaterPath_FireRed_WaterMonsInfo
0x083C8C88	rom	0x28	sSixIslandWaterPath_FireRed_FishingMons
0x083C8CB0	rom	0x8	sSixIslandWaterPath_FireRed_FishingMonsInfo
0x083C8CB8	rom	0x30	sSixIslandRuinValley_FireRed_LandMons
0x083C8CE8	rom	0x8	sSixIslandRuinValley_FireRed_LandMonsInfo
0x083C8CF0	rom	0x14	sSixIslandRuinValley_FireRed_WaterMons
0x083C8D04	rom	0x8	sSixIslandRuinValley_FireRed_WaterMonsInfo
0x083C8D0C	rom	0x28	sSixIslandRuinValley_FireRed_FishingMons
0x083C8D34	rom	0x8	sSixIslandRuinValley_FireRed_FishingMonsInfo
0x083C8D3C	rom	0x14	sSevenIslandTrainerTower_FireRed_WaterMons
0x083C8D50	rom	0x8	sSevenIslandTrainerTower_FireRed_WaterMonsInfo
0x083C8D58	rom	0x28	sSevenIslandTrainerTower_FireRed_FishingMons
0x083C8D80	rom	0x8	sSevenIslandTrainerTower_FireRed_FishingMonsInfo
0x083C8D88	rom	0x30	sSevenIslandSevaultCanyonEntrance_FireRed_LandMons
0x083C8DB8	rom	0x8	sSevenIslandSevaultCanyonEntrance_FireRed_LandMonsInfo
0x083C8DC0	rom	0x30	sSevenIslandSevaultCanyon_FireRed_LandMons
0x083C8DF0	rom	0x8	sSevenIslandSevaultCanyon_FireRed_LandMonsInfo
0x083C8DF8	rom	0x14	sSevenIslandSevaultCanyon_FireRed_RockSmashMons
0x083C8E0C	rom	0x8	sSevenIslandSevaultCanyon_FireRed_RockSmashMonsInfo
0x083C8E14	rom	0x14	sSevenIslandTanobyRuins_FireRed_WaterMons
0x083C8E28	rom	0x8	sSevenIslandTanobyRuins_FireRed_WaterMonsInfo
0x083C8E30	rom	0x28	sSevenIslandTanobyRuins_FireRed_FishingMons
0x083C8E58	rom	0x8	sSevenIslandTanobyRuins_FireRed_FishingMonsInfo
0x083C8E60	rom	0x30	sRoute1_FireRed_LandMons
0x083C8E90	rom	0x8	sRoute1_FireRed_LandMonsInfo
0x083C8E98	rom	0x30	sRoute2_FireRed_LandMons
0x083C8EC8	rom	0x8	sRoute2_FireRed_LandMonsInfo
0x083C8ED0	rom	0x30	sRoute3_FireRed_LandMons
0x083C8F00	rom	0x8	sRoute3_FireRed_LandMonsInfo
0x083C8F08	rom	0x30	sRoute4_FireRed_LandMons
0x083C8F38	rom	0x8	sRoute4_FireRed_LandMonsInfo
0x083C8F40	rom	0x14	sRoute4_FireRed_WaterMons
0x083C8F54	rom	0x8	sRoute4_FireRed_WaterMonsInfo
0x083C8F5C	rom	0x28	sRoute4_FireRed_FishingMons
0x083C8F84	rom	0x8	sRoute4_FireRed_FishingMonsInfo
0x083C8F8C	rom	0x30	sRoute5_FireRed_LandMons
0x083C8FBC	rom	0x8	sRoute5_FireRed_LandMonsInfo
0x083C8FC4	rom	0x30	sRoute6_FireRed_LandMons
0x083C8FF4	rom	0x8	sRoute6_FireRed_LandMonsInfo
0x083C8FFC	rom	0x14	sRoute6_FireRed_WaterMons
0x083C9010	rom	0x8	sRoute6_FireRed_WaterMonsInfo
0x083C9018	rom	0x28	sRoute6_FireRed_FishingMons
0x083C9040	rom	0x8	sRoute6_FireRed_FishingMonsInfo
0x083C9048	rom	0x30	sRoute7_FireRed_LandMons
0x083C9078	rom	0x8	sRoute7_FireRed_LandMonsInfo
0x083C9080	rom	0x30	sRoute8_FireRed_LandMons
0x083C90B0	rom	0x8	sRoute8_FireRed_LandMonsInfo
0x083C90B8	rom	0x30	sRoute9_FireRed_LandMons
0x083C90E8	rom	0x8	sRoute9_FireRed_LandMonsInfo
0x083C90F0	rom	0x30	sRoute10_FireRed_LandMons
0x083C9120	rom	0x8	sRoute10_FireRed_LandMonsInfo
0x083C9128	rom	0x14	sRoute10_FireRed_WaterMons
0x083C913C	rom	0x8	sRoute10_FireRed_WaterMonsInfo
0x083C9144	rom	0x28	sRoute10_FireRed_FishingMons
0x083C916C	rom	0x8	sRoute10_FireRed_FishingMonsInfo
0x083C9174	rom	0x30	sRoute11_FireRed_LandMons
0x083C91A4	rom	0x8	sRoute11_FireRed_LandMonsInfo
0x083C91AC	rom	0x14	sRoute11_FireRed_WaterMons
0x083C91C0	rom	0x8	sRoute11_FireRed_WaterMonsInfo
0x083C91C8	rom	0x28	sRoute11_FireRed_FishingMons
0x083C91F0	rom	0x8	sRoute11_FireRed_FishingMonsInfo
0x083C91F8	rom	0x30	sRoute12_FireRed_LandMons
0x083C9228	rom	0x8	sRoute12_FireRed_LandMonsInfo
0x083C9230	rom	0x14	sRoute12_FireRed_WaterMons
0x083C9244	rom	0x8	sRoute12_FireRed_WaterMonsInfo
0x083C924C	rom	0x28	sRoute12_FireRed_FishingMons
0x083C9274	rom	0x8	sRoute12_FireRed_FishingMonsInfo
0x083C927C	rom	0x30	sRoute13_FireRed_LandMons
0x083C92AC	rom	0x8	sRoute13_FireRed_LandMonsInfo
0x083C92B4	rom	0x14	sRoute13_FireRed_WaterMons
0x083C92C8	rom	0x8	sRoute13_FireRed_WaterMonsInfo
0x083C92D0	rom	0x28	sRoute13_FireRed_FishingMons
0x083C92F8	rom	0x8	sRoute13_FireRed_FishingMonsInfo
0x083C9300	rom	0x30	sRoute14_FireRed_LandMons
0x083C9330	rom	0x8	sRoute14_FireRed_LandMonsInfo
0x083C9338	rom	0x30	sRoute15_FireRed_LandMons
0x083C9368	rom	0x8	sRoute15_FireRed_LandMonsInfo
0x083C9370	rom	0x30	sRoute16_FireRed_LandMons
0x083C93A0	rom	0x8	sRoute16_FireRed_LandMonsInfo
0x083C93A8	rom	0x30	sRoute17_FireRed_LandMons
0x083C93D8	rom	0x8	sRoute17_FireRed_LandMonsInfo
0x083C93E0	rom	0x30	sRoute18_FireRed_LandMons
0x083C9410	rom	0x8	sRoute18_FireRed_LandMonsInfo
0x083C9418	rom	0x14	sRoute19_FireRed_WaterMons
0x083C942C	rom	0x8	sRoute19_FireRed_WaterMonsInfo
0x083C9434	rom	0x28	sRoute19_FireRed_FishingMons
0x083C945C	rom	0x8	sRoute19_FireRed_FishingMonsInfo
0x083C9464	rom	0x14	sRoute20_FireRed_WaterMons
0x083C9478	rom	0x8	sRoute20_FireRed_WaterMonsInfo
0x083C9480	rom	0x28	sRoute20_FireRed_FishingMons
0x083C94A8	rom	0x8	sRoute20_FireRed_FishingMonsInfo
0x083C94B0	rom	0x30	sRoute21North_FireRed_LandMons
0x083C94E0	rom	0x8	sRoute21North_FireRed_LandMonsInfo
0x083C94E8	rom	0x14	sRoute21North_FireRed_WaterMons
0x083C94FC	rom	0x8	sRoute21North_FireRed_WaterMonsInfo
0x083C9504	rom	0x28	sRoute21North_FireRed_FishingMons
0x083C952C	rom	0x8	sRoute21North_FireRed_FishingMonsInfo
0x083C9534	rom	0x30	sRoute21South_FireRed_LandMons
0x083C9564	rom	0x8	sRoute21South_FireRed_LandMonsInfo
0x083C956C	rom	0x14	sRoute21South_FireRed_WaterMons
0x083C9580	rom	0x8	sRoute21South_FireRed_WaterMonsInfo
0x083C9588	rom	0x28	sRoute21South_FireRed_FishingMons
0x083C95B0	rom	0x8	sRoute21South_FireRed_FishingMonsInfo
0x083C95B8	rom	0x30	sRoute22_FireRed_LandMons
0x083C95E8	rom	0x8	sRoute22_FireRed_LandMonsInfo
0x083C95F0	rom	0x14	sRoute22_FireRed_WaterMons
0x083C9604	rom	0x8	sRoute22_FireRed_WaterMonsInfo
0x083C960C	rom	0x28	sRoute22_FireRed_FishingMons
0x083C9634	rom	0x8	sRoute22_FireRed_FishingMonsInfo
0x083C963C	rom	0x30	sRoute23_FireRed_LandMons
0x083C966C	rom	0x8	sRoute23_FireRed_LandMonsInfo
0x083C9674	rom	0x14	sRoute23_FireRed_WaterMons
0x083C9688	rom	0x8	sRoute23_FireRed_WaterMonsInfo
0x083C9690	rom	0x28	sRoute23_FireRed_FishingMons
0x083C96B8	rom	0x8	sRoute23_FireRed_FishingMonsInfo
0x083C96C0	rom	0x30	sRoute24_FireRed_LandMons
0x083C96F0	rom	0x8	sRoute24_FireRed_LandMonsInfo
0x083C96F8	rom	0x14	sRoute24_FireRed_WaterMons
0x083C970C	rom	0x8	sRoute24_FireRed_WaterMonsInfo
0x083C9714	rom	0x28	sRoute24_FireRed_FishingMons
0x083C973C	rom	0x8	sRoute24_FireRed_FishingMonsInfo
0x083C9744	rom	0x30	sRoute25_FireRed_LandMons
0x083C9774	rom	0x8	sRoute25_FireRed_LandMonsInfo
0x083C977C	rom	0x14	sRoute25_FireRed_WaterMons
0x083C9790	rom	0x8	sRoute25_FireRed_WaterMonsInfo
0x083C9798	rom	0x28	sRoute25_FireRed_FishingMons
0x083C97C0	rom	0x8	sRoute25_FireRed_FishingMonsInfo
0x083C97C8	rom	0x14	sPalletTown_FireRed_WaterMons
0x083C97DC	rom	0x8	sPalletTown_FireRed_WaterMonsInfo
0x083C97E4	rom	0x28	sPalletTown_FireRed_FishingMons
0x083C980C	rom	0x8	sPalletTown_FireRed_FishingMonsInfo
0x083C9814	rom	0x14	sViridianCity_FireRed_WaterMons
0x083C9828	rom	0x8	sViridianCity_FireRed_WaterMonsInfo
0x083C9830	rom	0x28	sViridianCity_FireRed_FishingMons
0x083C9858	rom	0x8	sViridianCity_FireRed_FishingMonsInfo
0x083C9860	rom	0x14	sCeruleanCity_FireRed_WaterMons
0x083C9874	rom	0x8	sCeruleanCity_FireRed_WaterMonsInfo
0x083C987C	rom	0x28	sCeruleanCity_FireRed_FishingMons
0x083C98A4	rom	0x8	sCeruleanCity_FireRed_FishingMonsInfo
0x083C98AC	rom	0x14	sVermilionCity_FireRed_WaterMons
0x083C98C0	rom	0x8	sVermilionCity_FireRed_WaterMonsInfo
0x083C98C8	rom	0x28	sVermilionCity_FireRed_FishingMons
0x083C98F0	rom	0x8	sVermilionCity_FireRed_FishingMonsInfo
0x083C98F8	rom	0x14	sCeladonCity_FireRed_WaterMons
0x083C990C	rom	0x8	sCeladonCity_FireRed_WaterMonsInfo
0x083C9914	rom	0x28	sCeladonCity_FireRed_FishingMons
0x083C993C	rom	0x8	sCeladonCity_FireRed_FishingMonsInfo
0x083C9944	rom	0x14	sFuchsiaCity_FireRed_WaterMons
0x083C9958	rom	0x8	sFuchsiaCity_FireRed_WaterMonsInfo
0x083C9960	rom	0x28	sFuchsiaCity_FireRed_FishingMons
0x083C9988	rom	0x8	sFuchsiaCity_FireRed_FishingMonsInfo
0x083C9990	rom	0x14	sCinnabarIsland_FireRed_WaterMons
0x083C99A4	rom	0x8	sCinnabarIsland_FireRed_WaterMonsInfo
0x083C99AC	rom	0x28	sCinnabarIsland_FireRed_FishingMons
0x083C99D4	rom	0x8	sCinnabarIsland_FireRed_FishingMonsInfo
0x083C99DC	rom	0x14	sOneIsland_FireRed_WaterMons
0x083C99F0	rom	0x8	sOneIsland_FireRed_WaterMonsInfo
0x083C99F8	rom	0x28	sOneIsland_FireRed_FishingMons
0x083C9A20	rom	0x8	sOneIsland_FireRed_FishingMonsInfo
0x083C9A28	rom	0x14	sFourIsland_FireRed_WaterMons
0x083C9A3C	rom	0x8	sFourIsland_FireRed_WaterMonsInfo
0x083C9A44	rom	0x28	sFourIsland_FireRed_FishingMons
0x083C9A6C	rom	0x8	sFourIsland_FireRed_FishingMonsInfo
0x083C9A74	rom	0x14	sFiveIsland_FireRed_WaterMons
0x083C9A88	rom	0x8	sFiveIsland_FireRed_WaterMonsInfo
0x083C9A90	rom	0x28	sFiveIsland_FireRed_FishingMons
0x083C9AB8	rom	0x8	sFiveIsland_FireRed_FishingMonsInfo
0x083C9AC0	rom	0x30	sSixIslandAlteringCave_FireRed_LandMons
0x083C9AF0	rom	0x8	sSixIslandAlteringCave_FireRed_LandMonsInfo
0x083C9AF8	rom	0x30	sSixIslandAlteringCave_2_FireRed_LandMons
0x083C9B28	rom	0x8	sSixIslandAlteringCave_2_FireRed_LandMonsInfo
0x083C9B30	rom	0x30	sSixIslandAlteringCave_3_FireRed_LandMons
0x083C9B60	rom	0x8	sSixIslandAlteringCave_3_FireRed_LandMonsInfo
0x083C9B68	rom	0x30	sSixIslandAlteringCave_4_FireRed_LandMons
0x083C9B98	rom	0x8	sSixIslandAlteringCave_4_FireRed_LandMonsInfo
0x083C9BA0	rom	0x30	sSixIslandAlteringCave_5_FireRed_LandMons
0x083C9BD0	rom	0x8	sSixIslandAlteringCave_5_FireRed_LandMonsInfo
0x083C9BD8	rom	0x30	sSixIslandAlteringCave_6_FireRed_LandMons
0x083C9C08	rom	0x8	sSixIslandAlteringCave_6_FireRed_LandMonsInfo
0x083C9C10	rom	0x30	sSixIslandAlteringCave_7_FireRed_LandMons
0x083C9C40	rom	0x8	sSixIslandAlteringCave_7_FireRed_LandMonsInfo
0x083C9C48	rom	0x30	sSixIslandAlteringCave_8_FireRed_LandMons
0x083C9C78	rom	0x8	sSixIslandAlteringCave_8_FireRed_LandMonsInfo
0x083C9C80	rom	0x30	sSixIslandAlteringCave_9_FireRed_LandMons
0x083C9CB0	rom	0x8	sSixIslandAlteringCave_9_FireRed_LandMonsInfo
0x083C9CB8	rom	0xA64	gWildMonHeaders
0x083CA71C	rom	0x54	sUnownLetterSlots
0x083CA770	rom	0x800	sNewGameOakObject_Gfx
0x083CAF70	rom	0x20	sNewGameOakObject_Pal
0x083CAF90	rom	0x20	sPokeballGlow_Gfx
0x083CAFB0	rom	0x20	sPokeballGlow_Pal
0x083CAFD0	rom	0x400	sPokecenterMonitor_Gfx
0x083CB3D0	rom	0x20	sHofMonitor_Pal
0x083CB3F0	rom	0x200	sHofMonitor_Gfx
0x083CB5F0	rom	0x200	sFieldMoveStreaksOutdoors_Gfx
0x083CB7F0	rom	0x20	sFieldMoveStreaksOutdoors_Pal
0x083CB810	rom	0x280	sFieldMoveStreaksOutdoors_Tilemap
0x083CBA90	rom	0x80	sFieldMoveStreaksIndoors_Gfx
0x083CBB10	rom	0x20	sFieldMoveStreaksIndoors_Pal
0x083CBB30	rom	0x280	sFieldMoveStreaksIndoors_Tilemap
0x083CBDB0	rom	0x20	sRockFragment_TopLeft
0x083CBDD0	rom	0x20	sRockFragment_TopRight
0x083CBDF0	rom	0x20	sRockFragment_BottomLeft
0x083CBE10	rom	0x20	sRockFragment_BottomRight
0x083CBE30	rom	0x20	sFldEffScrcmdTable
0x083CBE50	rom	0x8	sNewGameOakOamAttributes
0x083CBE58	rom	0x8	sOamData_8x8
0x083CBE60	rom	0x8	sOamData_16x16
0x083CBE68	rom	0x8	sNewGameOakObjectSpriteFrames
0x083CBE70	rom	0x8	sNewGameOakObjectPaletteInfo
0x083CBE78	rom	0x8	sNewGameOakAnim
0x083CBE80	rom	0x4	sNewGameOakAnimTable
0x083CBE84	rom	0x18	sNewGameOakObjectTemplate
0x083CBE9C	rom	0x8	gSpritePalette_PokeballGlow
0x083CBEA4	rom	0x8	gSpritePalette_HofMonitor
0x083CBEAC	rom	0x8	sOamData_32x16
0x083CBEB4	rom	0x8	sPicTable_PokeballGlow
0x083CBEBC	rom	0x20	sPicTable_PokecenterMonitor
0x083CBEDC	rom	0x20	sPicTable_HofMonitor
0x083CBEFC	rom	0x10	sSubsprites_PokecenterMonitor
0x083CBF0C	rom	0x8	sSubspriteTable_PokecenterMonitor
0x083CBF14	rom	0x10	sSubsprites_HofMonitorBig
0x083CBF24	rom	0x8	sSubspriteTable_HofMonitorBig
0x083CBF2C	rom	0x8	sAnim_Static
0x083CBF34	rom	0x20	sAnim_Flicker
0x083CBF54	rom	0x8	sAnims_Flicker
0x083CBF5C	rom	0x28	sAnim_HofMonitor
0x083CBF84	rom	0x4	sAnims_HofMonitor
0x083CBF88	rom	0x18	sSpriteTemplate_PokeballGlow
0x083CBFA0	rom	0x18	sSpriteTemplate_PokecenterMonitor
0x083CBFB8	rom	0x18	sSpriteTemplate_HofMonitor
0x083CBFD0	rom	0x10	sPokecenterHealEffectFuncs
0x083CBFE0	rom	0x10	sHallOfFameRecordEffectFuncs
0x083CBFF0	rom	0x20	sPokeballGlowEffectFuncs
0x083CC010	rom	0x18	sPokeballCoordOffsets
0x083CC028	rom	0x4	sPokeballGlowReds
0x083CC02C	rom	0x4	sPokeballGlowGreens
0x083CC030	rom	0x4	sPokeballGlowBlues
0x083CC034	rom	0x1C	sFallWarpEffectCBPtrs
0x083CC050	rom	0x18	sEscalatorWarpFieldEffectFuncs
0x083CC068	rom	0x1C	sEscalatorWarpInFieldEffectFuncs
0x083CC084	rom	0x14	sUseWaterfallFieldEffectFuncs
0x083CC098	rom	0xC	sDiveFieldEffectFuncs
0x083CC0A4	rom	0x18	sLavaridgeGymB1FWarpEffectFuncs
0x083CC0BC	rom	0x10	sLavaridgeGymB1FWarpExitEffectFuncs
0x083CC0CC	rom	0x14	sLavaridgeGym1FWarpEffectFuncs
0x083CC0E0	rom	0x8	sEscapeRopeWarpOutEffectFuncs
0x083CC0E8	rom	0x5	sSpinDirections
0x083CC0F0	rom	0x8	sEscapeRopeWarpInEffectFuncs
0x083CC0F8	rom	0x10	sTeleportEffectFuncs
0x083CC110	rom	0xC	sTeleportInEffectFuncs
0x083CC11C	rom	0x1C	sShowMonOutdoorsEffectFuncs
0x083CC138	rom	0x1C	sShowMonIndoorsEffectFuncs
0x083CC154	rom	0x14	sUseSurfEffectFuncs
0x083CC168	rom	0x10	sUseVsSeekerEffectFuncs
0x083CC178	rom	0x24	sFlyOutFieldEffectFuncs
0x083CC19C	rom	0x18	sAffineAnim_FlyBirdLeaveBall
0x083CC1B4	rom	0x18	sAffineAnim_FlyBirdReturnToBall
0x083CC1CC	rom	0x8	sAffineAnims_FlyBirdBall
0x083CC1D4	rom	0x1C	sFlyInFieldEffectFuncs
0x083CC214	rom	0x10	sAffineAnim_FlyBirdOutOfMap
0x083CC224	rom	0x18	sAffineAnim_FlyBirdIntoMap
0x083CC23C	rom	0x8	sAffineAnims_FlyBirdWithPlayer
0x083CC244	rom	0xC	sDestroyDeoxysRockEffectFuncs
0x083CC250	rom	0x20	sImages_DeoxysRockFragment
0x083CC270	rom	0x8	sAnim_RockFragment_TopLeft
0x083CC278	rom	0x8	sAnim_RockFragment_TopRight
0x083CC280	rom	0x8	sAnim_RockFragment_BottomLeft
0x083CC288	rom	0x8	sAnim_RockFragment_BottomRight
0x083CC290	rom	0x10	sAnims_DeoxysRockFragment
0x083CC2A0	rom	0x18	sSpriteTemplate_DeoxysRockFragment
0x083CC2B8	rom	0x20	sOptionMenuWinTemplates
0x083CC2D8	rom	0xC	sOptionMenuBgTemplates
0x083CC2E4	rom	0x20	sOptionMenuPalette
0x083CC304	rom	0xE	sOptionMenuItemCounts
0x083CC314	rom	0x1C	sOptionMenuItemsNames
0x083CC330	rom	0xC	sTextSpeedOptions
0x083CC33C	rom	0x8	sBattleSceneOptions
0x083CC344	rom	0x8	sBattleStyleOptions
0x083CC34C	rom	0x8	sSoundOptions
0x083CC354	rom	0xC	sButtonTypeOptions
0x083CC360	rom	0x3	sOptionMenuPickSwitchCancelTextColor
0x083CC363	rom	0x3	sOptionMenuTextColor
0x083CC368	rom	0x174	sTrainerCardStickers_Gfx
0x083CC4DC	rom	0x214	sHoennTrainerCardFront_Tilemap
0x083CC6F0	rom	0x1B8	sKantoTrainerCardFront_Tilemap
0x083CC8A8	rom	0xDC	sHoennTrainerCardBack_Tilemap
0x083CC984	rom	0x12C	sKantoTrainerCardBack_Tilemap
0x083CCAB0	rom	0x1F4	sHoennTrainerCardFrontLink_Tilemap
0x083CCCA4	rom	0x18C	sKantoTrainerCardFrontLink_Tilemap
0x083CCE30	rom	0x98	sHoennTrainerCardBg_Tilemap
0x083CCEC8	rom	0x98	sKantoTrainerCardBg_Tilemap
0x083CCF60	rom	0x20	sUnused_Pal
0x083CCF80	rom	0x60	sHoennTrainerCardBronze_Pal
0x083CCFE0	rom	0x60	sKantoTrainerCardGreen_Pal
0x083CD040	rom	0x60	sHoennTrainerCardCopper_Pal
0x083CD0A0	rom	0x60	sKantoTrainerCardBronze_Pal
0x083CD100	rom	0x60	sHoennTrainerCardSilver_Pal
0x083CD160	rom	0x60	sKantoTrainerCardSilver_Pal
0x083CD1C0	rom	0x60	sHoennTrainerCardGold_Pal
0x083CD220	rom	0x60	sKantoTrainerCardGold_Pal
0x083CD280	rom	0x20	sHoennTrainerCardFemaleBg_Pal
0x083CD2A0	rom	0x20	sKantoTrainerCardFemaleBg_Pal
0x083CD2C0	rom	0x20	sHoennTrainerCardBadges_Pal
0x083CD2E0	rom	0x20	sKantoTrainerCardBadges_Pal
0x083CD300	rom	0x20	sTrainerCardStar_Pal
0x083CD320	rom	0x20	sTrainerCardStickerPal1
0x083CD340	rom	0x20	sTrainerCardStickerPal2
0x083CD360	rom	0x20	sTrainerCardStickerPal3
0x083CD380	rom	0x20	sTrainerCardStickerPal4
0x083CD3A0	rom	0x248	sHoennTrainerCardBadges_Gfx
0x083CD5E8	rom	0x2A0	sKantoTrainerCardBadges_Gfx
0x083CD888	rom	0x10	sTrainerCardBgTemplates
0x083CD898	rom	0x20	sTrainerCardWindowTemplates
0x083CD8B8	rom	0x14	sHoennTrainerCardPals
0x083CD8CC	rom	0x14	sKantoTrainerCardPals
0x083CD8E0	rom	0x3	sTrainerCardTextColors
0x083CD8E3	rom	0x3	sTrainerCardStatColors
0x083CD8E6	rom	0x3	sTimeColonInvisibleTextColors
0x083CD8E9	rom	0x3	sTrainerCardFontIds
0x083CD8EC	rom	0x8	sTrainerPicOffsets
0x083CD8F4	rom	0x4	sTrainerPicFacilityClasses
0x083CD8F8	rom	0x10	sLinkTrainerPicFacilityClasses
0x083CD908	rom	0x18	sTrainerCardFlipTasks
0x083CD920	rom	0x2	sTrainerCardFrontNameXPositions
0x083CD922	rom	0x2	sTrainerCardFrontNameYPositions
0x083CD924	rom	0x2	sTrainerCardIdXPositions
0x083CD926	rom	0x2	sTrainerCardIdYPositions
0x083CD928	rom	0x8	sTimeColonTextColors
0x083CD930	rom	0x2	sTrainerCardTimeHoursXPositions
0x083CD932	rom	0x2	sTrainerCardTimeHoursYPositions
0x083CD934	rom	0x2	sTrainerCardTimeMinutesXPositions
0x083CD936	rom	0x2	sTrainerCardTimeMinutesYPositions
0x083CD938	rom	0x2	sTrainerCardProfilePhraseXPositions
0x083CD93A	rom	0x2	sTrainerCardProfilePhraseYPositions
0x083CD93C	rom	0x2	sTrainerCardBackNameXPositions
0x083CD93E	rom	0x2	sTrainerCardBackNameYPositions
0x083CD940	rom	0x4	sTrainerCardHofDebutXPositions
0x083CD944	rom	0x8	sLinkTrainerCardRecordStrings
0x083CD94C	rom	0x6	sPokemonIconPalSlots
0x083CD952	rom	0x6	sPokemonIconXOffsets
0x083CD958	rom	0x4	sStickerPalSlots
0x083CD95C	rom	0x4	sStarYOffsets
0x083CD960	rom	0x60	sLinkPlayerTrainerCardTemplate1
0x083CD9C0	rom	0x60	sLinkPlayerTrainerCardTemplate2
0x083CDA20	rom	0x28	sMainMenuTexts
0x083CDA48	rom	0x8	sWindowTemplate_MainMenu
0x083CDA50	rom	0x8	sAnim_ChooseBoxMenu_TopLeft
0x083CDA58	rom	0x8	sAnim_ChooseBoxMenu_BottomLeft
0x083CDA60	rom	0x8	sAnim_ChooseBoxMenu_TopRight
0x083CDA68	rom	0x8	sAnim_ChooseBoxMenu_BottomRight
0x083CDA70	rom	0x10	sAnims_ChooseBoxMenu
0x083CDA80	rom	0x10	sAffineAnim_ChooseBoxMenu
0x083CDA90	rom	0x4	sAffineAnims_ChooseBoxMenu
0x083CDA98	rom	0x20	sChooseBoxMenu_Pal
0x083CDAB8	rom	0x800	sChooseBoxMenuCenter_Gfx
0x083CE2B8	rom	0x180	sChooseBoxMenuCorners_Gfx
0x083CE438	rom	0x98	sScrollingBg_Gfx
0x083CE4D0	rom	0x10C	sScrollingBg_Tilemap
0x083CE5DC	rom	0x20	sMenu_Pal
0x083CE5FC	rom	0xFC	sMenu_Tilemap
0x083CE6F8	rom	0x40	sPkmnData_Tilemap
0x083CE738	rom	0x20	sScrollingBg_Pal
0x083CE758	rom	0x20	sScrollingBgMoveItems_Pal
0x083CE778	rom	0x48	sCloseBoxButton_Tilemap
0x083CE7C0	rom	0x18	sPartySlotFilled_Tilemap
0x083CE7D8	rom	0x18	sPartySlotEmpty_Tilemap
0x083CE7F0	rom	0x20	sPokeStorageMisc2Pal
0x083CE810	rom	0x1C0	sWaveform_Gfx
0x083CE9D0	rom	0x40	sUnused_Pal
0x083CEA10	rom	0x20	sItemInfoFrame_Pal
0x083CEA30	rom	0x20	sWindowTemplates
0x083CEA50	rom	0x10	sBgTemplates
0x083CEA60	rom	0x8	sMiscSpritePalette
0x083CEA68	rom	0x8	sWaveformSpriteSheet
0x083CEA70	rom	0x18	sSpriteTemplate_DisplayMon
0x083CEA88	rom	0xF8	sMessages
0x083CEB80	rom	0x8	sYesNoWindowTemplate
0x083CEB88	rom	0x8	sOamData_DisplayMon
0x083CEB90	rom	0x8	sOamData_Waveform
0x083CEB98	rom	0x8	sAnim_Waveform_LeftOff
0x083CEBA0	rom	0x10	sAnim_Waveform_LeftOn
0x083CEBB0	rom	0x8	sAnim_Waveform_RightOff
0x083CEBB8	rom	0x10	sAnim_Waveform_RightOn
0x083CEBC8	rom	0x10	sAnims_Waveform
0x083CEBD8	rom	0x18	sSpriteTemplate_Waveform
0x083CEBF0	rom	0x18	sSpriteTemplate_MonIcon
0x083CEC08	rom	0x8	sOamData_MonIcon
0x083CEC10	rom	0x10	sAffineAnim_ReleaseMon_Release
0x083CEC20	rom	0x18	sAffineAnim_ReleaseMon_ComeBack
0x083CEC38	rom	0x8	sAffineAnims_ReleaseMon
0x083CEC40	rom	0x40	sWallpaperPalettes_Forest
0x083CEC80	rom	0x3D0	sWallpaperTiles_Forest
0x083CF050	rom	0xDC	sWallpaperTilemap_Forest
0x083CF12C	rom	0x40	sWallpaperPalettes_City
0x083CF16C	rom	0x208	sWallpaperTiles_City
0x083CF374	rom	0xB0	sWallpaperTilemap_City
0x083CF424	rom	0x40	sWallpaperPalettes_Desert
0x083CF464	rom	0x2EC	sWallpaperTiles_Desert
0x083CF750	rom	0xE4	sWallpaperTilemap_Desert
0x083CF834	rom	0x40	sWallpaperPalettes_Savanna
0x083CF874	rom	0x220	sWallpaperTiles_Savanna
0x083CFA94	rom	0xCC	sWallpaperTilemap_Savanna
0x083CFB60	rom	0x40	sWallpaperPalettes_Crag
0x083CFBA0	rom	0x350	sWallpaperTiles_Crag
0x083CFEF0	rom	0xD8	sWallpaperTilemap_Crag
0x083CFFC8	rom	0x40	sWallpaperPalettes_Volcano
0x083D0008	rom	0x330	sWallpaperTiles_Volcano
0x083D0338	rom	0x4	sUnusedSpace1
0x083D033C	rom	0xD8	sWallpaperTilemap_Volcano
0x083D0414	rom	0x40	sWallpaperPalettes_Snow
0x083D0454	rom	0x2B8	sWallpaperTiles_Snow
0x083D070C	rom	0xCC	sWallpaperTilemap_Snow
0x083D07D8	rom	0x40	sWallpaperPalettes_Cave
0x083D0818	rom	0x344	sWallpaperTiles_Cave
0x083D0B5C	rom	0xDC	sWallpaperTilemap_Cave
0x083D0C38	rom	0x40	sWallpaperPalettes_Beach
0x083D0C78	rom	0x384	sWallpaperTiles_Beach
0x083D0FFC	rom	0xE8	sWallpaperTilemap_Beach
0x083D10E4	rom	0x40	sWallpaperPalettes_Seafloor
0x083D1124	rom	0x2B4	sWallpaperTiles_Seafloor
0x083D13D8	rom	0xDC	sWallpaperTilemap_Seafloor
0x083D14B4	rom	0x40	sWallpaperPalettes_River
0x083D14F4	rom	0x294	sWallpaperTiles_River
0x083D1788	rom	0xEC	sWallpaperTilemap_River
0x083D1874	rom	0x40	sWallpaperPalettes_Sky
0x083D18B4	rom	0x298	sWallpaperTiles_Sky
0x083D1B4C	rom	0xE0	sWallpaperTilemap_Sky
0x083D1C2C	rom	0x40	sWallpaperPalettes_Stars
0x083D1C6C	rom	0x20	sUnusedSpace2
0x083D1C8C	rom	0x238	sWallpaperTiles_Stars
0x083D1EC4	rom	0xD0	sWallpaperTilemap_Stars
0x083D1F94	rom	0x40	sWallpaperPalettes_Pokecenter
0x083D1FD4	rom	0x2E4	sWallpaperTiles_Pokecenter
0x083D22B8	rom	0xE4	sWallpaperTilemap_Pokecenter
0x083D239C	rom	0x40	sWallpaperPalettes_Tiles
0x083D23DC	rom	0x190	sWallpaperTiles_Tiles
0x083D256C	rom	0xA8	sWallpaperTilemap_Tiles
0x083D2614	rom	0x40	sWallpaperPalettes_Simple
0x083D2654	rom	0x128	sWallpaperTiles_Simple
0x083D277C	rom	0xA4	sWallpaperTilemap_Simple
0x083D2820	rom	0x1B0	sWallpaperTilemap_Unused
0x083D29D0	rom	0x40	sBoxTitleColors
0x083D2A10	rom	0xC0	sWallpapers
0x083D2AD0	rom	0x80	sBoxScrollArrow_Gfx
0x083D2B50	rom	0x2	sUnusedColor
0x083D2B54	rom	0x8	sSpriteSheet_BoxScrollArrow
0x083D2B5C	rom	0x8	sOamData_BoxTitle
0x083D2B64	rom	0x8	sAnim_BoxTitle_Left
0x083D2B6C	rom	0x8	sAnim_BoxTitle_Right
0x083D2B74	rom	0x8	sAnims_BoxTitle
0x083D2B7C	rom	0x18	sSpriteTemplate_BoxTitle
0x083D2B94	rom	0x8	sOamData_BoxScrollArrow
0x083D2B9C	rom	0x8	sAnim_BoxScrollArrow_Left
0x083D2BA4	rom	0x8	sAnim_BoxScrollArrow_Right
0x083D2BAC	rom	0x8	sAnims_BoxScrollArrow
0x083D2BB4	rom	0x18	sSpriteTemplate_BoxScrollArrow
0x083D2BCC	rom	0x20	sPokeStorageMisc1Pal
0x083D2BEC	rom	0x800	sHandCursorTiles
0x083D33EC	rom	0x80	sHandCursorShadowTiles
0x083D346C	rom	0xC	placeChangeFuncs.51
0x083D3478	rom	0x0	inputFuncs.193
0x083D34C8	rom	0x8	sOamData_Cursor.212
0x083D34D0	rom	0x8	sOamData_CursorShadow.213
0x083D34D8	rom	0x0	sAnim_Cursor_Bouncing.214
0x083D34E4	rom	0x0	sAnim_Cursor_Still.215
0x083D34EC	rom	0x0	sAnim_Cursor_Open.216
0x083D34F4	rom	0x0	sAnim_Cursor_Fist.217
0x083D34FC	rom	0x0	sAnims_Cursor.218
0x083D350C	rom	0x18	sSpriteTemplate_Cursor.219
0x083D3524	rom	0x18	sSpriteTemplate_CursorShadow.220
0x083D353C	rom	0x98	sMenuTexts
0x083D35D4	rom	0x8	sWindowTemplate_MultiMove
0x083D35DC	rom	0x80	sItemInfoFrame_Gfx
0x083D365C	rom	0x8	sOamData_ItemIcon
0x083D3664	rom	0x10	sAffineAnim_ItemIcon_Small
0x083D3674	rom	0x18	sAffineAnim_ItemIcon_Appear
0x083D368C	rom	0x18	sAffineAnim_ItemIcon_Disappear
0x083D36A4	rom	0x20	sAffineAnim_ItemIcon_PickUp
0x083D36C4	rom	0x20	sAffineAnim_ItemIcon_PutDown
0x083D36E4	rom	0x18	sAffineAnim_ItemIcon_PutAway
0x083D36FC	rom	0x10	sAffineAnim_ItemIcon_Large
0x083D370C	rom	0x1C	sAffineAnims_ItemIcon
0x083D3728	rom	0x18	sSpriteTemplate_ItemIcon
0x083D3740	rom	0x60	gMonIconPalettes
0x083D37A0	rom	0x6E0	gMonIconTable
0x083D3E80	rom	0x1B8	gMonIconPaletteIndices
0x083D4038	rom	0x30	gMonIconPaletteTable
0x083D4068	rom	0x8	sMonIconOamData
0x083D4070	rom	0xC	sMonIconAnim_Fast
0x083D407C	rom	0xC	sMonIconAnim_MediumFast
0x083D4088	rom	0xC	sMonIconAnim_MediumSlow
0x083D4094	rom	0xC	sMonIconAnim_Slow
0x083D40A0	rom	0xC	sMonIconAnim_Still
0x083D40AC	rom	0x14	sMonIconAnims
0x083D40C0	rom	0x10	sMonIconAffineAnim_0
0x083D40D0	rom	0x10	sMonIconAffineAnim_1
0x083D40E0	rom	0x8	sMonIconAffineAnims
0x083D40E8	rom	0x18	sSpriteImageSizes
0x083D4100	rom	0x28	sCutGrassMetatileMapping
0x083D4128	rom	0x8	sOamData_FldEff_CutGrass
0x083D4130	rom	0x8	sSpriteAnim_Fldeff_CutGrass_0
0x083D4138	rom	0x4	sSpriteAnimTable_FldEff_CutGrass
0x083D413C	rom	0x8	sSpriteFrameImages_FldEff_CutGrass
0x083D4144	rom	0x8	gFldEffPalette_CutGrass
0x083D414C	rom	0x18	sSpriteTemplate_FldEff_CutGrass
0x083D416C	rom	0x8	sOamData_Bag
0x083D4174	rom	0xC	sAnim_Bag_OpenPokeBallsPocket
0x083D4180	rom	0xC	sAnim_Bag_OpenItemsPocket
0x083D418C	rom	0xC	sAnim_Bag_OpenKeyItemsPocket
0x083D4198	rom	0xC	sAnims_Bag
0x083D41A4	rom	0x10	sAffineAnim_BagIdle
0x083D41B4	rom	0x28	sAffineAnim_BagShake
0x083D41DC	rom	0x8	sAffineAnimTable_Bag
0x083D41E4	rom	0x8	gSpriteSheet_BagMale
0x083D41EC	rom	0x8	gSpriteSheet_BagFemale
0x083D41F4	rom	0x8	gSpritePalette_Bag
0x083D41FC	rom	0x18	sSpriteTemplate_Bag
0x083D4214	rom	0x8	sOamData_SwapLine
0x083D421C	rom	0x8	sAnim_SwapLine_Start
0x083D4224	rom	0x8	sAnim_SwapLine_Mid
0x083D422C	rom	0x8	sAnim_SwapLine_End
0x083D4234	rom	0xC	sAnims_SwapLine
0x083D4240	rom	0x8	gBagSwapSpriteSheet
0x083D4248	rom	0x8	gBagSwapSpritePalette
0x083D4250	rom	0x18	sSpriteTemplate_SwapLine
0x083D4268	rom	0x8	sOamData_ItemIcon
0x083D4270	rom	0x8	sAnim_ItemIcon
0x083D4278	rom	0x4	sAnims_ItemIcon
0x083D427C	rom	0x18	sSpriteTemplate_ItemIcon
0x083D4294	rom	0xBC0	sItemIconTable
0x083D4E54	rom	0x18	gHorizontalLungeSpriteTemplate
0x083D4E6C	rom	0x18	gVerticalDipSpriteTemplate
0x083D4E84	rom	0x18	gSlideMonToOriginalPosSpriteTemplate
0x083D4E9C	rom	0x18	gSlideMonToOffsetSpriteTemplate
0x083D4EB4	rom	0x18	gSlideMonToOffsetAndBackSpriteTemplate
0x083D4ECC	rom	0x5A	gItemDescription_ITEM_MASTER_BALL
0x083D4F26	rom	0x52	gItemDescription_ITEM_ULTRA_BALL
0x083D4F78	rom	0x58	gItemDescription_ITEM_GREAT_BALL
0x083D4FD0	rom	0x4A	gItemDescription_ITEM_POKE_BALL
0x083D501A	rom	0x5D	gItemDescription_ITEM_SAFARI_BALL
0x083D5077	rom	0x55	gItemDescription_ITEM_NET_BALL
0x083D50CC	rom	0x51	gItemDescription_ITEM_DIVE_BALL
0x083D511D	rom	0x48	gItemDescription_ITEM_NEST_BALL
0x083D5165	rom	0x4F	gItemDescription_ITEM_REPEAT_BALL
0x083D51B4	rom	0x62	gItemDescription_ITEM_TIMER_BALL
0x083D5216	rom	0x4D	gItemDescription_ITEM_LUXURY_BALL
0x083D5263	rom	0x4F	gItemDescription_ITEM_PREMIER_BALL
0x083D52B2	rom	0x4D	gItemDescription_ITEM_POTION
0x083D52FF	rom	0x3E	gItemDescription_ITEM_ANTIDOTE
0x083D533D	rom	0x37	gItemDescription_ITEM_BURN_HEAL
0x083D5374	rom	0x35	gItemDescription_ITEM_ICE_HEAL
0x083D53A9	rom	0x36	gItemDescription_ITEM_AWAKENING
0x083D53DF	rom	0x3C	gItemDescription_ITEM_PARALYZE_HEAL
0x083D541B	rom	0x54	gItemDescription_ITEM_FULL_RESTORE
0x083D546F	rom	0x46	gItemDescription_ITEM_MAX_POTION
0x083D54B5	rom	0x4E	gItemDescription_ITEM_HYPER_POTION
0x083D5503	rom	0x4D	gItemDescription_ITEM_SUPER_POTION
0x083D5550	rom	0x48	gItemDescription_ITEM_FULL_HEAL
0x083D5598	rom	0x54	gItemDescription_ITEM_REVIVE
0x083D55EC	rom	0x3F	gItemDescription_ITEM_MAX_REVIVE
0x083D562B	rom	0x53	gItemDescription_ITEM_FRESH_WATER
0x083D567E	rom	0x44	gItemDescription_ITEM_SODA_POP
0x083D56C2	rom	0x44	gItemDescription_ITEM_LEMONADE
0x083D5706	rom	0x49	gItemDescription_ITEM_MOOMOO_MILK
0x083D574F	rom	0x4F	gItemDescription_ITEM_ENERGY_POWDER
0x083D579E	rom	0x45	gItemDescription_ITEM_ENERGY_ROOT
0x083D57E3	rom	0x50	gItemDescription_ITEM_HEAL_POWDER
0x083D5833	rom	0x50	gItemDescription_ITEM_REVIVAL_HERB
0x083D5883	rom	0x3C	gItemDescription_ITEM_ETHER
0x083D58BF	rom	0x35	gItemDescription_ITEM_MAX_ETHER
0x083D58F4	rom	0x40	gItemDescription_ITEM_ELIXIR
0x083D5934	rom	0x34	gItemDescription_ITEM_MAX_ELIXIR
0x083D5968	rom	0x53	gItemDescription_ITEM_LAVA_COOKIE
0x083D59BB	rom	0x34	gItemDescription_ITEM_BLUE_FLUTE
0x083D59EF	rom	0x3E	gItemDescription_ITEM_YELLOW_FLUTE
0x083D5A2D	rom	0x3D	gItemDescription_ITEM_RED_FLUTE
0x083D5A6A	rom	0x4E	gItemDescription_ITEM_BLACK_FLUTE
0x083D5AB8	rom	0x4E	gItemDescription_ITEM_WHITE_FLUTE
0x083D5B06	rom	0x43	gItemDescription_ITEM_BERRY_JUICE
0x083D5B49	rom	0x31	gItemDescription_ITEM_SACRED_ASH
0x083D5B7A	rom	0x4B	gItemDescription_ITEM_SHOAL_SALT
0x083D5BC5	rom	0x55	gItemDescription_ITEM_SHOAL_SHELL
0x083D5C1A	rom	0x4C	gItemDescription_ITEM_RED_SHARD
0x083D5C66	rom	0x4D	gItemDescription_ITEM_BLUE_SHARD
0x083D5CB3	rom	0x4F	gItemDescription_ITEM_YELLOW_SHARD
0x083D5D02	rom	0x4E	gItemDescription_ITEM_GREEN_SHARD
0x083D5D50	rom	0x46	gItemDescription_ITEM_HP_UP
0x083D5D96	rom	0x4F	gItemDescription_ITEM_PROTEIN
0x083D5DE5	rom	0x50	gItemDescription_ITEM_IRON
0x083D5E35	rom	0x4E	gItemDescription_ITEM_CARBOS
0x083D5E83	rom	0x50	gItemDescription_ITEM_CALCIUM
0x083D5ED3	rom	0x4D	gItemDescription_ITEM_RARE_CANDY
0x083D5F20	rom	0x43	gItemDescription_ITEM_PP_UP
0x083D5F63	rom	0x50	gItemDescription_ITEM_ZINC
0x083D5FB3	rom	0x47	gItemDescription_ITEM_PP_MAX
0x083D5FFA	rom	0x53	gItemDescription_ITEM_GUARD_SPEC
0x083D604D	rom	0x5B	gItemDescription_ITEM_DIRE_HIT
0x083D60A8	rom	0x54	gItemDescription_ITEM_X_ATTACK
0x083D60FC	rom	0x55	gItemDescription_ITEM_X_DEFEND
0x083D6151	rom	0x53	gItemDescription_ITEM_X_SPEED
0x083D61A4	rom	0x56	gItemDescription_ITEM_X_ACCURACY
0x083D61FA	rom	0x55	gItemDescription_ITEM_X_SPECIAL
0x083D624F	rom	0x48	gItemDescription_ITEM_POKE_DOLL
0x083D6297	rom	0x48	gItemDescription_ITEM_FLUFFY_TAIL
0x083D62DF	rom	0x39	gItemDescription_ITEM_SUPER_REPEL
0x083D6318	rom	0x39	gItemDescription_ITEM_MAX_REPEL
0x083D6351	rom	0x4B	gItemDescription_ITEM_ESCAPE_ROPE
0x083D639C	rom	0x39	gItemDescription_ITEM_REPEL
0x083D63D5	rom	0x58	gItemDescription_ITEM_SUN_STONE
0x083D642D	rom	0x60	gItemDescription_ITEM_MOON_STONE
0x083D648D	rom	0x55	gItemDescription_ITEM_FIRE_STONE
0x083D64E2	rom	0x5D	gItemDescription_ITEM_THUNDER_STONE
0x083D653F	rom	0x59	gItemDescription_ITEM_WATER_STONE
0x083D6598	rom	0x56	gItemDescription_ITEM_LEAF_STONE
0x083D65EE	rom	0x45	gItemDescription_ITEM_TINY_MUSHROOM
0x083D6633	rom	0x44	gItemDescription_ITEM_BIG_MUSHROOM
0x083D6677	rom	0x59	gItemDescription_ITEM_PEARL
0x083D66D0	rom	0x5C	gItemDescription_ITEM_BIG_PEARL
0x083D672C	rom	0x4C	gItemDescription_ITEM_STARDUST
0x083D6778	rom	0x56	gItemDescription_ITEM_STAR_PIECE
0x083D67CE	rom	0x57	gItemDescription_ITEM_NUGGET
0x083D6825	rom	0x62	gItemDescription_ITEM_HEART_SCALE
0x083D6887	rom	0x51	gItemDescription_ITEM_ORANGE_MAIL
0x083D68D8	rom	0x4F	gItemDescription_ITEM_HARBOR_MAIL
0x083D6927	rom	0x4F	gItemDescription_ITEM_GLITTER_MAIL
0x083D6976	rom	0x51	gItemDescription_ITEM_MECH_MAIL
0x083D69C7	rom	0x4F	gItemDescription_ITEM_WOOD_MAIL
0x083D6A16	rom	0x4F	gItemDescription_ITEM_WAVE_MAIL
0x083D6A65	rom	0x5B	gItemDescription_ITEM_BEAD_MAIL
0x083D6AC0	rom	0x4F	gItemDescription_ITEM_SHADOW_MAIL
0x083D6B0F	rom	0x51	gItemDescription_ITEM_TROPIC_MAIL
0x083D6B60	rom	0x5B	gItemDescription_ITEM_DREAM_MAIL
0x083D6BBB	rom	0x58	gItemDescription_ITEM_FAB_MAIL
0x083D6C13	rom	0x58	gItemDescription_ITEM_RETRO_MAIL
0x083D6C6B	rom	0x45	gItemDescription_ITEM_CHERI_BERRY
0x083D6CB0	rom	0x3E	gItemDescription_ITEM_CHESTO_BERRY
0x083D6CEE	rom	0x42	gItemDescription_ITEM_PECHA_BERRY
0x083D6D30	rom	0x42	gItemDescription_ITEM_RAWST_BERRY
0x083D6D72	rom	0x42	gItemDescription_ITEM_ASPEAR_BERRY
0x083D6DB4	rom	0x44	gItemDescription_ITEM_LEPPA_BERRY
0x083D6DF8	rom	0x44	gItemDescription_ITEM_ORAN_BERRY
0x083D6E3C	rom	0x45	gItemDescription_ITEM_PERSIM_BERRY
0x083D6E81	rom	0x47	gItemDescription_ITEM_LUM_BERRY
0x083D6EC8	rom	0x44	gItemDescription_ITEM_SITRUS_BERRY
0x083D6F0C	rom	0x40	gItemDescription_ITEM_FIGY_BERRY
0x083D6F4C	rom	0x40	gItemDescription_ITEM_WIKI_BERRY
0x083D6F8C	rom	0x40	gItemDescription_ITEM_MAGO_BERRY
0x083D6FCC	rom	0x40	gItemDescription_ITEM_AGUAV_BERRY
0x083D700C	rom	0x40	gItemDescription_ITEM_IAPAPA_BERRY
0x083D704C	rom	0x3E	gItemDescription_ITEM_RAZZ_BERRY
0x083D708A	rom	0x3E	gItemDescription_ITEM_BLUK_BERRY
0x083D70C8	rom	0x3E	gItemDescription_ITEM_NANAB_BERRY
0x083D7106	rom	0x3E	gItemDescription_ITEM_WEPEAR_BERRY
0x083D7144	rom	0x3E	gItemDescription_ITEM_PINAP_BERRY
0x083D7182	rom	0x3E	gItemDescription_ITEM_POMEG_BERRY
0x083D71C0	rom	0x3E	gItemDescription_ITEM_KELPSY_BERRY
0x083D71FE	rom	0x3E	gItemDescription_ITEM_QUALOT_BERRY
0x083D723C	rom	0x3E	gItemDescription_ITEM_HONDEW_BERRY
0x083D727A	rom	0x3E	gItemDescription_ITEM_GREPA_BERRY
0x083D72B8	rom	0x3E	gItemDescription_ITEM_TAMATO_BERRY
0x083D72F6	rom	0x3E	gItemDescription_ITEM_CORNN_BERRY
0x083D7334	rom	0x3E	gItemDescription_ITEM_MAGOST_BERRY
0x083D7372	rom	0x3E	gItemDescription_ITEM_RABUTA_BERRY
0x083D73B0	rom	0x3E	gItemDescription_ITEM_NOMEL_BERRY
0x083D73EE	rom	0x3E	gItemDescription_ITEM_SPELON_BERRY
0x083D742C	rom	0x3E	gItemDescription_ITEM_PAMTRE_BERRY
0x083D746A	rom	0x3E	gItemDescription_ITEM_WATMEL_BERRY
0x083D74A8	rom	0x3E	gItemDescription_ITEM_DURIN_BERRY
0x083D74E6	rom	0x3E	gItemDescription_ITEM_BELUE_BERRY
0x083D7524	rom	0x3E	gItemDescription_ITEM_LIECHI_BERRY
0x083D7562	rom	0x3F	gItemDescription_ITEM_GANLON_BERRY
0x083D75A1	rom	0x3D	gItemDescription_ITEM_SALAC_BERRY
0x083D75DE	rom	0x3F	gItemDescription_ITEM_PETAYA_BERRY
0x083D761D	rom	0x3F	gItemDescription_ITEM_APICOT_BERRY
0x083D765C	rom	0x45	gItemDescription_ITEM_LANSAT_BERRY
0x083D76A1	rom	0x3F	gItemDescription_ITEM_STARF_BERRY
0x083D76E0	rom	0x3E	gItemDescription_ITEM_ENIGMA_BERRY
0x083D771E	rom	0x5E	gItemDescription_ITEM_BRIGHT_POWDER
0x083D777C	rom	0x63	gItemDescription_ITEM_WHITE_HERB
0x083D77DF	rom	0x5E	gItemDescription_ITEM_MACHO_BRACE
0x083D783D	rom	0x62	gItemDescription_ITEM_EXP_SHARE
0x083D789F	rom	0x61	gItemDescription_ITEM_QUICK_CLAW
0x083D7900	rom	0x69	gItemDescription_ITEM_SOOTHE_BELL
0x083D7969	rom	0x5E	gItemDescription_ITEM_MENTAL_HERB
0x083D79C7	rom	0x5B	gItemDescription_ITEM_CHOICE_BAND
0x083D7A22	rom	0x54	gItemDescription_ITEM_KINGS_ROCK
0x083D7A76	rom	0x60	gItemDescription_ITEM_SILVER_POWDER
0x083D7AD6	rom	0x60	gItemDescription_ITEM_AMULET_COIN
0x083D7B36	rom	0x5D	gItemDescription_ITEM_CLEANSE_TAG
0x083D7B93	rom	0x52	gItemDescription_ITEM_SOUL_DEW
0x083D7BE5	rom	0x60	gItemDescription_ITEM_DEEP_SEA_TOOTH
0x083D7C45	rom	0x5F	gItemDescription_ITEM_DEEP_SEA_SCALE
0x083D7CA4	rom	0x5E	gItemDescription_ITEM_SMOKE_BALL
0x083D7D02	rom	0x51	gItemDescription_ITEM_EVERSTONE
0x083D7D53	rom	0x5E	gItemDescription_ITEM_FOCUS_BAND
0x083D7DB1	rom	0x66	gItemDescription_ITEM_LUCKY_EGG
0x083D7E17	rom	0x63	gItemDescription_ITEM_SCOPE_LENS
0x083D7E7A	rom	0x64	gItemDescription_ITEM_METAL_COAT
0x083D7EDE	rom	0x59	gItemDescription_ITEM_LEFTOVERS
0x083D7F37	rom	0x42	gItemDescription_ITEM_DRAGON_SCALE
0x083D7F79	rom	0x5C	gItemDescription_ITEM_LIGHT_BALL
0x083D7FD5	rom	0x61	gItemDescription_ITEM_SOFT_SAND
0x083D8036	rom	0x60	gItemDescription_ITEM_HARD_STONE
0x083D8096	rom	0x64	gItemDescription_ITEM_MIRACLE_SEED
0x083D80FA	rom	0x5E	gItemDescription_ITEM_BLACK_GLASSES
0x083D8158	rom	0x5B	gItemDescription_ITEM_BLACK_BELT
0x083D81B3	rom	0x61	gItemDescription_ITEM_MAGNET
0x083D8214	rom	0x62	gItemDescription_ITEM_MYSTIC_WATER
0x083D8276	rom	0x60	gItemDescription_ITEM_SHARP_BEAK
0x083D82D6	rom	0x65	gItemDescription_ITEM_POISON_BARB
0x083D833B	rom	0x5C	gItemDescription_ITEM_NEVER_MELT_ICE
0x083D8397	rom	0x55	gItemDescription_ITEM_SPELL_TAG
0x083D83EC	rom	0x62	gItemDescription_ITEM_TWISTED_SPOON
0x083D844E	rom	0x5E	gItemDescription_ITEM_CHARCOAL
0x083D84AC	rom	0x63	gItemDescription_ITEM_DRAGON_FANG
0x083D850F	rom	0x5F	gItemDescription_ITEM_SILK_SCARF
0x083D856E	rom	0x4C	gItemDescription_ITEM_UP_GRADE
0x083D85BA	rom	0x5C	gItemDescription_ITEM_SHELL_BELL
0x083D8616	rom	0x53	gItemDescription_ITEM_SEA_INCENSE
0x083D8669	rom	0x57	gItemDescription_ITEM_LAX_INCENSE
0x083D86C0	rom	0x49	gItemDescription_ITEM_LUCKY_PUNCH
0x083D8709	rom	0x4B	gItemDescription_ITEM_METAL_POWDER
0x083D8754	rom	0x57	gItemDescription_ITEM_THICK_CLUB
0x083D87AB	rom	0x57	gItemDescription_ITEM_STICK
0x083D8802	rom	0x5D	gItemDescription_ITEM_RED_SCARF
0x083D885F	rom	0x5F	gItemDescription_ITEM_BLUE_SCARF
0x083D88BE	rom	0x5D	gItemDescription_ITEM_PINK_SCARF
0x083D891B	rom	0x5E	gItemDescription_ITEM_GREEN_SCARF
0x083D8979	rom	0x5E	gItemDescription_ITEM_YELLOW_SCARF
0x083D89D7	rom	0x3D	gItemDescription_ITEM_MACH_BIKE
0x083D8A14	rom	0x52	gItemDescription_ITEM_COIN_CASE
0x083D8A66	rom	0x66	gItemDescription_ITEM_ITEMFINDER
0x083D8ACC	rom	0x57	gItemDescription_ITEM_OLD_ROD
0x083D8B23	rom	0x58	gItemDescription_ITEM_GOOD_ROD
0x083D8B7B	rom	0x59	gItemDescription_ITEM_SUPER_ROD
0x083D8BD4	rom	0x5A	gItemDescription_ITEM_SS_TICKET
0x083D8C2E	rom	0x5C	gItemDescription_ITEM_CONTEST_PASS
0x083D8C8A	rom	0x58	gItemDescription_ITEM_WAILMER_PAIL
0x083D8CE2	rom	0x55	gItemDescription_ITEM_DEVON_GOODS
0x083D8D37	rom	0x4E	gItemDescription_ITEM_SOOT_SACK
0x083D8D85	rom	0x46	gItemDescription_ITEM_BASEMENT_KEY
0x083D8DCB	rom	0x45	gItemDescription_ITEM_ACRO_BIKE
0x083D8E10	rom	0x58	gItemDescription_ITEM_POKEBLOCK_CASE
0x083D8E68	rom	0x55	gItemDescription_ITEM_LETTER
0x083D8EBD	rom	0x6D	gItemDescription_ITEM_EON_TICKET
0x083D8F2A	rom	0x55	gItemDescription_ITEM_RED_ORB
0x083D8F7F	rom	0x56	gItemDescription_ITEM_BLUE_ORB
0x083D8FD5	rom	0x50	gItemDescription_ITEM_SCANNER
0x083D9025	rom	0x5E	gItemDescription_ITEM_GO_GOGGLES
0x083D9083	rom	0x54	gItemDescription_ITEM_METEORITE
0x083D90D7	rom	0x62	gItemDescription_ITEM_ROOM_1_KEY
0x083D9139	rom	0x62	gItemDescription_ITEM_ROOM_2_KEY
0x083D919B	rom	0x62	gItemDescription_ITEM_ROOM_4_KEY
0x083D91FD	rom	0x62	gItemDescription_ITEM_ROOM_6_KEY
0x083D925F	rom	0x60	gItemDescription_ITEM_STORAGE_KEY
0x083D92BF	rom	0x5B	gItemDescription_ITEM_ROOT_FOSSIL
0x083D931A	rom	0x55	gItemDescription_ITEM_CLAW_FOSSIL
0x083D936F	rom	0x5A	gItemDescription_ITEM_DEVON_SCOPE
0x083D93C9	rom	0x63	gItemDescription_ITEM_TM01
0x083D942C	rom	0x47	gItemDescription_ITEM_TM02
0x083D9473	rom	0x4E	gItemDescription_ITEM_TM03
0x083D94C1	rom	0x57	gItemDescription_ITEM_TM04
0x083D9518	rom	0x5E	gItemDescription_ITEM_TM05
0x083D9576	rom	0x51	gItemDescription_ITEM_TM06
0x083D95C7	rom	0x64	gItemDescription_ITEM_TM07
0x083D962B	rom	0x5C	gItemDescription_ITEM_TM08
0x083D9687	rom	0x5A	gItemDescription_ITEM_TM09
0x083D96E1	rom	0x4F	gItemDescription_ITEM_TM10
0x083D9730	rom	0x5D	gItemDescription_ITEM_TM11
0x083D978D	rom	0x51	gItemDescription_ITEM_TM12
0x083D97DE	rom	0x45	gItemDescription_ITEM_TM13
0x083D9823	rom	0x57	gItemDescription_ITEM_TM14
0x083D987A	rom	0x62	gItemDescription_ITEM_TM15
0x083D98DC	rom	0x54	gItemDescription_ITEM_TM16
0x083D9930	rom	0x68	gItemDescription_ITEM_TM17
0x083D9998	rom	0x5A	gItemDescription_ITEM_TM18
0x083D99F2	rom	0x5F	gItemDescription_ITEM_TM19
0x083D9A51	rom	0x4E	gItemDescription_ITEM_TM20
0x083D9A9F	rom	0x50	gItemDescription_ITEM_TM21
0x083D9AEF	rom	0x69	gItemDescription_ITEM_TM22
0x083D9B58	rom	0x58	gItemDescription_ITEM_TM23
0x083D9BB0	rom	0x4E	gItemDescription_ITEM_TM24
0x083D9BFE	rom	0x41	gItemDescription_ITEM_TM25
0x083D9C3F	rom	0x4D	gItemDescription_ITEM_TM26
0x083D9C8C	rom	0x4D	gItemDescription_ITEM_TM27
0x083D9CD9	rom	0x63	gItemDescription_ITEM_TM28
0x083D9D3C	rom	0x60	gItemDescription_ITEM_TM29
0x083D9D9C	rom	0x51	gItemDescription_ITEM_TM30
0x083D9DED	rom	0x63	gItemDescription_ITEM_TM31
0x083D9E50	rom	0x5C	gItemDescription_ITEM_TM32
0x083D9EAC	rom	0x63	gItemDescription_ITEM_TM33
0x083D9F0F	rom	0x51	gItemDescription_ITEM_TM34
0x083D9F60	rom	0x54	gItemDescription_ITEM_TM35
0x083D9FB4	rom	0x53	gItemDescription_ITEM_TM36
0x083DA007	rom	0x64	gItemDescription_ITEM_TM37
0x083DA06B	rom	0x53	gItemDescription_ITEM_TM38
0x083DA0BE	rom	0x53	gItemDescription_ITEM_TM39
0x083DA111	rom	0x48	gItemDescription_ITEM_TM40
0x083DA159	rom	0x5D	gItemDescription_ITEM_TM41
0x083DA1B6	rom	0x59	gItemDescription_ITEM_TM42
0x083DA20F	rom	0x53	gItemDescription_ITEM_TM43
0x083DA262	rom	0x62	gItemDescription_ITEM_TM44
0x083DA2C4	rom	0x5A	gItemDescription_ITEM_TM45
0x083DA31E	rom	0x4B	gItemDescription_ITEM_TM46
0x083DA369	rom	0x54	gItemDescription_ITEM_TM47
0x083DA3BD	rom	0x59	gItemDescription_ITEM_TM48
0x083DA416	rom	0x61	gItemDescription_ITEM_TM49
0x083DA477	rom	0x65	gItemDescription_ITEM_TM50
0x083DA4DC	rom	0x69	gItemDescription_ITEM_HM01
0x083DA545	rom	0x66	gItemDescription_ITEM_HM02
0x083DA5AB	rom	0x5D	gItemDescription_ITEM_HM03
0x083DA608	rom	0x65	gItemDescription_ITEM_HM04
0x083DA66D	rom	0x60	gItemDescription_ITEM_HM05
0x083DA6CD	rom	0x51	gItemDescription_ITEM_HM06
0x083DA71E	rom	0x4E	gItemDescription_ITEM_HM07
0x083DA76C	rom	0x65	gItemDescription_ITEM_HM08
0x083DA7D1	rom	0x49	gItemDescription_ITEM_OAKS_PARCEL
0x083DA81A	rom	0x4C	gItemDescription_ITEM_POKE_FLUTE
0x083DA866	rom	0x4E	gItemDescription_ITEM_SECRET_KEY
0x083DA8B4	rom	0x53	gItemDescription_ITEM_BIKE_VOUCHER
0x083DA907	rom	0x53	gItemDescription_ITEM_GOLD_TEETH
0x083DA95A	rom	0x61	gItemDescription_ITEM_OLD_AMBER
0x083DA9BB	rom	0x4F	gItemDescription_ITEM_CARD_KEY
0x083DAA0A	rom	0x5A	gItemDescription_ITEM_LIFT_KEY
0x083DAA64	rom	0x59	gItemDescription_ITEM_HELIX_FOSSIL
0x083DAABD	rom	0x56	gItemDescription_ITEM_DOME_FOSSIL
0x083DAB13	rom	0x46	gItemDescription_ITEM_SILPH_SCOPE
0x083DAB59	rom	0x46	gItemDescription_ITEM_BICYCLE
0x083DAB9F	rom	0x58	gItemDescription_ITEM_TOWN_MAP
0x083DABF7	rom	0x5A	gItemDescription_ITEM_VS_SEEKER
0x083DAC51	rom	0x54	gItemDescription_ITEM_FAME_CHECKER
0x083DACA5	rom	0x5C	gItemDescription_ITEM_TM_CASE
0x083DAD01	rom	0x5B	gItemDescription_ITEM_BERRY_POUCH
0x083DAD5C	rom	0x52	gItemDescription_ITEM_TEACHY_TV
0x083DADAE	rom	0x5A	gItemDescription_ITEM_TRI_PASS
0x083DAE08	rom	0x60	gItemDescription_ITEM_RAINBOW_PASS
0x083DAE68	rom	0x4E	gItemDescription_ITEM_TEA
0x083DAEB6	rom	0x51	gItemDescription_ITEM_MYSTIC_TICKET
0x083DAF07	rom	0x4B	gItemDescription_ITEM_AURORA_TICKET
0x083DAF52	rom	0x3B	gItemDescription_ITEM_POWDER_JAR
0x083DAF8D	rom	0x49	gItemDescription_ITEM_RUBY
0x083DAFD6	rom	0x4A	gItemDescription_ITEM_SAPPHIRE
0x083DB020	rom	0x6	gItemDescription_ITEM_NONE
0x083DB028	rom	0x4074	gItems
0x083DF09C	rom	0x18	sShopMenuActions_BuySellQuit
0x083DF0B4	rom	0x8	sShopMenuActions_BuyQuit
0x083DF0BC	rom	0x8	sShopMenuWindowTemplate
0x083DF0C4	rom	0x10	sShopBuyMenuBgTemplates
0x083DF0D4	rom	0x6	sEscalatorMetatiles_BottomNextRail
0x083DF0DA	rom	0x6	sEscalatorMetatiles_BottomRail
0x083DF0E0	rom	0x6	sEscalatorMetatiles_BottomNext
0x083DF0E6	rom	0x6	sEscalatorMetatiles_Bottom
0x083DF0EC	rom	0x6	sEscalatorMetatiles_TopNext
0x083DF0F2	rom	0x6	sEscalatorMetatiles_Top
0x083DF0F8	rom	0x6	sEscalatorMetatiles_TopNextRail
0x083DF100	rom	0x11	sBerryDescriptionPart1_Cheri
0x083DF111	rom	0x11	sBerryDescriptionPart2_Cheri
0x083DF122	rom	0x17	sBerryDescriptionPart1_Chesto
0x083DF139	rom	0x13	sBerryDescriptionPart2_Chesto
0x083DF14C	rom	0xF	sBerryDescriptionPart1_Pecha
0x083DF15B	rom	0x15	sBerryDescriptionPart2_Pecha
0x083DF170	rom	0x17	sBerryDescriptionPart1_Rawst
0x083DF187	rom	0x12	sBerryDescriptionPart2_Rawst
0x083DF199	rom	0x16	sBerryDescriptionPart1_Aspear
0x083DF1AF	rom	0x17	sBerryDescriptionPart2_Aspear
0x083DF1C6	rom	0x16	sBerryDescriptionPart1_Leppa
0x083DF1DC	rom	0x15	sBerryDescriptionPart2_Leppa
0x083DF1F1	rom	0x17	sBerryDescriptionPart1_Oran
0x083DF208	rom	0x13	sBerryDescriptionPart2_Oran
0x083DF21B	rom	0x14	sBerryDescriptionPart1_Persim
0x083DF22F	rom	0x13	sBerryDescriptionPart2_Persim
0x083DF242	rom	0x16	sBerryDescriptionPart1_Lum
0x083DF258	rom	0x16	sBerryDescriptionPart2_Lum
0x083DF26E	rom	0x17	sBerryDescriptionPart1_Sitrus
0x083DF285	rom	0x13	sBerryDescriptionPart2_Sitrus
0x083DF298	rom	0x17	sBerryDescriptionPart1_Figy
0x083DF2AF	rom	0x12	sBerryDescriptionPart2_Figy
0x083DF2C1	rom	0x17	sBerryDescriptionPart1_Wiki
0x083DF2D8	rom	0x16	sBerryDescriptionPart2_Wiki
0x083DF2EE	rom	0x16	sBerryDescriptionPart1_Mago
0x083DF304	rom	0x11	sBerryDescriptionPart2_Mago
0x083DF315	rom	0x17	sBerryDescriptionPart1_Aguav
0x083DF32C	rom	0x15	sBerryDescriptionPart2_Aguav
0x083DF341	rom	0x13	sBerryDescriptionPart1_Iapapa
0x083DF354	rom	0x17	sBerryDescriptionPart2_Iapapa
0x083DF36B	rom	0x17	sBerryDescriptionPart1_Razz
0x083DF382	rom	0x17	sBerryDescriptionPart2_Razz
0x083DF399	rom	0x13	sBerryDescriptionPart1_Bluk
0x083DF3AC	rom	0x12	sBerryDescriptionPart2_Bluk
0x083DF3BE	rom	0x16	sBerryDescriptionPart1_Nanab
0x083DF3D4	rom	0x16	sBerryDescriptionPart2_Nanab
0x083DF3EA	rom	0x16	sBerryDescriptionPart1_Wepear
0x083DF400	rom	0x17	sBerryDescriptionPart2_Wepear
0x083DF417	rom	0x13	sBerryDescriptionPart1_Pinap
0x083DF42A	rom	0x17	sBerryDescriptionPart2_Pinap
0x083DF441	rom	0x14	sBerryDescriptionPart1_Pomeg
0x083DF455	rom	0x14	sBerryDescriptionPart2_Pomeg
0x083DF469	rom	0x14	sBerryDescriptionPart1_Kelpsy
0x083DF47D	rom	0x17	sBerryDescriptionPart2_Kelpsy
0x083DF494	rom	0x15	sBerryDescriptionPart1_Qualot
0x083DF4A9	rom	0x11	sBerryDescriptionPart2_Qualot
0x083DF4BA	rom	0x17	sBerryDescriptionPart1_Hondew
0x083DF4D1	rom	0x14	sBerryDescriptionPart2_Hondew
0x083DF4E5	rom	0x12	sBerryDescriptionPart1_Grepa
0x083DF4F7	rom	0x13	sBerryDescriptionPart2_Grepa
0x083DF50A	rom	0x16	sBerryDescriptionPart1_Tamato
0x083DF520	rom	0x11	sBerryDescriptionPart2_Tamato
0x083DF531	rom	0x14	sBerryDescriptionPart1_Cornn
0x083DF545	rom	0x15	sBerryDescriptionPart2_Cornn
0x083DF55A	rom	0x12	sBerryDescriptionPart1_Magost
0x083DF56C	rom	0xC	sBerryDescriptionPart2_Magost
0x083DF578	rom	0x15	sBerryDescriptionPart1_Rabuta
0x083DF58D	rom	0xF	sBerryDescriptionPart2_Rabuta
0x083DF59C	rom	0x13	sBerryDescriptionPart1_Nomel
0x083DF5AF	rom	0x15	sBerryDescriptionPart2_Nomel
0x083DF5C4	rom	0x17	sBerryDescriptionPart1_Spelon
0x083DF5DB	rom	0x16	sBerryDescriptionPart2_Spelon
0x083DF5F1	rom	0x16	sBerryDescriptionPart1_Pamtre
0x083DF607	rom	0x16	sBerryDescriptionPart2_Pamtre
0x083DF61D	rom	0x17	sBerryDescriptionPart1_Watmel
0x083DF634	rom	0x15	sBerryDescriptionPart2_Watmel
0x083DF649	rom	0x17	sBerryDescriptionPart1_Durin
0x083DF660	rom	0x15	sBerryDescriptionPart2_Durin
0x083DF675	rom	0x17	sBerryDescriptionPart1_Belue
0x083DF68C	rom	0x17	sBerryDescriptionPart2_Belue
0x083DF6A3	rom	0x13	sBerryDescriptionPart1_Liechi
0x083DF6B6	rom	0x15	sBerryDescriptionPart2_Liechi
0x083DF6CB	rom	0x13	sBerryDescriptionPart1_Ganlon
0x083DF6DE	rom	0x15	sBerryDescriptionPart2_Ganlon
0x083DF6F3	rom	0x13	sBerryDescriptionPart1_Salac
0x083DF706	rom	0x15	sBerryDescriptionPart2_Salac
0x083DF71B	rom	0x14	sBerryDescriptionPart1_Petaya
0x083DF72F	rom	0x17	sBerryDescriptionPart2_Petaya
0x083DF746	rom	0x13	sBerryDescriptionPart1_Apicot
0x083DF759	rom	0x17	sBerryDescriptionPart2_Apicot
0x083DF770	rom	0x17	sBerryDescriptionPart1_Lansat
0x083DF787	rom	0x15	sBerryDescriptionPart2_Lansat
0x083DF79C	rom	0x13	sBerryDescriptionPart1_Starf
0x083DF7AF	rom	0x15	sBerryDescriptionPart2_Starf
0x083DF7C4	rom	0x10	sBerryDescriptionPart1_Enigma
0x083DF7D4	rom	0x14	sBerryDescriptionPart2_Enigma
0x083DF7E8	rom	0x4B4	gBerries
0x083DFC9C	rom	0xAC	gBerryCrush_BerryData
0x083DFD48	rom	0x8	gBlankBerryTree
0x083DFD50	rom	0x10	sMultichoiceList_YesNo
0x083DFD60	rom	0x20	sMultichoiceList_TrainerCardIconTint
0x083DFD80	rom	0x10	sMultichoiceList_HOF_Quit
0x083DFD90	rom	0x10	sMultichoiceList_Eggs_Quit
0x083DFDA0	rom	0x10	sMultichoiceList_Victories_Quit
0x083DFDB0	rom	0x18	sMultichoiceList_HOF_Eggs_Quit
0x083DFDC8	rom	0x18	sMultichoiceList_HOF_Victories_Quit
0x083DFDE0	rom	0x18	sMultichoiceList_Eggs_Victories_Quit
0x083DFDF8	rom	0x20	sMultichoiceList_HOF_Eggs_Victories_Quit
0x083DFE18	rom	0x30	sMultichoiceList_TrainerSchoolWhiteboard
0x083DFE48	rom	0x18	sMultichoiceList_YesNoInfo
0x083DFE60	rom	0x28	sMultichoiceList_SingleDoubleMultiInfoExit
0x083DFE88	rom	0x18	sMultichoiceList_YesNoInfo2
0x083DFEA0	rom	0x18	sMultichoiceList_ChallengeInfoExit
0x083DFEB8	rom	0x18	sMultichoiceList_RooftopB1F
0x083DFED0	rom	0x10	sMultichoiceList_Helix
0x083DFEE0	rom	0x10	sMultichoiceList_Dome
0x083DFEF0	rom	0x10	sMultichoiceList_Amber
0x083DFF00	rom	0x18	sMultichoiceList_HelixAmber
0x083DFF18	rom	0x18	sMultichoiceList_DomeAmber
0x083DFF30	rom	0x20	sMultichoiceList_CeladonVendingMachine
0x083DFF50	rom	0x30	sMultichoiceList_GameCornerTMPrizes
0x083DFF80	rom	0x30	sMultichoiceList_GameCornerBattleItemPrizes
0x083DFFB0	rom	0x18	sMultichoiceList_GameCornerCoinPurchaseCounter
0x083DFFC8	rom	0x10	sMultichoiceList_Excellent_NotSoBad
0x083DFFD8	rom	0x10	sMultichoiceList_RightLeft
0x083DFFE8	rom	0x30	sMultichoiceList_DeptStoreElevator
0x083E0018	rom	0x10	sMultichoiceList_ThirstyGirlFreshWater
0x083E0028	rom	0x10	sMultichoiceList_ThirstyGirlSodaPop
0x083E0038	rom	0x18	sMultichoiceList_ThirstyGirlFreshWaterSodaPop
0x083E0050	rom	0x10	sMultichoiceList_ThirstyGirlLemonade
0x083E0060	rom	0x18	sMultichoiceList_ThirstyGirlFreshWaterLemonade
0x083E0078	rom	0x18	sMultichoiceList_ThirstyGirlSodaPopLemonade
0x083E0090	rom	0x20	sMultichoiceList_ThirstyGirlFreshWaterSodaPopLemonade
0x083E00B0	rom	0x10	sMultichoiceList_Unref_Shards_0
0x083E00C0	rom	0x18	sMultichoiceList_Unref_Shards_1
0x083E00D8	rom	0x18	sMultichoiceList_Unref_Shards_2
0x083E00F0	rom	0x20	sMultichoiceList_Unref_Shards_3
0x083E0110	rom	0x18	sMultichoiceList_Unref_Shards_4
0x083E0128	rom	0x20	sMultichoiceList_Unref_Shards_5
0x083E0148	rom	0x20	sMultichoiceList_Unref_Shards_6
0x083E0168	rom	0x28	sMultichoiceList_Unref_Shards_7
0x083E0190	rom	0x28	sMultichoiceList_Eeveelutions
0x083E01B8	rom	0x10	sMultichoiceList_BikeShop
0x083E01C8	rom	0x30	sMultichoiceList_GameCornerPokemonPrizes
0x083E01F8	rom	0x18	sMultichoiceList_TradeCenter_Colosseum
0x083E0210	rom	0x18	sMultichoiceList_Link_Wireless
0x083E0228	rom	0x20	sMultichoiceList_RocketHideoutElevator
0x083E0248	rom	0x20	sMultichoiceList_LinkedDirectUnion
0x083E0268	rom	0x18	sMultichoiceList_Island23
0x083E0280	rom	0x18	sMultichoiceList_Island13
0x083E0298	rom	0x18	sMultichoiceList_Island12
0x083E02B0	rom	0x20	sMultichoiceList_TradeColosseumCrush
0x083E02D0	rom	0x18	sMultichoiceList_48
0x083E02E8	rom	0x18	sMultichoiceList_TradeColosseum_2
0x083E0300	rom	0x18	sMultichoiceList_PokejumpDodrio
0x083E0318	rom	0x10	sMultichoiceList_Mushrooms
0x083E0328	rom	0x28	sMultichoiceList_TradeColosseumBlankCrush
0x083E0350	rom	0x20	sMultichoiceList_TradeColosseumBlank
0x083E0370	rom	0x18	sMultichoiceList_SeviiNavel
0x083E0388	rom	0x18	sMultichoiceList_SeviiBirth
0x083E03A0	rom	0x20	sMultichoiceList_SeviiNavelBirth
0x083E03C0	rom	0x20	sMultichoiceList_Seagallop123
0x083E03E0	rom	0x20	sMultichoiceList_SeagallopV23
0x083E0400	rom	0x20	sMultichoiceList_SeagallopV13
0x083E0420	rom	0x20	sMultichoiceList_SeagallopV12
0x083E0440	rom	0x10	sMultichoiceList_SeagallopVermilion
0x083E0450	rom	0x18	sMultichoiceList_62
0x083E0468	rom	0x18	sMultichoiceList_JoinOrLead
0x083E0480	rom	0x28	sMultichoiceList_TrainerTowerMode
0x083E04A8	rom	0x8	sMultichoiceList_Exit
0x083E04B0	rom	0x208	sMultichoiceLists
0x083E06B8	rom	0x74	gStdStringPtrs
0x083E072C	rom	0xC	sDescriptionPtrs_CableClub_TradeBattleCancel
0x083E0738	rom	0x10	sDescriptionPtrs_WirelessCenter_TradeBattleCrushCancel
0x083E0748	rom	0xC	sDescriptionPtrs_WirelessCenter_TradeBattleCancel
0x083E0754	rom	0x8	sMuseumFossilAnim0
0x083E075C	rom	0x4	sMuseumFossilAnimCmdTable
0x083E0760	rom	0x8	sMuseumFossilOamData
0x083E0768	rom	0x18	sMuseumFossilSprTemplate
0x083E0780	rom	0x800	sMuseumAerodactylSprTiles
0x083E0F80	rom	0x20	sMuseumAerodactylSprPalette
0x083E0FA0	rom	0x800	sMuseumKabutopsSprTiles
0x083E17A0	rom	0x20	sMuseumKabutopsSprPalette
0x083E17C0	rom	0x10	sMuseumKabutopsSprSheets
0x083E17D0	rom	0x10	sMuseumAerodactylSprSheets
0x083E17E0	rom	0x20	sSeagallopDestStrings
0x083E1800	rom	0xC0	sPCIconOff_Gfx
0x083E18C0	rom	0xC0	sPCIconOn_Gfx
0x083E1980	rom	0x900	sRival_Gfx
0x083E2280	rom	0x10	sTransferredToPCMessages
0x083E2290	rom	0x10	sBgTemplates
0x083E22A0	rom	0x30	sWindowTemplates
0x083E22D0	rom	0x60	sKeyboardChars
0x083E2330	rom	0x3	sPageColumnCounts
0x083E2333	rom	0x18	sPageColumnXPos
0x083E234B	rom	0x3	sPageToNextGfxId
0x083E234E	rom	0x3	sPageToNextKeyboardId
0x083E2351	rom	0x3	sPageToKeyboardId
0x083E2354	rom	0x10	sPageSwapAnimStateFuncs
0x083E2374	rom	0x3	sButtonKeyRoles
0x083E2378	rom	0x10	sPageSwapSpriteFuncs
0x083E2388	rom	0x6	sPageSwapPalTags
0x083E238E	rom	0x6	sPageSwapGfxTags
0x083E2394	rom	0x14	sIconFunctions
0x083E23A8	rom	0x14	sAnim_Rival
0x083E23BC	rom	0x4	sAnims_Rival
0x083E23D0	rom	0x10	sKeyboardKeyHandlers
0x083E23E0	rom	0x8	sInputFuncs
0x083E240C	rom	0x14	sDrawTextEntryBoxFuncs
0x083E2420	rom	0x8	sDrawGenderIconFuncs
0x083E2428	rom	0x6	sGenderColors
0x083E2430	rom	0xC	sTextColorStruct
0x083E243C	rom	0x3	sFillValues
0x083E2440	rom	0xC	sKeyboardTextColors
0x083E244C	rom	0xC	sNextKeyboardPageTilemaps
0x083E245C	rom	0xC	sPlayerNamingScreenTemplate
0x083E2468	rom	0xC	sPcBoxNamingScreenTemplate
0x083E2474	rom	0xC	sMonNamingScreenTemplate
0x083E2480	rom	0xC	sRivalNamingScreenTemplate
0x083E248C	rom	0x14	sNamingScreenTemplates
0x083E24A0	rom	0x8	sOam_8x8
0x083E24A8	rom	0x8	sOam_16x16
0x083E24B0	rom	0x8	sOam_32x16
0x083E24B8	rom	0x20	sSubsprites_PageSwapFrame
0x083E24D8	rom	0x8	sSubsprites_PageSwapText
0x083E24E0	rom	0x18	sSubsprites_Button
0x083E24F8	rom	0xC	sSubsprites_PCIcon
0x083E2504	rom	0x8	sSubspriteTable_PageSwapFrame
0x083E250C	rom	0x18	sSubspriteTable_PageSwapText
0x083E2524	rom	0x8	sSubspriteTable_Button
0x083E252C	rom	0x8	sSubspriteTable_PCIcon
0x083E2534	rom	0x10	sImageTable_PCIcon
0x083E2544	rom	0x8	sAnim_Loop
0x083E254C	rom	0xC	sAnim_CursorSquish
0x083E2558	rom	0xC	sAnim_PCIcon
0x083E2564	rom	0x4	sAnims_Loop
0x083E2568	rom	0x8	sAnims_Cursor
0x083E2570	rom	0x4	sAnims_PCIcon
0x083E2574	rom	0x18	sSpriteTemplate_PageSwapFrame
0x083E258C	rom	0x18	sSpriteTemplate_PageSwapButton
0x083E25A4	rom	0x18	sSpriteTemplate_PageSwapText
0x083E25BC	rom	0x18	sSpriteTemplate_BackButton
0x083E25D4	rom	0x18	sSpriteTemplate_OkButton
0x083E25EC	rom	0x18	sSpriteTemplate_Cursor
0x083E2604	rom	0x18	sSpriteTemplate_InputArrow
0x083E261C	rom	0x18	sSpriteTemplate_Underscore
0x083E2634	rom	0x18	sSpriteTemplate_PCIcon
0x083E264C	rom	0x30	sNamingScreenKeyboardText
0x083E267C	rom	0x68	sSpriteSheets
0x083E26E4	rom	0x48	sSpritePalettes
0x083E272C	rom	0x80	sBigMonSizeTable
0x083E27AC	rom	0x7	sGiftRibbonsMonDataIds
0x083E27B4	rom	0x1A0	sUnused
0x083E2954	rom	0x10	sExitCallbackByItemType
0x083E2964	rom	0x4	sUnused
0x083E2968	rom	0x24	sPowderParticlesAnimCmds
0x083E298C	rom	0x4	sPowderParticlesAnimTable
0x083E2990	rom	0x18	gSleepPowderParticleSpriteTemplate
0x083E29A8	rom	0x18	gStunSporeParticleSpriteTemplate
0x083E29C0	rom	0x18	gPoisonPowderParticleSpriteTemplate
0x083E29D8	rom	0x8	sSolarBeamBigOrbAnimCmds1
0x083E29E0	rom	0x8	sSolarBeamBigOrbAnimCmds2
0x083E29E8	rom	0x8	sSolarBeamBigOrbAnimCmds3
0x083E29F0	rom	0x8	sSolarBeamBigOrbAnimCmds4
0x083E29F8	rom	0x8	sSolarBeamBigOrbAnimCmds5
0x083E2A00	rom	0x8	sSolarBeamBigOrbAnimCmds6
0x083E2A08	rom	0x8	sSolarBeamBigOrbAnimCmds7
0x083E2A10	rom	0x8	sSolarBeamSmallOrbAnimCms
0x083E2A18	rom	0x8	sPowerAbsorptionOrbAnimCmds
0x083E2A20	rom	0x1C	sSolarBeamBigOrbAnimTable
0x083E2A3C	rom	0x4	sSolarBeamSmallOrbAnimTable
0x083E2A40	rom	0x4	sPowerAbsorptionOrbAnimTable
0x083E2A44	rom	0x10	sPowerAbsorptionOrbAffineAnimCmds
0x083E2A54	rom	0x4	sPowerAbsorptionOrbAffineAnimTable
0x083E2A58	rom	0x18	gPowerAbsorptionOrbSpriteTemplate
0x083E2A70	rom	0x18	gSolarBeamBigOrbSpriteTemplate
0x083E2A88	rom	0x18	gSolarBeamSmallOrbSpriteTemplate
0x083E2AA0	rom	0x18	sStockpileAbsorptionOrbAffineCmds
0x083E2AB8	rom	0x4	sStockpileAbsorptionOrbAffineAnimTable
0x083E2ABC	rom	0x18	gStockpileAbsorptionOrbSpriteTemplate
0x083E2AD4	rom	0x10	sAbsorptionOrbAffineAnimCmds
0x083E2AE4	rom	0x4	sAbsorptionOrbAffineAnimTable
0x083E2AE8	rom	0x18	gAbsorptionOrbSpriteTemplate
0x083E2B00	rom	0x18	gHyperBeamOrbSpriteTemplate
0x083E2B18	rom	0x8	sLeechSeedAnimCmds1
0x083E2B20	rom	0xC	sLeechSeedAnimCmds2
0x083E2B2C	rom	0x8	sLeechSeedAnimTable
0x083E2B34	rom	0x18	gLeechSeedSpriteTemplate
0x083E2B4C	rom	0x8	sSporeParticleAnimCmds1
0x083E2B54	rom	0x8	sSporeParticleAnimCmds2
0x083E2B5C	rom	0x8	sSporeParticleAnimTable
0x083E2B64	rom	0x18	gSporeParticleSpriteTemplate
0x083E2B7C	rom	0x8	sPetalDanceBigFlowerAnimCmds
0x083E2B84	rom	0x8	sPetalDanceSmallFlowerAnimCmds
0x083E2B8C	rom	0x4	sPetalDanceBigFlowerAnimTable
0x083E2B90	rom	0x4	sPetalDanceSmallFlowerAnimTable
0x083E2B94	rom	0x18	gPetalDanceBigFlowerSpriteTemplate
0x083E2BAC	rom	0x18	gPetalDanceSmallFlowerSpriteTemplate
0x083E2BC4	rom	0x2C	sRazorLeafParticleAnimCmds1
0x083E2BF0	rom	0x10	sRazorLeafParticleAnimCmds2
0x083E2C00	rom	0x8	sRazorLeafParticleAnimTable
0x083E2C08	rom	0x18	gRazorLeafParticleSpriteTemplate
0x083E2C20	rom	0x18	gTwisterLeafSpriteTemplate
0x083E2C38	rom	0x14	sRazorLeafCutterAnimCmds
0x083E2C4C	rom	0x4	sRazorLeafCutterAnimTable
0x083E2C50	rom	0x18	gRazorLeafCutterSpriteTemplate
0x083E2C68	rom	0x10	sSwiftStarAffineAnimCmds
0x083E2C78	rom	0x4	sSwiftStarAffineAnimTable
0x083E2C7C	rom	0x18	gSwiftStarSpriteTemplate
0x083E2C94	rom	0x14	sAnim_ConstrictBinding
0x083E2CA8	rom	0x14	sAnim_ConstrictBinding_Flipped
0x083E2CBC	rom	0x8	sAnims_ConstrictBinding
0x083E2CC4	rom	0x20	sAffineAnim_ConstrictBinding
0x083E2CE4	rom	0x20	sAffineAnim_ConstrictBinding_Flipped
0x083E2D04	rom	0x8	sAffineAnims_ConstrictBinding
0x083E2D0C	rom	0x18	gConstrictBindingSpriteTemplate
0x083E2D24	rom	0x18	sMimicOrbAffineAnimCmds1
0x083E2D3C	rom	0x10	sMimicOrbAffineAnimCmds2
0x083E2D4C	rom	0x8	sMimicOrbAffineAnimTable
0x083E2D54	rom	0x18	gMimicOrbSpriteTemplate
0x083E2D6C	rom	0x14	sIngrainRootAnimCmds1
0x083E2D80	rom	0x14	sIngrainRootAnimCmds2
0x083E2D94	rom	0x10	sIngrainRootAnimCmds3
0x083E2DA4	rom	0x10	sIngrainRootAnimCmds4
0x083E2DB4	rom	0x10	sIngrainRootAnimTable
0x083E2DC4	rom	0x18	gIngrainRootSpriteTemplate
0x083E2DDC	rom	0x18	gFrenzyPlantRootSpriteTemplate
0x083E2DF4	rom	0xC	sIngrainOrbAnimCmds
0x083E2E00	rom	0x4	sIngrainOrbAnimTable
0x083E2E04	rom	0x18	gIngrainOrbSpriteTemplate
0x083E2E1C	rom	0x8	sFallingBagAnimCmds
0x083E2E24	rom	0x4	sFallingBagAnimTable
0x083E2E28	rom	0x20	sFallingBagAffineAnimCmds1
0x083E2E48	rom	0x38	sFallingBagAffineAnimCmds2
0x083E2E80	rom	0x8	sFallingBagAffineAnimTable
0x083E2E88	rom	0x18	gPresentSpriteTemplate
0x083E2EA0	rom	0x18	gKnockOffItemSpriteTemplate
0x083E2EB8	rom	0x14	sPresentHealParticleAnimCmds
0x083E2ECC	rom	0x4	sPresentHealParticleAnimTable
0x083E2ED0	rom	0x18	gPresentHealParticleSpriteTemplate
0x083E2EE8	rom	0x18	gItemStealSpriteTemplate
0x083E2F00	rom	0x10	sTrickBagAffineAnimCmds1
0x083E2F10	rom	0x40	sTrickBagAffineAnimCmds2
0x083E2F50	rom	0x10	sTrickBagAffineAnimTable
0x083E2F60	rom	0x18	gTrickBagSpriteTemplate
0x083E2F78	rom	0x21	gTrickBagCoordinates
0x083E2F9C	rom	0x8	sLeafBladeAnimCmds1
0x083E2FA4	rom	0x8	sLeafBladeAnimCmds2
0x083E2FAC	rom	0x8	sLeafBladeAnimCmds3
0x083E2FB4	rom	0x8	sLeafBladeAnimCmds4
0x083E2FBC	rom	0x8	sLeafBladeAnimCmds5
0x083E2FC4	rom	0x8	sLeafBladeAnimCmds6
0x083E2FCC	rom	0x8	sLeafBladeAnimCmds7
0x083E2FD4	rom	0x1C	sLeafBladeAnimTable
0x083E2FF0	rom	0x18	gLeafBladeSpriteTemplate
0x083E3008	rom	0x18	sAromatherapyBigFlowerAffineAnimCmds
0x083E3020	rom	0x4	sAromatherapyBigFlowerAffineAnimTable
0x083E3024	rom	0x18	gAromatherapySmallFlowerSpriteTemplate
0x083E303C	rom	0x18	gAromatherapyBigFlowerSpriteTemplate
0x083E3054	rom	0x18	sSilverWindBigSparkAffineAnimCmds
0x083E306C	rom	0x18	sSilverWindMediumSparkAffineAnimCmds
0x083E3084	rom	0x18	sSilverWindSmallSparkAffineAnimCmds
0x083E309C	rom	0x4	sSilverWindBigSparkAffineAnimTable
0x083E30A0	rom	0x4	sSilverWindMediumSparkAffineAnimTable
0x083E30A4	rom	0x4	sSilverWindSmallSparkAffineAnimTable
0x083E30A8	rom	0x18	gSilverWindBigSparkSpriteTemplate
0x083E30C0	rom	0x18	gSilverWindMediumSparkSpriteTemplate
0x083E30D8	rom	0x18	gSilverWindSmallSparkSpriteTemplate
0x083E30F0	rom	0xE	sMagicalLeafBlendColors
0x083E3100	rom	0x18	gNeedleArmSpikeSpriteTemplate
0x083E3118	rom	0x14	sAnim_Whip
0x083E312C	rom	0x14	sAnim_Whip_Flipped
0x083E3140	rom	0x8	sAnims_Whip
0x083E3148	rom	0x18	gSlamHitSpriteTemplate
0x083E3160	rom	0x18	gVineWhipSpriteTemplate
0x083E3178	rom	0x18	sAnim_SlidingHit
0x083E3190	rom	0x4	sAnims_SlidingHit
0x083E3194	rom	0x18	sSlidingHit1SpriteTemplate
0x083E31AC	rom	0x18	sSlidingHit2SpriteTemplate
0x083E31C4	rom	0x10	sAffineAnim_FlickeringPunch_Normal
0x083E31D4	rom	0x10	sAffineAnim_FlickeringPunch_TurnedTopLeft
0x083E31E4	rom	0x10	sAffineAnim_FlickeringPunch_TurnedLeft
0x083E31F4	rom	0x10	sAffineAnim_FlickeringPunch_TurnedBottomLeft
0x083E3204	rom	0x10	sAffineAnim_FlickeringPunch_UpsideDown
0x083E3214	rom	0x10	sAffineAnim_FlickeringPunch_TurnedBottomRight
0x083E3224	rom	0x10	sAffineAnim_FlickeringPunch_TurnedRight
0x083E3234	rom	0x10	sAffineAnim_FlickeringPunch_TurnedTopRight
0x083E3244	rom	0x20	sAffineAnims_FlickeringPunch
0x083E3264	rom	0x18	sFlickeringPunchSpriteTemplate
0x083E327C	rom	0x14	sCuttingSliceAnimCmds
0x083E3290	rom	0x4	sCuttingSliceAnimTable
0x083E3294	rom	0x18	gCuttingSliceSpriteTemplate
0x083E32AC	rom	0x18	gAirCutterSliceSpriteTemplate
0x083E32C4	rom	0x8	sAnim_CirclingMusicNote_Eighth
0x083E32CC	rom	0x8	sAnim_CirclingMusicNote_BeamedEighth
0x083E32D4	rom	0x8	sAnim_CirclingMusicNote_SlantedBeamedEighth
0x083E32DC	rom	0x8	sAnim_CirclingMusicNote_Quarter
0x083E32E4	rom	0x8	sAnim_CirclingMusicNote_QuarterRest
0x083E32EC	rom	0x8	sAnim_CirclingMusicNote_EighthRest
0x083E32F4	rom	0x8	sAnim_CirclingMusicNote_Eighth_Flipped
0x083E32FC	rom	0x8	sAnim_CirclingMusicNote_BeamedEighth_Flipped
0x083E3304	rom	0x8	sAnim_CirclingMusicNote_SlantedBeamedEighth_Flipped
0x083E330C	rom	0x8	sAnim_CirclingMusicNote_Quarter_Flipped
0x083E3314	rom	0x28	sAnims_CirclingMusicNote
0x083E333C	rom	0x18	sCirclingMusicNoteSpriteTemplate
0x083E3354	rom	0x18	gProtectSpriteTemplate
0x083E336C	rom	0x10	sMilkBottleAffineAnimCmds1
0x083E337C	rom	0x30	sMilkBottleAffineAnimCmds2
0x083E33AC	rom	0x8	sMilkBottleAffineAnimTable
0x083E33B4	rom	0x18	gMilkBottleSpriteTemplate
0x083E33CC	rom	0x24	sGrantingStarsAnimCmds
0x083E33F0	rom	0x4	sGrantingStarsAnimTable
0x083E33F4	rom	0x18	gGrantingStarsSpriteTemplate
0x083E340C	rom	0x18	gSparklingStarsSpriteTemplate
0x083E3424	rom	0x24	sAnim_BubbleBurst
0x083E3448	rom	0x24	sAnim_BubbleBurst_Flipped
0x083E346C	rom	0x8	sAnims_BubbleBurst
0x083E3474	rom	0x18	sBubbleBurstSpriteTemplate
0x083E348C	rom	0x8	sSleepLetterZAnimCmds
0x083E3494	rom	0x4	sSleepLetterZAnimTable
0x083E3498	rom	0x18	sSleepLetterZAffineAnimCmds1
0x083E34B0	rom	0x18	sSleepLetterZAffineAnimCmds1_2
0x083E34C8	rom	0x18	sSleepLetterZAffineAnimCmds2
0x083E34E0	rom	0x18	sSleepLetterZAffineAnimCmds2_2
0x083E34F8	rom	0x8	sSleepLetterZAffineAnimTable
0x083E3500	rom	0x18	gSleepLetterZSpriteTemplate
0x083E3518	rom	0x18	gLockOnTargetSpriteTemplate
0x083E3530	rom	0x18	gLockOnMoveTargetSpriteTemplate
0x083E3548	rom	0x8	sInclineMonCoordTable
0x083E3550	rom	0x18	gBowMonSpriteTemplate
0x083E3568	rom	0x18	sTipMonSpriteTemplate
0x083E3580	rom	0x14	sSlashSliceAnimCmds1
0x083E3594	rom	0x8	sSlashSliceAnimCmds2
0x083E359C	rom	0x8	sSlashSliceAnimTable
0x083E35A4	rom	0x18	gSlashSliceSpriteTemplate
0x083E35BC	rom	0x18	gFalseSwipeSliceSpriteTemplate
0x083E35D4	rom	0x18	gFalseSwipePositionedSliceSpriteTemplate
0x083E35EC	rom	0x14	sEndureEnergyAnimCmds
0x083E3600	rom	0x4	sEndureEnergyAnimTable
0x083E3604	rom	0x18	gEndureEnergySpriteTemplate
0x083E361C	rom	0x3C	sSharpenSphereAnimCmds
0x083E3658	rom	0x4	sSharpenSphereAnimTable
0x083E365C	rom	0x18	gSharpenSphereSpriteTemplate
0x083E3674	rom	0x18	gOctazookaBallSpriteTemplate
0x083E368C	rom	0x18	sOctazookaAnimCmds
0x083E36A4	rom	0x4	sOctazookaAnimTable
0x083E36A8	rom	0x18	gOctazookaSmokeSpriteTemplate
0x083E36C0	rom	0x14	sConversionAnimCmds
0x083E36D4	rom	0x4	sConversionAnimTable
0x083E36D8	rom	0x10	sConversionAffineAnimCmds
0x083E36E8	rom	0x4	sConversionAffineAnimTable
0x083E36EC	rom	0x18	gConversionSpriteTemplate
0x083E3704	rom	0x14	sConversion2AnimCmds
0x083E3718	rom	0x4	sConversion2AnimTable
0x083E371C	rom	0x18	gConversion2SpriteTemplate
0x083E3734	rom	0x18	gMoonSpriteTemplate
0x083E374C	rom	0x14	sMoonlightSparkleAnimCmds
0x083E3760	rom	0x4	sMoonlightSparkleAnimTable
0x083E3764	rom	0x18	gMoonlightSparkleSpriteTemplate
0x083E377C	rom	0x24	sHealingBlueStarAnimCmds
0x083E37A0	rom	0x4	sHealingBlueStarAnimTable
0x083E37A4	rom	0x18	gHealingBlueStarSpriteTemplate
0x083E37BC	rom	0x18	gHornHitSpriteTemplate
0x083E37D4	rom	0x14	sSuperFangAnimCmds
0x083E37E8	rom	0x4	sSuperFangAnimTable
0x083E37EC	rom	0x18	gSuperFangSpriteTemplate
0x083E3804	rom	0x8	sWavyMusicNotesAnimCmds1
0x083E380C	rom	0x8	sWavyMusicNotesAnimCmds2
0x083E3814	rom	0x8	sWavyMusicNotesAnimCmds3
0x083E381C	rom	0x8	sWavyMusicNotesAnimCmds4
0x083E3824	rom	0x8	sWavyMusicNotesAnimCmds5
0x083E382C	rom	0x8	sWavyMusicNotesAnimCmds6
0x083E3834	rom	0x8	sWavyMusicNotesAnimCmds7
0x083E383C	rom	0x8	sWavyMusicNotesAnimCmds8
0x083E3844	rom	0x20	gMusicNotesAnimTable
0x083E3864	rom	0x18	sWavyMusicNotesAffineAnimCmds
0x083E387C	rom	0x4	sMusicNotesAffineAnimTable
0x083E3880	rom	0x18	gWavyMusicNotesSpriteTemplate
0x083E3898	rom	0x30	sParticlesColorBlendTable
0x083E38C8	rom	0x18	gFastFlyingMusicNotesSpriteTemplate
0x083E38E0	rom	0x18	gBellyDrumHandSpriteTemplate
0x083E38F8	rom	0x18	sSlowFlyingMusicNotesAffineAnimCmds
0x083E3910	rom	0x4	sSlowFlyinsMusicNotesAffineAnimTable
0x083E3914	rom	0x18	gSlowFlyingMusicNotesSpriteTemplate
0x083E392C	rom	0x14	sMetronomeThroughtBubbleAnimCmds1
0x083E3940	rom	0x14	sMetronomeThroughtBubbleAnimCmds3
0x083E3954	rom	0x14	sMetronomeThroughtBubbleAnimCmds2
0x083E3968	rom	0x14	sMetronomeThroughtBubbleAnimCmds4
0x083E397C	rom	0x10	sMetronomeThroughtBubbleAnimTable
0x083E398C	rom	0x18	gThoughtBubbleSpriteTemplate
0x083E39A4	rom	0x18	sMetronomeFingerAffineAnimCmds1
0x083E39BC	rom	0x28	sMetronomeFingerAffineAnimCmds2
0x083E39E4	rom	0x48	sMetronomeFingerAffineAnimCmds2_2
0x083E3A2C	rom	0x8	sMetronomeFingerAffineAnimTable
0x083E3A34	rom	0x18	gMetronomeFingerSpriteTemplate
0x083E3A4C	rom	0x18	gFollowMeFingerSpriteTemplate
0x083E3A64	rom	0x8	sTauntFingerAnimCmds1
0x083E3A6C	rom	0x8	sTauntFingerAnimCmds2
0x083E3A74	rom	0x20	sTauntFingerAnimCmds3
0x083E3A94	rom	0x20	sTauntFingerAnimCmds4
0x083E3AB4	rom	0x10	sTauntFingerAnimTable
0x083E3AC4	rom	0x18	gTauntFingerSpriteTemplate
0x083E3ADC	rom	0x18	sCirclingFingerSpriteTemplate
0x083E3AF4	rom	0x8	sAnim_BouncingMusicNote
0x083E3AFC	rom	0x4	sAnims_BouncingMusicNote
0x083E3B00	rom	0x18	sBouncingMusicNoteSpriteTemplate
0x083E3B18	rom	0x18	sVibrateBattlerBackSpriteTemplate
0x083E3B30	rom	0x18	sMovingClampSpriteTemplate
0x083E3B48	rom	0x14	sAnim_SmallExplosion
0x083E3B5C	rom	0x4	sAnims_SmallExplosion
0x083E3B60	rom	0x18	sAffineAnim_SmallExplosion
0x083E3B78	rom	0x4	sAffineAnims_SmallExplosion
0x083E3B7C	rom	0x18	sSmallExplosionSpriteTemplate
0x083E3B94	rom	0x24	sKinesisZapEnergyAnimCmds
0x083E3BB8	rom	0x4	sKinesisZapEnergyAnimTable
0x083E3BBC	rom	0x18	gKinesisZapEnergySpriteTemplate
0x083E3BD4	rom	0x20	sSwordsDanceBladeAffineAnimCmds
0x083E3BF4	rom	0x4	sSwordsDanceBladeAffineAnimTable
0x083E3BF8	rom	0x18	gSwordsDanceBladeSpriteTemplate
0x083E3C10	rom	0x18	gSonicBoomSpriteTemplate
0x083E3C28	rom	0x18	gAirWaveProjectileSpriteTemplate
0x083E3C40	rom	0x18	sGrowingRingAffineAnimCmds
0x083E3C58	rom	0x40	sWaterPulseRingAffineAnimCmds
0x083E3C98	rom	0x4	gGrowingRingAffineAnimTable
0x083E3C9C	rom	0x4	sWaterPulseRingAffineAnimTable
0x083E3CA0	rom	0x18	gSupersonicRingSpriteTemplate
0x083E3CB8	rom	0x18	gScreechRingSpriteTemplate
0x083E3CD0	rom	0x18	gMetalSoundSpriteTemplate
0x083E3CE8	rom	0x18	gWaterPulseRingSpriteTemplate
0x083E3D00	rom	0x18	gEggThrowSpriteTemplate
0x083E3D18	rom	0x18	sVoidLinesSpriteTemplate
0x083E3D30	rom	0x8	sCoinAnimCmds
0x083E3D38	rom	0x4	sCoinAnimTable
0x083E3D3C	rom	0x10	sFallingCoinAffineAnimCmds
0x083E3D4C	rom	0x4	sFallingCoinAffineAnimTable
0x083E3D50	rom	0x18	gCoinThrowSpriteTemplate
0x083E3D68	rom	0x18	gFallingCoinSpriteTemplate
0x083E3D80	rom	0x10	sBulletSeedAffineAnimCmds
0x083E3D90	rom	0x4	sBulletSeedAffineAnimTable
0x083E3D94	rom	0x18	gBulletSeedSpriteTemplate
0x083E3DAC	rom	0x18	sRazorWindTornadoAffineAnimCmds
0x083E3DC4	rom	0x4	sRazorWindTornadoAffineAnimTable
0x083E3DC8	rom	0x18	gRazorWindTornadoSpriteTemplate
0x083E3DE0	rom	0x10	sViceGripAnimCmds1
0x083E3DF0	rom	0x10	sViceGripAnimCmds2
0x083E3E00	rom	0x8	sViceGripAnimTable
0x083E3E08	rom	0x18	gViceGripSpriteTemplate
0x083E3E20	rom	0x10	sGuillotineAnimCmds1
0x083E3E30	rom	0x10	sGuillotineAnimCmds2
0x083E3E40	rom	0x8	sGuillotineAnimTable
0x083E3E48	rom	0x18	gGuillotineSpriteTemplate
0x083E3E60	rom	0x20	sSplashEffectAffineAnimCmds
0x083E3E80	rom	0x20	sGrowAndShrinkAffineAnimCmds
0x083E3EA0	rom	0x14	sBreathPuffAnimCmds1
0x083E3EB4	rom	0x14	sBreathPuffAnimCmds2
0x083E3EC8	rom	0x8	sBreathPuffAnimTable
0x083E3ED0	rom	0x18	gBreathPuffSpriteTemplate
0x083E3EE8	rom	0x18	sAngerMarkAffineAnimCmds
0x083E3F00	rom	0x4	sAngerMarkAffineAnimTable
0x083E3F04	rom	0x18	gAngerMarkSpriteTemplate
0x083E3F1C	rom	0x30	sThrashMoveMonAffineAnimCmds
0x083E3F4C	rom	0x18	gPencilSpriteTemplate
0x083E3F64	rom	0x18	gSnoreZSpriteTemplate
0x083E3F7C	rom	0x14	sExplosionAnimCmds
0x083E3F90	rom	0x4	sExplosionAnimTable
0x083E3F94	rom	0x18	gExplosionSpriteTemplate
0x083E3FAC	rom	0x20	sSoftBoiledEggAffineAnimCmds1
0x083E3FCC	rom	0x10	sSoftBoiledEggAffineAnimCmds2
0x083E3FDC	rom	0x40	sSoftBoiledEggAffineAnimCmds3
0x083E401C	rom	0xC	sSoftBoiledEggAffineAnimTable
0x083E4028	rom	0x18	gSoftBoiledEggSpriteTemplate
0x083E4040	rom	0x18	sThinRingExpandingAffineAnimCmds1
0x083E4058	rom	0x18	sThinRingExpandingAffineAnimCmds2
0x083E4070	rom	0x18	sHyperVoiceRingAffineAnimCmds
0x083E4088	rom	0x8	sThinRingExpandingAffineAnimTable
0x083E4090	rom	0x4	sHyperVoiceRingAffineAnimTable
0x083E4094	rom	0x18	gThinRingExpandingSpriteTemplate
0x083E40AC	rom	0x18	sThinRingShrinkingAffineAnimCmds
0x083E40C4	rom	0x4	sThinRingShrinkingAffineAnimTable
0x083E40C8	rom	0x18	gThinRingShrinkingSpriteTemplate
0x083E40E0	rom	0x18	gBlendThinRingExpandingSpriteTemplate
0x083E40F8	rom	0x18	gHyperVoiceRingSpriteTemplate
0x083E4110	rom	0x18	gUproarRingSpriteTemplate
0x083E4128	rom	0x10	sStretchAttackerAffineAnimCmds
0x083E4138	rom	0x18	sSpeedDustAnimCmds
0x083E4150	rom	0x4	sSpeedDustAnimTable
0x083E4154	rom	0x18	gSpeedDustSpriteTemplate
0x083E416C	rom	0x8	sSpeedDustPosTable
0x083E4174	rom	0x38	sBellAnimCmds
0x083E41AC	rom	0x4	sBellAnimTable
0x083E41B0	rom	0x18	gBellSpriteTemplate
0x083E41C8	rom	0x6	gMusicNotePaletteTagsTable
0x083E41D0	rom	0x18	gHealBellMusicNoteSpriteTemplate
0x083E41E8	rom	0x18	gMagentaHeartSpriteTemplate
0x083E4200	rom	0x18	sAffineAnims_StretchBattlerUp
0x083E4218	rom	0x18	gRedHeartProjectileSpriteTemplate
0x083E4230	rom	0x18	gRedHeartBurstSpriteTemplate
0x083E4248	rom	0x18	gRedHeartRisingSpriteTemplate
0x083E4260	rom	0x18	sHiddenPowerOrbAffineAnimCmds
0x083E4278	rom	0x4	sHiddenPowerOrbAffineAnimTable
0x083E427C	rom	0x18	gHiddenPowerOrbSpriteTemplate
0x083E4294	rom	0x18	gHiddenPowerOrbScatterSpriteTemplate
0x083E42AC	rom	0x18	sSpitUpOrbAffineAnimCmds
0x083E42C4	rom	0x4	sSpitUpOrbAffineAnimTable
0x083E42C8	rom	0x18	gSpitUpOrbSpriteTemplate
0x083E42E0	rom	0x18	sEyeSparkleAnimCmds
0x083E42F8	rom	0x4	sEyeSparkleAnimTable
0x083E42FC	rom	0x18	gEyeSparkleSpriteTemplate
0x083E4314	rom	0x8	sAngelSpriteAnimCmds
0x083E431C	rom	0x4	sAngelSpriteAnimTable
0x083E4320	rom	0x18	gAngelSpriteTemplate
0x083E4338	rom	0x18	gPinkHeartSpriteTemplate
0x083E4350	rom	0x8	sDevilAnimCmds1
0x083E4358	rom	0x8	sDevilAnimCmds2
0x083E4360	rom	0x8	sDevilAnimTable
0x083E4368	rom	0x18	gDevilSpriteTemplate
0x083E4380	rom	0x14	sAnim_FurySwipes
0x083E4394	rom	0x14	sAnim_FurySwipes_Flipped
0x083E43A8	rom	0x8	sAnims_FurySwipes
0x083E43B0	rom	0x18	gFurySwipesSpriteTemplate
0x083E43C8	rom	0x14	sMovementWavesAnimCmds1
0x083E43DC	rom	0x14	sMovementWavesAnimCmds2
0x083E43F0	rom	0x8	sMovementWavesAnimTable
0x083E43F8	rom	0x18	gMovementWavesSpriteTemplate
0x083E4410	rom	0x20	sUproarAffineAnimCmds
0x083E4430	rom	0x18	gJaggedMusicNoteSpriteTemplate
0x083E4448	rom	0x10	sPerishSongMusicNoteAffineAnimCmds1
0x083E4458	rom	0x10	sPerishSongMusicNoteAffineAnimCmds2
0x083E4468	rom	0x10	sPerishSongMusicNoteAffineAnimCmds3
0x083E4478	rom	0xC	sPerishSongMusicNoteAffineAnimTable
0x083E4484	rom	0x18	gPerishSongMusicNoteSpriteTemplate
0x083E449C	rom	0x18	gPerishSongMusicNote2SpriteTemplate
0x083E44B4	rom	0x10	sGuardRingAffineAnimCmds1
0x083E44C4	rom	0x10	sGuardRingAffineAnimCmds2
0x083E44D4	rom	0x8	sGuardRingAffineAnimTable
0x083E44DC	rom	0x18	gGuardRingSpriteTemplate
0x083E44F4	rom	0x380	sUnusedWater_Gfx
0x083E4874	rom	0x1000	sUnusedWater
0x083E5874	rom	0x20	sAnim_RainDrop
0x083E5894	rom	0x4	sAnims_RainDrop
0x083E5898	rom	0x18	gRainDropSpriteTemplate
0x083E58B0	rom	0x18	sAffineAnim_WaterBubbleProjectile
0x083E58C8	rom	0x4	sAffineAnims_WaterBubbleProjectile
0x083E58CC	rom	0x10	sAnim_WaterBubbleProjectile
0x083E58DC	rom	0x4	sAnims_WaterBubbleProjectile
0x083E58E0	rom	0x18	gWaterBubbleProjectileSpriteTemplate
0x083E58F8	rom	0x8	sAnim_AuroraBeamRing_0
0x083E5900	rom	0x8	sAnim_AuroraBeamRing_1
0x083E5908	rom	0x8	sAnims_AuroraBeamRing
0x083E5910	rom	0x18	sAffineAnim_AuroraBeamRing
0x083E5928	rom	0x4	sAffineAnims_AuroraBeamRing
0x083E592C	rom	0x18	gAuroraBeamRingSpriteTemplate
0x083E5944	rom	0x14	sAnim_WaterMudOrb
0x083E5958	rom	0x4	gAnims_WaterMudOrb
0x083E595C	rom	0x18	gHydroPumpOrbSpriteTemplate
0x083E5974	rom	0x18	gMudShotOrbSpriteTemplate
0x083E598C	rom	0x18	gSignalBeamRedOrbSpriteTemplate
0x083E59A4	rom	0x18	gSignalBeamGreenOrbSpriteTemplate
0x083E59BC	rom	0x10	sAnim_FlamethrowerFlame
0x083E59CC	rom	0x4	sAnims_FlamethrowerFlame
0x083E59D0	rom	0x18	gFlamethrowerFlameSpriteTemplate
0x083E59E8	rom	0x18	gPsywaveRingSpriteTemplate
0x083E5A00	rom	0x20	sAffineAnim_HydroCannonCharge
0x083E5A20	rom	0x10	sAffineAnim_HydroCannonBeam
0x083E5A30	rom	0x4	sAffineAnims_HydroCannonCharge
0x083E5A34	rom	0x4	sAffineAnims_HydroCannonBeam
0x083E5A38	rom	0x18	gHydroCannonChargeSpriteTemplate
0x083E5A50	rom	0x18	gHydroCannonBeamSpriteTemplate
0x083E5A68	rom	0x8	sAnim_WaterBubble
0x083E5A70	rom	0x8	sAnim_WaterGunDroplet
0x083E5A78	rom	0x4	gAnims_WaterBubble
0x083E5A7C	rom	0x4	sAnims_WaterGunDroplet
0x083E5A80	rom	0x18	gWaterGunProjectileSpriteTemplate
0x083E5A98	rom	0x18	gWaterGunDropletSpriteTemplate
0x083E5AB0	rom	0x18	gSmallBubblePairSpriteTemplate
0x083E5AC8	rom	0x18	gSmallDriftingBubblesSpriteTemplate
0x083E5AE0	rom	0x18	gSmallWaterOrbSpriteTemplate
0x083E5AF8	rom	0x8	sAnim_WaterPulseBubble_0
0x083E5B00	rom	0x8	sAnim_WaterPulseBubble_1
0x083E5B08	rom	0x8	sAnim_WeatherBallWaterDown
0x083E5B10	rom	0x8	sAnims_WaterPulseBubble
0x083E5B18	rom	0x4	sAnims_WeatherBallWaterDown
0x083E5B1C	rom	0x18	sAffineAnim_WaterPulseRingBubble_0
0x083E5B34	rom	0x18	sAffineAnim_WaterPulseRingBubble_1
0x083E5B4C	rom	0x18	sAffineAnim_WeatherBallWaterDown
0x083E5B64	rom	0x8	sAffineAnims_WaterPulseRingBubble
0x083E5B6C	rom	0x4	sAffineAnims_WeatherBallWaterDown
0x083E5B70	rom	0x18	gWaterPulseBubbleSpriteTemplate
0x083E5B88	rom	0x18	gWaterPulseRingBubbleSpriteTemplate
0x083E5BA0	rom	0x18	gWeatherBallWaterDownSpriteTemplate
0x083E5BB8	rom	0x10	sAnim_FireSpiralSpread_0
0x083E5BC8	rom	0x10	sAnim_FireSpiralSpread_1
0x083E5BD8	rom	0x8	sAnims_FireSpiralSpread
0x083E5BE0	rom	0x18	gFireSpiralInwardSpriteTemplate
0x083E5BF8	rom	0x18	gFireSpreadSpriteTemplate
0x083E5C10	rom	0x24	sAnim_LargeFlame
0x083E5C34	rom	0x4	sAnims_LargeFlame
0x083E5C38	rom	0x18	sAnim_FirePlume
0x083E5C50	rom	0x4	sAnims_FirePlume
0x083E5C54	rom	0x18	sAffineAnim_LargeFlame
0x083E5C6C	rom	0x4	sAffineAnims_LargeFlame
0x083E5C70	rom	0x18	gLargeFlameSpriteTemplate
0x083E5C88	rom	0x18	gLargeFlameScatterSpriteTemplate
0x083E5CA0	rom	0x18	gFirePlumeSpriteTemplate
0x083E5CB8	rom	0x18	sUnusedEmberFirePlumeSpriteTemplate
0x083E5CD0	rom	0x10	sAnim_UnusedSmallEmber
0x083E5CE0	rom	0x4	sAnims_UnusedSmallEmber
0x083E5CE4	rom	0x18	sUnusedSmallEmberSpriteTemplate
0x083E5CFC	rom	0x18	sAffineAnim_SunlightRay
0x083E5D14	rom	0x4	sAffineAnims_SunlightRay
0x083E5D18	rom	0x18	gSunlightRaySpriteTemplate
0x083E5D30	rom	0x18	sAnim_BasicFire
0x083E5D48	rom	0x4	gAnims_BasicFire
0x083E5D4C	rom	0x18	gEmberSpriteTemplate
0x083E5D64	rom	0x18	gEmberFlareSpriteTemplate
0x083E5D7C	rom	0x18	gBurnFlameSpriteTemplate
0x083E5D94	rom	0x18	gFireBlastRingSpriteTemplate
0x083E5DAC	rom	0xC	sAnim_FireBlastCross
0x083E5DB8	rom	0x4	sAnims_FireBlastCross
0x083E5DBC	rom	0x10	sAffineAnim_Unused_0
0x083E5DCC	rom	0x10	sAffineAnim_Unused_1
0x083E5DDC	rom	0x8	sAffineAnims_Unused
0x083E5DE4	rom	0x18	gFireBlastCrossSpriteTemplate
0x083E5DFC	rom	0x18	gFireSpiralOutwardSpriteTemplate
0x083E5E14	rom	0x18	gWeatherBallFireDownSpriteTemplate
0x083E5E2C	rom	0x18	gEruptionLaunchRockSpriteTemplate
0x083E5E44	rom	0x1C	sEruptionLaunchRockSpeeds
0x083E5E60	rom	0x18	gEruptionFallingRockSpriteTemplate
0x083E5E78	rom	0x14	sAnim_WillOWispOrb_0
0x083E5E8C	rom	0x8	sAnim_WillOWispOrb_1
0x083E5E94	rom	0x8	sAnim_WillOWispOrb_2
0x083E5E9C	rom	0x8	sAnim_WillOWispOrb_3
0x083E5EA4	rom	0x10	sAnims_WillOWispOrb
0x083E5EB4	rom	0x18	gWillOWispOrbSpriteTemplate
0x083E5ECC	rom	0x14	sAnim_WillOWispFire
0x083E5EE0	rom	0x4	sAnims_WillOWispFire
0x083E5EE4	rom	0x18	gWillOWispFireSpriteTemplate
0x083E5EFC	rom	0x10	sShakeDirsPattern0
0x083E5F0C	rom	0x10	sShakeDirsPattern1
0x083E5F1C	rom	0x18	sAnim_Lightning
0x083E5F34	rom	0x4	sAnims_Lightning
0x083E5F38	rom	0x18	gLightningSpriteTemplate
0x083E5F50	rom	0x20	sAffineAnim_UnusedSpinningFist
0x083E5F70	rom	0x4	sAffineAnims_UnusedSpinningFist
0x083E5F74	rom	0x18	sUnusedSpinningFistSpriteTemplate
0x083E5F8C	rom	0x1C	sAnim_UnusedCirclingShock
0x083E5FA8	rom	0x4	sAnims_UnusedCirclingShock
0x083E5FAC	rom	0x18	sUnusedCirclingShockSpriteTemplate
0x083E5FC4	rom	0x18	gSparkElectricitySpriteTemplate
0x083E5FDC	rom	0x18	gZapCannonBallSpriteTemplate
0x083E5FF4	rom	0x10	sAffineAnim_FlashingSpark
0x083E6004	rom	0x4	sAffineAnims_FlashingSpark
0x083E6008	rom	0x18	gZapCannonSparkSpriteTemplate
0x083E6020	rom	0x10	sAnim_ThunderboltOrb
0x083E6030	rom	0x4	sAnims_ThunderboltOrb
0x083E6034	rom	0x20	sAffineAnim_ThunderboltOrb
0x083E6054	rom	0x4	sAffineAnims_ThunderboltOrb
0x083E6058	rom	0x18	gThunderboltOrbSpriteTemplate
0x083E6070	rom	0x18	gSparkElectricityFlashingSpriteTemplate
0x083E6088	rom	0x18	gElectricitySpriteTemplate
0x083E60A0	rom	0x18	sElectricBoltSegmentSpriteTemplate
0x083E60B8	rom	0x18	gThunderWaveSpriteTemplate
0x083E60D0	rom	0x20	sElectricChargingParticleCoordOffsets
0x083E60F0	rom	0x14	sAnim_ElectricChargingParticles_0
0x083E6104	rom	0x14	sAnim_ElectricChargingParticles_1
0x083E6118	rom	0x8	sAnims_ElectricChargingParticles
0x083E6120	rom	0x18	gElectricChargingParticlesSpriteTemplate
0x083E6138	rom	0x40	sAffineAnim_GrowingElectricOrb_0
0x083E6178	rom	0x30	sAffineAnim_GrowingElectricOrb_1
0x083E61A8	rom	0x20	sAffineAnim_GrowingElectricOrb_2
0x083E61C8	rom	0xC	sAffineAnims_GrowingElectricOrb
0x083E61D4	rom	0x18	gGrowingChargeOrbSpriteTemplate
0x083E61EC	rom	0x14	sAnim_ElectricPuff
0x083E6200	rom	0x4	sAnims_ElectricPuff
0x083E6204	rom	0x18	gElectricPuffSpriteTemplate
0x083E621C	rom	0x18	gVoltTackleOrbSlideSpriteTemplate
0x083E6234	rom	0x8	sAnim_VoltTackleBolt_0
0x083E623C	rom	0x8	sAnim_VoltTackleBolt_1
0x083E6244	rom	0x8	sAnim_VoltTackleBolt_2
0x083E624C	rom	0x8	sAnim_VoltTackleBolt_3
0x083E6254	rom	0x10	sAnims_VoltTackleBolt
0x083E6264	rom	0x10	sAffineAnim_VoltTackleBolt
0x083E6274	rom	0x4	sAffineAnims_VoltTackleBolt
0x083E6278	rom	0x18	gVoltTackleBoltSpriteTemplate
0x083E6290	rom	0x18	gGrowingShockWaveOrbSpriteTemplate
0x083E62A8	rom	0x18	sShockWaveProgressingBoltSpriteTemplate
0x083E62C0	rom	0xC	sAnim_Unused
0x083E62CC	rom	0x4	sAnims_Unused
0x083E62D0	rom	0x18	sUnusedIceCrystalThrowSpriteTemplate
0x083E62E8	rom	0x8	sAnim_IceCrystalLargeChunk
0x083E62F0	rom	0x8	sAnim_IceCrystalLarge
0x083E62F8	rom	0x8	sAnim_IceCrystalSmall
0x083E6300	rom	0x8	sAnim_Snowball
0x083E6308	rom	0x8	sAnim_BlizzardIceCrystal
0x083E6310	rom	0xC	sAnim_SmallBubblePair
0x083E631C	rom	0x4	sAnims_IceCrystalLargeChunk
0x083E6320	rom	0x4	sAnims_IceCrystalLarge
0x083E6324	rom	0x4	sAnims_IceCrystalSmall
0x083E6328	rom	0x4	sAnims_Snowball
0x083E632C	rom	0x4	sAnims_BlizzardIceCrystal
0x083E6330	rom	0x4	gAnims_SmallBubblePair
0x083E6334	rom	0x10	sAffineAnim_IceCrystalSpiralInwardLarge
0x083E6344	rom	0x4	sAffineAnims_IceCrystalSpiralInwardLarge
0x083E6348	rom	0x18	gIceCrystalSpiralInwardLarge
0x083E6360	rom	0x18	gIceCrystalSpiralInwardSmall
0x083E6378	rom	0x10	sAffineAnim_IceBeamInnerCrystal
0x083E6388	rom	0x4	sAffineAnims_IceBeamInnerCrystal
0x083E638C	rom	0x18	gIceBeamInnerCrystalSpriteTemplate
0x083E63A4	rom	0x18	gIceBeamOuterCrystalSpriteTemplate
0x083E63BC	rom	0x20	sAffineAnim_IceCrystalHit
0x083E63DC	rom	0x4	sAffineAnims_IceCrystalHit
0x083E63E0	rom	0x18	gIceCrystalHitLargeSpriteTemplate
0x083E63F8	rom	0x18	gIceCrystalHitSmallSpriteTemplate
0x083E6410	rom	0x18	gSwirlingSnowballSpriteTemplate
0x083E6428	rom	0x18	gBlizzardIceCrystalSpriteTemplate
0x083E6440	rom	0x18	gPowderSnowSnowballSpriteTemplate
0x083E6458	rom	0x20	sAnim_IceGroundSpike
0x083E6478	rom	0x4	sAnims_IceGroundSpike
0x083E647C	rom	0x18	gIceGroundSpikeSpriteTemplate
0x083E6494	rom	0xC	sAnim_Cloud
0x083E64A0	rom	0x4	sAnims_Cloud
0x083E64A4	rom	0x18	gMistCloudSpriteTemplate
0x083E64BC	rom	0x18	gSmogCloudSpriteTemplate
0x083E64D4	rom	0x14	sHazeBlendAmounts
0x083E64E8	rom	0x18	gMistBallSpriteTemplate
0x083E6500	rom	0x14	sMistBlendAmounts
0x083E6514	rom	0x18	gPoisonGasCloudSpriteTemplate
0x083E652C	rom	0x28	sHailCoordData
0x083E6554	rom	0x10	sAffineAnim_HailParticle_0
0x083E6564	rom	0x10	sAffineAnim_HailParticle_1
0x083E6574	rom	0x10	sAffineAnim_HailParticle_2
0x083E6584	rom	0x10	sAffineAnim_WeatherBallIceDown
0x083E6594	rom	0xC	sAffineAnims_HailParticle
0x083E65A0	rom	0x4	sAffineAnims_WeatherBallIceDown
0x083E65A4	rom	0x18	sHailParticleSpriteTemplate
0x083E65BC	rom	0x18	gWeatherBallIceDownSpriteTemplate
0x083E65D4	rom	0x8	sAnim_IceBallChunk_0
0x083E65DC	rom	0x14	sAnim_IceBallChunk_1
0x083E65F0	rom	0x8	sAnims_IceBallChunk
0x083E65F8	rom	0x10	sAffineAnim_IceBallChunk_0
0x083E6608	rom	0x10	sAffineAnim_IceBallChunk_1
0x083E6618	rom	0x10	sAffineAnim_IceBallChunk_2
0x083E6628	rom	0x10	sAffineAnim_IceBallChunk_3
0x083E6638	rom	0x10	sAffineAnim_IceBallChunk_4
0x083E6648	rom	0x14	sAffineAnims_IceBallChunk
0x083E665C	rom	0x18	gIceBallChunkSpriteTemplate
0x083E6674	rom	0x18	gIceBallImpactShardSpriteTemplate
0x083E668C	rom	0x18	sUnusedHumanoidFootSpriteTemplate
0x083E66A4	rom	0x8	sAnim_Fist
0x083E66AC	rom	0x8	sAnim_FootWide
0x083E66B4	rom	0x8	sAnim_FootTall
0x083E66BC	rom	0x8	sAnim_HandLeft
0x083E66C4	rom	0x8	sAnim_HandRight
0x083E66CC	rom	0x14	sAnims_HandsAndFeet
0x083E66E0	rom	0x18	gKarateChopSpriteTemplate
0x083E66F8	rom	0x18	gJumpKickSpriteTemplate
0x083E6710	rom	0x18	gFistFootSpriteTemplate
0x083E6728	rom	0x18	gFistFootRandomPosSpriteTemplate
0x083E6740	rom	0x18	gCrossChopHandSpriteTemplate
0x083E6758	rom	0x18	gSlidingKickSpriteTemplate
0x083E6770	rom	0x18	sAffineAnim_SpinningHandOrFoot
0x083E6788	rom	0x4	sAffineAnims_SpinningHandOrFoot
0x083E678C	rom	0x18	gSpinningHandOrFootSpriteTemplate
0x083E67A4	rom	0x18	sAffineAnim_MegaPunchKick
0x083E67BC	rom	0x4	sAffineAnims_MegaPunchKick
0x083E67C0	rom	0x18	gMegaPunchKickSpriteTemplate
0x083E67D8	rom	0x18	gStompFootSpriteTemplate
0x083E67F0	rom	0x18	gDizzyPunchDuckSpriteTemplate
0x083E6808	rom	0x18	gBrickBreakWallSpriteTemplate
0x083E6820	rom	0x18	gBrickBreakWallShardSpriteTemplate
0x083E6838	rom	0x28	sAffineAnim_SuperpowerOrb
0x083E6860	rom	0x4	sAffineAnims_SuperpowerOrb
0x083E6864	rom	0x18	gSuperpowerOrbSpriteTemplate
0x083E687C	rom	0x18	gSuperpowerRockSpriteTemplate
0x083E6894	rom	0x18	gSuperpowerFireballSpriteTemplate
0x083E68AC	rom	0x18	gArmThrustHandSpriteTemplate
0x083E68C4	rom	0x10	sAnim_RevengeSmallScratch_0
0x083E68D4	rom	0x10	sAnim_RevengeSmallScratch_1
0x083E68E4	rom	0x10	sAnim_RevengeSmallScratch_2
0x083E68F4	rom	0xC	sAnims_RevengeSmallScratch
0x083E6900	rom	0x18	gRevengeSmallScratchSpriteTemplate
0x083E6918	rom	0xC	sAnim_RevengeBigScratch_0
0x083E6924	rom	0xC	sAnim_RevengeBigScratch_1
0x083E6930	rom	0xC	sAnim_RevengeBigScratch_2
0x083E693C	rom	0xC	sAnims_RevengeBigScratch
0x083E6948	rom	0x18	gRevengeBigScratchSpriteTemplate
0x083E6960	rom	0x18	sAffineAnim_FocusPunchFist
0x083E6978	rom	0x4	sAffineAnims_FocusPunchFist
0x083E697C	rom	0x18	gFocusPunchFistSpriteTemplate
0x083E6994	rom	0x14	sAnim_ToxicBubble
0x083E69A8	rom	0x4	sAnims_ToxicBubble
0x083E69AC	rom	0x18	gToxicBubbleSpriteTemplate
0x083E69C4	rom	0x8	sAnim_PoisonProjectile
0x083E69CC	rom	0x8	sAnim_AcidPoisonDroplet
0x083E69D4	rom	0x8	sAnim_SludgeBombHit
0x083E69DC	rom	0x4	sAnims_PoisonProjectile
0x083E69E0	rom	0x4	sAnims_AcidPoisonDroplet
0x083E69E4	rom	0x4	sAnims_SludgeBombHit
0x083E69E8	rom	0x20	sAffineAnim_PoisonProjectile
0x083E6A08	rom	0x10	sAffineAnim_SludgeBombHit
0x083E6A18	rom	0x4	sAffineAnims_PoisonProjectile
0x083E6A1C	rom	0x4	sAffineAnims_SludgeBombHit
0x083E6A20	rom	0x18	gSludgeProjectileSpriteTemplate
0x083E6A38	rom	0x18	gAcidPoisonBubbleSpriteTemplate
0x083E6A50	rom	0x18	gSludgeBombHitParticleSpriteTemplate
0x083E6A68	rom	0x18	sAffineAnim_AcidPoisonDroplet
0x083E6A80	rom	0x4	gAffineAnims_Droplet
0x083E6A84	rom	0x18	gAcidPoisonDropletSpriteTemplate
0x083E6A9C	rom	0x18	sAffineAnim_Bubble
0x083E6AB4	rom	0x4	sAffineAnims_Bubble
0x083E6AB8	rom	0x18	gPoisonBubbleSpriteTemplate
0x083E6AD0	rom	0x18	gWaterBubbleSpriteTemplate
0x083E6AE8	rom	0x18	gEllipticalGustSpriteTemplate
0x083E6B00	rom	0x18	sAffineAnim_GustToTarget
0x083E6B18	rom	0x4	sAffineAnims_GustToTarget
0x083E6B1C	rom	0x18	gGustToTargetSpriteTemplate
0x083E6B34	rom	0x14	sAffineAnim_AirWaveCrescent
0x083E6B48	rom	0x4	sAffineAnims_AirWaveCrescent
0x083E6B4C	rom	0x18	gAirWaveCrescentSpriteTemplate
0x083E6B64	rom	0x28	sAffineAnim_FlyBallUp
0x083E6B8C	rom	0x4	sAffineAnims_FlyBallUp
0x083E6B90	rom	0x10	sAffineAnim_FlyBallAttack_0
0x083E6BA0	rom	0x10	sAffineAnim_FlyBallAttack_1
0x083E6BB0	rom	0x8	sAffineAnims_FlyBallAttack
0x083E6BB8	rom	0x18	gFlyBallUpSpriteTemplate
0x083E6BD0	rom	0x18	gFlyBallAttackSpriteTemplate
0x083E6BE8	rom	0x8	sAnim_FallingFeather_0
0x083E6BF0	rom	0x8	sAnim_FallingFeather_1
0x083E6BF8	rom	0x8	sAnims_FallingFeather
0x083E6C00	rom	0x18	gFallingFeatherSpriteTemplate
0x083E6C18	rom	0x20	sUnusedPal
0x083E6C38	rom	0x18	sUnusedBubbleThrowSpriteTemplate
0x083E6C50	rom	0x18	sUnusedFeatherSpriteTemplate
0x083E6C68	rom	0x18	sAnim_WhirlwindLines
0x083E6C80	rom	0x4	sAnims_WhirlwindLines
0x083E6C84	rom	0x18	gWhirlwindLineSpriteTemplate
0x083E6C9C	rom	0x30	sAffineAnim_BounceBallShrink
0x083E6CCC	rom	0x4	sAffineAnims_BounceBallShrink
0x083E6CD0	rom	0x18	gBounceBallShrinkSpriteTemplate
0x083E6CE8	rom	0x10	sAffineAnim_BounceBallLand
0x083E6CF8	rom	0x4	sAffineAnims_BounceBallLand
0x083E6CFC	rom	0x18	gBounceBallLandSpriteTemplate
0x083E6D14	rom	0x28	sAffineAnim_DiveBall
0x083E6D3C	rom	0x4	sAffineAnims_DiveBall
0x083E6D40	rom	0x18	gDiveBallSpriteTemplate
0x083E6D58	rom	0x20	sAnim_Unused
0x083E6D78	rom	0x4	sAnims_Unused
0x083E6D7C	rom	0x18	gDiveWaterSplashSpriteTemplate
0x083E6D94	rom	0x18	gSprayWaterDropletSpriteTemplate
0x083E6DAC	rom	0x18	sUnusedFlashingLightSpriteTemplate
0x083E6DC4	rom	0x18	gSkyAttackBirdSpriteTemplate
0x083E6DDC	rom	0x18	sAffineAnim_PsychUpSpiral
0x083E6DF4	rom	0x4	sAffineAnims_PsychUpSpiral
0x083E6DF8	rom	0x18	gPsychUpSpiralSpriteTemplate
0x083E6E10	rom	0x18	gLightScreenWallSpriteTemplate
0x083E6E28	rom	0x18	gReflectWallSpriteTemplate
0x083E6E40	rom	0x18	gMirrorCoatWallSpriteTemplate
0x083E6E58	rom	0x18	gBarrierWallSpriteTemplate
0x083E6E70	rom	0x18	gMagicCoatWallSpriteTemplate
0x083E6E88	rom	0x18	sAnim_ReflectSparkle
0x083E6EA0	rom	0x4	sAnims_ReflectSparkle
0x083E6EA4	rom	0x18	gReflectSparkleSpriteTemplate
0x083E6EBC	rom	0x14	sAnim_SpecialScreenSparkle
0x083E6ED0	rom	0x4	sAnims_SpecialScreenSparkle
0x083E6ED4	rom	0x18	gSpecialScreenSparkleSpriteTemplate
0x083E6EEC	rom	0x18	gGoldRingSpriteTemplate
0x083E6F04	rom	0x40	sAnim_BentSpoon_0
0x083E6F44	rom	0x40	sAnim_BentSpoon_1
0x083E6F84	rom	0x8	sAnims_BentSpoon
0x083E6F8C	rom	0x18	gBentSpoonSpriteTemplate
0x083E6FA4	rom	0x20	sAnim_QuestionMark
0x083E6FC4	rom	0x4	sAnims_QuestionMark
0x083E6FC8	rom	0x28	sAffineAnim_QuestionMark
0x083E6FF0	rom	0x4	sAffineAnims_QuestionMark
0x083E6FF4	rom	0x18	gQuestionMarkSpriteTemplate
0x083E700C	rom	0x20	sAffineAnim_MeditateStretchAttacker
0x083E702C	rom	0x18	sAffineAnim_Teleport
0x083E7044	rom	0x18	sImprisonOrbSpriteTemplate
0x083E705C	rom	0x18	gRedXSpriteTemplate
0x083E7074	rom	0x18	sAffineAnim_SkillSwapOrb_0
0x083E708C	rom	0x28	sAffineAnim_SkillSwapOrb_1
0x083E70B4	rom	0x28	sAffineAnim_SkillSwapOrb_2
0x083E70DC	rom	0x28	sAffineAnim_SkillSwapOrb_3
0x083E7104	rom	0x10	sAffineAnims_SkillSwapOrb
0x083E7114	rom	0x18	sSkillSwapOrbSpriteTemplate
0x083E712C	rom	0x18	sAffineAnim_LusterPurgeCircle
0x083E7144	rom	0x4	gAffineAnims_LusterPurgeCircle
0x083E7148	rom	0x18	gLusterPurgeCircleSpriteTemplate
0x083E7160	rom	0x58	sAffineAnim_PsychoBoostOrb_0
0x083E71B8	rom	0x10	sAffineAnim_PsychoBoostOrb_1
0x083E71C8	rom	0x8	sAffineAnims_PsychoBoostOrb
0x083E71D0	rom	0x18	gPsychoBoostOrbSpriteTemplate
0x083E71E8	rom	0x10	sAffineAnim_MegahornHorn_0
0x083E71F8	rom	0x10	sAffineAnim_MegahornHorn_1
0x083E7208	rom	0x10	sAffineAnim_MegahornHorn_2
0x083E7218	rom	0xC	sAffineAnims_MegahornHorn
0x083E7224	rom	0x18	gMegahornHornSpriteTemplate
0x083E723C	rom	0x10	sAffineAnim_LeechLifeNeedle_0
0x083E724C	rom	0x10	sAffineAnim_LeechLifeNeedle_1
0x083E725C	rom	0x10	sAffineAnim_LeechLifeNeedle_2
0x083E726C	rom	0xC	sAffineAnims_LeechLifeNeedle
0x083E7278	rom	0x18	gLeechLifeNeedleSpriteTemplate
0x083E7290	rom	0x18	gWebThreadSpriteTemplate
0x083E72A8	rom	0x18	gStringWrapSpriteTemplate
0x083E72C0	rom	0x18	sAffineAnim_SpiderWeb
0x083E72D8	rom	0x4	sAffineAnims_SpiderWeb
0x083E72DC	rom	0x18	gSpiderWebSpriteTemplate
0x083E72F4	rom	0x18	gLinearStingerSpriteTemplate
0x083E730C	rom	0x18	gPinMissileSpriteTemplate
0x083E7324	rom	0x18	gIcicleSpearSpriteTemplate
0x083E733C	rom	0x38	sAffineAnim_TailGlowOrb
0x083E7374	rom	0x4	sAffineAnims_TailGlowOrb
0x083E7378	rom	0x18	gTailGlowOrbSpriteTemplate
0x083E7390	rom	0x8	sAnim_FlyingRock_0
0x083E7398	rom	0x8	sAnim_FlyingRock_1
0x083E73A0	rom	0x8	sAnim_FlyingRock_2
0x083E73A8	rom	0xC	sAnims_FlyingRock
0x083E73B4	rom	0x18	gFallingRockSpriteTemplate
0x083E73CC	rom	0x18	gRockFragmentSpriteTemplate
0x083E73E4	rom	0x18	gSwirlingDirtSpriteTemplate
0x083E73FC	rom	0x20	sAffineAnim_Whirlpool
0x083E741C	rom	0x4	sAffineAnims_Whirlpool
0x083E7420	rom	0x18	gWhirlpoolSpriteTemplate
0x083E7438	rom	0x18	gFireSpinSpriteTemplate
0x083E7450	rom	0x18	gFlyingSandCrescentSpriteTemplate
0x083E7468	rom	0x8	sFlyingSandSubsprites
0x083E7470	rom	0x8	sFlyingSandSubspriteTable
0x083E7478	rom	0x8	sAnim_Rock_Biggest
0x083E7480	rom	0x8	sAnim_Rock_Bigger
0x083E7488	rom	0x8	sAnim_Rock_Big
0x083E7490	rom	0x8	sAnim_Rock_Small
0x083E7498	rom	0x8	sAnim_Rock_Smaller
0x083E74A0	rom	0x8	sAnim_Rock_Smallest
0x083E74A8	rom	0x18	sAnims_BasicRock
0x083E74C0	rom	0x18	gAncientPowerRockSpriteTemplate
0x083E74D8	rom	0x18	gRolloutMudSpriteTemplate
0x083E74F0	rom	0x18	gRolloutRockSpriteTemplate
0x083E7508	rom	0x18	gRockTombRockSpriteTemplate
0x083E7520	rom	0x10	sAffineAnim_BasicRock_0
0x083E7530	rom	0x10	sAffineAnim_BasicRock_1
0x083E7540	rom	0x8	sAffineAnims_BasicRock
0x083E7548	rom	0x18	gRockBlastRockSpriteTemplate
0x083E7560	rom	0x18	gRockScatterSpriteTemplate
0x083E7578	rom	0x18	gTwisterRockSpriteTemplate
0x083E7590	rom	0x18	gWeatherBallRockDownSpriteTemplate
0x083E75A8	rom	0x18	sAffineAnim_ConfuseRayBallBounce
0x083E75C0	rom	0x4	sAffineAnims_ConfuseRayBallBounce
0x083E75C4	rom	0x18	gConfuseRayBallBounceSpriteTemplate
0x083E75DC	rom	0x18	gConfuseRayBallSpiralSpriteTemplate
0x083E75F4	rom	0x10	sAffineAnim_ShadowBall
0x083E7604	rom	0x4	sAffineAnims_ShadowBall
0x083E7608	rom	0x18	gShadowBallSpriteTemplate
0x083E7620	rom	0x18	sAnim_Lick
0x083E7638	rom	0x4	sAnims_Lick
0x083E763C	rom	0x18	gLickSpriteTemplate
0x083E7654	rom	0x10	sAffineAnim_Unused
0x083E7664	rom	0x4	sAffineAnims_Unused
0x083E7668	rom	0x18	gDestinyBondWhiteShadowSpriteTemplate
0x083E7680	rom	0x18	gCurseNailSpriteTemplate
0x083E7698	rom	0x18	gCurseGhostSpriteTemplate
0x083E76B0	rom	0x18	gNightmareDevilSpriteTemplate
0x083E76C8	rom	0x14	sAnim_GrudgeFlame
0x083E76DC	rom	0x4	sAnims_GrudgeFlame
0x083E76E0	rom	0x18	gGrudgeFlameSpriteTemplate
0x083E76F8	rom	0x18	sMonMoveCircularSpriteTemplate
0x083E7710	rom	0x18	sAnim_OutrageOverheatFire_0
0x083E7728	rom	0x4	sAnims_OutrageOverheatFire
0x083E772C	rom	0x18	gOutrageFlameSpriteTemplate
0x083E7744	rom	0x10	sAnim_DragonBreathFire_0
0x083E7754	rom	0x10	sAnim_DragonBreathFire_1
0x083E7764	rom	0x8	sAnims_DragonBreathFire
0x083E776C	rom	0x18	sAffineAnim_DragonBreathFire_0
0x083E7784	rom	0x18	sAffineAnim_DragonBreathFire_1
0x083E779C	rom	0x8	sAffineAnims_DragonBreathFire
0x083E77A4	rom	0x18	gDragonBreathFireSpriteTemplate
0x083E77BC	rom	0x18	sAnim_DragonRageFirePlume
0x083E77D4	rom	0x4	sAnims_DragonRageFirePlume
0x083E77D8	rom	0x18	gDragonRageFirePlumeSpriteTemplate
0x083E77F0	rom	0x10	sAnim_DragonRageFire
0x083E7800	rom	0x8	sAnims_DragonRageFire
0x083E7808	rom	0x10	sAffineAnim_DragonRageFire_0
0x083E7818	rom	0x10	sAffineAnim_DragonRageFire_1
0x083E7828	rom	0x8	sAffineAnims_DragonRageFire
0x083E7830	rom	0x18	gDragonRageFireSpitSpriteTemplate
0x083E7848	rom	0x18	gDragonDanceOrbSpriteTemplate
0x083E7860	rom	0x18	gOverheatFlameSpriteTemplate
0x083E7878	rom	0x18	sUnusedBagStealSpriteTemplate
0x083E7890	rom	0x10	sAffineAnim_Bite_0
0x083E78A0	rom	0x10	sAffineAnim_Bite_1
0x083E78B0	rom	0x10	sAffineAnim_Bite_2
0x083E78C0	rom	0x10	sAffineAnim_Bite_3
0x083E78D0	rom	0x10	sAffineAnim_Bite_4
0x083E78E0	rom	0x10	sAffineAnim_Bite_5
0x083E78F0	rom	0x10	sAffineAnim_Bite_6
0x083E7900	rom	0x10	sAffineAnim_Bite_7
0x083E7910	rom	0x20	gAffineAnims_Bite
0x083E7930	rom	0x18	gSharpTeethSpriteTemplate
0x083E7948	rom	0x18	gClampJawSpriteTemplate
0x083E7960	rom	0x18	sAffineAnim_TearDrop_0
0x083E7978	rom	0x18	sAffineAnim_TearDrop_1
0x083E7990	rom	0x8	sAffineAnims_TearDrop
0x083E7998	rom	0x18	gTearDropSpriteTemplate
0x083E79B0	rom	0x18	sAnim_ClawSlash_0
0x083E79C8	rom	0x18	sAnim_ClawSlash_1
0x083E79E0	rom	0x8	sAnims_ClawSlash
0x083E79E8	rom	0x18	gClawSlashSpriteTemplate
0x083E7A00	rom	0x10	sAffineAnim_Bonemerang
0x083E7A10	rom	0x10	sAffineAnim_SpinningBone
0x083E7A20	rom	0x4	sAffineAnims_Bonemerang
0x083E7A24	rom	0x4	sAffineAnims_SpinningBone
0x083E7A28	rom	0x18	gBonemerangSpriteTemplate
0x083E7A40	rom	0x18	gSpinningBoneSpriteTemplate
0x083E7A58	rom	0x18	gSandAttackDirtSpriteTemplate
0x083E7A70	rom	0x8	sAnim_MudSlapMud
0x083E7A78	rom	0x4	sAnims_MudSlapMud
0x083E7A7C	rom	0x18	gMudSlapMudSpriteTemplate
0x083E7A94	rom	0x18	gMudsportMudSpriteTemplate
0x083E7AAC	rom	0x18	gDirtPlumeSpriteTemplate
0x083E7AC4	rom	0x18	gDirtMoundSpriteTemplate
0x083E7ADC	rom	0x14	sAnim_ConfusionDuck_0
0x083E7AF0	rom	0x14	sAnim_ConfusionDuck_1
0x083E7B04	rom	0x8	sAnims_ConfusionDuck
0x083E7B0C	rom	0x18	gConfusionDuckSpriteTemplate
0x083E7B24	rom	0x18	gSimplePaletteBlendSpriteTemplate
0x083E7B3C	rom	0x18	gComplexPaletteBlendSpriteTemplate
0x083E7B54	rom	0x18	sAnim_CirclingSparkle
0x083E7B6C	rom	0x4	sAnims_CirclingSparkle
0x083E7B70	rom	0x18	sCirclingSparkleSpriteTemplate
0x083E7B88	rom	0x18	gShakeMonOrTerrainSpriteTemplate
0x083E7BA0	rom	0x10	sAffineAnim_HitSplat_0
0x083E7BB0	rom	0x18	sAffineAnim_HitSplat_1
0x083E7BC8	rom	0x18	sAffineAnim_HitSplat_2
0x083E7BE0	rom	0x18	sAffineAnim_HitSplat_3
0x083E7BF8	rom	0x10	sAffineAnims_HitSplat
0x083E7C08	rom	0x18	gBasicHitSplatSpriteTemplate
0x083E7C20	rom	0x18	gHandleInvertHitSplatSpriteTemplate
0x083E7C38	rom	0x18	gWaterHitSplatSpriteTemplate
0x083E7C50	rom	0x18	gRandomPosHitSplatSpriteTemplate
0x083E7C68	rom	0x18	gMonEdgeHitSplatSpriteTemplate
0x083E7C80	rom	0x18	gCrossImpactSpriteTemplate
0x083E7C98	rom	0x18	gFlashingHitSplatSpriteTemplate
0x083E7CB0	rom	0x18	gPersistHitSplatSpriteTemplate
0x083E7CC8	rom	0x2	sRgbWhite
0x083E7CCA	rom	0x4	gBattleAnimRegOffsBgCnt
0x083E7CCE	rom	0x4	gBattleIntroRegOffsBgCnt
0x083E7CD4	rom	0x28	sBattleIntroSlideFuncs
0x083E7CFC	rom	0x14	sBikeTransitions
0x083E7D10	rom	0xC	sBikeInputHandlers
0x083E7D22	rom	0x2	sAcroBikeJumpTimerList
0x083E7D24	rom	0x70	sAcroBikeTricksList
0x083E7D94	rom	0x194	sEasyChatGroup_Pokemon
0x083E7F28	rom	0xD	sEasyChatWord_IChooseYou
0x083E7F35	rom	0x7	sEasyChatWord_Gotcha
0x083E7F3C	rom	0x6	sEasyChatWord_Trade
0x083E7F42	rom	0x9	sEasyChatWord_Sapphire
0x083E7F4B	rom	0x7	sEasyChatWord_Evolve
0x083E7F52	rom	0xD	sEasyChatWord_Encyclopedia
0x083E7F5F	rom	0x7	sEasyChatWord_Nature
0x083E7F66	rom	0x7	sEasyChatWord_Center
0x083E7F6D	rom	0x4	sEasyChatWord_Egg
0x083E7F71	rom	0x5	sEasyChatWord_Link
0x083E7F76	rom	0xC	sEasyChatWord_SpAbility
0x083E7F82	rom	0x8	sEasyChatWord_Trainer
0x083E7F8A	rom	0x8	sEasyChatWord_Version
0x083E7F92	rom	0x8	sEasyChatWord_Pokenav
0x083E7F9A	rom	0x8	sEasyChatWord_Pokemon
0x083E7FA2	rom	0x4	sEasyChatWord_Get
0x083E7FA6	rom	0x8	sEasyChatWord_Pokedex
0x083E7FAE	rom	0x5	sEasyChatWord_Ruby
0x083E7FB3	rom	0x6	sEasyChatWord_Level
0x083E7FB9	rom	0x4	sEasyChatWord_Red
0x083E7FBD	rom	0x6	sEasyChatWord_Green
0x083E7FC3	rom	0x4	sEasyChatWord_Bag
0x083E7FC7	rom	0x6	sEasyChatWord_Flame
0x083E7FCD	rom	0x5	sEasyChatWord_Gold
0x083E7FD2	rom	0x5	sEasyChatWord_Leaf
0x083E7FD7	rom	0x7	sEasyChatWord_Silver
0x083E7FE0	rom	0x138	sEasyChatGroup_Trainer
0x083E8118	rom	0x5	sEasyChatWord_Dark
0x083E811D	rom	0x7	sEasyChatWord_Stench
0x083E8124	rom	0xA	sEasyChatWord_ThickFat
0x083E812E	rom	0xA	sEasyChatWord_RainDish
0x083E8138	rom	0x8	sEasyChatWord_Drizzle
0x083E8140	rom	0xB	sEasyChatWord_ArenaTrap
0x083E814B	rom	0xB	sEasyChatWord_Intimidate
0x083E8156	rom	0xA	sEasyChatWord_RockHead
0x083E8160	rom	0x6	sEasyChatWord_Color
0x083E8166	rom	0xB	sEasyChatWord_AltColor
0x083E8171	rom	0x5	sEasyChatWord_Rock
0x083E8176	rom	0xA	sEasyChatWord_Beautiful
0x083E8180	rom	0x7	sEasyChatWord_Beauty
0x083E8187	rom	0x9	sEasyChatWord_AirLock
0x083E8190	rom	0x8	sEasyChatWord_Psychic
0x083E8198	rom	0xD	sEasyChatWord_HyperCutter
0x083E81A5	rom	0x9	sEasyChatWord_Fighting
0x083E81AE	rom	0xB	sEasyChatWord_ShadowTag
0x083E81B9	rom	0x6	sEasyChatWord_Smart
0x083E81BF	rom	0xA	sEasyChatWord_Smartness
0x083E81C9	rom	0xC	sEasyChatWord_SpeedBoost
0x083E81D5	rom	0x5	sEasyChatWord_Cool
0x083E81DA	rom	0x9	sEasyChatWord_Coolness
0x083E81E3	rom	0xD	sEasyChatWord_BattleArmor
0x083E81F0	rom	0x5	sEasyChatWord_Cute
0x083E81F5	rom	0x9	sEasyChatWord_Cuteness
0x083E81FE	rom	0x7	sEasyChatWord_Sturdy
0x083E8205	rom	0xD	sEasyChatWord_SuctionCups
0x083E8212	rom	0x6	sEasyChatWord_Grass
0x083E8218	rom	0xB	sEasyChatWord_ClearBody
0x083E8223	rom	0x8	sEasyChatWord_Torrent
0x083E822B	rom	0x6	sEasyChatWord_Ghost
0x083E8231	rom	0x4	sEasyChatWord_Ice
0x083E8235	rom	0x5	sEasyChatWord_Guts
0x083E823A	rom	0xB	sEasyChatWord_RoughSkin
0x083E8245	rom	0xC	sEasyChatWord_ShellArmor
0x083E8251	rom	0xD	sEasyChatWord_NaturalCure
0x083E825E	rom	0x5	sEasyChatWord_Damp
0x083E8263	rom	0x7	sEasyChatWord_Ground
0x083E826A	rom	0x7	sEasyChatWord_Limber
0x083E8271	rom	0xC	sEasyChatWord_MagnetPull
0x083E827D	rom	0xC	sEasyChatWord_WhiteSmoke
0x083E8289	rom	0xC	sEasyChatWord_Synchronize
0x083E8295	rom	0x9	sEasyChatWord_Overgrow
0x083E829E	rom	0xB	sEasyChatWord_SwiftSwim
0x083E82A9	rom	0xC	sEasyChatWord_SandStream
0x083E82B5	rom	0xA	sEasyChatWord_SandVeil
0x083E82BF	rom	0x9	sEasyChatWord_KeenEye
0x083E82C8	rom	0xC	sEasyChatWord_InnerFocus
0x083E82D4	rom	0x7	sEasyChatWord_Static
0x083E82DB	rom	0x5	sEasyChatWord_Type
0x083E82E0	rom	0x6	sEasyChatWord_Tough
0x083E82E6	rom	0xA	sEasyChatWord_Toughness
0x083E82F0	rom	0xA	sEasyChatWord_ShedSkin
0x083E82FA	rom	0xB	sEasyChatWord_HugePower
0x083E8305	rom	0xC	sEasyChatWord_VoltAbsorb
0x083E8311	rom	0xD	sEasyChatWord_WaterAbsorb
0x083E831E	rom	0x9	sEasyChatWord_Electric
0x083E8327	rom	0x9	sEasyChatWord_Forecast
0x083E8330	rom	0xD	sEasyChatWord_SereneGrace
0x083E833D	rom	0x7	sEasyChatWord_Poison
0x083E8344	rom	0xD	sEasyChatWord_PoisonPoint
0x083E8351	rom	0x7	sEasyChatWord_Dragon
0x083E8358	rom	0x6	sEasyChatWord_Trace
0x083E835E	rom	0xA	sEasyChatWord_Oblivious
0x083E8368	rom	0x7	sEasyChatWord_Truant
0x083E836F	rom	0x9	sEasyChatWord_RunAway
0x083E8378	rom	0xC	sEasyChatWord_StickyHold
0x083E8384	rom	0xB	sEasyChatWord_CloudNine
0x083E838F	rom	0x7	sEasyChatWord_Normal
0x083E8396	rom	0x6	sEasyChatWord_Steel
0x083E839C	rom	0xB	sEasyChatWord_Illuminate
0x083E83A7	rom	0xB	sEasyChatWord_EarlyBird
0x083E83B2	rom	0x7	sEasyChatWord_Hustle
0x083E83B9	rom	0x6	sEasyChatWord_Shine
0x083E83BF	rom	0x7	sEasyChatWord_Flying
0x083E83C6	rom	0x8	sEasyChatWord_Drought
0x083E83CE	rom	0xD	sEasyChatWord_Lightningrod
0x083E83DB	rom	0xD	sEasyChatWord_Compoundeyes
0x083E83E8	rom	0xD	sEasyChatWord_MarvelScale
0x083E83F5	rom	0xD	sEasyChatWord_WonderGuard
0x083E8402	rom	0x9	sEasyChatWord_Insomnia
0x083E840B	rom	0x9	sEasyChatWord_Levitate
0x083E8414	rom	0x5	sEasyChatWord_Plus
0x083E8419	rom	0x9	sEasyChatWord_Pressure
0x083E8422	rom	0xC	sEasyChatWord_LiquidOoze
0x083E842E	rom	0xD	sEasyChatWord_ColorChange
0x083E843B	rom	0xB	sEasyChatWord_Soundproof
0x083E8446	rom	0xD	sEasyChatWord_EffectSpore
0x083E8453	rom	0x4	sEasyChatWord_Pkrs
0x083E8457	rom	0x5	sEasyChatWord_Fire
0x083E845C	rom	0xB	sEasyChatWord_FlameBody
0x083E8467	rom	0x6	sEasyChatWord_Minus
0x083E846D	rom	0xA	sEasyChatWord_OwnTempo
0x083E8477	rom	0xC	sEasyChatWord_MagmaArmor
0x083E8483	rom	0x6	sEasyChatWord_Water
0x083E8489	rom	0xB	sEasyChatWord_WaterVeil
0x083E8494	rom	0x4	sEasyChatWord_Bug
0x083E8498	rom	0x6	sEasyChatWord_Swarm
0x083E849E	rom	0xB	sEasyChatWord_CuteCharm
0x083E84A9	rom	0x9	sEasyChatWord_Immunity
0x083E84B2	rom	0x6	sEasyChatWord_Blaze
0x083E84B8	rom	0x7	sEasyChatWord_Pickup
0x083E84BF	rom	0x8	sEasyChatWord_Pattern
0x083E84C7	rom	0xB	sEasyChatWord_FlashFire
0x083E84D2	rom	0xD	sEasyChatWord_VitalSpirit
0x083E84DF	rom	0xC	sEasyChatWord_Chlorophyll
0x083E84EB	rom	0xB	sEasyChatWord_PurePower
0x083E84F6	rom	0xC	sEasyChatWord_ShieldDust
0x083E8504	rom	0x51C	sEasyChatGroup_Status
0x083E8A20	rom	0x9	sEasyChatWord_MatchUp
0x083E8A29	rom	0x3	sEasyChatWord_Go
0x083E8A2C	rom	0x6	sEasyChatWord_No1
0x083E8A32	rom	0x7	sEasyChatWord_Decide
0x083E8A39	rom	0xB	sEasyChatWord_LetMeWin
0x083E8A44	rom	0x5	sEasyChatWord_Wins
0x083E8A49	rom	0x4	sEasyChatWord_Win
0x083E8A4D	rom	0x4	sEasyChatWord_Won
0x083E8A51	rom	0x9	sEasyChatWord_IfIWin
0x083E8A5A	rom	0xB	sEasyChatWord_WhenIWin
0x083E8A65	rom	0xA	sEasyChatWord_CantWin
0x083E8A6F	rom	0x8	sEasyChatWord_CanWin
0x083E8A77	rom	0x9	sEasyChatWord_NoMatch
0x083E8A80	rom	0x7	sEasyChatWord_Spirit
0x083E8A87	rom	0x8	sEasyChatWord_Decided
0x083E8A8F	rom	0xB	sEasyChatWord_TrumpCard
0x083E8A9A	rom	0xA	sEasyChatWord_TakeThat
0x083E8AA4	rom	0x8	sEasyChatWord_ComeOn
0x083E8AAC	rom	0x7	sEasyChatWord_Attack
0x083E8AB3	rom	0xA	sEasyChatWord_Surrender
0x083E8ABD	rom	0x6	sEasyChatWord_Gutsy
0x083E8AC3	rom	0x7	sEasyChatWord_Talent
0x083E8ACA	rom	0x9	sEasyChatWord_Strategy
0x083E8AD3	rom	0x6	sEasyChatWord_Smite
0x083E8AD9	rom	0x6	sEasyChatWord_Match
0x083E8ADF	rom	0x8	sEasyChatWord_Victory
0x083E8AE7	rom	0xA	sEasyChatWord_Offensive
0x083E8AF1	rom	0x6	sEasyChatWord_Sense
0x083E8AF7	rom	0x7	sEasyChatWord_Versus
0x083E8AFE	rom	0x7	sEasyChatWord_Fights
0x083E8B05	rom	0x6	sEasyChatWord_Power
0x083E8B0B	rom	0xA	sEasyChatWord_Challenge
0x083E8B15	rom	0x7	sEasyChatWord_Strong
0x083E8B1C	rom	0xB	sEasyChatWord_TooStrong
0x083E8B27	rom	0x8	sEasyChatWord_GoEasy
0x083E8B2F	rom	0x4	sEasyChatWord_Foe
0x083E8B33	rom	0x7	sEasyChatWord_Genius
0x083E8B3A	rom	0x7	sEasyChatWord_Legend
0x083E8B41	rom	0x7	sEasyChatWord_Escape
0x083E8B48	rom	0x4	sEasyChatWord_Aim
0x083E8B4C	rom	0x7	sEasyChatWord_Battle
0x083E8B53	rom	0x6	sEasyChatWord_Fight
0x083E8B59	rom	0xC	sEasyChatWord_Resuscitate
0x083E8B65	rom	0x7	sEasyChatWord_Points
0x083E8B6C	rom	0x8	sEasyChatWord_Serious
0x083E8B74	rom	0x8	sEasyChatWord_GiveUp
0x083E8B7C	rom	0x5	sEasyChatWord_Loss
0x083E8B81	rom	0xA	sEasyChatWord_IfILose
0x083E8B8B	rom	0x5	sEasyChatWord_Lost
0x083E8B90	rom	0x5	sEasyChatWord_Lose
0x083E8B95	rom	0x6	sEasyChatWord_Guard
0x083E8B9B	rom	0x8	sEasyChatWord_Partner
0x083E8BA3	rom	0x7	sEasyChatWord_Reject
0x083E8BAA	rom	0x7	sEasyChatWord_Accept
0x083E8BB1	rom	0xB	sEasyChatWord_Invincible
0x083E8BBC	rom	0x9	sEasyChatWord_Received
0x083E8BC5	rom	0x5	sEasyChatWord_Easy
0x083E8BCA	rom	0x5	sEasyChatWord_Weak
0x083E8BCF	rom	0x9	sEasyChatWord_TooWeak
0x083E8BD8	rom	0x9	sEasyChatWord_Pushover
0x083E8BE1	rom	0x7	sEasyChatWord_Leader
0x083E8BE8	rom	0x5	sEasyChatWord_Rule
0x083E8BED	rom	0x5	sEasyChatWord_Move
0x083E8BF4	rom	0x2F4	sEasyChatGroup_Battle
0x083E8EE8	rom	0x7	sEasyChatWord_Thanks
0x083E8EEF	rom	0x4	sEasyChatWord_Yes
0x083E8EF3	rom	0xA	sEasyChatWord_HereGoes
0x083E8EFD	rom	0xC	sEasyChatWord_HereICome
0x083E8F09	rom	0xB	sEasyChatWord_HereItIs
0x083E8F14	rom	0x5	sEasyChatWord_Yeah
0x083E8F19	rom	0x8	sEasyChatWord_Welcome
0x083E8F21	rom	0x3	sEasyChatWord_Oi
0x083E8F24	rom	0x7	sEasyChatWord_HowDo
0x083E8F2B	rom	0x9	sEasyChatWord_Congrats
0x083E8F34	rom	0x8	sEasyChatWord_GiveMe
0x083E8F3C	rom	0x6	sEasyChatWord_Sorry
0x083E8F42	rom	0xA	sEasyChatWord_Apologize
0x083E8F4C	rom	0x8	sEasyChatWord_Forgive
0x083E8F54	rom	0xB	sEasyChatWord_HeyThere
0x083E8F5F	rom	0x6	sEasyChatWord_Hello
0x083E8F65	rom	0x9	sEasyChatWord_GoodBye
0x083E8F6E	rom	0xA	sEasyChatWord_ThankYou
0x083E8F78	rom	0xD	sEasyChatWord_IveArrived
0x083E8F85	rom	0x7	sEasyChatWord_Pardon
0x083E8F8C	rom	0x7	sEasyChatWord_Excuse
0x083E8F93	rom	0x7	sEasyChatWord_SeeYa
0x083E8F9A	rom	0xA	sEasyChatWord_ExcuseMe
0x083E8FA4	rom	0xB	sEasyChatWord_WellThen
0x083E8FAF	rom	0x9	sEasyChatWord_GoAhead
0x083E8FB8	rom	0xB	sEasyChatWord_Appreciate
0x083E8FC3	rom	0x5	sEasyChatWord_HeyQues
0x083E8FC8	rom	0xB	sEasyChatWord_WhatsUpQues
0x083E8FD3	rom	0x5	sEasyChatWord_HuhQues
0x083E8FD8	rom	0x3	sEasyChatWord_No
0x083E8FDB	rom	0x3	sEasyChatWord_Hi
0x083E8FDE	rom	0xB	sEasyChatWord_YeahYeah
0x083E8FE9	rom	0x8	sEasyChatWord_ByeBye
0x083E8FF1	rom	0x9	sEasyChatWord_MeetYou
0x083E8FFA	rom	0x4	sEasyChatWord_Hey
0x083E8FFE	rom	0x6	sEasyChatWord_Smell
0x083E9004	rom	0xA	sEasyChatWord_Listening
0x083E900E	rom	0x8	sEasyChatWord_HooHah
0x083E9016	rom	0x6	sEasyChatWord_Yahoo
0x083E901C	rom	0x3	sEasyChatWord_Yo
0x083E901F	rom	0xA	sEasyChatWord_ComeOver
0x083E9029	rom	0x9	sEasyChatWord_CountOn
0x083E9034	rom	0x1F8	sEasyChatGroup_Greetings
0x083E922C	rom	0x9	sEasyChatWord_Opponent
0x083E9235	rom	0x2	sEasyChatWord_I
0x083E9237	rom	0x4	sEasyChatWord_You
0x083E923B	rom	0x6	sEasyChatWord_Yours
0x083E9241	rom	0x4	sEasyChatWord_Son
0x083E9245	rom	0x5	sEasyChatWord_Your
0x083E924A	rom	0x7	sEasyChatWord_Youre
0x083E9251	rom	0x7	sEasyChatWord_Youve
0x083E9258	rom	0x7	sEasyChatWord_Mother
0x083E925F	rom	0xC	sEasyChatWord_Grandfather
0x083E926B	rom	0x6	sEasyChatWord_Uncle
0x083E9271	rom	0x7	sEasyChatWord_Father
0x083E9278	rom	0x4	sEasyChatWord_Boy
0x083E927C	rom	0x6	sEasyChatWord_Adult
0x083E9282	rom	0x8	sEasyChatWord_Brother
0x083E928A	rom	0x7	sEasyChatWord_Sister
0x083E9291	rom	0xC	sEasyChatWord_Grandmother
0x083E929D	rom	0x5	sEasyChatWord_Aunt
0x083E92A2	rom	0x7	sEasyChatWord_Parent
0x083E92A9	rom	0x4	sEasyChatWord_Man
0x083E92AD	rom	0x3	sEasyChatWord_Me
0x083E92B0	rom	0x5	sEasyChatWord_Girl
0x083E92B5	rom	0x5	sEasyChatWord_Babe
0x083E92BA	rom	0x7	sEasyChatWord_Family
0x083E92C1	rom	0x4	sEasyChatWord_Her
0x083E92C5	rom	0x4	sEasyChatWord_Him
0x083E92C9	rom	0x3	sEasyChatWord_He
0x083E92CC	rom	0x6	sEasyChatWord_Place
0x083E92D2	rom	0x9	sEasyChatWord_Daughter
0x083E92DB	rom	0x4	sEasyChatWord_His
0x083E92DF	rom	0x5	sEasyChatWord_Hes
0x083E92E4	rom	0x7	sEasyChatWord_Arent
0x083E92EB	rom	0x9	sEasyChatWord_Siblings
0x083E92F4	rom	0x4	sEasyChatWord_Kid
0x083E92F8	rom	0x9	sEasyChatWord_Children
0x083E9301	rom	0x4	sEasyChatWord_Mr
0x083E9305	rom	0x5	sEasyChatWord_Mrs
0x083E930A	rom	0x7	sEasyChatWord_Myself
0x083E9311	rom	0x6	sEasyChatWord_IWas
0x083E9317	rom	0x6	sEasyChatWord_ToMe
0x083E931D	rom	0x3	sEasyChatWord_My
0x083E9320	rom	0x5	sEasyChatWord_IAm
0x083E9325	rom	0x5	sEasyChatWord_Ive
0x083E932A	rom	0x4	sEasyChatWord_Who
0x083E932E	rom	0x8	sEasyChatWord_Someone
0x083E9336	rom	0x8	sEasyChatWord_WhoWas
0x083E933E	rom	0x8	sEasyChatWord_ToWhom
0x083E9346	rom	0x6	sEasyChatWord_Whose
0x083E934C	rom	0x7	sEasyChatWord_WhoIs
0x083E9353	rom	0x5	sEasyChatWord_Its
0x083E9358	rom	0x5	sEasyChatWord_Lady
0x083E935D	rom	0x7	sEasyChatWord_Friend
0x083E9364	rom	0x5	sEasyChatWord_Ally
0x083E9369	rom	0x7	sEasyChatWord_Person
0x083E9370	rom	0x5	sEasyChatWord_Dude
0x083E9375	rom	0x5	sEasyChatWord_They
0x083E937A	rom	0xA	sEasyChatWord_TheyWere
0x083E9384	rom	0x8	sEasyChatWord_ToThem
0x083E938C	rom	0x6	sEasyChatWord_Their
0x083E9392	rom	0x8	sEasyChatWord_Theyre
0x083E939A	rom	0x8	sEasyChatWord_Theyve
0x083E93A2	rom	0x3	sEasyChatWord_We
0x083E93A5	rom	0x5	sEasyChatWord_Been
0x083E93AA	rom	0x6	sEasyChatWord_ToUs
0x083E93B0	rom	0x4	sEasyChatWord_Our
0x083E93B4	rom	0x6	sEasyChatWord_WeAre
0x083E93BA	rom	0x6	sEasyChatWord_Rival
0x083E93C0	rom	0x6	sEasyChatWord_Weve
0x083E93C6	rom	0x6	sEasyChatWord_Woman
0x083E93CC	rom	0x4	sEasyChatWord_She
0x083E93D0	rom	0x8	sEasyChatWord_SheWas
0x083E93D8	rom	0x7	sEasyChatWord_ToHer
0x083E93DF	rom	0x5	sEasyChatWord_Hers
0x083E93E4	rom	0x7	sEasyChatWord_SheIs
0x083E93EB	rom	0x5	sEasyChatWord_Some
0x083E93F0	rom	0x384	sEasyChatGroup_People
0x083E9774	rom	0x2	sEasyChatWord_Excl
0x083E9776	rom	0x3	sEasyChatWord_ExclExcl
0x083E9779	rom	0x3	sEasyChatWord_QuesExcl
0x083E977C	rom	0x2	sEasyChatWord_Ques
0x083E977E	rom	0x2	sEasyChatWord_Ellipsis
0x083E9780	rom	0x3	sEasyChatWord_EllipsisExcl
0x083E9783	rom	0x4	sEasyChatWord_EllipsisEllipsisEllipsis
0x083E9787	rom	0x2	sEasyChatWord_Dash
0x083E9789	rom	0x6	sEasyChatWord_DashDashDash
0x083E978F	rom	0x6	sEasyChatWord_UhOh
0x083E9795	rom	0x6	sEasyChatWord_Waaah
0x083E979B	rom	0x6	sEasyChatWord_Ahaha
0x083E97A1	rom	0x4	sEasyChatWord_OhQues
0x083E97A5	rom	0x5	sEasyChatWord_Nope
0x083E97AA	rom	0x5	sEasyChatWord_Urgh
0x083E97AF	rom	0x4	sEasyChatWord_Hmm
0x083E97B3	rom	0x6	sEasyChatWord_Whoah
0x083E97B9	rom	0xA	sEasyChatWord_WroooaarExcl
0x083E97C3	rom	0x4	sEasyChatWord_Wow
0x083E97C7	rom	0x7	sEasyChatWord_Giggle
0x083E97CE	rom	0x5	sEasyChatWord_Sigh
0x083E97D3	rom	0xD	sEasyChatWord_Unbelievable
0x083E97E0	rom	0x6	sEasyChatWord_Cries
0x083E97E6	rom	0x6	sEasyChatWord_Agree
0x083E97EC	rom	0x4	sEasyChatWord_EhQues
0x083E97F0	rom	0x4	sEasyChatWord_Cry
0x083E97F4	rom	0x6	sEasyChatWord_Ehehe
0x083E97FA	rom	0xB	sEasyChatWord_OiOiOi
0x083E9805	rom	0x9	sEasyChatWord_OhYeah
0x083E980E	rom	0x3	sEasyChatWord_Oh
0x083E9811	rom	0x5	sEasyChatWord_Oops
0x083E9816	rom	0x8	sEasyChatWord_Shocked
0x083E981E	rom	0x4	sEasyChatWord_Eek
0x083E9822	rom	0x7	sEasyChatWord_Graaah
0x083E9829	rom	0xA	sEasyChatWord_Gwahahaha
0x083E9833	rom	0x4	sEasyChatWord_Way
0x083E9837	rom	0x4	sEasyChatWord_Tch
0x083E983B	rom	0x5	sEasyChatWord_Hehe
0x083E9840	rom	0x4	sEasyChatWord_Hah
0x083E9844	rom	0x4	sEasyChatWord_Yup
0x083E9848	rom	0x7	sEasyChatWord_Hahaha
0x083E984F	rom	0x7	sEasyChatWord_Aiyeeh
0x083E9856	rom	0x6	sEasyChatWord_Hiyah
0x083E985C	rom	0x7	sEasyChatWord_Fufufu
0x083E9863	rom	0x4	sEasyChatWord_Lol
0x083E9867	rom	0x6	sEasyChatWord_Snort
0x083E986D	rom	0x6	sEasyChatWord_Humph
0x083E9873	rom	0x7	sEasyChatWord_Hehehe
0x083E987A	rom	0x4	sEasyChatWord_Heh
0x083E987E	rom	0x7	sEasyChatWord_Hohoho
0x083E9885	rom	0x7	sEasyChatWord_UhHuh
0x083E988C	rom	0x9	sEasyChatWord_OhDear
0x083E9895	rom	0x6	sEasyChatWord_Arrgh
0x083E989B	rom	0x7	sEasyChatWord_Mufufu
0x083E98A2	rom	0x4	sEasyChatWord_Mmm
0x083E98A6	rom	0x7	sEasyChatWord_OhKay
0x083E98AD	rom	0x5	sEasyChatWord_Okay
0x083E98B2	rom	0x7	sEasyChatWord_Lalala
0x083E98B9	rom	0x4	sEasyChatWord_Yay
0x083E98BD	rom	0x4	sEasyChatWord_Aww
0x083E98C1	rom	0x6	sEasyChatWord_Wowee
0x083E98C7	rom	0x5	sEasyChatWord_Gwah
0x083E98CC	rom	0x9	sEasyChatWord_Wahahaha
0x083E98D8	rom	0x2F4	sEasyChatGroup_Voices
0x083E9BCC	rom	0x7	sEasyChatWord_Listen
0x083E9BD3	rom	0x9	sEasyChatWord_NotVery
0x083E9BDC	rom	0x5	sEasyChatWord_Mean
0x083E9BE1	rom	0x4	sEasyChatWord_Lie
0x083E9BE5	rom	0x4	sEasyChatWord_Lay
0x083E9BE9	rom	0xA	sEasyChatWord_Recommend
0x083E9BF3	rom	0x7	sEasyChatWord_Nitwit
0x083E9BFA	rom	0x6	sEasyChatWord_Quite
0x083E9C00	rom	0x5	sEasyChatWord_From
0x083E9C05	rom	0x8	sEasyChatWord_Feeling
0x083E9C0D	rom	0x4	sEasyChatWord_But
0x083E9C11	rom	0x8	sEasyChatWord_However
0x083E9C19	rom	0x5	sEasyChatWord_Case
0x083E9C1E	rom	0x4	sEasyChatWord_The
0x083E9C22	rom	0x5	sEasyChatWord_Miss
0x083E9C27	rom	0x4	sEasyChatWord_How
0x083E9C2B	rom	0x4	sEasyChatWord_Hit
0x083E9C2F	rom	0x7	sEasyChatWord_Enough
0x083E9C36	rom	0x6	sEasyChatWord_ALot
0x083E9C3C	rom	0x9	sEasyChatWord_ALittle
0x083E9C45	rom	0xB	sEasyChatWord_Absolutely
0x083E9C50	rom	0x4	sEasyChatWord_And
0x083E9C54	rom	0x5	sEasyChatWord_Only
0x083E9C59	rom	0x7	sEasyChatWord_Around
0x083E9C60	rom	0x9	sEasyChatWord_Probably
0x083E9C69	rom	0x3	sEasyChatWord_If
0x083E9C6C	rom	0x5	sEasyChatWord_Very
0x083E9C71	rom	0xB	sEasyChatWord_ATinyBit
0x083E9C7C	rom	0x5	sEasyChatWord_Wild
0x083E9C81	rom	0x7	sEasyChatWord_Thats
0x083E9C88	rom	0x5	sEasyChatWord_Just
0x083E9C8D	rom	0x9	sEasyChatWord_EvenSo
0x083E9C96	rom	0x8	sEasyChatWord_MustBe
0x083E9C9E	rom	0xA	sEasyChatWord_Naturally
0x083E9CA8	rom	0x9	sEasyChatWord_ForNow
0x083E9CB1	rom	0xB	sEasyChatWord_Understood
0x083E9CBC	rom	0x7	sEasyChatWord_Joking
0x083E9CC3	rom	0x6	sEasyChatWord_Ready
0x083E9CC9	rom	0xA	sEasyChatWord_Something
0x083E9CD3	rom	0x8	sEasyChatWord_Somehow
0x083E9CDB	rom	0x9	sEasyChatWord_Although
0x083E9CE4	rom	0x5	sEasyChatWord_Also
0x083E9CE9	rom	0x8	sEasyChatWord_Perfect
0x083E9CF1	rom	0xB	sEasyChatWord_AsMuchAs
0x083E9CFC	rom	0x7	sEasyChatWord_Really
0x083E9D03	rom	0x6	sEasyChatWord_Truly
0x083E9D09	rom	0xA	sEasyChatWord_Seriously
0x083E9D13	rom	0x8	sEasyChatWord_Totally
0x083E9D1B	rom	0x6	sEasyChatWord_Until
0x083E9D21	rom	0x6	sEasyChatWord_AsIf
0x083E9D27	rom	0x5	sEasyChatWord_Mood
0x083E9D2C	rom	0x7	sEasyChatWord_Rather
0x083E9D33	rom	0x8	sEasyChatWord_Awfully
0x083E9D3B	rom	0x5	sEasyChatWord_Mode
0x083E9D40	rom	0x5	sEasyChatWord_More
0x083E9D45	rom	0x9	sEasyChatWord_TooLate
0x083E9D4E	rom	0x8	sEasyChatWord_Finally
0x083E9D56	rom	0x4	sEasyChatWord_Any
0x083E9D5A	rom	0x8	sEasyChatWord_Instead
0x083E9D62	rom	0xA	sEasyChatWord_Fantastic
0x083E9D6C	rom	0x2D0	sEasyChatGroup_Speech
0x083EA03C	rom	0x5	sEasyChatWord_Will
0x083EA041	rom	0xD	sEasyChatWord_WillBeHere
0x083EA04E	rom	0x3	sEasyChatWord_Or
0x083EA051	rom	0x6	sEasyChatWord_Times
0x083EA057	rom	0x7	sEasyChatWord_Wonder
0x083EA05E	rom	0x7	sEasyChatWord_IsItQues
0x083EA065	rom	0x3	sEasyChatWord_Be
0x083EA068	rom	0x6	sEasyChatWord_Gimme
0x083EA06E	rom	0x6	sEasyChatWord_Could
0x083EA074	rom	0xA	sEasyChatWord_LikelyTo
0x083EA07E	rom	0x6	sEasyChatWord_Would
0x083EA084	rom	0x3	sEasyChatWord_Is
0x083EA087	rom	0xA	sEasyChatWord_IsntItQues
0x083EA091	rom	0x6	sEasyChatWord_Lets
0x083EA097	rom	0x6	sEasyChatWord_Other
0x083EA09D	rom	0x4	sEasyChatWord_Are
0x083EA0A1	rom	0x4	sEasyChatWord_Was
0x083EA0A5	rom	0x5	sEasyChatWord_Were
0x083EA0AA	rom	0x6	sEasyChatWord_Those
0x083EA0B0	rom	0x6	sEasyChatWord_Isnt
0x083EA0B6	rom	0x6	sEasyChatWord_Wont
0x083EA0BC	rom	0x6	sEasyChatWord_Cant
0x083EA0C2	rom	0x4	sEasyChatWord_Can
0x083EA0C6	rom	0x6	sEasyChatWord_Dont
0x083EA0CC	rom	0x3	sEasyChatWord_Do
0x083EA0CF	rom	0x5	sEasyChatWord_Does
0x083EA0D4	rom	0x5	sEasyChatWord_Whom
0x083EA0D9	rom	0x6	sEasyChatWord_Which
0x083EA0DF	rom	0x7	sEasyChatWord_Wasnt
0x083EA0E6	rom	0x8	sEasyChatWord_Werent
0x083EA0EE	rom	0x5	sEasyChatWord_Have
0x083EA0F3	rom	0x8	sEasyChatWord_Havent
0x083EA0FB	rom	0x2	sEasyChatWord_A
0x083EA0FD	rom	0x3	sEasyChatWord_An
0x083EA100	rom	0x4	sEasyChatWord_Not
0x083EA104	rom	0x6	sEasyChatWord_There
0x083EA10A	rom	0x4	sEasyChatWord_OkQues
0x083EA10E	rom	0x3	sEasyChatWord_So
0x083EA111	rom	0x6	sEasyChatWord_Maybe
0x083EA117	rom	0x6	sEasyChatWord_About
0x083EA11D	rom	0x5	sEasyChatWord_Over
0x083EA122	rom	0x3	sEasyChatWord_It
0x083EA125	rom	0x4	sEasyChatWord_All
0x083EA129	rom	0x4	sEasyChatWord_For
0x083EA12D	rom	0x3	sEasyChatWord_On
0x083EA130	rom	0x4	sEasyChatWord_Off
0x083EA134	rom	0x3	sEasyChatWord_As
0x083EA137	rom	0x3	sEasyChatWord_To
0x083EA13A	rom	0x5	sEasyChatWord_With
0x083EA13F	rom	0x7	sEasyChatWord_Better
0x083EA146	rom	0x5	sEasyChatWord_Ever
0x083EA14B	rom	0x6	sEasyChatWord_Since
0x083EA151	rom	0x3	sEasyChatWord_Of
0x083EA154	rom	0xB	sEasyChatWord_BelongsTo
0x083EA15F	rom	0x3	sEasyChatWord_At
0x083EA162	rom	0x3	sEasyChatWord_In
0x083EA165	rom	0x4	sEasyChatWord_Out
0x083EA169	rom	0x4	sEasyChatWord_Too
0x083EA16D	rom	0x5	sEasyChatWord_Like
0x083EA172	rom	0x4	sEasyChatWord_Did
0x083EA176	rom	0x7	sEasyChatWord_Didnt
0x083EA17D	rom	0x8	sEasyChatWord_Doesnt
0x083EA185	rom	0x8	sEasyChatWord_Without
0x083EA18D	rom	0x6	sEasyChatWord_After
0x083EA193	rom	0x7	sEasyChatWord_Before
0x083EA19A	rom	0x6	sEasyChatWord_While
0x083EA1A0	rom	0x5	sEasyChatWord_Than
0x083EA1A5	rom	0x5	sEasyChatWord_Once
0x083EA1AA	rom	0x9	sEasyChatWord_Anywhere
0x083EA1B4	rom	0x33C	sEasyChatGroup_Endings
0x083EA4F0	rom	0x5	sEasyChatWord_Meet
0x083EA4F5	rom	0x5	sEasyChatWord_Play
0x083EA4FA	rom	0x8	sEasyChatWord_Hurried
0x083EA502	rom	0x5	sEasyChatWord_Goes
0x083EA507	rom	0x6	sEasyChatWord_Giddy
0x083EA50D	rom	0x6	sEasyChatWord_Happy
0x083EA513	rom	0xA	sEasyChatWord_Happiness
0x083EA51D	rom	0x7	sEasyChatWord_Excite
0x083EA524	rom	0xA	sEasyChatWord_Important
0x083EA52E	rom	0x6	sEasyChatWord_Funny
0x083EA534	rom	0x4	sEasyChatWord_Got
0x083EA538	rom	0x8	sEasyChatWord_GoHome
0x083EA540	rom	0xD	sEasyChatWord_Disappointed
0x083EA54D	rom	0xC	sEasyChatWord_Disappoints
0x083EA559	rom	0x4	sEasyChatWord_Sad
0x083EA55D	rom	0x4	sEasyChatWord_Try
0x083EA561	rom	0x6	sEasyChatWord_Tries
0x083EA567	rom	0x6	sEasyChatWord_Hears
0x083EA56D	rom	0x6	sEasyChatWord_Think
0x083EA573	rom	0x5	sEasyChatWord_Hear
0x083EA578	rom	0x6	sEasyChatWord_Wants
0x083EA57E	rom	0x9	sEasyChatWord_Misheard
0x083EA587	rom	0x8	sEasyChatWord_Dislike
0x083EA58F	rom	0x6	sEasyChatWord_Angry
0x083EA595	rom	0x6	sEasyChatWord_Anger
0x083EA59B	rom	0x6	sEasyChatWord_Scary
0x083EA5A1	rom	0x9	sEasyChatWord_Lonesome
0x083EA5AA	rom	0xB	sEasyChatWord_Disappoint
0x083EA5B5	rom	0x4	sEasyChatWord_Joy
0x083EA5B9	rom	0x5	sEasyChatWord_Gets
0x083EA5BE	rom	0x6	sEasyChatWord_Never
0x083EA5C4	rom	0x5	sEasyChatWord_Darn
0x083EA5C9	rom	0x9	sEasyChatWord_Downcast
0x083EA5D2	rom	0xB	sEasyChatWord_Incredible
0x083EA5DD	rom	0x6	sEasyChatWord_Likes
0x083EA5E3	rom	0x9	sEasyChatWord_Dislikes
0x083EA5EC	rom	0x7	sEasyChatWord_Boring
0x083EA5F3	rom	0x5	sEasyChatWord_Care
0x083EA5F8	rom	0x6	sEasyChatWord_Cares
0x083EA5FE	rom	0xA	sEasyChatWord_AllRight
0x083EA608	rom	0x6	sEasyChatWord_Adore
0x083EA60E	rom	0x9	sEasyChatWord_Disaster
0x083EA617	rom	0x6	sEasyChatWord_Enjoy
0x083EA61D	rom	0x7	sEasyChatWord_Enjoys
0x083EA624	rom	0x4	sEasyChatWord_Eat
0x083EA628	rom	0x8	sEasyChatWord_Lacking
0x083EA630	rom	0x4	sEasyChatWord_Bad
0x083EA634	rom	0x5	sEasyChatWord_Hard
0x083EA639	rom	0x9	sEasyChatWord_Terrible
0x083EA642	rom	0x7	sEasyChatWord_Should
0x083EA649	rom	0x5	sEasyChatWord_Nice
0x083EA64E	rom	0x6	sEasyChatWord_Drink
0x083EA654	rom	0x9	sEasyChatWord_Surprise
0x083EA65D	rom	0x5	sEasyChatWord_Fear
0x083EA662	rom	0x5	sEasyChatWord_Want
0x083EA667	rom	0x5	sEasyChatWord_Wait
0x083EA66C	rom	0xA	sEasyChatWord_Satisfied
0x083EA676	rom	0x4	sEasyChatWord_See
0x083EA67A	rom	0x5	sEasyChatWord_Rare
0x083EA67F	rom	0x9	sEasyChatWord_Negative
0x083EA688	rom	0x5	sEasyChatWord_Done
0x083EA68D	rom	0x7	sEasyChatWord_Danger
0x083EA694	rom	0x9	sEasyChatWord_Defeated
0x083EA69D	rom	0x5	sEasyChatWord_Beat
0x083EA6A2	rom	0x6	sEasyChatWord_Great
0x083EA6A8	rom	0x9	sEasyChatWord_Romantic
0x083EA6B1	rom	0x9	sEasyChatWord_Question
0x083EA6BA	rom	0xB	sEasyChatWord_Understand
0x083EA6C5	rom	0xC	sEasyChatWord_Understands
0x083EA6D4	rom	0x33C	sEasyChatGroup_Feelings
0x083EAA10	rom	0x4	sEasyChatWord_Hot
0x083EAA14	rom	0x7	sEasyChatWord_Exists
0x083EAA1B	rom	0x7	sEasyChatWord_Excess
0x083EAA22	rom	0x9	sEasyChatWord_Approved
0x083EAA2B	rom	0x4	sEasyChatWord_Has
0x083EAA2F	rom	0x5	sEasyChatWord_Good
0x083EAA34	rom	0x5	sEasyChatWord_Less
0x083EAA39	rom	0x9	sEasyChatWord_Momentum
0x083EAA42	rom	0x6	sEasyChatWord_Going
0x083EAA48	rom	0x6	sEasyChatWord_Weird
0x083EAA4E	rom	0x5	sEasyChatWord_Busy
0x083EAA53	rom	0x9	sEasyChatWord_Together
0x083EAA5C	rom	0x5	sEasyChatWord_Full
0x083EAA61	rom	0x7	sEasyChatWord_Absent
0x083EAA68	rom	0x6	sEasyChatWord_Being
0x083EAA6E	rom	0x5	sEasyChatWord_Need
0x083EAA73	rom	0x6	sEasyChatWord_Tasty
0x083EAA79	rom	0x8	sEasyChatWord_Skilled
0x083EAA81	rom	0x6	sEasyChatWord_Noisy
0x083EAA87	rom	0x4	sEasyChatWord_Big
0x083EAA8B	rom	0x5	sEasyChatWord_Late
0x083EAA90	rom	0x6	sEasyChatWord_Close
0x083EAA96	rom	0x7	sEasyChatWord_Docile
0x083EAA9D	rom	0x8	sEasyChatWord_Amusing
0x083EAAA5	rom	0xD	sEasyChatWord_Entertaining
0x083EAAB2	rom	0xB	sEasyChatWord_Perfection
0x083EAABD	rom	0x7	sEasyChatWord_Pretty
0x083EAAC4	rom	0x8	sEasyChatWord_Healthy
0x083EAACC	rom	0xA	sEasyChatWord_Excellent
0x083EAAD6	rom	0xC	sEasyChatWord_UpsideDown
0x083EAAE2	rom	0x5	sEasyChatWord_Cold
0x083EAAE7	rom	0xB	sEasyChatWord_Refreshing
0x083EAAF2	rom	0xC	sEasyChatWord_Unavoidable
0x083EAAFE	rom	0x5	sEasyChatWord_Much
0x083EAB03	rom	0xD	sEasyChatWord_Overwhelming
0x083EAB10	rom	0x9	sEasyChatWord_Fabulous
0x083EAB19	rom	0x5	sEasyChatWord_Else
0x083EAB1E	rom	0xA	sEasyChatWord_Expensive
0x083EAB28	rom	0x8	sEasyChatWord_Correct
0x083EAB30	rom	0xB	sEasyChatWord_Impossible
0x083EAB3B	rom	0x6	sEasyChatWord_Small
0x083EAB41	rom	0xA	sEasyChatWord_Different
0x083EAB4B	rom	0x6	sEasyChatWord_Tired
0x083EAB51	rom	0x6	sEasyChatWord_Skill
0x083EAB57	rom	0x4	sEasyChatWord_Top
0x083EAB5B	rom	0x9	sEasyChatWord_NonStop
0x083EAB64	rom	0xD	sEasyChatWord_Preposterous
0x083EAB71	rom	0x5	sEasyChatWord_None
0x083EAB76	rom	0x8	sEasyChatWord_Nothing
0x083EAB7E	rom	0x8	sEasyChatWord_Natural
0x083EAB86	rom	0x8	sEasyChatWord_Becomes
0x083EAB8E	rom	0x9	sEasyChatWord_Lukewarm
0x083EAB97	rom	0x5	sEasyChatWord_Fast
0x083EAB9C	rom	0x4	sEasyChatWord_Low
0x083EABA0	rom	0x6	sEasyChatWord_Awful
0x083EABA6	rom	0x6	sEasyChatWord_Alone
0x083EABAC	rom	0x6	sEasyChatWord_Bored
0x083EABB2	rom	0x7	sEasyChatWord_Secret
0x083EABB9	rom	0x8	sEasyChatWord_Mystery
0x083EABC1	rom	0x6	sEasyChatWord_Lacks
0x083EABC7	rom	0x5	sEasyChatWord_Best
0x083EABCC	rom	0x6	sEasyChatWord_Lousy
0x083EABD2	rom	0x8	sEasyChatWord_Mistake
0x083EABDA	rom	0x5	sEasyChatWord_Kind
0x083EABDF	rom	0x5	sEasyChatWord_Well
0x083EABE4	rom	0x9	sEasyChatWord_Weakened
0x083EABED	rom	0x7	sEasyChatWord_Simple
0x083EABF4	rom	0x6	sEasyChatWord_Seems
0x083EABFA	rom	0x6	sEasyChatWord_Badly
0x083EAC00	rom	0x33C	sEasyChatGroup_Conditions
0x083EAF3C	rom	0x6	sEasyChatWord_Meets
0x083EAF42	rom	0x8	sEasyChatWord_Concede
0x083EAF4A	rom	0x5	sEasyChatWord_Give
0x083EAF4F	rom	0x6	sEasyChatWord_Gives
0x083EAF55	rom	0x7	sEasyChatWord_Played
0x083EAF5C	rom	0x6	sEasyChatWord_Plays
0x083EAF62	rom	0x8	sEasyChatWord_Collect
0x083EAF6A	rom	0x8	sEasyChatWord_Walking
0x083EAF72	rom	0x6	sEasyChatWord_Walks
0x083EAF78	rom	0x5	sEasyChatWord_Says
0x083EAF7D	rom	0x5	sEasyChatWord_Went
0x083EAF82	rom	0x5	sEasyChatWord_Said
0x083EAF87	rom	0x8	sEasyChatWord_WakeUp
0x083EAF8F	rom	0x9	sEasyChatWord_WakesUp
0x083EAF98	rom	0x7	sEasyChatWord_Angers
0x083EAF9F	rom	0x6	sEasyChatWord_Teach
0x083EAFA5	rom	0x8	sEasyChatWord_Teaches
0x083EAFAD	rom	0x7	sEasyChatWord_Please
0x083EAFB4	rom	0x6	sEasyChatWord_Learn
0x083EAFBA	rom	0x7	sEasyChatWord_Change
0x083EAFC1	rom	0x6	sEasyChatWord_Story
0x083EAFC7	rom	0x6	sEasyChatWord_Trust
0x083EAFCD	rom	0x7	sEasyChatWord_Lavish
0x083EAFD4	rom	0x8	sEasyChatWord_Listens
0x083EAFDC	rom	0x8	sEasyChatWord_Hearing
0x083EAFE4	rom	0x7	sEasyChatWord_Trains
0x083EAFEB	rom	0x7	sEasyChatWord_Choose
0x083EAFF2	rom	0x5	sEasyChatWord_Come
0x083EAFF7	rom	0x5	sEasyChatWord_Came
0x083EAFFC	rom	0x7	sEasyChatWord_Search
0x083EB003	rom	0x5	sEasyChatWord_Make
0x083EB008	rom	0x6	sEasyChatWord_Cause
0x083EB00E	rom	0x5	sEasyChatWord_Know
0x083EB013	rom	0x6	sEasyChatWord_Knows
0x083EB019	rom	0x7	sEasyChatWord_Refuse
0x083EB020	rom	0x7	sEasyChatWord_Stores
0x083EB027	rom	0x5	sEasyChatWord_Brag
0x083EB02C	rom	0x9	sEasyChatWord_Ignorant
0x083EB035	rom	0x7	sEasyChatWord_Thinks
0x083EB03C	rom	0x8	sEasyChatWord_Believe
0x083EB044	rom	0x6	sEasyChatWord_Slide
0x083EB04A	rom	0x5	sEasyChatWord_Eats
0x083EB04F	rom	0x4	sEasyChatWord_Use
0x083EB053	rom	0x5	sEasyChatWord_Uses
0x083EB058	rom	0x6	sEasyChatWord_Using
0x083EB05E	rom	0x9	sEasyChatWord_Couldnt
0x083EB067	rom	0x8	sEasyChatWord_Capable
0x083EB06F	rom	0xA	sEasyChatWord_Disappear
0x083EB079	rom	0x7	sEasyChatWord_Appear
0x083EB080	rom	0x6	sEasyChatWord_Throw
0x083EB086	rom	0x6	sEasyChatWord_Worry
0x083EB08C	rom	0x6	sEasyChatWord_Slept
0x083EB092	rom	0x6	sEasyChatWord_Sleep
0x083EB098	rom	0x8	sEasyChatWord_Release
0x083EB0A0	rom	0x7	sEasyChatWord_Drinks
0x083EB0A7	rom	0x5	sEasyChatWord_Runs
0x083EB0AC	rom	0x4	sEasyChatWord_Run
0x083EB0B0	rom	0x6	sEasyChatWord_Works
0x083EB0B6	rom	0x8	sEasyChatWord_Working
0x083EB0BE	rom	0x8	sEasyChatWord_Talking
0x083EB0C6	rom	0x5	sEasyChatWord_Talk
0x083EB0CB	rom	0x5	sEasyChatWord_Sink
0x083EB0D0	rom	0x6	sEasyChatWord_Smack
0x083EB0D6	rom	0x8	sEasyChatWord_Pretend
0x083EB0DE	rom	0x7	sEasyChatWord_Praise
0x083EB0E5	rom	0x7	sEasyChatWord_Overdo
0x083EB0EC	rom	0x5	sEasyChatWord_Show
0x083EB0F1	rom	0x6	sEasyChatWord_Looks
0x083EB0F7	rom	0x5	sEasyChatWord_Sees
0x083EB0FC	rom	0x5	sEasyChatWord_Seek
0x083EB101	rom	0x4	sEasyChatWord_Own
0x083EB105	rom	0x5	sEasyChatWord_Take
0x083EB10A	rom	0x6	sEasyChatWord_Allow
0x083EB110	rom	0x7	sEasyChatWord_Forget
0x083EB117	rom	0x8	sEasyChatWord_Forgets
0x083EB11F	rom	0x8	sEasyChatWord_Appears
0x083EB127	rom	0x6	sEasyChatWord_Faint
0x083EB12D	rom	0x8	sEasyChatWord_Fainted
0x083EB138	rom	0x3A8	sEasyChatGroup_Actions
0x083EB4E0	rom	0x7	sEasyChatWord_Chores
0x083EB4E7	rom	0x5	sEasyChatWord_Home
0x083EB4EC	rom	0x6	sEasyChatWord_Money
0x083EB4F2	rom	0xA	sEasyChatWord_Allowance
0x083EB4FC	rom	0x5	sEasyChatWord_Bath
0x083EB501	rom	0xD	sEasyChatWord_Conversation
0x083EB50E	rom	0x7	sEasyChatWord_School
0x083EB515	rom	0xC	sEasyChatWord_Commemorate
0x083EB521	rom	0x6	sEasyChatWord_Habit
0x083EB527	rom	0x6	sEasyChatWord_Group
0x083EB52D	rom	0x5	sEasyChatWord_Word
0x083EB532	rom	0x6	sEasyChatWord_Store
0x083EB538	rom	0x8	sEasyChatWord_Service
0x083EB540	rom	0x5	sEasyChatWord_Work
0x083EB545	rom	0x7	sEasyChatWord_System
0x083EB54C	rom	0x6	sEasyChatWord_Train
0x083EB552	rom	0x6	sEasyChatWord_Class
0x083EB558	rom	0x8	sEasyChatWord_Lessons
0x083EB560	rom	0xC	sEasyChatWord_Information
0x083EB56C	rom	0x7	sEasyChatWord_Living
0x083EB573	rom	0x8	sEasyChatWord_Teacher
0x083EB57B	rom	0xB	sEasyChatWord_Tournament
0x083EB586	rom	0x7	sEasyChatWord_Letter
0x083EB58D	rom	0x6	sEasyChatWord_Event
0x083EB593	rom	0x8	sEasyChatWord_Digital
0x083EB59B	rom	0x5	sEasyChatWord_Test
0x083EB5A0	rom	0xC	sEasyChatWord_DeptStore
0x083EB5AC	rom	0xB	sEasyChatWord_Television
0x083EB5B7	rom	0x6	sEasyChatWord_Phone
0x083EB5BD	rom	0x5	sEasyChatWord_Item
0x083EB5C2	rom	0x5	sEasyChatWord_Name
0x083EB5C7	rom	0x5	sEasyChatWord_News
0x083EB5CC	rom	0x8	sEasyChatWord_Popular
0x083EB5D4	rom	0x6	sEasyChatWord_Party
0x083EB5DA	rom	0x6	sEasyChatWord_Study
0x083EB5E0	rom	0x8	sEasyChatWord_Machine
0x083EB5E8	rom	0x5	sEasyChatWord_Mail
0x083EB5ED	rom	0x8	sEasyChatWord_Message
0x083EB5F5	rom	0x8	sEasyChatWord_Promise
0x083EB5FD	rom	0x6	sEasyChatWord_Dream
0x083EB603	rom	0xD	sEasyChatWord_Kindergarten
0x083EB610	rom	0x5	sEasyChatWord_Life
0x083EB615	rom	0x6	sEasyChatWord_Radio
0x083EB61B	rom	0x7	sEasyChatWord_Rental
0x083EB622	rom	0x6	sEasyChatWord_World
0x083EB628	rom	0x21C	sEasyChatGroup_Lifestyle
0x083EB844	rom	0x5	sEasyChatWord_Idol
0x083EB849	rom	0x6	sEasyChatWord_Anime
0x083EB84F	rom	0x5	sEasyChatWord_Song
0x083EB854	rom	0x6	sEasyChatWord_Movie
0x083EB85A	rom	0x7	sEasyChatWord_Sweets
0x083EB861	rom	0x5	sEasyChatWord_Chat
0x083EB866	rom	0xD	sEasyChatWord_ChildsPlay
0x083EB873	rom	0x5	sEasyChatWord_Toys
0x083EB878	rom	0x6	sEasyChatWord_Music
0x083EB87E	rom	0x6	sEasyChatWord_Cards
0x083EB884	rom	0x9	sEasyChatWord_Shopping
0x083EB88D	rom	0x7	sEasyChatWord_Camera
0x083EB894	rom	0x8	sEasyChatWord_Viewing
0x083EB89C	rom	0xA	sEasyChatWord_Spectator
0x083EB8A6	rom	0x8	sEasyChatWord_Gourmet
0x083EB8AE	rom	0x5	sEasyChatWord_Game
0x083EB8B3	rom	0x4	sEasyChatWord_Rpg
0x083EB8B7	rom	0xB	sEasyChatWord_Collection
0x083EB8C2	rom	0x9	sEasyChatWord_Complete
0x083EB8CB	rom	0x9	sEasyChatWord_Magazine
0x083EB8D4	rom	0x5	sEasyChatWord_Walk
0x083EB8D9	rom	0x5	sEasyChatWord_Bike
0x083EB8DE	rom	0x6	sEasyChatWord_Hobby
0x083EB8E4	rom	0x7	sEasyChatWord_Sports
0x083EB8EB	rom	0x9	sEasyChatWord_Software
0x083EB8F4	rom	0x6	sEasyChatWord_Songs
0x083EB8FA	rom	0x5	sEasyChatWord_Diet
0x083EB8FF	rom	0x9	sEasyChatWord_Treasure
0x083EB908	rom	0x7	sEasyChatWord_Travel
0x083EB90F	rom	0x6	sEasyChatWord_Dance
0x083EB915	rom	0x8	sEasyChatWord_Channel
0x083EB91D	rom	0x7	sEasyChatWord_Making
0x083EB924	rom	0x8	sEasyChatWord_Fishing
0x083EB92C	rom	0x5	sEasyChatWord_Date
0x083EB931	rom	0x7	sEasyChatWord_Design
0x083EB938	rom	0xB	sEasyChatWord_Locomotive
0x083EB943	rom	0xB	sEasyChatWord_PlushDoll
0x083EB94E	rom	0x3	sEasyChatWord_Pc
0x083EB951	rom	0x8	sEasyChatWord_Flowers
0x083EB959	rom	0x5	sEasyChatWord_Hero
0x083EB95E	rom	0x4	sEasyChatWord_Nap
0x083EB962	rom	0x8	sEasyChatWord_Heroine
0x083EB96A	rom	0x8	sEasyChatWord_Fashion
0x083EB972	rom	0xA	sEasyChatWord_Adventure
0x083EB97C	rom	0x6	sEasyChatWord_Board
0x083EB982	rom	0x5	sEasyChatWord_Ball
0x083EB987	rom	0x5	sEasyChatWord_Book
0x083EB98C	rom	0x9	sEasyChatWord_Festival
0x083EB995	rom	0x7	sEasyChatWord_Comics
0x083EB99C	rom	0x8	sEasyChatWord_Holiday
0x083EB9A4	rom	0x6	sEasyChatWord_Plans
0x083EB9AA	rom	0x7	sEasyChatWord_Trendy
0x083EB9B1	rom	0x9	sEasyChatWord_Vacation
0x083EB9BA	rom	0x5	sEasyChatWord_Look
0x083EB9C0	rom	0x288	sEasyChatGroup_Hobbies
0x083EBC48	rom	0x5	sEasyChatWord_Fall
0x083EBC4D	rom	0x8	sEasyChatWord_Morning
0x083EBC55	rom	0x9	sEasyChatWord_Tomorrow
0x083EBC5E	rom	0x5	sEasyChatWord_Last
0x083EBC63	rom	0x4	sEasyChatWord_Day
0x083EBC67	rom	0x9	sEasyChatWord_Sometime
0x083EBC70	rom	0x7	sEasyChatWord_Always
0x083EBC77	rom	0x8	sEasyChatWord_Current
0x083EBC7F	rom	0x8	sEasyChatWord_Forever
0x083EBC87	rom	0x5	sEasyChatWord_Days
0x083EBC8C	rom	0x4	sEasyChatWord_End
0x083EBC90	rom	0x8	sEasyChatWord_Tuesday
0x083EBC98	rom	0xA	sEasyChatWord_Yesterday
0x083EBCA2	rom	0x6	sEasyChatWord_Today
0x083EBCA8	rom	0x7	sEasyChatWord_Friday
0x083EBCAF	rom	0x7	sEasyChatWord_Monday
0x083EBCB6	rom	0x6	sEasyChatWord_Later
0x083EBCBC	rom	0x8	sEasyChatWord_Earlier
0x083EBCC4	rom	0x8	sEasyChatWord_Another
0x083EBCCC	rom	0x5	sEasyChatWord_Time
0x083EBCD1	rom	0x7	sEasyChatWord_Finish
0x083EBCD8	rom	0xA	sEasyChatWord_Wednesday
0x083EBCE2	rom	0x5	sEasyChatWord_Soon
0x083EBCE7	rom	0x6	sEasyChatWord_Start
0x083EBCED	rom	0x6	sEasyChatWord_Month
0x083EBCF3	rom	0x5	sEasyChatWord_Stop
0x083EBCF8	rom	0x4	sEasyChatWord_Now
0x083EBCFC	rom	0x6	sEasyChatWord_Final
0x083EBD02	rom	0x5	sEasyChatWord_Next
0x083EBD07	rom	0x4	sEasyChatWord_Age
0x083EBD0B	rom	0x9	sEasyChatWord_Saturday
0x083EBD14	rom	0x7	sEasyChatWord_Summer
0x083EBD1B	rom	0x7	sEasyChatWord_Sunday
0x083EBD22	rom	0xA	sEasyChatWord_Beginning
0x083EBD2C	rom	0x7	sEasyChatWord_Spring
0x083EBD33	rom	0x8	sEasyChatWord_Daytime
0x083EBD3B	rom	0x7	sEasyChatWord_Winter
0x083EBD42	rom	0x6	sEasyChatWord_Daily
0x083EBD48	rom	0x6	sEasyChatWord_Olden
0x083EBD4E	rom	0x7	sEasyChatWord_Almost
0x083EBD55	rom	0x7	sEasyChatWord_Nearly
0x083EBD5C	rom	0x9	sEasyChatWord_Thursday
0x083EBD65	rom	0xA	sEasyChatWord_Nighttime
0x083EBD6F	rom	0x6	sEasyChatWord_Night
0x083EBD75	rom	0x5	sEasyChatWord_Week
0x083EBD7C	rom	0x21C	sEasyChatGroup_Time
0x083EBF98	rom	0x6	sEasyChatWord_Highs
0x083EBF9E	rom	0x5	sEasyChatWord_Lows
0x083EBFA3	rom	0x3	sEasyChatWord_Um
0x083EBFA6	rom	0x5	sEasyChatWord_Rear
0x083EBFAB	rom	0x7	sEasyChatWord_Things
0x083EBFB2	rom	0x6	sEasyChatWord_Thing
0x083EBFB8	rom	0x6	sEasyChatWord_Below
0x083EBFBE	rom	0x6	sEasyChatWord_Above
0x083EBFC4	rom	0x5	sEasyChatWord_Back
0x083EBFC9	rom	0x5	sEasyChatWord_High
0x083EBFCE	rom	0x5	sEasyChatWord_Here
0x083EBFD3	rom	0x7	sEasyChatWord_Inside
0x083EBFDA	rom	0x8	sEasyChatWord_Outside
0x083EBFE2	rom	0x7	sEasyChatWord_Beside
0x083EBFE9	rom	0xC	sEasyChatWord_ThisIsItExcl
0x083EBFF5	rom	0x5	sEasyChatWord_This
0x083EBFFA	rom	0x6	sEasyChatWord_Every
0x083EC000	rom	0x6	sEasyChatWord_These
0x083EC006	rom	0xB	sEasyChatWord_TheseWere
0x083EC011	rom	0x5	sEasyChatWord_Down
0x083EC016	rom	0x5	sEasyChatWord_That
0x083EC01B	rom	0xA	sEasyChatWord_ThoseAre
0x083EC025	rom	0xB	sEasyChatWord_ThoseWere
0x083EC030	rom	0xB	sEasyChatWord_ThatsItExcl
0x083EC03B	rom	0x3	sEasyChatWord_Am
0x083EC03E	rom	0x9	sEasyChatWord_ThatWas
0x083EC047	rom	0x6	sEasyChatWord_Front
0x083EC04D	rom	0x3	sEasyChatWord_Up
0x083EC050	rom	0x7	sEasyChatWord_Choice
0x083EC057	rom	0x4	sEasyChatWord_Far
0x083EC05B	rom	0x5	sEasyChatWord_Away
0x083EC060	rom	0x5	sEasyChatWord_Near
0x083EC065	rom	0x6	sEasyChatWord_Where
0x083EC06B	rom	0x5	sEasyChatWord_When
0x083EC070	rom	0x5	sEasyChatWord_What
0x083EC075	rom	0x5	sEasyChatWord_Deep
0x083EC07A	rom	0x8	sEasyChatWord_Shallow
0x083EC082	rom	0x4	sEasyChatWord_Why
0x083EC086	rom	0x9	sEasyChatWord_Confused
0x083EC08F	rom	0x9	sEasyChatWord_Opposite
0x083EC098	rom	0x5	sEasyChatWord_Left
0x083EC09D	rom	0x6	sEasyChatWord_Right
0x083EC0A4	rom	0x1F8	sEasyChatGroup_Misc
0x083EC29C	rom	0xA	sEasyChatWord_Wandering
0x083EC2A6	rom	0x8	sEasyChatWord_Rickety
0x083EC2AE	rom	0xB	sEasyChatWord_RockSolid
0x083EC2B9	rom	0x7	sEasyChatWord_Hungry
0x083EC2C0	rom	0x6	sEasyChatWord_Tight
0x083EC2C6	rom	0x9	sEasyChatWord_Ticklish
0x083EC2CF	rom	0x9	sEasyChatWord_Twirling
0x083EC2D8	rom	0xA	sEasyChatWord_Spiraling
0x083EC2E2	rom	0x8	sEasyChatWord_Thirsty
0x083EC2EA	rom	0x8	sEasyChatWord_Lolling
0x083EC2F2	rom	0x6	sEasyChatWord_Silky
0x083EC2F8	rom	0x6	sEasyChatWord_Sadly
0x083EC2FE	rom	0x9	sEasyChatWord_Hopeless
0x083EC307	rom	0x8	sEasyChatWord_Useless
0x083EC30F	rom	0x9	sEasyChatWord_Drooling
0x083EC318	rom	0x9	sEasyChatWord_Exciting
0x083EC321	rom	0x6	sEasyChatWord_Thick
0x083EC327	rom	0x7	sEasyChatWord_Smooth
0x083EC32E	rom	0x6	sEasyChatWord_Slimy
0x083EC334	rom	0x5	sEasyChatWord_Thin
0x083EC339	rom	0x6	sEasyChatWord_Break
0x083EC33F	rom	0xA	sEasyChatWord_Voracious
0x083EC349	rom	0x8	sEasyChatWord_Scatter
0x083EC351	rom	0x8	sEasyChatWord_Awesome
0x083EC359	rom	0x6	sEasyChatWord_Wimpy
0x083EC35F	rom	0x7	sEasyChatWord_Wobbly
0x083EC366	rom	0x6	sEasyChatWord_Shaky
0x083EC36C	rom	0x7	sEasyChatWord_Ripped
0x083EC373	rom	0x9	sEasyChatWord_Shredded
0x083EC37C	rom	0xB	sEasyChatWord_Increasing
0x083EC387	rom	0x4	sEasyChatWord_Yet
0x083EC38B	rom	0xA	sEasyChatWord_Destroyed
0x083EC395	rom	0x6	sEasyChatWord_Fiery
0x083EC39B	rom	0xC	sEasyChatWord_LoveyDovey
0x083EC3A7	rom	0x8	sEasyChatWord_Happily
0x083EC3AF	rom	0xD	sEasyChatWord_Anticipation
0x083EC3BC	rom	0x1B0	sEasyChatGroup_Adjectives
0x083EC56C	rom	0x7	sEasyChatWord_Appeal
0x083EC573	rom	0x7	sEasyChatWord_Events
0x083EC57A	rom	0xD	sEasyChatWord_StayAtHome
0x083EC587	rom	0x6	sEasyChatWord_Berry
0x083EC58D	rom	0x8	sEasyChatWord_Contest
0x083EC595	rom	0x3	sEasyChatWord_Mc
0x083EC598	rom	0x6	sEasyChatWord_Judge
0x083EC59E	rom	0x6	sEasyChatWord_Super
0x083EC5A4	rom	0x6	sEasyChatWord_Stage
0x083EC5AA	rom	0xD	sEasyChatWord_HallOfFame
0x083EC5B7	rom	0xA	sEasyChatWord_Evolution
0x083EC5C1	rom	0x6	sEasyChatWord_Hyper
0x083EC5C7	rom	0xD	sEasyChatWord_BattleTower
0x083EC5D4	rom	0x8	sEasyChatWord_Leaders
0x083EC5DC	rom	0xC	sEasyChatWord_BattleRoom
0x083EC5E8	rom	0x7	sEasyChatWord_Hidden
0x083EC5EF	rom	0xC	sEasyChatWord_SecretBase
0x083EC5FB	rom	0x6	sEasyChatWord_Blend
0x083EC601	rom	0x6	sEasyChatWord_POKEBLOCK
0x083EC607	rom	0x7	sEasyChatWord_Master
0x083EC60E	rom	0x5	sEasyChatWord_Rank
0x083EC613	rom	0x7	sEasyChatWord_Ribbon
0x083EC61A	rom	0x6	sEasyChatWord_Crush
0x083EC620	rom	0x7	sEasyChatWord_Direct
0x083EC627	rom	0x6	sEasyChatWord_Tower
0x083EC62D	rom	0x6	sEasyChatWord_Union
0x083EC633	rom	0x5	sEasyChatWord_Room
0x083EC638	rom	0x9	sEasyChatWord_Wireless
0x083EC644	rom	0x150	sEasyChatGroup_Events
0x083EC794	rom	0x134	sEasyChatGroup_Move1
0x083EC8C8	rom	0x190	sEasyChatGroup_Move2
0x083ECA58	rom	0xB	sEasyChatWord_KthxBye
0x083ECA63	rom	0xA	sEasyChatWord_YesSirExcl
0x083ECA6D	rom	0xC	sEasyChatWord_AvantGarde
0x083ECA79	rom	0x7	sEasyChatWord_Couple
0x083ECA80	rom	0xD	sEasyChatWord_MuchObliged
0x083ECA8D	rom	0x8	sEasyChatWord_YeehawExcl
0x083ECA95	rom	0x5	sEasyChatWord_Mega
0x083ECA9A	rom	0xA	sEasyChatWord_1HitKOExcl
0x083ECAA4	rom	0x8	sEasyChatWord_Destiny
0x083ECAAC	rom	0x7	sEasyChatWord_Cancel
0x083ECAB3	rom	0x4	sEasyChatWord_New
0x083ECAB7	rom	0x8	sEasyChatWord_Flatten
0x083ECABF	rom	0x8	sEasyChatWord_Kidding
0x083ECAC7	rom	0x6	sEasyChatWord_Loser
0x083ECACD	rom	0x7	sEasyChatWord_Losing
0x083ECAD4	rom	0xA	sEasyChatWord_Happening
0x083ECADE	rom	0x8	sEasyChatWord_HipAnd
0x083ECAE6	rom	0x6	sEasyChatWord_Shake
0x083ECAEC	rom	0x6	sEasyChatWord_Shady
0x083ECAF2	rom	0x7	sEasyChatWord_Upbeat
0x083ECAF9	rom	0x7	sEasyChatWord_Modern
0x083ECB00	rom	0x9	sEasyChatWord_SmellYa
0x083ECB09	rom	0x5	sEasyChatWord_Bang
0x083ECB0E	rom	0x9	sEasyChatWord_Knockout
0x083ECB17	rom	0x7	sEasyChatWord_Hassle
0x083ECB1E	rom	0x7	sEasyChatWord_Winner
0x083ECB25	rom	0x6	sEasyChatWord_Fever
0x083ECB2B	rom	0x8	sEasyChatWord_Wannabe
0x083ECB33	rom	0x5	sEasyChatWord_Baby
0x083ECB38	rom	0x6	sEasyChatWord_Heart
0x083ECB3E	rom	0x4	sEasyChatWord_Old
0x083ECB42	rom	0x6	sEasyChatWord_Young
0x083ECB48	rom	0x5	sEasyChatWord_Ugly
0x083ECB50	rom	0x18C	sEasyChatGroup_TrendySaying
0x083ECCDC	rom	0x1F6	sEasyChatGroup_Pokemon2
0x083ECED4	rom	0xB0	sEasyChatGroups
0x083ECF84	rom	0x14	sEasyChatWordsByLetter_Others
0x083ECF98	rom	0xD4	sEasyChatWordsByLetter_A
0x083ED06C	rom	0xAC	sEasyChatWordsByLetter_B
0x083ED118	rom	0xEE	sEasyChatWordsByLetter_C
0x083ED206	rom	0xBC	sEasyChatWordsByLetter_D
0x083ED2C2	rom	0x74	sEasyChatWordsByLetter_E
0x083ED336	rom	0x9E	sEasyChatWordsByLetter_F
0x083ED3D4	rom	0xC4	sEasyChatWordsByLetter_G
0x083ED498	rom	0xCA	sEasyChatWordsByLetter_H
0x083ED562	rom	0x60	sEasyChatWordsByLetter_I
0x083ED5C2	rom	0x1A	sEasyChatWordsByLetter_J
0x083ED5DC	rom	0x42	sEasyChatWordsByLetter_K
0x083ED61E	rom	0xA4	sEasyChatWordsByLetter_L
0x083ED6C2	rom	0x11C	sEasyChatWordsByLetter_M
0x083ED7DE	rom	0x6C	sEasyChatWordsByLetter_N
0x083ED84A	rom	0x58	sEasyChatWordsByLetter_O
0x083ED8A2	rom	0xCC	sEasyChatWordsByLetter_P
0x083ED96E	rom	0xC	sEasyChatWordsByLetter_Q
0x083ED97A	rom	0xA0	sEasyChatWordsByLetter_R
0x083EDA1A	rom	0x20C	sEasyChatWordsByLetter_S
0x083EDC26	rom	0x10A	sEasyChatWordsByLetter_T
0x083EDD30	rom	0x30	sEasyChatWordsByLetter_U
0x083EDD60	rom	0x42	sEasyChatWordsByLetter_V
0x083EDDA2	rom	0xDE	sEasyChatWordsByLetter_W
0x083EDE80	rom	0x8	sEasyChatWordsByLetter_X
0x083EDE88	rom	0x26	sEasyChatWordsByLetter_Y
0x083EDEAE	rom	0x10	sEasyChatWordsByLetter_Z
0x083EDEC0	rom	0xD8	sEasyChatWordsByLetterPointers
0x083EDF98	rom	0x58	sEasyChatGroupNamePointers
0x083EDFF0	rom	0x8	sDefaultProfileWords
0x083EDFF8	rom	0xC	sDefaultBattleStartWords
0x083EE004	rom	0x2	sDeoxysValue
0x083EE008	rom	0x20	sMonMarkings_Pal
0x083EE028	rom	0x800	sMonMarkings_Gfx
0x083EE828	rom	0x5	sJPText_Confirm
0x083EE830	rom	0x8	sOamData_MenuWindow
0x083EE838	rom	0x8	sOamData_8x8
0x083EE840	rom	0x8	sAnim_Marking_CircleOff
0x083EE848	rom	0x8	sAnim_Marking_CircleOn
0x083EE850	rom	0x8	sAnim_Marking_SquareOff
0x083EE858	rom	0x8	sAnim_Marking_SquareOn
0x083EE860	rom	0x8	sAnim_Marking_TriangleOff
0x083EE868	rom	0x8	sAnim_Marking_TriangleOn
0x083EE870	rom	0x8	sAnim_Marking_HeartOff
0x083EE878	rom	0x8	sAnim_Marking_HeartOn
0x083EE880	rom	0x8	sAnim_Cursor
0x083EE888	rom	0x8	sAnim_OKCancelText
0x083EE890	rom	0x28	sAnims_MenuSprite
0x083EE8B8	rom	0x8	sAnim_MenuWindow_UpperHalf
0x083EE8C0	rom	0x8	sAnim_MenuWindow_LowerHalf
0x083EE8C8	rom	0x8	sAnims_MenuWindow
0x083EE8D0	rom	0x8	sOamData_MarkingCombo
0x083EE8D8	rom	0x8	sAnim_MarkingCombo_AllOff
0x083EE8E0	rom	0x8	sAnim_MarkingCombo_Circle
0x083EE8E8	rom	0x8	sAnim_MarkingCombo_Square
0x083EE8F0	rom	0x8	sAnim_MarkingCombo_CircleSquare
0x083EE8F8	rom	0x8	sAnim_MarkingCombo_Triangle
0x083EE900	rom	0x8	sAnim_MarkingCombo_CircleTriangle
0x083EE908	rom	0x8	sAnim_MarkingCombo_SquareTriangle
0x083EE910	rom	0x8	sAnim_MarkingCombo_CircleSquareTriangle
0x083EE918	rom	0x8	sAnim_MarkingCombo_Heart
0x083EE920	rom	0x8	sAnim_MarkingCombo_CircleHeart
0x083EE928	rom	0x8	sAnim_MarkingCombo_SquareHeart
0x083EE930	rom	0x8	sAnim_MarkingCombo_CircleSquareHeart
0x083EE938	rom	0x8	sAnim_MarkingCombo_TriangleHeart
0x083EE940	rom	0x8	sAnim_MarkingCombo_CircleTriangleHeart
0x083EE948	rom	0x8	sAnim_MarkingCombo_SquareTriangleHeart
0x083EE950	rom	0x8	sAnim_MarkingCombo_AllOn
0x083EE958	rom	0x40	sAnims_MarkingCombo
0x083EE998	rom	0xC	sBgTemplates
0x083EE9A4	rom	0x18	sWindowTemplates
0x083EE9BC	rom	0x3	sTextColor
0x083EE9C0	rom	0x8	sGenderPals
0x083EE9C8	rom	0xF0	sGfxHeaders
0x083EEAB8	rom	0xC	sLayout_3x3
0x083EEAC4	rom	0x90	sMessageLayouts_3x3
0x083EEB54	rom	0x14	sLayout_5x2
0x083EEB68	rom	0x90	sMessageLayouts_5x2
0x083EEBF8	rom	0xA0	sHealLocations
0x083EEC98	rom	0x50	sWhiteoutRespawnHealCenterMapIdxs
0x083EECE8	rom	0x14	sWhiteoutRespawnHealerNpcIds
0x083EECFC	rom	0xC	sMapsecName_PALLET_TOWN
0x083EED08	rom	0xE	sMapsecName_VIRIDIAN_CITY
0x083EED16	rom	0xC	sMapsecName_PEWTER_CITY
0x083EED22	rom	0xE	sMapsecName_CERULEAN_CITY
0x083EED30	rom	0xE	sMapsecName_LAVENDER_TOWN
0x083EED3E	rom	0xF	sMapsecName_VERMILION_CITY
0x083EED4D	rom	0xD	sMapsecName_CELADON_CITY
0x083EED5A	rom	0xD	sMapsecName_FUCHSIA_CITY
0x083EED67	rom	0x10	sMapsecName_CINNABAR_ISLAND
0x083EED77	rom	0xF	sMapsecName_INDIGO_PLATEAU
0x083EED86	rom	0xD	sMapsecName_SAFFRON_CITY
0x083EED93	rom	0x8	sMapsecName_ROUTE_4_Clone
0x083EED9B	rom	0x9	sMapsecName_ROUTE_10_Clone
0x083EEDA4	rom	0x8	sMapsecName_ROUTE_1
0x083EEDAC	rom	0x8	sMapsecName_ROUTE_2
0x083EEDB4	rom	0x8	sMapsecName_ROUTE_3
0x083EEDBC	rom	0x8	sMapsecName_ROUTE_4
0x083EEDC4	rom	0x8	sMapsecName_ROUTE_5
0x083EEDCC	rom	0x8	sMapsecName_ROUTE_6
0x083EEDD4	rom	0x8	sMapsecName_ROUTE_7
0x083EEDDC	rom	0x8	sMapsecName_ROUTE_8
0x083EEDE4	rom	0x8	sMapsecName_ROUTE_9
0x083EEDEC	rom	0x9	sMapsecName_ROUTE_10
0x083EEDF5	rom	0x9	sMapsecName_ROUTE_11
0x083EEDFE	rom	0x9	sMapsecName_ROUTE_12
0x083EEE07	rom	0x9	sMapsecName_ROUTE_13
0x083EEE10	rom	0x9	sMapsecName_ROUTE_14
0x083EEE19	rom	0x9	sMapsecName_ROUTE_15
0x083EEE22	rom	0x9	sMapsecName_ROUTE_16
0x083EEE2B	rom	0x9	sMapsecName_ROUTE_17
0x083EEE34	rom	0x9	sMapsecName_ROUTE_18
0x083EEE3D	rom	0x9	sMapsecName_ROUTE_19
0x083EEE46	rom	0x9	sMapsecName_ROUTE_20
0x083EEE4F	rom	0x9	sMapsecName_ROUTE_21
0x083EEE58	rom	0x9	sMapsecName_ROUTE_22
0x083EEE61	rom	0x9	sMapsecName_ROUTE_23
0x083EEE6A	rom	0x9	sMapsecName_ROUTE_24
0x083EEE73	rom	0x9	sMapsecName_ROUTE_25
0x083EEE7C	rom	0x10	sMapsecName_VIRIDIAN_FOREST
0x083EEE8C	rom	0x9	sMapsecName_MT__MOON
0x083EEE95	rom	0xA	sMapsecName_S_S__ANNE
0x083EEE9F	rom	0x11	sMapsecName_UNDERGROUND_PATH
0x083EEEB0	rom	0x11	sMapsecName_UNDERGROUND_PATH_Clone
0x083EEEC1	rom	0xF	sMapsecName_DIGLETT_S_CAVE
0x083EEED0	rom	0xD	sMapsecName_VICTORY_ROAD
0x083EEEDD	rom	0xF	sMapsecName_ROCKET_HIDEOUT
0x083EEEEC	rom	0xA	sMapsecName_SILPH_CO_
0x083EEEF6	rom	0x10	sMapsecName_POK__MON_MANSION
0x083EEF06	rom	0xC	sMapsecName_SAFARI_ZONE
0x083EEF12	rom	0xF	sMapsecName_POK__MON_LEAGUE
0x083EEF21	rom	0xC	sMapsecName_ROCK_TUNNEL
0x083EEF2D	rom	0x10	sMapsecName_SEAFOAM_ISLANDS
0x083EEF3D	rom	0xE	sMapsecName_POK__MON_TOWER
0x083EEF4B	rom	0xE	sMapsecName_CERULEAN_CAVE
0x083EEF59	rom	0xC	sMapsecName_POWER_PLANT
0x083EEF65	rom	0xB	sMapsecName_ONE_ISLAND
0x083EEF70	rom	0xB	sMapsecName_TWO_ISLAND
0x083EEF7B	rom	0xD	sMapsecName_THREE_ISLAND
0x083EEF88	rom	0xC	sMapsecName_FOUR_ISLAND
0x083EEF94	rom	0xC	sMapsecName_FIVE_ISLAND
0x083EEFA0	rom	0xD	sMapsecName_SEVEN_ISLAND
0x083EEFAD	rom	0xB	sMapsecName_SIX_ISLAND
0x083EEFB8	rom	0xC	sMapsecName_KINDLE_ROAD
0x083EEFC4	rom	0xF	sMapsecName_TREASURE_BEACH
0x083EEFD3	rom	0xB	sMapsecName_CAPE_BRINK
0x083EEFDE	rom	0xC	sMapsecName_BOND_BRIDGE
0x083EEFEA	rom	0x10	sMapsecName_THREE_ISLE_PORT
0x083EEFFA	rom	0xD	sMapsecName_SEVII_ISLE_6
0x083EF007	rom	0xD	sMapsecName_SEVII_ISLE_7
0x083EF014	rom	0xD	sMapsecName_SEVII_ISLE_8
0x083EF021	rom	0xD	sMapsecName_SEVII_ISLE_9
0x083EF02E	rom	0x10	sMapsecName_RESORT_GORGEOUS
0x083EF03E	rom	0x10	sMapsecName_WATER_LABYRINTH
0x083EF04E	rom	0x11	sMapsecName_FIVE_ISLE_MEADOW
0x083EF05F	rom	0x10	sMapsecName_MEMORIAL_PILLAR
0x083EF06F	rom	0xF	sMapsecName_OUTCAST_ISLAND
0x083EF07E	rom	0xB	sMapsecName_GREEN_PATH
0x083EF089	rom	0xB	sMapsecName_WATER_PATH
0x083EF094	rom	0xC	sMapsecName_RUIN_VALLEY
0x083EF0A0	rom	0xE	sMapsecName_TRAINER_TOWER
0x083EF0AE	rom	0x10	sMapsecName_CANYON_ENTRANCE
0x083EF0BE	rom	0xF	sMapsecName_SEVAULT_CANYON
0x083EF0CD	rom	0xD	sMapsecName_TANOBY_RUINS
0x083EF0DA	rom	0xE	sMapsecName_SEVII_ISLE_22
0x083EF0E8	rom	0xE	sMapsecName_SEVII_ISLE_23
0x083EF0F6	rom	0xE	sMapsecName_SEVII_ISLE_24
0x083EF104	rom	0xB	sMapsecName_NAVEL_ROCK
0x083EF10F	rom	0xA	sMapsecName_MT__EMBER
0x083EF119	rom	0xD	sMapsecName_BERRY_FOREST
0x083EF126	rom	0xD	sMapsecName_ICEFALL_CAVE
0x083EF133	rom	0x11	sMapsecName_ROCKET_WAREHOUSE
0x083EF144	rom	0xE	sMapsecName_TRAINER_TOWER_Clone
0x083EF152	rom	0xC	sMapsecName_DOTTED_HOLE
0x083EF15E	rom	0xA	sMapsecName_LOST_CAVE
0x083EF168	rom	0xD	sMapsecName_PATTERN_BUSH
0x083EF175	rom	0xE	sMapsecName_ALTERING_CAVE
0x083EF183	rom	0x10	sMapsecName_TANOBY_CHAMBERS
0x083EF193	rom	0x10	sMapsecName_THREE_ISLE_PATH
0x083EF1A3	rom	0xB	sMapsecName_TANOBY_KEY
0x083EF1AE	rom	0xD	sMapsecName_BIRTH_ISLAND
0x083EF1BB	rom	0xF	sMapsecName_MONEAN_CHAMBER
0x083EF1CA	rom	0xF	sMapsecName_LIPTOO_CHAMBER
0x083EF1D9	rom	0xF	sMapsecName_WEEPTH_CHAMBER
0x083EF1E8	rom	0x10	sMapsecName_DILFORD_CHAMBER
0x083EF1F8	rom	0xF	sMapsecName_SCUFIB_CHAMBER
0x083EF207	rom	0xD	sMapsecName_RIXY_CHAMBER
0x083EF214	rom	0x10	sMapsecName_VIAPOIS_CHAMBER
0x083EF224	rom	0xA	sMapsecName_EMBER_SPA
0x083EF22E	rom	0xE	sMapsecName_CELADON_DEPT_
0x083EF23C	rom	0x20	sTopBar_Pal
0x083EF25C	rom	0x20	sMapCursor_Pal
0x083EF27C	rom	0x20	sPlayerIcon_RedPal
0x083EF29C	rom	0x20	sPlayerIcon_LeafPal
0x083EF2BC	rom	0x20	sMiscIcon_Pal
0x083EF2DC	rom	0xA0	sRegionMap_Pal
0x083EF37C	rom	0x8	sUnusedPalette
0x083EF384	rom	0x20	sSwitchMapCursor_Pal
0x083EF3A4	rom	0x20	sMapEdge_Pal
0x083EF3C4	rom	0x8C	sSwitchMapCursorLeft_Gfx
0x083EF450	rom	0x90	sSwitchMapCursorRight_Gfx
0x083EF4E0	rom	0x44	sMapCursor_Gfx
0x083EF524	rom	0x78	sPlayerIcon_Red
0x083EF59C	rom	0x80	sPlayerIcon_Leaf
0x083EF61C	rom	0xD14	sRegionMap_Gfx
0x083F0330	rom	0x250	sMapEdge_Gfx
0x083F0580	rom	0x31C	sSwitchMapMenu_Gfx
0x083F089C	rom	0x260	sKanto_Tilemap
0x083F0AFC	rom	0x110	sSevii123_Tilemap
0x083F0C0C	rom	0xE4	sSevii45_Tilemap
0x083F0CF0	rom	0x11C	sSevii67_Tilemap
0x083F0E0C	rom	0x110	sMapEdge_Tilemap
0x083F0F1C	rom	0x168	sSwitchMap_KantoSeviiAll_Tilemap
0x083F1084	rom	0x10C	sSwitchMap_KantoSevii123_Tilemap
0x083F1190	rom	0x13C	sSwitchMap_KantoSeviiAll2_Tilemap
0x083F12CC	rom	0x120	sMapEdge_TopLeft
0x083F13EC	rom	0x164	sMapEdge_TopRight
0x083F1550	rom	0xF0	sMapEdge_MidLeft
0x083F1640	rom	0xF8	sMapEdge_MidRight
0x083F1738	rom	0xCC	sMapEdge_BottomLeft
0x083F1804	rom	0xD4	sMapEdge_BottomRight
0x083F18D8	rom	0x30	sDungeonIcon
0x083F1908	rom	0x70	sFlyIcon
0x083F1978	rom	0x28	sBackground_Gfx
0x083F19A0	rom	0xB0	sBackground_Tilemap
0x083F1A50	rom	0x10	sRegionMapBgTemplates
0x083F1A60	rom	0x30	sRegionMapWindowTemplates
0x083F1A90	rom	0x3	sTextColor_White
0x083F1A94	rom	0x3	sTextColor_Green
0x083F1A98	rom	0x3	sTextColor_Red
0x083F1A9C	rom	0x8	sTextColorTable
0x083F1AA4	rom	0x5A	sSeviiMapsecs
0x083F1B00	rom	0xC	sRegionMapPermissions
0x083F1B0C	rom	0x18	sMapsecNameWindowDims
0x083F1B24	rom	0x8	sOamData_SwitchMapCursor
0x083F1B2C	rom	0xC	sAnim_SwitchMapCursor
0x083F1B38	rom	0x4	sAnims_SwitchMapCursor
0x083F1B3C	rom	0xE4	sDungeonInfo
0x083F1C20	rom	0x8	sOamData_MapEdge
0x083F1C28	rom	0x8	sAnim_MapEdge
0x083F1C30	rom	0x4	sAnims_MapEdge
0x083F1C34	rom	0x8	sMapWindowDim
0x083F1C3C	rom	0x8	sOamData_MapCursor
0x083F1C44	rom	0xC	sAnim_MapCursor
0x083F1C50	rom	0x4	sAnims_MapCursor
0x083F1C54	rom	0x8	sOamData_PlayerIcon
0x083F1C5C	rom	0x8	sAnim_PlayerIcon
0x083F1C64	rom	0x4	sAnims_PlayerIcon
0x083F1C68	rom	0x8	sOamData_FlyIcon
0x083F1C70	rom	0x8	sOamData_DungeonIcon
0x083F1C78	rom	0xC	sAnim_FlyIcon
0x083F1C84	rom	0x8	sAnim_DungeonIconVisited
0x083F1C8C	rom	0x8	sAnim_DungeonIconNotVisited
0x083F1C94	rom	0x4	sAnims_FlyIcon
0x083F1C98	rom	0x8	sAnims_DungeonIcon
0x083F1CA0	rom	0x4	sWinFlags
0x083F1CA4	rom	0x4	sWinRegs
0x083F1CA8	rom	0x3	sTextColors
0x083F1CAC	rom	0x1B4	sMapNames
0x083F1E60	rom	0x318	sMapSectionTopLeftCorners
0x083F2178	rom	0x318	sMapSectionDimensions
0x083F2490	rom	0x294	sRegionMapSections_Kanto
0x083F2724	rom	0x294	sRegionMapSections_Sevii123
0x083F29B8	rom	0x294	sRegionMapSections_Sevii45
0x083F2C4C	rom	0x294	sRegionMapSections_Sevii67
0x083F2EE0	rom	0x144	sMapFlyDestinations
0x083F3024	rom	0x2580	sPointillismPoints
0x083F55A4	rom	0x178	sBattleAICmdTable
0x083F571C	rom	0x1A	sDiscouragedPowerfulMoveEffects
0x083F5738	rom	0xCC	sTransitionTypes
0x083F5804	rom	0x20	sCaveTransitionPalette_White
0x083F5824	rom	0x20	sCaveTransitionPalette_Black
0x083F5844	rom	0x20	sCaveTransitionPalette
0x083F5864	rom	0x1E0	sCaveTransitionTilemap
0x083F5A44	rom	0xB4	sCaveTransitionTiles
0x083F5AF8	rom	0xC	sStringVarPtrs
0x083F5B04	rom	0x16	sSlotMachineRandomSeeds
0x083F5B1A	rom	0x16	sSlotMachineIndices
0x083F5B30	rom	0xC	sResortGorgeousDeluxeRewards
0x083F5B3C	rom	0x8	sElevatorCurrentFloorWindowTemplate
0x083F5B44	rom	0x40	sFloorNamePointers
0x083F5B84	rom	0x10	sFloorNameWidthPadding
0x083F5B94	rom	0x12	sElevatorWindowMetatilesGoingUp
0x083F5BA6	rom	0x12	sElevatorWindowMetatilesGoingDown
0x083F5BB8	rom	0x9	sElevatorAnimationDuration
0x083F5BC1	rom	0x9	sElevatorWindowAnimDuration
0x083F5BCC	rom	0x150	sListMenuLabels
0x083F5D2C	rom	0x6	sStarterSpecies
0x083F5D32	rom	0x24	sMartMaps
0x083F5D58	rom	0x198	sInsideOutsidePairs
0x083F5F26	rom	0x2A	sPokeCenter1FMaps
0x083F5F50	rom	0x180	sEliteFourLightingPalettes
0x083F60D0	rom	0x120	sChampionRoomLightingPalettes
0x083F61F0	rom	0xB	sEliteFourLightingTimers
0x083F61FB	rom	0x8	sChampionRoomLightingTimers
0x083F6203	rom	0x3	sCapeBrinkCompatibleSpecies
0x083F6206	rom	0x160	sDeoxysObjectPals
0x083F6366	rom	0x16	sDeoxysCoords
0x083F637C	rom	0xA	sDeoxysStepCaps
0x083F6388	rom	0xC0	sTiles
0x083F6448	rom	0x20	sPalette
0x083F6468	rom	0x800	sTilemap
0x083F6C68	rom	0x10	sWindowTemplates
0x083F6C78	rom	0x3	sTextColor
0x083F6C7C	rom	0x8	sBgTemplates
0x083F6C84	rom	0xC	sStringVars
0x083F6C90	rom	0x20	sUnusedPal
0x083F6CB0	rom	0x6F8	sMovingBackgroundTiles
0x083F73A8	rom	0x4E4	sMovingBackgroundMap1
0x083F788C	rom	0x4D4	sMovingBackgroundMap2
0x083F7D60	rom	0x20	sBlackPalette
0x083F7D80	rom	0x680	sUnusedTilemap
0x083F8400	rom	0x40	sBgAnim_Pal
0x083F8440	rom	0x5	sText_ShedinjaJapaneseName
0x083F8445	rom	0xA	sText_UnusedColors
0x083F844F	rom	0x1E	sText_UnusedArrows
0x083F846D	rom	0x10	sBgAnim_PaletteControl
0x083F847D	rom	0x320	sBgAnim_PalIndexes
0x083F87A0	rom	0x580	sBigPokeball_Gfx
0x083F8D20	rom	0x40	sSlidingPokeball_Tilemap
0x083F8D60	rom	0x200	sSlidingPokeball_Gfx
0x083F8F60	rom	0x1E0	sMugshotBanner_Gfx
0x083F9140	rom	0x800	sUnusedBrendan_Gfx
0x083F9940	rom	0x800	sUnusedLass_Gfx
0x083FA140	rom	0x1E0	sGridSquare_Gfx
0x083FA320	rom	0x48	sTasks_Intro
0x083FA368	rom	0x48	sTasks_Main
0x083FA3B0	rom	0x10	sTaskHandlers
0x083FA3C0	rom	0xC	sBlur_Funcs
0x083FA3CC	rom	0x8	sSwirl_Funcs
0x083FA3D4	rom	0x8	sShuffle_Funcs
0x083FA3DC	rom	0x18	sBigPokeball_Funcs
0x083FA3F4	rom	0xC	sPokeballsTrail_Funcs
0x083FA400	rom	0x4	sPokeballsTrail_StartXCoords
0x083FA404	rom	0xA	sPokeballsTrail_Delays
0x083FA40E	rom	0x4	sPokeballsTrail_Speeds
0x083FA414	rom	0x1C	sClockwiseWipe_Funcs
0x083FA430	rom	0x8	sRipple_Funcs
0x083FA438	rom	0xC	sWave_Funcs
0x083FA444	rom	0x20	sSpiral_AngleData
0x083FA464	rom	0x8	sSpiral_Funcs
0x083FA46C	rom	0x28	sMugshot_Funcs
0x083FA494	rom	0x5	sMugshotsTrainerPicIDsTable
0x083FA49A	rom	0x14	sMugshotsOpponentRotationScales
0x083FA4AE	rom	0x14	sMugshotsOpponentCoords
0x083FA4C4	rom	0x1C	sMugshotTrainerPicFuncs
0x083FA4E0	rom	0x4	sTrainerPicSlideSpeeds
0x083FA4E4	rom	0x4	sTrainerPicSlideAccels
0x083FA4E8	rom	0xC	sSlice_Funcs
0x083FA4F4	rom	0x14	sWhiteBarsFade_Funcs
0x083FA508	rom	0xC	sWhiteBarsFade_StartDelays
0x083FA514	rom	0xC	sGridSquares_Funcs
0x083FA520	rom	0x14	sAngledWipes_Funcs
0x083FA534	rom	0x46	sAngledWipes_MoveData
0x083FA57A	rom	0xE	sAngledWipes_EndDelays
0x083FA588	rom	0x8	sTransitionIntroFuncs
0x083FA590	rom	0x8	sSpriteImage_Pokeball
0x083FA598	rom	0x8	sSpriteAnim_Pokeball
0x083FA5A0	rom	0x4	sSpriteAnimTable_Pokeball
0x083FA5A4	rom	0x10	sSpriteAffineAnim_Pokeball1
0x083FA5B4	rom	0x10	sSpriteAffineAnim_Pokeball2
0x083FA5C4	rom	0x8	sSpriteAffineAnimTable_Pokeball
0x083FA5CC	rom	0x18	sSpriteTemplate_Pokeball
0x083FA5E4	rom	0x8	sOam_UnusedBrendanLass
0x083FA5EC	rom	0x8	sImageTable_UnusedBrendan
0x083FA5F4	rom	0x8	sImageTable_UnusedLass
0x083FA5FC	rom	0x8	sSpriteAnim_UnusedBrendanLass
0x083FA604	rom	0x4	sSpriteAnimTable_UnusedBrendanLass
0x083FA608	rom	0x30	sSpriteTemplate_UnusedBrendanLass
0x083FA638	rom	0x20	sFieldEffectPal_Pokeball
0x083FA658	rom	0x8	gSpritePalette_Pokeball
0x083FA660	rom	0x20	sMugshotPal_Lorelei
0x083FA680	rom	0x20	sMugshotPal_Bruno
0x083FA6A0	rom	0x20	sMugshotPal_Agatha
0x083FA6C0	rom	0x20	sMugshotPal_Lance
0x083FA6E0	rom	0x20	sMugshotPal_Blue
0x083FA700	rom	0x20	sMugshotPal_Red
0x083FA720	rom	0x20	sMugshotPal_Green
0x083FA740	rom	0x14	sOpponentMugshotsPals
0x083FA754	rom	0x8	sPlayerMugshotsPals
0x083FA75C	rom	0x20	sUnusedTrainerPalette
0x083FA77C	rom	0x8	sSpritePalette_UnusedTrainer
0x083FA784	rom	0x4B0	sBigPokeball_Tilemap
0x083FAC34	rom	0x500	sMugshotsTilemap
0x083FB134	rom	0xE4	sLinkPartnerBufferCommands
0x083FB218	rom	0x1	sText_Empty1
0x083FB219	rom	0x3	sText_Trainer1LoseText
0x083FB21C	rom	0x3	sText_Trainer2LoseText
0x083FB21F	rom	0x13	sText_Trainer1RecallPkmn1
0x083FB232	rom	0x3	sText_Trainer1WinText
0x083FB235	rom	0x13	sText_Trainer1RecallPkmn2
0x083FB248	rom	0x1A	sText_Trainer1RecallBoth
0x083FB262	rom	0x3	sText_Trainer2WinText
0x083FB265	rom	0x1D	sText_PkmnGainedEXP
0x083FB282	rom	0x1	sText_EmptyString4
0x083FB283	rom	0xB	sText_ABoosted
0x083FB28E	rom	0x16	sText_PkmnGrewToLv
0x083FB2A4	rom	0x12	sText_PkmnLearnedMove
0x083FB2B6	rom	0x1B	sText_TryToLearnMove1
0x083FB2D1	rom	0x2B	sText_TryToLearnMove2
0x083FB2FC	rom	0x23	sText_TryToLearnMove3
0x083FB31F	rom	0xF	sText_PkmnForgotMove
0x083FB32E	rom	0x15	sText_StopLearningMove
0x083FB343	rom	0x16	sText_DidNotLearnMove
0x083FB359	rom	0x12	sText_UseNextPkmn
0x083FB36B	rom	0x14	sText_AttackMissed
0x083FB37F	rom	0x15	sText_PkmnProtectedItself
0x083FB394	rom	0x1B	sText_AvoidedDamage
0x083FB3AF	rom	0x24	sText_PkmnMakesGroundMiss
0x083FB3D3	rom	0x17	sText_PkmnAvoidedAttack
0x083FB3EA	rom	0x16	sText_ItDoesntAffect
0x083FB400	rom	0xD	sText_AttackerFainted
0x083FB40D	rom	0xD	sText_TargetFainted
0x083FB41A	rom	0x19	sText_PlayerGotMoney
0x083FB433	rom	0x1E	sText_PlayerWhiteout
0x083FB451	rom	0x33	sText_PlayerPanicked
0x083FB484	rom	0x3A	sText_PlayerWhiteoutAgainstTrainer
0x083FB4BE	rom	0x39	sText_PlayerPaidAsPrizeMoney
0x083FB4F7	rom	0x11	sText_PlayerWhiteout2
0x083FB508	rom	0x1D	sText_PreventsEscape
0x083FB525	rom	0xF	sText_CantEscape2
0x083FB534	rom	0x11	sText_AttackerCantEscape
0x083FB545	rom	0x10	sText_HitXTimes
0x083FB555	rom	0x10	sText_PkmnFellAsleep
0x083FB565	rom	0x17	sText_PkmnMadeSleep
0x083FB57C	rom	0x16	sText_PkmnAlreadyAsleep
0x083FB592	rom	0x16	sText_PkmnAlreadyAsleep2
0x083FB5A8	rom	0x14	sText_PkmnWasntAffected
0x083FB5BC	rom	0x11	sText_PkmnWasPoisoned
0x083FB5CD	rom	0x15	sText_PkmnPoisonedBy
0x083FB5E2	rom	0x16	sText_PkmnHurtByPoison
0x083FB5F8	rom	0x18	sText_PkmnAlreadyPoisoned
0x083FB610	rom	0x16	sText_PkmnBadlyPoisoned
0x083FB626	rom	0x1B	sText_PkmnEnergyDrained
0x083FB641	rom	0xF	sText_PkmnWasBurned
0x083FB650	rom	0x13	sText_PkmnBurnedBy
0x083FB663	rom	0x18	sText_PkmnHurtByBurn
0x083FB67B	rom	0x17	sText_PkmnAlreadyHasBurn
0x083FB692	rom	0x15	sText_PkmnWasFrozen
0x083FB6A7	rom	0x18	sText_PkmnFrozenBy
0x083FB6BF	rom	0x14	sText_PkmnIsFrozen
0x083FB6D3	rom	0x12	sText_PkmnWasDefrosted
0x083FB6E5	rom	0x12	sText_PkmnWasDefrosted2
0x083FB6F7	rom	0x18	sText_PkmnWasDefrostedBy
0x083FB70F	rom	0x2B	sText_PkmnWasParalyzed
0x083FB73A	rom	0x30	sText_PkmnWasParalyzedBy
0x083FB76A	rom	0x20	sText_PkmnIsParalyzed
0x083FB78A	rom	0x19	sText_PkmnIsAlreadyParalyzed
0x083FB7A3	rom	0x1C	sText_PkmnHealedParalysis
0x083FB7BF	rom	0x16	sText_PkmnDreamEaten
0x083FB7D5	rom	0x19	sText_StatsWontIncrease
0x083FB7EE	rom	0x18	sText_StatsWontDecrease
0x083FB806	rom	0x20	sText_TeamStoppedWorking
0x083FB826	rom	0x1E	sText_FoeStoppedWorking
0x083FB844	rom	0x10	sText_PkmnIsConfused
0x083FB854	rom	0x1D	sText_PkmnHealedConfusion
0x083FB871	rom	0x14	sText_PkmnWasConfused
0x083FB885	rom	0x18	sText_PkmnAlreadyConfused
0x083FB89D	rom	0x11	sText_PkmnFellInLove
0x083FB8AE	rom	0x17	sText_PkmnInLove
0x083FB8C5	rom	0x1B	sText_PkmnImmobilizedByLove
0x083FB8E0	rom	0x13	sText_PkmnBlownAway
0x083FB8F3	rom	0x21	sText_PkmnChangedType
0x083FB914	rom	0xD	sText_PkmnFlinched
0x083FB921	rom	0x14	sText_PkmnRegainedHealth
0x083FB935	rom	0x11	sText_PkmnHPFull
0x083FB946	rom	0x18	sText_PkmnRaisedSpDef
0x083FB95E	rom	0x21	sText_PkmnRaisedSpDefALittle
0x083FB97F	rom	0x18	sText_PkmnRaisedDef
0x083FB997	rom	0x21	sText_PkmnRaisedDefALittle
0x083FB9B8	rom	0x21	sText_PkmnCoveredByVeil
0x083FB9D9	rom	0x26	sText_PkmnUsedSafeguard
0x083FB9FF	rom	0x30	sText_PkmnSafeguardExpired
0x083FBA2F	rom	0x12	sText_PkmnWentToSleep
0x083FBA41	rom	0x1D	sText_PkmnSleptHealthy
0x083FBA5E	rom	0x1B	sText_PkmnWhippedWhirlwind
0x083FBA79	rom	0x15	sText_PkmnTookSunlight
0x083FBA8E	rom	0x15	sText_PkmnLoweredHead
0x083FBAA3	rom	0xF	sText_PkmnIsGlowing
0x083FBAB2	rom	0x11	sText_PkmnFlewHigh
0x083FBAC3	rom	0xF	sText_PkmnDugHole
0x083FBAD2	rom	0x13	sText_PkmnHidUnderwater
0x083FBAE5	rom	0xE	sText_PkmnSprangUp
0x083FBAF3	rom	0x1E	sText_PkmnSqueezedByBind
0x083FBB11	rom	0x1E	sText_PkmnTrappedInVortex
0x083FBB2F	rom	0x1D	sText_PkmnTrappedBySandTomb
0x083FBB4C	rom	0x16	sText_PkmnWrappedBy
0x083FBB62	rom	0xF	sText_PkmnClamped
0x083FBB71	rom	0x12	sText_PkmnHurtBy
0x083FBB83	rom	0x16	sText_PkmnFreedFrom
0x083FBB99	rom	0x1B	sText_PkmnCrashed
0x083FBBB4	rom	0x1C	gBattleText_MistShroud
0x083FBBD0	rom	0x19	sText_PkmnProtectedByMist
0x083FBBE9	rom	0x16	gBattleText_GetPumped
0x083FBBFF	rom	0x17	sText_PkmnHitWithRecoil
0x083FBC16	rom	0x15	sText_PkmnProtectedItself2
0x083FBC2B	rom	0x21	sText_PkmnBuffetedBySandstorm
0x083FBC4C	rom	0x16	sText_PkmnPeltedByHail
0x083FBC62	rom	0x12	sText_PkmnsXWoreOff
0x083FBC74	rom	0xF	sText_PkmnSeeded
0x083FBC83	rom	0x16	sText_PkmnEvadedAttack
0x083FBC99	rom	0x25	sText_PkmnSappedByLeechSeed
0x083FBCBE	rom	0x13	sText_PkmnFastAsleep
0x083FBCD1	rom	0xC	sText_PkmnWokeUp
0x083FBCDD	rom	0x1F	sText_PkmnUproarKeptAwake
0x083FBCFC	rom	0x1A	sText_PkmnWokeUpInUproar
0x083FBD16	rom	0x15	sText_PkmnCausedUproar
0x083FBD2B	rom	0x18	sText_PkmnMakingUproar
0x083FBD43	rom	0x10	sText_PkmnCalmedDown
0x083FBD53	rom	0x21	sText_PkmnCantSleepInUproar
0x083FBD74	rom	0x12	sText_PkmnStockpiled
0x083FBD86	rom	0x1D	sText_PkmnCantStockpile
0x083FBDA3	rom	0x21	sText_PkmnCantSleepInUproar2
0x083FBDC4	rom	0x1E	sText_UproarKeptPkmnAwake
0x083FBDE2	rom	0x1E	sText_PkmnStayedAwakeUsing
0x083FBE00	rom	0x16	sText_PkmnStoringEnergy
0x083FBE16	rom	0x15	sText_PkmnUnleashedEnergy
0x083FBE2B	rom	0x23	sText_PkmnFatigueConfusion
0x083FBE4E	rom	0x13	sText_PkmnPickedUpItem
0x083FBE61	rom	0x12	sText_PkmnUnaffected
0x083FBE73	rom	0x18	sText_PkmnTransformedInto
0x083FBE8B	rom	0x16	sText_PkmnMadeSubstitute
0x083FBEA1	rom	0x1D	sText_PkmnHasSubstitute
0x083FBEBE	rom	0x24	sText_SubstituteDamaged
0x083FBEE2	rom	0x18	sText_PkmnSubstituteFaded
0x083FBEFA	rom	0x12	sText_PkmnMustRecharge
0x083FBF0C	rom	0x17	sText_PkmnRageBuilding
0x083FBF23	rom	0x16	sText_PkmnMoveWasDisabled
0x083FBF39	rom	0x18	sText_PkmnMoveDisabledNoMore
0x083FBF51	rom	0x12	sText_PkmnGotEncore
0x083FBF63	rom	0x13	sText_PkmnEncoreEnded
0x083FBF76	rom	0x13	sText_PkmnTookAim
0x083FBF89	rom	0x10	sText_PkmnSketchedMove
0x083FBF99	rom	0x26	sText_PkmnTryingToTakeFoe
0x083FBFBF	rom	0x14	sText_PkmnTookFoe
0x083FBFD3	rom	0x17	sText_PkmnReducedPP
0x083FBFEA	rom	0x12	sText_PkmnStoleItem
0x083FBFFC	rom	0x15	sText_TargetCantEscapeNow
0x083FC011	rom	0x1A	sText_PkmnFellIntoNightmare
0x083FC02B	rom	0x1D	sText_PkmnLockedInNightmare
0x083FC048	rom	0x2A	sText_PkmnLaidCurse
0x083FC072	rom	0x1E	sText_PkmnAfflictedByCurse
0x083FC090	rom	0x36	sText_SpikesScattered
0x083FC0C6	rom	0x16	sText_PkmnHurtBySpikes
0x083FC0DC	rom	0x12	sText_PkmnIdentified
0x083FC0EE	rom	0x1E	sText_PkmnPerishCountFell
0x083FC10C	rom	0x12	sText_PkmnBracedItself
0x083FC11E	rom	0x14	sText_PkmnEnduredHit
0x083FC132	rom	0xE	sText_MagnitudeStrength
0x083FC140	rom	0x28	sText_PkmnCutHPMaxedAttack
0x083FC168	rom	0x1D	sText_PkmnCopiedStatChanges
0x083FC185	rom	0x18	sText_PkmnGotFree
0x083FC19D	rom	0x14	sText_PkmnShedLeechSeed
0x083FC1B1	rom	0x15	sText_PkmnBlewAwaySpikes
0x083FC1C6	rom	0x15	sText_PkmnFledFromBattle
0x083FC1DB	rom	0x16	sText_PkmnForesawAttack
0x083FC1F1	rom	0x17	sText_PkmnTookAttack
0x083FC208	rom	0x1C	sText_PkmnChoseXAsDestiny
0x083FC224	rom	0xD	sText_PkmnAttack
0x083FC231	rom	0x23	sText_PkmnCenterAttention
0x083FC254	rom	0x19	sText_PkmnChargingPower
0x083FC26D	rom	0x1D	sText_NaturePowerTurnedInto
0x083FC28A	rom	0x20	sText_PkmnStatusNormal
0x083FC2AA	rom	0x1D	sText_PkmnSubjectedToTorment
0x083FC2C7	rom	0x1C	sText_PkmnTighteningFocus
0x083FC2E3	rom	0x17	sText_PkmnFellForTaunt
0x083FC2FA	rom	0x18	sText_PkmnReadyToHelp
0x083FC312	rom	0x25	sText_PkmnSwitchedItems
0x083FC337	rom	0x10	sText_PkmnObtainedX
0x083FC347	rom	0x10	sText_PkmnObtainedX2
0x083FC357	rom	0x20	sText_PkmnObtainedXYObtainedZ
0x083FC377	rom	0x13	sText_PkmnCopiedFoe
0x083FC38A	rom	0x10	sText_PkmnMadeWish
0x083FC39A	rom	0x15	sText_PkmnWishCameTrue
0x083FC3AF	rom	0x16	sText_PkmnPlantedRoots
0x083FC3C5	rom	0x26	sText_PkmnAbsorbedNutrients
0x083FC3EB	rom	0x23	sText_PkmnAnchoredItself
0x083FC40E	rom	0x13	sText_PkmnWasMadeDrowsy
0x083FC421	rom	0x18	sText_PkmnKnockedOff
0x083FC439	rom	0x28	sText_PkmnSwappedAbilities
0x083FC461	rom	0x22	sText_PkmnSealedOpponentMove
0x083FC483	rom	0x28	sText_PkmnWantsGrudge
0x083FC4AB	rom	0x2B	sText_PkmnLostPPGrudge
0x083FC4D6	rom	0x1A	sText_PkmnShroudedItself
0x083FC4F0	rom	0x28	sText_PkmnMoveBounced
0x083FC518	rom	0x25	sText_PkmnWaitsForTarget
0x083FC53D	rom	0x17	sText_PkmnSnatchedMove
0x083FC554	rom	0x22	sText_ElectricityWeakened
0x083FC576	rom	0x1B	sText_FireWeakened
0x083FC591	rom	0x11	sText_XFoundOneY
0x083FC5A2	rom	0x2A	sText_SoothingAroma
0x083FC5CC	rom	0x1C	sText_ItemsCantBeUsedNow
0x083FC5E8	rom	0xE	sText_ForXCommaYZ
0x083FC5F6	rom	0x16	sText_PkmnUsedXToGetPumped
0x083FC60C	rom	0x25	sText_PkmnLostFocus
0x083FC631	rom	0x15	sText_PkmnWasDraggedOut
0x083FC646	rom	0x14	sText_TheWallShattered
0x083FC65A	rom	0x16	sText_ButNoEffect
0x083FC670	rom	0x17	sText_PkmnHasNoMovesLeft
0x083FC687	rom	0x16	sText_PkmnMoveIsDisabled
0x083FC69D	rom	0x39	sText_PkmnCantUseMoveTorment
0x083FC6D6	rom	0x22	sText_PkmnCantUseMoveTaunt
0x083FC6F8	rom	0x1D	sText_PkmnCantUseMoveSealed
0x083FC715	rom	0x16	sText_PkmnMadeItRain
0x083FC72B	rom	0x1A	sText_PkmnRaisedSpeed
0x083FC745	rom	0x18	sText_PkmnProtectedBy
0x083FC75D	rom	0x23	sText_PkmnPreventsUsage
0x083FC780	rom	0x1D	sText_PkmnRestoredHPUsing
0x083FC79D	rom	0x19	sText_PkmnsXMadeYUseless
0x083FC7B6	rom	0x1D	sText_PkmnChangedTypeWith
0x083FC7D3	rom	0x1C	sText_PkmnPreventsParalysisWith
0x083FC7EF	rom	0x1A	sText_PkmnPreventsRomanceWith
0x083FC809	rom	0x1C	sText_PkmnPreventsPoisoningWith
0x083FC825	rom	0x1C	sText_PkmnPreventsConfusionWith
0x083FC841	rom	0x1F	sText_PkmnRaisedFirePowerWith
0x083FC860	rom	0x1B	sText_PkmnAnchorsItselfWith
0x083FC87B	rom	0x1A	sText_PkmnCutsAttackWith
0x083FC895	rom	0x1C	sText_PkmnPreventsStatLossWith
0x083FC8B1	rom	0x11	sText_PkmnHurtsWith
0x083FC8C2	rom	0x13	sText_PkmnTraced
0x083FC8D5	rom	0x18	sText_PkmnsXPreventsBurns
0x083FC8ED	rom	0x13	sText_PkmnsXBlocksY
0x083FC900	rom	0x13	sText_PkmnsXBlocksY2
0x083FC913	rom	0x22	sText_PkmnsXRestoredHPALittle2
0x083FC935	rom	0x20	sText_PkmnsXWhippedUpSandstorm
0x083FC955	rom	0x24	sText_PkmnsXIntensifiedSun
0x083FC979	rom	0x1A	sText_PkmnsXPreventsYLoss
0x083FC993	rom	0x17	sText_PkmnsXInfatuatedY
0x083FC9AA	rom	0x1D	sText_PkmnsXMadeYIneffective
0x083FC9C7	rom	0x1E	sText_PkmnsXCuredYProblem
0x083FC9E5	rom	0x1E	sText_ItSuckedLiquidOoze
0x083FCA03	rom	0x10	sText_PkmnTransformed
0x083FCA13	rom	0x19	sText_PkmnsXTookAttack
0x083FCA2C	rom	0x1D	gText_PkmnsXPreventsSwitching
0x083FCA49	rom	0x28	sText_PreventedFromWorking
0x083FCA71	rom	0x1D	sText_PkmnsXMadeItIneffective
0x083FCA8E	rom	0x1C	sText_PkmnsXPreventsFlinching
0x083FCAAA	rom	0x27	sText_PkmnsXPreventsYsZ
0x083FCAD1	rom	0x1E	sText_PkmnsXCuredItsYProblem
0x083FCAEF	rom	0x1D	sText_PkmnsXHadNoEffectOnY
0x083FCB0C	rom	0x1A	sText_TooScaredToMove
0x083FCB26	rom	0x1B	sText_GetOutGetOut
0x083FCB41	rom	0x9	sText_StatSharply
0x083FCB4A	rom	0x6	gBattleText_Rose
0x083FCB50	rom	0x9	sText_StatHarshly
0x083FCB59	rom	0x6	sText_StatFell
0x083FCB5F	rom	0xB	sText_AttackersStatRose
0x083FCB6A	rom	0xB	gText_DefendersStatRose
0x083FCB75	rom	0x1A	sText_UsingItemTheStatOfPkmnRose
0x083FCB8F	rom	0xB	sText_AttackersStatFell
0x083FCB9A	rom	0xB	sText_DefendersStatFell
0x083FCBA5	rom	0x20	sText_StatsWontIncrease2
0x083FCBC5	rom	0x1F	sText_StatsWontDecrease2
0x083FCBE4	rom	0x10	sText_CriticalHit
0x083FCBF4	rom	0x13	sText_OneHitKO
0x083FCC07	rom	0x2C	sText_123Poof
0x083FCC33	rom	0x6	sText_AndEllipsis
0x083FCC39	rom	0x22	sText_HMMovesCantBeForgotten
0x083FCC5B	rom	0x19	sText_NotVeryEffective
0x083FCC74	rom	0x16	sText_SuperEffective
0x083FCC8A	rom	0x16	sText_GotAwaySafely
0x083FCCA0	rom	0x1B	sText_PkmnFledUsingIts
0x083FCCBB	rom	0x17	sText_PkmnFledUsing
0x083FCCD2	rom	0x12	sText_WildPkmnFled
0x083FCCE4	rom	0x14	sText_PlayerDefeatedLinkTrainer
0x083FCCF8	rom	0x17	sText_TwoLinkTrainersDefeated
0x083FCD0F	rom	0x18	sText_PlayerLostAgainstLinkTrainer
0x083FCD27	rom	0x1A	sText_PlayerLostToTwo
0x083FCD41	rom	0x25	sText_PlayerBattledToDrawLinkTrainer
0x083FCD66	rom	0x2C	sText_PlayerBattledToDrawVsTwo
0x083FCD92	rom	0xD	sText_WildFled
0x083FCD9F	rom	0x14	sText_TwoWildFled
0x083FCDB3	rom	0x2F	sText_NoRunningFromTrainers
0x083FCDE2	rom	0xF	sText_CantEscape
0x083FCDF1	rom	0x1	sText_DontLeaveBirch
0x083FCDF2	rom	0x16	sText_ButNothingHappened
0x083FCE08	rom	0xF	sText_ButItFailed
0x083FCE17	rom	0x21	sText_ItHurtConfusion
0x083FCE38	rom	0x18	sText_MirrorMoveFailed
0x083FCE50	rom	0x14	sText_StartedToRain
0x083FCE64	rom	0x14	sText_DownpourStarted
0x083FCE78	rom	0x18	sText_RainContinues
0x083FCE90	rom	0x18	sText_DownpourContinues
0x083FCEA8	rom	0x12	sText_RainStopped
0x083FCEBA	rom	0x14	sText_SandstormBrewed
0x083FCECE	rom	0x15	sText_SandstormRages
0x083FCEE3	rom	0x18	sText_SandstormSubsided
0x083FCEFB	rom	0x19	sText_SunlightGotBright
0x083FCF14	rom	0x18	sText_SunlightStrong
0x083FCF2C	rom	0x14	sText_SunlightFaded
0x083FCF40	rom	0x14	sText_StartedHail
0x083FCF54	rom	0x18	sText_HailContinues
0x083FCF6C	rom	0x12	sText_HailStopped
0x083FCF7E	rom	0x22	sText_FailedToSpitUp
0x083FCFA0	rom	0x22	sText_FailedToSwallow
0x083FCFC2	rom	0x22	sText_WindBecameHeatWave
0x083FCFE4	rom	0x22	sText_StatChangesGone
0x083FD006	rom	0x1C	sText_CoinsScattered
0x083FD022	rom	0x26	sText_TooWeakForSubstitute
0x083FD048	rom	0x20	sText_SharedPain
0x083FD068	rom	0xF	sText_BellChimed
0x083FD077	rom	0x30	sText_FaintInThree
0x083FD0A7	rom	0x23	sText_NoPPLeft
0x083FD0CA	rom	0x27	sText_ButNoPPLeft
0x083FD0F1	rom	0x20	sText_PkmnIgnoresAsleep
0x083FD111	rom	0x13	sText_PkmnIgnoredOrders
0x083FD124	rom	0x11	sText_PkmnBeganToNap
0x083FD135	rom	0x16	sText_PkmnLoafing
0x083FD14B	rom	0xF	sText_PkmnWontObey
0x083FD15A	rom	0x10	sText_PkmnTurnedAway
0x083FD16A	rom	0x1C	sText_PkmnPretendNotNotice
0x083FD186	rom	0x32	sText_EnemyAboutToSwitchPkmn
0x083FD1B8	rom	0xF	sText_PkmnLearnedMove2
0x083FD1C7	rom	0x18	sText_PlayerDefeatedLinkTrainerTrainer1
0x083FD1DF	rom	0x1B	sText_ThrewARock
0x083FD1FA	rom	0x1E	sText_ThrewSomeBait
0x083FD218	rom	0x1A	sText_PkmnWatchingCarefully
0x083FD232	rom	0xD	sText_PkmnIsAngry
0x083FD23F	rom	0xE	sText_PkmnIsEating
0x083FD24D	rom	0x37	sText_OutOfSafariBalls
0x083FD284	rom	0x13	sText_WildPkmnAppeared
0x083FD297	rom	0x13	sText_WildPkmnAppeared2
0x083FD2AA	rom	0x15	sText_WildPkmnAppearedPause
0x083FD2BF	rom	0x1A	sText_TwoWildPkmnAppeared
0x083FD2D9	rom	0x34	sText_GhostAppearedCantId
0x083FD30D	rom	0x15	sText_TheGhostAppeared
0x083FD322	rom	0x2B	sText_SilphScopeUnveil
0x083FD34D	rom	0x19	sText_TheGhostWas
0x083FD366	rom	0x1D	sText_Trainer1WantsToBattle
0x083FD383	rom	0x14	sText_LinkTrainerWantsToBattle
0x083FD397	rom	0x1A	sText_TwoLinkTrainersWantToBattle
0x083FD3B1	rom	0x16	sText_Trainer1SentOutPkmn
0x083FD3C7	rom	0x1D	sText_Trainer1SentOutTwoPkmn
0x083FD3E4	rom	0x13	sText_Trainer1SentOutPkmn2
0x083FD3F7	rom	0x10	sText_LinkTrainerSentOutPkmn
0x083FD407	rom	0x17	sText_LinkTrainerSentOutTwoPkmn
0x083FD41E	rom	0x20	sText_TwoLinkTrainersSentOutPkmn
0x083FD43E	rom	0x10	sText_LinkTrainerSentOutPkmn2
0x083FD44E	rom	0x10	sText_LinkTrainerMultiSentOutPkmn
0x083FD45E	rom	0x8	sText_GoPkmn
0x083FD466	rom	0xF	sText_GoTwoPkmn
0x083FD475	rom	0x8	sText_GoPkmn2
0x083FD47D	rom	0xB	sText_DoItPkmn
0x083FD488	rom	0xF	sText_GoForItPkmn
0x083FD497	rom	0x1E	sText_YourFoesWeakGetEmPkmn
0x083FD4B5	rom	0x18	sText_LinkPartnerSentOutPkmnGoPkmn
0x083FD4CD	rom	0x1E	sText_PkmnThatsEnough
0x083FD4EB	rom	0xF	sText_PkmnComeBack
0x083FD4FA	rom	0x13	sText_PkmnOkComeBack
0x083FD50D	rom	0x15	sText_PkmnGoodComeBack
0x083FD522	rom	0x13	sText_Trainer1WithdrewPkmn
0x083FD535	rom	0x10	sText_LinkTrainer1WithdrewPkmn
0x083FD545	rom	0x10	sText_LinkTrainer2WithdrewPkmn
0x083FD555	rom	0x6	sText_WildPkmnPrefix
0x083FD55B	rom	0x5	sText_FoePkmnPrefix
0x083FD560	rom	0x4	sText_FoePkmnPrefix2
0x083FD564	rom	0x5	sText_AllyPkmnPrefix
0x083FD569	rom	0x4	sText_FoePkmnPrefix3
0x083FD56D	rom	0x5	sText_AllyPkmnPrefix2
0x083FD572	rom	0x4	sText_FoePkmnPrefix4
0x083FD576	rom	0x5	sText_AllyPkmnPrefix3
0x083FD57B	rom	0xB	sText_AttackerUsedX
0x083FD586	rom	0x2	sText_ExclamationMark
0x083FD588	rom	0x2	sText_ExclamationMark2
0x083FD58A	rom	0x2	sText_ExclamationMark3
0x083FD58C	rom	0x2	sText_ExclamationMark4
0x083FD58E	rom	0x2	sText_ExclamationMark5
0x083FD590	rom	0x3	sText_HP2
0x083FD593	rom	0x7	sText_Attack2
0x083FD59A	rom	0x8	sText_Defense2
0x083FD5A2	rom	0x6	sText_Speed
0x083FD5A8	rom	0x8	sText_SpAtk2
0x083FD5B0	rom	0x8	sText_SpDef2
0x083FD5B8	rom	0x9	sText_Accuracy
0x083FD5C1	rom	0xC	sText_Evasiveness
0x083FD5D0	rom	0x20	gStatNamesTable
0x083FD5F0	rom	0xF	sText_PokeblockWasTooSpicy
0x083FD5FF	rom	0xD	sText_PokeblockWasTooDry
0x083FD60C	rom	0xF	sText_PokeblockWasTooSweet
0x083FD61B	rom	0x10	sText_PokeblockWasTooBitter
0x083FD62B	rom	0xE	sText_PokeblockWasTooSour
0x083FD63C	rom	0x14	gPokeblockWasTooXStringTable
0x083FD650	rom	0xC	sText_PlayerUsedItem
0x083FD65C	rom	0x15	sText_OldManUsedItem
0x083FD671	rom	0x17	sText_PokedudeUsedItem
0x083FD688	rom	0xF	sText_Trainer1UsedItem
0x083FD697	rom	0x1E	sText_TrainerBlockedBall
0x083FD6B5	rom	0x12	sText_DontBeAThief
0x083FD6C7	rom	0x39	sText_ItDodgedBall
0x083FD700	rom	0x18	sText_YouMissedPkmn
0x083FD718	rom	0x20	sText_PkmnBrokeFree
0x083FD738	rom	0x1F	sText_ItAppearedCaught
0x083FD757	rom	0x16	sText_AarghAlmostHadIt
0x083FD76D	rom	0x1D	sText_ShootSoClose
0x083FD78A	rom	0x18	sText_ItDodgedBall2
0x083FD7A2	rom	0x1E	sText_GotchaPkmnCaught
0x083FD7C0	rom	0x20	sText_GotchaPkmnCaught2
0x083FD7E0	rom	0x24	sText_GiveNicknameCaptured
0x083FD804	rom	0x16	sText_PkmnSentToPC
0x083FD81A	rom	0xA	sText_Someones
0x083FD824	rom	0x7	sText_Bills
0x083FD82B	rom	0x25	sText_PkmnDataAddedToDex
0x083FD850	rom	0xF	sText_ItIsRaining
0x083FD85F	rom	0x17	sText_SandstormIsRaging
0x083FD876	rom	0x2C	sText_BoxIsFull
0x083FD8A2	rom	0xD	sText_EnigmaBerry
0x083FD8AF	rom	0x7	sText_BerrySuffix
0x083FD8B6	rom	0x3	sText_Enigma
0x083FD8B9	rom	0x19	sText_PkmnsItemCuredParalysis
0x083FD8D2	rom	0x16	sText_PkmnsItemCuredPoison
0x083FD8E8	rom	0x19	sText_PkmnsItemHealedBurn
0x083FD901	rom	0x16	sText_PkmnsItemDefrostedIt
0x083FD917	rom	0x20	sText_PkmnsItemWokeIt
0x083FD937	rom	0x25	sText_PkmnsItemSnappedOut
0x083FD95C	rom	0x1E	sText_PkmnsItemCuredProblem
0x083FD97A	rom	0x1F	sText_PkmnsItemNormalizedStatus
0x083FD999	rom	0x19	sText_PkmnsItemRestoredHealth
0x083FD9B2	rom	0x1A	sText_PkmnsItemRestoredPP
0x083FD9CC	rom	0x1D	sText_PkmnsItemRestoredStatus
0x083FD9E9	rom	0x22	sText_PkmnsItemRestoredHPALittle
0x083FDA0B	rom	0x28	sText_ItemAllowsOnlyYMove
0x083FDA33	rom	0x19	sText_PkmnHungOnWithX
0x083FDA4C	rom	0x1	gText_EmptyString3
0x083FDA4D	rom	0x2D	sText_PlayedFluteCatchyTune
0x083FDA7A	rom	0x12	sText_PlayedThe
0x083FDA8C	rom	0x25	sText_PkmnHearingFluteAwoke
0x083FDAB1	rom	0x31	sText_YouThrowABallNowRight
0x083FDAE2	rom	0xB0	gText_ForPetesSake
0x083FDB92	rom	0x5D	gText_TheTrainerThat
0x083FDBEF	rom	0x69	gText_TryBattling
0x083FDC58	rom	0x3D	gText_InflictingDamageIsKey
0x083FDC95	rom	0x3D	gText_LoweringStats
0x083FDCD2	rom	0x51	gText_KeepAnEyeOnHP
0x083FDD23	rom	0x41	gText_OakNoRunningFromATrainer
0x083FDD64	rom	0x87	gText_WinEarnsPrizeMoney
0x083FDDEB	rom	0x14F	gText_HowDissapointing
0x083FDF3C	rom	0x5D8	gBattleStringsTable
0x083FE514	rom	0xA	gMissStringIds
0x083FE51E	rom	0xA	gNoEscapeStringIds
0x083FE528	rom	0xC	gMoveWeatherChangeStringIds
0x083FE534	rom	0x4	gSandstormHailContinuesStringIds
0x083FE538	rom	0x4	gSandstormHailDmgStringIds
0x083FE53C	rom	0x4	gSandstormHailEndStringIds
0x083FE540	rom	0x6	gRainContinuesStringIds
0x083FE546	rom	0x6	gProtectLikeUsedStringIds
0x083FE54C	rom	0xC	gReflectLightScreenSafeguardStringIds
0x083FE558	rom	0xA	gLeechSeedStringIds
0x083FE562	rom	0x4	gRestUsedStringIds
0x083FE566	rom	0x4	gUproarOverTurnStringIds
0x083FE56A	rom	0x4	gStockpileUsedStringIds
0x083FE56E	rom	0x4	gWokeUpStringIds
0x083FE572	rom	0x4	gSwallowFailStringIds
0x083FE576	rom	0x6	gUproarAwakeStringIds
0x083FE57C	rom	0xC	gStatUpStringIds
0x083FE588	rom	0x8	gStatDownStringIds
0x083FE590	rom	0x10	gFirstTurnOfTwoStringIds
0x083FE5A0	rom	0xC	gWrappedStringIds
0x083FE5AC	rom	0x4	gMistUsedStringIds
0x083FE5B0	rom	0x4	gFocusEnergyUsedStringIds
0x083FE5B4	rom	0x4	gTransformUsedStringIds
0x083FE5B8	rom	0x4	gSubstituteUsedStringIds
0x083FE5BC	rom	0x4	gGotPoisonedStringIds
0x083FE5C0	rom	0x4	gGotParalyzedStringIds
0x083FE5C4	rom	0x4	gFellAsleepStringIds
0x083FE5C8	rom	0x4	gGotBurnedStringIds
0x083FE5CC	rom	0x4	gGotFrozenStringIds
0x083FE5D0	rom	0x4	gGotDefrostedStringIds
0x083FE5D4	rom	0x4	gKOFailedStringIds
0x083FE5D8	rom	0x4	gAttractUsedStringIds
0x083FE5DC	rom	0x4	gAbsorbDrainStringIds
0x083FE5E0	rom	0x4	gSportsUsedStringIds
0x083FE5E4	rom	0xA	gPartyStatusHealStringIds
0x083FE5EE	rom	0x4	gFutureMoveUsedStringIds
0x083FE5F2	rom	0x8	gBallEscapeStringIds
0x083FE5FA	rom	0x20	gWeatherStartsStringIds
0x083FE61A	rom	0x8	gInobedientStringIds
0x083FE622	rom	0x6	gSafariReactionStringIds
0x083FE628	rom	0xC	gTrainerItemCuredStatusStringIds
0x083FE634	rom	0x4	gBerryEffectStringIds
0x083FE638	rom	0x6	gBRNPreventionStringIds
0x083FE63E	rom	0x6	gPRLZPreventionStringIds
0x083FE644	rom	0x6	gPSNPreventionStringIds
0x083FE64A	rom	0x6	gItemSwapStringIds
0x083FE650	rom	0x4	gFlashFireStringIds
0x083FE654	rom	0x8	gCaughtMonStringIds
0x083FE65C	rom	0x8	gDoubleBattleRecallStrings
0x083FE664	rom	0xE	gTrappingMoves
0x083FE672	rom	0x16	gText_PkmnIsEvolving
0x083FE688	rom	0x2D	gText_CongratsPkmnEvolved
0x083FE6B5	rom	0x1B	gText_PkmnStoppedEvolving
0x083FE6D0	rom	0x5	gText_EllipsisQuestionMark
0x083FE6D5	rom	0x11	gText_WhatWillPkmnDo
0x083FE6E6	rom	0x14	gText_WhatWillPlayerThrow
0x083FE6FA	rom	0x1A	gText_WhatWillOldManDo
0x083FE714	rom	0x11	gText_LinkStandby
0x083FE725	rom	0x22	gText_BattleMenu
0x083FE747	rom	0x1F	gText_SafariZoneMenu
0x083FE766	rom	0x4	gText_MoveInterfacePP
0x083FE76A	rom	0x6	gText_MoveInterfaceType
0x083FE770	rom	0x9	gText_MoveInterfaceDynamicColors
0x083FE779	rom	0x18	gText_WhichMoveToForget_Unused
0x083FE791	rom	0xF	gText_BattleYesNoChoice
0x083FE7A0	rom	0x16	gText_BattleSwitchWhich
0x083FE7B6	rom	0x9	sText_UnusedColors
0x083FE7BF	rom	0x3	sText_RightArrow2
0x083FE7C2	rom	0x3	sText_Plus
0x083FE7C5	rom	0x2	sText_Dash
0x083FE7C7	rom	0xD	sText_MaxHP
0x083FE7D4	rom	0x8	sText_Attack
0x083FE7DC	rom	0x8	sText_Defense
0x083FE7E4	rom	0x8	sText_SpAtk
0x083FE7EC	rom	0x8	sText_SpDef
0x083FE7F4	rom	0x18	sStatNamesTable2
0x083FE80C	rom	0x10	gText_SafariBalls
0x083FE81C	rom	0xA	gText_HighlightRed_Left
0x083FE826	rom	0x4	gText_HighlightRed
0x083FE82A	rom	0x6	gText_Sleep
0x083FE830	rom	0x7	gText_Poison
0x083FE837	rom	0x5	gText_Burn
0x083FE83C	rom	0xA	gText_Paralysis
0x083FE846	rom	0x4	gText_Ice
0x083FE84A	rom	0xA	gText_Confusion
0x083FE854	rom	0x5	gText_Love
0x083FE859	rom	0x3	gText_BattleTowerBan_Space
0x083FE85C	rom	0x2	gText_BattleTowerBan_Newline1
0x083FE85E	rom	0x2	gText_BattleTowerBan_Newline2
0x083FE860	rom	0x4	gText_BattleTowerBan_Is1
0x083FE864	rom	0x4	gText_BattleTowerBan_Is2
0x083FE868	rom	0x8	gText_BadEgg
0x083FE870	rom	0x4	gText_BattleWallyName
0x083FE874	rom	0x7	gText_Win
0x083FE87B	rom	0x8	gText_Loss
0x083FE883	rom	0x8	gText_Draw
0x083FE88B	rom	0x4	sText_SpaceIs
0x083FE88F	rom	0x3	sText_ApostropheS
0x083FE892	rom	0xE	gText_ANormalMove
0x083FE8A0	rom	0x10	gText_AFightingMove
0x083FE8B0	rom	0xE	gText_AFlyingMove
0x083FE8BE	rom	0xE	gText_APoisonMove
0x083FE8CC	rom	0xE	gText_AGroundMove
0x083FE8DA	rom	0xC	gText_ARockMove
0x083FE8E6	rom	0xB	gText_ABugMove
0x083FE8F1	rom	0xD	gText_AGhostMove
0x083FE8FE	rom	0xD	gText_ASteelMove
0x083FE90B	rom	0xB	gText_AMysteryMove
0x083FE916	rom	0xC	gText_AFireMove
0x083FE922	rom	0xD	gText_AWaterMove
0x083FE92F	rom	0xD	gText_AGrassMove
0x083FE93C	rom	0x11	gText_AnElectricMove
0x083FE94D	rom	0xF	gText_APsychicMove
0x083FE95C	rom	0xC	gText_AnIceMove
0x083FE968	rom	0xE	gText_ADragonMove
0x083FE976	rom	0xC	gText_ADarkMove
0x083FE982	rom	0xB	gText_TimeBoard
0x083FE98D	rom	0xB	gText_ClearTime
0x083FE998	rom	0x11	gText_XMinYZSec
0x083FE9A9	rom	0x3	gText_Unused_1F
0x083FE9AC	rom	0x3	gText_Unused_2F
0x083FE9AF	rom	0x3	gText_Unused_3F
0x083FE9B2	rom	0x3	gText_Unused_4F
0x083FE9B5	rom	0x3	gText_Unused_5F
0x083FE9B8	rom	0x3	gText_Unused_6F
0x083FE9BB	rom	0x3	gText_Unused_7F
0x083FE9BE	rom	0x3	gText_Unused_8F
0x083FE9C4	rom	0x10	gTrainerTowerChallengeTypeTexts
0x083FE9D4	rom	0x10	sText_Trainer1Fled
0x083FE9E4	rom	0x1B	sText_PlayerLostAgainstTrainer1
0x083FE9FF	rom	0x28	sText_PlayerBattledToDrawTrainer1
0x083FEA28	rom	0x48	sATypeMove_Table
0x083FEA70	rom	0xEC	sGrammarMoveUsedTable
0x083FEB64	rom	0x12C	sTextOnWindowsInfo_Normal
0x083FEC90	rom	0x4	sNpcTextColorToFont
0x083FEC94	rom	0x38	sSaveSlotLayout
0x083FECD2	rom	0x4	gShadowEffectTemplateIds
0x083FECD6	rom	0x8	gShadowVerticalOffsets
0x083FECE0	rom	0x8	gFadeFootprintsTireTracksFuncs
0x083FECE8	rom	0xC	gAshFieldEffectFuncs
0x083FED00	rom	0xE4	sSafariBufferCommands
0x083FEDE4	rom	0x18	sScratchAnimCmds
0x083FEDFC	rom	0x4	sScratchAnimTable
0x083FEE00	rom	0x18	gScratchSpriteTemplate
0x083FEE18	rom	0x18	gBlackSmokeSpriteTemplate
0x083FEE30	rom	0x18	gBlackBallSpriteTemplate
0x083FEE48	rom	0x10	sOpeningEyeAnimCmds
0x083FEE58	rom	0x4	sOpeningEyeAnimTable
0x083FEE5C	rom	0x18	gOpeningEyeSpriteTemplate
0x083FEE74	rom	0x18	gWhiteHaloSpriteTemplate
0x083FEE8C	rom	0x18	gTealAlertSpriteTemplate
0x083FEEA4	rom	0x20	sMeanLookEyeAffineAnimCmds1
0x083FEEC4	rom	0x18	sMeanLookEyeAffineAnimCmds2
0x083FEEDC	rom	0x8	sMeanLookEyeAffineAnimTable
0x083FEEE4	rom	0x18	gMeanLookEyeSpriteTemplate
0x083FEEFC	rom	0x18	gSpikesSpriteTemplate
0x083FEF14	rom	0x18	sLeerAnimCmds
0x083FEF2C	rom	0x4	sLeerAnimTable
0x083FEF30	rom	0x18	gLeerSpriteTemplate
0x083FEF48	rom	0x8	sLetterZAnimCmds
0x083FEF50	rom	0x4	sLetterZAnimTable
0x083FEF54	rom	0x18	sLetterZAffineAnimCmds
0x083FEF6C	rom	0x4	sLetterZAffineAnimTable
0x083FEF70	rom	0x18	gLetterZSpriteTemplate
0x083FEF88	rom	0x14	sFangAnimCmds
0x083FEF9C	rom	0x4	sFangAnimTable
0x083FEFA0	rom	0x18	sFangAffineAnimCmds
0x083FEFB8	rom	0x4	sFangAffineAnimTable
0x083FEFBC	rom	0x18	gFangSpriteTemplate
0x083FEFD4	rom	0x18	sSpotlightAffineAnimCmds1
0x083FEFEC	rom	0x18	sSpotlightAffineAnimCmds2
0x083FF004	rom	0x8	sSpotlightAffineAnimTable
0x083FF00C	rom	0x18	gSpotlightSpriteTemplate
0x083FF024	rom	0x18	gClappingHandSpriteTemplate
0x083FF03C	rom	0x18	gClappingHand2SpriteTemplate
0x083FF054	rom	0x10	sRapidSpinAnimCmds
0x083FF064	rom	0x4	sRapidSpinAnimTable
0x083FF068	rom	0x18	gRapidSpinSpriteTemplate
0x083FF080	rom	0x20	sAffineAnims_Torment
0x083FF0A0	rom	0x8	sTriAttackTriangleAnimCmds
0x083FF0A8	rom	0x4	sTriAttackTriangleAnimTable
0x083FF0AC	rom	0x28	sTriAttackTriangleAffineAnimCmds
0x083FF0D4	rom	0x4	sTriAttackTriangleAffineAnimTable
0x083FF0D8	rom	0x18	gTriAttackTriangleSpriteTemplate
0x083FF0F0	rom	0x24	sEclipsingOrbAnimCmds
0x083FF114	rom	0x4	sEclipsingOrbAnimTable
0x083FF118	rom	0x18	gEclipsingOrbSpriteTemplate
0x083FF130	rom	0x20	DefenseCurlDeformMonAffineAnimCmds
0x083FF150	rom	0x18	gBatonPassPokeballSpriteTemplate
0x083FF168	rom	0x18	gWishStarSpriteTemplate
0x083FF180	rom	0x18	gMiniTwinklingStarSpriteTemplate
0x083FF198	rom	0x28	sStockpileDeformMonAffineAnimCmds
0x083FF1C0	rom	0x38	sSpitUpDeformMonAffineAnimCmds
0x083FF1F8	rom	0x18	gSwallowBlueOrbSpriteTemplate
0x083FF210	rom	0x30	sSwallowDeformMonAffineAnimCmds
0x083FF240	rom	0x4	sMorningSunLightBeamCoordsTable
0x083FF244	rom	0xC	sGreenStarAnimCmds1
0x083FF250	rom	0x8	sGreenStarAnimCmds2
0x083FF258	rom	0x8	sGreenStarAnimCmds3
0x083FF260	rom	0xC	sGreenStarAnimTable
0x083FF26C	rom	0x18	gGreenStarSpriteTemplate
0x083FF284	rom	0x4	sDoomDesireLightBeamCoordTable
0x083FF288	rom	0x5	sDoomDesireLightBeamDelayTable
0x083FF290	rom	0x20	sStrongFrustrationAffineAnimCmds
0x083FF2B0	rom	0x18	gWeakFrustrationAngerMarkSpriteTemplate
0x083FF2C8	rom	0x24	sSweetScentPetalAnimCmds1
0x083FF2EC	rom	0x24	sSweetScentPetalAnimCmds2
0x083FF310	rom	0x8	sSweetScentPetalAnimCmds3
0x083FF318	rom	0xC	sSweetScentPetalAnimCmdTable
0x083FF324	rom	0x18	gSweetScentPetalSpriteTemplate
0x083FF33C	rom	0x20	sUnusedPalette
0x083FF35C	rom	0x10	sPainSplitAnimCmds
0x083FF36C	rom	0x4	sPainSplitAnimCmdTable
0x083FF370	rom	0x18	gPainSplitProjectileSpriteTemplate
0x083FF388	rom	0x18	gFlatterConfettiSpriteTemplate
0x083FF3A0	rom	0x18	gFlatterSpotlightSpriteTemplate
0x083FF3B8	rom	0x18	gReversalOrbSpriteTemplate
0x083FF3D0	rom	0x30	sDeepInhaleAffineAnimCmds
0x083FF400	rom	0x20	sYawnCloudAffineAnimCmds1
0x083FF420	rom	0x20	sYawnCloudAffineAnimCmds2
0x083FF440	rom	0x20	sYawnCloudAffineAnimCmds3
0x083FF460	rom	0xC	sYawnCloudAffineAnimTable
0x083FF46C	rom	0x18	gYawnCloudSpriteTemplate
0x083FF484	rom	0x20	sSmokeBallEscapeCloudAffineAnimCmds1
0x083FF4A4	rom	0x20	sSmokeBallEscapeCloudAffineAnimCmds2
0x083FF4C4	rom	0x20	sSmokeBallEscapeCloudAffineAnimCmds3
0x083FF4E4	rom	0x20	sSmokeBallEscapeCloudAffineAnimCmds4
0x083FF504	rom	0x10	sSmokeBallEscapeCloudAffineAnimTable
0x083FF514	rom	0x18	gSmokeBallEscapeCloudSpriteTemplate
0x083FF52C	rom	0x20	sFacadeSquishAffineAnimCmds
0x083FF54C	rom	0x18	gFacadeSweatDropSpriteTemplate
0x083FF564	rom	0x30	sFacadeBlendColors
0x083FF594	rom	0xC	sRoarNoiseLineAnimCmds1
0x083FF5A0	rom	0xC	sRoarNoiseLineAnimCmds2
0x083FF5AC	rom	0x8	sRoarNoiseLineAnimTable
0x083FF5B4	rom	0x18	gRoarNoiseLineSpriteTemplate
0x083FF5CC	rom	0x18	gGlareEyeDotSpriteTemplate
0x083FF5E4	rom	0x18	gAssistPawprintSpriteTemplate
0x083FF5FC	rom	0x10	sBarrageBallAffineAnimCmds1
0x083FF60C	rom	0x18	sBarrageBallAffineAnimCmds2
0x083FF624	rom	0x8	sBarrageBallAffineAnimTable
0x083FF62C	rom	0x18	gBarrageBallSpriteTemplate
0x083FF644	rom	0x18	gSmellingSaltsHandSpriteTemplate
0x083FF65C	rom	0x18	sSmellingSaltsSquishAffineAnimCmds
0x083FF674	rom	0x18	gSmellingSaltExclamationSpriteTemplate
0x083FF68C	rom	0x18	gHelpingHandClapSpriteTemplate
0x083FF6A4	rom	0x18	gForesightMagnifyingGlassSpriteTemplate
0x083FF6BC	rom	0x18	gMeteorMashStarSpriteTemplate
0x083FF6D4	rom	0x18	sUnusedStarBurstSpriteTemplate
0x083FF6EC	rom	0x18	gBlockXSpriteTemplate
0x083FF704	rom	0x18	sUnusedItemBagStealSpriteTemplate
0x083FF71C	rom	0xC	sKnockOffStrikeAnimCmds
0x083FF728	rom	0x4	sKnockOffStrikeAnimTable
0x083FF72C	rom	0x18	sKnockOffStrikeAffineanimCmds1
0x083FF744	rom	0x18	sKnockOffStrikeAffineanimCmds2
0x083FF75C	rom	0x8	sKnockOffStrikeAffineAnimTable
0x083FF764	rom	0x18	gKnockOffStrikeSpriteTemplate
0x083FF77C	rom	0x10	sRecycleSpriteAffineAnimCmds
0x083FF78C	rom	0x4	sRecycleSpriteAffineAnimTable
0x083FF790	rom	0x18	gRecycleSpriteTemplate
0x083FF7A8	rom	0x30	sSlackOffSquishAffineAnimCmds
0x083FF7D8	rom	0x20	sLearnMoveInterfaceSpritesPalette
0x083FF7F8	rom	0x180	sLearnMoveInterfaceSpritesTiles
0x083FF978	rom	0xC	sMoveTutorMenuWindowFrameDimensions
0x083FF984	rom	0x7	sJPText_TatakauWaza
0x083FF98B	rom	0x5	sJPText_Taipu
0x083FF990	rom	0x4	sJPText_PP
0x083FF994	rom	0x6	sJPText_Iryoku
0x083FF99A	rom	0x7	sJPText_Meichuu
0x083FF9A4	rom	0x50	sMoveTutorMoveInfoHeaders
0x083FF9F4	rom	0x8	sSpriteSheet_ListMenuScrollIndicators
0x083FF9FC	rom	0x8	sSpritePalette_ListMenuScrollIndicators
0x083FFA04	rom	0x8	sOamdata_MoveRelearnerListMenuScrollIndicators
0x083FFA0C	rom	0x8	sAnimCmd_ScrollIndicatorDown
0x083FFA14	rom	0x8	sAnimCmd_ScrollIndicatorUp
0x083FFA1C	rom	0x8	sSpriteAnimTable_MoveRelearnerListMenuScrollIndicators
0x083FFA24	rom	0x18	sSpriteTemplate_MoveRelearnerListMenuScrollIndicators
0x083FFA3C	rom	0x8	sBgTemplates
0x083FFA44	rom	0x48	sWindowTemplates
0x083FFA8C	rom	0x8	sMoveRelearnerYesNoMenuTemplate
0x083FFA94	rom	0x18	sMoveRelearnerListMenuTemplate
0x083FFAAC	rom	0x13	sUnused
0x083FFABF	rom	0x4	sText_100
0x083FFAC4	rom	0x0	sBattleTowerTrainers
0x083FFB44	rom	0x12C0	gBattleTowerLevel50Mons
0x08400E04	rom	0x12C0	gBattleTowerLevel100Mons
0x084020C4	rom	0x0	sFemaleTrainerClasses
0x084020DA	rom	0xC	sShortStreakPrizes
0x084020E6	rom	0x12	sLongStreakPrizes
0x084020F8	rom	0xE4	sOakOldManBufferCommands
0x084021DC	rom	0xC	sItemStorageActionDescriptionPtrs
0x084021E8	rom	0x18	sMenuActions_TopMenu
0x08402200	rom	0x3	sItemOrder_BedroomPC
0x08402203	rom	0x3	sItemOrder_PlayerPC
0x08402208	rom	0x18	sMenuActions_ItemPc
0x08402220	rom	0x8	gNewGamePCItems
0x08402228	rom	0x20	sMenuActions_MailSubmenu
0x08402248	rom	0x8	sWindowTemplate_TopMenu_3Items
0x08402250	rom	0x8	sWindowTemplate_TopMenu_4Items
0x08402258	rom	0x8	sWindowTemplate_ItemStorageSubmenu
0x08402260	rom	0x20	sCopyright_Pal
0x08402280	rom	0x264	sCopyright_Gfx
0x084024E4	rom	0x14C	sCopyright_Map
0x08402630	rom	0x20	sGameFreakBg_Pal
0x08402650	rom	0x18	sGameFreakBg_Gfx
0x08402668	rom	0xA4	sGameFreakBg_Map
0x0840270C	rom	0x20	sGameFreakLogo_Pal
0x0840272C	rom	0x1CC	sGameFreakText_Gfx
0x084028F8	rom	0x14C	sGameFreakLogo_Gfx
0x08402A44	rom	0x20	sStar_Pal
0x08402A64	rom	0x58	sStar_Gfx
0x08402ABC	rom	0x20	sSparkles_Pal
0x08402ADC	rom	0x50	sSparklesSmall_Gfx
0x08402B2C	rom	0x1A8	sSparklesBig_Gfx
0x08402CD4	rom	0x60	sPresents_Gfx
0x08402D34	rom	0x20	sScene1_Grass_Pal
0x08402D54	rom	0x1294	sScene1_Grass_Gfx
0x08403FE8	rom	0x8E4	sScene1_Grass_Map
0x084048CC	rom	0x20	sScene1_Bg_Pal
0x084048EC	rom	0x690	sScene1_Bg_Gfx
0x08404F7C	rom	0x438	sScene1_Bg_Map
0x084053B4	rom	0x60	sScene2_Bg_Pal
0x08405414	rom	0x47C	sScene2_Bg_Gfx
0x08405890	rom	0x278	sScene2_Bg_Map
0x08405B08	rom	0x20	sScene2_Plants_Pal
0x08405B28	rom	0x1B4	sScene2_Plants_Gfx
0x08405CDC	rom	0xC8	sScene2_Plants_Map
0x08405DA4	rom	0x20	sGengar_Pal
0x08405DC4	rom	0x688	sScene2_GengarClose_Gfx
0x0840644C	rom	0x1E8	sScene2_GengarClose_Map
0x08406634	rom	0x20	sScene2_NidorinoClose_Pal
0x08406654	rom	0xB7C	sScene2_NidorinoClose_Gfx
0x084071D0	rom	0x260	sScene2_NidorinoClose_Map
0x08407430	rom	0x40	sScene3_Bg_Pal
0x08407470	rom	0x5E0	sScene3_Bg_Gfx
0x08407A50	rom	0x14C	sScene3_Bg_Map
0x08407B9C	rom	0x11FC	sScene3_GengarAnim_Gfx
0x08408D98	rom	0x4D4	sScene3_GengarAnim_Map
0x0840926C	rom	0x440	sScene2_Gengar_Gfx
0x084096AC	rom	0x20	sNidorino_Pal
0x084096CC	rom	0x350	sScene2_Nidorino_Gfx
0x08409A1C	rom	0x20	sScene3_Grass_Pal
0x08409A3C	rom	0x2E4	sScene3_Grass_Gfx
0x08409D20	rom	0x6C4	sScene3_GengarStatic_Gfx
0x0840A3E4	rom	0x1450	sScene3_Nidorino_Gfx
0x0840B834	rom	0x20	sScene3_Swipe_Pal
0x0840B854	rom	0x20	sScene3_RecoilDust_Pal
0x0840B874	rom	0x26C	sScene3_Swipe_Gfx
0x0840BAE0	rom	0xA0	sScene3_RecoilDust_Gfx
0x0840BB80	rom	0x8	sBgTemplates_GameFreakScene
0x0840BB88	rom	0x8	sBgTemplates_Scene1
0x0840BB90	rom	0x10	sBgTemplates_Scene2
0x0840BBA0	rom	0x8	sBgTemplates_Scene3
0x0840BBA8	rom	0x10	sWindowTemplates
0x0840BBB8	rom	0x8	sGengarZoomMatrixAnchors
0x0840BBC0	rom	0x28	sSpriteSheets_GameFreakScene
0x0840BBE8	rom	0x20	sSpritePalettes_GameFreakScene
0x0840BC08	rom	0x24	sTextSparkleCoords
0x0840BC2C	rom	0x8	sOam_Star
0x0840BC34	rom	0x8	sOam_SparklesSmall
0x0840BC3C	rom	0x14	sAnim_SparklesSmall_Loop
0x0840BC50	rom	0x14	sAnim_SparklesSmall_Once
0x0840BC64	rom	0x8	sAnims_SparklesSmall
0x0840BC6C	rom	0x18	sSpriteTemplate_Star
0x0840BC84	rom	0x18	sSpriteTemplate_SparklesSmall
0x0840BC9C	rom	0x8	sOam_SparklesBig
0x0840BCA4	rom	0x14	sAnim_SparklesBig
0x0840BCB8	rom	0x4	sAnims_SparklesBig
0x0840BCBC	rom	0x18	sSpriteTemplate_SparklesBig
0x0840BCD4	rom	0x8	sOam_GameFreakLogo
0x0840BCDC	rom	0x18	sSpriteTemplate_GameFreakLogoArt
0x0840BCF4	rom	0x8	sOam_PresentsText
0x0840BCFC	rom	0x18	sSpriteTemplate_Presents
0x0840BD14	rom	0x8	sOam_Scene3_Nidorino
0x0840BD1C	rom	0x8	sAnim_Scene3_Nidorino_Normal
0x0840BD24	rom	0x8	sAnim_Scene3_Nidorino_Cry
0x0840BD2C	rom	0x8	sAnim_Scene3_Nidorino_Crouch
0x0840BD34	rom	0x8	sAnim_Scene3_Nidorino_Hop
0x0840BD3C	rom	0x8	sAnim_Scene3_Nidorino_Attack
0x0840BD44	rom	0x14	sAnims_Scene3_Nidorino
0x0840BD58	rom	0x10	sAffineAnim_Scene3_Mons_Normal
0x0840BD68	rom	0x18	sAffineAnim_Scene3_Mons_Zoom
0x0840BD80	rom	0x8	sAffineAnims_Scene3_Mons
0x0840BD88	rom	0x18	sSpriteTemplate_Scene3_Nidorino
0x0840BDA0	rom	0x8	sOam_Scene2_Mons
0x0840BDA8	rom	0x18	sSpriteTemplate_Scene2_Nidorino
0x0840BDC0	rom	0x18	sSpriteTemplate_Scene2_Gengar
0x0840BDD8	rom	0x8	sOam_Grass
0x0840BDE0	rom	0x8	sAnim_Grass_Static
0x0840BDE8	rom	0xC	sAnim_Grass_Rustle
0x0840BDF4	rom	0x8	sAnims_Grass
0x0840BDFC	rom	0x18	sSpriteTemplate_Grass
0x0840BE14	rom	0x8	sOam_Scene3_Gengar
0x0840BE1C	rom	0x8	sAnim_Scene3_Gengar_TopLeft
0x0840BE24	rom	0x8	sAnim_Scene3_Gengar_TopRight
0x0840BE2C	rom	0x8	sAnim_Scene3_Gengar_BottomLeft
0x0840BE34	rom	0x8	sAnim_Scene3_Gengar_BottomRight
0x0840BE3C	rom	0x10	sAnims_Scene3_Gengar
0x0840BE4C	rom	0x18	sSpriteTemplate_Scene3_Gengar
0x0840BE64	rom	0x8	sOam_Swipe
0x0840BE6C	rom	0xC	sAnim_Swipe_Top
0x0840BE78	rom	0xC	sAnim_Swipe_Bottom
0x0840BE84	rom	0x8	sAnims_Swipe
0x0840BE8C	rom	0x18	sSpriteTemplate_GengarSwipe
0x0840BEA4	rom	0x8	sOam_RecoilDust
0x0840BEAC	rom	0x14	sAnim_RecoilDust
0x0840BEC0	rom	0x4	sAnims_RecoilDust
0x0840BEC4	rom	0x18	sSpriteTemplate_NidorinoRecoilDust
0x0840BEDC	rom	0x38	sFightSceneSpriteSheets
0x0840BF14	rom	0x28	sFightSceneSpritePalettes
0x0840BF3C	rom	0xC	sCaptureStar
0x0840BF48	rom	0x60	gBallParticleSpritesheets
0x0840BFA8	rom	0x60	gBallParticlePalettes
0x0840C008	rom	0x1C	sAnim_RegularBall
0x0840C024	rom	0x8	sAnim_MasterBall
0x0840C02C	rom	0x8	sAnim_NetDiveBall
0x0840C034	rom	0x8	sAnim_NestBall
0x0840C03C	rom	0xC	sAnim_LuxuryPremierBall
0x0840C048	rom	0x8	sAnim_UltraRepeatTimerBall
0x0840C050	rom	0x18	sAnims_BallParticles
0x0840C068	rom	0xC	sBallParticleAnimNums
0x0840C074	rom	0x30	sBallParticleAnimationFuncs
0x0840C0A4	rom	0x120	sBallParticlesSpriteTemplates
0x0840C1C4	rom	0x28	sBallOpenFadeColors
0x0840C1EC	rom	0x18	gSafariBaitSpriteTemplate
0x0840C204	rom	0x8	sSpriteAnim_SafariRock_0
0x0840C20C	rom	0x4	sSpriteAnimTable_SafariRock
0x0840C210	rom	0x18	gSafariRockTemplate
0x0840C228	rom	0xC	sHof_BgTemplates
0x0840C234	rom	0x8	sWindowTemplate
0x0840C23C	rom	0xC	sTextColors
0x0840C248	rom	0x10	sHallOfFame_ConfettiSpriteSheet
0x0840C258	rom	0x10	sHallOfFame_ConfettiSpritePalette
0x0840C268	rom	0x30	sHallOfFame_MonFullTeamPositions
0x0840C298	rom	0x18	sHallOfFame_MonHalfTeamPositions
0x0840C2B0	rom	0x8	sOamData_Confetti
0x0840C2B8	rom	0x8	sAnimCmd_Frame00
0x0840C2C0	rom	0x8	sAnimCmd_Frame01
0x0840C2C8	rom	0x8	sAnimCmd_Frame02
0x0840C2D0	rom	0x8	sAnimCmd_Frame03
0x0840C2D8	rom	0x8	sAnimCmd_Frame04
0x0840C2E0	rom	0x8	sAnimCmd_Frame05
0x0840C2E8	rom	0x8	sAnimCmd_Frame06
0x0840C2F0	rom	0x8	sAnimCmd_Frame07
0x0840C2F8	rom	0x8	sAnimCmd_Frame08
0x0840C300	rom	0x8	sAnimCmd_Frame09
0x0840C308	rom	0x8	sAnimCmd_Frame10
0x0840C310	rom	0x8	sAnimCmd_Frame11
0x0840C318	rom	0x8	sAnimCmd_Frame12
0x0840C320	rom	0x8	sAnimCmd_Frame13
0x0840C328	rom	0x8	sAnimCmd_Frame14
0x0840C330	rom	0x8	sAnimCmd_Frame15
0x0840C338	rom	0x8	sAnimCmd_Frame16
0x0840C340	rom	0x44	sSpriteAnimTable_Confetti
0x0840C384	rom	0x18	sSpriteTemplate_Confetti
0x0840C39C	rom	0x20	sHallOfFame_Pal
0x0840C3BC	rom	0x1CC	sHallOfFame_Gfx
0x0840C588	rom	0x14	sDummyHofMon
0x0840C59C	rom	0x6	sUnused
0x0840C5A4	rom	0xC	sBgTemplates_MonSceneOrTheEnd
0x0840C5B0	rom	0x20	sWindowTemplates_Charizard
0x0840C5D0	rom	0x20	sWindowTemplates_Venusaur
0x0840C5F0	rom	0x20	sWindowTemplates_Blastoise
0x0840C610	rom	0x20	sWindowTemplates_Pikachu
0x0840C630	rom	0x20	sCreditsMonCircle_Pal
0x0840C650	rom	0x404	sCreditsMonCircle_Tiles
0x0840CA54	rom	0x138	sCreditsMonCircle_Tilemap
0x0840CB8C	rom	0x69C	sCharizard1_Tiles
0x0840D228	rom	0x9E4	sCharizard2_Tiles
0x0840DC0C	rom	0x54C	sVenusaurUnused_Tiles
0x0840E158	rom	0x7AC	sVenusaur1_Tiles
0x0840E904	rom	0x93C	sVenusaur2_Tiles
0x0840F240	rom	0x704	sBlastoise1_Tiles
0x0840F944	rom	0x854	sBlastoise2_Tiles
0x08410198	rom	0x41C	sPikachu1_Tiles
0x084105B4	rom	0x548	sPikachu2_Tiles
0x08410AFC	rom	0x4	sUnused
0x08410B00	rom	0x20	sTheEnd_Pal
0x08410B20	rom	0x74	sTheEnd_Tiles
0x08410B94	rom	0x148	sTheEnd_Tilemap
0x08410CDC	rom	0x18	sCopyrightOrTheEndGfxHeaders
0x08410CF4	rom	0x108	sCreditsScript
0x08410DFC	rom	0x3	sTextColor_Unused
0x08410E00	rom	0x3	sTextColor_Header
0x08410E04	rom	0x3	sTextColor_Regular
0x08410E08	rom	0x8	sCreditsWindowTemplate
0x08410E10	rom	0x20	sPlayerMale_Pal
0x08410E30	rom	0xDC8	sPlayerMale_Tiles
0x08411BF8	rom	0x20	sPlayerFemale_Pal
0x08411C18	rom	0xD88	sPlayerFemale_Tiles
0x084129A0	rom	0x20	sRival_Pal
0x084129C0	rom	0x958	sRival_Tiles
0x08413318	rom	0x20	sGround_Grass_Pal
0x08413338	rom	0x51C	sGround_Grass_Tiles
0x08413854	rom	0x20	sGround_Dirt_Pal
0x08413874	rom	0x524	sGround_Dirt_Tiles
0x08413D98	rom	0x20	sGround_City_Pal
0x08413DB8	rom	0x564	sGround_City_Tiles
0x0841431C	rom	0x1E	sPlayerRivalSpriteParams
0x0841433C	rom	0x8	sOamData_PlayerOrRival
0x08414344	rom	0x1C	sAnimCmds_PlayerOrRival
0x08414360	rom	0x4	sAnimCmdTable_PlayerOrRival
0x08414364	rom	0x18	sPlayerOrRivalSpriteTemplate
0x0841437C	rom	0x8	sOamData_Ground
0x08414384	rom	0x24	sAnimCmds_GroundRunning
0x084143A8	rom	0x8	sAnimCmds_GroundStatic
0x084143B0	rom	0x4	sAnimCmdTable_GroundRunning
0x084143B4	rom	0x4	sAnimCmdTable_GroundStatic
0x084143B8	rom	0x18	sGroundSpriteTemplate_Running
0x084143D0	rom	0x18	sGroundSpriteTemplate_Static
0x084143E8	rom	0x20	sOverworldCmd_Route23
0x08414408	rom	0x20	sOverworldCmd_ViridianCity
0x08414428	rom	0x20	sOverworldCmd_PewterCity
0x08414448	rom	0x20	sOverworldCmd_CeruleanCity
0x08414468	rom	0x20	sOverworldCmd_Route25
0x08414488	rom	0x20	sOverworldCmd_VermilionCity
0x084144A8	rom	0x20	sOverworldCmd_Route10
0x084144C8	rom	0x20	sOverworldCmd_CeladonCity
0x084144E8	rom	0x20	sOverworldCmd_SaffronCity
0x08414508	rom	0x20	sOverworldCmd_Route17
0x08414528	rom	0x20	sOverworldCmd_FuchsiaCity
0x08414548	rom	0x20	sOverworldCmd_CinnabarIsland
0x08414568	rom	0x20	sOverworldCmd_Route21
0x08414588	rom	0x34	sOverworldMapScenes
0x084145BC	rom	0x204	sCreditsTexts
0x084147C0	rom	0xD28	sDiplomaGfx
0x084154E8	rom	0x46C	sDiplomaTilemap
0x08415954	rom	0x40	sDiplomaPal
0x08415994	rom	0x9	sText_Player
0x0841599D	rom	0x6	sText_Sama
0x084159A3	rom	0x8	sText_Hoenn
0x084159AB	rom	0x8	sText_National
0x084159B3	rom	0x3A	sText_CertifiesPokedexComplete
0x084159ED	rom	0xE	sText_GameFreak
0x084159FB	rom	0x7	sText_Empty
0x08415A04	rom	0x3	sTextColors
0x08415A08	rom	0x8	sBgTemplates
0x08415A10	rom	0x10	sWindowTemplates
0x08415A20	rom	0x1	gExpandedPlaceholder_Empty
0x08415A21	rom	0x1	gExpandedPlaceholder_Kun
0x08415A22	rom	0x1	gExpandedPlaceholder_Chan
0x08415A23	rom	0x9	gExpandedPlaceholder_Sapphire
0x08415A2C	rom	0x5	gExpandedPlaceholder_Ruby
0x08415A31	rom	0x5	gExpandedPlaceholder_Aqua
0x08415A36	rom	0x6	gExpandedPlaceholder_Magma
0x08415A3C	rom	0x7	gExpandedPlaceholder_Archie
0x08415A43	rom	0x6	gExpandedPlaceholder_Maxie
0x08415A49	rom	0x7	gExpandedPlaceholder_Kyogre
0x08415A50	rom	0x8	gExpandedPlaceholder_Groudon
0x08415A58	rom	0x4	gExpandedPlaceholder_Red
0x08415A5C	rom	0x6	gExpandedPlaceholder_Green
0x08415A62	rom	0x4	gText_EggNickname
0x08415A66	rom	0x8	gText_MenuPokemon
0x08415A6E	rom	0x9	gText_NewGame
0x08415A77	rom	0x9	gText_Continue
0x08415A80	rom	0xA	gTextJP_Options
0x08415A8A	rom	0xD	gUnusedText_MysteryGift
0x08415A97	rom	0xD	gText_MysteryGift
0x08415AA4	rom	0x27	gText_WirelessNotConnected
0x08415ACB	rom	0x43	gText_MysteryGiftCantUse
0x08415B0E	rom	0x25	gText_UpdatingSaveExternalData
0x08415B33	rom	0x11	gText_SaveFileUpdated
0x08415B44	rom	0x66	gText_SaveFileUpdatedSwapBackup
0x08415BAA	rom	0x55	gText_FailedUpdateSwapBackup
0x08415BFF	rom	0x43	gText_SaveFileCorrupted
0x08415C42	rom	0x22	gText_SaveFileHasBeenDeleted
0x08415C64	rom	0x2B	gText_1MSubCircuitBoardNotInstalled
0x08415C8F	rom	0x4A	gTextJP_InternalBatteryHasRunDry
0x08415CD9	rom	0x7	gText_PlayerUnused
0x08415CE0	rom	0x8	gText_PokedexUnused
0x08415CE8	rom	0x5	gText_MainMenuTime
0x08415CED	rom	0x9	gText_BadgesUnused
0x08415CF6	rom	0x5	gText_AButton
0x08415CFB	rom	0x5	gText_BButton
0x08415D00	rom	0x5	gText_RButton
0x08415D05	rom	0x5	gText_LButton
0x08415D0A	rom	0x8	gText_Start
0x08415D12	rom	0x8	gText_Select
0x08415D1A	rom	0x8	gText_ControlPad
0x08415D22	rom	0xA	gText_LButtonRButton
0x08415D2C	rom	0x9	gText_Controls
0x08415D38	rom	0xD	gText_PickOk
0x08415D48	rom	0x7	gText_ABUTTONNext
0x08415D50	rom	0xE	gText_ABUTTONNext_BBUTTONBack
0x08415D60	rom	0x17	gText_UPDOWNPick_ABUTTONNext_BBUTTONBack
0x08415D78	rom	0x12	gText_UPDOWNPick_ABUTTONBBUTTONCancel
0x08415D8C	rom	0x7	gText_ABUTTONExit
0x08415D93	rom	0x4	gText_Boy
0x08415D97	rom	0x5	gText_Girl
0x08415D9C	rom	0x1C	gText_PokedexTableOfContents
0x08415DB8	rom	0xC	gText_PickOK
0x08415DC4	rom	0x6	gText_Seen
0x08415DCA	rom	0x7	gText_Owned
0x08415DD1	rom	0x6	gText_Kanto
0x08415DD7	rom	0x9	gText_National
0x08415DE0	rom	0x17	gText_PokemonHabitats
0x08415DF7	rom	0x12	gText_DexCategory_GrasslandPkmn
0x08415E09	rom	0xF	gText_DexCategory_ForestPkmn
0x08415E18	rom	0x15	gText_DexCategory_WatersEdgePkmn
0x08415E2D	rom	0xC	gText_DexCategory_SeaPkmn
0x08415E39	rom	0xD	gText_DexCategory_CavePkmn
0x08415E46	rom	0x11	gText_DexCategory_MountainPkmn
0x08415E57	rom	0x16	gText_DexCategory_RoughTerrainPkmn
0x08415E6D	rom	0xE	gText_DexCategory_UrbanPkmn
0x08415E7B	rom	0xD	gText_DexCategory_RarePkmn
0x08415E88	rom	0xD	gText_Search
0x08415E95	rom	0xF	gText_NumericalMode
0x08415EA4	rom	0xC	gText_AToZMode
0x08415EB0	rom	0xC	gText_PokedexOther
0x08415EBC	rom	0xB	gTextJP_HowToUsePokedex
0x08415EC7	rom	0xE	gText_ClosePokedex
0x08415ED5	rom	0xA	gText_TypeMode
0x08415EDF	rom	0xE	gText_LightestMode
0x08415EED	rom	0xE	gText_SmallestMode
0x08415EFB	rom	0x13	gText_PokemonList
0x08415F0E	rom	0x16	gText_NumericalModeKanto
0x08415F24	rom	0x19	gText_NumericalModeNational
0x08415F3D	rom	0xD	gText_PokemonListNoColor
0x08415F4A	rom	0x7	gText_SearchNoColor
0x08415F51	rom	0x15	gText_PickOKExit
0x08415F66	rom	0x6	gText_5Dashes
0x08415F6C	rom	0x23	gText_PickFlipPageCheckCancel
0x08415F8F	rom	0x9	gText_PokedexPokemon
0x08415F98	rom	0x3	gText_HT
0x08415F9B	rom	0x3	gText_WT
0x08415F9E	rom	0x2	gText_PokedexQuotationMark
0x08415FA0	rom	0x5	gText_Lbs
0x08415FA5	rom	0x8	gTextJP_PokemonData
0x08415FAD	rom	0x6	gText_Cry
0x08415FB3	rom	0x15	gText_NextDataCancel
0x08415FC8	rom	0x7	gText_Next
0x08415FCF	rom	0x19	gText_CancelPreviousData
0x08415FE8	rom	0x5	gText_Area
0x08415FED	rom	0x5	gText_Size
0x08415FF2	rom	0xD	gText_AreaUnknown
0x08415FFF	rom	0x3	gText_PokedexNo
0x08416002	rom	0x5	gText_Page
0x08416008	rom	0x1D	gText_WelcomeToHOF
0x08416028	rom	0x3F	gText_HOFDexRating
0x08416068	rom	0x27	gText_HOFDexSaving
0x08416090	rom	0x24	gText_HOFCorrupted
0x084160B4	rom	0x14	gText_HOFNumber
0x084160C8	rom	0x22	gText_LeagueChamp
0x084160EC	rom	0x5	gText_Number
0x084160F4	rom	0x5	gText_Level
0x084160FC	rom	0x5	gText_Name
0x08416104	rom	0x6	gText_IDNumber
0x0841610A	rom	0x29	gText_BirchInTrouble
0x08416133	rom	0x13	gText_ConfirmStarterChoice
0x08416146	rom	0x5	gText_Pokemon4
0x0841614B	rom	0x2F	gText_SaveError_PleaseExchangeBackupMemory
0x0841617A	rom	0x7	gSaveStatName_Player
0x08416181	rom	0x7	gSaveStatName_Badges
0x08416188	rom	0x8	gSaveStatName_Pokedex
0x08416190	rom	0x5	gSaveStatName_Time
0x08416195	rom	0xB	gText_FlyToWhere
0x084161A0	rom	0x4	gOtherText_Use
0x084161A4	rom	0x5	gOtherText_Toss
0x084161A9	rom	0x9	gOtherText_Register
0x084161B2	rom	0x5	gOtherText_Give
0x084161B7	rom	0x5	gMenuText_Confirm
0x084161BC	rom	0x5	gOtherText_Walk
0x084161C1	rom	0x7	gFameCheckerText_Cancel
0x084161C8	rom	0x5	gOtherText_Exit
0x084161CD	rom	0x1	gString_Dummy
0x084161CE	rom	0x6	gText_Cancel7
0x084161D4	rom	0x5	gText_Item
0x084161D9	rom	0x5	gText_Mail
0x084161DE	rom	0x5	gText_Take
0x084161E3	rom	0x6	gText_Store
0x084161E9	rom	0x6	gOtherText_Check
0x084161EF	rom	0x5	gText_PokeSum_Item_None
0x084161F4	rom	0x5	gOtherText_Open
0x084161F9	rom	0x9	gOtherText_Deselect
0x08416202	rom	0x4	gText_PokeSum_DexNoUnknown
0x08416206	rom	0x6	gText_FiveMarks
0x0841620C	rom	0x2	gText_Slash
0x0841620E	rom	0x2	gText_PokeSum_OneHyphen
0x08416210	rom	0x3	gText_PokeSum_TwoHyphens
0x08416213	rom	0x4	gText_ThreeHyphens
0x08416217	rom	0x8	gText_SevenHyphens
0x0841621F	rom	0x2	gText_MaleSymbol
0x08416221	rom	0x2	gText_FemaleSymbol
0x08416223	rom	0x3	gText_Lv
0x08416226	rom	0x6	gText_NumberClear01
0x0841622C	rom	0x3	gText_Plus
0x0841622F	rom	0x4	gText_Escape3
0x08416233	rom	0x5	gText_IDNumber2
0x08416238	rom	0x3	gText_PokeSum_PP
0x0841623B	rom	0x2	gText_SelectorArrow2
0x0841623D	rom	0x7	gText_YesNo
0x08416244	rom	0x1E	gText_GoBackToThePreviousMenu
0x08416262	rom	0x1B	gText_WhatWouldYouLikeToDo
0x0841627D	rom	0x8	gText_MenuPokedex
0x08416285	rom	0x4	gText_MenuBag
0x08416289	rom	0x5	gText_MenuPokenav
0x0841628E	rom	0x3	gText_MenuPlayer
0x08416291	rom	0x5	gText_MenuSave
0x08416296	rom	0x7	gText_MenuOption
0x0841629D	rom	0x5	gText_MenuExit
0x084162A2	rom	0x7	gText_MenuRetire
0x084162A9	rom	0x10	gText_MenuSafariStats
0x084162B9	rom	0x4	gText_TimesStrVar1
0x084162BD	rom	0x7	gText_Berry
0x084162C4	rom	0x9	gText_Coins
0x084162CD	rom	0x6	gText_Items2
0x084162D3	rom	0xB	gText_PokeBalls2
0x084162DE	rom	0xA	gText_KeyItems2
0x084162E8	rom	0xD	gText_DepositItem
0x084162F5	rom	0xA	gText_CloseBag
0x084162FF	rom	0x10	gText_Var1IsSelected
0x0841630F	rom	0x1B	gText_CantWriteMailHere
0x0841632A	rom	0x15	gText_ThereIsNoPokemon
0x0841633F	rom	0x1F	gOtherText_WhereShouldTheStrVar1BePlaced
0x0841635E	rom	0x16	gText_ItemCantBeHeld
0x08416374	rom	0x1B	gText_TheStrVar1CantBeHeldHere
0x0841638F	rom	0x18	gText_DepositHowManyStrVars1
0x084163A7	rom	0x14	gText_DepositedStrVar2StrVar1s
0x084163BB	rom	0x20	gText_NoRoomToStoreItems
0x084163DB	rom	0x19	gText_TossOutHowManyStrVar1s
0x084163F4	rom	0x15	gText_ThrewAwayStrVar2StrVar1s
0x08416409	rom	0x1C	gText_ThrowAwayStrVar2OfThisItemQM
0x08416425	rom	0x2C	gText_OakForbidsUseOfItemHere
0x08416451	rom	0x25	gText_CantDismountBike
0x08416476	rom	0x48	gText_ItemfinderResponding
0x084164BE	rom	0x55	gText_ItemfinderShakingWildly
0x08416513	rom	0x24	gText_NopeTheresNoResponse
0x08416537	rom	0x11	gText_CoinCase
0x08416548	rom	0xE	gText_BootedUpTM
0x08416556	rom	0xF	gText_BootedUpHM
0x08416565	rom	0x27	gText_TMHMContainedVar1
0x0841658C	rom	0x12	gText_PlayerUsedVar2
0x0841659E	rom	0x34	gText_RepelEffectsLingered
0x084165D2	rom	0x2E	gText_UsedVar2WildLured
0x08416600	rom	0x31	gText_UsedVar2WildRepelled
0x08416631	rom	0x13	gText_BoxFull
0x08416644	rom	0x11	gText_PowderQty
0x08416655	rom	0x7	gOtherText_Powder
0x0841665C	rom	0x34	gText_PlayedPokeFluteCatchy
0x08416690	rom	0x17	gText_PlayedPokeFlute
0x084166A7	rom	0x2C	gText_PokeFluteAwakenedMon
0x084166D3	rom	0x8	gText_TMCase
0x084166DB	rom	0x6	gText_Close
0x084166E1	rom	0x1E	gText_TMCaseWillBePutAway
0x084166FF	rom	0x4	gText_FontSmall
0x08416703	rom	0x4	gText_FontNormal
0x08416707	rom	0x3	gText_EmptySpace
0x0841670A	rom	0xC	gText_BerryPouch
0x08416716	rom	0x22	gText_TheBerryPouchWillBePutAway
0x08416738	rom	0x4	gText_ShopBuy
0x0841673C	rom	0x5	gText_ShopSell
0x08416741	rom	0x8	gText_ShopQuit
0x08416749	rom	0xE	gText_InBagVar1
0x08416757	rom	0xF	gText_QuitShopping
0x08416766	rom	0x28	gText_Var1CertainlyHowMany
0x0841678E	rom	0x2D	gText_Var1AndYouWantedVar2
0x084167BB	rom	0x15	gText_Var1IsItThatllBeVar2
0x084167D0	rom	0x17	gText_YouWantedVar1ThatllBeVar2
0x084167E7	rom	0x19	gText_HereYouGoThankYou
0x08416800	rom	0x22	gText_ThankYouIllSendItHome
0x08416822	rom	0x20	gText_ThanksIllSendItHome
0x08416842	rom	0x1F	gText_YouDontHaveMoney
0x08416861	rom	0x27	gText_NoMoreRoomForThis
0x08416888	rom	0x16	gText_SpaceForVar1Full
0x0841689E	rom	0x21	gText_AnythingElseICanHelp
0x084168BF	rom	0x18	gText_CanIHelpWithAnythingElse
0x084168D7	rom	0x1A	gText_ThrowInPremierBall
0x084168F1	rom	0x20	gText_OhNoICantBuyThat
0x08416911	rom	0x25	gText_HowManyWouldYouLikeToSell
0x08416936	rom	0x23	gText_ICanPayThisMuch_WouldThatBeOkay
0x08416959	rom	0x21	gText_TurnedOverItemsWorthYen
0x0841697A	rom	0x4	gText_PokedollarVar1
0x0841697E	rom	0x6	gText_Shift
0x08416984	rom	0x9	gText_SendOut
0x0841698D	rom	0x7	gText_Switch2
0x08416994	rom	0x8	gText_Summary5
0x0841699C	rom	0x7	gText_Moves
0x084169A3	rom	0x6	gText_Enter
0x084169A9	rom	0x9	gText_NoEntry
0x084169B2	rom	0x5	gText_Take2
0x084169B7	rom	0x5	gText_Read2
0x084169BC	rom	0x6	gText_Trade4
0x084169C2	rom	0x3	gText_ItemEffect_HP
0x084169C5	rom	0x8	gText_ItemEffect_SpAtk
0x084169CD	rom	0x8	gText_ItemEffect_SpDef
0x084169D5	rom	0x3	gText_PartyMenu_OK
0x084169D8	rom	0x1	gText_Empty
0x084169D9	rom	0x3	gText_PauseUntilPress
0x084169DC	rom	0x1C	gText_WontHaveEffect
0x084169F8	rom	0x26	gText_CantBeUsedOnPkmn
0x08416A1E	rom	0x1C	gText_PkmnCantSwitchOut
0x08416A3A	rom	0x1B	gText_PkmnAlreadyInBattle
0x08416A55	rom	0x20	gText_PkmnAlreadySelected
0x08416A75	rom	0x23	gText_PkmnHasNoEnergy
0x08416A98	rom	0x33	gText_CantSwitchWithAlly
0x08416ACB	rom	0x17	gText_EggCantBattle
0x08416AE2	rom	0x34	gText_CantUseUntilNewBadge
0x08416B16	rom	0x28	gText_NoMoreThanThreeMayEnter
0x08416B3E	rom	0x26	gText_NoMoreThanTwoMayEnter
0x08416B64	rom	0x22	gText_SendMailToPC
0x08416B86	rom	0x20	gText_MailSentToPC
0x08416BA6	rom	0x1D	gText_PCMailboxFull
0x08416BC3	rom	0x38	gText_MailMessageWillBeLost
0x08416BFB	rom	0x2F	gText_RemoveMailBeforeItem
0x08416C2A	rom	0x1F	gText_PkmnWasGivenItem
0x08416C49	rom	0x46	gText_PkmnAlreadyHoldingItemSwitch
0x08416C8F	rom	0x1D	gText_PkmnNotHolding
0x08416CAC	rom	0x1B	gText_ReceivedItemFromPkmn
0x08416CC7	rom	0x23	gText_MailTakenFromPkmn
0x08416CEA	rom	0x2D	gText_SwitchedPkmnItem
0x08416D17	rom	0x38	gText_PkmnHoldingItemCantHoldMail
0x08416D4F	rom	0x29	gText_MailTransferredFromMailbox
0x08416D78	rom	0x3B	gText_BagFullCouldNotRemoveItem
0x08416DB3	rom	0xF	gText_PkmnLearnedMove3
0x08416DC2	rom	0x35	gText_PkmnCantLearnMove
0x08416DF7	rom	0x74	gText_PkmnNeedsToReplaceMove
0x08416E6B	rom	0x19	gText_StopLearningMove2
0x08416E84	rom	0x20	gText_MoveNotLearned
0x08416EA4	rom	0x22	gText_WhichMoveToForget
0x08416EC6	rom	0x4A	gText_12PoofForgotMove
0x08416F10	rom	0x17	gText_PkmnAlreadyKnows
0x08416F27	rom	0x27	gText_PkmnHPRestoredByVar2
0x08416F4E	rom	0x21	gText_PkmnCuredOfPoison
0x08416F6F	rom	0x1D	gText_PkmnCuredOfParalysis
0x08416F8C	rom	0xE	gText_PkmnWokeUp2
0x08416F9A	rom	0x18	gText_PkmnBurnHealed
0x08416FB2	rom	0x15	gText_PkmnThawedOut
0x08416FC7	rom	0x13	gText_PPWasRestored
0x08416FDA	rom	0x13	gText_PkmnRegainhedHealth
0x08416FED	rom	0x15	gText_PkmnBecameHealthy
0x08417002	rom	0x15	gText_MovesPPIncreased
0x08417017	rom	0x1B	gText_PkmnElevatedToLvVar2
0x08417032	rom	0x20	gText_PkmnBaseVar2StatIncreased
0x08417052	rom	0x23	gText_PkmnSnappedOutOfConfusion
0x08417075	rom	0x1F	gText_PkmnGotOverInfatuation
0x08417094	rom	0x25	gText_OnlyPkmnForBattle
0x084170BC	rom	0x22	gText_PkmnCantBeTradedNow
0x084170E0	rom	0x1C	gText_EggCantBeTradedNow
0x084170FC	rom	0x31	gText_OtherTrainersPkmnCantBeTraded
0x08417130	rom	0x31	gText_OtherTrainerCantAcceptPkmn
0x08417164	rom	0x27	gText_CantTradeWithTrainer
0x0841718C	rom	0x3D	gText_NotPkmnOtherTrainerWants
0x084171CC	rom	0x13	gText_ThatIsntAnEgg
0x084171DF	rom	0x12	gText_ChoosePokemon
0x084171F1	rom	0xF	gText_MoveToWhere
0x08417200	rom	0x15	gText_TeachWhichPokemon
0x08417215	rom	0x16	gText_UseOnWhichPokemon
0x0841722B	rom	0x17	gText_GiveToWhichPokemon
0x08417242	rom	0x16	gText_DoWhatWithPokemon
0x08417258	rom	0x18	gText_NothingToCut
0x08417270	rom	0x11	gText_CantSurfHere
0x08417281	rom	0x18	gText_AlreadySurfing
0x08417299	rom	0x15	gText_CantUseHere
0x084172AE	rom	0x14	gText_RestoreWhichMove
0x084172C2	rom	0x13	gText_BoostPp
0x084172D5	rom	0x16	gText_DoWhatWithItem
0x084172EB	rom	0x16	gText_NoPokemonForBattle
0x08417301	rom	0x12	gText_ChoosePokemon2
0x08417313	rom	0xF	gText_NotEnoughHp
0x08417322	rom	0x15	gText_ThreePkmnAreNeeded
0x08417337	rom	0x16	gText_PokemonCantBeSame
0x0841734D	rom	0x14	gText_NoIdenticalHoldItems
0x08417361	rom	0x1E	gText_CurrentIsTooFast
0x0841737F	rom	0x17	gText_DoWhatWithMail
0x08417396	rom	0x1A	gText_ChoosePokemonCancel
0x084173B0	rom	0x1C	gText_ChoosePokemonConfirm
0x084173CC	rom	0x18	gText_TwoPokemonAreNeeded
0x084173E4	rom	0x15	gText_EnjoyCycling
0x084173F9	rom	0x18	gText_InUseAlready_PM
0x08417411	rom	0x8	gText_NoUse
0x08417419	rom	0x5	gText_Able
0x0841741E	rom	0x6	gText_First_PM
0x08417424	rom	0x7	gText_Second_PM
0x0841742B	rom	0x6	gText_Third_PM
0x08417431	rom	0x5	gText_Able2
0x08417436	rom	0x9	gText_NotAble
0x0841743F	rom	0x6	gText_Able3
0x08417445	rom	0xA	gText_NotAble2
0x0841744F	rom	0x8	gText_Learned
0x08417457	rom	0x3D	gText_OakImportantToGetToKnowPokemonThroughly
0x08417494	rom	0x9F	gText_OakThisIsListOfPokemon
0x08417533	rom	0x15	gText_CutATreeOrGrass
0x08417548	rom	0x15	gText_FlyToAKnownTown
0x0841755D	rom	0x11	gText_TravelOnWater
0x0841756E	rom	0x15	gText_MoveHeavyBoulders
0x08417583	rom	0x13	gText_LightUpDarkness
0x08417596	rom	0x18	gText_ShatterACrackedRock
0x084175AE	rom	0x13	gText_ClimbAWaterfall
0x084175C1	rom	0xB	gText_DiveUnderwater
0x084175CC	rom	0x12	gText_EscapeFromHere
0x084175DE	rom	0x13	gText_LureWildPokemon
0x084175F1	rom	0xA	gText_ShareHp
0x084175FB	rom	0x1A	gText_ReturnToAHealingSpot
0x08417615	rom	0x2B	gText_EscapeFromHereAndReturnTo
0x08417640	rom	0x34	gText_ReturnToHealingSpot
0x08417674	rom	0x7	gText_ItemEffect_Attack
0x0841767B	rom	0x8	gText_ItemEffect_Defense
0x08417683	rom	0x5	gText_ItemEffect_SpAtk_Unused
0x08417688	rom	0x5	gText_ItemEffect_SpDef_Unused
0x0841768D	rom	0x6	gText_ItemEffect_Speed
0x08417693	rom	0x3	gText_ItemEffect_HP_Unused
0x08417696	rom	0x22	gText_PkmnCantParticipate
0x084176B8	rom	0x16	gText_CancelParticipation
0x084176CE	rom	0x1	gText_Empty12
0x084176CF	rom	0x13	gText_CancelBattle
0x084176E2	rom	0x9	gText_TurnOff
0x084176EB	rom	0x6	gText_Decoration
0x084176F1	rom	0xD	gText_ItemStorage
0x084176FE	rom	0x8	gText_Mailbox
0x08417706	rom	0xD	gText_DepositItem2
0x08417713	rom	0xE	gText_WithdrawItem2
0x08417721	rom	0x9	gText_TossItem
0x0841772A	rom	0x17	gText_StoreItemsInThePC
0x08417741	rom	0x1C	gText_TakeOutItemsFromThePC
0x0841775D	rom	0x17	gText_ThrowAwayItemsInPC
0x08417774	rom	0x16	gText_ThereAreNoItems
0x0841778A	rom	0x22	gText_NoMoreRoomInBag
0x084177AC	rom	0x19	gText_WithdrawHowMany
0x084177C5	rom	0x13	gText_WithdrewQuantItem
0x084177D8	rom	0x5	gOtherText_Read
0x084177DD	rom	0xC	gOtherText_MoveToBag
0x084177E9	rom	0x5	gOtherText_Give2
0x084177EE	rom	0x18	gText_TheresNoMailHere
0x08417806	rom	0x2A	gText_WhatWouldYouLikeToDoWithPlayersMail
0x08417830	rom	0x28	gText_MessageWillBeLost
0x08417858	rom	0x13	gText_BagIsFull
0x0841786B	rom	0x3C	gText_MailReturnedToBagMessageErased
0x084178A7	rom	0xE	gText_WithdrawItem
0x084178B5	rom	0x9	gText_Withdraw
0x084178BE	rom	0x12	gText_ReturnToPC
0x084178D0	rom	0xA	gText_LtSurge
0x084178DA	rom	0x5	gText_Koga
0x084178DF	rom	0x7	gText_Participate
0x084178E6	rom	0x5	gText_Info
0x084178EB	rom	0x5	gText_Eggs
0x084178F0	rom	0xD	gText_HallOfFame
0x084178FD	rom	0xA	gText_Victories
0x08417907	rom	0x5	gText_Quit
0x0841790C	rom	0x4	gText_Psn
0x08417910	rom	0x4	gText_Par
0x08417914	rom	0x4	gText_Slp
0x08417918	rom	0x4	gText_Brn
0x0841791C	rom	0x4	gText_Frz
0x08417920	rom	0x6	gText_Toxic
0x08417926	rom	0x3	gText_OK
0x08417929	rom	0x5	gOtherText_Quit
0x0841792E	rom	0x5	gText_SawIt
0x08417933	rom	0x5	gText_NotYet
0x08417938	rom	0x4	gText_Yes
0x0841793C	rom	0x3	gText_No
0x0841793F	rom	0x5	gText_Info4
0x08417944	rom	0xE	gText_SingleBattle
0x08417952	rom	0xE	gText_DoubleBattle
0x08417960	rom	0xD	gText_MultiBattle
0x0841796D	rom	0x12	gText_MakeAChallenge
0x0841797F	rom	0x5	gText_Info_2
0x08417984	rom	0x16	gText_FreshWater_200
0x0841799A	rom	0x13	gText_SodaPop_300
0x084179AD	rom	0x13	gText_Lemonade_350
0x084179C0	rom	0x16	gText_50Coins_1000
0x084179D6	rom	0x17	gText_500Coins_10000
0x084179ED	rom	0xA	gText_Excellent
0x084179F7	rom	0xB	gText_NotSoBad
0x08417A02	rom	0xA	gText_RedShard
0x08417A0C	rom	0xD	gText_YellowShard
0x08417A19	rom	0xB	gText_BlueShard
0x08417A24	rom	0xC	gText_GreenShard
0x08417A30	rom	0x7	gText_BattleTower
0x08417A37	rom	0x6	gText_Right
0x08417A3D	rom	0x5	gText_Left
0x08417A42	rom	0x16	gText_Tm13_4000Coins
0x08417A58	rom	0x16	gText_Tm23_3500Coins
0x08417A6E	rom	0x16	gText_Tm24_4000Coins
0x08417A84	rom	0x16	gText_Tm30_4500Coins
0x08417A9A	rom	0x16	gText_Tm35_4000Coins
0x08417AB0	rom	0x3	gText_1F_2
0x08417AB3	rom	0x3	gText_2F_2
0x08417AB6	rom	0x3	gText_3F_2
0x08417AB9	rom	0x3	gText_4F_2
0x08417ABC	rom	0x3	gText_5F_2
0x08417ABF	rom	0x5	gText_Cool
0x08417AC4	rom	0x7	gText_Beauty
0x08417ACB	rom	0x5	gText_Cute
0x08417AD0	rom	0x6	gText_Smart
0x08417AD6	rom	0x6	gText_Tough
0x08417ADC	rom	0x7	gText_Normal
0x08417AE3	rom	0x6	gText_Black
0x08417AE9	rom	0x5	gText_Pink
0x08417AEE	rom	0x6	gText_Sepia
0x08417AF4	rom	0x5	gText_Cool_2
0x08417AF9	rom	0x7	gText_Beauty_2
0x08417B00	rom	0x5	gText_Cute_2
0x08417B05	rom	0x6	gText_Smart_2
0x08417B0B	rom	0x6	gText_Tough_2
0x08417B11	rom	0x6	gText_Items
0x08417B17	rom	0xA	gText_KeyItems
0x08417B21	rom	0xB	gText_PokeBalls
0x08417B2C	rom	0xA	gText_TMsAndHMs
0x08417B36	rom	0x8	gText_Berries
0x08417B3E	rom	0xD	gText_Boulderbadge
0x08417B4B	rom	0xD	gText_Cascadebadge
0x08417B58	rom	0xD	gText_Thunderbadge
0x08417B65	rom	0xD	gText_Rainbowbadge
0x08417B72	rom	0xA	gText_Soulbadge
0x08417B7C	rom	0xB	gText_Marshbadge
0x08417B87	rom	0xD	gText_Volcanobadge
0x08417B94	rom	0xB	gText_Earthbadge
0x08417B9F	rom	0xD	gText_SomeoneSPc
0x08417BAC	rom	0xA	gText_BillSPc
0x08417BB6	rom	0x8	gText_SPc
0x08417BBE	rom	0xD	gText_HallOfFame_2
0x08417BCB	rom	0x8	gText_LogOff
0x08417BD3	rom	0xF	gText_ProfOakSPc
0x08417BE2	rom	0x6	gText_Eevee
0x08417BE8	rom	0x8	gText_Flareon
0x08417BF0	rom	0x8	gText_Jolteon
0x08417BF8	rom	0x9	gText_Vaporeon
0x08417C01	rom	0xE	gText_QuitLooking
0x08417C0F	rom	0xC	gText_FreshWater
0x08417C1B	rom	0x9	gText_SodaPop
0x08417C24	rom	0x9	gText_Lemonade
0x08417C2D	rom	0x6	gText_Coins_2
0x08417C33	rom	0x18	gText_Bicycle_Price
0x08417C4B	rom	0xA	gText_NoThanks
0x08417C55	rom	0x15	gText_Abra_180Coins
0x08417C6A	rom	0x19	gText_Clefairy_500Coins
0x08417C83	rom	0x1A	gText_Dratini_2800Coins
0x08417C9D	rom	0x1A	gText_Scyther_5500Coins
0x08417CB7	rom	0x1A	gText_Porygon_9999Coins
0x08417CD1	rom	0x15	gText_Abra_120Coins
0x08417CE6	rom	0x19	gText_Clefairy_750Coins
0x08417CFF	rom	0x19	gText_Pinsir_2500Coins
0x08417D18	rom	0x1A	gText_Dratini_4600Coins
0x08417D32	rom	0x1A	gText_Porygon_6500Coins
0x08417D4C	rom	0xA	gText_NoThanks_2
0x08417D56	rom	0xD	gText_HelixFossil
0x08417D63	rom	0xC	gText_DomeFossil
0x08417D6F	rom	0xA	gText_OldAmber
0x08417D79	rom	0xD	gText_TradeCenter
0x08417D86	rom	0xA	gText_Colosseum
0x08417D90	rom	0x10	gText_GameLinkCable
0x08417DA0	rom	0x9	gText_Wireless
0x08417DA9	rom	0xD	gText_ItemsPocket
0x08417DB6	rom	0x11	gText_KeyItemsPocket
0x08417DC7	rom	0x12	gText_PokeBallsPocket
0x08417DD9	rom	0x8	gText_TmCase
0x08417DE1	rom	0xC	gText_BerryPouch_2
0x08417DED	rom	0x6	gText_Other
0x08417DF3	rom	0xB	gText_OneIsland
0x08417DFE	rom	0xB	gText_TwoIsland
0x08417E09	rom	0xD	gText_ThreeIsland
0x08417E16	rom	0xC	gText_FourIsland
0x08417E22	rom	0xC	gText_FiveIsland
0x08417E2E	rom	0xB	gText_SixIsland
0x08417E39	rom	0xD	gText_SevenIsland
0x08417E46	rom	0xA	gText_Vermilion
0x08417E50	rom	0xA	gText_Colosseum_2
0x08417E5A	rom	0xC	gText_BerryCrush
0x08417E66	rom	0x1	gText_EmptyLinkService1
0x08417E67	rom	0x1	gText_EmptyLinkService2
0x08417E68	rom	0x9	gText_ListenToExplanation
0x08417E71	rom	0x1	gText_RecordCorner
0x08417E72	rom	0xD	gText_PokemonJump
0x08417E7F	rom	0x15	gText_DodrioBerryPicking
0x08417E94	rom	0x10	gText_2Tinymushrooms
0x08417EA4	rom	0xF	gText_1BigMushroom
0x08417EB3	rom	0xE	gText_SeviiIslands
0x08417EC1	rom	0xB	gText_NavelRock
0x08417ECC	rom	0xD	gText_BirthIsland
0x08417ED9	rom	0x1E	gText_MiracleSeed_1000Coins
0x08417EF7	rom	0x1A	gText_Charcoal_1000Coins
0x08417F11	rom	0x1E	gText_MysticWater_1000Coins
0x08417F2F	rom	0x1E	gText_YellowFlute_1600Coins
0x08417F4D	rom	0x1A	gText_SmokeBall_800Coins
0x08417F67	rom	0x1	gText_Multichoice_Empty2
0x08417F68	rom	0x1	gText_Multichoice_Empty1
0x08417F69	rom	0xE	gText_BecomeLeader
0x08417F77	rom	0xB	gText_JoinGroup
0x08417F82	rom	0x7	gOtherText_Single
0x08417F89	rom	0x7	gOtherText_Double
0x08417F90	rom	0x9	gOtherText_Knockout
0x08417F99	rom	0x6	gOtherText_Mixed
0x08417F9F	rom	0xA	gText_99TimesPlus
0x08417FA9	rom	0x9	gText_1MinutePlus
0x08417FB2	rom	0x4	gText_SpaceSeconds
0x08417FB6	rom	0x3	gText_SpaceTimes
0x08417FB9	rom	0x2	gText_DecimalPoint
0x08417FBB	rom	0x8	gText_BigGuy
0x08417FC3	rom	0x9	gText_BigGirl
0x08417FCC	rom	0x4	gText_Son
0x08417FD0	rom	0x9	gText_Daughter
0x08417FD9	rom	0xD	gText_BoulderBadge
0x08417FE6	rom	0xD	gText_CascadeBadge
0x08417FF3	rom	0xD	gText_ThunderBadge
0x08418000	rom	0xD	gText_RainbowBadge
0x0841800D	rom	0xA	gText_SoulBadge
0x08418017	rom	0xB	gText_MarshBadge
0x08418022	rom	0xD	gText_VolcanoBadge
0x0841802F	rom	0xB	gText_EarthBadge
0x0841803A	rom	0x3	gText_1F
0x0841803D	rom	0x3	gText_2F
0x08418040	rom	0x3	gText_3F
0x08418043	rom	0x3	gText_4F
0x08418046	rom	0x3	gText_5F
0x08418049	rom	0x3	gText_6F
0x0841804C	rom	0x3	gText_7F
0x0841804F	rom	0x3	gText_8F
0x08418052	rom	0x3	gText_9F
0x08418055	rom	0x4	gText_10F
0x08418059	rom	0x4	gText_11F
0x0841805D	rom	0x4	gText_B1F
0x08418061	rom	0x4	gText_B2F
0x08418065	rom	0x4	gText_B3F
0x08418069	rom	0x4	gText_B4F
0x0841806D	rom	0x8	gText_Rooftop
0x08418075	rom	0x8	gText_NowOn
0x0841807D	rom	0x11	gText_LinkedGamePlay
0x0841808E	rom	0xE	gText_DirectCorner
0x0841809C	rom	0xB	gText_UnionRoom
0x084180A7	rom	0x15	gText_Energypowder_50
0x084180BC	rom	0x14	gText_EnergyRoot_80
0x084180D0	rom	0x14	gText_HealPowder_50
0x084180E4	rom	0x16	gText_RevivalHerb_300
0x084180FA	rom	0x13	gText_Protein_1000
0x0841810D	rom	0x10	gText_Iron_1000
0x0841811D	rom	0x12	gText_Carbos_1000
0x0841812F	rom	0x13	gText_Calcium_1000
0x08418142	rom	0x10	gText_Zinc_1000
0x08418152	rom	0x11	gText_HpUp_1000
0x08418163	rom	0x11	gText_PpUp_3000
0x08418174	rom	0x14	gString_BattleRecords_PlayersBattleResults
0x08418188	rom	0x1C	gString_BattleRecords_TotalRecord
0x084181A4	rom	0x12	gString_BattleRecords_ColumnHeaders
0x084181B6	rom	0x8	gString_BattleRecords_7Dashes
0x084181BE	rom	0x5	gString_BattleRecords_4Dashes
0x084181C3	rom	0x21	gFameCheckerText_FameCheckerWillBeClosed
0x084181E4	rom	0x20	gFameCheckerText_ClearTextbox
0x08418204	rom	0x4	gText_ExitUnused
0x08418208	rom	0x13	gText_ExitFromBox
0x0841821B	rom	0x18	gText_WhatDoYouWantToDo
0x08418233	rom	0x15	gText_PleasePickATheme
0x08418248	rom	0x14	gText_PickTheWallpaper
0x0841825C	rom	0x10	gText_PkmnIsSelected
0x0841826C	rom	0x13	gText_JumpToWhichBox
0x0841827F	rom	0x16	gText_DepositInWhichBox
0x08418295	rom	0x12	gText_PkmnWasDeposited
0x084182A7	rom	0x11	gText_BoxIsFull2
0x084182B8	rom	0x16	gText_ReleaseThisPokemon
0x084182CE	rom	0x11	gText_PkmnWasReleased
0x084182DF	rom	0xD	gText_ByeByePkmn
0x084182EC	rom	0x13	gText_MarkYourPkmn
0x084182FF	rom	0x1A	gText_ThatsYourLastPkmn
0x08418319	rom	0x13	gText_YourPartysFull
0x0841832C	rom	0x1A	gText_YoureHoldingAPkmn
0x08418346	rom	0x19	gText_WhichOneWillYouTake
0x0841835F	rom	0x1A	gText_YouCantReleaseAnEgg
0x08418379	rom	0x19	gText_ContinueBoxOperations
0x08418392	rom	0xE	gText_PkmnCameBack
0x084183A0	rom	0x1A	gText_WasItWorriedAboutYou
0x084183BA	rom	0xB	gText_FourEllipsesExclamation
0x084183C5	rom	0x18	gText_PleaseRemoveTheMail
0x084183DD	rom	0x13	gText_GiveToAPkmn
0x084183F0	rom	0x18	gText_PlacedItemInBag
0x08418408	rom	0x11	gText_BagIsFull2
0x08418419	rom	0x1A	gText_PutItemInBag
0x08418433	rom	0x10	gText_ItemIsNowHeld
0x08418443	rom	0xF	gText_ChangedToNewItem
0x08418452	rom	0x16	gText_MailCantBeStored
0x08418468	rom	0x7	gPCText_Cancel
0x0841846F	rom	0x6	gPCText_Store
0x08418475	rom	0x9	gPCText_Withdraw
0x0841847E	rom	0x6	gPCText_Shift
0x08418484	rom	0x5	gPCText_Move
0x08418489	rom	0x6	gPCText_Place
0x0841848F	rom	0x8	gPCText_Summary
0x08418497	rom	0x8	gPCText_Release
0x0841849F	rom	0x5	gPCText_Mark
0x084184A4	rom	0x5	gPCText_Name
0x084184A9	rom	0x5	gPCText_Jump
0x084184AE	rom	0xA	gPCText_Wallpaper
0x084184B8	rom	0x5	gPCText_Take
0x084184BD	rom	0x5	gPCText_Give
0x084184C2	rom	0x7	gPCText_Switch
0x084184C9	rom	0x4	gPCText_Bag
0x084184CD	rom	0x5	gPCText_Info
0x084184D2	rom	0xA	gPCText_Scenery1
0x084184DC	rom	0xA	gPCText_Scenery2
0x084184E6	rom	0xA	gPCText_Scenery3
0x084184F0	rom	0x9	gPCText_Etcetera
0x084184F9	rom	0x7	gPCText_Forest
0x08418500	rom	0x5	gPCText_City
0x08418505	rom	0x7	gPCText_Desert
0x0841850C	rom	0x8	gPCText_Savanna
0x08418514	rom	0x5	gPCText_Crag
0x08418519	rom	0x8	gPCText_Volcano
0x08418521	rom	0x5	gPCText_Snow
0x08418526	rom	0x5	gPCText_Cave
0x0841852B	rom	0x6	gPCText_Beach
0x08418531	rom	0x9	gPCText_Seafloor
0x0841853A	rom	0x6	gPCText_River
0x08418540	rom	0x4	gPCText_Sky
0x08418544	rom	0x6	gPCText_PolkaDot
0x0841854A	rom	0xB	gPCText_Pokecenter
0x08418555	rom	0x6	gPCText_Machine
0x0841855B	rom	0x7	gPCText_Simple
0x08418562	rom	0xA	gText_PC_WhatWouldYouLikeToDo
0x0841856C	rom	0x11	gText_WithdrawPokemon
0x0841857D	rom	0x10	gText_DepositPokemon
0x0841858D	rom	0xD	gText_MovePokemon
0x0841859A	rom	0xB	gText_MoveItems
0x084185A5	rom	0x8	gText_SeeYa
0x084185AD	rom	0x35	gText_WithdrawMonDescription
0x084185E2	rom	0x2F	gText_DepositMonDescription
0x08418611	rom	0x31	gText_MoveMonDescription
0x08418642	rom	0x3F	gText_MoveItemsDescription
0x08418681	rom	0xF	gText_SeeYaDescription
0x08418690	rom	0x20	gText_JustOnePkmn
0x084186B0	rom	0x1D	gText_PartyFull
0x084186CD	rom	0x4	gText_Box
0x084186D1	rom	0x1E	gText_CombineFourWordsOrPhrases
0x084186EF	rom	0x17	gText_AndMakeYourProfile
0x08418706	rom	0x1F	gText_MakeMessageSixPhrases
0x08418725	rom	0x20	gText_MaxTwoTwelveLetterPhrases
0x08418745	rom	0x1E	gText_FindWordsThatDescribeYour
0x08418763	rom	0x14	gText_FeelingsRightNow
0x08418777	rom	0x9	gText_WithFourPhrases
0x08418780	rom	0x1E	gText_CombineNineWordsOrPhrases
0x0841879E	rom	0x14	gText_AndMakeAMessage
0x084187B2	rom	0x1F	gText_ChangeJustOneWordOrPhrase
0x084187D1	rom	0x1D	gText_AndImproveTheBardsSong
0x084187EE	rom	0x20	gText_AndFillOutTheQuestionnaire
0x0841880E	rom	0xD	gText_YourProfile
0x0841881B	rom	0x23	gText_YourFeelingAtTheBattlesStart
0x0841883E	rom	0x21	gText_WhatYouSayIfYouWin
0x0841885F	rom	0x22	gText_WhatYouSayIfYouLose
0x08418881	rom	0xB	gText_TheAnswer
0x0841888C	rom	0x11	gText_TheMailMessage
0x0841889D	rom	0xF	gText_TheMailSalutation
0x084188AC	rom	0xD	gText_TheNewSong
0x084188B9	rom	0x1D	gText_CombineTwoWordsOrPhrases
0x084188D6	rom	0x1A	gText_AndMakeATrendySaying
0x084188F0	rom	0x12	gText_TheTrendySaying
0x08418902	rom	0x13	gText_IsAsShownOkay
0x08418915	rom	0x10	gText_CombineTwoWordsOrPhrases2
0x08418925	rom	0x12	gText_ToTeachHerAGoodSaying
0x08418937	rom	0x1F	gText_AllTextBeingEditedWill
0x08418956	rom	0x1A	gText_BeDeletedThatOkay
0x08418970	rom	0x12	gText_PleaseEnterPhraseOrWord
0x08418982	rom	0x16	gText_EntireTextCantBeDeleted
0x08418998	rom	0x14	gText_OnlyOnePhrase
0x084189AC	rom	0xF	gText_OriginalSongWillBeUsed
0x084189BB	rom	0x10	gText_ThatsTrendyAlready
0x084189CB	rom	0x15	gText_CombineTwoWordsOrPhrases3
0x084189E0	rom	0xE	gText_QuitEditing
0x084189EE	rom	0x1E	gText_StopGivingPkmnMail
0x08418A0C	rom	0x11	gText_TheEditedWords
0x08418A1D	rom	0xE	gText_WillNotBeSaved
0x08418A2B	rom	0x8	gText_Profile
0x08418A33	rom	0x17	gText_AtTheBattlesStart
0x08418A4A	rom	0x17	gText_UponWinningABattle
0x08418A61	rom	0x16	gText_UponLosingABattle
0x08418A77	rom	0x10	gText_TheBardsSong
0x08418A87	rom	0x1A	gText_WhatsHipAndHappening
0x08418AA1	rom	0xA	gText_Interview
0x08418AAB	rom	0x7	gText_GoodSaying
0x08418AB2	rom	0xE	gText_Questionnaire
0x08418AC0	rom	0xA	GiddyText_SoPretty
0x08418ACA	rom	0xA	GiddyText_SoDarling
0x08418AD4	rom	0xB	GiddyText_SoRelaxed
0x08418ADF	rom	0xC	GiddyText_SoSunny
0x08418AEB	rom	0xB	GiddyText_SoDesirable
0x08418AF6	rom	0xC	GiddyText_SoExciting
0x08418B02	rom	0xB	GiddyText_SoAmusing
0x08418B0D	rom	0xA	GiddyText_SoMagical
0x08418B17	rom	0x3	GiddyText_Is
0x08418B1A	rom	0xB	GiddyText_DontYouAgree
0x08418B25	rom	0x1B	GiddyText_ISoWantToGoOnAVacation
0x08418B40	rom	0x1C	GiddyText_IBoughtCrayonsWith120Colors
0x08418B5C	rom	0x1B	GiddyText_WouldntItBeNiceIfWeCouldFloat
0x08418B77	rom	0x22	GiddyText_WhenYouWriteOnASandyBeach
0x08418B99	rom	0x27	GiddyText_WhatsTheBottomOfTheSeaLike
0x08418BC0	rom	0x1A	GiddyText_WhenYouSeeTheSettingSunDoesIt
0x08418BDA	rom	0x19	GiddyText_LyingBackInTheGreenGrass
0x08418BF3	rom	0x1F	GiddyText_SecretBasesAreSoWonderful
0x08418C12	rom	0x9	gText_PokemonLeague
0x08418C1B	rom	0xF	gText_PokemonCenter
0x08418C2A	rom	0xF	gText_GetsAPokeBlockQuestion
0x08418C39	rom	0x6	gText_Coolness
0x08418C3F	rom	0x6	gText_Beauty3
0x08418C45	rom	0x5	gText_Cuteness
0x08418C4A	rom	0x5	gText_Smartness
0x08418C4F	rom	0x6	gText_Toughness
0x08418C55	rom	0xD	gText_WasEnhanced
0x08418C62	rom	0xD	gText_NothingChanged
0x08418C6F	rom	0x14	gText_WontEatAnymore
0x08418C83	rom	0x56	gText_SaveFailedCheckingBackup
0x08418CD9	rom	0x97	gText_BackupMemoryDamaged
0x08418D70	rom	0x29	gText_GamePlayCannotBeContinued
0x08418D99	rom	0x30	gText_CheckCompleted
0x08418DC9	rom	0x40	gText_SaveCompleteGameCannotContinue
0x08418E09	rom	0x2D	gText_SaveCompletePressA
0x08418E36	rom	0x7	gText_Ferry
0x08418E3D	rom	0x6	gText_SecretBase
0x08418E43	rom	0x4	gText_Hideout
0x08418E47	rom	0xB	gText_YourName
0x08418E52	rom	0xA	gText_BoxName
0x08418E5C	rom	0xD	gText_PkmnsNickname
0x08418E69	rom	0xE	gText_RivalsName
0x08418E77	rom	0x13	gText_MoveOkBack
0x08418E8A	rom	0x1	gText_AlphabetUpperLower
0x08418E8B	rom	0x2	gText_RegionMap_Space
0x08418E8D	rom	0x8	gText_RegionMap_AButtonGuide
0x08418E95	rom	0x9	gText_RegionMap_AButtonCancel
0x08418E9E	rom	0x9	gText_RegionMap_AButtonCancel2
0x08418EA7	rom	0x9	gText_RegionMap_AButtonSwitch
0x08418EB0	rom	0x5	gText_RegionMap_AButtonOK
0x08418EB5	rom	0x7	gText_RegionMap_DPadMove
0x08418EBC	rom	0x7	gText_RegionMap_UpDownPick
0x08418EC3	rom	0x8	gText_RegionMap_NoData
0x08418ECB	rom	0x6F	gText_RegionMap_AreaDesc_ViridianForest
0x08418F3A	rom	0x7E	gText_RegionMap_AreaDesc_MtMoon
0x08418FB8	rom	0x64	gText_RegionMap_AreaDesc_DiglettsCave
0x0841901C	rom	0x72	gText_RegionMap_AreaDesc_VictoryRoad
0x0841908E	rom	0x75	gText_RegionMap_AreaDesc_PokemonMansion
0x08419103	rom	0x7A	gText_RegionMap_AreaDesc_SafariZone
0x0841917D	rom	0x84	gText_RegionMap_AreaDesc_RockTunnel
0x08419201	rom	0x6C	gText_RegionMap_AreaDesc_SeafoamIslands
0x0841926D	rom	0x75	gText_RegionMap_AreaDesc_PokemonTower
0x084192E2	rom	0x79	gText_RegionMap_AreaDesc_CeruleanCave
0x0841935B	rom	0x7A	gText_RegionMap_AreaDesc_PowerPlant
0x084193D5	rom	0x6F	gText_RegionMap_AreaDesc_MtEmber
0x08419444	rom	0x85	gText_RegionMap_AreaDesc_BerryForest
0x084194C9	rom	0x76	gText_RegionMap_AreaDesc_IcefallCave
0x0841953F	rom	0x6D	gText_RegionMap_AreaDesc_LostCave
0x084195AC	rom	0x7D	gText_RegionMap_AreaDesc_TanobyRuins
0x08419629	rom	0x74	gText_RegionMap_AreaDesc_AlteringCave
0x0841969D	rom	0x7D	gText_RegionMap_AreaDesc_PatternBush
0x0841971A	rom	0x68	gText_RegionMap_AreaDesc_DottedHole
0x08419782	rom	0x1B	gText_PokeSum_MetInATrade
0x0841979D	rom	0x1B	gText_PokeSum_MetInATrade_BoldGentleGrammar
0x084197B8	rom	0x35	gText_PokeSum_FatefulEncounterMet
0x084197ED	rom	0x35	gText_PokeSum_FatefulEncounterMet_BoldGentleGrammar
0x08419822	rom	0x1F	gText_PokeSum_Met
0x08419841	rom	0x1F	gText_PokeSum_Met_BoldGentleGrammar
0x08419860	rom	0x2A	gText_PokeSum_ApparentlyMet
0x0841988A	rom	0x2A	gText_PokeSum_ApparentlyMet_BoldGentleGrammar
0x084198B4	rom	0x21	gText_PokeSum_Hatched
0x084198D5	rom	0x21	gText_PokeSum_Hatched_BoldGentleGrammar
0x084198F6	rom	0x1D	gText_PokeSum_JP_ApparentlyHatched
0x08419913	rom	0x1C	gText_PokeSum_JP_ApparentlyHatched_BoldGentleGrammar
0x0841992F	rom	0x3E	gText_PokeSum_FatefulEncounterHatched
0x0841996D	rom	0x3E	gText_PokeSum_FatefulEncounterHatched_BoldGentleGrammar
0x084199AB	rom	0x49	gText_PokeSum_ApparentlyFatefulEncounterHatched
0x084199F4	rom	0x49	gText_PokeSum_ApparentlyFatefulEncounterHatched_BoldGentleGrammar
0x08419A3D	rom	0x31	gText_PokeSum_EggOrigin_DayCare
0x08419A6E	rom	0x34	gText_PokeSum_EggOrigin_TravelingMan
0x08419AA2	rom	0x3C	gText_PokeSum_EggOrigin_NicePlace
0x08419ADE	rom	0x3A	gText_PokeSum_EggOrigin_Spa
0x08419B18	rom	0x2C	gText_PokeSum_EggOrigin_Trade
0x08419B44	rom	0x37	gText_PokeSum_EggHatch_LongTime
0x08419B7B	rom	0x33	gText_PokeSum_EggHatch_SomeTime
0x08419BAE	rom	0x2D	gText_PokeSum_EggHatch_Soon
0x08419BDB	rom	0x30	gText_PokeSum_EggHatch_AlmostReady
0x08419C0B	rom	0x8	gText_PokeSum_ATrade
0x08419C13	rom	0xA	gText_Somewhere
0x08419C1D	rom	0xD	gText_PokeSum_PageName_PokemonInfo
0x08419C2A	rom	0xF	gText_PokeSum_PageName_PokemonSkills
0x08419C39	rom	0xC	gText_PokeSum_PageName_KnownMoves
0x08419C45	rom	0x8	gText_PokeSum_NoData
0x08419C4D	rom	0xC	gText_PokeSum_ExpPoints
0x08419C59	rom	0x9	gText_PokeSum_NextLv
0x08419C62	rom	0x10	gText_PokeSum_Controls_PageCancel
0x08419C72	rom	0x9	gText_PokeSum_Controls_Cancel
0x08419C7B	rom	0x7	gText_PokeSum_Controls_Page
0x08419C82	rom	0x10	gText_PokeSum_Controls_PageDetail
0x08419C92	rom	0x10	gText_PokeSum_Controls_PickSwitch
0x08419CA2	rom	0x7	gText_PokeSum_Controls_Pick
0x08419CA9	rom	0x10	gText_PokeSum_Controls_PickDelete
0x08419CB9	rom	0x21	gText_PokeSum_HmMovesCantBeForgotten
0x08419CDA	rom	0x7	gText_TrainerCardName
0x08419CE1	rom	0x6	gText_TrainerCardIDNo
0x08419CE7	rom	0x6	gText_TrainerCardMoney
0x08419CED	rom	0x2	gText_TrainerCardYen
0x08419CEF	rom	0x8	gText_TrainerCardPokedex
0x08419CF7	rom	0x1	gText_TrainerCardNull
0x08419CF8	rom	0x2	gText_Colon2
0x08419CFA	rom	0x3	gText_Points
0x08419CFD	rom	0x5	gText_TrainerCardTime
0x08419D02	rom	0x8	gText_BattlePoints
0x08419D0A	rom	0x10	gText_Var1sTrainerCard
0x08419D1A	rom	0x15	gText_HallOfFameDebut
0x08419D2F	rom	0xD	gText_LinkBattles
0x08419D3C	rom	0x13	gText_LinkCableBattles
0x08419D4F	rom	0x8	gText_WinLossRatio
0x08419D57	rom	0xF	gText_PokemonTrades
0x08419D66	rom	0x17	gText_UnionRoomTradesBattles
0x08419D7D	rom	0xC	gText_BerryCrushes
0x08419D89	rom	0x43	gText_WaitingTrainerFinishReading
0x08419DCC	rom	0x7	gText_Option
0x08419DD3	rom	0xB	gText_TextSpeed
0x08419DDE	rom	0xD	gText_BattleScene
0x08419DEB	rom	0xD	gText_BattleStyle
0x08419DF8	rom	0x6	gText_Sound
0x08419DFE	rom	0xC	gText_ButtonMode
0x08419E0A	rom	0x6	gText_Frame
0x08419E10	rom	0x7	gText_OptionMenuCancel
0x08419E17	rom	0x5	gText_TextSpeedSlow
0x08419E1C	rom	0x4	gText_TextSpeedMid
0x08419E20	rom	0x5	gText_TextSpeedFast
0x08419E25	rom	0x3	gText_BattleSceneOn
0x08419E28	rom	0x4	gText_BattleSceneOff
0x08419E2C	rom	0x6	gText_BattleStyleShift
0x08419E32	rom	0x4	gText_BattleStyleSet
0x08419E36	rom	0x5	gText_SoundMono
0x08419E3B	rom	0x7	gText_SoundStereo
0x08419E42	rom	0x4	gTextJP_Type
0x08419E46	rom	0x5	gText_ButtonTypeHelp
0x08419E4B	rom	0x4	gText_ButtonTypeLEqualsA
0x08419E4F	rom	0x3	gText_ButtonTypeLR
0x08419E52	rom	0x5	gText_FrameType
0x08419E57	rom	0x1B	gText_PickSwitchCancel
0x08419E72	rom	0x1E	gText_ResetRTCConfirmCancel
0x08419E90	rom	0x10	gText_PresentTime
0x08419EA0	rom	0x10	gText_PreviousTime
0x08419EB0	rom	0x13	gText_PleaseResetTime
0x08419EC3	rom	0x27	gText_ClockHasBeenReset
0x08419EEA	rom	0xF	gText_SaveCompleted
0x08419EF9	rom	0x17	gText_SaveFailed
0x08419F10	rom	0x1D	gText_NoSaveFileCantSetTime
0x08419F2D	rom	0x27	gText_InGameClockUsable
0x08419F54	rom	0x22	gText_SavingDontTurnOffThePower2
0x08419F76	rom	0x45	gStartMenuDesc_Pokedex
0x08419FBB	rom	0x46	gStartMenuDesc_Pokemon
0x0841A001	rom	0x48	gStartMenuDesc_Bag
0x0841A049	rom	0x26	gStartMenuDesc_Player
0x0841A06F	rom	0x48	gStartMenuDesc_Save
0x0841A0B7	rom	0x42	gStartMenuDesc_Option
0x0841A0F9	rom	0x18	gStartMenuDesc_Exit
0x0841A111	rom	0x44	gStartMenuDesc_Retire
0x0841A155	rom	0x1A	gText_QuestLog_PreviouslyOnYourQuest
0x0841A16F	rom	0x24	gText_QuestLog_SwitchMon1WithMon2
0x0841A193	rom	0x3A	gText_QuestLog_SwappedHeldItemsOnMon
0x0841A1CD	rom	0x1A	gText_QuestLog_TookHeldItemFromMon
0x0841A1E7	rom	0x29	gText_QuestLog_UsedItemOnMonAtThisLocation
0x0841A210	rom	0x10	gText_QuestLog_UsedTheItem
0x0841A220	rom	0x35	gText_QuestLog_UsedTheKeyItem
0x0841A255	rom	0x22	gText_QuestLog_MonLearnedMoveFromTM
0x0841A277	rom	0x39	gText_QuestLog_MonReplacedMoveWithTM
0x0841A2B0	rom	0x31	gText_QuestLog_MonsWereFullyRestoredAtCenter
0x0841A2E1	rom	0x31	gText_QuestLog_PlayerBattledChampionRival
0x0841A312	rom	0x37	gText_QuestLog_PlayerSentOutMon1RivalSentOutMon2
0x0841A349	rom	0x48	gText_QuestLog_WonTheMatchAsAResult
0x0841A391	rom	0x49	gText_QuestLog_StoredItemInPC
0x0841A3DA	rom	0x25	gText_QuestLog_WithdrewItemFromPC
0x0841A3FF	rom	0x23	gText_QuestLog_TradedMon1ForPersonsMon2
0x0841A422	rom	0x55	gText_QuestLog_SingleBattleWithPersonResultedInOutcome
0x0841A477	rom	0x4F	gText_QuestLog_DoubleBattleWithPersonResultedInOutcome
0x0841A4C6	rom	0x3C	gText_QuestLog_MultiBattleWithPeopleResultedInOutcome
0x0841A502	rom	0x4	gText_QuestLog_Win
0x0841A506	rom	0x5	gText_QuestLog_Loss
0x0841A50B	rom	0x2F	gText_QuestLog_MingledInUnionRoom
0x0841A53A	rom	0x2C	gText_QuestLog_DepartedPlaceInTownForNextDestination
0x0841A566	rom	0x36	gText_QuestLog_SwitchedMonsBetweenBoxes
0x0841A59C	rom	0x3D	gText_QuestLog_MovedMonToNewBox
0x0841A5D9	rom	0x21	gText_QuestLog_SwitchedMonsWithinBox
0x0841A5FA	rom	0x10	gText_QuestLog_MovedMonWithinBox
0x0841A60A	rom	0x28	gText_QuestLog_SwitchedPartyMonForPCMon
0x0841A632	rom	0x1D	gText_QuestLog_WithdrewMonFromPC
0x0841A64F	rom	0x1F	gText_QuestLog_DepositedMonInPC
0x0841A66E	rom	0x26	gText_QuestLog_SwitchedMultipleMons
0x0841A694	rom	0x11	gText_QuestLog_ADifferentSpot
0x0841A6A5	rom	0x3C	gText_QuestLog_GaveMonHeldItemFromPC
0x0841A6E1	rom	0x51	gText_QuestLog_SwappedHeldItemFromPC
0x0841A732	rom	0x1C	gText_QuestLog_ChattedWithManyTrainers
0x0841A74E	rom	0x8	gText_QuestLog_Handily
0x0841A756	rom	0xC	gText_QuestLog_Tenaciously
0x0841A762	rom	0x8	gText_QuestLog_Somehow
0x0841A76A	rom	0x46	gText_QuestLog_TradedMon1ForTrainersMon2
0x0841A7B0	rom	0x2D	gText_QuestLog_BattledTrainerEndedInOutcome
0x0841A7DD	rom	0x33	gText_QuestLog_BoughtItem
0x0841A810	rom	0x48	gText_QuestLog_BoughtItemsIncludingItem
0x0841A858	rom	0x3E	gText_QuestLog_SoldNumOfItem
0x0841A896	rom	0x3E	gText_QuestLog_SoldItemsIncludingItem
0x0841A8D4	rom	0x9	gText_QuestLog_JustOne
0x0841A8DD	rom	0x3	gText_QuestLog_Num
0x0841A8E0	rom	0x2C	gText_QuestLog_UsedSoftboiled
0x0841A90C	rom	0x2C	gText_QuestLog_UsedMilkDrink
0x0841A938	rom	0x2D	gText_QuestLog_MonLearnedMoveFromHM
0x0841A965	rom	0x44	gText_QuestLog_MonReplacedMoveWithHM
0x0841A9A9	rom	0x2B	gText_QuestLog_DefeatedWildMon
0x0841A9D4	rom	0x2D	gText_QuestLog_DefeatedWildMons
0x0841AA01	rom	0x2A	gText_QuestLog_CaughtWildMon
0x0841AA2B	rom	0x4B	gText_QuestLog_CaughtWildMons
0x0841AA76	rom	0x34	gText_QuestLog_DefeatedWildMonAndCaughtWildMon
0x0841AAAA	rom	0x42	gText_QuestLog_DefeatedWildMonAndCaughtWildMons
0x0841AAEC	rom	0x3D	gText_QuestLog_DefeatedWildMonsAndCaughtWildMon
0x0841AB29	rom	0x4B	gText_QuestLog_DefeatedWildMonsAndCaughtWildMons
0x0841AB74	rom	0x1A	gText_QuestLog_GaveMonHeldItem
0x0841AB8E	rom	0x1D	gText_QuestLog_GaveMonHeldItem2
0x0841ABAB	rom	0x22	gText_QuestLog_UsedCut
0x0841ABCD	rom	0x2C	gText_QuestLog_UsedFly
0x0841ABF9	rom	0x31	gText_QuestLog_UsedSurf
0x0841AC2A	rom	0x27	gText_QuestLog_UsedStrength
0x0841AC51	rom	0x42	gText_QuestLog_UsedFlash
0x0841AC93	rom	0x29	gText_QuestLog_UsedRockSmash
0x0841ACBC	rom	0x3D	gText_QuestLog_UsedWaterfall
0x0841ACF9	rom	0x24	gText_QuestLog_UsedDive
0x0841AD1D	rom	0x1F	gText_QuestLog_UsedDigInLocation
0x0841AD3C	rom	0x2D	gText_QuestLog_UsedSweetScent
0x0841AD69	rom	0x35	gText_QuestLog_UsedTeleportToLocation
0x0841AD9E	rom	0x2A	gText_QuestLog_LeftTownsLocationForNextDestination
0x0841ADC8	rom	0x37	gText_QuestLog_PlayedGamesAtGameCorner
0x0841ADFF	rom	0x1F	gText_QuestLog_RestedAtHome
0x0841AE1E	rom	0x2A	gText_QuestLog_LeftOaksLab
0x0841AE48	rom	0x47	gText_QuestLog_GymWasFullOfToughTrainers
0x0841AE8F	rom	0x18	gText_QuestLog_DepartedGym
0x0841AEA7	rom	0x35	gText_QuestLog_HadGreatTimeInSafariZone
0x0841AEDC	rom	0x30	gText_QuestLog_ManagedToGetOutOfLocation
0x0841AF0C	rom	0x32	gText_QuestLog_TookOnGymLeadersMonWithMonAndWon
0x0841AF3E	rom	0x2F	gText_QuestLog_TookOnEliteFoursMonWithMonAndWon
0x0841AF6D	rom	0x2B	gText_QuestLog_TookOnTrainersMonWithMonAndWon
0x0841AF98	rom	0x7	gText_QuestLog_Coolly
0x0841AF9F	rom	0x7	gText_QuestLog_Barely
0x0841AFA6	rom	0x2B	gText_QuestLog_UsedEscapeRope
0x0841AFD1	rom	0x5	gText_QuestLog_Draw
0x0841AFD6	rom	0x2F	gText_QuestLog_DepartedTheLocationForNextDestination
0x0841B005	rom	0x3A	gText_QuestLog_DepartedFromLocationToNextDestination
0x0841B03F	rom	0x25	gText_QuestLog_ObtainedItemInLocation
0x0841B064	rom	0xF	gText_QuestLog_ArrivedInLocation
0x0841B073	rom	0x2C	gText_QuestLog_SavedGameAtLocation
0x0841B09F	rom	0x5	gText_QuestLog_Home
0x0841B0A4	rom	0x11	gText_QuestLog_OakResearchLab
0x0841B0B5	rom	0x4	gText_QuestLog_Gym
0x0841B0B9	rom	0x14	gText_QuestLog_PokemonLeagueGate
0x0841B0CD	rom	0x10	gText_QuestLog_ViridianForest
0x0841B0DD	rom	0x19	gText_QuestLog_PewterMuseumOfScience
0x0841B0F6	rom	0x9	gText_QuestLog_MtMoon
0x0841B0FF	rom	0xA	gText_QuestLog_BikeShop
0x0841B109	rom	0xD	gText_QuestLog_BillsHouse
0x0841B116	rom	0x9	gText_QuestLog_DayCare
0x0841B11F	rom	0x11	gText_QuestLog_UndergroundPath
0x0841B130	rom	0x11	gText_QuestLog_PokemonFanClub
0x0841B141	rom	0xA	gText_QuestLog_SSAnne
0x0841B14B	rom	0xF	gText_QuestLog_DiglettsCave
0x0841B15A	rom	0xC	gText_QuestLog_RockTunnel
0x0841B166	rom	0xC	gText_QuestLog_PowerPlant
0x0841B172	rom	0xE	gText_QuestLog_PokemonTower
0x0841B180	rom	0x10	gText_QuestLog_VolunteerHouse
0x0841B190	rom	0x13	gText_QuestLog_NameRatersHouse
0x0841B1A3	rom	0x14	gText_QuestLog_CeladonDeptStore
0x0841B1B7	rom	0x10	gText_QuestLog_CeladonMansion
0x0841B1C7	rom	0x13	gText_QuestLog_RocketGameCorner
0x0841B1DA	rom	0xB	gText_QuestLog_Restaurant
0x0841B1E5	rom	0xF	gText_QuestLog_RocketHideout
0x0841B1F4	rom	0xC	gText_QuestLog_SafariZone
0x0841B200	rom	0xE	gText_QuestLog_WardensHome
0x0841B20E	rom	0xE	gText_QuestLog_FightingDojo
0x0841B21C	rom	0xA	gText_QuestLog_SilphCo
0x0841B226	rom	0x10	gText_QuestLog_SeafoamIslands
0x0841B236	rom	0x10	gText_QuestLog_PokemonMansion
0x0841B246	rom	0x15	gText_QuestLog_PokemonResearchLab
0x0841B25B	rom	0xD	gText_QuestLog_VictoryRoad
0x0841B268	rom	0xF	gText_QuestLog_PokemonLeague
0x0841B277	rom	0xE	gText_QuestLog_CeruleanCave
0x0841B285	rom	0xE	gText_WasUsedOn
0x0841B293	rom	0x2	gText_Period
0x0841B295	rom	0x12	gText_LevelRoseTo
0x0841B2A7	rom	0x2	gText_Period2
0x0841B2A9	rom	0xE	gText_LevelUp_MaxHP
0x0841B2B7	rom	0x7	gText_LevelUp_Attack
0x0841B2BE	rom	0x8	gText_LevelUp_Defense
0x0841B2C6	rom	0x6	gText_LevelUp_Speed
0x0841B2CC	rom	0x8	gText_LevelUp_SpAtk
0x0841B2D4	rom	0x8	gText_LevelUp_SpDef
0x0841B2DC	rom	0x9	gText_LevelUp_Plus
0x0841B2E5	rom	0x8	gText_LevelUp_Minus
0x0841B2ED	rom	0x4	gText_Counting_1
0x0841B2F1	rom	0xE	gText_Counting_2And
0x0841B2FF	rom	0x7	gText_Poof
0x0841B306	rom	0xF	gText_MonForgotMove
0x0841B315	rom	0x6	gText_And
0x0841B31B	rom	0xE	gText_MachineSet
0x0841B329	rom	0x5	gText_Huh
0x0841B32E	rom	0xF	gText_MonLearnedTMHM
0x0841B33D	rom	0x6	gText_Upper
0x0841B343	rom	0x6	gText_Lower
0x0841B349	rom	0x7	gText_Others
0x0841B350	rom	0x8	gText_Symbols
0x0841B358	rom	0x9	gText_Register2
0x0841B361	rom	0x5	gText_Exit
0x0841B366	rom	0xF	gText_QuitChatting
0x0841B375	rom	0x15	gText_RegisterTextWhere
0x0841B38A	rom	0x14	gText_RegisterTextHere
0x0841B39E	rom	0xC	gText_InputText
0x0841B3AA	rom	0x14	gText_F700JoinedChat
0x0841B3BE	rom	0x12	gText_F700LeftChat
0x0841B3D0	rom	0xA	gText_PlayersXPokemon
0x0841B3DA	rom	0xF	gText_PlayersXPokmonDoesNotExist
0x0841B3E9	rom	0x12	gText_ExitingTheChat
0x0841B3FB	rom	0x2B	gText_LeaderHasLeftEndingChat
0x0841B426	rom	0x43	gText_RegisteredTextChanged_OKtoSave
0x0841B469	rom	0x3B	gText_RegisteredTextChanged_AlreadySavedFile
0x0841B4A4	rom	0x22	gText_RegisteredTextChanged_SavingDontTurnOff
0x0841B4C6	rom	0x13	gText_RegisteredTextChanged_SavedTheGame
0x0841B4D9	rom	0x37	gText_IfLeaderLeavesChatWillEnd
0x0841B510	rom	0x6	gText_Hello
0x0841B516	rom	0x8	gText_Pokemon2
0x0841B51E	rom	0x6	gText_Trade
0x0841B524	rom	0x7	gText_Battle
0x0841B52B	rom	0x6	gText_Lets
0x0841B531	rom	0x4	gText_Ok
0x0841B535	rom	0x6	gText_Sorry
0x0841B53B	rom	0x6	gText_YaySmileEmoji
0x0841B541	rom	0xA	gText_ThankYou
0x0841B54B	rom	0x9	gText_ByeBye
0x0841B554	rom	0x62	gText_PlayerScurriedToCenter
0x0841B5B6	rom	0x58	gText_PlayerScurriedBackHome
0x0841B60E	rom	0xB	gText_Diploma_Player
0x0841B619	rom	0x6B	gText_Diploma_ThisDocument
0x0841B684	rom	0xB	gText_Diploma_GameFreak
0x0841B68F	rom	0x9	gText_Diploma_National
0x0841B698	rom	0x6	gText_Diploma_Kanto
0x0841B69E	rom	0x1B	gText_ClearAllSaveData
0x0841B6B9	rom	0x1C	gText_ClearingData
0x0841B6D5	rom	0x7	gText_Player
0x0841B6DC	rom	0x5	gText_Time
0x0841B6E1	rom	0x2	gText_Colon
0x0841B6E3	rom	0x8	gText_Pokedex
0x0841B6EB	rom	0x1	gTextJPDummy_Hiki
0x0841B6EC	rom	0x7	gText_Badges
0x0841B6F3	rom	0x1	gTextJPDummy_Ko
0x0841B6F4	rom	0x9	gText_Register
0x0841B6FD	rom	0x19	gText_HatchedFromEgg
0x0841B716	rom	0x31	gText_NickHatchPrompt
0x0841B747	rom	0x24	gString_OutOfCoins
0x0841B76B	rom	0xE	gString_QuitPlaying
0x0841B779	rom	0x1F	gString_SlotMachineControls
0x0841B798	rom	0x7	gText_TeachyTV
0x0841B79F	rom	0x5	gText_End
0x0841B7A4	rom	0x18	gTeachyTvString_TeachBattle
0x0841B7BC	rom	0x1A	gTeachyTvString_StatusProblems
0x0841B7D6	rom	0x18	gTeachyTvString_TypeMatchups
0x0841B7EE	rom	0x19	gTeachyTvString_CatchPkmn
0x0841B807	rom	0x14	gTeachyTvString_AboutTMs
0x0841B81B	rom	0x1B	gTeachyTvString_RegisterItem
0x0841B836	rom	0x7	gTeachyTvString_Cancel
0x0841B83D	rom	0x82	gTeachyTvText_PokedudeSaysHello
0x0841B8BF	rom	0x182	gTeachyTvText_BattleScript1
0x0841BA41	rom	0xFF	gTeachyTvText_BattleScript2
0x0841BB40	rom	0x1D0	gTeachyTvText_StatusScript1
0x0841BD10	rom	0x166	gTeachyTvText_StatusScript2
0x0841BE76	rom	0x239	gTeachyTvText_MatchupsScript1
0x0841C0AF	rom	0x18C	gTeachyTvText_MatchupsScript2
0x0841C23B	rom	0x149	gTeachyTvText_CatchingScript1
0x0841C384	rom	0xD5	gTeachyTvText_CatchingScript2
0x0841C459	rom	0x12E	gTeachyTvText_TMsScript1
0x0841C587	rom	0x10C	gPokedudeText_TMTypes
0x0841C693	rom	0x121	gPokedudeText_ReadTMDescription
0x0841C7B4	rom	0x76	gTeachyTvText_TMsScript2
0x0841C82A	rom	0x16A	gTeachyTvText_RegisterScript1
0x0841C994	rom	0x1A8	gTeachyTvText_RegisterScript2
0x0841CB3C	rom	0x5	gString_Bill
0x0841CB41	rom	0x8	gString_Someone
0x0841CB49	rom	0x5	gString_Help
0x0841CB4E	rom	0x4	gString_HelpSystem_ClearTo8
0x0841CB52	rom	0x8	gText_SpacePoints2
0x0841CB5A	rom	0x9	gText_SpaceTimes3
0x0841CB63	rom	0x15	gText_PkmnJumpRecords
0x0841CB78	rom	0x10	gText_JumpsInARow
0x0841CB88	rom	0xC	gText_BestScore2
0x0841CB94	rom	0x15	gText_ExcellentsInARow
0x0841CBA9	rom	0x21	gText_AwesomeWonF701F700
0x0841CBCA	rom	0x1A	gText_FilledStorageSpace2
0x0841CBE4	rom	0x19	gText_CantHoldMore
0x0841CBFD	rom	0x14	gText_WantToPlayAgain2
0x0841CC11	rom	0x31	gText_SomeoneDroppedOut2
0x0841CC42	rom	0x22	gText_SavingDontTurnOffPower
0x0841CC64	rom	0x17	gText_CommunicationStandby4
0x0841CC7B	rom	0x24	gText_SavingDontTurnOffPower2
0x0841CC9F	rom	0x1D	gText_BerryPickingRecords
0x0841CCBC	rom	0x10	gText_BerriesPicked
0x0841CCCC	rom	0xC	gText_BestScore
0x0841CCD8	rom	0x2B	gText_BerriesInRowFivePlayers
0x0841CD03	rom	0x22	gText_BerryPickingResults
0x0841CD25	rom	0x1E	gText_10P30P50P50P
0x0841CD43	rom	0x15	gText_AnnouncingRankings
0x0841CD58	rom	0x13	gText_AnnouncingPrizes
0x0841CD6B	rom	0x3	gText_1Colon
0x0841CD6E	rom	0x3	gText_2Colon
0x0841CD71	rom	0x3	gText_3Colon
0x0841CD74	rom	0x3	gText_4Colon
0x0841CD77	rom	0x3	gText_5Colon
0x0841CD7A	rom	0x25	gText_FirstPlacePrize
0x0841CD9F	rom	0x1B	gText_CantHoldAnyMore
0x0841CDBA	rom	0x1D	gText_FilledStorageSpace
0x0841CDD7	rom	0x14	gText_WantToPlayAgain
0x0841CDEB	rom	0x31	gText_SomeoneDroppedOut
0x0841CE1C	rom	0x8	gText_SpacePoints
0x0841CE24	rom	0x17	gText_CommunicationStandby3
0x0841CE3C	rom	0x3C	gText_BerryCrush_AreYouReady
0x0841CE78	rom	0x2F	gText_BerryCrush_WaitForOthersToChooseBerry
0x0841CEA8	rom	0x6B	gText_BerryCrush_GainedXUnitsOfPowder
0x0841CF14	rom	0x3B	gText_BerryCrush_RecordingGameResults
0x0841CF50	rom	0x20	gText_BerryCrush_WantToPlayAgain
0x0841CF70	rom	0x30	gText_BerryCrush_NoBerries
0x0841CFA0	rom	0x31	gText_BerryCrush_MemberDroppedOut
0x0841CFD4	rom	0x31	gText_BerryCrush_TimeUp
0x0841D008	rom	0x17	gText_BerryCrush_CommunicationStandby
0x0841D020	rom	0xC	gText_1_ClrBluShdwLtBlu_Dynamic0
0x0841D02C	rom	0x6	gText_1_Dynamic0
0x0841D034	rom	0x7	gText_SpaceTimes2
0x0841D03C	rom	0x6	gText_XDotY
0x0841D044	rom	0x9	gText_StrVar1Berry
0x0841D050	rom	0x6	gText_TimeColon
0x0841D058	rom	0x10	gText_PressingSpeed
0x0841D068	rom	0xB	gText_Silkiness
0x0841D074	rom	0x3	gText_StrVar1
0x0841D078	rom	0x5	gText_SpaceMin
0x0841D080	rom	0x6	gText_XDotY2
0x0841D088	rom	0x5	gText_SpaceSec
0x0841D090	rom	0x6	gText_XDotY3
0x0841D098	rom	0xB	gText_TimesPerSec
0x0841D0A4	rom	0x4	gText_Var1Percent
0x0841D0A8	rom	0x18	gText_PressesRankings
0x0841D0C0	rom	0x11	gText_CrushingResults
0x0841D0D4	rom	0x12	gText_NeatnessRankings
0x0841D0E8	rom	0x15	gText_CooperativeRankings
0x0841D100	rom	0x18	gText_PressingPowerRankings
0x0841D118	rom	0xC	gText_BerryCrush2
0x0841D124	rom	0x18	gText_PressingSpeedRankings
0x0841D13C	rom	0xB	gText_Var1Players
0x0841D148	rom	0x6	gText_Ghost
0x0841D14E	rom	0x1B	gText_PokemonOnHook
0x0841D169	rom	0x15	gText_NotEvenANibble
0x0841D17E	rom	0xF	gText_ItGotAway
0x0841D18D	rom	0x8	gText_Rooftop2
0x0841D198	rom	0x1E	gString_PokemonFireRed_Staff
0x0841D1B8	rom	0x20	gString_PokemonLeafGreen_Staff
0x0841D1D8	rom	0xF	gCreditsString_Director
0x0841D1E8	rom	0x15	gCreditsString_Junichi_Masuda
0x0841D200	rom	0x22	gCreditsString_Art_Director_Battle_Director
0x0841D224	rom	0x23	gCreditsString_Ken_Sugimori_Shigeki_Morimoto
0x0841D248	rom	0x39	gCreditsString_Program_Leader_Planning_Leader_Graphic_Design_Leader
0x0841D284	rom	0x2D	gCreditsString_Tetsuya_Watanabe_Koji_Nishino_Takao_Unno
0x0841D2B4	rom	0x11	gCreditsString_Programmers
0x0841D2C8	rom	0x4A	gCreditsString_Hiroyuki_Nakamura_Masao_Taya_Satoshi_Nohara_Miyuki_Iwasawa_Daisuke_Goto
0x0841D314	rom	0x19	gCreditsString_System_Programmers
0x0841D330	rom	0x3D	gCreditsString_Tetsuya_Watanabe_Akito_Mori_Hisashi_Sogabe_Sousuke_Tamada
0x0841D370	rom	0x18	gCreditsString_Graphic_Designers
0x0841D388	rom	0x36	gCreditsString_Takao_Unno_Asuka_Iwashita_Kanako_Eo_Hiroki_Fuchino
0x0841D3C0	rom	0x18	gCreditsString_Graphic_Designers_2
0x0841D3D8	rom	0x23	gCreditsString_Ken_Sugimori_Hironobu_Yoshida
0x0841D3FC	rom	0x18	gCreditsString_Music_Composition
0x0841D414	rom	0x20	gCreditsString_Go_Ichinose_Junichi_Masuda
0x0841D434	rom	0x14	gCreditsString_Sound_Effects
0x0841D448	rom	0x12	gCreditsString_Go_Ichinose
0x0841D45C	rom	0x15	gCreditsString_Game_Designers
0x0841D474	rom	0x2D	gCreditsString_Junichi_Masuda_Koji_Nishino_Tetsuji_Ohta
0x0841D4A4	rom	0x15	gCreditsString_Game_Designers_2
0x0841D4BC	rom	0x31	gCreditsString_Hitomi_Sato_Shigeru_Ohmori_Tadashi_Takahashi
0x0841D4F0	rom	0x14	gCreditsString_Game_Scenario
0x0841D504	rom	0x20	gCreditsString_Hitomi_Sato_Satoshi_Tajiri
0x0841D524	rom	0x22	gCreditsString_Script_Designer_Map_Designer
0x0841D548	rom	0x23	gCreditsString_Satoshi_Nohara_Shigeru_Ohmori
0x0841D56C	rom	0x1B	gCreditsString_Parametric_Designers
0x0841D588	rom	0x2F	gCreditsString_Koji_Nishino_Tetsuji_Ohta_Shigeki_Morimoto
0x0841D5B8	rom	0x13	gCreditsString_POKeDEX_Text
0x0841D5CC	rom	0x17	gCreditsString_Kenji_Matsushima
0x0841D5E4	rom	0x18	gCreditsString_POKeMON_Designers
0x0841D5FC	rom	0x44	gCreditsString_Ken_Sugimori_Motofumi_Fujiwara_Shigeki_Morimoto_Hironobu_Yoshida
0x0841D640	rom	0x18	gCreditsString_POKeMON_Designers_2
0x0841D658	rom	0x3F	gCreditsString_Satoshi_Ohta_Asuka_Iwashita_Takao_Unno_Kanako_Eo_Aimi_Tomita
0x0841D698	rom	0x18	gCreditsString_POKeMON_Designers_3
0x0841D6B0	rom	0x39	gCreditsString_Atsuko_Nishida_Muneo_Saito_Rena_Yoshikawa_Jun_Okutani
0x0841D6EC	rom	0x1B	gCreditsString_Supporting_Programmers
0x0841D708	rom	0x44	gCreditsString_Teruyuki_Yoshioka_Takao_Nakano_Satoshi_Mitsuhara_Daisuke_Hoshino
0x0841D74C	rom	0x1A	gCreditsString_NCL_Product_Testing
0x0841D768	rom	0x1B	gCreditsString_NCL_Super_Mario_Club
0x0841D784	rom	0x15	gCreditsString_Special_Thanks
0x0841D79C	rom	0x3F	gCreditsString_Hiro_Nakamura_Hiroyuki_Uesugi_Teruki_Murakawa_Kazuya_Suyama
0x0841D7DC	rom	0x15	gCreditsString_Special_Thanks_2
0x0841D7F4	rom	0x3F	gCreditsString_Kenji_Tominaga_Kenjiro_Ito_Tomotaka_Komura_Michiko_Takizawa
0x0841D834	rom	0x15	gCreditsString_Special_Thanks_3
0x0841D84C	rom	0x48	gCreditsString_Makiko_Takada_Mikiko_Ohashi_Shusaku_Egami_Takanao_Kondo_Rui_Kawaguchi
0x0841D894	rom	0x19	gCreditsString_Braille_Code_Check
0x0841D8B0	rom	0x1C	gCreditsString_Japan_Braille_Library
0x0841D8CC	rom	0x1E	gCreditsString_Information_Supervisors
0x0841D8EC	rom	0x49	gCreditsString_Hiroki_Enomoto_Kazuyuki_Terada_Yuri_Sakurai_Yumi_Funasaka_Naoko_Yanase
0x0841D938	rom	0x13	gCreditsString_Coordinators
0x0841D94C	rom	0x3E	gCreditsString_Azusa_Tajima_Akira_Kinashi_Kazuki_Yoshihara_Retsuji_Nomoto
0x0841D98C	rom	0x14	gCreditsString_Task_Managers
0x0841D9A0	rom	0x24	gCreditsString_Hitoshi_Yamagami_Gakuji_Nomoto
0x0841D9C4	rom	0x10	gCreditsString_Producers
0x0841D9D4	rom	0x32	gCreditsString_Hiroyuki_Jinnai_Takehiro_Izushi_Hiroaki_Tsuru
0x0841DA08	rom	0x19	gCreditsString_Executive_Director
0x0841DA24	rom	0x15	gCreditsString_Satoshi_Tajiri
0x0841DA3C	rom	0x19	gCreditsString_Executive_Producer
0x0841DA58	rom	0x13	gCreditsString_Satoru_Iwata
0x0841DA6C	rom	0x19	gCreditsString_Executive_Producer_2
0x0841DA88	rom	0x18	gCreditsString_Tsunekaz_Ishihara
0x0841DAA0	rom	0x23	gCreditsString_English_Version_Coordinators
0x0841DAC4	rom	0x21	gCreditsString_Hiro_Nakamura_Seth_McMahill
0x0841DAE8	rom	0x1C	gCreditsString_Translator_Text_Editor
0x0841DB04	rom	0x24	gCreditsString_Nob_Ogasawara_Teresa_Lillygren
0x0841DB28	rom	0x12	gCreditsString_Programmers_2
0x0841DB3C	rom	0x3F	gCreditsString_Teruki_Murakawa_Souichi_Yamamoto_Yuichiro_Ito_Akira_Kinashi
0x0841DB7C	rom	0x25	gCreditsString_Environment_Tool_Programmers
0x0841DBA4	rom	0x36	gCreditsString_Teruki_Murakawa_Souichi_Yamamoto_Kimiko_Nakamichi
0x0841DBDC	rom	0x1A	gCreditsString_NOA_Product_Testing
0x0841DBF8	rom	0x31	gCreditsString_Thomas_Hertzog_Kathy_Huguenard_Mika_Kurosawa
0x0841DC2C	rom	0x19	gCreditsString_Braille_Code_Check_2
0x0841DC48	rom	0x64	gCreditsString_National_Federation_of_the_Blind_Patricia_A_Maurer_Japan_Braille_Library_European_Blind_Union
0x0841DCAC	rom	0x19	gCreditsString_Braille_Code_Check_3
0x0841DCC8	rom	0x3D	gCreditsString_National_Information_Library_Service_Margaret_Campion
0x0841DD08	rom	0x15	gCreditsString_Special_Thanks_4
0x0841DD20	rom	0x44	gCreditsString_Takehiro_Izushi_Motoyasu_Tojima_Hitoshi_Yamagami_Hiroyuki_Uesugi
0x0841DD64	rom	0x15	gCreditsString_Special_Thanks_5
0x0841DD7C	rom	0x4A	gCreditsString_Nicola_Pratt_Barlow_Shellie_Dow_Anthony_Howitt_Naoko_Saeki_Kyoko_Onishi
0x0841DDC8	rom	0x19	gCreditsString_Braille_Code_Check_4
0x0841DDE4	rom	0x3D	gCreditsString_The_Royal_New_Zealand_Foundation_of_the_Blind_Greg_Moran
0x0841DE24	rom	0x17	gCreditsString_Graphic_Designer
0x0841DE3C	rom	0x14	gCreditsString_Akira_Kinashi
0x0841DE50	rom	0x1	gJPText_MysteryGift
0x0841DE51	rom	0x1	gJPText_DecideStop
0x0841DE52	rom	0x1	gJPText_ReceiveMysteryGiftWithEReader
0x0841DE53	rom	0x1	gJPText_SelectConnectFromEReaderMenu
0x0841DE54	rom	0x1	gJPText_SelectConnectWithGBA
0x0841DE55	rom	0x27	gJPText_SelectConnectAndPressA
0x0841DE7C	rom	0x1	gJPText_LinkIsIncorrect
0x0841DE7D	rom	0x1	gJPText_CardReadingHasBeenHalted
0x0841DE7E	rom	0x17	gJPText_UnableConnectWithEReader
0x0841DE95	rom	0x1	gJPText_Connecting
0x0841DE96	rom	0x1	gJPText_ConnectionErrorCheckLink
0x0841DE97	rom	0x1	gJPText_ConnectionErrorTryAgain
0x0841DE98	rom	0x1	gJPText_AllowEReaderToLoadCard
0x0841DE99	rom	0x1	gJPText_ConnectionComplete
0x0841DE9A	rom	0x1	gJPText_NewTrainerHasComeToSevii
0x0841DE9B	rom	0x1	gJPText_PleaseWaitAMoment
0x0841DE9C	rom	0x1	gJPText_WriteErrorUnableToSaveData
0x0841DE9D	rom	0x53	gText_CommErrorCheckConnections
0x0841DEF0	rom	0x15	gText_CommErrorEllipsis
0x0841DF05	rom	0x47	gText_MoveCloserToLinkPartner
0x0841DF4C	rom	0x1F	gText_ABtnRegistrationCounter
0x0841DF6B	rom	0x17	gText_ABtnTitleScreen
0x0841DF82	rom	0x9	gText_NumPlayerLink
0x0841DF8B	rom	0x7	gText_BronzeCard
0x0841DF92	rom	0x7	gText_CopperCard
0x0841DF99	rom	0x7	gText_SilverCard
0x0841DFA0	rom	0x5	gText_GoldCard
0x0841DFA5	rom	0x7	gText_HelpSystemControls_A_Next
0x0841DFAC	rom	0x12	gText_HelpSystemControls_PickOkEnd
0x0841DFBE	rom	0xB	gText_HelpSystemControls_AorBtoCancel
0x0841DFC9	rom	0x15	gText_HelpSystemControls_PickOkCancel
0x0841DFDE	rom	0x8	gEasyChatGroupName_Pokemon
0x0841DFE6	rom	0x8	gEasyChatGroupName_Trainer
0x0841DFEE	rom	0x7	gEasyChatGroupName_Status
0x0841DFF5	rom	0x7	gEasyChatGroupName_Battle
0x0841DFFC	rom	0xA	gEasyChatGroupName_Greetings
0x0841E006	rom	0x7	gEasyChatGroupName_People
0x0841E00D	rom	0x7	gEasyChatGroupName_Voices
0x0841E014	rom	0x7	gEasyChatGroupName_Speech
0x0841E01B	rom	0x8	gEasyChatGroupName_Endings
0x0841E023	rom	0x9	gEasyChatGroupName_Feelings
0x0841E02C	rom	0xB	gEasyChatGroupName_Conditions
0x0841E037	rom	0x8	gEasyChatGroupName_Actions
0x0841E03F	rom	0xA	gEasyChatGroupName_Lifestyle
0x0841E049	rom	0x8	gEasyChatGroupName_Hobbies
0x0841E051	rom	0x5	gEasyChatGroupName_Time
0x0841E056	rom	0x6	gEasyChatGroupName_Misc
0x0841E05C	rom	0xB	gEasyChatGroupName_Adjectives
0x0841E067	rom	0x7	gEasyChatGroupName_Events
0x0841E06E	rom	0x7	gEasyChatGroupName_Move1
0x0841E075	rom	0x7	gEasyChatGroupName_Move2
0x0841E07C	rom	0xE	gEasyChatGroupName_TrendySaying
0x0841E08A	rom	0x9	gEasyChatGroupName_Pokemon2
0x0841E093	rom	0x4	gText_ThreeQuestionMarks
0x0841E097	rom	0x1	gText_UnusedEmpty
0x0841E098	rom	0x3	gText_UnusedLv
0x0841E09B	rom	0x4	gText_UnusedDashes
0x0841E09F	rom	0x5	gText_4Qmark
0x0841E0A4	rom	0x1	gText_UnusedEmpty2
0x0841E0A5	rom	0x14	gText_IsThisTradeOkay
0x0841E0B9	rom	0x7	gTradeText_Cancel
0x0841E0C0	rom	0x12	gTradeText_ChooseAPokemon
0x0841E0D2	rom	0x8	gTradeText_Summary
0x0841E0DA	rom	0x6	gTradeText_Trade
0x0841E0E0	rom	0xE	gText_CancelTrade
0x0841E0EE	rom	0x1C	gTradeText_PressBButtonToExit
0x0841E10A	rom	0x8	gText_TradeAction_Summary
0x0841E112	rom	0x6	gText_TradeAction_Trade
0x0841E118	rom	0x2D	gText_Trade_CommunicationStandby
0x0841E145	rom	0x26	gText_TradeHasBeenCanceled
0x0841E16B	rom	0x2E	gText_Trade_OnlyPkmnForBattle
0x0841E199	rom	0x2C	gText_WaitingForFriendToFinish
0x0841E1C5	rom	0x24	gText_FriendWantsToTrade
0x0841E1E9	rom	0x17	gText_XWillBeSentToY
0x0841E200	rom	0xD	gText_ByeByeVar1
0x0841E20D	rom	0x11	gText_XSentOverY
0x0841E21E	rom	0x16	gText_TakeGoodCareOfX
0x0841E234	rom	0x6	gText_From
0x0841E23A	rom	0x1	gText_Empty1
0x0841E23B	rom	0x1	gText_Empty2
0x0841E23C	rom	0x1	gText_Empty3
0x0841E23D	rom	0x1	gText_Empty4
0x0841E23E	rom	0x1	gText_Empty5
0x0841E23F	rom	0x1	gText_Empty6
0x0841E240	rom	0x1	gText_Empty7
0x0841E241	rom	0x1	gText_Empty8
0x0841E242	rom	0x1	gText_Empty9
0x0841E243	rom	0x1	gText_Empty10
0x0841E244	rom	0x1	gText_Empty11
0x0841E245	rom	0x1E	gText_WirelessCommunicationStatus
0x0841E263	rom	0x10	gText_PeopleTrading
0x0841E273	rom	0x11	gText_PeopleBattling
0x0841E284	rom	0x1A	gText_PeopleInUnionRoom
0x0841E29E	rom	0x16	gText_PeopleCommunicating
0x0841E2B4	rom	0xB	gText_Dynamic0Players
0x0841E2BF	rom	0xA	gText_Dynamic1Players
0x0841E2C9	rom	0xB	gText_Dynamic2Players
0x0841E2D4	rom	0xB	gText_Dynamic3Players
0x0841E2DF	rom	0xD	gText_DPadChooseAButtonConfirm
0x0841E2EC	rom	0x9	gText_BButtonCancel
0x0841E2F5	rom	0x2D	gText_ChooseBattleLineup
0x0841E322	rom	0x3	gText_UnusedId
0x0841E325	rom	0x17	gText_CommunicationStandby5
0x0841E33C	rom	0x25	gDaycareText_GetAlongVeryWell
0x0841E361	rom	0x1B	gDaycareText_GetAlong
0x0841E37C	rom	0x2C	gDaycareText_DontLikeOther
0x0841E3A8	rom	0x3B	gDaycareText_PlayOther
0x0841E3E3	rom	0x18	gText_TeachWhichMoveToMon
0x0841E3FB	rom	0xA	gText_TeachMoveQues
0x0841E405	rom	0xF	gText_MonLearnedMove
0x0841E414	rom	0x6D	gText_MonIsTryingToLearnMove
0x0841E481	rom	0x12	gText_StopLearningMove
0x0841E493	rom	0x2D	gText_1_2_and_Poof
0x0841E4C0	rom	0x22	gText_MonForgotOldMoveAndMonLearnedNewMove
0x0841E4E2	rom	0x2A	gText_GiveUpTryingToTeachNewMove
0x0841E50C	rom	0x21	gText_WhichMoveShouldBeForgotten
0x0841E52D	rom	0xB	gText_TenDashes
0x0841E538	rom	0x3A	gText_CommStandbyAwaitingOtherPlayer
0x0841E572	rom	0x1B	gText_BattleWasRefused
0x0841E58D	rom	0x17	gText_RefusedBattle
0x0841E5A4	rom	0x15	gFameCheckerText_MainScreenUI
0x0841E5B9	rom	0x19	gFameCheckerText_PickScreenUI
0x0841E5D2	rom	0x17	gFameCheckerText_FlavorTextUI
0x0841E5E9	rom	0x4	gFameCheckerOakName
0x0841E5ED	rom	0x6	gFameCheckerDaisyName
0x0841E5F3	rom	0x5	gFameCheckerBillName
0x0841E5F8	rom	0x5	gFameCheckerMrFujiName
0x0841E5FD	rom	0x42	gText_VarietyOfEventsImportedWireless
0x0841E63F	rom	0x2A	gText_WonderCardsInPossession
0x0841E669	rom	0x1C	gText_ReadNewsThatArrived
0x0841E685	rom	0x1C	gText_ReturnToTitle
0x0841E6A1	rom	0x3B	gText_DontHaveCardNewOneInput
0x0841E6DC	rom	0x3B	gText_DontHaveNewsNewOneInput
0x0841E717	rom	0x2A	gText_WhereShouldCardBeAccessed
0x0841E741	rom	0x2A	gText_WhereShouldNewsBeAccessed
0x0841E76B	rom	0x29	gText_LinkStandyBButtonCancel
0x0841E794	rom	0xF	gText_Communicating
0x0841E7A3	rom	0x19	gText_CommunicationCompleted
0x0841E7BC	rom	0x15	gText_CommunicationError
0x0841E7D1	rom	0x21	gText_CommunicationCanceled
0x0841E7F2	rom	0x31	gText_ThrowAwayWonderCard
0x0841E823	rom	0x43	gText_HaventReceivedCardsGift
0x0841E866	rom	0x29	gText_WonderCardReceivedFrom
0x0841E88F	rom	0x2E	gText_WonderNewsReceivedFrom
0x0841E8BD	rom	0x25	gText_WonderCardReceived
0x0841E8E2	rom	0x2A	gText_WonderNewsReceived
0x0841E90C	rom	0x1F	gText_NewStampReceived
0x0841E92B	rom	0x1B	gText_NewTrainerReceived
0x0841E946	rom	0x22	gText_AlreadyHadCard
0x0841E968	rom	0x27	gText_AlreadyHadNews
0x0841E98F	rom	0x1C	gText_AlreadyHadStamp
0x0841E9AB	rom	0x28	gText_NoMoreRoomForStamps
0x0841E9D3	rom	0x3A	gText_RecordUploadedViaWireless
0x0841EA0D	rom	0x32	gText_CantAcceptCardFromTrainer
0x0841EA3F	rom	0x30	gText_CantAcceptNewsFromTrainer
0x0841EA6F	rom	0x17	gText_NothingSentOver
0x0841EA86	rom	0x31	gText_WhatToDoWithCards
0x0841EAB7	rom	0x30	gText_WhatToDoWithNews
0x0841EAE7	rom	0x1A	gText_SendingWonderCard
0x0841EB01	rom	0x1F	gText_SendingWonderNews
0x0841EB20	rom	0x26	gText_WonderCardSentTo
0x0841EB46	rom	0x2B	gText_WonderNewsSentTo
0x0841EB71	rom	0x1D	gText_StampSentTo
0x0841EB8E	rom	0x1C	gText_GiftSentTo
0x0841EBAA	rom	0x34	gText_OtherTrainerHasCard
0x0841EBDE	rom	0x34	gText_OtherTrainerHasNews
0x0841EC12	rom	0x2E	gText_OtherTrainerHasStamp
0x0841EC40	rom	0x2A	gText_OtherTrainerCanceled
0x0841EC6A	rom	0x2F	gText_CantSendGiftToTrainer
0x0841EC99	rom	0x3A	gText_IfThrowAwayCardEventWontHappen
0x0841ECD3	rom	0x26	gText_OkayToDiscardNews
0x0841ECF9	rom	0x36	gText_HaventReceivedGiftOkayToDiscard
0x0841ED2F	rom	0x21	gText_DataWillBeSaved
0x0841ED50	rom	0x2B	gText_SaveCompletedPressA
0x0841ED7B	rom	0x21	gText_WonderCardThrownAway
0x0841ED9C	rom	0x21	gText_WonderNewsThrownAway
0x0841EDBD	rom	0xD	gText_MysteryGift2
0x0841EDCA	rom	0x13	gText_PickOKCancel
0x0841EDDD	rom	0xD	gText_WonderCards
0x0841EDEA	rom	0xC	gText_WonderNews
0x0841EDF6	rom	0x17	gText_WirelessCommunication
0x0841EE0D	rom	0x7	gText_Friend2
0x0841EE14	rom	0x5	gText_Exit3
0x0841EE19	rom	0x8	gText_Receive
0x0841EE21	rom	0x5	gText_Send
0x0841EE26	rom	0x5	gText_Toss
0x0841EE2B	rom	0x17	gText_DelAllCancelOk
0x0841EE44	rom	0x20	sSaveFailedScreenPals
0x0841EE64	rom	0x4	sBgTemplates
0x0841EE68	rom	0x18	sWindowTemplates
0x0841EE80	rom	0x3	sTextColor
0x0841EE84	rom	0x20	sEvolutionSparklesPalData
0x0841EEA4	rom	0x20	sEvolutionSparklesTileData
0x0841EEC4	rom	0x10	sSpriteSheet_EvolutionSparkles
0x0841EED4	rom	0x10	sSpritePalette_EvolutionSparkles
0x0841EEE4	rom	0x8	sOamData_EvolutionSparkles
0x0841EEEC	rom	0x8	sSpriteAnim_EvolutionSparkles_0
0x0841EEF4	rom	0x4	sSpriteAnimTable_EvolutionSparkles
0x0841EEF8	rom	0x18	sSpriteTemplate_EvolutionSparkles
0x0841EF10	rom	0x18	sEvolutionSparkleMatrixScales
0x0841EF28	rom	0x20	sUnused
0x0841EF48	rom	0x280	sUnusedWindow_Gfx
0x0841F1C8	rom	0x240	gMenuMessageWindow_Gfx
0x0841F408	rom	0x20	gStandardMenuPalette
0x0841F428	rom	0x3	sTextSpeedFrameDelays
0x0841F42C	rom	0x10	sStandardTextBox_WindowTemplates
0x0841F43C	rom	0x8	sYesNo_WindowTemplate
0x0841F444	rom	0x60	gFontInfos
0x0841F4A4	rom	0x10	gMenuCursorDimensions
0x0841F4B4	rom	0x20	sTilemapDimensions
0x0841F4D4	rom	0x40	sViridianForestMapPreviewPalette
0x0841F514	rom	0x1884	sViridianForestMapPreviewTiles
0x08420D98	rom	0x3D8	sViridianForestMapPreviewTilemap
0x08421170	rom	0x40	sRockTunnelMapPreviewPalette
0x084211B0	rom	0x15A4	sRockTunnelMapPreviewTiles
0x08422754	rom	0x3F0	sRockTunnelMapPreviewTilemap
0x08422B44	rom	0x40	sRocketHideoutMapPreviewPalette
0x08422B84	rom	0x7D8	sRocketHideoutMapPreviewTiles
0x0842335C	rom	0x25C	sRocketHideoutMapPreviewTilemap
0x084235B8	rom	0x40	sPowerPlantMapPreviewPalette
0x084235F8	rom	0x11D8	sPowerPlantMapPreviewTiles
0x084247D0	rom	0x3B4	sPowerPlantMapPreviewTilemap
0x08424B84	rom	0x40	sPokemonMansionMapPreviewPalette
0x08424BC4	rom	0x1908	sPokemonMansionMapPreviewTiles
0x084264CC	rom	0x3DC	sPokemonMansionMapPreviewTilemap
0x084268A8	rom	0x40	sPokemonTowerMapPreviewPalette
0x084268E8	rom	0xF44	sPokemonTowerMapPreviewTiles
0x0842782C	rom	0x314	sPokemonTowerMapPreviewTilemap
0x08427B40	rom	0x40	sSilphCoMapPreviewPalette
0x08427B80	rom	0x11DC	sSilphCoMapPreviewTiles
0x08428D5C	rom	0x3A0	sSilphCoMapPreviewTilemap
0x084290FC	rom	0x40	sMtMoonMapPreviewPalette
0x0842913C	rom	0x192C	sMtMoonMapPreviewTiles
0x0842AA68	rom	0x398	sMtMoonMapPreviewTilemap
0x0842AE00	rom	0x40	sSeafoamIslandsMapPreviewPalette
0x0842AE40	rom	0x1528	sSeafoamIslandsMapPreviewTiles
0x0842C368	rom	0x3F8	sSeafoamIslandsMapPreviewTilemap
0x0842C760	rom	0x40	sRocketWarehouseMapPreviewPalette
0x0842C7A0	rom	0x928	sRocketWarehouseMapPreviewTiles
0x0842D0C8	rom	0x2BC	sRocketWarehouseMapPreviewTilemap
0x0842D384	rom	0x40	sVictoryRoadMapPreviewPalette
0x0842D3C4	rom	0x171C	sVictoryRoadMapPreviewTiles
0x0842EAE0	rom	0x3BC	sVictoryRoadMapPreviewTilemap
0x0842EE9C	rom	0x40	sMtEmberMapPreviewPalette
0x0842EEDC	rom	0x16B4	sMtEmberMapPreviewTiles
0x08430590	rom	0x38C	sMtEmberMapPreviewTilemap
0x0843091C	rom	0x40	sSafariZoneMapPreviewPalette
0x0843095C	rom	0x1510	sSafariZoneMapPreviewTiles
0x08431E6C	rom	0x360	sSafariZoneMapPreviewTilemap
0x084321CC	rom	0x40	sMoneanChamberMapPreviewPalette
0x0843220C	rom	0x14BC	sMoneanChamberMapPreviewTiles
0x084336C8	rom	0x35C	sMoneanChamberMapPreviewTilemap
0x08433A24	rom	0x40	sDottedHoleMapPreviewPalette
0x08433A64	rom	0x1260	sDottedHoleMapPreviewTiles
0x08434CC4	rom	0x344	sDottedHoleMapPreviewTilemap
0x08435008	rom	0x40	sCeruleanCaveMapPreviewPalette
0x08435048	rom	0x13D0	sCeruleanCaveMapPreviewTiles
0x08436418	rom	0x3FC	sCeruleanCaveMapPreviewTilemap
0x08436814	rom	0x40	sDiglettsCaveMapPreviewPalette
0x08436854	rom	0x172C	sDiglettsCaveMapPreviewTiles
0x08437F80	rom	0x3E4	sDiglettsCaveMapPreviewTilemap
0x08438364	rom	0x40	sLostCaveMapPreviewPalette
0x084383A4	rom	0x124C	sLostCaveMapPreviewTiles
0x084395F0	rom	0x3E8	sLostCaveMapPreviewTilemap
0x084399D8	rom	0x40	sBerryForestMapPreviewPalette
0x08439A18	rom	0x1A0C	sBerryForestMapPreviewTiles
0x0843B424	rom	0x3E0	sBerryForestMapPreviewTilemap
0x0843B804	rom	0x40	sIcefallCaveMapPreviewPalette
0x0843B844	rom	0x1700	sIcefallCaveMapPreviewTiles
0x0843CF44	rom	0x3E0	sIcefallCaveMapPreviewTilemap
0x0843D324	rom	0x40	sAlteringCaveMapPreviewPalette
0x0843D364	rom	0x12B4	sAlteringCaveMapPreviewTiles
0x0843E618	rom	0x3D0	sAlteringCaveMapPreviewTilemap
0x0843E9E8	rom	0x1C0	sMapPreviewScreenData
0x0843EBA8	rom	0x8	sMapNameWindow
0x0843EBB0	rom	0x4	sMapPreviewBgTemplate
0x0843EBB4	rom	0x18	sRfuReqConfigTemplate
0x0843EBCC	rom	0x5	sAvailSlots
0x0843EBD4	rom	0x64	sAllBlocksReceived
0x0843EC38	rom	0x9	sSlotToLinkPlayerTableId
0x0843EC41	rom	0x10	sPlayerBitsToCount
0x0843EC51	rom	0x10	sPlayerBitsToNewChildIdx
0x0843EC64	rom	0x28	sBlockRequests
0x0843EC8C	rom	0x6	sAcceptedSerialNos
0x0843EC92	rom	0xA5	sASCII_RfuCmds
0x0843ED37	rom	0x50	sASCII_RecoverCmds
0x0843ED88	rom	0xC	sShutdownTasks
0x0843EDE4	rom	0xF	sASCII_PokemonSioInfo
0x0843EDF4	rom	0x4	sText_Akito
0x0843EDF8	rom	0x16	sASCII_LinkLossDisconnect
0x0843EE10	rom	0x17	sASCII_LinkLossRecoveryNow
0x0843EE28	rom	0x0	sASCII_30Spaces
0x0843EE47	rom	0x0	sASCII_15Spaces
0x0843EE57	rom	0x0	sASCII_8Spaces
0x0843EE60	rom	0x0	sASCII_Space
0x0843EE62	rom	0x0	sASCII_Asterisk
0x0843EE64	rom	0x8	sASCII_NowSlot
0x0843EE6C	rom	0x3C	sASCII_ClockCmds
0x0843EEA8	rom	0x18	sASCII_ChildParentSearch
0x0843EEC0	rom	0x20	sWirelessLinkIconPalette
0x0843EEE0	rom	0x124	sWirelessLinkIconPic
0x0843F004	rom	0x100	sWireless_ASCIItoRSETable
0x0843F104	rom	0x100	sWireless_RSEtoASCIITable
0x0843F204	rom	0x8	sWirelessStatusIndicatorOamData
0x0843F20C	rom	0x1C	sWirelessStatusIndicator_3Bars
0x0843F228	rom	0x14	sWirelessStatusIndicator_2Bars
0x0843F23C	rom	0xC	sWirelessStatusIndicator_1Bar
0x0843F248	rom	0xC	sWirelessStatusIndicator_Searching
0x0843F254	rom	0xC	sWirelessStatusIndicator_Error
0x0843F260	rom	0x14	sWirelessStatusIndicatorAnims
0x0843F274	rom	0x8	sWirelessStatusIndicatorSpriteSheet
0x0843F27C	rom	0x8	sWirelessStatusIndicatorSpritePalette
0x0843F284	rom	0x18	sWirelessStatusIndicatorSpriteTemplate
0x0843F29C	rom	0x8	sECPhrase_MysteryEventIsExciting
0x0843F2A4	rom	0x8	sECPhrase_LinkTogetherWithAll
0x0843F2AC	rom	0xF0	sEasyChatScreenTemplates
0x0843F39C	rom	0x1C	sAlphabetLayout
0x0843F3B8	rom	0x20	sTriangleCursor_Pal
0x0843F3D8	rom	0x20	sRectangleCursor_Pal
0x0843F3F8	rom	0x20	sTriangleCursor_Gfx
0x0843F418	rom	0x100	sScrollIndicator_Gfx
0x0843F518	rom	0x100	sStartSelectButtons_Gfx
0x0843F618	rom	0x20	sRSInterviewFrame_Pal
0x0843F638	rom	0x134	sRSInterviewFrame_Gfx
0x0843F76C	rom	0x20	sTextInputFrameOrange_Pal
0x0843F78C	rom	0x20	sTextInputFrameGreen_Pal
0x0843F7AC	rom	0xC8	sTextInputFrame_Gfx
0x0843F874	rom	0x8	sTitleText_Pal
0x0843F87C	rom	0xA	sText_Pal
0x0843F888	rom	0x18	sPhraseFrameDimensions
0x0843F8A0	rom	0x10	sEasyChatBgTemplates
0x0843F8B0	rom	0x20	sEasyChatWindowTemplates
0x0843F8D0	rom	0x8	sEasyChatYesNoWindowTemplate
0x0843F8D8	rom	0x3	sText_Underscore
0x0843F8DB	rom	0x4	sText_Clear17
0x0843F8E0	rom	0x10	sEasyChatKeyboardAlphabet
0x0843F8F0	rom	0x20	sEasyChatSpriteSheets
0x0843F910	rom	0x28	sEasyChatSpritePalettes
0x0843F938	rom	0x20	sEasyChatCompressedSpriteSheets
0x0843F958	rom	0x7	sAlphabetKeyboardColumnOffsets
0x0843F960	rom	0x8	sOamData_TriangleCursor
0x0843F968	rom	0x18	sSpriteTemplate_TriangleCursor
0x0843F980	rom	0x8	sOamData_RectangleCursor
0x0843F988	rom	0x8	sAnim_RectangleCursor_OnGroup
0x0843F990	rom	0x8	sAnim_RectangleCursor_OnButton
0x0843F998	rom	0x8	sAnim_RectangleCursor_OnOthers
0x0843F9A0	rom	0x8	sAnim_RectangleCursor_OnLetter
0x0843F9A8	rom	0x10	sAnims_RectangleCursor
0x0843F9B8	rom	0x18	sSpriteTemplate_RectangleCursor
0x0843F9D0	rom	0x8	sOamData_ModeWindow
0x0843F9D8	rom	0x8	sAnim_ModeWindow_Hidden
0x0843F9E0	rom	0xC	sAnim_ModeWindow_ToGroup
0x0843F9EC	rom	0xC	sAnim_ModeWindow_ToAlphabet
0x0843F9F8	rom	0xC	sAnim_ModeWindow_ToHidden
0x0843FA04	rom	0x8	sAnim_ModeWindow_Transition
0x0843FA0C	rom	0x14	sAnims_ModeWindow
0x0843FA20	rom	0x18	sSpriteTemplate_ModeWindow
0x0843FA38	rom	0x8	sOamData_ButtonWindow
0x0843FA40	rom	0x18	sSpriteTemplate_ButtonWindow
0x0843FA58	rom	0x8	sOamData_StartSelectButton
0x0843FA60	rom	0x8	sOamData_ScrollIndicator
0x0843FA68	rom	0x8	sAnim_Frame0
0x0843FA70	rom	0x8	sAnim_Frame1
0x0843FA78	rom	0x8	sAnims_TwoFrame
0x0843FA80	rom	0x18	sSpriteTemplate_StartSelectButtons
0x0843FA98	rom	0x18	sSpriteTemplate_ScrollIndicator
0x0843FAB0	rom	0x674	gMonFootprintTable
0x08440124	rom	0x150	sCategoryMonInfoBgTiles
0x08440274	rom	0x138	sKantoDexTiles
0x084403AC	rom	0x11C	sNatDexTiles
0x084404C8	rom	0x200	sKantoDexPalette
0x084406C8	rom	0x18	sDexScreen_CategoryCursorPals
0x084406E0	rom	0x200	sNationalDexPalette
0x084408E0	rom	0x2F8	sTopMenuIconTiles_Cave
0x08440BD8	rom	0x318	sTopMenuIconTiles_Urban
0x08440EF0	rom	0x23C	sTopMenuSelectionIconTiles_Cancel
0x0844112C	rom	0x390	sTopMenuIconTiles_Forest
0x084414BC	rom	0x34C	sTopMenuIconTiles_Grassland
0x08441808	rom	0x238	sTopMenuIconTiles_QuestionMark
0x08441A40	rom	0x314	sTopMenuIconTiles_Mountain
0x08441D54	rom	0x2B0	sTopMenuIconTiles_Rare
0x08442004	rom	0x238	sTopMenuIconTiles_Sea
0x0844223C	rom	0x2A8	sTopMenuIconTiles_Numerical
0x084424E4	rom	0x354	sTopMenuIconTiles_RoughTerrain
0x08442838	rom	0x388	sTopMenuIconTiles_WatersEdge
0x08442BC0	rom	0x338	sTopMenuIconTiles_Type
0x08442EF8	rom	0x294	sTopMenuIconTiles_Lightest
0x0844318C	rom	0x294	sTopMenuIconTiles_Smallest
0x08443420	rom	0x20	sTopMenuIconPals_Cave
0x08443440	rom	0x20	sTopMenuIconPals_Urban
0x08443460	rom	0x20	sTopMenuSelectionIconPals_Cancel
0x08443480	rom	0x20	sTopMenuIconPals_Forest
0x084434A0	rom	0x20	sTopMenuIconPals_Grassland
0x084434C0	rom	0x20	sTopMenuIconPals_QuestionMark
0x084434E0	rom	0x20	sTopMenuIconPals_Mountain
0x08443500	rom	0x20	sTopMenuIconPals_Rare
0x08443520	rom	0x20	sTopMenuIconPals_Sea
0x08443540	rom	0x20	sTopMenuIconPals_Numerical
0x08443560	rom	0x20	sTopMenuIconPals_RoughTerrain
0x08443580	rom	0x20	sTopMenuIconPals_WatersEdge
0x084435A0	rom	0x20	sTopMenuIconPals_Type
0x084435C0	rom	0x20	sTopMenuIconPals_Lightest
0x084435E0	rom	0x20	sTopMenuIconPals_Smallest
0x08443600	rom	0x20	sDexScreen_CaughtIcon
0x08443620	rom	0x2F0	sTilemap_AreaMap_Kanto
0x08443910	rom	0x78	sTilemap_AreaMap_OneIsland
0x08443988	rom	0x74	sTilemap_AreaMap_TwoIsland
0x084439FC	rom	0x7C	sTilemap_AreaMap_ThreeIsland
0x08443A78	rom	0x80	sTilemap_AreaMap_FourIsland
0x08443AF8	rom	0xB8	sTilemap_AreaMap_FiveIsland
0x08443BB0	rom	0xA4	sTilemap_AreaMap_SixIsland
0x08443C54	rom	0xAC	sTilemap_AreaMap_SevenIsland
0x08443D00	rom	0x2C0	sBlitTiles_WideEllipse
0x08443FC0	rom	0x336	gPokedexOrder_Alphabetical
0x084442F6	rom	0x304	gPokedexOrder_Weight
0x084445FA	rom	0x304	gPokedexOrder_Height
0x084448FE	rom	0x336	gPokedexOrder_Type
0x08444C34	rom	0x1	gExpandedPlaceholder_PokedexDescription
0x08444C35	rom	0x7C	gDummyPokedexText
0x08444CB1	rom	0x1	gDummyPokedexTextUnused
0x08444CB2	rom	0x69	gBulbasaurPokedexText
0x08444D1B	rom	0x1	gBulbasaurPokedexTextUnused
0x08444D1C	rom	0x6F	gIvysaurPokedexText
0x08444D8B	rom	0x1	gIvysaurPokedexTextUnused
0x08444D8C	rom	0x5B	gVenusaurPokedexText
0x08444DE7	rom	0x1	gVenusaurPokedexTextUnused
0x08444DE8	rom	0x70	gCharmanderPokedexText
0x08444E58	rom	0x1	gCharmanderPokedexTextUnused
0x08444E59	rom	0x6C	gCharmeleonPokedexText
0x08444EC5	rom	0x1	gCharmeleonPokedexTextUnused
0x08444EC6	rom	0x72	gCharizardPokedexText
0x08444F38	rom	0x1	gCharizardPokedexTextUnused
0x08444F39	rom	0x59	gSquirtlePokedexText
0x08444F92	rom	0x1	gSquirtlePokedexTextUnused
0x08444F93	rom	0x5A	gWartortlePokedexText
0x08444FED	rom	0x1	gWartortlePokedexTextUnused
0x08444FEE	rom	0x6A	gBlastoisePokedexText
0x08445058	rom	0x1	gBlastoisePokedexTextUnused
0x08445059	rom	0x72	gCaterpiePokedexText
0x084450CB	rom	0x1	gCaterpiePokedexTextUnused
0x084450CC	rom	0x6B	gMetapodPokedexText
0x08445137	rom	0x1	gMetapodPokedexTextUnused
0x08445138	rom	0x66	gButterfreePokedexText
0x0844519E	rom	0x1	gButterfreePokedexTextUnused
0x0844519F	rom	0x6B	gWeedlePokedexText
0x0844520A	rom	0x1	gWeedlePokedexTextUnused
0x0844520B	rom	0x6F	gKakunaPokedexText
0x0844527A	rom	0x1	gKakunaPokedexTextUnused
0x0844527B	rom	0x6B	gBeedrillPokedexText
0x084452E6	rom	0x1	gBeedrillPokedexTextUnused
0x084452E7	rom	0x60	gPidgeyPokedexText
0x08445347	rom	0x1	gPidgeyPokedexTextUnused
0x08445348	rom	0x71	gPidgeottoPokedexText
0x084453B9	rom	0x1	gPidgeottoPokedexTextUnused
0x084453BA	rom	0x68	gPidgeotPokedexText
0x08445422	rom	0x1	gPidgeotPokedexTextUnused
0x08445423	rom	0x6C	gRattataPokedexText
0x0844548F	rom	0x1	gRattataPokedexTextUnused
0x08445490	rom	0x58	gRaticatePokedexText
0x084454E8	rom	0x1	gRaticatePokedexTextUnused
0x084454E9	rom	0x69	gSpearowPokedexText
0x08445552	rom	0x1	gSpearowPokedexTextUnused
0x08445553	rom	0x6F	gFearowPokedexText
0x084455C2	rom	0x1	gFearowPokedexTextUnused
0x084455C3	rom	0x6C	gEkansPokedexText
0x0844562F	rom	0x1	gEkansPokedexTextUnused
0x08445630	rom	0x71	gArbokPokedexText
0x084456A1	rom	0x1	gArbokPokedexTextUnused
0x084456A2	rom	0x68	gPikachuPokedexText
0x0844570A	rom	0x1	gPikachuPokedexTextUnused
0x0844570B	rom	0x70	gRaichuPokedexText
0x0844577B	rom	0x1	gRaichuPokedexTextUnused
0x0844577C	rom	0x60	gSandshrewPokedexText
0x084457DC	rom	0x1	gSandshrewPokedexTextUnused
0x084457DD	rom	0x68	gSandslashPokedexText
0x08445845	rom	0x1	gSandslashPokedexTextUnused
0x08445846	rom	0x73	gNidoranFPokedexText
0x084458B9	rom	0x1	gNidoranFPokedexTextUnused
0x084458BA	rom	0x65	gNidorinaPokedexText
0x0844591F	rom	0x1	gNidorinaPokedexTextUnused
0x08445920	rom	0x68	gNidoqueenPokedexText
0x08445988	rom	0x1	gNidoqueenPokedexTextUnused
0x08445989	rom	0x73	gNidoranMPokedexText
0x084459FC	rom	0x1	gNidoranMPokedexTextUnused
0x084459FD	rom	0x66	gNidorinoPokedexText
0x08445A63	rom	0x1	gNidorinoPokedexTextUnused
0x08445A64	rom	0x6D	gNidokingPokedexText
0x08445AD1	rom	0x1	gNidokingPokedexTextUnused
0x08445AD2	rom	0x5E	gClefairyPokedexText
0x08445B30	rom	0x1	gClefairyPokedexTextUnused
0x08445B31	rom	0x62	gClefablePokedexText
0x08445B93	rom	0x1	gClefablePokedexTextUnused
0x08445B94	rom	0x57	gVulpixPokedexText
0x08445BEB	rom	0x1	gVulpixPokedexTextUnused
0x08445BEC	rom	0x57	gNinetalesPokedexText
0x08445C43	rom	0x1	gNinetalesPokedexTextUnused
0x08445C44	rom	0x65	gJigglypuffPokedexText
0x08445CA9	rom	0x1	gJigglypuffPokedexTextUnused
0x08445CAA	rom	0x67	gWigglytuffPokedexText
0x08445D11	rom	0x1	gWigglytuffPokedexTextUnused
0x08445D12	rom	0x68	gZubatPokedexText
0x08445D7A	rom	0x1	gZubatPokedexTextUnused
0x08445D7B	rom	0x64	gGolbatPokedexText
0x08445DDF	rom	0x1	gGolbatPokedexTextUnused
0x08445DE0	rom	0x6B	gOddishPokedexText
0x08445E4B	rom	0x1	gOddishPokedexTextUnused
0x08445E4C	rom	0x6D	gGloomPokedexText
0x08445EB9	rom	0x1	gGloomPokedexTextUnused
0x08445EBA	rom	0x68	gVileplumePokedexText
0x08445F22	rom	0x1	gVileplumePokedexTextUnused
0x08445F23	rom	0x64	gParasPokedexText
0x08445F87	rom	0x1	gParasPokedexTextUnused
0x08445F88	rom	0x62	gParasectPokedexText
0x08445FEA	rom	0x1	gParasectPokedexTextUnused
0x08445FEB	rom	0x65	gVenonatPokedexText
0x08446050	rom	0x1	gVenonatPokedexTextUnused
0x08446051	rom	0x68	gVenomothPokedexText
0x084460B9	rom	0x1	gVenomothPokedexTextUnused
0x084460BA	rom	0x6E	gDiglettPokedexText
0x08446128	rom	0x1	gDiglettPokedexTextUnused
0x08446129	rom	0x65	gDugtrioPokedexText
0x0844618E	rom	0x1	gDugtrioPokedexTextUnused
0x0844618F	rom	0x61	gMeowthPokedexText
0x084461F0	rom	0x1	gMeowthPokedexTextUnused
0x084461F1	rom	0x79	gPersianPokedexText
0x0844626A	rom	0x1	gPersianPokedexTextUnused
0x0844626B	rom	0x6C	gPsyduckPokedexText
0x084462D7	rom	0x1	gPsyduckPokedexTextUnused
0x084462D8	rom	0x6F	gGolduckPokedexText
0x08446347	rom	0x1	gGolduckPokedexTextUnused
0x08446348	rom	0x71	gMankeyPokedexText
0x084463B9	rom	0x1	gMankeyPokedexTextUnused
0x084463BA	rom	0x6E	gPrimeapePokedexText
0x08446428	rom	0x1	gPrimeapePokedexTextUnused
0x08446429	rom	0x5A	gGrowlithePokedexText
0x08446483	rom	0x1	gGrowlithePokedexTextUnused
0x08446484	rom	0x5D	gArcaninePokedexText
0x084464E1	rom	0x1	gArcaninePokedexTextUnused
0x084464E2	rom	0x77	gPoliwagPokedexText
0x08446559	rom	0x1	gPoliwagPokedexTextUnused
0x0844655A	rom	0x64	gPoliwhirlPokedexText
0x084465BE	rom	0x1	gPoliwhirlPokedexTextUnused
0x084465BF	rom	0x6C	gPoliwrathPokedexText
0x0844662B	rom	0x1	gPoliwrathPokedexTextUnused
0x0844662C	rom	0x5A	gAbraPokedexText
0x08446686	rom	0x1	gAbraPokedexTextUnused
0x08446687	rom	0x60	gKadabraPokedexText
0x084466E7	rom	0x1	gKadabraPokedexTextUnused
0x084466E8	rom	0x6C	gAlakazamPokedexText
0x08446754	rom	0x1	gAlakazamPokedexTextUnused
0x08446755	rom	0x6E	gMachopPokedexText
0x084467C3	rom	0x1	gMachopPokedexTextUnused
0x084467C4	rom	0x67	gMachokePokedexText
0x0844682B	rom	0x1	gMachokePokedexTextUnused
0x0844682C	rom	0x5B	gMachampPokedexText
0x08446887	rom	0x1	gMachampPokedexTextUnused
0x08446888	rom	0x6D	gBellsproutPokedexText
0x084468F5	rom	0x1	gBellsproutPokedexTextUnused
0x084468F6	rom	0x5E	gWeepinbellPokedexText
0x08446954	rom	0x1	gWeepinbellPokedexTextUnused
0x08446955	rom	0x67	gVictreebelPokedexText
0x084469BC	rom	0x1	gVictreebelPokedexTextUnused
0x084469BD	rom	0x59	gTentacoolPokedexText
0x08446A16	rom	0x1	gTentacoolPokedexTextUnused
0x08446A17	rom	0x68	gTentacruelPokedexText
0x08446A7F	rom	0x1	gTentacruelPokedexTextUnused
0x08446A80	rom	0x6F	gGeodudePokedexText
0x08446AEF	rom	0x1	gGeodudePokedexTextUnused
0x08446AF0	rom	0x65	gGravelerPokedexText
0x08446B55	rom	0x1	gGravelerPokedexTextUnused
0x08446B56	rom	0x6D	gGolemPokedexText
0x08446BC3	rom	0x1	gGolemPokedexTextUnused
0x08446BC4	rom	0x5E	gPonytaPokedexText
0x08446C22	rom	0x1	gPonytaPokedexTextUnused
0x08446C23	rom	0x68	gRapidashPokedexText
0x08446C8B	rom	0x1	gRapidashPokedexTextUnused
0x08446C8C	rom	0x78	gSlowpokePokedexText
0x08446D04	rom	0x1	gSlowpokePokedexTextUnused
0x08446D05	rom	0x6E	gSlowbroPokedexText
0x08446D73	rom	0x1	gSlowbroPokedexTextUnused
0x08446D74	rom	0x66	gMagnemitePokedexText
0x08446DDA	rom	0x1	gMagnemitePokedexTextUnused
0x08446DDB	rom	0x65	gMagnetonPokedexText
0x08446E40	rom	0x1	gMagnetonPokedexTextUnused
0x08446E41	rom	0x67	gFarfetchdPokedexText
0x08446EA8	rom	0x1	gFarfetchdPokedexTextUnused
0x08446EA9	rom	0x6C	gDoduoPokedexText
0x08446F15	rom	0x1	gDoduoPokedexTextUnused
0x08446F16	rom	0x65	gDodrioPokedexText
0x08446F7B	rom	0x1	gDodrioPokedexTextUnused
0x08446F7C	rom	0x76	gSeelPokedexText
0x08446FF2	rom	0x1	gSeelPokedexTextUnused
0x08446FF3	rom	0x5F	gDewgongPokedexText
0x08447052	rom	0x1	gDewgongPokedexTextUnused
0x08447053	rom	0x63	gGrimerPokedexText
0x084470B6	rom	0x1	gGrimerPokedexTextUnused
0x084470B7	rom	0x6B	gMukPokedexText
0x08447122	rom	0x1	gMukPokedexTextUnused
0x08447123	rom	0x62	gShellderPokedexText
0x08447185	rom	0x1	gShellderPokedexTextUnused
0x08447186	rom	0x72	gCloysterPokedexText
0x084471F8	rom	0x1	gCloysterPokedexTextUnused
0x084471F9	rom	0x6B	gGastlyPokedexText
0x08447264	rom	0x1	gGastlyPokedexTextUnused
0x08447265	rom	0x5D	gHaunterPokedexText
0x084472C2	rom	0x1	gHaunterPokedexTextUnused
0x084472C3	rom	0x5D	gGengarPokedexText
0x08447320	rom	0x1	gGengarPokedexTextUnused
0x08447321	rom	0x71	gOnixPokedexText
0x08447392	rom	0x1	gOnixPokedexTextUnused
0x08447393	rom	0x64	gDrowzeePokedexText
0x084473F7	rom	0x1	gDrowzeePokedexTextUnused
0x084473F8	rom	0x6C	gHypnoPokedexText
0x08447464	rom	0x1	gHypnoPokedexTextUnused
0x08447465	rom	0x61	gKrabbyPokedexText
0x084474C6	rom	0x1	gKrabbyPokedexTextUnused
0x084474C7	rom	0x6A	gKinglerPokedexText
0x08447531	rom	0x1	gKinglerPokedexTextUnused
0x08447532	rom	0x57	gVoltorbPokedexText
0x08447589	rom	0x1	gVoltorbPokedexTextUnused
0x0844758A	rom	0x63	gElectrodePokedexText
0x084475ED	rom	0x1	gElectrodePokedexTextUnused
0x084475EE	rom	0x6C	gExeggcutePokedexText
0x0844765A	rom	0x1	gExeggcutePokedexTextUnused
0x0844765B	rom	0x63	gExeggutorPokedexText
0x084476BE	rom	0x1	gExeggutorPokedexTextUnused
0x084476BF	rom	0x67	gCubonePokedexText
0x08447726	rom	0x1	gCubonePokedexTextUnused
0x08447727	rom	0x66	gMarowakPokedexText
0x0844778D	rom	0x1	gMarowakPokedexTextUnused
0x0844778E	rom	0x6A	gHitmonleePokedexText
0x084477F8	rom	0x1	gHitmonleePokedexTextUnused
0x084477F9	rom	0x6B	gHitmonchanPokedexText
0x08447864	rom	0x1	gHitmonchanPokedexTextUnused
0x08447865	rom	0x69	gLickitungPokedexText
0x084478CE	rom	0x1	gLickitungPokedexTextUnused
0x084478CF	rom	0x5D	gKoffingPokedexText
0x0844792C	rom	0x1	gKoffingPokedexTextUnused
0x0844792D	rom	0x66	gWeezingPokedexText
0x08447993	rom	0x1	gWeezingPokedexTextUnused
0x08447994	rom	0x62	gRhyhornPokedexText
0x084479F6	rom	0x1	gRhyhornPokedexTextUnused
0x084479F7	rom	0x67	gRhydonPokedexText
0x08447A5E	rom	0x1	gRhydonPokedexTextUnused
0x08447A5F	rom	0x5F	gChanseyPokedexText
0x08447ABE	rom	0x1	gChanseyPokedexTextUnused
0x08447ABF	rom	0x68	gTangelaPokedexText
0x08447B27	rom	0x1	gTangelaPokedexTextUnused
0x08447B28	rom	0x67	gKangaskhanPokedexText
0x08447B8F	rom	0x1	gKangaskhanPokedexTextUnused
0x08447B90	rom	0x65	gHorseaPokedexText
0x08447BF5	rom	0x1	gHorseaPokedexTextUnused
0x08447BF6	rom	0x69	gSeadraPokedexText
0x08447C5F	rom	0x1	gSeadraPokedexTextUnused
0x08447C60	rom	0x68	gGoldeenPokedexText
0x08447CC8	rom	0x1	gGoldeenPokedexTextUnused
0x08447CC9	rom	0x5B	gSeakingPokedexText
0x08447D24	rom	0x1	gSeakingPokedexTextUnused
0x08447D25	rom	0x5F	gStaryuPokedexText
0x08447D84	rom	0x1	gStaryuPokedexTextUnused
0x08447D85	rom	0x69	gStarmiePokedexText
0x08447DEE	rom	0x1	gStarmiePokedexTextUnused
0x08447DEF	rom	0x60	gMrmimePokedexText
0x08447E4F	rom	0x1	gMrmimePokedexTextUnused
0x08447E50	rom	0x63	gScytherPokedexText
0x08447EB3	rom	0x1	gScytherPokedexTextUnused
0x08447EB4	rom	0x65	gJynxPokedexText
0x08447F19	rom	0x1	gJynxPokedexTextUnused
0x08447F1A	rom	0x65	gElectabuzzPokedexText
0x08447F7F	rom	0x1	gElectabuzzPokedexTextUnused
0x08447F80	rom	0x6D	gMagmarPokedexText
0x08447FED	rom	0x1	gMagmarPokedexTextUnused
0x08447FEE	rom	0x6B	gPinsirPokedexText
0x08448059	rom	0x1	gPinsirPokedexTextUnused
0x0844805A	rom	0x54	gTaurosPokedexText
0x084480AE	rom	0x1	gTaurosPokedexTextUnused
0x084480AF	rom	0x73	gMagikarpPokedexText
0x08448122	rom	0x1	gMagikarpPokedexTextUnused
0x08448123	rom	0x70	gGyaradosPokedexText
0x08448193	rom	0x1	gGyaradosPokedexTextUnused
0x08448194	rom	0x63	gLaprasPokedexText
0x084481F7	rom	0x1	gLaprasPokedexTextUnused
0x084481F8	rom	0x58	gDittoPokedexText
0x08448250	rom	0x1	gDittoPokedexTextUnused
0x08448251	rom	0x5E	gEeveePokedexText
0x084482AF	rom	0x1	gEeveePokedexTextUnused
0x084482B0	rom	0x70	gVaporeonPokedexText
0x08448320	rom	0x1	gVaporeonPokedexTextUnused
0x08448321	rom	0x66	gJolteonPokedexText
0x08448387	rom	0x1	gJolteonPokedexTextUnused
0x08448388	rom	0x73	gFlareonPokedexText
0x084483FB	rom	0x1	gFlareonPokedexTextUnused
0x084483FC	rom	0x6B	gPorygonPokedexText
0x08448467	rom	0x1	gPorygonPokedexTextUnused
0x08448468	rom	0x65	gOmanytePokedexText
0x084484CD	rom	0x1	gOmanytePokedexTextUnused
0x084484CE	rom	0x69	gOmastarPokedexText
0x08448537	rom	0x1	gOmastarPokedexTextUnused
0x08448538	rom	0x6B	gKabutoPokedexText
0x084485A3	rom	0x1	gKabutoPokedexTextUnused
0x084485A4	rom	0x69	gKabutopsPokedexText
0x0844860D	rom	0x1	gKabutopsPokedexTextUnused
0x0844860E	rom	0x6F	gAerodactylPokedexText
0x0844867D	rom	0x1	gAerodactylPokedexTextUnused
0x0844867E	rom	0x79	gSnorlaxPokedexText
0x084486F7	rom	0x1	gSnorlaxPokedexTextUnused
0x084486F8	rom	0x67	gArticunoPokedexText
0x0844875F	rom	0x1	gArticunoPokedexTextUnused
0x08448760	rom	0x5F	gZapdosPokedexText
0x084487BF	rom	0x1	gZapdosPokedexTextUnused
0x084487C0	rom	0x70	gMoltresPokedexText
0x08448830	rom	0x1	gMoltresPokedexTextUnused
0x08448831	rom	0x5B	gDratiniPokedexText
0x0844888C	rom	0x1	gDratiniPokedexTextUnused
0x0844888D	rom	0x69	gDragonairPokedexText
0x084488F6	rom	0x1	gDragonairPokedexTextUnused
0x084488F7	rom	0x5A	gDragonitePokedexText
0x08448951	rom	0x1	gDragonitePokedexTextUnused
0x08448952	rom	0x64	gMewtwoPokedexText
0x084489B6	rom	0x1	gMewtwoPokedexTextUnused
0x084489B7	rom	0x6E	gMewPokedexText
0x08448A25	rom	0x1	gMewPokedexTextUnused
0x08448A26	rom	0x57	gChikoritaPokedexText
0x08448A7D	rom	0x1	gChikoritaPokedexTextUnused
0x08448A7E	rom	0x5E	gBayleefPokedexText
0x08448ADC	rom	0x1	gBayleefPokedexTextUnused
0x08448ADD	rom	0x61	gMeganiumPokedexText
0x08448B3E	rom	0x1	gMeganiumPokedexTextUnused
0x08448B3F	rom	0x5E	gCyndaquilPokedexText
0x08448B9D	rom	0x1	gCyndaquilPokedexTextUnused
0x08448B9E	rom	0x5D	gQuilavaPokedexText
0x08448BFB	rom	0x1	gQuilavaPokedexTextUnused
0x08448BFC	rom	0x5E	gTyphlosionPokedexText
0x08448C5A	rom	0x1	gTyphlosionPokedexTextUnused
0x08448C5B	rom	0x5E	gTotodilePokedexText
0x08448CB9	rom	0x1	gTotodilePokedexTextUnused
0x08448CBA	rom	0x63	gCroconawPokedexText
0x08448D1D	rom	0x1	gCroconawPokedexTextUnused
0x08448D1E	rom	0x6B	gFeraligatrPokedexText
0x08448D89	rom	0x1	gFeraligatrPokedexTextUnused
0x08448D8A	rom	0x68	gSentretPokedexText
0x08448DF2	rom	0x1	gSentretPokedexTextUnused
0x08448DF3	rom	0x63	gFurretPokedexText
0x08448E56	rom	0x1	gFurretPokedexTextUnused
0x08448E57	rom	0x69	gHoothootPokedexText
0x08448EC0	rom	0x1	gHoothootPokedexTextUnused
0x08448EC1	rom	0x5B	gNoctowlPokedexText
0x08448F1C	rom	0x1	gNoctowlPokedexTextUnused
0x08448F1D	rom	0x69	gLedybaPokedexText
0x08448F86	rom	0x1	gLedybaPokedexTextUnused
0x08448F87	rom	0x68	gLedianPokedexText
0x08448FEF	rom	0x1	gLedianPokedexTextUnused
0x08448FF0	rom	0x61	gSpinarakPokedexText
0x08449051	rom	0x1	gSpinarakPokedexTextUnused
0x08449052	rom	0x6A	gAriadosPokedexText
0x084490BC	rom	0x1	gAriadosPokedexTextUnused
0x084490BD	rom	0x66	gCrobatPokedexText
0x08449123	rom	0x1	gCrobatPokedexTextUnused
0x08449124	rom	0x5C	gChinchouPokedexText
0x08449180	rom	0x1	gChinchouPokedexTextUnused
0x08449181	rom	0x64	gLanturnPokedexText
0x084491E5	rom	0x1	gLanturnPokedexTextUnused
0x084491E6	rom	0x68	gPichuPokedexText
0x0844924E	rom	0x1	gPichuPokedexTextUnused
0x0844924F	rom	0x58	gCleffaPokedexText
0x084492A7	rom	0x1	gCleffaPokedexTextUnused
0x084492A8	rom	0x59	gIgglybuffPokedexText
0x08449301	rom	0x1	gIgglybuffPokedexTextUnused
0x08449302	rom	0x5D	gTogepiPokedexText
0x0844935F	rom	0x1	gTogepiPokedexTextUnused
0x08449360	rom	0x64	gTogeticPokedexText
0x084493C4	rom	0x1	gTogeticPokedexTextUnused
0x084493C5	rom	0x6B	gNatuPokedexText
0x08449430	rom	0x1	gNatuPokedexTextUnused
0x08449431	rom	0x61	gXatuPokedexText
0x08449492	rom	0x1	gXatuPokedexTextUnused
0x08449493	rom	0x64	gMareepPokedexText
0x084494F7	rom	0x1	gMareepPokedexTextUnused
0x084494F8	rom	0x60	gFlaaffyPokedexText
0x08449558	rom	0x1	gFlaaffyPokedexTextUnused
0x08449559	rom	0x6A	gAmpharosPokedexText
0x084495C3	rom	0x1	gAmpharosPokedexTextUnused
0x084495C4	rom	0x65	gBellossomPokedexText
0x08449629	rom	0x1	gBellossomPokedexTextUnused
0x0844962A	rom	0x5D	gMarillPokedexText
0x08449687	rom	0x1	gMarillPokedexTextUnused
0x08449688	rom	0x62	gAzumarillPokedexText
0x084496EA	rom	0x1	gAzumarillPokedexTextUnused
0x084496EB	rom	0x6A	gSudowoodoPokedexText
0x08449755	rom	0x1	gSudowoodoPokedexTextUnused
0x08449756	rom	0x64	gPolitoedPokedexText
0x084497BA	rom	0x1	gPolitoedPokedexTextUnused
0x084497BB	rom	0x62	gHoppipPokedexText
0x0844981D	rom	0x1	gHoppipPokedexTextUnused
0x0844981E	rom	0x5E	gSkiploomPokedexText
0x0844987C	rom	0x1	gSkiploomPokedexTextUnused
0x0844987D	rom	0x6B	gJumpluffPokedexText
0x084498E8	rom	0x1	gJumpluffPokedexTextUnused
0x084498E9	rom	0x63	gAipomPokedexText
0x0844994C	rom	0x1	gAipomPokedexTextUnused
0x0844994D	rom	0x6A	gSunkernPokedexText
0x084499B7	rom	0x1	gSunkernPokedexTextUnused
0x084499B8	rom	0x67	gSunfloraPokedexText
0x08449A1F	rom	0x1	gSunfloraPokedexTextUnused
0x08449A20	rom	0x61	gYanmaPokedexText
0x08449A81	rom	0x1	gYanmaPokedexTextUnused
0x08449A82	rom	0x54	gWooperPokedexText
0x08449AD6	rom	0x1	gWooperPokedexTextUnused
0x08449AD7	rom	0x6A	gQuagsirePokedexText
0x08449B41	rom	0x1	gQuagsirePokedexTextUnused
0x08449B42	rom	0x5B	gEspeonPokedexText
0x08449B9D	rom	0x1	gEspeonPokedexTextUnused
0x08449B9E	rom	0x68	gUmbreonPokedexText
0x08449C06	rom	0x1	gUmbreonPokedexTextUnused
0x08449C07	rom	0x6A	gMurkrowPokedexText
0x08449C71	rom	0x1	gMurkrowPokedexTextUnused
0x08449C72	rom	0x5E	gSlowkingPokedexText
0x08449CD0	rom	0x1	gSlowkingPokedexTextUnused
0x08449CD1	rom	0x6A	gMisdreavusPokedexText
0x08449D3B	rom	0x1	gMisdreavusPokedexTextUnused
0x08449D3C	rom	0x56	gUnownPokedexText
0x08449D92	rom	0x1	gUnownPokedexTextUnused
0x08449D93	rom	0x64	gWobbuffetPokedexText
0x08449DF7	rom	0x1	gWobbuffetPokedexTextUnused
0x08449DF8	rom	0x62	gGirafarigPokedexText
0x08449E5A	rom	0x1	gGirafarigPokedexTextUnused
0x08449E5B	rom	0x60	gPinecoPokedexText
0x08449EBB	rom	0x1	gPinecoPokedexTextUnused
0x08449EBC	rom	0x69	gForretressPokedexText
0x08449F25	rom	0x1	gForretressPokedexTextUnused
0x08449F26	rom	0x5F	gDunsparcePokedexText
0x08449F85	rom	0x1	gDunsparcePokedexTextUnused
0x08449F86	rom	0x65	gGligarPokedexText
0x08449FEB	rom	0x1	gGligarPokedexTextUnused
0x08449FEC	rom	0x65	gSteelixPokedexText
0x0844A051	rom	0x1	gSteelixPokedexTextUnused
0x0844A052	rom	0x66	gSnubbullPokedexText
0x0844A0B8	rom	0x1	gSnubbullPokedexTextUnused
0x0844A0B9	rom	0x66	gGranbullPokedexText
0x0844A11F	rom	0x1	gGranbullPokedexTextUnused
0x0844A120	rom	0x64	gQwilfishPokedexText
0x0844A184	rom	0x1	gQwilfishPokedexTextUnused
0x0844A185	rom	0x62	gScizorPokedexText
0x0844A1E7	rom	0x1	gScizorPokedexTextUnused
0x0844A1E8	rom	0x6B	gShucklePokedexText
0x0844A253	rom	0x1	gShucklePokedexTextUnused
0x0844A254	rom	0x60	gHeracrossPokedexText
0x0844A2B4	rom	0x1	gHeracrossPokedexTextUnused
0x0844A2B5	rom	0x62	gSneaselPokedexText
0x0844A317	rom	0x1	gSneaselPokedexTextUnused
0x0844A318	rom	0x5F	gTeddiursaPokedexText
0x0844A377	rom	0x1	gTeddiursaPokedexTextUnused
0x0844A378	rom	0x62	gUrsaringPokedexText
0x0844A3DA	rom	0x1	gUrsaringPokedexTextUnused
0x0844A3DB	rom	0x62	gSlugmaPokedexText
0x0844A43D	rom	0x1	gSlugmaPokedexTextUnused
0x0844A43E	rom	0x59	gMagcargoPokedexText
0x0844A497	rom	0x1	gMagcargoPokedexTextUnused
0x0844A498	rom	0x59	gSwinubPokedexText
0x0844A4F1	rom	0x1	gSwinubPokedexTextUnused
0x0844A4F2	rom	0x63	gPiloswinePokedexText
0x0844A555	rom	0x1	gPiloswinePokedexTextUnused
0x0844A556	rom	0x61	gCorsolaPokedexText
0x0844A5B7	rom	0x1	gCorsolaPokedexTextUnused
0x0844A5B8	rom	0x65	gRemoraidPokedexText
0x0844A61D	rom	0x1	gRemoraidPokedexTextUnused
0x0844A61E	rom	0x67	gOctilleryPokedexText
0x0844A685	rom	0x1	gOctilleryPokedexTextUnused
0x0844A686	rom	0x5E	gDelibirdPokedexText
0x0844A6E4	rom	0x1	gDelibirdPokedexTextUnused
0x0844A6E5	rom	0x6B	gMantinePokedexText
0x0844A750	rom	0x1	gMantinePokedexTextUnused
0x0844A751	rom	0x5D	gSkarmoryPokedexText
0x0844A7AE	rom	0x1	gSkarmoryPokedexTextUnused
0x0844A7AF	rom	0x5C	gHoundourPokedexText
0x0844A80B	rom	0x1	gHoundourPokedexTextUnused
0x0844A80C	rom	0x63	gHoundoomPokedexText
0x0844A86F	rom	0x1	gHoundoomPokedexTextUnused
0x0844A870	rom	0x62	gKingdraPokedexText
0x0844A8D2	rom	0x1	gKingdraPokedexTextUnused
0x0844A8D3	rom	0x63	gPhanpyPokedexText
0x0844A936	rom	0x1	gPhanpyPokedexTextUnused
0x0844A937	rom	0x66	gDonphanPokedexText
0x0844A99D	rom	0x1	gDonphanPokedexTextUnused
0x0844A99E	rom	0x65	gPorygon2PokedexText
0x0844AA03	rom	0x1	gPorygon2PokedexTextUnused
0x0844AA04	rom	0x63	gStantlerPokedexText
0x0844AA67	rom	0x1	gStantlerPokedexTextUnused
0x0844AA68	rom	0x5E	gSmearglePokedexText
0x0844AAC6	rom	0x1	gSmearglePokedexTextUnused
0x0844AAC7	rom	0x64	gTyroguePokedexText
0x0844AB2B	rom	0x1	gTyroguePokedexTextUnused
0x0844AB2C	rom	0x62	gHitmontopPokedexText
0x0844AB8E	rom	0x1	gHitmontopPokedexTextUnused
0x0844AB8F	rom	0x5B	gSmoochumPokedexText
0x0844ABEA	rom	0x1	gSmoochumPokedexTextUnused
0x0844ABEB	rom	0x5A	gElekidPokedexText
0x0844AC45	rom	0x1	gElekidPokedexTextUnused
0x0844AC46	rom	0x6C	gMagbyPokedexText
0x0844ACB2	rom	0x1	gMagbyPokedexTextUnused
0x0844ACB3	rom	0x59	gMiltankPokedexText
0x0844AD0C	rom	0x1	gMiltankPokedexTextUnused
0x0844AD0D	rom	0x6A	gBlisseyPokedexText
0x0844AD77	rom	0x1	gBlisseyPokedexTextUnused
0x0844AD78	rom	0x5A	gRaikouPokedexText
0x0844ADD2	rom	0x1	gRaikouPokedexTextUnused
0x0844ADD3	rom	0x64	gEnteiPokedexText
0x0844AE37	rom	0x1	gEnteiPokedexTextUnused
0x0844AE38	rom	0x67	gSuicunePokedexText
0x0844AE9F	rom	0x1	gSuicunePokedexTextUnused
0x0844AEA0	rom	0x60	gLarvitarPokedexText
0x0844AF00	rom	0x1	gLarvitarPokedexTextUnused
0x0844AF01	rom	0x63	gPupitarPokedexText
0x0844AF64	rom	0x1	gPupitarPokedexTextUnused
0x0844AF65	rom	0x68	gTyranitarPokedexText
0x0844AFCD	rom	0x1	gTyranitarPokedexTextUnused
0x0844AFCE	rom	0x64	gLugiaPokedexText
0x0844B032	rom	0x1	gLugiaPokedexTextUnused
0x0844B033	rom	0x66	gHoOhPokedexText
0x0844B099	rom	0x1	gHoOhPokedexTextUnused
0x0844B09A	rom	0x67	gCelebiPokedexText
0x0844B101	rom	0x1	gCelebiPokedexTextUnused
0x0844B102	rom	0x6B	gTreeckoPokedexText
0x0844B16D	rom	0x1	gTreeckoPokedexTextUnused
0x0844B16E	rom	0x59	gGrovylePokedexText
0x0844B1C7	rom	0x1	gGrovylePokedexTextUnused
0x0844B1C8	rom	0x6B	gSceptilePokedexText
0x0844B233	rom	0x1	gSceptilePokedexTextUnused
0x0844B234	rom	0x5B	gTorchicPokedexText
0x0844B28F	rom	0x1	gTorchicPokedexTextUnused
0x0844B290	rom	0x63	gCombuskenPokedexText
0x0844B2F3	rom	0x1	gCombuskenPokedexTextUnused
0x0844B2F4	rom	0x6F	gBlazikenPokedexText
0x0844B363	rom	0x1	gBlazikenPokedexTextUnused
0x0844B364	rom	0x6B	gMudkipPokedexText
0x0844B3CF	rom	0x1	gMudkipPokedexTextUnused
0x0844B3D0	rom	0x68	gMarshtompPokedexText
0x0844B438	rom	0x1	gMarshtompPokedexTextUnused
0x0844B439	rom	0x6E	gSwampertPokedexText
0x0844B4A7	rom	0x1	gSwampertPokedexTextUnused
0x0844B4A8	rom	0x70	gPoochyenaPokedexText
0x0844B518	rom	0x1	gPoochyenaPokedexTextUnused
0x0844B519	rom	0x76	gMightyenaPokedexText
0x0844B58F	rom	0x1	gMightyenaPokedexTextUnused
0x0844B590	rom	0x63	gZigzagoonPokedexText
0x0844B5F3	rom	0x1	gZigzagoonPokedexTextUnused
0x0844B5F4	rom	0x6F	gLinoonePokedexText
0x0844B663	rom	0x1	gLinoonePokedexTextUnused
0x0844B664	rom	0x71	gWurmplePokedexText
0x0844B6D5	rom	0x1	gWurmplePokedexTextUnused
0x0844B6D6	rom	0x75	gSilcoonPokedexText
0x0844B74B	rom	0x1	gSilcoonPokedexTextUnused
0x0844B74C	rom	0x66	gBeautiflyPokedexText
0x0844B7B2	rom	0x1	gBeautiflyPokedexTextUnused
0x0844B7B3	rom	0x60	gCascoonPokedexText
0x0844B813	rom	0x1	gCascoonPokedexTextUnused
0x0844B814	rom	0x70	gDustoxPokedexText
0x0844B884	rom	0x1	gDustoxPokedexTextUnused
0x0844B885	rom	0x68	gLotadPokedexText
0x0844B8ED	rom	0x1	gLotadPokedexTextUnused
0x0844B8EE	rom	0x76	gLombrePokedexText
0x0844B964	rom	0x1	gLombrePokedexTextUnused
0x0844B965	rom	0x59	gLudicoloPokedexText
0x0844B9BE	rom	0x1	gLudicoloPokedexTextUnused
0x0844B9BF	rom	0x75	gSeedotPokedexText
0x0844BA34	rom	0x1	gSeedotPokedexTextUnused
0x0844BA35	rom	0x68	gNuzleafPokedexText
0x0844BA9D	rom	0x1	gNuzleafPokedexTextUnused
0x0844BA9E	rom	0x67	gShiftryPokedexText
0x0844BB05	rom	0x1	gShiftryPokedexTextUnused
0x0844BB06	rom	0x68	gTaillowPokedexText
0x0844BB6E	rom	0x1	gTaillowPokedexTextUnused
0x0844BB6F	rom	0x6F	gSwellowPokedexText
0x0844BBDE	rom	0x1	gSwellowPokedexTextUnused
0x0844BBDF	rom	0x60	gWingullPokedexText
0x0844BC3F	rom	0x1	gWingullPokedexTextUnused
0x0844BC40	rom	0x6B	gPelipperPokedexText
0x0844BCAB	rom	0x1	gPelipperPokedexTextUnused
0x0844BCAC	rom	0x5D	gRaltsPokedexText
0x0844BD09	rom	0x1	gRaltsPokedexTextUnused
0x0844BD0A	rom	0x70	gKirliaPokedexText
0x0844BD7A	rom	0x1	gKirliaPokedexTextUnused
0x0844BD7B	rom	0x5B	gGardevoirPokedexText
0x0844BDD6	rom	0x1	gGardevoirPokedexTextUnused
0x0844BDD7	rom	0x5E	gSurskitPokedexText
0x0844BE35	rom	0x1	gSurskitPokedexTextUnused
0x0844BE36	rom	0x76	gMasquerainPokedexText
0x0844BEAC	rom	0x1	gMasquerainPokedexTextUnused
0x0844BEAD	rom	0x6D	gShroomishPokedexText
0x0844BF1A	rom	0x1	gShroomishPokedexTextUnused
0x0844BF1B	rom	0x6C	gBreloomPokedexText
0x0844BF87	rom	0x1	gBreloomPokedexTextUnused
0x0844BF88	rom	0x5B	gSlakothPokedexText
0x0844BFE3	rom	0x1	gSlakothPokedexTextUnused
0x0844BFE4	rom	0x63	gVigorothPokedexText
0x0844C047	rom	0x1	gVigorothPokedexTextUnused
0x0844C048	rom	0x79	gSlakingPokedexText
0x0844C0C1	rom	0x1	gSlakingPokedexTextUnused
0x0844C0C2	rom	0x60	gNincadaPokedexText
0x0844C122	rom	0x1	gNincadaPokedexTextUnused
0x0844C123	rom	0x63	gNinjaskPokedexText
0x0844C186	rom	0x1	gNinjaskPokedexTextUnused
0x0844C187	rom	0x54	gShedinjaPokedexText
0x0844C1DB	rom	0x1	gShedinjaPokedexTextUnused
0x0844C1DC	rom	0x69	gWhismurPokedexText
0x0844C245	rom	0x1	gWhismurPokedexTextUnused
0x0844C246	rom	0x60	gLoudredPokedexText
0x0844C2A6	rom	0x1	gLoudredPokedexTextUnused
0x0844C2A7	rom	0x76	gExploudPokedexText
0x0844C31D	rom	0x1	gExploudPokedexTextUnused
0x0844C31E	rom	0x63	gMakuhitaPokedexText
0x0844C381	rom	0x1	gMakuhitaPokedexTextUnused
0x0844C382	rom	0x65	gHariyamaPokedexText
0x0844C3E7	rom	0x1	gHariyamaPokedexTextUnused
0x0844C3E8	rom	0x70	gAzurillPokedexText
0x0844C458	rom	0x1	gAzurillPokedexTextUnused
0x0844C459	rom	0x5C	gNosepassPokedexText
0x0844C4B5	rom	0x1	gNosepassPokedexTextUnused
0x0844C4B6	rom	0x70	gSkittyPokedexText
0x0844C526	rom	0x1	gSkittyPokedexTextUnused
0x0844C527	rom	0x67	gDelcattyPokedexText
0x0844C58E	rom	0x1	gDelcattyPokedexTextUnused
0x0844C58F	rom	0x59	gSableyePokedexText
0x0844C5E8	rom	0x1	gSableyePokedexTextUnused
0x0844C5E9	rom	0x6A	gMawilePokedexText
0x0844C653	rom	0x1	gMawilePokedexTextUnused
0x0844C654	rom	0x71	gAronPokedexText
0x0844C6C5	rom	0x1	gAronPokedexTextUnused
0x0844C6C6	rom	0x71	gLaironPokedexText
0x0844C737	rom	0x1	gLaironPokedexTextUnused
0x0844C738	rom	0x68	gAggronPokedexText
0x0844C7A0	rom	0x1	gAggronPokedexTextUnused
0x0844C7A1	rom	0x5C	gMedititePokedexText
0x0844C7FD	rom	0x1	gMedititePokedexTextUnused
0x0844C7FE	rom	0x69	gMedichamPokedexText
0x0844C867	rom	0x1	gMedichamPokedexTextUnused
0x0844C868	rom	0x64	gElectrikePokedexText
0x0844C8CC	rom	0x1	gElectrikePokedexTextUnused
0x0844C8CD	rom	0x50	gManectricPokedexText
0x0844C91D	rom	0x1	gManectricPokedexTextUnused
0x0844C91E	rom	0x6E	gPluslePokedexText
0x0844C98C	rom	0x1	gPluslePokedexTextUnused
0x0844C98D	rom	0x7C	gMinunPokedexText
0x0844CA09	rom	0x1	gMinunPokedexTextUnused
0x0844CA0A	rom	0x6B	gVolbeatPokedexText
0x0844CA75	rom	0x1	gVolbeatPokedexTextUnused
0x0844CA76	rom	0x69	gIllumisePokedexText
0x0844CADF	rom	0x1	gIllumisePokedexTextUnused
0x0844CAE0	rom	0x61	gRoseliaPokedexText
0x0844CB41	rom	0x1	gRoseliaPokedexTextUnused
0x0844CB42	rom	0x69	gGulpinPokedexText
0x0844CBAB	rom	0x1	gGulpinPokedexTextUnused
0x0844CBAC	rom	0x68	gSwalotPokedexText
0x0844CC14	rom	0x1	gSwalotPokedexTextUnused
0x0844CC15	rom	0x61	gCarvanhaPokedexText
0x0844CC76	rom	0x1	gCarvanhaPokedexTextUnused
0x0844CC77	rom	0x69	gSharpedoPokedexText
0x0844CCE0	rom	0x1	gSharpedoPokedexTextUnused
0x0844CCE1	rom	0x6E	gWailmerPokedexText
0x0844CD4F	rom	0x1	gWailmerPokedexTextUnused
0x0844CD50	rom	0x6B	gWailordPokedexText
0x0844CDBB	rom	0x1	gWailordPokedexTextUnused
0x0844CDBC	rom	0x77	gNumelPokedexText
0x0844CE33	rom	0x1	gNumelPokedexTextUnused
0x0844CE34	rom	0x6A	gCameruptPokedexText
0x0844CE9E	rom	0x1	gCameruptPokedexTextUnused
0x0844CE9F	rom	0x5C	gTorkoalPokedexText
0x0844CEFB	rom	0x1	gTorkoalPokedexTextUnused
0x0844CEFC	rom	0x5D	gSpoinkPokedexText
0x0844CF59	rom	0x1	gSpoinkPokedexTextUnused
0x0844CF5A	rom	0x6C	gGrumpigPokedexText
0x0844CFC6	rom	0x1	gGrumpigPokedexTextUnused
0x0844CFC7	rom	0x60	gSpindaPokedexText
0x0844D027	rom	0x1	gSpindaPokedexTextUnused
0x0844D028	rom	0x5E	gTrapinchPokedexText
0x0844D086	rom	0x1	gTrapinchPokedexTextUnused
0x0844D087	rom	0x79	gVibravaPokedexText
0x0844D100	rom	0x1	gVibravaPokedexTextUnused
0x0844D101	rom	0x60	gFlygonPokedexText
0x0844D161	rom	0x1	gFlygonPokedexTextUnused
0x0844D162	rom	0x67	gCacneaPokedexText
0x0844D1C9	rom	0x1	gCacneaPokedexTextUnused
0x0844D1CA	rom	0x69	gCacturnePokedexText
0x0844D233	rom	0x1	gCacturnePokedexTextUnused
0x0844D234	rom	0x63	gSwabluPokedexText
0x0844D297	rom	0x1	gSwabluPokedexTextUnused
0x0844D298	rom	0x67	gAltariaPokedexText
0x0844D2FF	rom	0x1	gAltariaPokedexTextUnused
0x0844D300	rom	0x74	gZangoosePokedexText
0x0844D374	rom	0x1	gZangoosePokedexTextUnused
0x0844D375	rom	0x72	gSeviperPokedexText
0x0844D3E7	rom	0x1	gSeviperPokedexTextUnused
0x0844D3E8	rom	0x70	gLunatonePokedexText
0x0844D458	rom	0x1	gLunatonePokedexTextUnused
0x0844D459	rom	0x66	gSolrockPokedexText
0x0844D4BF	rom	0x1	gSolrockPokedexTextUnused
0x0844D4C0	rom	0x56	gBarboachPokedexText
0x0844D516	rom	0x1	gBarboachPokedexTextUnused
0x0844D517	rom	0x69	gWhiscashPokedexText
0x0844D580	rom	0x1	gWhiscashPokedexTextUnused
0x0844D581	rom	0x6C	gCorphishPokedexText
0x0844D5ED	rom	0x1	gCorphishPokedexTextUnused
0x0844D5EE	rom	0x5F	gCrawdauntPokedexText
0x0844D64D	rom	0x1	gCrawdauntPokedexTextUnused
0x0844D64E	rom	0x6F	gBaltoyPokedexText
0x0844D6BD	rom	0x1	gBaltoyPokedexTextUnused
0x0844D6BE	rom	0x6C	gClaydolPokedexText
0x0844D72A	rom	0x1	gClaydolPokedexTextUnused
0x0844D72B	rom	0x6D	gLileepPokedexText
0x0844D798	rom	0x1	gLileepPokedexTextUnused
0x0844D799	rom	0x65	gCradilyPokedexText
0x0844D7FE	rom	0x1	gCradilyPokedexTextUnused
0x0844D7FF	rom	0x72	gAnorithPokedexText
0x0844D871	rom	0x1	gAnorithPokedexTextUnused
0x0844D872	rom	0x5C	gArmaldoPokedexText
0x0844D8CE	rom	0x1	gArmaldoPokedexTextUnused
0x0844D8CF	rom	0x68	gFeebasPokedexText
0x0844D937	rom	0x1	gFeebasPokedexTextUnused
0x0844D938	rom	0x63	gMiloticPokedexText
0x0844D99B	rom	0x1	gMiloticPokedexTextUnused
0x0844D99C	rom	0x6A	gCastformPokedexText
0x0844DA06	rom	0x1	gCastformPokedexTextUnused
0x0844DA07	rom	0x66	gKecleonPokedexText
0x0844DA6D	rom	0x1	gKecleonPokedexTextUnused
0x0844DA6E	rom	0x64	gShuppetPokedexText
0x0844DAD2	rom	0x1	gShuppetPokedexTextUnused
0x0844DAD3	rom	0x6C	gBanettePokedexText
0x0844DB3F	rom	0x1	gBanettePokedexTextUnused
0x0844DB40	rom	0x68	gDuskullPokedexText
0x0844DBA8	rom	0x1	gDuskullPokedexTextUnused
0x0844DBA9	rom	0x69	gDusclopsPokedexText
0x0844DC12	rom	0x1	gDusclopsPokedexTextUnused
0x0844DC13	rom	0x6D	gTropiusPokedexText
0x0844DC80	rom	0x1	gTropiusPokedexTextUnused
0x0844DC81	rom	0x70	gChimechoPokedexText
0x0844DCF1	rom	0x1	gChimechoPokedexTextUnused
0x0844DCF2	rom	0x69	gAbsolPokedexText
0x0844DD5B	rom	0x1	gAbsolPokedexTextUnused
0x0844DD5C	rom	0x5A	gWynautPokedexText
0x0844DDB6	rom	0x1	gWynautPokedexTextUnused
0x0844DDB7	rom	0x71	gSnoruntPokedexText
0x0844DE28	rom	0x1	gSnoruntPokedexTextUnused
0x0844DE29	rom	0x6A	gGlaliePokedexText
0x0844DE93	rom	0x1	gGlaliePokedexTextUnused
0x0844DE94	rom	0x62	gSphealPokedexText
0x0844DEF6	rom	0x1	gSphealPokedexTextUnused
0x0844DEF7	rom	0x69	gSealeoPokedexText
0x0844DF60	rom	0x1	gSealeoPokedexTextUnused
0x0844DF61	rom	0x71	gWalreinPokedexText
0x0844DFD2	rom	0x1	gWalreinPokedexTextUnused
0x0844DFD3	rom	0x55	gClamperlPokedexText
0x0844E028	rom	0x1	gClamperlPokedexTextUnused
0x0844E029	rom	0x71	gHuntailPokedexText
0x0844E09A	rom	0x1	gHuntailPokedexTextUnused
0x0844E09B	rom	0x6D	gGorebyssPokedexText
0x0844E108	rom	0x1	gGorebyssPokedexTextUnused
0x0844E109	rom	0x62	gRelicanthPokedexText
0x0844E16B	rom	0x1	gRelicanthPokedexTextUnused
0x0844E16C	rom	0x62	gLuvdiscPokedexText
0x0844E1CE	rom	0x1	gLuvdiscPokedexTextUnused
0x0844E1CF	rom	0x5E	gBagonPokedexText
0x0844E22D	rom	0x1	gBagonPokedexTextUnused
0x0844E22E	rom	0x77	gShelgonPokedexText
0x0844E2A5	rom	0x1	gShelgonPokedexTextUnused
0x0844E2A6	rom	0x62	gSalamencePokedexText
0x0844E308	rom	0x1	gSalamencePokedexTextUnused
0x0844E309	rom	0x5A	gBeldumPokedexText
0x0844E363	rom	0x1	gBeldumPokedexTextUnused
0x0844E364	rom	0x6D	gMetangPokedexText
0x0844E3D1	rom	0x1	gMetangPokedexTextUnused
0x0844E3D2	rom	0x5F	gMetagrossPokedexText
0x0844E431	rom	0x1	gMetagrossPokedexTextUnused
0x0844E432	rom	0x6E	gRegirockPokedexText
0x0844E4A0	rom	0x1	gRegirockPokedexTextUnused
0x0844E4A1	rom	0x61	gRegicePokedexText
0x0844E502	rom	0x1	gRegicePokedexTextUnused
0x0844E503	rom	0x70	gRegisteelPokedexText
0x0844E573	rom	0x1	gRegisteelPokedexTextUnused
0x0844E574	rom	0x6D	gLatiasPokedexText
0x0844E5E1	rom	0x1	gLatiasPokedexTextUnused
0x0844E5E2	rom	0x70	gLatiosPokedexText
0x0844E652	rom	0x1	gLatiosPokedexTextUnused
0x0844E653	rom	0x6A	gKyogrePokedexText
0x0844E6BD	rom	0x1	gKyogrePokedexTextUnused
0x0844E6BE	rom	0x5D	gGroudonPokedexText
0x0844E71B	rom	0x1	gGroudonPokedexTextUnused
0x0844E71C	rom	0x68	gRayquazaPokedexText
0x0844E784	rom	0x1	gRayquazaPokedexTextUnused
0x0844E785	rom	0x60	gJirachiPokedexText
0x0844E7E5	rom	0x1	gJirachiPokedexTextUnused
0x0844E7E6	rom	0x67	gDeoxysPokedexText
0x0844E84D	rom	0x1	gDeoxysPokedexTextUnused
0x0844E850	rom	0x366C	gPokedexEntries
0x08451EBC	rom	0x10	sBgTemplates
0x08451ECC	rom	0x18	sWindowTemplates
0x08451EE4	rom	0x70	sDexScreenDataInitialState
0x08451F54	rom	0x8	sWindowTemplate_ModeSelect
0x08451F5C	rom	0x8	sWindowTemplate_SelectionIcon
0x08451F64	rom	0x8	sWindowTemplate_DexCounts
0x08451F6C	rom	0x98	sListMenuItems_KantoDexModeSelect
0x08452004	rom	0x18	sListMenuTemplate_KantoDexModeSelect
0x0845201C	rom	0xA0	sListMenuItems_NatDexModeSelect
0x084520BC	rom	0x18	sListMenuTemplate_NatDexModeSelect
0x084520D4	rom	0x10	sScrollArrowsTemplate_KantoDex
0x084520E4	rom	0x10	sScrollArrowsTemplate_NatDex
0x084520F4	rom	0x78	sTopMenuSelectionIconGfxPtrs
0x0845216C	rom	0x8	sWindowTemplate_OrderedListMenu
0x08452174	rom	0x18	sListMenuTemplate_OrderedListMenu
0x0845218C	rom	0x28	sListMenuRects_OrderedList
0x084521B4	rom	0x10	sDexOrderScrollArrowsTemplate
0x084521C4	rom	0x8	sWindowTemplate_CategoryMonIcon
0x084521CC	rom	0x8	sWindowTemplate_CategoryMonInfo
0x084521D4	rom	0x8	sWindowTemplate_DexEntry_MonPic
0x084521DC	rom	0x8	sWindowTemplate_DexEntry_SpeciesStats
0x084521E4	rom	0x8	sWindowTemplate_DexEntry_FlavorText
0x084521EC	rom	0x8	sWindowTemplate_AreaMap_MonIcon
0x084521F4	rom	0x8	sWindowTemplate_AreaMap_SpeciesName
0x084521FC	rom	0x8	sWindowTemplate_AreaMap_Size
0x08452204	rom	0x8	sWindowTemplate_AreaMap_Area
0x0845220C	rom	0x8	sWindowTemplate_AreaMap_MonTypes
0x08452214	rom	0x8	sWindowTemplate_AreaMap_Kanto
0x0845221C	rom	0x8	sWindowTemplate_AreaMap_OneIsland
0x08452224	rom	0x8	sWindowTemplate_AreaMap_TwoIsland
0x0845222C	rom	0x8	sWindowTemplate_AreaMap_ThreeIsland
0x08452234	rom	0x8	sWindowTemplate_AreaMap_FourIsland
0x0845223C	rom	0x8	sWindowTemplate_AreaMap_FiveIsland
0x08452244	rom	0x8	sWindowTemplate_AreaMap_SixIsland
0x0845224C	rom	0x8	sWindowTemplate_AreaMap_SevenIsland
0x08452254	rom	0x38	sAreaMapStructs_SeviiIslands
0x0845228C	rom	0x80	sCategoryPageIconWindowBg
0x0845230C	rom	0x4	sPageIconCoords_1Mon
0x08452310	rom	0x8	sPageIconCoords_2Mons
0x08452318	rom	0xC	sPageIconCoords_3Mons
0x08452324	rom	0x10	sPageIconCoords_4Mons
0x08452334	rom	0x10	sCategoryPageIconCoords
0x08452344	rom	0x24	sDexCategoryNamePtrs
0x08452368	rom	0x20	sPalette_Silhouette
0x08452388	rom	0x12C	sDexScreenPageTurnColumns
0x084524B4	rom	0x10	sScrollArrowsTemplate_CategoryMenu
0x084524C4	rom	0xC	sCursorStruct_CategoryPage
0x084524D0	rom	0x8	sDexCategory_GrasslandPkmn_Page1
0x084524D8	rom	0x8	sDexCategory_GrasslandPkmn_Page2
0x084524E0	rom	0x6	sDexCategory_GrasslandPkmn_Page3
0x084524E6	rom	0x6	sDexCategory_GrasslandPkmn_Page4
0x084524EC	rom	0x8	sDexCategory_GrasslandPkmn_Page5
0x084524F4	rom	0x8	sDexCategory_GrasslandPkmn_Page6
0x084524FC	rom	0x6	sDexCategory_GrasslandPkmn_Page7
0x08452502	rom	0x8	sDexCategory_GrasslandPkmn_Page8
0x0845250A	rom	0x4	sDexCategory_GrasslandPkmn_Page9
0x0845250E	rom	0x6	sDexCategory_GrasslandPkmn_Page10
0x08452514	rom	0x6	sDexCategory_GrasslandPkmn_Page11
0x0845251A	rom	0x4	sDexCategory_GrasslandPkmn_Page12
0x0845251E	rom	0x4	sDexCategory_GrasslandPkmn_Page13
0x08452522	rom	0x8	sDexCategory_GrasslandPkmn_Page14
0x0845252A	rom	0x4	sDexCategory_GrasslandPkmn_Page15
0x0845252E	rom	0x4	sDexCategory_GrasslandPkmn_Page16
0x08452532	rom	0x8	sDexCategory_GrasslandPkmn_Page17
0x0845253A	rom	0x8	sDexCategory_GrasslandPkmn_Page18
0x08452542	rom	0x4	sDexCategory_GrasslandPkmn_Page19
0x08452546	rom	0x4	sDexCategory_GrasslandPkmn_Page20
0x0845254A	rom	0x4	sDexCategory_GrasslandPkmn_Page21
0x0845254E	rom	0x4	sDexCategory_GrasslandPkmn_Page22
0x08452552	rom	0x6	sDexCategory_GrasslandPkmn_Page23
0x08452558	rom	0x6	sDexCategory_GrasslandPkmn_Page24
0x0845255E	rom	0x6	sDexCategory_GrasslandPkmn_Page25
0x08452564	rom	0x6	sDexCategory_GrasslandPkmn_Page26
0x0845256A	rom	0x6	sDexCategory_GrasslandPkmn_Page27
0x08452570	rom	0x6	sDexCategory_ForestPkmn_Page1
0x08452576	rom	0x6	sDexCategory_ForestPkmn_Page2
0x0845257C	rom	0x6	sDexCategory_ForestPkmn_Page3
0x08452582	rom	0x4	sDexCategory_ForestPkmn_Page4
0x08452586	rom	0x6	sDexCategory_ForestPkmn_Page5
0x0845258C	rom	0x8	sDexCategory_ForestPkmn_Page6
0x08452594	rom	0x6	sDexCategory_ForestPkmn_Page7
0x0845259A	rom	0x6	sDexCategory_ForestPkmn_Page8
0x084525A0	rom	0x8	sDexCategory_ForestPkmn_Page9
0x084525A8	rom	0x6	sDexCategory_ForestPkmn_Page10
0x084525AE	rom	0x6	sDexCategory_ForestPkmn_Page11
0x084525B4	rom	0x8	sDexCategory_ForestPkmn_Page12
0x084525BC	rom	0x6	sDexCategory_ForestPkmn_Page13
0x084525C2	rom	0x4	sDexCategory_ForestPkmn_Page14
0x084525C6	rom	0x4	sDexCategory_ForestPkmn_Page15
0x084525CA	rom	0x6	sDexCategory_ForestPkmn_Page16
0x084525D0	rom	0x4	sDexCategory_ForestPkmn_Page17
0x084525D4	rom	0x4	sDexCategory_ForestPkmn_Page18
0x084525D8	rom	0x6	sDexCategory_ForestPkmn_Page19
0x084525DE	rom	0x6	sDexCategory_ForestPkmn_Page20
0x084525E4	rom	0x4	sDexCategory_ForestPkmn_Page21
0x084525E8	rom	0x6	sDexCategory_ForestPkmn_Page22
0x084525EE	rom	0x4	sDexCategory_ForestPkmn_Page23
0x084525F2	rom	0x4	sDexCategory_ForestPkmn_Page24
0x084525F6	rom	0x6	sDexCategory_ForestPkmn_Page25
0x084525FC	rom	0x2	sDexCategory_ForestPkmn_Page26
0x084525FE	rom	0x4	sDexCategory_WatersEdgePkmn_Page1
0x08452602	rom	0x8	sDexCategory_WatersEdgePkmn_Page2
0x0845260A	rom	0x8	sDexCategory_WatersEdgePkmn_Page3
0x08452612	rom	0x6	sDexCategory_WatersEdgePkmn_Page4
0x08452618	rom	0x4	sDexCategory_WatersEdgePkmn_Page5
0x0845261C	rom	0x8	sDexCategory_WatersEdgePkmn_Page6
0x08452624	rom	0x8	sDexCategory_WatersEdgePkmn_Page7
0x0845262C	rom	0x6	sDexCategory_WatersEdgePkmn_Page8
0x08452632	rom	0x6	sDexCategory_WatersEdgePkmn_Page9
0x08452638	rom	0x4	sDexCategory_WatersEdgePkmn_Page10
0x0845263C	rom	0x4	sDexCategory_WatersEdgePkmn_Page11
0x08452640	rom	0x6	sDexCategory_WatersEdgePkmn_Page12
0x08452646	rom	0x6	sDexCategory_WatersEdgePkmn_Page13
0x0845264C	rom	0x6	sDexCategory_WatersEdgePkmn_Page14
0x08452652	rom	0x6	sDexCategory_WatersEdgePkmn_Page15
0x08452658	rom	0x4	sDexCategory_WatersEdgePkmn_Page16
0x0845265C	rom	0x4	sDexCategory_SeaPkmn_Page1
0x08452660	rom	0x4	sDexCategory_SeaPkmn_Page2
0x08452664	rom	0x4	sDexCategory_SeaPkmn_Page3
0x08452668	rom	0x8	sDexCategory_SeaPkmn_Page4
0x08452670	rom	0x4	sDexCategory_SeaPkmn_Page5
0x08452674	rom	0x6	sDexCategory_SeaPkmn_Page6
0x0845267A	rom	0x8	sDexCategory_SeaPkmn_Page7
0x08452682	rom	0x4	sDexCategory_SeaPkmn_Page8
0x08452686	rom	0x6	sDexCategory_SeaPkmn_Page9
0x0845268C	rom	0x8	sDexCategory_SeaPkmn_Page10
0x08452694	rom	0x6	sDexCategory_SeaPkmn_Page11
0x0845269A	rom	0x2	sDexCategory_SeaPkmn_Page12
0x0845269C	rom	0x2	sDexCategory_SeaPkmn_Page13
0x0845269E	rom	0x8	sDexCategory_SeaPkmn_Page14
0x084526A6	rom	0x4	sDexCategory_SeaPkmn_Page15
0x084526AA	rom	0x2	sDexCategory_SeaPkmn_Page16
0x084526AC	rom	0x6	sDexCategory_CavePkmn_Page1
0x084526B2	rom	0x8	sDexCategory_CavePkmn_Page2
0x084526BA	rom	0x8	sDexCategory_CavePkmn_Page3
0x084526C2	rom	0x6	sDexCategory_CavePkmn_Page4
0x084526C8	rom	0x6	sDexCategory_CavePkmn_Page5
0x084526CE	rom	0x4	sDexCategory_CavePkmn_Page6
0x084526D2	rom	0x6	sDexCategory_CavePkmn_Page7
0x084526D8	rom	0x4	sDexCategory_CavePkmn_Page8
0x084526DC	rom	0x4	sDexCategory_CavePkmn_Page9
0x084526E0	rom	0x6	sDexCategory_CavePkmn_Page10
0x084526E6	rom	0x6	sDexCategory_MountainPkmn_Page1
0x084526EC	rom	0x8	sDexCategory_MountainPkmn_Page2
0x084526F4	rom	0x6	sDexCategory_MountainPkmn_Page3
0x084526FA	rom	0x6	sDexCategory_MountainPkmn_Page4
0x08452700	rom	0x4	sDexCategory_MountainPkmn_Page5
0x08452704	rom	0x8	sDexCategory_MountainPkmn_Page6
0x0845270C	rom	0x8	sDexCategory_MountainPkmn_Page7
0x08452714	rom	0x8	sDexCategory_MountainPkmn_Page8
0x0845271C	rom	0x4	sDexCategory_MountainPkmn_Page9
0x08452720	rom	0x6	sDexCategory_MountainPkmn_Page10
0x08452726	rom	0x6	sDexCategory_MountainPkmn_Page11
0x0845272C	rom	0x6	sDexCategory_MountainPkmn_Page12
0x08452732	rom	0x2	sDexCategory_MountainPkmn_Page13
0x08452734	rom	0x2	sDexCategory_MountainPkmn_Page14
0x08452736	rom	0x2	sDexCategory_MountainPkmn_Page15
0x08452738	rom	0x6	sDexCategory_MountainPkmn_Page16
0x0845273E	rom	0x2	sDexCategory_MountainPkmn_Page17
0x08452740	rom	0x4	sDexCategory_RoughTerrainPkmn_Page1
0x08452744	rom	0x8	sDexCategory_RoughTerrainPkmn_Page2
0x0845274C	rom	0x4	sDexCategory_RoughTerrainPkmn_Page3
0x08452750	rom	0x8	sDexCategory_RoughTerrainPkmn_Page4
0x08452758	rom	0x4	sDexCategory_RoughTerrainPkmn_Page5
0x0845275C	rom	0x6	sDexCategory_RoughTerrainPkmn_Page6
0x08452762	rom	0x2	sDexCategory_RoughTerrainPkmn_Page7
0x08452764	rom	0x4	sDexCategory_RoughTerrainPkmn_Page8
0x08452768	rom	0x6	sDexCategory_RoughTerrainPkmn_Page9
0x0845276E	rom	0x6	sDexCategory_RoughTerrainPkmn_Page10
0x08452774	rom	0x2	sDexCategory_RoughTerrainPkmn_Page11
0x08452776	rom	0x8	sDexCategory_UrbanPkmn_Page1
0x0845277E	rom	0x8	sDexCategory_UrbanPkmn_Page2
0x08452786	rom	0x4	sDexCategory_UrbanPkmn_Page3
0x0845278A	rom	0x6	sDexCategory_UrbanPkmn_Page4
0x08452790	rom	0x6	sDexCategory_UrbanPkmn_Page5
0x08452796	rom	0x8	sDexCategory_UrbanPkmn_Page6
0x0845279E	rom	0x8	sDexCategory_UrbanPkmn_Page7
0x084527A6	rom	0x4	sDexCategory_UrbanPkmn_Page8
0x084527AA	rom	0x8	sDexCategory_UrbanPkmn_Page9
0x084527B2	rom	0x2	sDexCategory_UrbanPkmn_Page10
0x084527B4	rom	0x8	sDexCategory_UrbanPkmn_Page11
0x084527BC	rom	0x4	sDexCategory_UrbanPkmn_Page12
0x084527C0	rom	0x2	sDexCategory_RarePkmn_Page1
0x084527C2	rom	0x6	sDexCategory_RarePkmn_Page2
0x084527C8	rom	0x2	sDexCategory_RarePkmn_Page3
0x084527CA	rom	0x2	sDexCategory_RarePkmn_Page4
0x084527CC	rom	0x2	sDexCategory_RarePkmn_Page5
0x084527CE	rom	0x2	sDexCategory_RarePkmn_Page6
0x084527D0	rom	0x2	sDexCategory_RarePkmn_Page7
0x084527D2	rom	0x2	sDexCategory_RarePkmn_Page8
0x084527D4	rom	0xD8	sDexCategory_GrasslandPkmn
0x084528AC	rom	0xD0	sDexCategory_ForestPkmn
0x0845297C	rom	0x80	sDexCategory_WatersEdgePkmn
0x084529FC	rom	0x80	sDexCategory_SeaPkmn
0x08452A7C	rom	0x50	sDexCategory_CavePkmn
0x08452ACC	rom	0x88	sDexCategory_MountainPkmn
0x08452B54	rom	0x58	sDexCategory_RoughTerrainPkmn
0x08452BAC	rom	0x60	sDexCategory_UrbanPkmn
0x08452C0C	rom	0x40	sDexCategory_RarePkmn
0x08452C4C	rom	0x48	gDexCategories
0x08452C94	rom	0x60	sMenuInfoIcons
0x08452CF4	rom	0x8	sBgTemplates
0x08452CFC	rom	0xC	sPocketNames
0x08452D08	rom	0x1B0	sItemListTilemap
0x08452EB8	rom	0x60	sItemMenuContextActions
0x08452F18	rom	0xC	sContextMenuItems_Field
0x08452F24	rom	0x4	sContextMenuItems_CheckGiveTossCancel
0x08452F28	rom	0x6	sContextMenuItems_GiveIfNotKeyItemPocket
0x08452F2E	rom	0x2	sContextMenuItems_Open
0x08452F30	rom	0x2	sContextMenuItems_BattleUse
0x08452F32	rom	0x2	sContextMenuItems_Cancel
0x08452F34	rom	0x1C	sItemContextTaskFuncs
0x08452F50	rom	0x8	sYesNoMenu_Toss
0x08452F58	rom	0x8	sYesNoMenu_Sell
0x08452F60	rom	0x6	sListItemTextColor_RegularItem
0x08452F66	rom	0x6	sListItemTextColor_TmCase_BerryPouch
0x08452F6C	rom	0x10	sPocketSwitchArrowPairTemplate
0x08452F7C	rom	0xC0	sBlit_SelectButton
0x0845303C	rom	0x56	sSaveLocationPokeCenterList
0x08453092	rom	0x2	sSaveLocationReloadLocList
0x08453094	rom	0x2	sEmptyMapList
0x08453098	rom	0x20	sBagWindowPalF
0x084530B8	rom	0xC	sTextColors
0x084530C4	rom	0x20	sDefaultBagWindowsStd
0x084530E4	rom	0x20	sDefaultBagWindowsDeposit
0x08453104	rom	0x70	sWindowTemplates
0x08453174	rom	0x3	sUnused
0x08453178	rom	0xC	sDummyPicData
0x08453184	rom	0x8	sOamData_Normal
0x0845318C	rom	0xDD0	sRematches
0x08453F5C	rom	0x4	sMovementScript_Wait48
0x08453F60	rom	0x2	sMovementScript_TrainerUnfought
0x08453F62	rom	0x2	sMovementScript_TrainerNoRematch
0x08453F64	rom	0x3	sMovementScript_TrainerRematch
0x08453F67	rom	0x5	sFaceDirectionMovementTypeByFacingDirection
0x08453F6C	rom	0x8	sBgTemplates
0x08453F74	rom	0x18	sItemPcSubmenuOptions
0x08453F8C	rom	0xC	sTextColors
0x08453F98	rom	0x38	sWindowTemplates
0x08453FD0	rom	0x18	sSubwindowTemplates
0x08453FE8	rom	0x18	sWindowTemplates
0x08454000	rom	0x3	sTextColor
0x08454003	rom	0x1	sString_Dummy
0x08454004	rom	0x2	DecorGfx_SMALL_DESK
0x08454006	rom	0x2	DecorGfx_POKEMON_DESK
0x08454008	rom	0xC	DecorGfx_HEAVY_DESK
0x08454014	rom	0xC	DecorGfx_RAGGED_DESK
0x08454020	rom	0xC	DecorGfx_COMFORT_DESK
0x0845402C	rom	0x12	DecorGfx_PRETTY_DESK
0x0845403E	rom	0x12	DecorGfx_BRICK_DESK
0x08454050	rom	0x12	DecorGfx_CAMP_DESK
0x08454062	rom	0x12	DecorGfx_HARD_DESK
0x08454074	rom	0x2	DecorGfx_SMALL_CHAIR
0x08454076	rom	0x2	DecorGfx_POKEMON_CHAIR
0x08454078	rom	0x2	DecorGfx_HEAVY_CHAIR
0x0845407A	rom	0x2	DecorGfx_PRETTY_CHAIR
0x0845407C	rom	0x2	DecorGfx_COMFORT_CHAIR
0x0845407E	rom	0x2	DecorGfx_RAGGED_CHAIR
0x08454080	rom	0x2	DecorGfx_BRICK_CHAIR
0x08454082	rom	0x2	DecorGfx_CAMP_CHAIR
0x08454084	rom	0x2	DecorGfx_HARD_CHAIR
0x08454086	rom	0x4	DecorGfx_RED_PLANT
0x0845408A	rom	0x4	DecorGfx_TROPICAL_PLANT
0x0845408E	rom	0x4	DecorGfx_PRETTY_FLOWERS
0x08454092	rom	0x8	DecorGfx_COLORFUL_PLANT
0x0845409A	rom	0x8	DecorGfx_BIG_PLANT
0x084540A2	rom	0x8	DecorGfx_GORGEOUS_PLANT
0x084540AA	rom	0x4	DecorGfx_RED_BRICK
0x084540AE	rom	0x4	DecorGfx_YELLOW_BRICK
0x084540B2	rom	0x4	DecorGfx_BLUE_BRICK
0x084540B6	rom	0x2	DecorGfx_RED_BALLOON
0x084540B8	rom	0x2	DecorGfx_BLUE_BALLOON
0x084540BA	rom	0x2	DecorGfx_YELLOW_BALLOON
0x084540BC	rom	0x12	DecorGfx_RED_TENT
0x084540CE	rom	0x12	DecorGfx_BLUE_TENT
0x084540E0	rom	0x4	DecorGfx_SOLID_BOARD
0x084540E4	rom	0x10	DecorGfx_SLIDE
0x084540F4	rom	0x2	DecorGfx_FENCE_LENGTH
0x084540F6	rom	0x2	DecorGfx_FENCE_WIDTH
0x084540F8	rom	0x8	DecorGfx_TIRE
0x08454100	rom	0x10	DecorGfx_STAND
0x08454110	rom	0x2	DecorGfx_MUD_BALL
0x08454112	rom	0x4	DecorGfx_BREAKABLE_DOOR
0x08454116	rom	0x4	DecorGfx_SAND_ORNAMENT
0x0845411A	rom	0x4	DecorGfx_SILVER_SHIELD
0x0845411E	rom	0x4	DecorGfx_GOLD_SHIELD
0x08454122	rom	0x4	DecorGfx_GLASS_ORNAMENT
0x08454126	rom	0x2	DecorGfx_TV
0x08454128	rom	0x2	DecorGfx_ROUND_TV
0x0845412A	rom	0x2	DecorGfx_CUTE_TV
0x0845412C	rom	0x2	DecorGfx_GLITTER_MAT
0x0845412E	rom	0x2	DecorGfx_JUMP_MAT
0x08454130	rom	0x2	DecorGfx_SPIN_MAT
0x08454132	rom	0x2	DecorGfx_C_LOW_NOTE_MAT
0x08454134	rom	0x2	DecorGfx_D_NOTE_MAT
0x08454136	rom	0x2	DecorGfx_E_NOTE_MAT
0x08454138	rom	0x2	DecorGfx_F_NOTE_MAT
0x0845413A	rom	0x2	DecorGfx_G_NOTE_MAT
0x0845413C	rom	0x2	DecorGfx_A_NOTE_MAT
0x0845413E	rom	0x2	DecorGfx_B_NOTE_MAT
0x08454140	rom	0x2	DecorGfx_C_HIGH_NOTE_MAT
0x08454142	rom	0x12	DecorGfx_SURF_MAT
0x08454154	rom	0x12	DecorGfx_THUNDER_MAT
0x08454166	rom	0x12	DecorGfx_FIRE_BLAST_MAT
0x08454178	rom	0x12	DecorGfx_POWDER_SNOW_MAT
0x0845418A	rom	0x12	DecorGfx_ATTRACT_MAT
0x0845419C	rom	0x12	DecorGfx_FISSURE_MAT
0x084541AE	rom	0x12	DecorGfx_SPIKES_MAT
0x084541C0	rom	0x2	DecorGfx_BALL_POSTER
0x084541C2	rom	0x2	DecorGfx_GREEN_POSTER
0x084541C4	rom	0x2	DecorGfx_RED_POSTER
0x084541C6	rom	0x2	DecorGfx_BLUE_POSTER
0x084541C8	rom	0x2	DecorGfx_CUTE_POSTER
0x084541CA	rom	0x4	DecorGfx_PIKA_POSTER
0x084541CE	rom	0x4	DecorGfx_LONG_POSTER
0x084541D2	rom	0x4	DecorGfx_SEA_POSTER
0x084541D6	rom	0x4	DecorGfx_SKY_POSTER
0x084541DA	rom	0x4	DecorGfx_KISS_POSTER
0x084541DE	rom	0x2	DecorGfx_PICHU_DOLL
0x084541E0	rom	0x2	DecorGfx_PIKACHU_DOLL
0x084541E2	rom	0x2	DecorGfx_MARILL_DOLL
0x084541E4	rom	0x2	DecorGfx_TOGEPI_DOLL
0x084541E6	rom	0x2	DecorGfx_CYNDAQUIL_DOLL
0x084541E8	rom	0x2	DecorGfx_CHIKORITA_DOLL
0x084541EA	rom	0x2	DecorGfx_TOTODILE_DOLL
0x084541EC	rom	0x2	DecorGfx_JIGGLYPUFF_DOLL
0x084541EE	rom	0x2	DecorGfx_MEOWTH_DOLL
0x084541F0	rom	0x2	DecorGfx_CLEFAIRY_DOLL
0x084541F2	rom	0x2	DecorGfx_DITTO_DOLL
0x084541F4	rom	0x2	DecorGfx_SMOOCHUM_DOLL
0x084541F6	rom	0x2	DecorGfx_TREECKO_DOLL
0x084541F8	rom	0x2	DecorGfx_TORCHIC_DOLL
0x084541FA	rom	0x2	DecorGfx_MUDKIP_DOLL
0x084541FC	rom	0x2	DecorGfx_DUSKULL_DOLL
0x084541FE	rom	0x2	DecorGfx_WYNAUT_DOLL
0x08454200	rom	0x2	DecorGfx_BALTOY_DOLL
0x08454202	rom	0x2	DecorGfx_KECLEON_DOLL
0x08454204	rom	0x2	DecorGfx_AZURILL_DOLL
0x08454206	rom	0x2	DecorGfx_SKITTY_DOLL
0x08454208	rom	0x2	DecorGfx_SWABLU_DOLL
0x0845420A	rom	0x2	DecorGfx_GULPIN_DOLL
0x0845420C	rom	0x2	DecorGfx_LOTAD_DOLL
0x0845420E	rom	0x2	DecorGfx_SEEDOT_DOLL
0x08454210	rom	0x2	DecorGfx_PIKA_CUSHION
0x08454212	rom	0x2	DecorGfx_ROUND_CUSHION
0x08454214	rom	0x2	DecorGfx_KISS_CUSHION
0x08454216	rom	0x2	DecorGfx_ZIGZAG_CUSHION
0x08454218	rom	0x2	DecorGfx_SPIN_CUSHION
0x0845421A	rom	0x2	DecorGfx_DIAMOND_CUSHION
0x0845421C	rom	0x2	DecorGfx_BALL_CUSHION
0x0845421E	rom	0x2	DecorGfx_GRASS_CUSHION
0x08454220	rom	0x2	DecorGfx_FIRE_CUSHION
0x08454222	rom	0x2	DecorGfx_WATER_CUSHION
0x08454224	rom	0x2	DecorGfx_SNORLAX_DOLL
0x08454226	rom	0x2	DecorGfx_RHYDON_DOLL
0x08454228	rom	0x2	DecorGfx_LAPRAS_DOLL
0x0845422A	rom	0x2	DecorGfx_VENUSAUR_DOLL
0x0845422C	rom	0x2	DecorGfx_CHARIZARD_DOLL
0x0845422E	rom	0x2	DecorGfx_BLASTOISE_DOLL
0x08454230	rom	0x2	DecorGfx_WAILMER_DOLL
0x08454232	rom	0x2	DecorGfx_REGIROCK_DOLL
0x08454234	rom	0x2	DecorGfx_REGICE_DOLL
0x08454236	rom	0x2	DecorGfx_REGISTEEL_DOLL
0x08454238	rom	0x1C	DecorDesc_SMALL_DESK
0x08454254	rom	0x30	DecorDesc_POKEMON_DESK
0x08454284	rom	0x38	DecorDesc_HEAVY_DESK
0x084542BC	rom	0x37	DecorDesc_RAGGED_DESK
0x084542F3	rom	0x39	DecorDesc_COMFORT_DESK
0x0845432C	rom	0x36	DecorDesc_PRETTY_DESK
0x08454362	rom	0x36	DecorDesc_BRICK_DESK
0x08454398	rom	0x39	DecorDesc_CAMP_DESK
0x084543D1	rom	0x33	DecorDesc_HARD_DESK
0x08454404	rom	0x1C	DecorDesc_SMALL_CHAIR
0x08454420	rom	0x31	DecorDesc_POKEMON_CHAIR
0x08454451	rom	0x1D	DecorDesc_HEAVY_CHAIR
0x0845446E	rom	0x1D	DecorDesc_PRETTY_CHAIR
0x0845448B	rom	0x1E	DecorDesc_COMFORT_CHAIR
0x084544A9	rom	0x1C	DecorDesc_RAGGED_CHAIR
0x084544C5	rom	0x1D	DecorDesc_BRICK_CHAIR
0x084544E2	rom	0x1C	DecorDesc_CAMP_CHAIR
0x084544FE	rom	0x1C	DecorDesc_HARD_CHAIR
0x0845451A	rom	0x1A	DecorDesc_RED_PLANT
0x08454534	rom	0x25	DecorDesc_TROPICAL_PLANT
0x08454559	rom	0x17	DecorDesc_PRETTY_FLOWERS
0x08454570	rom	0x28	DecorDesc_COLORFUL_PLANT
0x08454598	rom	0x2E	DecorDesc_BIG_PLANT
0x084545C6	rom	0x28	DecorDesc_GORGEOUS_PLANT
0x084545EE	rom	0x37	DecorDesc_RED_BRICK
0x08454625	rom	0x35	DecorDesc_YELLOW_BRICK
0x0845465A	rom	0x33	DecorDesc_BLUE_BRICK
0x0845468D	rom	0x37	DecorDesc_RED_BALLOON
0x084546C4	rom	0x38	DecorDesc_BLUE_BALLOON
0x084546FC	rom	0x38	DecorDesc_YELLOW_BALLOON
0x08454734	rom	0x2A	DecorDesc_RED_TENT
0x0845475E	rom	0x2B	DecorDesc_BLUE_TENT
0x08454789	rom	0x2E	DecorDesc_SOLID_BOARD
0x084547B7	rom	0x25	DecorDesc_SLIDE
0x084547DC	rom	0x23	DecorDesc_FENCE_LENGTH
0x084547FF	rom	0x23	DecorDesc_FENCE_WIDTH
0x08454822	rom	0x35	DecorDesc_TIRE
0x08454857	rom	0x1D	DecorDesc_STAND
0x08454874	rom	0x2D	DecorDesc_MUD_BALL
0x084548A1	rom	0x31	DecorDesc_BREAKABLE_DOOR
0x084548D2	rom	0x2F	DecorDesc_SAND_ORNAMENT
0x08454901	rom	0x32	DecorDesc_SILVER_SHIELD
0x08454933	rom	0x33	DecorDesc_GOLD_SHIELD
0x08454966	rom	0x39	DecorDesc_GLASS_ORNAMENT
0x0845499F	rom	0x1F	DecorDesc_TV
0x084549BE	rom	0x2B	DecorDesc_ROUND_TV
0x084549E9	rom	0x2B	DecorDesc_CUTE_TV
0x08454A14	rom	0x28	DecorDesc_GLITTER_MAT
0x08454A3C	rom	0x2E	DecorDesc_JUMP_MAT
0x08454A6A	rom	0x2F	DecorDesc_SPIN_MAT
0x08454A99	rom	0x2F	DecorDesc_C_LOW_NOTE_MAT
0x08454AC8	rom	0x2B	DecorDesc_D_NOTE_MAT
0x08454AF3	rom	0x2C	DecorDesc_E_NOTE_MAT
0x08454B1F	rom	0x2C	DecorDesc_F_NOTE_MAT
0x08454B4B	rom	0x2B	DecorDesc_G_NOTE_MAT
0x08454B76	rom	0x2C	DecorDesc_A_NOTE_MAT
0x08454BA2	rom	0x2B	DecorDesc_B_NOTE_MAT
0x08454BCD	rom	0x30	DecorDesc_C_HIGH_NOTE_MAT
0x08454BFD	rom	0x34	DecorDesc_SURF_MAT
0x08454C31	rom	0x37	DecorDesc_THUNDER_MAT
0x08454C68	rom	0x3A	DecorDesc_FIRE_BLAST_MAT
0x08454CA2	rom	0x39	DecorDesc_POWDER_SNOW_MAT
0x08454CDB	rom	0x38	DecorDesc_ATTRACT_MAT
0x08454D13	rom	0x37	DecorDesc_FISSURE_MAT
0x08454D4A	rom	0x36	DecorDesc_SPIKES_MAT
0x08454D80	rom	0x28	DecorDesc_BALL_POSTER
0x08454DA8	rom	0x25	DecorDesc_GREEN_POSTER
0x08454DCD	rom	0x25	DecorDesc_RED_POSTER
0x08454DF2	rom	0x24	DecorDesc_BLUE_POSTER
0x08454E16	rom	0x26	DecorDesc_CUTE_POSTER
0x08454E3C	rom	0x2F	DecorDesc_PIKA_POSTER
0x08454E6B	rom	0x25	DecorDesc_LONG_POSTER
0x08454E90	rom	0x27	DecorDesc_SEA_POSTER
0x08454EB7	rom	0x25	DecorDesc_SKY_POSTER
0x08454EDC	rom	0x26	DecorDesc_KISS_POSTER
0x08454F02	rom	0x2B	DecorDesc_PICHU_DOLL
0x08454F2D	rom	0x2D	DecorDesc_PIKACHU_DOLL
0x08454F5A	rom	0x2C	DecorDesc_MARILL_DOLL
0x08454F86	rom	0x2C	DecorDesc_TOGEPI_DOLL
0x08454FB2	rom	0x2F	DecorDesc_CYNDAQUIL_DOLL
0x08454FE1	rom	0x2F	DecorDesc_CHIKORITA_DOLL
0x08455010	rom	0x2E	DecorDesc_TOTODILE_DOLL
0x0845503E	rom	0x30	DecorDesc_JIGGLYPUFF_DOLL
0x0845506E	rom	0x2C	DecorDesc_MEOWTH_DOLL
0x0845509A	rom	0x2E	DecorDesc_CLEFAIRY_DOLL
0x084550C8	rom	0x2B	DecorDesc_DITTO_DOLL
0x084550F3	rom	0x2E	DecorDesc_SMOOCHUM_DOLL
0x08455121	rom	0x2D	DecorDesc_TREECKO_DOLL
0x0845514E	rom	0x2D	DecorDesc_TORCHIC_DOLL
0x0845517B	rom	0x2C	DecorDesc_MUDKIP_DOLL
0x084551A7	rom	0x2D	DecorDesc_DUSKULL_DOLL
0x084551D4	rom	0x2C	DecorDesc_WYNAUT_DOLL
0x08455200	rom	0x2C	DecorDesc_BALTOY_DOLL
0x0845522C	rom	0x2D	DecorDesc_KECLEON_DOLL
0x08455259	rom	0x2E	DecorDesc_AZURILL_DOLL
0x08455287	rom	0x2C	DecorDesc_SKITTY_DOLL
0x084552B3	rom	0x2C	DecorDesc_SWABLU_DOLL
0x084552DF	rom	0x2C	DecorDesc_GULPIN_DOLL
0x0845530B	rom	0x2B	DecorDesc_LOTAD_DOLL
0x08455336	rom	0x2C	DecorDesc_SEEDOT_DOLL
0x08455362	rom	0x30	DecorDesc_PIKA_CUSHION
0x08455392	rom	0x2F	DecorDesc_ROUND_CUSHION
0x084553C1	rom	0x31	DecorDesc_KISS_CUSHION
0x084553F2	rom	0x32	DecorDesc_ZIGZAG_CUSHION
0x08455424	rom	0x2F	DecorDesc_SPIN_CUSHION
0x08455453	rom	0x30	DecorDesc_DIAMOND_CUSHION
0x08455483	rom	0x2D	DecorDesc_BALL_CUSHION
0x084554B0	rom	0x33	DecorDesc_GRASS_CUSHION
0x084554E3	rom	0x32	DecorDesc_FIRE_CUSHION
0x08455515	rom	0x33	DecorDesc_WATER_CUSHION
0x08455548	rom	0x2B	DecorDesc_SNORLAX_DOLL
0x08455573	rom	0x2B	DecorDesc_RHYDON_DOLL
0x0845559E	rom	0x2B	DecorDesc_LAPRAS_DOLL
0x084555C9	rom	0x2B	DecorDesc_VENUSAUR_DOLL
0x084555F4	rom	0x2B	DecorDesc_CHARIZARD_DOLL
0x0845561F	rom	0x2B	DecorDesc_BLASTOISE_DOLL
0x0845564A	rom	0x2B	DecorDesc_WAILMER_DOLL
0x08455675	rom	0x2B	DecorDesc_REGIROCK_DOLL
0x084556A0	rom	0x2B	DecorDesc_REGICE_DOLL
0x084556CB	rom	0x2B	DecorDesc_REGISTEEL_DOLL
0x084556F8	rom	0xF20	gDecorations
0x08456618	rom	0x3	sTopBarWindowTextColors
0x0845661C	rom	0x18	sWindowTemplates
0x08456634	rom	0x3	sTextColors
0x08456638	rom	0x60	sDescriptionWindow_Gfx
0x08456698	rom	0x3	sQuestLogTextLineYCoords
0x084566A4	rom	0x4	sDummyFlagOrVarRecord
0x084566A8	rom	0x280	gHelpMessageWindow_Gfx
0x08456928	rom	0x8	sHelpMessageWindowTemplate
0x08456930	rom	0x3	sHelpMessageTextColors
0x08456934	rom	0x4	sCounterIncrements
0x08456938	rom	0x0	sFanClubMemberIds.27
0x08456940	rom	0x0	sFanClubMemberIds.31
0x08456948	rom	0xAC	sRecordEventFuncs
0x084569F4	rom	0xAC	sLoadEventFuncs
0x08456AA0	rom	0x2B	sQuestLogEventCmdSizes
0x08456ACC	rom	0xC	sDefeatedOpponentFlavorTexts
0x08456AD8	rom	0xC	sDefeatedChampionFlavorTexts
0x08456AE4	rom	0xC	sBattleOutcomeTexts
0x08456AF0	rom	0xCC	sLocationNameTexts
0x08456BBC	rom	0x28	sDepartedLocationTexts
0x08456BE4	rom	0x33	sLocationToDepartedTextId
0x08456C17	rom	0x8	sGymCityMapSecs
0x08456C20	rom	0x30	sUsedFieldMoveTexts
0x08456C50	rom	0x22	sWorldMapFlags
0x08456C74	rom	0x5C	sLinkGroupActivityNameTexts
0x08456CD0	rom	0x8	sWindowTemplate_BButtonCancel
0x08456CD8	rom	0x24	sLinkGroupToActivityAndCapacity
0x08456CFC	rom	0x8	sWindowTemplate_List_PossibleGroupMembers
0x08456D04	rom	0x8	sWindowTemplate_NumPlayerMode
0x08456D0C	rom	0x28	sListMenuItems_PossibleGroupMembers
0x08456D34	rom	0x18	sListMenuTemplate_PossibleGroupMembers
0x08456D4C	rom	0x8	sWindowTemplate_GroupList
0x08456D54	rom	0x8	sWindowTemplate_PlayerNameAndId
0x08456D5C	rom	0x80	sListMenuItems_UnionRoomGroups
0x08456DDC	rom	0x18	sListMenuTemplate_UnionRoomGroups
0x08456DF4	rom	0x8	sWindowTemplate_InviteToActivity
0x08456DFC	rom	0x20	sListMenuItems_InviteToActivity
0x08456E1C	rom	0x18	sListMenuTemplate_InviteToActivity
0x08456E34	rom	0x8	sWindowTemplate_RegisterForTrade
0x08456E3C	rom	0x18	sListMenuItems_RegisterForTrade
0x08456E54	rom	0x18	sListMenuTemplate_RegisterForTrade
0x08456E6C	rom	0x8	sWindowTemplate_TypeNames
0x08456E74	rom	0x90	sListMenuItems_TypeNames
0x08456F04	rom	0x18	sListMenuTemplate_TypeNames
0x08456F1C	rom	0x8	sWindowTemplate_TradingBoardHeader
0x08456F24	rom	0x8	sWindowTemplate_TradingBoardMain
0x08456F2C	rom	0x50	sListMenuItems_TradeBoard
0x08456F7C	rom	0x18	sListMenuTemplate_TradeBoard
0x08456F94	rom	0x8	sWindowTemplate_Unused
0x08456F9C	rom	0x80	sListMenuItems_Unused
0x0845701C	rom	0x18	sListMenuTemplate_Unused
0x08457034	rom	0x18	sRfuPlayerData_Dummy
0x0845704C	rom	0x2	sAcceptedActivityIds_SingleBattle
0x08457050	rom	0x2	sAcceptedActivityIds_DoubleBattle
0x08457054	rom	0x2	sAcceptedActivityIds_MultiBattle
0x08457058	rom	0x2	sAcceptedActivityIds_Trade
0x0845705C	rom	0x2	sAcceptedActivityIds_PokemonJump
0x08457060	rom	0x2	sAcceptedActivityIds_BerryCrush
0x08457064	rom	0x2	sAcceptedActivityIds_BerryPicking
0x08457068	rom	0x2	sAcceptedActivityIds_WonderCard
0x0845706C	rom	0x2	sAcceptedActivityIds_WonderNews
0x08457070	rom	0xA	sAcceptedActivityIds_Resume
0x0845707C	rom	0x2	sAcceptedActivityIds_Init
0x08457080	rom	0xB	sAcceptedActivityIds_Unk11
0x0845708C	rom	0x6	sAcceptedActivityIds_Unk12
0x08457094	rom	0x34	sAcceptedActivityIds
0x084570C8	rom	0x9	sLinkGroupToURoomActivity
0x084570D1	rom	0x6	sDotSeparatedValues
0x084570D8	rom	0x14	sUnionRoomObjGfxIds
0x084570EC	rom	0x20	sUnionRoomPlayerCoords
0x0845710C	rom	0xA	sUnionRoomGroupOffsets
0x08457116	rom	0x5	sOppositeFacingDirection
0x0845711B	rom	0x5	sMemberFacingDirections
0x08457120	rom	0x8	sUnionRoomLocalIds
0x08457128	rom	0x10	sHidePlayerFlags
0x0845718D	rom	0x2	sMovement_UnionPlayerExit
0x0845718F	rom	0x2	sMovement_UnionPlayerEnter
0x08457194	rom	0x4	sBgTemplates
0x08457198	rom	0x10	sWindowTemplates
0x084571A8	rom	0x3	sTextColors
0x084571AC	rom	0x1	gText_UR_EmptyString
0x084571B0	rom	0x2	gText_UR_Colon
0x084571B4	rom	0x3	gText_UR_ID
0x084571B8	rom	0x26	gText_UR_PleaseStartOver
0x084571E0	rom	0x3C	gText_UR_WirelessSearchCanceled
0x0845721C	rom	0x15	sText_AwaitingCommunucation2
0x08457234	rom	0x30	gText_UR_AwaitingCommunication
0x08457264	rom	0x36	gText_UR_AwaitingLinkPressStart
0x0845729C	rom	0x10	sText_SingleBattle
0x084572AC	rom	0xF	sText_DoubleBattle
0x084572BC	rom	0xF	sText_MultiBattle
0x084572CC	rom	0x11	sText_TradePokemon
0x084572E0	rom	0xD	sText_Chat
0x084572F0	rom	0xC	sText_DistWonderCard
0x084572FC	rom	0xD	sText_DistWonderNews
0x0845730C	rom	0x11	sText_DistMysteryEvent
0x08457320	rom	0xD	sText_HoldPokemonJump
0x08457330	rom	0x11	sText_HoldBerryCrush
0x08457344	rom	0xE	sText_HoldBerryPicking
0x08457354	rom	0x11	sText_HoldSpinTrade
0x08457368	rom	0x11	sText_HoldSpinShop
0x0845737C	rom	0x38	sLinkGroupActionTexts
0x084573B4	rom	0x11	sText_1PlayerNeeded
0x084573C5	rom	0x12	sText_2PlayersNeeded
0x084573D7	rom	0x12	sText_3PlayersNeeded
0x084573E9	rom	0xB	sText_4PlayersNeeded
0x084573F4	rom	0xE	sText_2PlayerMode
0x08457402	rom	0xE	sText_3PlayerMode
0x08457410	rom	0xE	sText_4PlayerMode
0x0845741E	rom	0xE	sText_5PlayerMode
0x0845742C	rom	0x50	gTexts_UR_PlayersNeededOrMode
0x0845747C	rom	0x9	gText_UR_BButtonCancel
0x08457488	rom	0x15	sText_SearchingForParticipants
0x084574A0	rom	0x21	gText_UR_PlayerContactedYouForXAccept
0x084574C4	rom	0x25	gText_UR_PlayerContactedYouShareX
0x084574EC	rom	0x26	gText_UR_PlayerContactedYouAddToMembers
0x08457514	rom	0x1A	gText_UR_AreTheseMembersOK
0x08457530	rom	0x23	gText_UR_CancelModeWithTheseMembers
0x08457554	rom	0x18	gText_UR_AnOKWasSentToPlayer
0x0845756C	rom	0x37	sText_OtherTrainerUnavailableNow
0x084575A4	rom	0x38	sText_CantTransmitTrainerTooFar
0x084575DC	rom	0x2C	sText_TrainersNotReadyYet
0x08457608	rom	0x8	gTexts_UR_CantTransmitToTrainer
0x08457610	rom	0x34	gText_UR_ModeWithTheseMembersWillBeCanceled
0x08457644	rom	0x37	sText_MemberNoLongerAvailable
0x0845767C	rom	0x8	gTexts_UR_PlayerUnavailable
0x08457684	rom	0x28	sText_TrainerAppearsUnavailable
0x084576AC	rom	0x16	gText_UR_PlayerSentBackOK
0x084576C4	rom	0x27	gText_UR_PlayerOKdRegistration
0x084576EC	rom	0x13	sText_PlayerRepliedNo
0x08457700	rom	0x1C	gText_UR_AwaitingOtherMembers
0x0845771C	rom	0x15	gText_UR_QuitBeingMember
0x08457734	rom	0x1D	sText_StoppedBeingMember
0x08457754	rom	0x28	gTexts_UR_PlayerDisconnected
0x0845777C	rom	0x3D	gText_UR_WirelessLinkEstablished
0x084577BC	rom	0x39	gText_UR_WirelessLinkDropped
0x084577F8	rom	0x2C	gText_UR_LinkWithFriendDropped
0x08457824	rom	0x12	sText_PlayerRepliedNo2
0x08457838	rom	0x28	gTexts_UR_LinkDropped
0x08457860	rom	0x19	sText_DoYouWantXMode
0x0845787C	rom	0x19	sText_DoYouWantXMode2
0x08457898	rom	0x8	sDoYouWantModeTexts
0x084578A0	rom	0x1A	sText_CommunicatingPleaseWait
0x084578BC	rom	0x28	gText_UR_AwaitingPlayersResponseAboutTrade
0x084578E4	rom	0x6B	sText_Communicating
0x08457950	rom	0x6B	sText_CommunicatingWithPlayer
0x084579BC	rom	0x75	sText_PleaseWaitAWhile
0x08457A34	rom	0xC	gTexts_UR_CommunicatingWait
0x08457A40	rom	0x30	sText_HiDoSomethingMale
0x08457A70	rom	0x27	sText_HiDoSomethingFemale
0x08457A98	rom	0x38	sText_HiDoSomethingAgainMale
0x08457AD0	rom	0x33	sText_HiDoSomethingAgainFemale
0x08457B04	rom	0x10	gTexts_UR_HiDoSomething
0x08457B14	rom	0x16	sText_DoSomethingMale
0x08457B2C	rom	0x20	sText_DoSomethingFemale
0x08457B4C	rom	0x23	sText_DoSomethingAgainMale
0x08457B70	rom	0xD	sText_DoSomethingAgainFemale
0x08457B80	rom	0x10	sDoSomethingTexts
0x08457B90	rom	0x1F	sText_SomebodyHasContactedYou
0x08457BB0	rom	0x19	sText_PlayerHasContactedYou
0x08457BCC	rom	0x8	gTexts_UR_PlayerContactedYou
0x08457BD4	rom	0x2C	sText_AwaitingResponseFromTrainer
0x08457C00	rom	0x1D	sText_AwaitingResponseFromPlayer
0x08457C20	rom	0x8	gTexts_UR_AwaitingResponse
0x08457C28	rom	0x1F	sText_AwaitingResponseCancelBButton
0x08457C48	rom	0x5B	gText_UR_ShowTrainerCard
0x08457CA4	rom	0x52	gText_UR_BattleChallenge
0x08457CF8	rom	0x4C	gText_UR_ChatInvitation
0x08457D44	rom	0x74	gText_UR_OfferToTradeMon
0x08457DB8	rom	0x52	gText_UR_OfferToTradeEgg
0x08457E0C	rom	0x1C	gText_UR_ChatDropped
0x08457E28	rom	0x19	gText_UR_OfferDeclined1
0x08457E44	rom	0x19	gText_UR_OfferDeclined2
0x08457E60	rom	0x15	gText_UR_ChatEnded
0x08457E78	rom	0x10	sInvitationTexts
0x08457E88	rom	0x35	sText_JoinChatMale
0x08457EC0	rom	0x3D	sText_PlayerJoinChatMale
0x08457F00	rom	0x3C	sText_JoinChatFemale
0x08457F3C	rom	0x44	sText_PlayerJoinChatFemale
0x08457F80	rom	0x10	gTexts_UR_JoinChat
0x08457F90	rom	0x24	gText_UR_TrainerAppearsBusy
0x08457FB4	rom	0x32	sText_WaitForBattleMale
0x08457FE8	rom	0x31	sText_WaitForChatMale
0x0845801C	rom	0x37	sText_ShowTrainerCardMale
0x08458054	rom	0x33	sText_WaitForBattleFemale
0x08458088	rom	0x36	sText_WaitForChatFemale
0x084580C0	rom	0x33	sText_ShowTrainerCardFemale
0x084580F4	rom	0x20	gTexts_UR_WaitOrShowCard
0x08458114	rom	0x18	sText_WaitForChatMale2
0x0845812C	rom	0x35	sText_DoneWaitingBattleMale
0x08458164	rom	0x1A	sText_DoneWaitingChatMale
0x08458180	rom	0x2D	sText_DoneWaitingBattleFemale
0x084581B0	rom	0x26	sText_DoneWaitingChatFemale
0x084581D8	rom	0x1E	sText_TradeWillBeStarted
0x084581F8	rom	0x1F	sText_BattleWillBeStarted
0x08458218	rom	0x16	sText_EnteringChat
0x08458230	rom	0x30	gTexts_UR_StartActivity
0x08458260	rom	0x60	sText_BattleDeclinedMale
0x084582C0	rom	0x54	sText_BattleDeclinedFemale
0x08458314	rom	0x8	gTexts_UR_BattleDeclined
0x0845831C	rom	0x4D	sText_ShowTrainerCardDeclinedMale
0x0845836C	rom	0x47	sText_ShowTrainerCardDeclinedFemale
0x084583B4	rom	0x8	gTexts_UR_ShowTrainerCardDeclined
0x084583BC	rom	0x3C	sText_IfYouWantToDoSomethingMale
0x084583F8	rom	0x34	sText_IfYouWantToDoSomethingFemale
0x0845842C	rom	0x8	gTexts_UR_IfYouWantToDoSomething
0x08458434	rom	0x45	gText_UR_TrainerBattleBusy
0x0845847C	rom	0x44	gText_UR_NeedTwoMonsOfLevel30OrLower1
0x084584C0	rom	0x3B	gText_UR_NeedTwoMonsOfLevel30OrLower2
0x084584FC	rom	0x2B	sText_DeclineChatMale
0x08458528	rom	0x1D	stext_DeclineChatFemale
0x08458548	rom	0x8	gTexts_UR_DeclineChat
0x08458550	rom	0x46	sText_ChatDeclinedMale
0x08458598	rom	0x4D	sText_ChatDeclinedFemale
0x084585E8	rom	0x8	gTexts_UR_ChatDeclined
0x084585F0	rom	0x27	sText_YoureToughMale
0x08458618	rom	0x2B	sText_UsedGoodMoveMale
0x08458644	rom	0x24	sText_BattleSurpriseMale
0x08458668	rom	0x37	sText_SwitchedMonsMale
0x084586A0	rom	0x2D	sText_YoureToughFemale
0x084586D0	rom	0x28	sText_UsedGoodMoveFemale
0x084586F8	rom	0x2A	sText_BattleSurpriseFemale
0x08458724	rom	0x32	sText_SwitchedMonsFemale
0x08458758	rom	0x20	gTexts_UR_BattleReaction
0x08458778	rom	0x21	sText_LearnedSomethingMale
0x0845879C	rom	0x3B	sText_ThatsFunnyMale
0x084587D8	rom	0x23	sText_RandomChatMale1
0x084587FC	rom	0x2C	sText_RandomChatMale2
0x08458828	rom	0x24	sText_LearnedSomethingFemale
0x0845884C	rom	0x1C	sText_ThatsFunnyFemale
0x08458868	rom	0x2E	sText_RandomChatFemale1
0x08458898	rom	0x24	sText_RandomChatFemale2
0x084588BC	rom	0x20	gTexts_UR_ChatReaction
0x084588DC	rom	0x39	sText_ShowedTrainerCardMale1
0x08458918	rom	0x22	sText_ShowedTrainerCardMale2
0x0845893C	rom	0x3F	sText_ShowedTrainerCardFemale1
0x0845897C	rom	0x2F	sText_ShowedTrainerCardFemale2
0x084589AC	rom	0x10	gTexts_UR_TrainerCardReaction
0x084589BC	rom	0x27	sText_MaleTraded1
0x084589E4	rom	0x3E	sText_MaleTraded2
0x08458A24	rom	0x20	sText_FemaleTraded1
0x08458A44	rom	0x31	sText_FemaleTraded2
0x08458A78	rom	0x20	gTexts_UR_TradeReaction
0x08458A98	rom	0x1F	gText_UR_XCheckedTradingBoard
0x08458AB8	rom	0x89	gText_UR_RegisterMonAtTradingBoard
0x08458B44	rom	0x139	gText_UR_TradingBoardInfo
0x08458C80	rom	0x31	sText_ThankYouForRegistering
0x08458CB4	rom	0x1F	sText_NobodyHasRegistered
0x08458CD4	rom	0x45	gText_UR_ChooseRequestedMonType
0x08458D1C	rom	0x36	gText_UR_WhichMonWillYouOffer
0x08458D54	rom	0x21	gText_UR_RegistrationCanceled
0x08458D78	rom	0x22	gText_UR_RegistraionCompleted
0x08458D9C	rom	0x1E	gText_UR_TradeCanceled
0x08458DBC	rom	0x2B	gText_UR_CancelRegistrationOfMon
0x08458DE8	rom	0x25	gText_UR_CancelRegistrationOfEgg
0x08458E10	rom	0x25	gText_UR_RegistrationCanceled2
0x08458E38	rom	0x19	sText_TradeTrainersWillBeListed
0x08458E54	rom	0x1A	sText_ChooseTrainerToTradeWith2
0x08458E70	rom	0x2A	gText_UR_AskTrainerToMakeTrade
0x08458E9C	rom	0x14	sText_AwaitingResponseFromTrainer2
0x08458EB0	rom	0x20	sText_NotRegisteredAMonForTrade
0x08458ED0	rom	0x31	gText_UR_DontHaveTypeTrainerWants
0x08458F04	rom	0x26	gText_UR_DontHaveEggTrainerWants
0x08458F2C	rom	0x33	sText_PlayerCantTradeForYourMon
0x08458F60	rom	0x34	sText_CantTradeForPartnersMon
0x08458F94	rom	0x8	sCantTradeMonTexts
0x08458F9C	rom	0x20	gText_UR_TradeOfferRejected
0x08458FBC	rom	0xA	gText_UR_EggTrade
0x08458FC8	rom	0x1B	gText_UR_ChooseJoinCancel
0x08458FE4	rom	0x19	gText_UR_ChooseTrainer
0x08459000	rom	0x2D	sText_ChooseTrainerSingleBattle
0x08459030	rom	0x2D	sText_ChooseTrainerDoubleBattle
0x08459060	rom	0x2D	sText_ChooseLeaderMultiBattle
0x08459090	rom	0x29	sText_ChooseTrainerToTradeWith
0x084590BC	rom	0x37	sText_ChooseTrainerToShareWonderCards
0x084590F4	rom	0x36	sText_ChooseTrainerToShareWonderNews
0x0845912C	rom	0x32	sText_ChooseLeaderPokemonJump
0x08459160	rom	0x27	sText_ChooseLeaderBerryCrush
0x08459188	rom	0x30	sText_ChooseLeaderBerryPicking
0x084591B8	rom	0x24	gTexts_UR_ChooseTrainer
0x084591DC	rom	0x37	gText_UR_SearchingForWirelessSystemWait
0x08459214	rom	0x21	sText_MustHaveTwoMonsForDoubleBattle
0x08459238	rom	0x18	gText_UR_AwaitingPlayersResponse
0x08459250	rom	0x3C	gText_UR_PlayerHasBeenAskedToRegisterYouPleaseWait
0x0845928C	rom	0x3C	gText_UR_AwaitingResponseFromWirelessSystem
0x084592C8	rom	0x20	sText_PleaseWaitForOtherTrainersToGather
0x084592E8	rom	0x29	sText_NoCardsSharedRightNow
0x08459314	rom	0x28	sText_NoNewsSharedRightNow
0x0845933C	rom	0x8	gTexts_UR_NoWonderShared
0x08459344	rom	0x7	gText_UR_Battle
0x0845934C	rom	0x5	gText_UR_Chat2
0x08459354	rom	0xA	gText_UR_Greetings
0x08459360	rom	0x5	gText_UR_Exit
0x08459368	rom	0x5	gText_UR_Exit2
0x08459370	rom	0x5	gText_UR_Info
0x08459378	rom	0x1C	gText_UR_NameWantedOfferLv
0x08459394	rom	0xE	gText_UR_SingleBattle
0x084593A4	rom	0xE	gText_UR_DoubleBattle
0x084593B4	rom	0xD	gText_UR_MultiBattle
0x084593C4	rom	0xF	gText_UR_PokemonTrades
0x084593D4	rom	0x5	gText_UR_Chat
0x084593DC	rom	0x6	gText_UR_Cards
0x084593E4	rom	0xD	gText_UR_WonderCards
0x084593F4	rom	0xC	gText_UR_WonderNews
0x08459400	rom	0xD	gText_UR_PokemonJump
0x08459410	rom	0xC	gText_UR_BerryCrush
0x0845941C	rom	0xE	gText_UR_BerryPicking
0x0845942C	rom	0x7	gText_UR_Search
0x08459434	rom	0x9	gText_UR_SpinTrade
0x08459440	rom	0x9	gText_UR_ItemTrade
0x0845944C	rom	0x14	sText_ItsNormalCard
0x08459460	rom	0x14	sText_ItsBronzeCard
0x08459474	rom	0x14	sText_ItsCopperCard
0x08459488	rom	0x14	sText_ItsSilverCard
0x0845949C	rom	0x12	sText_ItsGoldCard
0x084594B0	rom	0x14	gTexts_UR_CardColor
0x084594C4	rom	0x3D	gText_UR_TrainerCardInfoPage1
0x08459504	rom	0x3D	gText_UR_TrainerCardInfoPage2
0x08459544	rom	0x1D	sText_GladToMeetYouMale
0x08459564	rom	0x19	sText_GladToMeetYouFemale
0x08459580	rom	0x8	gTexts_UR_GladToMeetYou
0x08459588	rom	0x28	gText_UR_FinishedCheckingPlayersTrainerCard
0x084595B0	rom	0x1B	sText_CanceledReadingCard
0x084595CC	rom	0x20	sClientScript_DynamicError
0x084595EC	rom	0x48	gServerScript_ClientCanceledCard
0x08459634	rom	0x8	sItemAnimMap
0x0845963C	rom	0x20	sBg_Pal
0x0845965C	rom	0x20	sBg_TmHm_Pal
0x0845967C	rom	0xC0	sBg_Gfx
0x0845973C	rom	0x12C	sBg_Tilemap
0x08459868	rom	0x20	sLevelUp_Pal
0x08459888	rom	0x1C	sLevelUp_Gfx
0x084598A4	rom	0x20	sStar_Pal
0x084598C4	rom	0x7C	sStar_Gfx
0x08459940	rom	0x20	sOutwardSpiralDots_Pal
0x08459960	rom	0x20	sOutwardSpiralDots_Gfx
0x08459980	rom	0x8	sBgTemplates
0x08459988	rom	0x10	sWindowTemplates
0x08459998	rom	0xC	s1_2_and_Poof_textPtrs
0x084599A4	rom	0x6	sUnusedArray
0x084599AA	rom	0x8	sAffineScales
0x084599B2	rom	0x6	sStarCoordOffsets
0x084599B8	rom	0x8	sSpriteSheet_Star
0x084599C0	rom	0x8	sSpritePalette_Star
0x084599C8	rom	0x8	sSpriteSheet_UseItem_OutwardSpiralDots
0x084599D0	rom	0x8	sSpritePalette_UseItem_OutwardSpiralDots
0x084599D8	rom	0x8	sOamData_MonSprite
0x084599E0	rom	0x10	sAffineAnim_Zoom_0
0x084599F0	rom	0x10	sAffineAnim_Zoom_1
0x08459A00	rom	0x10	sAffineAnim_Zoom_2
0x08459A10	rom	0x10	sAffineAnim_Zoom_3
0x08459A20	rom	0x10	sAffineAnimTable_Zoom
0x08459A30	rom	0x18	sSpriteTemplate_MonSprite
0x08459A48	rom	0x18	sAffineAnim_ItemZoom_0
0x08459A60	rom	0x18	sAffineAnim_ItemZoom_1
0x08459A78	rom	0x18	sAffineAnim_ItemZoom_2
0x08459A90	rom	0x18	sAffineAnim_ItemZoom_3
0x08459AA8	rom	0x10	sAffineAnimTable_ItemZoom
0x08459AB8	rom	0x8	sOamData_LevelUpVertical
0x08459AC0	rom	0x8	sAnim_LevelUpVertical
0x08459AC8	rom	0x4	sAnimTable_LevelUpVertical
0x08459ACC	rom	0x18	sSpriteTemplate_LevelUpVertical
0x08459AE4	rom	0x8	sOamData_Star
0x08459AEC	rom	0x18	sSpriteTemplate_Star
0x08459B04	rom	0x8	sOamData_UseItem_OutwardSpiralDots
0x08459B0C	rom	0x10	sAnim_UseItem_OutwardSpiralDots_0
0x08459B1C	rom	0xC	sAnim_UseItem_OutwardSpiralDots_1
0x08459B28	rom	0x8	sAnimTable_UseItem_OutwardSpiralDots
0x08459B30	rom	0x18	sSpriteTemplate_UseItem_OutwardSpiralDots
0x08459B48	rom	0x18	sLevelUpWindowStatNames
0x08459B60	rom	0x1E	sTutorMoves
0x08459B7E	rom	0x338	sTutorLearnsets
0x08459EB8	rom	0xC	sPartyMenuBgTemplates
0x08459EC4	rom	0x40	sPartyBoxInfoRects
0x08459F04	rom	0xC0	sPartyMenuSpriteCoords
0x08459FC4	rom	0x1C	sConfirmButton_Tilemap
0x08459FE0	rom	0x1C	sCancelButton_Tilemap
0x08459FFC	rom	0x12	sFontColorTable
0x0845A010	rom	0x40	sSinglePartyMenuWindowTemplate
0x0845A050	rom	0x40	sDoublePartyMenuWindowTemplate
0x0845A090	rom	0x40	sMultiPartyMenuWindowTemplate
0x0845A0D0	rom	0x38	sShowcaseMultiPartyMenuWindowTemplate
0x0845A108	rom	0x8	sCancelButtonWindowTemplate
0x0845A110	rom	0x8	sMultiCancelButtonWindowTemplate
0x0845A118	rom	0x8	sConfirmButtonWindowTemplate
0x0845A120	rom	0x8	sDefaultPartyMsgWindowTemplate
0x0845A128	rom	0x8	sDoWhatWithMonMsgWindowTemplate
0x0845A130	rom	0x8	sDoWhatWithItemMsgWindowTemplate
0x0845A138	rom	0x8	sDoWhatWithMailMsgWindowTemplate
0x0845A140	rom	0x8	sWhichMoveMsgWindowTemplate
0x0845A148	rom	0x8	sItemGiveTakeWindowTemplate
0x0845A150	rom	0x8	sMailReadTakeWindowTemplate
0x0845A158	rom	0x8	sMoveSelectWindowTemplate
0x0845A160	rom	0x8	sPartyMenuYesNoWindowTemplate
0x0845A168	rom	0x8	sLevelUpStatsWindowTemplate
0x0845A170	rom	0x8	sWindowTemplate_FirstBattleOakVoiceover
0x0845A178	rom	0x8	sFieldMoveDescriptionWindowTemplate
0x0845A180	rom	0x46	sSlotTilemap_Main
0x0845A1C6	rom	0x46	sSlotTilemap_MainNoHP
0x0845A20C	rom	0x36	sSlotTilemap_Wide
0x0845A242	rom	0x36	sSlotTilemap_WideNoHP
0x0845A278	rom	0x36	sSlotTilemap_WideEmpty
0x0845A2AE	rom	0x2	sGenderPalOffsets
0x0845A2B0	rom	0x2	sHPBarPalOffsets
0x0845A2B2	rom	0x3	sPartyBoxPalOffsets1
0x0845A2B5	rom	0x3	sPartyBoxPalOffsets2
0x0845A2B8	rom	0x2	sGenderMalePalIds
0x0845A2BA	rom	0x2	sGenderFemalePalIds
0x0845A2BC	rom	0x2	sHPBarGreenPalIds
0x0845A2BE	rom	0x2	sHPBarYellowPalIds
0x0845A2C0	rom	0x2	sHPBarRedPalIds
0x0845A2C2	rom	0x3	sPartyBoxEmptySlotPalIds1
0x0845A2C5	rom	0x3	sPartyBoxMultiPalIds1
0x0845A2C8	rom	0x3	sPartyBoxFaintedPalIds1
0x0845A2CB	rom	0x3	sPartyBoxCurrSelectionPalIds1
0x0845A2CE	rom	0x3	sPartyBoxCurrSelectionMultiPalIds
0x0845A2D1	rom	0x3	sPartyBoxCurrSelectionFaintedPalIds
0x0845A2D4	rom	0x3	sPartyBoxSelectedForActionPalIds1
0x0845A2D7	rom	0x3	sPartyBoxEmptySlotPalIds2
0x0845A2DA	rom	0x3	sPartyBoxMultiPalIds2
0x0845A2DD	rom	0x3	sPartyBoxFaintedPalIds2
0x0845A2E0	rom	0x3	sPartyBoxCurrSelectionPalIds2
0x0845A2E3	rom	0x3	sPartyBoxSelectedForActionPalIds2
0x0845A2E8	rom	0x6C	sActionStringTable
0x0845A354	rom	0x28	sDescriptionStringTable
0x0845A37C	rom	0x30	sFieldMoveDescriptionTable
0x0845A3AC	rom	0x40	sHeldItemGfx
0x0845A3EC	rom	0x20	sHeldItemPalette
0x0845A40C	rom	0x8	sOamData_HeldItem
0x0845A414	rom	0x8	sSpriteAnim_HeldItem
0x0845A41C	rom	0x8	sSpriteAnim_HeldMail
0x0845A424	rom	0x8	sSpriteAnimTable_HeldItem
0x0845A42C	rom	0x8	sSpriteSheet_HeldItem
0x0845A434	rom	0x8	sSpritePalette_HeldItem
0x0845A43C	rom	0x18	sSpriteTemplate_HeldItem
0x0845A454	rom	0x8	sOamData_MenuPokeball
0x0845A45C	rom	0x8	sPokeballAnim_Closed
0x0845A464	rom	0x8	sPokeballAnim_Open
0x0845A46C	rom	0x8	sSpriteAnimTable_MenuPokeball
0x0845A474	rom	0x8	sSpriteSheet_MenuPokeball
0x0845A47C	rom	0x8	sSpritePalette_MenuPokeball
0x0845A484	rom	0x18	sSpriteTemplate_MenuPokeball
0x0845A49C	rom	0x8	sOamData_MenuPokeballSmall
0x0845A4A4	rom	0x8	sSmallPokeballAnim_Closed
0x0845A4AC	rom	0x8	sSmallPokeballAnim_Open
0x0845A4B4	rom	0x8	sSmallPokeballAnim_Blank1
0x0845A4BC	rom	0x8	sSmallPokeballAnim_Blank2
0x0845A4C4	rom	0x8	sSmallPokeballAnim_Blank3
0x0845A4CC	rom	0x8	sSmallPokeballAnim_Blank4
0x0845A4D4	rom	0x18	sSpriteAnimTable_MenuPokeballSmall
0x0845A4EC	rom	0x8	sSpriteSheet_MenuPokeballSmall
0x0845A4F4	rom	0x18	sSpriteTemplate_MenuPokeballSmall
0x0845A50C	rom	0x8	sOamData_StatusCondition
0x0845A514	rom	0x8	sSpriteAnim_StatusPoison
0x0845A51C	rom	0x8	sSpriteAnim_StatusParalyzed
0x0845A524	rom	0x8	sSpriteAnim_StatusSleep
0x0845A52C	rom	0x8	sSpriteAnim_StatusFrozen
0x0845A534	rom	0x8	sSpriteAnim_StatusBurn
0x0845A53C	rom	0x8	sSpriteAnim_StatusPokerus
0x0845A544	rom	0x8	sSpriteAnim_StatusFaint
0x0845A54C	rom	0x8	sSpriteAnim_Blank
0x0845A554	rom	0x20	sSpriteTemplate_StatusCondition
0x0845A574	rom	0x8	sSpriteSheet_StatusIcons
0x0845A57C	rom	0x8	sSpritePalette_StatusIcons
0x0845A584	rom	0x18	sSpriteTemplate_StatusIcons
0x0845A59C	rom	0x8	sMultiBattlePartnersPartyMask
0x0845A5A4	rom	0x74	sTMHMMoves_Duplicate
0x0845A618	rom	0xF0	sCursorOptions
0x0845A708	rom	0x3	sPartyMenuAction_SummarySwitchCancel
0x0845A70B	rom	0x3	sPartyMenuAction_ShiftSummaryCancel
0x0845A70E	rom	0x3	sPartyMenuAction_SendOutSummaryCancel
0x0845A711	rom	0x2	sPartyMenuAction_SummaryCancel
0x0845A713	rom	0x3	sPartyMenuAction_EnterSummaryCancel
0x0845A716	rom	0x3	sPartyMenuAction_NoEntrySummaryCancel
0x0845A719	rom	0x3	sPartyMenuAction_StoreSummaryCancel
0x0845A71C	rom	0x3	sPartyMenuAction_GiveTakeItemCancel
0x0845A71F	rom	0x3	sPartyMenuAction_ReadTakeMailCancel
0x0845A722	rom	0x3	sPartyMenuAction_RegisterSummaryCancel
0x0845A725	rom	0x3	sPartyMenuAction_TradeSummaryCancel1
0x0845A728	rom	0x3	sPartyMenuAction_TradeSummaryCancel2
0x0845A72C	rom	0x34	sPartyMenuActions
0x0845A760	rom	0xD	sPartyMenuActionCounts
0x0845A76E	rom	0x1A	sFieldMoves
0x0845A788	rom	0x60	sFieldMoveCursorCallbacks
0x0845A7E8	rom	0x24	sUnionRoomTradeMessages
0x0845A80C	rom	0x74	sTMHMMoves
0x0845A880	rom	0x28	sChatEntryRoutines
0x0845A8A8	rom	0x4	sKeyboardPageMaxRow
0x0845A8AC	rom	0x100	sCaseToggleTable
0x0845A9AC	rom	0x78	gUnionRoomKeyboardText
0x0845AA24	rom	0x20	sUnionRoomChat_TextEntry_Pal
0x0845AA44	rom	0x20	gUnionRoomChat_Unused_Pal
0x0845AA64	rom	0x20	sUnionRoomChat_Messages_Pal
0x0845AA84	rom	0x10	sBgTemplates
0x0845AA94	rom	0x28	sWindowTemplates
0x0845AABC	rom	0xA8	sSubtaskInfo
0x0845AB64	rom	0x84	sMessageWindowInfo
0x0845ABE8	rom	0x2	gText_Ellipsis
0x0845ABEC	rom	0x28	sKeyboardSwapTexts
0x0845AC14	rom	0x20	sUnionRoomChatInterfacePal
0x0845AC34	rom	0x284	sSelectorCursor_Gfx
0x0845AEB8	rom	0x20	sTextEntryCursor_Gfx
0x0845AED8	rom	0x2C	sCharacterSelectCursor_Gfx
0x0845AF04	rom	0x54	sRButton_Gfx
0x0845AF58	rom	0x28	sSpriteSheets
0x0845AF80	rom	0x8	sSpritePalette
0x0845AF88	rom	0x8	sOamData_64x32_1
0x0845AF90	rom	0x8	sAnim_CursorSmallOpen
0x0845AF98	rom	0x8	sAnim_CursorSmallClosed
0x0845AFA0	rom	0x8	sAnim_CursorLargeOpen
0x0845AFA8	rom	0x8	sAnim_CursorLargeClosed
0x0845AFB0	rom	0x10	sSpriteAnims_SelectorCursor
0x0845AFC0	rom	0x18	sSpriteTemplate_SelectorCursor
0x0845AFD8	rom	0x8	sOamData_8x16_2
0x0845AFE0	rom	0x18	sSpriteTemplate_TextEntryCursor
0x0845AFF8	rom	0x18	sSpriteTemplate_CharacterSelectCursor
0x0845B010	rom	0x8	sOamData_16x16_2
0x0845B018	rom	0x8	sOamData_32x16_2
0x0845B020	rom	0x8	sAnim_UnionRoomChatIcons_ToggleCase
0x0845B028	rom	0x8	sAnim_UnionRoomChatIcons_Dummy1
0x0845B030	rom	0x8	sAnim_UnionRoomChatIcons_Dummy2
0x0845B038	rom	0x8	sAnim_UnionRoomChatIcons_Register
0x0845B040	rom	0x10	sSpriteAnimTable_UnionRoomChatIcons
0x0845B050	rom	0x18	sSpriteTemplate_RButton
0x0845B068	rom	0x18	sSpriteTemplate_UnionRoomChatIcons
0x0845B080	rom	0x18	sHelpSystemTopicPtrs
0x0845B098	rom	0x18	sHelpSystemTopicMouseoverDescriptionPtrs
0x0845B0B0	rom	0xB4	sHelpSystemSpecializedQuestionTextPtrs
0x0845B164	rom	0xB4	sHelpSystemSpecializedAnswerTextPtrs
0x0845B218	rom	0xC4	sHelpSystemMenuTopicTextPtrs
0x0845B2DC	rom	0xC4	sHelpSystemHowToUseMenuTextPtrs
0x0845B3A0	rom	0xB0	sHelpSystemTermTextPtrs
0x0845B450	rom	0xB0	sHelpSystemTermDefinitionsTextPtrs
0x0845B500	rom	0x20	sHelpSystemGeneralTopicTextPtrs
0x0845B520	rom	0x20	sHelpSystemGeneralTopicDescriptionTextPtrs
0x0845B540	rom	0x90	sHelpSystemTypeMatchupTextPtrs
0x0845B5D0	rom	0x90	sHelpSystemTypeMatchupDescriptionTextPtrs
0x0845B660	rom	0x4	sAboutGame_TitleScreen
0x0845B664	rom	0x4	sAboutGame_NewGame
0x0845B668	rom	0x2	sHowTo_NamingScreen
0x0845B66A	rom	0x4	sAboutGame_NamingScreen
0x0845B66E	rom	0x3	sHowTo_Pokedex
0x0845B671	rom	0x6	sHowTo_PartyMenu
0x0845B677	rom	0x3	sTerms_PartyMenu
0x0845B67A	rom	0x3	sHowTo_PokemonInfo
0x0845B67D	rom	0x7	sTerms_PokemonInfo
0x0845B684	rom	0xA	sTerms_PokemonSkills
0x0845B68E	rom	0x8	sTerms_PokemonMoves
0x0845B696	rom	0xB	sHowTo_Bag
0x0845B6A1	rom	0x4	sTerms_Bag
0x0845B6A5	rom	0x2	sHowTo_TrainerCardFront
0x0845B6A7	rom	0x6	sTerms_TrainerCardFront
0x0845B6AD	rom	0x2	sHowTo_TrainerCardBack
0x0845B6AF	rom	0x2	sHowTo_Save
0x0845B6B1	rom	0x4	sTerms_Save
0x0845B6B5	rom	0x2	sHowTo_Options
0x0845B6B7	rom	0x8	sTerms_Options
0x0845B6BF	rom	0x4	sWhatToDo_PlayersHouse
0x0845B6C3	rom	0x5	sAboutGame_PlayersHouse
0x0845B6C8	rom	0x6	sWhatToDo_OaksLab
0x0845B6CE	rom	0x14	sHowTo_OaksLab
0x0845B6E2	rom	0x7	sTerms_OaksLab
0x0845B6E9	rom	0x9	sWhatToDo_PokeCenter
0x0845B6F2	rom	0x15	sHowTo_PokeCenter
0x0845B707	rom	0x7	sTerms_PokeCenter
0x0845B70E	rom	0x6	sAboutGame_PokeCenter
0x0845B714	rom	0x9	sWhatToDo_Mart
0x0845B71D	rom	0x14	sHowTo_Mart
0x0845B731	rom	0xC	sTerms_Mart
0x0845B73D	rom	0x7	sWhatToDo_Gym
0x0845B744	rom	0x14	sHowTo_Gym
0x0845B758	rom	0x7	sTerms_Gym
0x0845B75F	rom	0x24	sTypeMatchups_Gym
0x0845B783	rom	0x24	sWhatToDo_Indoors
0x0845B7A7	rom	0x14	sHowTo_Indoors
0x0845B7BB	rom	0x9	sTerms_Indoors
0x0845B7C4	rom	0x24	sWhatToDo_Overworld
0x0845B7E8	rom	0x9	sHowTo_Overworld
0x0845B7F1	rom	0xA	sTerms_Overworld
0x0845B7FB	rom	0x1F	sWhatToDo_Dungeon
0x0845B81A	rom	0x9	sHowTo_Dungeon
0x0845B823	rom	0x9	sTerms_Dungeon
0x0845B82C	rom	0x12	sWhatToDo_Surfing
0x0845B83E	rom	0x9	sHowTo_Surfing
0x0845B847	rom	0x9	sTerms_Surfing
0x0845B850	rom	0xD	sWhatToDo_WildBattle
0x0845B85D	rom	0x9	sHowTo_WildBattle
0x0845B866	rom	0x12	sTerms_WildBattle
0x0845B878	rom	0x24	sTypeMatchups_WildBattle
0x0845B89C	rom	0xB	sWhatToDo_TrainerBattleSingle
0x0845B8A7	rom	0x8	sHowTo_TrainerBattleSingle
0x0845B8AF	rom	0x12	sTerms_TrainerBattleSingle
0x0845B8C1	rom	0x24	sTypeMatchups_TrainerBattleSingle
0x0845B8E5	rom	0xB	sWhatToDo_TrainerBattleDouble
0x0845B8F0	rom	0x8	sHowTo_TrainerBattleDouble
0x0845B8F8	rom	0x12	sTerms_TrainerBattleDouble
0x0845B90A	rom	0x24	sTypeMatchups_TrainerBattleDouble
0x0845B92E	rom	0x4	sWhatToDo_SafariBattle
0x0845B932	rom	0x5	sHowTo_SafariBattle
0x0845B937	rom	0x10	sTerms_SafariBattle
0x0845B947	rom	0x24	sTypeMatchups_SafariBattle
0x0845B96B	rom	0xD	sHowTo_PC
0x0845B978	rom	0xD	sHowTo_BillsPC
0x0845B985	rom	0xD	sHowTo_PlayersPCItems
0x0845B992	rom	0xD	sHowTo_PlayersPCMailbox
0x0845B99F	rom	0xD	sHowTo_PCMisc
0x0845B9AC	rom	0x6	sHowTo_BedroomPC
0x0845B9B2	rom	0x6	sHowTo_BedroomPCItems
0x0845B9B8	rom	0x6	sHowTo_BedroomPCMailbox
0x0845B9BE	rom	0x20	sTerms_Basic
0x0845B9E0	rom	0x2D0	sHelpSystemSubmenuItemLists
0x0845BCB0	rom	0x800	sUnused
0x0845C4B0	rom	0x6	sHelpSystemContextTopicOrder
0x0845C4B6	rom	0xDE	sHelpSystemContextTopicFlags
0x0845C594	rom	0x28	sMartMaps
0x0845C5BC	rom	0x12	sGymMaps
0x0845C5CE	rom	0x30	sDungeonMaps
0x0845C600	rom	0x800	sFameCheckerTilemap
0x0845CE00	rom	0x100	sQuestionMarkSpriteGfx
0x0845CF00	rom	0x1E0	sSpinningPokeballSpriteGfx
0x0845D0E0	rom	0x20	sSpinningPokeballSpritePalette
0x0845D100	rom	0x400	sSelectorCursorSpriteGfx
0x0845D500	rom	0x20	sSelectorCursorSpritePalette
0x0845D520	rom	0x800	sFujiSpriteGfx
0x0845DD20	rom	0x20	sFujiSpritePalette
0x0845DD40	rom	0x800	sBillSpriteGfx
0x0845E540	rom	0x20	sBillSpritePalette
0x0845E560	rom	0x800	sDaisySpriteGfx
0x0845ED60	rom	0x20	sDaisySpritePalette
0x0845ED80	rom	0x800	sOakSpriteGfx
0x0845F580	rom	0x20	sOakSpritePalette
0x0845F5A0	rom	0x20	sUnkPalette
0x0845F5C0	rom	0x20	sSilhouettePalette
0x0845F5E0	rom	0x3	sTextColor_White
0x0845F5E3	rom	0x3	sTextColor_DkGrey
0x0845F5E6	rom	0x3	sTextColor_Green
0x0845F5EA	rom	0x20	sTrainerIdxs
0x0845F60C	rom	0x10	sNonTrainerNamePointers
0x0845F61C	rom	0x10	sFameCheckerTrainerPicIdxs
0x0845F62C	rom	0x10	sFameCheckerTrainerGenders_Unused
0x0845F63C	rom	0x80	sFameCheckerNameAndQuotesPointers
0x0845F6BC	rom	0x180	sFameCheckerFlavorTextPointers
0x0845F83C	rom	0x60	sFameCheckerArrayNpcGraphicsIds
0x0845F89C	rom	0x180	sFlavorTextOriginLocationTexts
0x0845FA1C	rom	0x180	sFlavorTextOriginObjectNameTexts
0x0845FB9C	rom	0x40	sUISpriteSheets
0x0845FBDC	rom	0x18	sUISpritePalettes
0x0845FBF4	rom	0x10	sUIBgTemplates
0x0845FC04	rom	0x28	sUIWindowTemplates
0x0845FC2C	rom	0xC	sSelectorCursorAnim0
0x0845FC38	rom	0x4	sSelectorCursorAnims
0x0845FC3C	rom	0x8	sSelectorCursorOamData
0x0845FC44	rom	0x18	sSpriteTemplate_SelectorCursor
0x0845FC5C	rom	0x8	sUnused
0x0845FC64	rom	0x8	sQuestionMarkTileOamData
0x0845FC6C	rom	0x8	sQuestionMarkTileAnim0
0x0845FC74	rom	0x4	sQuestionMarkTileAnims
0x0845FC78	rom	0x18	sQuestionMarkTileSpriteTemplate
0x0845FC90	rom	0x8	sSpinningPokeballAnim0
0x0845FC98	rom	0x4	sSpinningPokeballAnims
0x0845FC9C	rom	0x8	sSpinningPokeballOamData
0x0845FCA4	rom	0x10	sSpinningPokeballAffineAnim0
0x0845FCB4	rom	0x4	sSpinningPokeballAffineAnims
0x0845FCB8	rom	0x18	sSpinningPokeballSpriteTemplate
0x0845FCD0	rom	0x8	sDaisyFujiOakBillAnim0
0x0845FCD8	rom	0x4	sDaisyFujiOakBillAnims
0x0845FCDC	rom	0x8	sDaisyFujiOakBillOamData
0x0845FCE4	rom	0x18	sDaisySpriteTemplate
0x0845FCFC	rom	0x18	sFujiSpriteTemplate
0x0845FD14	rom	0x18	sOakSpriteTemplate
0x0845FD2C	rom	0x18	sBillSpriteTemplate
0x0845FD54	rom	0x811	sMonPosAttributes
0x08460568	rom	0x80	sOakSpeech_Background_Pals
0x084605E8	rom	0x5C0	sControlsGuide_PikachuIntro_Background_Tiles
0x08460BA8	rom	0xFC	sPikachuIntro_Background_Tilemap
0x08460CA4	rom	0x44	sOakSpeech_Background_Tiles
0x08460CE8	rom	0xAC	sOakSpeech_Background_Tilemap
0x08460D94	rom	0xA0	sControlsGuide_Tilemap_Page2
0x08460E34	rom	0xA0	sControlsGuide_Tilemap_Page3
0x08460ED4	rom	0x40	sOakSpeech_Leaf_Pal
0x08460F14	rom	0x6E8	sOakSpeech_Leaf_Tiles
0x084615FC	rom	0x40	sOakSpeech_Red_Pal
0x0846163C	rom	0x698	sOakSpeech_Red_Tiles
0x08461CD4	rom	0x40	sOakSpeech_Oak_Pal
0x08461D14	rom	0x698	sOakSpeech_Oak_Tiles
0x084623AC	rom	0x40	sOakSpeech_Rival_Pal
0x084623EC	rom	0x5E4	sOakSpeech_Rival_Tiles
0x084629D0	rom	0x20	sOakSpeech_Platform_Pal
0x084629F0	rom	0x20	sPikachuIntro_Pikachu_Pal
0x08462A10	rom	0x164	sOakSpeech_Platform_Gfx
0x08462B74	rom	0x1C0	sPikachuIntro_PikachuBody_Gfx
0x08462D34	rom	0xE4	sPikachuIntro_PikachuEars_Gfx
0x08462E18	rom	0x40	sPikachuIntro_PikachuEyes_Gfx
0x08462E58	rom	0xC	sBgTemplates
0x08462E64	rom	0x10	sControlsGuide_WindowTemplate_Page1
0x08462E74	rom	0x20	sControlsGuide_WindowTemplate_Page2
0x08462E94	rom	0x20	sControlsGuide_WindowTemplate_Page3
0x08462EB4	rom	0xC	sControlsGuide_WindowTemplates
0x08462EC0	rom	0x28	sIntro_WindowTemplates
0x08462EE8	rom	0x4	sTextColor_White
0x08462EEC	rom	0x4	sTextColor_DarkGray
0x08462EF0	rom	0xC	sPikachuIntro_Strings
0x08462EFC	rom	0x18	sPikachuIntro_Pikachu_SpriteSheets
0x08462F14	rom	0x8	sOakSpeech_Platform_SpriteSheet
0x08462F1C	rom	0x8	sPikachuIntro_Pikachu_SpritePalette
0x08462F24	rom	0x8	sOakSpeech_Platform_SpritePalette
0x08462F2C	rom	0x8	sOakSpeech_PlatformLeft_Anim
0x08462F34	rom	0x8	sOakSpeech_PlatformMiddle_Anim
0x08462F3C	rom	0x8	sOakSpeech_PlatformRight_Anim
0x08462F44	rom	0x4	sOakSpeech_PlatformLeft_Anims
0x08462F48	rom	0x4	sOakSpeech_PlatformMiddle_Anims
0x08462F4C	rom	0x4	sOakSpeech_PlatformRight_Anims
0x08462F50	rom	0x48	sOakSpeech_Platform_SpriteTemplates
0x08462F98	rom	0xC	sPikachuIntro_PikachuBody_Anim
0x08462FA4	rom	0x40	sPikachuIntro_PikachuEars_Anim
0x08462FE4	rom	0x3C	sPikachuIntro_PikachuEyes_Anim
0x08463020	rom	0x4	sPikachuIntro_PikachuBody_Anims
0x08463024	rom	0x4	sPikachuIntro_PikachuEars_Anims
0x08463028	rom	0x4	sPikachuIntro_PikachuEyes_Anims
0x0846302C	rom	0x48	sPikachuIntro_Pikachu_SpriteTemplates
0x08463074	rom	0x18	sControlsGuide_Pages2And3_Strings
0x0846308C	rom	0x4C	sMaleNameChoices
0x084630D8	rom	0x4C	sFemaleNameChoices
0x08463124	rom	0x10	sRivalNameChoices
0x08463134	rom	0xC	sBGTemplates
0x08463140	rom	0x10	sSelectTMActionTasks
0x08463150	rom	0x18	sMenuActions
0x08463168	rom	0x3	sMenuActionIndices_Field
0x0846316B	rom	0x2	sMenuActionIndices_UnionRoom
0x08463170	rom	0x8	sYesNoFuncTable
0x08463178	rom	0x4	sText_ClearTo18
0x0846317C	rom	0x2	sText_SingleSpace
0x08463180	rom	0x4	sPal3Override
0x08463184	rom	0xC	sTextColors
0x08463190	rom	0x50	sWindowTemplates
0x084631E0	rom	0x8	sYesNoWindowTemplate
0x084631E8	rom	0x10	sWindowTemplates_ContextMenu
0x084631F8	rom	0x8	sTMSpriteOamData
0x08463200	rom	0x8	sAnim_TM
0x08463208	rom	0x8	sAnim_HM
0x08463210	rom	0x8	sAnims_Disc
0x08463218	rom	0x8	sSpriteSheet_Disc
0x08463220	rom	0x18	sSpriteTemplate_Disc
0x08463238	rom	0x24	sTMSpritePaletteOffsetByType
0x0846325C	rom	0x10	sScrollIndicatorTemplates
0x0846326C	rom	0x8	sOamData_ScrollArrowIndicator
0x08463274	rom	0x8	sSpriteAnim_ScrollArrowIndicator0
0x0846327C	rom	0x8	sSpriteAnim_ScrollArrowIndicator1
0x08463284	rom	0x8	sSpriteAnim_ScrollArrowIndicator2
0x0846328C	rom	0x8	sSpriteAnim_ScrollArrowIndicator3
0x08463294	rom	0x10	sSpriteAnimTable_ScrollArrowIndicator
0x084632A4	rom	0x18	sSpriteTemplate_ScrollArrowIndicator
0x084632BC	rom	0x4	sSubsprite_RedOutline1
0x084632C0	rom	0x4	sSubsprite_RedOutline2
0x084632C4	rom	0x4	sSubsprite_RedOutline3
0x084632C8	rom	0x4	sSubsprite_RedOutline4
0x084632CC	rom	0x4	sSubsprite_RedOutline5
0x084632D0	rom	0x4	sSubsprite_RedOutline6
0x084632D4	rom	0x4	sSubsprite_RedOutline7
0x084632D8	rom	0x4	sSubsprite_RedOutline8
0x084632DC	rom	0x8	sOamData_RedArrowCursor
0x084632E4	rom	0x8	sSpriteAnim_RedArrowCursor
0x084632EC	rom	0x4	sSpriteAnimTable_RedArrowCursor
0x084632F0	rom	0x18	sSpriteTemplate_RedArrowCursor
0x08463308	rom	0x20	sRedArrowPal
0x08463328	rom	0x70	sRedArrowOtherGfx
0x08463398	rom	0x40	sSelectorOutlineGfx
0x084633D8	rom	0x44	sRedArrowGfx
0x0846341C	rom	0x20	sMarkerPal
0x0846343C	rom	0x10C	sMarkerTiles
0x08463548	rom	0x4	sSubsprite_Circular
0x0846354C	rom	0x4	sSubsprite_SmallHorizontal
0x08463550	rom	0x4	sSubsprite_SmallVertical
0x08463554	rom	0x4	sSubsprite_MediumHorizontal
0x08463558	rom	0x4	sSubsprite_MediumVertical
0x0846355C	rom	0x4	sSubsprite_LargeHorizontal
0x08463560	rom	0x4	sSubsprite_LargeVertical
0x08463564	rom	0x1C	sSubsprites
0x08463580	rom	0x140	sAreaMarkers
0x084636C0	rom	0x20	sTextHeaderPalette
0x084636E0	rom	0x20	sMonMarkingSpritePalette
0x08463700	rom	0x20	sTextMovesPalette
0x08463720	rom	0x20	sMoveSelectionCursorPals
0x08463740	rom	0x12C	sMoveSelectionCursorTiles_Left
0x0846386C	rom	0x120	sMoveSelectionCursorTiles_Right
0x0846398C	rom	0x8	sMoveSelectionCursorOamData
0x08463994	rom	0x8	sMoveSelectionCursorOamAnim_Red
0x0846399C	rom	0x8	sMoveSelectionCursorOamAnim_Blue
0x084639A4	rom	0x8	sMoveSelectionCursorOamAnimTable
0x084639AC	rom	0x8	sStatusAilmentIconOamData
0x084639B4	rom	0x8	sStatusAilmentIconAnim_PSN
0x084639BC	rom	0x8	sStatusAilmentIconAnim_PRZ
0x084639C4	rom	0x8	sStatusAilmentIconAnim_SLP
0x084639CC	rom	0x8	sStatusAilmentIconAnim_FRZ
0x084639D4	rom	0x8	sStatusAilmentIconAnim_BRN
0x084639DC	rom	0x8	sStatusAilmentIconAnim_PKRS
0x084639E4	rom	0x8	sStatusAilmentIconAnim_FNT
0x084639EC	rom	0x8	sStatusAilmentIconAnim_Blank
0x084639F4	rom	0x20	sStatusAilmentIconAnimTable
0x08463A14	rom	0x8	sHpOrExpBarOamData
0x08463A1C	rom	0x8	sHpOrExpAnim_0
0x08463A24	rom	0x8	sHpOrExpAnim_1
0x08463A2C	rom	0x8	sHpOrExpAnim_2
0x08463A34	rom	0x8	sHpOrExpAnim_3
0x08463A3C	rom	0x8	sHpOrExpAnim_4
0x08463A44	rom	0x8	sHpOrExpAnim_5
0x08463A4C	rom	0x8	sHpOrExpAnim_6
0x08463A54	rom	0x8	sHpOrExpAnim_7
0x08463A5C	rom	0x8	sHpOrExpAnim_8
0x08463A64	rom	0x8	sHpOrExpAnim_9
0x08463A6C	rom	0x8	sHpOrExpAnim_10
0x08463A74	rom	0x8	sHpOrExpAnim_11
0x08463A7C	rom	0x30	sHpOrExpBarAnimTable
0x08463AAC	rom	0x20	sPokeSummary_HpBarPalYellow
0x08463ACC	rom	0x20	sPokeSummary_HpBarPalRed
0x08463AEC	rom	0x8	sPokerusIconObjOamData
0x08463AF4	rom	0x8	sPokerusIconObjAnim0
0x08463AFC	rom	0x4	sPokerusIconObjAnimTable
0x08463B00	rom	0x20	sPokerusIconObjPal
0x08463B20	rom	0x10	sPokerusIconObjTiles
0x08463B30	rom	0x8	sStarObjOamData
0x08463B38	rom	0x8	sStarObjAnim0
0x08463B40	rom	0x4	sStarObjAnimTable
0x08463B44	rom	0x20	sStarObjPal
0x08463B64	rom	0x24	sStarObjTiles
0x08463B88	rom	0xF8	sBgTilemap_MovesInfoPage
0x08463C80	rom	0x13C	sBgTilemap_MovesPage
0x08463DBC	rom	0x6	sHardyNatureName
0x08463DC2	rom	0x7	sLonelyNatureName
0x08463DC9	rom	0x6	sBraveNatureName
0x08463DCF	rom	0x8	sAdamantNatureName
0x08463DD7	rom	0x8	sNaughtyNatureName
0x08463DDF	rom	0x5	sBoldNatureName
0x08463DE4	rom	0x7	sDocileNatureName
0x08463DEB	rom	0x8	sRelaxedNatureName
0x08463DF3	rom	0x7	sImpishNatureName
0x08463DFA	rom	0x4	sLaxNatureName
0x08463DFE	rom	0x6	sTimidNatureName
0x08463E04	rom	0x6	sHastyNatureName
0x08463E0A	rom	0x8	sSeriousNatureName
0x08463E12	rom	0x6	sJollyNatureName
0x08463E18	rom	0x6	sNaiveNatureName
0x08463E1E	rom	0x7	sModestNatureName
0x08463E25	rom	0x5	sMildNatureName
0x08463E2A	rom	0x6	sQuietNatureName
0x08463E30	rom	0x8	sBashfulNatureName
0x08463E38	rom	0x5	sRashNatureName
0x08463E3D	rom	0x5	sCalmNatureName
0x08463E42	rom	0x7	sGentleNatureName
0x08463E49	rom	0x6	sSassyNatureName
0x08463E4F	rom	0x8	sCarefulNatureName
0x08463E57	rom	0x7	sQuirkyNatureName
0x08463E60	rom	0x64	gNatureNamePointers
0x08463EC4	rom	0x10	sEggHatchTimeTexts
0x08463ED4	rom	0x1C	sEggOriginTexts
0x08463EF0	rom	0xC	sPrintMoveTextColors
0x08463EFC	rom	0x10	sBgTempaltes
0x08463F0C	rom	0x18	sWindowTemplates_Permanent_Bg1
0x08463F24	rom	0x18	sWindowTemplates_Permanent_Bg2
0x08463F3C	rom	0x20	sWindowTemplates_Info
0x08463F5C	rom	0x20	sWindowTemplates_Skills
0x08463F7C	rom	0x20	sWindowTemplates_Moves
0x08463F9C	rom	0x8	sWindowTemplates_Dummy
0x08463FA4	rom	0x12	sLevelNickTextColors
0x08463FB8	rom	0x6	sMultiBattlePartyOrder
0x08463FBE	rom	0x3	sMonPicBounceYDelta_Under60
0x08463FC1	rom	0x5	sMonPicBounceYDelta_60to80
0x08463FC6	rom	0x7	sMonPicBounceYDelta_80to99
0x08463FCD	rom	0x7	sMonPicBounceYDelta_Full
0x08463FD4	rom	0xB	sEggPicShakeXDelta_ItWillTakeSomeTime
0x08463FDF	rom	0xB	sEggPicShakeXDelta_OccasionallyMoves
0x08463FEA	rom	0xF	sEggPicShakeXDelta_AlmostReadyToHatch
0x08463FFC	rom	0xC	sHpBarPals
0x08464008	rom	0x120	sTiles
0x08464128	rom	0x20	sPals
0x08464148	rom	0xDC	sDexAreas_Kanto
0x08464224	rom	0x10	sDexAreas_Sevii1
0x08464234	rom	0x8	sDexAreas_Sevii2
0x0846423C	rom	0x14	sDexAreas_Sevii3
0x08464250	rom	0x8	sDexAreas_Sevii4
0x08464258	rom	0x1C	sDexAreas_Sevii5
0x08464274	rom	0x1C	sDexAreas_Sevii6
0x08464290	rom	0x2C	sDexAreas_Sevii7
0x084642BC	rom	0x38	sSeviiDexAreas
0x084642F4	rom	0xC	sRoamerPairs
0x08464300	rom	0x4C	sTextColorTable
0x0846434C	rom	0xC	sBgTemplates
0x08464358	rom	0x14	sBerryPouchContextMenuTasks
0x0846436C	rom	0x8	sYesNoFuncs_Toss
0x08464374	rom	0x8	sYesNoFuncs_Sell
0x0846437C	rom	0x28	sContextMenuActions
0x084643A4	rom	0x4	sOptions_UseGiveTossExit
0x084643A8	rom	0x4	sOptions_GiveExit
0x084643AC	rom	0x4	sOptions_Exit
0x084643B0	rom	0x4	sOptions_UseToss_Exit
0x084643B4	rom	0x2	sText_Space
0x084643B8	rom	0x20	sWindowTemplates_Main
0x084643D8	rom	0x70	sWindowTemplates_Variable
0x08464448	rom	0x9	sTextColors
0x08464454	rom	0x8	sOamData
0x0846445C	rom	0x8	sSpriteAnim_Dummy
0x08464464	rom	0x4	sSpriteAnimTable
0x08464468	rom	0x10	sSpriteAffineAnim_Static
0x08464478	rom	0x28	sSpriteAffineAnim_Wobble
0x084644A0	rom	0x8	sSpriteAffineAnimTable
0x084644A8	rom	0x8	sBerryPouchSpriteSheet
0x084644B0	rom	0x8	sBerryPouchSpritePal
0x084644B8	rom	0x18	sSpriteTemplate_BerryPouch
0x084644D0	rom	0x280	sArrowAndStarSpriteTiles
0x08464750	rom	0x8	sArrowAnim0
0x08464758	rom	0x8	sArrowAnim1
0x08464760	rom	0x8	sArrowAnim2
0x08464768	rom	0x8	sArrowAnim3
0x08464770	rom	0x8	sStarAnim
0x08464778	rom	0x14	sArrowAndStarSpriteAnimTable
0x0846478C	rom	0x8	sArrowAndStarSpriteOamData
0x08464794	rom	0x10	sAffineAnim_Left
0x084647A4	rom	0x10	sAffineAnim_Down
0x084647B4	rom	0x10	sAffineAnim_Right
0x084647C4	rom	0x10	sAffineAnim_Up
0x084647D4	rom	0x10	sArrowAndStarSpriteAffineAnimTable
0x084647E4	rom	0x18	sSpriteTemplate_ArrowAndStar
0x084647FC	rom	0x8	sArrowAndStarSpriteSheet
0x08464804	rom	0x38	sShopBuyMenuWindowTemplatesNormal
0x0846483C	rom	0x40	sShopBuyMenuWindowTemplatesTM
0x0846487C	rom	0x8	sShopBuyMenuYesNoWindowTemplate
0x08464884	rom	0x9	sShopBuyMenuTextColors
0x08464890	rom	0x1E	sSecondReelBiasCheckIndices
0x084648AE	rom	0xF	sThirdReelBiasCheckIndices
0x084648BD	rom	0x14	sRowAttributes
0x084648D2	rom	0x54	sReelBiasChances
0x08464926	rom	0x3F	sReelIconAnimByReelAndPos
0x08464966	rom	0xE	sPayoutTable
0x08464974	rom	0xA0	sReelIcons_Pal
0x08464A14	rom	0x638	sReelIcons_Tiles
0x0846504C	rom	0x20	sClefairy_Pal
0x0846506C	rom	0x4B8	sClefairy_Tiles
0x08465524	rom	0x20	sDigits_Pal
0x08465544	rom	0x6C	sDigits_Tiles
0x084655B0	rom	0x18	sSpriteSheets
0x084655C8	rom	0x40	sSpritePalettes
0x08465608	rom	0xE	sReelIconPaletteTags
0x08465616	rom	0xC0	sReelIconAffineParams
0x084656D6	rom	0x60	sReelIconBldY
0x08465738	rom	0x8	sOamData_ReelIcons
0x08465740	rom	0x8	sAnimCmd_ReelIcon_7
0x08465748	rom	0x8	sAnimCmd_ReelIcon_Rocket
0x08465750	rom	0x8	sAnimCmd_ReelIcon_Pikachu
0x08465758	rom	0x8	sAnimCmd_ReelIcon_Psyduck
0x08465760	rom	0x8	sAnimCmd_ReelIcon_Cherries
0x08465768	rom	0x8	sAnimCmd_ReelIcon_Magnemite
0x08465770	rom	0x8	sAnimCmd_ReelIcon_Shellder
0x08465778	rom	0x8	sAnimCmd_ReelIcon_Pikachu_2
0x08465780	rom	0x8	sAnimCmd_ReelIcon_Psyduck_2
0x08465788	rom	0x8	sAnimCmd_ReelIcon_Cherries_2
0x08465790	rom	0x8	sAnimCmd_ReelIcon_Magnemite_2
0x08465798	rom	0x8	sAnimCmd_ReelIcon_Shellder_2
0x084657A0	rom	0x30	sAnimTable_ReelIcons
0x084657D0	rom	0x10	sAffineAnimCmd_ReelIcons_Unused
0x084657E0	rom	0x4	sAffineAnimTable_ReelIcons_Unused
0x084657E4	rom	0x18	sSpriteTemplate_ReelIcons
0x084657FC	rom	0x8	sOamData_Digits
0x08465804	rom	0x8	sSpriteAnim_Digit0
0x0846580C	rom	0x8	sSpriteAnim_Digit1
0x08465814	rom	0x8	sSpriteAnim_Digit2
0x0846581C	rom	0x8	sSpriteAnim_Digit3
0x08465824	rom	0x8	sSpriteAnim_Digit4
0x0846582C	rom	0x8	sSpriteAnim_Digit5
0x08465834	rom	0x8	sSpriteAnim_Digit6
0x0846583C	rom	0x8	sSpriteAnim_Digit7
0x08465844	rom	0x8	sSpriteAnim_Digit8
0x0846584C	rom	0x8	sSpriteAnim_Digit9
0x08465854	rom	0x28	sAnimTable_Digits
0x0846587C	rom	0x18	sSpriteTemplate_Digits
0x08465894	rom	0x8	sOamData_Clefairy
0x0846589C	rom	0x8	sAnimCmd_Clefairy_Neutral
0x084658A4	rom	0xC	sAnimCmd_Clefairy_Spinning
0x084658B0	rom	0xC	sAnimCmd_Clefairy_Payout
0x084658BC	rom	0xC	sAnimCmd_Clefairy_Lose
0x084658C8	rom	0x10	sAnimTable_Clefairy
0x084658D8	rom	0x18	sSpriteTemplate_Clefairy
0x084658F0	rom	0x40	sSlotMachineSetupTasks
0x08465930	rom	0xA0	sBg_Pal
0x084659D0	rom	0x804	sBg_Tiles
0x084661D4	rom	0x2E8	sBg_Tilemap
0x084664BC	rom	0x20	sBgPal_MatchLines
0x084664DC	rom	0x60	sBgPal_PayoutLight
0x0846653C	rom	0x84	sButtonPressed_Tiles
0x084665C0	rom	0x60	sCombosWindow_Pal
0x08466620	rom	0x378	sCombosWindow_Tiles
0x08466998	rom	0x178	sCombosWindow_Tilemap
0x08466B10	rom	0x10	sBgTemplates
0x08466B20	rom	0x18	sWindowTemplates
0x08466B38	rom	0x28	sLineTiles_TLBR
0x08466B60	rom	0x2C	sLineTiles_TopRow
0x08466B8C	rom	0x2C	sLineTiles_MiddleRow
0x08466BB8	rom	0x2C	sLineTiles_BottomRow
0x08466BE4	rom	0x28	sLineTiles_BLTR
0x08466C0C	rom	0x28	sLineStateTileIdxs
0x08466C34	rom	0x2	sWinningLineFlashPalIdxs
0x08466C38	rom	0x8	sYesNoWindowTemplate
0x08466C40	rom	0x18	sReelButtonMapTileIdxs
0x08466C58	rom	0xB6	sRoamerLocations
0x08466D10	rom	0x20	sTextboxBorder_Pal
0x08466D30	rom	0x30	sTextboxBorder_Gfx
0x08466D60	rom	0x10	sBGTemplates
0x08466D70	rom	0x20	sMainWindows
0x08466D90	rom	0x8	sWindowTemplate_YesNoMsg_Wide
0x08466D98	rom	0x8	sWindowTemplate_YesNoMsg
0x08466DA0	rom	0x8	sWindowTemplate_GiftSelect
0x08466DA8	rom	0x8	sWindowTemplate_ThreeOptions
0x08466DB0	rom	0x8	sWindowTemplate_YesNoBox
0x08466DB8	rom	0x8	sWindowTemplate_GiftSelect_3Options
0x08466DC0	rom	0x8	sWindowTemplate_GiftSelect_2Options
0x08466DC8	rom	0x8	sWindowTemplate_GiftSelect_1Option
0x08466DD0	rom	0x18	sListMenuItems_CardsOrNews
0x08466DE8	rom	0x18	sListMenuItems_WirelessOrFriend
0x08466E00	rom	0x18	sListMenuTemplate_ThreeOptions
0x08466E18	rom	0x20	sListMenuItems_ReceiveSendToss
0x08466E38	rom	0x18	sListMenuItems_ReceiveToss
0x08466E50	rom	0x18	sListMenuItems_ReceiveSend
0x08466E68	rom	0x10	sListMenuItems_Receive
0x08466E78	rom	0x18	sListMenu_ReceiveSendToss
0x08466E90	rom	0x18	sListMenu_ReceiveToss
0x08466EA8	rom	0x18	sListMenu_ReceiveSend
0x08466EC0	rom	0x18	sListMenu_Receive
0x08466ED8	rom	0x10	sUnusedMenuTexts
0x08466EE8	rom	0x3	sTextColors_TopMenu
0x08466EEC	rom	0x3	sTextColors_TopMenu_Copy
0x08466EF0	rom	0x3	sMG_Ereader_TextColor_2
0x08466EF3	rom	0x4	sText_Test
0x08466EF7	rom	0x9	sText_EonTicket
0x08466F00	rom	0x28	sReceivedGiftFlags
0x08467030	rom	0x14	sFuncTable
0x08467068	rom	0x6	sTextColorTable
0x08467070	rom	0x3	sFooterTextOffsets
0x08467074	rom	0x18	sWindowTemplates
0x0846708C	rom	0x20	sCard0Pal
0x084670AC	rom	0x20	gCard1Pal
0x084670CC	rom	0x20	gCard2Pal
0x084670EC	rom	0x20	gCard3Pal
0x0846710C	rom	0x20	gCard4Pal
0x0846712C	rom	0x20	gCard5Pal
0x0846714C	rom	0x20	sCard6Pal
0x0846716C	rom	0x20	sCard7Pal
0x0846718C	rom	0xFC	sCard0Gfx
0x08467288	rom	0xF4	sCard0Map
0x0846737C	rom	0xF4	sCard1Gfx
0x08467470	rom	0xE8	sCard1Map
0x08467558	rom	0xD4	sCard2Gfx
0x0846762C	rom	0xD4	sCard2Map
0x08467700	rom	0x234	sCard6Gfx
0x08467934	rom	0x148	sCard6Map
0x08467A7C	rom	0x230	sCard7Gfx
0x08467CAC	rom	0x148	sCard7Map
0x08467DF4	rom	0x20	sStampShadowPal0
0x08467E14	rom	0x20	sStampShadowPal1
0x08467E34	rom	0x20	sStampShadowPal2
0x08467E54	rom	0x20	sStampShadowPal3
0x08467E74	rom	0x20	sStampShadowPal4
0x08467E94	rom	0x20	sStampShadowPal5
0x08467EB4	rom	0x20	sStampShadowPal6
0x08467ED4	rom	0x20	sStampShadowPal7
0x08467EF4	rom	0x64	sStampShadowGfx
0x08467F58	rom	0x8	sSpriteSheet_StampShadow
0x08467F60	rom	0x40	sSpritePalettes_StampShadow
0x08467FA0	rom	0x18	sSpriteTemplate_StampShadow
0x08467FB8	rom	0x80	sCardGraphics
0x08468038	rom	0x6	sTextColorTable
0x08468040	rom	0x10	sWindowTemplates
0x08468050	rom	0x10	sArrowsTemplate
0x08468060	rom	0x20	sNews0Pal
0x08468080	rom	0x20	sNews6Pal
0x084680A0	rom	0x20	sNews7Pal
0x084680C0	rom	0x80	sNews0Gfx
0x08468140	rom	0xDC	sNews0Map
0x0846821C	rom	0x30	sNews1Gfx
0x0846824C	rom	0xC0	sNews1Map
0x0846830C	rom	0x70	sNews2Gfx
0x0846837C	rom	0xCC	sNews2Map
0x08468448	rom	0x90	sNews6Gfx
0x084684D8	rom	0xDC	sNews6Map
0x084685B4	rom	0x90	sNews7Gfx
0x08468644	rom	0xDC	sNews7Map
0x08468720	rom	0x80	sNewsGraphics
0x084687A0	rom	0x40	sText_CollectedAllStamps
0x084687E0	rom	0x10	gMysteryGiftClientScript_Init
0x084687F0	rom	0x20	sClientScript_SendGameData
0x08468810	rom	0x10	sClientScript_CantAccept
0x08468820	rom	0x10	sClientScript_CommError
0x08468830	rom	0x10	sClientScript_NothingSent
0x08468840	rom	0x30	sClientScript_SaveCard
0x08468870	rom	0x28	sClientScript_SaveNews
0x08468898	rom	0x10	sClientScript_HadNews
0x084688A8	rom	0x10	sClientScript_NewsReceived
0x084688B8	rom	0x28	sClientScript_AskToss
0x084688E0	rom	0x10	sClientScript_Canceled
0x084688F0	rom	0x10	sClientScript_HadCard
0x08468900	rom	0x20	sClientScript_DynamicSuccess
0x08468920	rom	0x30	sServerScript_CantSend
0x08468950	rom	0x30	sServerScript_CommError
0x08468980	rom	0x30	sServerScript_ClientCanceledNews
0x084689B0	rom	0x30	sServerScript_HasNews
0x084689E0	rom	0x84	sServerScript_SendNews
0x08468A64	rom	0x60	sServerScript_SendCard
0x08468AC4	rom	0x48	sServerScript_TossPrompt
0x08468B0C	rom	0x30	sServerScript_HasCard
0x08468B3C	rom	0x30	sServerScript_NothingSent
0x08468B6C	rom	0x60	gMysteryGiftServerScript_SendWonderNews
0x08468BCC	rom	0x90	gMysteryGiftServerScript_SendWonderCard
0x08468C98	rom	0x520	sWaterTiles
0x084691B8	rom	0x20	sWaterPal
0x084691D8	rom	0x800	sWaterTilemap_WB
0x084699D8	rom	0x800	sWaterTilemap_EB
0x0846A1D8	rom	0x500	sFerrySpriteTiles
0x0846A6D8	rom	0x20	sFerryAndWakePal
0x0846A6F8	rom	0x800	sWakeSpriteTiles
0x0846AEF8	rom	0x4	sBGTemplates
0x0846AEFC	rom	0x2C	sSeag
0x0846AF28	rom	0x16	sTravelDirectionMatrix
0x0846AF40	rom	0x8	sSpriteAnims_Ferry_WB
0x0846AF48	rom	0x8	sSpriteAnims_Ferry_EB
0x0846AF50	rom	0x8	sSpriteAnimTable_Ferry
0x0846AF58	rom	0x8	sOamData_Ferry
0x0846AF60	rom	0x18	sFerrySpriteTemplate
0x0846AF78	rom	0x18	sFerryAndWakeSpriteSheets
0x0846AF90	rom	0x10	sFerryAndWakeSpritePalettes
0x0846AFA0	rom	0x10	sSpriteAnims_Wake_WB
0x0846AFB0	rom	0x10	sSpriteAnims_Wake_EB
0x0846AFC0	rom	0x8	sSpriteAnimTable_Wake
0x0846AFC8	rom	0x8	sOamData_Wake
0x0846AFD0	rom	0x18	sWakeSpriteTemplate
0x0846AFE8	rom	0x20	s321Start_Static_Pal
0x0846B008	rom	0x424	s321Start_Static_Gfx
0x0846B42C	rom	0x10	sSpriteSheet_321Start_Static
0x0846B43C	rom	0x10	sSpritePalette_321Start_Static
0x0846B44C	rom	0x8	sAnim_StaticCountdown_Three
0x0846B454	rom	0x8	sAnim_StaticCountdown_Two
0x0846B45C	rom	0x8	sAnim_StaticCountdown_One
0x0846B464	rom	0x8	sAnim_StaticCountdown_StartLeft
0x0846B46C	rom	0x8	sAnim_StaticCountdown_StartMid
0x0846B474	rom	0x8	sAnim_StaticCountdown_StartRight
0x0846B47C	rom	0x18	sAnims_StaticCountdown
0x0846B494	rom	0x18	sSpriteTemplate_StaticCountdown
0x0846B4AC	rom	0x10	sStaticCountdownFuncs
0x0846B4BC	rom	0x190	sPokeJumpMons
0x0846B64C	rom	0x24	sPokeJumpLeaderFuncs
0x0846B670	rom	0x24	sPokeJumpMemberFuncs
0x0846B694	rom	0x10	sVineBaseSpeeds
0x0846B6A4	rom	0x8	sVineSpeedDelays
0x0846B6AC	rom	0x8	sSoundEffects
0x0846B6B4	rom	0x90	sJumpOffsets
0x0846B744	rom	0x18	sScoreBonuses
0x0846B75C	rom	0x10	sPrizeItems
0x0846B76C	rom	0x28	sPrizeQuantityData
0x0846B794	rom	0x20	sInterface_Pal
0x0846B7B4	rom	0x20	sBg_Pal
0x0846B7D4	rom	0x22C	sBg_Gfx
0x0846BA00	rom	0x1B0	sBg_Tilemap
0x0846BBB0	rom	0x20	sVenusaur_Pal
0x0846BBD0	rom	0x950	sVenusaur_Gfx
0x0846C520	rom	0x3B8	sVenusaur_Tilemap
0x0846C8D8	rom	0x20	sBonuses_Pal
0x0846C8F8	rom	0xAB0	sBonuses_Gfx
0x0846D3A8	rom	0x52C	sBonuses_Tilemap
0x0846D8D4	rom	0x10	sBgTemplates
0x0846D8E4	rom	0x18	sWindowTemplates
0x0846D8FC	rom	0x50	sPokeJumpGfxFuncs
0x0846D94C	rom	0x4	sPluralTxt
0x0846D953	rom	0xA	sVenusaurStates
0x0846D960	rom	0x8	sSpriteSheet_Digits
0x0846D968	rom	0x8	sSpritePalette_Digits
0x0846D970	rom	0x8	sPlayerNameWindowCoords_2Players
0x0846D978	rom	0xC	sPlayerNameWindowCoords_3Players
0x0846D984	rom	0x10	sPlayerNameWindowCoords_4Players
0x0846D994	rom	0x14	sPlayerNameWindowCoords_5Players
0x0846D9A8	rom	0x10	sPlayerNameWindowCoords
0x0846D9B8	rom	0x4	sMonXCoords_2Players
0x0846D9BC	rom	0x6	sMonXCoords_3Players
0x0846D9C2	rom	0x8	sMonXCoords_4Players
0x0846D9CA	rom	0xA	sMonXCoords_5Players
0x0846D9D4	rom	0x10	sMonXCoords
0x0846D9E4	rom	0x20	sPokeJumpPal1
0x0846DA04	rom	0x20	sPokeJumpPal2
0x0846DA24	rom	0x120	sVine1_Gfx
0x0846DB44	rom	0x1D4	sVine2_Gfx
0x0846DD18	rom	0x130	sVine3_Gfx
0x0846DE48	rom	0xFC	sVine4_Gfx
0x0846DF44	rom	0x16C	sStar_Gfx
0x0846E0B0	rom	0x28	sCompressedSpriteSheets
0x0846E0D8	rom	0x10	sSpritePalettes
0x0846E0E8	rom	0x18	sSpriteTemplate_JumpMon
0x0846E100	rom	0x50	sVineYCoords
0x0846E150	rom	0x10	sVineXCoords
0x0846E160	rom	0x10	sSpriteTemplates_Vine
0x0846E170	rom	0x8	sOamData_JumpMon
0x0846E178	rom	0x8	sOamData_Vine16x32
0x0846E180	rom	0x8	sOamData_Vine32x32
0x0846E188	rom	0x8	sOamData_Vine32x16
0x0846E190	rom	0x8	sAnims_Vine_Highest
0x0846E198	rom	0x8	sAnims_Vine_Higher
0x0846E1A0	rom	0x8	sAnims_Vine_High
0x0846E1A8	rom	0x8	sAnims_Vine_Low
0x0846E1B0	rom	0x8	sAnims_Vine_Lower
0x0846E1B8	rom	0x8	sAnims_Vine_Lowest
0x0846E1C0	rom	0x8	sAnims_VineTall_Highest
0x0846E1C8	rom	0x8	sAnims_VineTall_Higher
0x0846E1D0	rom	0x8	sAnims_VineTall_High
0x0846E1D8	rom	0x8	sAnims_VineTall_Low
0x0846E1E0	rom	0x8	sAnims_VineTall_Lower
0x0846E1E8	rom	0x8	sAnims_VineTall_Lowest
0x0846E1F0	rom	0x18	sAnims_Vine
0x0846E208	rom	0x18	sAnims_VineTall
0x0846E220	rom	0x18	sSpriteTemplate_Vine1
0x0846E238	rom	0x18	sSpriteTemplate_Vine2
0x0846E250	rom	0x18	sSpriteTemplate_Vine3
0x0846E268	rom	0x18	sSpriteTemplate_Vine4
0x0846E280	rom	0x8	sOamData_Star
0x0846E288	rom	0x8	sAnim_Star_Still
0x0846E290	rom	0x1C	sAnim_Star_Spinning
0x0846E2AC	rom	0x8	sAnims_Star
0x0846E2B4	rom	0x18	sSpriteTemplate_Star
0x0846E2CC	rom	0x8	sWindowTemplate_Records
0x0846E2D4	rom	0xC	sRecordsTexts
0x0846E2E0	rom	0x8	sBitTable
0x0846E2E8	rom	0x5	sSyncPressBonus
0x0846E2F0	rom	0x23	sIntroOutroVibrationData
0x0846E314	rom	0x14	sVibrationData
0x0846E328	rom	0x24	sMessages
0x0846E34C	rom	0x68	sBerryCrushCommands
0x0846E3B4	rom	0x10	sSparkleThresholds
0x0846E3C4	rom	0x4	sBigSparkleThresholds
0x0846E3C8	rom	0x4	sReceivedPlayerBitmasks
0x0846E3CC	rom	0x10	sBgTemplates
0x0846E3DC	rom	0x12	sBerryCrushTextColorTable
0x0846E3F0	rom	0x8	sWindowTemplate_BerryCrushRankings
0x0846E3F8	rom	0x30	sWindowTemplates_PlayerNames
0x0846E428	rom	0x20	sWindowTemplates_Results
0x0846E448	rom	0x8	sResultsWindowHeights
0x0846E450	rom	0x20	sPressingSpeedConversionTable
0x0846E470	rom	0x20	sBerryCrushCorePal
0x0846E490	rom	0x20	sBerryCrushImpactAndSparklesPal
0x0846E4B0	rom	0x20	sBerryCrushTimerPal
0x0846E4D0	rom	0x32C	sBerryCrushCoreTiles
0x0846E7FC	rom	0x37C	sBerryCrushImpactTiles
0x0846EB78	rom	0x14C	sBerryCrushPowderSparklesTiles
0x0846ECC4	rom	0xCC	sBerryCrushTimerTiles
0x0846ED90	rom	0x130	sCrusherTop_Tilemap
0x0846EEC0	rom	0x198	sContainerCap_Tilemap
0x0846F058	rom	0x228	sBg_Tilemap
0x0846F280	rom	0x14	sPlayerIdToPosId
0x0846F294	rom	0x3C	sPlayerCoords
0x0846F2D0	rom	0x6	sImpactCoords
0x0846F2D6	rom	0x16	sSparkleCoords
0x0846F2EC	rom	0xA	sPlayerBerrySpriteTags
0x0846F2F8	rom	0x28	sSpriteSheets
0x0846F320	rom	0x20	sSpritePals
0x0846F340	rom	0x8	sAnim_CrusherBase
0x0846F348	rom	0x10	sAnim_Impact_Small
0x0846F358	rom	0x14	sAnim_Impact_Big
0x0846F36C	rom	0x1C	sAnim_Sparkle_Small
0x0846F388	rom	0x24	sAnim_Sparkle_Big
0x0846F3AC	rom	0x8	sAnim_Timer
0x0846F3B4	rom	0x8	sAnim_PlayerBerry
0x0846F3BC	rom	0x18	sAffineAnim_PlayerBerry_0
0x0846F3D4	rom	0x18	sAffineAnim_PlayerBerry_1
0x0846F3EC	rom	0x4	sAnimTable_BerryCrushCore
0x0846F3F0	rom	0x8	sAnimTable_BerryCrushImpact
0x0846F3F8	rom	0x8	sAnimTable_BerryCrushPowderSparkles
0x0846F400	rom	0x4	sAnimTable_BerryCrushTimer
0x0846F404	rom	0x4	sAnimTable_PlayerBerry
0x0846F408	rom	0x8	sAffineAnimTable_PlayerBerry
0x0846F410	rom	0x18	sSpriteTemplate_BerryCrushCore
0x0846F428	rom	0x18	sSpriteTemplate_BerryCrushImpact
0x0846F440	rom	0x18	sSpriteTemplate_BerryCrushPowderSparkles
0x0846F458	rom	0x18	sSpriteTemplate_BerryCrushTimer
0x0846F470	rom	0x18	sSpriteTemplate_PlayerBerry
0x0846F488	rom	0x30	sDigitObjTemplates
0x0846F4B8	rom	0x18	sBCRankingHeaders
0x0846F4D0	rom	0x200	sPalettes
0x0846F6D0	rom	0x210	sBgTiles_Gfx
0x0846F8E0	rom	0x194	sBgTiles_Tilemap
0x0846FA74	rom	0x8	sBgTemplates
0x0846FA7C	rom	0x20	sWindowTemplates
0x0846FA9C	rom	0x10	sPlayersTextPtrs
0x0846FAAC	rom	0x14	sHeaderTexts
0x0846FAC0	rom	0x45	sActivityGroupInfo
0x0846FB08	rom	0x3	sScrollDistances
0x0846FB0C	rom	0x1000	sBrailleGlyphs
0x08470B0C	rom	0x260	gSignpostWindow_Gfx
0x08470D6C	rom	0x120	sUserFrame_Type1_Gfx
0x08470E8C	rom	0x120	sUserFrame_Type2_Gfx
0x08470FAC	rom	0x20	sUserFrame_Empty1
0x08470FCC	rom	0x120	sUserFrame_Type3_Gfx
0x084710EC	rom	0x120	sUserFrame_Type4_Gfx
0x0847120C	rom	0x120	sUserFrame_Type5_Gfx
0x0847132C	rom	0x120	sUserFrame_Type6_Gfx
0x0847144C	rom	0x120	sUserFrame_Type7_Gfx
0x0847156C	rom	0x120	sUserFrame_Type8_Gfx
0x0847168C	rom	0x20	sUserFrame_Empty2
0x084716AC	rom	0x120	sUserFrame_Type9_Gfx
0x084717CC	rom	0x120	sUserFrame_Type10_Gfx
0x084718EC	rom	0x20	sUserFrame_Empty3
0x0847190C	rom	0x20	sUserFrame_Type1_Pal
0x0847192C	rom	0x20	sUserFrame_Type2_Pal
0x0847194C	rom	0x20	sUserFrame_Type3_Pal
0x0847196C	rom	0x20	sUserFrame_Type4_Pal
0x0847198C	rom	0x20	sUserFrame_Type5_Pal
0x084719AC	rom	0x20	sUserFrame_Type6_Pal
0x084719CC	rom	0x20	sUserFrame_Type7_Pal
0x084719EC	rom	0x20	sUserFrame_Type8_Pal
0x08471A0C	rom	0x20	sUserFrame_Type9_Pal
0x08471A2C	rom	0x20	sUserFrame_Type10_Pal
0x08471A4C	rom	0x120	gStdTextWindow_Gfx
0x08471B6C	rom	0x280	gQuestLogWindow_Gfx
0x08471DEC	rom	0xA0	gTextWindowPalettes
0x08471E8C	rom	0x50	gUserFrames
0x08471EDC	rom	0x24	sQLGfxTransitions
0x08471F00	rom	0x10	sBgTemplates_Duplicate
0x08471F10	rom	0x8	sWindowTemplate_Dummy_Duplicate
0x08471F18	rom	0x10	sWindowTemplates_Results_Duplicate
0x08471F28	rom	0x8	sWindowTemplate_Prize_Duplicate
0x08471F30	rom	0x10	sWindowTemplates_PlayAgain_Duplicate
0x08471F40	rom	0x8	sWindowTemplate_DroppedOut_Duplicate
0x08471F48	rom	0x8	sWindowTemplate_CommStandby_Duplicate
0x08471F50	rom	0x113	sActiveColumnMap
0x08472063	rom	0x4B	sDodrioHeadToColumnMap
0x084720AE	rom	0x4B	sDodrioNeighborMap
0x084720FC	rom	0x37	sPlayerIdAtColumn
0x08472133	rom	0x19	sUnsharedColumns
0x0847214C	rom	0x33F0	sDuplicateGfx
0x0847553C	rom	0x9	sBerryFallDelays
0x08475548	rom	0x5	sTreeBorderXPos
0x08475550	rom	0x7	sDifficultyThresholds
0x08475558	rom	0x1E	sPrizeBerryIds
0x08475578	rom	0x30	sLeaderFuncs
0x084755A8	rom	0x30	sMemberFuncs
0x084755D8	rom	0x8	sBerryScoreMultipliers
0x084755E0	rom	0x8	sWindowTemplates_Records
0x084755E8	rom	0x10	sRecordsTexts
0x084755F8	rom	0x3	sRecordNumMaxDigits
0x084755FC	rom	0x6	sRecordTextYCoords
0x08475602	rom	0x6	sRecordNumYCoords
0x08475608	rom	0x28	sDebug_BerryResults
0x08475630	rom	0x8	sJPText_Vowels
0x08475638	rom	0x8	sText_Letters
0x08475640	rom	0x8	sText_Digits
0x08475648	rom	0x14	sPlaceholderPlayerNames
0x0847565C	rom	0x10	sBgTemplates
0x0847566C	rom	0x8	sWindowTemplate_Dummy
0x08475674	rom	0x10	sWindowTemplates_Results
0x08475684	rom	0x8	sWindowTemplate_Prize
0x0847568C	rom	0x10	sWindowTemplates_PlayAgain
0x0847569C	rom	0x8	sWindowTemplate_DroppedOut
0x084756A4	rom	0x8	sWindowTemplate_CommStandby
0x084756AC	rom	0x113	sActiveColumnMap_Duplicate
0x084757BF	rom	0x4B	sDodrioHeadToColumnMap_Duplicate
0x0847580A	rom	0x4B	sDodrioNeighborMap_Duplicate
0x08475858	rom	0x37	sPlayerIdAtColumn_Duplicate
0x0847588F	rom	0x19	sUnsharedColumns_Duplicate
0x084758A8	rom	0x40	sBg_Pal
0x084758E8	rom	0x20	sDodrioNormal_Pal
0x08475908	rom	0x20	sDodrioShiny_Pal
0x08475928	rom	0x20	sStatus_Pal
0x08475948	rom	0x20	sBerries_Pal
0x08475968	rom	0x1B4	sBerries_Gfx
0x08475B1C	rom	0x20	sCloud_Pal
0x08475B3C	rom	0x890	sBg_Gfx
0x084763CC	rom	0xDCC	sTreeBorder_Gfx
0x08477198	rom	0x94	sStatus_Gfx
0x0847722C	rom	0x148	sCloud_Gfx
0x08477374	rom	0x121C	sDodrio_Gfx
0x08478590	rom	0x26C	sBg_Tilemap
0x084787FC	rom	0x250	sTreeBorderRight_Tilemap
0x08478A4C	rom	0x24C	sTreeBorderLeft_Tilemap
0x08478C98	rom	0x8	sOamData_Dodrio
0x08478CA0	rom	0x8	sOamData_16x16_Priority0
0x08478CA8	rom	0x8	sOamData_Berry
0x08478CB0	rom	0x8	sOamData_Cloud
0x08478CB8	rom	0x8	sAnim_Dodrio_Normal
0x08478CC0	rom	0x8	sAnim_Dodrio_PickRight
0x08478CC8	rom	0x8	sAnim_Dodrio_PickMiddle
0x08478CD0	rom	0x8	sAnim_Dodrio_PickLeft
0x08478CD8	rom	0x8	sAnim_Dodrio_Down
0x08478CE0	rom	0x14	sAnims_Dodrio
0x08478CF4	rom	0x8	sAnims_StatusBar_Yellow
0x08478CFC	rom	0x8	sAnims_StatusBar_Gray
0x08478D04	rom	0x8	sAnims_StatusBar_Red
0x08478D0C	rom	0xC	sAnims_StatusBar
0x08478D18	rom	0x8	sAnim_Berry_Blue
0x08478D20	rom	0x8	sAnim_Berry_Green
0x08478D28	rom	0x8	sAnim_Berry_Gold
0x08478D30	rom	0x8	sAnim_Berry_BlueSquished
0x08478D38	rom	0x8	sAnim_Berry_GreenSquished
0x08478D40	rom	0x8	sAnim_Berry_GoldSquished
0x08478D48	rom	0x8	sAnim_Berry_Eaten
0x08478D50	rom	0x8	sAnim_Berry_Empty1
0x08478D58	rom	0x8	sAnim_Berry_Empty2
0x08478D60	rom	0x24	sAnims_Berry
0x08478D84	rom	0x8	sAnim_Cloud
0x08478D8C	rom	0x4	sAnims_Cloud
0x08478DC0	rom	0xA	sUnusedSounds
0x08478DD4	rom	0x8	sBerryIconXCoords
0x08478E0C	rom	0x0	moveDelays.348
0x08478E0E	rom	0x8	sCloudStartCoords
0x08478E38	rom	0xC	sTextColorTable
0x08478E44	rom	0x4	sNameWindowCoords_1Player
0x08478E48	rom	0x8	sNameWindowCoords_2Players
0x08478E50	rom	0xC	sNameWindowCoords_3Players
0x08478E5C	rom	0x10	sNameWindowCoords_4Players
0x08478E6C	rom	0x14	sNameWindowCoords_5Players
0x08478E80	rom	0x14	sNameWindowCoords
0x08478E94	rom	0x14	sRankingTexts
0x08478EA8	rom	0x8	sResultsXCoords
0x08478EB0	rom	0xA	sResultsYCoords
0x08478EBA	rom	0xA	sRankingYCoords
0x08478EC4	rom	0x50	sGfxFuncs
0x08478F1C	rom	0xE4	sPokedudeBufferCommands
0x08479000	rom	0x8	sUnused
0x08479008	rom	0x10	sInputScripts_ChooseAction_Battle
0x08479018	rom	0x18	sInputScripts_ChooseAction_Status
0x08479030	rom	0x18	sInputScripts_ChooseAction_Matchups
0x08479048	rom	0x18	sInputScripts_ChooseAction_Catching
0x08479060	rom	0x10	sInputScripts_ChooseAction
0x08479070	rom	0x10	sInputScripts_ChooseMove_Battle
0x08479080	rom	0x20	sInputScripts_ChooseMove_Status
0x084790A0	rom	0x20	sInputScripts_ChooseMove_Matchups
0x084790C0	rom	0x18	sInputScripts_ChooseMove_Catching
0x084790D8	rom	0x10	sInputScripts_ChooseMove
0x084790E8	rom	0x20	sPokedudeTextScripts_Battle
0x08479108	rom	0x28	sPokedudeTextScripts_Status
0x08479130	rom	0x38	sPokedudeTextScripts_Matchups
0x08479168	rom	0x30	sPokedudeTextScripts_Catching
0x08479198	rom	0x10	sPokedudeTextScripts
0x084791A8	rom	0x10	sPokedudeTexts_Battle
0x084791B8	rom	0x14	sPokedudeTexts_Status
0x084791CC	rom	0x1C	sPokedudeTexts_TypeMatchup
0x084791E8	rom	0x18	sPokedudeTexts_Catching
0x08479200	rom	0x30	sParties_Battle
0x08479230	rom	0x30	sParties_Status
0x08479260	rom	0x40	sParties_Matchups
0x084792A0	rom	0x30	sParties_Catching
0x084792D0	rom	0x10	sPokedudeBattlePartyPointers
0x084792E0	rom	0x10	sBgTemplates
0x084792F0	rom	0x18	sWindowTemplates
0x08479308	rom	0x38	sListMenuItems
0x08479340	rom	0x28	sListMenuItems_NoTMCase
0x08479368	rom	0x18	sListMenuTemplate
0x08479380	rom	0x10	sScrollIndicatorArrowPair
0x08479390	rom	0x6	sWhereToReturnToFromBattle
0x08479398	rom	0x4C	sBattleScript
0x084793E4	rom	0x4C	sStatusScript
0x08479430	rom	0x4C	sMatchupsScript
0x0847947C	rom	0x4C	sCatchingScript
0x084794C8	rom	0x40	sTMsScript
0x08479508	rom	0x40	sRegisterKeyItemScript
0x08479548	rom	0x18	array.96
0x08479560	rom	0x0	texts.100
0x08479578	rom	0x0	texts.104
0x08479590	rom	0x20	sBg1EndGraphic
0x084795B0	rom	0x8	sSubspriteArray
0x084795B8	rom	0x10	sSubspriteTableArray
0x084795C8	rom	0x90	sGrassAnimArray
0x08479658	rom	0x10	sTilesPerImage
0x08479668	rom	0x20	gMinigameDigits_Pal
0x08479688	rom	0xC0	gMinigameDigits_Gfx
0x08479748	rom	0xF0	sUnusedMinigameDigits_Gfx
0x08479838	rom	0x200	sWakeTiles
0x08479A38	rom	0x220	sSmokeTiles
0x08479C58	rom	0x18	sSpriteSheets
0x08479C70	rom	0xC	sWakeAnim
0x08479C7C	rom	0x4	sWakeAnimTable
0x08479C80	rom	0x8	sWakeOamData
0x08479C88	rom	0x18	sWakeSpriteTemplate
0x08479CA0	rom	0x14	sSmokeAnim
0x08479CB4	rom	0x4	sSmokeAnimTable
0x08479CB8	rom	0x8	sSmokeOamData
0x08479CC0	rom	0x18	sSmokeSpriteTemplate
0x08479D34	rom	0x1A4	sRenewableHiddenItems
0x08479ED8	rom	0x14C	sSingleBattleTrainerInfo
0x0847A024	rom	0x50	sDoubleBattleTrainerInfo
0x0847A074	rom	0x1A4	sTrainerEncounterMusicLUT
0x0847A218	rom	0x10	sTimeBoardWindowTemplate
0x0847A228	rom	0x4	sUnusedValue
0x0847A22C	rom	0x3	sTextColors
0x0847A230	rom	0x54	sTrainerTowerFunctions
0x0847A284	rom	0x30	sFloorLayouts
0x0847A2B4	rom	0x1E	sPrizeList
0x0847A2D2	rom	0x1C	sTrainerTowerEncounterMusic
0x0847A2EE	rom	0x10	sSingleBattleChallengeMonIdxs
0x0847A2FE	rom	0x10	sDoubleBattleChallengeMonIdxs
0x0847A30E	rom	0x18	sKnockoutChallengeMonIdxs
0x0847A328	rom	0x20	sSpritePal_321Start
0x0847A348	rom	0x454	sSpriteSheet_321Start
0x0847A7AC	rom	0x8	sOamData_Numbers
0x0847A7B4	rom	0x8	sOamData_Start
0x0847A7BC	rom	0x8	sAnim_Numbers_Three
0x0847A7C4	rom	0x8	sAnim_Numbers_Two
0x0847A7CC	rom	0x8	sAnim_Numbers_One
0x0847A7D4	rom	0xC	sAnimTable_Numbers
0x0847A7E0	rom	0x8	sAnim_StartLeft
0x0847A7E8	rom	0x8	sAnim_StartRight
0x0847A7F0	rom	0x8	sAnimTable_Start
0x0847A7F8	rom	0x10	sAffineAnim_Numbers_0
0x0847A808	rom	0x18	sAffineAnim_Numbers_1
0x0847A820	rom	0x10	sAffineAnim_Numbers_2
0x0847A830	rom	0x20	sAffineAnim_Numbers_3
0x0847A850	rom	0x10	sAffineAnimTable_Numbers
0x0847A890	rom	0x48	sBerryFixGraphics
0x0847A8D8	rom	0x22	gText_EasyChatKeyboard_ABCDEFothers
0x0847A8FA	rom	0x19	gText_EasyChatKeyboard_GHIJKL
0x0847A913	rom	0x21	gText_EasyChatKeyboard_MNOPQRS
0x0847A934	rom	0x21	gText_EasyChatKeyboard_TUVWXYZ
0x0847A955	rom	0x21	gText_NamingScreenKeyboard_abcdef
0x0847A976	rom	0x21	gText_NamingScreenKeyboard_ghijkl
0x0847A997	rom	0x21	gText_NamingScreenKeyboard_mnopqrs
0x0847A9B8	rom	0x21	gText_NamingScreenKeyboard_tuvwxyz
0x0847A9D9	rom	0x21	gText_NamingScreenKeyboard_ABCDEF
0x0847A9FA	rom	0x21	gText_NamingScreenKeyboard_GHIJKL
0x0847AA1B	rom	0x21	gText_NamingScreenKeyboard_MNOPQRS
0x0847AA3C	rom	0x21	gText_NamingScreenKeyboard_TUVWXYZ
0x0847AA5D	rom	0x19	gText_NamingScreenKeyboard_01234
0x0847AA76	rom	0x19	gText_NamingScreenKeyboard_56789
0x0847AA8F	rom	0x19	gText_NamingScreenKeyboard_Symbols1
0x0847AAA8	rom	0x19	gText_NamingScreenKeyboard_Symbols2
0x0847AAC1	rom	0x6	gText_UnionRoomChatKeyboard_ABCDE
0x0847AAC7	rom	0x6	gText_UnionRoomChatKeyboard_FGHIJ
0x0847AACD	rom	0x6	gText_UnionRoomChatKeyboard_KLMNO
0x0847AAD3	rom	0x6	gText_UnionRoomChatKeyboard_PQRST
0x0847AAD9	rom	0x6	gText_UnionRoomChatKeyboard_UVWXY
0x0847AADF	rom	0x6	gText_UnionRoomChatKeyboard_Z
0x0847AAE5	rom	0x6	gText_UnionRoomChatKeyboard_01234Upper
0x0847AAEB	rom	0x6	gText_UnionRoomChatKeyboard_56789Upper
0x0847AAF1	rom	0x6	gText_UnionRoomChatKeyboard_PunctuationUpper
0x0847AAF7	rom	0x6	gText_UnionRoomChatKeyboard_SymbolsUpper
0x0847AAFD	rom	0x6	gText_UnionRoomChatKeyboard_abcde
0x0847AB03	rom	0x6	gText_UnionRoomChatKeyboard_fghij
0x0847AB09	rom	0x6	gText_UnionRoomChatKeyboard_klmno
0x0847AB0F	rom	0x6	gText_UnionRoomChatKeyboard_pqrst
0x0847AB15	rom	0x6	gText_UnionRoomChatKeyboard_uvwxy
0x0847AB1B	rom	0x6	gText_UnionRoomChatKeyboard_z
0x0847AB21	rom	0x6	gText_UnionRoomChatKeyboard_01234Lower
0x0847AB27	rom	0x6	gText_UnionRoomChatKeyboard_56789Lower
0x0847AB2D	rom	0x6	gText_UnionRoomChatKeyboard_PunctuationLower
0x0847AB33	rom	0x6	gText_UnionRoomChatKeyboard_SymbolsLower
0x0847AB39	rom	0x1	gText_EmptyTextInput1
0x0847AB3A	rom	0x1	gText_EmptyTextInput2
0x0847AB3B	rom	0x1	gText_EmptyTextInput3
0x0847AB3C	rom	0x1	gText_EmptyTextInput4
0x0847AB3D	rom	0x1	gText_EmptyTextInput5
0x0847AB3E	rom	0x1	gText_EmptyTextInput6
0x0847AB3F	rom	0x1	gText_EmptyTextInput7
0x0847AB40	rom	0x1	gText_EmptyTextInput8
0x0847AB41	rom	0xB	gText_UnionRoomChatKeyboard_Emoji1
0x0847AB4C	rom	0xB	gText_UnionRoomChatKeyboard_Emoji2
0x0847AB57	rom	0xB	gText_UnionRoomChatKeyboard_Emoji3
0x0847AB62	rom	0x9	gText_UnionRoomChatKeyboard_Emoji4
0x0847AB6B	rom	0xB	gText_UnionRoomChatKeyboard_Emoji5
0x0847AB76	rom	0xB	gText_UnionRoomChatKeyboard_Emoji6
0x0847AB81	rom	0xB	gText_UnionRoomChatKeyboard_Emoji7
0x0847AB8C	rom	0xB	gText_UnionRoomChatKeyboard_Emoji8
0x0847AB97	rom	0xB	gText_UnionRoomChatKeyboard_Emoji9
0x0847ABA2	rom	0x8	gText_UnionRoomChatKeyboard_Emoji10
0x0847ABAC	rom	0x3E0	sTrainerTowerFloor_Single_4
0x0847AF8C	rom	0x3E0	sTrainerTowerFloor_Single_7
0x0847B36C	rom	0x3E0	sTrainerTowerFloor_Single_Unused
0x0847B74C	rom	0x3E0	sTrainerTowerFloor_Double_5
0x0847BB2C	rom	0x3E0	sTrainerTowerFloor_Double_6
0x0847BF0C	rom	0x3E0	sTrainerTowerFloor_Double_2
0x0847C2EC	rom	0x3E0	sTrainerTowerFloor_Knockout_1
0x0847C6CC	rom	0x3E0	sTrainerTowerFloor_Knockout_2
0x0847CAAC	rom	0x3E0	sTrainerTowerFloor_Single_5
0x0847CE8C	rom	0x3E0	sTrainerTowerFloor_Single_8
0x0847D26C	rom	0x3E0	sTrainerTowerFloor_Single_2
0x0847D64C	rom	0x3E0	sTrainerTowerFloor_Double_3
0x0847DA2C	rom	0x3E0	sTrainerTowerFloor_Double_1
0x0847DE0C	rom	0x3E0	sTrainerTowerFloor_Double_4
0x0847E1EC	rom	0x3E0	sTrainerTowerFloor_Knockout_8
0x0847E5CC	rom	0x3E0	sTrainerTowerFloor_Knockout_3
0x0847E9AC	rom	0x3E0	sTrainerTowerFloor_Single_6
0x0847ED8C	rom	0x3E0	sTrainerTowerFloor_Mixed_1
0x0847F16C	rom	0x3E0	sTrainerTowerFloor_Single_1
0x0847F54C	rom	0x3E0	sTrainerTowerFloor_Mixed_5
0x0847F92C	rom	0x3E0	sTrainerTowerFloor_Double_8
0x0847FD0C	rom	0x3E0	sTrainerTowerFloor_Double_Unused1
0x084800EC	rom	0x3E0	sTrainerTowerFloor_Knockout_7
0x084804CC	rom	0x3E0	sTrainerTowerFloor_Knockout_4
0x084808AC	rom	0x3E0	sTrainerTowerFloor_Single_3
0x08480C8C	rom	0x3E0	sTrainerTowerFloor_Mixed_3
0x0848106C	rom	0x3E0	sTrainerTowerFloor_Mixed_2
0x0848144C	rom	0x3E0	sTrainerTowerFloor_Double_Unused2
0x0848182C	rom	0x3E0	sTrainerTowerFloor_Double_7
0x08481C0C	rom	0x3E0	sTrainerTowerFloor_Double_Unused3
0x08481FEC	rom	0x3E0	sTrainerTowerFloor_Knockout_6
0x084823CC	rom	0x3E0	sTrainerTowerFloor_Knockout_5
0x084827AC	rom	0x8	gTrainerTowerLocalHeader
0x084827B4	rom	0x80	gTrainerTowerFloors
0x08482834	rom	0x40	gMoveDescription_Pound
0x08482874	rom	0x49	gMoveDescription_KarateChop
0x084828BD	rom	0x42	gMoveDescription_DoubleSlap
0x084828FF	rom	0x47	gMoveDescription_CometPunch
0x08482946	rom	0x3F	gMoveDescription_MegaPunch
0x08482985	rom	0x44	gMoveDescription_PayDay
0x084829C9	rom	0x48	gMoveDescription_FirePunch
0x08482A11	rom	0x42	gMoveDescription_IcePunch
0x08482A53	rom	0x4D	gMoveDescription_ThunderPunch
0x08482AA0	rom	0x2D	gMoveDescription_Scratch
0x08482ACD	rom	0x33	gMoveDescription_ViceGrip
0x08482B00	rom	0x46	gMoveDescription_Guillotine
0x08482B46	rom	0x4E	gMoveDescription_RazorWind
0x08482B94	rom	0x41	gMoveDescription_SwordsDance
0x08482BD5	rom	0x41	gMoveDescription_Cut
0x08482C16	rom	0x39	gMoveDescription_Gust
0x08482C4F	rom	0x3A	gMoveDescription_WingAttack
0x08482C89	rom	0x4A	gMoveDescription_Whirlwind
0x08482CD3	rom	0x4A	gMoveDescription_Fly
0x08482D1D	rom	0x49	gMoveDescription_Bind
0x08482D66	rom	0x30	gMoveDescription_Slam
0x08482D96	rom	0x32	gMoveDescription_VineWhip
0x08482DC8	rom	0x40	gMoveDescription_Stomp
0x08482E08	rom	0x3D	gMoveDescription_DoubleKick
0x08482E45	rom	0x3E	gMoveDescription_MegaKick
0x08482E83	rom	0x49	gMoveDescription_JumpKick
0x08482ECC	rom	0x3E	gMoveDescription_RollingKick
0x08482F0A	rom	0x42	gMoveDescription_SandAttack
0x08482F4C	rom	0x43	gMoveDescription_Headbutt
0x08482F8F	rom	0x41	gMoveDescription_HornAttack
0x08482FD0	rom	0x44	gMoveDescription_FuryAttack
0x08483014	rom	0x48	gMoveDescription_HornDrill
0x0848305C	rom	0x46	gMoveDescription_Tackle
0x084830A2	rom	0x49	gMoveDescription_BodySlam
0x084830EB	rom	0x45	gMoveDescription_Wrap
0x08483130	rom	0x48	gMoveDescription_TakeDown
0x08483178	rom	0x47	gMoveDescription_Thrash
0x084831BF	rom	0x44	gMoveDescription_DoubleEdge
0x08483203	rom	0x46	gMoveDescription_TailWhip
0x08483249	rom	0x42	gMoveDescription_PoisonSting
0x0848328B	rom	0x47	gMoveDescription_Twineedle
0x084832D2	rom	0x42	gMoveDescription_PinMissile
0x08483314	rom	0x44	gMoveDescription_Leer
0x08483358	rom	0x3F	gMoveDescription_Bite
0x08483397	rom	0x45	gMoveDescription_Growl
0x084833DC	rom	0x4A	gMoveDescription_Roar
0x08483426	rom	0x46	gMoveDescription_Sing
0x0848346C	rom	0x3C	gMoveDescription_Supersonic
0x084834A8	rom	0x45	gMoveDescription_SonicBoom
0x084834ED	rom	0x47	gMoveDescription_Disable
0x08483534	rom	0x4C	gMoveDescription_Acid
0x08483580	rom	0x42	gMoveDescription_Ember
0x084835C2	rom	0x44	gMoveDescription_Flamethrower
0x08483606	rom	0x45	gMoveDescription_Mist
0x0848364B	rom	0x48	gMoveDescription_WaterGun
0x08483693	rom	0x43	gMoveDescription_HydroPump
0x084836D6	rom	0x49	gMoveDescription_Surf
0x0848371F	rom	0x41	gMoveDescription_IceBeam
0x08483760	rom	0x41	gMoveDescription_Blizzard
0x084837A1	rom	0x42	gMoveDescription_Psybeam
0x084837E3	rom	0x47	gMoveDescription_BubbleBeam
0x0848382A	rom	0x43	gMoveDescription_AuroraBeam
0x0848386D	rom	0x46	gMoveDescription_HyperBeam
0x084838B3	rom	0x37	gMoveDescription_Peck
0x084838EA	rom	0x3D	gMoveDescription_DrillPeck
0x08483927	rom	0x47	gMoveDescription_Submission
0x0848396E	rom	0x40	gMoveDescription_LowKick
0x084839AE	rom	0x4A	gMoveDescription_Counter
0x084839F8	rom	0x42	gMoveDescription_SeismicToss
0x08483A3A	rom	0x48	gMoveDescription_Strength
0x08483A82	rom	0x43	gMoveDescription_Absorb
0x08483AC5	rom	0x47	gMoveDescription_MegaDrain
0x08483B0C	rom	0x4B	gMoveDescription_LeechSeed
0x08483B57	rom	0x3D	gMoveDescription_Growth
0x08483B94	rom	0x46	gMoveDescription_RazorLeaf
0x08483BDA	rom	0x48	gMoveDescription_SolarBeam
0x08483C22	rom	0x3B	gMoveDescription_PoisonPowder
0x08483C5D	rom	0x3E	gMoveDescription_StunSpore
0x08483C9B	rom	0x40	gMoveDescription_SleepPowder
0x08483CDB	rom	0x49	gMoveDescription_PetalDance
0x08483D24	rom	0x47	gMoveDescription_StringShot
0x08483D6B	rom	0x45	gMoveDescription_DragonRage
0x08483DB0	rom	0x4E	gMoveDescription_FireSpin
0x08483DFE	rom	0x40	gMoveDescription_ThunderShock
0x08483E3E	rom	0x42	gMoveDescription_Thunderbolt
0x08483E80	rom	0x42	gMoveDescription_ThunderWave
0x08483EC2	rom	0x41	gMoveDescription_Thunder
0x08483F03	rom	0x41	gMoveDescription_RockThrow
0x08483F44	rom	0x45	gMoveDescription_Earthquake
0x08483F89	rom	0x3E	gMoveDescription_Fissure
0x08483FC7	rom	0x48	gMoveDescription_Dig
0x0848400F	rom	0x49	gMoveDescription_Toxic
0x08484058	rom	0x40	gMoveDescription_Confusion
0x08484098	rom	0x47	gMoveDescription_Psychic
0x084840DF	rom	0x44	gMoveDescription_Hypnosis
0x08484123	rom	0x42	gMoveDescription_Meditate
0x08484165	rom	0x43	gMoveDescription_Agility
0x084841A8	rom	0x41	gMoveDescription_QuickAttack
0x084841E9	rom	0x45	gMoveDescription_Rage
0x0848422E	rom	0x4A	gMoveDescription_Teleport
0x08484278	rom	0x48	gMoveDescription_NightShade
0x084842C0	rom	0x4A	gMoveDescription_Mimic
0x0848430A	rom	0x49	gMoveDescription_Screech
0x08484353	rom	0x45	gMoveDescription_DoubleTeam
0x08484398	rom	0x4D	gMoveDescription_Recover
0x084843E5	rom	0x49	gMoveDescription_Harden
0x0848442E	rom	0x48	gMoveDescription_Minimize
0x08484476	rom	0x3F	gMoveDescription_Smokescreen
0x084844B5	rom	0x3E	gMoveDescription_ConfuseRay
0x084844F3	rom	0x49	gMoveDescription_Withdraw
0x0848453C	rom	0x44	gMoveDescription_DefenseCurl
0x08484580	rom	0x45	gMoveDescription_Barrier
0x084845C5	rom	0x41	gMoveDescription_LightScreen
0x08484606	rom	0x41	gMoveDescription_Haze
0x08484647	rom	0x42	gMoveDescription_Reflect
0x08484689	rom	0x4A	gMoveDescription_FocusEnergy
0x084846D3	rom	0x42	gMoveDescription_Bide
0x08484715	rom	0x49	gMoveDescription_Metronome
0x0848475E	rom	0x44	gMoveDescription_MirrorMove
0x084847A2	rom	0x46	gMoveDescription_SelfDestruct
0x084847E8	rom	0x45	gMoveDescription_EggBomb
0x0848482D	rom	0x44	gMoveDescription_Lick
0x08484871	rom	0x44	gMoveDescription_Smog
0x084848B5	rom	0x3D	gMoveDescription_Sludge
0x084848F2	rom	0x49	gMoveDescription_BoneClub
0x0848493B	rom	0x4B	gMoveDescription_FireBlast
0x08484986	rom	0x44	gMoveDescription_Waterfall
0x084849CA	rom	0x4B	gMoveDescription_Clamp
0x08484A15	rom	0x42	gMoveDescription_Swift
0x08484A57	rom	0x4B	gMoveDescription_SkullBash
0x08484AA2	rom	0x3F	gMoveDescription_SpikeCannon
0x08484AE1	rom	0x46	gMoveDescription_Constrict
0x08484B27	rom	0x34	gMoveDescription_Amnesia
0x08484B5B	rom	0x46	gMoveDescription_Kinesis
0x08484BA1	rom	0x4A	gMoveDescription_SoftBoiled
0x08484BEB	rom	0x3C	gMoveDescription_HiJumpKick
0x08484C27	rom	0x4E	gMoveDescription_Glare
0x08484C75	rom	0x46	gMoveDescription_DreamEater
0x08484CBB	rom	0x46	gMoveDescription_PoisonGas
0x08484D01	rom	0x41	gMoveDescription_Barrage
0x08484D42	rom	0x43	gMoveDescription_LeechLife
0x08484D85	rom	0x48	gMoveDescription_LovelyKiss
0x08484DCD	rom	0x4B	gMoveDescription_SkyAttack
0x08484E18	rom	0x48	gMoveDescription_Transform
0x08484E60	rom	0x44	gMoveDescription_Bubble
0x08484EA4	rom	0x41	gMoveDescription_DizzyPunch
0x08484EE5	rom	0x3B	gMoveDescription_Spore
0x08484F20	rom	0x4A	gMoveDescription_Flash
0x08484F6A	rom	0x4B	gMoveDescription_Psywave
0x08484FB5	rom	0x43	gMoveDescription_Splash
0x08484FF8	rom	0x47	gMoveDescription_AcidArmor
0x0848503F	rom	0x4C	gMoveDescription_Crabhammer
0x0848508B	rom	0x49	gMoveDescription_Explosion
0x084850D4	rom	0x40	gMoveDescription_FurySwipes
0x08485114	rom	0x4A	gMoveDescription_Bonemerang
0x0848515E	rom	0x4F	gMoveDescription_Rest
0x084851AD	rom	0x42	gMoveDescription_RockSlide
0x084851EF	rom	0x42	gMoveDescription_HyperFang
0x08485231	rom	0x46	gMoveDescription_Sharpen
0x08485277	rom	0x41	gMoveDescription_Conversion
0x084852B8	rom	0x49	gMoveDescription_TriAttack
0x08485301	rom	0x3B	gMoveDescription_SuperFang
0x0848533C	rom	0x46	gMoveDescription_Slash
0x08485382	rom	0x3C	gMoveDescription_Substitute
0x084853BE	rom	0x47	gMoveDescription_Struggle
0x08485405	rom	0x41	gMoveDescription_Sketch
0x08485446	rom	0x45	gMoveDescription_TripleKick
0x0848548B	rom	0x4B	gMoveDescription_Thief
0x084854D6	rom	0x47	gMoveDescription_SpiderWeb
0x0848551D	rom	0x43	gMoveDescription_MindReader
0x08485560	rom	0x4A	gMoveDescription_Nightmare
0x084855AA	rom	0x3F	gMoveDescription_FlameWheel
0x084855E9	rom	0x46	gMoveDescription_Snore
0x0848562F	rom	0x4A	gMoveDescription_Curse
0x08485679	rom	0x48	gMoveDescription_Flail
0x084856C1	rom	0x4B	gMoveDescription_Conversion2
0x0848570C	rom	0x46	gMoveDescription_Aeroblast
0x08485752	rom	0x46	gMoveDescription_CottonSpore
0x08485798	rom	0x47	gMoveDescription_Reversal
0x084857DF	rom	0x3F	gMoveDescription_Spite
0x0848581E	rom	0x39	gMoveDescription_PowderSnow
0x08485857	rom	0x4A	gMoveDescription_Protect
0x084858A1	rom	0x41	gMoveDescription_MachPunch
0x084858E2	rom	0x41	gMoveDescription_ScaryFace
0x08485923	rom	0x48	gMoveDescription_FaintAttack
0x0848596B	rom	0x43	gMoveDescription_SweetKiss
0x084859AE	rom	0x44	gMoveDescription_BellyDrum
0x084859F2	rom	0x3E	gMoveDescription_SludgeBomb
0x08485A30	rom	0x4A	gMoveDescription_MudSlap
0x08485A7A	rom	0x47	gMoveDescription_Octazooka
0x08485AC1	rom	0x4B	gMoveDescription_Spikes
0x08485B0C	rom	0x49	gMoveDescription_ZapCannon
0x08485B55	rom	0x47	gMoveDescription_Foresight
0x08485B9C	rom	0x42	gMoveDescription_DestinyBond
0x08485BDE	rom	0x46	gMoveDescription_PerishSong
0x08485C24	rom	0x42	gMoveDescription_IcyWind
0x08485C66	rom	0x4A	gMoveDescription_Detect
0x08485CB0	rom	0x40	gMoveDescription_BoneRush
0x08485CF0	rom	0x40	gMoveDescription_LockOn
0x08485D30	rom	0x47	gMoveDescription_Outrage
0x08485D77	rom	0x4A	gMoveDescription_Sandstorm
0x08485DC1	rom	0x48	gMoveDescription_GigaDrain
0x08485E09	rom	0x4C	gMoveDescription_Endure
0x08485E55	rom	0x4B	gMoveDescription_Charm
0x08485EA0	rom	0x41	gMoveDescription_Rollout
0x08485EE1	rom	0x43	gMoveDescription_FalseSwipe
0x08485F24	rom	0x48	gMoveDescription_Swagger
0x08485F6C	rom	0x4A	gMoveDescription_MilkDrink
0x08485FB6	rom	0x3F	gMoveDescription_Spark
0x08485FF5	rom	0x36	gMoveDescription_FuryCutter
0x0848602B	rom	0x4A	gMoveDescription_SteelWing
0x08486075	rom	0x42	gMoveDescription_MeanLook
0x084860B7	rom	0x4E	gMoveDescription_Attract
0x08486105	rom	0x40	gMoveDescription_SleepTalk
0x08486145	rom	0x42	gMoveDescription_HealBell
0x08486187	rom	0x4A	gMoveDescription_Return
0x084861D1	rom	0x4A	gMoveDescription_Present
0x0848621B	rom	0x4A	gMoveDescription_Frustration
0x08486265	rom	0x46	gMoveDescription_Safeguard
0x084862AB	rom	0x48	gMoveDescription_PainSplit
0x084862F3	rom	0x3D	gMoveDescription_SacredFire
0x08486330	rom	0x48	gMoveDescription_Magnitude
0x08486378	rom	0x4F	gMoveDescription_DynamicPunch
0x084863C7	rom	0x44	gMoveDescription_Megahorn
0x0848640B	rom	0x4A	gMoveDescription_DragonBreath
0x08486455	rom	0x4A	gMoveDescription_BatonPass
0x0848649F	rom	0x49	gMoveDescription_Encore
0x084864E8	rom	0x4A	gMoveDescription_Pursuit
0x08486532	rom	0x47	gMoveDescription_RapidSpin
0x08486579	rom	0x46	gMoveDescription_SweetScent
0x084865BF	rom	0x47	gMoveDescription_IronTail
0x08486606	rom	0x4B	gMoveDescription_MetalClaw
0x08486651	rom	0x42	gMoveDescription_VitalThrow
0x08486693	rom	0x4B	gMoveDescription_MorningSun
0x084866DE	rom	0x4B	gMoveDescription_Synthesis
0x08486729	rom	0x4B	gMoveDescription_Moonlight
0x08486774	rom	0x43	gMoveDescription_HiddenPower
0x084867B7	rom	0x44	gMoveDescription_CrossChop
0x084867FB	rom	0x3F	gMoveDescription_Twister
0x0848683A	rom	0x42	gMoveDescription_RainDance
0x0848687C	rom	0x3C	gMoveDescription_SunnyDay
0x084868B8	rom	0x46	gMoveDescription_Crunch
0x084868FE	rom	0x43	gMoveDescription_MirrorCoat
0x08486941	rom	0x49	gMoveDescription_PsychUp
0x0848698A	rom	0x45	gMoveDescription_ExtremeSpeed
0x084869CF	rom	0x4C	gMoveDescription_AncientPower
0x08486A1B	rom	0x47	gMoveDescription_ShadowBall
0x08486A62	rom	0x44	gMoveDescription_FutureSight
0x08486AA6	rom	0x49	gMoveDescription_RockSmash
0x08486AEF	rom	0x47	gMoveDescription_Whirlpool
0x08486B36	rom	0x48	gMoveDescription_BeatUp
0x08486B7E	rom	0x49	gMoveDescription_FakeOut
0x08486BC7	rom	0x49	gMoveDescription_Uproar
0x08486C10	rom	0x45	gMoveDescription_Stockpile
0x08486C55	rom	0x40	gMoveDescription_SpitUp
0x08486C95	rom	0x3F	gMoveDescription_Swallow
0x08486CD4	rom	0x48	gMoveDescription_HeatWave
0x08486D1C	rom	0x48	gMoveDescription_Hail
0x08486D64	rom	0x4D	gMoveDescription_Torment
0x08486DB1	rom	0x41	gMoveDescription_Flatter
0x08486DF2	rom	0x45	gMoveDescription_WillOWisp
0x08486E37	rom	0x42	gMoveDescription_Memento
0x08486E79	rom	0x45	gMoveDescription_Facade
0x08486EBE	rom	0x46	gMoveDescription_FocusPunch
0x08486F04	rom	0x4C	gMoveDescription_SmellingSalt
0x08486F50	rom	0x46	gMoveDescription_FollowMe
0x08486F96	rom	0x3E	gMoveDescription_NaturePower
0x08486FD4	rom	0x40	gMoveDescription_Charge
0x08487014	rom	0x48	gMoveDescription_Taunt
0x0848705C	rom	0x3F	gMoveDescription_HelpingHand
0x0848709B	rom	0x42	gMoveDescription_Trick
0x084870DD	rom	0x41	gMoveDescription_RolePlay
0x0848711E	rom	0x45	gMoveDescription_Wish
0x08487163	rom	0x3E	gMoveDescription_Assist
0x084871A1	rom	0x48	gMoveDescription_Ingrain
0x084871E9	rom	0x4B	gMoveDescription_Superpower
0x08487234	rom	0x42	gMoveDescription_MagicCoat
0x08487276	rom	0x34	gMoveDescription_Recycle
0x084872AA	rom	0x48	gMoveDescription_Revenge
0x084872F2	rom	0x46	gMoveDescription_BrickBreak
0x08487338	rom	0x40	gMoveDescription_Yawn
0x08487378	rom	0x46	gMoveDescription_KnockOff
0x084873BE	rom	0x3D	gMoveDescription_Endeavor
0x084873FB	rom	0x41	gMoveDescription_Eruption
0x0848743C	rom	0x43	gMoveDescription_SkillSwap
0x0848747F	rom	0x42	gMoveDescription_Imprison
0x084874C1	rom	0x4C	gMoveDescription_Refresh
0x0848750D	rom	0x4B	gMoveDescription_Grudge
0x08487558	rom	0x42	gMoveDescription_Snatch
0x0848759A	rom	0x4B	gMoveDescription_SecretPower
0x084875E5	rom	0x43	gMoveDescription_Dive
0x08487628	rom	0x43	gMoveDescription_ArmThrust
0x0848766B	rom	0x3C	gMoveDescription_Camouflage
0x084876A7	rom	0x3F	gMoveDescription_TailGlow
0x084876E6	rom	0x47	gMoveDescription_LusterPurge
0x0848772D	rom	0x44	gMoveDescription_MistBall
0x08487771	rom	0x4A	gMoveDescription_FeatherDance
0x084877BB	rom	0x38	gMoveDescription_TeeterDance
0x084877F3	rom	0x47	gMoveDescription_BlazeKick
0x0848783A	rom	0x40	gMoveDescription_MudSport
0x0848787A	rom	0x42	gMoveDescription_IceBall
0x084878BC	rom	0x39	gMoveDescription_NeedleArm
0x084878F5	rom	0x3D	gMoveDescription_SlackOff
0x08487932	rom	0x44	gMoveDescription_HyperVoice
0x08487976	rom	0x46	gMoveDescription_PoisonFang
0x084879BC	rom	0x4B	gMoveDescription_CrushClaw
0x08487A07	rom	0x4C	gMoveDescription_BlastBurn
0x08487A53	rom	0x4B	gMoveDescription_HydroCannon
0x08487A9E	rom	0x4D	gMoveDescription_MeteorMash
0x08487AEB	rom	0x44	gMoveDescription_Astonish
0x08487B2F	rom	0x42	gMoveDescription_WeatherBall
0x08487B71	rom	0x4E	gMoveDescription_Aromatherapy
0x08487BBF	rom	0x40	gMoveDescription_FakeTears
0x08487BFF	rom	0x47	gMoveDescription_AirCutter
0x08487C46	rom	0x45	gMoveDescription_Overheat
0x08487C8B	rom	0x47	gMoveDescription_OdorSleuth
0x08487CD2	rom	0x4B	gMoveDescription_RockTomb
0x08487D1D	rom	0x4B	gMoveDescription_SilverWind
0x08487D68	rom	0x48	gMoveDescription_MetalSound
0x08487DB0	rom	0x3F	gMoveDescription_GrassWhistle
0x08487DEF	rom	0x41	gMoveDescription_Tickle
0x08487E30	rom	0x42	gMoveDescription_CosmicPower
0x08487E72	rom	0x41	gMoveDescription_WaterSpout
0x08487EB3	rom	0x43	gMoveDescription_SignalBeam
0x08487EF6	rom	0x3F	gMoveDescription_ShadowPunch
0x08487F35	rom	0x41	gMoveDescription_Extrasensory
0x08487F76	rom	0x3E	gMoveDescription_SkyUppercut
0x08487FB4	rom	0x45	gMoveDescription_SandTomb
0x08487FF9	rom	0x48	gMoveDescription_SheerCold
0x08488041	rom	0x49	gMoveDescription_MuddyWater
0x0848808A	rom	0x46	gMoveDescription_BulletSeed
0x084880D0	rom	0x41	gMoveDescription_AerialAce
0x08488111	rom	0x42	gMoveDescription_IcicleSpear
0x08488153	rom	0x47	gMoveDescription_IronDefense
0x0848819A	rom	0x47	gMoveDescription_Block
0x084881E1	rom	0x3E	gMoveDescription_Howl
0x0848821F	rom	0x47	gMoveDescription_DragonClaw
0x08488266	rom	0x4E	gMoveDescription_FrenzyPlant
0x084882B4	rom	0x47	gMoveDescription_BulkUp
0x084882FB	rom	0x46	gMoveDescription_Bounce
0x08488341	rom	0x42	gMoveDescription_MudShot
0x08488383	rom	0x46	gMoveDescription_PoisonTail
0x084883C9	rom	0x3F	gMoveDescription_Covet
0x08488408	rom	0x43	gMoveDescription_VoltTackle
0x0848844B	rom	0x3F	gMoveDescription_MagicalLeaf
0x0848848A	rom	0x3B	gMoveDescription_WaterSport
0x084884C5	rom	0x42	gMoveDescription_CalmMind
0x08488507	rom	0x48	gMoveDescription_LeafBlade
0x0848854F	rom	0x48	gMoveDescription_DragonDance
0x08488597	rom	0x3C	gMoveDescription_RockBlast
0x084885D3	rom	0x41	gMoveDescription_ShockWave
0x08488614	rom	0x46	gMoveDescription_WaterPulse
0x0848865A	rom	0x47	gMoveDescription_DoomDesire
0x084886A1	rom	0x45	gMoveDescription_PsychoBoost
0x084886E8	rom	0x588	gMoveDescriptionPointers
0x08488C70	rom	0x32	gText_MysteryGiftBerry
0x08488CA2	rom	0x2C	gText_MysteryGiftBerryTransform
0x08488CCE	rom	0x28	gText_MysteryGiftBerryObtained
0x08488CF6	rom	0x34	gText_MysteryGiftSpecialRibbon
0x08488D2A	rom	0x36	gText_MysteryGiftNationalDex
0x08488D60	rom	0x1C	gText_MysteryGiftRareWord
0x08488D7C	rom	0x12	gText_MysteryGiftSentOver
0x08488D8E	rom	0x2F	gText_MysteryGiftFullParty
0x08488DBD	rom	0x24	gText_MysteryGiftNewTrainer
0x08488DE1	rom	0x1C	gText_MysteryGiftNewAdversaryInBattleTower
0x08488DFD	rom	0x29	gText_MysteryGiftCantBeUsed
0x08489968	rom	0x90	gMPlayJumpTableTemplate
0x084899F8	rom	0x10	gDeltaEncodingTable
0x08489A08	rom	0xB4	gScaleTable
0x08489ABC	rom	0x30	gFreqTable
0x08489AEC	rom	0x18	gPcmSamplesPerVBlankTable
0x08489B04	rom	0x84	gCgbScaleTable
0x08489B88	rom	0x18	gCgbFreqTable
0x08489BA0	rom	0x3C	gNoiseTable
0x08489BDC	rom	0x10	gCgb3Vol
0x08489BEC	rom	0x31	gClockTable
0x08489C20	rom	0x34	gPokemonCrySongTemplate
0x08489C54	rom	0x38	gXcmdTable
0x086FBF14	rom	0xD	AgbLibFlashVersion
0x086FBF24	rom	0xC	sSetupInfos
0x086FBF58	rom	0x18	mxMaxTime
0x086FBF70	rom	0x30	MX29L010
0x086FBFA0	rom	0x30	DefaultFlash
0x086FBFF4	rom	0x18	leMaxTime
0x086FC00C	rom	0x30	LE26FV10N1TS
0x086FC03C	rom	0x20	llsf_struct
0x086FC05C	rom	0xA	version_string
0x086FC068	rom	0xA	str_checkMbootLL
0x086FC074	rom	0x8	Sio32ConnectionData
0x086FC07C	rom	0xF	Sio32IDLib_Var
0x086FC0F0	rom	0x100	__clz_tab
0x086FC1F0	rom	0x100	__clz_tab
0x086FC2F4	rom	0x10	blanks.12
0x086FC304	rom	0x10	zeroes.13
0x086FC384	rom	0x30	lconv
0x086FC3C0	rom	0xC	p05.27
0x086FC3CC	rom	0xC8	__mprec_tens
0x086FC494	rom	0x28	__mprec_bigtens
0x086FC4BC	rom	0x28	__mprec_tinytens
0x08D00000	rom	0x4D8	gBattleInterface_Textbox_Gfx
0x08D004D8	rom	0x44	gBattleInterface_Textbox_Pal
0x08D0051C	rom	0x22C	gBattleInterface_Textbox_Tilemap
0x08D00748	rom	0x244	gMonFrontPic_CircledQuestionMark
0x08D0098C	rom	0x244	gMonBackPic_CircledQuestionMark
0x08D00BD0	rom	0x18	gMonPalette_CircledQuestionMark
0x08D00BE8	rom	0x18	gMonShinyPalette_CircledQuestionMark
0x08D00C00	rom	0x7D8	gUnusedGfx_OldCharmap
0x08D013D8	rom	0x22C	gUnusedTimemap_OldCharmap
0x08D01604	rom	0x28	gUnusedPal_OldCharmap
0x08D0162C	rom	0xE0	gSmokescreenImpactTiles
0x08D0170C	rom	0x18	gSmokescreenImpactPalette
0x08D01724	rom	0xBC	gBallGfx_Poke
0x08D017E0	rom	0x20	gBallPal_Poke
0x08D01800	rom	0xBC	gBallGfx_Great
0x08D018BC	rom	0x24	gBallPal_Great
0x08D018E0	rom	0xC4	gBallGfx_Safari
0x08D019A4	rom	0x24	gBallPal_Safari
0x08D019C8	rom	0xB4	gBallGfx_Ultra
0x08D01A7C	rom	0x20	gBallPal_Ultra
0x08D01A9C	rom	0xC0	gBallGfx_Master
0x08D01B5C	rom	0x24	gBallPal_Master
0x08D01B80	rom	0xC0	gBallGfx_Net
0x08D01C40	rom	0x20	gBallPal_Net
0x08D01C60	rom	0x114	gBallGfx_Dive
0x08D01D74	rom	0x28	gBallPal_Dive
0x08D01D9C	rom	0xC4	gBallGfx_Nest
0x08D01E60	rom	0x24	gBallPal_Nest
0x08D01E84	rom	0xC0	gBallGfx_Repeat
0x08D01F44	rom	0x24	gBallPal_Repeat
0x08D01F68	rom	0xF8	gBallGfx_Timer
0x08D02060	rom	0x24	gBallPal_Timer
0x08D02084	rom	0x12C	gBallGfx_Luxury
0x08D021B0	rom	0x28	gBallPal_Luxury
0x08D021D8	rom	0xF0	gBallGfx_Premier
0x08D022C8	rom	0x20	gBallPal_Premier
0x08D022E8	rom	0x7C	gOpenPokeballGfx
0x08D02364	rom	0xFC	gBlankGfxCompressed
0x08D02460	rom	0xC0	gBattleAnimSpriteGfx_Bubble
0x08D02520	rom	0xB0	gBattleAnimSpriteGfx_Bone
0x08D025D0	rom	0x74	gBattleAnimSpriteGfx_AirWave
0x08D02644	rom	0xB0	gBattleAnimSpriteGfx_Orb
0x08D026F4	rom	0xD4	gBattleAnimSpriteGfx_Sword
0x08D027C8	rom	0xCC	gBattleAnimSpriteGfx_Seed
0x08D02894	rom	0x20	gBattleAnimSpritePal_RainDrops
0x08D028B4	rom	0x24	gBattleAnimSpritePal_Bone
0x08D028D8	rom	0x28	gBattleAnimSpritePal_AirWave
0x08D02900	rom	0x14	gBattleAnimSpritePal_Orb
0x08D02914	rom	0x28	gBattleAnimSpritePal_Sword
0x08D0293C	rom	0x28	gBattleAnimSpritePal_Seed
0x08D02964	rom	0x28	gBattleAnimSpriteGfx_Needle
0x08D0298C	rom	0x28	gBattleAnimSpritePal_Needle
0x08D029B4	rom	0x17C	gBattleAnimSpriteGfx_Explosion6
0x08D02B30	rom	0x20	gBattleAnimSpritePal_Explosion6
0x08D02B50	rom	0x20	gBattleAnimSpriteGfx_PinkOrb
0x08D02B70	rom	0x1C	gBattleAnimSpritePal_PinkOrb
0x08D02B8C	rom	0x20	gBattleAnimSpritePal_IceCube
0x08D02BAC	rom	0x3E0	gBattleAnimSpriteGfx_IceCube
0x08D02F8C	rom	0x2E8	gBattleAnimSpriteGfx_Gust
0x08D03274	rom	0x20	gBattleAnimSpritePal_Gust
0x08D03294	rom	0x78	gBattleAnimSpriteGfx_Spark2
0x08D0330C	rom	0x28	gBattleAnimSpritePal_Spark2
0x08D03334	rom	0x68	gBattleAnimSpriteGfx_Orange
0x08D0339C	rom	0x18	gBattleAnimSpritePal_Orange
0x08D033B4	rom	0x48	gBattleAnimSpriteGfx_Spikes
0x08D033FC	rom	0x24	gBattleAnimSpritePal_Spikes
0x08D03420	rom	0x34	gBattleAnimSpriteGfx_YellowBall
0x08D03454	rom	0x18	gBattleAnimSpritePal_YellowBall
0x08D0346C	rom	0x6C	gBattleAnimSpriteGfx_TiedBag
0x08D034D8	rom	0x28	gBattleAnimSpritePal_TiedBag
0x08D03500	rom	0x70	gBattleAnimSpriteGfx_BlackSmoke
0x08D03570	rom	0x10	gBattleAnimSpritePal_BlackSmoke
0x08D03580	rom	0x20	gBattleAnimSpriteGfx_BlackBall
0x08D035A0	rom	0x24	gBattleAnimSpritePal_BlackBall
0x08D035C4	rom	0x1C	gBattleAnimSpritePal_Glass
0x08D035E0	rom	0xC0	gBattleAnimSpriteGfx_Glass
0x08D036A0	rom	0xCC	gBattleAnimSpriteGfx_HornHit
0x08D0376C	rom	0x28	gBattleAnimSpritePal_HornHit
0x08D03794	rom	0x28	gBattleAnimSpritePal_BlueShards
0x08D037BC	rom	0x108	gBattleAnimSpriteGfx_BlueShards
0x08D038C4	rom	0x28	gUnused_BattleSpritePalette_023
0x08D038EC	rom	0xFC	gUnusedGfx_MusicNotes
0x08D039E8	rom	0x28	gBattleAnimSpritePal_Hit
0x08D03A10	rom	0x338	gBattleAnimSpriteGfx_Hit
0x08D03D48	rom	0x28	gBattleAnimSpritePal_Hit2
0x08D03D70	rom	0x28	gBattleAnimSpritePal_WavingHand
0x08D03D98	rom	0xF0	gBattleAnimSpriteGfx_WavingHand
0x08D03E88	rom	0xCC	gBattleAnimSpriteGfx_ClosingEye
0x08D03F54	rom	0x14	gBattleAnimSpritePal_ClosingEye
0x08D03F68	rom	0x3E0	gBattleAnimSpriteGfx_BlueStar
0x08D04348	rom	0x20	gBattleAnimSpritePal_BlueStar
0x08D04368	rom	0x28	gBattleAnimSpritePal_BubbleBurst
0x08D04390	rom	0xEC	gBattleAnimSpriteGfx_BubbleBurst
0x08D0447C	rom	0x338	gBattleAnimSpriteGfx_HitDuplicate
0x08D047B4	rom	0x28	gBattleAnimSpritePal_HitDuplicate
0x08D047DC	rom	0x28	gBattleAnimSpritePal_Leer
0x08D04804	rom	0x2FC	gBattleAnimSpriteGfx_Leer
0x08D04B00	rom	0x28	gBattleAnimSpritePal_BlueBurst
0x08D04B28	rom	0x350	gBattleAnimSpriteGfx_BlueBurst
0x08D04E78	rom	0x2B8	gBattleAnimSpriteGfx_SmallEmber
0x08D05130	rom	0x28	gBattleAnimSpritePal_SmallEmber
0x08D05158	rom	0x3C0	gBattleAnimSpriteGfx_GraySmoke
0x08D05518	rom	0x24	gBattleAnimSpritePal_GraySmoke
0x08D0553C	rom	0x28	gBattleAnimSpritePal_Fire
0x08D05564	rom	0x970	gBattleAnimSpriteGfx_Fire
0x08D05ED4	rom	0x3CC	gBattleAnimSpriteGfx_SpinningFire
0x08D062A0	rom	0x398	gBattleAnimSpriteGfx_FirePlume
0x08D06638	rom	0x28	gBattleAnimSpritePal_Lightning2
0x08D06660	rom	0x3D4	gBattleAnimSpriteGfx_Lightning2
0x08D06A34	rom	0x34C	gBattleAnimSpriteGfx_Lightning
0x08D06D80	rom	0x44	gBattleAnimSpriteGfx_SpinningBall
0x08D06DC4	rom	0x14	gBattleAnimSpritePal_SpinningBall
0x08D06DD8	rom	0x34	gBattleAnimSpritePal_SpinningBall2
0x08D06E0C	rom	0x364	gOldBattleInterfaceGfx
0x08D07170	rom	0x44	gOldBattleInterfacePal_1_2_3
0x08D071B4	rom	0x18	gOldBattleInterfacePal4
0x08D071CC	rom	0x58	gOldBattleInterfacePal_5_6_7
0x08D07224	rom	0x5C8	gOldBattleInterfaceGfx2
0x08D077EC	rom	0x110	gOldBattleInterfaceTilemap
0x08D078FC	rom	0x28	gBattleAnimSpritePal_ClawSlash2
0x08D07924	rom	0x28	gBattleAnimSpritePal_ClawSlash
0x08D0794C	rom	0x224	gBattleAnimSpriteGfx_ClawSlash2
0x08D07B70	rom	0x2FC	gBattleAnimSpriteGfx_ClawSlash
0x08D07E6C	rom	0x20C	gBattleAnimSpriteGfx_Scratch3
0x08D08078	rom	0x1A0	gBattleAnimSpriteGfx_Scratch2
0x08D08218	rom	0x94	gUnusedHpBar_Gfx
0x08D082AC	rom	0x2D0	gBattleAnimSpriteGfx_BubbleBurst2
0x08D0857C	rom	0x28	gBattleAnimSpritePal_BubbleBurst2
0x08D085A4	rom	0x400	gBattleAnimSpriteGfx_IceChunk
0x08D089A4	rom	0x28	gBattleAnimSpritePal_IceChunk
0x08D089CC	rom	0x28	gBattleAnimSpritePal_Glass2
0x08D089F4	rom	0x26C	gBattleAnimSpriteGfx_Glass2
0x08D08C60	rom	0x28	gBattleAnimSpritePal_PinkHeart2
0x08D08C88	rom	0x26C	gBattleAnimSpriteGfx_PinkHeart2
0x08D08EF4	rom	0x4BC	gInterfaceGfx_UnusedWindow
0x08D093B0	rom	0x28	gInterfacePal_UnusedWindow
0x08D093D8	rom	0x214	gInterfaceGfx_HPNumbers
0x08D095EC	rom	0x3E0	gBattleAnimSpriteGfx_SapDrip
0x08D099CC	rom	0x20	gBattleAnimSpritePal_SapDrip
0x08D099EC	rom	0x24	gBattleAnimSpritePal_SapDrip2
0x08D09A10	rom	0x29C	gUnusedGfx_Window2
0x08D09CAC	rom	0x2C	gUnusedGfx_Window2Bar
0x08D09CD8	rom	0x298	gBattleAnimSpriteGfx_Sparkle1
0x08D09F70	rom	0x28	gBattleAnimSpritePal_Sparkle1
0x08D09F98	rom	0x28	gBattleAnimSpritePal_Sparkle2
0x08D09FC0	rom	0x24	gBattleAnimSpritePal_HumanoidFoot
0x08D09FE4	rom	0xA0	gBattleAnimSpriteGfx_HumanoidFoot
0x08D0A084	rom	0xAC	gBattleAnimSpriteGfx_MonsterFoot
0x08D0A130	rom	0xCC	gBattleAnimSpriteGfx_HumanoidHand
0x08D0A1FC	rom	0x184	gUnusedGfx_LineSketch
0x08D0A380	rom	0x10	gUnusedPal_LineSketch
0x08D0A390	rom	0x2C	gBattleAnimSpriteGfx_YellowUnk
0x08D0A3BC	rom	0x18	gBattleAnimSpritePal_YellowUnk
0x08D0A3D4	rom	0x4A8	gBattleAnimSpriteGfx_SlamHit
0x08D0A87C	rom	0x28	gBattleAnimSpritePal_SlamHit
0x08D0A8A4	rom	0xC4	gBattleAnimSpriteGfx_RedFist
0x08D0A968	rom	0x88	gBattleAnimSpriteGfx_Ring
0x08D0A9F0	rom	0x24	gBattleAnimSpritePal_Ring
0x08D0AA14	rom	0x468	gBattleAnimSpriteGfx_Rocks
0x08D0AE7C	rom	0x28	gBattleAnimSpritePal_Rocks
0x08D0AEA4	rom	0x60	gBattleAnimSpriteGfx_Z
0x08D0AF04	rom	0x1C	gBattleAnimSpritePal_Z
0x08D0AF20	rom	0x28	gBattleAnimSpriteGfx_YellowUnk2
0x08D0AF48	rom	0x1C	gBattleAnimSpritePal_YellowUnk2
0x08D0AF64	rom	0xB0	gBattleAnimSpriteGfx_AirSlash
0x08D0B014	rom	0x20	gBattleAnimSpritePal_AirSlash
0x08D0B034	rom	0x3D0	gBattleAnimSpriteGfx_SpinningGreenOrbs
0x08D0B404	rom	0x28	gBattleAnimSpritePal_SpinningGreenOrbs
0x08D0B42C	rom	0x1BC	gBattleAnimSpriteGfx_Leaf
0x08D0B5E8	rom	0x28	gBattleAnimSpritePal_Leaf
0x08D0B610	rom	0x70	gUnusedGfx_Metronome
0x08D0B680	rom	0x24	gBattleAnimSpritePal_Clapping
0x08D0B6A4	rom	0x114	gBattleAnimSpriteGfx_PoisonPowder
0x08D0B7B8	rom	0x20	gBattleAnimSpritePal_PoisonPowder
0x08D0B7D8	rom	0x4C	gBattleAnimSpriteGfx_BrownTriangle
0x08D0B824	rom	0x28	gBattleAnimSpritePal_BrownTriangle
0x08D0B84C	rom	0x80	gBattleAnimSpriteGfx_Sparkle3
0x08D0B8CC	rom	0x28	gBattleAnimSpritePal_Sparkle3
0x08D0B8F4	rom	0x22C	gBattleAnimSpriteGfx_Sparkle4
0x08D0BB20	rom	0xD0	gBattleAnimSpriteGfx_MusicNotes
0x08D0BBF0	rom	0x18	gBattleAnimSpritePal_MusicNotes
0x08D0BC08	rom	0x11C	gBattleAnimSpriteGfx_Duck
0x08D0BD24	rom	0x20	gBattleAnimSpritePal_Duck
0x08D0BD44	rom	0x27C	gBattleAnimSpriteGfx_Alert
0x08D0BFC0	rom	0x24	gBattleAnimSpritePal_Alert
0x08D0BFE4	rom	0x198	gBattleAnimSpriteGfx_Shock4
0x08D0C17C	rom	0x28	gBattleAnimSpritePal_Shock4
0x08D0C1A4	rom	0x430	gBattleAnimSpriteGfx_Shock
0x08D0C5D4	rom	0x364	gBattleAnimSpriteGfx_Bell2
0x08D0C938	rom	0x24	gBattleAnimSpritePal_Bell2
0x08D0C95C	rom	0x84	gBattleAnimSpriteGfx_PinkGlove
0x08D0C9E0	rom	0x24	gBattleAnimSpritePal_PinkGlove
0x08D0CA04	rom	0x24	gBattleAnimUnused_Unknown1
0x08D0CA28	rom	0x24	gBattleAnimUnused_Unknown2
0x08D0CA4C	rom	0x24	gBattleAnimUnused_Unknown3
0x08D0CA70	rom	0x58	gBattleAnimUnusedGfx_LineSketch2
0x08D0CAC8	rom	0x20	gBattleAnimUnusedPal_LineSketch2
0x08D0CAE8	rom	0x90	gBattleAnimUnusedTilemap_LineSketch2
0x08D0CB78	rom	0x24	gBattleAnimSpriteGfx_BlueLines
0x08D0CB9C	rom	0x14	gBattleAnimSpritePal_BlueLines
0x08D0CBB0	rom	0x28	gBattleAnimSpritePal_Impact3
0x08D0CBD8	rom	0x28	gBattleAnimSpritePal_Impact2
0x08D0CC00	rom	0x18	gBattleAnimSpritePal_Reticle
0x08D0CC18	rom	0x28	gBattleAnimSpritePal_Breath
0x08D0CC40	rom	0x1C	gBattleAnimSpritePal_Snowball
0x08D0CC5C	rom	0x28	gBattleAnimSpritePal_Vine
0x08D0CC84	rom	0x24	gBattleAnimSpritePal_Sword2
0x08D0CCA8	rom	0x1C	gBattleAnimSpritePal_RedTube
0x08D0CCC4	rom	0x28	gBattleAnimSpritePal_Amnesia
0x08D0CCEC	rom	0x20	gBattleAnimSpritePal_String2
0x08D0CD0C	rom	0x20	gBattleAnimUnused_Unknown4
0x08D0CD2C	rom	0x28	gBattleAnimSpritePal_Pencil2
0x08D0CD54	rom	0x1C	gBattleAnimSpritePal_Petal
0x08D0CD70	rom	0x28	gBattleAnimSpritePal_BentSpoon
0x08D0CD98	rom	0x1C	gBattleAnimSpritePal_Coin
0x08D0CDB4	rom	0x28	gBattleAnimSpritePal_CrackedEgg
0x08D0CDDC	rom	0x24	gBattleAnimSpritePal_FreshEgg
0x08D0CE00	rom	0x4A4	gBattleAnimSpriteGfx_Impact3
0x08D0D2A4	rom	0x3C4	gBattleAnimSpriteGfx_Impact2
0x08D0D668	rom	0xB8	gBattleAnimSpriteGfx_Reticle
0x08D0D720	rom	0x170	gBattleAnimSpriteGfx_Breath
0x08D0D890	rom	0x50	gBattleAnimSpriteGfx_Snowball
0x08D0D8E0	rom	0x274	gBattleAnimSpriteGfx_Vine
0x08D0DB54	rom	0x90	gBattleAnimSpriteGfx_Sword2
0x08D0DBE4	rom	0x134	gBattleAnimSpriteGfx_Clapping
0x08D0DD18	rom	0x7C	gBattleAnimSpriteGfx_RedTube
0x08D0DD94	rom	0x6D0	gBattleAnimSpriteGfx_Amnesia
0x08D0E464	rom	0x1A4	gBattleAnimSpriteGfx_String2
0x08D0E608	rom	0xB0	gBattleAnimSpriteGfx_Pencil2
0x08D0E6B8	rom	0x170	gBattleAnimSpriteGfx_Petal
0x08D0E828	rom	0x1E0	gBattleAnimSpriteGfx_BentSpoon
0x08D0EA08	rom	0x138	gBattleAnimSpriteGfx_Web
0x08D0EB40	rom	0x100	gBattleAnimSpriteGfx_Coin
0x08D0EC40	rom	0x130	gBattleAnimSpriteGfx_CrackedEgg
0x08D0ED70	rom	0x198	gBattleAnimSpriteGfx_HatchedEgg
0x08D0EF08	rom	0x6C	gBattleAnimSpriteGfx_FreshEgg
0x08D0EF74	rom	0x1C0	gBattleAnimSpriteGfx_Fangs
0x08D0F134	rom	0x28	gBattleAnimSpritePal_Fangs
0x08D0F15C	rom	0x584	gBattleAnimSpriteGfx_Explosion2
0x08D0F6E0	rom	0x28	gBattleAnimSpritePal_Explosion2
0x08D0F708	rom	0xF0	gBattleAnimSpriteGfx_Explosion3
0x08D0F7F8	rom	0x3AC	gBattleAnimSpriteGfx_WaterDroplet
0x08D0FBA4	rom	0x28	gBattleAnimSpritePal_WaterDroplet
0x08D0FBCC	rom	0x384	gBattleAnimSpriteGfx_WaterDroplet2
0x08D0FF50	rom	0x28	gBattleAnimSpriteGfx_Seed2
0x08D0FF78	rom	0x28	gBattleAnimSpritePal_Seed2
0x08D0FFA0	rom	0x3E4	gBattleAnimSpriteGfx_Sprout
0x08D10384	rom	0x44	gBattleAnimSpriteGfx_RedWand
0x08D103C8	rom	0x24	gBattleAnimSpritePal_RedWand
0x08D103EC	rom	0x328	gBattleAnimSpriteGfx_PurpleGreenUnk
0x08D10714	rom	0x28	gBattleAnimSpritePal_PurpleGreenUnk
0x08D1073C	rom	0x26C	gBattleAnimSpriteGfx_WaterColumn
0x08D109A8	rom	0x28	gBattleAnimSpritePal_WaterColumn
0x08D109D0	rom	0xF4	gBattleAnimSpriteGfx_MudUnk
0x08D10AC4	rom	0x28	gBattleAnimSpritePal_MudUnk
0x08D10AEC	rom	0x118	gUnusedTilemap_BlueFrame
0x08D10C04	rom	0x400	gUnusedTilemap_RedYellowGreenFrame
0x08D11004	rom	0x5A0	gUnusedGfx_ColorFrames
0x08D115A4	rom	0x28	gUnusedPal_ColorFrames
0x08D115CC	rom	0x130	gBattleAnimSpriteGfx_RainDrops
0x08D116FC	rom	0x188	gUnusedGfx8bpp_WaterSplash
0x08D11884	rom	0xE0	gUnusedTilemap_WaterSplash
0x08D11964	rom	0x60	gUnusedPalette_WaterSplash
0x08D119C4	rom	0x8C	gUnusedGfx_BasicFrame
0x08D11A50	rom	0x28	gUnusedPal_BasicFrame
0x08D11A78	rom	0x10C	gUnusedTilemap_BasicFrame
0x08D11B84	rom	0x20	gBattleInterface_Healthbox_Pal
0x08D11BA4	rom	0x20	gBattleInterface_Healthbar_Pal
0x08D11BC4	rom	0xF00	gBattleInterface_Gfx
0x08D12AC4	rom	0x13C	gBattleInterfaceGfx_UnusedWindow3
0x08D12C00	rom	0x2B0	gBattleInterfaceGfx_UnusedWindow4
0x08D12EB0	rom	0x2AC	gBattleAnimSpriteGfx_FurySwipes
0x08D1315C	rom	0x28	gBattleAnimSpritePal_FurySwipes
0x08D13184	rom	0x23C	gBattleAnimSpriteGfx_Vine2
0x08D133C0	rom	0x1C	gBattleAnimSpritePal_Vine2
0x08D133DC	rom	0x198	gBattleAnimSpriteGfx_Teeth
0x08D13574	rom	0x1C	gBattleAnimSpritePal_Teeth
0x08D13590	rom	0x290	gBattleAnimSpriteGfx_Bone2
0x08D13820	rom	0x28	gBattleAnimSpritePal_Bone2
0x08D13848	rom	0xF4	gBattleAnimSpriteGfx_WhiteBag
0x08D1393C	rom	0x28	gBattleAnimSpritePal_WhiteBag
0x08D13964	rom	0x2C	gBattleAnimSpriteGfx_Unknown
0x08D13990	rom	0x24	gBattleAnimSpritePal_Unknown
0x08D139B4	rom	0xFC	gBattleAnimSpriteGfx_PurpleCoral
0x08D13AB0	rom	0x1C	gBattleAnimSpritePal_PurpleCoral
0x08D13ACC	rom	0x13C	gBattleAnimSpriteGfx_PurpleDroplet
0x08D13C08	rom	0x298	gBattleAnimSpriteGfx_Shock2
0x08D13EA0	rom	0x28	gBattleAnimSpritePal_Shock2
0x08D13EC8	rom	0xEC	gBattleAnimSpriteGfx_ClosingEye2
0x08D13FB4	rom	0x28	gBattleAnimSpritePal_ClosingEye2
0x08D13FDC	rom	0x68	gBattleAnimSpriteGfx_MetalBall
0x08D14044	rom	0x20	gBattleAnimSpritePal_MetalBall
0x08D14064	rom	0x1A0	gBattleAnimSpriteGfx_MonsterDoll
0x08D14204	rom	0x24	gBattleAnimSpritePal_MonsterDoll
0x08D14228	rom	0x26C	gBattleAnimSpriteGfx_Whirlwind
0x08D14494	rom	0x20	gBattleAnimSpritePal_Whirlwind
0x08D144B4	rom	0x64	gBattleAnimSpriteGfx_Whirlwind2
0x08D14518	rom	0x3D0	gBattleAnimSpriteGfx_Explosion4
0x08D148E8	rom	0x28	gBattleAnimSpritePal_Explosion4
0x08D14910	rom	0x170	gBattleAnimSpriteGfx_Explosion5
0x08D14A80	rom	0x100	gBattleAnimSpriteGfx_Tongue
0x08D14B80	rom	0x20	gBattleAnimSpritePal_Tongue
0x08D14BA0	rom	0x7C	gBattleAnimSpriteGfx_Smoke
0x08D14C1C	rom	0x28	gBattleAnimSpritePal_Smoke
0x08D14C44	rom	0xD0	gBattleAnimSpriteGfx_Smoke2
0x08D14D14	rom	0x23C	gBattleAnimSpriteGfx_BlueFlames
0x08D14F50	rom	0x28	gBattleAnimSpritePal_BlueFlames
0x08D14F78	rom	0xD4	gBattleAnimSpriteGfx_BlueFlames2
0x08D1504C	rom	0x914	gJpContest_Gfx1
0x08D15960	rom	0x104	gJpContest_Pal
0x08D15A64	rom	0x184	gJpContest_Bg_Tilemap
0x08D15BE8	rom	0x2C0	gJpContest_Windows_Tilemap
0x08D15EA8	rom	0xF0	gJpContest_Numbers_Gfx
0x08D15F98	rom	0x20	gJpContest_Numbers_Pal
0x08D15FB8	rom	0x1010	gJpContest_Gfx2
0x08D16FC8	rom	0x118	gContest_Interface_Pal
0x08D170E0	rom	0x1C8	gContest_Audience_Tilemap
0x08D172A8	rom	0x2A0	gContest_Interface_Tilemap
0x08D17548	rom	0x10C	gJpContest_Interface_Tilemap
0x08D17654	rom	0x464	gJpContest_Audience_Tilemap
0x08D17AB8	rom	0x130	gContest_Curtain_Tilemap
0x08D17BE8	rom	0xB98	gContest_Interface_Gfx
0x08D18780	rom	0xC5C	gContest_Audience_Gfx
0x08D193DC	rom	0x11C	gContest_Faces_Gfx
0x08D194F8	rom	0x1A4	gContest_JudgeSymbols_Gfx
0x08D1969C	rom	0x28	gContest_JudgeSymbols_Pal
0x08D196C4	rom	0x20	gContest_SliderHeart_Gfx
0x08D196E4	rom	0xF0	gJpContest_Voltage_Gfx
0x08D197D4	rom	0x28	gJpContest_Voltage_Pal
0x08D197FC	rom	0x868	gJpContestResults_Gfx
0x08D1A064	rom	0x114	gContestResults_WinnerBanner_Tilemap
0x08D1A178	rom	0x12C	gContestResults_Interface_Tilemap
0x08D1A2A4	rom	0x188	gContestResults_Bg_Tilemap
0x08D1A42C	rom	0xEC	gContestResults_Pal
0x08D1A518	rom	0xD8	gBattleAnimSpriteGfx_Impact
0x08D1A5F0	rom	0x18	gBattleAnimSpritePal_Impact
0x08D1A608	rom	0xB0	gBattleAnimSpriteGfx_Particles
0x08D1A6B8	rom	0x24	gBattleAnimSpriteGfx_CircleImpact
0x08D1A6DC	rom	0x28	gBattleAnimSpritePal_CircleImpact
0x08D1A704	rom	0x204	gBattleAnimSpriteGfx_Scratch
0x08D1A908	rom	0x1F0	gBattleAnimSpriteGfx_SharpTeeth
0x08D1AAF8	rom	0x20	gBattleAnimSpritePal_SharpTeeth
0x08D1AB18	rom	0x1A0	gBattleAnimSpriteGfx_Clamp
0x08D1ACB8	rom	0x14C	gBattleAnimSpriteGfx_Cut
0x08D1AE04	rom	0x80	gBattleAnimSpriteGfx_RainbowRings
0x08D1AE84	rom	0x20	gBattleAnimSpritePal_RainbowRings
0x08D1AEA4	rom	0x108	gBattleAnimSpriteGfx_IceCrystals
0x08D1AFAC	rom	0x20	gBattleAnimSpritePal_IceCrystals
0x08D1AFCC	rom	0x60	gBattleAnimSpriteGfx_IceSpikes
0x08D1B02C	rom	0x9C	gUnusedGfx_OldBeatUp
0x08D1B0C8	rom	0x1C	gUnusedPal_OldBeatUp
0x08D1B0E4	rom	0x114	gBattleAnimSpriteGfx_Orbs
0x08D1B1F8	rom	0x28	gBattleAnimSpritePal_Orbs
0x08D1B220	rom	0xD0	gBattleAnimSpriteGfx_WaterOrb
0x08D1B2F0	rom	0xE4	gBattleAnimSpriteGfx_WaterImpact
0x08D1B3D4	rom	0x20	gBattleAnimSpritePal_WaterImpact
0x08D1B3F4	rom	0x20	gBattleAnimSpritePal_BrownOrb
0x08D1B414	rom	0x68	gBattleAnimSpriteGfx_MudSand
0x08D1B47C	rom	0x24	gBattleAnimSpritePal_MudSand
0x08D1B4A0	rom	0xD4	gBattleAnimSpriteGfx_PoisonBubble
0x08D1B574	rom	0x1C	gBattleAnimSpritePal_PoisonBubble
0x08D1B590	rom	0xF8	gBattleAnimSpriteGfx_ToxicBubble
0x08D1B688	rom	0x6C	gBattleAnimSpriteGfx_HornHit2
0x08D1B6F4	rom	0x18	gBattleAnimSpritePal_HornHit2
0x08D1B70C	rom	0xAC	gBattleAnimSpriteGfx_AirWave2
0x08D1B7B8	rom	0x20	gBattleAnimSpritePal_AirWave2
0x08D1B7D8	rom	0xC8	gBattleAnimSpriteGfx_SmallBubbles
0x08D1B8A0	rom	0x20	gBattleAnimSpritePal_SmallBubbles
0x08D1B8C0	rom	0x218	gBattleAnimSpriteGfx_RoundShadow
0x08D1BAD8	rom	0x28	gBattleAnimSpritePal_RoundShadow
0x08D1BB00	rom	0x64	gBattleAnimSpriteGfx_Sunlight
0x08D1BB64	rom	0x18	gBattleAnimSpritePal_Sunlight
0x08D1BB7C	rom	0xC8	gBattleAnimSpriteGfx_Spore
0x08D1BC44	rom	0x24	gBattleAnimSpritePal_Spore
0x08D1BC68	rom	0x7C	gBattleAnimSpriteGfx_Flower
0x08D1BCE4	rom	0x28	gBattleAnimSpritePal_Flower
0x08D1BD0C	rom	0xA8	gBattleAnimSpriteGfx_RazorLeaf
0x08D1BDB4	rom	0x28	gBattleAnimSpritePal_RazorLeaf
0x08D1BDDC	rom	0x78	gBattleAnimSpriteGfx_MistCloud
0x08D1BE54	rom	0x20	gBattleAnimSpritePal_MistCloud
0x08D1BE74	rom	0x28	gBattleAnimUnusedGfx_Lights
0x08D1BE9C	rom	0x18	gBattleAnimUnusedPal_Lights
0x08D1BEB4	rom	0x104	gBattleAnimUnusedTilemap_Lights
0x08D1BFB8	rom	0x84	gBattleAnimSpriteGfx_WhirlwindLines
0x08D1C03C	rom	0x20	gBattleAnimSpritePal_WhirlwindLines
0x08D1C05C	rom	0x60	gBattleAnimSpriteGfx_GoldRing
0x08D1C0BC	rom	0x18	gBattleAnimSpritePal_GoldRing
0x08D1C0D4	rom	0x18	gBattleAnimSpritePal_BlueRing2
0x08D1C0EC	rom	0x18	gBattleAnimSpritePal_PurpleRing
0x08D1C104	rom	0x18	gBattleAnimSpritePal_BlueRing
0x08D1C11C	rom	0x30C	gBattleAnimSpriteGfx_GreenLightWall
0x08D1C428	rom	0x20	gBattleAnimSpritePal_GreenLightWall
0x08D1C448	rom	0x20	gBattleAnimSpritePal_BlueLightWall
0x08D1C468	rom	0x20	gBattleAnimSpritePal_RedLightWall
0x08D1C488	rom	0x20	gBattleAnimSpritePal_GrayLightWall
0x08D1C4A8	rom	0x20	gBattleAnimSpritePal_OrangeLightWall
0x08D1C4C8	rom	0x4C	gBattleAnimSpriteGfx_BlackBall2
0x08D1C514	rom	0x28	gBattleAnimSpritePal_BlackBall2
0x08D1C53C	rom	0x20	gBattleAnimSpritePal_PurpleGasCloud
0x08D1C55C	rom	0x2D4	gContestJudgeGfx
0x08D1C830	rom	0x28	gContestJudgePal
0x08D1C858	rom	0xB4	gBattleAnimSpriteGfx_Spark
0x08D1C90C	rom	0x28	gBattleAnimSpritePal_Spark
0x08D1C934	rom	0x88	gBattleAnimSpriteGfx_SparkH
0x08D1C9BC	rom	0x5F8	gBattleAnimBgImage_Dark
0x08D1CFB4	rom	0x20	gBattleAnimBgPalette_Dark
0x08D1CFD4	rom	0x250	gBattleAnimBgTilemap_Dark
0x08D1D224	rom	0x13C	gMetalShineGfx
0x08D1D360	rom	0x28	gMetalShinePalette
0x08D1D388	rom	0x174	gMetalShineTilemap
0x08D1D4FC	rom	0x110	gUnusedGfx_Goosuto
0x08D1D60C	rom	0x18	gUnusedPal_Goosuto
0x08D1D624	rom	0x150	gUnusedTilemap_Goosuto
0x08D1D774	rom	0xA0	gBattleAnimSpriteGfx_YellowStar
0x08D1D814	rom	0x28	gBattleAnimSpritePal_YellowStar
0x08D1D83C	rom	0x64	gBattleAnimSpriteGfx_LargeFreshEgg
0x08D1D8A0	rom	0x28	gBattleAnimSpritePal_LargeFreshEgg
0x08D1D8C8	rom	0x158	gBattleAnimSpriteGfx_ShadowBall
0x08D1DA20	rom	0x28	gBattleAnimSpritePal_ShadowBall
0x08D1DA48	rom	0xC4	gBattleAnimSpriteGfx_Lick
0x08D1DB0C	rom	0x18	gBattleAnimSpritePal_Lick
0x08D1DB24	rom	0x168	gBattleAnimSpriteGfx_VoidLines
0x08D1DC8C	rom	0x28	gBattleAnimSpritePal_VoidLines
0x08D1DCB4	rom	0x28	gBattleAnimSpritePal_String
0x08D1DCDC	rom	0xDC	gBattleAnimSpriteGfx_String
0x08D1DDB8	rom	0x18	gBattleAnimSpriteGfx_WebThread
0x08D1DDD0	rom	0x390	gBattleAnimSpriteGfx_SpiderWeb
0x08D1E160	rom	0xA4	gBattleAnimSpriteGfx_Lightbulb
0x08D1E204	rom	0x28	gBattleAnimSpritePal_Lightbulb
0x08D1E22C	rom	0x278	gBattleAnimSpriteGfx_Slash
0x08D1E4A4	rom	0x28	gBattleAnimSpritePal_Slash
0x08D1E4CC	rom	0x154	gBattleAnimSpriteGfx_FocusEnergy
0x08D1E620	rom	0x28	gBattleAnimSpritePal_FocusEnergy
0x08D1E648	rom	0x414	gBattleAnimSpriteGfx_SphereToCube
0x08D1EA5C	rom	0x28	gBattleAnimSpritePal_SphereToCube
0x08D1EA84	rom	0x1D0	gBattleAnimBgImage_Psychic
0x08D1EC54	rom	0x24	gBattleAnimBgPalette_Psychic
0x08D1EC78	rom	0xC8	gBattleAnimBgTilemap_Psychic
0x08D1ED40	rom	0x1F0	gBattleAnimSpriteGfx_Eye
0x08D1EF30	rom	0x20	gBattleAnimSpritePal_Eye
0x08D1EF50	rom	0x3CC	gBattleAnimSpriteGfx_Tendrils
0x08D1F31C	rom	0x24	gBattleAnimSpritePal_Tendrils
0x08D1F340	rom	0x2C4	gHealthboxSinglesPlayerGfx
0x08D1F604	rom	0x190	gHealthboxSinglesOpponentGfx
0x08D1F794	rom	0x194	gHealthboxDoublesPlayerGfx
0x08D1F928	rom	0x194	gHealthboxDoublesOpponentGfx
0x08D1FABC	rom	0x278	gHealthboxSafariGfx
0x08D1FD34	rom	0x60	gUnusedGfx_Shadow
0x08D1FD94	rom	0x14	gUnusedPal_Shadow
0x08D1FDA8	rom	0x94	gBattleAnimSpriteGfx_LockOn
0x08D1FE3C	rom	0x1C	gBattleAnimSpritePal_LockOn
0x08D1FE58	rom	0x25C	gBattleAnimSpriteGfx_OpeningEye
0x08D200B4	rom	0x24	gBattleAnimSpritePal_OpeningEye
0x08D200D8	rom	0x26C	gBattleAnimSpriteGfx_RoundWhiteHalo
0x08D20344	rom	0x28	gBattleAnimSpritePal_RoundWhiteHalo
0x08D2036C	rom	0x84	gBattleAnimSpriteGfx_TealAlert
0x08D203F0	rom	0x20	gBattleAnimSpritePal_TealAlert
0x08D20410	rom	0x280	gBattleAnimSpriteGfx_FangAttack
0x08D20690	rom	0x28	gBattleAnimSpritePal_FangAttack
0x08D206B8	rom	0x15C	gBattleAnimSpriteGfx_PurpleHandOutline
0x08D20814	rom	0x28	gBattleAnimSpritePal_PurpleHandOutline
0x08D2083C	rom	0x1C	gFile_graphics_battle_anims_masks_curse_sheet
0x08D20858	rom	0x100	gFile_graphics_battle_anims_masks_curse_tilemap
0x08D20958	rom	0xE4	gBattleAnimSpriteGfx_Pencil
0x08D20A3C	rom	0x28	gBattleAnimSpritePal_Pencil
0x08D20A64	rom	0x3A4	gBattleAnimSpriteGfx_Spiral
0x08D20E08	rom	0x18	gBattleAnimSpritePal_Spiral
0x08D20E20	rom	0x338	gBattleAnimSpriteGfx_Moon
0x08D21158	rom	0x28	gBattleAnimSpritePal_Moon
0x08D21180	rom	0xB8	gBattleAnimSpriteGfx_GreenSparkle
0x08D21238	rom	0x20	gBattleAnimSpritePal_GreenSparkle
0x08D21258	rom	0x170	gBattleAnimSpriteGfx_SnoreZ
0x08D213C8	rom	0x28	gBattleAnimSpritePal_SnoreZ
0x08D213F0	rom	0x3F0	gBattleAnimSpriteGfx_Explosion
0x08D217E0	rom	0x28	gBattleAnimSpritePal_Explosion
0x08D21808	rom	0xC8	gBattleAnimSpriteGfx_Nail
0x08D218D0	rom	0x1C	gBattleAnimSpritePal_Nail
0x08D218EC	rom	0x140	gBattleAnimSpriteGfx_GhostlySpirit
0x08D21A2C	rom	0x1C	gBattleAnimSpritePal_GhostlySpirit
0x08D21A48	rom	0x670	gBattleAnimSpriteGfx_WarmRock
0x08D220B8	rom	0x28	gBattleAnimSpritePal_WarmRock
0x08D220E0	rom	0x174	gBattleAnimSpriteGfx_PunchImpact
0x08D22254	rom	0x28	gBattleAnimSpritePal_PunchImpact
0x08D2227C	rom	0x168	gBattleAnimSpriteGfx_BreakingEgg
0x08D223E4	rom	0x24	gBattleAnimSpritePal_BreakingEgg
0x08D22408	rom	0x1AC	gBattleAnimSpriteGfx_ThinRing
0x08D225B4	rom	0x24	gBattleAnimSpritePal_ThinRing
0x08D225D8	rom	0x20C	gBattleAnimSpriteGfx_MusicNotes2
0x08D227E4	rom	0x94	gBattleAnimSpritePal_MusicNotes2
0x08D22878	rom	0x234	gBattleAnimSpriteGfx_Bell
0x08D22AAC	rom	0x24	gBattleAnimSpritePal_Bell
0x08D22AD0	rom	0xCC	gBattleAnimSpriteGfx_SpeedDust
0x08D22B9C	rom	0x24	gBattleAnimSpritePal_SpeedDust
0x08D22BC0	rom	0x3F0	gBattleAnimSpriteGfx_TornMetal
0x08D22FB0	rom	0x308	gBattleAnimSpriteGfx_ThoughtBubble
0x08D232B8	rom	0x20	gBattleAnimSpritePal_ThoughtBubble
0x08D232D8	rom	0xF0	gBattleAnimSpriteGfx_Finger
0x08D233C8	rom	0x24	gBattleAnimSpritePal_Finger
0x08D233EC	rom	0x68	gBattleAnimSpriteGfx_MagentaHeart
0x08D23454	rom	0x20	gBattleAnimSpritePal_PinkHeart
0x08D23474	rom	0x20	gBattleAnimSpritePal_MagentaHeart
0x08D23494	rom	0x20	gBattleAnimSpritePal_RedHeart
0x08D234B4	rom	0xA70	gBattleAnimBg_AttractGfx
0x08D23F24	rom	0x28	gBattleAnimBg_AttractPal
0x08D23F4C	rom	0x27C	gBattleAnimBg_AttractTilemap
0x08D241C8	rom	0x68	gBattleAnimSpriteGfx_RedOrb
0x08D24230	rom	0x20	gBattleAnimSpritePal_RedOrb
0x08D24250	rom	0x234	gBattleAnimSpriteGfx_CircleOfLight
0x08D24484	rom	0x50	gBattleAnimSpriteGfx_ElectricOrbs
0x08D244D4	rom	0x26C	gBattleAnimSpriteGfx_Electricity
0x08D24740	rom	0x24	gBattleAnimSpritePal_ElectricOrbs
0x08D24764	rom	0x290	gBattleAnimSpriteGfx_Finger2
0x08D249F4	rom	0x18C	gBattleAnimSpriteGfx_MovementWaves
0x08D24B80	rom	0x24	gBattleAnimSpritePal_MovementWaves
0x08D24BA4	rom	0x28	gBattleAnim_ScaryFacePal
0x08D24BCC	rom	0x230	gBattleAnim_ScaryFaceGfx
0x08D24DFC	rom	0x28	gBattleAnimSpritePal_EyeSparkle
0x08D24E24	rom	0xAC	gBattleAnimSpriteGfx_EyeSparkle
0x08D24ED0	rom	0x58	gBattleAnimSpriteGfx_Anger
0x08D24F28	rom	0x28	gBattleAnimSpritePal_Anger
0x08D24F50	rom	0x3C	gBattleAnimSpriteGfx_Conversion
0x08D24F8C	rom	0x1C	gBattleAnimSpritePal_Conversion
0x08D24FA8	rom	0x28	gBattleAnimSpritePal_Angel
0x08D24FD0	rom	0x12C	gBattleAnimSpriteGfx_Angel
0x08D250FC	rom	0x20	gBattleAnimSpritePal_Devil
0x08D2511C	rom	0x264	gBattleAnimSpriteGfx_Devil
0x08D25380	rom	0x2EC	gBattleAnimSpriteGfx_Swipe
0x08D2566C	rom	0x28	gBattleAnimSpritePal_Swipe
0x08D25694	rom	0x20	gBattleAnimSpritePal_Roots
0x08D256B4	rom	0x294	gBattleAnimSpriteGfx_Roots
0x08D25948	rom	0x20	gBattleAnimSpritePal_ItemBag
0x08D25968	rom	0xFC	gBattleAnimSpriteGfx_ItemBag
0x08D25A64	rom	0x28	gBattleAnimSpritePal_TriAttackTriangle
0x08D25A8C	rom	0x244	gBattleAnimSpriteGfx_TriAttackTriangle
0x08D25CD0	rom	0x20	gBattleAnimSpritePal_LetterZ
0x08D25CF0	rom	0xA8	gBattleAnimSpriteGfx_LetterZ
0x08D25D98	rom	0x28	gBattleAnimBgPalette_Impact
0x08D25DC0	rom	0xD6C	gBattleAnimBgImage_Impact
0x08D26B2C	rom	0x4FC	gBattleAnimBgTilemap_ImpactOpponent
0x08D27028	rom	0x4D0	gBattleAnimBgTilemap_ImpactPlayer
0x08D274F8	rom	0x440	gBattleAnimBgTilemap_ImpactContests
0x08D27938	rom	0x184	gBattleAnimSpriteGfx_JaggedMusicNote
0x08D27ABC	rom	0x28	gBattleAnimSpritePal_JaggedMusicNote
0x08D27AE4	rom	0x148	gBattleAnimSpriteGfx_Spotlight
0x08D27C2C	rom	0x8C	gBattleAnimSpriteGfx_Pokeball
0x08D27CB8	rom	0x24	gBattleAnimSpritePal_Pokeball
0x08D27CDC	rom	0x1BC	gBattleAnimSpriteGfx_RapidSpin
0x08D27E98	rom	0x28	gBattleAnimSpritePal_RapidSpin
0x08D27EC0	rom	0x120	gBattleAnimSpriteGfx_MilkBottle
0x08D27FE0	rom	0x28	gBattleAnimSpritePal_MilkBottle
0x08D28008	rom	0x538	gBattleAnimSpriteGfx_WispFire
0x08D28540	rom	0x28	gBattleAnimSpritePal_WispOrb
0x08D28568	rom	0x1D0	gBattleAnimSpriteGfx_WispOrb
0x08D28738	rom	0x84	gBattleAnimSpriteGfx_GoldStars
0x08D287BC	rom	0x28	gBattleAnimSpritePal_GoldStars
0x08D287E4	rom	0x1C0	gBattleAnimSpriteGfx_EclipsingOrb
0x08D289A4	rom	0x24	gBattleAnimSpritePal_EclipsingOrb
0x08D289C8	rom	0x68	gBattleAnimSpriteGfx_PinkPetal
0x08D28A30	rom	0x24	gBattleAnimSpritePal_PinkPetal
0x08D28A54	rom	0x50	gBattleAnimSpriteGfx_GrayOrb
0x08D28AA4	rom	0x1C	gBattleAnimSpritePal_GrayOrb
0x08D28AC0	rom	0x1C	gBattleAnimSpritePal_BlueOrb
0x08D28ADC	rom	0x1C	gBattleAnimSpritePal_RedOrb2
0x08D28AF8	rom	0x1A8	gBattleAnimBgImage_Drill
0x08D28CA0	rom	0x28	gBattleAnimBgPalette_Drill
0x08D28CC8	rom	0x28	gBattleAnimBgPalette_Sky
0x08D28CF0	rom	0x190	gBattleAnimBgTilemap_Drill
0x08D28E80	rom	0x18C	gBattleAnimBgTilemap_DrillContests
0x08D2900C	rom	0xA28	gBattleAnimBgImage_Aurora
0x08D29A34	rom	0x20	gBattleAnimBgPalette_Aurora
0x08D29A54	rom	0x204	gBattleAnimBgTilemap_Aurora
0x08D29C58	rom	0x2F8	gBattleAnimBgTilemap_HighspeedOpponent
0x08D29F50	rom	0x20	gBattleAnimBgPalette_Highspeed
0x08D29F70	rom	0x20	gBattleAnimBgPalette_Bug
0x08D29F90	rom	0x580	gBattleAnimBgImage_Highspeed
0x08D2A510	rom	0x2F8	gBattleAnimBgTilemap_HighspeedPlayer
0x08D2A808	rom	0xA0	gBattleAnim_MorningSunGfx
0x08D2A8A8	rom	0x18	gBattleAnim_MorningSunPal
0x08D2A8C0	rom	0x11C	gBattleAnim_MorningSunTilemap
0x08D2A9DC	rom	0x2C8	gBattleAnimBgTilemap_GuillotineOpponent
0x08D2ACA4	rom	0x2FC	gBattleAnimBgTilemap_GuillotinePlayer
0x08D2AFA0	rom	0x290	gBattleAnimBgTilemap_GuillotineContests
0x08D2B230	rom	0xD68	gBattleAnimBgImage_Guillotine
0x08D2BF98	rom	0x20	gBattleAnimBgPalette_Guillotine
0x08D2BFB8	rom	0x99C	gBattleAnimBgImage_Thunder
0x08D2C954	rom	0x28	gBattleAnimBgPalette_Thunder
0x08D2C97C	rom	0x2F8	gBattleAnimBgTilemap_Thunder
0x08D2CC74	rom	0xE4	gBattleAnimSpriteGfx_PainSplit
0x08D2CD58	rom	0x28	gBattleAnimSpritePal_PainSplit
0x08D2CD80	rom	0x230	gBattleAnimSpriteGfx_HandsAndFeet
0x08D2CFB0	rom	0x18	gBattleAnimSpritePal_HandsAndFeet
0x08D2CFC8	rom	0xA0	gBattleAnimSpriteGfx_Confetti
0x08D2D068	rom	0x28	gBattleAnimSpritePal_Confetti
0x08D2D090	rom	0x24	gSubstituteDollPal
0x08D2D0B4	rom	0x240	gSubstituteDollFrontGfx
0x08D2D2F4	rom	0x228	gSubstituteDollBackGfx
0x08D2D51C	rom	0xC4	gBattleAnimSpriteGfx_GreenStar
0x08D2D5E0	rom	0x1C	gBattleAnimSpritePal_GreenStar
0x08D2D5FC	rom	0x120	gFile_graphics_misc_confetti_sheet
0x08D2D71C	rom	0x28	gFile_graphics_misc_confetti_palette
0x08D2D744	rom	0x13C	gBattleAnimSpriteGfx_PinkCloud
0x08D2D880	rom	0x24	gBattleAnimSpritePal_PinkCloud
0x08D2D8A4	rom	0x28	gBattleAnimSpriteGfx_SweatDrop
0x08D2D8CC	rom	0x28	gBattleAnimSpritePal_SweatDrop
0x08D2D8F4	rom	0x210	gBattleStatMask_Gfx
0x08D2DB04	rom	0x11C	gBattleStatMask1_Tilemap
0x08D2DC20	rom	0x11C	gBattleStatMask2_Tilemap
0x08D2DD3C	rom	0x20	gBattleStatMask1_Pal
0x08D2DD5C	rom	0x20	gBattleStatMask2_Pal
0x08D2DD7C	rom	0x20	gBattleStatMask3_Pal
0x08D2DD9C	rom	0x20	gBattleStatMask4_Pal
0x08D2DDBC	rom	0x20	gBattleStatMask5_Pal
0x08D2DDDC	rom	0x20	gBattleStatMask6_Pal
0x08D2DDFC	rom	0x20	gBattleStatMask7_Pal
0x08D2DE1C	rom	0x20	gBattleStatMask8_Pal
0x08D2DE3C	rom	0x13C	gCureBubblesGfx
0x08D2DF78	rom	0x20	gCureBubblesPal
0x08D2DF98	rom	0x11C	gCureBubblesTilemap
0x08D2E0B4	rom	0x28	gBattleAnimSpritePal_PurpleScratch
0x08D2E0DC	rom	0x1A4	gBattleAnimSpriteGfx_PurpleScratch
0x08D2E280	rom	0x4A8	gBattleAnimSpriteGfx_PurpleSwipe
0x08D2E728	rom	0xDC	gBattleAnimSpriteGfx_GuardRing
0x08D2E804	rom	0x1C	gBattleAnimSpritePal_GuardRing
0x08D2E820	rom	0x1E4	gBattleAnimSpriteGfx_TagHand
0x08D2EA04	rom	0x220	gBattleAnimSpriteGfx_NoiseLine
0x08D2EC24	rom	0x4C	gUnusedLevelupAnimationGfx
0x08D2EC70	rom	0x108	gUnusedLevelupAnimationTilemap
0x08D2ED78	rom	0x18	gBattleAnimSpriteGfx_SmallRedEye
0x08D2ED90	rom	0x18	gBattleAnimSpritePal_SmallRedEye
0x08D2EDA8	rom	0x50	gBattleAnimSpriteGfx_HollowOrb
0x08D2EDF8	rom	0x20	gBattleAnimSpritePal_HollowOrb
0x08D2EE18	rom	0x1F4	gBattleAnimSpriteGfx_XSign
0x08D2F00C	rom	0x64	gBattleAnimSpriteGfx_BluegreenOrb
0x08D2F070	rom	0x18	gBattleAnimSpritePal_BluegreenOrb
0x08D2F088	rom	0x118	gBattleAnimSpriteGfx_PawPrint
0x08D2F1A0	rom	0x24	gBattleAnimSpritePal_PawPrint
0x08D2F1C4	rom	0x1DC	gBattleAnimSpriteGfx_PurpleFlame
0x08D2F3A0	rom	0x28	gBattleAnimSpritePal_PurpleFlame
0x08D2F3C8	rom	0x138	gBattleAnimSpriteGfx_RedBall
0x08D2F500	rom	0x28	gBattleAnimSpritePal_RedBall
0x08D2F528	rom	0x78	gBattleAnimSpriteGfx_SmellingsaltEffect
0x08D2F5A0	rom	0x14	gBattleAnimSpritePal_SmellingsaltEffect
0x08D2F5B4	rom	0xE8	gBattleAnimSpriteGfx_MagnifyingGlass
0x08D2F69C	rom	0x28	gBattleAnimSpritePal_MagnifyingGlass
0x08D2F6C4	rom	0x38C	gBattleAnimSpriteGfx_Meteor
0x08D2FA50	rom	0x28	gBattleAnimSpritePal_Meteor
0x08D2FA78	rom	0x11C	gBattleAnimSpriteGfx_FlatRock
0x08D2FB94	rom	0x20	gBattleAnimSpritePal_FlatRock
0x08D2FBB4	rom	0x20	gPPTextPalette
0x08D2FBD4	rom	0x2A4	gMonFrontPic_Bulbasaur
0x08D2FE78	rom	0x28	gMonPalette_Bulbasaur
0x08D2FEA0	rom	0x2C4	gMonBackPic_Bulbasaur
0x08D30164	rom	0x28	gMonShinyPalette_Bulbasaur
0x08D3018C	rom	0x400	gMonIcon_Bulbasaur
0x08D3058C	rom	0x20	gMonFootprint_Bulbasaur
0x08D305AC	rom	0x33C	gMonFrontPic_Ivysaur
0x08D308E8	rom	0x28	gMonPalette_Ivysaur
0x08D30910	rom	0x354	gMonBackPic_Ivysaur
0x08D30C64	rom	0x28	gMonShinyPalette_Ivysaur
0x08D30C8C	rom	0x400	gMonIcon_Ivysaur
0x08D3108C	rom	0x20	gMonFootprint_Ivysaur
0x08D310AC	rom	0x540	gMonFrontPic_Venusaur
0x08D315EC	rom	0x28	gMonPalette_Venusaur
0x08D31614	rom	0x4C8	gMonBackPic_Venusaur
0x08D31ADC	rom	0x28	gMonShinyPalette_Venusaur
0x08D31B04	rom	0x400	gMonIcon_Venusaur
0x08D31F04	rom	0x20	gMonFootprint_Venusaur
0x08D31F24	rom	0x2A0	gMonFrontPic_Charmander
0x08D321C4	rom	0x28	gMonPalette_Charmander
0x08D321EC	rom	0x284	gMonBackPic_Charmander
0x08D32470	rom	0x28	gMonShinyPalette_Charmander
0x08D32498	rom	0x400	gMonIcon_Charmander
0x08D32898	rom	0x20	gMonFootprint_Charmander
0x08D328B8	rom	0x3AC	gMonFrontPic_Charmeleon
0x08D32C64	rom	0x28	gMonPalette_Charmeleon
0x08D32C8C	rom	0x2F4	gMonBackPic_Charmeleon
0x08D32F80	rom	0x28	gMonShinyPalette_Charmeleon
0x08D32FA8	rom	0x400	gMonIcon_Charmeleon
0x08D333A8	rom	0x20	gMonFootprint_Charmeleon
0x08D333C8	rom	0x4FC	gMonFrontPic_Charizard
0x08D338C4	rom	0x28	gMonPalette_Charizard
0x08D338EC	rom	0x40C	gMonBackPic_Charizard
0x08D33CF8	rom	0x28	gMonShinyPalette_Charizard
0x08D33D20	rom	0x400	gMonIcon_Charizard
0x08D34120	rom	0x20	gMonFootprint_Charizard
0x08D34140	rom	0x29C	gMonFrontPic_Squirtle
0x08D343DC	rom	0x28	gMonPalette_Squirtle
0x08D34404	rom	0x288	gMonBackPic_Squirtle
0x08D3468C	rom	0x28	gMonShinyPalette_Squirtle
0x08D346B4	rom	0x400	gMonIcon_Squirtle
0x08D34AB4	rom	0x20	gMonFootprint_Squirtle
0x08D34AD4	rom	0x3AC	gMonFrontPic_Wartortle
0x08D34E80	rom	0x28	gMonPalette_Wartortle
0x08D34EA8	rom	0x348	gMonBackPic_Wartortle
0x08D351F0	rom	0x28	gMonShinyPalette_Wartortle
0x08D35218	rom	0x400	gMonIcon_Wartortle
0x08D35618	rom	0x20	gMonFootprint_Wartortle
0x08D35638	rom	0x504	gMonFrontPic_Blastoise
0x08D35B3C	rom	0x28	gMonPalette_Blastoise
0x08D35B64	rom	0x414	gMonBackPic_Blastoise
0x08D35F78	rom	0x28	gMonShinyPalette_Blastoise
0x08D35FA0	rom	0x400	gMonIcon_Blastoise
0x08D363A0	rom	0x20	gMonFootprint_Blastoise
0x08D363C0	rom	0x258	gMonFrontPic_Caterpie
0x08D36618	rom	0x28	gMonPalette_Caterpie
0x08D36640	rom	0x288	gMonBackPic_Caterpie
0x08D368C8	rom	0x28	gMonShinyPalette_Caterpie
0x08D368F0	rom	0x400	gMonIcon_Caterpie
0x08D36CF0	rom	0x20	gMonFootprint_Caterpie
0x08D36D10	rom	0x21C	gMonFrontPic_Metapod
0x08D36F2C	rom	0x20	gMonPalette_Metapod
0x08D36F4C	rom	0x21C	gMonBackPic_Metapod
0x08D37168	rom	0x20	gMonShinyPalette_Metapod
0x08D37188	rom	0x400	gMonIcon_Metapod
0x08D37588	rom	0x20	gMonFootprint_Metapod
0x08D375A8	rom	0x378	gMonFrontPic_Butterfree
0x08D37920	rom	0x28	gMonPalette_Butterfree
0x08D37948	rom	0x404	gMonBackPic_Butterfree
0x08D37D4C	rom	0x28	gMonShinyPalette_Butterfree
0x08D37D74	rom	0x400	gMonIcon_Butterfree
0x08D38174	rom	0x20	gMonFootprint_Butterfree
0x08D38194	rom	0x23C	gMonFrontPic_Weedle
0x08D383D0	rom	0x28	gMonPalette_Weedle
0x08D383F8	rom	0x268	gMonBackPic_Weedle
0x08D38660	rom	0x28	gMonShinyPalette_Weedle
0x08D38688	rom	0x400	gMonIcon_Weedle
0x08D38A88	rom	0x20	gMonFootprint_Weedle
0x08D38AA8	rom	0x240	gMonFrontPic_Kakuna
0x08D38CE8	rom	0x24	gMonPalette_Kakuna
0x08D38D0C	rom	0x284	gMonBackPic_Kakuna
0x08D38F90	rom	0x24	gMonShinyPalette_Kakuna
0x08D38FB4	rom	0x400	gMonIcon_Kakuna
0x08D393B4	rom	0x20	gMonFootprint_Kakuna
0x08D393D4	rom	0x420	gMonFrontPic_Beedrill
0x08D397F4	rom	0x28	gMonPalette_Beedrill
0x08D3981C	rom	0x374	gMonBackPic_Beedrill
0x08D39B90	rom	0x28	gMonShinyPalette_Beedrill
0x08D39BB8	rom	0x400	gMonIcon_Beedrill
0x08D39FB8	rom	0x20	gMonFootprint_Beedrill
0x08D39FD8	rom	0x278	gMonFrontPic_Pidgey
0x08D3A250	rom	0x28	gMonPalette_Pidgey
0x08D3A278	rom	0x354	gMonBackPic_Pidgey
0x08D3A5CC	rom	0x28	gMonShinyPalette_Pidgey
0x08D3A5F4	rom	0x400	gMonIcon_Pidgey
0x08D3A9F4	rom	0x20	gMonFootprint_Pidgey
0x08D3AA14	rom	0x398	gMonFrontPic_Pidgeotto
0x08D3ADAC	rom	0x28	gMonPalette_Pidgeotto
0x08D3ADD4	rom	0x34C	gMonBackPic_Pidgeotto
0x08D3B120	rom	0x28	gMonShinyPalette_Pidgeotto
0x08D3B148	rom	0x400	gMonIcon_Pidgeotto
0x08D3B548	rom	0x20	gMonFootprint_Pidgeotto
0x08D3B568	rom	0x4EC	gMonFrontPic_Pidgeot
0x08D3BA54	rom	0x28	gMonPalette_Pidgeot
0x08D3BA7C	rom	0x3E8	gMonBackPic_Pidgeot
0x08D3BE64	rom	0x28	gMonShinyPalette_Pidgeot
0x08D3BE8C	rom	0x400	gMonIcon_Pidgeot
0x08D3C28C	rom	0x20	gMonFootprint_Pidgeot
0x08D3C2AC	rom	0x258	gMonFrontPic_Rattata
0x08D3C504	rom	0x28	gMonPalette_Rattata
0x08D3C52C	rom	0x2B8	gMonBackPic_Rattata
0x08D3C7E4	rom	0x28	gMonShinyPalette_Rattata
0x08D3C80C	rom	0x400	gMonIcon_Rattata
0x08D3CC0C	rom	0x20	gMonFootprint_Rattata
0x08D3CC2C	rom	0x390	gMonFrontPic_Raticate
0x08D3CFBC	rom	0x28	gMonPalette_Raticate
0x08D3CFE4	rom	0x310	gMonBackPic_Raticate
0x08D3D2F4	rom	0x28	gMonShinyPalette_Raticate
0x08D3D31C	rom	0x400	gMonIcon_Raticate
0x08D3D71C	rom	0x20	gMonFootprint_Raticate
0x08D3D73C	rom	0x2C0	gMonFrontPic_Spearow
0x08D3D9FC	rom	0x28	gMonPalette_Spearow
0x08D3DA24	rom	0x2DC	gMonBackPic_Spearow
0x08D3DD00	rom	0x28	gMonShinyPalette_Spearow
0x08D3DD28	rom	0x400	gMonIcon_Spearow
0x08D3E128	rom	0x20	gMonFootprint_Spearow
0x08D3E148	rom	0x4BC	gMonFrontPic_Fearow
0x08D3E604	rom	0x28	gMonPalette_Fearow
0x08D3E62C	rom	0x2F8	gMonBackPic_Fearow
0x08D3E924	rom	0x28	gMonShinyPalette_Fearow
0x08D3E94C	rom	0x400	gMonIcon_Fearow
0x08D3ED4C	rom	0x20	gMonFootprint_Fearow
0x08D3ED6C	rom	0x2C8	gMonFrontPic_Ekans
0x08D3F034	rom	0x28	gMonPalette_Ekans
0x08D3F05C	rom	0x2F0	gMonBackPic_Ekans
0x08D3F34C	rom	0x28	gMonShinyPalette_Ekans
0x08D3F374	rom	0x400	gMonIcon_Ekans
0x08D3F774	rom	0x20	gMonFootprint_Ekans
0x08D3F794	rom	0x474	gMonFrontPic_Arbok
0x08D3FC08	rom	0x28	gMonPalette_Arbok
0x08D3FC30	rom	0x288	gMonBackPic_Arbok
0x08D3FEB8	rom	0x28	gMonShinyPalette_Arbok
0x08D3FEE0	rom	0x400	gMonIcon_Arbok
0x08D402E0	rom	0x20	gMonFootprint_Arbok
0x08D40300	rom	0x2D0	gMonFrontPic_Pikachu
0x08D405D0	rom	0x28	gMonPalette_Pikachu
0x08D405F8	rom	0x2D8	gMonBackPic_Pikachu
0x08D408D0	rom	0x28	gMonShinyPalette_Pikachu
0x08D408F8	rom	0x400	gMonIcon_Pikachu
0x08D40CF8	rom	0x20	gMonFootprint_Pikachu
0x08D40D18	rom	0x3F8	gMonFrontPic_Raichu
0x08D41110	rom	0x28	gMonPalette_Raichu
0x08D41138	rom	0x320	gMonBackPic_Raichu
0x08D41458	rom	0x28	gMonShinyPalette_Raichu
0x08D41480	rom	0x400	gMonIcon_Raichu
0x08D41880	rom	0x20	gMonFootprint_Raichu
0x08D418A0	rom	0x2DC	gMonFrontPic_Sandshrew
0x08D41B7C	rom	0x28	gMonPalette_Sandshrew
0x08D41BA4	rom	0x328	gMonBackPic_Sandshrew
0x08D41ECC	rom	0x28	gMonShinyPalette_Sandshrew
0x08D41EF4	rom	0x400	gMonIcon_Sandshrew
0x08D422F4	rom	0x20	gMonFootprint_Sandshrew
0x08D42314	rom	0x418	gMonFrontPic_Sandslash
0x08D4272C	rom	0x28	gMonPalette_Sandslash
0x08D42754	rom	0x41C	gMonBackPic_Sandslash
0x08D42B70	rom	0x28	gMonShinyPalette_Sandslash
0x08D42B98	rom	0x400	gMonIcon_Sandslash
0x08D42F98	rom	0x20	gMonFootprint_Sandslash
0x08D42FB8	rom	0x264	gMonFrontPic_NidoranF
0x08D4321C	rom	0x28	gMonPalette_NidoranF
0x08D43244	rom	0x2E0	gMonBackPic_NidoranF
0x08D43524	rom	0x28	gMonShinyPalette_NidoranF
0x08D4354C	rom	0x400	gMonIcon_NidoranF
0x08D4394C	rom	0x20	gMonFootprint_NidoranF
0x08D4396C	rom	0x320	gMonFrontPic_Nidorina
0x08D43C8C	rom	0x28	gMonPalette_Nidorina
0x08D43CB4	rom	0x394	gMonBackPic_Nidorina
0x08D44048	rom	0x28	gMonShinyPalette_Nidorina
0x08D44070	rom	0x400	gMonIcon_Nidorina
0x08D44470	rom	0x20	gMonFootprint_Nidorina
0x08D44490	rom	0x42C	gMonFrontPic_Nidoqueen
0x08D448BC	rom	0x28	gMonPalette_Nidoqueen
0x08D448E4	rom	0x3C4	gMonBackPic_Nidoqueen
0x08D44CA8	rom	0x28	gMonShinyPalette_Nidoqueen
0x08D44CD0	rom	0x400	gMonIcon_Nidoqueen
0x08D450D0	rom	0x20	gMonFootprint_Nidoqueen
0x08D450F0	rom	0x28C	gMonFrontPic_NidoranM
0x08D4537C	rom	0x28	gMonPalette_NidoranM
0x08D453A4	rom	0x334	gMonBackPic_NidoranM
0x08D456D8	rom	0x28	gMonShinyPalette_NidoranM
0x08D45700	rom	0x400	gMonIcon_NidoranM
0x08D45B00	rom	0x20	gMonFootprint_NidoranM
0x08D45B20	rom	0x384	gMonFrontPic_Nidorino
0x08D45EA4	rom	0x28	gMonPalette_Nidorino
0x08D45ECC	rom	0x3BC	gMonBackPic_Nidorino
0x08D46288	rom	0x28	gMonShinyPalette_Nidorino
0x08D462B0	rom	0x400	gMonIcon_Nidorino
0x08D466B0	rom	0x20	gMonFootprint_Nidorino
0x08D466D0	rom	0x53C	gMonFrontPic_Nidoking
0x08D46C0C	rom	0x28	gMonPalette_Nidoking
0x08D46C34	rom	0x43C	gMonBackPic_Nidoking
0x08D47070	rom	0x28	gMonShinyPalette_Nidoking
0x08D47098	rom	0x400	gMonIcon_Nidoking
0x08D47498	rom	0x20	gMonFootprint_Nidoking
0x08D474B8	rom	0x29C	gMonFrontPic_Clefairy
0x08D47754	rom	0x28	gMonPalette_Clefairy
0x08D4777C	rom	0x2D0	gMonBackPic_Clefairy
0x08D47A4C	rom	0x28	gMonShinyPalette_Clefairy
0x08D47A74	rom	0x400	gMonIcon_Clefairy
0x08D47E74	rom	0x20	gMonFootprint_Clefairy
0x08D47E94	rom	0x340	gMonFrontPic_Clefable
0x08D481D4	rom	0x28	gMonPalette_Clefable
0x08D481FC	rom	0x338	gMonBackPic_Clefable
0x08D48534	rom	0x28	gMonShinyPalette_Clefable
0x08D4855C	rom	0x400	gMonIcon_Clefable
0x08D4895C	rom	0x20	gMonFootprint_Clefable
0x08D4897C	rom	0x32C	gMonFrontPic_Vulpix
0x08D48CA8	rom	0x28	gMonPalette_Vulpix
0x08D48CD0	rom	0x304	gMonBackPic_Vulpix
0x08D48FD4	rom	0x28	gMonShinyPalette_Vulpix
0x08D48FFC	rom	0x400	gMonIcon_Vulpix
0x08D493FC	rom	0x20	gMonFootprint_Vulpix
0x08D4941C	rom	0x454	gMonFrontPic_Ninetales
0x08D49870	rom	0x24	gMonPalette_Ninetales
0x08D49894	rom	0x3F0	gMonBackPic_Ninetales
0x08D49C84	rom	0x24	gMonShinyPalette_Ninetales
0x08D49CA8	rom	0x400	gMonIcon_Ninetales
0x08D4A0A8	rom	0x20	gMonFootprint_Ninetales
0x08D4A0C8	rom	0x284	gMonFrontPic_Jigglypuff
0x08D4A34C	rom	0x28	gMonPalette_Jigglypuff
0x08D4A374	rom	0x25C	gMonBackPic_Jigglypuff
0x08D4A5D0	rom	0x28	gMonShinyPalette_Jigglypuff
0x08D4A5F8	rom	0x400	gMonIcon_Jigglypuff
0x08D4A9F8	rom	0x20	gMonFootprint_Jigglypuff
0x08D4AA18	rom	0x374	gMonFrontPic_Wigglytuff
0x08D4AD8C	rom	0x28	gMonPalette_Wigglytuff
0x08D4ADB4	rom	0x298	gMonBackPic_Wigglytuff
0x08D4B04C	rom	0x28	gMonShinyPalette_Wigglytuff
0x08D4B074	rom	0x400	gMonIcon_Wigglytuff
0x08D4B474	rom	0x20	gMonFootprint_Wigglytuff
0x08D4B494	rom	0x2BC	gMonFrontPic_Zubat
0x08D4B750	rom	0x28	gMonPalette_Zubat
0x08D4B778	rom	0x2BC	gMonBackPic_Zubat
0x08D4BA34	rom	0x28	gMonShinyPalette_Zubat
0x08D4BA5C	rom	0x400	gMonIcon_Zubat
0x08D4BE5C	rom	0x20	gMonFootprint_Zubat
0x08D4BE7C	rom	0x3A0	gMonFrontPic_Golbat
0x08D4C21C	rom	0x28	gMonPalette_Golbat
0x08D4C244	rom	0x2BC	gMonBackPic_Golbat
0x08D4C500	rom	0x28	gMonShinyPalette_Golbat
0x08D4C528	rom	0x400	gMonIcon_Golbat
0x08D4C928	rom	0x20	gMonFootprint_Golbat
0x08D4C948	rom	0x240	gMonFrontPic_Oddish
0x08D4CB88	rom	0x28	gMonPalette_Oddish
0x08D4CBB0	rom	0x2C4	gMonBackPic_Oddish
0x08D4CE74	rom	0x28	gMonShinyPalette_Oddish
0x08D4CE9C	rom	0x400	gMonIcon_Oddish
0x08D4D29C	rom	0x20	gMonFootprint_Oddish
0x08D4D2BC	rom	0x368	gMonFrontPic_Gloom
0x08D4D624	rom	0x28	gMonPalette_Gloom
0x08D4D64C	rom	0x380	gMonBackPic_Gloom
0x08D4D9CC	rom	0x28	gMonShinyPalette_Gloom
0x08D4D9F4	rom	0x400	gMonIcon_Gloom
0x08D4DDF4	rom	0x20	gMonFootprint_Gloom
0x08D4DE14	rom	0x354	gMonFrontPic_Vileplume
0x08D4E168	rom	0x28	gMonPalette_Vileplume
0x08D4E190	rom	0x44C	gMonBackPic_Vileplume
0x08D4E5DC	rom	0x28	gMonShinyPalette_Vileplume
0x08D4E604	rom	0x400	gMonIcon_Vileplume
0x08D4EA04	rom	0x20	gMonFootprint_Vileplume
0x08D4EA24	rom	0x26C	gMonFrontPic_Paras
0x08D4EC90	rom	0x28	gMonPalette_Paras
0x08D4ECB8	rom	0x2A0	gMonBackPic_Paras
0x08D4EF58	rom	0x28	gMonShinyPalette_Paras
0x08D4EF80	rom	0x400	gMonIcon_Paras
0x08D4F380	rom	0x20	gMonFootprint_Paras
0x08D4F3A0	rom	0x390	gMonFrontPic_Parasect
0x08D4F730	rom	0x28	gMonPalette_Parasect
0x08D4F758	rom	0x2FC	gMonBackPic_Parasect
0x08D4FA54	rom	0x28	gMonShinyPalette_Parasect
0x08D4FA7C	rom	0x400	gMonIcon_Parasect
0x08D4FE7C	rom	0x20	gMonFootprint_Parasect
0x08D4FE9C	rom	0x320	gMonFrontPic_Venonat
0x08D501BC	rom	0x28	gMonPalette_Venonat
0x08D501E4	rom	0x330	gMonBackPic_Venonat
0x08D50514	rom	0x28	gMonShinyPalette_Venonat
0x08D5053C	rom	0x400	gMonIcon_Venonat
0x08D5093C	rom	0x20	gMonFootprint_Venonat
0x08D5095C	rom	0x404	gMonFrontPic_Venomoth
0x08D50D60	rom	0x28	gMonPalette_Venomoth
0x08D50D88	rom	0x3A4	gMonBackPic_Venomoth
0x08D5112C	rom	0x28	gMonShinyPalette_Venomoth
0x08D51154	rom	0x400	gMonIcon_Venomoth
0x08D51554	rom	0x20	gMonFootprint_Venomoth
0x08D51574	rom	0x210	gMonFrontPic_Diglett
0x08D51784	rom	0x28	gMonPalette_Diglett
0x08D517AC	rom	0x20C	gMonBackPic_Diglett
0x08D519B8	rom	0x28	gMonShinyPalette_Diglett
0x08D519E0	rom	0x400	gMonIcon_Diglett
0x08D51DE0	rom	0x20	gMonFootprint_Diglett
0x08D51E00	rom	0x32C	gMonFrontPic_Dugtrio
0x08D5212C	rom	0x28	gMonPalette_Dugtrio
0x08D52154	rom	0x2AC	gMonBackPic_Dugtrio
0x08D52400	rom	0x28	gMonShinyPalette_Dugtrio
0x08D52428	rom	0x400	gMonIcon_Dugtrio
0x08D52828	rom	0x20	gMonFootprint_Dugtrio
0x08D52848	rom	0x2EC	gMonFrontPic_Meowth
0x08D52B34	rom	0x28	gMonPalette_Meowth
0x08D52B5C	rom	0x2E4	gMonBackPic_Meowth
0x08D52E40	rom	0x28	gMonShinyPalette_Meowth
0x08D52E68	rom	0x400	gMonIcon_Meowth
0x08D53268	rom	0x20	gMonFootprint_Meowth
0x08D53288	rom	0x378	gMonFrontPic_Persian
0x08D53600	rom	0x28	gMonPalette_Persian
0x08D53628	rom	0x340	gMonBackPic_Persian
0x08D53968	rom	0x28	gMonShinyPalette_Persian
0x08D53990	rom	0x400	gMonIcon_Persian
0x08D53D90	rom	0x20	gMonFootprint_Persian
0x08D53DB0	rom	0x2E4	gMonFrontPic_Psyduck
0x08D54094	rom	0x28	gMonPalette_Psyduck
0x08D540BC	rom	0x29C	gMonBackPic_Psyduck
0x08D54358	rom	0x28	gMonShinyPalette_Psyduck
0x08D54380	rom	0x400	gMonIcon_Psyduck
0x08D54780	rom	0x20	gMonFootprint_Psyduck
0x08D547A0	rom	0x3B8	gMonFrontPic_Golduck
0x08D54B58	rom	0x28	gMonPalette_Golduck
0x08D54B80	rom	0x32C	gMonBackPic_Golduck
0x08D54EAC	rom	0x28	gMonShinyPalette_Golduck
0x08D54ED4	rom	0x400	gMonIcon_Golduck
0x08D552D4	rom	0x20	gMonFootprint_Golduck
0x08D552F4	rom	0x2F8	gMonFrontPic_Mankey
0x08D555EC	rom	0x28	gMonPalette_Mankey
0x08D55614	rom	0x368	gMonBackPic_Mankey
0x08D5597C	rom	0x28	gMonShinyPalette_Mankey
0x08D559A4	rom	0x400	gMonIcon_Mankey
0x08D55DA4	rom	0x20	gMonFootprint_Mankey
0x08D55DC4	rom	0x38C	gMonFrontPic_Primeape
0x08D56150	rom	0x28	gMonPalette_Primeape
0x08D56178	rom	0x370	gMonBackPic_Primeape
0x08D564E8	rom	0x28	gMonShinyPalette_Primeape
0x08D56510	rom	0x400	gMonIcon_Primeape
0x08D56910	rom	0x20	gMonFootprint_Primeape
0x08D56930	rom	0x328	gMonFrontPic_Growlithe
0x08D56C58	rom	0x28	gMonPalette_Growlithe
0x08D56C80	rom	0x33C	gMonBackPic_Growlithe
0x08D56FBC	rom	0x28	gMonShinyPalette_Growlithe
0x08D56FE4	rom	0x400	gMonIcon_Growlithe
0x08D573E4	rom	0x20	gMonFootprint_Growlithe
0x08D57404	rom	0x4FC	gMonFrontPic_Arcanine
0x08D57900	rom	0x28	gMonPalette_Arcanine
0x08D57928	rom	0x3E0	gMonBackPic_Arcanine
0x08D57D08	rom	0x28	gMonShinyPalette_Arcanine
0x08D57D30	rom	0x400	gMonIcon_Arcanine
0x08D58130	rom	0x20	gMonFootprint_Arcanine
0x08D58150	rom	0x29C	gMonFrontPic_Poliwag
0x08D583EC	rom	0x28	gMonPalette_Poliwag
0x08D58414	rom	0x264	gMonBackPic_Poliwag
0x08D58678	rom	0x28	gMonShinyPalette_Poliwag
0x08D586A0	rom	0x400	gMonIcon_Poliwag
0x08D58AA0	rom	0x20	gMonFootprint_Poliwag
0x08D58AC0	rom	0x380	gMonFrontPic_Poliwhirl
0x08D58E40	rom	0x28	gMonPalette_Poliwhirl
0x08D58E68	rom	0x27C	gMonBackPic_Poliwhirl
0x08D590E4	rom	0x28	gMonShinyPalette_Poliwhirl
0x08D5910C	rom	0x400	gMonIcon_Poliwhirl
0x08D5950C	rom	0x20	gMonFootprint_Poliwhirl
0x08D5952C	rom	0x3C4	gMonFrontPic_Poliwrath
0x08D598F0	rom	0x28	gMonPalette_Poliwrath
0x08D59918	rom	0x2F4	gMonBackPic_Poliwrath
0x08D59C0C	rom	0x28	gMonShinyPalette_Poliwrath
0x08D59C34	rom	0x400	gMonIcon_Poliwrath
0x08D5A034	rom	0x20	gMonFootprint_Poliwrath
0x08D5A054	rom	0x2D4	gMonFrontPic_Abra
0x08D5A328	rom	0x24	gMonPalette_Abra
0x08D5A34C	rom	0x2D4	gMonBackPic_Abra
0x08D5A620	rom	0x24	gMonShinyPalette_Abra
0x08D5A644	rom	0x400	gMonIcon_Abra
0x08D5AA44	rom	0x20	gMonFootprint_Abra
0x08D5AA64	rom	0x4C8	gMonFrontPic_Kadabra
0x08D5AF2C	rom	0x28	gMonPalette_Kadabra
0x08D5AF54	rom	0x3AC	gMonBackPic_Kadabra
0x08D5B300	rom	0x28	gMonShinyPalette_Kadabra
0x08D5B328	rom	0x400	gMonIcon_Kadabra
0x08D5B728	rom	0x20	gMonFootprint_Kadabra
0x08D5B748	rom	0x498	gMonFrontPic_Alakazam
0x08D5BBE0	rom	0x28	gMonPalette_Alakazam
0x08D5BC08	rom	0x380	gMonBackPic_Alakazam
0x08D5BF88	rom	0x28	gMonShinyPalette_Alakazam
0x08D5BFB0	rom	0x400	gMonIcon_Alakazam
0x08D5C3B0	rom	0x20	gMonFootprint_Alakazam
0x08D5C3D0	rom	0x28C	gMonFrontPic_Machop
0x08D5C65C	rom	0x28	gMonPalette_Machop
0x08D5C684	rom	0x2E0	gMonBackPic_Machop
0x08D5C964	rom	0x28	gMonShinyPalette_Machop
0x08D5C98C	rom	0x400	gMonIcon_Machop
0x08D5CD8C	rom	0x20	gMonFootprint_Machop
0x08D5CDAC	rom	0x3CC	gMonFrontPic_Machoke
0x08D5D178	rom	0x28	gMonPalette_Machoke
0x08D5D1A0	rom	0x350	gMonBackPic_Machoke
0x08D5D4F0	rom	0x28	gMonShinyPalette_Machoke
0x08D5D518	rom	0x400	gMonIcon_Machoke
0x08D5D918	rom	0x20	gMonFootprint_Machoke
0x08D5D938	rom	0x4EC	gMonFrontPic_Machamp
0x08D5DE24	rom	0x28	gMonPalette_Machamp
0x08D5DE4C	rom	0x45C	gMonBackPic_Machamp
0x08D5E2A8	rom	0x28	gMonShinyPalette_Machamp
0x08D5E2D0	rom	0x400	gMonIcon_Machamp
0x08D5E6D0	rom	0x20	gMonFootprint_Machamp
0x08D5E6F0	rom	0x28C	gMonFrontPic_Bellsprout
0x08D5E97C	rom	0x28	gMonPalette_Bellsprout
0x08D5E9A4	rom	0x29C	gMonBackPic_Bellsprout
0x08D5EC40	rom	0x28	gMonShinyPalette_Bellsprout
0x08D5EC68	rom	0x400	gMonIcon_Bellsprout
0x08D5F068	rom	0x20	gMonFootprint_Bellsprout
0x08D5F088	rom	0x324	gMonFrontPic_Weepinbell
0x08D5F3AC	rom	0x28	gMonPalette_Weepinbell
0x08D5F3D4	rom	0x2FC	gMonBackPic_Weepinbell
0x08D5F6D0	rom	0x28	gMonShinyPalette_Weepinbell
0x08D5F6F8	rom	0x400	gMonIcon_Weepinbell
0x08D5FAF8	rom	0x20	gMonFootprint_Weepinbell
0x08D5FB18	rom	0x42C	gMonFrontPic_Victreebel
0x08D5FF44	rom	0x28	gMonPalette_Victreebel
0x08D5FF6C	rom	0x398	gMonBackPic_Victreebel
0x08D60304	rom	0x28	gMonShinyPalette_Victreebel
0x08D6032C	rom	0x400	gMonIcon_Victreebel
0x08D6072C	rom	0x20	gMonFootprint_Victreebel
0x08D6074C	rom	0x2A8	gMonFrontPic_Tentacool
0x08D609F4	rom	0x28	gMonPalette_Tentacool
0x08D60A1C	rom	0x2CC	gMonBackPic_Tentacool
0x08D60CE8	rom	0x28	gMonShinyPalette_Tentacool
0x08D60D10	rom	0x400	gMonIcon_Tentacool
0x08D61110	rom	0x20	gMonFootprint_Tentacool
0x08D61130	rom	0x4F4	gMonFrontPic_Tentacruel
0x08D61624	rom	0x28	gMonPalette_Tentacruel
0x08D6164C	rom	0x39C	gMonBackPic_Tentacruel
0x08D619E8	rom	0x28	gMonShinyPalette_Tentacruel
0x08D61A10	rom	0x400	gMonIcon_Tentacruel
0x08D61E10	rom	0x20	gMonFootprint_Tentacruel
0x08D61E30	rom	0x294	gMonFrontPic_Geodude
0x08D620C4	rom	0x1C	gMonPalette_Geodude
0x08D620E0	rom	0x294	gMonBackPic_Geodude
0x08D62374	rom	0x1C	gMonShinyPalette_Geodude
0x08D62390	rom	0x400	gMonIcon_Geodude
0x08D62790	rom	0x20	gMonFootprint_Geodude
0x08D627B0	rom	0x3FC	gMonFrontPic_Graveler
0x08D62BAC	rom	0x24	gMonPalette_Graveler
0x08D62BD0	rom	0x27C	gMonBackPic_Graveler
0x08D62E4C	rom	0x24	gMonShinyPalette_Graveler
0x08D62E70	rom	0x400	gMonIcon_Graveler
0x08D63270	rom	0x20	gMonFootprint_Graveler
0x08D63290	rom	0x430	gMonFrontPic_Golem
0x08D636C0	rom	0x28	gMonPalette_Golem
0x08D636E8	rom	0x2C0	gMonBackPic_Golem
0x08D639A8	rom	0x28	gMonShinyPalette_Golem
0x08D639D0	rom	0x400	gMonIcon_Golem
0x08D63DD0	rom	0x20	gMonFootprint_Golem
0x08D63DF0	rom	0x390	gMonFrontPic_Ponyta
0x08D64180	rom	0x28	gMonPalette_Ponyta
0x08D641A8	rom	0x33C	gMonBackPic_Ponyta
0x08D644E4	rom	0x28	gMonShinyPalette_Ponyta
0x08D6450C	rom	0x400	gMonIcon_Ponyta
0x08D6490C	rom	0x20	gMonFootprint_Ponyta
0x08D6492C	rom	0x488	gMonFrontPic_Rapidash
0x08D64DB4	rom	0x28	gMonPalette_Rapidash
0x08D64DDC	rom	0x410	gMonBackPic_Rapidash
0x08D651EC	rom	0x28	gMonShinyPalette_Rapidash
0x08D65214	rom	0x400	gMonIcon_Rapidash
0x08D65614	rom	0x20	gMonFootprint_Rapidash
0x08D65634	rom	0x2D4	gMonFrontPic_Slowpoke
0x08D65908	rom	0x28	gMonPalette_Slowpoke
0x08D65930	rom	0x264	gMonBackPic_Slowpoke
0x08D65B94	rom	0x28	gMonShinyPalette_Slowpoke
0x08D65BBC	rom	0x400	gMonIcon_Slowpoke
0x08D65FBC	rom	0x20	gMonFootprint_Slowpoke
0x08D65FDC	rom	0x4A0	gMonFrontPic_Slowbro
0x08D6647C	rom	0x28	gMonPalette_Slowbro
0x08D664A4	rom	0x39C	gMonBackPic_Slowbro
0x08D66840	rom	0x28	gMonShinyPalette_Slowbro
0x08D66868	rom	0x400	gMonIcon_Slowbro
0x08D66C68	rom	0x20	gMonFootprint_Slowbro
0x08D66C88	rom	0x1D8	gMonFrontPic_Magnemite
0x08D66E60	rom	0x28	gMonPalette_Magnemite
0x08D66E88	rom	0x1E8	gMonBackPic_Magnemite
0x08D67070	rom	0x24	gMonShinyPalette_Magnemite
0x08D67094	rom	0x400	gMonIcon_Magnemite
0x08D67494	rom	0x20	gMonFootprint_Magnemite
0x08D674B4	rom	0x33C	gMonFrontPic_Magneton
0x08D677F0	rom	0x28	gMonPalette_Magneton
0x08D67818	rom	0x380	gMonBackPic_Magneton
0x08D67B98	rom	0x28	gMonShinyPalette_Magneton
0x08D67BC0	rom	0x400	gMonIcon_Magneton
0x08D67FC0	rom	0x20	gMonFootprint_Magneton
0x08D67FE0	rom	0x354	gMonFrontPic_Farfetchd
0x08D68334	rom	0x28	gMonPalette_Farfetchd
0x08D6835C	rom	0x36C	gMonBackPic_Farfetchd
0x08D686C8	rom	0x28	gMonShinyPalette_Farfetchd
0x08D686F0	rom	0x400	gMonIcon_Farfetchd
0x08D68AF0	rom	0x20	gMonFootprint_Farfetchd
0x08D68B10	rom	0x2EC	gMonFrontPic_Doduo
0x08D68DFC	rom	0x24	gMonPalette_Doduo
0x08D68E20	rom	0x318	gMonBackPic_Doduo
0x08D69138	rom	0x24	gMonShinyPalette_Doduo
0x08D6915C	rom	0x400	gMonIcon_Doduo
0x08D6955C	rom	0x20	gMonFootprint_Doduo
0x08D6957C	rom	0x440	gMonFrontPic_Dodrio
0x08D699BC	rom	0x28	gMonPalette_Dodrio
0x08D699E4	rom	0x464	gMonBackPic_Dodrio
0x08D69E48	rom	0x28	gMonShinyPalette_Dodrio
0x08D69E70	rom	0x400	gMonIcon_Dodrio
0x08D6A270	rom	0x20	gMonFootprint_Dodrio
0x08D6A290	rom	0x324	gMonFrontPic_Seel
0x08D6A5B4	rom	0x28	gMonPalette_Seel
0x08D6A5DC	rom	0x2EC	gMonBackPic_Seel
0x08D6A8C8	rom	0x28	gMonShinyPalette_Seel
0x08D6A8F0	rom	0x400	gMonIcon_Seel
0x08D6ACF0	rom	0x20	gMonFootprint_Seel
0x08D6AD10	rom	0x3D0	gMonFrontPic_Dewgong
0x08D6B0E0	rom	0x24	gMonPalette_Dewgong
0x08D6B104	rom	0x294	gMonBackPic_Dewgong
0x08D6B398	rom	0x24	gMonShinyPalette_Dewgong
0x08D6B3BC	rom	0x400	gMonIcon_Dewgong
0x08D6B7BC	rom	0x20	gMonFootprint_Dewgong
0x08D6B7DC	rom	0x328	gMonFrontPic_Grimer
0x08D6BB04	rom	0x24	gMonPalette_Grimer
0x08D6BB28	rom	0x2C4	gMonBackPic_Grimer
0x08D6BDEC	rom	0x24	gMonShinyPalette_Grimer
0x08D6BE10	rom	0x400	gMonIcon_Grimer
0x08D6C210	rom	0x20	gMonFootprint_Grimer
0x08D6C230	rom	0x390	gMonFrontPic_Muk
0x08D6C5C0	rom	0x24	gMonPalette_Muk
0x08D6C5E4	rom	0x2F8	gMonBackPic_Muk
0x08D6C8DC	rom	0x24	gMonShinyPalette_Muk
0x08D6C900	rom	0x400	gMonIcon_Muk
0x08D6CD00	rom	0x20	gMonFootprint_Muk
0x08D6CD20	rom	0x274	gMonFrontPic_Shellder
0x08D6CF94	rom	0x24	gMonPalette_Shellder
0x08D6CFB8	rom	0x314	gMonBackPic_Shellder
0x08D6D2CC	rom	0x24	gMonShinyPalette_Shellder
0x08D6D2F0	rom	0x400	gMonIcon_Shellder
0x08D6D6F0	rom	0x20	gMonFootprint_Shellder
0x08D6D710	rom	0x43C	gMonFrontPic_Cloyster
0x08D6DB4C	rom	0x24	gMonPalette_Cloyster
0x08D6DB70	rom	0x40C	gMonBackPic_Cloyster
0x08D6DF7C	rom	0x24	gMonShinyPalette_Cloyster
0x08D6DFA0	rom	0x400	gMonIcon_Cloyster
0x08D6E3A0	rom	0x20	gMonFootprint_Cloyster
0x08D6E3C0	rom	0x3B8	gMonFrontPic_Gastly
0x08D6E778	rom	0x28	gMonPalette_Gastly
0x08D6E7A0	rom	0x324	gMonBackPic_Gastly
0x08D6EAC4	rom	0x28	gMonShinyPalette_Gastly
0x08D6EAEC	rom	0x400	gMonIcon_Gastly
0x08D6EEEC	rom	0x20	gMonFootprint_Gastly
0x08D6EF0C	rom	0x3E8	gMonFrontPic_Haunter
0x08D6F2F4	rom	0x24	gMonPalette_Haunter
0x08D6F318	rom	0x2E4	gMonBackPic_Haunter
0x08D6F5FC	rom	0x24	gMonShinyPalette_Haunter
0x08D6F620	rom	0x400	gMonIcon_Haunter
0x08D6FA20	rom	0x20	gMonFootprint_Haunter
0x08D6FA40	rom	0x35C	gMonFrontPic_Gengar
0x08D6FD9C	rom	0x24	gMonPalette_Gengar
0x08D6FDC0	rom	0x344	gMonBackPic_Gengar
0x08D70104	rom	0x24	gMonShinyPalette_Gengar
0x08D70128	rom	0x400	gMonIcon_Gengar
0x08D70528	rom	0x20	gMonFootprint_Gengar
0x08D70548	rom	0x4D0	gMonFrontPic_Onix
0x08D70A18	rom	0x1C	gMonPalette_Onix
0x08D70A34	rom	0x37C	gMonBackPic_Onix
0x08D70DB0	rom	0x1C	gMonShinyPalette_Onix
0x08D70DCC	rom	0x400	gMonIcon_Onix
0x08D711CC	rom	0x20	gMonFootprint_Onix
0x08D711EC	rom	0x340	gMonFrontPic_Drowzee
0x08D7152C	rom	0x24	gMonPalette_Drowzee
0x08D71550	rom	0x23C	gMonBackPic_Drowzee
0x08D7178C	rom	0x24	gMonShinyPalette_Drowzee
0x08D717B0	rom	0x400	gMonIcon_Drowzee
0x08D71BB0	rom	0x20	gMonFootprint_Drowzee
0x08D71BD0	rom	0x438	gMonFrontPic_Hypno
0x08D72008	rom	0x24	gMonPalette_Hypno
0x08D7202C	rom	0x330	gMonBackPic_Hypno
0x08D7235C	rom	0x24	gMonShinyPalette_Hypno
0x08D72380	rom	0x400	gMonIcon_Hypno
0x08D72780	rom	0x20	gMonFootprint_Hypno
0x08D727A0	rom	0x324	gMonFrontPic_Krabby
0x08D72AC4	rom	0x28	gMonPalette_Krabby
0x08D72AEC	rom	0x38C	gMonBackPic_Krabby
0x08D72E78	rom	0x28	gMonShinyPalette_Krabby
0x08D72EA0	rom	0x400	gMonIcon_Krabby
0x08D732A0	rom	0x20	gMonFootprint_Krabby
0x08D732C0	rom	0x480	gMonFrontPic_Kingler
0x08D73740	rom	0x28	gMonPalette_Kingler
0x08D73768	rom	0x384	gMonBackPic_Kingler
0x08D73AEC	rom	0x28	gMonShinyPalette_Kingler
0x08D73B14	rom	0x400	gMonIcon_Kingler
0x08D73F14	rom	0x20	gMonFootprint_Kingler
0x08D73F34	rom	0x208	gMonFrontPic_Voltorb
0x08D7413C	rom	0x24	gMonPalette_Voltorb
0x08D74160	rom	0x274	gMonBackPic_Voltorb
0x08D743D4	rom	0x24	gMonShinyPalette_Voltorb
0x08D743F8	rom	0x400	gMonIcon_Voltorb
0x08D747F8	rom	0x20	gMonFootprint_Voltorb
0x08D74818	rom	0x26C	gMonFrontPic_Electrode
0x08D74A84	rom	0x24	gMonPalette_Electrode
0x08D74AA8	rom	0x270	gMonBackPic_Electrode
0x08D74D18	rom	0x24	gMonShinyPalette_Electrode
0x08D74D3C	rom	0x400	gMonIcon_Electrode
0x08D7513C	rom	0x20	gMonFootprint_Electrode
0x08D7515C	rom	0x390	gMonFrontPic_Exeggcute
0x08D754EC	rom	0x24	gMonPalette_Exeggcute
0x08D75510	rom	0x308	gMonBackPic_Exeggcute
0x08D75818	rom	0x24	gMonShinyPalette_Exeggcute
0x08D7583C	rom	0x400	gMonIcon_Exeggcute
0x08D75C3C	rom	0x20	gMonFootprint_Exeggcute
0x08D75C5C	rom	0x450	gMonFrontPic_Exeggutor
0x08D760AC	rom	0x28	gMonPalette_Exeggutor
0x08D760D4	rom	0x3CC	gMonBackPic_Exeggutor
0x08D764A0	rom	0x28	gMonShinyPalette_Exeggutor
0x08D764C8	rom	0x400	gMonIcon_Exeggutor
0x08D768C8	rom	0x20	gMonFootprint_Exeggutor
0x08D768E8	rom	0x2BC	gMonFrontPic_Cubone
0x08D76BA4	rom	0x28	gMonPalette_Cubone
0x08D76BCC	rom	0x340	gMonBackPic_Cubone
0x08D76F0C	rom	0x28	gMonShinyPalette_Cubone
0x08D76F34	rom	0x400	gMonIcon_Cubone
0x08D77334	rom	0x20	gMonFootprint_Cubone
0x08D77354	rom	0x380	gMonFrontPic_Marowak
0x08D776D4	rom	0x28	gMonPalette_Marowak
0x08D776FC	rom	0x314	gMonBackPic_Marowak
0x08D77A10	rom	0x28	gMonShinyPalette_Marowak
0x08D77A38	rom	0x400	gMonIcon_Marowak
0x08D77E38	rom	0x20	gMonFootprint_Marowak
0x08D77E58	rom	0x374	gMonFrontPic_Hitmonlee
0x08D781CC	rom	0x28	gMonPalette_Hitmonlee
0x08D781F4	rom	0x2A4	gMonBackPic_Hitmonlee
0x08D78498	rom	0x28	gMonShinyPalette_Hitmonlee
0x08D784C0	rom	0x400	gMonIcon_Hitmonlee
0x08D788C0	rom	0x20	gMonFootprint_Hitmonlee
0x08D788E0	rom	0x340	gMonFrontPic_Hitmonchan
0x08D78C20	rom	0x28	gMonPalette_Hitmonchan
0x08D78C48	rom	0x344	gMonBackPic_Hitmonchan
0x08D78F8C	rom	0x28	gMonShinyPalette_Hitmonchan
0x08D78FB4	rom	0x400	gMonIcon_Hitmonchan
0x08D793B4	rom	0x20	gMonFootprint_Hitmonchan
0x08D793D4	rom	0x3D8	gMonFrontPic_Lickitung
0x08D797AC	rom	0x28	gMonPalette_Lickitung
0x08D797D4	rom	0x2A4	gMonBackPic_Lickitung
0x08D79A78	rom	0x28	gMonShinyPalette_Lickitung
0x08D79AA0	rom	0x400	gMonIcon_Lickitung
0x08D79EA0	rom	0x20	gMonFootprint_Lickitung
0x08D79EC0	rom	0x300	gMonFrontPic_Koffing
0x08D7A1C0	rom	0x28	gMonPalette_Koffing
0x08D7A1E8	rom	0x300	gMonBackPic_Koffing
0x08D7A4E8	rom	0x28	gMonShinyPalette_Koffing
0x08D7A510	rom	0x400	gMonIcon_Koffing
0x08D7A910	rom	0x20	gMonFootprint_Koffing
0x08D7A930	rom	0x4BC	gMonFrontPic_Weezing
0x08D7ADEC	rom	0x28	gMonPalette_Weezing
0x08D7AE14	rom	0x384	gMonBackPic_Weezing
0x08D7B198	rom	0x28	gMonShinyPalette_Weezing
0x08D7B1C0	rom	0x400	gMonIcon_Weezing
0x08D7B5C0	rom	0x20	gMonFootprint_Weezing
0x08D7B5E0	rom	0x3FC	gMonFrontPic_Rhyhorn
0x08D7B9DC	rom	0x20	gMonPalette_Rhyhorn
0x08D7B9FC	rom	0x348	gMonBackPic_Rhyhorn
0x08D7BD44	rom	0x20	gMonShinyPalette_Rhyhorn
0x08D7BD64	rom	0x400	gMonIcon_Rhyhorn
0x08D7C164	rom	0x20	gMonFootprint_Rhyhorn
0x08D7C184	rom	0x4F4	gMonFrontPic_Rhydon
0x08D7C678	rom	0x28	gMonPalette_Rhydon
0x08D7C6A0	rom	0x450	gMonBackPic_Rhydon
0x08D7CAF0	rom	0x28	gMonShinyPalette_Rhydon
0x08D7CB18	rom	0x400	gMonIcon_Rhydon
0x08D7CF18	rom	0x20	gMonFootprint_Rhydon
0x08D7CF38	rom	0x33C	gMonFrontPic_Chansey
0x08D7D274	rom	0x24	gMonPalette_Chansey
0x08D7D298	rom	0x250	gMonBackPic_Chansey
0x08D7D4E8	rom	0x24	gMonShinyPalette_Chansey
0x08D7D50C	rom	0x400	gMonIcon_Chansey
0x08D7D90C	rom	0x20	gMonFootprint_Chansey
0x08D7D92C	rom	0x3D4	gMonFrontPic_Tangela
0x08D7DD00	rom	0x24	gMonPalette_Tangela
0x08D7DD24	rom	0x3AC	gMonBackPic_Tangela
0x08D7E0D0	rom	0x24	gMonShinyPalette_Tangela
0x08D7E0F4	rom	0x400	gMonIcon_Tangela
0x08D7E4F4	rom	0x20	gMonFootprint_Tangela
0x08D7E514	rom	0x4A8	gMonFrontPic_Kangaskhan
0x08D7E9BC	rom	0x28	gMonPalette_Kangaskhan
0x08D7E9E4	rom	0x430	gMonBackPic_Kangaskhan
0x08D7EE14	rom	0x28	gMonShinyPalette_Kangaskhan
0x08D7EE3C	rom	0x400	gMonIcon_Kangaskhan
0x08D7F23C	rom	0x20	gMonFootprint_Kangaskhan
0x08D7F25C	rom	0x26C	gMonFrontPic_Horsea
0x08D7F4C8	rom	0x28	gMonPalette_Horsea
0x08D7F4F0	rom	0x2E0	gMonBackPic_Horsea
0x08D7F7D0	rom	0x28	gMonShinyPalette_Horsea
0x08D7F7F8	rom	0x400	gMonIcon_Horsea
0x08D7FBF8	rom	0x20	gMonFootprint_Horsea
0x08D7FC18	rom	0x388	gMonFrontPic_Seadra
0x08D7FFA0	rom	0x28	gMonPalette_Seadra
0x08D7FFC8	rom	0x3A0	gMonBackPic_Seadra
0x08D80368	rom	0x28	gMonShinyPalette_Seadra
0x08D80390	rom	0x400	gMonIcon_Seadra
0x08D80790	rom	0x20	gMonFootprint_Seadra
0x08D807B0	rom	0x368	gMonFrontPic_Goldeen
0x08D80B18	rom	0x28	gMonPalette_Goldeen
0x08D80B40	rom	0x370	gMonBackPic_Goldeen
0x08D80EB0	rom	0x28	gMonShinyPalette_Goldeen
0x08D80ED8	rom	0x400	gMonIcon_Goldeen
0x08D812D8	rom	0x20	gMonFootprint_Goldeen
0x08D812F8	rom	0x474	gMonFrontPic_Seaking
0x08D8176C	rom	0x28	gMonPalette_Seaking
0x08D81794	rom	0x350	gMonBackPic_Seaking
0x08D81AE4	rom	0x28	gMonShinyPalette_Seaking
0x08D81B0C	rom	0x400	gMonIcon_Seaking
0x08D81F0C	rom	0x20	gMonFootprint_Seaking
0x08D81F2C	rom	0x2B0	gMonFrontPic_Staryu
0x08D821DC	rom	0x28	gMonPalette_Staryu
0x08D82204	rom	0x268	gMonBackPic_Staryu
0x08D8246C	rom	0x28	gMonShinyPalette_Staryu
0x08D82494	rom	0x400	gMonIcon_Staryu
0x08D82894	rom	0x20	gMonFootprint_Staryu
0x08D828B4	rom	0x3A0	gMonFrontPic_Starmie
0x08D82C54	rom	0x28	gMonPalette_Starmie
0x08D82C7C	rom	0x2A4	gMonBackPic_Starmie
0x08D82F20	rom	0x28	gMonShinyPalette_Starmie
0x08D82F48	rom	0x400	gMonIcon_Starmie
0x08D83348	rom	0x20	gMonFootprint_Starmie
0x08D83368	rom	0x3BC	gMonFrontPic_Mrmime
0x08D83724	rom	0x28	gMonPalette_Mrmime
0x08D8374C	rom	0x334	gMonBackPic_Mrmime
0x08D83A80	rom	0x28	gMonShinyPalette_Mrmime
0x08D83AA8	rom	0x400	gMonIcon_Mrmime
0x08D83EA8	rom	0x20	gMonFootprint_Mrmime
0x08D83EC8	rom	0x428	gMonFrontPic_Scyther
0x08D842F0	rom	0x28	gMonPalette_Scyther
0x08D84318	rom	0x418	gMonBackPic_Scyther
0x08D84730	rom	0x28	gMonShinyPalette_Scyther
0x08D84758	rom	0x400	gMonIcon_Scyther
0x08D84B58	rom	0x20	gMonFootprint_Scyther
0x08D84B78	rom	0x3CC	gMonFrontPic_Jynx
0x08D84F44	rom	0x28	gMonPalette_Jynx
0x08D84F6C	rom	0x2EC	gMonBackPic_Jynx
0x08D85258	rom	0x28	gMonShinyPalette_Jynx
0x08D85280	rom	0x400	gMonIcon_Jynx
0x08D85680	rom	0x20	gMonFootprint_Jynx
0x08D856A0	rom	0x458	gMonFrontPic_Electabuzz
0x08D85AF8	rom	0x28	gMonPalette_Electabuzz
0x08D85B20	rom	0x310	gMonBackPic_Electabuzz
0x08D85E30	rom	0x28	gMonShinyPalette_Electabuzz
0x08D85E58	rom	0x400	gMonIcon_Electabuzz
0x08D86258	rom	0x20	gMonFootprint_Electabuzz
0x08D86278	rom	0x430	gMonFrontPic_Magmar
0x08D866A8	rom	0x28	gMonPalette_Magmar
0x08D866D0	rom	0x338	gMonBackPic_Magmar
0x08D86A08	rom	0x28	gMonShinyPalette_Magmar
0x08D86A30	rom	0x400	gMonIcon_Magmar
0x08D86E30	rom	0x20	gMonFootprint_Magmar
0x08D86E50	rom	0x430	gMonFrontPic_Pinsir
0x08D87280	rom	0x24	gMonPalette_Pinsir
0x08D872A4	rom	0x354	gMonBackPic_Pinsir
0x08D875F8	rom	0x24	gMonShinyPalette_Pinsir
0x08D8761C	rom	0x400	gMonIcon_Pinsir
0x08D87A1C	rom	0x20	gMonFootprint_Pinsir
0x08D87A3C	rom	0x460	gMonFrontPic_Tauros
0x08D87E9C	rom	0x28	gMonPalette_Tauros
0x08D87EC4	rom	0x2B4	gMonBackPic_Tauros
0x08D88178	rom	0x28	gMonShinyPalette_Tauros
0x08D881A0	rom	0x400	gMonIcon_Tauros
0x08D885A0	rom	0x20	gMonFootprint_Tauros
0x08D885C0	rom	0x348	gMonFrontPic_Magikarp
0x08D88908	rom	0x28	gMonPalette_Magikarp
0x08D88930	rom	0x330	gMonBackPic_Magikarp
0x08D88C60	rom	0x28	gMonShinyPalette_Magikarp
0x08D88C88	rom	0x400	gMonIcon_Magikarp
0x08D89088	rom	0x20	gMonFootprint_Magikarp
0x08D890A8	rom	0x5A4	gMonFrontPic_Gyarados
0x08D8964C	rom	0x28	gMonPalette_Gyarados
0x08D89674	rom	0x4B8	gMonBackPic_Gyarados
0x08D89B2C	rom	0x28	gMonShinyPalette_Gyarados
0x08D89B54	rom	0x400	gMonIcon_Gyarados
0x08D89F54	rom	0x20	gMonFootprint_Gyarados
0x08D89F74	rom	0x3E0	gMonFrontPic_Lapras
0x08D8A354	rom	0x28	gMonPalette_Lapras
0x08D8A37C	rom	0x344	gMonBackPic_Lapras
0x08D8A6C0	rom	0x28	gMonShinyPalette_Lapras
0x08D8A6E8	rom	0x400	gMonIcon_Lapras
0x08D8AAE8	rom	0x20	gMonFootprint_Lapras
0x08D8AB08	rom	0x1F0	gMonFrontPic_Ditto
0x08D8ACF8	rom	0x20	gMonPalette_Ditto
0x08D8AD18	rom	0x200	gMonBackPic_Ditto
0x08D8AF18	rom	0x20	gMonShinyPalette_Ditto
0x08D8AF38	rom	0x400	gMonIcon_Ditto
0x08D8B338	rom	0x20	gMonFootprint_Ditto
0x08D8B358	rom	0x2EC	gMonFrontPic_Eevee
0x08D8B644	rom	0x28	gMonPalette_Eevee
0x08D8B66C	rom	0x328	gMonBackPic_Eevee
0x08D8B994	rom	0x28	gMonShinyPalette_Eevee
0x08D8B9BC	rom	0x400	gMonIcon_Eevee
0x08D8BDBC	rom	0x20	gMonFootprint_Eevee
0x08D8BDDC	rom	0x394	gMonFrontPic_Vaporeon
0x08D8C170	rom	0x28	gMonPalette_Vaporeon
0x08D8C198	rom	0x2C8	gMonBackPic_Vaporeon
0x08D8C460	rom	0x28	gMonShinyPalette_Vaporeon
0x08D8C488	rom	0x400	gMonIcon_Vaporeon
0x08D8C888	rom	0x20	gMonFootprint_Vaporeon
0x08D8C8A8	rom	0x350	gMonFrontPic_Jolteon
0x08D8CBF8	rom	0x28	gMonPalette_Jolteon
0x08D8CC20	rom	0x3AC	gMonBackPic_Jolteon
0x08D8CFCC	rom	0x28	gMonShinyPalette_Jolteon
0x08D8CFF4	rom	0x400	gMonIcon_Jolteon
0x08D8D3F4	rom	0x20	gMonFootprint_Jolteon
0x08D8D414	rom	0x384	gMonFrontPic_Flareon
0x08D8D798	rom	0x28	gMonPalette_Flareon
0x08D8D7C0	rom	0x390	gMonBackPic_Flareon
0x08D8DB50	rom	0x28	gMonShinyPalette_Flareon
0x08D8DB78	rom	0x400	gMonIcon_Flareon
0x08D8DF78	rom	0x20	gMonFootprint_Flareon
0x08D8DF98	rom	0x2B8	gMonFrontPic_Porygon
0x08D8E250	rom	0x24	gMonPalette_Porygon
0x08D8E274	rom	0x2B8	gMonBackPic_Porygon
0x08D8E52C	rom	0x24	gMonShinyPalette_Porygon
0x08D8E550	rom	0x400	gMonIcon_Porygon
0x08D8E950	rom	0x20	gMonFootprint_Porygon
0x08D8E970	rom	0x290	gMonFrontPic_Omanyte
0x08D8EC00	rom	0x28	gMonPalette_Omanyte
0x08D8EC28	rom	0x34C	gMonBackPic_Omanyte
0x08D8EF74	rom	0x28	gMonShinyPalette_Omanyte
0x08D8EF9C	rom	0x400	gMonIcon_Omanyte
0x08D8F39C	rom	0x20	gMonFootprint_Omanyte
0x08D8F3BC	rom	0x3C0	gMonFrontPic_Omastar
0x08D8F77C	rom	0x28	gMonPalette_Omastar
0x08D8F7A4	rom	0x340	gMonBackPic_Omastar
0x08D8FAE4	rom	0x28	gMonShinyPalette_Omastar
0x08D8FB0C	rom	0x400	gMonIcon_Omastar
0x08D8FF0C	rom	0x20	gMonFootprint_Omastar
0x08D8FF2C	rom	0x228	gMonFrontPic_Kabuto
0x08D90154	rom	0x28	gMonPalette_Kabuto
0x08D9017C	rom	0x298	gMonBackPic_Kabuto
0x08D90414	rom	0x28	gMonShinyPalette_Kabuto
0x08D9043C	rom	0x400	gMonIcon_Kabuto
0x08D9083C	rom	0x20	gMonFootprint_Kabuto
0x08D9085C	rom	0x410	gMonFrontPic_Kabutops
0x08D90C6C	rom	0x24	gMonPalette_Kabutops
0x08D90C90	rom	0x3A4	gMonBackPic_Kabutops
0x08D91034	rom	0x24	gMonShinyPalette_Kabutops
0x08D91058	rom	0x400	gMonIcon_Kabutops
0x08D91458	rom	0x20	gMonFootprint_Kabutops
0x08D91478	rom	0x450	gMonFrontPic_Aerodactyl
0x08D918C8	rom	0x28	gMonPalette_Aerodactyl
0x08D918F0	rom	0x304	gMonBackPic_Aerodactyl
0x08D91BF4	rom	0x28	gMonShinyPalette_Aerodactyl
0x08D91C1C	rom	0x400	gMonIcon_Aerodactyl
0x08D9201C	rom	0x20	gMonFootprint_Aerodactyl
0x08D9203C	rom	0x3D4	gMonFrontPic_Snorlax
0x08D92410	rom	0x28	gMonPalette_Snorlax
0x08D92438	rom	0x21C	gMonBackPic_Snorlax
0x08D92654	rom	0x28	gMonShinyPalette_Snorlax
0x08D9267C	rom	0x400	gMonIcon_Snorlax
0x08D92A7C	rom	0x20	gMonFootprint_Snorlax
0x08D92A9C	rom	0x4F8	gMonFrontPic_Articuno
0x08D92F94	rom	0x28	gMonPalette_Articuno
0x08D92FBC	rom	0x25C	gMonBackPic_Articuno
0x08D93218	rom	0x28	gMonShinyPalette_Articuno
0x08D93240	rom	0x400	gMonIcon_Articuno
0x08D93640	rom	0x20	gMonFootprint_Articuno
0x08D93660	rom	0x450	gMonFrontPic_Zapdos
0x08D93AB0	rom	0x28	gMonPalette_Zapdos
0x08D93AD8	rom	0x33C	gMonBackPic_Zapdos
0x08D93E14	rom	0x28	gMonShinyPalette_Zapdos
0x08D93E3C	rom	0x400	gMonIcon_Zapdos
0x08D9423C	rom	0x20	gMonFootprint_Zapdos
0x08D9425C	rom	0x4CC	gMonFrontPic_Moltres
0x08D94728	rom	0x28	gMonPalette_Moltres
0x08D94750	rom	0x33C	gMonBackPic_Moltres
0x08D94A8C	rom	0x28	gMonShinyPalette_Moltres
0x08D94AB4	rom	0x400	gMonIcon_Moltres
0x08D94EB4	rom	0x20	gMonFootprint_Moltres
0x08D94ED4	rom	0x2BC	gMonFrontPic_Dratini
0x08D95190	rom	0x24	gMonPalette_Dratini
0x08D951B4	rom	0x290	gMonBackPic_Dratini
0x08D95444	rom	0x24	gMonShinyPalette_Dratini
0x08D95468	rom	0x400	gMonIcon_Dratini
0x08D95868	rom	0x20	gMonFootprint_Dratini
0x08D95888	rom	0x398	gMonFrontPic_Dragonair
0x08D95C20	rom	0x28	gMonPalette_Dragonair
0x08D95C48	rom	0x310	gMonBackPic_Dragonair
0x08D95F58	rom	0x28	gMonShinyPalette_Dragonair
0x08D95F80	rom	0x400	gMonIcon_Dragonair
0x08D96380	rom	0x20	gMonFootprint_Dragonair
0x08D963A0	rom	0x550	gMonFrontPic_Dragonite
0x08D968F0	rom	0x28	gMonPalette_Dragonite
0x08D96918	rom	0x2F8	gMonBackPic_Dragonite
0x08D96C10	rom	0x28	gMonShinyPalette_Dragonite
0x08D96C38	rom	0x400	gMonIcon_Dragonite
0x08D97038	rom	0x20	gMonFootprint_Dragonite
0x08D97058	rom	0x43C	gMonFrontPic_Mewtwo
0x08D97494	rom	0x24	gMonPalette_Mewtwo
0x08D974B8	rom	0x3CC	gMonBackPic_Mewtwo
0x08D97884	rom	0x24	gMonShinyPalette_Mewtwo
0x08D978A8	rom	0x400	gMonIcon_Mewtwo
0x08D97CA8	rom	0x20	gMonFootprint_Mewtwo
0x08D97CC8	rom	0x2C0	gMonFrontPic_Mew
0x08D97F88	rom	0x24	gMonPalette_Mew
0x08D97FAC	rom	0x350	gMonBackPic_Mew
0x08D982FC	rom	0x24	gMonShinyPalette_Mew
0x08D98320	rom	0x400	gMonIcon_Mew
0x08D98720	rom	0x20	gMonFootprint_Mew
0x08D98740	rom	0x268	gMonFrontPic_Chikorita
0x08D989A8	rom	0x28	gMonPalette_Chikorita
0x08D989D0	rom	0x2C4	gMonBackPic_Chikorita
0x08D98C94	rom	0x28	gMonShinyPalette_Chikorita
0x08D98CBC	rom	0x400	gMonIcon_Chikorita
0x08D990BC	rom	0x20	gMonFootprint_Chikorita
0x08D990DC	rom	0x3D4	gMonFrontPic_Bayleef
0x08D994B0	rom	0x28	gMonPalette_Bayleef
0x08D994D8	rom	0x390	gMonBackPic_Bayleef
0x08D99868	rom	0x28	gMonShinyPalette_Bayleef
0x08D99890	rom	0x400	gMonIcon_Bayleef
0x08D99C90	rom	0x20	gMonFootprint_Bayleef
0x08D99CB0	rom	0x55C	gMonFrontPic_Meganium
0x08D9A20C	rom	0x28	gMonPalette_Meganium
0x08D9A234	rom	0x350	gMonBackPic_Meganium
0x08D9A584	rom	0x28	gMonShinyPalette_Meganium
0x08D9A5AC	rom	0x400	gMonIcon_Meganium
0x08D9A9AC	rom	0x20	gMonFootprint_Meganium
0x08D9A9CC	rom	0x28C	gMonFrontPic_Cyndaquil
0x08D9AC58	rom	0x28	gMonPalette_Cyndaquil
0x08D9AC80	rom	0x32C	gMonBackPic_Cyndaquil
0x08D9AFAC	rom	0x28	gMonShinyPalette_Cyndaquil
0x08D9AFD4	rom	0x400	gMonIcon_Cyndaquil
0x08D9B3D4	rom	0x20	gMonFootprint_Cyndaquil
0x08D9B3F4	rom	0x31C	gMonFrontPic_Quilava
0x08D9B710	rom	0x28	gMonPalette_Quilava
0x08D9B738	rom	0x374	gMonBackPic_Quilava
0x08D9BAAC	rom	0x28	gMonShinyPalette_Quilava
0x08D9BAD4	rom	0x400	gMonIcon_Quilava
0x08D9BED4	rom	0x20	gMonFootprint_Quilava
0x08D9BEF4	rom	0x428	gMonFrontPic_Typhlosion
0x08D9C31C	rom	0x28	gMonPalette_Typhlosion
0x08D9C344	rom	0x404	gMonBackPic_Typhlosion
0x08D9C748	rom	0x28	gMonShinyPalette_Typhlosion
0x08D9C770	rom	0x400	gMonIcon_Typhlosion
0x08D9CB70	rom	0x20	gMonFootprint_Typhlosion
0x08D9CB90	rom	0x2A4	gMonFrontPic_Totodile
0x08D9CE34	rom	0x28	gMonPalette_Totodile
0x08D9CE5C	rom	0x2E0	gMonBackPic_Totodile
0x08D9D13C	rom	0x28	gMonShinyPalette_Totodile
0x08D9D164	rom	0x400	gMonIcon_Totodile
0x08D9D564	rom	0x20	gMonFootprint_Totodile
0x08D9D584	rom	0x368	gMonFrontPic_Croconaw
0x08D9D8EC	rom	0x28	gMonPalette_Croconaw
0x08D9D914	rom	0x350	gMonBackPic_Croconaw
0x08D9DC64	rom	0x28	gMonShinyPalette_Croconaw
0x08D9DC8C	rom	0x400	gMonIcon_Croconaw
0x08D9E08C	rom	0x20	gMonFootprint_Croconaw
0x08D9E0AC	rom	0x56C	gMonFrontPic_Feraligatr
0x08D9E618	rom	0x28	gMonPalette_Feraligatr
0x08D9E640	rom	0x4CC	gMonBackPic_Feraligatr
0x08D9EB0C	rom	0x28	gMonShinyPalette_Feraligatr
0x08D9EB34	rom	0x400	gMonIcon_Feraligatr
0x08D9EF34	rom	0x20	gMonFootprint_Feraligatr
0x08D9EF54	rom	0x2DC	gMonFrontPic_Sentret
0x08D9F230	rom	0x28	gMonPalette_Sentret
0x08D9F258	rom	0x2A4	gMonBackPic_Sentret
0x08D9F4FC	rom	0x28	gMonShinyPalette_Sentret
0x08D9F524	rom	0x400	gMonIcon_Sentret
0x08D9F924	rom	0x20	gMonFootprint_Sentret
0x08D9F944	rom	0x334	gMonFrontPic_Furret
0x08D9FC78	rom	0x28	gMonPalette_Furret
0x08D9FCA0	rom	0x328	gMonBackPic_Furret
0x08D9FFC8	rom	0x28	gMonShinyPalette_Furret
0x08D9FFF0	rom	0x400	gMonIcon_Furret
0x08DA03F0	rom	0x20	gMonFootprint_Furret
0x08DA0410	rom	0x284	gMonFrontPic_Hoothoot
0x08DA0694	rom	0x28	gMonPalette_Hoothoot
0x08DA06BC	rom	0x308	gMonBackPic_Hoothoot
0x08DA09C4	rom	0x28	gMonShinyPalette_Hoothoot
0x08DA09EC	rom	0x400	gMonIcon_Hoothoot
0x08DA0DEC	rom	0x20	gMonFootprint_Hoothoot
0x08DA0E0C	rom	0x354	gMonFrontPic_Noctowl
0x08DA1160	rom	0x28	gMonPalette_Noctowl
0x08DA1188	rom	0x35C	gMonBackPic_Noctowl
0x08DA14E4	rom	0x28	gMonShinyPalette_Noctowl
0x08DA150C	rom	0x400	gMonIcon_Noctowl
0x08DA190C	rom	0x20	gMonFootprint_Noctowl
0x08DA192C	rom	0x2F4	gMonFrontPic_Ledyba
0x08DA1C20	rom	0x28	gMonPalette_Ledyba
0x08DA1C48	rom	0x330	gMonBackPic_Ledyba
0x08DA1F78	rom	0x28	gMonShinyPalette_Ledyba
0x08DA1FA0	rom	0x400	gMonIcon_Ledyba
0x08DA23A0	rom	0x20	gMonFootprint_Ledyba
0x08DA23C0	rom	0x388	gMonFrontPic_Ledian
0x08DA2748	rom	0x28	gMonPalette_Ledian
0x08DA2770	rom	0x358	gMonBackPic_Ledian
0x08DA2AC8	rom	0x28	gMonShinyPalette_Ledian
0x08DA2AF0	rom	0x400	gMonIcon_Ledian
0x08DA2EF0	rom	0x20	gMonFootprint_Ledian
0x08DA2F10	rom	0x274	gMonFrontPic_Spinarak
0x08DA3184	rom	0x28	gMonPalette_Spinarak
0x08DA31AC	rom	0x264	gMonBackPic_Spinarak
0x08DA3410	rom	0x28	gMonShinyPalette_Spinarak
0x08DA3438	rom	0x400	gMonIcon_Spinarak
0x08DA3838	rom	0x20	gMonFootprint_Spinarak
0x08DA3858	rom	0x3C0	gMonFrontPic_Ariados
0x08DA3C18	rom	0x28	gMonPalette_Ariados
0x08DA3C40	rom	0x378	gMonBackPic_Ariados
0x08DA3FB8	rom	0x28	gMonShinyPalette_Ariados
0x08DA3FE0	rom	0x400	gMonIcon_Ariados
0x08DA43E0	rom	0x20	gMonFootprint_Ariados
0x08DA4400	rom	0x3B0	gMonFrontPic_Crobat
0x08DA47B0	rom	0x28	gMonPalette_Crobat
0x08DA47D8	rom	0x308	gMonBackPic_Crobat
0x08DA4AE0	rom	0x28	gMonShinyPalette_Crobat
0x08DA4B08	rom	0x400	gMonIcon_Crobat
0x08DA4F08	rom	0x20	gMonFootprint_Crobat
0x08DA4F28	rom	0x2D8	gMonFrontPic_Chinchou
0x08DA5200	rom	0x28	gMonPalette_Chinchou
0x08DA5228	rom	0x2F8	gMonBackPic_Chinchou
0x08DA5520	rom	0x28	gMonShinyPalette_Chinchou
0x08DA5548	rom	0x400	gMonIcon_Chinchou
0x08DA5948	rom	0x20	gMonFootprint_Chinchou
0x08DA5968	rom	0x370	gMonFrontPic_Lanturn
0x08DA5CD8	rom	0x28	gMonPalette_Lanturn
0x08DA5D00	rom	0x300	gMonBackPic_Lanturn
0x08DA6000	rom	0x28	gMonShinyPalette_Lanturn
0x08DA6028	rom	0x400	gMonIcon_Lanturn
0x08DA6428	rom	0x20	gMonFootprint_Lanturn
0x08DA6448	rom	0x21C	gMonFrontPic_Pichu
0x08DA6664	rom	0x28	gMonPalette_Pichu
0x08DA668C	rom	0x25C	gMonBackPic_Pichu
0x08DA68E8	rom	0x28	gMonShinyPalette_Pichu
0x08DA6910	rom	0x400	gMonIcon_Pichu
0x08DA6D10	rom	0x20	gMonFootprint_Pichu
0x08DA6D30	rom	0x1E0	gMonFrontPic_Cleffa
0x08DA6F10	rom	0x28	gMonPalette_Cleffa
0x08DA6F38	rom	0x23C	gMonBackPic_Cleffa
0x08DA7174	rom	0x28	gMonShinyPalette_Cleffa
0x08DA719C	rom	0x400	gMonIcon_Cleffa
0x08DA759C	rom	0x20	gMonFootprint_Cleffa
0x08DA75BC	rom	0x1E8	gMonFrontPic_Igglybuff
0x08DA77A4	rom	0x28	gMonPalette_Igglybuff
0x08DA77CC	rom	0x23C	gMonBackPic_Igglybuff
0x08DA7A08	rom	0x28	gMonShinyPalette_Igglybuff
0x08DA7A30	rom	0x400	gMonIcon_Igglybuff
0x08DA7E30	rom	0x20	gMonFootprint_Igglybuff
0x08DA7E50	rom	0x1D4	gMonFrontPic_Togepi
0x08DA8024	rom	0x28	gMonPalette_Togepi
0x08DA804C	rom	0x274	gMonBackPic_Togepi
0x08DA82C0	rom	0x28	gMonShinyPalette_Togepi
0x08DA82E8	rom	0x400	gMonIcon_Togepi
0x08DA86E8	rom	0x20	gMonFootprint_Togepi
0x08DA8708	rom	0x274	gMonFrontPic_Togetic
0x08DA897C	rom	0x28	gMonPalette_Togetic
0x08DA89A4	rom	0x32C	gMonBackPic_Togetic
0x08DA8CD0	rom	0x28	gMonShinyPalette_Togetic
0x08DA8CF8	rom	0x400	gMonIcon_Togetic
0x08DA90F8	rom	0x20	gMonFootprint_Togetic
0x08DA9118	rom	0x1CC	gMonFrontPic_Natu
0x08DA92E4	rom	0x28	gMonPalette_Natu
0x08DA930C	rom	0x214	gMonBackPic_Natu
0x08DA9520	rom	0x28	gMonShinyPalette_Natu
0x08DA9548	rom	0x400	gMonIcon_Natu
0x08DA9948	rom	0x20	gMonFootprint_Natu
0x08DA9968	rom	0x2DC	gMonFrontPic_Xatu
0x08DA9C44	rom	0x28	gMonPalette_Xatu
0x08DA9C6C	rom	0x378	gMonBackPic_Xatu
0x08DA9FE4	rom	0x28	gMonShinyPalette_Xatu
0x08DAA00C	rom	0x400	gMonIcon_Xatu
0x08DAA40C	rom	0x20	gMonFootprint_Xatu
0x08DAA42C	rom	0x2B4	gMonFrontPic_Mareep
0x08DAA6E0	rom	0x28	gMonPalette_Mareep
0x08DAA708	rom	0x2F4	gMonBackPic_Mareep
0x08DAA9FC	rom	0x28	gMonShinyPalette_Mareep
0x08DAAA24	rom	0x400	gMonIcon_Mareep
0x08DAAE24	rom	0x20	gMonFootprint_Mareep
0x08DAAE44	rom	0x300	gMonFrontPic_Flaaffy
0x08DAB144	rom	0x28	gMonPalette_Flaaffy
0x08DAB16C	rom	0x31C	gMonBackPic_Flaaffy
0x08DAB488	rom	0x28	gMonShinyPalette_Flaaffy
0x08DAB4B0	rom	0x400	gMonIcon_Flaaffy
0x08DAB8B0	rom	0x20	gMonFootprint_Flaaffy
0x08DAB8D0	rom	0x35C	gMonFrontPic_Ampharos
0x08DABC2C	rom	0x28	gMonPalette_Ampharos
0x08DABC54	rom	0x378	gMonBackPic_Ampharos
0x08DABFCC	rom	0x28	gMonShinyPalette_Ampharos
0x08DABFF4	rom	0x400	gMonIcon_Ampharos
0x08DAC3F4	rom	0x20	gMonFootprint_Ampharos
0x08DAC414	rom	0x270	gMonFrontPic_Bellossom
0x08DAC684	rom	0x28	gMonPalette_Bellossom
0x08DAC6AC	rom	0x324	gMonBackPic_Bellossom
0x08DAC9D0	rom	0x28	gMonShinyPalette_Bellossom
0x08DAC9F8	rom	0x400	gMonIcon_Bellossom
0x08DACDF8	rom	0x20	gMonFootprint_Bellossom
0x08DACE18	rom	0x2C4	gMonFrontPic_Marill
0x08DAD0DC	rom	0x28	gMonPalette_Marill
0x08DAD104	rom	0x2AC	gMonBackPic_Marill
0x08DAD3B0	rom	0x28	gMonShinyPalette_Marill
0x08DAD3D8	rom	0x400	gMonIcon_Marill
0x08DAD7D8	rom	0x20	gMonFootprint_Marill
0x08DAD7F8	rom	0x300	gMonFrontPic_Azumarill
0x08DADAF8	rom	0x28	gMonPalette_Azumarill
0x08DADB20	rom	0x2BC	gMonBackPic_Azumarill
0x08DADDDC	rom	0x28	gMonShinyPalette_Azumarill
0x08DADE04	rom	0x400	gMonIcon_Azumarill
0x08DAE204	rom	0x20	gMonFootprint_Azumarill
0x08DAE224	rom	0x318	gMonFrontPic_Sudowoodo
0x08DAE53C	rom	0x28	gMonPalette_Sudowoodo
0x08DAE564	rom	0x35C	gMonBackPic_Sudowoodo
0x08DAE8C0	rom	0x28	gMonShinyPalette_Sudowoodo
0x08DAE8E8	rom	0x400	gMonIcon_Sudowoodo
0x08DAECE8	rom	0x20	gMonFootprint_Sudowoodo
0x08DAED08	rom	0x33C	gMonFrontPic_Politoed
0x08DAF044	rom	0x28	gMonPalette_Politoed
0x08DAF06C	rom	0x2BC	gMonBackPic_Politoed
0x08DAF328	rom	0x28	gMonShinyPalette_Politoed
0x08DAF350	rom	0x400	gMonIcon_Politoed
0x08DAF750	rom	0x20	gMonFootprint_Politoed
0x08DAF770	rom	0x2B4	gMonFrontPic_Hoppip
0x08DAFA24	rom	0x28	gMonPalette_Hoppip
0x08DAFA4C	rom	0x2E0	gMonBackPic_Hoppip
0x08DAFD2C	rom	0x28	gMonShinyPalette_Hoppip
0x08DAFD54	rom	0x400	gMonIcon_Hoppip
0x08DB0154	rom	0x20	gMonFootprint_Hoppip
0x08DB0174	rom	0x288	gMonFrontPic_Skiploom
0x08DB03FC	rom	0x28	gMonPalette_Skiploom
0x08DB0424	rom	0x2E0	gMonBackPic_Skiploom
0x08DB0704	rom	0x28	gMonShinyPalette_Skiploom
0x08DB072C	rom	0x400	gMonIcon_Skiploom
0x08DB0B2C	rom	0x20	gMonFootprint_Skiploom
0x08DB0B4C	rom	0x36C	gMonFrontPic_Jumpluff
0x08DB0EB8	rom	0x28	gMonPalette_Jumpluff
0x08DB0EE0	rom	0x3F8	gMonBackPic_Jumpluff
0x08DB12D8	rom	0x28	gMonShinyPalette_Jumpluff
0x08DB1300	rom	0x400	gMonIcon_Jumpluff
0x08DB1700	rom	0x20	gMonFootprint_Jumpluff
0x08DB1720	rom	0x2FC	gMonFrontPic_Aipom
0x08DB1A1C	rom	0x28	gMonPalette_Aipom
0x08DB1A44	rom	0x2F4	gMonBackPic_Aipom
0x08DB1D38	rom	0x28	gMonShinyPalette_Aipom
0x08DB1D60	rom	0x400	gMonIcon_Aipom
0x08DB2160	rom	0x20	gMonFootprint_Aipom
0x08DB2180	rom	0x238	gMonFrontPic_Sunkern
0x08DB23B8	rom	0x28	gMonPalette_Sunkern
0x08DB23E0	rom	0x2C4	gMonBackPic_Sunkern
0x08DB26A4	rom	0x28	gMonShinyPalette_Sunkern
0x08DB26CC	rom	0x400	gMonIcon_Sunkern
0x08DB2ACC	rom	0x20	gMonFootprint_Sunkern
0x08DB2AEC	rom	0x358	gMonFrontPic_Sunflora
0x08DB2E44	rom	0x28	gMonPalette_Sunflora
0x08DB2E6C	rom	0x3A0	gMonBackPic_Sunflora
0x08DB320C	rom	0x28	gMonShinyPalette_Sunflora
0x08DB3234	rom	0x400	gMonIcon_Sunflora
0x08DB3634	rom	0x20	gMonFootprint_Sunflora
0x08DB3654	rom	0x384	gMonFrontPic_Yanma
0x08DB39D8	rom	0x28	gMonPalette_Yanma
0x08DB3A00	rom	0x3B4	gMonBackPic_Yanma
0x08DB3DB4	rom	0x28	gMonShinyPalette_Yanma
0x08DB3DDC	rom	0x400	gMonIcon_Yanma
0x08DB41DC	rom	0x20	gMonFootprint_Yanma
0x08DB41FC	rom	0x240	gMonFrontPic_Wooper
0x08DB443C	rom	0x28	gMonPalette_Wooper
0x08DB4464	rom	0x28C	gMonBackPic_Wooper
0x08DB46F0	rom	0x28	gMonShinyPalette_Wooper
0x08DB4718	rom	0x400	gMonIcon_Wooper
0x08DB4B18	rom	0x20	gMonFootprint_Wooper
0x08DB4B38	rom	0x374	gMonFrontPic_Quagsire
0x08DB4EAC	rom	0x28	gMonPalette_Quagsire
0x08DB4ED4	rom	0x2FC	gMonBackPic_Quagsire
0x08DB51D0	rom	0x28	gMonShinyPalette_Quagsire
0x08DB51F8	rom	0x400	gMonIcon_Quagsire
0x08DB55F8	rom	0x20	gMonFootprint_Quagsire
0x08DB5618	rom	0x340	gMonFrontPic_Espeon
0x08DB5958	rom	0x24	gMonPalette_Espeon
0x08DB597C	rom	0x2DC	gMonBackPic_Espeon
0x08DB5C58	rom	0x24	gMonShinyPalette_Espeon
0x08DB5C7C	rom	0x400	gMonIcon_Espeon
0x08DB607C	rom	0x20	gMonFootprint_Espeon
0x08DB609C	rom	0x314	gMonFrontPic_Umbreon
0x08DB63B0	rom	0x28	gMonPalette_Umbreon
0x08DB63D8	rom	0x314	gMonBackPic_Umbreon
0x08DB66EC	rom	0x28	gMonShinyPalette_Umbreon
0x08DB6714	rom	0x400	gMonIcon_Umbreon
0x08DB6B14	rom	0x20	gMonFootprint_Umbreon
0x08DB6B34	rom	0x2E0	gMonFrontPic_Murkrow
0x08DB6E14	rom	0x28	gMonPalette_Murkrow
0x08DB6E3C	rom	0x318	gMonBackPic_Murkrow
0x08DB7154	rom	0x28	gMonShinyPalette_Murkrow
0x08DB717C	rom	0x400	gMonIcon_Murkrow
0x08DB757C	rom	0x20	gMonFootprint_Murkrow
0x08DB759C	rom	0x3B4	gMonFrontPic_Slowking
0x08DB7950	rom	0x28	gMonPalette_Slowking
0x08DB7978	rom	0x38C	gMonBackPic_Slowking
0x08DB7D04	rom	0x28	gMonShinyPalette_Slowking
0x08DB7D2C	rom	0x400	gMonIcon_Slowking
0x08DB812C	rom	0x20	gMonFootprint_Slowking
0x08DB814C	rom	0x2C0	gMonFrontPic_Misdreavus
0x08DB840C	rom	0x28	gMonPalette_Misdreavus
0x08DB8434	rom	0x324	gMonBackPic_Misdreavus
0x08DB8758	rom	0x28	gMonShinyPalette_Misdreavus
0x08DB8780	rom	0x400	gMonIcon_Misdreavus
0x08DB8B80	rom	0x20	gMonFootprint_Misdreavus
0x08DB8BA0	rom	0x1D4	gMonFrontPic_UnownA
0x08DB8D74	rom	0x20	gMonPalette_Unown
0x08DB8D94	rom	0x200	gMonBackPic_UnownA
0x08DB8F94	rom	0x20	gMonShinyPalette_Unown
0x08DB8FB4	rom	0x400	gMonIcon_UnownA
0x08DB93B4	rom	0x20	gMonFootprint_Unown
0x08DB93D4	rom	0x350	gMonFrontPic_Wobbuffet
0x08DB9724	rom	0x28	gMonPalette_Wobbuffet
0x08DB974C	rom	0x244	gMonBackPic_Wobbuffet
0x08DB9990	rom	0x28	gMonShinyPalette_Wobbuffet
0x08DB99B8	rom	0x400	gMonIcon_Wobbuffet
0x08DB9DB8	rom	0x20	gMonFootprint_Wobbuffet
0x08DB9DD8	rom	0x404	gMonFrontPic_Girafarig
0x08DBA1DC	rom	0x28	gMonPalette_Girafarig
0x08DBA204	rom	0x3AC	gMonBackPic_Girafarig
0x08DBA5B0	rom	0x28	gMonShinyPalette_Girafarig
0x08DBA5D8	rom	0x400	gMonIcon_Girafarig
0x08DBA9D8	rom	0x20	gMonFootprint_Girafarig
0x08DBA9F8	rom	0x340	gMonFrontPic_Pineco
0x08DBAD38	rom	0x24	gMonPalette_Pineco
0x08DBAD5C	rom	0x2D8	gMonBackPic_Pineco
0x08DBB034	rom	0x24	gMonShinyPalette_Pineco
0x08DBB058	rom	0x400	gMonIcon_Pineco
0x08DBB458	rom	0x20	gMonFootprint_Pineco
0x08DBB478	rom	0x41C	gMonFrontPic_Forretress
0x08DBB894	rom	0x28	gMonPalette_Forretress
0x08DBB8BC	rom	0x2C0	gMonBackPic_Forretress
0x08DBBB7C	rom	0x28	gMonShinyPalette_Forretress
0x08DBBBA4	rom	0x400	gMonIcon_Forretress
0x08DBBFA4	rom	0x20	gMonFootprint_Forretress
0x08DBBFC4	rom	0x310	gMonFrontPic_Dunsparce
0x08DBC2D4	rom	0x28	gMonPalette_Dunsparce
0x08DBC2FC	rom	0x2FC	gMonBackPic_Dunsparce
0x08DBC5F8	rom	0x28	gMonShinyPalette_Dunsparce
0x08DBC620	rom	0x400	gMonIcon_Dunsparce
0x08DBCA20	rom	0x20	gMonFootprint_Dunsparce
0x08DBCA40	rom	0x428	gMonFrontPic_Gligar
0x08DBCE68	rom	0x28	gMonPalette_Gligar
0x08DBCE90	rom	0x3D8	gMonBackPic_Gligar
0x08DBD268	rom	0x28	gMonShinyPalette_Gligar
0x08DBD290	rom	0x400	gMonIcon_Gligar
0x08DBD690	rom	0x20	gMonFootprint_Gligar
0x08DBD6B0	rom	0x4C8	gMonFrontPic_Steelix
0x08DBDB78	rom	0x24	gMonPalette_Steelix
0x08DBDB9C	rom	0x40C	gMonBackPic_Steelix
0x08DBDFA8	rom	0x24	gMonShinyPalette_Steelix
0x08DBDFCC	rom	0x400	gMonIcon_Steelix
0x08DBE3CC	rom	0x20	gMonFootprint_Steelix
0x08DBE3EC	rom	0x2D4	gMonFrontPic_Snubbull
0x08DBE6C0	rom	0x28	gMonPalette_Snubbull
0x08DBE6E8	rom	0x328	gMonBackPic_Snubbull
0x08DBEA10	rom	0x28	gMonShinyPalette_Snubbull
0x08DBEA38	rom	0x400	gMonIcon_Snubbull
0x08DBEE38	rom	0x20	gMonFootprint_Snubbull
0x08DBEE58	rom	0x38C	gMonFrontPic_Granbull
0x08DBF1E4	rom	0x28	gMonPalette_Granbull
0x08DBF20C	rom	0x324	gMonBackPic_Granbull
0x08DBF530	rom	0x28	gMonShinyPalette_Granbull
0x08DBF558	rom	0x400	gMonIcon_Granbull
0x08DBF958	rom	0x20	gMonFootprint_Granbull
0x08DBF978	rom	0x2C0	gMonFrontPic_Qwilfish
0x08DBFC38	rom	0x28	gMonPalette_Qwilfish
0x08DBFC60	rom	0x2E0	gMonBackPic_Qwilfish
0x08DBFF40	rom	0x28	gMonShinyPalette_Qwilfish
0x08DBFF68	rom	0x400	gMonIcon_Qwilfish
0x08DC0368	rom	0x20	gMonFootprint_Qwilfish
0x08DC0388	rom	0x4E8	gMonFrontPic_Scizor
0x08DC0870	rom	0x28	gMonPalette_Scizor
0x08DC0898	rom	0x380	gMonBackPic_Scizor
0x08DC0C18	rom	0x28	gMonShinyPalette_Scizor
0x08DC0C40	rom	0x400	gMonIcon_Scizor
0x08DC1040	rom	0x20	gMonFootprint_Scizor
0x08DC1060	rom	0x2C8	gMonFrontPic_Shuckle
0x08DC1328	rom	0x28	gMonPalette_Shuckle
0x08DC1350	rom	0x258	gMonBackPic_Shuckle
0x08DC15A8	rom	0x28	gMonShinyPalette_Shuckle
0x08DC15D0	rom	0x400	gMonIcon_Shuckle
0x08DC19D0	rom	0x20	gMonFootprint_Shuckle
0x08DC19F0	rom	0x3F0	gMonFrontPic_Heracross
0x08DC1DE0	rom	0x28	gMonPalette_Heracross
0x08DC1E08	rom	0x370	gMonBackPic_Heracross
0x08DC2178	rom	0x28	gMonShinyPalette_Heracross
0x08DC21A0	rom	0x400	gMonIcon_Heracross
0x08DC25A0	rom	0x400	gUnknown_heracross_icon
0x08DC29A0	rom	0x20	gMonFootprint_Heracross
0x08DC29C0	rom	0x344	gMonFrontPic_Sneasel
0x08DC2D04	rom	0x28	gMonPalette_Sneasel
0x08DC2D2C	rom	0x324	gMonBackPic_Sneasel
0x08DC3050	rom	0x28	gMonShinyPalette_Sneasel
0x08DC3078	rom	0x400	gMonIcon_Sneasel
0x08DC3478	rom	0x20	gMonFootprint_Sneasel
0x08DC3498	rom	0x2A8	gMonFrontPic_Teddiursa
0x08DC3740	rom	0x28	gMonPalette_Teddiursa
0x08DC3768	rom	0x278	gMonBackPic_Teddiursa
0x08DC39E0	rom	0x28	gMonShinyPalette_Teddiursa
0x08DC3A08	rom	0x400	gMonIcon_Teddiursa
0x08DC3E08	rom	0x20	gMonFootprint_Teddiursa
0x08DC3E28	rom	0x438	gMonFrontPic_Ursaring
0x08DC4260	rom	0x28	gMonPalette_Ursaring
0x08DC4288	rom	0x388	gMonBackPic_Ursaring
0x08DC4610	rom	0x28	gMonShinyPalette_Ursaring
0x08DC4638	rom	0x400	gMonIcon_Ursaring
0x08DC4A38	rom	0x20	gMonFootprint_Ursaring
0x08DC4A58	rom	0x274	gMonFrontPic_Slugma
0x08DC4CCC	rom	0x24	gMonPalette_Slugma
0x08DC4CF0	rom	0x2E8	gMonBackPic_Slugma
0x08DC4FD8	rom	0x24	gMonShinyPalette_Slugma
0x08DC4FFC	rom	0x400	gMonIcon_Slugma
0x08DC53FC	rom	0x20	gMonFootprint_Slugma
0x08DC541C	rom	0x348	gMonFrontPic_Magcargo
0x08DC5764	rom	0x28	gMonPalette_Magcargo
0x08DC578C	rom	0x418	gMonBackPic_Magcargo
0x08DC5BA4	rom	0x28	gMonShinyPalette_Magcargo
0x08DC5BCC	rom	0x400	gMonIcon_Magcargo
0x08DC5FCC	rom	0x20	gMonFootprint_Magcargo
0x08DC5FEC	rom	0x1FC	gMonFrontPic_Swinub
0x08DC61E8	rom	0x28	gMonPalette_Swinub
0x08DC6210	rom	0x23C	gMonBackPic_Swinub
0x08DC644C	rom	0x28	gMonShinyPalette_Swinub
0x08DC6474	rom	0x400	gMonIcon_Swinub
0x08DC6874	rom	0x20	gMonFootprint_Swinub
0x08DC6894	rom	0x328	gMonFrontPic_Piloswine
0x08DC6BBC	rom	0x28	gMonPalette_Piloswine
0x08DC6BE4	rom	0x24C	gMonBackPic_Piloswine
0x08DC6E30	rom	0x28	gMonShinyPalette_Piloswine
0x08DC6E58	rom	0x400	gMonIcon_Piloswine
0x08DC7258	rom	0x20	gMonFootprint_Piloswine
0x08DC7278	rom	0x2E8	gMonFrontPic_Corsola
0x08DC7560	rom	0x28	gMonPalette_Corsola
0x08DC7588	rom	0x2C0	gMonBackPic_Corsola
0x08DC7848	rom	0x28	gMonShinyPalette_Corsola
0x08DC7870	rom	0x400	gMonIcon_Corsola
0x08DC7C70	rom	0x20	gMonFootprint_Corsola
0x08DC7C90	rom	0x268	gMonFrontPic_Remoraid
0x08DC7EF8	rom	0x28	gMonPalette_Remoraid
0x08DC7F20	rom	0x314	gMonBackPic_Remoraid
0x08DC8234	rom	0x28	gMonShinyPalette_Remoraid
0x08DC825C	rom	0x400	gMonIcon_Remoraid
0x08DC865C	rom	0x20	gMonFootprint_Remoraid
0x08DC867C	rom	0x334	gMonFrontPic_Octillery
0x08DC89B0	rom	0x28	gMonPalette_Octillery
0x08DC89D8	rom	0x2B8	gMonBackPic_Octillery
0x08DC8C90	rom	0x28	gMonShinyPalette_Octillery
0x08DC8CB8	rom	0x400	gMonIcon_Octillery
0x08DC90B8	rom	0x20	gMonFootprint_Octillery
0x08DC90D8	rom	0x370	gMonFrontPic_Delibird
0x08DC9448	rom	0x28	gMonPalette_Delibird
0x08DC9470	rom	0x3C0	gMonBackPic_Delibird
0x08DC9830	rom	0x28	gMonShinyPalette_Delibird
0x08DC9858	rom	0x400	gMonIcon_Delibird
0x08DC9C58	rom	0x20	gMonFootprint_Delibird
0x08DC9C78	rom	0x49C	gMonFrontPic_Mantine
0x08DCA114	rom	0x28	gMonPalette_Mantine
0x08DCA13C	rom	0x2A0	gMonBackPic_Mantine
0x08DCA3DC	rom	0x28	gMonShinyPalette_Mantine
0x08DCA404	rom	0x400	gMonIcon_Mantine
0x08DCA804	rom	0x20	gMonFootprint_Mantine
0x08DCA824	rom	0x4E0	gMonFrontPic_Skarmory
0x08DCAD04	rom	0x28	gMonPalette_Skarmory
0x08DCAD2C	rom	0x304	gMonBackPic_Skarmory
0x08DCB030	rom	0x28	gMonShinyPalette_Skarmory
0x08DCB058	rom	0x400	gMonIcon_Skarmory
0x08DCB458	rom	0x20	gMonFootprint_Skarmory
0x08DCB478	rom	0x2B8	gMonFrontPic_Houndour
0x08DCB730	rom	0x28	gMonPalette_Houndour
0x08DCB758	rom	0x280	gMonBackPic_Houndour
0x08DCB9D8	rom	0x28	gMonShinyPalette_Houndour
0x08DCBA00	rom	0x400	gMonIcon_Houndour
0x08DCBE00	rom	0x20	gMonFootprint_Houndour
0x08DCBE20	rom	0x400	gMonFrontPic_Houndoom
0x08DCC220	rom	0x28	gMonPalette_Houndoom
0x08DCC248	rom	0x324	gMonBackPic_Houndoom
0x08DCC56C	rom	0x28	gMonShinyPalette_Houndoom
0x08DCC594	rom	0x400	gMonIcon_Houndoom
0x08DCC994	rom	0x20	gMonFootprint_Houndoom
0x08DCC9B4	rom	0x420	gMonFrontPic_Kingdra
0x08DCCDD4	rom	0x28	gMonPalette_Kingdra
0x08DCCDFC	rom	0x3B4	gMonBackPic_Kingdra
0x08DCD1B0	rom	0x28	gMonShinyPalette_Kingdra
0x08DCD1D8	rom	0x400	gMonIcon_Kingdra
0x08DCD5D8	rom	0x20	gMonFootprint_Kingdra
0x08DCD5F8	rom	0x25C	gMonFrontPic_Phanpy
0x08DCD854	rom	0x28	gMonPalette_Phanpy
0x08DCD87C	rom	0x2C4	gMonBackPic_Phanpy
0x08DCDB40	rom	0x28	gMonShinyPalette_Phanpy
0x08DCDB68	rom	0x400	gMonIcon_Phanpy
0x08DCDF68	rom	0x20	gMonFootprint_Phanpy
0x08DCDF88	rom	0x474	gMonFrontPic_Donphan
0x08DCE3FC	rom	0x28	gMonPalette_Donphan
0x08DCE424	rom	0x2FC	gMonBackPic_Donphan
0x08DCE720	rom	0x28	gMonShinyPalette_Donphan
0x08DCE748	rom	0x400	gMonIcon_Donphan
0x08DCEB48	rom	0x20	gMonFootprint_Donphan
0x08DCEB68	rom	0x288	gMonFrontPic_Porygon2
0x08DCEDF0	rom	0x28	gMonPalette_Porygon2
0x08DCEE18	rom	0x31C	gMonBackPic_Porygon2
0x08DCF134	rom	0x28	gMonShinyPalette_Porygon2
0x08DCF15C	rom	0x400	gMonIcon_Porygon2
0x08DCF55C	rom	0x20	gMonFootprint_Porygon2
0x08DCF57C	rom	0x414	gMonFrontPic_Stantler
0x08DCF990	rom	0x28	gMonPalette_Stantler
0x08DCF9B8	rom	0x34C	gMonBackPic_Stantler
0x08DCFD04	rom	0x28	gMonShinyPalette_Stantler
0x08DCFD2C	rom	0x400	gMonIcon_Stantler
0x08DD012C	rom	0x20	gMonFootprint_Stantler
0x08DD014C	rom	0x394	gMonFrontPic_Smeargle
0x08DD04E0	rom	0x28	gMonPalette_Smeargle
0x08DD0508	rom	0x324	gMonBackPic_Smeargle
0x08DD082C	rom	0x28	gMonShinyPalette_Smeargle
0x08DD0854	rom	0x400	gMonIcon_Smeargle
0x08DD0C54	rom	0x20	gMonFootprint_Smeargle
0x08DD0C74	rom	0x28C	gMonFrontPic_Tyrogue
0x08DD0F00	rom	0x28	gMonPalette_Tyrogue
0x08DD0F28	rom	0x31C	gMonBackPic_Tyrogue
0x08DD1244	rom	0x28	gMonShinyPalette_Tyrogue
0x08DD126C	rom	0x400	gMonIcon_Tyrogue
0x08DD166C	rom	0x20	gMonFootprint_Tyrogue
0x08DD168C	rom	0x38C	gMonFrontPic_Hitmontop
0x08DD1A18	rom	0x28	gMonPalette_Hitmontop
0x08DD1A40	rom	0x428	gMonBackPic_Hitmontop
0x08DD1E68	rom	0x28	gMonShinyPalette_Hitmontop
0x08DD1E90	rom	0x400	gMonIcon_Hitmontop
0x08DD2290	rom	0x200	gUnusedGarbage
0x08DD2490	rom	0x20	gMonFootprint_Hitmontop
0x08DD24B0	rom	0x258	gMonFrontPic_Smoochum
0x08DD2708	rom	0x28	gMonPalette_Smoochum
0x08DD2730	rom	0x278	gMonBackPic_Smoochum
0x08DD29A8	rom	0x28	gMonShinyPalette_Smoochum
0x08DD29D0	rom	0x400	gMonIcon_Smoochum
0x08DD2DD0	rom	0x20	gMonFootprint_Smoochum
0x08DD2DF0	rom	0x308	gMonFrontPic_Elekid
0x08DD30F8	rom	0x28	gMonPalette_Elekid
0x08DD3120	rom	0x358	gMonBackPic_Elekid
0x08DD3478	rom	0x28	gMonShinyPalette_Elekid
0x08DD34A0	rom	0x400	gMonIcon_Elekid
0x08DD38A0	rom	0x20	gMonFootprint_Elekid
0x08DD38C0	rom	0x284	gMonFrontPic_Magby
0x08DD3B44	rom	0x28	gMonPalette_Magby
0x08DD3B6C	rom	0x2AC	gMonBackPic_Magby
0x08DD3E18	rom	0x28	gMonShinyPalette_Magby
0x08DD3E40	rom	0x400	gMonIcon_Magby
0x08DD4240	rom	0x20	gMonFootprint_Magby
0x08DD4260	rom	0x3B0	gMonFrontPic_Miltank
0x08DD4610	rom	0x28	gMonPalette_Miltank
0x08DD4638	rom	0x39C	gMonBackPic_Miltank
0x08DD49D4	rom	0x28	gMonShinyPalette_Miltank
0x08DD49FC	rom	0x400	gMonIcon_Miltank
0x08DD4DFC	rom	0x20	gMonFootprint_Miltank
0x08DD4E1C	rom	0x3E8	gMonFrontPic_Blissey
0x08DD5204	rom	0x28	gMonPalette_Blissey
0x08DD522C	rom	0x2CC	gMonBackPic_Blissey
0x08DD54F8	rom	0x28	gMonShinyPalette_Blissey
0x08DD5520	rom	0x400	gMonIcon_Blissey
0x08DD5920	rom	0x20	gMonFootprint_Blissey
0x08DD5940	rom	0x57C	gMonFrontPic_Raikou
0x08DD5EBC	rom	0x28	gMonPalette_Raikou
0x08DD5EE4	rom	0x3A8	gMonBackPic_Raikou
0x08DD628C	rom	0x28	gMonShinyPalette_Raikou
0x08DD62B4	rom	0x400	gMonIcon_Raikou
0x08DD66B4	rom	0x20	gMonFootprint_Raikou
0x08DD66D4	rom	0x5FC	gMonFrontPic_Entei
0x08DD6CD0	rom	0x28	gMonPalette_Entei
0x08DD6CF8	rom	0x424	gMonBackPic_Entei
0x08DD711C	rom	0x28	gMonShinyPalette_Entei
0x08DD7144	rom	0x400	gMonIcon_Entei
0x08DD7544	rom	0x20	gMonFootprint_Entei
0x08DD7564	rom	0x584	gMonFrontPic_Suicune
0x08DD7AE8	rom	0x28	gMonPalette_Suicune
0x08DD7B10	rom	0x4DC	gMonBackPic_Suicune
0x08DD7FEC	rom	0x28	gMonShinyPalette_Suicune
0x08DD8014	rom	0x400	gMonIcon_Suicune
0x08DD8414	rom	0x20	gMonFootprint_Suicune
0x08DD8434	rom	0x25C	gMonFrontPic_Larvitar
0x08DD8690	rom	0x28	gMonPalette_Larvitar
0x08DD86B8	rom	0x2AC	gMonBackPic_Larvitar
0x08DD8964	rom	0x28	gMonShinyPalette_Larvitar
0x08DD898C	rom	0x400	gMonIcon_Larvitar
0x08DD8D8C	rom	0x20	gMonFootprint_Larvitar
0x08DD8DAC	rom	0x2F0	gMonFrontPic_Pupitar
0x08DD909C	rom	0x28	gMonPalette_Pupitar
0x08DD90C4	rom	0x338	gMonBackPic_Pupitar
0x08DD93FC	rom	0x28	gMonShinyPalette_Pupitar
0x08DD9424	rom	0x400	gMonIcon_Pupitar
0x08DD9824	rom	0x20	gMonFootprint_Pupitar
0x08DD9844	rom	0x53C	gMonFrontPic_Tyranitar
0x08DD9D80	rom	0x28	gMonPalette_Tyranitar
0x08DD9DA8	rom	0x3EC	gMonBackPic_Tyranitar
0x08DDA194	rom	0x28	gMonShinyPalette_Tyranitar
0x08DDA1BC	rom	0x400	gMonIcon_Tyranitar
0x08DDA5BC	rom	0x20	gMonFootprint_Tyranitar
0x08DDA5DC	rom	0x4C4	gMonFrontPic_Lugia
0x08DDAAA0	rom	0x28	gMonPalette_Lugia
0x08DDAAC8	rom	0x3D4	gMonBackPic_Lugia
0x08DDAE9C	rom	0x28	gMonShinyPalette_Lugia
0x08DDAEC4	rom	0x400	gMonIcon_Lugia
0x08DDB2C4	rom	0x20	gMonFootprint_Lugia
0x08DDB2E4	rom	0x654	gMonFrontPic_HoOh
0x08DDB938	rom	0x28	gMonPalette_HoOh
0x08DDB960	rom	0x410	gMonBackPic_HoOh
0x08DDBD70	rom	0x28	gMonShinyPalette_HoOh
0x08DDBD98	rom	0x400	gMonIcon_HoOh
0x08DDC198	rom	0x20	gMonFootprint_HoOh
0x08DDC1B8	rom	0x278	gMonFrontPic_Celebi
0x08DDC430	rom	0x28	gMonPalette_Celebi
0x08DDC458	rom	0x3AC	gMonBackPic_Celebi
0x08DDC804	rom	0x28	gMonShinyPalette_Celebi
0x08DDC82C	rom	0x400	gMonIcon_Celebi
0x08DDCC2C	rom	0x20	gMonFootprint_Celebi
0x08DDCC4C	rom	0x184	gMonFrontPic_DoubleQuestionMark
0x08DDCDD0	rom	0x14	gMonPalette_DoubleQuestionMark
0x08DDCDE4	rom	0x184	gMonBackPic_DoubleQuestionMark
0x08DDCF68	rom	0x14	gMonShinyPalette_DoubleQuestionMark
0x08DDCF7C	rom	0x308	gMonFrontPic_Treecko
0x08DDD284	rom	0x28	gMonPalette_Treecko
0x08DDD2AC	rom	0x300	gMonBackPic_Treecko
0x08DDD5AC	rom	0x28	gMonShinyPalette_Treecko
0x08DDD5D4	rom	0x400	gMonIcon_Treecko
0x08DDD9D4	rom	0x20	gMonFootprint_Treecko
0x08DDD9F4	rom	0x48C	gMonFrontPic_Grovyle
0x08DDDE80	rom	0x28	gMonPalette_Grovyle
0x08DDDEA8	rom	0x33C	gMonBackPic_Grovyle
0x08DDE1E4	rom	0x28	gMonShinyPalette_Grovyle
0x08DDE20C	rom	0x400	gMonIcon_Grovyle
0x08DDE60C	rom	0x20	gMonFootprint_Grovyle
0x08DDE62C	rom	0x504	gMonFrontPic_Sceptile
0x08DDEB30	rom	0x28	gMonPalette_Sceptile
0x08DDEB58	rom	0x3FC	gMonBackPic_Sceptile
0x08DDEF54	rom	0x28	gMonShinyPalette_Sceptile
0x08DDEF7C	rom	0x400	gMonIcon_Sceptile
0x08DDF37C	rom	0x20	gMonFootprint_Sceptile
0x08DDF39C	rom	0x29C	gMonFrontPic_Torchic
0x08DDF638	rom	0x28	gMonPalette_Torchic
0x08DDF660	rom	0x2D8	gMonBackPic_Torchic
0x08DDF938	rom	0x28	gMonShinyPalette_Torchic
0x08DDF960	rom	0x400	gMonIcon_Torchic
0x08DDFD60	rom	0x20	gMonFootprint_Torchic
0x08DDFD80	rom	0x3EC	gMonFrontPic_Combusken
0x08DE016C	rom	0x28	gMonPalette_Combusken
0x08DE0194	rom	0x3D0	gMonBackPic_Combusken
0x08DE0564	rom	0x28	gMonShinyPalette_Combusken
0x08DE058C	rom	0x400	gMonIcon_Combusken
0x08DE098C	rom	0x20	gMonFootprint_Combusken
0x08DE09AC	rom	0x478	gMonFrontPic_Blaziken
0x08DE0E24	rom	0x28	gMonPalette_Blaziken
0x08DE0E4C	rom	0x3DC	gMonBackPic_Blaziken
0x08DE1228	rom	0x28	gMonShinyPalette_Blaziken
0x08DE1250	rom	0x400	gMonIcon_Blaziken
0x08DE1650	rom	0x20	gMonFootprint_Blaziken
0x08DE1670	rom	0x2B8	gMonFrontPic_Mudkip
0x08DE1928	rom	0x28	gMonPalette_Mudkip
0x08DE1950	rom	0x2E0	gMonBackPic_Mudkip
0x08DE1C30	rom	0x28	gMonShinyPalette_Mudkip
0x08DE1C58	rom	0x400	gMonIcon_Mudkip
0x08DE2058	rom	0x20	gMonFootprint_Mudkip
0x08DE2078	rom	0x388	gMonFrontPic_Marshtomp
0x08DE2400	rom	0x28	gMonPalette_Marshtomp
0x08DE2428	rom	0x3B0	gMonBackPic_Marshtomp
0x08DE27D8	rom	0x28	gMonShinyPalette_Marshtomp
0x08DE2800	rom	0x400	gMonIcon_Marshtomp
0x08DE2C00	rom	0x20	gMonFootprint_Marshtomp
0x08DE2C20	rom	0x57C	gMonFrontPic_Swampert
0x08DE319C	rom	0x28	gMonPalette_Swampert
0x08DE31C4	rom	0x3B4	gMonBackPic_Swampert
0x08DE3578	rom	0x28	gMonShinyPalette_Swampert
0x08DE35A0	rom	0x400	gMonIcon_Swampert
0x08DE39A0	rom	0x20	gMonFootprint_Swampert
0x08DE39C0	rom	0x2C8	gMonFrontPic_Poochyena
0x08DE3C88	rom	0x28	gMonPalette_Poochyena
0x08DE3CB0	rom	0x32C	gMonBackPic_Poochyena
0x08DE3FDC	rom	0x28	gMonShinyPalette_Poochyena
0x08DE4004	rom	0x400	gMonIcon_Poochyena
0x08DE4404	rom	0x20	gMonFootprint_Poochyena
0x08DE4424	rom	0x438	gMonFrontPic_Mightyena
0x08DE485C	rom	0x28	gMonPalette_Mightyena
0x08DE4884	rom	0x378	gMonBackPic_Mightyena
0x08DE4BFC	rom	0x28	gMonShinyPalette_Mightyena
0x08DE4C24	rom	0x400	gMonIcon_Mightyena
0x08DE5024	rom	0x20	gMonFootprint_Mightyena
0x08DE5044	rom	0x3D0	gMonFrontPic_Zigzagoon
0x08DE5414	rom	0x28	gMonPalette_Zigzagoon
0x08DE543C	rom	0x340	gMonBackPic_Zigzagoon
0x08DE577C	rom	0x28	gMonShinyPalette_Zigzagoon
0x08DE57A4	rom	0x400	gMonIcon_Zigzagoon
0x08DE5BA4	rom	0x20	gMonFootprint_Zigzagoon
0x08DE5BC4	rom	0x370	gMonFrontPic_Linoone
0x08DE5F34	rom	0x28	gMonPalette_Linoone
0x08DE5F5C	rom	0x2D4	gMonBackPic_Linoone
0x08DE6230	rom	0x28	gMonShinyPalette_Linoone
0x08DE6258	rom	0x400	gMonIcon_Linoone
0x08DE6658	rom	0x20	gMonFootprint_Linoone
0x08DE6678	rom	0x288	gMonFrontPic_Wurmple
0x08DE6900	rom	0x28	gMonPalette_Wurmple
0x08DE6928	rom	0x24C	gMonBackPic_Wurmple
0x08DE6B74	rom	0x28	gMonShinyPalette_Wurmple
0x08DE6B9C	rom	0x400	gMonIcon_Wurmple
0x08DE6F9C	rom	0x20	gMonFootprint_Wurmple
0x08DE6FBC	rom	0x280	gMonFrontPic_Silcoon
0x08DE723C	rom	0x28	gMonPalette_Silcoon
0x08DE7264	rom	0x21C	gMonBackPic_Silcoon
0x08DE7480	rom	0x28	gMonShinyPalette_Silcoon
0x08DE74A8	rom	0x400	gMonIcon_Silcoon
0x08DE78A8	rom	0x20	gMonFootprint_Silcoon
0x08DE78C8	rom	0x358	gMonFrontPic_Beautifly
0x08DE7C20	rom	0x28	gMonPalette_Beautifly
0x08DE7C48	rom	0x3B0	gMonBackPic_Beautifly
0x08DE7FF8	rom	0x28	gMonShinyPalette_Beautifly
0x08DE8020	rom	0x400	gMonIcon_Beautifly
0x08DE8420	rom	0x20	gMonFootprint_Beautifly
0x08DE8440	rom	0x26C	gMonFrontPic_Cascoon
0x08DE86AC	rom	0x28	gMonPalette_Cascoon
0x08DE86D4	rom	0x210	gMonBackPic_Cascoon
0x08DE88E4	rom	0x28	gMonShinyPalette_Cascoon
0x08DE890C	rom	0x400	gMonIcon_Cascoon
0x08DE8D0C	rom	0x20	gMonFootprint_Cascoon
0x08DE8D2C	rom	0x368	gMonFrontPic_Dustox
0x08DE9094	rom	0x28	gMonPalette_Dustox
0x08DE90BC	rom	0x258	gMonBackPic_Dustox
0x08DE9314	rom	0x28	gMonShinyPalette_Dustox
0x08DE933C	rom	0x400	gMonIcon_Dustox
0x08DE973C	rom	0x20	gMonFootprint_Dustox
0x08DE975C	rom	0x260	gMonFrontPic_Lotad
0x08DE99BC	rom	0x28	gMonPalette_Lotad
0x08DE99E4	rom	0x2E8	gMonBackPic_Lotad
0x08DE9CCC	rom	0x28	gMonShinyPalette_Lotad
0x08DE9CF4	rom	0x400	gMonIcon_Lotad
0x08DEA0F4	rom	0x20	gMonFootprint_Lotad
0x08DEA114	rom	0x318	gMonFrontPic_Lombre
0x08DEA42C	rom	0x28	gMonPalette_Lombre
0x08DEA454	rom	0x2FC	gMonBackPic_Lombre
0x08DEA750	rom	0x28	gMonShinyPalette_Lombre
0x08DEA778	rom	0x400	gMonIcon_Lombre
0x08DEAB78	rom	0x20	gMonFootprint_Lombre
0x08DEAB98	rom	0x4E4	gMonFrontPic_Ludicolo
0x08DEB07C	rom	0x28	gMonPalette_Ludicolo
0x08DEB0A4	rom	0x2FC	gMonBackPic_Ludicolo
0x08DEB3A0	rom	0x28	gMonShinyPalette_Ludicolo
0x08DEB3C8	rom	0x400	gMonIcon_Ludicolo
0x08DEB7C8	rom	0x20	gMonFootprint_Ludicolo
0x08DEB7E8	rom	0x294	gMonFrontPic_Seedot
0x08DEBA7C	rom	0x28	gMonPalette_Seedot
0x08DEBAA4	rom	0x2E0	gMonBackPic_Seedot
0x08DEBD84	rom	0x28	gMonShinyPalette_Seedot
0x08DEBDAC	rom	0x400	gMonIcon_Seedot
0x08DEC1AC	rom	0x20	gMonFootprint_Seedot
0x08DEC1CC	rom	0x2EC	gMonFrontPic_Nuzleaf
0x08DEC4B8	rom	0x28	gMonPalette_Nuzleaf
0x08DEC4E0	rom	0x2C8	gMonBackPic_Nuzleaf
0x08DEC7A8	rom	0x28	gMonShinyPalette_Nuzleaf
0x08DEC7D0	rom	0x400	gMonIcon_Nuzleaf
0x08DECBD0	rom	0x20	gMonFootprint_Nuzleaf
0x08DECBF0	rom	0x4BC	gMonFrontPic_Shiftry
0x08DED0AC	rom	0x28	gMonPalette_Shiftry
0x08DED0D4	rom	0x2C4	gMonBackPic_Shiftry
0x08DED398	rom	0x28	gMonShinyPalette_Shiftry
0x08DED3C0	rom	0x400	gMonIcon_Shiftry
0x08DED7C0	rom	0x20	gMonFootprint_Shiftry
0x08DED7E0	rom	0x2A0	gMonFrontPic_Nincada
0x08DEDA80	rom	0x28	gMonPalette_Nincada
0x08DEDAA8	rom	0x2B8	gMonBackPic_Nincada
0x08DEDD60	rom	0x28	gMonShinyPalette_Nincada
0x08DEDD88	rom	0x400	gMonIcon_Nincada
0x08DEE188	rom	0x20	gMonFootprint_Nincada
0x08DEE1A8	rom	0x370	gMonFrontPic_Ninjask
0x08DEE518	rom	0x28	gMonPalette_Ninjask
0x08DEE540	rom	0x3CC	gMonBackPic_Ninjask
0x08DEE90C	rom	0x28	gMonShinyPalette_Ninjask
0x08DEE934	rom	0x400	gMonIcon_Ninjask
0x08DEED34	rom	0x20	gMonFootprint_Ninjask
0x08DEED54	rom	0x320	gMonFrontPic_Shedinja
0x08DEF074	rom	0x28	gMonPalette_Shedinja
0x08DEF09C	rom	0x3A0	gMonBackPic_Shedinja
0x08DEF43C	rom	0x28	gMonShinyPalette_Shedinja
0x08DEF464	rom	0x400	gMonIcon_Shedinja
0x08DEF864	rom	0x20	gMonFootprint_Shedinja
0x08DEF884	rom	0x258	gMonFrontPic_Taillow
0x08DEFADC	rom	0x28	gMonPalette_Taillow
0x08DEFB04	rom	0x220	gMonBackPic_Taillow
0x08DEFD24	rom	0x28	gMonShinyPalette_Taillow
0x08DEFD4C	rom	0x400	gMonIcon_Taillow
0x08DF014C	rom	0x20	gMonFootprint_Taillow
0x08DF016C	rom	0x3C4	gMonFrontPic_Swellow
0x08DF0530	rom	0x28	gMonPalette_Swellow
0x08DF0558	rom	0x338	gMonBackPic_Swellow
0x08DF0890	rom	0x28	gMonShinyPalette_Swellow
0x08DF08B8	rom	0x400	gMonIcon_Swellow
0x08DF0CB8	rom	0x20	gMonFootprint_Swellow
0x08DF0CD8	rom	0x268	gMonFrontPic_Shroomish
0x08DF0F40	rom	0x28	gMonPalette_Shroomish
0x08DF0F68	rom	0x2E0	gMonBackPic_Shroomish
0x08DF1248	rom	0x28	gMonShinyPalette_Shroomish
0x08DF1270	rom	0x400	gMonIcon_Shroomish
0x08DF1670	rom	0x20	gMonFootprint_Shroomish
0x08DF1690	rom	0x3E8	gMonFrontPic_Breloom
0x08DF1A78	rom	0x28	gMonPalette_Breloom
0x08DF1AA0	rom	0x3E0	gMonBackPic_Breloom
0x08DF1E80	rom	0x28	gMonShinyPalette_Breloom
0x08DF1EA8	rom	0x400	gMonIcon_Breloom
0x08DF22A8	rom	0x20	gMonFootprint_Breloom
0x08DF22C8	rom	0x300	gMonFrontPic_Spinda
0x08DF25C8	rom	0x28	gMonPalette_Spinda
0x08DF25F0	rom	0x33C	gMonBackPic_Spinda
0x08DF292C	rom	0x28	gMonShinyPalette_Spinda
0x08DF2954	rom	0x400	gMonIcon_Spinda
0x08DF2D54	rom	0x20	gMonFootprint_Spinda
0x08DF2D74	rom	0x23C	gMonFrontPic_Wingull
0x08DF2FB0	rom	0x28	gMonPalette_Wingull
0x08DF2FD8	rom	0x350	gMonBackPic_Wingull
0x08DF3328	rom	0x28	gMonShinyPalette_Wingull
0x08DF3350	rom	0x400	gMonIcon_Wingull
0x08DF3750	rom	0x20	gMonFootprint_Wingull
0x08DF3770	rom	0x398	gMonFrontPic_Pelipper
0x08DF3B08	rom	0x28	gMonPalette_Pelipper
0x08DF3B30	rom	0x380	gMonBackPic_Pelipper
0x08DF3EB0	rom	0x28	gMonShinyPalette_Pelipper
0x08DF3ED8	rom	0x400	gMonIcon_Pelipper
0x08DF42D8	rom	0x20	gMonFootprint_Pelipper
0x08DF42F8	rom	0x20C	gMonFrontPic_Surskit
0x08DF4504	rom	0x28	gMonPalette_Surskit
0x08DF452C	rom	0x238	gMonBackPic_Surskit
0x08DF4764	rom	0x28	gMonShinyPalette_Surskit
0x08DF478C	rom	0x400	gMonIcon_Surskit
0x08DF4B8C	rom	0x20	gMonFootprint_Surskit
0x08DF4BAC	rom	0x39C	gMonFrontPic_Masquerain
0x08DF4F48	rom	0x28	gMonPalette_Masquerain
0x08DF4F70	rom	0x358	gMonBackPic_Masquerain
0x08DF52C8	rom	0x28	gMonShinyPalette_Masquerain
0x08DF52F0	rom	0x400	gMonIcon_Masquerain
0x08DF56F0	rom	0x20	gMonFootprint_Masquerain
0x08DF5710	rom	0x2E0	gMonFrontPic_Wailmer
0x08DF59F0	rom	0x28	gMonPalette_Wailmer
0x08DF5A18	rom	0x1E4	gMonBackPic_Wailmer
0x08DF5BFC	rom	0x28	gMonShinyPalette_Wailmer
0x08DF5C24	rom	0x400	gMonIcon_Wailmer
0x08DF6024	rom	0x20	gMonFootprint_Wailmer
0x08DF6044	rom	0x3C4	gMonFrontPic_Wailord
0x08DF6408	rom	0x28	gMonPalette_Wailord
0x08DF6430	rom	0x218	gMonBackPic_Wailord
0x08DF6648	rom	0x28	gMonShinyPalette_Wailord
0x08DF6670	rom	0x400	gMonIcon_Wailord
0x08DF6A70	rom	0x20	gMonFootprint_Wailord
0x08DF6A90	rom	0x300	gMonFrontPic_Skitty
0x08DF6D90	rom	0x28	gMonPalette_Skitty
0x08DF6DB8	rom	0x348	gMonBackPic_Skitty
0x08DF7100	rom	0x28	gMonShinyPalette_Skitty
0x08DF7128	rom	0x400	gMonIcon_Skitty
0x08DF7528	rom	0x20	gMonFootprint_Skitty
0x08DF7548	rom	0x38C	gMonFrontPic_Delcatty
0x08DF78D4	rom	0x28	gMonPalette_Delcatty
0x08DF78FC	rom	0x39C	gMonBackPic_Delcatty
0x08DF7C98	rom	0x28	gMonShinyPalette_Delcatty
0x08DF7CC0	rom	0x400	gMonIcon_Delcatty
0x08DF80C0	rom	0x20	gMonFootprint_Delcatty
0x08DF80E0	rom	0x380	gMonFrontPic_Kecleon
0x08DF8460	rom	0x28	gMonPalette_Kecleon
0x08DF8488	rom	0x3D8	gMonBackPic_Kecleon
0x08DF8860	rom	0x28	gMonShinyPalette_Kecleon
0x08DF8888	rom	0x400	gMonIcon_Kecleon
0x08DF8C88	rom	0x20	gMonFootprint_Kecleon
0x08DF8CA8	rom	0x224	gMonFrontPic_Baltoy
0x08DF8ECC	rom	0x20	gMonPalette_Baltoy
0x08DF8EEC	rom	0x2A8	gMonBackPic_Baltoy
0x08DF9194	rom	0x20	gMonShinyPalette_Baltoy
0x08DF91B4	rom	0x400	gMonIcon_Baltoy
0x08DF95B4	rom	0x20	gMonFootprint_Baltoy
0x08DF95D4	rom	0x3B8	gMonFrontPic_Claydol
0x08DF998C	rom	0x28	gMonPalette_Claydol
0x08DF99B4	rom	0x3D4	gMonBackPic_Claydol
0x08DF9D88	rom	0x28	gMonShinyPalette_Claydol
0x08DF9DB0	rom	0x400	gMonIcon_Claydol
0x08DFA1B0	rom	0x20	gMonFootprint_Claydol
0x08DFA1D0	rom	0x2CC	gMonFrontPic_Nosepass
0x08DFA49C	rom	0x28	gMonPalette_Nosepass
0x08DFA4C4	rom	0x2A0	gMonBackPic_Nosepass
0x08DFA764	rom	0x28	gMonShinyPalette_Nosepass
0x08DFA78C	rom	0x400	gMonIcon_Nosepass
0x08DFAB8C	rom	0x20	gMonFootprint_Nosepass
0x08DFABAC	rom	0x4AC	gMonFrontPic_Torkoal
0x08DFB058	rom	0x28	gMonPalette_Torkoal
0x08DFB080	rom	0x2C8	gMonBackPic_Torkoal
0x08DFB348	rom	0x28	gMonShinyPalette_Torkoal
0x08DFB370	rom	0x400	gMonIcon_Torkoal
0x08DFB770	rom	0x20	gMonFootprint_Torkoal
0x08DFB790	rom	0x2D4	gMonFrontPic_Sableye
0x08DFBA64	rom	0x28	gMonPalette_Sableye
0x08DFBA8C	rom	0x328	gMonBackPic_Sableye
0x08DFBDB4	rom	0x28	gMonShinyPalette_Sableye
0x08DFBDDC	rom	0x400	gMonIcon_Sableye
0x08DFC1DC	rom	0x20	gMonFootprint_Sableye
0x08DFC1FC	rom	0x290	gMonFrontPic_Barboach
0x08DFC48C	rom	0x28	gMonPalette_Barboach
0x08DFC4B4	rom	0x290	gMonBackPic_Barboach
0x08DFC744	rom	0x28	gMonShinyPalette_Barboach
0x08DFC76C	rom	0x400	gMonIcon_Barboach
0x08DFCB6C	rom	0x20	gMonFootprint_Barboach
0x08DFCB8C	rom	0x378	gMonFrontPic_Whiscash
0x08DFCF04	rom	0x28	gMonPalette_Whiscash
0x08DFCF2C	rom	0x34C	gMonBackPic_Whiscash
0x08DFD278	rom	0x28	gMonShinyPalette_Whiscash
0x08DFD2A0	rom	0x400	gMonIcon_Whiscash
0x08DFD6A0	rom	0x20	gMonFootprint_Whiscash
0x08DFD6C0	rom	0x1C0	gMonFrontPic_Luvdisc
0x08DFD880	rom	0x24	gMonPalette_Luvdisc
0x08DFD8A4	rom	0x1D4	gMonBackPic_Luvdisc
0x08DFDA78	rom	0x24	gMonShinyPalette_Luvdisc
0x08DFDA9C	rom	0x400	gMonIcon_Luvdisc
0x08DFDE9C	rom	0x20	gMonFootprint_Luvdisc
0x08DFDEBC	rom	0x35C	gMonFrontPic_Corphish
0x08DFE218	rom	0x28	gMonPalette_Corphish
0x08DFE240	rom	0x31C	gMonBackPic_Corphish
0x08DFE55C	rom	0x28	gMonShinyPalette_Corphish
0x08DFE584	rom	0x400	gMonIcon_Corphish
0x08DFE984	rom	0x20	gMonFootprint_Corphish
0x08DFE9A4	rom	0x490	gMonFrontPic_Crawdaunt
0x08DFEE34	rom	0x28	gMonPalette_Crawdaunt
0x08DFEE5C	rom	0x3E4	gMonBackPic_Crawdaunt
0x08DFF240	rom	0x28	gMonShinyPalette_Crawdaunt
0x08DFF268	rom	0x400	gMonIcon_Crawdaunt
0x08DFF668	rom	0x20	gMonFootprint_Crawdaunt
0x08DFF688	rom	0x28C	gMonFrontPic_Feebas
0x08DFF914	rom	0x28	gMonPalette_Feebas
0x08DFF93C	rom	0x338	gMonBackPic_Feebas
0x08DFFC74	rom	0x28	gMonShinyPalette_Feebas
0x08DFFC9C	rom	0x400	gMonIcon_Feebas
0x08E0009C	rom	0x20	gMonFootprint_Feebas
0x08E000BC	rom	0x490	gMonFrontPic_Milotic
0x08E0054C	rom	0x28	gMonPalette_Milotic
0x08E00574	rom	0x2F4	gMonBackPic_Milotic
0x08E00868	rom	0x28	gMonShinyPalette_Milotic
0x08E00890	rom	0x400	gMonIcon_Milotic
0x08E00C90	rom	0x20	gMonFootprint_Milotic
0x08E00CB0	rom	0x32C	gMonFrontPic_Carvanha
0x08E00FDC	rom	0x28	gMonPalette_Carvanha
0x08E01004	rom	0x310	gMonBackPic_Carvanha
0x08E01314	rom	0x28	gMonShinyPalette_Carvanha
0x08E0133C	rom	0x400	gMonIcon_Carvanha
0x08E0173C	rom	0x20	gMonFootprint_Carvanha
0x08E0175C	rom	0x390	gMonFrontPic_Sharpedo
0x08E01AEC	rom	0x28	gMonPalette_Sharpedo
0x08E01B14	rom	0x358	gMonBackPic_Sharpedo
0x08E01E6C	rom	0x28	gMonShinyPalette_Sharpedo
0x08E01E94	rom	0x400	gMonIcon_Sharpedo
0x08E02294	rom	0x20	gMonFootprint_Sharpedo
0x08E022B4	rom	0x21C	gMonFrontPic_Trapinch
0x08E024D0	rom	0x28	gMonPalette_Trapinch
0x08E024F8	rom	0x220	gMonBackPic_Trapinch
0x08E02718	rom	0x28	gMonShinyPalette_Trapinch
0x08E02740	rom	0x400	gMonIcon_Trapinch
0x08E02B40	rom	0x20	gMonFootprint_Trapinch
0x08E02B60	rom	0x370	gMonFrontPic_Vibrava
0x08E02ED0	rom	0x28	gMonPalette_Vibrava
0x08E02EF8	rom	0x278	gMonBackPic_Vibrava
0x08E03170	rom	0x28	gMonShinyPalette_Vibrava
0x08E03198	rom	0x400	gMonIcon_Vibrava
0x08E03598	rom	0x20	gMonFootprint_Vibrava
0x08E035B8	rom	0x4F0	gMonFrontPic_Flygon
0x08E03AA8	rom	0x28	gMonPalette_Flygon
0x08E03AD0	rom	0x43C	gMonBackPic_Flygon
0x08E03F0C	rom	0x28	gMonShinyPalette_Flygon
0x08E03F34	rom	0x400	gMonIcon_Flygon
0x08E04334	rom	0x20	gMonFootprint_Flygon
0x08E04354	rom	0x318	gMonFrontPic_Makuhita
0x08E0466C	rom	0x28	gMonPalette_Makuhita
0x08E04694	rom	0x2F0	gMonBackPic_Makuhita
0x08E04984	rom	0x24	gMonShinyPalette_Makuhita
0x08E049A8	rom	0x400	gMonIcon_Makuhita
0x08E04DA8	rom	0x20	gMonFootprint_Makuhita
0x08E04DC8	rom	0x4B0	gMonFrontPic_Hariyama
0x08E05278	rom	0x28	gMonPalette_Hariyama
0x08E052A0	rom	0x3E0	gMonBackPic_Hariyama
0x08E05680	rom	0x28	gMonShinyPalette_Hariyama
0x08E056A8	rom	0x400	gMonIcon_Hariyama
0x08E05AA8	rom	0x20	gMonFootprint_Hariyama
0x08E05AC8	rom	0x290	gMonFrontPic_Electrike
0x08E05D58	rom	0x28	gMonPalette_Electrike
0x08E05D80	rom	0x28C	gMonBackPic_Electrike
0x08E0600C	rom	0x28	gMonShinyPalette_Electrike
0x08E06034	rom	0x400	gMonIcon_Electrike
0x08E06434	rom	0x20	gMonFootprint_Electrike
0x08E06454	rom	0x330	gMonFrontPic_Manectric
0x08E06784	rom	0x28	gMonPalette_Manectric
0x08E067AC	rom	0x22C	gMonBackPic_Manectric
0x08E069D8	rom	0x28	gMonShinyPalette_Manectric
0x08E06A00	rom	0x400	gMonIcon_Manectric
0x08E06E00	rom	0x20	gMonFootprint_Manectric
0x08E06E20	rom	0x2D0	gMonFrontPic_Numel
0x08E070F0	rom	0x28	gMonPalette_Numel
0x08E07118	rom	0x2BC	gMonBackPic_Numel
0x08E073D4	rom	0x28	gMonShinyPalette_Numel
0x08E073FC	rom	0x400	gMonIcon_Numel
0x08E077FC	rom	0x20	gMonFootprint_Numel
0x08E0781C	rom	0x418	gMonFrontPic_Camerupt
0x08E07C34	rom	0x28	gMonPalette_Camerupt
0x08E07C5C	rom	0x2C4	gMonBackPic_Camerupt
0x08E07F20	rom	0x28	gMonShinyPalette_Camerupt
0x08E07F48	rom	0x400	gMonIcon_Camerupt
0x08E08348	rom	0x20	gMonFootprint_Camerupt
0x08E08368	rom	0x274	gMonFrontPic_Spheal
0x08E085DC	rom	0x28	gMonPalette_Spheal
0x08E08604	rom	0x1FC	gMonBackPic_Spheal
0x08E08800	rom	0x28	gMonShinyPalette_Spheal
0x08E08828	rom	0x400	gMonIcon_Spheal
0x08E08C28	rom	0x20	gMonFootprint_Spheal
0x08E08C48	rom	0x380	gMonFrontPic_Sealeo
0x08E08FC8	rom	0x28	gMonPalette_Sealeo
0x08E08FF0	rom	0x27C	gMonBackPic_Sealeo
0x08E0926C	rom	0x28	gMonShinyPalette_Sealeo
0x08E09294	rom	0x400	gMonIcon_Sealeo
0x08E09694	rom	0x20	gMonFootprint_Sealeo
0x08E096B4	rom	0x4A0	gMonFrontPic_Walrein
0x08E09B54	rom	0x28	gMonPalette_Walrein
0x08E09B7C	rom	0x388	gMonBackPic_Walrein
0x08E09F04	rom	0x28	gMonShinyPalette_Walrein
0x08E09F2C	rom	0x400	gMonIcon_Walrein
0x08E0A32C	rom	0x20	gMonFootprint_Walrein
0x08E0A34C	rom	0x310	gMonFrontPic_Cacnea
0x08E0A65C	rom	0x28	gMonPalette_Cacnea
0x08E0A684	rom	0x360	gMonBackPic_Cacnea
0x08E0A9E4	rom	0x28	gMonShinyPalette_Cacnea
0x08E0AA0C	rom	0x400	gMonIcon_Cacnea
0x08E0AE0C	rom	0x20	gMonFootprint_Cacnea
0x08E0AE2C	rom	0x438	gMonFrontPic_Cacturne
0x08E0B264	rom	0x28	gMonPalette_Cacturne
0x08E0B28C	rom	0x300	gMonBackPic_Cacturne
0x08E0B58C	rom	0x28	gMonShinyPalette_Cacturne
0x08E0B5B4	rom	0x400	gMonIcon_Cacturne
0x08E0B9B4	rom	0x20	gMonFootprint_Cacturne
0x08E0B9D4	rom	0x2C4	gMonFrontPic_Snorunt
0x08E0BC98	rom	0x28	gMonPalette_Snorunt
0x08E0BCC0	rom	0x2E4	gMonBackPic_Snorunt
0x08E0BFA4	rom	0x28	gMonShinyPalette_Snorunt
0x08E0BFCC	rom	0x400	gMonIcon_Snorunt
0x08E0C3CC	rom	0x20	gMonFootprint_Snorunt
0x08E0C3EC	rom	0x3C8	gMonFrontPic_Glalie
0x08E0C7B4	rom	0x28	gMonPalette_Glalie
0x08E0C7DC	rom	0x3B0	gMonBackPic_Glalie
0x08E0CB8C	rom	0x28	gMonShinyPalette_Glalie
0x08E0CBB4	rom	0x400	gMonIcon_Glalie
0x08E0CFB4	rom	0x20	gMonFootprint_Glalie
0x08E0CFD4	rom	0x328	gMonFrontPic_Lunatone
0x08E0D2FC	rom	0x28	gMonPalette_Lunatone
0x08E0D324	rom	0x358	gMonBackPic_Lunatone
0x08E0D67C	rom	0x28	gMonShinyPalette_Lunatone
0x08E0D6A4	rom	0x400	gMonIcon_Lunatone
0x08E0DAA4	rom	0x20	gMonFootprint_Lunatone
0x08E0DAC4	rom	0x44C	gMonFrontPic_Solrock
0x08E0DF10	rom	0x28	gMonPalette_Solrock
0x08E0DF38	rom	0x3EC	gMonBackPic_Solrock
0x08E0E324	rom	0x28	gMonShinyPalette_Solrock
0x08E0E34C	rom	0x400	gMonIcon_Solrock
0x08E0E74C	rom	0x20	gMonFootprint_Solrock
0x08E0E76C	rom	0x2C8	gMonFrontPic_Azurill
0x08E0EA34	rom	0x28	gMonPalette_Azurill
0x08E0EA5C	rom	0x318	gMonBackPic_Azurill
0x08E0ED74	rom	0x28	gMonShinyPalette_Azurill
0x08E0ED9C	rom	0x400	gMonIcon_Azurill
0x08E0F19C	rom	0x20	gMonFootprint_Azurill
0x08E0F1BC	rom	0x26C	gMonFrontPic_Spoink
0x08E0F428	rom	0x28	gMonPalette_Spoink
0x08E0F450	rom	0x240	gMonBackPic_Spoink
0x08E0F690	rom	0x28	gMonShinyPalette_Spoink
0x08E0F6B8	rom	0x400	gMonIcon_Spoink
0x08E0FAB8	rom	0x20	gMonFootprint_Spoink
0x08E0FAD8	rom	0x3BC	gMonFrontPic_Grumpig
0x08E0FE94	rom	0x28	gMonPalette_Grumpig
0x08E0FEBC	rom	0x360	gMonBackPic_Grumpig
0x08E1021C	rom	0x28	gMonShinyPalette_Grumpig
0x08E10244	rom	0x400	gMonIcon_Grumpig
0x08E10644	rom	0x20	gMonFootprint_Grumpig
0x08E10664	rom	0x28C	gMonFrontPic_Plusle
0x08E108F0	rom	0x28	gMonPalette_Plusle
0x08E10918	rom	0x2B8	gMonBackPic_Plusle
0x08E10BD0	rom	0x28	gMonShinyPalette_Plusle
0x08E10BF8	rom	0x400	gMonIcon_Plusle
0x08E10FF8	rom	0x20	gMonFootprint_Plusle
0x08E11018	rom	0x268	gMonFrontPic_Minun
0x08E11280	rom	0x28	gMonPalette_Minun
0x08E112A8	rom	0x2C8	gMonBackPic_Minun
0x08E11570	rom	0x28	gMonShinyPalette_Minun
0x08E11598	rom	0x400	gMonIcon_Minun
0x08E11998	rom	0x20	gMonFootprint_Minun
0x08E119B8	rom	0x3BC	gMonFrontPic_Mawile
0x08E11D74	rom	0x28	gMonPalette_Mawile
0x08E11D9C	rom	0x400	gMonBackPic_Mawile
0x08E1219C	rom	0x28	gMonShinyPalette_Mawile
0x08E121C4	rom	0x400	gMonIcon_Mawile
0x08E125C4	rom	0x20	gMonFootprint_Mawile
0x08E125E4	rom	0x2B8	gMonFrontPic_Meditite
0x08E1289C	rom	0x28	gMonPalette_Meditite
0x08E128C4	rom	0x2C8	gMonBackPic_Meditite
0x08E12B8C	rom	0x24	gMonShinyPalette_Meditite
0x08E12BB0	rom	0x400	gMonIcon_Meditite
0x08E12FB0	rom	0x20	gMonFootprint_Meditite
0x08E12FD0	rom	0x330	gMonFrontPic_Medicham
0x08E13300	rom	0x28	gMonPalette_Medicham
0x08E13328	rom	0x338	gMonBackPic_Medicham
0x08E13660	rom	0x28	gMonShinyPalette_Medicham
0x08E13688	rom	0x400	gMonIcon_Medicham
0x08E13A88	rom	0x20	gMonFootprint_Medicham
0x08E13AA8	rom	0x2D8	gMonFrontPic_Swablu
0x08E13D80	rom	0x28	gMonPalette_Swablu
0x08E13DA8	rom	0x3B8	gMonBackPic_Swablu
0x08E14160	rom	0x28	gMonShinyPalette_Swablu
0x08E14188	rom	0x400	gMonIcon_Swablu
0x08E14588	rom	0x20	gMonFootprint_Swablu
0x08E145A8	rom	0x3DC	gMonFrontPic_Altaria
0x08E14984	rom	0x28	gMonPalette_Altaria
0x08E149AC	rom	0x378	gMonBackPic_Altaria
0x08E14D24	rom	0x28	gMonShinyPalette_Altaria
0x08E14D4C	rom	0x400	gMonIcon_Altaria
0x08E1514C	rom	0x20	gMonFootprint_Altaria
0x08E1516C	rom	0x298	gMonFrontPic_Wynaut
0x08E15404	rom	0x28	gMonPalette_Wynaut
0x08E1542C	rom	0x290	gMonBackPic_Wynaut
0x08E156BC	rom	0x28	gMonShinyPalette_Wynaut
0x08E156E4	rom	0x400	gMonIcon_Wynaut
0x08E15AE4	rom	0x20	gMonFootprint_Wynaut
0x08E15B04	rom	0x2F0	gMonFrontPic_Duskull
0x08E15DF4	rom	0x28	gMonPalette_Duskull
0x08E15E1C	rom	0x2B0	gMonBackPic_Duskull
0x08E160CC	rom	0x28	gMonShinyPalette_Duskull
0x08E160F4	rom	0x400	gMonIcon_Duskull
0x08E164F4	rom	0x20	gMonFootprint_Duskull
0x08E16514	rom	0x3A0	gMonFrontPic_Dusclops
0x08E168B4	rom	0x28	gMonPalette_Dusclops
0x08E168DC	rom	0x2EC	gMonBackPic_Dusclops
0x08E16BC8	rom	0x28	gMonShinyPalette_Dusclops
0x08E16BF0	rom	0x400	gMonIcon_Dusclops
0x08E16FF0	rom	0x20	gMonFootprint_Dusclops
0x08E17010	rom	0x36C	gMonFrontPic_Roselia
0x08E1737C	rom	0x28	gMonPalette_Roselia
0x08E173A4	rom	0x3C8	gMonBackPic_Roselia
0x08E1776C	rom	0x28	gMonShinyPalette_Roselia
0x08E17794	rom	0x400	gMonIcon_Roselia
0x08E17B94	rom	0x20	gMonFootprint_Roselia
0x08E17BB4	rom	0x2E8	gMonFrontPic_Slakoth
0x08E17E9C	rom	0x28	gMonPalette_Slakoth
0x08E17EC4	rom	0x2E8	gMonBackPic_Slakoth
0x08E181AC	rom	0x28	gMonShinyPalette_Slakoth
0x08E181D4	rom	0x400	gMonIcon_Slakoth
0x08E185D4	rom	0x20	gMonFootprint_Slakoth
0x08E185F4	rom	0x3FC	gMonFrontPic_Vigoroth
0x08E189F0	rom	0x28	gMonPalette_Vigoroth
0x08E18A18	rom	0x2C8	gMonBackPic_Vigoroth
0x08E18CE0	rom	0x28	gMonShinyPalette_Vigoroth
0x08E18D08	rom	0x400	gMonIcon_Vigoroth
0x08E19108	rom	0x20	gMonFootprint_Vigoroth
0x08E19128	rom	0x4D4	gMonFrontPic_Slaking
0x08E195FC	rom	0x28	gMonPalette_Slaking
0x08E19624	rom	0x3C4	gMonBackPic_Slaking
0x08E199E8	rom	0x28	gMonShinyPalette_Slaking
0x08E19A10	rom	0x400	gMonIcon_Slaking
0x08E19E10	rom	0x20	gMonFootprint_Slaking
0x08E19E30	rom	0x218	gMonFrontPic_Gulpin
0x08E1A048	rom	0x28	gMonPalette_Gulpin
0x08E1A070	rom	0x284	gMonBackPic_Gulpin
0x08E1A2F4	rom	0x28	gMonShinyPalette_Gulpin
0x08E1A31C	rom	0x400	gMonIcon_Gulpin
0x08E1A71C	rom	0x20	gMonFootprint_Gulpin
0x08E1A73C	rom	0x344	gMonFrontPic_Swalot
0x08E1AA80	rom	0x28	gMonPalette_Swalot
0x08E1AAA8	rom	0x348	gMonBackPic_Swalot
0x08E1ADF0	rom	0x28	gMonShinyPalette_Swalot
0x08E1AE18	rom	0x400	gMonIcon_Swalot
0x08E1B218	rom	0x20	gMonFootprint_Swalot
0x08E1B238	rom	0x578	gMonFrontPic_Tropius
0x08E1B7B0	rom	0x28	gMonPalette_Tropius
0x08E1B7D8	rom	0x324	gMonBackPic_Tropius
0x08E1BAFC	rom	0x28	gMonShinyPalette_Tropius
0x08E1BB24	rom	0x400	gMonIcon_Tropius
0x08E1BF24	rom	0x20	gMonFootprint_Tropius
0x08E1BF44	rom	0x294	gMonFrontPic_Whismur
0x08E1C1D8	rom	0x28	gMonPalette_Whismur
0x08E1C200	rom	0x270	gMonBackPic_Whismur
0x08E1C470	rom	0x28	gMonShinyPalette_Whismur
0x08E1C498	rom	0x400	gMonIcon_Whismur
0x08E1C898	rom	0x20	gMonFootprint_Whismur
0x08E1C8B8	rom	0x478	gMonFrontPic_Loudred
0x08E1CD30	rom	0x28	gMonPalette_Loudred
0x08E1CD58	rom	0x370	gMonBackPic_Loudred
0x08E1D0C8	rom	0x28	gMonShinyPalette_Loudred
0x08E1D0F0	rom	0x400	gMonIcon_Loudred
0x08E1D4F0	rom	0x20	gMonFootprint_Loudred
0x08E1D510	rom	0x568	gMonFrontPic_Exploud
0x08E1DA78	rom	0x28	gMonPalette_Exploud
0x08E1DAA0	rom	0x40C	gMonBackPic_Exploud
0x08E1DEAC	rom	0x28	gMonShinyPalette_Exploud
0x08E1DED4	rom	0x400	gMonIcon_Exploud
0x08E1E2D4	rom	0x20	gMonFootprint_Exploud
0x08E1E2F4	rom	0x2D8	gMonFrontPic_Clamperl
0x08E1E5CC	rom	0x28	gMonPalette_Clamperl
0x08E1E5F4	rom	0x294	gMonBackPic_Clamperl
0x08E1E888	rom	0x28	gMonShinyPalette_Clamperl
0x08E1E8B0	rom	0x400	gMonIcon_Clamperl
0x08E1ECB0	rom	0x20	gMonFootprint_Clamperl
0x08E1ECD0	rom	0x3CC	gMonFrontPic_Huntail
0x08E1F09C	rom	0x28	gMonPalette_Huntail
0x08E1F0C4	rom	0x354	gMonBackPic_Huntail
0x08E1F418	rom	0x28	gMonShinyPalette_Huntail
0x08E1F440	rom	0x400	gMonIcon_Huntail
0x08E1F840	rom	0x20	gMonFootprint_Huntail
0x08E1F860	rom	0x310	gMonFrontPic_Gorebyss
0x08E1FB70	rom	0x28	gMonPalette_Gorebyss
0x08E1FB98	rom	0x2E8	gMonBackPic_Gorebyss
0x08E1FE80	rom	0x28	gMonShinyPalette_Gorebyss
0x08E1FEA8	rom	0x400	gMonIcon_Gorebyss
0x08E202A8	rom	0x20	gMonFootprint_Gorebyss
0x08E202C8	rom	0x430	gMonFrontPic_Absol
0x08E206F8	rom	0x28	gMonPalette_Absol
0x08E20720	rom	0x360	gMonBackPic_Absol
0x08E20A80	rom	0x28	gMonShinyPalette_Absol
0x08E20AA8	rom	0x400	gMonIcon_Absol
0x08E20EA8	rom	0x20	gMonFootprint_Absol
0x08E20EC8	rom	0x238	gMonFrontPic_Shuppet
0x08E21100	rom	0x28	gMonPalette_Shuppet
0x08E21128	rom	0x298	gMonBackPic_Shuppet
0x08E213C0	rom	0x28	gMonShinyPalette_Shuppet
0x08E213E8	rom	0x400	gMonIcon_Shuppet
0x08E217E8	rom	0x20	gMonFootprint_Shuppet
0x08E21808	rom	0x2B4	gMonFrontPic_Banette
0x08E21ABC	rom	0x28	gMonPalette_Banette
0x08E21AE4	rom	0x27C	gMonBackPic_Banette
0x08E21D60	rom	0x28	gMonShinyPalette_Banette
0x08E21D88	rom	0x400	gMonIcon_Banette
0x08E22188	rom	0x20	gMonFootprint_Banette
0x08E221A8	rom	0x420	gMonFrontPic_Seviper
0x08E225C8	rom	0x28	gMonPalette_Seviper
0x08E225F0	rom	0x48C	gMonBackPic_Seviper
0x08E22A7C	rom	0x28	gMonShinyPalette_Seviper
0x08E22AA4	rom	0x400	gMonIcon_Seviper
0x08E22EA4	rom	0x20	gMonFootprint_Seviper
0x08E22EC4	rom	0x3CC	gMonFrontPic_Zangoose
0x08E23290	rom	0x28	gMonPalette_Zangoose
0x08E232B8	rom	0x374	gMonBackPic_Zangoose
0x08E2362C	rom	0x28	gMonShinyPalette_Zangoose
0x08E23654	rom	0x400	gMonIcon_Zangoose
0x08E23A54	rom	0x20	gMonFootprint_Zangoose
0x08E23A74	rom	0x394	gMonFrontPic_Relicanth
0x08E23E08	rom	0x28	gMonPalette_Relicanth
0x08E23E30	rom	0x358	gMonBackPic_Relicanth
0x08E24188	rom	0x28	gMonShinyPalette_Relicanth
0x08E241B0	rom	0x400	gMonIcon_Relicanth
0x08E245B0	rom	0x20	gMonFootprint_Relicanth
0x08E245D0	rom	0x1E8	gMonFrontPic_Aron
0x08E247B8	rom	0x28	gMonPalette_Aron
0x08E247E0	rom	0x228	gMonBackPic_Aron
0x08E24A08	rom	0x28	gMonShinyPalette_Aron
0x08E24A30	rom	0x400	gMonIcon_Aron
0x08E24E30	rom	0x20	gMonFootprint_Aron
0x08E24E50	rom	0x3CC	gMonFrontPic_Lairon
0x08E2521C	rom	0x28	gMonPalette_Lairon
0x08E25244	rom	0x2EC	gMonBackPic_Lairon
0x08E25530	rom	0x28	gMonShinyPalette_Lairon
0x08E25558	rom	0x400	gMonIcon_Lairon
0x08E25958	rom	0x20	gMonFootprint_Lairon
0x08E25978	rom	0x57C	gMonFrontPic_Aggron
0x08E25EF4	rom	0x28	gMonPalette_Aggron
0x08E25F1C	rom	0x428	gMonBackPic_Aggron
0x08E26344	rom	0x28	gMonShinyPalette_Aggron
0x08E2636C	rom	0x400	gMonIcon_Aggron
0x08E2676C	rom	0x20	gMonFootprint_Aggron
0x08E2678C	rom	0xA88	gMonFrontPic_Castform
0x08E27214	rom	0x80	gMonPalette_Castform
0x08E27294	rom	0x9BC	gMonBackPic_Castform
0x08E27C50	rom	0x7C	gMonShinyPalette_Castform
0x08E27CCC	rom	0x400	gMonIcon_Castform
0x08E280CC	rom	0x20	gMonFootprint_Castform
0x08E280EC	rom	0x390	gMonFrontPic_Volbeat
0x08E2847C	rom	0x28	gMonPalette_Volbeat
0x08E284A4	rom	0x360	gMonBackPic_Volbeat
0x08E28804	rom	0x28	gMonShinyPalette_Volbeat
0x08E2882C	rom	0x400	gMonIcon_Volbeat
0x08E28C2C	rom	0x20	gMonFootprint_Volbeat
0x08E28C4C	rom	0x374	gMonFrontPic_Illumise
0x08E28FC0	rom	0x28	gMonPalette_Illumise
0x08E28FE8	rom	0x31C	gMonBackPic_Illumise
0x08E29304	rom	0x28	gMonShinyPalette_Illumise
0x08E2932C	rom	0x400	gMonIcon_Illumise
0x08E2972C	rom	0x20	gMonFootprint_Illumise
0x08E2974C	rom	0x344	gMonFrontPic_Lileep
0x08E29A90	rom	0x28	gMonPalette_Lileep
0x08E29AB8	rom	0x344	gMonBackPic_Lileep
0x08E29DFC	rom	0x28	gMonShinyPalette_Lileep
0x08E29E24	rom	0x400	gMonIcon_Lileep
0x08E2A224	rom	0x20	gMonFootprint_Lileep
0x08E2A244	rom	0x41C	gMonFrontPic_Cradily
0x08E2A660	rom	0x28	gMonPalette_Cradily
0x08E2A688	rom	0x3FC	gMonBackPic_Cradily
0x08E2AA84	rom	0x28	gMonShinyPalette_Cradily
0x08E2AAAC	rom	0x400	gMonIcon_Cradily
0x08E2AEAC	rom	0x20	gMonFootprint_Cradily
0x08E2AECC	rom	0x324	gMonFrontPic_Anorith
0x08E2B1F0	rom	0x28	gMonPalette_Anorith
0x08E2B218	rom	0x248	gMonBackPic_Anorith
0x08E2B460	rom	0x28	gMonShinyPalette_Anorith
0x08E2B488	rom	0x400	gMonIcon_Anorith
0x08E2B888	rom	0x20	gMonFootprint_Anorith
0x08E2B8A8	rom	0x580	gMonFrontPic_Armaldo
0x08E2BE28	rom	0x28	gMonPalette_Armaldo
0x08E2BE50	rom	0x438	gMonBackPic_Armaldo
0x08E2C288	rom	0x28	gMonShinyPalette_Armaldo
0x08E2C2B0	rom	0x400	gMonIcon_Armaldo
0x08E2C6B0	rom	0x20	gMonFootprint_Armaldo
0x08E2C6D0	rom	0x230	gMonFrontPic_Ralts
0x08E2C900	rom	0x28	gMonPalette_Ralts
0x08E2C928	rom	0x23C	gMonBackPic_Ralts
0x08E2CB64	rom	0x28	gMonShinyPalette_Ralts
0x08E2CB8C	rom	0x400	gMonIcon_Ralts
0x08E2CF8C	rom	0x20	gMonFootprint_Ralts
0x08E2CFAC	rom	0x2FC	gMonFrontPic_Kirlia
0x08E2D2A8	rom	0x28	gMonPalette_Kirlia
0x08E2D2D0	rom	0x374	gMonBackPic_Kirlia
0x08E2D644	rom	0x28	gMonShinyPalette_Kirlia
0x08E2D66C	rom	0x400	gMonIcon_Kirlia
0x08E2DA6C	rom	0x20	gMonFootprint_Kirlia
0x08E2DA8C	rom	0x37C	gMonFrontPic_Gardevoir
0x08E2DE08	rom	0x28	gMonPalette_Gardevoir
0x08E2DE30	rom	0x334	gMonBackPic_Gardevoir
0x08E2E164	rom	0x28	gMonShinyPalette_Gardevoir
0x08E2E18C	rom	0x400	gMonIcon_Gardevoir
0x08E2E58C	rom	0x20	gMonFootprint_Gardevoir
0x08E2E5AC	rom	0x278	gMonFrontPic_Bagon
0x08E2E824	rom	0x28	gMonPalette_Bagon
0x08E2E84C	rom	0x2E8	gMonBackPic_Bagon
0x08E2EB34	rom	0x28	gMonShinyPalette_Bagon
0x08E2EB5C	rom	0x400	gMonIcon_Bagon
0x08E2EF5C	rom	0x20	gMonFootprint_Bagon
0x08E2EF7C	rom	0x304	gMonFrontPic_Shelgon
0x08E2F280	rom	0x28	gMonPalette_Shelgon
0x08E2F2A8	rom	0x2E8	gMonBackPic_Shelgon
0x08E2F590	rom	0x28	gMonShinyPalette_Shelgon
0x08E2F5B8	rom	0x400	gMonIcon_Shelgon
0x08E2F9B8	rom	0x20	gMonFootprint_Shelgon
0x08E2F9D8	rom	0x464	gMonFrontPic_Salamence
0x08E2FE3C	rom	0x28	gMonPalette_Salamence
0x08E2FE64	rom	0x2E4	gMonBackPic_Salamence
0x08E30148	rom	0x28	gMonShinyPalette_Salamence
0x08E30170	rom	0x400	gMonIcon_Salamence
0x08E30570	rom	0x20	gMonFootprint_Salamence
0x08E30590	rom	0x270	gMonFrontPic_Beldum
0x08E30800	rom	0x28	gMonPalette_Beldum
0x08E30828	rom	0x2F0	gMonBackPic_Beldum
0x08E30B18	rom	0x28	gMonShinyPalette_Beldum
0x08E30B40	rom	0x400	gMonIcon_Beldum
0x08E30F40	rom	0x20	gMonFootprint_Beldum
0x08E30F60	rom	0x45C	gMonFrontPic_Metang
0x08E313BC	rom	0x28	gMonPalette_Metang
0x08E313E4	rom	0x324	gMonBackPic_Metang
0x08E31708	rom	0x28	gMonShinyPalette_Metang
0x08E31730	rom	0x400	gMonIcon_Metang
0x08E31B30	rom	0x20	gMonFootprint_Metang
0x08E31B50	rom	0x464	gMonFrontPic_Metagross
0x08E31FB4	rom	0x28	gMonPalette_Metagross
0x08E31FDC	rom	0x2CC	gMonBackPic_Metagross
0x08E322A8	rom	0x28	gMonShinyPalette_Metagross
0x08E322D0	rom	0x400	gMonIcon_Metagross
0x08E326D0	rom	0x20	gMonFootprint_Metagross
0x08E326F0	rom	0x4BC	gMonFrontPic_Regirock
0x08E32BAC	rom	0x28	gMonPalette_Regirock
0x08E32BD4	rom	0x44C	gMonBackPic_Regirock
0x08E33020	rom	0x28	gMonShinyPalette_Regirock
0x08E33048	rom	0x400	gMonIcon_Regirock
0x08E33448	rom	0x20	gMonFootprint_Regirock
0x08E33468	rom	0x448	gMonFrontPic_Regice
0x08E338B0	rom	0x28	gMonPalette_Regice
0x08E338D8	rom	0x2F0	gMonBackPic_Regice
0x08E33BC8	rom	0x28	gMonShinyPalette_Regice
0x08E33BF0	rom	0x400	gMonIcon_Regice
0x08E33FF0	rom	0x20	gMonFootprint_Regice
0x08E34010	rom	0x488	gMonFrontPic_Registeel
0x08E34498	rom	0x28	gMonPalette_Registeel
0x08E344C0	rom	0x338	gMonBackPic_Registeel
0x08E347F8	rom	0x28	gMonShinyPalette_Registeel
0x08E34820	rom	0x400	gMonIcon_Registeel
0x08E34C20	rom	0x20	gMonFootprint_Registeel
0x08E34C40	rom	0x470	gMonFrontPic_Kyogre
0x08E350B0	rom	0x28	gMonPalette_Kyogre
0x08E350D8	rom	0x278	gMonBackPic_Kyogre
0x08E35350	rom	0x28	gMonShinyPalette_Kyogre
0x08E35378	rom	0x400	gMonIcon_Kyogre
0x08E35778	rom	0x20	gMonFootprint_Kyogre
0x08E35798	rom	0x594	gMonFrontPic_Groudon
0x08E35D2C	rom	0x28	gMonPalette_Groudon
0x08E35D54	rom	0x468	gMonBackPic_Groudon
0x08E361BC	rom	0x28	gMonShinyPalette_Groudon
0x08E361E4	rom	0x400	gMonIcon_Groudon
0x08E365E4	rom	0x20	gMonFootprint_Groudon
0x08E36604	rom	0x510	gMonFrontPic_Rayquaza
0x08E36B14	rom	0x28	gMonPalette_Rayquaza
0x08E36B3C	rom	0x338	gMonBackPic_Rayquaza
0x08E36E74	rom	0x28	gMonShinyPalette_Rayquaza
0x08E36E9C	rom	0x400	gMonIcon_Rayquaza
0x08E3729C	rom	0x20	gMonFootprint_Rayquaza
0x08E372BC	rom	0x424	gMonFrontPic_Latias
0x08E376E0	rom	0x28	gMonPalette_Latias
0x08E37708	rom	0x2FC	gMonBackPic_Latias
0x08E37A04	rom	0x28	gMonShinyPalette_Latias
0x08E37A2C	rom	0x400	gMonIcon_Latias
0x08E37E2C	rom	0x20	gMonFootprint_Latias
0x08E37E4C	rom	0x454	gMonFrontPic_Latios
0x08E382A0	rom	0x28	gMonPalette_Latios
0x08E382C8	rom	0x360	gMonBackPic_Latios
0x08E38628	rom	0x28	gMonShinyPalette_Latios
0x08E38650	rom	0x400	gMonIcon_Latios
0x08E38A50	rom	0x20	gMonFootprint_Latios
0x08E38A70	rom	0x30C	gMonFrontPic_Jirachi
0x08E38D7C	rom	0x28	gMonPalette_Jirachi
0x08E38DA4	rom	0x3A0	gMonBackPic_Jirachi
0x08E39144	rom	0x28	gMonShinyPalette_Jirachi
0x08E3916C	rom	0x400	gMonIcon_Jirachi
0x08E3956C	rom	0x20	gMonFootprint_Jirachi
0x08E3958C	rom	0x7BC	gMonFrontPic_Deoxys
0x08E39D48	rom	0x28	gMonPalette_Deoxys
0x08E39D70	rom	0x5F0	gMonBackPic_Deoxys
0x08E3A360	rom	0x28	gMonShinyPalette_Deoxys
0x08E3A388	rom	0x800	gMonIcon_Deoxys
0x08E3AB88	rom	0x20	gMonFootprint_Deoxys
0x08E3ABA8	rom	0x24C	gMonFrontPic_Chimecho
0x08E3ADF4	rom	0x28	gMonPalette_Chimecho
0x08E3AE1C	rom	0x274	gMonBackPic_Chimecho
0x08E3B090	rom	0x28	gMonShinyPalette_Chimecho
0x08E3B0B8	rom	0x400	gMonIcon_Chimecho
0x08E3B4B8	rom	0x20	gMonFootprint_Chimecho
0x08E3B4D8	rom	0x1B4	gMonFrontPic_Egg
0x08E3B68C	rom	0x20	gMonPalette_Egg
0x08E3B6AC	rom	0x1D8	gMonFrontPic_UnownB
0x08E3B884	rom	0x204	gMonBackPic_UnownB
0x08E3BA88	rom	0x400	gMonIcon_UnownB
0x08E3BE88	rom	0x214	gMonFrontPic_UnownC
0x08E3C09C	rom	0x2AC	gMonBackPic_UnownC
0x08E3C348	rom	0x400	gMonIcon_UnownC
0x08E3C748	rom	0x1F8	gMonFrontPic_UnownD
0x08E3C940	rom	0x258	gMonBackPic_UnownD
0x08E3CB98	rom	0x400	gMonIcon_UnownD
0x08E3CF98	rom	0x1B8	gMonFrontPic_UnownE
0x08E3D150	rom	0x200	gMonBackPic_UnownE
0x08E3D350	rom	0x400	gMonIcon_UnownE
0x08E3D750	rom	0x1F4	gMonFrontPic_UnownF
0x08E3D944	rom	0x21C	gMonBackPic_UnownF
0x08E3DB60	rom	0x400	gMonIcon_UnownF
0x08E3DF60	rom	0x1DC	gMonFrontPic_UnownG
0x08E3E13C	rom	0x24C	gMonBackPic_UnownG
0x08E3E388	rom	0x400	gMonIcon_UnownG
0x08E3E788	rom	0x244	gMonFrontPic_UnownH
0x08E3E9CC	rom	0x2C4	gMonBackPic_UnownH
0x08E3EC90	rom	0x400	gMonIcon_UnownH
0x08E3F090	rom	0x198	gMonFrontPic_UnownI
0x08E3F228	rom	0x1A8	gMonBackPic_UnownI
0x08E3F3D0	rom	0x400	gMonIcon_UnownI
0x08E3F7D0	rom	0x1C4	gMonFrontPic_UnownJ
0x08E3F994	rom	0x1E8	gMonBackPic_UnownJ
0x08E3FB7C	rom	0x400	gMonIcon_UnownJ
0x08E3FF7C	rom	0x1D0	gMonFrontPic_UnownK
0x08E4014C	rom	0x1F8	gMonBackPic_UnownK
0x08E40344	rom	0x400	gMonIcon_UnownK
0x08E40744	rom	0x1B0	gMonFrontPic_UnownL
0x08E408F4	rom	0x1D4	gMonBackPic_UnownL
0x08E40AC8	rom	0x400	gMonIcon_UnownL
0x08E40EC8	rom	0x224	gMonFrontPic_UnownM
0x08E410EC	rom	0x2A8	gMonBackPic_UnownM
0x08E41394	rom	0x400	gMonIcon_UnownM
0x08E41794	rom	0x1F8	gMonFrontPic_UnownN
0x08E4198C	rom	0x26C	gMonBackPic_UnownN
0x08E41BF8	rom	0x400	gMonIcon_UnownN
0x08E41FF8	rom	0x238	gMonFrontPic_UnownO
0x08E42230	rom	0x2C0	gMonBackPic_UnownO
0x08E424F0	rom	0x400	gMonIcon_UnownO
0x08E428F0	rom	0x1A0	gMonFrontPic_UnownP
0x08E42A90	rom	0x1C4	gMonBackPic_UnownP
0x08E42C54	rom	0x400	gMonIcon_UnownP
0x08E43054	rom	0x1B4	gMonFrontPic_UnownQ
0x08E43208	rom	0x1CC	gMonBackPic_UnownQ
0x08E433D4	rom	0x400	gMonIcon_UnownQ
0x08E437D4	rom	0x1A4	gMonFrontPic_UnownR
0x08E43978	rom	0x1C8	gMonBackPic_UnownR
0x08E43B40	rom	0x400	gMonIcon_UnownR
0x08E43F40	rom	0x1E8	gMonFrontPic_UnownS
0x08E44128	rom	0x254	gMonBackPic_UnownS
0x08E4437C	rom	0x400	gMonIcon_UnownS
0x08E4477C	rom	0x1B0	gMonFrontPic_UnownT
0x08E4492C	rom	0x1B4	gMonBackPic_UnownT
0x08E44AE0	rom	0x400	gMonIcon_UnownT
0x08E44EE0	rom	0x218	gMonFrontPic_UnownU
0x08E450F8	rom	0x254	gMonBackPic_UnownU
0x08E4534C	rom	0x400	gMonIcon_UnownU
0x08E4574C	rom	0x1E4	gMonFrontPic_UnownV
0x08E45930	rom	0x230	gMonBackPic_UnownV
0x08E45B60	rom	0x400	gMonIcon_UnownV
0x08E45F60	rom	0x1D4	gMonFrontPic_UnownW
0x08E46134	rom	0x204	gMonBackPic_UnownW
0x08E46338	rom	0x400	gMonIcon_UnownW
0x08E46738	rom	0x1C4	gMonFrontPic_UnownX
0x08E468FC	rom	0x1F0	gMonBackPic_UnownX
0x08E46AEC	rom	0x400	gMonIcon_UnownX
0x08E46EEC	rom	0x1D8	gMonFrontPic_UnownY
0x08E470C4	rom	0x1F4	gMonBackPic_UnownY
0x08E472B8	rom	0x400	gMonIcon_UnownY
0x08E476B8	rom	0x1B0	gMonFrontPic_UnownZ
0x08E47868	rom	0x1DC	gMonBackPic_UnownZ
0x08E47A44	rom	0x400	gMonIcon_UnownZ
0x08E47E44	rom	0x190	gMonFrontPic_UnownExclamationMark
0x08E47FD4	rom	0x1C8	gMonBackPic_UnownExclamationMark
0x08E4819C	rom	0x400	gMonIcon_UnownExclamationMark
0x08E4859C	rom	0x1BC	gMonFrontPic_UnownQuestionMark
0x08E48758	rom	0x200	gMonBackPic_UnownQuestionMark
0x08E48958	rom	0x400	gMonIcon_UnownQuestionMark
0x08E48D58	rom	0x33C	gTrainerFrontPic_AquaLeaderArchie
0x08E49094	rom	0x28	gTrainerPalette_AquaLeaderArchie
0x08E490BC	rom	0x360	gTrainerFrontPic_AquaGruntM
0x08E4941C	rom	0x28	gTrainerPalette_AquaGruntM
0x08E49444	rom	0x33C	gTrainerFrontPic_AquaGruntF
0x08E49780	rom	0x28	gTrainerPalette_AquaGruntF
0x08E497A8	rom	0x2C4	gTrainerFrontPic_RSAromaLady
0x08E49A6C	rom	0x28	gTrainerPalette_RSAromaLady
0x08E49A94	rom	0x39C	gTrainerFrontPic_RSRuinManiac
0x08E49E30	rom	0x28	gTrainerPalette_RSRuinManiac
0x08E49E58	rom	0x4A4	gTrainerFrontPic_Interviewer
0x08E4A2FC	rom	0x28	gTrainerPalette_Interviewer
0x08E4A324	rom	0x2A4	gTrainerFrontPic_RSTuberF
0x08E4A5C8	rom	0x28	gTrainerPalette_RSTuberF
0x08E4A5F0	rom	0x28C	gTrainerFrontPic_TuberM
0x08E4A87C	rom	0x28	gTrainerPalette_TuberM
0x08E4A8A4	rom	0x2E8	gTrainerFrontPic_RSCooltrainerM
0x08E4AB8C	rom	0x28	gTrainerPalette_RSCooltrainerM
0x08E4ABB4	rom	0x314	gTrainerFrontPic_RSCooltrainerF
0x08E4AEC8	rom	0x28	gTrainerPalette_RSCooltrainerF
0x08E4AEF0	rom	0x36C	gTrainerFrontPic_HexManiac
0x08E4B25C	rom	0x28	gTrainerPalette_HexManiac
0x08E4B284	rom	0x3B4	gTrainerFrontPic_RSLady
0x08E4B638	rom	0x28	gTrainerPalette_RSLady
0x08E4B660	rom	0x2E8	gTrainerFrontPic_RSBeauty
0x08E4B948	rom	0x28	gTrainerPalette_RSBeauty
0x08E4B970	rom	0x2B4	gTrainerFrontPic_RichBoy
0x08E4BC24	rom	0x28	gTrainerPalette_RichBoy
0x08E4BC4C	rom	0x370	gTrainerFrontPic_RSPokeManiac
0x08E4BFBC	rom	0x28	gTrainerPalette_RSPokeManiac
0x08E4BFE4	rom	0x2C0	gTrainerFrontPic_RSSwimmerM
0x08E4C2A4	rom	0x28	gTrainerPalette_RSSwimmerM
0x08E4C2CC	rom	0x364	gTrainerFrontPic_RSBlackBelt
0x08E4C630	rom	0x28	gTrainerPalette_RSBlackBelt
0x08E4C658	rom	0x384	gTrainerFrontPic_Guitarist
0x08E4C9DC	rom	0x28	gTrainerPalette_Guitarist
0x08E4CA04	rom	0x36C	gTrainerFrontPic_Kindler
0x08E4CD70	rom	0x28	gTrainerPalette_Kindler
0x08E4CD98	rom	0x2E8	gTrainerFrontPic_RSCamper
0x08E4D080	rom	0x28	gTrainerPalette_RSCamper
0x08E4D0A8	rom	0x450	gTrainerFrontPic_BugManiac
0x08E4D4F8	rom	0x28	gTrainerPalette_BugManiac
0x08E4D520	rom	0x32C	gTrainerFrontPic_RSPsychicM
0x08E4D84C	rom	0x28	gTrainerPalette_RSPsychicM
0x08E4D874	rom	0x328	gTrainerFrontPic_RSPsychicF
0x08E4DB9C	rom	0x28	gTrainerPalette_RSPsychicF
0x08E4DBC4	rom	0x300	gTrainerFrontPic_RSGentleman
0x08E4DEC4	rom	0x28	gTrainerPalette_RSGentleman
0x08E4DEEC	rom	0x334	gTrainerFrontPic_EliteFourSidney
0x08E4E220	rom	0x28	gTrainerPalette_EliteFourSidney
0x08E4E248	rom	0x300	gTrainerFrontPic_EliteFourPhoebe
0x08E4E548	rom	0x28	gTrainerPalette_EliteFourPhoebe
0x08E4E570	rom	0x2EC	gTrainerFrontPic_LeaderRoxanne
0x08E4E85C	rom	0x28	gTrainerPalette_LeaderRoxanne
0x08E4E884	rom	0x394	gTrainerFrontPic_LeaderBrawly
0x08E4EC18	rom	0x28	gTrainerPalette_LeaderBrawly
0x08E4EC40	rom	0x444	gTrainerFrontPic_LeaderTateAndLiza
0x08E4F084	rom	0x28	gTrainerPalette_LeaderTateAndLiza
0x08E4F0AC	rom	0x2C0	gTrainerFrontPic_SchoolKidM
0x08E4F36C	rom	0x28	gTrainerPalette_SchoolKidM
0x08E4F394	rom	0x29C	gTrainerFrontPic_SchoolKidF
0x08E4F630	rom	0x28	gTrainerPalette_SchoolKidF
0x08E4F658	rom	0x470	gTrainerFrontPic_SrAndJr
0x08E4FAC8	rom	0x28	gTrainerPalette_SrAndJr
0x08E4FAF0	rom	0x3BC	gTrainerFrontPic_PokefanM
0x08E4FEAC	rom	0x28	gTrainerPalette_PokefanM
0x08E4FED4	rom	0x3CC	gTrainerFrontPic_PokefanF
0x08E502A0	rom	0x28	gTrainerPalette_PokefanF
0x08E502C8	rom	0x340	gTrainerFrontPic_ExpertM
0x08E50608	rom	0x28	gTrainerPalette_ExpertM
0x08E50630	rom	0x31C	gTrainerFrontPic_ExpertF
0x08E5094C	rom	0x28	gTrainerPalette_ExpertF
0x08E50974	rom	0x2A8	gTrainerFrontPic_RSYoungster
0x08E50C1C	rom	0x28	gTrainerPalette_RSYoungster
0x08E50C44	rom	0x338	gTrainerFrontPic_ChampionSteven
0x08E50F7C	rom	0x28	gTrainerPalette_ChampionSteven
0x08E50FA4	rom	0x3E4	gTrainerFrontPic_RSFisherman
0x08E51388	rom	0x28	gTrainerPalette_RSFisherman
0x08E513B0	rom	0x410	gTrainerFrontPic_CyclingTriathleteM
0x08E517C0	rom	0x28	gTrainerPalette_CyclingTriathleteM
0x08E517E8	rom	0x40C	gTrainerFrontPic_CyclingTriathleteF
0x08E51BF4	rom	0x28	gTrainerPalette_CyclingTriathleteF
0x08E51C1C	rom	0x2B8	gTrainerFrontPic_RunningTriathleteM
0x08E51ED4	rom	0x28	gTrainerPalette_RunningTriathleteM
0x08E51EFC	rom	0x2A4	gTrainerFrontPic_RunningTriathleteF
0x08E521A0	rom	0x28	gTrainerPalette_RunningTriathleteF
0x08E521C8	rom	0x32C	gTrainerFrontPic_SwimmingTriathleteM
0x08E524F4	rom	0x28	gTrainerPalette_SwimmingTriathleteM
0x08E5251C	rom	0x2DC	gTrainerFrontPic_SwimmingTriathleteF
0x08E527F8	rom	0x28	gTrainerPalette_SwimmingTriathleteF
0x08E52820	rom	0x354	gTrainerFrontPic_DragonTamer
0x08E52B74	rom	0x28	gTrainerPalette_DragonTamer
0x08E52B9C	rom	0x338	gTrainerFrontPic_RSBirdKeeper
0x08E52ED4	rom	0x28	gTrainerPalette_RSBirdKeeper
0x08E52EFC	rom	0x2DC	gTrainerFrontPic_NinjaBoy
0x08E531D8	rom	0x28	gTrainerPalette_NinjaBoy
0x08E53200	rom	0x320	gTrainerFrontPic_BattleGirl
0x08E53520	rom	0x28	gTrainerPalette_BattleGirl
0x08E53548	rom	0x338	gTrainerFrontPic_ParasolLady
0x08E53880	rom	0x28	gTrainerPalette_ParasolLady
0x08E538A8	rom	0x2D0	gTrainerFrontPic_RSSwimmerF
0x08E53B78	rom	0x28	gTrainerPalette_RSSwimmerF
0x08E53BA0	rom	0x2E0	gTrainerFrontPic_RSPicnicker
0x08E53E80	rom	0x28	gTrainerPalette_RSPicnicker
0x08E53EA8	rom	0x3C4	gTrainerFrontPic_RSTwins
0x08E5426C	rom	0x28	gTrainerPalette_RSTwins
0x08E54294	rom	0x3B0	gTrainerFrontPic_RSSailor
0x08E54644	rom	0x28	gTrainerPalette_RSSailor
0x08E5466C	rom	0x404	gTrainerFrontPic_Collector
0x08E54A70	rom	0x28	gTrainerPalette_Collector
0x08E54A98	rom	0x2D0	gTrainerFrontPic_Wally
0x08E54D68	rom	0x28	gTrainerPalette_Wally
0x08E54D90	rom	0x314	gTrainerFrontPic_RSBrendan1
0x08E550A4	rom	0x28	gTrainerPalette_RSBrendan1
0x08E550CC	rom	0x300	gTrainerFrontPic_RSMay1
0x08E553CC	rom	0x28	gTrainerPalette_RSMay1
0x08E553F4	rom	0x330	gTrainerFrontPic_RSPokemonBreederM
0x08E55724	rom	0x28	gTrainerPalette_RSPokemonBreederM
0x08E5574C	rom	0x334	gTrainerFrontPic_RSPokemonBreederF
0x08E55A80	rom	0x28	gTrainerPalette_RSPokemonBreederF
0x08E55AA8	rom	0x348	gTrainerFrontPic_RSPokemonRangerM
0x08E55DF0	rom	0x28	gTrainerPalette_RSPokemonRangerM
0x08E55E18	rom	0x334	gTrainerFrontPic_RSPokemonRangerF
0x08E5614C	rom	0x28	gTrainerPalette_RSPokemonRangerF
0x08E56174	rom	0x2F4	gTrainerFrontPic_MagmaLeaderMaxie
0x08E56468	rom	0x28	gTrainerPalette_MagmaLeaderMaxie
0x08E56490	rom	0x380	gTrainerFrontPic_MagmaGruntM
0x08E56810	rom	0x28	gTrainerPalette_MagmaGruntM
0x08E56838	rom	0x38C	gTrainerFrontPic_MagmaGruntF
0x08E56BC4	rom	0x28	gTrainerPalette_MagmaGruntF
0x08E56BEC	rom	0x2D8	gTrainerFrontPic_RSLass
0x08E56EC4	rom	0x28	gTrainerPalette_RSLass
0x08E56EEC	rom	0x32C	gTrainerFrontPic_RSBugCatcher
0x08E57218	rom	0x28	gTrainerPalette_RSBugCatcher
0x08E57240	rom	0x480	gTrainerFrontPic_RSHiker
0x08E576C0	rom	0x28	gTrainerPalette_RSHiker
0x08E576E8	rom	0x3C0	gTrainerFrontPic_RSYoungCouple
0x08E57AA8	rom	0x28	gTrainerPalette_RSYoungCouple
0x08E57AD0	rom	0x510	gTrainerFrontPic_OldCouple
0x08E57FE0	rom	0x28	gTrainerPalette_OldCouple
0x08E58008	rom	0x44C	gTrainerFrontPic_RSSisAndBro
0x08E58454	rom	0x28	gTrainerPalette_RSSisAndBro
0x08E5847C	rom	0x3B4	gTrainerFrontPic_AquaAdminM
0x08E58830	rom	0x28	gTrainerPalette_AquaAdminM
0x08E58858	rom	0x3C4	gTrainerFrontPic_AquaAdminF
0x08E58C1C	rom	0x28	gTrainerPalette_AquaAdminF
0x08E58C44	rom	0x3D8	gTrainerFrontPic_MagmaAdminM
0x08E5901C	rom	0x28	gTrainerPalette_MagmaAdminM
0x08E59044	rom	0x3B0	gTrainerFrontPic_MagmaAdminF
0x08E593F4	rom	0x28	gTrainerPalette_MagmaAdminF
0x08E5941C	rom	0x348	gTrainerFrontPic_LeaderWattson
0x08E59764	rom	0x28	gTrainerPalette_LeaderWattson
0x08E5978C	rom	0x380	gTrainerFrontPic_LeaderFlannery
0x08E59B0C	rom	0x28	gTrainerPalette_LeaderFlannery
0x08E59B34	rom	0x33C	gTrainerFrontPic_LeaderNorman
0x08E59E70	rom	0x28	gTrainerPalette_LeaderNorman
0x08E59E98	rom	0x380	gTrainerFrontPic_LeaderWinona
0x08E5A218	rom	0x28	gTrainerPalette_LeaderWinona
0x08E5A240	rom	0x378	gTrainerFrontPic_LeaderWallace
0x08E5A5B8	rom	0x28	gTrainerPalette_LeaderWallace
0x08E5A5E0	rom	0x384	gTrainerFrontPic_EliteFourGlacia
0x08E5A964	rom	0x28	gTrainerPalette_EliteFourGlacia
0x08E5A98C	rom	0x3A8	gTrainerFrontPic_EliteFourDrake
0x08E5AD34	rom	0x28	gTrainerPalette_EliteFourDrake
0x08E5AD5C	rom	0x2A0	gTrainerFrontPic_Youngster
0x08E5AFFC	rom	0x28	gTrainerPalette_Youngster
0x08E5B024	rom	0x348	gTrainerFrontPic_BugCatcher
0x08E5B36C	rom	0x28	gTrainerPalette_BugCatcher
0x08E5B394	rom	0x2EC	gTrainerFrontPic_Lass
0x08E5B680	rom	0x28	gTrainerPalette_Lass
0x08E5B6A8	rom	0x320	gTrainerFrontPic_Sailor
0x08E5B9C8	rom	0x28	gTrainerPalette_Sailor
0x08E5B9F0	rom	0x2E0	gTrainerFrontPic_Camper
0x08E5BCD0	rom	0x28	gTrainerPalette_Camper
0x08E5BCF8	rom	0x2E8	gTrainerFrontPic_Picnicker
0x08E5BFE0	rom	0x28	gTrainerPalette_Picnicker
0x08E5C008	rom	0x3BC	gTrainerFrontPic_PokeManiac
0x08E5C3C4	rom	0x28	gTrainerPalette_PokeManiac
0x08E5C3EC	rom	0x318	gTrainerFrontPic_SuperNerd
0x08E5C704	rom	0x28	gTrainerPalette_SuperNerd
0x08E5C72C	rom	0x470	gTrainerFrontPic_Hiker
0x08E5CB9C	rom	0x28	gTrainerPalette_Hiker
0x08E5CBC4	rom	0x568	gTrainerFrontPic_Biker
0x08E5D12C	rom	0x28	gTrainerPalette_Biker
0x08E5D154	rom	0x34C	gTrainerFrontPic_Burglar
0x08E5D4A0	rom	0x28	gTrainerPalette_Burglar
0x08E5D4C8	rom	0x40C	gTrainerFrontPic_Engineer
0x08E5D8D4	rom	0x28	gTrainerPalette_Engineer
0x08E5D8FC	rom	0x3AC	gTrainerFrontPic_Fisherman
0x08E5DCA8	rom	0x28	gTrainerPalette_Fisherman
0x08E5DCD0	rom	0x2D8	gTrainerFrontPic_SwimmerM
0x08E5DFA8	rom	0x28	gTrainerPalette_SwimmerM
0x08E5DFD0	rom	0x5C8	gTrainerFrontPic_CueBall
0x08E5E598	rom	0x28	gTrainerPalette_CueBall
0x08E5E5C0	rom	0x394	gTrainerFrontPic_Gamer
0x08E5E954	rom	0x28	gTrainerPalette_Gamer
0x08E5E97C	rom	0x35C	gTrainerFrontPic_Beauty
0x08E5ECD8	rom	0x28	gTrainerPalette_Beauty
0x08E5ED00	rom	0x2EC	gTrainerFrontPic_SwimmerF
0x08E5EFEC	rom	0x28	gTrainerPalette_SwimmerF
0x08E5F014	rom	0x360	gTrainerFrontPic_PsychicM
0x08E5F374	rom	0x28	gTrainerPalette_PsychicM
0x08E5F39C	rom	0x45C	gTrainerFrontPic_Rocker
0x08E5F7F8	rom	0x28	gTrainerPalette_Rocker
0x08E5F820	rom	0x43C	gTrainerFrontPic_Juggler
0x08E5FC5C	rom	0x28	gTrainerPalette_Juggler
0x08E5FC84	rom	0x3B4	gTrainerFrontPic_Tamer
0x08E60038	rom	0x28	gTrainerPalette_Tamer
0x08E60060	rom	0x3C4	gTrainerFrontPic_BirdKeeper
0x08E60424	rom	0x28	gTrainerPalette_BirdKeeper
0x08E6044C	rom	0x420	gTrainerFrontPic_BlackBelt
0x08E6086C	rom	0x28	gTrainerPalette_BlackBelt
0x08E60894	rom	0x2B8	gTrainerFrontPic_RivalEarly
0x08E60B4C	rom	0x28	gTrainerPalette_RivalEarly
0x08E60B74	rom	0x3DC	gTrainerFrontPic_Scientist
0x08E60F50	rom	0x28	gTrainerPalette_Scientist
0x08E60F78	rom	0x310	gTrainerFrontPic_LeaderGiovanni
0x08E61288	rom	0x28	gTrainerPalette_LeaderGiovanni
0x08E612B0	rom	0x334	gTrainerFrontPic_RocketGruntM
0x08E615E4	rom	0x28	gTrainerPalette_RocketGruntM
0x08E6160C	rom	0x2D0	gTrainerFrontPic_CooltrainerM
0x08E618DC	rom	0x28	gTrainerPalette_CooltrainerM
0x08E61904	rom	0x318	gTrainerFrontPic_CooltrainerF
0x08E61C1C	rom	0x28	gTrainerPalette_CooltrainerF
0x08E61C44	rom	0x32C	gTrainerFrontPic_EliteFourLorelei
0x08E61F70	rom	0x28	gTrainerPalette_EliteFourLorelei
0x08E61F98	rom	0x44C	gTrainerFrontPic_EliteFourBruno
0x08E623E4	rom	0x28	gTrainerPalette_EliteFourBruno
0x08E6240C	rom	0x31C	gTrainerFrontPic_EliteFourAgatha
0x08E62728	rom	0x28	gTrainerPalette_EliteFourAgatha
0x08E62750	rom	0x3C8	gTrainerFrontPic_EliteFourLance
0x08E62B18	rom	0x28	gTrainerPalette_EliteFourLance
0x08E62B40	rom	0x34C	gTrainerFrontPic_LeaderBrock
0x08E62E8C	rom	0x28	gTrainerPalette_LeaderBrock
0x08E62EB4	rom	0x300	gTrainerFrontPic_LeaderMisty
0x08E631B4	rom	0x28	gTrainerPalette_LeaderMisty
0x08E631DC	rom	0x390	gTrainerFrontPic_LeaderLtSurge
0x08E6356C	rom	0x28	gTrainerPalette_LeaderLtSurge
0x08E63594	rom	0x2F4	gTrainerFrontPic_LeaderErika
0x08E63888	rom	0x28	gTrainerPalette_LeaderErika
0x08E638B0	rom	0x368	gTrainerFrontPic_LeaderKoga
0x08E63C18	rom	0x28	gTrainerPalette_LeaderKoga
0x08E63C40	rom	0x40C	gTrainerFrontPic_LeaderBlaine
0x08E6404C	rom	0x28	gTrainerPalette_LeaderBlaine
0x08E64074	rom	0x308	gTrainerFrontPic_LeaderSabrina
0x08E6437C	rom	0x28	gTrainerPalette_LeaderSabrina
0x08E643A4	rom	0x338	gTrainerFrontPic_Gentleman
0x08E646DC	rom	0x28	gTrainerPalette_Gentleman
0x08E64704	rom	0x2F4	gTrainerFrontPic_RivalLate
0x08E649F8	rom	0x28	gTrainerPalette_RivalLate
0x08E64A20	rom	0x2FC	gTrainerFrontPic_ChampionRival
0x08E64D1C	rom	0x28	gTrainerPalette_ChampionRival
0x08E64D44	rom	0x3D8	gTrainerFrontPic_Channeler
0x08E6511C	rom	0x28	gTrainerPalette_Channeler
0x08E65144	rom	0x350	gTrainerFrontPic_Twins
0x08E65494	rom	0x28	gTrainerPalette_Twins
0x08E654BC	rom	0x4E0	gTrainerFrontPic_CoolCouple
0x08E6599C	rom	0x28	gTrainerPalette_CoolCouple
0x08E659C4	rom	0x44C	gTrainerFrontPic_YoungCouple
0x08E65E10	rom	0x28	gTrainerPalette_YoungCouple
0x08E65E38	rom	0x5A0	gTrainerFrontPic_CrushKin
0x08E663D8	rom	0x28	gTrainerPalette_CrushKin
0x08E66400	rom	0x460	gTrainerFrontPic_SisAndBro
0x08E66860	rom	0x28	gTrainerPalette_SisAndBro
0x08E66888	rom	0x36C	gTrainerFrontPic_ProfessorOak
0x08E66BF4	rom	0x28	gTrainerPalette_ProfessorOak
0x08E66C1C	rom	0x314	gTrainerFrontPic_RSBrendan2
0x08E66F30	rom	0x28	gTrainerPalette_RSBrendan2
0x08E66F58	rom	0x300	gTrainerFrontPic_RSMay2
0x08E67258	rom	0x28	gTrainerPalette_RSMay2
0x08E67280	rom	0x30C	gTrainerFrontPic_Red
0x08E6758C	rom	0x28	gTrainerPalette_Red
0x08E675B4	rom	0x33C	gTrainerFrontPic_Leaf
0x08E678F0	rom	0x28	gTrainerPalette_Leaf
0x08E67918	rom	0x318	gTrainerFrontPic_RocketGruntF
0x08E67C30	rom	0x28	gTrainerPalette_RocketGruntF
0x08E67C58	rom	0x3A0	gTrainerFrontPic_PsychicF
0x08E67FF8	rom	0x28	gTrainerPalette_PsychicF
0x08E68020	rom	0x30C	gTrainerFrontPic_CrushGirl
0x08E6832C	rom	0x28	gTrainerPalette_CrushGirl
0x08E68354	rom	0x304	gTrainerFrontPic_TuberF
0x08E68658	rom	0x28	gTrainerPalette_TuberF
0x08E68680	rom	0x340	gTrainerFrontPic_PokemonBreeder
0x08E689C0	rom	0x28	gTrainerPalette_PokemonBreeder
0x08E689E8	rom	0x360	gTrainerFrontPic_PokemonRangerM
0x08E68D48	rom	0x28	gTrainerPalette_PokemonRangerM
0x08E68D70	rom	0x334	gTrainerFrontPic_PokemonRangerF
0x08E690A4	rom	0x28	gTrainerPalette_PokemonRangerF
0x08E690CC	rom	0x350	gTrainerFrontPic_AromaLady
0x08E6941C	rom	0x28	gTrainerPalette_AromaLady
0x08E69444	rom	0x40C	gTrainerFrontPic_RuinManiac
0x08E69850	rom	0x28	gTrainerPalette_RuinManiac
0x08E69878	rom	0x328	gTrainerFrontPic_Lady
0x08E69BA0	rom	0x28	gTrainerPalette_Lady
0x08E69BC8	rom	0x2CC	gTrainerFrontPic_Painter
0x08E69E94	rom	0x28	gTrainerPalette_Painter
0x08E69EBC	rom	0x2800	gTrainerBackPic_Red
0x08E6C6BC	rom	0x2800	gTrainerBackPic_Leaf
0x08E6EEBC	rom	0x2000	gTrainerBackPic_Pokedude
0x08E70EBC	rom	0x2000	gTrainerBackPic_OldMan
0x08E72EBC	rom	0x2000	gTrainerBackPic_RSBrendan
0x08E74EBC	rom	0x2000	gTrainerBackPic_RSMay
0x08E76EBC	rom	0x28	gTrainerPalette_RedBackPic
0x08E76EE4	rom	0x28	gTrainerPalette_LeafBackPic
0x08E76F0C	rom	0x28	gTrainerPalette_PokedudeBackPic
0x08E76F34	rom	0x28	gTrainerPalette_OldManBackPic
0x08E76F5C	rom	0x400	gMonIcon_QuestionMark
0x08E7735C	rom	0x20	gMonFootprint_QuestionMark
0x08E7737C	rom	0xE8	gFile_graphics_battle_transitions_vs_frame_sheet
0x08E77464	rom	0x10C	gFile_graphics_battle_transitions_vs_frame_tilemap
0x08E77570	rom	0x28	gFile_graphics_battle_transitions_vs_frame_palette
0x08E77598	rom	0x210	gVsLettersGfx
0x08E777A8	rom	0x3C	gUnusedBattleTerrain_Plain_Palette
0x08E777E4	rom	0x5AC	gUnusedBattleTerrain_Building_Tiles_Sheet
0x08E77D90	rom	0x3C	gUnusedBattleTerrain_Stadium_Battle_Frontier_Palette
0x08E77DCC	rom	0x2B0	gUnusedBattleTerrain_Building_Map_Tilemap
0x08E7807C	rom	0x608	gUnusedBattleTerrain_Stadium_Tiles_Sheet
0x08E78684	rom	0x2B0	gUnusedBattleTerrain_Stadium_Map_Tilemap
0x08E78934	rom	0x40	gUnusedBattleTerrain_Building_Palette
0x08E78974	rom	0x3C	gUnusedBattleTerrain_Kyogre_Palette
0x08E789B0	rom	0x58	gUnusedBattleTerrain_Groudon_Palette
0x08E78A08	rom	0x3C	gUnusedBattleTerrain_Building_Palette2
0x08E78A44	rom	0x3C	gUnusedBattleTerrain_Building_Palette3
0x08E78A80	rom	0x60	gUnusedBattleTerrain_Stadium_Palette1
0x08E78AE0	rom	0x6C	gUnusedBattleTerrain_Stadium_Palette2
0x08E78B4C	rom	0x50	gUnusedBattleTerrain_Stadium_Palette3
0x08E78B9C	rom	0x48	gUnusedBattleTerrain_Stadium_Palette4
0x08E78BE4	rom	0x44	gUnusedBattleTerrain_Stadium_Palette5
0x08E78C28	rom	0x50	gUnusedBattleTerrain_Stadium_Palette6
0x08E78C78	rom	0x3C	gUnusedBattleTerrain_Stadium_Palette7
0x08E78CB4	rom	0x410	gUnusedBattleTerrain_Building_Anim_Tiles_Sheet
0x08E790C4	rom	0x124	gUnusedBattleTerrain_Building_Anim_Map_Tilemap
0x08E791E8	rom	0x16C	gBattleAnimSpriteGfx_FlyingDirt
0x08E79354	rom	0x17C	gFile_graphics_battle_anims_backgrounds_sandstorm_brew_tilemap
0x08E794D0	rom	0x52C	gFile_graphics_battle_anims_backgrounds_sandstorm_brew_sheet
0x08E799FC	rom	0x28	gBattleAnimSpritePal_FlyingDirt
0x08E79A24	rom	0x1BC	gBattleAnimSpriteGfx_MetalSoundWaves
0x08E79BE0	rom	0x18	gBattleAnimSpritePal_MetalSoundWaves
0x08E79BF8	rom	0x970	gBattleAnimBgImage_Ice
0x08E7A568	rom	0x24	gBattleAnimBgPalette_Ice
0x08E7A58C	rom	0x1F8	gBattleAnimBgTilemap_Ice
0x08E7A784	rom	0xD4	gBattleAnimSpriteGfx_IcicleSpear
0x08E7A858	rom	0x28	gBattleAnimSpritePal_IcicleSpear
0x08E7A880	rom	0x5C	gContestNextTurnGfx
0x08E7A8DC	rom	0x80	gContestNextTurnNumbersGfx
0x08E7A95C	rom	0x20	gContestNextTurnRandomGfx
0x08E7A97C	rom	0x20	gBattleAnimSpriteGfx_GlowyRedOrb
0x08E7A99C	rom	0x18	gBattleAnimSpritePal_GlowyRedOrb
0x08E7A9B4	rom	0x18	gBattleAnimSpritePal_GlowyGreenOrb
0x08E7A9CC	rom	0x20	gBattleAnimSpritePal_SleepPowder
0x08E7A9EC	rom	0x20	gBattleAnimSpritePal_StunSpore
0x08E7AA0C	rom	0x12C	gContestApplauseGfx
0x08E7AB38	rom	0x80	gContestApplauseMeterGfx
0x08E7ABB8	rom	0x20	gContestNextTurnPal
0x08E7ABD8	rom	0x21C	gBattleAnimSpriteGfx_Splash
0x08E7ADF4	rom	0x24	gBattleAnimSpritePal_Splash
0x08E7AE18	rom	0x28	gBattleAnimSpriteGfx_SweatBead
0x08E7AE40	rom	0x54	gBattleAnimSpriteGfx_SafariBait
0x08E7AE94	rom	0x18	gBattleAnimSpritePal_SafariBait
0x08E7AEAC	rom	0x180	gBattleAnimSpriteGfx_Gem1
0x08E7B02C	rom	0x16C	gBattleAnimSpriteGfx_Gem2
0x08E7B198	rom	0x168	gBattleAnimSpriteGfx_Gem3
0x08E7B300	rom	0x28	gBattleAnimSpritePal_Gem1
0x08E7B328	rom	0x15C	gBattleAnimBgImage_InAir
0x08E7B484	rom	0x28	gBattleAnimBgPalette_InAir
0x08E7B4AC	rom	0x1E8	gBattleAnimBgTilemap_InAir
0x08E7B694	rom	0x3FC	gBattleAnimSpriteGfx_Protect
0x08E7BA90	rom	0x20	gBattleAnimSpritePal_Protect
0x08E7BAB0	rom	0x24	gBattleAnimBgPalette_MuddyWater
0x08E7BAD4	rom	0x30	gEnemyMonShadow_Gfx
0x08E7BB04	rom	0x84	gBattleInterface_PartySummaryBar_Gfx
0x08E7BB88	rom	0x400	gMonIcon_Egg
0x08E7BF88	rom	0xCC8	gBattleAnimBgImage_Ghost
0x08E7CC50	rom	0x1C	gBattleAnimBgPalette_Ghost
0x08E7CC6C	rom	0x2F4	gBattleAnimBgTilemap_Ghost
0x08E7CF60	rom	0x28	gBattleAnimSpritePal_WhipHit
0x08E7CF88	rom	0x28	gBattleAnimBgPalette_SolarBeam
0x08E7CFB0	rom	0x4FC	gBattleAnimBgTilemap_SolarBeam
0x08E7D4AC	rom	0x820	gFile_graphics_berry_blender_center_sheet
0x08E7DCCC	rom	0xA34	gFile_graphics_berry_blender_outer_sheet
0x08E7E700	rom	0x314	gFile_graphics_berry_blender_outer_map_tilemap
0x08E7EA14	rom	0x28	gBattleAnimBgPalette_Cosmic
0x08E7EA3C	rom	0x260	gBattleAnimBgImage_Cosmic
0x08E7EC9C	rom	0x13C	gBattleAnimBgTilemap_Cosmic
0x08E7EDD8	rom	0x28	gBattleAnimSpritePal_SlamHit2
0x08E7EE00	rom	0x3F4	gBattleAnimSpriteGfx_SlamHit2
0x08E7F1F4	rom	0x178	gBattleAnimFogTilemap
0x08E7F36C	rom	0x1C	gBattleAnimSpritePal_WeatherBall
0x08E7F388	rom	0x124	gBattleAnimSpriteGfx_WeatherBall
0x08E7F4AC	rom	0x1E4	gBattleAnimBgTilemap_ScaryFacePlayer
0x08E7F690	rom	0x1E4	gBattleAnimBgTilemap_ScaryFaceOpponent
0x08E7F874	rom	0x1E4	gBattleAnimBgTilemap_ScaryFaceContest
0x08E7FA58	rom	0x40	gBattleAnimSpriteGfx_Hail
0x08E7FA98	rom	0x18	gBattleAnimSpritePal_Hail
0x08E7FAB0	rom	0x40	gBattleAnimSpriteGfx_GreenSpike
0x08E7FAF0	rom	0x18	gBattleAnimSpritePal_GreenSpike
0x08E7FB08	rom	0x18	gBattleAnimSpritePal_WhiteCircleOfLight
0x08E7FB20	rom	0x18	gBattleAnimSpritePal_GlowyBlueOrb
0x08E7FB38	rom	0x20C	gBattleAnimSpriteGfx_Recycle
0x08E7FD44	rom	0x1C	gBattleAnimSpritePal_Recycle
0x08E7FD60	rom	0x4C	gBattleAnimSpriteGfx_RedParticles
0x08E7FDAC	rom	0x1C	gBattleAnimSpritePal_RedParticles
0x08E7FDC8	rom	0x188	gBattleAnimSpriteGfx_DirtMound
0x08E7FF50	rom	0x20	gBattleAnimSpritePal_DirtMound
0x08E7FF70	rom	0x2F4	gBattleAnimBgImage_Fissure
0x08E80264	rom	0x1C	gBattleAnimBgPalette_Fissure
0x08E80280	rom	0x2EC	gBattleAnimBgTilemap_Fissure
0x08E8056C	rom	0x37C	gBattleAnimSpriteGfx_Bird
0x08E808E8	rom	0x1C	gBattleAnimSpritePal_Bird
0x08E80904	rom	0xA0	gBattleAnimSpriteGfx_CrossImpact
0x08E809A4	rom	0x28	gBattleAnimSpritePal_CrossImpact
0x08E809CC	rom	0x1320	gBattleAnimBgImage_Surf
0x08E81CEC	rom	0x28	gBattleAnimBgPalette_Surf
0x08E81D14	rom	0x2D0	gBattleAnimBgTilemap_SurfOpponent
0x08E81FE4	rom	0x2D4	gBattleAnimBgTilemap_SurfPlayer
0x08E822B8	rom	0x2F4	gBattleAnimBgTilemap_SurfContest
0x08E825AC	rom	0x28	gBattleAnimSpritePal_Slash2
0x08E825D4	rom	0x114	gBattleAnimSpriteGfx_WhiteShadow
0x08E826E8	rom	0x18	gBattleAnimSpritePal_WhiteShadow
0x08E82700	rom	0x2C8	gPartyMenuBg_Gfx
0x08E829C8	rom	0xE8	gPartyMenuBg_Pal
0x08E82AB0	rom	0x138	gPartyMenuBg_Tilemap
0x08E82BE8	rom	0x180	gPartyMenuPokeball_Gfx
0x08E82D68	rom	0x114	gPartyMenuPokeballSmall_Gfx
0x08E82E7C	rom	0x24	gPartyMenuPokeball_Pal
0x08E82EA0	rom	0x204	gStatusGfx_Icons
0x08E830A4	rom	0x28	gStatusPal_Icons
0x08E830CC	rom	0x1F4	gBagBg_Gfx
0x08E832C0	rom	0x184	gBagBg_Tilemap
0x08E83444	rom	0x170	gBagBg_ItemPC_Tilemap
0x08E835B4	rom	0x50	gBagBgPalette
0x08E83604	rom	0x28	gBagBgPalette_FemaleOverride
0x08E8362C	rom	0x790	gBagMale_Gfx
0x08E83DBC	rom	0x7A4	gBagFemale_Gfx
0x08E84560	rom	0x28	gBag_Pal
0x08E84588	rom	0x40	gSwapLine_Gfx
0x08E845C8	rom	0x10	gSwapLine_Pal
0x08E845D8	rom	0x44C	gTMCase_Gfx
0x08E84A24	rom	0x14C	gTMCaseMenu_Tilemap
0x08E84B70	rom	0x140	gTMCase_Tilemap
0x08E84CB0	rom	0x70	gTMCaseMenu_Male_Pal
0x08E84D20	rom	0x70	gTMCaseMenu_Female_Pal
0x08E84D90	rom	0x190	gTMCaseDisc_Gfx
0x08E84F20	rom	0x148	gTMCaseDiscTypes1_Pal
0x08E85068	rom	0x28	gTMCaseDiscTypes2_Pal
0x08E85090	rom	0x378	gItemPcTiles
0x08E85408	rom	0x50	gItemPcBgPals
0x08E85458	rom	0x1B4	gItemPcTilemap
0x08E8560C	rom	0x3C4	gBerryPouchSpriteTiles
0x08E859D0	rom	0x1D4	gBerryPouchBgGfx
0x08E85BA4	rom	0x50	gBerryPouchBgPals
0x08E85BF4	rom	0x28	gBerryPouchBgPal0FemaleOverride
0x08E85C1C	rom	0x28	gBerryPouchSpritePalette
0x08E85C44	rom	0x184	gBerryPouchBg1Tilemap
0x08E85DC8	rom	0x134	gBuyMenuFrame_Gfx
0x08E85EFC	rom	0x13C	gBuyMenuFrame_Tilemap
0x08E86038	rom	0x138	gBuyMenuFrame_TmHmTilemap
0x08E86170	rom	0x38	gBuyMenuFrame_Pal
0x08E861A8	rom	0x98	gTeachyTv_Border_Gfx
0x08E86240	rom	0x9A8	gTeachyTv_Gfx
0x08E86BE8	rom	0x184	gTeachyTvScreen_Tilemap
0x08E86D6C	rom	0x22C	gTeachyTvTitle_Tilemap
0x08E86F98	rom	0x78	gTeachyTv_Pal
0x08E87010	rom	0x18	gUnusedGrayPalette
0x08E87028	rom	0x78	gItemIcon_QuestionMark
0x08E870A0	rom	0x14	gItemIconPalette_QuestionMark
0x08E870B4	rom	0x88	gItemIcon_ReturnToFieldArrow
0x08E8713C	rom	0x18	gItemIconPalette_ReturnToFieldArrow
0x08E87154	rom	0xD0	gItemIcon_MasterBall
0x08E87224	rom	0x28	gItemIconPalette_MasterBall
0x08E8724C	rom	0xC0	gItemIcon_UltraBall
0x08E8730C	rom	0x28	gItemIconPalette_UltraBall
0x08E87334	rom	0xD0	gItemIcon_GreatBall
0x08E87404	rom	0x28	gItemIconPalette_GreatBall
0x08E8742C	rom	0xB0	gItemIcon_PokeBall
0x08E874DC	rom	0x24	gItemIconPalette_PokeBall
0x08E87500	rom	0xD0	gItemIcon_SafariBall
0x08E875D0	rom	0x28	gItemIconPalette_SafariBall
0x08E875F8	rom	0xD4	gItemIcon_NetBall
0x08E876CC	rom	0x24	gItemIconPalette_NetBall
0x08E876F0	rom	0xC8	gItemIcon_DiveBall
0x08E877B8	rom	0x24	gItemIconPalette_DiveBall
0x08E877DC	rom	0xC4	gItemIcon_NestBall
0x08E878A0	rom	0x28	gItemIconPalette_NestBall
0x08E878C8	rom	0xC4	gItemIcon_RepeatBall
0x08E8798C	rom	0x28	gItemIconPalette_RepeatBall
0x08E879B4	rom	0xC8	gItemIcon_TimerBall
0x08E87A7C	rom	0xBC	gItemIcon_LuxuryBall
0x08E87B38	rom	0x28	gItemIconPalette_LuxuryBall
0x08E87B60	rom	0xA4	gItemIcon_PremierBall
0x08E87C04	rom	0xC8	gItemIcon_Potion
0x08E87CCC	rom	0x24	gItemIconPalette_Potion
0x08E87CF0	rom	0xB0	gItemIcon_Antidote
0x08E87DA0	rom	0x24	gItemIconPalette_Antidote
0x08E87DC4	rom	0x24	gItemIconPalette_BurnHeal
0x08E87DE8	rom	0x24	gItemIconPalette_IceHeal
0x08E87E0C	rom	0xB0	gItemIcon_StatusHeal
0x08E87EBC	rom	0x24	gItemIconPalette_Awakening
0x08E87EE0	rom	0x24	gItemIconPalette_ParalyzeHeal
0x08E87F04	rom	0xE4	gItemIcon_LargePotion
0x08E87FE8	rom	0x24	gItemIconPalette_FullRestore
0x08E8800C	rom	0x24	gItemIconPalette_MaxPotion
0x08E88030	rom	0x24	gItemIconPalette_HyperPotion
0x08E88054	rom	0x24	gItemIconPalette_SuperPotion
0x08E88078	rom	0xA8	gItemIcon_FullHeal
0x08E88120	rom	0x28	gItemIconPalette_FullHeal
0x08E88148	rom	0x5C	gItemIcon_Revive
0x08E881A4	rom	0xCC	gItemIcon_MaxRevive
0x08E88270	rom	0x1C	gItemIconPalette_Revive
0x08E8828C	rom	0xB0	gItemIcon_FreshWater
0x08E8833C	rom	0x24	gItemIconPalette_FreshWater
0x08E88360	rom	0x94	gItemIcon_SodaPop
0x08E883F4	rom	0x28	gItemIconPalette_SodaPop
0x08E8841C	rom	0xC0	gItemIcon_Lemonade
0x08E884DC	rom	0x28	gItemIconPalette_Lemonade
0x08E88504	rom	0xB0	gItemIcon_MoomooMilk
0x08E885B4	rom	0x28	gItemIconPalette_MoomooMilk
0x08E885DC	rom	0x8C	gItemIcon_Powder
0x08E88668	rom	0x20	gItemIconPalette_EnergyPowder
0x08E88688	rom	0xCC	gItemIcon_EnergyRoot
0x08E88754	rom	0x1C	gItemIconPalette_EnergyRoot
0x08E88770	rom	0x20	gItemIconPalette_HealPowder
0x08E88790	rom	0xD0	gItemIcon_RevivalHerb
0x08E88860	rom	0x20	gItemIconPalette_RevivalHerb
0x08E88880	rom	0xC0	gItemIcon_Ether
0x08E88940	rom	0x24	gItemIconPalette_Ether
0x08E88964	rom	0x24	gItemIconPalette_MaxEther
0x08E88988	rom	0x24	gItemIconPalette_Elixir
0x08E889AC	rom	0x24	gItemIconPalette_MaxElixir
0x08E889D0	rom	0xCC	gItemIcon_LavaCookie
0x08E88A9C	rom	0x24	gItemIconPalette_LavaCookieAndLetter
0x08E88AC0	rom	0xB4	gItemIcon_Flute
0x08E88B74	rom	0x24	gItemIconPalette_BlueFlute
0x08E88B98	rom	0x24	gItemIconPalette_YellowFlute
0x08E88BBC	rom	0x24	gItemIconPalette_RedFlute
0x08E88BE0	rom	0x24	gItemIconPalette_BlackFlute
0x08E88C04	rom	0x24	gItemIconPalette_WhiteFlute
0x08E88C28	rom	0xE0	gItemIcon_BerryJuice
0x08E88D08	rom	0x28	gItemIconPalette_BerryJuice
0x08E88D30	rom	0xC0	gItemIcon_SacredAsh
0x08E88DF0	rom	0x24	gItemIconPalette_SacredAsh
0x08E88E14	rom	0x20	gItemIconPalette_ShoalSalt
0x08E88E34	rom	0xF4	gItemIcon_ShoalShell
0x08E88F28	rom	0x28	gItemIconPalette_Shell
0x08E88F50	rom	0x5C	gItemIcon_Shard
0x08E88FAC	rom	0x18	gItemIconPalette_RedShard
0x08E88FC4	rom	0x18	gItemIconPalette_BlueShard
0x08E88FDC	rom	0x18	gItemIconPalette_YellowShard
0x08E88FF4	rom	0x18	gItemIconPalette_GreenShard
0x08E8900C	rom	0xB8	gItemIcon_HPUp
0x08E890C4	rom	0x28	gItemIconPalette_HPUp
0x08E890EC	rom	0xB0	gItemIcon_Vitamin
0x08E8919C	rom	0x28	gItemIconPalette_Protein
0x08E891C4	rom	0x28	gItemIconPalette_Iron
0x08E891EC	rom	0x28	gItemIconPalette_Carbos
0x08E89214	rom	0x28	gItemIconPalette_Calcium
0x08E8923C	rom	0xC4	gItemIcon_RareCandy
0x08E89300	rom	0x1C	gItemIconPalette_RareCandy
0x08E8931C	rom	0xB0	gItemIcon_PPUp
0x08E893CC	rom	0x28	gItemIconPalette_PPUp
0x08E893F4	rom	0x28	gItemIconPalette_Zinc
0x08E8941C	rom	0xA8	gItemIcon_PPMax
0x08E894C4	rom	0x28	gItemIconPalette_PPMax
0x08E894EC	rom	0x24	gItemIconPalette_GuardSpec
0x08E89510	rom	0x24	gItemIconPalette_DireHit
0x08E89534	rom	0x24	gItemIconPalette_XAttack
0x08E89558	rom	0xE4	gItemIcon_BattleStatItem
0x08E8963C	rom	0x24	gItemIconPalette_XDefend
0x08E89660	rom	0x24	gItemIconPalette_XSpeed
0x08E89684	rom	0x24	gItemIconPalette_XAccuracy
0x08E896A8	rom	0x24	gItemIconPalette_XSpecial
0x08E896CC	rom	0xF0	gItemIcon_PokeDoll
0x08E897BC	rom	0x1C	gItemIconPalette_PokeDoll
0x08E897D8	rom	0xF0	gItemIcon_FluffyTail
0x08E898C8	rom	0x24	gItemIconPalette_FluffyTail
0x08E898EC	rom	0xA0	gItemIcon_Repel
0x08E8998C	rom	0x28	gItemIconPalette_SuperRepel
0x08E899B4	rom	0x28	gItemIconPalette_MaxRepel
0x08E899DC	rom	0xB4	gItemIcon_EscapeRope
0x08E89A90	rom	0x24	gItemIconPalette_EscapeRope
0x08E89AB4	rom	0x28	gItemIconPalette_Repel
0x08E89ADC	rom	0xF8	gItemIcon_SunStone
0x08E89BD4	rom	0x1C	gItemIconPalette_SunStone
0x08E89BF0	rom	0xD4	gItemIcon_MoonStone
0x08E89CC4	rom	0x20	gItemIconPalette_MoonStone
0x08E89CE4	rom	0xF4	gItemIcon_FireStone
0x08E89DD8	rom	0x28	gItemIconPalette_FireStone
0x08E89E00	rom	0xE8	gItemIcon_ThunderStone
0x08E89EE8	rom	0x20	gItemIconPalette_ThunderStone
0x08E89F08	rom	0xE0	gItemIcon_WaterStone
0x08E89FE8	rom	0x24	gItemIconPalette_WaterStone
0x08E8A00C	rom	0xF4	gItemIcon_LeafStone
0x08E8A100	rom	0x28	gItemIconPalette_LeafStone
0x08E8A128	rom	0x80	gItemIcon_TinyMushroom
0x08E8A1A8	rom	0xB8	gItemIcon_BigMushroom
0x08E8A260	rom	0x24	gItemIconPalette_Mushroom
0x08E8A284	rom	0x7C	gItemIcon_Pearl
0x08E8A300	rom	0x28	gItemIconPalette_Pearl
0x08E8A328	rom	0xB8	gItemIcon_BigPearl
0x08E8A3E0	rom	0xC0	gItemIcon_Stardust
0x08E8A4A0	rom	0x24	gItemIconPalette_Star
0x08E8A4C4	rom	0x84	gItemIcon_StarPiece
0x08E8A548	rom	0x8C	gItemIcon_Nugget
0x08E8A5D4	rom	0x20	gItemIconPalette_Nugget
0x08E8A5F4	rom	0xA0	gItemIcon_HeartScale
0x08E8A694	rom	0x1C	gItemIconPalette_HeartScale
0x08E8A6B0	rom	0xD4	gItemIcon_OrangeMail
0x08E8A784	rom	0x20	gItemIconPalette_OrangeMail
0x08E8A7A4	rom	0xC8	gItemIcon_HarborMail
0x08E8A86C	rom	0x20	gItemIconPalette_HarborMail
0x08E8A88C	rom	0xDC	gItemIcon_GlitterMail
0x08E8A968	rom	0x28	gItemIconPalette_GlitterMail
0x08E8A990	rom	0xDC	gItemIcon_MechMail
0x08E8AA6C	rom	0x20	gItemIconPalette_MechMail
0x08E8AA8C	rom	0xE0	gItemIcon_WoodMail
0x08E8AB6C	rom	0x20	gItemIconPalette_WoodMail
0x08E8AB8C	rom	0xD8	gItemIcon_WaveMail
0x08E8AC64	rom	0x20	gItemIconPalette_WaveMail
0x08E8AC84	rom	0xC0	gItemIcon_BeadMail
0x08E8AD44	rom	0x20	gItemIconPalette_BeadMail
0x08E8AD64	rom	0xD4	gItemIcon_ShadowMail
0x08E8AE38	rom	0x24	gItemIconPalette_ShadowMail
0x08E8AE5C	rom	0xE4	gItemIcon_TropicMail
0x08E8AF40	rom	0x24	gItemIconPalette_TropicMail
0x08E8AF64	rom	0xE0	gItemIcon_DreamMail
0x08E8B044	rom	0x20	gItemIconPalette_DreamMail
0x08E8B064	rom	0xC8	gItemIcon_FabMail
0x08E8B12C	rom	0x1C	gItemIconPalette_FabMail
0x08E8B148	rom	0x98	gItemIcon_RetroMail
0x08E8B1E0	rom	0x20	gItemIconPalette_RetroMail
0x08E8B200	rom	0xE8	gItemIcon_CheriBerry
0x08E8B2E8	rom	0x28	gItemIconPalette_CheriBerry
0x08E8B310	rom	0xC0	gItemIcon_ChestoBerry
0x08E8B3D0	rom	0x24	gItemIconPalette_ChestoBerry
0x08E8B3F4	rom	0xC0	gItemIcon_PechaBerry
0x08E8B4B4	rom	0x24	gItemIconPalette_PechaBerry
0x08E8B4D8	rom	0xE4	gItemIcon_RawstBerry
0x08E8B5BC	rom	0x24	gItemIconPalette_RawstBerry
0x08E8B5E0	rom	0xE8	gItemIcon_AspearBerry
0x08E8B6C8	rom	0x24	gItemIconPalette_AspearBerry
0x08E8B6EC	rom	0xB8	gItemIcon_LeppaBerry
0x08E8B7A4	rom	0x24	gItemIconPalette_LeppaBerry
0x08E8B7C8	rom	0xC4	gItemIcon_OranBerry
0x08E8B88C	rom	0x24	gItemIconPalette_OranBerry
0x08E8B8B0	rom	0xD4	gItemIcon_PersimBerry
0x08E8B984	rom	0x24	gItemIconPalette_PersimBerry
0x08E8B9A8	rom	0xB8	gItemIcon_LumBerry
0x08E8BA60	rom	0x1C	gItemIconPalette_LumBerry
0x08E8BA7C	rom	0xCC	gItemIcon_SitrusBerry
0x08E8BB48	rom	0x24	gItemIconPalette_SitrusBerry
0x08E8BB6C	rom	0xC8	gItemIcon_FigyBerry
0x08E8BC34	rom	0x24	gItemIconPalette_FigyBerry
0x08E8BC58	rom	0xE4	gItemIcon_WikiBerry
0x08E8BD3C	rom	0x24	gItemIconPalette_WikiBerry
0x08E8BD60	rom	0xBC	gItemIcon_MagoBerry
0x08E8BE1C	rom	0x24	gItemIconPalette_MagoBerry
0x08E8BE40	rom	0xEC	gItemIcon_AguavBerry
0x08E8BF2C	rom	0x20	gItemIconPalette_AguavBerry
0x08E8BF4C	rom	0xE8	gItemIcon_IapapaBerry
0x08E8C034	rom	0x24	gItemIconPalette_IapapaBerry
0x08E8C058	rom	0xE0	gItemIcon_RazzBerry
0x08E8C138	rom	0x24	gItemIconPalette_RazzBerry
0x08E8C15C	rom	0xF0	gItemIcon_BlukBerry
0x08E8C24C	rom	0x24	gItemIconPalette_BlukBerry
0x08E8C270	rom	0xE4	gItemIcon_NanabBerry
0x08E8C354	rom	0x24	gItemIconPalette_NanabBerry
0x08E8C378	rom	0xC8	gItemIcon_WepearBerry
0x08E8C440	rom	0x1C	gItemIconPalette_WepearBerry
0x08E8C45C	rom	0xF4	gItemIcon_PinapBerry
0x08E8C550	rom	0x24	gItemIconPalette_PinapBerry
0x08E8C574	rom	0xB4	gItemIcon_PomegBerry
0x08E8C628	rom	0x24	gItemIconPalette_PomegBerry
0x08E8C64C	rom	0xD0	gItemIcon_KelpsyBerry
0x08E8C71C	rom	0x20	gItemIconPalette_KelpsyBerry
0x08E8C73C	rom	0xCC	gItemIcon_QualotBerry
0x08E8C808	rom	0x24	gItemIconPalette_QualotBerry
0x08E8C82C	rom	0xE0	gItemIcon_HondewBerry
0x08E8C90C	rom	0x24	gItemIconPalette_HondewBerry
0x08E8C930	rom	0xB4	gItemIcon_GrepaBerry
0x08E8C9E4	rom	0x24	gItemIconPalette_GrepaBerry
0x08E8CA08	rom	0xDC	gItemIcon_TamatoBerry
0x08E8CAE4	rom	0x24	gItemIconPalette_TamatoBerry
0x08E8CB08	rom	0xEC	gItemIcon_CornnBerry
0x08E8CBF4	rom	0x28	gItemIconPalette_CornnBerry
0x08E8CC1C	rom	0xA8	gItemIcon_MagostBerry
0x08E8CCC4	rom	0x24	gItemIconPalette_MagostBerry
0x08E8CCE8	rom	0xFC	gItemIcon_RabutaBerry
0x08E8CDE4	rom	0x24	gItemIconPalette_RabutaBerry
0x08E8CE08	rom	0xA4	gItemIcon_NomelBerry
0x08E8CEAC	rom	0x1C	gItemIconPalette_NomelBerry
0x08E8CEC8	rom	0xC4	gItemIcon_SpelonBerry
0x08E8CF8C	rom	0x20	gItemIconPalette_SpelonBerry
0x08E8CFAC	rom	0xE0	gItemIcon_PamtreBerry
0x08E8D08C	rom	0x28	gItemIconPalette_PamtreBerry
0x08E8D0B4	rom	0x110	gItemIcon_WatmelBerry
0x08E8D1C4	rom	0x24	gItemIconPalette_WatmelBerry
0x08E8D1E8	rom	0x104	gItemIcon_DurinBerry
0x08E8D2EC	rom	0x24	gItemIconPalette_DurinBerry
0x08E8D310	rom	0xE4	gItemIcon_BelueBerry
0x08E8D3F4	rom	0x24	gItemIconPalette_BelueBerry
0x08E8D418	rom	0xE0	gItemIcon_LiechiBerry
0x08E8D4F8	rom	0x20	gItemIconPalette_LiechiBerry
0x08E8D518	rom	0xE0	gItemIcon_GanlonBerry
0x08E8D5F8	rom	0x20	gItemIconPalette_GanlonBerry
0x08E8D618	rom	0xE8	gItemIcon_SalacBerry
0x08E8D700	rom	0x20	gItemIconPalette_SalacBerry
0x08E8D720	rom	0xF8	gItemIcon_PetayaBerry
0x08E8D818	rom	0x24	gItemIconPalette_PetayaBerry
0x08E8D83C	rom	0xB8	gItemIcon_ApicotBerry
0x08E8D8F4	rom	0x28	gItemIconPalette_ApicotBerry
0x08E8D91C	rom	0xE0	gItemIcon_LansatBerry
0x08E8D9FC	rom	0x24	gItemIconPalette_LansatBerry
0x08E8DA20	rom	0xD0	gItemIcon_StarfBerry
0x08E8DAF0	rom	0x24	gItemIconPalette_StarfBerry
0x08E8DB14	rom	0xCC	gItemIcon_EnigmaBerry
0x08E8DBE0	rom	0x20	gItemIconPalette_EnigmaBerry
0x08E8DC00	rom	0xBC	gItemIcon_BrightPowder
0x08E8DCBC	rom	0x20	gItemIconPalette_BrightPowder
0x08E8DCDC	rom	0xAC	gItemIcon_InBattleHerb
0x08E8DD88	rom	0x20	gItemIconPalette_WhiteHerb
0x08E8DDA8	rom	0xEC	gItemIcon_MachoBrace
0x08E8DE94	rom	0x28	gItemIconPalette_MachoBrace
0x08E8DEBC	rom	0xEC	gItemIcon_ExpShare
0x08E8DFA8	rom	0x28	gItemIconPalette_ExpShare
0x08E8DFD0	rom	0x98	gItemIcon_QuickClaw
0x08E8E068	rom	0x20	gItemIconPalette_QuickClaw
0x08E8E088	rom	0xC4	gItemIcon_SootheBell
0x08E8E14C	rom	0x24	gItemIconPalette_SootheBell
0x08E8E170	rom	0x20	gItemIconPalette_MentalHerb
0x08E8E190	rom	0xEC	gItemIcon_ChoiceBand
0x08E8E27C	rom	0x28	gItemIconPalette_ChoiceBand
0x08E8E2A4	rom	0xF0	gItemIcon_KingsRock
0x08E8E394	rom	0x1C	gItemIconPalette_KingsRock
0x08E8E3B0	rom	0x8C	gItemIcon_SilverPowder
0x08E8E43C	rom	0x24	gItemIconPalette_SilverPowder
0x08E8E460	rom	0x98	gItemIcon_AmuletCoin
0x08E8E4F8	rom	0x24	gItemIconPalette_AmuletCoin
0x08E8E51C	rom	0xA4	gItemIcon_CleanseTag
0x08E8E5C0	rom	0x20	gItemIconPalette_CleanseTag
0x08E8E5E0	rom	0x94	gItemIcon_SoulDew
0x08E8E674	rom	0x20	gItemIconPalette_SoulDew
0x08E8E694	rom	0xB4	gItemIcon_DeepSeaTooth
0x08E8E748	rom	0x24	gItemIconPalette_DeepSeaTooth
0x08E8E76C	rom	0xA8	gItemIcon_DeepSeaScale
0x08E8E814	rom	0x20	gItemIconPalette_DeepSeaScale
0x08E8E834	rom	0xB8	gItemIcon_SmokeBall
0x08E8E8EC	rom	0x24	gItemIconPalette_SmokeBall
0x08E8E910	rom	0xB4	gItemIcon_Everstone
0x08E8E9C4	rom	0x1C	gItemIconPalette_Everstone
0x08E8E9E0	rom	0xF0	gItemIcon_FocusBand
0x08E8EAD0	rom	0x28	gItemIconPalette_FocusBand
0x08E8EAF8	rom	0x88	gItemIcon_LuckyEgg
0x08E8EB80	rom	0x18	gItemIconPalette_LuckyEgg
0x08E8EB98	rom	0x100	gItemIcon_ScopeLens
0x08E8EC98	rom	0x28	gItemIconPalette_ScopeLens
0x08E8ECC0	rom	0xBC	gItemIcon_MetalCoat
0x08E8ED7C	rom	0x20	gItemIconPalette_MetalCoat
0x08E8ED9C	rom	0xA4	gItemIcon_Leftovers
0x08E8EE40	rom	0x24	gItemIconPalette_Leftovers
0x08E8EE64	rom	0xB4	gItemIcon_DragonScale
0x08E8EF18	rom	0x20	gItemIconPalette_DragonScale
0x08E8EF38	rom	0x94	gItemIcon_LightBall
0x08E8EFCC	rom	0x24	gItemIconPalette_LightBall
0x08E8EFF0	rom	0xBC	gItemIcon_SoftSand
0x08E8F0AC	rom	0x20	gItemIconPalette_SoftSand
0x08E8F0CC	rom	0xB4	gItemIcon_HardStone
0x08E8F180	rom	0x24	gItemIconPalette_HardStone
0x08E8F1A4	rom	0xB0	gItemIcon_MiracleSeed
0x08E8F254	rom	0x1C	gItemIconPalette_MiracleSeed
0x08E8F270	rom	0x88	gItemIcon_BlackGlasses
0x08E8F2F8	rom	0x18	gItemIconPalette_BlackTypeEnhancingItem
0x08E8F310	rom	0xC8	gItemIcon_BlackBelt
0x08E8F3D8	rom	0xB0	gItemIcon_Magnet
0x08E8F488	rom	0x28	gItemIconPalette_Magnet
0x08E8F4B0	rom	0x98	gItemIcon_MysticWater
0x08E8F548	rom	0x20	gItemIconPalette_MysticWater
0x08E8F568	rom	0xBC	gItemIcon_SharpBeak
0x08E8F624	rom	0x20	gItemIconPalette_SharpBeak
0x08E8F644	rom	0x88	gItemIcon_PoisonBarb
0x08E8F6CC	rom	0x20	gItemIconPalette_PoisonBarb
0x08E8F6EC	rom	0xCC	gItemIcon_NeverMeltIce
0x08E8F7B8	rom	0x1C	gItemIconPalette_NeverMeltIce
0x08E8F7D4	rom	0xA0	gItemIcon_SpellTag
0x08E8F874	rom	0x20	gItemIconPalette_SpellTag
0x08E8F894	rom	0xA0	gItemIcon_TwistedSpoon
0x08E8F934	rom	0x18	gItemIconPalette_TwistedSpoon
0x08E8F94C	rom	0xD0	gItemIcon_Charcoal
0x08E8FA1C	rom	0x1C	gItemIconPalette_Charcoal
0x08E8FA38	rom	0xB4	gItemIcon_DragonFang
0x08E8FAEC	rom	0x20	gItemIconPalette_DragonFang
0x08E8FB0C	rom	0x108	gItemIcon_SilkScarf
0x08E8FC14	rom	0x20	gItemIconPalette_SilkScarf
0x08E8FC34	rom	0xBC	gItemIcon_UpGrade
0x08E8FCF0	rom	0x28	gItemIconPalette_UpGrade
0x08E8FD18	rom	0xE0	gItemIcon_ShellBell
0x08E8FDF8	rom	0xE8	gItemIcon_SeaIncense
0x08E8FEE0	rom	0x28	gItemIconPalette_SeaIncense
0x08E8FF08	rom	0xE8	gItemIcon_LaxIncense
0x08E8FFF0	rom	0x28	gItemIconPalette_LaxIncense
0x08E90018	rom	0xC4	gItemIcon_LuckyPunch
0x08E900DC	rom	0x20	gItemIconPalette_LuckyPunch
0x08E900FC	rom	0xC0	gItemIcon_MetalPowder
0x08E901BC	rom	0x24	gItemIconPalette_MetalPowder
0x08E901E0	rom	0x94	gItemIcon_ThickClub
0x08E90274	rom	0x1C	gItemIconPalette_ThickClub
0x08E90290	rom	0xA0	gItemIcon_Stick
0x08E90330	rom	0x24	gItemIconPalette_Stick
0x08E90354	rom	0xCC	gItemIcon_Scarf
0x08E90420	rom	0x1C	gItemIconPalette_RedScarf
0x08E9043C	rom	0x1C	gItemIconPalette_BlueScarf
0x08E90458	rom	0x1C	gItemIconPalette_PinkScarf
0x08E90474	rom	0x1C	gItemIconPalette_GreenScarf
0x08E90490	rom	0x1C	gItemIconPalette_YellowScarf
0x08E904AC	rom	0x108	gItemIcon_MachBike
0x08E905B4	rom	0x24	gItemIconPalette_MachBike
0x08E905D8	rom	0xC0	gItemIcon_CoinCase
0x08E90698	rom	0x20	gItemIconPalette_CoinCase
0x08E906B8	rom	0xBC	gItemIcon_Itemfinder
0x08E90774	rom	0x28	gItemIconPalette_Itemfinder
0x08E9079C	rom	0xAC	gItemIcon_OldRod
0x08E90848	rom	0x24	gItemIconPalette_OldRod
0x08E9086C	rom	0x9C	gItemIcon_GoodRod
0x08E90908	rom	0x28	gItemIconPalette_GoodRod
0x08E90930	rom	0xB0	gItemIcon_SuperRod
0x08E909E0	rom	0x28	gItemIconPalette_SuperRod
0x08E90A08	rom	0x94	gItemIcon_SSTicket
0x08E90A9C	rom	0x18	gItemIconPalette_SSTicket
0x08E90AB4	rom	0xAC	gItemIcon_ContestPass
0x08E90B60	rom	0x28	gItemIconPalette_ContestPass
0x08E90B88	rom	0xCC	gItemIcon_WailmerPail
0x08E90C54	rom	0x24	gItemIconPalette_WailmerPail
0x08E90C78	rom	0xA8	gItemIcon_DevonGoods
0x08E90D20	rom	0x1C	gItemIconPalette_DevonGoods
0x08E90D3C	rom	0xD8	gItemIcon_SootSack
0x08E90E14	rom	0x28	gItemIconPalette_SootSack
0x08E90E3C	rom	0xA8	gItemIcon_BasementKey
0x08E90EE4	rom	0x28	gItemIconPalette_OldKey
0x08E90F0C	rom	0xFC	gItemIcon_AcroBike
0x08E91008	rom	0x20	gItemIconPalette_AcroBike
0x08E91028	rom	0xE8	gItemIcon_PokeblockCase
0x08E91110	rom	0x28	gItemIconPalette_PokeblockCase
0x08E91138	rom	0x80	gItemIcon_Letter
0x08E911B8	rom	0x9C	gItemIcon_EonTicket
0x08E91254	rom	0x24	gItemIconPalette_EonTicket
0x08E91278	rom	0xB8	gItemIcon_Orb
0x08E91330	rom	0x1C	gItemIconPalette_RedOrb
0x08E9134C	rom	0x1C	gItemIconPalette_BlueOrb
0x08E91368	rom	0xC8	gItemIcon_Scanner
0x08E91430	rom	0x24	gItemIconPalette_Scanner
0x08E91454	rom	0xB4	gItemIcon_GoGoggles
0x08E91508	rom	0x20	gItemIconPalette_GoGoggles
0x08E91528	rom	0xE0	gItemIcon_Meteorite
0x08E91608	rom	0x20	gItemIconPalette_Meteorite
0x08E91628	rom	0xB8	gItemIcon_Room1Key
0x08E916E0	rom	0xBC	gItemIcon_Room2Key
0x08E9179C	rom	0xC0	gItemIcon_Room4Key
0x08E9185C	rom	0xBC	gItemIcon_Room6Key
0x08E91918	rom	0xA8	gItemIcon_StorageKey
0x08E919C0	rom	0x10C	gItemIcon_RootFossil
0x08E91ACC	rom	0x28	gItemIconPalette_HoennFossil
0x08E91AF4	rom	0xF0	gItemIcon_ClawFossil
0x08E91BE4	rom	0xBC	gItemIcon_DevonScope
0x08E91CA0	rom	0x28	gItemIconPalette_DevonScope
0x08E91CC8	rom	0xFC	gItemIcon_TMHM
0x08E91DC4	rom	0x28	gItemIconPalette_FightingTMHM
0x08E91DEC	rom	0x28	gItemIconPalette_DragonTMHM
0x08E91E14	rom	0x28	gItemIconPalette_WaterTMHM
0x08E91E3C	rom	0x28	gItemIconPalette_PsychicTMHM
0x08E91E64	rom	0x28	gItemIconPalette_NormalTMHM
0x08E91E8C	rom	0x28	gItemIconPalette_PoisonTMHM
0x08E91EB4	rom	0x28	gItemIconPalette_IceTMHM
0x08E91EDC	rom	0x28	gItemIconPalette_GrassTMHM
0x08E91F04	rom	0x28	gItemIconPalette_FireTMHM
0x08E91F2C	rom	0x28	gItemIconPalette_DarkTMHM
0x08E91F54	rom	0x28	gItemIconPalette_SteelTMHM
0x08E91F7C	rom	0x28	gItemIconPalette_ElectricTMHM
0x08E91FA4	rom	0x28	gItemIconPalette_GroundTMHM
0x08E91FCC	rom	0x28	gItemIconPalette_GhostTMHM
0x08E91FF4	rom	0x28	gItemIconPalette_RockTMHM
0x08E9201C	rom	0x28	gItemIconPalette_FlyingTMHM
0x08E92044	rom	0xB8	gItemIcon_OaksParcel
0x08E920FC	rom	0x20	gItemIconPalette_OaksParcel
0x08E9211C	rom	0xC4	gItemIcon_PokeFlute
0x08E921E0	rom	0x28	gItemIconPalette_PokeFlute
0x08E92208	rom	0xCC	gItemIcon_SecretKey
0x08E922D4	rom	0x28	gItemIconPalette_SecretKey
0x08E922FC	rom	0xA0	gItemIcon_BikeVoucher
0x08E9239C	rom	0x20	gItemIconPalette_BikeVoucher
0x08E923BC	rom	0xEC	gItemIcon_GoldTeeth
0x08E924A8	rom	0x24	gItemIconPalette_GoldTeeth
0x08E924CC	rom	0xE0	gItemIcon_OldAmber
0x08E925AC	rom	0x24	gItemIconPalette_OldAmber
0x08E925D0	rom	0xA8	gItemIcon_CardKey
0x08E92678	rom	0x20	gItemIconPalette_CardKey
0x08E92698	rom	0xBC	gItemIcon_LiftKey
0x08E92754	rom	0x20	gItemIconPalette_Key
0x08E92774	rom	0xF4	gItemIcon_HelixFossil
0x08E92868	rom	0x20	gItemIconPalette_KantoFossil
0x08E92888	rom	0xF0	gItemIcon_DomeFossil
0x08E92978	rom	0xD4	gItemIcon_SilphScope
0x08E92A4C	rom	0x24	gItemIconPalette_SilphScope
0x08E92A70	rom	0x104	gItemIcon_Bicycle
0x08E92B74	rom	0x20	gItemIconPalette_Bicycle
0x08E92B94	rom	0xBC	gItemIcon_TownMap
0x08E92C50	rom	0x28	gItemIconPalette_TownMap
0x08E92C78	rom	0xC8	gItemIcon_VSSeeker
0x08E92D40	rom	0x20	gItemIconPalette_VSSeeker
0x08E92D60	rom	0xB8	gItemIcon_FameChecker
0x08E92E18	rom	0x24	gItemIconPalette_FameChecker
0x08E92E3C	rom	0xC4	gItemIcon_TMCase
0x08E92F00	rom	0x28	gItemIconPalette_TMCase
0x08E92F28	rom	0x100	gItemIcon_BerryPouch
0x08E93028	rom	0x28	gItemIconPalette_BerryPouch
0x08E93050	rom	0xF8	gItemIcon_TeachyTV
0x08E93148	rom	0x28	gItemIconPalette_TeachyTV
0x08E93170	rom	0xA4	gItemIcon_TriPass
0x08E93214	rom	0x20	gItemIconPalette_TriPass
0x08E93234	rom	0xA8	gItemIcon_RainbowPass
0x08E932DC	rom	0x28	gItemIconPalette_RainbowPass
0x08E93304	rom	0xC8	gItemIcon_Tea
0x08E933CC	rom	0x24	gItemIconPalette_Tea
0x08E933F0	rom	0x98	gItemIcon_MysticTicket
0x08E93488	rom	0x20	gItemIconPalette_MysticTicket
0x08E934A8	rom	0x9C	gItemIcon_AuroraTicket
0x08E93544	rom	0x24	gItemIconPalette_AuroraTicket
0x08E93568	rom	0xA0	gItemIcon_PowderJar
0x08E93608	rom	0x28	gItemIconPalette_PowderJar
0x08E93630	rom	0x28	gItemIconPalette_Ruby
0x08E93658	rom	0xC8	gItemIcon_Gem
0x08E93720	rom	0x28	gItemIconPalette_Sapphire
0x08E93748	rom	0x28	gBattleAnimSpritePal_Shock3
0x08E93770	rom	0x1E8	gBattleAnimSpriteGfx_Shock3
0x08E93958	rom	0x1C	gBattleAnimSpritePal_WhiteFeather
0x08E93974	rom	0x128	gBattleAnimSpriteGfx_WhiteFeather
0x08E93A9C	rom	0x18	gBattleAnimSpritePal_Sparkle6
0x08E93AB4	rom	0x60	gBattleAnimSpriteGfx_Sparkle6
0x08E93B14	rom	0x24	gGhostPalette
0x08E93B38	rom	0x368	gGhostFrontPic
0x08E93EA0	rom	0x20	gFile_graphics_mail_orange_palette_pal
0x08E93EC0	rom	0x20	gFile_graphics_mail_harbor_palette_pal
0x08E93EE0	rom	0x20	gFile_graphics_mail_glitter_palette_pal
0x08E93F00	rom	0x20	gFile_graphics_mail_mech_palette_pal
0x08E93F20	rom	0x20	gFile_graphics_mail_wood_palette_pal
0x08E93F40	rom	0x20	gFile_graphics_mail_wave_palette_pal
0x08E93F60	rom	0x20	gFile_graphics_mail_bead_palette_pal
0x08E93F80	rom	0x20	gFile_graphics_mail_shadow_palette_pal
0x08E93FA0	rom	0x20	gFile_graphics_mail_tropic_palette_pal
0x08E93FC0	rom	0x20	gFile_graphics_mail_dream_palette_pal
0x08E93FE0	rom	0x20	gFile_graphics_mail_fab_palette_pal
0x08E94000	rom	0x20	gFile_graphics_mail_retro_palette_pal
0x08E94020	rom	0x1A0	gFile_graphics_mail_orange_tiles_sheet
0x08E941C0	rom	0x13C	gFile_graphics_mail_harbor_tiles_sheet
0x08E942FC	rom	0x210	gFile_graphics_mail_glitter_tiles_sheet
0x08E9450C	rom	0xD8	gFile_graphics_mail_mech_tiles_sheet
0x08E945E4	rom	0x1F8	gFile_graphics_mail_wood_tiles_sheet
0x08E947DC	rom	0x180	gFile_graphics_mail_wave_tiles_sheet
0x08E9495C	rom	0xA8	gFile_graphics_mail_bead_tiles_sheet
0x08E94A04	rom	0x190	gFile_graphics_mail_shadow_tiles_sheet
0x08E94B94	rom	0x140	gFile_graphics_mail_tropic_tiles_sheet
0x08E94CD4	rom	0x168	gFile_graphics_mail_dream_tiles_sheet
0x08E94E3C	rom	0x150	gFile_graphics_mail_fab_tiles_sheet
0x08E94F8C	rom	0x2A0	gFile_graphics_mail_retro_tiles_sheet
0x08E9522C	rom	0xD8	gFile_graphics_mail_orange_map_tilemap
0x08E95304	rom	0xE0	gFile_graphics_mail_harbor_map_tilemap
0x08E953E4	rom	0x10C	gFile_graphics_mail_glitter_map_tilemap
0x08E954F0	rom	0xDC	gFile_graphics_mail_mech_map_tilemap
0x08E955CC	rom	0xF0	gFile_graphics_mail_wood_map_tilemap
0x08E956BC	rom	0xE0	gFile_graphics_mail_wave_map_tilemap
0x08E9579C	rom	0xE0	gFile_graphics_mail_bead_map_tilemap
0x08E9587C	rom	0x10C	gFile_graphics_mail_shadow_map_tilemap
0x08E95988	rom	0xF0	gFile_graphics_mail_tropic_map_tilemap
0x08E95A78	rom	0xF8	gFile_graphics_mail_dream_map_tilemap
0x08E95B70	rom	0x118	gFile_graphics_mail_fab_map_tilemap
0x08E95C88	rom	0x114	gFile_graphics_mail_retro_map_tilemap
0x08E95D9C	rom	0x20	gMenuInfoElements1_Pal
0x08E95DBC	rom	0x20	gMenuInfoElements2_Pal
0x08E95DDC	rom	0x2000	gMenuInfoElements_Gfx
0x08E97DDC	rom	0x20	gMoveRelearner_Pal
0x08E97DFC	rom	0xC8	gMoveRelearner_Gfx
0x08E97EC4	rom	0x120	gMoveRelearner_Tilemap
0x08E97FE4	rom	0x20	gNamingScreenKeyboard_Pal
0x08E98004	rom	0x20	gNamingScreenRival_Pal
0x08E98024	rom	0xC0	gNamingScreenMenu_Pal
0x08E980E4	rom	0x1D8	gNamingScreenMenu_Gfx
0x08E982BC	rom	0xDC	gNamingScreenBackground_Tilemap
0x08E98398	rom	0xC0	gNamingScreenKeyboardUpper_Tilemap
0x08E98458	rom	0xC0	gNamingScreenKeyboardLower_Tilemap
0x08E98518	rom	0xC0	gNamingScreenKeyboardSymbols_Tilemap
0x08E985D8	rom	0x280	gNamingScreenPageSwapFrame_Gfx
0x08E98858	rom	0x1E0	gNamingScreenBackButton_Gfx
0x08E98A38	rom	0x1E0	gNamingScreenOKButton_Gfx
0x08E98C18	rom	0xA0	gNamingScreenPageSwapUpper_Gfx
0x08E98CB8	rom	0xA0	gNamingScreenPageSwapLower_Gfx
0x08E98D58	rom	0xA0	gNamingScreenPageSwapOthers_Gfx
0x08E98DF8	rom	0xA0	gNamingScreenCursor_Gfx
0x08E98E98	rom	0xA0	gNamingScreenCursorSquished_Gfx
0x08E98F38	rom	0xA0	gNamingScreenCursorFilled_Gfx
0x08E98FD8	rom	0x100	gNamingScreenPageSwapButton_Gfx
0x08E990D8	rom	0x20	gNamingScreenInputArrow_Gfx
0x08E990F8	rom	0x20	gNamingScreenUnderscore_Gfx
0x08E99118	rom	0x80	gTMCaseHM_Gfx
0x08E99198	rom	0x60	gKantoTrainerCardBlue_Pal
0x08E991F8	rom	0x674	gKantoTrainerCard_Gfx
0x08E9986C	rom	0x60	gHoennTrainerCardGreen_Pal
0x08E998CC	rom	0x4C0	gHoennTrainerCard_Gfx
0x08E99D8C	rom	0x20	gEasyChatWindow_Pal
0x08E99DAC	rom	0xC8	gEasyChatWindow_Gfx
0x08E99E74	rom	0xB0	gEasyChatWindow_Tilemap
0x08E99F24	rom	0x20	gEasyChatButtonWindow_Pal
0x08E99F44	rom	0x224	gEasyChatButtonWindow_Gfx
0x08E9A168	rom	0x2F8	gEasyChatMode_Gfx
0x08E9A460	rom	0xEB0	gSummaryScreen_Bg_Gfx
0x08E9B310	rom	0xE0	gSummaryScreen_Bg_Pal
0x08E9B3F0	rom	0xC8	gSummaryScreen_ExpBar_Gfx
0x08E9B4B8	rom	0xC0	gSummaryScreen_HpBar_Gfx
0x08E9B578	rom	0x20	gSummaryScreen_HpExpBar_Pal
0x08E9B598	rom	0x1B8	gSummaryScreen_PageInfo_Tilemap
0x08E9B750	rom	0x200	gSummaryScreen_PageSkills_Tilemap
0x08E9B950	rom	0x14C	gSummaryScreen_PageMoves_Tilemap
0x08E9BA9C	rom	0x130	gSummaryScreen_PageMovesInfo_Tilemap
0x08E9BBCC	rom	0x13C	gSummaryScreen_PageEgg_Tilemap
0x08E9BD08	rom	0x20	gUnusedRedPalette
0x08E9BD28	rom	0x200	gEasyChatRectangleCursor_Gfx
0x08E9BF28	rom	0x20	gSummaryScreen_StatusAilmentIcon_Pal
0x08E9BF48	rom	0x204	gSummaryScreen_StatusAilmentIcon_Gfx
0x08E9C14C	rom	0x20	gDexScreen_TopMenuIconPals_AtoZ
0x08E9C16C	rom	0x26C	gDexScreen_TopMenuIconTiles_AtoZ
0x08E9C3D8	rom	0x20	gPokeStoragePartyMenu_Pal
0x08E9C3F8	rom	0x20	gPokeStorageInterface_Pal
0x08E9C418	rom	0x20	gPokeStorageInterface_NoDisplayMon_Pal
0x08E9C438	rom	0x6B4	gPokeStorageMenu_Gfx
0x08E9CAEC	rom	0xB0	gPokeStoragePartyMenu_Tilemap
0x08E9CB9C	rom	0x20	gMonMarkingsMenu_Pal
0x08E9CBBC	rom	0x320	gMonMarkingsMenu_Gfx
0x08E9CEDC	rom	0x60	gTradeMenu_Pal
0x08E9CF3C	rom	0x20	gTradeCursor_Pal
0x08E9CF5C	rom	0x1280	gTradeMenu_Gfx
0x08E9E1DC	rom	0x800	gTradeCursor_Gfx
0x08E9E9DC	rom	0x20	gTradeUnused_Tilemap
0x08E9E9FC	rom	0x800	gTradeMenu_Tilemap
0x08E9F1FC	rom	0x24	gTradeMenuMonBox_Tilemap
0x08E9F220	rom	0x40	gFameCheckerBgPals
0x08E9F260	rom	0x14A0	gFameCheckerBgTiles
0x08EA0700	rom	0x800	gFameCheckerBg3Tilemap
0x08EA0F00	rom	0x800	gFameCheckerBg2Tilemap
0x08EA1700	rom	0x20	gUnionRoomChat_Bg_Pal
0x08EA1720	rom	0x238	gUnionRoomChat_Bg_Gfx
0x08EA1958	rom	0xF8	gUnionRoomChat_Bg_Tilemap
0x08EA1A50	rom	0x118	gUnionRoomChat_Icons_Gfx
0x08EA1B68	rom	0x200	gTilesetPalettes_General
0x08EA1D68	rom	0x28D4	gTilesetTiles_General
0x08EA463C	rom	0x40	gBerryFixGameboy_Pal
0x08EA467C	rom	0xC3C	gBerryFixGameboy_Gfx
0x08EA52B8	rom	0x34C	gBerryFixGameboy_Tilemap
0x08EA5604	rom	0x60	gBerryFixGameboyLogo_Pal
0x08EA5664	rom	0xA64	gBerryFixGameboyLogo_Gfx
0x08EA60C8	rom	0x300	gBerryFixGameboyLogo_Tilemap
0x08EA63C8	rom	0x40	gBerryFixGbaTransfer_Pal
0x08EA6408	rom	0xC20	gBerryFixGbaTransfer_Gfx
0x08EA7028	rom	0x2B8	gBerryFixGbaTransfer_Tilemap
0x08EA72E0	rom	0x40	gBerryFixGbaTransferHighlight_Pal
0x08EA7320	rom	0xDF8	gBerryFixGbaTransferHighlight_Gfx
0x08EA8118	rom	0x2B0	gBerryFixGbaTransferHighlight_Tilemap
0x08EA83C8	rom	0x40	gBerryFixGbaTransferError_Pal
0x08EA8408	rom	0x8C0	gBerryFixGbaTransferError_Gfx
0x08EA8CC8	rom	0x238	gBerryFixGbaTransferError_Tilemap
0x08EA8F00	rom	0x40	gBerryFixWindow_Pal
0x08EA8F40	rom	0x648	gBerryFixWindow_Gfx
0x08EA9588	rom	0x26C	gBerryFixWindow_Tilemap
0x08EA97F4	rom	0x200	gTilesetPalettes_GenericBuilding1
0x08EA99F4	rom	0x394	gTilesetTiles_GenericBuilding1
0x08EA9D88	rom	0x200	gTilesetPalettes_DepartmentStore
0x08EA9F88	rom	0xA68	gTilesetTiles_DepartmentStore
0x08EAA9F0	rom	0x20	gUnionRoomChat_Panel_Pal
0x08EAAA10	rom	0x5C	gUnionRoomChat_Panel_Gfx
0x08EAAA6C	rom	0xAC	gUnionRoomChat_Panel_Tilemap
0x08EAAB18	rom	0x80	gCreditsMonPokeball_Pals
0x08EAAB98	rom	0x774	gCreditsMonPokeball_Tiles
0x08EAB30C	rom	0x3B8	gCreditsMonPokeball_Tilemap
0x08EAB6C4	rom	0x200	gGraphics_TitleScreen_GameTitleLogoPals
0x08EAB8C4	rom	0x1ACC	gGraphics_TitleScreen_GameTitleLogoTiles
0x08EAD390	rom	0x258	gGraphics_TitleScreen_GameTitleLogoMap
0x08EAD5E8	rom	0x20	gGraphics_TitleScreen_BoxArtMonPals
0x08EAD608	rom	0x8DC	gGraphics_TitleScreen_BoxArtMonTiles
0x08EADEE4	rom	0x1B0	gGraphics_TitleScreen_BoxArtMonMap
0x08EAE094	rom	0x20	gGraphics_TitleScreen_BackgroundPals
0x08EAE0B4	rom	0x2C0	gGraphics_TitleScreen_CopyrightPressStartTiles
0x08EAE374	rom	0x114	gGraphics_TitleScreen_CopyrightPressStartMap
0x08EAE488	rom	0x20	gTitleScreen_Slash_Pal
0x08EAE4A8	rom	0x80	gTitleScreen_BlankSprite_Tiles
0x08EAE528	rom	0x20	gCreditsCopyright_Pal
0x08EAE548	rom	0x3B8	gCreditsCopyright_Tiles
0x08EAE900	rom	0x100	gCreditsCopyright_Tilemap
0x08EAEA00	rom	0x20	gTradeGba_Pal
0x08EAEA20	rom	0x60	gTradeGba2_Pal
0x08EAEA80	rom	0x1400	gTradeGba_Gfx
0x08EAFE80	rom	0x20	sEmptyPal
0x08EAFEA0	rom	0x120	gBerryCrush_Crusher_Pal
0x08EAFFC0	rom	0xB1C	gBerryCrush_Crusher_Gfx
0x08EB0ADC	rom	0x44	gBerryCrush_TextWindows_Tilemap
