# start	end	mode	name  (end = start+size-1; 0 = size unknown)
0x080003A4	0x080004AF	thumb	AgbMain
0x080004B0	0x080004C3	thumb	UpdateLinkAndCallCallbacks
0x080004C4	0x0800050F	thumb	InitMainCallbacks
0x08000510	0x08000543	thumb	CallCallbacks
0x08000544	0x08000557	thumb	SetMainCallback2
0x08000558	0x08000563	thumb	StartTimer1
0x08000564	0x0800058B	thumb	SeedRngAndSetTrainerId
0x0800058C	0x08000597	thumb	GetGeneratedTrainerIdLower
0x08000598	0x080005BF	thumb	EnableVCountIntrAtLine150
0x080005C0	0x080005E7	thumb	InitKeys
0x080005E8	0x08000687	thumb	ReadKeys
0x08000688	0x080006F3	thumb	InitIntrHandlers
0x080006F4	0x080006FF	thumb	SetVBlankCallback
0x08000700	0x0800070B	thumb	SetHBlankCallback
0x0800070C	0x08000717	thumb	SetVCountCallback
0x08000718	0x08000723	thumb	SetSerialCallback
0x08000724	0x080007C7	thumb	VBlankIntr
0x080007C8	0x080007DB	thumb	InitFlashTimer
0x080007DC	0x0800080B	thumb	HBlankIntr
0x0800080C	0x08000843	thumb	VCountIntr
0x08000844	0x08000873	thumb	SerialIntr
0x08000874	0x0800088B	thumb	RestoreSerialTimer3IntrHandlers
0x0800088C	0x0800088D	thumb	IntrDummy
0x08000890	0x080008BF	thumb	WaitForVBlank
0x080008C0	0x080008CB	thumb	SetVBlankCounter1Ptr
0x080008CC	0x080008D7	thumb	DisableVBlankCounter1
0x080008D8	0x08000943	thumb	DoSoftReset
0x08000944	0x08000967	thumb	ClearPokemonCrySongs
0x08000968	0x080009BF	thumb	InitGpuRegManager
0x080009C0	0x08000A03	thumb	CopyBufferedValueToGpuReg
0x08000A04	0x08000A37	thumb	CopyBufferedValuesToGpuRegs
0x08000A38	0x08000AC3	thumb	SetGpuReg
0x08000AC4	0x08000AF3	thumb	GetGpuReg
0x08000AF4	0x08000B13	thumb	SetGpuRegBits
0x08000B14	0x08000B33	thumb	ClearGpuRegBits
0x08000B34	0x08000B67	thumb	SyncRegIE
0x08000B68	0x08000B93	thumb	EnableInterrupts
0x08000B94	0x08000BBF	thumb	DisableInterrupts
0x08000BC0	0x08000BFB	thumb	UpdateRegDispstatIntrBits
0x08000BFC	0x08000C33	thumb	ClearDma3Requests
0x08000C34	0x08000EAB	thumb	ProcessDma3Requests
0x08000EAC	0x08000F41	thumb	RequestDma3Copy
0x08000F44	0x08000FE7	thumb	RequestDma3Fill
0x08000FE8	0x08001027	thumb	WaitDma3Request
0x08001028	0x0800103F	thumb	ResetBgs
0x08001040	0x0800105B	thumb	SetBgModeInternal
0x0800105C	0x0800106B	thumb	GetBgMode
0x0800106C	0x0800108B	thumb	ResetBgControlStructs
0x0800108C	0x080010B7	thumb	Unused_ResetBgControlStruct
0x080010B8	0x080011E3	thumb	SetBgControlAttributes
0x080011E4	0x08001297	thumb	GetBgControlAttribute
0x08001298	0x0800131F	thumb	LoadBgVram
0x08001320	0x0800139B	thumb	ShowBgInternal
0x0800139C	0x080013CF	thumb	HideBgInternal
0x080013D0	0x080013F3	thumb	SyncBgVisibilityAndMode
0x080013F4	0x0800140F	thumb	SetTextModeAndHideBgs
0x08001410	0x080014D9	thumb	SetBgAffineInternal
0x080014DC	0x080014EF	thumb	IsInvalidBg
0x080014F0	0x08001617	thumb	BgTileAllocOp
0x08001618	0x08001657	thumb	ResetBgsAndClearDma3BusyFlags
0x08001658	0x08001737	thumb	InitBgsFromTemplates
0x08001738	0x080017CF	thumb	InitBgFromTemplate
0x080017D0	0x08001887	thumb	LoadBgTiles
0x08001888	0x080018D7	thumb	LoadBgTilemap
0x080018D8	0x0800195F	thumb	Unused_LoadBgPalette
0x08001960	0x080019BB	thumb	IsDma3ManagerBusyWithBgCopy
0x080019BC	0x080019CD	thumb	ShowBg
0x080019D0	0x080019E1	thumb	HideBg
0x080019E4	0x08001AA5	thumb	SetBgAttribute
0x08001AA8	0x08001B8F	thumb	GetBgAttribute
0x08001B90	0x08001CCB	thumb	ChangeBgX
0x08001CCC	0x08001D05	thumb	GetBgX
0x08001D08	0x08001E43	thumb	ChangeBgY
0x08001E44	0x08001E7D	thumb	GetBgY
0x08001E80	0x08001EBF	thumb	SetBgAffine
0x08001EC0	0x08001F9F	thumb	AdjustBgMosaic
0x08001FA0	0x08001FD3	thumb	SetBgTilemapBuffer
0x08001FD4	0x08002007	thumb	UnsetBgTilemapBuffer
0x08002008	0x0800203F	thumb	GetBgTilemapBuffer
0x08002040	0x080020BB	thumb	CopyToBgTilemapBuffer
0x080020BC	0x08002123	thumb	CopyBgTilemapBufferToVram
0x08002124	0x08002227	thumb	CopyToBgTilemapBufferRect
0x08002228	0x0800226B	thumb	CopyToBgTilemapBufferRect_ChangePalette
0x0800226C	0x08002453	thumb	CopyRectToBgTilemapBufferRect
0x08002454	0x08002553	thumb	FillBgTilemapBufferRect_Palette0
0x08002554	0x0800258F	thumb	FillBgTilemapBufferRect
0x08002590	0x0800273B	thumb	WriteSequenceToBgTilemapBuffer
0x0800273C	0x080027A9	thumb	GetBgMetricTextMode
0x080027AC	0x08002803	thumb	GetBgMetricAffineMode
0x08002804	0x08002839	thumb	GetTileMapIndexFromCoords
0x0800283C	0x08002897	thumb	CopyTileMapEntry
0x08002898	0x080028EB	thumb	GetBgType
0x080028EC	0x080028FF	thumb	IsInvalidBg32
0x08002900	0x08002929	thumb	IsTileMapOutsideWram
0x0800292C	0x08002947	thumb	PutMemBlockHeader
0x08002948	0x08002959	thumb	PutFirstMemBlockHeader
0x0800295C	0x08002A07	thumb	AllocInternal
0x08002A08	0x08002AE7	thumb	FreeInternal
0x08002AE8	0x08002B25	thumb	AllocZeroedInternal
0x08002B28	0x08002B7F	thumb	CheckMemBlockInternal
0x08002B80	0x08002B9B	thumb	InitHeap
0x08002B9C	0x08002BAF	thumb	Alloc
0x08002BB0	0x08002BC3	thumb	AllocZeroed
0x08002BC4	0x08002BD7	thumb	Free
0x08002BD8	0x08002BEB	thumb	CheckMemBlock
0x08002BEC	0x08002C1B	thumb	CheckHeap
0x08002C1C	0x08002C27	thumb	SetFontsPointer
0x08002C28	0x08002C47	thumb	DeactivateAllTextPrinters
0x08002C48	0x08002CF3	thumb	AddTextPrinterParameterized
0x08002CF4	0x08002DE7	thumb	AddTextPrinter
0x08002DE8	0x08002E63	thumb	RunTextPrinters
0x08002E64	0x08002E7B	thumb	IsTextPrinterActive
0x08002E7C	0x08002EA7	thumb	RenderFont
0x08002EA8	0x08002F5B	thumb	GenerateFontHalfRowLookupTable
0x08002F5C	0x08002F7B	thumb	SaveTextColors
0x08002F7C	0x08002F8B	thumb	RestoreTextColors
0x08002F8C	0x08002FC9	thumb	DecompressGlyphTile
0x08002FCC	0x08003011	thumb	GetLastTextColor
0x08003014	0x08003613	thumb	CopyGlyphToWindow
0x08003614	0x08003B1B	thumb	CopyGlyphToWindow_Parameterized
0x08003B1C	0x08003B1D	thumb	ClearTextSpan
0x08003B20	0x08003B21	thumb	nullsub_8
0x08003B24	0x08003CE3	thumb	InitWindows
0x08003CE4	0x08003E3B	thumb	AddWindow
0x08003E3C	0x08003ECB	thumb	RemoveWindow
0x08003ECC	0x08003F1F	thumb	FreeAllWindowBuffers
0x08003F20	0x08003F9D	thumb	CopyWindowToVram
0x08003FA0	0x08003FFF	thumb	PutWindowTilemap
0x08004000	0x080040B7	thumb	PutWindowRectTilemapOverridePalette
0x080040B8	0x08004107	thumb	ClearWindowTilemap
0x08004108	0x080041B7	thumb	PutWindowRectTilemap
0x080041B8	0x080041EF	thumb	BlitBitmapToWindow
0x080041F0	0x080042AF	thumb	BlitBitmapRectToWindow
0x080042B0	0x08004377	thumb	BlitBitmapRectToWindowWithColorKey
0x08004378	0x08004403	thumb	FillWindowPixelRect
0x08004404	0x0800445B	thumb	CopyToWindowPixelBuffer
0x0800445C	0x080044A7	thumb	FillWindowPixelBuffer
0x080044A8	0x08004869	thumb	ScrollWindow
0x0800486C	0x080048BB	thumb	CallWindowFunction
0x080048BC	0x0800494D	thumb	SetWindowAttribute
0x08004950	0x08004A31	thumb	GetWindowAttribute
0x08004A34	0x08004A5F	thumb	GetNumActiveWindowsOnBg
0x08004A60	0x08004AA3	thumb	BlitBitmapRect4BitWithoutColorKey
0x08004AA4	0x08004C81	thumb	BlitBitmapRect4Bit
0x08004C84	0x08004D3F	thumb	FillBitmapRect4Bit
0x08004D40	0x08004F8D	thumb	BlitBitmapRect4BitTo8Bit
0x08004F90	0x08005033	thumb	FillBitmapRect8Bit
0x08005034	0x08005035	thumb	nullsub_9
0x08005038	0x0800513F	thumb	AddWindow8Bit
0x08005140	0x0800517F	thumb	FillWindowPixelBuffer8Bit
0x08005180	0x0800520B	thumb	FillWindowPixelRect8Bit
0x0800520C	0x080052D7	thumb	BlitBitmapRectToWindow4BitTo8Bit
0x080052D8	0x0800534D	thumb	CopyWindowToVram8Bit
0x08005350	0x0800537B	thumb	GetNumActiveWindowsOnBg8Bit
0x0800537C	0x080053AD	thumb	FontFunc_Small
0x080053B0	0x080053E5	thumb	FontFunc_NormalCopy1
0x080053E8	0x0800541D	thumb	FontFunc_Normal
0x08005420	0x08005455	thumb	FontFunc_NormalCopy2
0x08005458	0x0800548D	thumb	FontFunc_Male
0x08005490	0x080054C5	thumb	FontFunc_Female
0x080054C8	0x080054F7	thumb	TextPrinterInitDownArrowCounters
0x080054F8	0x080055D3	thumb	TextPrinterDrawDownArrow
0x080055D4	0x08005605	thumb	TextPrinterClearDownArrow
0x08005608	0x08005631	thumb	TextPrinterWaitAutoMode
0x08005634	0x0800567F	thumb	TextPrinterWaitWithDownArrow
0x08005680	0x080056C3	thumb	TextPrinterWait
0x080056C4	0x0800578F	thumb	DrawDownArrow
0x08005790	0x08005D6F	thumb	RenderText
0x08005D70	0x08005EA1	thumb	GetStringWidthFixedWidthFont
0x08005EA4	0x08005ED1	thumb	GetFontWidthFunc
0x08005ED4	0x08006121	thumb	GetStringWidth
0x08006124	0x080062AF	thumb	RenderTextHandleBold
0x080062B0	0x080062FD	thumb	SpriteCB_TextCursor
0x08006300	0x08006397	thumb	CreateTextCursorSprite
0x08006398	0x080063C7	thumb	DestroyTextCursorSprite
0x080063C8	0x08006417	thumb	DrawKeypadIcon
0x08006418	0x08006427	thumb	GetKeypadIconTileOffset
0x08006428	0x08006437	thumb	GetKeypadIconWidth
0x08006438	0x08006447	thumb	GetKeypadIconHeight
0x08006448	0x080064CF	thumb	DecompressGlyph_Small
0x080064D0	0x080064ED	thumb	GetGlyphWidth_Small
0x080064F0	0x08006597	thumb	DecompressGlyph_NormalCopy1
0x08006598	0x080065B5	thumb	GetGlyphWidth_NormalCopy1
0x080065B8	0x080066F7	thumb	DecompressGlyph_Normal
0x080066F8	0x08006723	thumb	GetGlyphWidth_Normal
0x08006724	0x080067CB	thumb	DecompressGlyph_NormalCopy2
0x080067CC	0x080067E9	thumb	GetGlyphWidth_NormalCopy2
0x080067EC	0x0800692B	thumb	DecompressGlyph_Male
0x0800692C	0x08006957	thumb	GetGlyphWidth_Male
0x08006958	0x08006A97	thumb	DecompressGlyph_Female
0x08006A98	0x08006AC3	thumb	GetGlyphWidth_Female
0x08006AC4	0x08006B0F	thumb	DecompressGlyph_Bold
0x08006B10	0x08006B5B	thumb	ResetSpriteData
0x08006B5C	0x08006BA7	thumb	AnimateSprites
0x08006BA8	0x08006BF3	thumb	BuildOamBuffer
0x08006BF4	0x08006CB5	thumb	UpdateOamCoords
0x08006CB8	0x08006CF7	thumb	BuildSpritePriorities
0x08006CF8	0x08006EB7	thumb	SortSprites
0x08006EB8	0x08006F03	thumb	CopyMatricesToOamBuffer
0x08006F04	0x08006F8B	thumb	AddSpritesToOamBuffer
0x08006F8C	0x08006FDF	thumb	CreateSprite
0x08006FE0	0x08007049	thumb	CreateSpriteAtEnd
0x0800704C	0x08007093	thumb	CreateInvisibleSprite
0x08007094	0x080071EB	thumb	CreateSpriteAt
0x080071EC	0x0800727F	thumb	CreateSpriteAndAnimate
0x08007280	0x080072E7	thumb	DestroySprite
0x080072E8	0x0800731F	thumb	ResetOamRange
0x08007320	0x0800734F	thumb	LoadOam
0x08007350	0x0800738F	thumb	ClearSpriteCopyRequests
0x08007390	0x080073BB	thumb	ResetOamMatrices
0x080073BC	0x080073DB	thumb	SetOamMatrix
0x080073DC	0x080073EF	thumb	ResetSprite
0x080073F0	0x08007433	thumb	CalcCenterToCornerVec
0x08007434	0x0800754F	thumb	AllocSpriteTiles
0x08007550	0x080075BF	thumb	SpriteTileAllocBitmapOp
0x080075C0	0x0800760B	thumb	FreeSpriteTilesIfNotUsingSheet
0x0800760C	0x0800760D	thumb	SpriteCallbackDummy
0x08007610	0x0800766B	thumb	ProcessSpriteCopyRequests
0x0800766C	0x080076CF	thumb	RequestSpriteFrameImageCopy
0x080076D0	0x0800771F	thumb	RequestSpriteCopy
0x08007720	0x08007747	thumb	CopyFromSprites
0x08007748	0x0800776F	thumb	CopyToSprites
0x08007770	0x080077AB	thumb	ResetAllSprites
0x080077AC	0x080077C7	thumb	FreeSpriteTiles
0x080077C8	0x080077D5	thumb	FreeSpritePalette
0x080077D8	0x08007803	thumb	FreeSpriteOamMatrix
0x08007804	0x08007823	thumb	DestroySpriteAndFreeResources
0x08007824	0x0800786B	thumb	AnimateSprite
0x0800786C	0x0800795B	thumb	BeginAnim
0x0800795C	0x080079FB	thumb	ContinueAnim
0x080079FC	0x08007AA7	thumb	AnimCmd_frame
0x08007AA8	0x08007ABD	thumb	AnimCmd_end
0x08007AC0	0x08007B87	thumb	AnimCmd_jump
0x08007B88	0x08007BA5	thumb	AnimCmd_loop
0x08007BA8	0x08007BDF	thumb	BeginAnimLoop
0x08007BE0	0x08007BFF	thumb	ContinueAnimLoop
0x08007C00	0x08007C71	thumb	JumpToTopOfAnimLoop
0x08007C74	0x08007D07	thumb	BeginAffineAnim
0x08007D08	0x08007DBB	thumb	ContinueAffineAnim
0x08007DBC	0x08007DED	thumb	AffineAnimDelay
0x08007DF0	0x08007E23	thumb	AffineAnimCmd_loop
0x08007E24	0x08007E5F	thumb	BeginAffineAnimLoop
0x08007E60	0x08007E8F	thumb	ContinueAffineAnimLoop
0x08007E90	0x08007EFB	thumb	JumpToTopOfAffineAnimLoop
0x08007EFC	0x08007F47	thumb	AffineAnimCmd_jump
0x08007F48	0x08007F83	thumb	AffineAnimCmd_end
0x08007F84	0x08007FBB	thumb	AffineAnimCmd_frame
0x08007FBC	0x08007FDB	thumb	CopyOamMatrix
0x08007FDC	0x08007FFB	thumb	GetSpriteMatrixNum
0x08007FFC	0x0800800B	thumb	SetSpriteMatrixAnchor
0x0800800C	0x08008035	thumb	GetAnchorCoord
0x08008038	0x080080D3	thumb	UpdateSpriteMatrixAnchorPos
0x080080D4	0x08008145	thumb	SetSpriteOamFlipBits
0x08008148	0x08008163	thumb	AffineAnimStateRestartAnim
0x08008164	0x0800818B	thumb	AffineAnimStateStartAnim
0x0800818C	0x080081B3	thumb	AffineAnimStateReset
0x080081B4	0x080081D7	thumb	ApplyAffineAnimFrameAbsolute
0x080081D8	0x080081FF	thumb	DecrementAnimDelayCounter
0x08008200	0x0800822F	thumb	DecrementAffineAnimDelayCounter
0x08008230	0x080082C7	thumb	ApplyAffineAnimFrameRelativeAndUpdateMatrix
0x080082C8	0x080082DF	thumb	ConvertScaleParam
0x080082E0	0x0800834B	thumb	GetAffineAnimFrame
0x0800834C	0x08008389	thumb	ApplyAffineAnimFrame
0x0800838C	0x080083A3	thumb	StartSpriteAnim
0x080083A4	0x080083BD	thumb	StartSpriteAnimIfDifferent
0x080083C0	0x08008439	thumb	SeekSpriteAnim
0x0800843C	0x08008467	thumb	StartSpriteAffineAnim
0x08008468	0x0800849B	thumb	StartSpriteAffineAnimIfDifferent
0x0800849C	0x080084D3	thumb	ChangeSpriteAffineAnim
0x080084D4	0x08008507	thumb	ChangeSpriteAffineAnimIfDifferent
0x08008508	0x0800855F	thumb	SetSpriteSheetFrameTileNum
0x08008560	0x08008593	thumb	ResetAffineAnimData
0x08008594	0x080085CB	thumb	AllocOamMatrix
0x080085CC	0x0800860B	thumb	FreeOamMatrix
0x0800860C	0x08008659	thumb	InitSpriteAffineAnim
0x0800865C	0x080086DB	thumb	SetOamMatrixRotationScaling
0x080086DC	0x0800871F	thumb	LoadSpriteSheet
0x08008720	0x08008749	thumb	LoadSpriteSheets
0x0800874C	0x080087C3	thumb	FreeSpriteTilesByTag
0x080087C4	0x08008803	thumb	FreeSpriteTileRanges
0x08008804	0x0800882F	thumb	GetSpriteTileStartByTag
0x08008830	0x0800885B	thumb	IndexOfSpriteTileTag
0x0800885C	0x080088A7	thumb	GetSpriteTileTagByTileStart
0x080088A8	0x080088EF	thumb	AllocSpriteTileRange
0x080088F0	0x08008927	thumb	FreeAllSpritePalettes
0x08008928	0x08008973	thumb	LoadSpritePalette
0x08008974	0x0800899F	thumb	LoadSpritePalettes
0x080089A0	0x080089B5	thumb	DoLoadSpritePalette
0x080089B8	0x080089E7	thumb	AllocSpritePalette
0x080089E8	0x08008A1F	thumb	IndexOfSpritePaletteTag
0x08008A20	0x08008A2F	thumb	GetSpritePaletteTagByPaletteNum
0x08008A30	0x08008A57	thumb	FreeSpritePaletteByTag
0x08008A58	0x08008A61	thumb	SetSubspriteTables
0x08008A64	0x08008ACF	thumb	AddSpriteToOamBuffer
0x08008AD0	0x08008CF3	thumb	AddSubspritesToOamBuffer
0x08008CF4	0x08008D25	thumb	StringCopy_Nickname
0x08008D28	0x08008D51	thumb	StringGet_Nickname
0x08008D54	0x08008D81	thumb	StringCopy_PlayerName
0x08008D84	0x08008DA1	thumb	StringCopy
0x08008DA4	0x08008DBB	thumb	StringAppend
0x08008DBC	0x08008DE9	thumb	StringCopyN
0x08008DEC	0x08008E07	thumb	StringAppendN
0x08008E08	0x08008E27	thumb	StringLength
0x08008E28	0x08008E4B	thumb	StringCompare
0x08008E4C	0x08008E77	thumb	StringCompareN
0x08008E78	0x08008F17	thumb	ConvertIntToDecimalStringN
0x08008F18	0x08008FC9	thumb	ConvertIntToHexStringN
0x08008FCC	0x080090B7	thumb	StringExpandPlaceholders
0x080090B8	0x08009115	thumb	StringBraille
0x08009118	0x0800911F	thumb	ExpandPlaceholder_UnknownStringVar
0x08009120	0x0800912B	thumb	ExpandPlaceholder_PlayerName
0x0800912C	0x08009133	thumb	ExpandPlaceholder_StringVar1
0x08009134	0x0800913B	thumb	ExpandPlaceholder_StringVar2
0x0800913C	0x08009143	thumb	ExpandPlaceholder_StringVar3
0x08009144	0x08009167	thumb	ExpandPlaceholder_KunChan
0x08009168	0x080091A5	thumb	ExpandPlaceholder_RivalName
0x080091A8	0x080091AF	thumb	ExpandPlaceholder_Version
0x080091B0	0x080091B7	thumb	ExpandPlaceholder_Magma
0x080091B8	0x080091BF	thumb	ExpandPlaceholder_Aqua
0x080091C0	0x080091C7	thumb	ExpandPlaceholder_Maxie
0x080091C8	0x080091CF	thumb	ExpandPlaceholder_Archie
0x080091D0	0x080091D7	thumb	ExpandPlaceholder_Groudon
0x080091D8	0x080091DF	thumb	ExpandPlaceholder_Kyogre
0x080091E0	0x08009203	thumb	GetExpandedPlaceholder
0x08009204	0x0800922D	thumb	StringFill
0x08009230	0x08009283	thumb	StringCopyPadded
0x08009284	0x08009293	thumb	StringFillWithTerminator
0x08009294	0x080092D1	thumb	StringCopyN_Multibyte
0x080092D4	0x080092F3	thumb	StringLength_Multibyte
0x080092F4	0x0800932D	thumb	WriteColorChangeControlCode
0x08009330	0x0800934B	thumb	GetExtCtrlCodeLength
0x0800934C	0x0800936D	thumb	SkipExtCtrlCode
0x08009370	0x080093B9	thumb	StringCompareWithoutExtCtrlCodes
0x080093BC	0x08009421	thumb	ConvertInternationalString
0x08009424	0x0800947F	thumb	StripExtCtrlCodes
0x08009480	0x080094D1	thumb	IsWirelessAdapterConnected
0x080094D4	0x080094E1	thumb	Task_DestroySelf
0x080094E4	0x080095B9	thumb	InitLinkTestBG
0x080095BC	0x0800963F	thumb	LoadLinkTestBgGfx
0x08009640	0x080096F7	thumb	LinkTestScreen
0x080096F8	0x08009707	thumb	SetLocalLinkPlayerId
0x08009708	0x0800978B	thumb	InitLocalLinkPlayer
0x0800978C	0x0800979D	thumb	VBlankCB_LinkError
0x080097A0	0x080097CB	thumb	InitLink
0x080097CC	0x08009803	thumb	Task_TriggerHandshake
0x08009804	0x080098B7	thumb	OpenLink
0x080098B8	0x080098E7	thumb	CloseLink
0x080098E8	0x080099CF	thumb	TestBlockTransfer
0x080099D0	0x08009A8B	thumb	LinkTestProcessKeyInput
0x08009A8C	0x08009AAF	thumb	CB2_LinkTest
0x08009AB0	0x08009B27	thumb	LinkMain2
0x08009B28	0x08009B6F	thumb	HandleReceiveRemoteLinkPlayer
0x08009B70	0x08009E5F	thumb	ProcessRecvCmds
0x08009E60	0x08009FE7	thumb	BuildSendCmd
0x08009FE8	0x0800A00B	thumb	StartSendingKeysToLink
0x0800A00C	0x0800A03D	thumb	IsSendingKeysToLink
0x0800A040	0x0800A05B	thumb	LinkCB_SendHeldKeys
0x0800A05C	0x0800A067	thumb	ClearLinkCallback
0x0800A068	0x0800A087	thumb	ClearLinkCallback_2
0x0800A088	0x0800A0B3	thumb	GetLinkPlayerCount
0x0800A0B4	0x0800A0CF	thumb	OpenLinkTimed
0x0800A0D0	0x0800A1EF	thumb	GetLinkPlayerDataExchangeStatusTimed
0x0800A1F0	0x0800A257	thumb	IsLinkPlayerDataExchangeComplete
0x0800A258	0x0800A26F	thumb	GetLinkPlayerTrainerId
0x0800A270	0x0800A293	thumb	ResetLinkPlayers
0x0800A294	0x0800A2A7	thumb	ResetBlockSend
0x0800A2A8	0x0800A317	thumb	InitBlockSend
0x0800A318	0x0800A33B	thumb	LinkCB_BlockSendBegin
0x0800A33C	0x0800A39F	thumb	LinkCB_BlockSend
0x0800A3A0	0x0800A3AB	thumb	LinkCB_BlockSendEnd
0x0800A3AC	0x0800A3CB	thumb	LinkCB_BerryBlenderSendHeldKeys
0x0800A3CC	0x0800A3E7	thumb	SetBerryBlenderLinkCallback
0x0800A3E8	0x0800A3F3	thumb	GetBerryBlenderKeySendAttempts
0x0800A3F4	0x0800A403	thumb	SendBerryBlenderNoSpaceForPokeblocks
0x0800A404	0x0800A42B	thumb	GetMultiplayerId
0x0800A42C	0x0800A447	thumb	BitmaskAllOtherLinkPlayers
0x0800A448	0x0800A471	thumb	SendBlock
0x0800A474	0x0800A4BB	thumb	SendBlockRequest
0x0800A4BC	0x0800A4EB	thumb	IsLinkTaskFinished
0x0800A4EC	0x0800A523	thumb	GetBlockReceivedStatus
0x0800A524	0x0800A54F	thumb	SetBlockReceivedFlag
0x0800A550	0x0800A587	thumb	ResetBlockReceivedFlags
0x0800A588	0x0800A5BB	thumb	ResetBlockReceivedFlag
0x0800A5BC	0x0800A5E3	thumb	CheckShouldAdvanceLinkState
0x0800A5E4	0x0800A611	thumb	LinkTestCalcBlockChecksum
0x0800A614	0x0800A64B	thumb	LinkTest_PrintNumChar
0x0800A64C	0x0800A683	thumb	LinkTest_PrintChar
0x0800A684	0x0800A6D7	thumb	LinkTest_PrintHex
0x0800A6D8	0x0800A71D	thumb	LinkTest_PrintString
0x0800A720	0x0800A74B	thumb	LinkCB_RequestPlayerDataExchange
0x0800A74C	0x0800A88F	thumb	Task_PrintTestData
0x0800A890	0x0800A8A3	thumb	SetLinkDebugValues
0x0800A8A4	0x0800A8D3	thumb	GetSavedLinkPlayerCountAsBitFlags
0x0800A8D4	0x0800A8FD	thumb	GetLinkPlayerCountAsBitFlags
0x0800A900	0x0800A943	thumb	SaveLinkPlayers
0x0800A944	0x0800A94F	thumb	GetSavedPlayerCount
0x0800A950	0x0800A95B	thumb	GetSavedMultiplayerId
0x0800A95C	0x0800A9A3	thumb	DoesLinkPlayerCountMatchSaved
0x0800A9A4	0x0800AA23	thumb	CheckLinkPlayersMatchSaved
0x0800AA24	0x0800AA37	thumb	ResetLinkPlayerCount
0x0800AA38	0x0800AA47	thumb	GetLinkPlayerCount_2
0x0800AA48	0x0800AA73	thumb	IsLinkMaster
0x0800AA74	0x0800AA7F	thumb	GetDummy2
0x0800AA80	0x0800AABF	thumb	SetCloseLinkCallbackAndType
0x0800AAC0	0x0800AB0B	thumb	SetCloseLinkCallback
0x0800AB0C	0x0800AB37	thumb	LinkCB_ReadyCloseLink
0x0800AB38	0x0800AB9B	thumb	LinkCB_WaitCloseLink
0x0800AB9C	0x0800ABD3	thumb	SetLinkStandbyCallback
0x0800ABD4	0x0800ABFF	thumb	LinkCB_Standby
0x0800AC00	0x0800AC57	thumb	LinkCB_StandbyForAll
0x0800AC58	0x0800ACBB	thumb	CheckErrorStatus
0x0800ACBC	0x0800ACD3	thumb	SetLinkErrorFromRfu
0x0800ACD4	0x0800AE1B	thumb	CB2_LinkError
0x0800AE1C	0x0800AECF	thumb	ErrorMsg_MoveCloserToPartner
0x0800AED0	0x0800AF2B	thumb	ErrorMsg_CheckConnections
0x0800AF2C	0x0800B053	thumb	CB2_PrintErrorMessage
0x0800B054	0x0800B063	thumb	GetSioMultiSI
0x0800B064	0x0800B08B	thumb	IsSioMultiMaster
0x0800B08C	0x0800B09B	thumb	IsLinkConnectionEstablished
0x0800B09C	0x0800B0A7	thumb	SetSuppressLinkErrorMessage
0x0800B0A8	0x0800B0B3	thumb	HasLinkErrorOccurred
0x0800B0B4	0x0800B10F	thumb	LocalLinkPlayerToBlock
0x0800B110	0x0800B177	thumb	LinkPlayerFromBlock
0x0800B178	0x0800B1F3	thumb	HandleLinkConnection
0x0800B1F4	0x0800B20F	thumb	SetWirelessCommType1
0x0800B210	0x0800B22B	thumb	SetWirelessCommType0_Internal
0x0800B22C	0x0800B247	thumb	SetWirelessCommType0
0x0800B248	0x0800B26F	thumb	GetLinkRecvQueueLength
0x0800B270	0x0800B283	thumb	IsLinkRecvQueueAtOverworldMax
0x0800B284	0x0800B299	thumb	ConvertLinkPlayerName
0x0800B29C	0x0800B2F3	thumb	DisableSerial
0x0800B2F4	0x0800B387	thumb	EnableSerial
0x0800B388	0x0800B395	thumb	ResetSerial
0x0800B398	0x0800B4C1	thumb	LinkMain1
0x0800B4C4	0x0800B4EF	thumb	CheckMasterOrSlave
0x0800B4F0	0x0800B51F	thumb	InitTimer
0x0800B520	0x0800B607	thumb	EnqueueSendCmd
0x0800B608	0x0800B717	thumb	DequeueRecvCmds
0x0800B718	0x0800B787	thumb	LinkVSync
0x0800B788	0x0800B795	thumb	Timer3Intr
0x0800B798	0x0800B81F	thumb	SerialCB
0x0800B820	0x0800B82F	thumb	StartTransfer
0x0800B830	0x0800B929	thumb	DoHandshake
0x0800B92C	0x0800BA43	thumb	DoRecv
0x0800BA44	0x0800BAF7	thumb	DoSend
0x0800BAF8	0x0800BB2B	thumb	StopTimer
0x0800BB2C	0x0800BB5B	thumb	SendRecvDone
0x0800BB5C	0x0800BBAF	thumb	ResetSendBuffer
0x0800BBB0	0x0800BC1F	thumb	ResetRecvBuffer
0x0800BC20	0x0800BC5B	thumb	MultiBootInit
0x0800BC5C	0x0800C049	thumb	MultiBootMain
0x0800C04C	0x0800C095	thumb	MultiBootSend
0x0800C098	0x0800C0B9	thumb	MultiBootStartProbe
0x0800C0BC	0x0800C17D	thumb	MultiBootStartMaster
0x0800C180	0x0800C191	thumb	MultiBootCheckComplete
0x0800C194	0x0800C27D	thumb	MultiBootHandShake
0x0800C280	0x0800C297	thumb	MultiBootWaitCycles
0x0800C298	0x0800C2D3	thumb	MultiBootWaitSendDone
0x0800C2D4	0x0800C2E9	thumb	CB2_MainMenu
0x0800C2EC	0x0800C2FD	thumb	VBlankCB_MainMenu
0x0800C300	0x0800C30B	thumb	CB2_InitMainMenu
0x0800C30C	0x0800C317	thumb	CB2_InitMainMenu_2
0x0800C318	0x0800C4CF	thumb	MainMenuGpuInit
0x0800C4D0	0x0800C633	thumb	Task_SetWin0BldRegsAndCheckSaveFile
0x0800C634	0x0800C687	thumb	PrintSaveErrorStatus
0x0800C688	0x0800C703	thumb	Task_SaveErrorStatus_RunPrinterThenWaitButton
0x0800C704	0x0800C77F	thumb	Task_SetWin0BldRegsNoSaveFileCheck
0x0800C780	0x0800C79F	thumb	Task_WaitFadeAndPrintMainMenuText
0x0800C7A0	0x0800C9CB	thumb	Task_PrintMainMenuText
0x0800C9CC	0x0800CA27	thumb	Task_WaitDma3AndFadeIn
0x0800CA28	0x0800CA53	thumb	Task_UpdateVisualSelection
0x0800CA54	0x0800CA93	thumb	Task_HandleMenuInput
0x0800CA94	0x0800CB8F	thumb	Task_ExecuteMainMenuSelection
0x0800CB90	0x0800CC67	thumb	Task_MysteryGiftError
0x0800CC68	0x0800CC93	thumb	Task_ReturnToTileScreen
0x0800CC94	0x0800CCF7	thumb	MoveWindowByMenuTypeAndCursorPos
0x0800CCF8	0x0800CDF5	thumb	HandleMenuInput
0x0800CDF8	0x0800CE57	thumb	PrintMessageOnWindow4
0x0800CE58	0x0800CE6D	thumb	PrintContinueStats
0x0800CE70	0x0800CED3	thumb	PrintPlayerName
0x0800CED4	0x0800CF3B	thumb	PrintPlayTime
0x0800CF3C	0x0800CFC3	thumb	PrintDexCount
0x0800CFC4	0x0800D043	thumb	PrintBadgeCount
0x0800D044	0x0800D093	thumb	LoadUserFrameToBg
0x0800D094	0x0800D0B3	thumb	SetStdFrame0OnBg
0x0800D0B4	0x0800D1E7	thumb	MainMenu_DrawWindow
0x0800D1E8	0x0800D22F	thumb	MainMenu_EraseWindow
0x0800D230	0x0800D277	thumb	HandleLinkBattleSetup
0x0800D278	0x0800D30B	thumb	SetUpBattleVars
0x0800D30C	0x0800D363	thumb	InitBattleControllers
0x0800D364	0x0800D493	thumb	InitSinglePlayerBtlControllers
0x0800D494	0x0800D767	thumb	InitLinkBtlControllers
0x0800D768	0x0800D8AF	thumb	SetBattlePartyIds
0x0800D8B0	0x0800D93B	thumb	PrepareBufferDataTransfer
0x0800D93C	0x0800D9EB	thumb	CreateTasksForSendRecvLinkBuffers
0x0800D9EC	0x0800DB6B	thumb	PrepareBufferDataTransferLink
0x0800DB6C	0x0800DD25	thumb	Task_HandleSendLinkBuffersData
0x0800DD28	0x0800DE4B	thumb	TryReceiveLinkBattleData
0x0800DE4C	0x0800DFA3	thumb	Task_HandleCopyReceivedLinkBuffersData
0x0800DFA4	0x0800DFC7	thumb	BtlController_EmitGetMonData
0x0800DFC8	0x0800DFEF	thumb	BtlController_EmitGetRawMonData
0x0800DFF0	0x0800E02F	thumb	BtlController_EmitSetMonData
0x0800E030	0x0800E06F	thumb	BtlController_EmitSetRawMonData
0x0800E070	0x0800E08F	thumb	BtlController_EmitLoadMonSprite
0x0800E090	0x0800E0B3	thumb	BtlController_EmitSwitchInAnim
0x0800E0B4	0x0800E0D3	thumb	BtlController_EmitReturnMonToBall
0x0800E0D4	0x0800E0F3	thumb	BtlController_EmitDrawTrainerPic
0x0800E0F4	0x0800E113	thumb	BtlController_EmitTrainerSlide
0x0800E114	0x0800E133	thumb	BtlController_EmitTrainerSlideBack
0x0800E134	0x0800E153	thumb	BtlController_EmitFaintAnimation
0x0800E154	0x0800E173	thumb	BtlController_EmitPaletteFade
0x0800E174	0x0800E193	thumb	BtlController_EmitSuccessBallThrowAnim
0x0800E194	0x0800E1B3	thumb	BtlController_EmitBallThrowAnim
0x0800E1B4	0x0800E1FB	thumb	BtlController_EmitPause
0x0800E1FC	0x0800E2D3	thumb	BtlController_EmitMoveAnimation
0x0800E2D4	0x0800E3EB	thumb	BtlController_EmitPrintString
0x0800E3EC	0x0800E4D3	thumb	BtlController_EmitPrintSelectionString
0x0800E4D4	0x0800E4FF	thumb	BtlController_EmitChooseAction
0x0800E500	0x0800E51F	thumb	BtlController_EmitUnknownYesNoBox
0x0800E520	0x0800E55B	thumb	BtlController_EmitChooseMove
0x0800E55C	0x0800E58F	thumb	BtlController_EmitChooseItem
0x0800E590	0x0800E5CB	thumb	BtlController_EmitChoosePokemon
0x0800E5CC	0x0800E5EB	thumb	BtlController_EmitCmd23
0x0800E5EC	0x0800E623	thumb	BtlController_EmitHealthBarUpdate
0x0800E624	0x0800E657	thumb	BtlController_EmitExpUpdate
0x0800E658	0x0800E6AB	thumb	BtlController_EmitStatusIconUpdate
0x0800E6AC	0x0800E6E7	thumb	BtlController_EmitStatusAnimation
0x0800E6E8	0x0800E707	thumb	BtlController_EmitStatusXor
0x0800E708	0x0800E74F	thumb	BtlController_EmitDataTransfer
0x0800E750	0x0800E7B7	thumb	BtlController_EmitDMA3Transfer
0x0800E7B8	0x0800E7FF	thumb	BtlController_EmitPlayBGM
0x0800E800	0x0800E847	thumb	BtlController_EmitCmd32
0x0800E848	0x0800E873	thumb	BtlController_EmitTwoReturnValues
0x0800E874	0x0800E8AB	thumb	BtlController_EmitChosenMonReturnValue
0x0800E8AC	0x0800E8D7	thumb	BtlController_EmitOneReturnValue
0x0800E8D8	0x0800E903	thumb	BtlController_EmitOneReturnValue_Duplicate
0x0800E904	0x0800E923	thumb	BtlController_EmitClearUnkVar
0x0800E924	0x0800E943	thumb	BtlController_EmitSetUnkVar
0x0800E944	0x0800E963	thumb	BtlController_EmitClearUnkFlag
0x0800E964	0x0800E983	thumb	BtlController_EmitToggleUnkFlag
0x0800E984	0x0800E9A3	thumb	BtlController_EmitHitAnimation
0x0800E9A4	0x0800E9C3	thumb	BtlController_EmitCantSwitch
0x0800E9C4	0x0800E9EF	thumb	BtlController_EmitPlaySE
0x0800E9F0	0x0800EA1B	thumb	BtlController_EmitPlayFanfare
0x0800EA1C	0x0800EA3B	thumb	BtlController_EmitFaintingCry
0x0800EA3C	0x0800EA5B	thumb	BtlController_EmitIntroSlide
0x0800EA5C	0x0800EA7B	thumb	BtlController_EmitIntroTrainerBallThrow
0x0800EA7C	0x0800EAC3	thumb	BtlController_EmitDrawPartyStatusSummary
0x0800EAC4	0x0800EAE3	thumb	BtlController_EmitHidePartyStatusSummary
0x0800EAE4	0x0800EB03	thumb	BtlController_EmitEndBounceEffect
0x0800EB04	0x0800EB27	thumb	BtlController_EmitSpriteInvisibility
0x0800EB28	0x0800EB53	thumb	BtlController_EmitBattleAnimation
0x0800EB54	0x0800EB73	thumb	BtlController_EmitLinkStandbyMsg
0x0800EB74	0x0800EB93	thumb	BtlController_EmitResetActionMoveSelection
0x0800EB94	0x0800EBB3	thumb	BtlController_EmitEndLinkBattle
0x0800EBB4	0x0800EBBD	thumb	LZDecompressWram
0x0800EBC0	0x0800EBC9	thumb	LZDecompressVram
0x0800EBCC	0x0800EBFF	thumb	LoadCompressedSpriteSheet
0x0800EC00	0x0800EC27	thumb	LoadCompressedSpriteSheetOverrideBuffer
0x0800EC28	0x0800EC5B	thumb	LoadCompressedSpritePalette
0x0800EC5C	0x0800EC8B	thumb	LoadCompressedSpritePaletteOverrideBuffer
0x0800EC8C	0x0800ECC1	thumb	DecompressPicFromTable
0x0800ECC4	0x0800ECEF	thumb	HandleLoadSpecialPokePic
0x0800ECF0	0x0800EDAB	thumb	LoadSpecialPokePic
0x0800EDAC	0x0800EDCF	thumb	DuplicateDeoxysTiles
0x0800EDD0	0x0800EDDB	thumb	Unused_LZDecompressWramIndirect
0x0800EDDC	0x0800F033	thumb	StitchObjectsOn8x8Canvas
0x0800F034	0x0800F077	thumb	LoadCompressedSpriteSheetUsingHeap
0x0800F078	0x0800F0C1	thumb	LoadCompressedSpritePaletteUsingHeap
0x0800F0C4	0x0800F0DF	thumb	GetDecompressedDataSize
0x0800F0E0	0x0800F105	thumb	DecompressPicFromTable_DontHandleDeoxys
0x0800F108	0x0800F133	thumb	HandleLoadSpecialPokePic_DontHandleDeoxys
0x0800F134	0x0800F1E7	thumb	LoadSpecialPokePic_DontHandleDeoxys
0x0800F1E8	0x0800F227	thumb	CreateUnknownDebugSprite
0x0800F228	0x0800F235	thumb	CB2_unused
0x0800F238	0x0800F25D	thumb	GetBattleTerrainByMapScene
0x0800F260	0x0800F2AB	thumb	LoadBattleTerrainGfx
0x0800F2AC	0x0800F2EB	thumb	LoadBattleTerrainEntryGfx
0x0800F2EC	0x0800F323	thumb	GetBattleTerrainGfxPtrs
0x0800F324	0x0800F34B	thumb	BattleInitBgsAndWindows
0x0800F34C	0x0800F37F	thumb	InitBattleBgsVideo
0x0800F380	0x0800F40B	thumb	LoadBattleMenuWindowGfx
0x0800F40C	0x0800F41D	thumb	DrawMainBattleBackground
0x0800F420	0x0800F45F	thumb	LoadBattleTextboxAndBackground
0x0800F460	0x0800F5CB	thumb	DrawLinkBattleParticipantPokeballs
0x0800F5CC	0x0800F6FB	thumb	DrawLinkBattleVsScreenOutcomeText
0x0800F6FC	0x0800FADF	thumb	InitLinkBattleVsScreen
0x0800FAE0	0x0800FC2B	thumb	DrawBattleEntryBackground
0x0800FC2C	0x0800FCB3	thumb	GetBattleTerrainOverride
0x0800FCB4	0x0800FD9B	thumb	LoadChosenBattleElement
0x0800FD9C	0x0800FE21	thumb	CB2_InitBattle
0x0800FE24	0x0800FFEB	thumb	CB2_InitBattleInternal
0x0800FFEC	0x080100B7	thumb	BufferPartyVsScreenHealth_AtStart
0x080100B8	0x0801017B	thumb	SetPlayerBerryDataInBattleStruct
0x0801017C	0x08010413	thumb	SetAllPlayersBerryData
0x08010414	0x08010505	thumb	LinkBattleComputeBattleTypeFlags
0x08010508	0x080108C3	thumb	CB2_HandleStartBattle
0x080108C4	0x080109C7	thumb	PrepareOwnMultiPartnerBuffer
0x080109C8	0x08010B9F	thumb	CB2_PreInitMultiBattle
0x08010BA0	0x080110FF	thumb	CB2_HandleStartMultiBattle
0x08011100	0x08011173	thumb	BattleMainCB2
0x08011174	0x080111BB	thumb	FreeRestoreBattleData
0x080111BC	0x080111EB	thumb	CB2_QuitPokedudeBattle
0x080111EC	0x080111FB	thumb	SpriteCB_UnusedDebugSprite
0x080111FC	0x080112DF	thumb	SpriteCB_UnusedDebugSprite_Step
0x080112E0	0x080116CB	thumb	CreateNPCTrainerParty
0x080116CC	0x080116F3	thumb	HBlankCB_Battle
0x080116F4	0x080117B7	thumb	VBlankCB_Battle
0x080117B8	0x080117B9	thumb	SpriteCB_VsLetterDummy
0x080117BC	0x0801182B	thumb	SpriteCB_VsLetter
0x0801182C	0x0801184B	thumb	SpriteCB_VsLetterInit
0x0801184C	0x08011A1B	thumb	BufferPartyVsScreenHealth_AtEnd
0x08011A1C	0x08011B93	thumb	CB2_InitEndLinkBattle
0x08011B94	0x08011BAD	thumb	CB2_EndLinkBattle
0x08011BB0	0x08011C43	thumb	EndLinkBattleInSteps
0x08011C44	0x08011D0B	thumb	GetBattleBgTemplateData
0x08011D0C	0x08011D63	thumb	TryCorrectShedinjaLanguage
0x08011D64	0x08011D93	thumb	SpriteCB_EnemyMon
0x08011D94	0x08011DC7	thumb	SpriteCB_MoveWildMonToRight
0x08011DC8	0x08011E23	thumb	SpriteCB_WildMonShowHealthbox
0x08011E24	0x08011E25	thumb	SpriteCallbackDummy_2
0x08011E28	0x08011E3B	thumb	SpriteCB_InitFlicker
0x08011E3C	0x08011E9F	thumb	SpriteCB_Flicker
0x08011EA0	0x08011FB3	thumb	SpriteCB_FaintOpponentMon
0x08011FB4	0x08012043	thumb	SpriteCB_AnimFaintOpponent
0x08012044	0x0801205F	thumb	SpriteCB_ShowAsMoveTarget
0x08012060	0x08012095	thumb	SpriteCB_BlinkVisible
0x08012098	0x080120C3	thumb	SpriteCB_HideAsMoveTarget
0x080120C4	0x080120CF	thumb	SpriteCB_AllyMon
0x080120D0	0x080120FF	thumb	oac_poke_ally_
0x08012100	0x0801210B	thumb	SetIdleSpriteCallback
0x0801210C	0x0801210D	thumb	SpriteCB_Idle
0x08012110	0x08012137	thumb	SpriteCB_FaintSlideAnim
0x08012138	0x08012257	thumb	DoBounceEffect
0x08012258	0x08012307	thumb	EndBounceEffect
0x08012308	0x08012353	thumb	SpriteCB_BounceEffect
0x08012354	0x0801236B	thumb	SpriteCB_PlayerThrowInit
0x0801236C	0x08012397	thumb	UpdatePlayerPosInThrowAnim
0x08012398	0x080123BB	thumb	SpriteCB_PlayerThrowUpdate
0x080123BC	0x080123BD	thumb	BeginBattleIntroDummy
0x080123C0	0x080123E3	thumb	BeginBattleIntro
0x080123E4	0x08012433	thumb	BattleMainCB1
0x08012434	0x0801275F	thumb	BattleStartClearSetData
0x08012760	0x08012BC7	thumb	SwitchInClearSetData
0x08012BC8	0x08012FAB	thumb	FaintClearSetData
0x08012FAC	0x0801301F	thumb	BattleIntroGetMonsData
0x08013020	0x0801306F	thumb	BattleIntroPrepareBackgroundSlide
0x08013070	0x0801333B	thumb	BattleIntroDrawTrainersOrMonsSprites
0x0801333C	0x080134DB	thumb	BattleIntroDrawPartySummaryScreens
0x080134DC	0x08013513	thumb	BattleIntroPrintTrainerWantsToBattle
0x08013514	0x08013567	thumb	BattleIntroPrintWildMonAttacked
0x08013568	0x0801359B	thumb	BattleIntroPrintOpponentSendsOut
0x0801359C	0x0801362B	thumb	BattleIntroOpponentSendsOutMonAnimation
0x0801362C	0x080136C3	thumb	BattleIntroRecordMonsToDex
0x080136C4	0x080136E3	thumb	Unused_AutoProgressToIntro
0x080136E4	0x08013727	thumb	BattleIntroPrintPlayerSendsOut
0x08013728	0x080137CF	thumb	BattleIntroPlayerSendsOutMonAnimation
0x080137D0	0x0801385B	thumb	BattleIntroSwitchInPlayerMons
0x0801385C	0x08013B1B	thumb	TryDoEventsBeforeFirstTurn
0x08013B1C	0x08013BD3	thumb	HandleEndTurn_ContinueBattle
0x08013BD4	0x08013D53	thumb	BattleTurnPassed
0x08013D54	0x08013F6B	thumb	IsRunningFromBattleImpossible
0x08013F6C	0x0801403F	thumb	UpdatePartyOwnerOnSwitch_NonMulti
0x08014040	0x08014CA3	thumb	HandleTurnActionSelectionState
0x08014CA4	0x08014CD7	thumb	SwapTurnOrder
0x08014CD8	0x080150A7	thumb	GetWhoStrikesFirst
0x080150A8	0x0801532F	thumb	SetActionsAndBattlersTurnOrder
0x08015330	0x0801544F	thumb	TurnValuesCleanUp
0x08015450	0x0801549F	thumb	SpecialStatusesClear
0x080154A0	0x080155C7	thumb	CheckFocusPunch_ClearVarsBeforeTurnStarts
0x080155C8	0x0801566F	thumb	RunTurnActionsFunctions
0x08015670	0x0801578B	thumb	HandleEndTurn_BattleWon
0x0801578C	0x0801584F	thumb	HandleEndTurn_BattleLost
0x08015850	0x080158BB	thumb	HandleEndTurn_RanFromBattle
0x080158BC	0x0801590F	thumb	HandleEndTurn_MonFled
0x08015910	0x08015A2F	thumb	HandleEndTurn_FinishBattle
0x08015A30	0x08015A9F	thumb	FreeResetData_ReturnToOvOrDoEvolutions
0x08015AA0	0x08015B2F	thumb	TryEvolvePokemon
0x08015B30	0x08015B57	thumb	WaitForEvoSceneToFinish
0x08015B58	0x08015BFF	thumb	ReturnFromBattleToOverworld
0x08015C00	0x08015C73	thumb	RunBattleScriptCommands_PopCallbacksStack
0x08015C74	0x08015C9F	thumb	RunBattleScriptCommands
0x08015CA0	0x08016373	thumb	HandleAction_UseMove
0x08016374	0x08016417	thumb	HandleAction_Switch
0x08016418	0x08016747	thumb	HandleAction_UseItem
0x08016748	0x080168A3	thumb	TryRunFromBattle
0x080168A4	0x080169E7	thumb	HandleAction_Run
0x080169E8	0x08016ABF	thumb	HandleAction_WatchesCarefully
0x08016AC0	0x08016B1F	thumb	HandleAction_SafariZoneBallThrow
0x08016B20	0x08016BBF	thumb	HandleAction_ThrowBait
0x08016BC0	0x08016C5F	thumb	HandleAction_ThrowRock
0x08016C60	0x08016C9B	thumb	HandleAction_SafariZoneRun
0x08016C9C	0x08016D13	thumb	HandleAction_OldManBallThrow
0x08016D14	0x08016D3B	thumb	HandleAction_TryFinish
0x08016D3C	0x08016D6F	thumb	HandleAction_NothingIsFainted
0x08016D70	0x08016E23	thumb	HandleAction_ActionFinished
0x08016E24	0x08016EC7	thumb	GetBattlerForBattleScript
0x08016EC8	0x08016F8F	thumb	PressurePPLose
0x08016F90	0x080170C3	thumb	PressurePPLoseOnUsingImprison
0x080170C4	0x080171D7	thumb	PressurePPLoseOnUsingPerishSong
0x080171D8	0x08017247	thumb	MarkAllBattlersForControllerExec
0x08017248	0x08017297	thumb	MarkBattlerForControllerExec
0x08017298	0x080172E7	thumb	MarkBattlerReceivedLinkData
0x080172E8	0x08017353	thumb	CancelMultiTurnMoves
0x08017354	0x080173A9	thumb	WasUnableToUseMove
0x080173AC	0x080173CF	thumb	PrepareStringBattle
0x080173D0	0x08017433	thumb	ResetSentPokesToOpponentValue
0x08017434	0x080174B7	thumb	OpponentSwitchInResetSentPokesToOpponentValue
0x080174B8	0x0801751F	thumb	UpdateSentPokesToOpponentValue
0x08017520	0x08017543	thumb	BattleScriptPush
0x08017544	0x0801756B	thumb	BattleScriptPushCursor
0x0801756C	0x08017593	thumb	BattleScriptPop
0x08017594	0x0801779B	thumb	TrySetCantSelectMoveBattleScript
0x0801779C	0x08017997	thumb	CheckMoveLimitations
0x08017998	0x08017A63	thumb	AreAllMovesUnusable
0x08017A64	0x08017B03	thumb	GetImprisonedMovesCount
0x08017B04	0x08018257	thumb	DoFieldEndTurnEffects
0x08018258	0x08018C97	thumb	DoBattlerEndTurnEffects
0x08018C98	0x08018F8F	thumb	HandleWishPerishSongOnTurnEnd
0x08018F90	0x08019283	thumb	HandleFaintedMonActions
0x08019284	0x080192D3	thumb	TryClearRageStatuses
0x080192D4	0x08019C0F	thumb	AtkCanceller_UnableToUseMove
0x08019C10	0x08019DAB	thumb	HasNoMonsToSwitch
0x08019DAC	0x08019F17	thumb	CastformDataTypeChange
0x08019F18	0x0801BBE3	thumb	AbilityBattleEffects
0x0801BBE4	0x0801BC23	thumb	BattleScriptExecute
0x0801BC24	0x0801BC67	thumb	BattleScriptPushCursorAndCallback
0x0801BC68	0x0801CFE3	thumb	ItemBattleEffects
0x0801CFE4	0x0801D02F	thumb	ClearFuryCutterDestinyBondGrudge
0x0801D030	0x0801D05B	thumb	HandleAction_RunBattleScript
0x0801D05C	0x0801D3BF	thumb	GetMoveTarget
0x0801D3C0	0x0801D437	thumb	IsBattlerModernFatefulEncounter
0x0801D438	0x0801D75F	thumb	IsMonDisobedient
0x0801D760	0x0801DB0F	thumb	Cmd_attackcanceler
0x0801DB10	0x0801DB9F	thumb	JumpIfMoveFailed
0x0801DBA0	0x0801DC0F	thumb	Cmd_jumpifaffectedbyprotect
0x0801DC10	0x0801DC7B	thumb	JumpIfMoveAffectedByProtect
0x0801DC7C	0x0801DDC1	thumb	AccuracyCalcHelper
0x0801DDC4	0x0801E1D7	thumb	Cmd_accuracycheck
0x0801E1D8	0x0801E22B	thumb	Cmd_attackstring
0x0801E22C	0x0801E407	thumb	Cmd_ppreduce
0x0801E408	0x0801E59B	thumb	Cmd_critcalc
0x0801E59C	0x0801E68B	thumb	Cmd_damagecalc
0x0801E68C	0x0801E76F	thumb	AI_CalcDmg
0x0801E770	0x0801E847	thumb	ModulateDmgByType
0x0801E848	0x0801EAB7	thumb	Cmd_typecalc
0x0801EAB8	0x0801ED3B	thumb	CheckWonderGuardAndLevitate
0x0801ED3C	0x0801EDF3	thumb	ModulateDmgByType2
0x0801EDF4	0x0801EFCB	thumb	TypeCalc
0x0801EFCC	0x0801F0C7	thumb	AI_TypeCalc
0x0801F0C8	0x0801F103	thumb	Unused_ApplyRandomDmgMultiplier
0x0801F104	0x0801F2B3	thumb	Cmd_adjustnormaldamage
0x0801F2B4	0x0801F43F	thumb	Cmd_adjustnormaldamage2
0x0801F440	0x0801F587	thumb	Cmd_attackanimation
0x0801F588	0x0801F5A7	thumb	Cmd_waitanimation
0x0801F5A8	0x0801F683	thumb	Cmd_healthbarupdate
0x0801F684	0x0801FA7B	thumb	Cmd_datahpupdate
0x0801FA7C	0x0801FACF	thumb	Cmd_critmessage
0x0801FAD0	0x0801FB9F	thumb	Cmd_effectivenesssound
0x0801FBA0	0x0801FD4F	thumb	Cmd_resultmessage
0x0801FD50	0x0801FD8F	thumb	Cmd_printstring
0x0801FD90	0x0801FDD3	thumb	Cmd_printselectionstring
0x0801FDD4	0x0801FE2F	thumb	Cmd_waitmessage
0x0801FE30	0x0801FE83	thumb	Cmd_printfromtable
0x0801FE84	0x0801FEE7	thumb	Cmd_printselectionstringfromtable
0x0801FEE8	0x0801FF1F	thumb	GetBattlerTurnOrderNum
0x0801FF20	0x08021123	thumb	SetMoveEffect
0x08021124	0x0802120F	thumb	Cmd_seteffectwithchance
0x08021210	0x0802121D	thumb	Cmd_seteffectprimary
0x08021220	0x0802122D	thumb	Cmd_seteffectsecondary
0x08021230	0x080212AB	thumb	Cmd_clearstatusfromeffect
0x080212AC	0x0802159F	thumb	Cmd_tryfaintmon
0x080215A0	0x080215DB	thumb	Cmd_dofaintanimation
0x080215DC	0x0802163F	thumb	Cmd_cleareffectsonfaint
0x08021640	0x080216B7	thumb	Cmd_jumpifstatus
0x080216B8	0x0802172F	thumb	Cmd_jumpifstatus2
0x08021730	0x08021815	thumb	Cmd_jumpifability
0x08021818	0x0802188F	thumb	Cmd_jumpifsideaffecting
0x08021890	0x08021987	thumb	Cmd_jumpifstat
0x08021988	0x08021A0B	thumb	Cmd_jumpifstatus3condition
0x08021A0C	0x08021A65	thumb	Cmd_jumpiftype
0x08021A68	0x080223F7	thumb	Cmd_getexp
0x080223F8	0x08022597	thumb	Cmd_checkteamslost
0x08022598	0x080225D7	thumb	MoveValuesCleanUp
0x080225D8	0x080225EF	thumb	Cmd_movevaluescleanup
0x080225F0	0x08022607	thumb	Cmd_setmultihit
0x08022608	0x0802264F	thumb	Cmd_decrementmultihit
0x08022650	0x0802266F	thumb	Cmd_goto
0x08022670	0x0802270D	thumb	Cmd_jumpifbyte
0x08022710	0x080227B5	thumb	Cmd_jumpifhalfword
0x080227B8	0x08022869	thumb	Cmd_jumpifword
0x0802286C	0x080228F1	thumb	Cmd_jumpifarrayequal
0x080228F4	0x08022977	thumb	Cmd_jumpifarraynotequal
0x08022978	0x0802299F	thumb	Cmd_setbyte
0x080229A0	0x080229CB	thumb	Cmd_addbyte
0x080229CC	0x080229F7	thumb	Cmd_subbyte
0x080229F8	0x08022A4B	thumb	Cmd_copyarray
0x08022A4C	0x08022AB7	thumb	Cmd_copyarraywithindex
0x08022AB8	0x08022AE3	thumb	Cmd_orbyte
0x08022AE4	0x08022B1B	thumb	Cmd_orhalfword
0x08022B1C	0x08022B5F	thumb	Cmd_orword
0x08022B60	0x08022B8B	thumb	Cmd_bicbyte
0x08022B8C	0x08022BC3	thumb	Cmd_bichalfword
0x08022BC4	0x08022C07	thumb	Cmd_bicword
0x08022C08	0x08022C47	thumb	Cmd_pause
0x08022C48	0x08022C67	thumb	Cmd_waitstate
0x08022C68	0x08022CBF	thumb	Cmd_healthbar_update
0x08022CC0	0x08022CC9	thumb	Cmd_return
0x08022CCC	0x08022CEB	thumb	Cmd_end
0x08022CEC	0x08022D03	thumb	Cmd_end2
0x08022D04	0x08022D3F	thumb	Cmd_end3
0x08022D40	0x08022D6F	thumb	Cmd_call
0x08022D70	0x08022DC9	thumb	Cmd_jumpiftype2
0x08022DCC	0x08022E15	thumb	Cmd_jumpifabilitypresent
0x08022E18	0x08022E33	thumb	Cmd_endselectionscript
0x08022E34	0x08022EF3	thumb	Cmd_playanimation
0x08022EF4	0x08022FBF	thumb	Cmd_playanimation_var
0x08022FC0	0x0802301B	thumb	Cmd_setgraphicalstatchangevalues
0x0802301C	0x0802320F	thumb	Cmd_playstatchangeanimation
0x08023210	0x08023C37	thumb	Cmd_moveend
0x08023C38	0x08023E87	thumb	Cmd_typecalc2
0x08023E88	0x08023ED7	thumb	Cmd_returnatktoball
0x08023ED8	0x08023F47	thumb	Cmd_getswitchedmondata
0x08023F48	0x080240D3	thumb	Cmd_switchindataupdate
0x080240D4	0x0802418B	thumb	Cmd_switchinanim
0x0802418C	0x08024397	thumb	Cmd_jumpifcantswitch
0x08024398	0x080243EB	thumb	ChooseMonToSendOut
0x080243EC	0x08024C47	thumb	Cmd_openpartyscreen
0x08024C48	0x08024E37	thumb	Cmd_switchhandleorder
0x08024E38	0x080250DB	thumb	Cmd_switchineffects
0x080250DC	0x0802511B	thumb	Cmd_trainerslidein
0x0802511C	0x08025157	thumb	Cmd_playse
0x08025158	0x08025193	thumb	Cmd_fanfare
0x08025194	0x080251C3	thumb	Cmd_playfaintcry
0x080251C4	0x080251FB	thumb	Cmd_endlinkbattle
0x080251FC	0x0802522F	thumb	Cmd_returntoball
0x08025230	0x0802537B	thumb	Cmd_handlelearnnewmove
0x0802537C	0x080256DF	thumb	Cmd_yesnoboxlearnmove
0x080256E0	0x0802581B	thumb	Cmd_yesnoboxstoplearningmove
0x0802581C	0x080258AB	thumb	Cmd_hitanimation
0x080258AC	0x08025A6F	thumb	Cmd_getmoneyreward
0x08025A70	0x08025B23	thumb	Cmd_updatebattlermoves
0x08025B24	0x08025B73	thumb	Cmd_swapattackerwithtarget
0x08025B74	0x08025BA3	thumb	Cmd_incrementgamestat
0x08025BA4	0x08025C6B	thumb	Cmd_drawpartystatussummary
0x08025C6C	0x08025C9B	thumb	Cmd_hidepartystatussummary
0x08025C9C	0x08025CFF	thumb	Cmd_jumptocalledmove
0x08025D00	0x08025D8F	thumb	Cmd_statusanimation
0x08025D90	0x08025E37	thumb	Cmd_status2animation
0x08025E38	0x08025ECB	thumb	Cmd_chosenstatusanimation
0x08025ECC	0x08025FA7	thumb	Cmd_yesnobox
0x08025FA8	0x08025FDF	thumb	Cmd_cancelallactions
0x08025FE0	0x0802615B	thumb	Cmd_adjustsetdamage
0x0802615C	0x080261CB	thumb	Cmd_removeitem
0x080261CC	0x08026207	thumb	Cmd_atknameinbuff1
0x08026208	0x08026403	thumb	Cmd_drawlvlupbox
0x08026404	0x08026447	thumb	DrawLevelUpWindow1
0x08026448	0x0802647F	thumb	DrawLevelUpWindow2
0x08026480	0x080264CF	thumb	InitLevelUpBanner
0x080264D0	0x08026523	thumb	SlideInLevelUpBanner
0x08026524	0x08026647	thumb	DrawLevelUpBannerText
0x08026648	0x08026687	thumb	SlideOutLevelUpBanner
0x08026688	0x08026753	thumb	PutMonIconOnLvlUpBanner
0x08026754	0x0802679B	thumb	SpriteCB_MonIconOnLvlUpBanner
0x0802679C	0x080267D5	thumb	IsMonGettingExpSentOut
0x080267D8	0x080267EF	thumb	Cmd_resetsentmonsvalue
0x080267F0	0x0802680F	thumb	Cmd_setatktoplayer0
0x08026810	0x08026843	thumb	Cmd_makevisible
0x08026844	0x08026877	thumb	Cmd_recordlastability
0x08026878	0x0802689F	thumb	BufferMoveToLearnIntoBattleTextBuff2
0x080268A0	0x080268B7	thumb	Cmd_buffermovetolearn
0x080268B8	0x080268FB	thumb	Cmd_jumpifplayerran
0x080268FC	0x080269A7	thumb	Cmd_hpthresholds
0x080269A8	0x08026A57	thumb	Cmd_hpthresholds2
0x08026A58	0x08026AAF	thumb	Cmd_useitemonopponent
0x08026AB0	0x08026F67	thumb	Cmd_various
0x08026F68	0x080270A3	thumb	Cmd_setprotectlike
0x080270A4	0x080271BF	thumb	Cmd_tryexplosion
0x080271C0	0x0802721F	thumb	Cmd_setatkhptozero
0x08027220	0x080272C1	thumb	Cmd_jumpifnexttargetvalid
0x080272C4	0x0802733F	thumb	Cmd_tryhealhalfhealth
0x08027340	0x080274A7	thumb	Cmd_trymirrormove
0x080274A8	0x080274FB	thumb	Cmd_setrain
0x080274FC	0x080275C7	thumb	Cmd_setreflect
0x080275C8	0x08027687	thumb	Cmd_setseeded
0x08027688	0x08027707	thumb	Cmd_manipulatedamage
0x08027708	0x080277D7	thumb	Cmd_trysetrest
0x080277D8	0x0802781F	thumb	Cmd_jumpifnotfirstturn
0x08027820	0x0802782F	thumb	Cmd_nop
0x08027830	0x080278CB	thumb	UproarWakeUpCheck
0x080278CC	0x08027947	thumb	Cmd_jumpifcantmakeasleep
0x08027948	0x080279C3	thumb	Cmd_stockpile
0x080279C4	0x08027AE3	thumb	Cmd_stockpiletobasedamage
0x08027AE4	0x08027BC7	thumb	Cmd_stockpiletohpheal
0x08027BC8	0x08027BFB	thumb	Cmd_negativedamage
0x08027BFC	0x0802807F	thumb	ChangeStatBuffs
0x08028080	0x080280CB	thumb	Cmd_statbuffchange
0x080280CC	0x0802811F	thumb	Cmd_normalisebuffs
0x08028120	0x0802818F	thumb	Cmd_setbide
0x08028190	0x080281CF	thumb	Cmd_confuseifrepeatingattackends
0x080281D0	0x0802821B	thumb	Cmd_setmultihitcounter
0x0802821C	0x08028243	thumb	Cmd_initmultihitstring
0x08028244	0x0802830B	thumb	TryDoForceSwitchOut
0x0802830C	0x08028601	thumb	Cmd_forcerandomswitch
0x08028604	0x080287A7	thumb	Cmd_tryconversiontypechange
0x080287A8	0x0802883B	thumb	Cmd_givepaydaymoney
0x0802883C	0x08028907	thumb	Cmd_setlightscreen
0x08028908	0x08028C5B	thumb	Cmd_tryKO
0x08028C5C	0x08028C97	thumb	Cmd_damagetohalftargethp
0x08028C98	0x08028CEF	thumb	Cmd_setsandstorm
0x08028CF0	0x08028E8F	thumb	Cmd_weatherdamage
0x08028E90	0x08029047	thumb	Cmd_tryinfatuating
0x08029048	0x080291CF	thumb	Cmd_updatestatusicon
0x080291D0	0x08029277	thumb	Cmd_setmist
0x08029278	0x080292D3	thumb	Cmd_setfocusenergy
0x080292D4	0x08029473	thumb	Cmd_transformdataexecution
0x08029474	0x0802952F	thumb	Cmd_setsubstitute
0x08029530	0x08029577	thumb	IsMoveUncopyableByMimic
0x08029578	0x08029751	thumb	Cmd_mimicattackcopy
0x08029754	0x080297FB	thumb	Cmd_metronome
0x080297FC	0x0802982B	thumb	Cmd_dmgtolevel
0x0802982C	0x0802987F	thumb	Cmd_psywavedamageeffect
0x08029880	0x08029977	thumb	Cmd_counterdamagecalculator
0x08029978	0x08029A6F	thumb	Cmd_mirrorcoatdamagecalculator
0x08029A70	0x08029BB3	thumb	Cmd_disablelastusedattack
0x08029BB4	0x08029CE7	thumb	Cmd_trysetencore
0x08029CE8	0x08029DAB	thumb	Cmd_painsplitdmgcalc
0x08029DAC	0x08029FAB	thumb	Cmd_settypetorandomresistance
0x08029FAC	0x0802A003	thumb	Cmd_setalwayshitflag
0x0802A004	0x0802A1BF	thumb	Cmd_copymovepermanently
0x0802A1C0	0x0802A1F9	thumb	IsTwoTurnsMove
0x0802A1FC	0x0802A223	thumb	IsInvalidForSleepTalkOrAssist
0x0802A224	0x0802A28D	thumb	AttacksThisTurn
0x0802A290	0x0802A3C7	thumb	Cmd_trychoosesleeptalkmove
0x0802A3C8	0x0802A3F7	thumb	Cmd_setdestinybond
0x0802A3F8	0x0802A457	thumb	TrySetDestinyBondToHappen
0x0802A458	0x0802A46F	thumb	Cmd_trysetdestinybondtohappen
0x0802A470	0x0802A4D7	thumb	Cmd_remaininghptopower
0x0802A4D8	0x0802A6AF	thumb	Cmd_tryspiteppreduce
0x0802A6B0	0x0802A993	thumb	Cmd_healpartystatus
0x0802A994	0x0802AA17	thumb	Cmd_cursetarget
0x0802AA18	0x0802AAA3	thumb	Cmd_trysetspikes
0x0802AAA4	0x0802AAD3	thumb	Cmd_setforesight
0x0802AAD4	0x0802AB8B	thumb	Cmd_trysetperishsong
0x0802AB8C	0x0802AD07	thumb	Cmd_rolloutdamagecalculation
0x0802AD08	0x0802AD6F	thumb	Cmd_jumpifconfusedandstatmaxed
0x0802AD70	0x0802AE23	thumb	Cmd_furycuttercalc
0x0802AE24	0x0802AEA7	thumb	Cmd_friendshiptodamagecalculation
0x0802AEA8	0x0802AF73	thumb	Cmd_presentdamagecalculation
0x0802AF74	0x0802B01B	thumb	Cmd_setsafeguard
0x0802B01C	0x0802B13F	thumb	Cmd_magnitudedamagecalculation
0x0802B140	0x0802B2D3	thumb	Cmd_jumpifnopursuitswitchdmg
0x0802B2D4	0x0802B32B	thumb	Cmd_setsunny
0x0802B32C	0x0802B3AB	thumb	Cmd_maxattackhalvehp
0x0802B3AC	0x0802B3F3	thumb	Cmd_copyfoestats
0x0802B3F4	0x0802B53F	thumb	Cmd_rapidspinfree
0x0802B540	0x0802B56F	thumb	Cmd_setdefensecurlbit
0x0802B570	0x0802B677	thumb	Cmd_recoverbasedonsunlight
0x0802B678	0x0802B773	thumb	Cmd_hiddenpowercalc
0x0802B774	0x0802B7E7	thumb	Cmd_selectfirstvalidtarget
0x0802B7E8	0x0802B90F	thumb	Cmd_trysetfutureattack
0x0802B910	0x0802BB1F	thumb	Cmd_trydobeatup
0x0802BB20	0x0802BBA3	thumb	Cmd_setsemiinvulnerablebit
0x0802BBA4	0x0802BC33	thumb	Cmd_clearsemiinvulnerablebit
0x0802BC34	0x0802BC73	thumb	Cmd_setminimize
0x0802BC74	0x0802BCCB	thumb	Cmd_sethail
0x0802BCCC	0x0802BD67	thumb	Cmd_trymemento
0x0802BD68	0x0802BDB3	thumb	Cmd_setforcedtarget
0x0802BDB4	0x0802BE17	thumb	Cmd_setcharge
0x0802BE18	0x0802BE8B	thumb	Cmd_callterrainattack
0x0802BE8C	0x0802BF0F	thumb	Cmd_cureifburnedparalysedorpoisoned
0x0802BF10	0x0802BF67	thumb	Cmd_settorment
0x0802BF68	0x0802BFC3	thumb	Cmd_jumpifnodamage
0x0802BFC4	0x0802C037	thumb	Cmd_settaunt
0x0802C038	0x0802C0DF	thumb	Cmd_trysethelpinghand
0x0802C0E0	0x0802C38F	thumb	Cmd_tryswapitems
0x0802C390	0x0802C407	thumb	Cmd_trycopyability
0x0802C408	0x0802C4D9	thumb	Cmd_trywish
0x0802C4DC	0x0802C533	thumb	Cmd_trysetroots
0x0802C534	0x0802C593	thumb	Cmd_doubledamagedealtifdamaged
0x0802C594	0x0802C603	thumb	Cmd_setyawn
0x0802C604	0x0802C66F	thumb	Cmd_setdamagetohealthdifference
0x0802C670	0x0802C6D3	thumb	Cmd_scaledamagebyhealthratio
0x0802C6D4	0x0802C76B	thumb	Cmd_tryswapabilities
0x0802C76C	0x0802C873	thumb	Cmd_tryimprison
0x0802C874	0x0802C8CB	thumb	Cmd_trysetgrudge
0x0802C8CC	0x0802C963	thumb	Cmd_weightdamagecalculation
0x0802C964	0x0802CAE3	thumb	Cmd_assistattackselect
0x0802CAE4	0x0802CB67	thumb	Cmd_trysetmagiccoat
0x0802CB68	0x0802CBE3	thumb	Cmd_trysetsnatch
0x0802CBE4	0x0802CCBF	thumb	Cmd_trygetintimidatetarget
0x0802CCC0	0x0802CD3B	thumb	Cmd_switchoutabilities
0x0802CD3C	0x0802CD8F	thumb	Cmd_jumpifhasnohp
0x0802CD90	0x0802CE47	thumb	Cmd_getsecretpowereffect
0x0802CE48	0x0802CF2F	thumb	Cmd_pickup
0x0802CF30	0x0802CF97	thumb	Cmd_docastformchangeanimation
0x0802CF98	0x0802CFD7	thumb	Cmd_trycastformdatachange
0x0802CFD8	0x0802D08F	thumb	Cmd_settypebasedhalvers
0x0802D090	0x0802D147	thumb	Cmd_setweatherballtype
0x0802D148	0x0802D1EF	thumb	Cmd_tryrecycleitem
0x0802D1F0	0x0802D29F	thumb	Cmd_settypetoterrain
0x0802D2A0	0x0802D363	thumb	Cmd_pursuitdoubles
0x0802D364	0x0802D3B7	thumb	Cmd_snatchsetbattlers
0x0802D3B8	0x0802D433	thumb	Cmd_removelightscreenreflect
0x0802D434	0x0802D7FF	thumb	Cmd_handleballthrow
0x0802D800	0x0802D95B	thumb	Cmd_givecaughtmon
0x0802D95C	0x0802D9D7	thumb	Cmd_trysetcaughtmondexflags
0x0802D9D8	0x0802DB7B	thumb	Cmd_displaydexinfo
0x0802DB7C	0x0802DCB7	thumb	HandleBattleWindow
0x0802DCB8	0x0802DCF7	thumb	BattleCreateYesNoCursorAt
0x0802DCF8	0x0802DD37	thumb	BattleDestroyYesNoCursorAt
0x0802DD38	0x0802DFBB	thumb	Cmd_trygivecaughtmonnick
0x0802DFBC	0x0802DFEB	thumb	Cmd_subattackerhpbydmg
0x0802DFEC	0x0802E013	thumb	Cmd_removeattackerstatus1
0x0802E014	0x0802E01F	thumb	Cmd_finishaction
0x0802E020	0x0802E03B	thumb	Cmd_finishturn
0x0802E03C	0x0802E137	thumb	AllocateBattleResources
0x0802E138	0x0802E227	thumb	FreeBattleResources
0x0802E228	0x0802E30F	thumb	AdjustFriendshipOnBattleFaint
0x0802E310	0x0802E311	thumb	BattleControllerDummy
0x0802E314	0x0802E33B	thumb	SetControllerToPlayer
0x0802E33C	0x0802E3B3	thumb	PlayerBufferExecCompleted
0x0802E3B4	0x0802E403	thumb	PlayerBufferRunCommand
0x0802E404	0x0802E437	thumb	CompleteOnBattlerSpritePosX_0
0x0802E438	0x0802E63D	thumb	HandleInputChooseAction
0x0802E640	0x0802E673	thumb	EndBounceEffect2
0x0802E674	0x0802EA0F	thumb	HandleInputChooseTarget
0x0802EA10	0x0802EDDB	thumb	HandleInputChooseMove
0x0802EDDC	0x0802EF57	thumb	HandleMoveInputUnused
0x0802EF58	0x0802F60F	thumb	HandleMoveSwitching
0x0802F610	0x0802F6A7	thumb	SetLinkBattleEndCallbacks
0x0802F6A8	0x0802F72F	thumb	SetBattleEndCallbacks
0x0802F730	0x0802F767	thumb	CompleteOnBattlerSpriteCallbackDummy
0x0802F768	0x0802F79F	thumb	CompleteOnBattlerSpriteCallbackDummy2
0x0802F7A0	0x0802F80F	thumb	FreeTrainerSpriteAfterSlide
0x0802F810	0x0802F857	thumb	Intro_DelayAndEnd
0x0802F858	0x0802FA57	thumb	Intro_WaitForShinyAnimAndHealthbox
0x0802FA58	0x0802FBF3	thumb	Intro_TryShinyAnimShowHealthbox
0x0802FBF4	0x0802FCAB	thumb	SwitchIn_CleanShinyAnimShowSubstitute
0x0802FCAC	0x0802FD17	thumb	SwitchIn_HandleSoundAndEnd
0x0802FD18	0x0802FDF3	thumb	SwitchIn_TryShinyAnimShowHealthbox
0x0802FDF4	0x0802FE23	thumb	Task_PlayerController_RestoreBgmAfterCry
0x0802FE24	0x0802FE93	thumb	CompleteOnHealthbarDone
0x0802FE94	0x0802FEA9	thumb	CompleteOnInactiveTextPrinter
0x0802FEAC	0x08030023	thumb	Task_GiveExpToMon
0x08030024	0x080300F3	thumb	Task_PrepareToGiveExpWithExpBar
0x080300F4	0x08030237	thumb	Task_GiveExpWithExpBar
0x08030238	0x08030297	thumb	Task_LaunchLvlUpAnim
0x08030298	0x0803034F	thumb	Task_UpdateLvlInHealthbox
0x08030350	0x080303A7	thumb	DestroyExpTaskAndCompleteOnInactiveTextPrinter
0x080303A8	0x08030537	thumb	Task_CreateLevelUpVerticalStripes
0x08030538	0x0803059F	thumb	FreeMonSpriteAfterFaintAnim
0x080305A0	0x0803060F	thumb	FreeMonSpriteAfterSwitchOutAnim
0x08030610	0x08030625	thumb	CompleteOnInactiveTextPrinter2
0x08030628	0x08030683	thumb	OpenPartyMenuToChooseMon
0x08030684	0x080306FF	thumb	WaitForMonSelection
0x08030700	0x0803073B	thumb	OpenBagAndChooseItem
0x0803073C	0x08030777	thumb	CompleteWhenChoseItem
0x08030778	0x080307B3	thumb	CompleteOnSpecialAnimDone
0x080307B4	0x0803082F	thumb	DoHitAnimBlinkSpriteEffect
0x08030830	0x080308A7	thumb	MoveSelectionDisplayMoveNames
0x080308A8	0x080308CB	thumb	MoveSelectionDisplayPpString
0x080308CC	0x0803093F	thumb	MoveSelectionDisplayPpNumber
0x08030940	0x080309CB	thumb	MoveSelectionDisplayMoveType
0x080309CC	0x08030A13	thumb	MoveSelectionCreateCursorAt
0x08030A14	0x08030A53	thumb	MoveSelectionDestroyCursorAt
0x08030A54	0x08030A97	thumb	ActionSelectionCreateCursorAt
0x08030A98	0x08030ADB	thumb	ActionSelectionDestroyCursorAt
0x08030ADC	0x08030AEB	thumb	SetCB2ToReshowScreenAfterMenu
0x08030AEC	0x08030AFB	thumb	SetCB2ToReshowScreenAfterMenu2
0x08030AFC	0x08030B2B	thumb	CompleteOnFinishedStatusAnimation
0x08030B2C	0x08030B5B	thumb	CompleteOnFinishedBattleAnimation
0x08030B5C	0x08030B8F	thumb	PrintLinkStandbyMsg
0x08030B90	0x08030C01	thumb	PlayerHandleGetMonData
0x08030C04	0x080313AF	thumb	CopyPlayerMonData
0x080313B0	0x08031437	thumb	PlayerHandleGetRawMonData
0x08031438	0x0803148F	thumb	PlayerHandleSetMonData
0x08031490	0x08031E8B	thumb	SetPlayerMonData
0x08031E8C	0x08031EFF	thumb	PlayerHandleSetRawMonData
0x08031F00	0x08031F67	thumb	PlayerHandleLoadMonSprite
0x08031F68	0x08031FF3	thumb	PlayerHandleSwitchInAnim
0x08031FF4	0x0803215F	thumb	StartSendOutAnim
0x08032160	0x080321EF	thumb	PlayerHandleReturnMonToBall
0x080321F0	0x0803227B	thumb	DoSwitchOutAnimation
0x0803227C	0x08032427	thumb	PlayerHandleDrawTrainerPic
0x08032428	0x0803258F	thumb	PlayerHandleTrainerSlide
0x08032590	0x0803264F	thumb	PlayerHandleTrainerSlideBack
0x08032650	0x0803273B	thumb	PlayerHandleFaintAnimation
0x0803273C	0x0803275B	thumb	PlayerHandlePaletteFade
0x0803275C	0x080327AF	thumb	PlayerHandleSuccessBallThrowAnim
0x080327B0	0x0803280F	thumb	PlayerHandleBallThrowAnim
0x08032810	0x0803283F	thumb	PlayerHandlePause
0x08032840	0x08032977	thumb	PlayerHandleMoveAnimation
0x08032978	0x08032AF9	thumb	PlayerDoMoveAnimation
0x08032AFC	0x08032B6F	thumb	PlayerHandlePrintString
0x08032B70	0x08032B93	thumb	PlayerHandlePrintSelectionString
0x08032B94	0x08032BD3	thumb	HandleChooseActionAfterDma3
0x08032BD4	0x08032C47	thumb	PlayerHandleChooseAction
0x08032C48	0x08032C49	thumb	PlayerHandleUnknownYesNoBox
0x08032C4C	0x08032C8F	thumb	HandleChooseMoveAfterDma3
0x08032C90	0x08032CB3	thumb	PlayerHandleChooseMove
0x08032CB4	0x08032CEB	thumb	InitMoveSelectionsVarsAndStrings
0x08032CEC	0x08032D4F	thumb	PlayerHandleChooseItem
0x08032D50	0x08032E27	thumb	PlayerHandleChoosePokemon
0x08032E28	0x08032E4B	thumb	PlayerHandleCmd23
0x08032E4C	0x08032F4B	thumb	PlayerHandleHealthBarUpdate
0x08032F4C	0x08032FE7	thumb	PlayerHandleExpUpdate
0x08032FE8	0x0803305F	thumb	PlayerHandleStatusIconUpdate
0x08033060	0x080330C7	thumb	PlayerHandleStatusAnimation
0x080330C8	0x08033133	thumb	PlayerHandleStatusXor
0x08033134	0x0803313D	thumb	PlayerHandleDataTransfer
0x08033140	0x080331F3	thumb	PlayerHandleDMA3Transfer
0x080331F4	0x08033223	thumb	PlayerHandlePlayBGM
0x08033224	0x0803322D	thumb	PlayerHandleCmd32
0x08033230	0x08033243	thumb	PlayerHandleTwoReturnValues
0x08033244	0x08033257	thumb	PlayerHandleChosenMonReturnValue
0x08033258	0x08033269	thumb	PlayerHandleOneReturnValue
0x0803326C	0x0803327D	thumb	PlayerHandleOneReturnValue_Duplicate
0x08033280	0x0803329B	thumb	PlayerHandleCmd37
0x0803329C	0x080332D3	thumb	PlayerHandleCmd38
0x080332D4	0x080332EB	thumb	PlayerHandleCmd39
0x080332EC	0x08033313	thumb	PlayerHandleCmd40
0x08033314	0x08033383	thumb	PlayerHandleHitAnimation
0x08033384	0x0803338D	thumb	PlayerHandleCmd42
0x08033390	0x080333D3	thumb	PlayerHandlePlaySE
0x080333D4	0x08033403	thumb	PlayerHandlePlayFanfare
0x08033404	0x08033443	thumb	PlayerHandleFaintingCry
0x08033444	0x08033477	thumb	PlayerHandleIntroSlide
0x08033478	0x080335F7	thumb	PlayerHandleIntroTrainerBallThrow
0x080335F8	0x0803365F	thumb	SpriteCB_FreePlayerSpriteLoadMonSprite
0x08033660	0x0803376B	thumb	Task_StartSendOutAnim
0x0803376C	0x0803382F	thumb	PlayerHandleDrawPartyStatusSummary
0x08033830	0x08033877	thumb	EndDrawPartyStatusSummary
0x08033878	0x080338C7	thumb	PlayerHandleHidePartyStatusSummary
0x080338C8	0x080338EB	thumb	PlayerHandleEndBounceEffect
0x080338EC	0x0803394B	thumb	PlayerHandleSpriteInvisibility
0x0803394C	0x080339B3	thumb	PlayerHandleBattleAnimation
0x080339B4	0x08033A0D	thumb	PlayerHandleLinkStandbyMsg
0x08033A10	0x08033A77	thumb	PlayerHandleResetActionMoveSelection
0x08033A78	0x08033AC3	thumb	PlayerHandleCmd55
0x08033AC4	0x08033AC5	thumb	PlayerCmdEnd
0x08033AC8	0x08033DB7	thumb	PreviewDeterminativeMoveTargets
0x08033DB8	0x08033DF7	thumb	AllocateBattleSpritesData
0x08033DF8	0x08033E3B	thumb	FreeBattleSpritesData
0x08033E3C	0x08033EAF	thumb	SpriteCB_WaitForBattlerBallReleaseAnim
0x08033EB0	0x08033EEB	thumb	DoBattleSpriteAffineAnim
0x08033EEC	0x08033F1B	thumb	SpriteCB_TrainerSlideIn
0x08033F1C	0x0803401B	thumb	InitAndLaunchChosenStatusAnimation
0x0803401C	0x0803415B	thumb	TryHandleLaunchBattleTableAnimation
0x0803415C	0x080341B3	thumb	Task_ClearBitWhenBattleTableAnimDone
0x080341B4	0x080341D5	thumb	ShouldAnimBeDoneRegardlessOfSubsitute
0x080341D8	0x08034247	thumb	InitAndLaunchSpecialAnimation
0x08034248	0x0803429F	thumb	Task_ClearBitWhenSpecialAnimDone
0x080342A0	0x080342A3	thumb	IsMoveWithoutAnimation
0x080342A4	0x0803431F	thumb	IsBattleSEPlaying
0x08034320	0x08034497	thumb	BattleLoadOpponentMonSpriteGfx
0x08034498	0x08034657	thumb	BattleLoadPlayerMonSpriteGfx
0x08034658	0x080346C3	thumb	DecompressGhostFrontPic
0x080346C4	0x0803474F	thumb	DecompressTrainerFrontPic
0x08034750	0x08034777	thumb	DecompressTrainerBackPalette
0x08034778	0x08034779	thumb	BattleGfxSfxDummy3
0x0803477C	0x080347A7	thumb	FreeTrainerFrontPicPaletteAndTile
0x080347A8	0x08034837	thumb	BattleLoadAllHealthBoxesGfxAtOnce
0x08034838	0x08034961	thumb	BattleLoadAllHealthBoxesGfx
0x08034964	0x08034983	thumb	LoadBattleBarGfx
0x08034984	0x08034AF9	thumb	BattleInitAllSprites
0x08034AFC	0x08034B23	thumb	ClearSpritesHealthboxAnimData
0x08034B24	0x08034B3F	thumb	ClearSpritesBattlerHealthboxAnimData
0x08034B40	0x08034BB3	thumb	CopyAllBattleSpritesInvisibilities
0x08034BB4	0x08034BF3	thumb	CopyBattleSpriteInvisibility
0x08034BF4	0x080350BB	thumb	HandleSpeciesGfxDataChange
0x080350BC	0x080351A7	thumb	BattleLoadSubstituteOrMonSpriteGfx
0x080351A8	0x080351FD	thumb	LoadBattleMonGfxAndAnimate
0x08035200	0x08035227	thumb	TrySetBehindSubstituteSpriteBit
0x08035228	0x08035243	thumb	ClearBehindSubstituteBit
0x08035244	0x08035313	thumb	HandleLowHpMusicChange
0x08035314	0x08035367	thumb	BattleStopLowHpSound
0x08035368	0x08035399	thumb	GetMonHPBarLevel
0x0803539C	0x0803544F	thumb	HandleBattleLowHpMusicChange
0x08035450	0x08035537	thumb	SetBattlerSpriteAffineMode
0x08035538	0x08035623	thumb	LoadAndCreateEnemyShadowSprites
0x08035624	0x080356FB	thumb	SpriteCB_EnemyShadow
0x080356FC	0x08035707	thumb	SpriteCB_SetInvisible
0x08035708	0x08035793	thumb	SetBattlerShadowSpriteCallback
0x08035794	0x080357C7	thumb	HideBattlerShadowSprite
0x080357C8	0x0803589B	thumb	BattleInterfaceSetWindowPals
0x0803589C	0x080358D3	thumb	ClearTemporarySpeciesSpriteData
0x080358D4	0x080359AB	thumb	AllocateMonSpritesGfx
0x080359AC	0x08035A27	thumb	FreeMonSpritesGfx
0x08035A28	0x08035A77	thumb	ShouldPlayNormalMonCry
0x08035A78	0x08035A79	thumb	OpponentDummy
0x08035A7C	0x08035A97	thumb	SetControllerToOpponent
0x08035A98	0x08035AE7	thumb	OpponentBufferRunCommand
0x08035AE8	0x08035B1F	thumb	CompleteOnBattlerSpriteCallbackDummy
0x08035B20	0x08035B57	thumb	CompleteOnBattlerSpriteCallbackDummy2
0x08035B58	0x08035BE7	thumb	FreeTrainerSpriteAfterSlide
0x08035BE8	0x08035C2F	thumb	Intro_DelayAndEnd
0x08035C30	0x08035DEF	thumb	Intro_WaitForShinyAnimAndHealthbox
0x08035DF0	0x08035FE7	thumb	Intro_TryShinyAnimShowHealthbox
0x08035FE8	0x0803609F	thumb	TryShinyAnimAfterMonAnim
0x080360A0	0x08036129	thumb	CompleteOnHealthbarDone
0x0803612C	0x0803616F	thumb	HideHealthboxAfterMonFaint
0x08036170	0x080361E3	thumb	FreeMonSpriteAfterSwitchOutAnim
0x080361E4	0x080361F9	thumb	CompleteOnInactiveTextPrinter
0x080361FC	0x08036277	thumb	DoHitAnimBlinkSpriteEffect
0x08036278	0x080362E7	thumb	SwitchIn_ShowSubstitute
0x080362E8	0x08036333	thumb	SwitchIn_HandleSoundAndEnd
0x08036334	0x08036407	thumb	SwitchIn_ShowHealthbox
0x08036408	0x080364CF	thumb	SwitchIn_TryShinyAnim
0x080364D0	0x080364FF	thumb	CompleteOnFinishedStatusAnimation
0x08036500	0x0803652F	thumb	CompleteOnFinishedBattleAnimation
0x08036530	0x08036567	thumb	OpponentBufferExecCompleted
0x08036568	0x080365D9	thumb	OpponentHandleGetMonData
0x080365DC	0x08036D87	thumb	GetOpponentMonData
0x08036D88	0x08036E0F	thumb	OpponentHandleGetRawMonData
0x08036E10	0x08036E67	thumb	OpponentHandleSetMonData
0x08036E68	0x08037787	thumb	SetOpponentMonData
0x08037788	0x080377FB	thumb	OpponentHandleSetRawMonData
0x080377FC	0x080379C7	thumb	OpponentHandleLoadMonSprite
0x080379C8	0x08037A27	thumb	OpponentHandleSwitchInAnim
0x08037A28	0x08037BAB	thumb	StartSendOutAnim
0x08037BAC	0x08037C43	thumb	OpponentHandleReturnMonToBall
0x08037C44	0x08037CCF	thumb	DoSwitchOutAnimation
0x08037CD0	0x08037EA3	thumb	OpponentHandleDrawTrainerPic
0x08037EA4	0x08038077	thumb	OpponentHandleTrainerSlide
0x08038078	0x08038123	thumb	OpponentHandleTrainerSlideBack
0x08038124	0x080381CF	thumb	OpponentHandleFaintAnimation
0x080381D0	0x080381D9	thumb	OpponentHandlePaletteFade
0x080381DC	0x080381E5	thumb	OpponentHandleSuccessBallThrowAnim
0x080381E8	0x080381F1	thumb	OpponentHandleBallThrowAnim
0x080381F4	0x080381FD	thumb	OpponentHandlePause
0x08038200	0x08038337	thumb	OpponentHandleMoveAnimation
0x08038338	0x080384B9	thumb	OpponentDoMoveAnimation
0x080384BC	0x08038587	thumb	OpponentHandlePrintString
0x08038588	0x08038591	thumb	OpponentHandlePrintSelectionString
0x08038594	0x080385A1	thumb	OpponentHandleChooseAction
0x080385A4	0x080385AD	thumb	OpponentHandleUnknownYesNoBox
0x080385B0	0x08038717	thumb	OpponentHandleChooseMove
0x08038718	0x08038743	thumb	OpponentHandleChooseItem
0x08038744	0x08038837	thumb	OpponentHandleChoosePokemon
0x08038838	0x08038841	thumb	OpponentHandleCmd23
0x08038844	0x08038933	thumb	OpponentHandleHealthBarUpdate
0x08038934	0x0803893D	thumb	OpponentHandleExpUpdate
0x08038940	0x080389B7	thumb	OpponentHandleStatusIconUpdate
0x080389B8	0x08038A1F	thumb	OpponentHandleStatusAnimation
0x08038A20	0x08038A29	thumb	OpponentHandleStatusXor
0x08038A2C	0x08038A35	thumb	OpponentHandleDataTransfer
0x08038A38	0x08038A41	thumb	OpponentHandleDMA3Transfer
0x08038A44	0x08038A4D	thumb	OpponentHandlePlayBGM
0x08038A50	0x08038A59	thumb	OpponentHandleCmd32
0x08038A5C	0x08038A65	thumb	OpponentHandleTwoReturnValues
0x08038A68	0x08038A71	thumb	OpponentHandleChosenMonReturnValue
0x08038A74	0x08038A7D	thumb	OpponentHandleOneReturnValue
0x08038A80	0x08038A89	thumb	OpponentHandleOneReturnValue_Duplicate
0x08038A8C	0x08038AA7	thumb	OpponentHandleCmd37
0x08038AA8	0x08038ADF	thumb	OpponentHandleCmd38
0x08038AE0	0x08038AF7	thumb	OpponentHandleCmd39
0x08038AF8	0x08038B1F	thumb	OpponentHandleCmd40
0x08038B20	0x08038B8F	thumb	OpponentHandleHitAnimation
0x08038B90	0x08038B99	thumb	OpponentHandleCmd42
0x08038B9C	0x08038BDF	thumb	OpponentHandlePlaySE
0x08038BE0	0x08038C0F	thumb	OpponentHandlePlayFanfare
0x08038C10	0x08038C4B	thumb	OpponentHandleFaintingCry
0x08038C4C	0x08038C7F	thumb	OpponentHandleIntroSlide
0x08038C80	0x08038D8F	thumb	OpponentHandleIntroTrainerBallThrow
0x08038D90	0x08038DC3	thumb	SpriteCB_FreeOpponentSprite
0x08038DC4	0x08038EA7	thumb	Task_StartSendOutAnim
0x08038EA8	0x08038FBB	thumb	OpponentHandleDrawPartyStatusSummary
0x08038FBC	0x08039003	thumb	EndDrawPartyStatusSummary
0x08039004	0x08039053	thumb	OpponentHandleHidePartyStatusSummary
0x08039054	0x0803905D	thumb	OpponentHandleEndBounceEffect
0x08039060	0x080390BF	thumb	OpponentHandleSpriteInvisibility
0x080390C0	0x08039127	thumb	OpponentHandleBattleAnimation
0x08039128	0x08039131	thumb	OpponentHandleLinkStandbyMsg
0x08039134	0x0803913D	thumb	OpponentHandleResetActionMoveSelection
0x08039140	0x08039183	thumb	OpponentHandleCmd55
0x08039184	0x08039185	thumb	OpponentCmdEnd
0x08039188	0x080391E9	thumb	ShouldSwitchIfPerishSong
0x080391EC	0x0803937B	thumb	ShouldSwitchIfWonderGuard
0x0803937C	0x08039597	thumb	FindMonThatAbsorbsOpponentsMove
0x08039598	0x08039697	thumb	ShouldSwitchIfNaturalCure
0x08039698	0x080397DF	thumb	HasSuperEffectiveMoveAgainstOpponents
0x080397E0	0x08039827	thumb	AreStatsRaised
0x08039828	0x08039A7F	thumb	FindMonWithFlagsAndSuperEffective
0x08039A80	0x08039C81	thumb	ShouldSwitch
0x08039C84	0x08039DB3	thumb	AI_TrySwitchOrUseItem
0x08039DB4	0x08039E3B	thumb	ModulateByTypeEffectiveness
0x08039E3C	0x0803A197	thumb	GetMostSuitableMonToSwitchInto
0x0803A198	0x0803A1F3	thumb	GetAI_ItemType
0x0803A1F4	0x0803A661	thumb	ShouldUseItem
0x0803A664	0x0803A665	thumb	LinkOpponentDummy
0x0803A668	0x0803A683	thumb	SetControllerToLinkOpponent
0x0803A684	0x0803A6D3	thumb	LinkOpponentBufferRunCommand
0x0803A6D4	0x0803A70B	thumb	CompleteOnBattlerSpriteCallbackDummy
0x0803A70C	0x0803A79B	thumb	FreeTrainerSpriteAfterSlide
0x0803A79C	0x0803A7E3	thumb	Intro_DelayAndEnd
0x0803A7E4	0x0803A9CB	thumb	Intro_WaitForShinyAnimAndHealthbox
0x0803A9CC	0x0803AC13	thumb	Intro_TryShinyAnimShowHealthbox
0x0803AC14	0x0803ACCB	thumb	TryShinyAnimAfterMonAnim
0x0803ACCC	0x0803AD1D	thumb	CompleteOnHealthbarDone
0x0803AD20	0x0803AD63	thumb	HideHealthboxAfterMonFaint
0x0803AD64	0x0803ADD7	thumb	FreeMonSpriteAfterSwitchOutAnim
0x0803ADD8	0x0803ADED	thumb	CompleteOnInactiveTextPrinter
0x0803ADF0	0x0803AE6B	thumb	DoHitAnimBlinkSpriteEffect
0x0803AE6C	0x0803AEDB	thumb	SwitchIn_ShowSubstitute
0x0803AEDC	0x0803AF27	thumb	SwitchIn_HandleSoundAndEnd
0x0803AF28	0x0803AFFB	thumb	SwitchIn_ShowHealthbox
0x0803AFFC	0x0803B0C3	thumb	SwitchIn_TryShinyAnim
0x0803B0C4	0x0803B0F3	thumb	CompleteOnFinishedStatusAnimation
0x0803B0F4	0x0803B123	thumb	CompleteOnFinishedBattleAnimation
0x0803B124	0x0803B19B	thumb	LinkOpponentBufferExecCompleted
0x0803B19C	0x0803B20D	thumb	LinkOpponentHandleGetMonData
0x0803B210	0x0803B9BB	thumb	CopyLinkOpponentMonData
0x0803B9BC	0x0803B9C5	thumb	LinkOpponentHandleGetRawMonData
0x0803B9C8	0x0803BA1F	thumb	LinkOpponentHandleSetMonData
0x0803BA20	0x0803C33F	thumb	SetLinkOpponentMonData
0x0803C340	0x0803C3B3	thumb	LinkOpponentHandleSetRawMonData
0x0803C3B4	0x0803C503	thumb	LinkOpponentHandleLoadMonSprite
0x0803C504	0x0803C54F	thumb	LinkOpponentHandleSwitchInAnim
0x0803C550	0x0803C6D3	thumb	StartSendOutAnim
0x0803C6D4	0x0803C76B	thumb	LinkOpponentHandleReturnMonToBall
0x0803C76C	0x0803C7F7	thumb	DoSwitchOutAnimation
0x0803C7F8	0x0803CAFF	thumb	LinkOpponentHandleDrawTrainerPic
0x0803CB00	0x0803CB09	thumb	LinkOpponentHandleTrainerSlide
0x0803CB0C	0x0803CBB7	thumb	LinkOpponentHandleTrainerSlideBack
0x0803CBB8	0x0803CC63	thumb	LinkOpponentHandleFaintAnimation
0x0803CC64	0x0803CC6D	thumb	LinkOpponentHandlePaletteFade
0x0803CC70	0x0803CC79	thumb	LinkOpponentHandleSuccessBallThrowAnim
0x0803CC7C	0x0803CC85	thumb	LinkOpponentHandleBallThrowAnim
0x0803CC88	0x0803CC91	thumb	LinkOpponentHandlePause
0x0803CC94	0x0803CDCB	thumb	LinkOpponentHandleMoveAnimation
0x0803CDCC	0x0803CF4D	thumb	LinkOpponentDoMoveAnimation
0x0803CF50	0x0803CFC3	thumb	LinkOpponentHandlePrintString
0x0803CFC4	0x0803CFCD	thumb	LinkOpponentHandlePrintSelectionString
0x0803CFD0	0x0803CFD9	thumb	LinkOpponentHandleChooseAction
0x0803CFDC	0x0803CFE5	thumb	LinkOpponentHandleUnknownYesNoBox
0x0803CFE8	0x0803CFF1	thumb	LinkOpponentHandleChooseMove
0x0803CFF4	0x0803CFFD	thumb	LinkOpponentHandleChooseItem
0x0803D000	0x0803D009	thumb	LinkOpponentHandleChoosePokemon
0x0803D00C	0x0803D015	thumb	LinkOpponentHandleCmd23
0x0803D018	0x0803D107	thumb	LinkOpponentHandleHealthBarUpdate
0x0803D108	0x0803D111	thumb	LinkOpponentHandleExpUpdate
0x0803D114	0x0803D18B	thumb	LinkOpponentHandleStatusIconUpdate
0x0803D18C	0x0803D1F3	thumb	LinkOpponentHandleStatusAnimation
0x0803D1F4	0x0803D1FD	thumb	LinkOpponentHandleStatusXor
0x0803D200	0x0803D209	thumb	LinkOpponentHandleDataTransfer
0x0803D20C	0x0803D215	thumb	LinkOpponentHandleDMA3Transfer
0x0803D218	0x0803D221	thumb	LinkOpponentHandlePlayBGM
0x0803D224	0x0803D22D	thumb	LinkOpponentHandleCmd32
0x0803D230	0x0803D239	thumb	LinkOpponentHandleTwoReturnValues
0x0803D23C	0x0803D245	thumb	LinkOpponentHandleChosenMonReturnValue
0x0803D248	0x0803D251	thumb	LinkOpponentHandleOneReturnValue
0x0803D254	0x0803D25D	thumb	LinkOpponentHandleOneReturnValue_Duplicate
0x0803D260	0x0803D27B	thumb	LinkOpponentHandleClearUnkVar
0x0803D27C	0x0803D2B3	thumb	LinkOpponentHandleSetUnkVar
0x0803D2B4	0x0803D2CB	thumb	LinkOpponentHandleClearUnkFlag
0x0803D2CC	0x0803D2F3	thumb	LinkOpponentHandleToggleUnkFlag
0x0803D2F4	0x0803D363	thumb	LinkOpponentHandleHitAnimation
0x0803D364	0x0803D36D	thumb	LinkOpponentHandleCantSwitch
0x0803D370	0x0803D3B3	thumb	LinkOpponentHandlePlaySE
0x0803D3B4	0x0803D3E3	thumb	LinkOpponentHandlePlayFanfare
0x0803D3E4	0x0803D41F	thumb	LinkOpponentHandleFaintingCry
0x0803D420	0x0803D453	thumb	LinkOpponentHandleIntroSlide
0x0803D454	0x0803D563	thumb	LinkOpponentHandleIntroTrainerBallThrow
0x0803D564	0x0803D647	thumb	Task_StartSendOutAnim
0x0803D648	0x0803D67B	thumb	SpriteCB_FreeOpponentSprite
0x0803D67C	0x0803D78F	thumb	LinkOpponentHandleDrawPartyStatusSummary
0x0803D790	0x0803D7D7	thumb	EndDrawPartyStatusSummary
0x0803D7D8	0x0803D827	thumb	LinkOpponentHandleHidePartyStatusSummary
0x0803D828	0x0803D831	thumb	LinkOpponentHandleEndBounceEffect
0x0803D834	0x0803D893	thumb	LinkOpponentHandleSpriteInvisibility
0x0803D894	0x0803D8FB	thumb	LinkOpponentHandleBattleAnimation
0x0803D8FC	0x0803D905	thumb	LinkOpponentHandleLinkStandbyMsg
0x0803D908	0x0803D911	thumb	LinkOpponentHandleResetActionMoveSelection
0x0803D914	0x0803D977	thumb	LinkOpponentHandleEndLinkBattle
0x0803D978	0x0803D979	thumb	LinkOpponentCmdEnd
0x0803D97C	0x0803D991	thumb	ZeroBoxMonData
0x0803D994	0x0803DA11	thumb	ZeroMonData
0x0803DA14	0x0803DA33	thumb	ZeroPlayerPartyMons
0x0803DA34	0x0803DA53	thumb	ZeroEnemyPartyMons
0x0803DA54	0x0803DAC3	thumb	CreateMon
0x0803DAC4	0x0803DD97	thumb	CreateBoxMon
0x0803DD98	0x0803DDFD	thumb	CreateMonWithNature
0x0803DE00	0x0803DEFD	thumb	CreateMonWithGenderNatureLetter
0x0803DF00	0x0803DF65	thumb	CreateMaleMon
0x0803DF68	0x0803DFA5	thumb	CreateMonWithIVsPersonality
0x0803DFA8	0x0803E019	thumb	CreateMonWithIVsOTID
0x0803E01C	0x0803E0A3	thumb	CreateMonWithEVSpread
0x0803E0A4	0x0803E1EB	thumb	CreateBattleTowerMon
0x0803E1EC	0x0803E239	thumb	CreateEventMon
0x0803E23C	0x0803E3E7	thumb	ConvertPokemonToBattleTowerPokemon
0x0803E3E8	0x0803E479	thumb	CalculateBoxMonChecksum
0x0803E47C	0x0803E773	thumb	CalculateMonStats
0x0803E774	0x0803E7C3	thumb	BoxMonToMon
0x0803E7C4	0x0803E82F	thumb	GetLevelFromMonExp
0x0803E830	0x0803E89B	thumb	GetLevelFromBoxMonExp
0x0803E89C	0x0803E8AD	thumb	GiveMoveToMon
0x0803E8B0	0x0803E91F	thumb	GiveMoveToBoxMon
0x0803E920	0x0803E963	thumb	GiveMoveToBattleMon
0x0803E964	0x0803E9A3	thumb	SetMonMoveSlot
0x0803E9A4	0x0803E9D3	thumb	SetBattleMonMoveSlot
0x0803E9D4	0x0803E9DD	thumb	GiveMonInitialMoveset
0x0803E9E0	0x0803EA87	thumb	GiveBoxMonInitialMoveset
0x0803EA88	0x0803EB93	thumb	MonTryLearningNewMove
0x0803EB94	0x0803EC3F	thumb	DeleteFirstMoveAndGiveMoveToMon
0x0803EC40	0x0803ECEB	thumb	DeleteFirstMoveAndGiveMoveToBoxMon
0x0803ECEC	0x0803F5B3	thumb	CalculateBaseDamage
0x0803F5B4	0x0803F69F	thumb	CountAliveMonsInBattle
0x0803F6A0	0x0803F71F	thumb	GetDefaultMoveTarget
0x0803F720	0x0803F72D	thumb	GetMonGender
0x0803F730	0x0803F78B	thumb	GetBoxMonGender
0x0803F78C	0x0803F7D1	thumb	GetGenderFromSpeciesAndPersonality
0x0803F7D4	0x0803F863	thumb	SetMultiuseSpriteTemplateToPokemon
0x0803F864	0x0803F8F7	thumb	SetMultiuseSpriteTemplateToTrainerBack
0x0803F8F8	0x0803F91B	thumb	EncryptBoxMon
0x0803F91C	0x0803F93F	thumb	DecryptBoxMon
0x0803F940	0x0803FBE7	thumb	GetSubstruct
0x0803FBE8	0x0803FD43	thumb	GetMonData2
0x0803FD44	0x08040379	thumb	GetBoxMonData2
0x0804037C	0x080404CD	thumb	SetMonData
0x080404D0	0x08040B07	thumb	SetBoxMonData
0x08040B08	0x08040B11	thumb	CopyMon
0x08040B14	0x08040B8F	thumb	GiveMonToPlayer
0x08040B90	0x08040C39	thumb	SendMonToPC
0x08040C3C	0x08040C7F	thumb	CalculatePlayerPartyCount
0x08040C80	0x08040CC3	thumb	CalculateEnemyPartyCount
0x08040CC4	0x08040D37	thumb	GetMonsStateToDoubles
0x08040D38	0x08040D7B	thumb	GetAbilityBySpecies
0x08040D7C	0x08040DAD	thumb	GetMonAbility
0x08040DB0	0x08040EEB	thumb	CreateSecretBaseEnemyParty
0x08040EEC	0x08040F2B	thumb	GetSecretBaseTrainerPicIndex
0x08040F2C	0x08040F6B	thumb	GetSecretBaseTrainerNameIndex
0x08040F6C	0x08040F9F	thumb	IsPlayerPartyAndPokemonStorageFull
0x08040FA0	0x08040FCF	thumb	IsPokemonStorageFull
0x08040FD0	0x08041019	thumb	GetSpeciesName
0x0804101C	0x08041063	thumb	CalculatePPWithBonus
0x08041064	0x0804109F	thumb	RemoveMonPPBonus
0x080410A0	0x080410B7	thumb	RemoveBattleMonPPBonus
0x080410B8	0x080413BF	thumb	CopyPlayerPartyMonToBattleData
0x080413C0	0x080413E3	thumb	ExecuteTableBasedItemEffect
0x080413E4	0x080423A3	thumb	PokemonUseItemEffects
0x080423A4	0x08042411	thumb	HealStatusConditions
0x08042414	0x08042BE7	thumb	PokemonItemUseNoEffect
0x08042BE8	0x08042C05	thumb	PartyMonHasStatus
0x08042C08	0x08042D4D	thumb	GetItemEffectParamOffset
0x08042D50	0x08042DA3	thumb	BufferStatRoseMessage
0x08042DA4	0x08042E9B	thumb	Battle_PrintStatBoosterEffectMessage
0x08042E9C	0x08042EB3	thumb	GetNature
0x08042EB4	0x08042EC3	thumb	GetNatureFromPersonality
0x08042EC4	0x080431B3	thumb	GetEvolutionTargetSpecies
0x080431B4	0x080431FF	thumb	HoennPokedexNumToSpecies
0x08043200	0x0804324B	thumb	NationalPokedexNumToSpecies
0x0804324C	0x08043297	thumb	NationalToHoennOrder
0x08043298	0x080432B9	thumb	SpeciesToNationalPokedexNum
0x080432BC	0x080432DD	thumb	SpeciesToHoennPokedexNum
0x080432E0	0x08043301	thumb	HoennToNationalOrder
0x08043304	0x08043335	thumb	SpeciesToCryId
0x08043338	0x08043455	thumb	DrawSpindaSpotsUnused
0x08043458	0x08043569	thumb	DrawSpindaSpots
0x0804356C	0x080435DF	thumb	EvolutionRenameMon
0x080435E0	0x0804361D	thumb	GetPlayerFlankId
0x08043620	0x08043657	thumb	GetLinkTrainerFlankId
0x08043658	0x0804367B	thumb	GetBattlerMultiplayerId
0x0804367C	0x08043697	thumb	GetTrainerEncounterMusicId
0x08043698	0x080436F7	thumb	ModifyStatByNature
0x080436F8	0x0804388F	thumb	AdjustFriendship
0x08043890	0x08043A3F	thumb	MonGainEVs
0x08043A40	0x08043A67	thumb	GetMonEVCount
0x08043A68	0x08043A6D	thumb	RandomlyGivePartyPokerus
0x08043A70	0x08043AD5	thumb	CheckPartyPokerus
0x08043AD8	0x08043B35	thumb	CheckPartyHasHadPokerus
0x08043B38	0x08043B3D	thumb	UpdatePartyPokerusTime
0x08043B40	0x08043B45	thumb	PartySpreadPokerus
0x08043B48	0x08043B8F	thumb	SetMonExpWithMaxLevelCheck
0x08043B90	0x08043C29	thumb	TryIncrementMonLevel
0x08043C2C	0x08043C83	thumb	CanMonLearnTMHM
0x08043C84	0x08043DD3	thumb	GetMoveRelearnerMoves
0x08043DD4	0x08043E2B	thumb	GetLevelUpMovesBySpecies
0x08043E2C	0x08043F8F	thumb	GetNumberOfRelearnableMoves
0x08043F90	0x08043FBB	thumb	SpeciesToPokedexNum
0x08043FBC	0x08043FD3	thumb	ClearBattleMonForms
0x08043FD4	0x08044073	thumb	GetBattleBGM
0x08044074	0x0804408D	thumb	PlayBattleBGM
0x08044090	0x080440BB	thumb	PlayMapChosenOrBattleBGM
0x080440BC	0x080440F3	thumb	GetMonFrontSpritePal
0x080440F4	0x08044147	thumb	GetMonSpritePalFromSpeciesAndPersonality
0x08044148	0x0804417F	thumb	GetMonSpritePalStruct
0x08044180	0x080441B7	thumb	GetMonSpritePalStructFromOtIdPersonality
0x080441B8	0x080441F1	thumb	IsHMMove2
0x080441F4	0x0804420B	thumb	IsMonSpriteNotFlipped
0x0804420C	0x08044233	thumb	GetMonFlavorRelation
0x08044234	0x0804425B	thumb	GetFlavorRelationByPersonality
0x0804425C	0x08044285	thumb	IsTradedMon
0x08044288	0x080442D7	thumb	IsOtherTrainer
0x080442D8	0x080442E1	thumb	MonRestorePP
0x080442E4	0x08044345	thumb	BoxMonRestorePP
0x08044348	0x080443F3	thumb	SetMonPreventsSwitchingString
0x080443F4	0x0804446D	thumb	SetWildMonHeldItem
0x08044470	0x08044499	thumb	IsMonShiny
0x0804449C	0x080444C3	thumb	IsShinyOtIdPersonality
0x080444C4	0x080444F7	thumb	GetTrainerPartnerName
0x080444F8	0x0804454B	thumb	GetPlayerPartyHighestLevel
0x0804454C	0x0804455B	thumb	FacilityClassToPicIndex
0x0804455C	0x08044673	thumb	ShouldIgnoreDeoxysForm
0x08044674	0x08044707	thumb	GetDeoxysStat
0x08044708	0x080447AB	thumb	SetDeoxysStats
0x080447AC	0x080447EF	thumb	GetUnionRoomTrainerPic
0x080447F0	0x08044837	thumb	GetUnionRoomTrainerClass
0x08044838	0x08044897	thumb	CreateEnemyEventMon
0x08044898	0x080448F7	thumb	HandleSetPokedexFlag
0x080448F8	0x0804494D	thumb	CheckBattleTypeGhost
0x08044950	0x08044A3F	thumb	InitMonSpritesGfx_Mode1
0x08044A40	0x08044AEF	thumb	InitMonSpritesGfx_Mode0
0x08044AF0	0x08044D7F	thumb	CreateMonSpritesGfxManager
0x08044D80	0x08044DFF	thumb	DestroyMonSpritesGfxManager
0x08044E00	0x08044E2F	thumb	MonSpritesGfxManager_GetSpritePtr
0x08044E30	0x08044E4B	thumb	Sin
0x08044E4C	0x08044E6B	thumb	Cos
0x08044E6C	0x08044EAF	thumb	Sin2
0x08044EB0	0x08044EC7	thumb	Cos2
0x08044EC8	0x08044EE7	thumb	Random
0x08044EE8	0x08044EF7	thumb	SeedRng
0x08044EF8	0x08044F33	thumb	CreateInvisibleSpriteWithCallback
0x08044F34	0x08044F3B	thumb	StoreWordInTwoHalfwords
0x08044F3C	0x08044F49	thumb	LoadWordFromTwoHalfwords
0x08044F4C	0x08044F75	thumb	SetBgAffineStruct
0x08044F78	0x08044FC1	thumb	DoBgAffineSet
0x08044FC4	0x0804518F	thumb	CopySpriteTiles
0x08045190	0x080451B5	thumb	CountTrailingZeroBits
0x080451B8	0x0804520F	thumb	CalcCRC16
0x08045210	0x08045253	thumb	CalcCRC16WithTable
0x08045254	0x08045273	thumb	CalcByteArraySum
0x08045274	0x08045313	thumb	BlendPalette
0x08045314	0x080453BF	thumb	BlendPalettesAt
0x080453C0	0x080453DD	thumb	DayCare_GetMonNickname
0x080453E0	0x080453FD	thumb	DayCare_GetBoxMonNickname
0x08045400	0x0804542F	thumb	CountPokemonInDaycare
0x08045430	0x0804549B	thumb	InitDaycareMailRecordMixing
0x0804549C	0x080454CB	thumb	Daycare_FindEmptySpot
0x080454CC	0x0804555B	thumb	StorePokemonInDaycare
0x0804555C	0x0804557F	thumb	StorePokemonInEmptyDaycareSlot
0x08045580	0x080455AB	thumb	StoreSelectedPokemonInDaycare
0x080455AC	0x08045607	thumb	ShiftDaycareSlots
0x08045608	0x0804565B	thumb	ApplyDaycareExperience
0x0804565C	0x080456FF	thumb	TakeSelectedPokemonFromDaycare
0x08045700	0x08045725	thumb	TakeSelectedPokemonMonFromDaycareShiftSlots
0x08045728	0x0804574B	thumb	TakePokemonFromDaycare
0x0804574C	0x08045785	thumb	GetLevelAfterDaycareSteps
0x08045788	0x080457B1	thumb	GetNumLevelsGainedFromSteps
0x080457B4	0x080457E7	thumb	GetNumLevelsGainedForDaycareMon
0x080457E8	0x0804581F	thumb	GetDaycareCostForSelectedMon
0x08045820	0x08045837	thumb	GetDaycareCostForMon
0x08045838	0x0804585F	thumb	GetDaycareCost
0x08045860	0x08045897	thumb	Debug_AddDaycareSteps
0x08045898	0x080458E5	thumb	GetNumLevelsGainedFromDaycare
0x080458E8	0x08045915	thumb	ClearDaycareMonMail
0x08045918	0x08045935	thumb	ClearDaycareMon
0x08045938	0x0804596D	thumb	ClearAllDaycareData
0x08045970	0x080459EF	thumb	GetEggSpecies
0x080459F0	0x08045A1F	thumb	_TriggerPendingDaycareEgg
0x08045A20	0x08045A47	thumb	_TriggerPendingDaycareMaleEgg
0x08045A48	0x08045A5F	thumb	TriggerPendingDaycareEgg
0x08045A60	0x08045A77	thumb	TriggerPendingDaycareMaleEgg
0x08045A78	0x08045ABD	thumb	RemoveIVIndexFromList
0x08045AC0	0x08045C25	thumb	InheritIVs
0x08045C28	0x08045CCF	thumb	GetEggMoves
0x08045CD0	0x08045F6F	thumb	BuildEggMoveset
0x08045F70	0x08045F87	thumb	RemoveEggFromDayCare
0x08045F88	0x08045F9F	thumb	RejectEggFromDayCare
0x08045FA0	0x08045FFF	thumb	AlterEggSpeciesWithIncenseItem
0x08046000	0x080460D3	thumb	DetermineEggSpeciesAndParentSlots
0x080460D4	0x0804614F	thumb	_GiveEggFromDaycare
0x08046150	0x08046207	thumb	CreateEgg
0x08046208	0x080462AB	thumb	SetInitialEggData
0x080462AC	0x080462C3	thumb	GiveEggFromDaycare
0x080462C4	0x080463B7	thumb	TryProduceOrHatchEgg
0x080463B8	0x080463FB	thumb	ShouldEggHatch
0x080463FC	0x0804640B	thumb	IsEggPending
0x0804640C	0x0804645F	thumb	_GetDaycareMonNicknames
0x08046460	0x0804649B	thumb	GetSelectedMonNicknameAndSpecies
0x0804649C	0x080464B3	thumb	GetDaycareMonNicknames
0x080464B4	0x080464F7	thumb	GetDaycareState
0x080464F8	0x0804651B	thumb	GetDaycarePokemonCount
0x0804651C	0x0804654B	thumb	EggGroupsOverlap
0x0804654C	0x0804666B	thumb	GetDaycareCompatibilityScore
0x0804666C	0x08046687	thumb	GetDaycareCompatibilityScoreFromSave
0x08046688	0x080466C7	thumb	SetDaycareCompatibilityString
0x080466C8	0x08046741	thumb	NameHasGenderSymbol
0x08046744	0x08046793	thumb	AppendGenderSymbol
0x08046794	0x080467AF	thumb	AppendMonGenderSymbol
0x080467B0	0x08046833	thumb	GetDaycareLevelMenuText
0x08046834	0x08046897	thumb	GetDaycareLevelMenuLevelText
0x08046898	0x0804690B	thumb	DaycareAddTextPrinter
0x0804690C	0x08046943	thumb	DaycarePrintMonNickname
0x08046944	0x080469B3	thumb	DaycarePrintMonLvl
0x080469B4	0x080469FB	thumb	DaycarePrintMonInfo
0x080469FC	0x08046AB7	thumb	Task_HandleDaycareLevelMenuInput
0x08046AB8	0x08046B27	thumb	ShowDaycareLevelMenu
0x08046B28	0x08046B3F	thumb	ChooseSendDaycareMon
0x08046B40	0x08046B6F	thumb	PutMonInRoute5Daycare
0x08046B70	0x08046B93	thumb	GetCostToWithdrawRoute5DaycareMon
0x08046B94	0x08046BB9	thumb	IsThereMonInRoute5Daycare
0x08046BBC	0x08046BDB	thumb	GetNumLevelsGainedForRoute5DaycareMon
0x08046BDC	0x08046BFB	thumb	TakePokemonFromRoute5Daycare
0x08046BFC	0x08046D5F	thumb	CreatedHatchedMon
0x08046D60	0x08046E1F	thumb	AddHatchedMonToParty
0x08046E20	0x08046E33	thumb	ScriptHatchMon
0x08046E34	0x08046EA9	thumb	BufferDayCareMonReceivedMail
0x08046EAC	0x08046ECF	thumb	DaycareMonReceivedMail
0x08046ED0	0x08046FBF	thumb	EggHatchCreateMonSprite
0x08046FC0	0x08046FD1	thumb	VBlankCB_EggHatch
0x08046FD4	0x08047003	thumb	EggHatch
0x08047004	0x08047043	thumb	Task_EggHatch
0x08047044	0x0804729F	thumb	CB2_EggHatch_0
0x080472A0	0x080472E3	thumb	EggHatchSetMonNickname
0x080472E4	0x08047337	thumb	Task_EggHatchPlayBGM
0x08047338	0x080476AF	thumb	CB2_EggHatch_1
0x080476B0	0x08047705	thumb	SpriteCB_Egg_0
0x08047708	0x08047769	thumb	SpriteCB_Egg_1
0x0804776C	0x0804782B	thumb	SpriteCB_Egg_2
0x0804782C	0x0804784F	thumb	SpriteCB_Egg_3
0x08047850	0x080478CF	thumb	SpriteCB_Egg_4
0x080478D0	0x0804796F	thumb	SpriteCB_Egg_5
0x08047970	0x080479C7	thumb	SpriteCB_EggShard
0x080479C8	0x08047A1B	thumb	CreateRandomEggShardSprite
0x08047A1C	0x08047A9B	thumb	CreateEggShardSprite
0x08047A9C	0x08047B0B	thumb	EggHatchPrintMessage
0x08047B0C	0x08047CA9	thumb	Debug_DrawNumber
0x08047CAC	0x08047CDD	thumb	Debug_DrawNumberPair
0x08047CE0	0x08048007	thumb	CreateBattlerHealthboxSprites
0x08048008	0x080480A7	thumb	CreateSafariPlayerHealthboxSprites
0x080480A8	0x080480B7	thumb	GetBattleInterfaceGfxPtr
0x080480B8	0x08048127	thumb	SpriteCB_HealthBar
0x08048128	0x0804814F	thumb	SpriteCB_HealthBoxOther
0x08048150	0x08048187	thumb	SetBattleBarStruct
0x08048188	0x080481D3	thumb	SetHealthboxSpriteInvisible
0x080481D4	0x08048227	thumb	SetHealthboxSpriteVisible
0x08048228	0x08048247	thumb	UpdateSpritePos
0x08048248	0x08048287	thumb	DestoryHealthboxSprite
0x08048288	0x08048289	thumb	DummyBattleInterfaceFunc
0x0804828C	0x0804831B	thumb	UpdateOamPriorityInAllHealthboxes
0x0804831C	0x08048397	thumb	InitBattlerHealthboxCoords
0x08048398	0x0804843F	thumb	UpdateLvlInHealthbox
0x08048440	0x08048617	thumb	UpdateHpTextInHealthbox
0x08048618	0x080487F7	thumb	UpdateHpTextInHealthboxInDoubles
0x080487F8	0x08048A4B	thumb	PrintSafariMonInfo
0x08048A4C	0x08048D13	thumb	SwapHpBarsWithHpText
0x08048D14	0x080491AF	thumb	CreatePartyStatusSummarySprites
0x080491B0	0x08049387	thumb	Task_HidePartyStatusSummary
0x08049388	0x080493E3	thumb	Task_HidePartyStatusSummary_BattleStart_1
0x080493E4	0x08049489	thumb	Task_HidePartyStatusSummary_BattleStart_2
0x0804948C	0x0804954D	thumb	Task_HidePartyStatusSummary_DuringBattle
0x08049550	0x08049567	thumb	SpriteCB_PartySummaryBar
0x08049568	0x0804959B	thumb	SpriteCB_PartySummaryBar_Exit
0x0804959C	0x0804962F	thumb	SpriteCB_PartySummaryBall_OnBattleStart
0x08049630	0x0804969F	thumb	SpriteCB_PartySummaryBall_Exit
0x080496A0	0x080496BF	thumb	SpriteCB_PartySummaryBall_OnSwitchout
0x080496C0	0x0804981B	thumb	UpdateNickInHealthbox
0x0804981C	0x08049933	thumb	TryAddPokeballIconToHealthbox
0x08049934	0x08049BE3	thumb	UpdateStatusIconInHealthbox
0x08049BE4	0x08049CA9	thumb	GetStatusIconForBattlerId
0x08049CAC	0x08049D0F	thumb	UpdateSafariBallsTextOnHealthbox
0x08049D10	0x08049D97	thumb	UpdateLeftNoOfBallsTextOnHealthbox
0x08049D98	0x08049FD5	thumb	UpdateHealthboxAttribute
0x08049FD8	0x0804A0D3	thumb	MoveBattleBar
0x0804A0D4	0x0804A2EF	thumb	MoveBattleBarGraphically
0x0804A2F0	0x0804A3C1	thumb	CalcNewBarValue
0x0804A3C4	0x0804A45D	thumb	CalcBarFilledPixels
0x0804A460	0x0804A4C7	thumb	UpdateAndDrawHealthbarOntoScreen
0x0804A4C8	0x0804A4ED	thumb	CalcNewHealthbarValue
0x0804A4F0	0x0804A50F	thumb	DoDrawHealthbarOntoScreen
0x0804A510	0x0804A599	thumb	DrawHealthbarOntoScreen
0x0804A59C	0x0804A5E5	thumb	GetReceivedValueInPixels
0x0804A5E8	0x0804A611	thumb	GetScaledHPFraction
0x0804A614	0x0804A645	thumb	GetHPBarLevel
0x0804A648	0x0804A6D7	thumb	AddTextPrinterAndCreateWindowOnHealthbox
0x0804A6D8	0x0804A6E5	thumb	RemoveWindowOnHealthbox
0x0804A6E8	0x0804A733	thumb	TextIntoHealthboxObject
0x0804A734	0x0804A76B	thumb	SafariTextIntoHealthboxObject
0x0804A76C	0x0804A8BF	thumb	SmokescreenImpact
0x0804A8C0	0x0804A903	thumb	SpriteCB_SmokescreenImpactMain
0x0804A904	0x0804A937	thumb	SpriteCB_SmokescreenImpact
0x0804A938	0x0804A99F	thumb	DoPokeballSendOutAnimation
0x0804A9A0	0x0804ABD3	thumb	Task_DoPokeballSendOutAnim
0x0804ABD4	0x0804AC87	thumb	SpriteCB_BallThrow
0x0804AC88	0x0804AC93	thumb	SpriteCB_BallThrow_ReachMon
0x0804AC94	0x0804ACFF	thumb	SpriteCB_BallThrow_StartShrinkMon
0x0804AD00	0x0804AD95	thumb	SpriteCB_BallThrow_ShrinkMon
0x0804AD98	0x0804ADEB	thumb	SpriteCB_BallThrow_Close
0x0804ADEC	0x0804AEE3	thumb	SpriteCB_BallThrow_FallToGround
0x0804AEE4	0x0804AF23	thumb	SpriteCB_BallThrow_StartShakes
0x0804AF24	0x0804B06F	thumb	SpriteCB_BallThrow_Shake
0x0804B070	0x0804B267	thumb	Task_PlayCryWhenReleasedFromBall
0x0804B268	0x0804B483	thumb	SpriteCB_ReleaseMonFromBall
0x0804B484	0x0804B4A3	thumb	SpriteCB_BallThrow_StartCaptureMon
0x0804B4A4	0x0804B5C7	thumb	HandleBallAnimEnd
0x0804B5C8	0x0804B683	thumb	SpriteCB_BallThrow_CaptureMon
0x0804B684	0x0804B6D3	thumb	SpriteCB_PlayerMonSendOut_1
0x0804B6D4	0x0804B843	thumb	SpriteCB_PlayerMonSendOut_2
0x0804B844	0x0804B867	thumb	SpriteCB_ReleaseMon2FromBall
0x0804B868	0x0804B8C7	thumb	SpriteCB_OpponentMonSendOut
0x0804B8C8	0x0804B8EF	thumb	AnimateBallOpenParticlesForPokeball
0x0804B8F0	0x0804B907	thumb	LaunchBallFadeMonTaskForPokeball
0x0804B908	0x0804B9E7	thumb	CreatePokeballSpriteToReleaseMon
0x0804B9E8	0x0804BAA1	thumb	SpriteCB_PokeballReleaseMon
0x0804BAA4	0x0804BB95	thumb	SpriteCB_ReleasedMonFlyOut
0x0804BB98	0x0804BC4F	thumb	CreateTradePokeballSprite
0x0804BC50	0x0804BCF5	thumb	SpriteCB_TradePokeball
0x0804BCF8	0x0804BD69	thumb	SpriteCB_TradePokeballSendOff
0x0804BD6C	0x0804BD87	thumb	SpriteCB_TradePokeballEnd
0x0804BD88	0x0804BD91	thumb	DestroySpriteAndFreeResources_Ball
0x0804BD94	0x0804BE23	thumb	StartHealthboxSlideIn
0x0804BE24	0x0804BE47	thumb	SpriteCB_HealthboxSlideInDelayed
0x0804BE48	0x0804BE6F	thumb	SpriteCB_HealthboxSlideIn
0x0804BE70	0x0804BEB3	thumb	DoHitAnimHealthboxEffect
0x0804BEB4	0x0804BEF3	thumb	SpriteCB_HitAnimHealthoxEffect
0x0804BEF4	0x0804BF63	thumb	LoadBallGfx
0x0804BF64	0x0804BF8F	thumb	FreeBallGfx
0x0804BF90	0x0804BFE3	thumb	GetBattlerPokeballItemId
0x0804BFE4	0x0804C00F	thumb	CheckForFlashMemory
0x0804C010	0x0804C033	thumb	ClearSav2
0x0804C034	0x0804C057	thumb	ClearSav1
0x0804C058	0x0804C0A3	thumb	SetSaveBlocksPointers
0x0804C0A4	0x0804C187	thumb	MoveSaveBlocks_ResetHeap
0x0804C188	0x0804C197	thumb	UseContinueGameWarp
0x0804C198	0x0804C1AB	thumb	ClearContinueGameWarpStatus
0x0804C1AC	0x0804C1BF	thumb	SetContinueGameWarpStatus
0x0804C1C0	0x0804C1DB	thumb	SetContinueGameWarpStatusToDynamicWarp
0x0804C1DC	0x0804C1EF	thumb	ClearContinueGameWarpStatus2
0x0804C1F0	0x0804C22F	thumb	SavePlayerParty
0x0804C230	0x0804C26F	thumb	LoadPlayerParty
0x0804C270	0x0804C2B7	thumb	SaveObjectEvents
0x0804C2B8	0x0804C2FF	thumb	LoadObjectEvents
0x0804C300	0x0804C30D	thumb	SaveSerializedGame
0x0804C310	0x0804C31D	thumb	LoadSerializedGame
0x0804C320	0x0804C43F	thumb	LoadPlayerBag
0x0804C440	0x0804C56B	thumb	SavePlayerBag
0x0804C56C	0x0804C587	thumb	ApplyNewEncryptionKeyToHword
0x0804C588	0x0804C5A3	thumb	ApplyNewEncryptionKeyToWord
0x0804C5A4	0x0804C5FF	thumb	ApplyNewEncryptionKeyToAllEncryptedData
0x0804C600	0x0804C717	thumb	InitTradeMenu
0x0804C718	0x0804C727	thumb	CB2_StartCreateTradeMenu
0x0804C728	0x0804CF13	thumb	CB2_CreateTradeMenu
0x0804CF14	0x0804D4F7	thumb	CB2_ReturnToTradeMenuFromSummary
0x0804D4F8	0x0804D509	thumb	VBlankCB_TradeMenu
0x0804D50C	0x0804D547	thumb	CB_FadeToStartTrade
0x0804D548	0x0804D5A3	thumb	CB_WaitToStartTrade
0x0804D5A4	0x0804D637	thumb	CB_StartLinkTrade
0x0804D638	0x0804D693	thumb	CB2_TradeMenu
0x0804D694	0x0804D761	thumb	LoadTradeBgGfx
0x0804D764	0x0804D813	thumb	SetActiveMenuOptions
0x0804D814	0x0804D833	thumb	Trade_Memcpy
0x0804D834	0x0804DBAB	thumb	BufferTradeParties
0x0804DBAC	0x0804DBD3	thumb	PrintIsThisTradeOkay
0x0804DBD4	0x0804DCF3	thumb	Leader_ReadLinkBuffer
0x0804DCF4	0x0804DDEF	thumb	Follower_ReadLinkBuffer
0x0804DDF0	0x0804DFEF	thumb	Leader_HandleCommunication
0x0804DFF0	0x0804E025	thumb	CB1_UpdateLink
0x0804E028	0x0804E073	thumb	GetNewCursorPosition
0x0804E074	0x0804E133	thumb	TradeMenuMoveCursor
0x0804E134	0x0804E191	thumb	SetReadyToTrade
0x0804E194	0x0804E32F	thumb	CB_ProcessMenuInput
0x0804E330	0x0804E387	thumb	RedrawChooseAPokemonWindow
0x0804E388	0x0804E46B	thumb	CB_ProcessSelectedMonInput
0x0804E46C	0x0804E493	thumb	CB_ChooseMonAfterButtonPress
0x0804E494	0x0804E50B	thumb	CB_ShowTradeMonSummaryScreen
0x0804E50C	0x0804E59D	thumb	CheckValidityOfTradeMons
0x0804E5A0	0x0804E673	thumb	CommunicateWhetherMonCanBeTraded
0x0804E674	0x0804E6FB	thumb	CB_ProcessConfirmTradeInput
0x0804E6FC	0x0804E743	thumb	RestoreNicknamesCoveredByYesNo
0x0804E744	0x0804E7C7	thumb	CB_ProcessCancelTradeInput
0x0804E7C8	0x0804E803	thumb	CB_SetSelectedMons
0x0804E804	0x0804E82F	thumb	CB_PrintIsThisTradeOkay
0x0804E830	0x0804E87F	thumb	CB_InitConfirmTradePrompt
0x0804E880	0x0804E907	thumb	CB_HandleTradeCanceled
0x0804E908	0x0804E943	thumb	CB_InitExitCanceledTrade
0x0804E944	0x0804E9BF	thumb	CB_ExitCanceledTrade
0x0804E9C0	0x0804E9E3	thumb	CB_WaitToStartRfuTrade
0x0804E9E4	0x0804EAA9	thumb	RunTradeMenuCallback
0x0804EAAC	0x0804EAE3	thumb	SetSelectedMon
0x0804EAE4	0x0804EE6B	thumb	DrawSelectedMonScreen
0x0804EE6C	0x0804EED3	thumb	GetMonNicknameWidth
0x0804EED4	0x0804EFB3	thumb	BufferMovesString
0x0804EFB4	0x0804F01F	thumb	PrintPartyMonNickname
0x0804F020	0x0804F08B	thumb	PrintPartyNicknames
0x0804F08C	0x0804F283	thumb	PrintLevelAndGender
0x0804F284	0x0804F2E7	thumb	PrintPartyLevelsAndGenders
0x0804F2E8	0x0804F3B3	thumb	ShowTradePartyMonIcons
0x0804F3B4	0x0804F3C5	thumb	PrintTradePartnerPartyNicknames
0x0804F3C8	0x0804F43F	thumb	RedrawPartyWindow
0x0804F440	0x0804F463	thumb	Task_DrawSelectionSummary
0x0804F464	0x0804F487	thumb	Task_DrawSelectionTrade
0x0804F488	0x0804F4DB	thumb	QueueAction
0x0804F4DC	0x0804F5BB	thumb	DoQueuedActions
0x0804F5BC	0x0804F60F	thumb	PrintTradeMessage
0x0804F610	0x0804F725	thumb	LoadUISpriteGfx
0x0804F728	0x0804F747	thumb	DrawBottomRowText
0x0804F748	0x0804F88F	thumb	ComputePartyTradeableFlags
0x0804F890	0x0804F963	thumb	ComputePartyHPBarLevels
0x0804F964	0x0804F9D7	thumb	SetTradePartyHPBarSprites
0x0804F9D8	0x0804FA13	thumb	SaveTradeGiftRibbons
0x0804FA14	0x0804FB31	thumb	CanTradeSelectedMon
0x0804FB34	0x0804FBC7	thumb	GetGameProgressForLinkTrade
0x0804FBC8	0x0804FBEB	thumb	IsDeoxysOrMewUntradable
0x0804FBEC	0x0804FCDD	thumb	GetUnionRoomTradeMessageId
0x0804FCE0	0x0804FD23	thumb	CanRegisterMonForTradingBoard
0x0804FD24	0x0804FD45	thumb	SpriteCB_LinkMonGlow
0x0804FD48	0x0804FD77	thumb	SpriteCB_LinkMonGlowWireless
0x0804FD78	0x0804FDB7	thumb	SpriteCB_LinkMonShadow
0x0804FDB8	0x0804FDD9	thumb	SpriteCB_CableEndSending
0x0804FDDC	0x0804FDFD	thumb	SpriteCB_CableEndReceiving
0x0804FE00	0x0804FE21	thumb	SpriteCB_GbaScreen
0x0804FE24	0x0804FEB3	thumb	SetTradeBGAffine
0x0804FEB4	0x0804FF09	thumb	SetTradeGpuRegs
0x0804FF0C	0x0804FF21	thumb	VBlankCB_TradeAnim
0x0804FF24	0x0804FF4B	thumb	ClearLinkTimeoutTimer
0x0804FF4C	0x0804FFC3	thumb	CheckLinkTimeout
0x0804FFC4	0x0804FFE3	thumb	TradeGetMultiplayerId
0x0804FFE4	0x08050137	thumb	LoadTradeMonPic
0x08050138	0x0805049B	thumb	CB2_LinkTrade
0x0805049C	0x080504AD	thumb	InitTradeSequenceBgGpuRegs
0x080504B0	0x080504CB	thumb	LinkTradeDrawWindow
0x080504CC	0x080505CB	thumb	TradeAnimInit_LoadGfx
0x080505CC	0x0805079F	thumb	CB2_InitInGameTrade
0x080507A0	0x080507FF	thumb	UpdatePokedexForReceivedMon
0x08050800	0x08050809	thumb	TryEnableNationalDexFromLinkPartner
0x0805080C	0x080508F3	thumb	TradeMons
0x080508F4	0x08050947	thumb	HandleLinkDataSend
0x08050948	0x08050965	thumb	CB2_InGameTrade
0x08050968	0x08050DDF	thumb	SetTradeSequenceBgGpuRegs
0x08050DE0	0x08050E23	thumb	LoadTradeGbaSpriteGfx
0x08050E24	0x08050F13	thumb	TradeBufferOTnameAndNicknames
0x08050F14	0x08050F3B	thumb	DoTradeAnim
0x08050F3C	0x0805232B	thumb	DoTradeAnim_Cable
0x0805232C	0x08053787	thumb	DoTradeAnim_Wireless
0x08053788	0x0805383B	thumb	CB2_TryLinkTradeEvolution
0x0805383C	0x080538BB	thumb	HandleLinkDataReceive
0x080538BC	0x08053937	thumb	SpriteCB_BouncingPokeball
0x08053938	0x080539AB	thumb	SpriteCB_BouncingPokeballDepart
0x080539AC	0x08053A0B	thumb	SpriteCB_BouncingPokeballDepartEnd
0x08053A0C	0x08053A9B	thumb	SpriteCB_BouncingPokeballArrive
0x08053A9C	0x08053AE3	thumb	GetInGameTradeSpeciesInfo
0x08053AE4	0x08053B47	thumb	BufferInGameTradeMonName
0x08053B48	0x08053CD3	thumb	CreateInGameTradePokemonInternal
0x08053CD4	0x08053D2B	thumb	GetInGameTradeMail
0x08053D2C	0x08053D67	thumb	GetTradeSpecies
0x08053D68	0x08053D83	thumb	CreateInGameTradePokemon
0x08053D84	0x08053E1B	thumb	CB2_UpdateLinkTrade
0x08053E1C	0x08053E8B	thumb	CB2_WaitTradeComplete
0x08053E8C	0x080543C3	thumb	CB2_SaveAndEndTrade
0x080543C4	0x0805443F	thumb	CB2_FreeTradeAnim
0x08054440	0x0805446F	thumb	DoInGameTradeScene
0x08054470	0x080544AB	thumb	Task_InGameTrade
0x080544AC	0x080544FB	thumb	CheckPartnersMonForRibbons
0x080544FC	0x08054505	thumb	LoadTradeAnimGfx
0x08054508	0x08054587	thumb	DrawTextOnTradeWindow
0x08054588	0x0805465B	thumb	Task_AnimateWirelessSignal
0x0805465C	0x08054733	thumb	Task_OpenCenterWhiteColumn
0x08054734	0x08054811	thumb	Task_CloseCenterWhiteColumn
0x08054814	0x08054837	thumb	PlayTimeCounter_Reset
0x08054838	0x0805485F	thumb	PlayTimeCounter_Start
0x08054860	0x0805486B	thumb	PlayTimeCounter_Stop
0x0805486C	0x080548D3	thumb	PlayTimeCounter_Update
0x080548D4	0x080548FB	thumb	PlayTimeCounter_SetToMax
0x080548FC	0x0805490B	thumb	SetTrainerId
0x0805490C	0x08054927	thumb	CopyTrainerId
0x08054928	0x08054953	thumb	InitPlayerTrainerId
0x08054954	0x080549AB	thumb	SetDefaultOptions
0x080549AC	0x080549D3	thumb	ClearPokedexFlags
0x080549D4	0x080549F7	thumb	ClearBattleTower
0x080549F8	0x08054A17	thumb	WarpToPlayersRoom
0x08054A18	0x08054A25	thumb	Sav2_ClearSetDefault
0x08054A28	0x08054A5F	thumb	ResetMenuAndMonGlobals
0x08054A60	0x08054B6F	thumb	NewGameInitData
0x08054B70	0x08054BC7	thumb	ResetMiniGamesResults
0x08054BC8	0x08054C03	thumb	DoWhiteOut
0x08054C04	0x08054C47	thumb	ComputeWhiteOutMoneyLoss
0x08054C48	0x08054C6F	thumb	OverworldWhiteOutGetMoneyLoss
0x08054C70	0x08054C9F	thumb	CountBadgesForOverworldWhiteOutLossCalculation
0x08054CA0	0x08054D07	thumb	Overworld_ResetStateAfterFly
0x08054D08	0x08054D6F	thumb	Overworld_ResetStateAfterTeleport
0x08054D70	0x08054DD7	thumb	Overworld_ResetStateAfterDigEscRope
0x08054DD8	0x08054E3F	thumb	Overworld_ResetStateAfterWhitingOut
0x08054E40	0x08054E67	thumb	Overworld_ResetStateOnContinue
0x08054E68	0x08054E8F	thumb	ResetGameStats
0x08054E90	0x08054EC3	thumb	IncrementGameStat
0x08054EC4	0x08054EFD	thumb	GetGameStat
0x08054F00	0x08054F37	thumb	SetGameStat
0x08054F38	0x08054F67	thumb	ApplyNewEncryptionKeyToGameStats
0x08054F68	0x080550A7	thumb	LoadObjEventTemplatesFromHeader
0x080550A8	0x080550D7	thumb	LoadSaveblockObjEventScripts
0x080550D8	0x08055111	thumb	SetObjEventTemplateCoords
0x08055114	0x08055145	thumb	SetObjEventTemplateMovementType
0x08055148	0x0805516F	thumb	InitMapView
0x08055170	0x08055197	thumb	GetMapLayout
0x08055198	0x080551DB	thumb	ApplyCurrentWarp
0x080551DC	0x080551F9	thumb	SetWarpData
0x080551FC	0x08055235	thumb	IsDummyWarp
0x08055238	0x0805524F	thumb	Overworld_GetMapHeaderByGroupAndId
0x08055250	0x08055273	thumb	GetDestinationWarpMapHeader
0x08055274	0x080552BB	thumb	LoadCurrentMapData
0x080552BC	0x080552FB	thumb	LoadSaveblockMapHeader
0x080552FC	0x08055377	thumb	SetPlayerCoordsFromWarp
0x08055378	0x08055389	thumb	WarpIntoMap
0x0805538C	0x080553C7	thumb	SetWarpDestination
0x080553C8	0x080553E7	thumb	SetWarpDestinationToMapWarp
0x080553E8	0x0805541B	thumb	SetDynamicWarp
0x0805541C	0x08055453	thumb	SetDynamicWarpWithCoords
0x08055454	0x0805546B	thumb	SetWarpDestinationToDynamicWarp
0x0805546C	0x080554A1	thumb	SetWarpDestinationToHealLocation
0x080554A4	0x080554BB	thumb	SetWarpDestinationToLastHealLocation
0x080554BC	0x080554CB	thumb	Overworld_SetWhiteoutRespawnPoint
0x080554CC	0x0805550B	thumb	SetLastHealLocationWarp
0x0805550C	0x0805559F	thumb	UpdateEscapeWarp
0x080555A0	0x080555DF	thumb	SetEscapeWarp
0x080555E0	0x080555F7	thumb	SetWarpDestinationToEscapeWarp
0x080555F8	0x08055633	thumb	SetFixedDiveWarp
0x08055634	0x0805564B	thumb	SetWarpDestinationToDiveWarp
0x0805564C	0x08055687	thumb	SetFixedHoleWarp
0x08055688	0x080556DD	thumb	SetWarpDestinationToFixedHoleWarp
0x080556E0	0x080556F7	thumb	SetWarpDestinationToContinueGameWarp
0x080556F8	0x08055737	thumb	SetContinueGameWarp
0x08055738	0x08055777	thumb	SetContinueGameWarpToHealLocation
0x08055778	0x0805578B	thumb	SetContinueGameWarpToDynamicWarp
0x0805578C	0x080557C3	thumb	GetMapConnection
0x080557C4	0x08055821	thumb	SetDiveWarp
0x08055824	0x08055841	thumb	SetDiveWarpEmerge
0x08055844	0x08055861	thumb	SetDiveWarpDive
0x08055864	0x0805591F	thumb	LoadMapFromCameraTransition
0x08055920	0x080559A7	thumb	LoadMapFromWarp
0x080559A8	0x080559E3	thumb	QL_LoadMapNormal
0x080559E4	0x080559F7	thumb	ResetInitialPlayerAvatarState
0x080559F8	0x08055A07	thumb	SetInitialPlayerAvatarStateWithDirection
0x08055A08	0x08055A6B	thumb	StoreInitialPlayerAvatarState
0x08055A6C	0x08055ACB	thumb	GetInitialPlayerAvatarState
0x08055ACC	0x08055B37	thumb	GetAdjustedInitialTransitionFlags
0x08055B38	0x08055B71	thumb	MetatileBehavior_IsSurfableInSeafoamIslands
0x08055B74	0x08055C73	thumb	GetAdjustedInitialDirection
0x08055C74	0x08055C9B	thumb	GetCenterScreenMetatileBehavior
0x08055C9C	0x08055CB5	thumb	Overworld_IsBikingAllowed
0x08055CB8	0x08055D07	thumb	SetDefaultFlashLevel
0x08055D08	0x08055D2F	thumb	SetFlashLevel
0x08055D30	0x08055D3F	thumb	Overworld_GetFlashLevel
0x08055D40	0x08055D5B	thumb	SetCurrentMapLayout
0x08055D5C	0x08055D6B	thumb	Overworld_SetWarpDestinationFromWarp
0x08055D6C	0x08055D8B	thumb	GetLocationMusic
0x08055D8C	0x08055DA3	thumb	GetCurrLocationDefaultMusic
0x08055DA4	0x08055DB7	thumb	GetWarpDestinationMusic
0x08055DB8	0x08055DC1	thumb	Overworld_ResetMapMusic
0x08055DC4	0x08055E77	thumb	Overworld_PlaySpecialMapMusic
0x08055E78	0x08055E83	thumb	Overworld_SetSavedMusic
0x08055E84	0x08055E93	thumb	Overworld_ClearSavedMusic
0x08055E94	0x08055F19	thumb	Overworld_TryMapConnectionMusicTransition
0x08055F1C	0x08055F47	thumb	Overworld_ChangeMusicToDefault
0x08055F48	0x08055F67	thumb	Overworld_ChangeMusicTo
0x08055F68	0x08055F85	thumb	GetMapMusicFadeoutSpeed
0x08055F88	0x08055FC3	thumb	TryFadeOutOldMapMusic
0x08055FC4	0x08055FD1	thumb	BGMusicStopped
0x08055FD4	0x08055FDF	thumb	Overworld_FadeOutMapMusic
0x08055FE0	0x08056077	thumb	PlayAmbientCry
0x08056078	0x0805610B	thumb	UpdateAmbientCry
0x0805610C	0x08056123	thumb	ChooseAmbientCrySpecies
0x08056124	0x08056155	thumb	Overworld_MusicCanOverrideMapMusic
0x08056158	0x0805616F	thumb	GetMapTypeByGroupAndId
0x08056170	0x08056187	thumb	GetMapTypeByWarpData
0x08056188	0x0805619F	thumb	GetCurrentMapType
0x080561A0	0x080561B3	thumb	GetLastUsedWarpMapType
0x080561B4	0x080561D7	thumb	GetLastUsedWarpMapSectionId
0x080561D8	0x080561FB	thumb	IsMapTypeOutdoors
0x080561FC	0x0805621B	thumb	Overworld_MapTypeAllowsTeleportAndFly
0x0805621C	0x08056235	thumb	IsMapTypeIndoors
0x08056238	0x0805625F	thumb	GetSavedWarpRegionMapSectionId
0x08056260	0x08056287	thumb	GetCurrentRegionMapSectionId
0x08056288	0x080562AF	thumb	GetCurrentMapBattleScene
0x080562B0	0x08056353	thumb	InitOverworldBgs
0x08056354	0x080563EF	thumb	InitOverworldBgs_NoResetHeap
0x080563F0	0x0805641F	thumb	CleanupOverworldWindowsAndTilemaps
0x08056420	0x08056429	thumb	ResetSafariZoneFlag_
0x0805642C	0x08056449	thumb	IsUpdateLinkStateCBActive
0x0805644C	0x080564C5	thumb	DoCB1_Overworld
0x080564C8	0x08056533	thumb	DoCB1_Overworld_QuestLogPlayback
0x08056534	0x08056575	thumb	CB1_Overworld
0x08056578	0x080565A5	thumb	OverworldBasic
0x080565A8	0x080565B1	thumb	CB2_OverworldBasic
0x080565B4	0x080565DF	thumb	CB2_Overworld
0x080565E0	0x080565EB	thumb	SetMainCallback1
0x080565EC	0x08056643	thumb	RunFieldCallback
0x08056644	0x080566A3	thumb	CB2_NewGame
0x080566A4	0x0805671B	thumb	CB2_WhiteOut
0x0805671C	0x0805674B	thumb	CB2_LoadMap
0x0805674C	0x08056787	thumb	CB2_LoadMap2
0x08056788	0x080567AB	thumb	CB2_ReturnToFieldCableClub
0x080567AC	0x080567DB	thumb	CB2_LoadMapOnReturnToFieldCableClub
0x080567DC	0x08056807	thumb	CB2_ReturnToField
0x08056808	0x0805682B	thumb	CB2_ReturnToFieldLocal
0x0805682C	0x08056853	thumb	CB2_ReturnToFieldLink
0x08056854	0x080568A7	thumb	CB2_ReturnToFieldFromMultiplayer
0x080568A8	0x080568C3	thumb	CB2_ReturnToFieldWithOpenMenu
0x080568C4	0x080568DF	thumb	CB2_ReturnToFieldContinueScript
0x080568E0	0x080568FB	thumb	CB2_ReturnToFieldContinueScriptPlayMapMusic
0x080568FC	0x08056917	thumb	CB2_ReturnToFieldFromDiploma
0x08056918	0x08056937	thumb	FieldCB_ShowMapNameOnContinue
0x08056938	0x080569BB	thumb	CB2_ContinueSavedGame
0x080569BC	0x08056A03	thumb	FieldClearVBlankHBlankCallbacks
0x08056A04	0x08056A13	thumb	SetFieldVBlankCallback
0x08056A14	0x08056A31	thumb	VBlankCB_Field
0x08056A34	0x08056A5B	thumb	InitCurrentFlashLevelScanlineEffect
0x08056A5C	0x08056B75	thumb	LoadMapInStepsLink
0x08056B78	0x08056CD7	thumb	LoadMapInStepsLocal
0x08056CD8	0x08056D43	thumb	ReturnToFieldLocal
0x08056D44	0x08056E5B	thumb	ReturnToFieldLink
0x08056E5C	0x08056E71	thumb	DoMapLoadLoop
0x08056E74	0x08056E7D	thumb	MoveSaveBlocks_ResetHeap_
0x08056E80	0x08056F07	thumb	ResetScreenForMapLoad
0x08056F08	0x08056F19	thumb	InitViewGraphics
0x08056F1C	0x08057023	thumb	InitOverworldGraphicsRegisters
0x08057024	0x08057073	thumb	ResumeMap
0x08057074	0x0805709B	thumb	InitObjectEventsLink
0x0805709C	0x080570FF	thumb	InitObjectEventsLocal
0x08057100	0x08057111	thumb	ReloadObjectsAndRunReturnToFieldMapScript
0x08057114	0x0805713F	thumb	SetCameraToTrackPlayer
0x08057140	0x0805715B	thumb	SetCameraToTrackGuestPlayer
0x0805715C	0x08057177	thumb	SetCameraToTrackGuestPlayer_2
0x08057178	0x080571A7	thumb	OffsetCameraFocusByLinkPlayerId
0x080571A8	0x0805722F	thumb	SpawnLinkPlayers
0x08057230	0x0805726B	thumb	CreateLinkPlayerSprites
0x0805726C	0x080572A7	thumb	CB2_SetUpOverworldForQLPlaybackWithWarpExit
0x080572A8	0x080572D7	thumb	CB2_SetUpOverworldForQLPlayback
0x080572D8	0x080572FF	thumb	CB2_LoadMapForQLPlayback
0x08057300	0x08057313	thumb	DoLoadMap_QLPlayback
0x08057314	0x0805742F	thumb	LoadMap_QLPlayback
0x08057430	0x080574A3	thumb	CB2_EnterFieldFromQuestLog
0x080574A4	0x080574EB	thumb	Overworld_CreditsMainCB
0x080574EC	0x08057509	thumb	FieldCB2_Credits_WaitFade
0x0805750C	0x08057527	thumb	Overworld_DoScrollSceneForCredits
0x08057528	0x0805764F	thumb	SetUpScrollSceneForCredits
0x08057650	0x08057747	thumb	MapLdr_Credits
0x08057748	0x08057819	thumb	CameraCB_CreditsPan
0x0805781C	0x08057853	thumb	Task_OvwldCredits_FadeOut
0x08057854	0x08057883	thumb	Task_OvwldCredits_WaitFade
0x08057884	0x080578D7	thumb	CB1_UpdateLinkState
0x080578D8	0x080578EB	thumb	ResetAllMultiplayerState
0x080578EC	0x080578FB	thumb	ClearAllPlayerKeys
0x080578FC	0x0805790F	thumb	SetKeyInterceptCallback
0x08057910	0x0805793B	thumb	CheckRfuKeepAliveTimer
0x0805793C	0x08057953	thumb	ResetAllLinkStates
0x08057954	0x08057989	thumb	AreAllPlayersInLinkState
0x0805798C	0x080579C1	thumb	IsAnyPlayerInLinkState
0x080579C4	0x08057BE3	thumb	HandleLinkPlayerKeyInput
0x08057BE4	0x08057C4B	thumb	UpdateAllLinkPlayers
0x08057C4C	0x08057CB7	thumb	UpdateHeldKeyCode
0x08057CB8	0x08057D13	thumb	KeyInterCB_ReadButtons
0x08057D14	0x08057D47	thumb	GetDirectionForDpadKey
0x08057D48	0x08057D59	thumb	ResetPlayerHeldKeys
0x08057D5C	0x08057D97	thumb	KeyInterCB_SelfIdle
0x08057D98	0x08057DA3	thumb	KeyInterCB_Idle
0x08057DA4	0x08057DC7	thumb	KeyInterCB_DeferToEventScript
0x08057DC8	0x08057DEB	thumb	KeyInterCB_DeferToRecvQueue
0x08057DEC	0x08057E0F	thumb	KeyInterCB_DeferToSendQueue
0x08057E10	0x08057E1B	thumb	KeyInterCB_DoNothingAndKeepAlive
0x08057E1C	0x08057E55	thumb	KeyInterCB_Ready
0x08057E58	0x08057E6B	thumb	KeyInterCB_SetReady
0x08057E6C	0x08057E6F	thumb	KeyInterCB_SendNothing
0x08057E70	0x08057EA7	thumb	KeyInterCB_WaitForPlayersToExit
0x08057EA8	0x08057EBB	thumb	KeyInterCB_SendExitRoomKey
0x08057EBC	0x08057EBF	thumb	KeyInterCB_SendNothing_2
0x08057EC0	0x08057F27	thumb	GetCableClubPartnersReady
0x08057F28	0x08057F33	thumb	IsAnyPlayerExitingCableClub
0x08057F34	0x08057F47	thumb	SetInCableClubSeat
0x08057F48	0x08057F5B	thumb	SetLinkWaitingForScript
0x08057F5C	0x08057F6F	thumb	QueueExitLinkRoomKey
0x08057F70	0x08057F83	thumb	SetStartedCableClubActivity
0x08057F84	0x08057FEB	thumb	LoadCableClubPlayer
0x08057FEC	0x08058001	thumb	IsCableClubPlayerUnfrozen
0x08058004	0x08058019	thumb	CanCableClubPlayerPressStart
0x0805801C	0x08058033	thumb	TryGetTileEventScript
0x08058034	0x0805805F	thumb	PlayerIsAtSouthExit
0x08058060	0x08058129	thumb	TryInteractWithPlayer
0x0805812C	0x080581B9	thumb	GetDirectionForEventScript
0x080581BC	0x080581C5	thumb	InitLinkPlayerQueueScript
0x080581C8	0x080581DB	thumb	InitLinkRoomStartMenuScript
0x080581DC	0x080581F5	thumb	RunInteractLocalPlayerScript
0x080581F8	0x08058213	thumb	CreateConfirmLeaveTradeRoomPrompt
0x08058214	0x0805822D	thumb	InitMenuBasedScript
0x08058230	0x08058243	thumb	RunTerminateLinkScript
0x08058244	0x08058273	thumb	Overworld_LinkRecvQueueLengthMoreThan2
0x08058274	0x080582DD	thumb	Overworld_RecvKeysFromLinkIsRunning
0x080582E0	0x08058315	thumb	Overworld_SendKeysToLinkIsRunning
0x08058318	0x08058339	thumb	IsSendingKeysOverCable
0x0805833C	0x0805836F	thumb	GetLinkSendQueueLength
0x08058370	0x08058375	thumb	ZeroLinkPlayerObjectEvent
0x08058378	0x0805838B	thumb	ClearLinkPlayerObjectEvents
0x0805838C	0x08058399	thumb	ZeroObjectEvent
0x0805839C	0x08058447	thumb	SpawnLinkPlayerObjectEvent
0x08058448	0x08058485	thumb	InitLinkPlayerObjectEventPos
0x08058488	0x080584B7	thumb	SetLinkPlayerObjectRange
0x080584B8	0x08058503	thumb	DestroyLinkPlayerObject
0x08058504	0x08058523	thumb	GetSpriteForLinkedPlayer
0x08058524	0x0805854B	thumb	GetLinkPlayerCoords
0x0805854C	0x0805856B	thumb	GetLinkPlayerFacingDirection
0x0805856C	0x0805858F	thumb	GetLinkPlayerElevation
0x08058590	0x080585B7	thumb	GetLinkPlayerObjectStepTimer
0x080585B8	0x08058615	thumb	GetLinkPlayerIdAt
0x08058618	0x08058683	thumb	SetPlayerFacingDirection
0x08058684	0x080586A3	thumb	MovementEventModeCB_Normal
0x080586A4	0x080586A7	thumb	MovementEventModeCB_Ignored
0x080586A8	0x080586C7	thumb	MovementEventModeCB_Normal_2
0x080586C8	0x080586CB	thumb	FacingHandler_DoNothing
0x080586CC	0x08058733	thumb	FacingHandler_DpadMovement
0x08058734	0x0805874B	thumb	FacingHandler_ForcedFacingChange
0x0805874C	0x08058751	thumb	MovementStatusHandler_EnterFreeMode
0x08058754	0x08058789	thumb	MovementStatusHandler_TryAdvanceScript
0x0805878C	0x080587E9	thumb	FlipVerticalAndClearForced
0x080587EC	0x08058877	thumb	LinkPlayerDetectCollision
0x08058878	0x0805890B	thumb	CreateLinkPlayerSprite
0x0805890C	0x080589C1	thumb	SpriteCB_LinkPlayer
0x080589C4	0x080589D3	thumb	GetMapHeaderFromConnection
0x080589D4	0x080589E7	thumb	InitMap
0x080589E8	0x080589FF	thumb	InitMapFromSavedGame
0x08058A00	0x08058A6F	thumb	InitMapLayoutData
0x08058A70	0x08058AC7	thumb	InitBackupMapLayoutData
0x08058AC8	0x08058B51	thumb	InitBackupMapLayoutConnections
0x08058B54	0x08058BB7	thumb	FillConnection
0x08058BB8	0x08058C1F	thumb	FillSouthConnection
0x08058C20	0x08058C7F	thumb	FillNorthConnection
0x08058C80	0x08058CDF	thumb	FillWestConnection
0x08058CE0	0x08058D43	thumb	FillEastConnection
0x08058D44	0x08058DC3	thumb	MapGridGetElevationAt
0x08058DC4	0x08058E47	thumb	MapGridGetCollisionAt
0x08058E48	0x08058F1B	thumb	MapGridGetMetatileIdAt
0x08058F1C	0x08058F47	thumb	ExtractMetatileAttribute
0x08058F48	0x08058F77	thumb	MapGridGetMetatileAttributeAt
0x08058F78	0x08058F8B	thumb	MapGridGetMetatileBehaviorAt
0x08058F8C	0x08058FA3	thumb	MapGridGetMetatileLayerTypeAt
0x08058FA4	0x08058FEB	thumb	MapGridSetMetatileIdAt
0x08058FEC	0x08059023	thumb	MapGridSetMetatileEntryAt
0x08059024	0x0805907F	thumb	MapGridSetMetatileImpassabilityAt
0x08059080	0x080590D7	thumb	GetAttributeByMetatileIdAndMapLayout
0x080590D8	0x08059157	thumb	SaveMapView
0x08059158	0x08059197	thumb	SavedMapViewIsEmpty
0x08059198	0x080591C3	thumb	ClearSavedMapView
0x080591C4	0x0805924F	thumb	LoadSavedMapView
0x08059250	0x08059333	thumb	MoveMapViewToBackup
0x08059334	0x0805943B	thumb	GetMapBorderIdAt
0x0805943C	0x08059463	thumb	GetPostCameraMoveMapBorderId
0x08059464	0x080594AB	thumb	CanCameraMoveInDirection
0x080594AC	0x0805952F	thumb	SetPositionFromConnection
0x08059530	0x080595FF	thumb	CameraMove
0x08059600	0x08059655	thumb	GetIncomingConnection
0x08059658	0x080596BB	thumb	IsPosInIncomingConnectingMap
0x080596BC	0x080596E5	thumb	IsCoordInIncomingConnectingMap
0x080596E8	0x080596FB	thumb	IsCoordInConnectingMap
0x080596FC	0x0805973B	thumb	IsPosInConnectingMap
0x0805973C	0x080597E9	thumb	GetMapConnectionAtPos
0x080597EC	0x08059807	thumb	SetCameraFocusCoords
0x08059808	0x0805981F	thumb	GetCameraFocusCoords
0x08059820	0x0805982F	thumb	SetCameraCoords
0x08059830	0x08059843	thumb	GetCameraCoords
0x08059844	0x08059887	thumb	CopyTilesetToVram
0x08059888	0x080598CB	thumb	CopyTilesetToVramUsingHeap
0x080598CC	0x08059947	thumb	ApplyGlobalTintToPaletteEntries
0x08059948	0x080599C7	thumb	ApplyGlobalTintToPaletteSlot
0x080599C8	0x08059A51	thumb	LoadTilesetPalette
0x08059A54	0x08059A65	thumb	CopyPrimaryTilesetToVram
0x08059A68	0x08059A7B	thumb	CopySecondaryTilesetToVram
0x08059A7C	0x08059A8F	thumb	CopySecondaryTilesetToVramUsingHeap
0x08059A90	0x08059A9F	thumb	LoadPrimaryTilesetPalette
0x08059AA0	0x08059AAF	thumb	LoadSecondaryTilesetPalette
0x08059AB0	0x08059AD7	thumb	CopyMapTilesetsToVram
0x08059AD8	0x08059AEF	thumb	LoadMapTilesetPalettes
0x08059AF0	0x08059AF3	thumb	MetatileBehavior_IsATile
0x08059AF4	0x08059B07	thumb	MetatileBehavior_IsJumpEast
0x08059B08	0x08059B1B	thumb	MetatileBehavior_IsJumpWest
0x08059B1C	0x08059B2F	thumb	MetatileBehavior_IsJumpNorth
0x08059B30	0x08059B43	thumb	MetatileBehavior_IsJumpSouth
0x08059B44	0x08059B5B	thumb	MetatileBehavior_IsPokeGrass
0x08059B5C	0x08059B73	thumb	MetatileBehavior_IsSand
0x08059B74	0x08059B8B	thumb	MetatileBehavior_IsSandOrShallowFlowingWater
0x08059B8C	0x08059B8F	thumb	MetatileBehavior_IsDeepSand
0x08059B90	0x08059BB3	thumb	MetatileBehavior_IsReflective
0x08059BB4	0x08059BC7	thumb	MetatileBehavior_IsIce
0x08059BC8	0x08059BDB	thumb	MetatileBehavior_IsWarpDoor
0x08059BDC	0x08059BEF	thumb	MetatileBehavior_IsWarpDoor_2
0x08059BF0	0x08059C09	thumb	MetatileBehavior_IsEscalator
0x08059C0C	0x08059C1F	thumb	MetatileBehavior_IsDirectionalUpRightStairWarp
0x08059C20	0x08059C33	thumb	MetatileBehavior_IsDirectionalUpLeftStairWarp
0x08059C34	0x08059C47	thumb	MetatileBehavior_IsDirectionalDownRightStairWarp
0x08059C48	0x08059C5B	thumb	MetatileBehavior_IsDirectionalDownLeftStairWarp
0x08059C5C	0x08059C75	thumb	MetatileBehavior_IsDirectionalStairWarp
0x08059C78	0x08059C8B	thumb	MetatileBehavior_IsLadder
0x08059C8C	0x08059C9F	thumb	MetatileBehavior_IsNonAnimDoor
0x08059CA0	0x08059CA3	thumb	MetatileBehavior_IsDeepSouthWarp
0x08059CA4	0x08059CC5	thumb	MetatileBehavior_IsSurfable
0x08059CC8	0x08059CDB	thumb	MetatileBehavior_IsFastWater
0x08059CDC	0x08059CEF	thumb	MetatileBehavior_IsEastArrowWarp
0x08059CF0	0x08059D03	thumb	MetatileBehavior_IsWestArrowWarp
0x08059D04	0x08059D17	thumb	MetatileBehavior_IsNorthArrowWarp
0x08059D18	0x08059D2B	thumb	MetatileBehavior_IsSouthArrowWarp
0x08059D2C	0x08059D6D	thumb	MetatileBehavior_IsArrowWarp
0x08059D70	0x08059DAB	thumb	MetatileBehavior_IsForcedMovementTile
0x08059DAC	0x08059DBF	thumb	MetatileBehavior_IsIce_2
0x08059DC0	0x08059DD3	thumb	MetatileBehavior_IsTrickHouseSlipperyFloor
0x08059DD4	0x08059DE7	thumb	MetatileBehavior_IsWalkNorth
0x08059DE8	0x08059DFB	thumb	MetatileBehavior_IsWalkSouth
0x08059DFC	0x08059E0F	thumb	MetatileBehavior_IsWalkWest
0x08059E10	0x08059E23	thumb	MetatileBehavior_IsWalkEast
0x08059E24	0x08059E37	thumb	MetatileBehavior_IsNorthwardCurrent
0x08059E38	0x08059E4B	thumb	MetatileBehavior_IsSouthwardCurrent
0x08059E4C	0x08059E5F	thumb	MetatileBehavior_IsWestwardCurrent
0x08059E60	0x08059E73	thumb	MetatileBehavior_IsEastwardCurrent
0x08059E74	0x08059E87	thumb	MetatileBehavior_IsSlideNorth
0x08059E88	0x08059E9B	thumb	MetatileBehavior_IsSlideSouth
0x08059E9C	0x08059EAF	thumb	MetatileBehavior_IsSlideWest
0x08059EB0	0x08059EC3	thumb	MetatileBehavior_IsSlideEast
0x08059EC4	0x08059ED7	thumb	MetatileBehavior_IsCounter
0x08059ED8	0x08059EF3	thumb	MetatileBehavior_IsPlayerFacingTVScreen
0x08059EF4	0x08059F07	thumb	MetatileBehavior_IsPC
0x08059F08	0x08059F1F	thumb	MetatileBehavior_HasRipples
0x08059F20	0x08059F33	thumb	MetatileBehavior_IsPuddle
0x08059F34	0x08059F4B	thumb	MetatileBehavior_IsTallGrass
0x08059F4C	0x08059F4F	thumb	MetatileBehavior_IsLongGrass
0x08059F50	0x08059F53	thumb	MetatileBehavior_IsAshGrass
0x08059F54	0x08059F57	thumb	MetatileBehavior_IsFootprints
0x08059F58	0x08059F5B	thumb	MetatileBehavior_IsBridge
0x08059F5C	0x08059F5F	thumb	MetatileBehavior_GetBridgeType
0x08059F60	0x08059F73	thumb	MetatileBehavior_IsUnused01
0x08059F74	0x08059F87	thumb	MetatileBehavior_UnusedIsTallGrass
0x08059F88	0x08059F9B	thumb	MetatileBehavior_IsIndoorEncounter
0x08059F9C	0x08059FAF	thumb	MetatileBehavior_IsMountain
0x08059FB0	0x08059FC9	thumb	MetatileBehavior_IsDiveable
0x08059FCC	0x08059FDF	thumb	MetatileBehavior_IsUnableToEmerge
0x08059FE0	0x08059FF3	thumb	MetatileBehavior_IsShallowFlowingWater
0x08059FF4	0x0805A007	thumb	MetatileBehavior_IsThinIce
0x0805A008	0x0805A01B	thumb	MetatileBehavior_IsCrackedIce
0x0805A01C	0x0805A03B	thumb	MetatileBehavior_IsDeepWaterTerrain
0x0805A03C	0x0805A04F	thumb	MetatileBehavior_IsUnusedWater
0x0805A050	0x0805A079	thumb	MetatileBehavior_IsSurfableAndNotWaterfall
0x0805A07C	0x0805A097	thumb	MetatileBehavior_IsEastBlocked
0x0805A098	0x0805A0B3	thumb	MetatileBehavior_IsWestBlocked
0x0805A0B4	0x0805A0CF	thumb	MetatileBehavior_IsNorthBlocked
0x0805A0D0	0x0805A0EB	thumb	MetatileBehavior_IsSouthBlocked
0x0805A0EC	0x0805A0EF	thumb	MetatileBehavior_IsShortGrass
0x0805A0F0	0x0805A103	thumb	MetatileBehavior_IsHotSprings
0x0805A104	0x0805A117	thumb	MetatileBehavior_IsWaterfall
0x0805A118	0x0805A11B	thumb	MetatileBehavior_IsFortreeBridge
0x0805A11C	0x0805A11F	thumb	MetatileBehavior_IsPacifidlogVerticalLogTop
0x0805A120	0x0805A123	thumb	MetatileBehavior_IsPacifidlogVerticalLogBottom
0x0805A124	0x0805A127	thumb	MetatileBehavior_IsPacifidlogHorizontalLogLeft
0x0805A128	0x0805A12B	thumb	MetatileBehavior_IsPacifidlogHorizontalLogRight
0x0805A12C	0x0805A12F	thumb	MetatileBehavior_IsPacifidlogLog
0x0805A130	0x0805A133	thumb	MetatileBehavior_IsTrickHousePuzzleDoor
0x0805A134	0x0805A147	thumb	MetatileBehavior_IsRegionMap
0x0805A148	0x0805A14B	thumb	MetatileBehavior_IsRoulette
0x0805A14C	0x0805A14F	thumb	MetatileBehavior_IsPokeblockFeeder
0x0805A150	0x0805A153	thumb	MetatileBehavior_IsSecretBaseJumpMat
0x0805A154	0x0805A157	thumb	MetatileBehavior_IsSecretBaseSpinMat
0x0805A158	0x0805A15B	thumb	MetatileBehavior_IsLavaridgeB1FWarp
0x0805A15C	0x0805A16F	thumb	MetatileBehavior_IsLavaridge1FWarp
0x0805A170	0x0805A183	thumb	MetatileBehavior_IsWarpPad
0x0805A184	0x0805A197	thumb	MetatileBehavior_IsUnionRoomWarp
0x0805A198	0x0805A1C3	thumb	MetatileBehavior_IsWater
0x0805A1C4	0x0805A1D7	thumb	MetatileBehavior_IsFallWarp
0x0805A1D8	0x0805A1DB	thumb	MetatileBehavior_IsCrackedFloor
0x0805A1DC	0x0805A1F5	thumb	MetatileBehavior_IsCyclingRoadPullDownTile
0x0805A1F8	0x0805A20B	thumb	MetatileBehavior_IsCyclingRoadPullDownTileGrass
0x0805A20C	0x0805A20F	thumb	MetatileBehavior_IsBumpySlope
0x0805A210	0x0805A213	thumb	MetatileBehavior_IsIsolatedVerticalRail
0x0805A214	0x0805A217	thumb	MetatileBehavior_IsIsolatedHorizontalRail
0x0805A218	0x0805A21B	thumb	MetatileBehavior_IsVerticalRail
0x0805A21C	0x0805A21F	thumb	MetatileBehavior_IsHorizontalRail
0x0805A220	0x0805A233	thumb	MetatileBehavior_IsSeaweed
0x0805A234	0x0805A247	thumb	MetatileBehavior_IsRunningDisallowed
0x0805A248	0x0805A24B	thumb	MetatileBehavior_IsPictureBookShelf
0x0805A24C	0x0805A25F	thumb	MetatileBehavior_IsBookshelf
0x0805A260	0x0805A273	thumb	MetatileBehavior_IsPokeMartShelf
0x0805A274	0x0805A28F	thumb	MetatileBehavior_IsPlayerFacingPokemonCenterSign
0x0805A290	0x0805A2AB	thumb	MetatileBehavior_IsPlayerFacingPokeMartSign
0x0805A2AC	0x0805A2AF	thumb	MetatileBehavior_UnknownDummy1
0x0805A2B0	0x0805A2B3	thumb	MetatileBehavior_UnknownDummy2
0x0805A2B4	0x0805A2B7	thumb	MetatileBehavior_UnknownDummy3
0x0805A2B8	0x0805A2BB	thumb	MetatileBehavior_UnknownDummy4
0x0805A2BC	0x0805A2DD	thumb	TestMetatileAttributeBit
0x0805A2E0	0x0805A2F3	thumb	MetatileBehavior_IsSpinRight
0x0805A2F4	0x0805A307	thumb	MetatileBehavior_IsSpinLeft
0x0805A308	0x0805A31B	thumb	MetatileBehavior_IsSpinUp
0x0805A31C	0x0805A32F	thumb	MetatileBehavior_IsSpinDown
0x0805A330	0x0805A343	thumb	MetatileBehavior_IsStopSpinning
0x0805A344	0x0805A35D	thumb	MetatileBehavior_IsSpinTile
0x0805A360	0x0805A373	thumb	MetatileBehavior_IsSignpost
0x0805A374	0x0805A387	thumb	MetatileBehavior_IsCabinet
0x0805A388	0x0805A39B	thumb	MetatileBehavior_IsKitchen
0x0805A39C	0x0805A3AF	thumb	MetatileBehavior_IsDresser
0x0805A3B0	0x0805A3C3	thumb	MetatileBehavior_IsSnacks
0x0805A3C4	0x0805A3D7	thumb	MetatileBehavior_IsStrengthButton
0x0805A3D8	0x0805A3F3	thumb	MetatileBehavior_IsPlayerFacingCableClubWirelessMonitor
0x0805A3F4	0x0805A40F	thumb	MetatileBehavior_IsPlayerFacingBattleRecords
0x0805A410	0x0805A423	thumb	MetatileBehavior_IsQuestionnaire
0x0805A424	0x0805A437	thumb	MetatileBehavior_IsIndigoPlateauSign1
0x0805A438	0x0805A44B	thumb	MetatileBehavior_IsIndigoPlateauSign2
0x0805A44C	0x0805A45F	thumb	MetatileBehavior_IsFood
0x0805A460	0x0805A473	thumb	MetatileBehavior_IsRockStairs
0x0805A474	0x0805A487	thumb	MetatileBehavior_IsBlueprints
0x0805A488	0x0805A49B	thumb	MetatileBehavior_IsPainting
0x0805A49C	0x0805A4AF	thumb	MetatileBehavior_IsPowerPlantMachine
0x0805A4B0	0x0805A4C3	thumb	MetatileBehavior_IsTelephone
0x0805A4C4	0x0805A4D7	thumb	MetatileBehavior_IsComputer
0x0805A4D8	0x0805A4EB	thumb	MetatileBehavior_IsAdvertisingPoster
0x0805A4EC	0x0805A4FF	thumb	MetatileBehavior_IsTastyFood
0x0805A500	0x0805A513	thumb	MetatileBehavior_IsTrashBin
0x0805A514	0x0805A527	thumb	MetatileBehavior_IsCup
0x0805A528	0x0805A52B	thumb	MetatileBehavior_IsPolishedWindow
0x0805A52C	0x0805A52F	thumb	MetatileBehavior_IsBeautifulSkyWindow
0x0805A530	0x0805A543	thumb	MetatileBehavior_IsBlinkingLights
0x0805A544	0x0805A557	thumb	MetatileBehavior_IsNeatlyLinedUpTools
0x0805A558	0x0805A56B	thumb	MetatileBehavior_IsImpressiveMachine
0x0805A56C	0x0805A57F	thumb	MetatileBehavior_IsVideoGame
0x0805A580	0x0805A593	thumb	MetatileBehavior_IsBurglary
0x0805A594	0x0805A5A7	thumb	MetatileBehavior_IsTrainerTowerMonitor
0x0805A5A8	0x0805A5B7	thumb	move_tilemap_camera_to_upper_left_corner_
0x0805A5B8	0x0805A5D3	thumb	tilemap_move_something
0x0805A5D4	0x0805A5E1	thumb	coords8_add
0x0805A5E4	0x0805A5F3	thumb	move_tilemap_camera_to_upper_left_corner
0x0805A5F4	0x0805A657	thumb	FieldUpdateBgTilemapScroll
0x0805A658	0x0805A683	thumb	FieldCameraGetPixelOffsetAtGround
0x0805A684	0x0805A6A7	thumb	DrawWholeMapView
0x0805A6A8	0x0805A72B	thumb	DrawWholeMapViewInternal
0x0805A72C	0x0805A777	thumb	RedrawMapSlicesForCameraUpdate
0x0805A778	0x0805A7D7	thumb	RedrawMapSliceNorth
0x0805A7D8	0x0805A823	thumb	RedrawMapSliceSouth
0x0805A824	0x0805A87B	thumb	RedrawMapSliceEast
0x0805A87C	0x0805A8E7	thumb	RedrawMapSliceWest
0x0805A8E8	0x0805A91B	thumb	CurrentMapDrawMetatileAt
0x0805A91C	0x0805A947	thumb	DrawDoorMetatileAt
0x0805A948	0x0805A9B3	thumb	DrawMetatileAt
0x0805A9B4	0x0805AAE7	thumb	DrawMetatile
0x0805AAE8	0x0805AB2F	thumb	MapPosToBgTilemapOffset
0x0805AB30	0x0805AB57	thumb	CameraUpdateCallback
0x0805AB58	0x0805AB6F	thumb	ResetCameraUpdateInfo
0x0805AB70	0x0805ABAF	thumb	InitCameraUpdateCallback
0x0805ABB0	0x0805ACB3	thumb	CameraUpdate
0x0805ACB4	0x0805ACEF	thumb	MoveCameraAndRedrawMap
0x0805ACF0	0x0805ADD3	thumb	CameraUpdateNoObjectRefresh
0x0805ADD4	0x0805ADDF	thumb	SetCameraPanningCallback
0x0805ADE0	0x0805ADF7	thumb	SetCameraPanning
0x0805ADF8	0x0805AE27	thumb	InstallCameraPanAheadCallback
0x0805AE28	0x0805AE73	thumb	UpdateCameraPanning
0x0805AE74	0x0805AF13	thumb	CameraPanningCB_PanAhead
0x0805AF14	0x0805AF53	thumb	DrawDoor
0x0805AF54	0x0805AF7F	thumb	DrawClosedDoorTiles
0x0805AF80	0x0805AF93	thumb	CopyDoorTilesToVram
0x0805AF94	0x0805AFE5	thumb	DrawCurrentDoorAnimFrame
0x0805AFE8	0x0805B027	thumb	BuildDoorTiles
0x0805B028	0x0805B05F	thumb	Task_AnimateDoor
0x0805B060	0x0805B0C1	thumb	AnimateDoorFrame
0x0805B0C4	0x0805B0E5	thumb	GetDoorGraphics
0x0805B0E8	0x0805B149	thumb	StartDoorAnimationTask
0x0805B14C	0x0805B155	thumb	DrawClosedDoor
0x0805B158	0x0805B1A3	thumb	DrawOpenedDoor
0x0805B1A4	0x0805B1B7	thumb	GetLastDoorAnimFrame
0x0805B1B8	0x0805B20F	thumb	AnimateDoorOpenInternal
0x0805B210	0x0805B267	thumb	StartDoorCloseAnimation
0x0805B268	0x0805B29B	thumb	FieldSetDoorOpened
0x0805B29C	0x0805B2CF	thumb	FieldSetDoorClosed
0x0805B2D0	0x0805B30D	thumb	FieldAnimateDoorClose
0x0805B310	0x0805B34D	thumb	FieldAnimateDoorOpen
0x0805B350	0x0805B363	thumb	FieldIsDoorAnimationRunning
0x0805B364	0x0805B385	thumb	GetDoorSoundEffect
0x0805B388	0x0805B3B5	thumb	GetDoorSoundType
0x0805B3B8	0x0805B3DB	thumb	MovementType_Player
0x0805B3DC	0x0805B3DF	thumb	ObjectEventCB2_NoMovement2
0x0805B3E0	0x0805B45B	thumb	player_step
0x0805B45C	0x0805B4AD	thumb	TryInterruptObjectEventSpecialAnim
0x0805B4B0	0x0805B4D3	thumb	npc_clear_strange_bits
0x0805B4D4	0x0805B509	thumb	MovePlayerAvatarUsingKeypadInput
0x0805B50C	0x0805B527	thumb	PlayerAllowForcedMovementIfMovingSameDirection
0x0805B528	0x0805B59F	thumb	TryUpdatePlayerSpinDirection
0x0805B5A0	0x0805B643	thumb	TryDoMetatileBehaviorForcedMovement
0x0805B644	0x0805B68F	thumb	ForcedMovement_None
0x0805B690	0x0805B705	thumb	DoForcedMovement
0x0805B708	0x0805B73B	thumb	DoForcedMovementInCurrentDirection
0x0805B73C	0x0805B74F	thumb	ForcedMovement_Slip
0x0805B750	0x0805B767	thumb	ForcedMovement_WalkSouth
0x0805B768	0x0805B77F	thumb	ForcedMovement_WalkNorth
0x0805B780	0x0805B797	thumb	ForcedMovement_WalkWest
0x0805B798	0x0805B7AF	thumb	ForcedMovement_WalkEast
0x0805B7B0	0x0805B7CB	thumb	ForcedMovement_SpinRight
0x0805B7CC	0x0805B7E7	thumb	ForcedMovement_SpinLeft
0x0805B7E8	0x0805B803	thumb	ForcedMovement_SpinUp
0x0805B804	0x0805B81F	thumb	ForcedMovement_SpinDown
0x0805B820	0x0805B82B	thumb	PlaySpinSound
0x0805B82C	0x0805B843	thumb	ForcedMovement_PushedSouthByCurrent
0x0805B844	0x0805B85B	thumb	ForcedMovement_PushedNorthByCurrent
0x0805B85C	0x0805B873	thumb	ForcedMovement_PushedWestByCurrent
0x0805B874	0x0805B88B	thumb	ForcedMovement_PushedEastByCurrent
0x0805B88C	0x0805B8C3	thumb	ForcedMovement_Slide
0x0805B8C4	0x0805B8DB	thumb	ForcedMovement_SlideSouth
0x0805B8DC	0x0805B8F3	thumb	ForcedMovement_SlideNorth
0x0805B8F4	0x0805B90B	thumb	ForcedMovement_SlideWest
0x0805B90C	0x0805B923	thumb	ForcedMovement_SlideEast
0x0805B924	0x0805B92F	thumb	ForcedMovement_MatJump
0x0805B930	0x0805B93B	thumb	ForcedMovement_MatSpin
0x0805B93C	0x0805B96B	thumb	MovePlayerNotOnBike
0x0805B96C	0x0805B9AF	thumb	CheckMovementInputNotOnBike
0x0805B9B0	0x0805B9C1	thumb	PlayerNotOnBikeNotMoving
0x0805B9C4	0x0805B9D1	thumb	PlayerNotOnBikeTurningInPlace
0x0805B9D4	0x0805BAA9	thumb	PlayerNotOnBikeMoving
0x0805BAAC	0x0805BB1B	thumb	PlayerIsMovingOnRockStairs
0x0805BB1C	0x0805BBA5	thumb	CheckForPlayerAvatarCollision
0x0805BBA8	0x0805BC5F	thumb	CheckForObjectEventCollision
0x0805BC60	0x0805BCC7	thumb	CanStopSurfing
0x0805BCC8	0x0805BCE9	thumb	ShouldJumpLedge
0x0805BCEC	0x0805BDA9	thumb	TryPushBoulder
0x0805BDAC	0x0805BDEB	thumb	CheckAcroBikeCollision
0x0805BDEC	0x0805BE07	thumb	SetPlayerAvatarTransitionFlags
0x0805BE08	0x0805BE5B	thumb	DoPlayerAvatarTransition
0x0805BE5C	0x0805BE5D	thumb	PlayerAvatarTransition_Dummy
0x0805BE60	0x0805BE71	thumb	PlayerAvatarTransition_Normal
0x0805BE74	0x0805BE8D	thumb	PlayerAvatarTransition_Bike
0x0805BE90	0x0805BEA1	thumb	PlayerAvatarTransition_Surfing
0x0805BEA4	0x0805BEA5	thumb	PlayerAvatarTransition_Underwater
0x0805BEA8	0x0805BEB7	thumb	PlayerAvatarTransition_ReturnToField
0x0805BEB8	0x0805BEFB	thumb	UpdatePlayerAvatarTransitionState
0x0805BEFC	0x0805BF55	thumb	PlayerAnimIsMultiFrameStationary
0x0805BF58	0x0805BF79	thumb	PlayerAnimIsMultiFrameStationaryAndStateNotTurning
0x0805BF7C	0x0805BF9F	thumb	PlayerIsAnimActive
0x0805BFA0	0x0805BFC3	thumb	PlayerCheckIfAnimFinishedOrInactive
0x0805BFC4	0x0805BFDF	thumb	PlayerSetCopyableMovement
0x0805BFE0	0x0805BFFB	thumb	PlayerGetCopyableMovement
0x0805BFFC	0x0805C023	thumb	PlayerForceSetHeldMovement
0x0805C024	0x0805C06B	thumb	PlayerSetAnimId
0x0805C06C	0x0805C0A3	thumb	QL_TryRecordPlayerStepWithDuration0
0x0805C0A4	0x0805C0D1	thumb	QL_TryRecordNPCStepWithDuration32
0x0805C0D4	0x0805C0EB	thumb	PlayerWalkSlower
0x0805C0EC	0x0805C103	thumb	PlayerWalkSlow
0x0805C104	0x0805C11B	thumb	PlayerWalkNormal
0x0805C11C	0x0805C133	thumb	PlayerWalkFast
0x0805C134	0x0805C14B	thumb	PlayerGlide
0x0805C14C	0x0805C163	thumb	PlayerRideWaterCurrent
0x0805C164	0x0805C17B	thumb	PlayerWalkFaster
0x0805C17C	0x0805C193	thumb	PlayerRun
0x0805C194	0x0805C1AB	thumb	PlayerRunSlow
0x0805C1AC	0x0805C1CF	thumb	PlayerOnBikeCollide
0x0805C1D0	0x0805C1F3	thumb	PlayerNotOnBikeCollide
0x0805C1F4	0x0805C20B	thumb	PlayerFaceDirection
0x0805C20C	0x0805C223	thumb	PlayerFaceDirectionFast
0x0805C224	0x0805C23B	thumb	PlayerTurnInPlace
0x0805C23C	0x0805C25F	thumb	PlayerJumpLedge
0x0805C260	0x0805C26D	thumb	PlayerShakeHeadOrWalkInPlace
0x0805C270	0x0805C2B3	thumb	HandleEnforcedLookDirectionOnPlayerStopMoving
0x0805C2B4	0x0805C2CB	thumb	PlayerGoSpin
0x0805C2CC	0x0805C30B	thumb	PlayerApplyTileForcedMovement
0x0805C30C	0x0805C323	thumb	PlayerIdleWheelie
0x0805C324	0x0805C33B	thumb	PlayerStartWheelie
0x0805C33C	0x0805C353	thumb	PlayerEndWheelie
0x0805C354	0x0805C377	thumb	PlayerStandingHoppingWheelie
0x0805C378	0x0805C39B	thumb	PlayerMovingHoppingWheelie
0x0805C39C	0x0805C3BF	thumb	PlayerLedgeHoppingWheelie
0x0805C3C0	0x0805C3E3	thumb	PlayerAcroTurnJump
0x0805C3E4	0x0805C407	thumb	PlayerAcroWheelieCollide
0x0805C408	0x0805C41F	thumb	PlayerAcroPopWheelie
0x0805C420	0x0805C437	thumb	PlayerAcroWheelieMove
0x0805C438	0x0805C4F3	thumb	PlayCollisionSoundIfNotFacingWarp
0x0805C4F4	0x0805C537	thumb	GetXYCoordsOneStepInFrontOfPlayer
0x0805C538	0x0805C567	thumb	PlayerGetDestCoords
0x0805C568	0x0805C6C1	thumb	player_get_pos_including_state_based_drift
0x0805C6C4	0x0805C6E3	thumb	GetPlayerFacingDirection
0x0805C6E4	0x0805C6FF	thumb	GetPlayerMovementDirection
0x0805C700	0x0805C71B	thumb	PlayerGetElevation
0x0805C71C	0x0805C74B	thumb	MovePlayerToMapCoords
0x0805C74C	0x0805C75B	thumb	TestPlayerAvatarFlags
0x0805C75C	0x0805C767	thumb	GetPlayerAvatarFlags
0x0805C768	0x0805C773	thumb	GetPlayerAvatarObjectId
0x0805C774	0x0805C77D	thumb	CancelPlayerForcedMovement
0x0805C780	0x0805C7C7	thumb	StopPlayerAvatar
0x0805C7C8	0x0805C7DD	thumb	GetRivalAvatarGraphicsIdByStateIdAndGender
0x0805C7E0	0x0805C7F7	thumb	GetPlayerAvatarGraphicsIdByStateIdAndGender
0x0805C7F8	0x0805C807	thumb	GetRSAvatarGraphicsIdByGender
0x0805C808	0x0805C823	thumb	GetPlayerAvatarGraphicsIdByStateId
0x0805C824	0x0805C83B	thumb	GetPlayerAvatarGenderByGraphicsId
0x0805C83C	0x0805C88B	thumb	PartyHasMonWithSurf
0x0805C88C	0x0805C8AF	thumb	IsPlayerSurfingNorth
0x0805C8B0	0x0805C935	thumb	IsPlayerFacingSurfableFishableWater
0x0805C938	0x0805C959	thumb	MetatileAtCoordsIsWaterTile
0x0805C95C	0x0805C96F	thumb	ClearPlayerAvatarInfo
0x0805C970	0x0805C987	thumb	SetPlayerAvatarStateMask
0x0805C988	0x0805C9C5	thumb	GetPlayerAvatarStateTransitionByGraphicsId
0x0805C9C8	0x0805CA09	thumb	GetPlayerAvatarGraphicsIdByCurrentState
0x0805CA0C	0x0805CA3B	thumb	SetPlayerAvatarExtraStateTransition
0x0805CA3C	0x0805CB03	thumb	InitPlayerAvatar
0x0805CB04	0x0805CB6F	thumb	SetPlayerInvisibility
0x0805CB70	0x0805CBB7	thumb	StartPlayerAvatarSummonMonForFieldMoveAnim
0x0805CBB8	0x0805CBE7	thumb	GetPlayerAvatarVsSeekerGfxId
0x0805CBE8	0x0805CC2B	thumb	StartPlayerAvatarVsSeekerAnim
0x0805CC2C	0x0805CC37	thumb	StartPlayerAvatarFishAnim
0x0805CC38	0x0805CC39	thumb	PlayerUseAcroBikeOnBumpySlope
0x0805CC3C	0x0805CC3D	thumb	SetPlayerAvatarWatering
0x0805CC40	0x0805CCCF	thumb	HandleWarpArrowSpriteHideShow
0x0805CCD0	0x0805CD0B	thumb	StartStrengthAnim
0x0805CD0C	0x0805CD63	thumb	Task_BumpBoulder
0x0805CD64	0x0805CD83	thumb	DoBoulderInit
0x0805CD84	0x0805CE1F	thumb	DoBoulderDust
0x0805CE20	0x0805CE7F	thumb	DoBoulderFinish
0x0805CE80	0x0805CE9F	thumb	DoPlayerMatJump
0x0805CEA0	0x0805CEEB	thumb	DoPlayerAvatarSecretBaseMatJump
0x0805CEEC	0x0805CF57	thumb	PlayerAvatar_DoSecretBaseMatJump
0x0805CF58	0x0805CF77	thumb	DoPlayerMatSpin
0x0805CF78	0x0805CFC3	thumb	PlayerAvatar_DoSecretBaseMatSpin
0x0805CFC4	0x0805CFEB	thumb	PlayerAvatar_SecretBaseMatSpinStep0
0x0805CFEC	0x0805D063	thumb	PlayerAvatar_SecretBaseMatSpinStep1
0x0805D064	0x0805D0A3	thumb	PlayerAvatar_SecretBaseMatSpinStep2
0x0805D0A4	0x0805D0F7	thumb	PlayerAvatar_SecretBaseMatSpinStep3
0x0805D0F8	0x0805D153	thumb	CreateStopSurfingTask
0x0805D154	0x0805D1A7	thumb	CreateStopSurfingTask_NoMusicChange
0x0805D1A8	0x0805D1D3	thumb	SeafoamIslandsB4F_CurrentDumpsPlayerOnLand
0x0805D1D4	0x0805D23F	thumb	Task_StopSurfingInit
0x0805D240	0x0805D2BF	thumb	Task_WaitStopSurfing
0x0805D2C0	0x0805D303	thumb	StartFishing
0x0805D304	0x0805D33B	thumb	Task_Fishing
0x0805D33C	0x0805D35B	thumb	Fishing1
0x0805D35C	0x0805D3F3	thumb	Fishing2
0x0805D3F4	0x0805D42F	thumb	Fishing3
0x0805D430	0x0805D47B	thumb	Fishing4
0x0805D47C	0x0805D507	thumb	Fishing5
0x0805D508	0x0805D571	thumb	Fishing6
0x0805D574	0x0805D57D	thumb	Fishing7
0x0805D580	0x0805D5EB	thumb	Fishing8
0x0805D5EC	0x0805D66B	thumb	Fishing9
0x0805D66C	0x0805D6C7	thumb	Fishing10
0x0805D6C8	0x0805D7BF	thumb	Fishing11
0x0805D7C0	0x0805D837	thumb	Fishing12
0x0805D838	0x0805D8AB	thumb	Fishing13
0x0805D8AC	0x0805D8D7	thumb	Fishing14
0x0805D8D8	0x0805D97F	thumb	Fishing15
0x0805D980	0x0805D9C3	thumb	Fishing16
0x0805D9C4	0x0805DAAF	thumb	AlignFishingAnimationFrames
0x0805DAB0	0x0805DACF	thumb	StartTeleportWarpOutPlayerAnim
0x0805DAD0	0x0805DAE3	thumb	WaitTeleportWarpOutPlayerAnim
0x0805DAE4	0x0805DAEF	thumb	SavePlayerFacingDirectionForTeleport
0x0805DAF0	0x0805DB03	thumb	GetTeleportSavedFacingDirection
0x0805DB04	0x0805DC03	thumb	Task_TeleportWarpOutPlayerAnim
0x0805DC04	0x0805DC23	thumb	StartTeleportInPlayerAnim
0x0805DC24	0x0805DC37	thumb	WaitTeleportInPlayerAnim
0x0805DC38	0x0805DDC5	thumb	Task_TeleportWarpInPlayerAnim
0x0805DDC8	0x0805DE2B	thumb	TeleportAnim_RotatePlayer
0x0805DE2C	0x0805DE4B	thumb	ClearObjectEvent
0x0805DE4C	0x0805DE73	thumb	ClearAllObjectEvents
0x0805DE74	0x0805DE89	thumb	ResetObjectEvents
0x0805DE8C	0x0805DF2F	thumb	CreateReflectionEffectSprites
0x0805DF30	0x0805DF5F	thumb	GetFirstInactiveObjectEventId
0x0805DF60	0x0805DF83	thumb	GetObjectEventIdByLocalIdAndMap
0x0805DF84	0x0805DFAD	thumb	TryGetObjectEventIdByLocalIdAndMap
0x0805DFB0	0x0805DFF3	thumb	GetObjectEventIdByXY
0x0805DFF4	0x0805E041	thumb	GetObjectEventIdByLocalIdAndMapInternal
0x0805E044	0x0805E07D	thumb	GetObjectEventIdByLocalId
0x0805E080	0x0805E237	thumb	InitObjectEventStateFromTemplate
0x0805E238	0x0805E27B	thumb	ShouldInitObjectEventStateFromTemplate
0x0805E27C	0x0805E2E5	thumb	TemplateIsObstacleAndWithinView
0x0805E2E8	0x0805E383	thumb	TemplateIsObstacleAndVisibleFromConnectingMap
0x0805E384	0x0805E39D	thumb	SetHideObstacleFlag
0x0805E3A0	0x0805E413	thumb	Unref_TryInitLocalObjectEvent
0x0805E414	0x0805E4B3	thumb	GetAvailableObjectEventId
0x0805E4B4	0x0805E4C7	thumb	RemoveObjectEvent
0x0805E4C8	0x0805E50F	thumb	RemoveObjectEventByLocalIdAndMap
0x0805E510	0x0805E55B	thumb	RemoveObjectEventInternal
0x0805E55C	0x0805E58F	thumb	Unref_RemoveAllObjectEventsExceptPlayer
0x0805E590	0x0805E72B	thumb	TrySetupObjectEventSprite
0x0805E72C	0x0805E7F3	thumb	TrySpawnObjectEventTemplate
0x0805E7F4	0x0805E82F	thumb	SpawnSpecialObjectEvent
0x0805E830	0x0805E897	thumb	SpawnSpecialObjectEventParameterized
0x0805E898	0x0805E8E7	thumb	TrySpawnObjectEvent
0x0805E8E8	0x0805E93F	thumb	CopyObjectGraphicsInfoToSpriteTemplate
0x0805E940	0x0805E95F	thumb	CopyObjectGraphicsInfoToSpriteTemplate_WithMovementType
0x0805E960	0x0805E977	thumb	MakeObjectTemplateFromObjectEventTemplate
0x0805E978	0x0805E9F7	thumb	CreateObjectGraphicsSprite
0x0805E9F8	0x0805EB43	thumb	CreateVirtualObject
0x0805EB44	0x0805EC2F	thumb	CreateFameCheckerObject
0x0805EC30	0x0805ED0F	thumb	TrySpawnObjectEvents
0x0805ED10	0x0805ED6F	thumb	RemoveObjectEventsOutsideView
0x0805ED70	0x0805EDEF	thumb	RemoveObjectEventIfOutsideView
0x0805EDF0	0x0805EE3B	thumb	SpawnObjectEventsOnReturnToField
0x0805EE3C	0x0805EFF3	thumb	SpawnObjectEventOnReturnToField
0x0805EFF4	0x0805F02B	thumb	ResetObjectEventFldEffData
0x0805F02C	0x0805F05F	thumb	SetPlayerAvatarObjectEventIdAndObjectId
0x0805F060	0x0805F1D7	thumb	ObjectEventSetGraphicsId
0x0805F1D8	0x0805F217	thumb	ObjectEventSetGraphicsIdByLocalIdAndMap
0x0805F218	0x0805F267	thumb	ObjectEventTurn
0x0805F268	0x0805F2A7	thumb	ObjectEventTurnByLocalIdAndMap
0x0805F2A8	0x0805F2C7	thumb	PlayerObjectTurn
0x0805F2C8	0x0805F2F7	thumb	GetObjectEventGraphicsInfo
0x0805F2F8	0x0805F313	thumb	SetObjectEventDynamicGraphicsId
0x0805F314	0x0805F363	thumb	SetObjectInvisibility
0x0805F364	0x0805F377	thumb	ObjectEventGetLocalIdAndMap
0x0805F378	0x0805F3A7	thumb	EnableObjectGroundEffectsByXY
0x0805F3A8	0x0805F3FF	thumb	SetObjectSubpriority
0x0805F400	0x0805F447	thumb	ResetObjectSubpriority
0x0805F448	0x0805F49B	thumb	SetObjectPositionByLocalIdAndMap
0x0805F49C	0x0805F4AF	thumb	FreeAndReserveObjectSpritePalettes
0x0805F4B0	0x0805F4DB	thumb	LoadObjectEventPalette
0x0805F4DC	0x0805F50F	thumb	LoadObjectEventPaletteSet
0x0805F510	0x0805F535	thumb	TryLoadObjectPalette
0x0805F538	0x0805F573	thumb	PatchObjectPalette
0x0805F574	0x0805F59D	thumb	PatchObjectPaletteRange
0x0805F5A0	0x0805F5E7	thumb	FindObjectEventPaletteIndexByTag
0x0805F5E8	0x0805F655	thumb	LoadPlayerObjectReflectionPalette
0x0805F658	0x0805F6CD	thumb	LoadSpecialObjectReflectionPalette
0x0805F6D0	0x0805F6DF	thumb	GetReflectionEffectPaletteSlot
0x0805F6E0	0x0805F6FF	thumb	IncrementObjectEventCoords
0x0805F700	0x0805F70D	thumb	ShiftObjectEventCoords
0x0805F710	0x0805F721	thumb	SetObjectEventCoords
0x0805F724	0x0805F7C3	thumb	MoveObjectEventToMapCoords
0x0805F7C4	0x0805F817	thumb	TryMoveObjectEventToMapCoords
0x0805F818	0x0805F829	thumb	ShiftStillObjectEventCoords
0x0805F82C	0x0805F893	thumb	UpdateObjectEventCoordsForCameraUpdate
0x0805F894	0x0805F8F9	thumb	GetObjectEventIdByPosition
0x0805F8FC	0x0805F921	thumb	ObjectEventDoesElevationMatch
0x0805F924	0x0805F94F	thumb	UpdateObjectEventsForCameraUpdate
0x0805F950	0x0805F993	thumb	AddCameraObject
0x0805F994	0x0805F9BB	thumb	ObjectCB_CameraObject
0x0805F9BC	0x0805F9F7	thumb	CameraObject_0
0x0805F9F8	0x0805FA2F	thumb	CameraObject_1
0x0805FA30	0x0805FA5F	thumb	CameraObject_2
0x0805FA60	0x0805FAA5	thumb	FindCameraObject
0x0805FAA8	0x0805FAC3	thumb	CameraObjectReset1
0x0805FAC4	0x0805FADD	thumb	CameraObjectSetFollowedObjectId
0x0805FAE0	0x0805FAF7	thumb	CameraObjectGetFollowedObjectId
0x0805FAF8	0x0805FB05	thumb	CameraObjectReset2
0x0805FB08	0x0805FB69	thumb	CopySprite
0x0805FB6C	0x0805FBDB	thumb	CreateCopySpriteAt
0x0805FBDC	0x0805FC1D	thumb	SetObjectEventDirection
0x0805FC20	0x0805FC37	thumb	GetObjectEventScriptPointerByLocalIdAndMap
0x0805FC38	0x0805FC5B	thumb	GetObjectEventScriptPointerByObjectEventId
0x0805FC5C	0x0805FC73	thumb	GetObjectEventFlagIdByLocalIdAndMap
0x0805FC74	0x0805FC9B	thumb	GetObjectEventFlagIdByObjectEventId
0x0805FC9C	0x0805FCD7	thumb	GetObjectTrainerTypeByLocalIdAndMap
0x0805FCD8	0x0805FCEF	thumb	GetBoulderRevealFlagByLocalIdAndMap
0x0805FCF0	0x0805FD07	thumb	GetObjectTrainerTypeByObjectEventId
0x0805FD08	0x0805FD43	thumb	GetObjectEventBerryTreeIdByLocalIdAndMap
0x0805FD44	0x0805FD5B	thumb	GetObjectEventBerryTreeId
0x0805FD5C	0x0805FDAD	thumb	GetObjectEventTemplateByLocalIdAndMap
0x0805FDB0	0x0805FDE5	thumb	FindObjectEventTemplateByLocalId
0x0805FDE8	0x0805FE5B	thumb	GetBaseTemplateForObjectEvent
0x0805FE5C	0x0805FE7B	thumb	OverrideTemplateCoordsForObjectEvent
0x0805FE7C	0x0805FE91	thumb	OverrideMovementTypeForObjectEvent
0x0805FE94	0x0805FECB	thumb	TryOverrideObjectEventTemplateCoords
0x0805FECC	0x0805FF33	thumb	InitObjectEventPalettes
0x0805FF34	0x0805FFB3	thumb	GetObjectPaletteTag
0x0805FFB4	0x0805FFD7	thumb	MovementType_None
0x0805FFD8	0x0805FFDB	thumb	MovementType_None_callback
0x0805FFDC	0x0805FFFF	thumb	MovementType_WanderAround
0x08060000	0x0806001F	thumb	MovementType_WanderAround_callback
0x08060020	0x08060043	thumb	MovementType_WanderAroundSlower
0x08060044	0x08060063	thumb	MovementType_WanderAroundSlower_callback
0x08060064	0x08060075	thumb	MovementType_WanderAround_Step0
0x08060078	0x080600A1	thumb	MovementType_WanderAround_Step1
0x080600A4	0x080600DF	thumb	MovementType_WanderAround_Step2
0x080600E0	0x080600FF	thumb	MovementType_WanderAround_Step3
0x08060100	0x0806014B	thumb	MovementType_WanderAround_Step4
0x0806014C	0x0806017B	thumb	MovementType_WanderAround_Step5
0x0806017C	0x080601AB	thumb	MovementType_WanderAround_Step5Slower
0x080601AC	0x080601D1	thumb	MovementType_WanderAround_Step6
0x080601D4	0x0806024D	thumb	ObjectEventIsTrainerAndCloseToPlayer
0x08060250	0x0806027F	thumb	GetVectorDirection
0x08060280	0x0806028F	thumb	GetLimitedVectorDirection_SouthNorth
0x08060290	0x080602A1	thumb	GetLimitedVectorDirection_WestEast
0x080602A4	0x080602FF	thumb	GetLimitedVectorDirection_WestNorth
0x08060300	0x0806035B	thumb	GetLimitedVectorDirection_EastNorth
0x0806035C	0x080603B7	thumb	GetLimitedVectorDirection_WestSouth
0x080603B8	0x08060413	thumb	GetLimitedVectorDirection_EastSouth
0x08060414	0x0806044F	thumb	GetLimitedVectorDirection_SouthNorthWest
0x08060450	0x0806048B	thumb	GetLimitedVectorDirection_SouthNorthEast
0x0806048C	0x080604C7	thumb	GetLimitedVectorDirection_NorthWestEast
0x080604C8	0x08060503	thumb	GetLimitedVectorDirection_SouthWestEast
0x08060504	0x0806058B	thumb	TryGetTrainerEncounterDirection
0x0806058C	0x080605AF	thumb	MovementType_LookAround
0x080605B0	0x080605CF	thumb	MovementType_LookAround_callback
0x080605D0	0x080605E1	thumb	MovementType_LookAround_Step0
0x080605E4	0x0806060D	thumb	MovementType_LookAround_Step1
0x08060610	0x08060653	thumb	MovementType_LookAround_Step2
0x08060654	0x08060681	thumb	MovementType_LookAround_Step3
0x08060684	0x080606CB	thumb	MovementType_LookAround_Step4
0x080606CC	0x080606EF	thumb	MovementType_WanderUpAndDown
0x080606F0	0x0806070F	thumb	MovementType_WanderUpAndDown_callback
0x08060710	0x08060721	thumb	MovementType_WanderUpAndDown_Step0
0x08060724	0x0806074D	thumb	MovementType_WanderUpAndDown_Step1
0x08060750	0x0806078B	thumb	MovementType_WanderUpAndDown_Step2
0x0806078C	0x080607AB	thumb	MovementType_WanderUpAndDown_Step3
0x080607AC	0x080607F7	thumb	MovementType_WanderUpAndDown_Step4
0x080607F8	0x08060827	thumb	MovementType_WanderUpAndDown_Step5
0x08060828	0x0806084D	thumb	MovementType_WanderUpAndDown_Step6
0x08060850	0x08060873	thumb	MovementType_WanderLeftAndRight
0x08060874	0x08060893	thumb	MovementType_WanderLeftAndRight_callback
0x08060894	0x080608A5	thumb	MovementType_WanderLeftAndRight_Step0
0x080608A8	0x080608D1	thumb	MovementType_WanderLeftAndRight_Step1
0x080608D4	0x0806090F	thumb	MovementType_WanderLeftAndRight_Step2
0x08060910	0x0806092F	thumb	MovementType_WanderLeftAndRight_Step3
0x08060930	0x0806097B	thumb	MovementType_WanderLeftAndRight_Step4
0x0806097C	0x080609AB	thumb	MovementType_WanderLeftAndRight_Step5
0x080609AC	0x080609D1	thumb	MovementType_WanderLeftAndRight_Step6
0x080609D4	0x080609F7	thumb	MovementType_FaceDirection
0x080609F8	0x08060A17	thumb	MovementType_FaceDirection_callback
0x08060A18	0x08060A43	thumb	MovementType_FaceDirection_Step0
0x08060A44	0x08060A61	thumb	MovementType_FaceDirection_Step1
0x08060A64	0x08060A71	thumb	MovementType_FaceDirection_Step2
0x08060A74	0x08060A97	thumb	MovementType_FaceDownAndUp
0x08060A98	0x08060AB7	thumb	MovementType_FaceDownAndUp_callback
0x08060AB8	0x08060AC9	thumb	MovementType_FaceDownAndUp_Step0
0x08060ACC	0x08060AF5	thumb	MovementType_FaceDownAndUp_Step1
0x08060AF8	0x08060B3B	thumb	MovementType_FaceDownAndUp_Step2
0x08060B3C	0x08060B69	thumb	MovementType_FaceDownAndUp_Step3
0x08060B6C	0x08060BB3	thumb	MovementType_FaceDownAndUp_Step4
0x08060BB4	0x08060BD7	thumb	MovementType_FaceLeftAndRight
0x08060BD8	0x08060BF7	thumb	MovementType_FaceLeftAndRight_callback
0x08060BF8	0x08060C09	thumb	MovementType_FaceLeftAndRight_Step0
0x08060C0C	0x08060C35	thumb	MovementType_FaceLeftAndRight_Step1
0x08060C38	0x08060C7B	thumb	MovementType_FaceLeftAndRight_Step2
0x08060C7C	0x08060CA9	thumb	MovementType_FaceLeftAndRight_Step3
0x08060CAC	0x08060CF3	thumb	MovementType_FaceLeftAndRight_Step4
0x08060CF4	0x08060D17	thumb	MovementType_FaceUpAndLeft
0x08060D18	0x08060D37	thumb	MovementType_FaceUpAndLeft_callback
0x08060D38	0x08060D49	thumb	MovementType_FaceUpAndLeft_Step0
0x08060D4C	0x08060D75	thumb	MovementType_FaceUpAndLeft_Step1
0x08060D78	0x08060DBB	thumb	MovementType_FaceUpAndLeft_Step2
0x08060DBC	0x08060DE9	thumb	MovementType_FaceUpAndLeft_Step3
0x08060DEC	0x08060E33	thumb	MovementType_FaceUpAndLeft_Step4
0x08060E34	0x08060E57	thumb	MovementType_FaceUpAndRight
0x08060E58	0x08060E77	thumb	MovementType_FaceUpAndRight_callback
0x08060E78	0x08060E89	thumb	MovementType_FaceUpAndRight_Step0
0x08060E8C	0x08060EB5	thumb	MovementType_FaceUpAndRight_Step1
0x08060EB8	0x08060EFB	thumb	MovementType_FaceUpAndRight_Step2
0x08060EFC	0x08060F29	thumb	MovementType_FaceUpAndRight_Step3
0x08060F2C	0x08060F73	thumb	MovementType_FaceUpAndRight_Step4
0x08060F74	0x08060F97	thumb	MovementType_FaceDownAndLeft
0x08060F98	0x08060FB7	thumb	MovementType_FaceDownAndLeft_callback
0x08060FB8	0x08060FC9	thumb	MovementType_FaceDownAndLeft_Step0
0x08060FCC	0x08060FF5	thumb	MovementType_FaceDownAndLeft_Step1
0x08060FF8	0x0806103B	thumb	MovementType_FaceDownAndLeft_Step2
0x0806103C	0x08061069	thumb	MovementType_FaceDownAndLeft_Step3
0x0806106C	0x080610B3	thumb	MovementType_FaceDownAndLeft_Step4
0x080610B4	0x080610D7	thumb	MovementType_FaceDownAndRight
0x080610D8	0x080610F7	thumb	MovementType_FaceDownAndRight_callback
0x080610F8	0x08061109	thumb	MovementType_FaceDownAndRight_Step0
0x0806110C	0x08061135	thumb	MovementType_FaceDownAndRight_Step1
0x08061138	0x0806117B	thumb	MovementType_FaceDownAndRight_Step2
0x0806117C	0x080611A9	thumb	MovementType_FaceDownAndRight_Step3
0x080611AC	0x080611F3	thumb	MovementType_FaceDownAndRight_Step4
0x080611F4	0x08061217	thumb	MovementType_FaceDownUpAndLeft
0x08061218	0x08061237	thumb	MovementType_FaceDownUpAndLeft_callback
0x08061238	0x08061249	thumb	MovementType_FaceDownUpAndLeft_Step0
0x0806124C	0x08061275	thumb	MovementType_FaceDownUpAndLeft_Step1
0x08061278	0x080612BB	thumb	MovementType_FaceDownUpAndLeft_Step2
0x080612BC	0x080612E9	thumb	MovementType_FaceDownUpAndLeft_Step3
0x080612EC	0x08061333	thumb	MovementType_FaceDownUpAndLeft_Step4
0x08061334	0x08061357	thumb	MovementType_FaceDownUpAndRight
0x08061358	0x08061377	thumb	MovementType_FaceDownUpAndRight_callback
0x08061378	0x08061389	thumb	MovementType_FaceDownUpAndRight_Step0
0x0806138C	0x080613B5	thumb	MovementType_FaceDownUpAndRight_Step1
0x080613B8	0x080613FB	thumb	MovementType_FaceDownUpAndRight_Step2
0x080613FC	0x08061429	thumb	MovementType_FaceDownUpAndRight_Step3
0x0806142C	0x08061473	thumb	MovementType_FaceDownUpAndRight_Step4
0x08061474	0x08061497	thumb	MovementType_FaceUpRightAndLeft
0x08061498	0x080614B7	thumb	MovementType_FaceUpRightAndLeft_callback
0x080614B8	0x080614C9	thumb	MovementType_FaceUpLeftAndRight_Step0
0x080614CC	0x080614F5	thumb	MovementType_FaceUpLeftAndRight_Step1
0x080614F8	0x0806153B	thumb	MovementType_FaceUpLeftAndRight_Step2
0x0806153C	0x08061569	thumb	MovementType_FaceUpLeftAndRight_Step3
0x0806156C	0x080615B3	thumb	MovementType_FaceUpLeftAndRight_Step4
0x080615B4	0x080615D7	thumb	MovementType_FaceDownRightAndLeft
0x080615D8	0x080615F7	thumb	MovementType_FaceDownRightAndLeft_callback
0x080615F8	0x08061609	thumb	MovementType_FaceDownLeftAndRight_Step0
0x0806160C	0x08061635	thumb	MovementType_FaceDownLeftAndRight_Step1
0x08061638	0x0806167B	thumb	MovementType_FaceDownLeftAndRight_Step2
0x0806167C	0x080616A9	thumb	MovementType_FaceDownLeftAndRight_Step3
0x080616AC	0x080616F3	thumb	MovementType_FaceDownLeftAndRight_Step4
0x080616F4	0x08061717	thumb	MovementType_RotateCounterclockwise
0x08061718	0x08061737	thumb	MovementType_RotateCounterclockwise_callback
0x08061738	0x08061763	thumb	MovementType_RotateCounterclockwise_Step0
0x08061764	0x08061785	thumb	MovementType_RotateCounterclockwise_Step1
0x08061788	0x080617B1	thumb	MovementType_RotateCounterclockwise_Step2
0x080617B4	0x080617F7	thumb	MovementType_RotateCounterclockwise_Step3
0x080617F8	0x0806181B	thumb	MovementType_RotateClockwise
0x0806181C	0x0806183B	thumb	MovementType_RotateClockwise_callback
0x0806183C	0x08061867	thumb	MovementType_RotateClockwise_Step0
0x08061868	0x08061889	thumb	MovementType_RotateClockwise_Step1
0x0806188C	0x080618B5	thumb	MovementType_RotateClockwise_Step2
0x080618B8	0x080618FB	thumb	MovementType_RotateClockwise_Step3
0x080618FC	0x0806191F	thumb	MovementType_WalkBackAndForth
0x08061920	0x0806193F	thumb	MovementType_WalkBackAndForth_callback
0x08061940	0x08061951	thumb	MovementType_WalkBackAndForth_Step0
0x08061954	0x0806198B	thumb	MovementType_WalkBackAndForth_Step1
0x0806198C	0x08061A41	thumb	MovementType_WalkBackAndForth_Step2
0x08061A44	0x08061A69	thumb	MovementType_WalkBackAndForth_Step3
0x08061A6C	0x08061A7D	thumb	MovementType_WalkSequence_Step0
0x08061A80	0x08061B31	thumb	MoveNextDirectionInSequence
0x08061B34	0x08061B59	thumb	MovementType_WalkSequence_Step2
0x08061B5C	0x08061B7F	thumb	MovementType_WalkSequenceUpRightLeftDown
0x08061B80	0x08061B9F	thumb	MovementType_WalkSequenceUpRightLeftDown_callback
0x08061BA0	0x08061BE7	thumb	MovementType_WalkSequenceUpRightLeftDown_Step1
0x08061BE8	0x08061C0B	thumb	MovementType_WalkSequenceRightLeftDownUp
0x08061C0C	0x08061C2B	thumb	MovementType_WalkSequenceRightLeftDownUp_callback
0x08061C2C	0x08061C73	thumb	MovementType_WalkSequenceRightLeftDownUp_Step1
0x08061C74	0x08061C97	thumb	MovementType_WalkSequenceDownUpRightLeft
0x08061C98	0x08061CB7	thumb	MovementType_WalkSequenceDownUpRightLeft_callback
0x08061CB8	0x08061CFF	thumb	MovementType_WalkSequenceDownUpRightLeft_Step1
0x08061D00	0x08061D23	thumb	MovementType_WalkSequenceLeftDownUpRight
0x08061D24	0x08061D43	thumb	MovementType_WalkSequenceLeftDownUpRight_callback
0x08061D44	0x08061D8B	thumb	MovementType_WalkSequenceLeftDownUpRight_Step1
0x08061D8C	0x08061DAF	thumb	MovementType_WalkSequenceUpLeftRightDown
0x08061DB0	0x08061DCF	thumb	MovementType_WalkSequenceUpLeftRightDown_callback
0x08061DD0	0x08061E17	thumb	MovementType_WalkSequenceUpLeftRightDown_Step1
0x08061E18	0x08061E3B	thumb	MovementType_WalkSequenceLeftRightDownUp
0x08061E3C	0x08061E5B	thumb	MovementType_WalkSequenceLeftRightDownUp_callback
0x08061E5C	0x08061EA3	thumb	MovementType_WalkSequenceLeftRightDownUp_Step1
0x08061EA4	0x08061EC7	thumb	MovementType_WalkSequenceDownUpLeftRight
0x08061EC8	0x08061EE7	thumb	MovementType_WalkSequenceDownUpLeftRight_callback
0x08061EE8	0x08061F2F	thumb	MovementType_WalkSequenceDownUpLeftRight_Step1
0x08061F30	0x08061F53	thumb	MovementType_WalkSequenceRightDownUpLeft
0x08061F54	0x08061F73	thumb	MovementType_WalkSequenceRightDownUpLeft_callback
0x08061F74	0x08061FBB	thumb	MovementType_WalkSequenceRightDownUpLeft_Step1
0x08061FBC	0x08061FDF	thumb	MovementType_WalkSequenceLeftUpDownRight
0x08061FE0	0x08061FFF	thumb	MovementType_WalkSequenceLeftUpDownRight_callback
0x08062000	0x08062047	thumb	MovementType_WalkSequenceLeftUpDownRight_Step1
0x08062048	0x0806206B	thumb	MovementType_WalkSequenceUpDownRightLeft
0x0806206C	0x0806208B	thumb	MovementType_WalkSequenceUpDownRightLeft_callback
0x0806208C	0x080620D3	thumb	MovementType_WalkSequenceUpDownRightLeft_Step1
0x080620D4	0x080620F7	thumb	MovementType_WalkSequenceRightLeftUpDown
0x080620F8	0x08062117	thumb	MovementType_WalkSequenceRightLeftUpDown_callback
0x08062118	0x0806215F	thumb	MovementType_WalkSequenceRightLeftUpDown_Step1
0x08062160	0x08062183	thumb	MovementType_WalkSequenceDownRightLeftUp
0x08062184	0x080621A3	thumb	MovementType_WalkSequenceDownRightLeftUp_callback
0x080621A4	0x080621EB	thumb	MovementType_WalkSequenceDownRightLeftUp_Step1
0x080621EC	0x0806220F	thumb	MovementType_WalkSequenceRightUpDownLeft
0x08062210	0x0806222F	thumb	MovementType_WalkSequenceRightUpDownLeft_callback
0x08062230	0x08062277	thumb	MovementType_WalkSequenceRightUpDownLeft_Step1
0x08062278	0x0806229B	thumb	MovementType_WalkSequenceUpDownLeftRight
0x0806229C	0x080622BB	thumb	MovementType_WalkSequenceUpDownLeftRight_callback
0x080622BC	0x08062303	thumb	MovementType_WalkSequenceUpDownLeftRight_Step1
0x08062304	0x08062327	thumb	MovementType_WalkSequenceLeftRightUpDown
0x08062328	0x08062347	thumb	MovementType_WalkSequenceLeftRightUpDown_callback
0x08062348	0x0806238F	thumb	MovementType_WalkSequenceLeftRightUpDown_Step1
0x08062390	0x080623B3	thumb	MovementType_WalkSequenceDownLeftRightUp
0x080623B4	0x080623D3	thumb	MovementType_WalkSequenceDownLeftRightUp_callback
0x080623D4	0x0806241B	thumb	MovementType_WalkSequenceDownLeftRightUp_Step1
0x0806241C	0x0806243F	thumb	MovementType_WalkSequenceUpLeftDownRight
0x08062440	0x0806245F	thumb	MovementType_WalkSequenceUpLeftDownRight_callback
0x08062460	0x080624A7	thumb	MovementType_WalkSequenceUpLeftDownRight_Step1
0x080624A8	0x080624CB	thumb	MovementType_WalkSequenceDownRightUpLeft
0x080624CC	0x080624EB	thumb	MovementType_WalkSequenceDownRightUpLeft_callback
0x080624EC	0x08062533	thumb	MovementType_WalkSequenceDownRightUpLeft_Step1
0x08062534	0x08062557	thumb	MovementType_WalkSequenceLeftDownRightUp
0x08062558	0x08062577	thumb	MovementType_WalkSequenceLeftDownRightUp_callback
0x08062578	0x080625BF	thumb	MovementType_WalkSequenceLeftDownRightUp_Step1
0x080625C0	0x080625E3	thumb	MovementType_WalkSequenceRightUpLeftDown
0x080625E4	0x08062603	thumb	MovementType_WalkSequenceRightUpLeftDown_callback
0x08062604	0x0806264B	thumb	MovementType_WalkSequenceRightUpLeftDown_Step1
0x0806264C	0x0806266F	thumb	MovementType_WalkSequenceUpRightDownLeft
0x08062670	0x0806268F	thumb	MovementType_WalkSequenceUpRightDownLeft_callback
0x08062690	0x080626D7	thumb	MovementType_WalkSequenceUpRightDownLeft_Step1
0x080626D8	0x080626FB	thumb	MovementType_WalkSequenceDownLeftUpRight
0x080626FC	0x0806271B	thumb	MovementType_WalkSequenceDownLeftUpRight_callback
0x0806271C	0x08062763	thumb	MovementType_WalkSequenceDownLeftUpRight_Step1
0x08062764	0x08062787	thumb	MovementType_WalkSequenceLeftUpRightDown
0x08062788	0x080627A7	thumb	MovementType_WalkSequenceLeftUpRightDown_callback
0x080627A8	0x080627EF	thumb	MovementType_WalkSequenceLeftUpRightDown_Step1
0x080627F0	0x08062813	thumb	MovementType_WalkSequenceRightDownLeftUp
0x08062814	0x08062833	thumb	MovementType_WalkSequenceRightDownLeftUp_callback
0x08062834	0x0806287B	thumb	MovementType_WalkSequenceRightDownLeftUp_Step1
0x0806287C	0x0806289F	thumb	MovementType_CopyPlayer
0x080628A0	0x080628BF	thumb	MovementType_CopyPlayer_callback
0x080628C0	0x080628E1	thumb	MovementType_CopyPlayer_Step0
0x080628E4	0x08062943	thumb	MovementType_CopyPlayer_Step1
0x08062944	0x08062969	thumb	MovementType_CopyPlayer_Step2
0x0806296C	0x0806296F	thumb	CopyablePlayerMovement_None
0x08062970	0x080629B7	thumb	CopyablePlayerMovement_FaceDirection
0x080629B8	0x08062A6F	thumb	CopyablePlayerMovement_GoSpeed0
0x08062A70	0x08062B27	thumb	CopyablePlayerMovement_GoSpeed1
0x08062B28	0x08062BDF	thumb	CopyablePlayerMovement_GoSpeed2
0x08062BE0	0x08062C97	thumb	CopyablePlayerMovement_Slide
0x08062C98	0x08062CDF	thumb	cph_IM_DIFFERENT
0x08062CE0	0x08062D97	thumb	CopyablePlayerMovement_GoSpeed4
0x08062D98	0x08062E5F	thumb	CopyablePlayerMovement_Jump
0x08062E60	0x08062E83	thumb	MovementType_CopyPlayerInGrass
0x08062E84	0x08062EA3	thumb	MovementType_CopyPlayerInGrass_callback
0x08062EA4	0x08062F07	thumb	MovementType_CopyPlayerInGrass_Step1
0x08062F08	0x08062F77	thumb	MovementType_TreeDisguise
0x08062F78	0x08062F83	thumb	MovementType_Disguise_Callback
0x08062F84	0x08062FF3	thumb	MovementType_MountainDisguise
0x08062FF4	0x08063057	thumb	MovementType_Buried
0x08063058	0x08063077	thumb	MovementType_Buried_Callback
0x08063078	0x08063083	thumb	MovementType_Buried_Step0
0x08063084	0x0806309D	thumb	MovementType_MoveInPlace_Step1
0x080630A0	0x080630C3	thumb	MovementType_WalkInPlace
0x080630C4	0x080630E3	thumb	MovementType_WalkInPlace_callback
0x080630E4	0x0806310F	thumb	MovementType_WalkInPlace_Step0
0x08063110	0x08063133	thumb	MovementType_WalkInPlaceFast
0x08063134	0x08063153	thumb	MovementType_WalkInPlaceFast_callback
0x08063154	0x0806317F	thumb	MovementType_WalkInPlaceFast_Step0
0x08063180	0x080631A3	thumb	MovementType_JogInPlace
0x080631A4	0x080631C3	thumb	MovementType_JogInPlace_callback
0x080631C4	0x080631EF	thumb	MovementType_JogInPlace_Step0
0x080631F0	0x08063213	thumb	MovementType_Invisible
0x08063214	0x08063233	thumb	MovementType_Invisible_callback
0x08063234	0x08063267	thumb	MovementType_Invisible_Step0
0x08063268	0x08063285	thumb	MovementType_Invisible_Step1
0x08063288	0x08063295	thumb	MovementType_Invisible_Step2
0x08063298	0x080632BB	thumb	MovementType_RaiseHandAndStop
0x080632BC	0x080632DF	thumb	MovementType_RaiseHandAndJump
0x080632E0	0x08063303	thumb	MovementType_RaiseHandAndSwim
0x08063304	0x08063323	thumb	MovementType_RaiseHandAndStop_Callback
0x08063324	0x08063343	thumb	MovementType_RaiseHandAndJump_Callback
0x08063344	0x08063363	thumb	MovementType_RaiseHandAndSwim_Callback
0x08063364	0x08063381	thumb	MovementType_RaiseHandAndStop_Step0
0x08063384	0x080633A1	thumb	MovementType_RaiseHandAndStop_Step1
0x080633A4	0x080633B1	thumb	MovementType_RaiseHandAndStop_Step2
0x080633B4	0x080633D3	thumb	MovementType_RaiseHandAndJump_Step0
0x080633D4	0x080633F3	thumb	MovementType_RaiseHandAndSwim_Step0
0x080633F4	0x0806340D	thumb	MovementType_RaiseHandAndMove_Step1
0x08063410	0x0806342D	thumb	ClearObjectEventMovement
0x08063430	0x0806343F	thumb	GetFaceDirectionAnimNum
0x08063440	0x0806344F	thumb	GetMoveDirectionAnimNum
0x08063450	0x0806345F	thumb	GetMoveDirectionFastAnimNum
0x08063460	0x0806346F	thumb	GetMoveDirectionFasterAnimNum
0x08063470	0x0806347F	thumb	GetMoveDirectionFastestAnimNum
0x08063480	0x0806348F	thumb	GetJumpSpecialDirectionAnimNum
0x08063490	0x0806349F	thumb	GetAcroWheelieDirectionAnimNum
0x080634A0	0x080634AF	thumb	GetAcroBunnyHopFrontWheelDirectionAnimNum
0x080634B0	0x080634BF	thumb	GetAcroEndWheelieDirectionAnimNum
0x080634C0	0x080634CF	thumb	GetSpinDirectionAnimNum
0x080634D0	0x080634DF	thumb	GetAcroUnusedActionDirectionAnimNum
0x080634E0	0x080634EF	thumb	GetAcroWheeliePedalDirectionAnimNum
0x080634F0	0x080634FF	thumb	GetFishingDirectionAnimNum
0x08063500	0x0806350F	thumb	GetFishingNoCatchDirectionAnimNum
0x08063510	0x0806351F	thumb	GetFishingBiteDirectionAnimNum
0x08063520	0x0806352F	thumb	GetRunningDirectionAnimNum
0x08063530	0x08063553	thumb	GetStepAnimTable
0x08063554	0x0806359B	thumb	SetStepAnimHandleAlternation
0x0806359C	0x080635D9	thumb	SetStepAnim
0x080635DC	0x0806360F	thumb	GetDirectionToFace
0x08063610	0x0806365B	thumb	SetTrainerMovementType
0x0806365C	0x0806366B	thumb	GetTrainerFacingDirectionMovementType
0x0806366C	0x080636AB	thumb	GetCollisionInDirection
0x080636AC	0x0806376F	thumb	GetCollisionAtCoords
0x08063770	0x0806383B	thumb	GetCollisionFlagsAtCoords
0x0806383C	0x080638AB	thumb	IsCoordOutsideObjectEventMovementRange
0x080638AC	0x08063903	thumb	IsMetatileDirectionallyImpassable
0x08063904	0x0806397D	thumb	DoesObjectCollideWithObjectAt
0x08063980	0x080639D3	thumb	IsBerryTreeSparkling
0x080639D4	0x08063A1F	thumb	SetBerryTreeJustPicked
0x08063A20	0x08063A43	thumb	MoveCoords
0x08063A44	0x08063A6B	thumb	MoveCoordsInMapCoordIncrement
0x08063A6C	0x08063AD3	thumb	MoveCoordsInDirection
0x08063AD4	0x08063B1B	thumb	GetMapCoordsFromSpritePos
0x08063B1C	0x08063BC3	thumb	SetSpritePosToMapCoords
0x08063BC4	0x08063C0D	thumb	SetSpritePosToOffsetMapCoords
0x08063C10	0x08063C4F	thumb	GetObjectEventMovingCameraOffset
0x08063C50	0x08063C6D	thumb	ObjectEventMoveDestCoords
0x08063C70	0x08063C85	thumb	ObjectEventIsMovementOverridden
0x08063C88	0x08063CA3	thumb	ObjectEventIsHeldMovementActive
0x08063CA4	0x08063CFF	thumb	ObjectEventSetHeldMovement
0x08063D00	0x08063D19	thumb	ObjectEventForceSetHeldMovement
0x08063D1C	0x08063D31	thumb	ObjectEventClearHeldMovementIfActive
0x08063D34	0x08063D67	thumb	ObjectEventClearHeldMovement
0x08063D68	0x08063D7B	thumb	ObjectEventCheckHeldMovementStatus
0x08063D7C	0x08063D9D	thumb	ObjectEventClearHeldMovementIfFinished
0x08063DA0	0x08063DB5	thumb	ObjectEventGetHeldMovementActionId
0x08063DB8	0x08063E25	thumb	UpdateObjectEventCurrentMovement
0x08063E28	0x08063EB7	thumb	QL_UpdateObjectEventCurrentMovement
0x08063EB8	0x08063EE3	thumb	GetFaceDirectionMovementAction
0x08063EE4	0x08063F0F	thumb	GetFaceDirectionFastMovementAction
0x08063F10	0x08063F2B	thumb	GetWalkSlowestMovementAction
0x08063F2C	0x08063F57	thumb	GetWalkSlowerMovementAction
0x08063F58	0x08063F83	thumb	GetWalkSlowMovementAction
0x08063F84	0x08063FAF	thumb	GetWalkNormalMovementAction
0x08063FB0	0x08063FDB	thumb	GetWalkFastMovementAction
0x08063FDC	0x08064007	thumb	GetGlideMovementAction
0x08064008	0x08064033	thumb	GetRideWaterCurrentMovementAction
0x08064034	0x0806405F	thumb	GetWalkFasterMovementAction
0x08064060	0x0806408B	thumb	GetSlideMovementAction
0x0806408C	0x080640B7	thumb	GetPlayerRunMovementAction
0x080640B8	0x080640E3	thumb	GetPlayerRunSlowMovementAction
0x080640E4	0x0806410F	thumb	GetSpinMovementAction
0x08064110	0x0806413B	thumb	GetJump2MovementAction
0x0806413C	0x08064167	thumb	GetJumpInPlaceMovementAction
0x08064168	0x08064193	thumb	GetJumpInPlaceTurnAroundMovementAction
0x08064194	0x080641BF	thumb	GetJumpMovementAction
0x080641C0	0x080641EB	thumb	GetJumpSpecialMovementAction
0x080641EC	0x08064217	thumb	GetJumpSpecialWithEffectMovementAction
0x08064218	0x08064243	thumb	GetWalkInPlaceSlowMovementAction
0x08064244	0x0806426F	thumb	GetWalkInPlaceNormalMovementAction
0x08064270	0x0806429B	thumb	GetWalkInPlaceFastMovementAction
0x0806429C	0x080642C7	thumb	GetWalkInPlaceFasterMovementAction
0x080642C8	0x080642F1	thumb	ObjectEventFaceOppositeDirection
0x080642F4	0x0806431F	thumb	GetAcroWheelieFaceDirectionMovementAction
0x08064320	0x0806434B	thumb	GetAcroPopWheelieFaceDirectionMovementAction
0x0806434C	0x08064377	thumb	GetAcroEndWheelieFaceDirectionMovementAction
0x08064378	0x080643A3	thumb	GetAcroWheelieHopFaceDirectionMovementAction
0x080643A4	0x080643CF	thumb	GetAcroWheelieHopMovementAction
0x080643D0	0x080643FB	thumb	GetAcroWheelieJumpMovementAction
0x080643FC	0x08064427	thumb	GetAcroWheelieInPlaceMovementAction
0x08064428	0x08064453	thumb	GetAcroPopWheelieMoveMovementAction
0x08064454	0x0806447F	thumb	GetAcroWheelieMoveMovementAction
0x08064480	0x080644B1	thumb	GetOppositeDirection
0x080644B4	0x080644CB	thumb	GetPlayerDirectionForCopy
0x080644CC	0x0806450B	thumb	GetCopyDirection
0x0806450C	0x08064543	thumb	ObjectEventExecHeldMovementAction
0x08064544	0x08064587	thumb	QuestLogObjectEventExecHeldMovementAction
0x08064588	0x080645C7	thumb	ObjectEventExecSingleMovementAction
0x080645C8	0x080645F3	thumb	ObjectEventSetSingleMovement
0x080645F4	0x08064635	thumb	FaceDirection
0x08064638	0x08064645	thumb	MovementAction_FaceDown_Step0
0x08064648	0x08064655	thumb	MovementAction_FaceUp_Step0
0x08064658	0x08064665	thumb	MovementAction_FaceLeft_Step0
0x08064668	0x08064675	thumb	MovementAction_FaceRight_Step0
0x08064678	0x080646FB	thumb	InitNpcForMovement
0x080646FC	0x08064757	thumb	InitMovementNormal
0x08064758	0x08064785	thumb	StartRunningAnim
0x08064788	0x080647BF	thumb	UpdateMovementNormal
0x080647C0	0x0806482F	thumb	InitNpcForWalkSlower
0x08064830	0x0806485B	thumb	InitWalkSlower
0x0806485C	0x08064893	thumb	UpdateWalkSlower
0x08064894	0x08064903	thumb	InitNpcForWalkSlowest
0x08064904	0x0806492F	thumb	InitWalkSlowest
0x08064930	0x08064967	thumb	UpdateWalkSlowest
0x08064968	0x08064985	thumb	MovementAction_WalkSlowestDown_Step0
0x08064988	0x080649A5	thumb	MovementAction_WalkSlowestDown_Step1
0x080649A8	0x080649C5	thumb	MovementAction_WalkSlowestUp_Step0
0x080649C8	0x080649E5	thumb	MovementAction_WalkSlowestUp_Step1
0x080649E8	0x08064A05	thumb	MovementAction_WalkSlowestLeft_Step0
0x08064A08	0x08064A25	thumb	MovementAction_WalkSlowestLeft_Step1
0x08064A28	0x08064A45	thumb	MovementAction_WalkSlowestRight_Step0
0x08064A48	0x08064A65	thumb	MovementAction_WalkSlowestRight_Step1
0x08064A68	0x08064A85	thumb	MovementAction_WalkSlowerDown_Step0
0x08064A88	0x08064AA5	thumb	MovementAction_WalkSlowerDown_Step1
0x08064AA8	0x08064AC5	thumb	MovementAction_WalkSlowerUp_Step0
0x08064AC8	0x08064AE5	thumb	MovementAction_WalkSlowerUp_Step1
0x08064AE8	0x08064B05	thumb	MovementAction_WalkSlowerLeft_Step0
0x08064B08	0x08064B25	thumb	MovementAction_WalkSlowerLeft_Step1
0x08064B28	0x08064B45	thumb	MovementAction_WalkSlowerRight_Step0
0x08064B48	0x08064B65	thumb	MovementAction_WalkSlowerRight_Step1
0x08064B68	0x08064BD7	thumb	InitNpcForWalkSlow
0x08064BD8	0x08064C03	thumb	InitWalkSlow
0x08064C04	0x08064C3B	thumb	UpdateWalkSlow
0x08064C3C	0x08064C59	thumb	MovementAction_WalkSlowUp_Step0
0x08064C5C	0x08064C79	thumb	MovementAction_WalkSlowUp_Step1
0x08064C7C	0x08064C99	thumb	MovementAction_WalkSlowDown_Step0
0x08064C9C	0x08064CB9	thumb	MovementAction_WalkSlowDown_Step1
0x08064CBC	0x08064CD9	thumb	MovementAction_WalkSlowLeft_Step0
0x08064CDC	0x08064CF9	thumb	MovementAction_WalkSlowLeft_Step1
0x08064CFC	0x08064D19	thumb	MovementAction_WalkSlowRight_Step0
0x08064D1C	0x08064D39	thumb	MovementAction_WalkSlowRight_Step1
0x08064D3C	0x08064D5B	thumb	MovementAction_WalkNormalDown_Step0
0x08064D5C	0x08064D79	thumb	MovementAction_WalkNormalDown_Step1
0x08064D7C	0x08064D9B	thumb	MovementAction_WalkNormalUp_Step0
0x08064D9C	0x08064DB9	thumb	MovementAction_WalkNormalUp_Step1
0x08064DBC	0x08064DDB	thumb	MovementAction_WalkNormalLeft_Step0
0x08064DDC	0x08064DF9	thumb	MovementAction_WalkNormalLeft_Step1
0x08064DFC	0x08064E1B	thumb	MovementAction_WalkNormalRight_Step0
0x08064E1C	0x08064E39	thumb	MovementAction_WalkNormalRight_Step1
0x08064E3C	0x08064EF7	thumb	InitJump
0x08064EF8	0x08064F3B	thumb	InitJumpRegular
0x08064F3C	0x08064FFD	thumb	UpdateJumpAnim
0x08065000	0x08065013	thumb	DoJumpAnimStep
0x08065014	0x08065027	thumb	DoJumpSpecialAnimStep
0x08065028	0x0806503F	thumb	DoJumpAnim
0x08065040	0x08065057	thumb	DoJumpSpecialAnim
0x08065058	0x080650A5	thumb	DoJumpInPlaceAnim
0x080650A8	0x080650D1	thumb	MovementAction_Jump2Down_Step0
0x080650D4	0x080650FD	thumb	MovementAction_Jump2Down_Step1
0x08065100	0x08065129	thumb	MovementAction_Jump2Up_Step0
0x0806512C	0x08065155	thumb	MovementAction_Jump2Up_Step1
0x08065158	0x08065181	thumb	MovementAction_Jump2Left_Step0
0x08065184	0x080651AD	thumb	MovementAction_Jump2Left_Step1
0x080651B0	0x080651D9	thumb	MovementAction_Jump2Right_Step0
0x080651DC	0x08065205	thumb	MovementAction_Jump2Right_Step1
0x08065208	0x0806520F	thumb	InitMovementDelay
0x08065210	0x0806522B	thumb	MovementAction_Delay_Step1
0x0806522C	0x0806524B	thumb	MovementAction_Delay1_Step0
0x0806524C	0x0806526B	thumb	MovementAction_Delay2_Step0
0x0806526C	0x0806528B	thumb	MovementAction_Delay4_Step0
0x0806528C	0x080652AB	thumb	MovementAction_Delay8_Step0
0x080652AC	0x080652CB	thumb	MovementAction_Delay16_Step0
0x080652CC	0x080652EB	thumb	MovementAction_WalkFastDown_Step0
0x080652EC	0x08065309	thumb	MovementAction_WalkFastDown_Step1
0x0806530C	0x0806532B	thumb	MovementAction_WalkFastUp_Step0
0x0806532C	0x08065349	thumb	MovementAction_WalkFastUp_Step1
0x0806534C	0x0806536B	thumb	MovementAction_WalkFastLeft_Step0
0x0806536C	0x08065389	thumb	MovementAction_WalkFastLeft_Step1
0x0806538C	0x080653AB	thumb	MovementAction_WalkFastRight_Step0
0x080653AC	0x080653C9	thumb	MovementAction_WalkFastRight_Step1
0x080653CC	0x080653F5	thumb	UpdateMovementGlide
0x080653F8	0x08065437	thumb	MovementAction_GlideDown_Step0
0x08065438	0x08065461	thumb	MovementAction_GlideDown_Step1
0x08065464	0x080654A3	thumb	MovementAction_GlideUp_Step0
0x080654A4	0x080654CD	thumb	MovementAction_GlideUp_Step1
0x080654D0	0x0806550F	thumb	MovementAction_GlideLeft_Step0
0x08065510	0x08065539	thumb	MovementAction_GlideLeft_Step1
0x0806553C	0x0806557B	thumb	MovementAction_GlideRight_Step0
0x0806557C	0x080655A5	thumb	MovementAction_GlideRight_Step1
0x080655A8	0x080655D3	thumb	FaceDirectionFast
0x080655D4	0x0806560D	thumb	MovementAction_FaceDownFast_Step0
0x08065610	0x08065649	thumb	MovementAction_FaceUpFast_Step0
0x0806564C	0x08065685	thumb	MovementAction_FaceLeftFast_Step0
0x08065688	0x080656C1	thumb	MovementAction_FaceRightFast_Step0
0x080656C4	0x0806570B	thumb	InitMoveInPlace
0x0806570C	0x08065733	thumb	MovementAction_WalkInPlace_Step1
0x08065734	0x0806576F	thumb	MovementAction_WalkInPlaceSlow_Step1
0x08065770	0x080657A5	thumb	MovementAction_WalkInPlaceSlowDown_Step0
0x080657A8	0x080657DD	thumb	MovementAction_WalkInPlaceSlowUp_Step0
0x080657E0	0x08065815	thumb	MovementAction_WalkInPlaceSlowLeft_Step0
0x08065818	0x0806584D	thumb	MovementAction_WalkInPlaceSlowRight_Step0
0x08065850	0x08065885	thumb	MovementAction_WalkInPlaceNormalDown_Step0
0x08065888	0x080658BD	thumb	MovementAction_WalkInPlaceNormalUp_Step0
0x080658C0	0x080658F5	thumb	MovementAction_WalkInPlaceNormalLeft_Step0
0x080658F8	0x0806592D	thumb	MovementAction_WalkInPlaceNormalRight_Step0
0x08065930	0x08065965	thumb	MovementAction_WalkInPlaceFastDown_Step0
0x08065968	0x0806599D	thumb	MovementAction_WalkInPlaceFastUp_Step0
0x080659A0	0x080659D5	thumb	MovementAction_WalkInPlaceFastLeft_Step0
0x080659D8	0x08065A0D	thumb	MovementAction_WalkInPlaceFastRight_Step0
0x08065A10	0x08065A45	thumb	MovementAction_WalkInPlaceFasterDown_Step0
0x08065A48	0x08065A7D	thumb	MovementAction_WalkInPlaceFasterUp_Step0
0x08065A80	0x08065AB5	thumb	MovementAction_WalkInPlaceFasterLeft_Step0
0x08065AB8	0x08065AED	thumb	MovementAction_WalkInPlaceFasterRight_Step0
0x08065AF0	0x08065B0F	thumb	MovementAction_RideWaterCurrentDown_Step0
0x08065B10	0x08065B2D	thumb	MovementAction_RideWaterCurrentDown_Step1
0x08065B30	0x08065B4F	thumb	MovementAction_RideWaterCurrentUp_Step0
0x08065B50	0x08065B6D	thumb	MovementAction_RideWaterCurrentUp_Step1
0x08065B70	0x08065B8F	thumb	MovementAction_RideWaterCurrentLeft_Step0
0x08065B90	0x08065BAD	thumb	MovementAction_RideWaterCurrentLeft_Step1
0x08065BB0	0x08065BCF	thumb	MovementAction_RideWaterCurrentRight_Step0
0x08065BD0	0x08065BED	thumb	MovementAction_RideWaterCurrentRight_Step1
0x08065BF0	0x08065C0F	thumb	MovementAction_WalkFasterDown_Step0
0x08065C10	0x08065C2D	thumb	MovementAction_WalkFasterDown_Step1
0x08065C30	0x08065C4F	thumb	MovementAction_WalkFasterUp_Step0
0x08065C50	0x08065C6D	thumb	MovementAction_WalkFasterUp_Step1
0x08065C70	0x08065C8F	thumb	MovementAction_WalkFasterLeft_Step0
0x08065C90	0x08065CAD	thumb	MovementAction_WalkFasterLeft_Step1
0x08065CB0	0x08065CCF	thumb	MovementAction_WalkFasterRight_Step0
0x08065CD0	0x08065CED	thumb	MovementAction_WalkFasterRight_Step1
0x08065CF0	0x08065D0F	thumb	MovementAction_SlideDown_Step0
0x08065D10	0x08065D2D	thumb	MovementAction_SlideDown_Step1
0x08065D30	0x08065D4F	thumb	MovementAction_SlideUp_Step0
0x08065D50	0x08065D6D	thumb	MovementAction_SlideUp_Step1
0x08065D70	0x08065D8F	thumb	MovementAction_SlideLeft_Step0
0x08065D90	0x08065DAD	thumb	MovementAction_SlideLeft_Step1
0x08065DB0	0x08065DCF	thumb	MovementAction_SlideRight_Step0
0x08065DD0	0x08065DED	thumb	MovementAction_SlideRight_Step1
0x08065DF0	0x08065E0D	thumb	MovementAction_PlayerRunDown_Step0
0x08065E10	0x08065E2D	thumb	MovementAction_PlayerRunDown_Step1
0x08065E30	0x08065E4D	thumb	MovementAction_PlayerRunUp_Step0
0x08065E50	0x08065E6D	thumb	MovementAction_PlayerRunUp_Step1
0x08065E70	0x08065E8D	thumb	MovementAction_PlayerRunLeft_Step0
0x08065E90	0x08065EAD	thumb	MovementAction_PlayerRunLeft_Step1
0x08065EB0	0x08065ECD	thumb	MovementAction_PlayerRunRight_Step0
0x08065ED0	0x08065EED	thumb	MovementAction_PlayerRunRight_Step1
0x08065EF0	0x08065F5F	thumb	InitNpcForRunSlow
0x08065F60	0x08065F8B	thumb	InitRunSlow
0x08065F8C	0x08065FC3	thumb	UpdateRunSlow
0x08065FC4	0x08065FE1	thumb	MovementAction_RunDownSlow_Step0
0x08065FE4	0x08066001	thumb	MovementAction_RunDownSlow_Step1
0x08066004	0x08066021	thumb	MovementAction_RunUpSlow_Step0
0x08066024	0x08066041	thumb	MovementAction_RunUpSlow_Step1
0x08066044	0x08066061	thumb	MovementAction_RunLeftSlow_Step0
0x08066064	0x08066081	thumb	MovementAction_RunLeftSlow_Step1
0x08066084	0x080660A1	thumb	MovementAction_RunRightSlow_Step0
0x080660A4	0x080660C1	thumb	MovementAction_RunRightSlow_Step1
0x080660C4	0x080660EF	thumb	StartSpriteAnimInDirection
0x080660F0	0x08066105	thumb	MovementAction_StartAnimInDirection_Step0
0x08066108	0x08066127	thumb	MovementAction_WaitSpriteAnim
0x08066128	0x08066159	thumb	InitJumpSpecial
0x0806615C	0x08066179	thumb	MovementAction_JumpSpecialDown_Step0
0x0806617C	0x080661A3	thumb	MovementAction_JumpSpecialDown_Step1
0x080661A4	0x080661C1	thumb	MovementAction_JumpSpecialUp_Step0
0x080661C4	0x080661EB	thumb	MovementAction_JumpSpecialUp_Step1
0x080661EC	0x08066209	thumb	MovementAction_JumpSpecialLeft_Step0
0x0806620C	0x08066233	thumb	MovementAction_JumpSpecialLeft_Step1
0x08066234	0x08066251	thumb	MovementAction_JumpSpecialRight_Step0
0x08066254	0x0806627B	thumb	MovementAction_JumpSpecialRight_Step1
0x0806627C	0x08066299	thumb	MovementAction_JumpSpecialWithEffectDown_Step0
0x0806629C	0x080662B9	thumb	MovementAction_JumpSpecialWithEffectDown_Step1
0x080662BC	0x080662D9	thumb	MovementAction_JumpSpecialWithEffectUp_Step0
0x080662DC	0x080662F9	thumb	MovementAction_JumpSpecialWithEffectUp_Step1
0x080662FC	0x08066319	thumb	MovementAction_JumpSpecialWithEffectLeft_Step0
0x0806631C	0x08066339	thumb	MovementAction_JumpSpecialWithEffectLeft_Step1
0x0806633C	0x08066359	thumb	MovementAction_JumpSpecialWithEffectRight_Step0
0x0806635C	0x08066379	thumb	MovementAction_JumpSpecialWithEffectRight_Step1
0x0806637C	0x080663D7	thumb	MovementAction_FacePlayer_Step0
0x080663D8	0x0806643B	thumb	MovementAction_FaceAwayPlayer_Step0
0x0806643C	0x08066449	thumb	MovementAction_LockFacingDirection_Step0
0x0806644C	0x0806645B	thumb	MovementAction_UnlockFacingDirection_Step0
0x0806645C	0x08066485	thumb	MovementAction_JumpDown_Step0
0x08066488	0x080664B1	thumb	MovementAction_JumpDown_Step1
0x080664B4	0x080664DD	thumb	MovementAction_JumpUp_Step0
0x080664E0	0x08066509	thumb	MovementAction_JumpUp_Step1
0x0806650C	0x08066535	thumb	MovementAction_JumpLeft_Step0
0x08066538	0x08066561	thumb	MovementAction_JumpLeft_Step1
0x08066564	0x0806658D	thumb	MovementAction_JumpRight_Step0
0x08066590	0x080665B9	thumb	MovementAction_JumpRight_Step1
0x080665BC	0x080665E5	thumb	MovementAction_JumpInPlaceDown_Step0
0x080665E8	0x08066611	thumb	MovementAction_JumpInPlaceDown_Step1
0x08066614	0x0806663D	thumb	MovementAction_JumpInPlaceUp_Step0
0x08066640	0x08066669	thumb	MovementAction_JumpInPlaceUp_Step1
0x0806666C	0x08066695	thumb	MovementAction_JumpInPlaceLeft_Step0
0x08066698	0x080666C1	thumb	MovementAction_JumpInPlaceLeft_Step1
0x080666C4	0x080666ED	thumb	MovementAction_JumpInPlaceRight_Step0
0x080666F0	0x08066719	thumb	MovementAction_JumpInPlaceRight_Step1
0x0806671C	0x08066745	thumb	MovementAction_JumpInPlaceDownUp_Step0
0x08066748	0x08066771	thumb	MovementAction_JumpInPlaceDownUp_Step1
0x08066774	0x0806679D	thumb	MovementAction_JumpInPlaceUpDown_Step0
0x080667A0	0x080667C9	thumb	MovementAction_JumpInPlaceUpDown_Step1
0x080667CC	0x080667F5	thumb	MovementAction_JumpInPlaceLeftRight_Step0
0x080667F8	0x08066821	thumb	MovementAction_JumpInPlaceLeftRight_Step1
0x08066824	0x0806684D	thumb	MovementAction_JumpInPlaceRightLeft_Step0
0x08066850	0x08066879	thumb	MovementAction_JumpInPlaceRightLeft_Step1
0x0806687C	0x08066893	thumb	MovementAction_FaceOriginalDirection_Step0
0x08066894	0x080668A3	thumb	MovementAction_NurseJoyBowDown_Step0
0x080668A4	0x080668B3	thumb	MovementAction_EnableJumpLandingGroundEffect_Step0
0x080668B4	0x080668C1	thumb	MovementAction_DisableJumpLandingGroundEffect_Step0
0x080668C4	0x080668D1	thumb	MovementAction_DisableAnimation_Step0
0x080668D4	0x080668FD	thumb	MovementAction_RestoreAnimation_Step0
0x08066900	0x0806690D	thumb	MovementAction_SetInvisible_Step0
0x08066910	0x0806691F	thumb	MovementAction_SetVisible_Step0
0x08066920	0x08066943	thumb	MovementAction_EmoteExclamationMark_Step0
0x08066944	0x08066967	thumb	MovementAction_EmoteQuestionMark_Step0
0x08066968	0x0806698B	thumb	MovementAction_EmoteX_Step0
0x0806698C	0x080669AF	thumb	MovementAction_EmoteDoubleExclamationMark_Step0
0x080669B0	0x080669D3	thumb	MovementAction_EmoteSmile_Step0
0x080669D4	0x08066A17	thumb	MovementAction_RevealTrainer_Step0
0x08066A18	0x08066A35	thumb	MovementAction_RevealTrainer_Step1
0x08066A38	0x08066A51	thumb	MovementAction_RockSmashBreak_Step0
0x08066A54	0x08066A77	thumb	MovementAction_RockSmashBreak_Step1
0x08066A78	0x08066AB1	thumb	MovementAction_RockSmashBreak_Step2
0x08066AB4	0x08066ACD	thumb	MovementAction_CutTree_Step0
0x08066AD0	0x08066AF3	thumb	MovementAction_CutTree_Step1
0x08066AF4	0x08066B2D	thumb	MovementAction_CutTree_Step2
0x08066B30	0x08066B3D	thumb	MovementAction_SetFixedPriority_Step0
0x08066B40	0x08066B4F	thumb	MovementAction_ClearFixedPriority_Step0
0x08066B50	0x08066B7F	thumb	MovementAction_InitAffineAnim_Step0
0x08066B80	0x08066BAD	thumb	MovementAction_ClearAffineAnim_Step0
0x08066BB0	0x08066BE1	thumb	MovementAction_WalkDownStartAffine_Step0
0x08066BE4	0x08066C0D	thumb	MovementAction_WalkDownStartAffine_Step1
0x08066C10	0x08066C41	thumb	MovementAction_WalkDownAffine_Step0
0x08066C44	0x08066C6D	thumb	MovementAction_WalkDownAffine_Step1
0x08066C70	0x08066CAF	thumb	AcroWheelieFaceDirection
0x08066CB0	0x08066CBD	thumb	MovementAction_AcroWheelieFaceDown_Step0
0x08066CC0	0x08066CCD	thumb	MovementAction_AcroWheelieFaceUp_Step0
0x08066CD0	0x08066CDD	thumb	MovementAction_AcroWheelieFaceLeft_Step0
0x08066CE0	0x08066CED	thumb	MovementAction_AcroWheelieFaceRight_Step0
0x08066CF0	0x08066D13	thumb	MovementAction_AcroPopWheelieDown_Step0
0x08066D14	0x08066D37	thumb	MovementAction_AcroPopWheelieUp_Step0
0x08066D38	0x08066D5B	thumb	MovementAction_AcroPopWheelieLeft_Step0
0x08066D5C	0x08066D7F	thumb	MovementAction_AcroPopWheelieRight_Step0
0x08066D80	0x08066DA3	thumb	MovementAction_AcroEndWheelieFaceDown_Step0
0x08066DA4	0x08066DC7	thumb	MovementAction_AcroEndWheelieFaceUp_Step0
0x08066DC8	0x08066DEB	thumb	MovementAction_AcroEndWheelieFaceLeft_Step0
0x08066DEC	0x08066E0F	thumb	MovementAction_AcroEndWheelieFaceRight_Step0
0x08066E10	0x08066E33	thumb	MovementAction_UnusedAcroActionDown_Step0
0x08066E34	0x08066E57	thumb	MovementAction_UnusedAcroActionUp_Step0
0x08066E58	0x08066E7B	thumb	MovementAction_UnusedAcroActionLeft_Step0
0x08066E7C	0x08066E9F	thumb	MovementAction_UnusedAcroActionRight_Step0
0x08066EA0	0x08066EE1	thumb	InitAcroWheelieJump
0x08066EE4	0x08066F0D	thumb	MovementAction_AcroWheelieHopFaceDown_Step0
0x08066F10	0x08066F39	thumb	MovementAction_AcroWheelieHopFaceDown_Step1
0x08066F3C	0x08066F65	thumb	MovementAction_AcroWheelieHopFaceUp_Step0
0x08066F68	0x08066F91	thumb	MovementAction_AcroWheelieHopFaceUp_Step1
0x08066F94	0x08066FBD	thumb	MovementAction_AcroWheelieHopFaceLeft_Step0
0x08066FC0	0x08066FE9	thumb	MovementAction_AcroWheelieHopFaceLeft_Step1
0x08066FEC	0x08067015	thumb	MovementAction_AcroWheelieHopFaceRight_Step0
0x08067018	0x08067041	thumb	MovementAction_AcroWheelieHopFaceRight_Step1
0x08067044	0x0806706D	thumb	MovementAction_AcroWheelieHopDown_Step0
0x08067070	0x08067099	thumb	MovementAction_AcroWheelieHopDown_Step1
0x0806709C	0x080670C5	thumb	MovementAction_AcroWheelieHopUp_Step0
0x080670C8	0x080670F1	thumb	MovementAction_AcroWheelieHopUp_Step1
0x080670F4	0x0806711D	thumb	MovementAction_AcroWheelieHopLeft_Step0
0x08067120	0x08067149	thumb	MovementAction_AcroWheelieHopLeft_Step1
0x0806714C	0x08067175	thumb	MovementAction_AcroWheelieHopRight_Step0
0x08067178	0x080671A1	thumb	MovementAction_AcroWheelieHopRight_Step1
0x080671A4	0x080671CD	thumb	MovementAction_AcroWheelieJumpDown_Step0
0x080671D0	0x080671F9	thumb	MovementAction_AcroWheelieJumpDown_Step1
0x080671FC	0x08067225	thumb	MovementAction_AcroWheelieJumpUp_Step0
0x08067228	0x08067251	thumb	MovementAction_AcroWheelieJumpUp_Step1
0x08067254	0x0806727D	thumb	MovementAction_AcroWheelieJumpLeft_Step0
0x08067280	0x080672A9	thumb	MovementAction_AcroWheelieJumpLeft_Step1
0x080672AC	0x080672D5	thumb	MovementAction_AcroWheelieJumpRight_Step0
0x080672D8	0x08067301	thumb	MovementAction_AcroWheelieJumpRight_Step1
0x08067304	0x08067339	thumb	MovementAction_AcroWheelieInPlaceDown_Step0
0x0806733C	0x08067371	thumb	MovementAction_AcroWheelieInPlaceUp_Step0
0x08067374	0x080673A9	thumb	MovementAction_AcroWheelieInPlaceLeft_Step0
0x080673AC	0x080673E1	thumb	MovementAction_AcroWheelieInPlaceRight_Step0
0x080673E4	0x08067419	thumb	InitAcroPopWheelie
0x0806741C	0x0806743B	thumb	MovementAction_AcroPopWheelieMoveDown_Step0
0x0806743C	0x08067459	thumb	MovementAction_AcroPopWheelieMoveDown_Step1
0x0806745C	0x0806747B	thumb	MovementAction_AcroPopWheelieMoveUp_Step0
0x0806747C	0x08067499	thumb	MovementAction_AcroPopWheelieMoveUp_Step1
0x0806749C	0x080674BB	thumb	MovementAction_AcroPopWheelieMoveLeft_Step0
0x080674BC	0x080674D9	thumb	MovementAction_AcroPopWheelieMoveLeft_Step1
0x080674DC	0x080674FB	thumb	MovementAction_AcroPopWheelieMoveRight_Step0
0x080674FC	0x08067519	thumb	MovementAction_AcroPopWheelieMoveRight_Step1
0x0806751C	0x0806754B	thumb	InitAcroWheelieMove
0x0806754C	0x0806756B	thumb	MovementAction_AcroWheelieMoveDown_Step0
0x0806756C	0x08067589	thumb	MovementAction_AcroWheelieMoveDown_Step1
0x0806758C	0x080675AB	thumb	MovementAction_AcroWheelieMoveUp_Step0
0x080675AC	0x080675C9	thumb	MovementAction_AcroWheelieMoveUp_Step1
0x080675CC	0x080675EB	thumb	MovementAction_AcroWheelieMoveLeft_Step0
0x080675EC	0x08067609	thumb	MovementAction_AcroWheelieMoveLeft_Step1
0x0806760C	0x0806762B	thumb	MovementAction_AcroWheelieMoveRight_Step0
0x0806762C	0x08067649	thumb	MovementAction_AcroWheelieMoveRight_Step1
0x0806764C	0x08067683	thumb	InitSpin
0x08067684	0x080676A3	thumb	MovementAction_SpinDown_Step0
0x080676A4	0x080676C1	thumb	MovementAction_SpinDown_Step1
0x080676C4	0x080676E3	thumb	MovementAction_SpinUp_Step0
0x080676E4	0x08067701	thumb	MovementAction_SpinUp_Step1
0x08067704	0x08067723	thumb	MovementAction_SpinLeft_Step0
0x08067724	0x08067741	thumb	MovementAction_SpinLeft_Step1
0x08067744	0x08067763	thumb	MovementAction_SpinRight_Step0
0x08067764	0x08067781	thumb	MovementAction_SpinRight_Step1
0x08067784	0x080677BF	thumb	MovementAction_RaiseHand_Step0
0x080677C0	0x080677C9	thumb	MovementAction_RaiseHandAndStop_Step1
0x080677CC	0x080678BD	thumb	MovementAction_RaiseHandAndJump_Step1
0x080678C0	0x080678EF	thumb	MovementAction_RaiseHandAndSwim_Step1
0x080678F0	0x08067921	thumb	MovementAction_ShakeHeadOrWalkInPlace_Step0
0x08067924	0x0806792D	thumb	MovementAction_ShakeHeadOrWalkInPlace_Step1
0x08067930	0x08067933	thumb	MovementAction_Finish
0x08067934	0x08067941	thumb	MovementAction_PauseSpriteAnim
0x08067944	0x08067951	thumb	MovementAction_FlyUp_Step0
0x08067954	0x08067975	thumb	MovementAction_FlyUp_Step1
0x08067978	0x0806798B	thumb	MovementAction_FlyDown_Step0
0x0806798C	0x080679A5	thumb	MovementAction_FlyDown_Step1
0x080679A8	0x080679AB	thumb	MovementAction_FlyUp_Step2
0x080679AC	0x080679C5	thumb	UpdateObjectEventSpriteAnimPause
0x080679C8	0x080679F5	thumb	TryEnableObjectEventAnim
0x080679F8	0x08067A0F	thumb	UpdateObjectEventVisibility
0x08067A10	0x08067B0B	thumb	CalcWhetherObjectIsOffscreen
0x08067B0C	0x08067B31	thumb	UpdateObjEventSpriteVisibility
0x08067B34	0x08067B7B	thumb	GetAllGroundEffectFlags_OnSpawn
0x08067B7C	0x08067BD3	thumb	GetAllGroundEffectFlags_OnBeginStep
0x08067BD4	0x08067C23	thumb	GetAllGroundEffectFlags_OnFinishStep
0x08067C24	0x08067C49	thumb	ObjectEventUpdateMetatileBehaviors
0x08067C4C	0x08067CA5	thumb	GetGroundEffectFlags_Reflection
0x08067CA8	0x08067CC5	thumb	GetGroundEffectFlags_TallGrassOnSpawn
0x08067CC8	0x08067CE5	thumb	GetGroundEffectFlags_TallGrassOnBeginStep
0x08067CE8	0x08067D05	thumb	GetGroundEffectFlags_LongGrassOnSpawn
0x08067D08	0x08067D25	thumb	GetGroundEffectFlags_LongGrassOnBeginStep
0x08067D28	0x08067D67	thumb	GetGroundEffectFlags_Tracks
0x08067D68	0x08067DB5	thumb	GetGroundEffectFlags_SandHeap
0x08067DB8	0x08067E1B	thumb	GetGroundEffectFlags_ShallowFlowingWater
0x08067E1C	0x08067E49	thumb	GetGroundEffectFlags_Puddle
0x08067E4C	0x08067E6B	thumb	GetGroundEffectFlags_Ripple
0x08067E6C	0x08067EB9	thumb	GetGroundEffectFlags_ShortGrass
0x08067EBC	0x08067F09	thumb	GetGroundEffectFlags_HotSprings
0x08067F0C	0x08067F2B	thumb	GetGroundEffectFlags_Seaweed
0x08067F2C	0x08067F87	thumb	GetGroundEffectFlags_JumpLanding
0x08067F88	0x080680C7	thumb	ObjectEventCheckForReflectiveSurface
0x080680C8	0x080680F5	thumb	GetReflectionTypeByMetatileBehavior
0x080680F8	0x08068153	thumb	GetLedgeJumpDirection
0x08068154	0x080681AD	thumb	SetObjectEventSpriteOamTableForLongGrass
0x080681B0	0x080681E9	thumb	IsElevationMismatchAt
0x080681EC	0x08068247	thumb	UpdateObjectEventElevationAndPriority
0x08068248	0x08068293	thumb	InitObjectPriorityByElevation
0x08068294	0x080682A3	thumb	ElevationToPriority
0x080682A4	0x080682F7	thumb	ObjectEventUpdateElevation
0x080682F8	0x0806833F	thumb	SetObjectSubpriorityByElevation
0x08068340	0x08068359	thumb	ObjectEventUpdateSubpriority
0x0806835C	0x0806837B	thumb	AreElevationsCompatible
0x0806837C	0x080683C7	thumb	GroundEffect_SpawnOnTallGrass
0x080683C8	0x08068413	thumb	GroundEffect_StepOnTallGrass
0x08068414	0x0806845F	thumb	GroundEffect_SpawnOnLongGrass
0x08068460	0x080684AB	thumb	GroundEffect_StepOnLongGrass
0x080684AC	0x080684B7	thumb	GroundEffect_WaterReflection
0x080684B8	0x080684C3	thumb	GroundEffect_IceReflection
0x080684C4	0x080684D1	thumb	GroundEffect_FlowingWater
0x080684D4	0x080684FF	thumb	GroundEffect_SandTracks
0x08068500	0x0806852B	thumb	GroundEffect_DeepSandTracks
0x0806852C	0x0806852D	thumb	DoTracksGroundEffect_None
0x08068530	0x0806857F	thumb	DoTracksGroundEffect_Footprints
0x08068580	0x080685CF	thumb	DoTracksGroundEffect_BikeTireTracks
0x080685D0	0x080685D9	thumb	GroundEffect_Ripple
0x080685DC	0x080685E9	thumb	GroundEffect_StepOnPuddle
0x080685EC	0x080685F9	thumb	GroundEffect_SandHeap
0x080685FC	0x08068653	thumb	GroundEffect_JumpOnTallGrass
0x08068654	0x0806867B	thumb	GroundEffect_JumpOnLongGrass
0x0806867C	0x080686AB	thumb	GroundEffect_JumpOnShallowWater
0x080686AC	0x080686DB	thumb	GroundEffect_JumpOnWater
0x080686DC	0x0806870B	thumb	GroundEffect_JumpLandingDust
0x0806870C	0x08068719	thumb	GroundEffect_ShortGrass
0x0806871C	0x08068729	thumb	GroundEffect_HotSprings
0x0806872C	0x0806874B	thumb	GroundEffect_Seaweed
0x0806874C	0x0806879B	thumb	DoFlaggedGroundEffects
0x0806879C	0x080687D3	thumb	filters_out_some_ground_effects
0x080687D4	0x080687EF	thumb	FilterOutStepOnPuddleGroundEffectIfJumping
0x080687F0	0x0806883B	thumb	DoGroundEffects_OnSpawn
0x0806883C	0x0806888F	thumb	DoGroundEffects_OnBeginStep
0x08068890	0x080688E3	thumb	DoGroundEffects_OnFinishStep
0x080688E4	0x08068973	thumb	FreezeObjectEvent
0x08068974	0x080689AF	thumb	FreezeObjectEvents
0x080689B0	0x080689F3	thumb	FreezeObjectEventsExceptOne
0x080689F4	0x08068A5B	thumb	UnfreezeObjectEvent
0x08068A5C	0x08068A8B	thumb	UnfreezeObjectEvents
0x08068A8C	0x08068AAB	thumb	Step1
0x08068AAC	0x08068ACF	thumb	Step2
0x08068AD0	0x08068AF7	thumb	Step3
0x08068AF8	0x08068B1B	thumb	Step4
0x08068B1C	0x08068B3F	thumb	Step8
0x08068B40	0x08068B51	thumb	SetSpriteDataForNormalStep
0x08068B54	0x08068BBB	thumb	NpcTakeStep
0x08068BBC	0x08068BC9	thumb	SetWalkSlowerSpriteData
0x08068BCC	0x08068C05	thumb	UpdateWalkSlowerAnim
0x08068C08	0x08068C15	thumb	SetWalkSlowSpriteData
0x08068C18	0x08068C55	thumb	UpdateWalkSlowAnim
0x08068C58	0x08068C65	thumb	SetWalkSlowestSpriteData
0x08068C68	0x08068CA3	thumb	UpdateWalkSlowestAnim
0x08068CA4	0x08068CB1	thumb	SetRunSlowSpriteData
0x08068CB4	0x08068CFD	thumb	UpdateRunSlowAnim
0x08068D00	0x08068D1B	thumb	GetJumpY
0x08068D1C	0x08068D39	thumb	SetJumpSpriteData
0x08068D3C	0x08068DC3	thumb	DoJumpSpriteMovement
0x08068DC4	0x08068E57	thumb	DoJumpSpecialSpriteMovement
0x08068E58	0x08068E5B	thumb	SetMovementDelay
0x08068E5C	0x08068E73	thumb	WaitForMovementDelay
0x08068E74	0x08068E99	thumb	SetAndStartSpriteAnim
0x08068E9C	0x08068EB3	thumb	SpriteAnimEnded
0x08068EB4	0x08068FA7	thumb	UpdateObjectEventSpriteInvisibility
0x08068FA8	0x08068FCF	thumb	SpriteCB_VirtualObject
0x08068FD0	0x0806900B	thumb	DestroyVirtualObjects
0x0806900C	0x08069057	thumb	GetVirtualObjectSpriteId
0x08069058	0x08069093	thumb	TurnVirtualObject
0x08069094	0x08069123	thumb	SetVirtualObjectGraphics
0x08069124	0x0806916B	thumb	SetVirtualObjectInvisibility
0x0806916C	0x080691A3	thumb	IsVirtualObjectInvisible
0x080691A4	0x080691D3	thumb	SetVirtualObjectSpriteAnim
0x080691D4	0x0806920F	thumb	MoveUnionRoomObjectUp
0x08069210	0x08069247	thumb	MoveUnionRoomObjectDown
0x08069248	0x08069293	thumb	VirtualObject_UpdateAnim
0x08069294	0x080692C5	thumb	IsVirtualObjectAnimating
0x080692C8	0x080692EF	thumb	StartFieldEffectForObjectEvent
0x080692F0	0x0806930B	thumb	DoShadowFieldEffect
0x0806930C	0x08069347	thumb	DoRippleFieldEffect
0x08069348	0x0806936F	thumb	InitFieldMessageBox
0x08069370	0x0806940B	thumb	Task_DrawFieldMessageBox
0x0806940C	0x0806941F	thumb	CreateTask_DrawFieldMessageBox
0x08069420	0x0806943B	thumb	DestroyTask_DrawFieldMessageBox
0x0806943C	0x08069463	thumb	ShowFieldMessage
0x08069464	0x08069489	thumb	ShowFieldAutoScrollMessage
0x0806948C	0x080694A3	thumb	ForceShowFieldAutoScrollMessage
0x080694A4	0x080694C5	thumb	ShowFieldMessageFromBuffer
0x080694C8	0x080694E3	thumb	ExpandStringAndStartDrawFieldMessageBox
0x080694E4	0x080694F3	thumb	StartDrawFieldMessageBox
0x080694F4	0x0806950F	thumb	HideFieldMessageBox
0x08069510	0x0806951B	thumb	GetFieldMessageBoxType
0x0806951C	0x08069535	thumb	IsFieldMessageBoxHidden
0x08069538	0x08069553	thumb	ReplaceFieldMessageWithFrame
0x08069554	0x0806956D	thumb	walkrun_is_standing_still
0x08069570	0x0806958F	thumb	Task_WaitPlayerStopMoving
0x08069590	0x080695B1	thumb	IsFreezePlayerFinished
0x080695B4	0x080695CB	thumb	FreezeObjects_WaitForPlayer
0x080695CC	0x08069647	thumb	Task_WaitPlayerAndTargetNPCStopMoving
0x08069648	0x08069669	thumb	IsFreezeSelectedObjectAndPlayerFinished
0x0806966C	0x080696BF	thumb	FreezeObjects_WaitForPlayerAndSelected
0x080696C0	0x080696EF	thumb	ClearPlayerHeldMovementAndUnfreezeObjectEvents
0x080696F0	0x0806973F	thumb	UnionRoom_UnlockPlayerAndChatPartner
0x08069740	0x08069767	thumb	Script_FacePlayer
0x08069768	0x08069787	thumb	Script_ClearHeldMovement
0x08069788	0x080697AB	thumb	GetUserWindowGraphics
0x080697AC	0x080697E5	thumb	InitScriptContext
0x080697E8	0x080697F1	thumb	SetupBytecodeScript
0x080697F4	0x080697FB	thumb	SetupNativeScript
0x080697FC	0x08069803	thumb	StopScript
0x08069804	0x08069881	thumb	RunScriptCommand
0x08069884	0x080698AB	thumb	ScriptPush
0x080698AC	0x080698CD	thumb	ScriptPop
0x080698D0	0x080698D3	thumb	ScriptJump
0x080698D4	0x080698E7	thumb	ScriptCall
0x080698E8	0x080698F7	thumb	ScriptReturn
0x080698F8	0x0806990D	thumb	ScriptReadHalfword
0x08069910	0x0806993F	thumb	ScriptReadWord
0x08069940	0x0806994B	thumb	LockPlayerFieldControls
0x0806994C	0x08069957	thumb	UnlockPlayerFieldControls
0x08069958	0x08069963	thumb	ArePlayerFieldControlsLocked
0x08069964	0x0806996F	thumb	SetQuestLogInputIsDpadFlag
0x08069970	0x0806997B	thumb	ClearQuestLogInputIsDpadFlag
0x0806997C	0x08069995	thumb	IsQuestLogInputDpad
0x08069998	0x080699A3	thumb	RegisterQuestLogInput
0x080699A4	0x080699AF	thumb	ClearQuestLogInput
0x080699B0	0x080699BB	thumb	GetRegisteredQuestLogInput
0x080699BC	0x080699C7	thumb	DisableMsgBoxWalkaway
0x080699C8	0x080699D3	thumb	EnableMsgBoxWalkaway
0x080699D4	0x080699DF	thumb	IsMsgBoxWalkawayDisabled
0x080699E0	0x080699F7	thumb	SetWalkingIntoSignVars
0x080699F8	0x08069A03	thumb	ClearMsgBoxCancelableState
0x08069A04	0x08069A1D	thumb	CanWalkAwayToCancelMsgBox
0x08069A20	0x08069A2B	thumb	MsgSetSignpost
0x08069A2C	0x08069A37	thumb	MsgSetNotSignpost
0x08069A38	0x08069A51	thumb	IsMsgSignpost
0x08069A54	0x08069A61	thumb	ResetFacingNpcOrSignpostVars
0x08069A64	0x08069A7D	thumb	ScriptContext_IsEnabled
0x08069A80	0x08069AA7	thumb	ScriptContext_Init
0x08069AA8	0x08069AE3	thumb	ScriptContext_RunScript
0x08069AE4	0x08069B27	thumb	ScriptContext_SetupScript
0x08069B28	0x08069B33	thumb	ScriptContext_Stop
0x08069B34	0x08069B47	thumb	ScriptContext_Enable
0x08069B48	0x08069B7F	thumb	RunScriptImmediately
0x08069B80	0x08069BBD	thumb	MapHeaderGetScriptTable
0x08069BC0	0x08069BD5	thumb	MapHeaderRunScriptType
0x08069BD8	0x08069C37	thumb	MapHeaderCheckScriptTable
0x08069C38	0x08069C43	thumb	RunOnLoadMapScript
0x08069C44	0x08069C4F	thumb	RunOnTransitionMapScript
0x08069C50	0x08069C5B	thumb	RunOnResumeMapScript
0x08069C5C	0x08069C67	thumb	RunOnReturnToFieldMapScript
0x08069C68	0x08069C73	thumb	RunOnDiveWarpMapScript
0x08069C74	0x08069C99	thumb	TryRunOnFrameMapScript
0x08069C9C	0x08069CAF	thumb	TryRunOnWarpIntoMapScript
0x08069CB0	0x08069CD3	thumb	CalculateRamScriptChecksum
0x08069CD4	0x08069CFF	thumb	ClearRamScript
0x08069D00	0x08069D89	thumb	InitRamScript
0x08069D8C	0x08069DFB	thumb	GetRamScript
0x08069DFC	0x08069E47	thumb	ValidateRamScript
0x08069E48	0x08069EA3	thumb	GetSavedRamScriptIfValid
0x08069EA4	0x08069ECF	thumb	InitRamScript_NoObjectEvent
0x08069ED0	0x08069ED3	thumb	ScrCmd_nop
0x08069ED4	0x08069ED7	thumb	ScrCmd_nop1
0x08069ED8	0x08069EE3	thumb	ScrCmd_end
0x08069EE4	0x08069EFB	thumb	ScrCmd_gotonative
0x08069EFC	0x08069F3B	thumb	ScrCmd_special
0x08069F3C	0x08069F93	thumb	ScrCmd_specialvar
0x08069F94	0x08069FA3	thumb	ScrCmd_callnative
0x08069FA4	0x08069FAF	thumb	ScrCmd_waitstate
0x08069FB0	0x08069FC7	thumb	ScrCmd_goto
0x08069FC8	0x08069FD3	thumb	ScrCmd_return
0x08069FD4	0x08069FEB	thumb	ScrCmd_call
0x08069FEC	0x0806A027	thumb	ScrCmd_goto_if
0x0806A028	0x0806A063	thumb	ScrCmd_call_if
0x0806A064	0x0806A07F	thumb	ScrCmd_setvaddress
0x0806A080	0x0806A0A3	thumb	ScrCmd_vgoto
0x0806A0A4	0x0806A0C7	thumb	ScrCmd_vcall
0x0806A0C8	0x0806A10B	thumb	ScrCmd_vgoto_if
0x0806A10C	0x0806A14F	thumb	ScrCmd_vcall_if
0x0806A150	0x0806A17F	thumb	ScrCmd_gotostd
0x0806A180	0x0806A1AF	thumb	ScrCmd_callstd
0x0806A1B0	0x0806A1FB	thumb	ScrCmd_gotostd_if
0x0806A1FC	0x0806A247	thumb	ScrCmd_callstd_if
0x0806A248	0x0806A25B	thumb	ScrCmd_returnram
0x0806A25C	0x0806A271	thumb	ScrCmd_endram
0x0806A274	0x0806A289	thumb	ScrCmd_setmysteryeventstatus
0x0806A28C	0x0806A2B3	thumb	ScrCmd_trywondercardscript
0x0806A2B4	0x0806A2D5	thumb	ScrCmd_loadword
0x0806A2D8	0x0806A2FB	thumb	ScrCmd_loadbytefromptr
0x0806A2FC	0x0806A313	thumb	ScrCmd_setptr
0x0806A314	0x0806A32F	thumb	ScrCmd_loadbyte
0x0806A330	0x0806A353	thumb	ScrCmd_setptrbyte
0x0806A354	0x0806A373	thumb	ScrCmd_copylocal
0x0806A374	0x0806A38F	thumb	ScrCmd_copybyte
0x0806A390	0x0806A3B1	thumb	ScrCmd_setvar
0x0806A3B4	0x0806A3DF	thumb	ScrCmd_copyvar
0x0806A3E0	0x0806A409	thumb	ScrCmd_setorcopyvar
0x0806A40C	0x0806A42B	thumb	Compare
0x0806A42C	0x0806A45B	thumb	ScrCmd_compare_local_to_local
0x0806A45C	0x0806A483	thumb	ScrCmd_compare_local_to_value
0x0806A484	0x0806A4AF	thumb	ScrCmd_compare_local_to_ptr
0x0806A4B0	0x0806A4D9	thumb	ScrCmd_compare_ptr_to_local
0x0806A4DC	0x0806A4FB	thumb	ScrCmd_compare_ptr_to_value
0x0806A4FC	0x0806A51D	thumb	ScrCmd_compare_ptr_to_ptr
0x0806A520	0x0806A54D	thumb	ScrCmd_compare_var_to_value
0x0806A550	0x0806A583	thumb	ScrCmd_compare_var_to_var
0x0806A584	0x0806A5A9	thumb	ScrCmd_addvar
0x0806A5AC	0x0806A5D9	thumb	ScrCmd_subvar
0x0806A5DC	0x0806A60F	thumb	ScrCmd_random
0x0806A610	0x0806A65B	thumb	ScrCmd_additem
0x0806A65C	0x0806A69F	thumb	ScrCmd_removeitem
0x0806A6A0	0x0806A6E3	thumb	ScrCmd_checkitemspace
0x0806A6E4	0x0806A727	thumb	ScrCmd_checkitem
0x0806A728	0x0806A753	thumb	ScrCmd_checkitemtype
0x0806A754	0x0806A797	thumb	ScrCmd_addpcitem
0x0806A798	0x0806A7DB	thumb	ScrCmd_checkpcitem
0x0806A7DC	0x0806A7EF	thumb	ScrCmd_adddecoration
0x0806A7F0	0x0806A803	thumb	ScrCmd_removedecoration
0x0806A804	0x0806A817	thumb	ScrCmd_checkdecorspace
0x0806A818	0x0806A82B	thumb	ScrCmd_checkdecor
0x0806A82C	0x0806A83F	thumb	ScrCmd_setflag
0x0806A840	0x0806A853	thumb	ScrCmd_clearflag
0x0806A854	0x0806A86D	thumb	ScrCmd_checkflag
0x0806A870	0x0806A885	thumb	ScrCmd_incrementgamestat
0x0806A888	0x0806A8BD	thumb	ScrCmd_comparestat
0x0806A8C0	0x0806A8DF	thumb	ScrCmd_setworldmapflag
0x0806A8E0	0x0806A8F9	thumb	ScrCmd_animateflash
0x0806A8FC	0x0806A917	thumb	ScrCmd_setflashlevel
0x0806A918	0x0806A935	thumb	IsPaletteNotActive
0x0806A938	0x0806A95F	thumb	ScrCmd_fadescreen
0x0806A960	0x0806A98F	thumb	ScrCmd_fadescreenspeed
0x0806A990	0x0806A9AD	thumb	RunPauseTimer
0x0806A9B0	0x0806A9D3	thumb	ScrCmd_delay
0x0806A9D4	0x0806A9D7	thumb	ScrCmd_initclock
0x0806A9D8	0x0806A9DB	thumb	ScrCmd_dotimebasedevents
0x0806A9DC	0x0806A9FB	thumb	ScrCmd_gettime
0x0806A9FC	0x0806AA17	thumb	ScrCmd_setweather
0x0806AA18	0x0806AA23	thumb	ScrCmd_resetweather
0x0806AA24	0x0806AA2F	thumb	ScrCmd_doweather
0x0806AA30	0x0806AA45	thumb	ScrCmd_setstepcallback
0x0806AA48	0x0806AA63	thumb	ScrCmd_setmaplayoutindex
0x0806AA64	0x0806AAE9	thumb	ScrCmd_warp
0x0806AAEC	0x0806AB71	thumb	ScrCmd_warpsilent
0x0806AB74	0x0806ABF9	thumb	ScrCmd_warpdoor
0x0806ABFC	0x0806AC6F	thumb	ScrCmd_warphole
0x0806AC70	0x0806ACF5	thumb	ScrCmd_warpteleport
0x0806ACF8	0x0806AD89	thumb	ScrCmd_warpspinenter
0x0806AD8C	0x0806AE09	thumb	ScrCmd_setwarp
0x0806AE0C	0x0806AE8D	thumb	ScrCmd_setdynamicwarp
0x0806AE90	0x0806AF0D	thumb	ScrCmd_setdivewarp
0x0806AF10	0x0806AF8D	thumb	ScrCmd_setholewarp
0x0806AF90	0x0806B00D	thumb	ScrCmd_setescapewarp
0x0806B010	0x0806B04B	thumb	ScrCmd_getplayerxy
0x0806B04C	0x0806B067	thumb	ScrCmd_getpartysize
0x0806B068	0x0806B07B	thumb	ScrCmd_playse
0x0806B07C	0x0806B091	thumb	WaitForSoundEffectFinish
0x0806B094	0x0806B0A7	thumb	ScrCmd_waitse
0x0806B0A8	0x0806B0BB	thumb	ScrCmd_playfanfare
0x0806B0BC	0x0806B0C9	thumb	WaitForFanfareFinish
0x0806B0CC	0x0806B0DF	thumb	ScrCmd_waitfanfare
0x0806B0E0	0x0806B11F	thumb	ScrCmd_playbgm
0x0806B120	0x0806B133	thumb	ScrCmd_savebgm
0x0806B134	0x0806B153	thumb	ScrCmd_fadedefaultbgm
0x0806B154	0x0806B17B	thumb	ScrCmd_fadenewbgm
0x0806B17C	0x0806B1C7	thumb	ScrCmd_fadeoutbgm
0x0806B1C8	0x0806B1FF	thumb	ScrCmd_fadeinbgm
0x0806B200	0x0806B243	thumb	ScrCmd_applymovement
0x0806B244	0x0806B287	thumb	ScrCmd_applymovementat
0x0806B288	0x0806B2AF	thumb	WaitForMovementFinish
0x0806B2B0	0x0806B303	thumb	ScrCmd_waitmovement
0x0806B304	0x0806B357	thumb	ScrCmd_waitmovementat
0x0806B358	0x0806B37F	thumb	ScrCmd_removeobject
0x0806B380	0x0806B3AD	thumb	ScrCmd_removeobjectat
0x0806B3B0	0x0806B3D7	thumb	ScrCmd_addobject
0x0806B3D8	0x0806B405	thumb	ScrCmd_addobjectat
0x0806B408	0x0806B46F	thumb	ScrCmd_setobjectxy
0x0806B470	0x0806B4C5	thumb	ScrCmd_setobjectxyperm
0x0806B4C8	0x0806B4EF	thumb	ScrCmd_copyobjectxytoperm
0x0806B4F0	0x0806B51F	thumb	ScrCmd_showobjectat
0x0806B520	0x0806B54F	thumb	ScrCmd_hideobjectat
0x0806B550	0x0806B589	thumb	ScrCmd_setobjectsubpriority
0x0806B58C	0x0806B5B9	thumb	ScrCmd_resetobjectsubpriority
0x0806B5BC	0x0806B5F3	thumb	ScrCmd_faceplayer
0x0806B5F4	0x0806B627	thumb	ScrCmd_turnobject
0x0806B628	0x0806B64F	thumb	ScrCmd_setobjectmovementtype
0x0806B650	0x0806B6BF	thumb	ScrCmd_createvobject
0x0806B6C0	0x0806B6DB	thumb	ScrCmd_turnvobject
0x0806B6DC	0x0806B703	thumb	ScrCmd_lockall
0x0806B704	0x0806B75B	thumb	ScrCmd_lock
0x0806B75C	0x0806B793	thumb	ScrCmd_releaseall
0x0806B794	0x0806B7EB	thumb	ScrCmd_release
0x0806B7EC	0x0806B80B	thumb	ScrCmd_textcolor
0x0806B80C	0x0806B825	thumb	ScrCmd_message
0x0806B828	0x0806B84F	thumb	ScrCmd_loadhelp
0x0806B850	0x0806B85B	thumb	ScrCmd_unloadhelp
0x0806B85C	0x0806B875	thumb	ScrCmd_messageautoscroll
0x0806B878	0x0806B88B	thumb	ScrCmd_waitmessage
0x0806B88C	0x0806B897	thumb	ScrCmd_closemessage
0x0806B898	0x0806B93B	thumb	WaitForAorBPress
0x0806B93C	0x0806B96B	thumb	ScriptContext_NextCommandEndsScript
0x0806B96C	0x0806BA39	thumb	ScriptContext_GetQuestLogInput
0x0806BA3C	0x0806BA7F	thumb	ScrCmd_waitbuttonpress
0x0806BA80	0x0806BAAB	thumb	ScrCmd_yesnobox
0x0806BAAC	0x0806BAE5	thumb	ScrCmd_multichoice
0x0806BAE8	0x0806BB37	thumb	ScrCmd_multichoicedefault
0x0806BB38	0x0806BB3B	thumb	ScrCmd_drawbox
0x0806BB3C	0x0806BB8B	thumb	ScrCmd_multichoicegrid
0x0806BB8C	0x0806BB95	thumb	ScrCmd_erasebox
0x0806BB98	0x0806BB9B	thumb	ScrCmd_drawboxtext
0x0806BB9C	0x0806BBD5	thumb	ScrCmd_showmonpic
0x0806BBD8	0x0806BBF7	thumb	ScrCmd_hidemonpic
0x0806BBF8	0x0806BC01	thumb	ScrCmd_showcontestpainting
0x0806BC04	0x0806BC3F	thumb	ScrCmd_braillemessage
0x0806BC40	0x0806BC6B	thumb	ScrCmd_getbraillestringwidth
0x0806BC6C	0x0806BC87	thumb	ScrCmd_vmessage
0x0806BC88	0x0806BCC7	thumb	ScrCmd_bufferspeciesname
0x0806BCC8	0x0806BD13	thumb	ScrCmd_bufferleadmonspeciesname
0x0806BD14	0x0806BD5B	thumb	ScrCmd_bufferpartymonnick
0x0806BD5C	0x0806BD8F	thumb	ScrCmd_bufferitemname
0x0806BD90	0x0806BE33	thumb	ScrCmd_bufferitemnameplural
0x0806BE34	0x0806BE4D	thumb	ScrCmd_bufferdecorationname
0x0806BE50	0x0806BE8F	thumb	ScrCmd_buffermovename
0x0806BE90	0x0806BED3	thumb	ScrCmd_buffernumberstring
0x0806BED4	0x0806BF13	thumb	ScrCmd_bufferstdstring
0x0806BF14	0x0806BF3B	thumb	ScrCmd_bufferstring
0x0806BF3C	0x0806BF5F	thumb	ScrCmd_vbuffermessage
0x0806BF60	0x0806BF93	thumb	ScrCmd_vbufferstring
0x0806BF94	0x0806BFCF	thumb	ScrCmd_bufferboxname
0x0806BFD0	0x0806C04F	thumb	ScrCmd_givemon
0x0806C050	0x0806C07B	thumb	ScrCmd_giveegg
0x0806C07C	0x0806C0A5	thumb	ScrCmd_setmonmove
0x0806C0A8	0x0806C123	thumb	ScrCmd_checkpartymove
0x0806C124	0x0806C157	thumb	ScrCmd_addmoney
0x0806C158	0x0806C18B	thumb	ScrCmd_removemoney
0x0806C18C	0x0806C1CB	thumb	ScrCmd_checkmoney
0x0806C1CC	0x0806C21B	thumb	ScrCmd_showmoneybox
0x0806C21C	0x0806C227	thumb	ScrCmd_hidemoneybox
0x0806C228	0x0806C257	thumb	ScrCmd_updatemoneybox
0x0806C258	0x0806C293	thumb	ScrCmd_showcoinsbox
0x0806C294	0x0806C2A5	thumb	ScrCmd_hidecoinsbox
0x0806C2A8	0x0806C2C1	thumb	ScrCmd_updatecoinsbox
0x0806C2C4	0x0806C2D7	thumb	ScrCmd_trainerbattle
0x0806C2D8	0x0806C2E3	thumb	ScrCmd_dotrainerbattle
0x0806C2E4	0x0806C2F5	thumb	ScrCmd_gotopostbattlescript
0x0806C2F8	0x0806C309	thumb	ScrCmd_gotobeatenscript
0x0806C30C	0x0806C32D	thumb	ScrCmd_checktrainerflag
0x0806C330	0x0806C34B	thumb	ScrCmd_settrainerflag
0x0806C34C	0x0806C367	thumb	ScrCmd_cleartrainerflag
0x0806C368	0x0806C399	thumb	ScrCmd_setwildbattle
0x0806C39C	0x0806C3AB	thumb	ScrCmd_dowildbattle
0x0806C3AC	0x0806C3BF	thumb	ScrCmd_pokemart
0x0806C3C0	0x0806C3D3	thumb	ScrCmd_pokemartdecoration
0x0806C3D4	0x0806C3E7	thumb	ScrCmd_pokemartdecoration2
0x0806C3E8	0x0806C40F	thumb	ScrCmd_playslotmachine
0x0806C410	0x0806C413	thumb	ScrCmd_setberrytree
0x0806C414	0x0806C417	thumb	ScrCmd_getpokenewsactive
0x0806C418	0x0806C423	thumb	ScrCmd_choosecontestmon
0x0806C424	0x0806C427	thumb	ScrCmd_startcontest
0x0806C428	0x0806C42B	thumb	ScrCmd_showcontestresults
0x0806C42C	0x0806C42F	thumb	ScrCmd_contestlinktransfer
0x0806C430	0x0806C457	thumb	ScrCmd_dofieldeffect
0x0806C458	0x0806C487	thumb	ScrCmd_setfieldeffectargument
0x0806C488	0x0806C4A5	thumb	WaitForFieldEffectFinish
0x0806C4A8	0x0806C4D3	thumb	ScrCmd_waitfieldeffect
0x0806C4D4	0x0806C4EF	thumb	ScrCmd_setrespawn
0x0806C4F0	0x0806C507	thumb	ScrCmd_checkplayergender
0x0806C508	0x0806C53F	thumb	ScrCmd_playmoncry
0x0806C540	0x0806C553	thumb	ScrCmd_waitmoncry
0x0806C554	0x0806C5D1	thumb	ScrCmd_setmetatile
0x0806C5D4	0x0806C629	thumb	ScrCmd_opendoor
0x0806C62C	0x0806C66F	thumb	ScrCmd_closedoor
0x0806C670	0x0806C685	thumb	IsDoorAnimationStopped
0x0806C688	0x0806C69B	thumb	ScrCmd_waitdooranim
0x0806C69C	0x0806C6DF	thumb	ScrCmd_setdooropen
0x0806C6E0	0x0806C723	thumb	ScrCmd_setdoorclosed
0x0806C724	0x0806C727	thumb	ScrCmd_addelevmenuitem
0x0806C728	0x0806C72B	thumb	ScrCmd_showelevmenu
0x0806C72C	0x0806C749	thumb	ScrCmd_checkcoins
0x0806C74C	0x0806C783	thumb	ScrCmd_addcoins
0x0806C784	0x0806C7BB	thumb	ScrCmd_removecoins
0x0806C7BC	0x0806C7C7	thumb	ScrCmd_signmsg
0x0806C7C8	0x0806C7D3	thumb	ScrCmd_normalmsg
0x0806C7D4	0x0806C80B	thumb	ScrCmd_setmonmodernfatefulencounter
0x0806C80C	0x0806C843	thumb	ScrCmd_checkmonmodernfatefulencounter
0x0806C844	0x0806C887	thumb	ScrCmd_setmonmetlocation
0x0806C888	0x0806C8B9	thumb	FieldClearPlayerInput
0x0806C8BC	0x0806CA4B	thumb	FieldGetPlayerInput
0x0806CA4C	0x0806CAC7	thumb	QuestLogOverrideJoyVars
0x0806CAC8	0x0806CD2D	thumb	ProcessPlayerFieldInput
0x0806CD30	0x0806CDF7	thumb	FieldInput_HandleCancelSignpost
0x0806CDF8	0x0806CE1D	thumb	Task_QuestLogPlayback_OpenStartMenu
0x0806CE20	0x0806CE35	thumb	GetPlayerPosition
0x0806CE38	0x0806CE73	thumb	GetInFrontOfPlayerPosition
0x0806CE74	0x0806CE9D	thumb	GetPlayerCurMetatileBehavior
0x0806CEA0	0x0806CEDF	thumb	TryStartInteractionScript
0x0806CEE0	0x0806CF35	thumb	GetInteractionScript
0x0806CF38	0x0806CFF3	thumb	GetInteractedLinkPlayerScript
0x0806CFF4	0x0806D0E3	thumb	GetInteractedObjectEventScript
0x0806D0E4	0x0806D1EF	thumb	GetInteractedBackgroundEventScript
0x0806D1F0	0x0806D547	thumb	GetInteractedMetatileScript
0x0806D548	0x0806D5E7	thumb	GetInteractedWaterScript
0x0806D5E8	0x0806D65F	thumb	TryStartStepBasedScript
0x0806D660	0x0806D693	thumb	TryStartCoordEventScript
0x0806D694	0x0806D697	thumb	TryStartMiscWalkingScripts
0x0806D698	0x0806D737	thumb	TryStartStepCountScript
0x0806D738	0x0806D74B	thumb	Unref_ClearHappinessStepCounter
0x0806D74C	0x0806D787	thumb	UpdateHappinessStepCounter
0x0806D788	0x0806D79B	thumb	ClearPoisonStepCounter
0x0806D79C	0x0806D7E7	thumb	UpdatePoisonStepCounter
0x0806D7E8	0x0806D7F1	thumb	RestartWildEncounterImmunitySteps
0x0806D7F4	0x0806D801	thumb	CheckStandardWildEncounter
0x0806D804	0x0806D897	thumb	TrySetUpWalkIntoSignpostScript
0x0806D898	0x0806D907	thumb	GetFacingSignpostType
0x0806D908	0x0806D927	thumb	SetUpWalkIntoSignScript
0x0806D928	0x0806D963	thumb	GetSignpostScriptAtMapPosition
0x0806D964	0x0806DA0F	thumb	TryArrowWarp
0x0806DA10	0x0806DAF3	thumb	TryStartWarpEventScript
0x0806DAF4	0x0806DB83	thumb	IsWarpMetatileBehavior
0x0806DB84	0x0806DBD7	thumb	IsDirectionalStairWarpMetatileBehavior
0x0806DBD8	0x0806DC2D	thumb	IsArrowWarpMetatileBehavior
0x0806DC30	0x0806DC51	thumb	GetWarpEventAtMapPosition
0x0806DC54	0x0806DCCF	thumb	SetupWarp
0x0806DCD0	0x0806DD37	thumb	TryDoorWarp
0x0806DD38	0x0806DD7F	thumb	GetWarpEventAtPosition
0x0806DD80	0x0806DDBD	thumb	TryRunCoordEventScript
0x0806DDC0	0x0806DE25	thumb	GetCoordEventScriptAtPosition
0x0806DE28	0x0806DE6F	thumb	HandleBoulderFallThroughHole
0x0806DE70	0x0806DEC3	thumb	HandleBoulderActivateVictoryRoadSwitch
0x0806DEC4	0x0806DEEB	thumb	GetCoordEventScriptAtMapPosition
0x0806DEEC	0x0806DF39	thumb	GetBackgroundEventAtPosition
0x0806DF3C	0x0806DFB7	thumb	dive_warp
0x0806DFB8	0x0806E04D	thumb	TrySetDiveWarp
0x0806E050	0x0806E089	thumb	GetObjectEventScriptPointerPlayerFacing
0x0806E08C	0x0806E0CF	thumb	SetCableClubWarp
0x0806E0D0	0x0806E10F	thumb	InitEventData
0x0806E110	0x0806E167	thumb	ClearTempFieldEventData
0x0806E168	0x0806E18F	thumb	DisableNationalPokedex_RSE
0x0806E190	0x0806E1BF	thumb	EnableNationalPokedex_RSE
0x0806E1C0	0x0806E201	thumb	IsNationalPokedexEnabled_RSE
0x0806E204	0x0806E22B	thumb	DisableNationalPokedex
0x0806E22C	0x0806E25B	thumb	EnableNationalPokedex
0x0806E25C	0x0806E299	thumb	IsNationalPokedexEnabled
0x0806E29C	0x0806E2AB	thumb	DisableMysteryGift
0x0806E2AC	0x0806E2BB	thumb	EnableMysteryGift
0x0806E2BC	0x0806E2CF	thumb	IsMysteryGiftEnabled
0x0806E2D0	0x0806E36F	thumb	ClearMysteryGiftFlags
0x0806E370	0x0806E3E3	thumb	ClearMysteryGiftVars
0x0806E3E4	0x0806E3FF	thumb	DisableResetRTC
0x0806E400	0x0806E41F	thumb	EnableResetRTC
0x0806E420	0x0806E451	thumb	CanResetRTC
0x0806E454	0x0806E527	thumb	GetVarPointer
0x0806E528	0x0806E567	thumb	IsFlagOrVarStoredInQuestLog
0x0806E568	0x0806E583	thumb	VarGet
0x0806E584	0x0806E5A3	thumb	VarSet
0x0806E5A4	0x0806E5BF	thumb	VarGetObjectEventGraphicsId
0x0806E5C0	0x0806E67F	thumb	GetFlagAddr
0x0806E680	0x0806E6A7	thumb	FlagSet
0x0806E6A8	0x0806E6CF	thumb	FlagClear
0x0806E6D0	0x0806E6FB	thumb	FlagGet
0x0806E6FC	0x0806E7A7	thumb	ResetSpecialVars
0x0806E7A8	0x0806E7A9	thumb	WeatherCoordEvent_SunnyClouds
0x0806E7AC	0x0806E7AD	thumb	WeatherCoordEvent_Sunny
0x0806E7B0	0x0806E7B1	thumb	WeatherCoordEvent_Rain
0x0806E7B4	0x0806E7B5	thumb	WeatherCoordEvent_Snow
0x0806E7B8	0x0806E7B9	thumb	WeatherCoordEvent_RainThunderstorm
0x0806E7BC	0x0806E7BD	thumb	WeatherCoordEvent_FogHorizontal
0x0806E7C0	0x0806E7C1	thumb	WeatherCoordEvent_VolcanicAsh
0x0806E7C4	0x0806E7C5	thumb	WeatherCoordEvent_Sandstorm
0x0806E7C8	0x0806E7C9	thumb	WeatherCoordEvent_FogDiagonal
0x0806E7CC	0x0806E7CD	thumb	WeatherCoordEvent_Underwater
0x0806E7D0	0x0806E7D1	thumb	WeatherCoordEvent_Shade
0x0806E7D4	0x0806E7D5	thumb	WeatherCoordEvent_Route119Cycle
0x0806E7D8	0x0806E7D9	thumb	WeatherCoordEvent_Route123Cycle
0x0806E7DC	0x0806E80F	thumb	DoCoordEventWeather
0x0806E810	0x0806E83B	thumb	Task_RunPerStepCallback
0x0806E83C	0x0806E87B	thumb	Task_RunTimeBasedEvents
0x0806E87C	0x0806E8CF	thumb	SetUpFieldTasks
0x0806E8D0	0x0806E917	thumb	ActivatePerStepCallback
0x0806E918	0x0806E953	thumb	ResetFieldTasksArgs
0x0806E954	0x0806E955	thumb	DummyPerStepCallback
0x0806E958	0x0806E99B	thumb	MarkIcePuzzleCoordVisited
0x0806E99C	0x0806E9DF	thumb	SetIcefallCaveCrackedIceMetatiles
0x0806E9E0	0x0806EB53	thumb	IcefallCaveIcePerStepCallback
0x0806EB54	0x0806EC03	thumb	AshGrassPerStepCallback
0x0806EC04	0x0806EC3F	thumb	SetCrackedFloorHoleMetatile
0x0806EC40	0x0806ED35	thumb	CrackedFloorPerStepCallback
0x0806ED38	0x0806ED53	thumb	SetHasPokedexAndPokemon
0x0806ED54	0x0806ED93	thumb	SetUpStartMenu
0x0806ED94	0x0806EDAF	thumb	AppendToStartMenuItems
0x0806EDB0	0x0806EE03	thumb	SetUpStartMenu_NormalField
0x0806EE04	0x0806EE33	thumb	SetUpStartMenu_SafariZone
0x0806EE34	0x0806EE57	thumb	SetUpStartMenu_Link
0x0806EE58	0x0806EE7B	thumb	SetUpStartMenu_UnionRoom
0x0806EE7C	0x0806EF17	thumb	DrawSafariZoneStatsWindow
0x0806EF18	0x0806EF43	thumb	DestroySafariZoneStatsWindow
0x0806EF44	0x0806F019	thumb	PrintStartMenuItems
0x0806F01C	0x0806F149	thumb	DoDrawStartMenu
0x0806F14C	0x0806F167	thumb	DrawStartMenuInOneGo
0x0806F168	0x0806F185	thumb	task50_startmenu
0x0806F188	0x0806F1B7	thumb	OpenStartMenuWithFollowupFunc
0x0806F1B8	0x0806F1D1	thumb	FieldCB2_DrawStartMenu
0x0806F1D4	0x0806F1EF	thumb	SetUpReturnToStartMenu
0x0806F1F0	0x0806F257	thumb	Task_StartMenuHandleInput
0x0806F258	0x0806F27F	thumb	ShowStartMenu
0x0806F280	0x0806F393	thumb	StartCB_HandleInput
0x0806F394	0x0806F3CB	thumb	StartMenu_FadeScreenIfLeavingOverworld
0x0806F3CC	0x0806F40D	thumb	StartMenuPokedexSanityCheck
0x0806F410	0x0806F44B	thumb	StartMenuPokedexCallback
0x0806F44C	0x0806F47F	thumb	StartMenuPokemonCallback
0x0806F480	0x0806F4B3	thumb	StartMenuBagCallback
0x0806F4B4	0x0806F4E7	thumb	StartMenuPlayerCallback
0x0806F4E8	0x0806F4FB	thumb	StartMenuSaveCallback
0x0806F4FC	0x0806F53F	thumb	StartMenuOptionCallback
0x0806F540	0x0806F553	thumb	StartMenuExitCallback
0x0806F554	0x0806F56B	thumb	StartMenuSafariZoneRetireCallback
0x0806F56C	0x0806F5A3	thumb	StartMenuLinkPlayerCallback
0x0806F5A4	0x0806F5C7	thumb	StartCB_Save1
0x0806F5C8	0x0806F621	thumb	StartCB_Save2
0x0806F624	0x0806F647	thumb	StartMenu_PrepareForSave
0x0806F648	0x0806F679	thumb	RunSaveDialogCB
0x0806F67C	0x0806F69B	thumb	Field_AskSaveTheGame
0x0806F69C	0x0806F6D3	thumb	PrintSaveTextWithFollowupFunc
0x0806F6D4	0x0806F71B	thumb	task50_save_game
0x0806F71C	0x0806F729	thumb	CloseSaveMessageWindow
0x0806F72C	0x0806F735	thumb	CloseSaveStatsWindow_
0x0806F738	0x0806F743	thumb	SetSaveDialogDelayTo60Frames
0x0806F744	0x0806F777	thumb	SaveDialog_Wait60FramesOrAButtonHeld
0x0806F778	0x0806F7A5	thumb	SaveDialog_Wait60FramesThenCheckAButtonHeld
0x0806F7A8	0x0806F7DB	thumb	SaveDialogCB_PrintAskSaveText
0x0806F7DC	0x0806F7F7	thumb	SaveDialogCB_AskSavePrintYesNoMenu
0x0806F7F8	0x0806F869	thumb	SaveDialogCB_AskSaveHandleInput
0x0806F86C	0x0806F8A3	thumb	SaveDialogCB_PrintAskOverwriteText
0x0806F8A4	0x0806F8BF	thumb	SaveDialogCB_AskOverwritePrintYesNoMenu
0x0806F8C0	0x0806F8DB	thumb	SaveDialogCB_AskReplacePreviousFilePrintYesNoMenu
0x0806F8DC	0x0806F921	thumb	SaveDialogCB_AskOverwriteOrReplacePreviousFileHandleInput
0x0806F924	0x0806F93F	thumb	SaveDialogCB_PrintSavingDontTurnOffPower
0x0806F940	0x0806F97B	thumb	SaveDialogCB_DoSave
0x0806F97C	0x0806F9B7	thumb	SaveDialogCB_PrintSaveResult
0x0806F9B8	0x0806F9DF	thumb	SaveDialogCB_WaitPrintSuccessAndPlaySE
0x0806F9E0	0x0806FA03	thumb	SaveDialogCB_ReturnSuccess
0x0806FA04	0x0806FA2B	thumb	SaveDialogCB_WaitPrintErrorAndPlaySE
0x0806FA2C	0x0806FA45	thumb	SaveDialogCB_ReturnError
0x0806FA48	0x0806FA51	thumb	VBlankCB_WhileSavingAfterLinkBattle
0x0806FA54	0x0806FB79	thumb	DoSetUpSaveAfterLinkBattle
0x0806FB7C	0x0806FBA7	thumb	CB2_SetUpSaveAfterLinkBattle
0x0806FBA8	0x0806FBB5	thumb	CB2_WhileSavingAfterLinkBattle
0x0806FBB8	0x0806FCF3	thumb	task50_after_link_battle_save
0x0806FCF4	0x0806FE83	thumb	PrintSaveStats
0x0806FE84	0x0806FE9F	thumb	CloseSaveStatsWindow
0x0806FEA0	0x0806FEC5	thumb	CloseStartMenu
0x0806FEC8	0x0806FED5	thumb	AppendToList
0x0806FED8	0x0806FF03	thumb	ResetTilesetAnimBuffer
0x0806FF04	0x0806FF53	thumb	AppendTilesetAnimToBuffer
0x0806FF54	0x0806FF9B	thumb	TransferTilesetAnimsBuffer
0x0806FF9C	0x0806FFAD	thumb	InitTilesetAnimations
0x0806FFB0	0x0806FFB9	thumb	InitSecondaryTilesetAnimation
0x0806FFBC	0x0807002B	thumb	UpdateTilesetAnimations
0x0807002C	0x08070067	thumb	_InitPrimaryTilesetAnimation
0x08070068	0x080700A3	thumb	_InitSecondaryTilesetAnimation
0x080700A4	0x080700CF	thumb	QueueAnimTiles_General_Flower
0x080700D0	0x080700F7	thumb	QueueAnimTiles_General_Water_Current_LandWatersEdge
0x080700F8	0x0807011F	thumb	QueueAnimTiles_General_SandWatersEdge
0x08070120	0x08070151	thumb	TilesetAnim_General
0x08070154	0x0807017B	thumb	InitTilesetAnim_General
0x0807017C	0x080701AB	thumb	QueueAnimTiles_CeladonCity_Fountain
0x080701AC	0x080701D5	thumb	TilesetAnim_CeladonCity
0x080701D8	0x080701FB	thumb	InitTilesetAnim_CeladonCity
0x080701FC	0x08070223	thumb	QueueAnimTiles_SilphCo_Fountain
0x08070224	0x0807024D	thumb	TilesetAnim_SilphCo
0x08070250	0x08070273	thumb	InitTilesetAnim_SilphCo
0x08070274	0x0807029B	thumb	QueueAnimTiles_MtEmber_Steam
0x0807029C	0x080702B3	thumb	TilesetAnim_MtEmber
0x080702B4	0x080702DB	thumb	InitTilesetAnim_MtEmber
0x080702DC	0x08070303	thumb	QueueAnimTiles_VermilionGym_MotorizedDoor
0x08070304	0x0807031B	thumb	TilesetAnim_VermilionGym
0x0807031C	0x0807033F	thumb	InitTilesetAnim_VermilionGym
0x08070340	0x08070367	thumb	QueueAnimTiles_CeladonGym_Flowers
0x08070368	0x0807037F	thumb	TilesetAnim_CeladonGym
0x08070380	0x080703A7	thumb	InitTilesetAnim_CeladonGym
0x080703A8	0x080703EB	thumb	LoadCompressedPalette
0x080703EC	0x08070423	thumb	LoadPalette
0x08070424	0x08070473	thumb	FillPalette
0x08070474	0x080704CF	thumb	TransferPlttBuffer
0x080704D0	0x08070527	thumb	UpdatePaletteFade
0x08070528	0x08070545	thumb	ResetPaletteFade
0x08070548	0x08070587	thumb	ReadPlttIntoBuffers
0x08070588	0x080706CF	thumb	BeginNormalPaletteFade
0x080706D0	0x08070717	thumb	BeginPlttFade
0x08070718	0x0807078F	thumb	PaletteStruct_Run
0x08070790	0x080708F3	thumb	PaletteStruct_Copy
0x080708F4	0x080709B3	thumb	PaletteStruct_Blend
0x080709B4	0x08070A0B	thumb	PaletteStruct_TryEnd
0x08070A0C	0x08070A25	thumb	PaletteStruct_ResetById
0x08070A28	0x08070A83	thumb	PaletteStruct_Reset
0x08070A84	0x08070AFB	thumb	ResetPaletteFadeControl
0x08070AFC	0x08070B27	thumb	PaletteStruct_SetUnusedFlag
0x08070B28	0x08070B57	thumb	PaletteStruct_ClearUnusedFlag
0x08070B58	0x08070B8B	thumb	PaletteStruct_GetPalNum
0x08070B8C	0x08070CCB	thumb	UpdateNormalPaletteFade
0x08070CCC	0x08070D13	thumb	InvertPlttBuffer
0x08070D14	0x08070DE7	thumb	TintPlttBuffer
0x08070DE8	0x08070E43	thumb	UnfadePlttBuffer
0x08070E44	0x08070E67	thumb	BeginFastPaletteFade
0x08070E68	0x08070EEB	thumb	BeginFastPaletteFadeInternal
0x08070EEC	0x08071263	thumb	UpdateFastPaletteFade
0x08071264	0x080712FF	thumb	BeginHardwarePaletteFade
0x08071300	0x0807141B	thumb	UpdateHardwarePaletteFade
0x0807141C	0x0807146F	thumb	UpdateBlendRegisters
0x08071470	0x080714D3	thumb	IsSoftwarePaletteFadeFinishing
0x080714D4	0x0807150D	thumb	BlendPalettes
0x08071510	0x08071543	thumb	BlendPalettesUnfaded
0x08071544	0x08071591	thumb	TintPalette_GrayScale
0x08071594	0x080715F3	thumb	TintPalette_GrayScale2
0x080715F4	0x0807165F	thumb	TintPalette_SepiaTone
0x08071660	0x080716F7	thumb	TintPalette_CustomTone
0x080716F8	0x080717A5	thumb	CopyPaletteInvertedTint
0x080717A8	0x0807185B	thumb	BlendPalettesGradually
0x0807185C	0x08071897	thumb	IsBlendPalettesGraduallyTaskActive
0x08071898	0x080718B7	thumb	DestroyBlendPalettesGraduallyTask
0x080718B8	0x08071935	thumb	Task_BlendPalettesGradually
0x08071938	0x0807194B	thumb	InitMapMusic
0x0807194C	0x08071A43	thumb	MapMusicMain
0x08071A44	0x08071A67	thumb	ResetMapMusic
0x08071A68	0x08071A73	thumb	GetCurrentMapMusic
0x08071A74	0x08071A93	thumb	PlayNewMapMusic
0x08071A94	0x08071AB3	thumb	StopMapMusic
0x08071AB4	0x08071AEB	thumb	FadeOutMapMusic
0x08071AEC	0x08071B1F	thumb	FadeOutAndPlayNewMapMusic
0x08071B20	0x08071B63	thumb	FadeOutAndFadeInNewMapMusic
0x08071B64	0x08071B9F	thumb	FadeInNewMapMusic
0x08071BA0	0x08071BC1	thumb	IsNotWaitingForBGMStop
0x08071BC4	0x08071C0F	thumb	PlayFanfareByFanfareNum
0x08071C10	0x08071C47	thumb	WaitFanfare
0x08071C48	0x08071C5F	thumb	StopFanfareByFanfareNum
0x08071C60	0x08071C99	thumb	PlayFanfare
0x08071C9C	0x08071CB9	thumb	IsFanfareTaskInactive
0x08071CBC	0x08071CEB	thumb	Task_Fanfare
0x08071CEC	0x08071D0F	thumb	CreateFanfareTask
0x08071D10	0x08071D63	thumb	FadeInNewBGM
0x08071D64	0x08071D7B	thumb	FadeOutBGMTemporarily
0x08071D7C	0x08071DA1	thumb	IsBGMPausedOrStopped
0x08071DA4	0x08071DBB	thumb	FadeInBGM
0x08071DBC	0x08071DD3	thumb	FadeOutBGM
0x08071DD4	0x08071DED	thumb	IsBGMStopped
0x08071DF0	0x08071E3B	thumb	PlayCry_Normal
0x08071E3C	0x08071E5F	thumb	PlayCry_NormalNoDucking
0x08071E60	0x08071EBF	thumb	PlayCry_ByMode
0x08071EC0	0x08071F23	thumb	PlayCry_ReleaseDouble
0x08071F24	0x08071F77	thumb	PlayCry_Script
0x08071F78	0x0807219F	thumb	PlayCryInternal
0x080721A0	0x080721C1	thumb	IsCryFinished
0x080721C4	0x080721DB	thumb	StopCryAndClearCrySongs
0x080721DC	0x080721EF	thumb	StopCry
0x080721F0	0x08072211	thumb	IsCryPlayingOrClearCrySongs
0x08072214	0x08072231	thumb	IsCryPlaying
0x08072234	0x0807227B	thumb	Task_DuckBGMForPokemonCry
0x0807227C	0x0807229F	thumb	RestoreBGMVolumeAfterPokemonCry
0x080722A0	0x080722CB	thumb	PlayBGM
0x080722CC	0x080722F3	thumb	PlaySE
0x080722F4	0x08072347	thumb	PlaySE12WithPanning
0x08072348	0x0807237B	thumb	PlaySE1WithPanning
0x0807237C	0x080723AF	thumb	PlaySE2WithPanning
0x080723B0	0x080723DF	thumb	SE12PanpotControl
0x080723E0	0x08072421	thumb	IsSEPlaying
0x08072424	0x08072449	thumb	IsBGMPlaying
0x0807244C	0x08072471	thumb	IsSpecialSEPlaying
0x08072474	0x0807249B	thumb	SetBGMVolume_SuppressHelpSystemReduction
0x0807249C	0x080724BF	thumb	BGMVolumeMax_EnableHelpSystemReduction
0x080724C0	0x0807259B	thumb	ClearBattleAnimationVars
0x0807259C	0x080725D3	thumb	DoMoveAnim
0x080725D4	0x0807273F	thumb	LaunchBattleAnimation
0x08072740	0x0807275F	thumb	DestroyAnimSprite
0x08072760	0x0807277B	thumb	DestroyAnimVisualTask
0x0807277C	0x08072797	thumb	DestroyAnimSoundTask
0x08072798	0x080727C5	thumb	AddSpriteIndex
0x080727C8	0x080727F9	thumb	ClearSpriteIndex
0x080727FC	0x08072827	thumb	WaitAnimFrameCount
0x08072828	0x08072867	thumb	RunAnimScriptCommand
0x08072868	0x080728CF	thumb	Cmd_loadspritegfx
0x080728D0	0x0807291B	thumb	Cmd_unloadspritegfx
0x0807291C	0x08072A0F	thumb	Cmd_createsprite
0x08072A10	0x08072A8B	thumb	Cmd_createvisualtask
0x08072A8C	0x08072ACB	thumb	Cmd_delay
0x08072ACC	0x08072AFF	thumb	Cmd_waitforvisualfinish
0x08072B00	0x08072B01	thumb	Cmd_nop
0x08072B04	0x08072B05	thumb	Cmd_nop2
0x08072B08	0x08072C07	thumb	Cmd_end
0x08072C08	0x08072C2F	thumb	Cmd_playse
0x08072C30	0x08072DEF	thumb	Cmd_monbg
0x08072DF0	0x08072E47	thumb	IsBattlerSpriteVisible
0x08072E48	0x080730BF	thumb	MoveBattlerSpriteToBG
0x080730C0	0x08073127	thumb	RelocateBattleBgPal
0x08073128	0x08073173	thumb	ResetBattleAnimBg
0x08073174	0x0807324B	thumb	Task_InitUpdateMonBg
0x0807324C	0x0807331B	thumb	Cmd_clearmonbg
0x0807331C	0x0807339B	thumb	Task_ClearMonBg
0x0807339C	0x08073483	thumb	Cmd_monbg_static
0x08073484	0x08073557	thumb	Cmd_clearmonbg_static
0x08073558	0x080735DF	thumb	Task_ClearMonBgStatic
0x080735E0	0x08073617	thumb	Cmd_setalpha
0x08073618	0x0807363F	thumb	Cmd_setbldcnt
0x08073640	0x08073663	thumb	Cmd_blendoff
0x08073664	0x08073697	thumb	Cmd_call
0x08073698	0x080736AB	thumb	Cmd_return
0x080736AC	0x080736DF	thumb	Cmd_setarg
0x080736E0	0x0807371F	thumb	Cmd_choosetwoturnanim
0x08073720	0x08073761	thumb	Cmd_jumpifmoveturn
0x08073764	0x08073787	thumb	Cmd_goto
0x08073788	0x0807378B	thumb	IsContest
0x0807378C	0x0807379F	thumb	IsSpeciesNotUnown
0x080737A0	0x080737E3	thumb	Cmd_fadetobg
0x080737E4	0x0807384F	thumb	Cmd_fadetobgfromset
0x08073850	0x08073923	thumb	Task_FadeToBg
0x08073924	0x0807396B	thumb	LoadMoveBg
0x0807396C	0x08073975	thumb	LoadDefaultBg
0x08073978	0x080739BB	thumb	Cmd_restorebg
0x080739BC	0x080739EF	thumb	Cmd_waitbgfadeout
0x080739F0	0x08073A23	thumb	Cmd_waitbgfadein
0x08073A24	0x08073A43	thumb	Cmd_changebg
0x08073A44	0x08073B05	thumb	BattleAnimAdjustPanning
0x08073B08	0x08073B5F	thumb	BattleAnimAdjustPanning2
0x08073B60	0x08073B87	thumb	KeepPanInRange
0x08073B88	0x08073BC5	thumb	CalculatePanIncrement
0x08073BC8	0x08073BFF	thumb	Cmd_playsewithpan
0x08073C00	0x08073C2B	thumb	Cmd_setpan
0x08073C2C	0x08073CEB	thumb	Cmd_panse
0x08073CEC	0x08073D7B	thumb	Task_PanFromInitialToTarget
0x08073D7C	0x08073E0F	thumb	Cmd_panse_adjustnone
0x08073E10	0x08073ECF	thumb	Cmd_panse_adjustall
0x08073ED0	0x08073F57	thumb	Cmd_loopsewithpan
0x08073F58	0x08073FB3	thumb	Task_LoopAndPlaySE
0x08073FB4	0x08074027	thumb	Cmd_waitplaysewithpan
0x08074028	0x0807406B	thumb	Task_WaitAndPlaySE
0x0807406C	0x080740DF	thumb	Cmd_createsoundtask
0x080740E0	0x08074163	thumb	Cmd_waitsound
0x08074164	0x080741B7	thumb	Cmd_jumpargeq
0x080741B8	0x080741C7	thumb	Cmd_jumpifcontest
0x080741C8	0x08074213	thumb	Cmd_splitbgprio
0x08074214	0x0807423B	thumb	Cmd_splitbgprio_all
0x0807423C	0x080742A3	thumb	Cmd_splitbgprio_foes
0x080742A4	0x080742DF	thumb	Cmd_invisible
0x080742E0	0x0807431F	thumb	Cmd_visible
0x08074320	0x080743C7	thumb	Cmd_teamattack_moveback
0x080743C8	0x08074457	thumb	Cmd_teamattack_movefwd
0x08074458	0x0807447F	thumb	Cmd_stopsound
0x08074480	0x0807458D	thumb	GetBattlerSpriteCoord
0x08074590	0x0807474B	thumb	GetBattlerYDelta
0x0807474C	0x080747AB	thumb	GetBattlerElevation
0x080747AC	0x08074843	thumb	GetBattlerSpriteFinal_Y
0x08074844	0x080748A5	thumb	GetBattlerSpriteCoord2
0x080748A8	0x080748BB	thumb	GetBattlerSpriteDefault_Y
0x080748BC	0x080748FD	thumb	GetSubstituteSpriteDefault_Y
0x08074900	0x0807492B	thumb	GetGhostSpriteDefault_Y
0x0807492C	0x080749D3	thumb	GetBattlerYCoordWithElevation
0x080749D4	0x08074A67	thumb	GetAnimBattlerSpriteId
0x08074A68	0x08074A6F	thumb	StoreSpriteCallbackInData6
0x08074A70	0x08074A7D	thumb	SetCallbackToStoredInData6
0x08074A80	0x08074ADF	thumb	TranslateSpriteInCircle
0x08074AE0	0x08074B5B	thumb	TranslateSpriteInGrowingCircle
0x08074B5C	0x08074BE3	thumb	TranslateSpriteInLissajousCurve
0x08074BE4	0x08074C43	thumb	TranslateSpriteInEllipse
0x08074C44	0x08074C61	thumb	WaitAnimForDuration
0x08074C64	0x08074C7F	thumb	AnimPosToTranslateLinear
0x08074C80	0x08074CCD	thumb	ConvertPosDataToTranslateLinearData
0x08074CD0	0x08074CFD	thumb	TranslateSpriteLinear
0x08074D00	0x08074D39	thumb	TranslateSpriteLinearFixedPoint
0x08074D3C	0x08074D7D	thumb	TranslateSpriteLinearFixedPointIconFrame
0x08074D80	0x08074DC3	thumb	TranslateSpriteToBattleTargetPos
0x08074DC4	0x08074E13	thumb	TranslateSpriteLinearById
0x08074E14	0x08074E6F	thumb	TranslateSpriteLinearByIdFixedPoint
0x08074E70	0x08074EDD	thumb	TranslateSpriteLinearAndFlicker
0x08074EE0	0x08074EF3	thumb	DestroySpriteAndMatrix
0x08074EF4	0x08074F37	thumb	SetupAndStartSpriteLinearTranslationToAttacker
0x08074F38	0x08074F4D	thumb	EndUnkPaletteAnim
0x08074F50	0x08074F69	thumb	RunStoredCallbackWhenAffineAnimEnds
0x08074F6C	0x08074F85	thumb	RunStoredCallbackWhenAnimEnds
0x08074F88	0x08074FA7	thumb	DestroyAnimSpriteAndDisableBlend
0x08074FA8	0x08074FCB	thumb	DestroyAnimVisualTaskAndDisableBlend
0x08074FCC	0x08074FF7	thumb	SetSpriteCoordsToAnimAttackerCoords
0x08074FF8	0x08075065	thumb	SetAnimSpriteInitialXOffset
0x08075068	0x08075091	thumb	InitAnimArcTranslation
0x08075094	0x080750C7	thumb	TranslateAnimHorizontalArc
0x080750C8	0x080750FB	thumb	TranslateAnimVerticalArc
0x080750FC	0x08075113	thumb	SetSpritePrimaryCoordsFromSecondaryCoords
0x08075114	0x0807515F	thumb	InitSpritePosToAnimTarget
0x08075160	0x080751C3	thumb	InitSpritePosToAnimAttacker
0x080751C4	0x080751D7	thumb	GetBattlerSide
0x080751D8	0x080751E7	thumb	GetBattlerPosition
0x080751E8	0x08075223	thumb	GetBattlerAtPosition
0x08075224	0x0807528F	thumb	IsBattlerSpritePresent
0x08075290	0x0807529F	thumb	IsDoubleBattle
0x080752A0	0x080752C7	thumb	GetBattleAnimBg1Data
0x080752C8	0x080752FF	thumb	GetBattleAnimBgData
0x08075300	0x08075357	thumb	GetBattleAnimBgDataByPriorityRank
0x08075358	0x080753B3	thumb	InitBattleAnimBg
0x080753B4	0x08075403	thumb	AnimLoadCompressedBgGfx
0x08075404	0x0807543B	thumb	InitAnimBgTilemapBuffer
0x0807543C	0x08075453	thumb	AnimLoadCompressedBgTilemap
0x08075454	0x08075457	thumb	GetBattleBgPaletteNum
0x08075458	0x0807548D	thumb	ToggleBg3Mode
0x08075490	0x080754B7	thumb	Trade_MoveSelectedMonToTarget
0x080754B8	0x080754F5	thumb	InitSpriteDataForLinearTranslation
0x080754F8	0x0807558F	thumb	InitAnimLinearTranslation
0x08075590	0x080755B7	thumb	StartAnimLinearTranslation
0x080755B8	0x080755DF	thumb	PlayerThrowBall_StartAnimLinearTranslation
0x080755E0	0x08075639	thumb	AnimTranslateLinear
0x0807563C	0x08075655	thumb	AnimTranslateLinear_WithFollowup
0x08075658	0x08075677	thumb	PlayerThrowBall_AnimTranslateLinear_WithFollowup
0x08075678	0x080756A3	thumb	InitAnimLinearTranslationWithSpeed
0x080756A4	0x080756CB	thumb	InitAnimLinearTranslationWithSpeedAndPos
0x080756CC	0x08075763	thumb	InitAnimFastLinearTranslation
0x08075764	0x0807578B	thumb	InitAndRunAnimFastLinearTranslation
0x0807578C	0x080757E5	thumb	AnimFastTranslateLinear
0x080757E8	0x08075801	thumb	AnimFastTranslateLinearWaitEnd
0x08075804	0x0807582F	thumb	InitAnimFastLinearTranslationWithSpeed
0x08075830	0x08075857	thumb	InitAnimFastLinearTranslationWithSpeedAndPos
0x08075858	0x080758DB	thumb	SetSpriteRotScale
0x080758DC	0x080758DF	thumb	ShouldRotScaleSpeciesBeFlipped
0x080758E0	0x0807597F	thumb	PrepareBattlerSpriteForRotScale
0x08075980	0x080759DB	thumb	ResetSpriteRotScale
0x080759DC	0x08075A1B	thumb	SetBattlerSpriteYOffsetFromRotation
0x08075A1C	0x08075AD7	thumb	TrySetSpriteRotScale
0x08075AD8	0x08075B15	thumb	TryResetSpriteAffineState
0x08075B18	0x08075B2D	thumb	ArcTan2_
0x08075B30	0x08075B47	thumb	ArcTan2Neg
0x08075B48	0x08075BE7	thumb	SetGreyscaleOrOriginalPalette
0x08075BE8	0x08075CB7	thumb	GetBattlePalettesMask
0x08075CB8	0x08075D7D	thumb	GetBattleMonSpritePalettesMask
0x08075D80	0x08075D85	thumb	GetSpritePalIdxByBattler
0x08075D88	0x08075D99	thumb	GetSpritePalIdxByPosition
0x08075D9C	0x08075DF3	thumb	AnimSpriteOnMonPos
0x08075DF4	0x08075E7F	thumb	TranslateAnimSpriteToTargetMonLocation
0x08075E80	0x08075EEF	thumb	AnimThrowProjectile
0x08075EF0	0x08075F09	thumb	AnimThrowProjectile_Step
0x08075F0C	0x08075FBB	thumb	AnimTravelDiagonally
0x08075FBC	0x0807602F	thumb	CloneBattlerSpriteWithBlend
0x08076030	0x08076045	thumb	DestroySpriteWithActiveSheet
0x08076048	0x080760CF	thumb	AnimTask_AlphaFadeIn
0x080760D0	0x08076169	thumb	AnimTask_AlphaFadeIn_Step
0x0807616C	0x080761C7	thumb	AnimTask_BlendMonInAndOut
0x080761C8	0x080761EF	thumb	AnimTask_BlendMonInAndOutSetup
0x080761F0	0x08076285	thumb	AnimTask_BlendMonInAndOut_Step
0x08076288	0x080762CF	thumb	AnimTask_BlendPalInAndOutByTag
0x080762D0	0x08076307	thumb	PrepareAffineAnimInTaskData
0x08076308	0x0807643D	thumb	RunAffineAnimFromTaskData
0x08076440	0x08076493	thumb	SetBattlerSpriteYOffsetFromYScale
0x08076494	0x080764EB	thumb	SetBattlerSpriteYOffsetFromOtherYScale
0x080764EC	0x080765BD	thumb	GetBattlerYDeltaFromSpriteId
0x080765C0	0x080765C7	thumb	StorePointerInVars
0x080765C8	0x080765D1	thumb	LoadPointerFromVars
0x080765D4	0x0807663D	thumb	BattleAnimHelper_SetSpriteSquashParams
0x08076640	0x080766B7	thumb	BattleAnimHelper_RunSpriteSquash
0x080766B8	0x080766EB	thumb	AnimTask_GetFrustrationPowerLevel
0x080766EC	0x080767EF	thumb	SetPriorityForVisibleBattlers
0x080767F0	0x0807685B	thumb	InitPrioritiesForVisibleBattlers
0x0807685C	0x08076883	thumb	GetBattlerSpriteSubpriority
0x08076884	0x080768AD	thumb	GetBattlerSpriteBGPriority
0x080768B0	0x080768CF	thumb	GetBattlerSpriteBGPriorityRank
0x080768D0	0x08076B1F	thumb	CreateAdditionalMonSpriteForMoveAnim
0x08076B20	0x08076B29	thumb	DestroySpriteAndFreeResources_
0x08076B2C	0x08076D9B	thumb	GetBattlerSpriteCoordAttr
0x08076D9C	0x08076E33	thumb	SetAverageBattlerPositions
0x08076E34	0x08076ED7	thumb	CreateInvisibleSpriteCopy
0x08076ED8	0x08076F57	thumb	AnimTranslateLinearAndFlicker_Flipped
0x08076F58	0x08076FCF	thumb	AnimTranslateLinearAndFlicker
0x08076FD0	0x0807702F	thumb	AnimSpinningSparkle
0x08077030	0x08077117	thumb	AnimTask_AttackerPunchWithTrace
0x08077118	0x080771E3	thumb	AnimTask_AttackerPunchWithTrace_Step
0x080771E4	0x08077267	thumb	CreateBattlerTrace
0x08077268	0x0807729B	thumb	AnimBattlerTrace
0x0807729C	0x080772F3	thumb	AnimWeatherBallUp
0x080772F4	0x0807734D	thumb	AnimWeatherBallUp_Step
0x08077350	0x080773BB	thumb	AnimWeatherBallDown
0x080773BC	0x0807741B	thumb	ResetTasks
0x0807741C	0x0807746D	thumb	CreateTask
0x08077470	0x08077505	thumb	InsertTask
0x08077508	0x08077577	thumb	DestroyTask
0x08077578	0x080775A7	thumb	RunTasks
0x080775A8	0x080775E3	thumb	FindFirstActiveTask
0x080775E4	0x080775E5	thumb	TaskDummy
0x080775E8	0x0807761B	thumb	SetTaskFuncWithFollowupFunc
0x0807761C	0x0807764F	thumb	SwitchTaskToFollowupFunc
0x08077650	0x08077685	thumb	FuncIsActiveTask
0x08077688	0x080776B5	thumb	FindTaskIdByFunc
0x080776B8	0x080776E7	thumb	GetTaskCount
0x080776E8	0x0807771F	thumb	SetWordTaskArg
0x08077720	0x0807775F	thumb	GetWordTaskArg
0x08077760	0x08077761	thumb	ReshowBattleScreenDummy
0x08077764	0x080777E7	thumb	ReshowBattleScreenAfterMenu
0x080777E8	0x08077AAB	thumb	CB2_ReshowBattleScreenAfterMenu
0x08077AAC	0x08077B0B	thumb	ReshowBattleScreen_TurnOnDisplay
0x08077B0C	0x08077C37	thumb	LoadBattlerSpriteGfx
0x08077C38	0x08077FE3	thumb	CreateBattlerSprite
0x08077FE4	0x08078177	thumb	CreateHealthboxSprite
0x08078178	0x080782BB	thumb	Task_FlashingCircleImpacts
0x080782BC	0x0807834B	thumb	Task_UpdateFlashingCircleImpacts
0x0807834C	0x0807837F	thumb	AnimFlashingCircleImpact
0x08078380	0x080783F9	thumb	AnimFlashingCircleImpact_Step
0x080783FC	0x080784D7	thumb	AnimTask_FrozenIceCube
0x080784D8	0x08078525	thumb	AnimTask_FrozenIceCube_Step1
0x08078528	0x080785D7	thumb	AnimTask_FrozenIceCube_Step2
0x080785D8	0x08078629	thumb	AnimTask_FrozenIceCube_Step3
0x0807862C	0x08078693	thumb	AnimTask_FrozenIceCube_Step4
0x08078694	0x0807886B	thumb	AnimTask_StatsChange
0x0807886C	0x080788BB	thumb	LaunchStatusAnimation
0x080788BC	0x08078913	thumb	Task_DoStatusAnimation
0x08078914	0x08078B33	thumb	CB2_InitTitleScreen
0x08078B34	0x08078B99	thumb	ResetGpuRegs
0x08078B9C	0x08078BB1	thumb	CB2_TitleScreenRun
0x08078BB4	0x08078BEB	thumb	VBlankCB
0x08078BEC	0x08078C23	thumb	Task_TitleScreenTimer
0x08078C24	0x08078C8F	thumb	Task_TitleScreenMain
0x08078C90	0x08078C9B	thumb	SetTitleScreenScene
0x08078C9C	0x08078D23	thumb	SetTitleScreenScene_Init
0x08078D24	0x08078DA1	thumb	SetTitleScreenScene_FlashSprite
0x08078DA4	0x08078FC3	thumb	SetTitleScreenScene_FadeIn
0x08078FC4	0x0807909F	thumb	SetTitleScreenScene_Run
0x080790A0	0x080790CB	thumb	SetGpuRegsForTitleScreenRun
0x080790CC	0x080791BF	thumb	SetTitleScreenScene_Restart
0x080791C0	0x080792C7	thumb	SetTitleScreenScene_Cry
0x080792C8	0x08079419	thumb	Task_TitleScreen_SlideWin0
0x0807941C	0x08079527	thumb	Task_TitleScreen_BlinkPressStart
0x08079528	0x0807954F	thumb	SignalEndTitleScreenPaletteSomethingTask
0x08079550	0x0807961F	thumb	UpdateScanlineEffectRegBuffer
0x08079620	0x08079647	thumb	ScheduleStopScanlineEffect
0x08079648	0x080796CB	thumb	LoadMainTitleScreenPalsAndResetBgs
0x080796CC	0x080796E7	thumb	CB2_FadeOutTransitionToSaveClearScreen
0x080796E8	0x08079707	thumb	CB2_FadeOutTransitionToBerryFix
0x08079708	0x0807972F	thumb	LoadSpriteGfxAndPals
0x08079730	0x080797AF	thumb	SpriteCallback_TitleScreenLeaf
0x080797B0	0x080797FF	thumb	CreateLeafSprite
0x08079800	0x08079843	thumb	SpriteCallback_Streak
0x08079844	0x080798A3	thumb	CreateStreakSprites
0x080798A4	0x0807996D	thumb	Task_LeafSpawner
0x08079970	0x08079985	thumb	TitleScreen_srand
0x08079988	0x080799C3	thumb	TitleScreen_rand
0x080799C4	0x080799E3	thumb	CreateBlankSprite
0x080799E4	0x08079A13	thumb	SetPalOnOrCreateBlankSprite
0x08079A14	0x08079A5B	thumb	CreateSlashSprite
0x08079A5C	0x08079A7B	thumb	DeactivateSlashSprite
0x08079A7C	0x08079AAB	thumb	IsSlashSpriteDeactivated
0x08079AAC	0x08079B4F	thumb	SpriteCallback_Slash
0x08079B50	0x08079BDB	thumb	ReloadSave
0x08079BDC	0x08079CC7	thumb	StartWeather
0x08079CC8	0x08079D33	thumb	SetNextWeather
0x08079D34	0x08079D5F	thumb	SetCurrentAndNextWeather
0x08079D60	0x08079D8F	thumb	SetCurrentAndNextWeatherNoDelay
0x08079D90	0x08079DDF	thumb	Task_WeatherInit
0x08079DE0	0x08079E93	thumb	Task_WeatherMain
0x08079E94	0x08079EB3	thumb	None_Init
0x08079EB4	0x08079EB5	thumb	None_Main
0x08079EB8	0x08079EBB	thumb	None_Finish
0x08079EBC	0x08079FCF	thumb	BuildGammaShiftTables
0x08079FD0	0x0807A055	thumb	UpdateWeatherGammaShift
0x0807A058	0x0807A16F	thumb	FadeInScreenWithWeather
0x0807A170	0x0807A1CF	thumb	FadeInScreen_RainShowShade
0x0807A1D0	0x0807A227	thumb	FadeInScreen_Drought
0x0807A228	0x0807A261	thumb	FadeInScreen_FogHorizontal
0x0807A264	0x0807A265	thumb	DoNothing
0x0807A268	0x0807A3A3	thumb	ApplyGammaShift
0x0807A3A4	0x0807A4EB	thumb	ApplyGammaShiftWithBlend
0x0807A4EC	0x0807A5CB	thumb	ApplyDroughtGammaShiftWithBlend
0x0807A5CC	0x0807A6E5	thumb	ApplyFogBlend
0x0807A6E8	0x0807A71B	thumb	MarkFogSpritePalToLighten
0x0807A71C	0x0807A761	thumb	LightenSpritePaletteInFog
0x0807A764	0x0807A797	thumb	WeatherShiftGammaIfPalStateIdle
0x0807A798	0x0807A7EB	thumb	WeatherBeginGammaFade
0x0807A7EC	0x0807A917	thumb	FadeScreen
0x0807A918	0x0807AA43	thumb	FadeSelectedPals
0x0807AA44	0x0807AA5F	thumb	IsWeatherNotFadingIn
0x0807AA60	0x0807AB47	thumb	UpdateSpritePaletteWithWeather
0x0807AB48	0x0807AB67	thumb	ApplyWeatherGammaShiftToPal
0x0807AB68	0x0807AB93	thumb	IsWeatherFadingIn
0x0807AB94	0x0807ABC3	thumb	LoadCustomWeatherSpritePalette
0x0807ABC4	0x0807ABC5	thumb	LoadDroughtWeatherPalette
0x0807ABC8	0x0807ABE7	thumb	ResetDroughtWeatherPaletteLoading
0x0807ABE8	0x0807AC23	thumb	LoadDroughtWeatherPalettes
0x0807AC24	0x0807AC33	thumb	SetDroughtGamma
0x0807AC34	0x0807AC6B	thumb	DroughtStateInit
0x0807AC6C	0x0807AD83	thumb	DroughtStateRun
0x0807AD84	0x0807ADC3	thumb	Weather_SetBlendCoeffs
0x0807ADC4	0x0807AE07	thumb	Weather_SetTargetBlendCoeffs
0x0807AE08	0x0807AED3	thumb	Weather_UpdateBlend
0x0807AED4	0x0807AF69	thumb	SetFieldWeather
0x0807AF6C	0x0807AF7B	thumb	GetCurrentWeather
0x0807AF7C	0x0807AFD7	thumb	SetRainStrengthFromSoundEffect
0x0807AFD8	0x0807B019	thumb	PlayRainStoppingSoundEffect
0x0807B01C	0x0807B02F	thumb	IsWeatherChangeComplete
0x0807B030	0x0807B043	thumb	SetWeatherScreenFadeOut
0x0807B044	0x0807B057	thumb	WeatherProcessingIdle
0x0807B058	0x0807B087	thumb	PreservePaletteInWeather
0x0807B088	0x0807B097	thumb	ResetPreservedPalettesInWeather
0x0807B098	0x0807B0D1	thumb	SlightlyDarkenPalsInWeather
0x0807B0D4	0x0807B103	thumb	SetSavedWeather
0x0807B104	0x0807B113	thumb	GetSav1Weather
0x0807B114	0x0807B147	thumb	SetSavedWeatherFromCurrMapHeader
0x0807B148	0x0807B15D	thumb	SetWeather
0x0807B160	0x0807B175	thumb	SetWeather_Unused
0x0807B178	0x0807B189	thumb	DoCurrentWeather
0x0807B18C	0x0807B19D	thumb	ResumePausedWeather
0x0807B1A0	0x0807B26D	thumb	TranslateWeatherNum
0x0807B270	0x0807B28F	thumb	UpdateWeatherPerDay
0x0807B290	0x0807B2AD	thumb	UpdateRainCounter
0x0807B2B0	0x0807B2FB	thumb	Clouds_InitVars
0x0807B2FC	0x0807B32B	thumb	Clouds_InitAll
0x0807B32C	0x0807B38B	thumb	Clouds_Main
0x0807B38C	0x0807B3D3	thumb	Clouds_Finish
0x0807B3D4	0x0807B3F7	thumb	Sunny_InitVars
0x0807B3F8	0x0807B401	thumb	Sunny_InitAll
0x0807B404	0x0807B405	thumb	Sunny_Main
0x0807B408	0x0807B40B	thumb	Sunny_Finish
0x0807B40C	0x0807B4D7	thumb	CreateCloudSprites
0x0807B4D8	0x0807B52B	thumb	DestroyCloudSprites
0x0807B52C	0x0807B547	thumb	UpdateCloudSprite
0x0807B548	0x0807B57B	thumb	Drought_InitVars
0x0807B57C	0x0807B5AB	thumb	Drought_InitAll
0x0807B5AC	0x0807B68F	thumb	Drought_Main
0x0807B690	0x0807B693	thumb	Drought_Finish
0x0807B694	0x0807B6A7	thumb	StartDroughtWeatherBlend
0x0807B6A8	0x0807B79B	thumb	UpdateDroughtBlend
0x0807B79C	0x0807B807	thumb	Rain_InitVars
0x0807B808	0x0807B837	thumb	Rain_InitAll
0x0807B838	0x0807B897	thumb	Rain_Main
0x0807B898	0x0807B923	thumb	Rain_Finish
0x0807B924	0x0807B9F7	thumb	StartRainSpriteFall
0x0807B9F8	0x0807BAF9	thumb	UpdateRainSprite
0x0807BAFC	0x0807BB25	thumb	WaitRainSprite
0x0807BB28	0x0807BBDB	thumb	InitRainSpriteMovement
0x0807BBDC	0x0807BBEB	thumb	LoadRainSpriteSheet
0x0807BBEC	0x0807BD1F	thumb	CreateRainSprite
0x0807BD20	0x0807BDAB	thumb	UpdateVisibleRainSprites
0x0807BDAC	0x0807BDFF	thumb	DestroyRainSprites
0x0807BE00	0x0807BE4F	thumb	Snow_InitVars
0x0807BE50	0x0807BEBB	thumb	Snow_InitAll
0x0807BEBC	0x0807BEF7	thumb	Snow_Main
0x0807BEF8	0x0807BF5B	thumb	Snow_Finish
0x0807BF5C	0x0807BFD7	thumb	UpdateVisibleSnowflakeSprites
0x0807BFD8	0x0807C043	thumb	CreateSnowflakeSprite
0x0807C044	0x0807C077	thumb	DestroySnowflakeSprite
0x0807C078	0x0807C123	thumb	InitSnowflakeSpriteMovement
0x0807C124	0x0807C17F	thumb	WaitSnowflakeSprite
0x0807C180	0x0807C2B7	thumb	UpdateSnowflakeSprite
0x0807C2B8	0x0807C32B	thumb	Thunderstorm_InitVars
0x0807C32C	0x0807C35B	thumb	Thunderstorm_InitAll
0x0807C35C	0x0807C3C7	thumb	Downpour_InitVars
0x0807C3C8	0x0807C3F7	thumb	Downpour_InitAll
0x0807C3F8	0x0807C783	thumb	Thunderstorm_Main
0x0807C784	0x0807C82F	thumb	Thunderstorm_Finish
0x0807C830	0x0807C86B	thumb	SetThunderCounter
0x0807C86C	0x0807C8D1	thumb	UpdateThunderSound
0x0807C8D4	0x0807C933	thumb	FogHorizontal_InitVars
0x0807C934	0x0807C963	thumb	FogHorizontal_InitAll
0x0807C964	0x0807CA23	thumb	FogHorizontal_Main
0x0807CA24	0x0807CABD	thumb	FogHorizontal_Finish
0x0807CAC0	0x0807CB1F	thumb	FogHorizontalSpriteCallback
0x0807CB20	0x0807CBDB	thumb	CreateFogHorizontalSprites
0x0807CBDC	0x0807CC2F	thumb	DestroyFogHorizontalSprites
0x0807CC30	0x0807CC8B	thumb	Ash_InitVars
0x0807CC8C	0x0807CCBB	thumb	Ash_InitAll
0x0807CCBC	0x0807CD65	thumb	Ash_Main
0x0807CD68	0x0807CDCD	thumb	Ash_Finish
0x0807CDD0	0x0807CDDF	thumb	LoadAshSpriteSheet
0x0807CDE0	0x0807CE87	thumb	CreateAshSprites
0x0807CE88	0x0807CEDB	thumb	DestroyAshSprites
0x0807CEDC	0x0807CF57	thumb	UpdateAshSprite
0x0807CF58	0x0807CFDB	thumb	FogDiagonal_InitVars
0x0807CFDC	0x0807D00B	thumb	FogDiagonal_InitAll
0x0807D00C	0x0807D06F	thumb	FogDiagonal_Main
0x0807D070	0x0807D0CD	thumb	FogDiagonal_Finish
0x0807D0D0	0x0807D163	thumb	UpdateFogDiagonalMovement
0x0807D164	0x0807D21B	thumb	CreateFogDiagonalSprites
0x0807D21C	0x0807D26F	thumb	DestroyFogDiagonalSprites
0x0807D270	0x0807D2CF	thumb	UpdateFogDiagonalSprite
0x0807D2D0	0x0807D34F	thumb	Sandstorm_InitVars
0x0807D350	0x0807D37F	thumb	Sandstorm_InitAll
0x0807D380	0x0807D3FB	thumb	Sandstorm_Main
0x0807D3FC	0x0807D45D	thumb	Sandstorm_Finish
0x0807D460	0x0807D497	thumb	UpdateSandstormWaveIndex
0x0807D498	0x0807D517	thumb	UpdateSandstormMovement
0x0807D518	0x0807D5AB	thumb	DestroySandstormSprites
0x0807D5AC	0x0807D66B	thumb	CreateSandstormSprites
0x0807D66C	0x0807D76B	thumb	CreateSwirlSandstormSprites
0x0807D76C	0x0807D7CB	thumb	UpdateSandstormSprite
0x0807D7CC	0x0807D7EF	thumb	WaitSandSwirlSpriteEntrance
0x0807D7F0	0x0807D863	thumb	UpdateSandstormSwirlSprite
0x0807D864	0x0807D893	thumb	Shade_InitVars
0x0807D894	0x0807D89D	thumb	Shade_InitAll
0x0807D8A0	0x0807D8A1	thumb	Shade_Main
0x0807D8A4	0x0807D8A7	thumb	Shade_Finish
0x0807D8A8	0x0807D8FB	thumb	Bubbles_InitVars
0x0807D8FC	0x0807D92B	thumb	Bubbles_InitAll
0x0807D92C	0x0807D99F	thumb	Bubbles_Main
0x0807D9A0	0x0807D9B9	thumb	Bubbles_Finish
0x0807D9BC	0x0807DA43	thumb	CreateBubbleSprite
0x0807DA44	0x0807DA87	thumb	DestroyBubbleSprites
0x0807DA88	0x0807DAE5	thumb	UpdateBubbleSprite
0x0807DAE8	0x0807DB0B	thumb	palette_bg_faded_fill_white
0x0807DB0C	0x0807DB2B	thumb	palette_bg_faded_fill_black
0x0807DB2C	0x0807DB7D	thumb	WarpFadeInScreen
0x0807DB80	0x0807DBD1	thumb	WarpFadeInScreenWithDelay
0x0807DBD4	0x0807DBE9	thumb	FadeInFromBlack
0x0807DBEC	0x0807DC43	thumb	WarpFadeOutScreen
0x0807DC44	0x0807DC81	thumb	WarpFadeOutScreenWithDelay
0x0807DC84	0x0807DC99	thumb	SetPlayerVisibility
0x0807DC9C	0x0807DCB5	thumb	Task_ContinueScriptUnionRoom
0x0807DCB8	0x0807DCD7	thumb	FieldCB_ContinueScriptUnionRoom
0x0807DCD8	0x0807DCF5	thumb	Task_ContinueScript
0x0807DCF8	0x0807DD17	thumb	FieldCB_ContinueScriptHandleMusic
0x0807DD18	0x0807DD33	thumb	FieldCB_ContinueScript
0x0807DD34	0x0807DDA3	thumb	Task_ReturnToFieldCableLink
0x0807DDA4	0x0807DDC3	thumb	FieldCB_ReturnToFieldCableLink
0x0807DDC4	0x0807DE29	thumb	Task_ReturnToFieldRecordMixing
0x0807DE2C	0x0807DE4B	thumb	FieldCB_ReturnToFieldWirelessLink
0x0807DE4C	0x0807DF1F	thumb	SetUpWarpExitTask
0x0807DF20	0x0807DF35	thumb	ExitWarpFadeInScreen
0x0807DF38	0x0807DF4F	thumb	FieldCB_DefaultWarpExit
0x0807DF50	0x0807DF67	thumb	FieldCB_WarpExitFadeFromBlack
0x0807DF68	0x0807DF8F	thumb	FieldCB_TeleportWarpIn
0x0807DF90	0x0807E1DF	thumb	Task_ExitDoor
0x0807E1E0	0x0807E29F	thumb	Task_ExitNonAnimDoor
0x0807E2A0	0x0807E2EF	thumb	Task_ExitNonDoor
0x0807E2F0	0x0807E34B	thumb	Task_TeleportWarpIn
0x0807E34C	0x0807E373	thumb	Task_WaitFadeAndCreateStartMenuTask
0x0807E374	0x0807E38F	thumb	FadeTransition_FadeInOnReturnToStartMenu
0x0807E390	0x0807E39B	thumb	FieldCB_ReturnToFieldOpenStartMenu
0x0807E39C	0x0807E3BD	thumb	Task_SafariZoneRanOutOfBalls
0x0807E3C0	0x0807E3DF	thumb	FieldCB_SafariZoneRanOutOfBalls
0x0807E3E0	0x0807E3EB	thumb	WaitWarpFadeOutScreen
0x0807E3EC	0x0807E40B	thumb	FieldFadeTransitionBackgroundEffectIsFinished
0x0807E40C	0x0807E443	thumb	DoWarp
0x0807E444	0x0807E473	thumb	DoDiveWarp
0x0807E474	0x0807E4AF	thumb	DoStairWarp
0x0807E4B0	0x0807E4D3	thumb	DoDoorWarp
0x0807E4D4	0x0807E4F7	thumb	DoTeleport2Warp
0x0807E4F8	0x0807E51B	thumb	DoUnionRoomWarp
0x0807E51C	0x0807E533	thumb	DoFallWarp
0x0807E534	0x0807E54D	thumb	DoEscalatorWarp
0x0807E550	0x0807E55F	thumb	DoLavaridgeGymB1FWarp
0x0807E560	0x0807E56F	thumb	DoLavaridgeGym1FWarp
0x0807E570	0x0807E597	thumb	DoTeleportWarp
0x0807E598	0x0807E5BF	thumb	DoPortholeWarp
0x0807E5C0	0x0807E627	thumb	Task_CableClubWarp
0x0807E628	0x0807E64B	thumb	DoCableClubWarp
0x0807E64C	0x0807E6D7	thumb	Task_ReturnFromLinkRoomWarp
0x0807E6D8	0x0807E6EB	thumb	ReturnFromLinkRoom
0x0807E6EC	0x0807E757	thumb	Task_Teleport2Warp
0x0807E758	0x0807E7DF	thumb	Task_TeleportWarp
0x0807E7E0	0x0807E953	thumb	Task_DoorWarp
0x0807E954	0x0807EA97	thumb	Task_StairWarp
0x0807EA98	0x0807EB37	thumb	UpdateStairsMovement
0x0807EB38	0x0807EB8F	thumb	ForceStairsMovement
0x0807EB90	0x0807EC05	thumb	GetStairsMovementDirection
0x0807EC08	0x0807EC8D	thumb	Task_ExitStairs
0x0807EC90	0x0807ED73	thumb	ExitStairsMovement
0x0807ED74	0x0807EDD1	thumb	WaitStairExitMovementFinished
0x0807EDD4	0x0807EDFF	thumb	SetFlashScanlineEffectWindowBoundary
0x0807EE00	0x0807EE8B	thumb	SetFlashScanlineEffectWindowBoundaries
0x0807EE8C	0x0807EF4F	thumb	UpdateFlashLevelEffect
0x0807EF50	0x0807EF77	thumb	Task_WaitForFlashUpdate
0x0807EF78	0x0807EF9B	thumb	StartWaitForFlashUpdate
0x0807EF9C	0x0807EFF9	thumb	StartUpdateFlashLevelEffect
0x0807EFFC	0x0807F047	thumb	AnimateFlash
0x0807F048	0x0807F083	thumb	WriteFlashScanlineEffectBuffer
0x0807F084	0x0807F09B	thumb	Script_FadeOutMapMusic
0x0807F09C	0x0807F0BD	thumb	Task_EnableScriptAfterMusicFade
0x0807F0C0	0x0807F0E7	thumb	DoInwardBarnDoorFade
0x0807F0E8	0x0807F10F	thumb	DoOutwardBarnDoorWipe
0x0807F110	0x0807F173	thumb	BarnDoorWipeSaveGpuRegs
0x0807F174	0x0807F1D7	thumb	BarnDoorWipeLoadGpuRegs
0x0807F1D8	0x0807F2CD	thumb	Task_BarnDoorWipe
0x0807F2D0	0x0807F377	thumb	Task_BarnDoorWipeChild
0x0807F378	0x0807F42D	thumb	PrintWhiteOutRecoveryMessage
0x0807F430	0x0807F5C3	thumb	Task_RushInjuredPokemonToCenter
0x0807F5C4	0x0807F5F3	thumb	FieldCB_RushInjuredPokemonToCenter
0x0807F5F4	0x0807F663	thumb	Task_BattleStart
0x0807F664	0x0807F69F	thumb	CreateBattleStartTask
0x0807F6A0	0x0807F6D5	thumb	CheckSilphScopeInPokemonTower
0x0807F6D8	0x0807F71B	thumb	StartWildBattle
0x0807F71C	0x0807F75F	thumb	DoStandardWildBattle
0x0807F760	0x0807F7AB	thumb	StartRoamerBattle
0x0807F7AC	0x0807F7E3	thumb	DoSafariBattle
0x0807F7E4	0x0807F83B	thumb	DoGhostBattle
0x0807F83C	0x0807F85B	thumb	DoTrainerBattle
0x0807F85C	0x0807F897	thumb	StartOldManTutorialBattle
0x0807F898	0x0807F8D7	thumb	StartScriptedWildBattle
0x0807F8D8	0x0807F96B	thumb	StartMarowakBattle
0x0807F96C	0x0807F9AB	thumb	StartSouthernIslandBattle
0x0807F9AC	0x0807FA39	thumb	StartLegendaryBattle
0x0807FA3C	0x0807FA8D	thumb	StartGroudonKyogreBattle
0x0807FA90	0x0807FACB	thumb	StartRegiBattle
0x0807FACC	0x0807FAD9	thumb	EndPokedudeBattle
0x0807FADC	0x0807FB13	thumb	StartPokedudeBattle
0x0807FB14	0x0807FB73	thumb	CB2_EndWildBattle
0x0807FB74	0x0807FBC3	thumb	CB2_EndScriptedWildBattle
0x0807FBC4	0x0807FC2F	thumb	CB2_EndMarowakBattle
0x0807FC30	0x0807FD63	thumb	BattleSetup_GetTerrainId
0x0807FD64	0x0807FDC5	thumb	GetBattleTransitionTypeByMap
0x0807FDC8	0x0807FE27	thumb	GetSumOfPlayerPartyLevel
0x0807FE28	0x0807FF07	thumb	GetSumOfEnemyPartyLevel
0x0807FF08	0x0807FF53	thumb	GetWildBattleTransition
0x0807FF54	0x08080033	thumb	GetTrainerBattleTransition
0x08080034	0x08080063	thumb	BattleSetup_GetBattleTowerBattleTransition
0x08080064	0x0808007B	thumb	TrainerBattleLoadArg32
0x0808007C	0x08080087	thumb	TrainerBattleLoadArg16
0x08080088	0x0808008B	thumb	TrainerBattleLoadArg8
0x0808008C	0x080800A3	thumb	GetTrainerAFlag
0x080800A4	0x080800E1	thumb	IsPlayerDefeated
0x080800E4	0x0808013B	thumb	InitTrainerBattleVariables
0x0808013C	0x080801C1	thumb	TrainerBattleLoadArgs
0x080801C4	0x080801FB	thumb	SetMapVarsToTrainer
0x080801FC	0x08080307	thumb	BattleSetup_ConfigureTrainerBattle
0x08080308	0x0808034B	thumb	ConfigureAndSetUpOneTrainerBattle
0x0808034C	0x08080369	thumb	GetTrainerFlagFromScriptPointer
0x0808036C	0x0808039F	thumb	SetUpTrainerMovement
0x080803A0	0x080803AB	thumb	GetTrainerBattleMode
0x080803AC	0x080803B7	thumb	GetRivalBattleFlags
0x080803B8	0x080803CD	thumb	Script_HasTrainerBeenFought
0x080803D0	0x080803E1	thumb	SetBattledTrainerFlag
0x080803E4	0x080803F5	thumb	SetBattledTrainerFlag2
0x080803F8	0x0808040F	thumb	HasTrainerBeenFought
0x08080410	0x08080423	thumb	SetTrainerFlag
0x08080424	0x08080437	thumb	ClearTrainerFlag
0x08080438	0x0808047F	thumb	StartTrainerBattle
0x08080480	0x0808052B	thumb	CB2_EndTrainerBattle
0x0808052C	0x08080583	thumb	CB2_EndRematchBattle
0x08080584	0x080805AB	thumb	StartRematchBattle
0x080805AC	0x080805B9	thumb	ShowTrainerIntroSpeech
0x080805BC	0x080805D3	thumb	BattleSetup_GetScriptAddrAfterBattle
0x080805D4	0x080805EB	thumb	BattleSetup_GetTrainerPostBattleScript
0x080805EC	0x080805F9	thumb	ShowTrainerCantBattleSpeech
0x080805FC	0x0808069B	thumb	PlayTrainerEncounterMusic
0x0808069C	0x080806AB	thumb	ReturnEmptyStringIfNull
0x080806AC	0x080806BF	thumb	GetIntroSpeechOfApproachingTrainer
0x080806C0	0x080806E3	thumb	GetTrainerALoseText
0x080806E4	0x08080707	thumb	GetTrainerWonSpeech
0x08080708	0x0808071B	thumb	GetTrainerCantBattleSpeech
0x0808071C	0x0808075F	thumb	CreateLinkupTask
0x08080760	0x080807BB	thumb	PrintNumPlayersInLink
0x080807BC	0x080807D9	thumb	ClearLinkPlayerCountWindow
0x080807DC	0x08080817	thumb	UpdateLinkPlayerCountDisplay
0x08080818	0x0808088F	thumb	ExchangeDataAndGetLinkupStatus
0x08080890	0x080808C3	thumb	CheckLinkErrored
0x080808C4	0x0808090F	thumb	CheckLinkCanceledBeforeConnection
0x08080910	0x08080963	thumb	CheckLinkCanceled
0x08080964	0x08080997	thumb	CheckSioErrored
0x08080998	0x080809CB	thumb	Task_DelayedBlockRequest
0x080809CC	0x08080A1F	thumb	Task_LinkupStart
0x08080A20	0x08080AA3	thumb	Task_LinkupAwaitConnection
0x08080AA4	0x08080AF3	thumb	Task_LinkupConfirmWhenReady
0x08080AF4	0x08080B9B	thumb	Task_LinkupAwaitConfirmation
0x08080B9C	0x08080C3F	thumb	Task_LinkupTryConfirmation
0x08080C40	0x08080CAF	thumb	Task_LinkupConfirm
0x08080CB0	0x08080D5F	thumb	Task_LinkupExchangeDataWithLeader
0x08080D60	0x08080D93	thumb	AnyConnectedPartnersPlayingRS
0x08080D94	0x08080E3F	thumb	Task_LinkupCheckStatusAfterConfirm
0x08080E40	0x08080F4B	thumb	Task_LinkupAwaitTrainerCardData
0x08080F4C	0x08080F87	thumb	Task_StopLinkup
0x08080F88	0x08080FC3	thumb	Task_LinkupFailed
0x08080FC4	0x08080FFF	thumb	Task_LinkupConnectionError
0x08081000	0x08081037	thumb	TryLinkTimeout
0x08081038	0x0808109F	thumb	TryBattleLinkup
0x080810A0	0x080810C7	thumb	TryTradeLinkup
0x080810C8	0x080810FB	thumb	TryRecordMixLinkup
0x080810FC	0x08081123	thumb	TryContestLinkup
0x08081124	0x080811CF	thumb	CreateTask_ReestablishCableClubLink
0x080811D0	0x0808121F	thumb	Task_ReestablishLink
0x08081220	0x08081273	thumb	Task_ReestablishLinkAwaitConnection
0x08081274	0x080812AB	thumb	Task_ReestablishLinkLeader
0x080812AC	0x080812DF	thumb	Task_ReestablishLinkAwaitConfirmation
0x080812E0	0x080812E9	thumb	CableClub_AskSaveTheGame
0x080812EC	0x08081427	thumb	Task_StartWiredCableClubBattle
0x08081428	0x080815F7	thumb	Task_StartWirelessCableClubBattle
0x080815F8	0x0808163B	thumb	CB2_ReturnFromUnionRoomBattle
0x0808163C	0x08081717	thumb	CB2_ReturnFromCableClubBattle
0x08081718	0x08081743	thumb	CleanupLinkRoomState
0x08081744	0x0808174D	thumb	ExitLinkRoom
0x08081750	0x080817F9	thumb	Task_EnterCableClubSeat
0x080817FC	0x08081823	thumb	CreateTask_EnterCableClubSeat
0x08081824	0x080818BB	thumb	Task_StartWiredTrade
0x080818BC	0x08081949	thumb	Task_StartWirelessTrade
0x0808194C	0x08081977	thumb	EnterTradeSeat
0x08081978	0x0808198B	thumb	CreateTask_StartWiredTrade
0x0808198C	0x08081999	thumb	StartWiredCableClubTrade
0x0808199C	0x080819D7	thumb	EnterColosseumPlayerSpot
0x080819D8	0x080819EF	thumb	CreateTask_EnterCableClubSeatNoFollowup
0x080819F0	0x08081A07	thumb	Script_ShowLinkTrainerCard
0x08081A08	0x08081A63	thumb	GetSeeingLinkPlayerCardMsg
0x08081A64	0x08081AB7	thumb	Task_WaitForLinkPlayerConnection
0x08081AB8	0x08081ADB	thumb	Task_WaitExitToScript
0x08081ADC	0x08081B03	thumb	ExitLinkToScript
0x08081B04	0x08081B57	thumb	CheckForTrainersWantingBattle
0x08081B58	0x08081BBF	thumb	CheckTrainer
0x08081BC0	0x08081C6F	thumb	GetTrainerApproachDistance
0x08081C70	0x08081CBF	thumb	GetTrainerApproachDistanceSouth
0x08081CC0	0x08081D01	thumb	GetTrainerApproachDistanceNorth
0x08081D04	0x08081D45	thumb	GetTrainerApproachDistanceWest
0x08081D48	0x08081D89	thumb	GetTrainerApproachDistanceEast
0x08081D8C	0x08081E3B	thumb	CheckPathBetweenTrainerAndPlayer
0x08081E3C	0x08081E6F	thumb	TrainerApproachPlayer
0x08081E70	0x08081EAF	thumb	StartTrainerApproachWithFollowupTask
0x08081EB0	0x08081F07	thumb	Task_RunTrainerSeeFuncList
0x08081F08	0x08081F0B	thumb	TrainerSeeFunc_Dummy
0x08081F0C	0x08081F63	thumb	TrainerSeeFunc_StartExclMark
0x08081F64	0x08081FA1	thumb	TrainerSeeFunc_WaitExclMark
0x08081FA4	0x08081FFD	thumb	TrainerSeeFunc_TrainerApproach
0x08082000	0x0808208F	thumb	TrainerSeeFunc_PrepareToEngage
0x08082090	0x080820D3	thumb	TrainerSeeFunc_End
0x080820D4	0x08082107	thumb	TrainerSeeFunc_BeginRemoveDisguise
0x08082108	0x08082123	thumb	TrainerSeeFunc_WaitRemoveDisguise
0x08082124	0x08082157	thumb	TrainerSeeFunc_TrainerInAshFacesPlayer
0x08082158	0x080821AF	thumb	TrainerSeeFunc_BeginJumpOutOfAsh
0x080821B0	0x08082223	thumb	TrainerSeeFunc_WaitJumpOutOfAsh
0x08082224	0x0808223F	thumb	TrainerSeeFunc_EndJumpOutOfAsh
0x08082240	0x0808229F	thumb	TrainerSeeFunc_OffscreenAboveTrainerCreateCameraObj
0x080822A0	0x0808234F	thumb	TrainerSeeFunc_OffscreenAboveTrainerCameraObjMoveUp
0x08082350	0x0808240F	thumb	TrainerSeeFunc_OffscreenAboveTrainerCameraObjMoveDown
0x08082410	0x080824BD	thumb	Task_RevealTrainer_RunTrainerSeeFuncList
0x080824C0	0x080824F3	thumb	MovementAction_RevealTrainer_RunTrainerSeeFuncList
0x080824F4	0x08082503	thumb	EndTrainerApproach
0x08082504	0x08082515	thumb	Task_DestroyTrainerApproachTask
0x08082518	0x0808254F	thumb	FldEff_ExclamationMarkIcon1
0x08082550	0x08082587	thumb	FldEff_DoubleExclMarkIcon
0x08082588	0x080825BF	thumb	FldEff_XIcon
0x080825C0	0x080825F7	thumb	FldEff_SmileyFaceIcon
0x080825F8	0x0808262F	thumb	FldEff_QuestionMarkIcon
0x08082630	0x0808267B	thumb	SetIconSpriteData
0x0808267C	0x08082711	thumb	SpriteCB_TrainerIcons
0x08082714	0x0808271F	thumb	DisableWildEncounters
0x08082720	0x080827D9	thumb	ChooseWildMonIndex_Land
0x080827DC	0x0808282F	thumb	ChooseWildMonIndex_WaterRock
0x08082830	0x080828CB	thumb	ChooseWildMonIndex_Fishing
0x080828CC	0x08082905	thumb	ChooseWildMonLevel
0x08082908	0x08082993	thumb	GetCurrentMapWildMonHeaderId
0x08082994	0x080829CD	thumb	UnlockedTanobyOrAreNotInTanoby
0x080829D0	0x08082A5B	thumb	GenerateWildMon
0x08082A5C	0x08082A89	thumb	GenerateUnownPersonalityByLetter
0x08082A8C	0x08082ABF	thumb	GetUnownLetterByPersonalityLoByte
0x08082AC0	0x08082B35	thumb	TryGenerateWildMon
0x08082B38	0x08082B71	thumb	GenerateFishingEncounter
0x08082B74	0x08082B9F	thumb	DoWildEncounterRateDiceRoll
0x08082BA0	0x08082C29	thumb	DoWildEncounterRateTest
0x08082C2C	0x08082C6B	thumb	GetAbilityEncounterRateModType
0x08082C6C	0x08082C8D	thumb	DoGlobalWildEncounterDiceRoll
0x08082C90	0x08082E25	thumb	StandardWildEncounter
0x08082E28	0x08082E93	thumb	RockSmashWildEncounter
0x08082E94	0x08082F49	thumb	SweetScentWildEncounter
0x08082F4C	0x08082F81	thumb	DoesCurrentMapHaveFishingMons
0x08082F84	0x08082FBB	thumb	FishingWildEncounter
0x08082FBC	0x08083047	thumb	GetLocalWildMon
0x08083048	0x0808308B	thumb	GetLocalWaterMon
0x0808308C	0x080830DF	thumb	UpdateRepelCounter
0x080830E0	0x08083145	thumb	IsWildLevelAllowedByRepel
0x08083148	0x08083171	thumb	ApplyFluteEncounterRateMod
0x08083174	0x080831A9	thumb	GetFluteEncounterRateModType
0x080831AC	0x080831CB	thumb	ApplyCleanseTagEncounterRateMod
0x080831CC	0x080831E5	thumb	IsLeadMonHoldingCleanseTag
0x080831E8	0x080831FF	thumb	SeedWildEncounterRng
0x08083200	0x0808321F	thumb	WildEncounterRandom
0x08083220	0x080832A7	thumb	GetMapBaseEncounterCooldown
0x080832A8	0x080832B7	thumb	ResetEncounterRateModifiers
0x080832B8	0x08083383	thumb	HandleWildEncounterCooldown
0x08083384	0x080833E3	thumb	TryStandardWildEncounter
0x080833E4	0x08083417	thumb	AddToWildEncounterRateBuff
0x08083418	0x0808345F	thumb	FieldEffectStart
0x08083460	0x08083471	thumb	FieldEffectCmd_loadtiles
0x08083474	0x08083485	thumb	FieldEffectCmd_loadfadedpal
0x08083488	0x08083499	thumb	FieldEffectCmd_loadpal
0x0808349C	0x080834AD	thumb	FieldEffectCmd_callnative
0x080834B0	0x080834B3	thumb	FieldEffectCmd_end
0x080834B4	0x080834DB	thumb	FieldEffectCmd_loadgfx_callnative
0x080834DC	0x080834FD	thumb	FieldEffectCmd_loadtiles_callnative
0x08083500	0x08083521	thumb	FieldEffectCmd_loadfadedpal_callnative
0x08083524	0x0808353B	thumb	FieldEffectScript_ReadWord
0x0808353C	0x0808356B	thumb	FieldEffectScript_LoadTiles
0x0808356C	0x080835E7	thumb	ApplyGlobalFieldPaletteTint
0x080835E8	0x0808362F	thumb	FieldEffectScript_LoadFadedPal
0x08083630	0x08083669	thumb	FieldEffectScript_LoadPal
0x0808366C	0x08083687	thumb	FieldEffectScript_CallNative
0x08083688	0x080836A9	thumb	FieldEffectFreeGraphicsResources
0x080836AC	0x080836C1	thumb	FieldEffectStop
0x080836C4	0x08083727	thumb	FieldEffectFreeTilesIfUnused
0x08083728	0x0808377F	thumb	FieldEffectFreePaletteIfUnused
0x08083780	0x080837A3	thumb	FieldEffectActiveListClear
0x080837A4	0x080837CF	thumb	FieldEffectActiveListAdd
0x080837D0	0x080837FF	thumb	FieldEffectActiveListRemove
0x08083800	0x0808382B	thumb	FieldEffectActiveListContains
0x0808382C	0x080838CB	thumb	CreateTrainerSprite
0x080838CC	0x08083903	thumb	LoadTrainerGfx_TrainerCard
0x08083904	0x08083943	thumb	AddNewGameBirchObject
0x08083944	0x080839A5	thumb	CreateMonSprite_PicBox
0x080839A8	0x08083A2D	thumb	CreateMonSprite_FieldMove
0x08083A30	0x08083A59	thumb	FreeResourcesAndDestroySprite
0x08083A5C	0x08083AE7	thumb	MultiplyInvertedPaletteRGBComponents
0x08083AE8	0x08083B5F	thumb	MultiplyPaletteRGBComponents
0x08083B60	0x08083BA3	thumb	FldEff_PokecenterHeal
0x08083BA4	0x08083BD3	thumb	Task_PokecenterHeal
0x08083BD4	0x08083C0D	thumb	PokecenterHealEffect_Init
0x08083C10	0x08083C4B	thumb	PokecenterHealEffect_WaitForBallPlacement
0x08083C4C	0x08083C73	thumb	PokecenterHealEffect_WaitForBallFlashing
0x08083C74	0x08083CB3	thumb	PokecenterHealEffect_WaitForSoundAndEnd
0x08083CB4	0x08083CEF	thumb	FldEff_HallOfFameRecord
0x08083CF0	0x08083D1F	thumb	Task_HallOfFameRecord
0x08083D20	0x08083D47	thumb	HallOfFameRecordEffect_Init
0x08083D48	0x08083D7F	thumb	HallOfFameRecordEffect_WaitForBallPlacement
0x08083D80	0x08083DA7	thumb	HallOfFameRecordEffect_WaitForBallFlashing
0x08083DA8	0x08083DE7	thumb	HallOfFameRecordEffect_WaitForSoundAndEnd
0x08083DE8	0x08083E43	thumb	CreateGlowingPokeballsEffect
0x08083E44	0x08083E5F	thumb	SpriteCB_PokeballGlowEffect
0x08083E60	0x08083EF7	thumb	PokeballGlowEffect_PlaceBalls
0x08083EF8	0x08083F2B	thumb	PokeballGlowEffect_TryPlaySe
0x08083F2C	0x0808406B	thumb	PokeballGlowEffect_FlashFirstThree
0x0808406C	0x0808415F	thumb	PokeballGlowEffect_FlashLast
0x08084160	0x08084179	thumb	PokeballGlowEffect_WaitAfterFlash
0x0808417C	0x08084183	thumb	PokeballGlowEffect_Dummy
0x08084184	0x080841A5	thumb	PokeballGlowEffect_WaitForSound
0x080841A8	0x080841A9	thumb	PokeballGlowEffect_Idle
0x080841AC	0x080841D3	thumb	SpriteCB_PokeballGlow
0x080841D4	0x0808421F	thumb	CreatePokecenterMonitorSprite
0x08084220	0x0808425D	thumb	SpriteCB_PokecenterMonitor
0x08084260	0x0808427F	thumb	CreateHofMonitorSprite
0x08084280	0x08084299	thumb	SpriteCB_HallOfFameMonitor
0x0808429C	0x080842BB	thumb	ReturnToFieldFromFlyMapSelect
0x080842BC	0x080842E3	thumb	FieldCallback_UseFly
0x080842E4	0x08084363	thumb	Task_UseFly
0x08084364	0x080843CB	thumb	FieldCallback_FlyIntoMap
0x080843CC	0x08084427	thumb	Task_FlyIntoMap
0x08084428	0x08084457	thumb	FieldCB_FallWarpExit
0x08084458	0x0808448F	thumb	Task_FallWarpFieldEffect
0x08084490	0x08084537	thumb	FallWarpEffect_1
0x08084538	0x08084553	thumb	FallWarpEffect_2
0x08084554	0x080845C7	thumb	FallWarpEffect_3
0x080845C8	0x0808467F	thumb	FallWarpEffect_4
0x08084680	0x0808469B	thumb	FallWarpEffect_5
0x0808469C	0x080846D9	thumb	FallWarpEffect_6
0x080846DC	0x08084757	thumb	FallWarpEffect_7
0x08084758	0x08084793	thumb	StartEscalatorWarp
0x08084794	0x080847CB	thumb	Task_EscalatorWarpFieldEffect
0x080847CC	0x080847F1	thumb	EscalatorWarpEffect_1
0x080847F4	0x08084863	thumb	EscalatorWarpEffect_2
0x08084864	0x08084885	thumb	EscalatorWarpEffect_3
0x08084888	0x08084897	thumb	EscalatorWarpEffect_4
0x08084898	0x080848B9	thumb	EscalatorWarpEffect_5
0x080848BC	0x080848CB	thumb	EscalatorWarpEffect_6
0x080848CC	0x08084917	thumb	Escalator_AnimatePlayerGoingDown
0x08084918	0x08084963	thumb	Escalator_AnimatePlayerGoingUp
0x08084964	0x08084971	thumb	Escalator_BeginFadeOutToNewMap
0x08084974	0x080849C7	thumb	Escalator_TransitionToWarpInEffect
0x080849C8	0x080849F7	thumb	FieldCB_EscalatorWarpIn
0x080849F8	0x08084A2F	thumb	Task_EscalatorWarpInFieldEffect
0x08084A30	0x08084AA9	thumb	EscalatorWarpInEffect_1
0x08084AAC	0x08084AEB	thumb	EscalatorWarpInEffect_2
0x08084AEC	0x08084B4B	thumb	EscalatorWarpInEffect_3
0x08084B4C	0x08084B8B	thumb	EscalatorWarpInEffect_4
0x08084B8C	0x08084BEB	thumb	EscalatorWarpInEffect_5
0x08084BEC	0x08084C0F	thumb	EscalatorWarpInEffect_6
0x08084C10	0x08084C73	thumb	EscalatorWarpInEffect_7
0x08084C74	0x08084CAB	thumb	FldEff_UseWaterfall
0x08084CAC	0x08084CF7	thumb	Task_UseWaterfall
0x08084CF8	0x08084D17	thumb	waterfall_0_setup
0x08084D18	0x08084D53	thumb	waterfall_1_do_anim_probably
0x08084D54	0x08084D75	thumb	waterfall_2_wait_anim_finish_probably
0x08084D78	0x08084D9D	thumb	waterfall_3_move_player_probably
0x08084DA0	0x08084DF7	thumb	waterfall_4_wait_player_move_probably
0x08084DF8	0x08084E33	thumb	FldEff_UseDive
0x08084E34	0x08084E6B	thumb	Task_UseDive
0x08084E6C	0x08084E7F	thumb	DiveFieldEffect_Init
0x08084E80	0x08084EA7	thumb	DiveFieldEffect_ShowMon
0x08084EA8	0x08084EFF	thumb	DiveFieldEffect_TryWarp
0x08084F00	0x08084F17	thumb	StartLavaridgeGymB1FWarp
0x08084F18	0x08084F73	thumb	Task_LavaridgeGymB1FWarp
0x08084F74	0x08084FAB	thumb	LavaridgeGymB1FWarpEffect_1
0x08084FAC	0x08084FDF	thumb	LavaridgeGymB1FWarpEffect_2
0x08084FE0	0x0808502B	thumb	LavaridgeGymB1FWarpEffect_3
0x0808502C	0x0808511F	thumb	LavaridgeGymB1FWarpEffect_4
0x08085120	0x08085139	thumb	LavaridgeGymB1FWarpEffect_5
0x0808513C	0x0808518F	thumb	LavaridgeGymB1FWarpEffect_6
0x08085190	0x080851BB	thumb	FieldCB_LavaridgeGymB1FWarpExit
0x080851BC	0x08085217	thumb	Task_LavaridgeGymB1FWarpExit
0x08085218	0x08085247	thumb	LavaridgeGymB1FWarpExitEffect_1
0x08085248	0x08085293	thumb	LavaridgeGymB1FWarpExitEffect_2
0x08085294	0x080852E7	thumb	LavaridgeGymB1FWarpExitEffect_3
0x080852E8	0x0808531F	thumb	LavaridgeGymB1FWarpExitEffect_4
0x08085320	0x08085383	thumb	FldEff_LavaridgeGymWarp
0x08085384	0x0808539F	thumb	SpriteCB_AshLaunch
0x080853A0	0x080853B7	thumb	StartLavaridgeGym1FWarp
0x080853B8	0x08085413	thumb	Task_LavaridgeGym1FWarp
0x08085414	0x08085443	thumb	LavaridgeGym1FWarpEffect_1
0x08085444	0x080854BF	thumb	LavaridgeGym1FWarpEffect_2
0x080854C0	0x080854F7	thumb	LavaridgeGym1FWarpEffect_3
0x080854F8	0x0808551D	thumb	LavaridgeGym1FWarpEffect_4
0x08085520	0x08085573	thumb	LavaridgeGym1FWarpEffect_5
0x08085574	0x080855D7	thumb	FldEff_PopOutOfAsh
0x080855D8	0x080855F3	thumb	SpriteCB_PopOutOfAsh
0x080855F4	0x0808560F	thumb	StartEscapeRopeFieldEffect
0x08085610	0x0808563F	thumb	Task_EscapeRopeWarpOut
0x08085640	0x08085661	thumb	EscapeRopeWarpOutEffect_Init
0x08085664	0x0808573F	thumb	EscapeRopeWarpOutEffect_Spin
0x08085740	0x080857C3	thumb	SpinObjectEvent
0x080857C4	0x08085875	thumb	WarpOutObjectEventUpwards
0x08085878	0x080859A5	thumb	WarpInObjectEventDownwards
0x080859A8	0x080859F7	thumb	FieldCallback_EscapeRopeExit
0x080859F8	0x08085A27	thumb	Task_EscapeRopeWarpIn
0x08085A28	0x08085A51	thumb	EscapeRopeWarpInEffect_Init
0x08085A54	0x08085B37	thumb	EscapeRopeWarpInEffect_Spin
0x08085B38	0x08085B4B	thumb	CreateTeleportFieldEffectTask
0x08085B4C	0x08085B7B	thumb	Task_DoTeleportFieldEffect
0x08085B7C	0x08085BA1	thumb	TeleportFieldEffectTask1
0x08085BA4	0x08085C33	thumb	TeleportFieldEffectTask2
0x08085C34	0x08085D07	thumb	TeleportFieldEffectTask3
0x08085D08	0x08085D5B	thumb	TeleportFieldEffectTask4
0x08085D5C	0x08085DAF	thumb	FieldCallback_TeleportIn
0x08085DB0	0x08085DDF	thumb	Task_DoTeleportInFieldEffect
0x08085DE0	0x08085E6B	thumb	TeleportInFieldEffectTask1
0x08085E6C	0x08085F6D	thumb	TeleportInFieldEffectTask2
0x08085F70	0x08085FFB	thumb	TeleportInFieldEffectTask3
0x08085FFC	0x08086057	thumb	FldEff_FieldMoveShowMon
0x08086058	0x080860B3	thumb	FldEff_FieldMoveShowMonInit
0x080860B4	0x080860E3	thumb	Task_ShowMon_Outdoors
0x080860E4	0x08086153	thumb	ShowMonEffect_Outdoors_1
0x08086154	0x080861CF	thumb	ShowMonEffect_Outdoors_2
0x080861D0	0x0808625B	thumb	ShowMonEffect_Outdoors_3
0x0808625C	0x0808628B	thumb	ShowMonEffect_Outdoors_4
0x0808628C	0x080862DF	thumb	ShowMonEffect_Outdoors_5
0x080862E0	0x0808632B	thumb	ShowMonEffect_Outdoors_6
0x0808632C	0x08086393	thumb	ShowMonEffect_Outdoors_7
0x08086394	0x080863FB	thumb	VBlankCB_ShowMonEffect_Outdoors
0x080863FC	0x0808643B	thumb	LoadFieldMoveStreaksTilemapToVram
0x0808643C	0x0808646B	thumb	Task_ShowMon_Indoors
0x0808646C	0x080864A7	thumb	ShowMonEffect_Indoors_1
0x080864A8	0x08086527	thumb	ShowMonEffect_Indoors_2
0x08086528	0x08086593	thumb	ShowMonEffect_Indoors_3
0x08086594	0x080865C3	thumb	ShowMonEffect_Indoors_4
0x080865C4	0x08086603	thumb	ShowMonEffect_Indoors_5
0x08086604	0x08086623	thumb	ShowMonEffect_Indoors_6
0x08086624	0x080866B3	thumb	ShowMonEffect_Indoors_7
0x080866B4	0x080866FB	thumb	VBlankCB_ShowMonEffect_Indoors
0x080866FC	0x08086709	thumb	AnimateIndoorShowMonBg
0x0808670C	0x080867C3	thumb	SlideIndoorBannerOnscreen
0x080867C4	0x08086833	thumb	SlideIndoorBannerOffscreen
0x08086834	0x08086893	thumb	InitFieldMoveMonSprite
0x08086894	0x080868D7	thumb	SpriteCB_FieldMoveMonSlideOnscreen
0x080868D8	0x080868F3	thumb	SpriteCB_FieldMoveMonWaitAfterCry
0x080868F4	0x08086915	thumb	SpriteCB_FieldMoveMonSlideOffscreen
0x08086918	0x08086963	thumb	FldEff_UseSurf
0x08086964	0x08086993	thumb	Task_FldEffUseSurf
0x08086994	0x080869F3	thumb	UseSurfEffect_1
0x080869F4	0x08086A3F	thumb	UseSurfEffect_2
0x08086A40	0x08086A87	thumb	UseSurfEffect_3
0x08086A88	0x08086B03	thumb	UseSurfEffect_4
0x08086B04	0x08086B7B	thumb	UseSurfEffect_5
0x08086B7C	0x08086BA3	thumb	FldEff_UseVsSeeker
0x08086BA4	0x08086BD3	thumb	Task_FldEffUseVsSeeker
0x08086BD4	0x08086BF7	thumb	UseVsSeekerEffect_1
0x08086BF8	0x08086C43	thumb	UseVsSeekerEffect_2
0x08086C44	0x08086CC7	thumb	UseVsSeekerEffect_3
0x08086CC8	0x08086D0B	thumb	UseVsSeekerEffect_4
0x08086D0C	0x08086D67	thumb	FldEff_NpcFlyOut
0x08086D68	0x08086DE3	thumb	SpriteCB_NPCFlyOut
0x08086DE4	0x08086E13	thumb	FldEff_FlyOut
0x08086E14	0x08086E43	thumb	Task_FlyOut
0x08086E44	0x08086E9B	thumb	FlyOutFieldEffect_FieldMovePose
0x08086E9C	0x08086EDF	thumb	FlyOutFieldEffect_ShowMon
0x08086EE0	0x08086F37	thumb	FlyOutFieldEffect_BirdLeaveBall
0x08086F38	0x08086F7B	thumb	FlyOutFieldEffect_WaitBirdLeave
0x08086F7C	0x08086FCF	thumb	FlyOutFieldEffect_BirdSwoopDown
0x08086FD0	0x0808703F	thumb	FlyOutFieldEffect_JumpOnBird
0x08087040	0x080870EB	thumb	FlyOutFieldEffect_FlyOffWithBird
0x080870EC	0x0808710B	thumb	FlyOutFieldEffect_WaitFlyOff
0x0808710C	0x0808713B	thumb	FlyOutFieldEffect_End
0x0808713C	0x0808717F	thumb	CreateFlyBirdSprite
0x08087180	0x0808719B	thumb	GetFlyBirdAnimCompleted
0x0808719C	0x080871D7	thumb	StartFlyBirdSwoopDown
0x080871D8	0x080871F3	thumb	SetFlyBirdPlayerSpriteId
0x080871F4	0x080872C3	thumb	SpriteCB_FlyBirdLeaveBall
0x080872C4	0x08087337	thumb	SpriteCB_FlyBirdSwoopDown
0x08087338	0x0808742B	thumb	SpriteCB_FlyBirdReturnToBall
0x0808742C	0x08087457	thumb	StartFlyBirdReturnToBall
0x08087458	0x0808746B	thumb	FldEff_FlyIn
0x0808746C	0x0808749B	thumb	Task_FlyIn
0x0808749C	0x0808759B	thumb	FlyInFieldEffect_BirdSwoopDown
0x0808759C	0x08087617	thumb	FlyInFieldEffect_FlyInWithBird
0x08087618	0x0808766B	thumb	FlyInFieldEffect_JumpOffBird
0x0808766C	0x080876E3	thumb	FlyInFieldEffect_FieldMovePose
0x080876E4	0x0808771B	thumb	FlyInFieldEffect_BirdReturnToBall
0x0808771C	0x08087753	thumb	FlyInFieldEffect_WaitBirdReturn
0x08087754	0x080877CF	thumb	FlyInFieldEffect_End
0x080877D0	0x080877FB	thumb	DoBirdSpriteWithPlayerAffineAnim
0x080877FC	0x08087893	thumb	SpriteCB_FlyBirdWithPlayer
0x08087894	0x080878F7	thumb	TryChangeBirdSprite
0x080878F8	0x080879AB	thumb	FldEff_MoveDeoxysRock
0x080879AC	0x08087A87	thumb	Task_MoveDeoxysRock_Step
0x08087A88	0x08087AE7	thumb	FldEff_DestroyDeoxysRock
0x08087AE8	0x08087B79	thumb	Task_DeoxysRockCameraShake
0x08087B7C	0x08087B93	thumb	StartEndingDeoxysRockCameraShake
0x08087B94	0x08087BD3	thumb	Task_DestroyDeoxysRock
0x08087BD4	0x08087BFF	thumb	DestroyDeoxysRockEffect_CameraShake
0x08087C00	0x08087C87	thumb	DestroyDeoxysRockEffect_RockFragments
0x08087C88	0x08087CCF	thumb	DestroyDeoxysRockEffect_WaitAndEnd
0x08087CD0	0x08087D63	thumb	CreateDeoxysRockFragments
0x08087D64	0x08087DD3	thumb	SpriteCB_DeoxysRockFragment
0x08087DD4	0x08087DFB	thumb	Task_PhotoFlash
0x08087DFC	0x08087E37	thumb	FldEff_PhotoFlash
0x08087E38	0x08087E77	thumb	ScanlineEffect_Stop
0x08087E78	0x08087EB7	thumb	ScanlineEffect_Clear
0x08087EB8	0x08087F27	thumb	ScanlineEffect_SetParams
0x08087F28	0x08087FB3	thumb	ScanlineEffect_InitHBlankDmaTransfer
0x08087FB4	0x08087FD3	thumb	CopyValue16Bit
0x08087FD4	0x08087FF3	thumb	CopyValue32Bit
0x08087FF4	0x080881BB	thumb	TaskFunc_UpdateWavePerFrame
0x080881BC	0x08088203	thumb	GenerateWave
0x08088204	0x0808832F	thumb	ScanlineEffect_InitWave
0x08088330	0x08088345	thumb	CB2_InitOptionMenu
0x08088348	0x08088359	thumb	VBlankCB_OptionMenu
0x0808835C	0x08088403	thumb	CB2_OptionsMenuFromStartMenu
0x08088404	0x08088415	thumb	OptionMenu_InitCallbacks
0x08088418	0x08088427	thumb	OptionMenu_SetVBlankCallback
0x08088428	0x080884E7	thumb	CB2_OptionMenu
0x080884E8	0x08088503	thumb	SetOptionMenuTask
0x08088504	0x08088653	thumb	InitOptionMenuBg
0x08088654	0x080886A7	thumb	OptionMenu_PickSwitchCancel
0x080886A8	0x080886C1	thumb	OptionMenu_ResetSpriteData
0x080886C4	0x08088753	thumb	LoadOptionMenuPalette
0x08088754	0x08088891	thumb	Task_OptionMenu
0x08088894	0x08088979	thumb	OptionMenu_ProcessInput
0x0808897C	0x08088AD3	thumb	BufferOptionMenuString
0x08088AD4	0x08088BA3	thumb	CloseAndSaveOptionMenu
0x08088BA4	0x08088BDF	thumb	PrintOptionMenuHeader
0x08088BE0	0x08088D5F	thumb	DrawOptionMenuBg
0x08088D60	0x08088DB3	thumb	LoadOptionMenuItemNames
0x08088DB4	0x08088DF3	thumb	UpdateSettingSelectionDisplay
0x08088DF4	0x08088E0B	thumb	GetPokedexCategoryName
0x08088E0C	0x08088E47	thumb	GetPokedexHeightWeight
0x08088E48	0x08088E5F	thumb	GetSetPokedexFlag
0x08088E60	0x08088EAD	thumb	GetNationalPokedexCount
0x08088EB0	0x08088EF7	thumb	GetKantoPokedexCount
0x08088EF8	0x08088F29	thumb	HasAllHoennMons
0x08088F2C	0x08088F55	thumb	HasAllKantoMons
0x08088F58	0x08088FC1	thumb	HasAllMons
0x08088FC4	0x08089007	thumb	VBlankCB_TrainerCard
0x08089008	0x08089043	thumb	HBlankCB_TrainerCard
0x08089044	0x08089059	thumb	CB2_TrainerCard
0x0808905C	0x08089093	thumb	CloseTrainerCard
0x08089094	0x080893F7	thumb	Task_TrainerCard
0x080893F8	0x0808958B	thumb	LoadCardGfx
0x0808958C	0x08089715	thumb	CB2_InitTrainerCard
0x08089718	0x0808972F	thumb	GetCappedGameStat
0x08089730	0x0808976D	thumb	GetTrainerStarCount
0x08089770	0x080898BB	thumb	SetPlayerCardData
0x080898BC	0x08089A67	thumb	TrainerCard_GenerateCardForLinkPlayer
0x08089A68	0x08089B37	thumb	SetDataFromTrainerCard
0x08089B38	0x08089BA9	thumb	HandleGpuRegs
0x08089BAC	0x08089C0F	thumb	UpdateCardFlipRegs
0x08089C10	0x08089C29	thumb	ResetGpuRegs
0x08089C2C	0x08089C2D	thumb	TrainerCardNull
0x08089C30	0x08089C53	thumb	DmaClearOam
0x08089C54	0x08089C77	thumb	DmaClearPltt
0x08089C78	0x08089CDD	thumb	ResetBgRegs
0x08089CE0	0x08089D5F	thumb	InitBgsAndWindows
0x08089D60	0x08089D77	thumb	SetTrainerCardCB2
0x08089D78	0x08089D9B	thumb	SetUpTrainerCardTask
0x08089D9C	0x08089E13	thumb	PrintAllOnCardFront
0x08089E14	0x08089E9F	thumb	PrintAllOnCardBack
0x08089EA0	0x08089EBD	thumb	BufferTextForCardBack
0x08089EC0	0x08089F4B	thumb	PrintNameOnCardFront
0x08089F4C	0x08089FBF	thumb	PrintIdOnCard
0x08089FC0	0x0808A0B3	thumb	PrintMoneyOnCard
0x0808A0B4	0x0808A0D3	thumb	GetCaughtMonsCount
0x0808A0D4	0x0808A1FF	thumb	PrintPokedexOnCard
0x0808A200	0x0808A3A3	thumb	PrintTimeOnCard
0x0808A3A4	0x0808A47B	thumb	PrintProfilePhraseOnCard
0x0808A47C	0x0808A4CF	thumb	BufferNameForCardBack
0x0808A4D0	0x0808A58B	thumb	PrintNameOnCardBack
0x0808A58C	0x0808A627	thumb	BufferHofDebutTime
0x0808A628	0x0808A69B	thumb	PrintHofDebutTimeOnCard
0x0808A69C	0x0808A733	thumb	BufferLinkBattleResults
0x0808A734	0x0808A7E3	thumb	PrintLinkBattleResultsOnCard
0x0808A7E4	0x0808A827	thumb	BufferNumTrades
0x0808A828	0x0808A8A3	thumb	PrintTradesStringOnCard
0x0808A8A4	0x0808A8EF	thumb	BufferBerryCrushPoints
0x0808A8F0	0x0808A977	thumb	PrintBerryCrushStringOnCard
0x0808A978	0x0808A9C3	thumb	BufferUnionRoomStats
0x0808A9C4	0x0808AA4B	thumb	PrintUnionStringOnCard
0x0808AA4C	0x0808AAE3	thumb	PrintPokemonIconsOnCard
0x0808AAE4	0x0808ABB3	thumb	LoadMonIconGfx
0x0808ABB4	0x0808AC3F	thumb	PrintStickersOnCard
0x0808AC40	0x0808AC9B	thumb	LoadStickerGfx
0x0808AC9C	0x0808ACB7	thumb	DrawTrainerCardWindow
0x0808ACB8	0x0808AE67	thumb	SetTrainerCardBgsAndPals
0x0808AE68	0x0808AED5	thumb	DrawCardScreenBackground
0x0808AED8	0x0808AF45	thumb	DrawCardFrontOrBack
0x0808AF48	0x0808B063	thumb	DrawStarsAndBadgesOnCard
0x0808B064	0x0808B151	thumb	DrawCardBackStats
0x0808B154	0x0808B18F	thumb	BlinkTimeColon
0x0808B190	0x0808B1A7	thumb	GetTrainerCardStars
0x0808B1A8	0x0808B1CF	thumb	FlipTrainerCard
0x0808B1D0	0x0808B1ED	thumb	IsCardFlipTaskActive
0x0808B1F0	0x0808B227	thumb	Task_DoCardFlipTask
0x0808B228	0x0808B267	thumb	Task_BeginCardFlip
0x0808B268	0x0808B397	thumb	Task_AnimateCardFlipDown
0x0808B398	0x0808B4AB	thumb	Task_DrawFlippedCardSide
0x0808B4AC	0x0808B513	thumb	Task_SetCardFlipped
0x0808B514	0x0808B63F	thumb	Task_AnimateCardFlipUp
0x0808B640	0x0808B66B	thumb	Task_EndCardFlip
0x0808B66C	0x0808B6D3	thumb	ShowPlayerTrainerCard
0x0808B6D4	0x0808B747	thumb	ShowTrainerCardInLink
0x0808B748	0x0808B7D3	thumb	InitTrainerCardData
0x0808B7D4	0x0808B809	thumb	GetCardType
0x0808B80C	0x0808B91F	thumb	CreateTrainerCardTrainerPic
0x0808B920	0x0808B933	thumb	Unref_InitTrainerCard
0x0808B934	0x0808B963	thumb	Unref_InitTrainerCardLink
0x0808B964	0x0808B993	thumb	Unref_InitTrainerCardLink2
0x0808B994	0x0808B9AB	thumb	BackupPokemonStorage
0x0808B9AC	0x0808B9C7	thumb	RestorePokemonStorage
0x0808B9C8	0x0808B9D3	thumb	StorageGetCurrentBox
0x0808B9D4	0x0808B9EB	thumb	SetCurrentBox
0x0808B9EC	0x0808BA2F	thumb	GetBoxMonDataAt
0x0808BA30	0x0808BA73	thumb	SetBoxMonDataAt
0x0808BA74	0x0808BA93	thumb	GetCurrentBoxMonData
0x0808BA94	0x0808BAB7	thumb	SetCurrentBoxMonData
0x0808BAB8	0x0808BAFD	thumb	GetBoxMonNickAt
0x0808BB00	0x0808BB3F	thumb	SetBoxMonNickAt
0x0808BB40	0x0808BB87	thumb	GetAndCopyBoxMonDataAt
0x0808BB88	0x0808BBC7	thumb	SetBoxMonAt
0x0808BBC8	0x0808BC07	thumb	CopyBoxMonAt
0x0808BC08	0x0808BC87	thumb	CreateBoxMonAt
0x0808BC88	0x0808BCC3	thumb	ZeroBoxMonAt
0x0808BCC4	0x0808BD03	thumb	BoxMonAtToMon
0x0808BD04	0x0808BD3F	thumb	GetBoxedMonPtr
0x0808BD40	0x0808BD67	thumb	GetBoxNamePtr
0x0808BD68	0x0808BD8F	thumb	GetBoxWallpaper
0x0808BD90	0x0808BDBB	thumb	SetBoxWallpaper
0x0808BDBC	0x0808BE85	thumb	SeekToNextMonInBox
0x0808BE88	0x0808BFB3	thumb	DrawTextWindowAndBufferTiles
0x0808BFB4	0x0808C0A7	thumb	PrintStringToBufferCopyNow
0x0808C0A8	0x0808C0DB	thumb	CountMonsInBox
0x0808C0DC	0x0808C10D	thumb	GetFirstFreeBoxSpot
0x0808C110	0x0808C157	thumb	CountPartyNonEggMons
0x0808C158	0x0808C1B3	thumb	CountPartyAliveNonEggMonsExcept
0x0808C1B4	0x0808C1CB	thumb	CountPartyAliveNonEggMons_IgnoreVar0x8004Slot
0x0808C1CC	0x0808C203	thumb	CountPartyMons
0x0808C204	0x0808C22D	thumb	StringCopyAndFillWithSpaces
0x0808C230	0x0808C2AB	thumb	UnusedWriteRectCpu
0x0808C2AC	0x0808C36F	thumb	UnusedWriteRectDma
0x0808C370	0x0808C67B	thumb	Task_PCMainMenu
0x0808C67C	0x0808C6AB	thumb	ShowPokemonStorageSystemPC
0x0808C6AC	0x0808C6FF	thumb	FieldTask_ReturnToPcMenu
0x0808C700	0x0808C787	thumb	CreatePCMainMenu
0x0808C788	0x0808C7B3	thumb	CB2_ExitPokeStorage
0x0808C7B4	0x0808C827	thumb	ResetPokemonStorageSystem
0x0808C828	0x0808C8CF	thumb	LoadChooseBoxMenuGfx
0x0808C8D0	0x0808C913	thumb	FreeBoxSelectionPopupSpriteGfx
0x0808C914	0x0808C921	thumb	CreateChooseBoxMenuSprites
0x0808C924	0x0808C92D	thumb	DestroyChooseBoxMenuSprites
0x0808C930	0x0808C997	thumb	HandleBoxChooseSelectionInput
0x0808C998	0x0808CB77	thumb	ChooseBoxMenu_CreateSprites
0x0808CB78	0x0808CBE3	thumb	ChooseBoxMenu_DestroySprites
0x0808CBE4	0x0808CC17	thumb	ChooseBoxMenu_MoveRight
0x0808CC18	0x0808CC45	thumb	ChooseBoxMenu_MoveLeft
0x0808CC48	0x0808CCCF	thumb	ChooseBoxMenu_PrintBoxNameAndCount
0x0808CCD0	0x0808CD37	thumb	ChooseBoxMenu_PrintTextToSprite
0x0808CD38	0x0808CD6B	thumb	SpriteCB_ChooseBoxArrow
0x0808CD6C	0x0808CD97	thumb	VBlankCB_PokeStorage
0x0808CD98	0x0808CDB5	thumb	CB2_PokeStorage
0x0808CDB8	0x0808CE33	thumb	EnterPokeStorage
0x0808CE34	0x0808CE9B	thumb	CB2_ReturnToPokeStorage
0x0808CE9C	0x0808CEE1	thumb	ResetAllBgCoords
0x0808CEE4	0x0808CF67	thumb	ResetForPokeStorage
0x0808CF68	0x0808CF97	thumb	InitStartingPosData
0x0808CF98	0x0808CFCB	thumb	SetMonIconTransparency
0x0808CFCC	0x0808CFF3	thumb	SetPokeStorageTask
0x0808CFF4	0x0808D1F3	thumb	Task_InitPokeStorage
0x0808D1F4	0x0808D23F	thumb	Task_ShowPokeStorage
0x0808D240	0x0808D28F	thumb	Task_ReshowPokeStorage
0x0808D290	0x0808D78F	thumb	Task_PokeStorageMain
0x0808D790	0x0808D7CF	thumb	Task_ShowPartyPokemon
0x0808D7D0	0x0808D84B	thumb	Task_HidePartyPokemon
0x0808D84C	0x0808DB67	thumb	Task_OnSelectedMon
0x0808DB68	0x0808DBC3	thumb	Task_MoveMon
0x0808DBC4	0x0808DC23	thumb	Task_PlaceMon
0x0808DC24	0x0808DC6F	thumb	Task_ShiftMon
0x0808DC70	0x0808DD5B	thumb	Task_WithdrawMon
0x0808DD5C	0x0808DE9F	thumb	Task_DepositMenu
0x0808DEA0	0x0808E08F	thumb	Task_ReleaseMon
0x0808E090	0x0808E113	thumb	Task_ShowMarkMenu
0x0808E114	0x0808E1C7	thumb	Task_TakeItemForMoving
0x0808E1C8	0x0808E283	thumb	Task_GiveMovingItemToMon
0x0808E284	0x0808E39B	thumb	Task_ItemToBag
0x0808E39C	0x0808E483	thumb	Task_SwitchSelectedItem
0x0808E484	0x0808E537	thumb	Task_ShowItemInfo
0x0808E538	0x0808E65B	thumb	Task_CloseBoxWhileHoldingItem
0x0808E65C	0x0808E6A3	thumb	Task_HandleMovingMonFromParty
0x0808E6A4	0x0808E717	thumb	Task_PrintCantStoreMail
0x0808E718	0x0808E80F	thumb	Task_HandleBoxOptions
0x0808E810	0x0808E973	thumb	Task_HandleWallpapers
0x0808E974	0x0808EA63	thumb	Task_JumpBox
0x0808EA64	0x0808EAC3	thumb	Task_NameBox
0x0808EAC4	0x0808EB23	thumb	Task_ShowMonSummary
0x0808EB24	0x0808EB83	thumb	Task_GiveItemFromBag
0x0808EB84	0x0808ECB7	thumb	Task_OnCloseBoxPressed
0x0808ECB8	0x0808EDEB	thumb	Task_OnBPressed
0x0808EDEC	0x0808EEDF	thumb	Task_ChangeScreen
0x0808EEE0	0x0808EF39	thumb	GiveChosenBagItem
0x0808EF3C	0x0808EF5F	thumb	FreePokeStorageData
0x0808EF60	0x0808EF9B	thumb	SetScrollingBackground
0x0808EF9C	0x0808EFB5	thumb	ScrollBackground
0x0808EFB8	0x0808F017	thumb	LoadPokeStorageMenuGfx
0x0808F018	0x0808F039	thumb	InitPokeStorageWindows
0x0808F03C	0x0808F04B	thumb	LoadsMiscSpritePalette
0x0808F04C	0x0808F0C7	thumb	InitPalettesAndSprites
0x0808F0C8	0x0808F137	thumb	CreateMarkingComboSprite
0x0808F138	0x0808F1A3	thumb	CreateWaveformSprites
0x0808F1A4	0x0808F1D3	thumb	RefreshDisplayMonData
0x0808F1D4	0x0808F22B	thumb	StartDisplayMonMosaic
0x0808F22C	0x0808F247	thumb	IsDisplayMonMosaicActive
0x0808F248	0x0808F28F	thumb	SpriteCB_DisplayMonMosaic
0x0808F290	0x0808F3CB	thumb	CreateDisplayMonSprite
0x0808F3CC	0x0808F46F	thumb	LoadDisplayMonGfx
0x0808F470	0x0808F5B9	thumb	PrintDisplayMonInfo
0x0808F5BC	0x0808F65F	thumb	UpdateWaveformAnimation
0x0808F660	0x0808F72F	thumb	InitSupplementalTilemaps
0x0808F730	0x0808F767	thumb	SetUpShowPartyMenu
0x0808F768	0x0808F7E3	thumb	ShowPartyMenu
0x0808F7E4	0x0808F823	thumb	SetUpHidePartyMenu
0x0808F824	0x0808F8DF	thumb	HidePartyMenu
0x0808F8E0	0x0808F919	thumb	UpdateCloseBoxButtonTilemap
0x0808F91C	0x0808F947	thumb	StartFlashingCloseBoxButton
0x0808F948	0x0808F96F	thumb	StopFlashingCloseBoxButton
0x0808F970	0x0808F9CF	thumb	UpdateCloseBoxButtonFlash
0x0808F9D0	0x0808FA03	thumb	SetPartySlotTilemaps
0x0808FA04	0x0808FA7B	thumb	SetPartySlotTilemap
0x0808FA7C	0x0808FAA5	thumb	UpdatePartySlotColors
0x0808FAA8	0x0808FACB	thumb	SetUpDoShowPartyMenu
0x0808FACC	0x0808FB3B	thumb	DoShowPartyMenu
0x0808FB3C	0x0808FB77	thumb	InitPokeStorageBg0
0x0808FB78	0x0808FCBB	thumb	PrintStorageMessage
0x0808FCBC	0x0808FCF3	thumb	ShowYesNoWindow
0x0808FCF4	0x0808FD07	thumb	ClearBottomWindow
0x0808FD08	0x0808FD2D	thumb	AddWallpaperSetsMenu
0x0808FD30	0x0808FDC3	thumb	AddWallpapersMenu
0x0808FDC4	0x0808FDCF	thumb	GetCurrentBoxOption
0x0808FDD0	0x0808FE27	thumb	InitCursorItemIcon
0x0808FE28	0x0808FF43	thumb	SetPokeStorageQuestLogEvent
0x0808FF44	0x0808FF7F	thumb	UpdateBoxToSendMons
0x0808FF80	0x0809002B	thumb	InitMonIconFields
0x0809002C	0x08090041	thumb	GetMonIconPriorityByCursorArea
0x08090044	0x080900A7	thumb	CreateMovingMonIcon
0x080900A8	0x080901BF	thumb	InitBoxMonSprites
0x080901C0	0x0809026F	thumb	CreateBoxMonIconAtPos
0x08090270	0x080902B3	thumb	StartBoxMonIconsScrollOut
0x080902B4	0x080902F7	thumb	SpriteCB_BoxMonIconScrollIn
0x080902F8	0x0809032F	thumb	SpriteCB_BoxMonIconScrollOut
0x08090330	0x08090377	thumb	DestroyAllIconsInColumn
0x08090378	0x08090547	thumb	CreateBoxMonIconsInColumn
0x08090548	0x080905FF	thumb	InitBoxMonIconScroll
0x08090600	0x08090767	thumb	UpdateBoxMonIconScroll
0x08090768	0x080907EF	thumb	SetBoxSpeciesAndPersonalities
0x080907F0	0x08090823	thumb	DestroyBoxMonIconAtPosition
0x08090824	0x0809085F	thumb	SetBoxMonIconObjMode
0x08090860	0x080909C7	thumb	CreatePartyMonsSprites
0x080909C8	0x08090A33	thumb	CompactPartySprites
0x08090A34	0x08090A47	thumb	GetNumPartySpritesCompacting
0x08090A48	0x08090AB3	thumb	MovePartySpriteToNextSlot
0x08090AB4	0x08090B3F	thumb	SpriteCB_MovePartySpriteToNextSlot
0x08090B40	0x08090B6B	thumb	DestroyMovingMonIcon
0x08090B6C	0x08090BE1	thumb	MovePartySprites
0x08090BE4	0x08090C17	thumb	DestroyPartyMonIcon
0x08090C18	0x08090C57	thumb	DestroyAllPartyMonIcons
0x08090C58	0x08090C93	thumb	SetPartyMonIconObjMode
0x08090C94	0x08090D2B	thumb	SetMovingMonSprite
0x08090D2C	0x08090DDB	thumb	SetPlacedMonSprite
0x08090DDC	0x08090E47	thumb	SetShiftMonSpritePtr
0x08090E48	0x08090F97	thumb	ShiftMons
0x08090F98	0x08091057	thumb	DoReleaseMonAnim
0x08091058	0x0809109D	thumb	TryHideReleaseMonSprite
0x080910A0	0x080910E7	thumb	DestroyReleaseMonIcon
0x080910E8	0x08091123	thumb	DoReleaseMonComeBackAnim
0x08091124	0x08091157	thumb	ResetReleaseMonSpritePtr
0x08091158	0x08091183	thumb	SetMovingMonPriority
0x08091184	0x080911A7	thumb	SpriteCB_HeldMon
0x080911A8	0x08091263	thumb	TryLoadMonIconTiles
0x08091264	0x080912B3	thumb	RemoveSpeciesFromIconList
0x080912B4	0x08091397	thumb	CreateMonIconSprite
0x08091398	0x080913AD	thumb	DestroyBoxMonIcon
0x080913B0	0x080913DF	thumb	CreateInitBoxTask
0x080913E0	0x080913F3	thumb	IsInitBoxActive
0x080913F4	0x080914E7	thumb	Task_InitBox
0x080914E8	0x080915CF	thumb	SetUpScrollToBox
0x080915D0	0x080916C7	thumb	ScrollToBox
0x080916C8	0x08091701	thumb	DetermineBoxScrollDirection
0x08091704	0x08091733	thumb	SetWallpaperForCurrentBox
0x08091734	0x08091821	thumb	DoWallpaperGfxChange
0x08091824	0x0809193F	thumb	LoadWallpaperGfx
0x08091940	0x08091957	thumb	WaitForWallpaperGfxLoad
0x08091958	0x080919F7	thumb	DrawWallpaper
0x080919F8	0x08091A67	thumb	TrimOldWallpaper
0x08091A68	0x08091C1B	thumb	InitBoxTitle
0x08091C1C	0x08091E07	thumb	CreateIncomingBoxTitle
0x08091E08	0x08091E57	thumb	CycleBoxTitleSprites
0x08091E58	0x08091E8B	thumb	SpriteCB_IncomingBoxTitle
0x08091E8C	0x08091EC1	thumb	SpriteCB_OutgoingBoxTitle
0x08091EC4	0x08091F33	thumb	CycleBoxTitleColor
0x08091F34	0x08091F53	thumb	GetBoxTitleBaseX
0x08091F54	0x08091FDF	thumb	CreateBoxScrollArrows
0x08091FE0	0x0809207F	thumb	StartBoxScrollArrowsSlide
0x08092080	0x080920CF	thumb	StopBoxScrollArrowsSlide
0x080920D0	0x08092137	thumb	AnimateBoxScrollArrows
0x08092138	0x0809220F	thumb	SpriteCB_BoxScrollArrow
0x08092210	0x08092293	thumb	CreateChooseBoxArrows
0x08092294	0x08092313	thumb	InitCursor
0x08092314	0x0809236B	thumb	InitCursorOnReopen
0x0809236C	0x08092429	thumb	GetCursorCoordsByPos
0x0809242C	0x08092479	thumb	GetSpeciesAtCursorPosition
0x0809247C	0x080925D7	thumb	UpdateCursorPos
0x080925D8	0x08092633	thumb	InitNewCursorPos
0x08092634	0x080927BB	thumb	InitCursorMove
0x080927BC	0x08092983	thumb	SetCursorPosition
0x08092984	0x08092AB7	thumb	DoCursorNewPosUpdate
0x08092AB8	0x08092B0F	thumb	SetCursorInParty
0x08092B10	0x08092B21	thumb	SetCursorBoxPosition
0x08092B24	0x08092B2F	thumb	ClearSavedCursorPos
0x08092B30	0x08092B43	thumb	SaveCursorPos
0x08092B44	0x08092B4F	thumb	GetSavedCursorPos
0x08092B50	0x08092B7F	thumb	InitMonPlaceChange
0x08092B80	0x08092BCB	thumb	InitMultiMonPlaceChange
0x08092BCC	0x08092BEB	thumb	DoMonPlaceChange
0x08092BEC	0x08092C77	thumb	MonPlaceChange_Grab
0x08092C78	0x08092CF3	thumb	MonPlaceChange_Place
0x08092CF4	0x08092DD3	thumb	MonPlaceChange_Shift
0x08092DD4	0x08092DE1	thumb	MonPlaceChange_DoMoveCursorDown
0x08092DE4	0x08092DF1	thumb	MonPlaceChange_DoMoveCursorUp
0x08092DF4	0x08092E25	thumb	MonPlaceChange_MoveCursorDown
0x08092E28	0x08092E51	thumb	MonPlaceChange_MoveCursorUp
0x08092E54	0x08092EC7	thumb	MoveMon
0x08092EC8	0x08092F27	thumb	PlaceMon
0x08092F28	0x08092F31	thumb	DoTrySetDisplayMonData
0x08092F34	0x08092FA7	thumb	SetMovedMonData
0x08092FA8	0x08093003	thumb	SetPlacedMonData
0x08093004	0x0809302B	thumb	PurgeMonOrBoxMon
0x0809302C	0x080930B7	thumb	SetShiftedMonData
0x080930B8	0x08093147	thumb	TryStorePartyMonInBox
0x08093148	0x08093167	thumb	ResetSelectionAfterDeposit
0x08093168	0x080931BF	thumb	InitReleaseMon
0x080931C0	0x080931EB	thumb	TryHideReleaseMon
0x080931EC	0x08093237	thumb	ReleaseMon
0x08093238	0x0809325F	thumb	TrySetCursorFistAnim
0x08093260	0x080933F3	thumb	InitCanReleaseMonVars
0x080933F4	0x08093603	thumb	RunCanReleaseMon
0x08093604	0x08093633	thumb	SaveMovingMon
0x08093634	0x0809368B	thumb	LoadSavedMovingMon
0x0809368C	0x08093787	thumb	InitSummaryScreenData
0x08093788	0x080937AF	thumb	SetSelectionAfterSummaryScreen
0x080937B0	0x0809384B	thumb	CompactPartySlots
0x0809384C	0x080938D3	thumb	SetMonMarkings
0x080938D4	0x0809390D	thumb	CanMovePartyMon
0x08093910	0x08093971	thumb	CanShiftMon
0x08093974	0x0809397F	thumb	IsMonBeingMoved
0x08093980	0x0809399B	thumb	IsCursorOnBoxTitle
0x0809399C	0x080939C7	thumb	IsCursorOnCloseBox
0x080939C8	0x080939E3	thumb	IsCursorInBox
0x080939E4	0x08093A7F	thumb	TrySetDisplayMonData
0x08093A80	0x08093AA3	thumb	ReshowDisplayMon
0x08093AA4	0x08093F6B	thumb	SetDisplayMonData
0x08093F6C	0x08093FA5	thumb	HandleInput_InBox
0x08093FA8	0x08094213	thumb	HandleInput_InBox_Normal
0x08094214	0x0809434B	thumb	HandleInput_InBox_GrabbingMultiple
0x0809434C	0x0809445D	thumb	HandleInput_InBox_MovingMultiple
0x08094460	0x0809467F	thumb	HandleInput_InParty
0x08094680	0x08094773	thumb	HandleInput_BoxTitle
0x08094774	0x08094887	thumb	HandleInput_OnButtons
0x08094888	0x080948D3	thumb	HandleInput
0x080948D4	0x080948F5	thumb	AddBoxMenu
0x080948F8	0x0809491F	thumb	SetSelectionMenuTexts
0x08094920	0x080949DD	thumb	SetMenuTextsForMon
0x080949E0	0x08094A89	thumb	SetMenuTextsForItem
0x08094A8C	0x08094AAB	thumb	SpriteCB_CursorShadow
0x08094AAC	0x08094C57	thumb	CreateCursorSprites
0x08094C58	0x08094C9B	thumb	ToggleCursorMultiMoveMode
0x08094C9C	0x08094CA7	thumb	GetBoxCursorPosition
0x08094CA8	0x08094CE7	thumb	GetCursorBoxColumnAndRow
0x08094CE8	0x08094D07	thumb	StartCursorAnim
0x08094D08	0x08094D13	thumb	GetMovingMonOriginalBoxId
0x08094D14	0x08094D33	thumb	SetCursorPriorityTo1
0x08094D34	0x08094D57	thumb	TryHideItemAtCursor
0x08094D58	0x08094D7B	thumb	TryShowItemAtCursor
0x08094D7C	0x08094DBF	thumb	InitMenu
0x08094DC0	0x08094E23	thumb	SetMenuText
0x08094E24	0x08094E5B	thumb	GetMenuItemTextId
0x08094E5C	0x08094F63	thumb	AddMenu
0x08094F64	0x08094F67	thumb	IsMenuLoading
0x08094F68	0x08094FF7	thumb	HandleMenuInput
0x08094FF8	0x08095023	thumb	RemoveMenu
0x08095024	0x08095077	thumb	MultiMove_Init
0x08095078	0x0809508F	thumb	MultiMove_Free
0x08095090	0x080950A3	thumb	MultiMove_SetFunction
0x080950A4	0x08095109	thumb	MultiMove_RunFunction
0x0809510C	0x08095205	thumb	MultiMove_Function_Start
0x08095208	0x08095273	thumb	MultiMove_Function_Single
0x08095274	0x080952E5	thumb	MultiMove_Function_ChangeSelection
0x080952E8	0x08095367	thumb	MultiMove_Function_GrabSelection
0x08095368	0x0809538F	thumb	MultiMove_Function_MoveMons
0x08095390	0x08095445	thumb	MultiMove_Function_PlaceMons
0x08095448	0x080954F1	thumb	MultiMove_TryMoveGroup
0x080954F4	0x08095597	thumb	MultiMove_UpdateSelectedIcons
0x08095598	0x080955CD	thumb	MultiMove_SelectColumn
0x080955D0	0x08095605	thumb	MultiMove_SelectRow
0x08095608	0x0809563D	thumb	MultiMove_DeselectColumn
0x08095640	0x08095675	thumb	MultiMove_DeselectRow
0x08095678	0x080956FF	thumb	MultiMove_SetIconToBg
0x08095700	0x08095753	thumb	MultiMove_ClearIconFromBg
0x08095754	0x08095763	thumb	MultiMove_InitBg
0x08095764	0x0809579B	thumb	MultiMove_UpdateBg
0x0809579C	0x08095873	thumb	MultiMove_GetMonsFromSelection
0x08095874	0x080958EB	thumb	MultiMove_RemoveMonsFromBox
0x080958EC	0x0809597B	thumb	MultiMove_CreatePlacedMonIcons
0x0809597C	0x08095A2B	thumb	MultiMove_SetPlacedMonData
0x08095A2C	0x08095A73	thumb	MultiMove_ResetBg
0x08095A74	0x08095A8F	thumb	MultiMove_GetOriginPosition
0x08095A90	0x08095B2F	thumb	MultiMove_CanPlaceSelection
0x08095B30	0x08095C57	thumb	CreateItemIconSprites
0x08095C58	0x08095D17	thumb	TryLoadItemIconAtPos
0x08095D18	0x08095D57	thumb	TryHideItemIconAtPos
0x08095D58	0x08095DFF	thumb	Item_FromMonToMoving
0x08095E00	0x08095E73	thumb	InitItemIconInCursor
0x08095E74	0x08095F47	thumb	Item_SwitchMonsWithMoving
0x08095F48	0x08095FDB	thumb	Item_GiveMovingToMon
0x08095FDC	0x0809605B	thumb	Item_TakeMons
0x0809605C	0x08096093	thumb	MoveItemFromCursorToBag
0x08096094	0x080960DF	thumb	MoveHeldItemWithPartyMenu
0x080960E0	0x0809613D	thumb	IsItemIconAnimActive
0x08096140	0x08096179	thumb	IsActiveItemMoving
0x0809617C	0x08096197	thumb	GetMovingItemName
0x08096198	0x080961AB	thumb	GetMovingItem
0x080961AC	0x080961E1	thumb	GetNewItemIconIdx
0x080961E4	0x0809622B	thumb	IsItemIconAtPosition
0x0809622C	0x08096279	thumb	GetItemIconIdxByPosition
0x0809627C	0x080962C1	thumb	GetItemIconIdxBySprite
0x080962C4	0x080963DB	thumb	SetItemIconPosition
0x080963DC	0x0809648B	thumb	LoadItemIconGfx
0x0809648C	0x080964BB	thumb	SetItemIconAffineAnim
0x080964BC	0x080965F7	thumb	SetItemIconCallback
0x080965F8	0x08096647	thumb	SetItemIconActive
0x08096648	0x08096657	thumb	GetItemIconPic
0x08096658	0x08096667	thumb	GetItemIconPalette
0x08096668	0x080966C7	thumb	PrintItemDescription
0x080966C8	0x080966FB	thumb	InitItemInfoWindow
0x080966FC	0x08096793	thumb	UpdateItemInfoWindowSlideIn
0x08096794	0x0809686B	thumb	UpdateItemInfoWindowSlideOut
0x0809686C	0x080968FF	thumb	DrawItemInfoWindow
0x08096900	0x0809692B	thumb	SpriteCB_ItemIcon_WaitAnim
0x0809692C	0x0809698F	thumb	SpriteCB_ItemIcon_ToHand
0x08096990	0x080969C7	thumb	SpriteCB_ItemIcon_SetPosToCursor
0x080969C8	0x08096A47	thumb	SpriteCB_ItemIcon_ToMon
0x08096A48	0x08096AE3	thumb	SpriteCB_ItemIcon_SwapToHand
0x08096AE4	0x08096B7F	thumb	SpriteCB_ItemIcon_SwapToMon
0x08096B80	0x08096BB7	thumb	SpriteCB_ItemIcon_HideParty
0x08096BB8	0x08096BCB	thumb	UnkUtil_Init
0x08096BCC	0x08096C13	thumb	UnkUtil_Run
0x08096C14	0x08096CAD	thumb	UnkUtil_CpuAdd
0x08096CB0	0x08096CE5	thumb	UnkUtil_CpuRun
0x08096CE8	0x08096D43	thumb	UnkUtil_DmaAdd
0x08096D44	0x08096DEB	thumb	UnkUtil_DmaRun
0x08096DEC	0x08096E9F	thumb	CreateMonIcon
0x08096EA0	0x08096F2F	thumb	CreateMonIcon_HandleDeoxys
0x08096F30	0x08096F6B	thumb	GetIconSpecies
0x08096F6C	0x08096FA7	thumb	GetUnownLetterByPersonality
0x08096FA8	0x08096FFB	thumb	MailSpeciesToIconSpecies
0x08096FFC	0x08097027	thumb	GetMonIconTiles
0x08097028	0x08097043	thumb	GetMonIconPtr
0x08097044	0x0809704D	thumb	DestroyMonIcon
0x08097050	0x08097073	thumb	LoadMonIconPalettes
0x08097074	0x080970B3	thumb	SafeLoadMonIconPalette
0x080970B4	0x080970E7	thumb	LoadMonIconPalette
0x080970E8	0x0809710B	thumb	FreeMonIconPalettes
0x0809710C	0x0809713B	thumb	SafeFreeMonIconPalette
0x0809713C	0x0809715F	thumb	FreeMonIconPalette
0x08097160	0x08097169	thumb	SpriteCB_MonIcon
0x0809716C	0x0809719F	thumb	LoadMonIconPalettesAt
0x080971A0	0x080971CB	thumb	GetValidMonIconPalettePtr
0x080971CC	0x080971EB	thumb	GetValidMonIconPalIndex
0x080971EC	0x080971FB	thumb	GetMonIconPaletteIndexFromSpecies
0x080971FC	0x080972D1	thumb	UpdateMonIconFrame
0x080972D4	0x080973AB	thumb	CreateMonIconSprite
0x080973AC	0x080973E7	thumb	DestroyMonIconInternal
0x080973E8	0x08097405	thumb	SetPartyHPBarSprite
0x08097408	0x0809745F	thumb	ScriptMovement_StartObjectMovementScript
0x08097460	0x080974AB	thumb	ScriptMovement_IsObjectMovementFinished
0x080974AC	0x080974CB	thumb	ScriptMovement_UnfreezeObjectEvents
0x080974CC	0x08097513	thumb	ScriptMovement_StartMoveObjects
0x08097514	0x08097527	thumb	GetMoveObjectsTaskId
0x08097528	0x08097591	thumb	ScriptMovement_TryAddNewMovement
0x08097594	0x080975CD	thumb	GetMovementScriptIdFromObjectEventId
0x080975D0	0x08097603	thumb	LoadObjectEventIdPtrFromMovementScript
0x08097604	0x08097627	thumb	SetObjectEventIdAtMovementScript
0x08097628	0x08097649	thumb	LoadObjectEventIdFromMovementScript
0x0809764C	0x0809767B	thumb	ClearMovementScriptFinished
0x0809767C	0x080976A3	thumb	SetMovementScriptFinished
0x080976A4	0x080976D9	thumb	IsMovementScriptFinished
0x080976DC	0x080976EB	thumb	SetMovementScript
0x080976EC	0x080976FB	thumb	GetMovementScript
0x080976FC	0x08097739	thumb	ScriptMovement_AddNewMovement
0x0809773C	0x0809777F	thumb	ScriptMovement_UnfreezeActiveObjects
0x08097780	0x080977C1	thumb	ScriptMovement_MoveObjects
0x080977C4	0x08097847	thumb	ScriptMovement_TakeStep
0x08097848	0x08097869	thumb	MetatileAtCoordsIsGrassTile
0x0809786C	0x08097957	thumb	SetUpFieldMove_Cut
0x08097958	0x08097973	thumb	FieldCallback_CutGrass
0x08097974	0x080979A3	thumb	FldEff_UseCutOnGrass
0x080979A4	0x080979C3	thumb	FieldCallback_CutTree
0x080979C4	0x080979F3	thumb	FldEff_UseCutOnTree
0x080979F4	0x08097A19	thumb	FieldMoveCallback_CutGrass
0x08097A1C	0x08097B23	thumb	FldEff_CutGrass
0x08097B24	0x08097B79	thumb	SetCutGrassMetatileAt
0x08097B7C	0x08097B8F	thumb	SpriteCallback_CutGrass_Init
0x08097B90	0x08097BEB	thumb	SpriteCallback_CutGrass_Run
0x08097BEC	0x08097C3F	thumb	SpriteCallback_CutGrass_Cleanup
0x08097C40	0x08097C55	thumb	FieldMoveCallback_CutTree
0x08097C58	0x08097C87	thumb	ClearMailData
0x08097C88	0x08097CDB	thumb	ClearMailStruct
0x08097CDC	0x08097D0B	thumb	MonHasMail
0x08097D0C	0x08097ED1	thumb	GiveMailToMon
0x08097ED4	0x08097EF3	thumb	SpeciesToMailSpecies
0x08097EF4	0x08097F15	thumb	MailSpeciesToSpecies
0x08097F18	0x08097F85	thumb	GiveMailToMon2
0x08097F88	0x08097F8B	thumb	DummyMailFunc
0x08097F8C	0x08097FEB	thumb	TakeMailFromMon
0x08097FEC	0x0809800F	thumb	ClearMailItemId
0x08098010	0x080980C9	thumb	TakeMailFromMon2
0x080980CC	0x080980E3	thumb	ItemIsMail
0x080980E4	0x0809817F	thumb	ShowMapNamePopup
0x08098180	0x080982BF	thumb	Task_MapNamePopup
0x080982C0	0x080982F3	thumb	DismissMapNamePopup
0x080982F4	0x08098313	thumb	IsMapNamePopupTaskActive
0x08098314	0x080983D3	thumb	MapNamePopupCreateWindow
0x080983D4	0x0809844F	thumb	MapNamePopupPrintMapNameOnWindow
0x08098450	0x080984A9	thumb	MapNamePopupAppendFloorNum
0x080984AC	0x080984CF	thumb	ResetItemMenuIconState
0x080984D0	0x080984FB	thumb	CreateBagSprite
0x080984FC	0x08098533	thumb	SetBagVisualPocketId
0x08098534	0x08098553	thumb	SpriteCB_BagVisualSwitchingPockets
0x08098554	0x0809858F	thumb	ShakeBagSprite
0x08098590	0x080985B7	thumb	SpriteCB_ShakeBagSprite
0x080985B8	0x08098633	thumb	CreateSwapLine
0x08098634	0x0809867B	thumb	SetSwapLineInvisibility
0x0809867C	0x080986BF	thumb	UpdateSwapLinePos
0x080986C0	0x080986FD	thumb	TryAllocItemIconTilesBuffers
0x08098700	0x08098729	thumb	CopyItemIconPicTo4x4Buffer
0x0809872C	0x080987ED	thumb	AddItemIconObject
0x080987F0	0x080988B9	thumb	AddItemIconObjectWithCustomObjectTemplate
0x080988BC	0x08098913	thumb	CreateItemMenuIcon
0x08098914	0x08098947	thumb	DestroyItemMenuIcon
0x08098948	0x08098973	thumb	GetItemIconGfxPtr
0x08098974	0x080989CB	thumb	CreateBerryPouchItemIcon
0x080989CC	0x08098A3F	thumb	AnimTask_ShakeMon
0x08098A40	0x08098AEF	thumb	AnimTask_ShakeMon_Step
0x08098AF0	0x08098BDB	thumb	AnimTask_ShakeMon2
0x08098BDC	0x08098CA1	thumb	AnimTask_ShakeMon2Step
0x08098CA4	0x08098D27	thumb	AnimTask_ShakeMonInPlace
0x08098D28	0x08098E61	thumb	AnimTask_ShakeMonInPlace_Step
0x08098E64	0x08098EC3	thumb	AnimTask_ShakeAndSinkMon
0x08098EC4	0x08098F57	thumb	AnimTask_ShakeAndSinkMon_Step
0x08098F58	0x08098FD7	thumb	AnimTask_TranslateMonElliptical
0x08098FD8	0x0809904F	thumb	AnimTask_TranslateMonElliptical_Step
0x08099050	0x0809907F	thumb	AnimTask_TranslateMonEllipticalRespectSide
0x08099080	0x080990F3	thumb	DoHorizontalLunge
0x080990F4	0x08099117	thumb	ReverseHorizontalLungeDirection
0x08099118	0x08099163	thumb	DoVerticalDip
0x08099164	0x08099187	thumb	ReverseVerticalDipDirection
0x08099188	0x08099243	thumb	SlideMonToOriginalPos
0x08099244	0x080992B3	thumb	SlideMonToOriginalPos_Step
0x080992B4	0x08099367	thumb	SlideMonToOffset
0x08099368	0x0809943F	thumb	SlideMonToOffsetAndBack
0x08099440	0x0809946F	thumb	SlideMonToOffsetAndBack_End
0x08099470	0x08099503	thumb	AnimTask_WindUpLunge
0x08099504	0x08099567	thumb	AnimTask_WindUpLunge_Step1
0x08099568	0x080995CF	thumb	AnimTask_WindUpLunge_Step2
0x080995D0	0x0809968B	thumb	AnimTask_SlideOffScreen
0x0809968C	0x080996D7	thumb	AnimTask_SlideOffScreen_Step
0x080996D8	0x0809975B	thumb	AnimTask_SwayMon
0x0809975C	0x08099883	thumb	AnimTask_SwayMon_Step
0x08099884	0x080998DB	thumb	AnimTask_ScaleMonAndRestore
0x080998DC	0x08099951	thumb	AnimTask_ScaleMonAndRestore_Step
0x08099954	0x08099A4B	thumb	AnimTask_RotateMonSpriteToSide
0x08099A4C	0x08099B27	thumb	AnimTask_RotateMonToSideAndRestore
0x08099B28	0x08099BA7	thumb	AnimTask_RotateMonSpriteToSide_Step
0x08099BA8	0x08099C8B	thumb	AnimTask_ShakeTargetBasedOnMovePowerOrDmg
0x08099C8C	0x08099D73	thumb	AnimTask_ShakeTargetBasedOnMovePowerOrDmg_Step
0x08099D74	0x08099D8F	thumb	GetBagItemQuantity
0x08099D90	0x08099DAB	thumb	SetBagItemQuantity
0x08099DAC	0x08099DAF	thumb	GetPcItemQuantity
0x08099DB0	0x08099DB3	thumb	SetPcItemQuantity
0x08099DB4	0x08099E0B	thumb	ApplyNewEncryptionKeyToBagItems
0x08099E0C	0x08099E15	thumb	ApplyNewEncryptionKeyToBagItems_
0x08099E18	0x08099E63	thumb	SetBagPocketsPointers
0x08099E64	0x08099E9D	thumb	CopyItemName
0x08099EA0	0x08099ED9	thumb	BagPocketGetFirstEmptySlot
0x08099EDC	0x08099F13	thumb	IsPocketNotEmpty
0x08099F14	0x08099F7F	thumb	CheckBagHasItem
0x08099F80	0x08099FD3	thumb	HasAtLeastOneBerry
0x08099FD4	0x0809A055	thumb	CheckBagHasSpace
0x0809A058	0x0809A1A9	thumb	AddBagItem
0x0809A1AC	0x0809A233	thumb	RemoveBagItem
0x0809A234	0x0809A245	thumb	GetPocketByItemId
0x0809A248	0x0809A277	thumb	ClearItemSlots
0x0809A278	0x0809A2AF	thumb	ClearPCItemSlots
0x0809A2B0	0x0809A2D7	thumb	ClearBag
0x0809A2D8	0x0809A30F	thumb	PCItemsGetFirstEmptySlot
0x0809A310	0x0809A347	thumb	CountItemsInPC
0x0809A348	0x0809A399	thumb	CheckPCHasItem
0x0809A39C	0x0809A431	thumb	AddPCItem
0x0809A434	0x0809A4BB	thumb	RemovePCItem
0x0809A4BC	0x0809A513	thumb	ItemPcCompaction
0x0809A514	0x0809A549	thumb	RegisteredItemHandleBikeSwap
0x0809A54C	0x0809A555	thumb	SwapItemSlots
0x0809A558	0x0809A5B7	thumb	BagPocketCompaction
0x0809A5B8	0x0809A6F3	thumb	SortPocketAndPlaceHMsFirst
0x0809A6F4	0x0809A769	thumb	SortAndCompactBagPocket
0x0809A76C	0x0809A787	thumb	BagGetItemIdByPocketPosition
0x0809A788	0x0809A7AF	thumb	BagGetQuantityByPocketPosition
0x0809A7B0	0x0809A7F7	thumb	BagGetQuantityByItemId
0x0809A7F8	0x0809A877	thumb	TrySetObtainedItemQuestLogEvent
0x0809A878	0x0809A88F	thumb	SanitizeItemId
0x0809A890	0x0809A8AF	thumb	ItemId_GetName
0x0809A8B0	0x0809A8D3	thumb	ItemId_GetId
0x0809A8D4	0x0809A8F7	thumb	ItemId_GetPrice
0x0809A8F8	0x0809A91B	thumb	ItemId_GetHoldEffect
0x0809A91C	0x0809A93F	thumb	ItemId_GetHoldEffectParam
0x0809A940	0x0809A963	thumb	ItemId_GetDescription
0x0809A964	0x0809A987	thumb	ItemId_GetImportance
0x0809A988	0x0809A9AB	thumb	ItemId_GetRegistrability
0x0809A9AC	0x0809A9CF	thumb	ItemId_GetPocket
0x0809A9D0	0x0809A9F3	thumb	ItemId_GetType
0x0809A9F4	0x0809AA17	thumb	ItemId_GetFieldFunc
0x0809AA18	0x0809AA3B	thumb	ItemId_GetBattleUsage
0x0809AA3C	0x0809AA5F	thumb	ItemId_GetBattleFunc
0x0809AA60	0x0809AA83	thumb	ItemId_GetSecondaryId
0x0809AA84	0x0809AB4F	thumb	CreateShopMenu
0x0809AB50	0x0809ABAB	thumb	GetMartTypeFromItemList
0x0809ABAC	0x0809ABD7	thumb	SetShopItemsForSale
0x0809ABD8	0x0809ABE3	thumb	SetShopMenuCallback
0x0809ABE4	0x0809AC2F	thumb	Task_ShopMenu
0x0809AC30	0x0809AC6B	thumb	Task_HandleShopMenuBuy
0x0809AC6C	0x0809ACA7	thumb	Task_HandleShopMenuSell
0x0809ACA8	0x0809ACCB	thumb	CB2_GoToSellMenu
0x0809ACCC	0x0809ACF7	thumb	Task_HandleShopMenuQuit
0x0809ACF8	0x0809AD13	thumb	ClearShopMenuWindow
0x0809AD14	0x0809AD47	thumb	Task_GoToBuyOrSellMenu
0x0809AD48	0x0809AD5F	thumb	MapPostLoadHook_ReturnToShopMenu
0x0809AD60	0x0809AD93	thumb	Task_ReturnToShopMenu
0x0809AD94	0x0809ADB7	thumb	ShowShopMenuAfterExitingBuyOrSellMenu
0x0809ADB8	0x0809ADD1	thumb	CB2_BuyMenu
0x0809ADD4	0x0809ADE5	thumb	VBlankCB_BuyMenu
0x0809ADE8	0x0809AF3F	thumb	CB2_InitBuyMenu
0x0809AF40	0x0809AFA3	thumb	InitShopData
0x0809AFA4	0x0809B053	thumb	BuyMenuInitBgs
0x0809B054	0x0809B0DF	thumb	BuyMenuDecompressBgGraphics
0x0809B0E0	0x0809B12D	thumb	RecolorItemDescriptionBox
0x0809B130	0x0809B159	thumb	BuyMenuDrawGraphics
0x0809B15C	0x0809B2D3	thumb	BuyMenuBuildListMenuTemplate
0x0809B2D4	0x0809B2F1	thumb	PokeMartWriteNameAndIdAt
0x0809B2F4	0x0809B3DB	thumb	BuyMenuPrintItemDescriptionAndShowItemIcon
0x0809B3DC	0x0809B467	thumb	BuyMenuPrintPriceInList
0x0809B468	0x0809B53F	thumb	LoadTmHmNameInMart
0x0809B540	0x0809B54F	thumb	GetMartFontId
0x0809B550	0x0809B56F	thumb	BuyMenuPrintCursor
0x0809B570	0x0809B5D7	thumb	BuyMenuPrintCursorAtYPosition
0x0809B5D8	0x0809B643	thumb	BuyMenuFreeMemory
0x0809B644	0x0809B663	thumb	SetShopExitCallback
0x0809B664	0x0809B6CD	thumb	BuyMenuAddScrollIndicatorArrows
0x0809B6D0	0x0809B70F	thumb	BuyQuantityAddScrollIndicatorArrows
0x0809B710	0x0809B737	thumb	BuyMenuRemoveScrollIndicatorArrows
0x0809B738	0x0809B749	thumb	BuyMenuDrawMapView
0x0809B74C	0x0809B823	thumb	BuyMenuDrawMapBg
0x0809B824	0x0809B8D7	thumb	BuyMenuDrawMapMetatile
0x0809B8D8	0x0809B8FD	thumb	BuyMenuDrawMapMetatileLayer
0x0809B900	0x0809BA13	thumb	BuyMenuCollectObjectEventData
0x0809BA14	0x0809BACF	thumb	BuyMenuDrawObjectEvents
0x0809BAD0	0x0809BB17	thumb	BuyMenuCopyTilemapData
0x0809BB18	0x0809BB93	thumb	BuyMenuPrintItemQuantityAndPrice
0x0809BB94	0x0809BC73	thumb	Task_BuyMenu
0x0809BC74	0x0809BD5F	thumb	Task_BuyHowManyDialogueInit
0x0809BD60	0x0809BE61	thumb	Task_BuyHowManyDialogueHandleInput
0x0809BE64	0x0809BE77	thumb	CreateBuyMenuConfirmPurchaseWindow
0x0809BE78	0x0809BEDF	thumb	BuyMenuTryMakePurchase
0x0809BEE0	0x0809BF3B	thumb	BuyMenuSubtractMoney
0x0809BF3C	0x0809BF6B	thumb	Task_ReturnToItemListAfterItemPurchase
0x0809BF6C	0x0809BFD7	thumb	BuyMenuReturnToItemList
0x0809BFD8	0x0809C01F	thumb	ExitBuyMenu
0x0809C020	0x0809C067	thumb	Task_ExitBuyMenu
0x0809C068	0x0809C069	thumb	DebugFunc_PrintPurchaseDetails
0x0809C06C	0x0809C06D	thumb	DebugFunc_PrintShopMenuHistoryBeforeClearMaybe
0x0809C070	0x0809C10B	thumb	RecordItemTransaction
0x0809C10C	0x0809C137	thumb	RecordTransactionForQuestLog
0x0809C138	0x0809C173	thumb	CreatePokemartMenu
0x0809C174	0x0809C18F	thumb	CreateDecorationShop1Menu
0x0809C190	0x0809C1AB	thumb	CreateDecorationShop2Menu
0x0809C1AC	0x0809C307	thumb	SetEscalatorMetatile
0x0809C308	0x0809C3CF	thumb	Task_DrawEscalator
0x0809C3D0	0x0809C41B	thumb	CreateEscalatorTask
0x0809C41C	0x0809C433	thumb	StartEscalator
0x0809C434	0x0809C447	thumb	StopEscalator
0x0809C448	0x0809C479	thumb	IsEscalatorMoving
0x0809C47C	0x0809C4D1	thumb	AnimateTeleporterHousing
0x0809C4D4	0x0809C5CF	thumb	Task_DrawTeleporterHousing
0x0809C5D0	0x0809C613	thumb	AnimateTeleporterCable
0x0809C614	0x0809C6EB	thumb	Task_DrawTeleporterCable
0x0809C6EC	0x0809C767	thumb	InitEnigmaBerry
0x0809C768	0x0809C797	thumb	ClearEnigmaBerries
0x0809C798	0x0809C80B	thumb	SetEnigmaBerry
0x0809C80C	0x0809C825	thumb	GetEnigmaBerryChecksum
0x0809C828	0x0809C873	thumb	IsEnigmaBerryValid
0x0809C874	0x0809C8B7	thumb	GetBerryInfo
0x0809C8B8	0x0809C8DD	thumb	ItemIdToBerryType
0x0809C8E0	0x0809C905	thumb	BerryTypeToItemId
0x0809C908	0x0809C927	thumb	GetBerryNameByBerryType
0x0809C928	0x0809C945	thumb	GetStringTilesWide
0x0809C948	0x0809C985	thumb	GetMenuWidthFromList
0x0809C988	0x0809C9D5	thumb	ScriptMenu_Multichoice
0x0809C9D8	0x0809CA35	thumb	ScriptMenu_MultichoiceWithDefault
0x0809CA38	0x0809CB85	thumb	DrawVerticalMultichoiceMenu
0x0809CB88	0x0809CBE9	thumb	GetMCWindowHeight
0x0809CBEC	0x0809CC6B	thumb	CreateMCMenuInputHandlerTask
0x0809CC6C	0x0809CD1B	thumb	Task_MultichoiceMenu_HandleInput
0x0809CD1C	0x0809CDBF	thumb	MultiChoicePrintHelpDescription
0x0809CDC0	0x0809CE0B	thumb	ScriptMenu_YesNo
0x0809CE0C	0x0809CE25	thumb	IsScriptActive
0x0809CE28	0x0809CE9B	thumb	Task_YesNoMenu_HandleInput
0x0809CE9C	0x0809CFAF	thumb	ScriptMenu_MultichoiceGrid
0x0809CFB0	0x0809D013	thumb	Hask_MultichoiceGridMenu_HandleInput
0x0809D014	0x0809D041	thumb	CreatePCMenu
0x0809D044	0x0809D227	thumb	CreatePCMenuWindow
0x0809D228	0x0809D25B	thumb	ScriptMenu_DisplayPCStartupPrompt
0x0809D25C	0x0809D2C1	thumb	Task_ScriptShowMonPic
0x0809D2C4	0x0809D39F	thumb	ScriptMenu_ShowPokemonPic
0x0809D3A0	0x0809D3D5	thumb	ScriptMenu_HidePokemonPic
0x0809D3D8	0x0809D3F5	thumb	PicboxWait
0x0809D3F8	0x0809D465	thumb	PicboxCancel
0x0809D468	0x0809D4D5	thumb	Task_WaitMuseumFossilPic
0x0809D4D8	0x0809D5F3	thumb	OpenMuseumFossilPic
0x0809D5F4	0x0809D625	thumb	CloseMuseumFossilPic
0x0809D628	0x0809D683	thumb	CreateWindowFromRect
0x0809D684	0x0809D6A5	thumb	DestroyScriptMenuWindow
0x0809D6A8	0x0809D737	thumb	QL_DestroyAbortedDisplay
0x0809D738	0x0809D893	thumb	DrawSeagallopDestinationMenu
0x0809D894	0x0809D925	thumb	GetSelectedSeagallopDestination
0x0809D928	0x0809D9B3	thumb	DoNamingScreen
0x0809D9B4	0x0809DA57	thumb	CB2_LoadNamingScreen
0x0809DA58	0x0809DB43	thumb	NamingScreen_Init
0x0809DB44	0x0809DB83	thumb	SetSpritesVisible
0x0809DB84	0x0809DD33	thumb	NamingScreen_InitBGs
0x0809DD34	0x0809DD5B	thumb	CreateNamingScreenTask
0x0809DD5C	0x0809DDF1	thumb	Task_NamingScreen
0x0809DDF4	0x0809DE03	thumb	PageToNextGfxId
0x0809DE04	0x0809DE23	thumb	CurrentPageToNextKeyboardId
0x0809DE24	0x0809DE43	thumb	CurrentPageToKeyboardId
0x0809DE44	0x0809DEFB	thumb	MainState_FadeIn
0x0809DEFC	0x0809DF37	thumb	MainState_WaitFadeIn
0x0809DF38	0x0809DF45	thumb	MainState_HandleInput
0x0809DF48	0x0809DF77	thumb	MainState_MoveToOKButton
0x0809DF78	0x0809DFE7	thumb	MainState_PressedOKButton
0x0809DFE8	0x0809E01B	thumb	MainState_FadeOut
0x0809E01C	0x0809E087	thumb	MainState_Exit
0x0809E088	0x0809E1A7	thumb	DisplaySentToPCMessage
0x0809E1A8	0x0809E1E3	thumb	MainState_WaitSentToPCMessage
0x0809E1E4	0x0809E223	thumb	MainState_StartPageSwap
0x0809E224	0x0809E2DF	thumb	MainState_WaitPageSwap
0x0809E2E0	0x0809E2FF	thumb	StartPageSwapAnim
0x0809E300	0x0809E337	thumb	Task_HandlePageSwapAnim
0x0809E338	0x0809E355	thumb	IsPageSwapAnimNotInProgress
0x0809E358	0x0809E37F	thumb	PageSwapAnimState_Init
0x0809E380	0x0809E413	thumb	PageSwapAnimState_1
0x0809E414	0x0809E4A7	thumb	PageSwapAnimState_2
0x0809E4A8	0x0809E4C3	thumb	PageSwapAnimState_Done
0x0809E4C4	0x0809E4EB	thumb	CreateButtonFlashTask
0x0809E4EC	0x0809E55D	thumb	TryStartButtonFlash
0x0809E560	0x0809E617	thumb	Task_UpdateButtonFlash
0x0809E618	0x0809E68B	thumb	GetButtonPalOffset
0x0809E68C	0x0809E6B3	thumb	RestoreButtonColor
0x0809E6B4	0x0809E6D3	thumb	StartButtonFlash
0x0809E6D4	0x0809E7C3	thumb	SpriteCB_Cursor
0x0809E7C4	0x0809E80F	thumb	SpriteCB_InputArrow
0x0809E810	0x0809E86B	thumb	SpriteCB_Underscore
0x0809E86C	0x0809E885	thumb	CreateSprites
0x0809E888	0x0809E91B	thumb	CreateCursorSprite
0x0809E91C	0x0809E99F	thumb	SetCursorPos
0x0809E9A0	0x0809E9CB	thumb	GetCursorPos
0x0809E9CC	0x0809E9DF	thumb	MoveCursorToOKButton
0x0809E9E0	0x0809EA37	thumb	SetCursorInvisibility
0x0809EA38	0x0809EA7B	thumb	SetCursorFlashing
0x0809EA7C	0x0809EAA7	thumb	SquishCursor
0x0809EAA8	0x0809EAD3	thumb	IsCursorAnimFinished
0x0809EAD4	0x0809EB11	thumb	GetKeyRoleAtCursorPos
0x0809EB14	0x0809EB2F	thumb	GetCurrentPageColumnCount
0x0809EB30	0x0809EBF3	thumb	CreatePageSwapButtonSprites
0x0809EBF4	0x0809EC27	thumb	StartPageSwapButtonAnim
0x0809EC28	0x0809EC4F	thumb	SpriteCB_PageSwap
0x0809EC50	0x0809ECA3	thumb	PageSwapSprite_Init
0x0809ECA4	0x0809ECA7	thumb	PageSwapSprite_Idle
0x0809ECA8	0x0809ED1B	thumb	PageSwapSprite_SlideOff
0x0809ED1C	0x0809ED5B	thumb	PageSwapSprite_SlideOn
0x0809ED5C	0x0809EDBB	thumb	SetPageSwapButtonGfx
0x0809EDBC	0x0809EE33	thumb	CreateBackOkSprites
0x0809EE34	0x0809EEF7	thumb	CreateTextEntrySprites
0x0809EEF8	0x0809EF23	thumb	CreateInputTargetIcon
0x0809EF24	0x0809EF25	thumb	NamingScreen_NoIcon
0x0809EF28	0x0809EF83	thumb	NamingScreen_CreatePlayerIcon
0x0809EF84	0x0809EFC3	thumb	NamingScreen_CreatePCIcon
0x0809EFC4	0x0809F01F	thumb	NamingScreen_CreateMonIcon
0x0809F020	0x0809F09F	thumb	NamingScreen_CreateRivalIcon
0x0809F0A0	0x0809F0EF	thumb	HandleKeyboardEvent
0x0809F0F0	0x0809F13B	thumb	KeyboardKeyHandler_Character
0x0809F13C	0x0809F163	thumb	KeyboardKeyHandler_Page
0x0809F164	0x0809F185	thumb	KeyboardKeyHandler_Backspace
0x0809F188	0x0809F1C3	thumb	KeyboardKeyHandler_OK
0x0809F1C4	0x0809F1DB	thumb	SwapKeyboardPage
0x0809F1DC	0x0809F1EF	thumb	CreateInputHandlerTask
0x0809F1F0	0x0809F213	thumb	GetInputEvent
0x0809F214	0x0809F23F	thumb	SetInputState
0x0809F240	0x0809F26F	thumb	Task_HandleInput
0x0809F270	0x0809F275	thumb	Input_Disabled
0x0809F278	0x0809F2CB	thumb	Input_Enabled
0x0809F2CC	0x0809F46F	thumb	HandleDpadMovement
0x0809F470	0x0809F4C3	thumb	DrawNormalTextEntryBox
0x0809F4C4	0x0809F53F	thumb	DrawMonTextEntryBox
0x0809F540	0x0809F567	thumb	DrawTextEntryBox
0x0809F568	0x0809F593	thumb	TryDrawGenderIcon
0x0809F594	0x0809F595	thumb	DummyGenderIcon
0x0809F598	0x0809F607	thumb	DrawGenderIcon
0x0809F608	0x0809F63B	thumb	GetCharAtKeyboardPos
0x0809F63C	0x0809F68F	thumb	GetTextEntryPosition
0x0809F690	0x0809F6D1	thumb	GetPreviousTextCaretPosition
0x0809F6D4	0x0809F72F	thumb	DeleteTextCharacter
0x0809F730	0x0809F795	thumb	AddTextCharacter
0x0809F798	0x0809F7BF	thumb	BufferCharacter
0x0809F7C0	0x0809F82F	thumb	SaveInputText
0x0809F830	0x0809F893	thumb	LoadGfx
0x0809F894	0x0809F8A1	thumb	CreateHelperTasks
0x0809F8A4	0x0809F8D3	thumb	LoadPalettes
0x0809F8D4	0x0809F8E5	thumb	DecompressToBgTilemapBuffer
0x0809F8E8	0x0809F9BB	thumb	DrawTextEntry
0x0809F9BC	0x0809FA33	thumb	PrintKeyboardKeys
0x0809FA34	0x0809FAB7	thumb	DrawKeyboardPageOnDeck
0x0809FAB8	0x0809FB43	thumb	PrintControls
0x0809FB44	0x0809FB59	thumb	CB2_NamingScreen
0x0809FB5C	0x0809FB6D	thumb	ResetVHBlank
0x0809FB70	0x0809FB7F	thumb	SetVBlank
0x0809FB80	0x0809FC07	thumb	VBlankCB_NamingScreen
0x0809FC08	0x0809FC25	thumb	NamingScreen_ShowBgs
0x0809FC28	0x0809FC61	thumb	IsWideLetter
0x0809FC64	0x0809FC8B	thumb	Debug_NamingScreenPlayer
0x0809FC8C	0x0809FCB3	thumb	Debug_NamingScreenBox
0x0809FCB4	0x0809FCDB	thumb	Debug_NamingScreenCaughtMon
0x0809FCDC	0x0809FD03	thumb	Debug_NamingScreenNickname
0x0809FD04	0x0809FD2B	thumb	Debug_NamingScreenRival
0x0809FD2C	0x0809FD43	thumb	GetMoney
0x0809FD44	0x0809FD5B	thumb	SetMoney
0x0809FD5C	0x0809FD73	thumb	IsEnoughMoney
0x0809FD74	0x0809FDAB	thumb	AddMoney
0x0809FDAC	0x0809FDCD	thumb	RemoveMoney
0x0809FDD0	0x0809FDF3	thumb	IsEnoughForCostInVar0x8005
0x0809FDF4	0x0809FE13	thumb	SubtractMoneyFromVar0x8005
0x0809FE14	0x0809FE97	thumb	PrintMoneyAmountInMoneyBox
0x0809FE98	0x0809FF1B	thumb	PrintMoneyAmount
0x0809FF1C	0x0809FF73	thumb	PrintMoneyAmountInMoneyBoxWithBorder
0x0809FF74	0x0809FF8B	thumb	ChangeAmountInMoneyBox
0x0809FF8C	0x080A0007	thumb	DrawMoneyBox
0x080A0008	0x080A002B	thumb	HideMoneyBox
0x080A002C	0x080A00EF	thumb	HealPlayerParty
0x080A00F0	0x080A017D	thumb	ScriptGiveMon
0x080A0180	0x080A01C5	thumb	ScriptGiveEgg
0x080A01C8	0x080A01EF	thumb	HasEnoughMonsForDoubleBattle
0x080A01F0	0x080A023D	thumb	CheckPartyMonHasHeldItem
0x080A0240	0x080A026F	thumb	DoesPartyHaveEnigmaBerry
0x080A0270	0x080A02CF	thumb	CreateScriptedWildMon
0x080A02D0	0x080A0307	thumb	ScriptSetMonMoveSlot
0x080A0308	0x080A0323	thumb	ChooseHalfPartyForBattle
0x080A0324	0x080A0353	thumb	CB2_ReturnFromChooseHalfParty
0x080A0354	0x080A036F	thumb	ChooseBattleTowerPlayerParty
0x080A0370	0x080A03AB	thumb	CB2_ReturnFromChooseBattleTowerParty
0x080A03AC	0x080A0433	thumb	ReducePlayerPartyToThree
0x080A0434	0x080A0455	thumb	IsMonValidSpecies
0x080A0458	0x080A048B	thumb	AllMonsFainted
0x080A048C	0x080A04D7	thumb	FaintFromFieldPoison
0x080A04D8	0x080A051F	thumb	MonFaintedFromPoison
0x080A0520	0x080A05D3	thumb	Task_TryFieldPoisonWhiteOut
0x080A05D4	0x080A05EB	thumb	TryFieldPoisonWhiteOut
0x080A05EC	0x080A066D	thumb	DoPoisonFieldEffect
0x080A0670	0x080A0713	thumb	GetMonSizeHash
0x080A0714	0x080A0743	thumb	TranslateBigMonSizeTableIndex
0x080A0744	0x080A07B7	thumb	GetMonSize
0x080A07B8	0x080A07FF	thumb	FormatMonSizeRecord
0x080A0800	0x080A089F	thumb	CompareMonSize
0x080A08A0	0x080A08D7	thumb	GetMonSizeRecordInfo
0x080A08D8	0x080A08EB	thumb	InitHeracrossSizeRecord
0x080A08EC	0x080A0903	thumb	GetHeracrossSizeRecordInfo
0x080A0904	0x080A092B	thumb	CompareHeracrossSize
0x080A092C	0x080A093F	thumb	InitMagikarpSizeRecord
0x080A0940	0x080A0957	thumb	GetMagikarpSizeRecordInfo
0x080A0958	0x080A097F	thumb	CompareMagikarpSize
0x080A0980	0x080A0A1B	thumb	GiveGiftRibbonToParty
0x080A0A1C	0x080A0A43	thumb	BeginPCScreenEffect_TurnOn
0x080A0A44	0x080A0A6B	thumb	BeginPCScreenEffect_TurnOff
0x080A0A6C	0x080A0A7F	thumb	IsPCScreenEffectRunning_TurnOn
0x080A0A80	0x080A0A93	thumb	IsPCScreenEffectRunning_TurnOff
0x080A0A94	0x080A0ADF	thumb	BeginPCScreenEffect
0x080A0AE0	0x080A0C49	thumb	Task_PCScreenEffect_TurnOn
0x080A0C4C	0x080A0DA9	thumb	Task_PCScreenEffect_TurnOff
0x080A0DAC	0x080A0E19	thumb	Task_FieldPoisonEffect
0x080A0E1C	0x080A0E33	thumb	FldEffPoison_Start
0x080A0E34	0x080A0E47	thumb	FldEffPoison_IsActive
0x080A0E48	0x080A0E49	thumb	DoWateringBerryTreeAnim
0x080A0E4C	0x080A0E4F	thumb	FieldSpecialScene_Dummy0
0x080A0E50	0x080A0E51	thumb	FieldSpecialScene_Dummy1
0x080A0E54	0x080A0E55	thumb	FieldSpecialScene_Dummy2
0x080A0E58	0x080A0E59	thumb	FieldSpecialScene_Dummy3
0x080A0E5C	0x080A0E5D	thumb	FieldCB_ShowPortholeView
0x080A0E60	0x080A0E61	thumb	LookThroughPorthole
0x080A0E64	0x080A0E75	thumb	GetSafariZoneFlag
0x080A0E78	0x080A0E85	thumb	SetSafariZoneFlag
0x080A0E88	0x080A0E95	thumb	ResetSafariZoneFlag
0x080A0E98	0x080A0EBF	thumb	EnterSafariMode
0x080A0EC0	0x080A0EDF	thumb	ExitSafariMode
0x080A0EE0	0x080A0F0F	thumb	SafariZoneTakeStep
0x080A0F10	0x080A0F1F	thumb	SafariZoneRetirePrompt
0x080A0F20	0x080A0F8F	thumb	CB2_EndSafariBattle
0x080A0F90	0x080A100F	thumb	SetUpItemUseCallback
0x080A1010	0x080A1057	thumb	SetUpItemUseOnFieldCallback
0x080A1058	0x080A106F	thumb	FieldCB_FadeInFromBlack
0x080A1070	0x080A1097	thumb	Task_WaitFadeIn_CallItemUseOnFieldCB
0x080A1098	0x080A10E3	thumb	DisplayItemMessageInCurrentContext
0x080A10E4	0x080A10FF	thumb	PrintNotTheTimeToUseThat
0x080A1100	0x080A1123	thumb	Task_ItemUse_CloseMessageBoxAndReturnToField
0x080A1124	0x080A1157	thumb	CheckIfItemIsTMHMOrEvolutionStone
0x080A1158	0x080A1167	thumb	SetFieldCallback2ForItemUse
0x080A1168	0x080A1193	thumb	FieldCB2_UseItemFromField
0x080A1194	0x080A11B9	thumb	Task_ItemUseWaitForFade
0x080A11BC	0x080A11DB	thumb	FieldUseFunc_Mail
0x080A11DC	0x080A11FF	thumb	CB2_CheckMail
0x080A1200	0x080A12D7	thumb	FieldUseFunc_Bike
0x080A12D8	0x080A1309	thumb	ItemUseOnFieldCB_Bicycle
0x080A130C	0x080A134F	thumb	FieldUseFunc_Rod
0x080A1350	0x080A13E1	thumb	CanFish
0x080A13E4	0x080A140B	thumb	ItemUseOnFieldCB_Rod
0x080A140C	0x080A1433	thumb	ItemUseOutOfBattle_Itemfinder
0x080A1434	0x080A14BB	thumb	FieldUseFunc_CoinCase
0x080A14BC	0x080A153F	thumb	FieldUseFunc_PowderJar
0x080A1540	0x080A161B	thumb	FieldUseFunc_PokeFlute
0x080A161C	0x080A1647	thumb	Task_PlayPokeFlute
0x080A1648	0x080A16A3	thumb	Task_DisplayPokeFluteMessage
0x080A16A4	0x080A16B1	thumb	DoSetUpItemUseCallback
0x080A16B4	0x080A16CF	thumb	FieldUseFunc_Medicine
0x080A16D0	0x080A16EB	thumb	FieldUseFunc_Ether
0x080A16EC	0x080A1707	thumb	FieldUseFunc_PpUp
0x080A1708	0x080A1723	thumb	FieldUseFunc_RareCandy
0x080A1724	0x080A173F	thumb	FieldUseFunc_EvoItem
0x080A1740	0x080A175B	thumb	FieldUseFunc_SacredAsh
0x080A175C	0x080A17A7	thumb	FieldUseFunc_TmCase
0x080A17A8	0x080A17BB	thumb	InitTMCaseFromBag
0x080A17BC	0x080A17F3	thumb	Task_InitTMCaseFromField
0x080A17F4	0x080A183F	thumb	FieldUseFunc_BerryPouch
0x080A1840	0x080A1853	thumb	InitBerryPouchFromBag
0x080A1854	0x080A188B	thumb	Task_InitBerryPouchFromField
0x080A188C	0x080A18AB	thumb	BattleUseFunc_BerryPouch
0x080A18AC	0x080A18BF	thumb	InitBerryPouchFromBattle
0x080A18C0	0x080A191F	thumb	FieldUseFunc_TeachyTv
0x080A1920	0x080A1933	thumb	InitTeachyTvFromBag
0x080A1934	0x080A196B	thumb	Task_InitTeachyTvFromField
0x080A196C	0x080A19BB	thumb	FieldUseFunc_Repel
0x080A19BC	0x080A1A17	thumb	Task_UseRepel
0x080A1A18	0x080A1A67	thumb	RemoveUsedItem
0x080A1A68	0x080A1B1B	thumb	FieldUseFunc_BlackWhiteFlute
0x080A1B1C	0x080A1B5F	thumb	Task_UsedBlackWhiteFlute
0x080A1B60	0x080A1B7D	thumb	CanUseEscapeRopeOnCurrMap
0x080A1B80	0x080A1BDB	thumb	ItemUseOutOfBattle_EscapeRope
0x080A1BDC	0x080A1C17	thumb	ItemUseOnFieldCB_EscapeRope
0x080A1C18	0x080A1C33	thumb	Task_UseDigEscapeRopeOnField
0x080A1C34	0x080A1C7F	thumb	FieldUseFunc_TownMap
0x080A1C80	0x080A1C93	thumb	UseTownMapFromBag
0x080A1C94	0x080A1CCB	thumb	Task_UseTownMapFromField
0x080A1CCC	0x080A1D2B	thumb	FieldUseFunc_FameChecker
0x080A1D2C	0x080A1D3B	thumb	UseFameCheckerFromBag
0x080A1D3C	0x080A1D6F	thumb	Task_UseFameCheckerFromField
0x080A1D70	0x080A1DDF	thumb	FieldUseFunc_VsSeeker
0x080A1DE0	0x080A1DED	thumb	Task_ItemUse_CloseMessageBoxAndReturnToField_VsSeeker
0x080A1DF0	0x080A1E37	thumb	BattleUseFunc_PokeBallEtc
0x080A1E38	0x080A1E4F	thumb	BattleUseFunc_PokeFlute
0x080A1E50	0x080A1EC7	thumb	BattleUseFunc_StatBooster
0x080A1EC8	0x080A1F1B	thumb	Task_BattleUse_StatBooster_DelayAndPrint
0x080A1F1C	0x080A1F4B	thumb	Task_BattleUse_StatBooster_WaitButton_ReturnToBattle
0x080A1F4C	0x080A1F8F	thumb	ItemUse_SwitchToPartyMenuInBattle
0x080A1F90	0x080A1FAB	thumb	BattleUseFunc_Medicine
0x080A1FAC	0x080A1FC7	thumb	BattleUseFunc_SacredAsh
0x080A1FC8	0x080A1FE3	thumb	BattleUseFunc_Ether
0x080A1FE4	0x080A2039	thumb	BattleUseFunc_PokeDoll
0x080A203C	0x080A2167	thumb	ItemUseOutOfBattle_EnigmaBerry
0x080A2168	0x080A220B	thumb	ItemUseInBattle_EnigmaBerry
0x080A220C	0x080A2267	thumb	FieldUseFunc_OakStopsYou
0x080A2268	0x080A22BB	thumb	ItemUse_SetQuestLogEvent
0x080A22BC	0x080A2313	thumb	AnimMovePowderParticle
0x080A2314	0x080A235B	thumb	AnimMovePowderParticle_Step
0x080A235C	0x080A23AB	thumb	AnimPowerAbsorptionOrb
0x080A23AC	0x080A2403	thumb	AnimSolarBeamBigOrb
0x080A2404	0x080A245F	thumb	AnimSolarBeamSmallOrb
0x080A2460	0x080A24D3	thumb	AnimSolarBeamSmallOrb_Step
0x080A24D4	0x080A2553	thumb	AnimTask_CreateSmallSolarBeamOrbs
0x080A2554	0x080A25A3	thumb	AnimAbsorptionOrb
0x080A25A4	0x080A25BD	thumb	AnimAbsorptionOrb_Step
0x080A25C0	0x080A2677	thumb	AnimHyperBeamOrb
0x080A2678	0x080A26C3	thumb	AnimHyperBeamOrb_Step
0x080A26C4	0x080A2733	thumb	AnimLeechSeed
0x080A2734	0x080A276B	thumb	AnimLeechSeed_Step
0x080A276C	0x080A27A3	thumb	AnimLeechSeedSprouts
0x080A27A4	0x080A27EF	thumb	AnimSporeParticle
0x080A27F0	0x080A2897	thumb	AnimSporeParticle_Step
0x080A2898	0x080A28F1	thumb	AnimTask_SporeDoubleBattle
0x080A28F4	0x080A2947	thumb	AnimPetalDanceBigFlower
0x080A2948	0x080A29BF	thumb	AnimPetalDanceBigFlower_Step
0x080A29C0	0x080A2A13	thumb	AnimPetalDanceSmallFlower
0x080A2A14	0x080A2A77	thumb	AnimPetalDanceSmallFlower_Step
0x080A2A78	0x080A2ABF	thumb	AnimRazorLeafParticle
0x080A2AC0	0x080A2B0B	thumb	AnimRazorLeafParticle_Step1
0x080A2B0C	0x080A2B6D	thumb	AnimRazorLeafParticle_Step2
0x080A2B70	0x080A2C3B	thumb	AnimTranslateLinearSingleSineWave
0x080A2C3C	0x080A2CE1	thumb	AnimTranslateLinearSingleSineWave_Step
0x080A2CE4	0x080A2D43	thumb	AnimMoveTwisterParticle
0x080A2D44	0x080A2DFB	thumb	AnimMoveTwisterParticle_Step
0x080A2DFC	0x080A2E37	thumb	AnimConstrictBinding
0x080A2E38	0x080A2E73	thumb	AnimConstrictBinding_Step1
0x080A2E74	0x080A2EDF	thumb	AnimConstrictBinding_Step2
0x080A2EE0	0x080A2F47	thumb	AnimTask_ShrinkTargetCopy
0x080A2F48	0x080A2FD7	thumb	AnimTask_DuplicateAndShrinkToPos_Step1
0x080A2FD8	0x080A306B	thumb	AnimTask_DuplicateAndShrinkToPos_Step2
0x080A306C	0x080A313B	thumb	AnimMimicOrb
0x080A313C	0x080A31BF	thumb	AnimIngrainRoot
0x080A31C0	0x080A32AF	thumb	AnimFrenzyPlantRoot
0x080A32B0	0x080A3305	thumb	AnimRootFlickerOut
0x080A3308	0x080A338B	thumb	AnimIngrainOrb
0x080A338C	0x080A33B3	thumb	InitItemBagData
0x080A33B4	0x080A3457	thumb	MoveAlongLinearPath
0x080A3458	0x080A3485	thumb	AnimItemSteal_Step2
0x080A3488	0x080A34EB	thumb	AnimItemSteal_Step1
0x080A34EC	0x080A3563	thumb	AnimPresent
0x080A3564	0x080A35C5	thumb	AnimKnockOffOpponentsItem
0x080A35C8	0x080A3643	thumb	AnimKnockOffItem
0x080A3644	0x080A3687	thumb	AnimPresentHealParticle
0x080A3688	0x080A36FF	thumb	AnimItemSteal
0x080A3700	0x080A378F	thumb	AnimItemSteal_Step3
0x080A3790	0x080A3829	thumb	AnimTrickBag
0x080A382C	0x080A3897	thumb	AnimTrickBag_Step1
0x080A3898	0x080A394F	thumb	AnimTrickBag_Step2
0x080A3950	0x080A3991	thumb	AnimTrickBag_Step3
0x080A3994	0x080A3AFB	thumb	AnimTask_LeafBlade
0x080A3AFC	0x080A3ED5	thumb	AnimTask_LeafBlade_Step
0x080A3ED8	0x080A3EF5	thumb	LeafBladeGetPosFactor
0x080A3EF8	0x080A3FA7	thumb	AnimTask_LeafBlade_Step2
0x080A3FA8	0x080A4013	thumb	AnimTask_LeafBlade_Step2_Callback
0x080A4014	0x080A411F	thumb	AnimFlyingParticle
0x080A4120	0x080A4195	thumb	AnimFlyingParticle_Step
0x080A4198	0x080A426B	thumb	AnimTask_CycleMagicalLeafPal
0x080A426C	0x080A4373	thumb	AnimNeedleArmSpike
0x080A4374	0x080A43AF	thumb	AnimNeedleArmSpike_Step
0x080A43B0	0x080A43C9	thumb	AnimWhipHit_WaitEnd
0x080A43CC	0x080A4423	thumb	AnimSlidingHit
0x080A4424	0x080A4467	thumb	AnimWhipHit
0x080A4468	0x080A44B3	thumb	AnimFlickeringPunch
0x080A44B4	0x080A455B	thumb	AnimCuttingSlice
0x080A455C	0x080A469F	thumb	AnimAirCutterSlice
0x080A46A0	0x080A470B	thumb	AnimSlice_Step
0x080A470C	0x080A47EF	thumb	UnusedFlickerAnim
0x080A47F0	0x080A4853	thumb	AnimCirclingMusicNote
0x080A4854	0x080A48C1	thumb	AnimCirclingMusicNote_Step
0x080A48C4	0x080A49A7	thumb	AnimProtect
0x080A49A8	0x080A4A9F	thumb	AnimProtect_Step
0x080A4AA0	0x080A4B0B	thumb	AnimMilkBottle
0x080A4B0C	0x080A4C69	thumb	AnimMilkBottle_Step1
0x080A4C6C	0x080A4CDD	thumb	AnimMilkBottle_Step2
0x080A4CE0	0x080A4D2F	thumb	AnimGrantingStars
0x080A4D30	0x080A4E13	thumb	AnimSparklingStars
0x080A4E14	0x080A4E73	thumb	AnimBubbleBurst
0x080A4E74	0x080A4EC5	thumb	AnimBubbleBurst_Step
0x080A4EC8	0x080A4F33	thumb	AnimSleepLetterZ
0x080A4F34	0x080A4F7D	thumb	AnimSleepLetterZ_Step
0x080A4F80	0x080A4FA7	thumb	AnimLockOnTarget
0x080A4FA8	0x080A5057	thumb	AnimLockOnTarget_Step1
0x080A5058	0x080A508B	thumb	AnimLockOnTarget_Step2
0x080A508C	0x080A5147	thumb	AnimLockOnTarget_Step3
0x080A5148	0x080A51F3	thumb	AnimLockOnTarget_Step4
0x080A51F4	0x080A521B	thumb	AnimLockOnTarget_Step5
0x080A521C	0x080A5269	thumb	AnimLockOnTarget_Step6
0x080A526C	0x080A5313	thumb	AnimLockOnMoveTarget
0x080A5314	0x080A536B	thumb	AnimBowMon
0x080A536C	0x080A53BB	thumb	AnimBowMon_Step1
0x080A53BC	0x080A5447	thumb	AnimBowMon_Step1_Callback
0x080A5448	0x080A5497	thumb	AnimBowMon_Step2
0x080A5498	0x080A54BB	thumb	AnimBowMon_Step3
0x080A54BC	0x080A5557	thumb	AnimBowMon_Step3_Callback
0x080A5558	0x080A5561	thumb	AnimBowMon_Step4
0x080A5564	0x080A5573	thumb	AnimTipMon
0x080A5574	0x080A5667	thumb	AnimTipMon_Step
0x080A5668	0x080A56FF	thumb	AnimTask_SkullBashPosition
0x080A5700	0x080A58BF	thumb	AnimTask_SkullBashPositionSet
0x080A58C0	0x080A5911	thumb	AnimTask_SkullBashPositionReset
0x080A5914	0x080A597B	thumb	AnimSlashSlice
0x080A597C	0x080A59C3	thumb	AnimFalseSwipeSlice
0x080A59C4	0x080A5A17	thumb	AnimFalseSwipePositionedSlice
0x080A5A18	0x080A5A4F	thumb	AnimFalseSwipeSlice_Step1
0x080A5A50	0x080A5A5F	thumb	AnimFalseSwipeSlice_Step2
0x080A5A60	0x080A5AAB	thumb	AnimFalseSwipeSlice_Step3
0x080A5AAC	0x080A5B0F	thumb	AnimEndureEnergy
0x080A5B10	0x080A5B4F	thumb	AnimEndureEnergy_Step
0x080A5B50	0x080A5B9F	thumb	AnimSharpenSphere
0x080A5BA0	0x080A5C3B	thumb	AnimSharpenSphere_Step
0x080A5C3C	0x080A5CA7	thumb	AnimConversion
0x080A5CA8	0x080A5D1D	thumb	AnimTask_ConversionAlphaBlend
0x080A5D20	0x080A5D4F	thumb	AnimConversion2
0x080A5D50	0x080A5DB3	thumb	AnimConversion2_Step
0x080A5DB4	0x080A5E07	thumb	AnimTask_Conversion2AlphaBlend
0x080A5E08	0x080A5E7B	thumb	AnimTask_HideBattlersHealthbox
0x080A5E7C	0x080A5EB3	thumb	AnimTask_ShowBattlersHealthbox
0x080A5EB4	0x080A5EFB	thumb	AnimMoon
0x080A5EFC	0x080A5F11	thumb	AnimMoon_Step
0x080A5F14	0x080A5F57	thumb	AnimMoonlightSparkle
0x080A5F58	0x080A5F93	thumb	AnimMoonlightSparkle_Step
0x080A5F94	0x080A607B	thumb	AnimTask_MoonlightEndFade
0x080A607C	0x080A6217	thumb	AnimTask_MoonlightEndFade_Step
0x080A6218	0x080A633F	thumb	AnimHornHit
0x080A6340	0x080A6387	thumb	AnimHornHit_Step
0x080A6388	0x080A64B1	thumb	AnimTask_DoubleTeam
0x080A64B4	0x080A650F	thumb	AnimTask_DoubleTeam_Step
0x080A6510	0x080A659F	thumb	AnimDoubleTeam
0x080A65A0	0x080A65BB	thumb	AnimSuperFang
0x080A65BC	0x080A6673	thumb	AnimTask_MusicNotesRainbowBlend
0x080A6674	0x080A66A7	thumb	AnimTask_MusicNotesClearRainbowBlend
0x080A66A8	0x080A675F	thumb	AnimWavyMusicNotes
0x080A6760	0x080A67B7	thumb	AnimWavyMusicNotes_CalcVelocity
0x080A67B8	0x080A6883	thumb	AnimWavyMusicNotes_Step
0x080A6884	0x080A6913	thumb	AnimFlyingMusicNotes
0x080A6914	0x080A698B	thumb	AnimFlyingMusicNotes_Step
0x080A698C	0x080A69FB	thumb	AnimBellyDrumHand
0x080A69FC	0x080A6A83	thumb	AnimSlowFlyingMusicNotes
0x080A6A84	0x080A6ADF	thumb	AnimSlowFlyingMusicNotes_Step
0x080A6AE0	0x080A6B37	thumb	SetSpriteNextToMonHead
0x080A6B38	0x080A6BA3	thumb	AnimThoughtBubble
0x080A6BA4	0x080A6BDB	thumb	AnimThoughtBubble_Step
0x080A6BDC	0x080A6C23	thumb	AnimMetronomeFinger
0x080A6C24	0x080A6C57	thumb	AnimMetronomeFinger_Step
0x080A6C58	0x080A6CD3	thumb	AnimFollowMeFinger
0x080A6CD4	0x080A6CF3	thumb	AnimFollowMeFinger_Step1
0x080A6CF4	0x080A6D63	thumb	AnimFollowMeFinger_Step2
0x080A6D64	0x080A6DC3	thumb	AnimTauntFinger
0x080A6DC4	0x080A6DFF	thumb	AnimTauntFinger_Step1
0x080A6E00	0x080A6E1B	thumb	AnimTauntFinger_Step2
0x080A6E1C	0x080A6E6B	thumb	AnimCirclingFinger
0x080A6E6C	0x080A6EAB	thumb	AnimBouncingMusicNote
0x080A6EAC	0x080A6F0F	thumb	AnimBouncingMusicNote_Step
0x080A6F10	0x080A6F5F	thumb	AnimVibrateBattlerBack_Step
0x080A6F60	0x080A6FF3	thumb	AnimVibrateBattlerBack
0x080A6FF4	0x080A702B	thumb	AnimMovingClamp
0x080A702C	0x080A7053	thumb	AnimMovingClamp_Step
0x080A7054	0x080A7071	thumb	AnimMovingClamp_End
0x080A7074	0x080A70AF	thumb	AnimTask_Withdraw
0x080A70B0	0x080A71A9	thumb	AnimTask_Withdraw_Step
0x080A71AC	0x080A724F	thumb	AnimKinesisZapEnergy
0x080A7250	0x080A7273	thumb	AnimSwordsDanceBlade
0x080A7274	0x080A729B	thumb	AnimSwordsDanceBlade_Step
0x080A729C	0x080A739F	thumb	AnimSonicBoomProjectile
0x080A73A0	0x080A73D3	thumb	AnimAirWaveProjectile_Step2
0x080A73D4	0x080A7477	thumb	AnimAirWaveProjectile_Step1
0x080A7478	0x080A75B7	thumb	AnimAirWaveProjectile
0x080A75B8	0x080A75DF	thumb	AirCutterProjectile_Step2
0x080A75E0	0x080A76C3	thumb	AirCutterProjectile_Step1
0x080A76C4	0x080A79BB	thumb	AnimTask_AirCutterProjectile
0x080A79BC	0x080A79EB	thumb	AnimVoidLines
0x080A79EC	0x080A7A5B	thumb	AnimVoidLines_Step
0x080A7A5C	0x080A7B0F	thumb	AnimCoinThrow
0x080A7B10	0x080A7B27	thumb	AnimFallingCoin
0x080A7B28	0x080A7B97	thumb	AnimFallingCoin_Step
0x080A7B98	0x080A7BEF	thumb	AnimBulletSeed
0x080A7BF0	0x080A7C73	thumb	AnimBulletSeed_Step1
0x080A7C74	0x080A7CD7	thumb	AnimBulletSeed_Step2
0x080A7CD8	0x080A7D37	thumb	AnimRazorWindTornado
0x080A7D38	0x080A7DCB	thumb	AnimViceGripPincer
0x080A7DCC	0x080A7DE5	thumb	AnimViceGripPincer_Step
0x080A7DE8	0x080A7E8F	thumb	AnimGuillotinePincer
0x080A7E90	0x080A7F03	thumb	AnimGuillotinePincer_Step1
0x080A7F04	0x080A7F67	thumb	AnimGuillotinePincer_Step2
0x080A7F68	0x080A7F81	thumb	AnimGuillotinePincer_Step3
0x080A7F84	0x080A7FE7	thumb	AnimTask_GrowAndGrayscale
0x080A7FE8	0x080A8047	thumb	AnimTask_GrowAndGrayscale_Step
0x080A8048	0x080A809F	thumb	AnimTask_Minimize
0x080A80A0	0x080A81D3	thumb	AnimTask_Minimize_Step1
0x080A81D4	0x080A82C3	thumb	CreateMinimizeSprite
0x080A82C4	0x080A830B	thumb	ClonedMinizeSprite_Step
0x080A830C	0x080A836B	thumb	AnimTask_Splash
0x080A836C	0x080A8487	thumb	AnimTask_Splash_Step
0x080A8488	0x080A84C3	thumb	AnimTask_GrowAndShrink
0x080A84C4	0x080A84EF	thumb	AnimTask_GrowAndShrink_Step
0x080A84F0	0x080A857F	thumb	AnimBreathPuff
0x080A8580	0x080A860B	thumb	AnimAngerMark
0x080A860C	0x080A864B	thumb	AnimTask_ThrashMoveMonHorizontal
0x080A864C	0x080A8677	thumb	AnimTask_ThrashMoveMonHorizontal_Step
0x080A8678	0x080A86FB	thumb	AnimTask_ThrashMoveMonVertical
0x080A86FC	0x080A8845	thumb	AnimTask_ThrashMoveMonVertical_Step
0x080A8848	0x080A8927	thumb	AnimTask_SketchDrawMon
0x080A8928	0x080A89EF	thumb	AnimTask_SketchDrawMon_Step
0x080A89F0	0x080A8A4B	thumb	AnimPencil
0x080A8A4C	0x080A8B95	thumb	AnimPencil_Step
0x080A8B98	0x080A8C57	thumb	AnimBlendThinRing
0x080A8C58	0x080A8C77	thumb	AnimHyperVoiceRing_WaitEnd
0x080A8C78	0x080A8EBB	thumb	AnimHyperVoiceRing
0x080A8EBC	0x080A8F0B	thumb	AnimUproarRing
0x080A8F0C	0x080A8F4F	thumb	AnimSoftBoiledEgg
0x080A8F50	0x080A8FC7	thumb	AnimSoftBoiledEgg_Step1
0x080A8FC8	0x080A8FEF	thumb	AnimSoftBoiledEgg_Step2
0x080A8FF0	0x080A9067	thumb	AnimSoftBoiledEgg_Step3
0x080A9068	0x080A90A7	thumb	AnimSoftBoiledEgg_Step3_Callback1
0x080A90A8	0x080A90EF	thumb	AnimSoftBoiledEgg_Step3_Callback2
0x080A90F0	0x080A912F	thumb	AnimSoftBoiledEgg_Step4
0x080A9130	0x080A914F	thumb	AnimSoftBoiledEgg_Step4_Callback
0x080A9150	0x080A918B	thumb	AnimTask_AttackerStretchAndDisappear
0x080A918C	0x080A91E3	thumb	AnimTask_AttackerStretchAndDisappear_Step
0x080A91E4	0x080A924B	thumb	AnimTask_ExtremeSpeedImpact
0x080A924C	0x080A936F	thumb	AnimTask_ExtremeSpeedImpact_Step
0x080A9370	0x080A93B3	thumb	AnimTask_ExtremeSpeedMonReappear
0x080A93B4	0x080A947F	thumb	AnimTask_ExtremeSpeedMonReappear_Step
0x080A9480	0x080A94DB	thumb	AnimTask_SpeedDust
0x080A94DC	0x080A961B	thumb	AnimTask_SpeedDust_Step
0x080A961C	0x080A9687	thumb	AnimSpeedDust
0x080A9688	0x080A9733	thumb	AnimTask_LoadMusicNotesPals
0x080A9734	0x080A975B	thumb	AnimTask_FreeMusicNotesPals
0x080A975C	0x080A97BB	thumb	SetMusicNotePalette
0x080A97BC	0x080A9833	thumb	AnimHealBellMusicNote
0x080A9834	0x080A9883	thumb	AnimMagentaHeart
0x080A9884	0x080A9903	thumb	AnimTask_FakeOut
0x080A9904	0x080A9957	thumb	AnimTask_FakeOut_Step1
0x080A9958	0x080A99F3	thumb	AnimTask_FakeOut_Step2
0x080A99F4	0x080A9A83	thumb	AnimTask_StretchTargetUp
0x080A9A84	0x080A9B13	thumb	AnimTask_StretchAttackerUp
0x080A9B14	0x080A9B5F	thumb	AnimRedHeartProjectile
0x080A9B60	0x080A9B95	thumb	AnimRedHeartProjectile_Step
0x080A9B98	0x080A9C1D	thumb	AnimParticleBurst
0x080A9C20	0x080A9C4F	thumb	AnimRedHeartRising
0x080A9C50	0x080A9CBB	thumb	AnimRedHeartRising_Step
0x080A9CBC	0x080A9D93	thumb	AnimTask_HeartsBackground
0x080A9D94	0x080A9EE3	thumb	AnimTask_HeartsBackground_Step
0x080A9EE4	0x080A9FF7	thumb	AnimTask_ScaryFace
0x080A9FF8	0x080AA147	thumb	AnimTask_ScaryFace_Step
0x080AA148	0x080AA1A7	thumb	AnimOrbitFast
0x080AA1A8	0x080AA283	thumb	AnimOrbitFast_Step
0x080AA284	0x080AA2D7	thumb	AnimOrbitScatter
0x080AA2D8	0x080AA31F	thumb	AnimOrbitScatter_Step
0x080AA320	0x080AA34F	thumb	AnimSpitUpOrb_Step
0x080AA350	0x080AA3A7	thumb	AnimSpitUpOrb
0x080AA3A8	0x080AA3C1	thumb	AnimEyeSparkle_Step
0x080AA3C4	0x080AA3DB	thumb	AnimEyeSparkle
0x080AA3DC	0x080AA46F	thumb	AnimAngel
0x080AA470	0x080AA4D9	thumb	AnimPinkHeart_Step
0x080AA4DC	0x080AA55F	thumb	AnimPinkHeart
0x080AA560	0x080AA689	thumb	AnimDevil
0x080AA68C	0x080AA6D9	thumb	AnimFurySwipes
0x080AA6DC	0x080AA767	thumb	AnimMovementWaves
0x080AA768	0x080AA79B	thumb	AnimMovementWaves_Step
0x080AA79C	0x080AA7DF	thumb	AnimTask_UproarDistortion
0x080AA7E0	0x080AA80B	thumb	AnimTask_UproarDistortion_Step
0x080AA80C	0x080AA8D3	thumb	AnimJaggedMusicNote
0x080AA8D4	0x080AA90B	thumb	AnimJaggedMusicNote_Step
0x080AA90C	0x080AA96B	thumb	AnimPerishSongMusicNote2
0x080AA96C	0x080AAA23	thumb	AnimPerishSongMusicNote
0x080AAA24	0x080AAA47	thumb	AnimPerishSongMusicNote_Step1
0x080AAA48	0x080AAAB7	thumb	AnimPerishSongMusicNote_Step2
0x080AAAB8	0x080AAB4F	thumb	AnimGuardRing
0x080AAB50	0x080AAB73	thumb	AnimTask_IsFuryCutterHitRight
0x080AAB74	0x080AAB93	thumb	AnimTask_GetFuryCutterHitCount
0x080AAB94	0x080AAC27	thumb	AnimTask_CreateRaindrops
0x080AAC28	0x080AAC33	thumb	AnimRainDrop
0x080AAC34	0x080AAC69	thumb	AnimRainDrop_Step
0x080AAC6C	0x080AAD8B	thumb	AnimWaterBubbleProjectile
0x080AAD8C	0x080AAE13	thumb	AnimWaterBubbleProjectile_Step1
0x080AAE14	0x080AAE3B	thumb	AnimWaterBubbleProjectile_Step2
0x080AAE3C	0x080AAE57	thumb	AnimWaterBubbleProjectile_Step3
0x080AAE58	0x080AAEEF	thumb	AnimAuroraBeamRings
0x080AAEF0	0x080AAF33	thumb	AnimAuroraBeamRings_Step
0x080AAF34	0x080AAF77	thumb	AnimTask_RotateAuroraRingColors
0x080AAF78	0x080AAFF7	thumb	AnimTask_RotateAuroraRingColors_Step
0x080AAFF8	0x080AB07F	thumb	AnimToTargetInSinWave
0x080AB080	0x080AB0D1	thumb	AnimToTargetInSinWave_Step
0x080AB0D4	0x080AB0FF	thumb	AnimTask_StartSinAnimTimer
0x080AB100	0x080AB13B	thumb	AnimTask_RunSinAnimTimer
0x080AB13C	0x080AB1AF	thumb	AnimHydroCannonCharge
0x080AB1B0	0x080AB1C9	thumb	AnimHydroCannonCharge_Step
0x080AB1CC	0x080AB29F	thumb	AnimHydroCannonBeam
0x080AB2A0	0x080AB2DB	thumb	AnimWaterGunDroplet
0x080AB2DC	0x080AB317	thumb	AnimSmallBubblePair
0x080AB318	0x080AB35D	thumb	AnimSmallBubblePair_Step
0x080AB360	0x080AB59B	thumb	AnimTask_CreateSurfWave
0x080AB59C	0x080AB6DB	thumb	AnimTask_CreateSurfWave_Step1
0x080AB6DC	0x080AB76F	thumb	AnimTask_CreateSurfWave_Step2
0x080AB770	0x080ABA4B	thumb	AnimTask_SurfWaveScanlineEffect
0x080ABA4C	0x080ABAAF	thumb	AnimSmallDriftingBubbles
0x080ABAB0	0x080ABAFB	thumb	AnimSmallDriftingBubbles_Step
0x080ABAFC	0x080ABB57	thumb	AnimTask_WaterSpoutLaunch
0x080ABB58	0x080ABD99	thumb	AnimTask_WaterSpoutLaunch_Step
0x080ABD9C	0x080ABE1F	thumb	GetWaterSpoutPowerForAnim
0x080ABE20	0x080ABF33	thumb	CreateWaterSpoutLaunchDroplets
0x080ABF34	0x080ABFDF	thumb	AnimSmallWaterOrb
0x080ABFE0	0x080AC043	thumb	AnimTask_WaterSpoutRain
0x080AC044	0x080AC133	thumb	AnimTask_WaterSpoutRain_Step
0x080AC134	0x080AC1D7	thumb	CreateWaterSpoutRainDroplet
0x080AC1D8	0x080AC283	thumb	AnimWaterSpoutRain
0x080AC284	0x080AC2FB	thumb	AnimWaterSpoutRainHit
0x080AC2FC	0x080AC38F	thumb	AnimTask_WaterSport
0x080AC390	0x080AC4D5	thumb	AnimTask_WaterSport_Step
0x080AC4D8	0x080AC543	thumb	CreateWaterSportDroplet
0x080AC544	0x080AC5AB	thumb	AnimWaterSportDroplet
0x080AC5AC	0x080AC5F7	thumb	AnimWaterSportDroplet_Step
0x080AC5F8	0x080AC61F	thumb	AnimWaterPulseBubble
0x080AC620	0x080AC669	thumb	AnimWaterPulseBubble_Step
0x080AC66C	0x080AC6A9	thumb	AnimWaterPulseRingBubble
0x080AC6AC	0x080AC6F3	thumb	AnimWaterPulseRing
0x080AC6F4	0x080AC769	thumb	AnimWaterPulseRing_Step
0x080AC76C	0x080AC8DF	thumb	CreateWaterPulseRingBubbles
0x080AC8E0	0x080AC91F	thumb	AnimFireSpiralInward
0x080AC920	0x080AC963	thumb	AnimFireSpread
0x080AC964	0x080AC9D3	thumb	AnimFirePlume
0x080AC9D4	0x080ACA3F	thumb	AnimLargeFlame
0x080ACA40	0x080ACA7B	thumb	AnimLargeFlame_Step
0x080ACA7C	0x080ACAEF	thumb	AnimUnusedSmallEmber
0x080ACAF0	0x080ACB83	thumb	AnimUnusedSmallEmber_Step
0x080ACB84	0x080ACBAF	thumb	AnimSunlight
0x080ACBB0	0x080ACC17	thumb	AnimEmberFlare
0x080ACC18	0x080ACC33	thumb	AnimBurnFlame
0x080ACC34	0x080ACC5B	thumb	AnimFireRing
0x080ACC5C	0x080ACCB3	thumb	AnimFireRing_Step1
0x080ACCB4	0x080ACD2B	thumb	AnimFireRing_Step2
0x080ACD2C	0x080ACD4D	thumb	AnimFireRing_Step3
0x080ACD50	0x080ACD7B	thumb	UpdateFireRingCircleOffset
0x080ACD7C	0x080ACDBB	thumb	AnimFireCross
0x080ACDBC	0x080ACDFB	thumb	AnimFireSpiralOutward
0x080ACDFC	0x080ACE23	thumb	AnimFireSpiralOutward_Step1
0x080ACE24	0x080ACE75	thumb	AnimFireSpiralOutward_Step2
0x080ACE78	0x080ACEE7	thumb	AnimTask_EruptionLaunchRocks
0x080ACEE8	0x080AD1C9	thumb	AnimTask_EruptionLaunchRocks_Step
0x080AD1CC	0x080AD303	thumb	CreateEruptionLaunchRocks
0x080AD304	0x080AD347	thumb	AnimEruptionLaunchRock
0x080AD348	0x080AD399	thumb	GetEruptionLaunchRockInitialYPos
0x080AD39C	0x080AD3B7	thumb	InitEruptionLaunchRockCoordData
0x080AD3B8	0x080AD427	thumb	UpdateEruptionLaunchRockPos
0x080AD428	0x080AD47B	thumb	AnimEruptionFallingRock
0x080AD47C	0x080AD511	thumb	AnimEruptionFallingRock_Step
0x080AD514	0x080AD663	thumb	AnimWillOWispOrb
0x080AD664	0x080AD6C7	thumb	AnimWillOWispOrb_Step
0x080AD6C8	0x080AD7D3	thumb	AnimWillOWispFire
0x080AD7D4	0x080AD843	thumb	AnimTask_MoveHeatWaveTargets
0x080AD844	0x080ADA77	thumb	AnimTask_MoveHeatWaveTargets_Step
0x080ADA78	0x080ADAAB	thumb	AnimTask_BlendBackground
0x080ADAAC	0x080ADBBF	thumb	AnimTask_ShakeTargetInPattern
0x080ADBC0	0x080ADC0F	thumb	AnimLightning
0x080ADC10	0x080ADC29	thumb	AnimLightning_Step
0x080ADC2C	0x080ADC6F	thumb	AnimUnusedSpinningFist
0x080ADC70	0x080ADC89	thumb	AnimUnusedSpinningFist_Step
0x080ADC8C	0x080ADD1F	thumb	AnimUnusedCirclingShock
0x080ADD20	0x080ADE83	thumb	AnimSparkElectricity
0x080ADE84	0x080ADF0B	thumb	AnimZapCannonSpark
0x080ADF0C	0x080ADF81	thumb	AnimZapCannonSpark_Step
0x080ADF84	0x080ADFD1	thumb	AnimThunderboltOrb_Step
0x080ADFD4	0x080AE03F	thumb	AnimThunderboltOrb
0x080AE040	0x080AE103	thumb	AnimSparkElectricityFlashing
0x080AE104	0x080AE171	thumb	AnimSparkElectricityFlashing_Step
0x080AE174	0x080AE1F3	thumb	AnimElectricity
0x080AE1F4	0x080AE24B	thumb	AnimTask_ElectricBolt
0x080AE24C	0x080AE3F3	thumb	AnimTask_ElectricBolt_Step
0x080AE3F4	0x080AE441	thumb	AnimElectricBoltSegment
0x080AE444	0x080AE4C7	thumb	AnimThunderWave
0x080AE4C8	0x080AE513	thumb	AnimThunderWave_Step
0x080AE514	0x080AE58F	thumb	AnimTask_ElectricChargingParticles
0x080AE590	0x080AE6A3	thumb	AnimTask_ElectricChargingParticles_Step
0x080AE6A4	0x080AE6D7	thumb	AnimElectricChargingParticles_Step
0x080AE6D8	0x080AE6EF	thumb	AnimElectricChargingParticles
0x080AE6F0	0x080AE747	thumb	AnimGrowingChargeOrb
0x080AE748	0x080AE7AF	thumb	AnimElectricPuff
0x080AE7B0	0x080AE80F	thumb	AnimVoltTackleOrbSlide
0x080AE810	0x080AE873	thumb	AnimVoltTackleOrbSlide_Step
0x080AE874	0x080AE9E3	thumb	AnimTask_VoltTackleAttackerReappear
0x080AE9E4	0x080AEB6B	thumb	AnimTask_VoltTackleBolt
0x080AEB6C	0x080AEC07	thumb	CreateVoltTackleBolt
0x080AEC08	0x080AEC53	thumb	AnimVoltTackleBolt
0x080AEC54	0x080AECB1	thumb	AnimGrowingShockWaveOrb
0x080AECB4	0x080AEE45	thumb	AnimTask_ShockWaveProgressingBolt
0x080AEE48	0x080AEF31	thumb	CreateShockWaveBoltSprite
0x080AEF34	0x080AEF73	thumb	AnimShockWaveProgressingBolt
0x080AEF74	0x080AF02B	thumb	AnimTask_ShockWaveLightning
0x080AF02C	0x080AF09B	thumb	CreateShockWaveLightningSprite
0x080AF09C	0x080AF0DB	thumb	AnimShockWaveLightning
0x080AF0DC	0x080AF25F	thumb	AnimUnusedIceCrystalThrow
0x080AF260	0x080AF2C3	thumb	AnimUnusedIceCrystalThrow_Step
0x080AF2C4	0x080AF303	thumb	AnimIcePunchSwirlingParticle
0x080AF304	0x080AF38B	thumb	AnimIceBeamParticle
0x080AF38C	0x080AF3FF	thumb	AnimIceEffectParticle
0x080AF400	0x080AF439	thumb	AnimFlickerIceEffectParticle
0x080AF43C	0x080AF577	thumb	AnimSwirlingSnowball
0x080AF578	0x080AF5DF	thumb	AnimSwirlingSnowball_Step1
0x080AF5E0	0x080AF663	thumb	AnimSwirlingSnowball_Step2
0x080AF664	0x080AF6AB	thumb	AnimSwirlingSnowball_End
0x080AF6AC	0x080AF7EF	thumb	AnimMoveParticleBeyondTarget
0x080AF7F0	0x080AF85F	thumb	AnimWiggleParticleTowardsTarget
0x080AF860	0x080AF8E5	thumb	AnimWaveFromCenterOfTarget
0x080AF8E8	0x080AFA1F	thumb	InitSwirlingFogAnim
0x080AFA20	0x080AFAB5	thumb	AnimSwirlingFogAnim
0x080AFAB8	0x080AFB93	thumb	AnimTask_HazeScrollingFog
0x080AFB94	0x080AFD1F	thumb	AnimTask_HazeScrollingFog_Step
0x080AFD20	0x080AFD53	thumb	AnimThrowMistBall
0x080AFD54	0x080AFE37	thumb	AnimTask_MistBallFog
0x080AFE38	0x080AFFA7	thumb	AnimTask_MistBallFog_Step
0x080AFFA8	0x080B011B	thumb	InitPoisonGasCloudAnim
0x080B011C	0x080B035F	thumb	MovePoisonGasCloud
0x080B0360	0x080B037B	thumb	AnimTask_Hail
0x080B037C	0x080B0429	thumb	AnimTask_Hail2
0x080B042C	0x080B059D	thumb	GenerateHailParticle
0x080B05A0	0x080B0683	thumb	AnimHailBegin
0x080B0684	0x080B06CF	thumb	AnimHailContinue
0x080B06D0	0x080B0763	thumb	InitIceBallAnim
0x080B0764	0x080B0793	thumb	AnimThrowIceBall
0x080B0794	0x080B07F7	thumb	InitIceBallParticle
0x080B07F8	0x080B0843	thumb	AnimIceBallParticle
0x080B0844	0x080B0873	thumb	AnimTask_GetRolloutCounter
0x080B0874	0x080B08AF	thumb	AnimUnusedHumanoidFoot
0x080B08B0	0x080B08FB	thumb	AnimSlideHandOrFootToTarget
0x080B08FC	0x080B0927	thumb	AnimJumpKick
0x080B0928	0x080B0977	thumb	AnimBasicFistOrFoot
0x080B0978	0x080B0AFF	thumb	AnimFistOrFootRandomPos
0x080B0B00	0x080B0B51	thumb	AnimFistOrFootRandomPos_Step
0x080B0B54	0x080B0BAB	thumb	AnimCrossChopHand
0x080B0BAC	0x080B0BFB	thumb	AnimCrossChopHand_Step
0x080B0BFC	0x080B0C87	thumb	AnimSlidingKick
0x080B0C88	0x080B0CBF	thumb	AnimSlidingKick_Step
0x080B0CC0	0x080B0CF7	thumb	AnimSpinningKickOrPunch
0x080B0CF8	0x080B0D2B	thumb	AnimSpinningKickOrPunchFinish
0x080B0D2C	0x080B0D4F	thumb	AnimStompFoot
0x080B0D50	0x080B0DA7	thumb	AnimStompFootStep
0x080B0DA8	0x080B0DC3	thumb	AnimStompFootEnd
0x080B0DC4	0x080B0E51	thumb	AnimDizzyPunchDuck
0x080B0E54	0x080B0EC3	thumb	AnimBrickBreakWall
0x080B0EC4	0x080B0F3B	thumb	AnimBrickBreakWall_Step
0x080B0F3C	0x080B1023	thumb	AnimBrickBreakWallShard
0x080B1024	0x080B104F	thumb	AnimBrickBreakWallShard_Step
0x080B1050	0x080B10EF	thumb	AnimSuperpowerOrb
0x080B10F0	0x080B115B	thumb	AnimSuperpowerOrb_Step
0x080B115C	0x080B11B7	thumb	AnimSuperpowerRock
0x080B11B8	0x080B1277	thumb	AnimSuperpowerRock_Step1
0x080B1278	0x080B12BB	thumb	AnimSuperpowerRock_Step2
0x080B12BC	0x080B13A7	thumb	AnimSuperpowerFireball
0x080B13A8	0x080B13C9	thumb	AnimArmThrustHit_Step
0x080B13CC	0x080B1457	thumb	AnimArmThrustHit
0x080B1458	0x080B14C3	thumb	AnimRevengeScratch
0x080B14C4	0x080B1503	thumb	AnimFocusPunchFist
0x080B1504	0x080B15F3	thumb	AnimTask_MoveSkyUppercutBg
0x080B15F4	0x080B1657	thumb	AnimSludgeProjectile
0x080B1658	0x080B1671	thumb	AnimSludgeProjectile_Step
0x080B1674	0x080B16FB	thumb	AnimAcidPoisonBubble
0x080B16FC	0x080B1715	thumb	AnimAcidPoisonBubble_Step
0x080B1718	0x080B176B	thumb	AnimSludgeBombHitParticle
0x080B176C	0x080B1797	thumb	AnimSludgeBombHitParticle_Step
0x080B1798	0x080B180B	thumb	AnimAcidPoisonDroplet
0x080B180C	0x080B1873	thumb	AnimBubbleEffect
0x080B1874	0x080B18B5	thumb	AnimBubbleEffect_Step
0x080B18B8	0x080B18DF	thumb	AnimEllipticalGust
0x080B18E0	0x080B191F	thumb	AnimEllipticalGust_Step
0x080B1920	0x080B195F	thumb	AnimTask_AnimateGustTornadoPalette
0x080B1960	0x080B19EF	thumb	AnimTask_AnimateGustTornadoPalette_Step
0x080B19F0	0x080B1A6F	thumb	AnimGustToTarget
0x080B1A70	0x080B1A89	thumb	AnimGustToTarget_Step
0x080B1A8C	0x080B1B83	thumb	AnimAirWaveCrescent
0x080B1B84	0x080B1BCB	thumb	AnimFlyBallUp
0x080B1BCC	0x080B1C0D	thumb	AnimFlyBallUp_Step
0x080B1C10	0x080B1C93	thumb	AnimFlyBallAttack
0x080B1C94	0x080B1D0F	thumb	AnimFlyBallAttack_Step
0x080B1D10	0x080B1D5B	thumb	DestroyAnimSpriteAfterTimer
0x080B1D5C	0x080B1F67	thumb	AnimFallingFeather
0x080B1F68	0x080B2493	thumb	AnimFallingFeather_Step
0x080B2494	0x080B24E7	thumb	AnimUnusedBubbleThrow
0x080B24E8	0x080B265F	thumb	AnimUnusedFeather
0x080B2660	0x080B2753	thumb	AnimUnusedFeather_Step
0x080B2754	0x080B27F3	thumb	AnimWhirlwindLine
0x080B27F4	0x080B283B	thumb	AnimWhirlwindLine_Step
0x080B283C	0x080B28E7	thumb	AnimTask_DrillPeckHitSplats
0x080B28E8	0x080B2945	thumb	AnimBounceBallShrink
0x080B2948	0x080B29DB	thumb	AnimBounceBallLand
0x080B29DC	0x080B2A23	thumb	AnimDiveBall
0x080B2A24	0x080B2A83	thumb	AnimDiveBall_Step1
0x080B2A84	0x080B2AC5	thumb	AnimDiveBall_Step2
0x080B2AC8	0x080B2BAB	thumb	AnimDiveWaterSplash
0x080B2BAC	0x080B2C5B	thumb	AnimSprayWaterDroplet
0x080B2C5C	0x080B2CB7	thumb	AnimSprayWaterDroplet_Step
0x080B2CB8	0x080B2CCB	thumb	AnimUnusedFlashingLight
0x080B2CCC	0x080B2D35	thumb	AnimUnusedFlashingLight_Step
0x080B2D38	0x080B2DF3	thumb	AnimSkyAttackBird
0x080B2DF4	0x080B2E37	thumb	AnimSkyAttackBird_Step
0x080B2E38	0x080B2E9F	thumb	AnimTask_SetAttackerVisibility
0x080B2EA0	0x080B2FDF	thumb	AnimDefensiveWall
0x080B2FE0	0x080B3015	thumb	AnimDefensiveWall_Step2
0x080B3018	0x080B3083	thumb	AnimDefensiveWall_Step3
0x080B3084	0x080B313B	thumb	AnimDefensiveWall_Step4
0x080B313C	0x080B31A3	thumb	AnimDefensiveWall_Step5
0x080B31A4	0x080B3249	thumb	AnimWallSparkle
0x080B324C	0x080B32C7	thumb	AnimBentSpoon
0x080B32C8	0x080B3357	thumb	AnimQuestionMark
0x080B3358	0x080B338B	thumb	AnimQuestionMark_Step1
0x080B338C	0x080B33E9	thumb	AnimQuestionMark_Step2
0x080B33EC	0x080B3427	thumb	AnimTask_MeditateStretchAttacker
0x080B3428	0x080B3453	thumb	AnimTask_MeditateStretchAttacker_Step
0x080B3454	0x080B34AF	thumb	AnimTask_Teleport
0x080B34B0	0x080B3557	thumb	AnimTask_Teleport_Step
0x080B3558	0x080B35EB	thumb	AnimTask_ImprisonOrbs
0x080B35EC	0x080B3777	thumb	AnimTask_ImprisonOrbs_Step
0x080B3778	0x080B37BF	thumb	AnimRedX_Step
0x080B37C0	0x080B3807	thumb	AnimRedX
0x080B3808	0x080B3953	thumb	AnimTask_SkillSwap
0x080B3954	0x080B3A05	thumb	AnimTask_SkillSwap_Step
0x080B3A08	0x080B3A2B	thumb	AnimSkillSwapOrb
0x080B3A2C	0x080B3B4B	thumb	AnimTask_ExtrasensoryDistortion
0x080B3B4C	0x080B3C49	thumb	AnimTask_ExtrasensoryDistortion_Step
0x080B3C4C	0x080B3D4B	thumb	AnimTask_TransparentCloneGrowAndShrink
0x080B3D4C	0x080B3E55	thumb	AnimTask_TransparentCloneGrowAndShrink_Step
0x080B3E58	0x080B3F7D	thumb	AnimPsychoBoost
0x080B3F80	0x080B404F	thumb	AnimMegahornHorn
0x080B4050	0x080B40FB	thumb	AnimLeechLifeNeedle
0x080B40FC	0x080B4193	thumb	AnimTranslateWebThread
0x080B4194	0x080B41CB	thumb	AnimTranslateWebThread_Step
0x080B41CC	0x080B4247	thumb	AnimStringWrap
0x080B4248	0x080B4293	thumb	AnimStringWrap_Step
0x080B4294	0x080B42BB	thumb	AnimSpiderWeb
0x080B42BC	0x080B4317	thumb	AnimSpiderWeb_Step
0x080B4318	0x080B4337	thumb	AnimSpiderWeb_End
0x080B4338	0x080B4467	thumb	AnimTranslateStinger
0x080B4468	0x080B44E3	thumb	AnimMissileArc
0x080B44E4	0x080B45AB	thumb	AnimMissileArc_Step
0x080B45AC	0x080B4607	thumb	AnimTailGlowOrb
0x080B4608	0x080B4687	thumb	AnimFallingRock
0x080B4688	0x080B46CB	thumb	AnimFallingRock_Step
0x080B46CC	0x080B474F	thumb	AnimRockFragment
0x080B4750	0x080B4797	thumb	AnimParticleInVortex
0x080B4798	0x080B47E3	thumb	AnimParticleInVortex_Step
0x080B47E4	0x080B48DF	thumb	AnimTask_LoadSandstormBackground
0x080B48E0	0x080B4A7B	thumb	AnimTask_LoadSandstormBackground_Step
0x080B4A7C	0x080B4B5F	thumb	AnimFlyingSandCrescent
0x080B4B60	0x080B4BA3	thumb	AnimRaiseSprite
0x080B4BA4	0x080B4CD3	thumb	AnimTask_Rollout
0x080B4CD4	0x080B4E41	thumb	AnimTask_Rollout_Step
0x080B4E44	0x080B4F4B	thumb	CreateRolloutDirtSprite
0x080B4F4C	0x080B4F8B	thumb	AnimRolloutParticle
0x080B4F8C	0x080B4FB7	thumb	GetRolloutCounter
0x080B4FB8	0x080B4FF7	thumb	AnimRockTomb
0x080B4FF8	0x080B5045	thumb	AnimRockTomb_Step
0x080B5048	0x080B5073	thumb	AnimRockBlastRock
0x080B5074	0x080B50CB	thumb	AnimRockScatter
0x080B50CC	0x080B511B	thumb	AnimRockScatter_Step
0x080B511C	0x080B515B	thumb	AnimTask_GetSeismicTossDamageLevel
0x080B515C	0x080B51BF	thumb	AnimTask_MoveSeismicTossBg
0x080B51C0	0x080B523B	thumb	AnimTask_SeismicTossBgAccelerateDownAtEnd
0x080B523C	0x080B52A3	thumb	AnimConfuseRayBallBounce
0x080B52A4	0x080B5317	thumb	AnimConfuseRayBallBounce_Step1
0x080B5318	0x080B5393	thumb	AnimConfuseRayBallBounce_Step2
0x080B5394	0x080B5423	thumb	UpdateConfuseRayBallBlend
0x080B5424	0x080B5443	thumb	AnimConfuseRayBallSpiral
0x080B5444	0x080B54B9	thumb	AnimConfuseRayBallSpiral_Step
0x080B54BC	0x080B5543	thumb	AnimTask_NightShadeClone
0x080B5544	0x080B559B	thumb	AnimTask_NightShadeClone_Step1
0x080B559C	0x080B560D	thumb	AnimTask_NightShadeClone_Step2
0x080B5610	0x080B56B7	thumb	AnimShadowBall
0x080B56B8	0x080B57CB	thumb	AnimShadowBall_Step
0x080B57CC	0x080B57E3	thumb	AnimLick
0x080B57E4	0x080B587F	thumb	AnimLick_Step
0x080B5880	0x080B59A7	thumb	AnimTask_NightmareClone
0x080B59A8	0x080B5A7D	thumb	AnimTask_NightmareClone_Step
0x080B5A80	0x080B5AA7	thumb	AnimTask_SpiteTargetShadow
0x080B5AA8	0x080B5D0B	thumb	AnimTask_SpiteTargetShadow_Step1
0x080B5D0C	0x080B5D9F	thumb	AnimTask_SpiteTargetShadow_Step2
0x080B5DA0	0x080B5E93	thumb	AnimTask_SpiteTargetShadow_Step3
0x080B5E94	0x080B5FB3	thumb	AnimDestinyBondWhiteShadow
0x080B5FB4	0x080B5FF1	thumb	AnimDestinyBondWhiteShadow_Step
0x080B5FF4	0x080B620F	thumb	AnimTask_DestinyBondWhiteShadow
0x080B6210	0x080B6387	thumb	AnimTask_DestinyBondWhiteShadow_Step
0x080B6388	0x080B643B	thumb	AnimTask_CurseStretchingBlackBg
0x080B643C	0x080B65C3	thumb	AnimTask_CurseStretchingBlackBg_Step1
0x080B65C4	0x080B661F	thumb	AnimTask_CurseStretchingBlackBg_Step2
0x080B6620	0x080B667B	thumb	AnimCurseNail
0x080B667C	0x080B66F9	thumb	AnimCurseNail_Step1
0x080B66FC	0x080B6773	thumb	AnimCurseNail_Step2
0x080B6774	0x080B67A7	thumb	AnimCurseNail_End
0x080B67A8	0x080B687B	thumb	AnimGhostStatusSprite
0x080B687C	0x080B689B	thumb	AnimGhostStatusSprite_End
0x080B689C	0x080B693F	thumb	AnimTask_GrudgeFlames
0x080B6940	0x080B6ACB	thumb	AnimTask_GrudgeFlames_Step
0x080B6ACC	0x080B6B8F	thumb	AnimGrudgeFlame
0x080B6B90	0x080B6BB7	thumb	AnimTask_GhostGetOut
0x080B6BB8	0x080B6F03	thumb	AnimTask_GhostGetOut_Step1
0x080B6F04	0x080B6F97	thumb	AnimTask_GhostGetOut_Step2
0x080B6F98	0x080B712B	thumb	AnimTask_GhostGetOut_Step3
0x080B712C	0x080B7183	thumb	AnimMonMoveCircular
0x080B7184	0x080B722F	thumb	AnimMonMoveCircular_Step
0x080B7230	0x080B72CB	thumb	AnimOutrageFlame
0x080B72CC	0x080B737F	thumb	StartDragonFireTranslation
0x080B7380	0x080B73EF	thumb	AnimDragonRageFirePlume
0x080B73F0	0x080B741B	thumb	AnimDragonFireToTarget
0x080B741C	0x080B74AB	thumb	AnimDragonDanceOrb
0x080B74AC	0x080B75B3	thumb	AnimDragonDanceOrb_Step
0x080B75B4	0x080B7683	thumb	AnimTask_DragonDanceWaver
0x080B7684	0x080B773D	thumb	AnimTask_DragonDanceWaver_Step
0x080B7740	0x080B77B7	thumb	UpdateDragonDanceScanlineEffect
0x080B77B8	0x080B7867	thumb	AnimOverheatFlame
0x080B7868	0x080B78B1	thumb	AnimOverheatFlame_Step
0x080B78B4	0x080B7927	thumb	AnimTask_AttackerFadeToInvisible
0x080B7928	0x080B79AF	thumb	AnimTask_AttackerFadeToInvisible_Step
0x080B79B0	0x080B79E7	thumb	AnimTask_AttackerFadeFromInvisible
0x080B79E8	0x080B7A53	thumb	AnimTask_AttackerFadeFromInvisible_Step
0x080B7A54	0x080B7A9F	thumb	AnimTask_InitAttackerFadeFromInvisible
0x080B7AA0	0x080B7B1B	thumb	AnimUnusedBagSteal
0x080B7B1C	0x080B7BA5	thumb	AnimUnusedBagSteal_Step
0x080B7BA8	0x080B7BE3	thumb	AnimBite
0x080B7BE4	0x080B7C23	thumb	AnimBite_Step1
0x080B7C24	0x080B7C59	thumb	AnimBite_Step2
0x080B7C5C	0x080B7D5B	thumb	AnimTearDrop
0x080B7D5C	0x080B7D75	thumb	AnimTearDrop_Step
0x080B7D78	0x080B7F2B	thumb	AnimTask_MoveAttackerMementoShadow
0x080B7F2C	0x080B8043	thumb	AnimTask_MoveAttackerMementoShadow_Step
0x080B8044	0x080B8293	thumb	AnimTask_MoveTargetMementoShadow
0x080B8294	0x080B840F	thumb	AnimTask_MoveTargetMementoShadow_Step
0x080B8410	0x080B853F	thumb	DoMementoShadowEffect
0x080B8540	0x080B858B	thumb	SetAllBattlersSpritePriority
0x080B858C	0x080B8637	thumb	AnimTask_InitMementoShadow
0x080B8638	0x080B8683	thumb	AnimTask_MementoHandleBg
0x080B8684	0x080B86BF	thumb	AnimClawSlash
0x080B86C0	0x080B88F3	thumb	AnimTask_MetallicShine
0x080B88F4	0x080B8A47	thumb	AnimTask_MetallicShine_Step
0x080B8A48	0x080B8B0B	thumb	AnimTask_SetGrayscaleOrOriginalPal
0x080B8B0C	0x080B8B3F	thumb	GetIsDoomDesireHitTurn
0x080B8B40	0x080B8BA7	thumb	AnimBonemerangProjectile
0x080B8BA8	0x080B8C0B	thumb	AnimBonemerangProjectile_Step
0x080B8C0C	0x080B8C25	thumb	AnimBonemerangProjectile_End
0x080B8C28	0x080B8C9B	thumb	AnimBoneHitProjectile
0x080B8C9C	0x080B8D2B	thumb	AnimDirtScatter
0x080B8D2C	0x080B8DBB	thumb	AnimMudSportDirt
0x080B8DBC	0x080B8DF5	thumb	AnimMudSportDirtRising
0x080B8DF8	0x080B8E65	thumb	AnimMudSportDirtFalling
0x080B8E68	0x080B8EA7	thumb	AnimTask_DigDownMovement
0x080B8EA8	0x080B905F	thumb	AnimTask_DigBounceMovement
0x080B9060	0x080B90BF	thumb	AnimTask_DigDisappear
0x080B90C0	0x080B90FF	thumb	AnimTask_DigUpMovement
0x080B9100	0x080B9183	thumb	AnimTask_DigSetVisibleUnderground
0x080B9184	0x080B928B	thumb	AnimTask_DigRiseUpFromHole
0x080B928C	0x080B934B	thumb	SetDigScanlineEffect
0x080B934C	0x080B93D3	thumb	AnimDirtPlumeParticle
0x080B93D4	0x080B93ED	thumb	AnimDirtPlumeParticle_Step
0x080B93F0	0x080B9487	thumb	AnimDigDirtMound
0x080B9488	0x080B9557	thumb	AnimTask_HorizontalShake
0x080B9558	0x080B964F	thumb	AnimTask_ShakeTerrain
0x080B9650	0x080B9733	thumb	AnimTask_ShakeBattlers
0x080B9734	0x080B97AB	thumb	SetBattlersXOffsetForShake
0x080B97AC	0x080B97D3	thumb	AnimTask_IsPowerOver99
0x080B97D4	0x080B987B	thumb	AnimTask_PositionFissureBgOnBattler
0x080B987C	0x080B98D7	thumb	WaitForFissureCompletion
0x080B98D8	0x080B9943	thumb	AnimConfusionDuck
0x080B9944	0x080B99A7	thumb	AnimConfusionDuck_Step
0x080B99A8	0x080B99E7	thumb	AnimSimplePaletteBlend
0x080B99E8	0x080B9A2F	thumb	UnpackSelectedBattlePalettes
0x080B9A30	0x080B9A4F	thumb	AnimSimplePaletteBlend_Step
0x080B9A50	0x080B9AA3	thumb	AnimComplexPaletteBlend
0x080B9AA4	0x080B9B2D	thumb	AnimComplexPaletteBlend_Step1
0x080B9B30	0x080B9B5F	thumb	AnimComplexPaletteBlend_Step2
0x080B9B60	0x080B9BAF	thumb	AnimCirclingSparkle
0x080B9BB0	0x080B9BFF	thumb	AnimTask_BlendColorCycle
0x080B9C00	0x080B9C4F	thumb	BlendColorCycle
0x080B9C50	0x080B9CB7	thumb	AnimTask_BlendColorCycleLoop
0x080B9CB8	0x080B9D73	thumb	AnimTask_BlendColorCycleExclude
0x080B9D74	0x080B9DC3	thumb	BlendColorCycleExclude
0x080B9DC4	0x080B9E2B	thumb	AnimTask_BlendColorCycleExcludeLoop
0x080B9E2C	0x080B9E7B	thumb	AnimTask_BlendColorCycleByTag
0x080B9E7C	0x080B9ED7	thumb	BlendColorCycleByTag
0x080B9ED8	0x080B9F3F	thumb	AnimTask_BlendColorCycleByTagLoop
0x080B9F40	0x080B9FAB	thumb	AnimTask_FlashAnimTagWithColor
0x080B9FAC	0x080BA063	thumb	AnimTask_FlashAnimTagWithColor_Step1
0x080BA064	0x080BA0BB	thumb	AnimTask_FlashAnimTagWithColor_Step2
0x080BA0BC	0x080BA13F	thumb	AnimTask_InvertScreenColor
0x080BA140	0x080BA24F	thumb	AnimTask_TintPalettes
0x080BA250	0x080BA2F3	thumb	AnimShakeMonOrBattleTerrain
0x080BA2F4	0x080BA39F	thumb	AnimShakeMonOrBattleTerrain_Step
0x080BA3A0	0x080BA44D	thumb	AnimShakeMonOrBattleTerrain_UpdateCoordOffsetEnabled
0x080BA450	0x080BA4A3	thumb	AnimTask_ShakeBattleTerrain
0x080BA4A4	0x080BA533	thumb	AnimTask_ShakeBattleTerrain_Step
0x080BA534	0x080BA57B	thumb	AnimHitSplatBasic
0x080BA57C	0x080BA5CB	thumb	AnimHitSplatPersistent
0x080BA5CC	0x080BA603	thumb	AnimHitSplatHandleInvert
0x080BA604	0x080BA69B	thumb	AnimHitSplatRandom
0x080BA69C	0x080BA70B	thumb	AnimHitSplatOnMonEdge
0x080BA70C	0x080BA753	thumb	AnimCrossImpact
0x080BA754	0x080BA78F	thumb	AnimFlashingHitSplat
0x080BA790	0x080BA7C9	thumb	AnimFlashingHitSplat_Step
0x080BA7CC	0x080BA80F	thumb	AnimTask_BlendBattleAnimPal
0x080BA810	0x080BA907	thumb	AnimTask_BlendBattleAnimPalExclude
0x080BA908	0x080BA9F3	thumb	AnimTask_SetCamouflageBlend
0x080BA9F4	0x080BAA1F	thumb	AnimTask_BlendParticle
0x080BAA20	0x080BAA63	thumb	StartBlendAnimSpriteColor
0x080BAA64	0x080BAB0B	thumb	AnimTask_BlendSpriteColor_Step2
0x080BAB0C	0x080BAB4B	thumb	AnimTask_HardwarePaletteFade
0x080BAB4C	0x080BAB6B	thumb	AnimTask_HardwarePaletteFade_Step
0x080BAB6C	0x080BABA3	thumb	AnimTask_TraceMonBlended
0x080BABA4	0x080BAC7B	thumb	AnimTask_TraceMonBlended_Step
0x080BAC7C	0x080BACBF	thumb	AnimMonTrace
0x080BACC0	0x080BAF0B	thumb	AnimTask_DrawFallingWhiteLinesOnAttacker
0x080BAF0C	0x080BB05B	thumb	AnimTask_DrawFallingWhiteLinesOnAttacker_Step
0x080BB05C	0x080BB0AB	thumb	InitStatsChangeAnimation
0x080BB0AC	0x080BB273	thumb	StatsChangeAnimation_Step1
0x080BB274	0x080BB48B	thumb	StatsChangeAnimation_Step2
0x080BB48C	0x080BB633	thumb	StatsChangeAnimation_Step3
0x080BB634	0x080BB69F	thumb	AnimTask_Flash
0x080BB6A0	0x080BB763	thumb	AnimTask_Flash_Step
0x080BB764	0x080BB7AF	thumb	SetPalettesToColor
0x080BB7B0	0x080BB7FF	thumb	AnimTask_BlendNonAttackerPalettes
0x080BB800	0x080BB877	thumb	AnimTask_StartSlidingBg
0x080BB878	0x080BB8F3	thumb	AnimTask_UpdateSlidingBg
0x080BB8F4	0x080BB91F	thumb	AnimTask_GetAttackerSide
0x080BB920	0x080BB94B	thumb	AnimTask_GetTargetSide
0x080BB94C	0x080BB983	thumb	AnimTask_GetTargetIsAttackerPartner
0x080BB984	0x080BB9F3	thumb	AnimTask_SetAllNonAttackersInvisiblity
0x080BB9F4	0x080BBBFF	thumb	StartMonScrollingBgMask
0x080BBC00	0x080BBDC3	thumb	UpdateMonScrollingBgMask
0x080BBDC4	0x080BBDE3	thumb	AnimTask_GetBattleTerrain
0x080BBDE4	0x080BBE0F	thumb	AnimTask_AllocBackupPalBuffer
0x080BBE10	0x080BBE3F	thumb	AnimTask_FreeBackupPalBuffer
0x080BBE40	0x080BBEDB	thumb	AnimTask_CopyPalUnfadedToBackup
0x080BBEDC	0x080BBF77	thumb	AnimTask_CopyPalUnfadedFromBackup
0x080BBF78	0x080BBFFF	thumb	AnimTask_CopyPalFadedToUnfaded
0x080BC000	0x080BC033	thumb	AnimTask_IsContest
0x080BC034	0x080BC063	thumb	AnimTask_SetAnimAttackerAndTargetForEffectTgt
0x080BC064	0x080BC0AF	thumb	AnimTask_IsTargetSameSide
0x080BC0B0	0x080BC0CF	thumb	AnimTask_SetAnimTargetToBattlerTarget
0x080BC0D0	0x080BC0FF	thumb	AnimTask_SetAnimAttackerAndTargetForEffectAtk
0x080BC100	0x080BC16F	thumb	AnimTask_SetAttackerInvisibleWaitForSignal
0x080BC170	0x080BC1CB	thumb	AnimTask_WaitAndRestoreVisibility
0x080BC1CC	0x080BC2DF	thumb	SetAnimBgAttribute
0x080BC2E0	0x080BC371	thumb	GetAnimBgAttribute
0x080BC374	0x080BC3EF	thumb	HandleIntroSlide
0x080BC3F0	0x080BC44F	thumb	BattleIntroSlideEnd
0x080BC450	0x080BC69B	thumb	BattleIntroSlide1
0x080BC69C	0x080BC9A7	thumb	BattleIntroSlide2
0x080BC9A8	0x080BCC1F	thumb	BattleIntroSlide3
0x080BCC20	0x080BCEC7	thumb	BattleIntroSlideLink
0x080BCEC8	0x080BCF9F	thumb	CopyBattlerSpriteToBg
0x080BCFA0	0x080BD06F	thumb	DrawBattlerOnBgDMA
0x080BD070	0x080BD0A7	thumb	MovePlayerOnBike
0x080BD0A8	0x080BD0D3	thumb	GetBikeTransitionId
0x080BD0D4	0x080BD19B	thumb	BikeInputHandler_Normal
0x080BD19C	0x080BD1BB	thumb	BikeInputHandler_Turning
0x080BD1BC	0x080BD24F	thumb	BikeInputHandler_Slope
0x080BD250	0x080BD25D	thumb	BikeTransition_FaceDirection
0x080BD260	0x080BD29B	thumb	BikeTransition_TurnDirection
0x080BD29C	0x080BD329	thumb	BikeTransition_MoveDirection
0x080BD32C	0x080BD351	thumb	BikeTransition_Downhill
0x080BD354	0x080BD371	thumb	BikeTransition_Uphill
0x080BD374	0x080BD3DF	thumb	GetBikeCollision
0x080BD3E0	0x080BD433	thumb	GetBikeCollisionAt
0x080BD434	0x080BD459	thumb	RS_IsRunningDisallowed
0x080BD45C	0x080BD489	thumb	IsRunningDisallowed
0x080BD48C	0x080BD4C1	thumb	MetatileBehaviorForbidsBiking
0x080BD4C4	0x080BD511	thumb	CanBikeFaceDirectionOnRail
0x080BD514	0x080BD55D	thumb	IsBikingDisallowedByPlayer
0x080BD560	0x080BD599	thumb	IsPlayerNotUsingAcroBikeOnBumpySlope
0x080BD59C	0x080BD5F1	thumb	GetOnOffBike
0x080BD5F4	0x080BD623	thumb	BikeClearState
0x080BD624	0x080BD637	thumb	Bike_UpdateBikeCounterSpeed
0x080BD638	0x080BD647	thumb	Bike_SetBikeStill
0x080BD648	0x080BD697	thumb	GetPlayerSpeed
0x080BD698	0x080BD6EB	thumb	Bike_HandleBumpySlopeJump
0x080BD6EC	0x080BD725	thumb	IsECGroupUnlocked
0x080BD728	0x080BD75F	thumb	EasyChat_GetNumWordsInGroup
0x080BD760	0x080BD7CB	thumb	IsECWordInvalid
0x080BD7CC	0x080BD823	thumb	GetEasyChatWord
0x080BD824	0x080BD86F	thumb	CopyEasyChatWord
0x080BD870	0x080BD8FF	thumb	ConvertEasyChatWordsToString
0x080BD900	0x080BD947	thumb	GetEasyChatWordStringLength
0x080BD948	0x080BD9BB	thumb	EC_DoesEasyChatStringFitOnLine
0x080BD9BC	0x080BDA13	thumb	GetRandomWordFromGroup
0x080BDA14	0x080BDA4D	thumb	GetRandomWordFromAnyGroup
0x080BDA50	0x080BDAEF	thumb	ShowEasyChatMessage
0x080BDAF0	0x080BDB1B	thumb	BufferRandomHobbyOrLifestyleString
0x080BDB1C	0x080BDB43	thumb	IsTrendySayingUnlocked
0x080BDB44	0x080BDB73	thumb	EnableRareWord
0x080BDB74	0x080BDB9D	thumb	GetNumUnlockedTrendySayings
0x080BDBA0	0x080BDC13	thumb	UnlockRandomTrendySaying
0x080BDC14	0x080BDC7B	thumb	GetRandomUnlockedTrendySaying
0x080BDC7C	0x080BDC89	thumb	EC_IsNationalPokedexEnabled
0x080BDC8C	0x080BDD07	thumb	GetRandomECPokemon
0x080BDD08	0x080BDDFB	thumb	InitEasyChatPhrases
0x080BDDFC	0x080BDE17	thumb	InitQuestionnaireWords
0x080BDE18	0x080BDE43	thumb	InitEasyChatSelection
0x080BDE44	0x080BDE5B	thumb	DestroyEasyChatSelectionData
0x080BDE5C	0x080BDF0B	thumb	PopulateECGroups
0x080BDF0C	0x080BDF17	thumb	GetNumDisplayableGroups
0x080BDF18	0x080BDF3D	thumb	GetSelectedGroupByIndex
0x080BDF40	0x080BDF83	thumb	BufferEasyChatWordGroupName
0x080BDF84	0x080BDF93	thumb	GetEasyChatWordGroupName
0x080BDF94	0x080BDFCB	thumb	CopyEasyChatWordPadded
0x080BDFCC	0x080BE13F	thumb	PopulateAlphabeticalGroups
0x080BE140	0x080BE16F	thumb	GetUnlockedECWords
0x080BE170	0x080BE1A7	thumb	GetDisplayedWordByIndex
0x080BE1A8	0x080BE1BB	thumb	GetNumDisplayedWords
0x080BE1BC	0x080BE2CB	thumb	GetUnlockedWordsInECGroup
0x080BE2CC	0x080BE33F	thumb	GetUnlockedWordsInAlphabeticalGroup
0x080BE340	0x080BE377	thumb	IsGroupSelectable
0x080BE378	0x080BE3EB	thumb	UnlockedECMonOrMove
0x080BE3EC	0x080BE411	thumb	EC_IsDeoxys
0x080BE414	0x080BE43F	thumb	IsWordUnlocked
0x080BE440	0x080BE44B	thumb	InitMonMarkingsMenu
0x080BE44C	0x080BE493	thumb	BufferMenuWindowTiles
0x080BE494	0x080BE5C3	thumb	BufferMenuFrameTiles
0x080BE5C4	0x080BE5D7	thumb	BufferMonMarkingsMenuTiles
0x080BE5D8	0x080BE62B	thumb	OpenMonMarkingsMenu
0x080BE62C	0x080BE6C3	thumb	FreeMonMarkingsMenu
0x080BE6C4	0x080BE79D	thumb	HandleMonMarkingsMenuInput
0x080BE7A0	0x080BEA5B	thumb	CreateMonMarkingsMenuSprites
0x080BEA5C	0x080BEA5D	thumb	SpriteCB_Dummy
0x080BEA60	0x080BEA99	thumb	SpriteCB_Marking
0x080BEA9C	0x080BEAB3	thumb	SpriteCB_Cursor
0x080BEAB4	0x080BEAD3	thumb	CreateMonMarkingAllCombosSprite
0x080BEAD4	0x080BEAF3	thumb	CreateMonMarkingComboSprite
0x080BEAF4	0x080BEBA3	thumb	CreateMarkingComboSprite
0x080BEBA4	0x080BEBBF	thumb	UpdateMonMarkingTiles
0x080BEBC0	0x080BECEB	thumb	ReadMail
0x080BECEC	0x080BF0E3	thumb	DoInitMailView
0x080BF0E4	0x080BF10F	thumb	CB2_InitMailView
0x080BF110	0x080BF1F7	thumb	BufferMailMessage
0x080BF1F8	0x080BF327	thumb	AddMailMessagePrinters
0x080BF328	0x080BF339	thumb	VBlankCB_ShowMail
0x080BF33C	0x080BF367	thumb	CB2_RunShowMailCB
0x080BF368	0x080BF38B	thumb	ShowMailCB_WaitFadeIn
0x080BF38C	0x080BF3C7	thumb	ShowMailCB_WaitButton
0x080BF3C8	0x080BF447	thumb	ShowMailCB_Teardown
0x080BF448	0x080BF4EB	thumb	DisplayMessageAndContinueTask
0x080BF4EC	0x080BF507	thumb	RunTextPrinters_CheckActive
0x080BF508	0x080BF533	thumb	Task_ContinueTaskAfterMessagePrints
0x080BF534	0x080BF5A3	thumb	Task_CallYesOrNoCallback
0x080BF5A4	0x080BF603	thumb	CreateYesNoMenuWithCallbacks
0x080BF604	0x080BF63F	thumb	GetLRKeysPressed
0x080BF640	0x080BF67B	thumb	GetLRKeysPressedAndHeld
0x080BF67C	0x080BF6A9	thumb	IsHoldingItemAllowed
0x080BF6AC	0x080BF6DB	thumb	IsWritingMailAllowed
0x080BF6DC	0x080BF6FD	thumb	MenuHelpers_IsLinkActive
0x080BF700	0x080BF71B	thumb	IsActiveOverworldLinkBusy
0x080BF71C	0x080BF73B	thumb	MenuHelpers_ShouldWaitForLinkRecv
0x080BF73C	0x080BF74D	thumb	SetVBlankHBlankCallbacksToNull
0x080BF750	0x080BF79B	thumb	ResetVramOamAndBgCntRegs
0x080BF79C	0x080BF819	thumb	ResetAllBgsCoordinatesAndBgCntRegs
0x080BF81C	0x080BF8B5	thumb	AdjustQuantityAccordingToDPadInput
0x080BF8B8	0x080BF8CD	thumb	GetDialogBoxFontId
0x080BF8D0	0x080BF90F	thumb	ChoosePartyMon
0x080BF910	0x080BF94F	thumb	ChooseMonForMoveRelearner
0x080BF950	0x080BF98F	thumb	Task_ChoosePartyMon
0x080BF990	0x080BF9DB	thumb	SelectMoveDeleterMove
0x080BF9DC	0x080BFA23	thumb	GetNumMovesSelectedMonHas
0x080BFA24	0x080BFA7B	thumb	BufferMoveDeleterNicknameAndMove
0x080BFA7C	0x080BFB7B	thumb	ShiftMoveSlot
0x080BFB7C	0x080BFBE7	thumb	MoveDeleterForgetMove
0x080BFBE8	0x080BFC23	thumb	IsSelectedMonEgg
0x080BFC24	0x080BFC5B	thumb	GetHealLocationIndexFromMapGroupAndNum
0x080BFC5C	0x080BFC81	thumb	GetHealLocationPointerFromMapGroupAndNum
0x080BFC84	0x080BFCA1	thumb	GetHealLocation
0x080BFCA4	0x080BFDD3	thumb	SetWhiteoutRespawnWarpAndHealerNpc
0x080BFDD4	0x080BFDEB	thumb	SetWhiteoutRespawnHealerNpcAsLastTalked
0x080BFDEC	0x080BFE73	thumb	RegionMap_DarkenPalette
0x080BFE74	0x080BFEAF	thumb	TintMapEdgesPalette
0x080BFEB0	0x080BFF23	thumb	InitRegionMap
0x080BFF24	0x080BFFA3	thumb	InitRegionMapWithExitCB
0x080BFFA4	0x080C00D3	thumb	InitRegionMapType
0x080C00D4	0x080C020B	thumb	CB2_OpenRegionMap
0x080C020C	0x080C03BB	thumb	LoadRegionMapGfx
0x080C03BC	0x080C03E3	thumb	CreateMainMapTask
0x080C03E4	0x080C0421	thumb	SelectedMapsecSEEnabled
0x080C0424	0x080C04B7	thumb	PlaySEForSelectedMapsec
0x080C04B8	0x080C07A3	thumb	Task_RegionMap
0x080C07A4	0x080C07B7	thumb	SetMainMapTask
0x080C07B8	0x080C07CB	thumb	GetMainMapTask
0x080C07CC	0x080C07F3	thumb	SaveMainMapTask
0x080C07F4	0x080C086B	thumb	FreeRegionMap
0x080C086C	0x080C0887	thumb	FreeRegionMapForFlyMap
0x080C0888	0x080C089D	thumb	CB2_RegionMap
0x080C08A0	0x080C08B1	thumb	VBlankCB_RegionMap
0x080C08B4	0x080C08C5	thumb	NullVBlankHBlankCallbacks
0x080C08C8	0x080C08D7	thumb	SetRegionMapVBlankCB
0x080C08D8	0x080C09FF	thumb	InitRegionMapBgs
0x080C0A00	0x080C0A3F	thumb	SetBgTilemapBuffers
0x080C0A40	0x080C0A59	thumb	ResetOamForRegionMap
0x080C0A5C	0x080C0A89	thumb	SetBg0andBg3Hidden
0x080C0A8C	0x080C0AEB	thumb	UpdateMapsecNameBox
0x080C0AEC	0x080C0B6F	thumb	DisplayCurrentMapName
0x080C0B70	0x080C0B83	thumb	DrawDungeonNameBox
0x080C0B84	0x080C0C73	thumb	DisplayCurrentDungeonName
0x080C0C74	0x080C0C99	thumb	ClearMapsecNameText
0x080C0C9C	0x080C0DD7	thumb	BufferRegionMapBg
0x080C0DD8	0x080C0DF3	thumb	GetRegionMapPermission
0x080C0DF4	0x080C0E07	thumb	GetSelectedRegionMap
0x080C0E08	0x080C0E1B	thumb	GetRegionMapPlayerIsOn
0x080C0E1C	0x080C0E2F	thumb	SetSelectedRegionMap
0x080C0E30	0x080C0E43	thumb	SetRegionMapPlayerIsOn
0x080C0E44	0x080C0FB3	thumb	InitSwitchMapMenu
0x080C0FB4	0x080C0FE7	thumb	ResetGpuRegsForSwitchMapMenu
0x080C0FE8	0x080C102B	thumb	FadeSwitchMapMenuIn
0x080C102C	0x080C106B	thumb	FadeSwitchMapMenuOut
0x080C106C	0x080C1253	thumb	Task_SwitchMapMenu
0x080C1254	0x080C12BF	thumb	FreeSwitchMapMenu
0x080C12C0	0x080C12F5	thumb	BrightenScreenForSwitchMapMenu
0x080C12F8	0x080C1363	thumb	LoadSwitchMapTilemap
0x080C1364	0x080C141F	thumb	SetGpuRegsToDimScreen
0x080C1420	0x080C144B	thumb	DimScreenForSwitchMapMenu
0x080C144C	0x080C168B	thumb	HandleSwitchMapInput
0x080C168C	0x080C16A3	thumb	SpriteCB_SwitchMapCursor
0x080C16A4	0x080C1727	thumb	CreateSwitchMapCursor
0x080C1728	0x080C173D	thumb	CreateSwitchMapCursorSubsprite
0x080C1740	0x080C1853	thumb	CreateSwitchMapCursorSubsprite_
0x080C1854	0x080C18B3	thumb	FreeSwitchMapCursor
0x080C18B4	0x080C18F3	thumb	GetDungeonFlavorText
0x080C18F4	0x080C192F	thumb	GetDungeonName
0x080C1930	0x080C19CF	thumb	InitDungeonMapPreview
0x080C19D0	0x080C1A67	thumb	LoadMapPreviewGfx
0x080C1A68	0x080C1BB3	thumb	Task_DungeonMapPreview
0x080C1BB4	0x080C1DE7	thumb	Task_DrawDungeonMapPreviewFlavorText
0x080C1DE8	0x080C1E4B	thumb	FreeDungeonMapPreview
0x080C1E4C	0x080C1E67	thumb	CopyMapPreviewTilemapToBgTilemapBuffer
0x080C1E68	0x080C1F53	thumb	InitScreenForDungeonMapPreview
0x080C1F54	0x080C20DB	thumb	UpdateDungeonMapPreview
0x080C20DC	0x080C20DD	thumb	SpriteCB_MapEdge
0x080C20E0	0x080C21DB	thumb	CreateMapEdgeSprite
0x080C21DC	0x080C2297	thumb	InitMapOpenAnim
0x080C2298	0x080C2317	thumb	SetMapEdgeInvisibility
0x080C2318	0x080C248F	thumb	LoadMapEdgeGfx
0x080C2490	0x080C250F	thumb	InitScreenForMapOpenAnim
0x080C2510	0x080C2567	thumb	SetGpuRegsToFadeMapToWhite
0x080C2568	0x080C258F	thumb	FinishMapOpenAnim
0x080C2590	0x080C25D7	thumb	FreeMapOpenCloseAnim
0x080C25D8	0x080C264F	thumb	FreeMapEdgeSprites
0x080C2650	0x080C2975	thumb	Task_MapOpenAnim
0x080C2978	0x080C2B1B	thumb	MoveMapEdgesOutward
0x080C2B1C	0x080C2B6F	thumb	SetGpuWindowDimsToMapEdges
0x080C2B70	0x080C2BEF	thumb	InitScreenForMapCloseAnim
0x080C2BF0	0x080C2C0B	thumb	DoMapCloseAnim
0x080C2C0C	0x080C2C4D	thumb	CreateMapEdgeSprites
0x080C2C50	0x080C2DEF	thumb	Task_MapCloseAnim
0x080C2DF0	0x080C2F93	thumb	MoveMapEdgesInward
0x080C2F94	0x080C2FDB	thumb	SpriteCB_MapCursor
0x080C2FDC	0x080C306F	thumb	CreateMapCursor
0x080C3070	0x080C3127	thumb	CreateMapCursorSprite
0x080C3128	0x080C314B	thumb	SetMapCursorInvisibility
0x080C314C	0x080C315B	thumb	ResetCursorSnap
0x080C315C	0x080C3193	thumb	FreeMapCursor
0x080C3194	0x080C331B	thumb	HandleRegionMapInput
0x080C331C	0x080C33D3	thumb	MoveMapCursor
0x080C33D4	0x080C33EB	thumb	GetRegionMapInput
0x080C33EC	0x080C34DB	thumb	SnapToIconOrButton
0x080C34DC	0x080C34E7	thumb	GetMapCursorX
0x080C34E8	0x080C34F3	thumb	GetMapCursorY
0x080C34F4	0x080C3553	thumb	GetMapsecUnderCursor
0x080C3554	0x080C35AF	thumb	GetDungeonMapsecUnderCursor
0x080C35B0	0x080C3849	thumb	GetMapsecType
0x080C384C	0x080C3A99	thumb	GetDungeonMapsecType
0x080C3A9C	0x080C3AD3	thumb	GetSelectedMapsecType
0x080C3AD4	0x080C3AFB	thumb	GetPlayerCurrentMapSectionId
0x080C3AFC	0x080C3D13	thumb	GetPlayerPositionOnRegionMap
0x080C3D14	0x080C4137	thumb	GetPlayerPositionOnRegionMap_HandleOverrides
0x080C4138	0x080C41AB	thumb	GetSelectedMapSection
0x080C41AC	0x080C4217	thumb	CreatePlayerIcon
0x080C4218	0x080C42F7	thumb	CreatePlayerIconSprite
0x080C42F8	0x080C431B	thumb	SetPlayerIconInvisibility
0x080C431C	0x080C4353	thumb	FreePlayerIcon
0x080C4354	0x080C435F	thumb	GetPlayerIconX
0x080C4360	0x080C436B	thumb	GetPlayerIconY
0x080C436C	0x080C43DF	thumb	InitMapIcons
0x080C43E0	0x080C44B7	thumb	LoadMapIcons
0x080C44B8	0x080C44DF	thumb	FinishMapIconLoad
0x080C44E0	0x080C45E7	thumb	CreateFlyIconSprite
0x080C45E8	0x080C4723	thumb	CreateDungeonIconSprite
0x080C4724	0x080C47C3	thumb	CreateFlyIcons
0x080C47C4	0x080C488F	thumb	CreateDungeonIcons
0x080C4890	0x080C4933	thumb	SetFlyIconInvisibility
0x080C4934	0x080C49D7	thumb	SetDungeonIconInvisibility
0x080C49D8	0x080C4A7F	thumb	FreeMapIcons
0x080C4A80	0x080C4B03	thumb	SaveRegionMapGpuRegs
0x080C4B04	0x080C4B89	thumb	SetRegionMapGpuRegs
0x080C4B8C	0x080C4BB7	thumb	FreeRegionMapGpuRegs
0x080C4BB8	0x080C4BFF	thumb	ResetGpuRegs
0x080C4C00	0x080C4C1B	thumb	SetBldCnt
0x080C4C1C	0x080C4C2D	thumb	SetBldY
0x080C4C30	0x080C4C47	thumb	SetBldAlpha
0x080C4C48	0x080C4C5B	thumb	SetWinIn
0x080C4C5C	0x080C4C6D	thumb	SetWinOut
0x080C4C70	0x080C4CC3	thumb	SetDispCnt
0x080C4CC4	0x080C4D03	thumb	SetGpuWindowDims
0x080C4D04	0x080C4D11	thumb	FreeAndResetGpuRegs
0x080C4D14	0x080C4D49	thumb	IsCeladonDeptStoreMapsec
0x080C4D4C	0x080C4DCB	thumb	GetMapName
0x080C4DCC	0x080C4DDB	thumb	GetMapNameGeneric
0x080C4DDC	0x080C4DE9	thumb	GetMapNameGeneric_
0x080C4DEC	0x080C4E47	thumb	PrintTopBarTextLeft
0x080C4E48	0x080C4EA3	thumb	PrintTopBarTextRight
0x080C4EA4	0x080C4EC9	thumb	ClearOrDrawTopBar
0x080C4ECC	0x080C4EDB	thumb	CB2_OpenFlyMap
0x080C4EDC	0x080C51BB	thumb	Task_FlyMap
0x080C51BC	0x080C51DB	thumb	InitFlyMap
0x080C51DC	0x080C524F	thumb	FreeFlyMap
0x080C5250	0x080C52A3	thumb	SetFlyWarpDestination
0x080C52A4	0x080C542F	thumb	ApplyImageProcessingEffects
0x080C5430	0x080C54E7	thumb	ApplyImageEffect_RedChannelGrayscale
0x080C54E8	0x080C55A7	thumb	ApplyImageEffect_RedChannelGrayscaleHighlight
0x080C55A8	0x080C55C7	thumb	ApplyImageEffect_Pointillism
0x080C55C8	0x080C565F	thumb	ApplyImageEffect_Grayscale
0x080C5660	0x080C571B	thumb	ApplyImageEffect_Blur
0x080C571C	0x080C57BF	thumb	ApplyImageEffect_PersonalityColor
0x080C57C0	0x080C5857	thumb	ApplyImageEffect_BlackAndWhite
0x080C5858	0x080C59A7	thumb	ApplyImageEffect_BlackOutline
0x080C59A8	0x080C5A3F	thumb	ApplyImageEffect_Invert
0x080C5A40	0x080C5B6F	thumb	ApplyImageEffect_Shimmer
0x080C5B70	0x080C5C17	thumb	ApplyImageEffect_BlurRight
0x080C5C18	0x080C5CCB	thumb	ApplyImageEffect_BlurDown
0x080C5CCC	0x080C5E9D	thumb	AddPointillismPoints
0x080C5EA0	0x080C5ED3	thumb	ConvertColorToGrayscale
0x080C5ED4	0x080C5F0F	thumb	QuantizePixel_PersonalityColor
0x080C5F10	0x080C5FDF	thumb	GetColorFromPersonality
0x080C5FE0	0x080C600F	thumb	QuantizePixel_BlackAndWhite
0x080C6010	0x080C603F	thumb	QuantizePixel_BlackOutline
0x080C6040	0x080C606B	thumb	QuantizePixel_Invert
0x080C606C	0x080C618F	thumb	QuantizePixel_MotionBlur
0x080C6190	0x080C62AF	thumb	QuantizePixel_Blur
0x080C62B0	0x080C63CD	thumb	QuantizePixel_BlurHard
0x080C63D0	0x080C651B	thumb	ConvertImageProcessingToGBA
0x080C651C	0x080C65E5	thumb	ApplyImageProcessingQuantization
0x080C65E8	0x080C668F	thumb	SetPresetPalette_PrimaryColors
0x080C6690	0x080C66AB	thumb	SetPresetPalette_BlackAndWhite
0x080C66AC	0x080C66E7	thumb	SetPresetPalette_GrayscaleSmall
0x080C66E8	0x080C671B	thumb	SetPresetPalette_Grayscale
0x080C671C	0x080C6873	thumb	QuantizePalette_Standard
0x080C6874	0x080C692B	thumb	QuantizePalette_BlackAndWhite
0x080C692C	0x080C69DB	thumb	QuantizePalette_GrayscaleSmall
0x080C69DC	0x080C6A8B	thumb	QuantizePalette_Grayscale
0x080C6A8C	0x080C6B3B	thumb	QuantizePalette_PrimaryColors
0x080C6B3C	0x080C6BAF	thumb	QuantizePixel_Standard
0x080C6BB0	0x080C6C7D	thumb	QuantizePixel_PrimaryColors
0x080C6C80	0x080C6CB1	thumb	QuantizePixel_GrayscaleSmall
0x080C6CB4	0x080C6CDF	thumb	QuantizePixel_Grayscale
0x080C6CE0	0x080C6D73	thumb	BattleAI_HandleItemUseBeforeAISetup
0x080C6D74	0x080C6F17	thumb	BattleAI_SetupAIData
0x080C6F18	0x080C7009	thumb	BattleAI_ChooseMoveOrAction
0x080C700C	0x080C7135	thumb	BattleAI_DoAIProcessing
0x080C7138	0x080C717B	thumb	RecordLastUsedMoveByTarget
0x080C717C	0x080C71A3	thumb	ClearBattlerMoveHistory
0x080C71A4	0x080C71DB	thumb	RecordAbilityBattle
0x080C71DC	0x080C7213	thumb	RecordItemEffectBattle
0x080C7214	0x080C7253	thumb	Cmd_if_random_less_than
0x080C7254	0x080C7293	thumb	Cmd_if_random_greater_than
0x080C7294	0x080C72D3	thumb	Cmd_if_random_equal
0x080C72D4	0x080C7313	thumb	Cmd_if_random_not_equal
0x080C7314	0x080C7357	thumb	Cmd_score
0x080C7358	0x080C73BD	thumb	Cmd_if_hp_less_than
0x080C73C0	0x080C7425	thumb	Cmd_if_hp_more_than
0x080C7428	0x080C748D	thumb	Cmd_if_hp_equal
0x080C7490	0x080C74F5	thumb	Cmd_if_hp_not_equal
0x080C74F8	0x080C756B	thumb	Cmd_if_status
0x080C756C	0x080C75DF	thumb	Cmd_if_not_status
0x080C75E0	0x080C7653	thumb	Cmd_if_status2
0x080C7654	0x080C76C7	thumb	Cmd_if_not_status2
0x080C76C8	0x080C7737	thumb	Cmd_if_status3
0x080C7738	0x080C77A7	thumb	Cmd_if_not_status3
0x080C77A8	0x080C7823	thumb	Cmd_if_side_affecting
0x080C7824	0x080C789F	thumb	Cmd_if_not_side_affecting
0x080C78A0	0x080C78DB	thumb	Cmd_if_less_than
0x080C78DC	0x080C7917	thumb	Cmd_if_more_than
0x080C7918	0x080C7953	thumb	Cmd_if_equal
0x080C7954	0x080C798F	thumb	Cmd_if_not_equal
0x080C7990	0x080C79E1	thumb	Cmd_if_less_than_ptr
0x080C79E4	0x080C7A35	thumb	Cmd_if_more_than_ptr
0x080C7A38	0x080C7A89	thumb	Cmd_if_equal_ptr
0x080C7A8C	0x080C7ADD	thumb	Cmd_if_not_equal_ptr
0x080C7AE0	0x080C7B23	thumb	Cmd_if_move
0x080C7B24	0x080C7B67	thumb	Cmd_if_not_move
0x080C7B68	0x080C7BCF	thumb	Cmd_if_in_bytes
0x080C7BD0	0x080C7C39	thumb	Cmd_if_not_in_bytes
0x080C7C3C	0x080C7CA7	thumb	Cmd_if_in_hwords
0x080C7CA8	0x080C7D15	thumb	Cmd_if_not_in_hwords
0x080C7D18	0x080C7D85	thumb	Cmd_if_user_has_attacking_move
0x080C7D88	0x080C7DF5	thumb	Cmd_if_user_has_no_attacking_moves
0x080C7DF8	0x080C7E1B	thumb	Cmd_get_turn_count
0x080C7E1C	0x080C7F0B	thumb	Cmd_get_type
0x080C7F0C	0x080C7F37	thumb	Cmd_get_considered_move_power
0x080C7F38	0x080C813B	thumb	Cmd_get_how_powerful_move_is
0x080C813C	0x080C8193	thumb	Cmd_get_last_used_battler_move
0x080C8194	0x080C81CF	thumb	Cmd_if_equal_
0x080C81D0	0x080C820B	thumb	Cmd_if_not_equal_
0x080C820C	0x080C8257	thumb	Cmd_if_would_go_first
0x080C8258	0x080C82A3	thumb	Cmd_if_would_not_go_first
0x080C82A4	0x080C82A5	thumb	Cmd_nullsub_2A
0x080C82A8	0x080C82A9	thumb	Cmd_nullsub_2B
0x080C82AC	0x080C83A7	thumb	Cmd_count_alive_pokemon
0x080C83A8	0x080C83C3	thumb	Cmd_get_considered_move
0x080C83C4	0x080C83EF	thumb	Cmd_get_considered_move_effect
0x080C83F0	0x080C8507	thumb	Cmd_get_ability
0x080C8508	0x080C85F3	thumb	Cmd_get_highest_type_effectiveness
0x080C85F4	0x080C86C1	thumb	Cmd_if_type_effectiveness
0x080C86C4	0x080C86C5	thumb	Cmd_nullsub_32
0x080C86C8	0x080C86C9	thumb	Cmd_nullsub_33
0x080C86CC	0x080C878F	thumb	Cmd_if_status_in_party
0x080C8790	0x080C8853	thumb	Cmd_if_status_not_in_party
0x080C8854	0x080C88BF	thumb	Cmd_get_weather
0x080C88C0	0x080C890B	thumb	Cmd_if_effect
0x080C890C	0x080C8957	thumb	Cmd_if_not_effect
0x080C8958	0x080C89BF	thumb	Cmd_if_stat_level_less_than
0x080C89C0	0x080C8A27	thumb	Cmd_if_stat_level_more_than
0x080C8A28	0x080C8A8F	thumb	Cmd_if_stat_level_equal
0x080C8A90	0x080C8AF7	thumb	Cmd_if_stat_level_not_equal
0x080C8AF8	0x080C8BF3	thumb	Cmd_if_can_faint
0x080C8BF4	0x080C8CD7	thumb	Cmd_if_cant_faint
0x080C8CD8	0x080C8DB1	thumb	Cmd_if_has_move
0x080C8DB4	0x080C8E8D	thumb	Cmd_if_doesnt_have_move
0x080C8E90	0x080C8F83	thumb	Cmd_if_has_move_with_effect
0x080C8F84	0x080C905B	thumb	Cmd_if_doesnt_have_move_with_effect
0x080C905C	0x080C90E1	thumb	Cmd_if_any_move_disabled_or_encored
0x080C90E4	0x080C9171	thumb	Cmd_if_curr_move_disabled_or_encored
0x080C9174	0x080C9187	thumb	Cmd_flee
0x080C9188	0x080C9223	thumb	Cmd_if_random_safari_flee
0x080C9224	0x080C9237	thumb	Cmd_watch
0x080C9238	0x080C92B7	thumb	Cmd_get_hold_effect
0x080C92B8	0x080C930F	thumb	Cmd_get_gender
0x080C9310	0x080C935B	thumb	Cmd_is_first_turn_for
0x080C935C	0x080C93A7	thumb	Cmd_get_stockpile_count
0x080C93A8	0x080C93CF	thumb	Cmd_is_double_battle
0x080C93D0	0x080C941B	thumb	Cmd_get_used_held_item
0x080C941C	0x080C9447	thumb	Cmd_get_move_type_from_result
0x080C9448	0x080C9473	thumb	Cmd_get_move_power_from_result
0x080C9474	0x080C949F	thumb	Cmd_get_move_effect_from_result
0x080C94A0	0x080C94EB	thumb	Cmd_get_protect_count
0x080C94EC	0x080C94ED	thumb	Cmd_nullsub_52
0x080C94F0	0x080C94F1	thumb	Cmd_nullsub_53
0x080C94F4	0x080C94F5	thumb	Cmd_nullsub_54
0x080C94F8	0x080C94F9	thumb	Cmd_nullsub_55
0x080C94FC	0x080C94FD	thumb	Cmd_nullsub_56
0x080C9500	0x080C9501	thumb	Cmd_nullsub_57
0x080C9504	0x080C9533	thumb	Cmd_call
0x080C9534	0x080C9553	thumb	Cmd_goto
0x080C9554	0x080C9577	thumb	Cmd_end
0x080C9578	0x080C964D	thumb	Cmd_if_level_compare
0x080C9650	0x080C969F	thumb	Cmd_if_target_taunted
0x080C96A0	0x080C96EF	thumb	Cmd_if_target_not_taunted
0x080C96F0	0x080C9713	thumb	AIStackPushVar
0x080C9714	0x080C973B	thumb	AIStackPushVar_cursor
0x080C973C	0x080C977B	thumb	AIStackPop
0x080C977C	0x080C97CF	thumb	CheckObjectGraphicsInFrontOfPlayer
0x080C97D0	0x080C97F3	thumb	CreateFieldEffectShowMon
0x080C97F4	0x080C9883	thumb	Task_FieldEffectShowMon_Init
0x080C9884	0x080C98CF	thumb	Task_FieldEffectShowMon_WaitPlayerAnim
0x080C98D0	0x080C9973	thumb	Task_FieldEffectShowMon_WaitFldeff
0x080C9974	0x080C99AB	thumb	Task_FieldEffectShowMon_Cleanup
0x080C99AC	0x080C99E3	thumb	SetUpFieldMove_RockSmash
0x080C99E4	0x080C9A03	thumb	FieldCallback_UseRockSmash
0x080C9A04	0x080C9A33	thumb	FldEff_UseRockSmash
0x080C9A34	0x080C9A49	thumb	StartRockSmashFieldEffect
0x080C9A4C	0x080C9A7F	thumb	SetUpFieldMove_Dig
0x080C9A80	0x080C9A9F	thumb	FieldCallback_Dig
0x080C9AA0	0x080C9ACF	thumb	FldEff_UseDig
0x080C9AD0	0x080C9AFF	thumb	StartDigFieldEffect
0x080C9B00	0x080C9B45	thumb	SetUpFieldMove_Flash
0x080C9B48	0x080C9B83	thumb	FieldCallback_Flash
0x080C9B84	0x080C9BA3	thumb	FldEff_UseFlash
0x080C9BA4	0x080C9BB9	thumb	CB2_ChangeMapMain
0x080C9BBC	0x080C9BCD	thumb	VBC_ChangeMapVBlank
0x080C9BD0	0x080C9CBB	thumb	CB2_DoChangeMap
0x080C9CBC	0x080C9D4F	thumb	TryDoMapTransition
0x080C9D50	0x080C9D9F	thumb	MapTransitionIsEnter
0x080C9DA0	0x080C9DEF	thumb	MapTransitionIsExit
0x080C9DF0	0x080C9E03	thumb	FlashTransition_Exit
0x080C9E04	0x080C9E1F	thumb	Task_FlashTransition_Exit_0
0x080C9E20	0x080C9EC3	thumb	Task_FlashTransition_Exit_1
0x080C9EC4	0x080C9F0B	thumb	Task_FlashTransition_Exit_2
0x080C9F0C	0x080C9F73	thumb	Task_FlashTransition_Exit_3
0x080C9F74	0x080C9FA7	thumb	Task_FlashTransition_Exit_4
0x080C9FA8	0x080C9FBB	thumb	FlashTransition_Enter
0x080C9FBC	0x080C9FD7	thumb	Task_FlashTransition_Enter_0
0x080C9FD8	0x080CA077	thumb	Task_FlashTransition_Enter_1
0x080CA078	0x080CA0DB	thumb	Task_FlashTransition_Enter_2
0x080CA0DC	0x080CA133	thumb	Task_FlashTransition_Enter_3
0x080CA134	0x080CA163	thumb	RunMapPreviewScreen
0x080CA164	0x080CA2B7	thumb	Task_MapPreviewScreen_0
0x080CA2B8	0x080CA397	thumb	EnterHallOfFame
0x080CA398	0x080CA3AB	thumb	SetCB2WhiteOut
0x080CA3AC	0x080CA3F7	thumb	GetPokedexCount
0x080CA3F8	0x080CA4F7	thumb	GetProfOaksRatingMessageByCount
0x080CA4F8	0x080CA50F	thumb	GetProfOaksRatingMessage
0x080CA510	0x080CA547	thumb	Task_WaitFadeAndSetCallback
0x080CA548	0x080CA573	thumb	HallOfFamePCBeginFade
0x080CA574	0x080CA593	thumb	ReturnFromHallOfFamePC
0x080CA594	0x080CA5CB	thumb	ReshowPCMenuAfterHallOfFamePC
0x080CA5CC	0x080CA5EB	thumb	Task_WaitForPaletteFade
0x080CA5EC	0x080CA603	thumb	ShowDiploma
0x080CA604	0x080CA633	thumb	ForcePlayerOntoBike
0x080CA634	0x080CA635	thumb	ResetCyclingRoadChallengeData
0x080CA638	0x080CA65F	thumb	GetPlayerAvatarBike
0x080CA660	0x080CA66F	thumb	ShowFieldMessageStringVar4
0x080CA670	0x080CA68F	thumb	GetPlayerXY
0x080CA690	0x080CA6AF	thumb	GetPlayerTrainerIdOnesDigit
0x080CA6B0	0x080CA6E7	thumb	BufferBigGuyOrBigGirlString
0x080CA6E8	0x080CA71F	thumb	BufferSonOrDaughterString
0x080CA720	0x080CA72B	thumb	GetBattleOutcome
0x080CA72C	0x080CA73F	thumb	SetHiddenItemFlag
0x080CA740	0x080CA7BF	thumb	GetLeadMonFriendship
0x080CA7C0	0x080CA7D7	thumb	ShowTownMap
0x080CA7D8	0x080CA83D	thumb	PlayerHasGrassPokemonInParty
0x080CA840	0x080CA87B	thumb	AnimatePcTurnOn
0x080CA87C	0x080CA8CB	thumb	Task_AnimatePcTurnOn
0x080CA8CC	0x080CA97B	thumb	PcTurnOnUpdateMetatileId
0x080CA97C	0x080CAA07	thumb	AnimatePcTurnOff
0x080CAA08	0x080CAA5B	thumb	SpawnCameraObject
0x080CAA5C	0x080CAA7F	thumb	RemoveCameraObject
0x080CAA80	0x080CAA8F	thumb	BufferEReaderTrainerName
0x080CAA90	0x080CAAB3	thumb	GetRandomSlotMachineId
0x080CAAB4	0x080CAADB	thumb	LeadMonHasEffortRibbon
0x080CAADC	0x080CAB17	thumb	GiveLeadMonEffortRibbon
0x080CAB18	0x080CAB49	thumb	AreLeadMonEVsMaxedOut
0x080CAB4C	0x080CABA1	thumb	IsStarterFirstStageInParty
0x080CABA4	0x080CABDB	thumb	IsThereRoomInAnyBoxForMorePokemon
0x080CABDC	0x080CABF9	thumb	IsPokerusInParty
0x080CABFC	0x080CAC57	thumb	ShakeScreen
0x080CAC58	0x080CACBB	thumb	Task_ShakeScreen
0x080CACBC	0x080CACCD	thumb	Task_EndScreenShake
0x080CACD0	0x080CAD25	thumb	GetLeadMonIndex
0x080CAD28	0x080CAD4F	thumb	GetPartyMonSpecies
0x080CAD50	0x080CAD93	thumb	IsMonOTNameNotPlayers
0x080CAD94	0x080CAD95	thumb	NullFieldSpecial
0x080CAD98	0x080CADBF	thumb	DoPicboxCancel
0x080CADC0	0x080CB025	thumb	SetVermilionTrashCans
0x080CB028	0x080CB079	thumb	IncrementResortGorgeousStepCounter
0x080CB07C	0x080CB0F7	thumb	SampleResortGorgeousMonAndReward
0x080CB0F8	0x080CB169	thumb	SampleResortGorgeousMon
0x080CB16C	0x080CB1AB	thumb	SampleResortGorgeousReward
0x080CB1AC	0x080CB1D5	thumb	CheckAddCoins
0x080CB1D8	0x080CB2FB	thumb	GetElevatorFloor
0x080CB2FC	0x080CB46B	thumb	InitElevatorFloorSelectMenuPos
0x080CB46C	0x080CB4E7	thumb	AnimateElevator
0x080CB4E8	0x080CB553	thumb	Task_ElevatorShake
0x080CB554	0x080CB60F	thumb	DrawElevatorCurrentFloorWindow
0x080CB610	0x080CB62B	thumb	CloseElevatorCurrentFloorWindow
0x080CB62C	0x080CB67F	thumb	AnimateElevatorWindowView
0x080CB680	0x080CB797	thumb	Task_AnimateElevatorWindowView
0x080CB798	0x080CB8D7	thumb	ListMenu
0x080CB8D8	0x080CBA4F	thumb	Task_CreateScriptListMenu
0x080CBA50	0x080CBAAF	thumb	CreateScriptListMenu
0x080CBAB0	0x080CBAFB	thumb	ScriptListMenuMoveCursorFunction
0x080CBAFC	0x080CBB7F	thumb	Task_ListMenuHandleInput
0x080CBB80	0x080CBBFF	thumb	Task_DestroyListMenu
0x080CBC00	0x080CBC2F	thumb	Task_SuspendListMenu
0x080CBC30	0x080CBC63	thumb	ReturnToListMenu
0x080CBC64	0x080CBC93	thumb	Task_RedrawScrollArrowsAndWaitInput
0x080CBC94	0x080CBD23	thumb	Task_CreateMenuRemoveScrollIndicatorArrowPair
0x080CBD24	0x080CBD53	thumb	Task_ListMenuRemoveScrollIndicatorArrowPair
0x080CBD54	0x080CBD65	thumb	ForcePlayerToStartSurfing
0x080CBD68	0x080CBD83	thumb	GetStarterSpeciesById
0x080CBD84	0x080CBD9F	thumb	GetStarterSpecies
0x080CBDA0	0x080CBDBB	thumb	SetSeenMon
0x080CBDBC	0x080CBDD3	thumb	ResetContextNpcTextColor
0x080CBDD4	0x080CBE23	thumb	ContextNpcGetTextColor
0x080CBE24	0x080CBE8D	thumb	HasMonBeenRenamed
0x080CBE90	0x080CBEA5	thumb	HasLeadMonBeenRenamed
0x080CBEA8	0x080CBED7	thumb	TV_PrintIntToStringVar
0x080CBED8	0x080CBF73	thumb	CountDigits
0x080CBF74	0x080CBFB3	thumb	NameRaterWasNicknameChanged
0x080CBFB4	0x080CC037	thumb	ChangeBoxPokemonNickname
0x080CC038	0x080CC05B	thumb	ChangeBoxPokemonNickname_CB
0x080CC05C	0x080CC117	thumb	ChangePokemonNickname
0x080CC118	0x080CC143	thumb	ChangePokemonNickname_CB
0x080CC144	0x080CC173	thumb	BufferMonNickname
0x080CC174	0x080CC1B7	thumb	IsMonOTIDNotPlayers
0x080CC1B8	0x080CC1D7	thumb	GetPlayerTrainerId
0x080CC1D8	0x080CC28F	thumb	GetUnlockedSeviiAreas
0x080CC290	0x080CC39F	thumb	UpdateTrainerCardPhotoIcons
0x080CC3A0	0x080CC41F	thumb	StickerManGetBragFlags
0x080CC420	0x080CC45D	thumb	GetHiddenItemAttr
0x080CC460	0x080CC4A5	thumb	DoesPlayerPartyContainSpecies
0x080CC4A8	0x080CC4F5	thumb	GetMartClerkObjectId
0x080CC4F8	0x080CC505	thumb	SetUsedPkmnCenterQuestLogEvent
0x080CC508	0x080CC56F	thumb	QuestLog_CheckDepartingIndoorsMap
0x080CC570	0x080CC703	thumb	QuestLog_TryRecordDepartedLocation
0x080CC704	0x080CC76F	thumb	GetMysteryGiftCardStat
0x080CC770	0x080CC77B	thumb	SetPCBoxToSendMon
0x080CC77C	0x080CC787	thumb	GetPCBoxToSendMon
0x080CC788	0x080CC7CB	thumb	ShouldShowBoxWasFullMessage
0x080CC7CC	0x080CC84D	thumb	IsDestinationBoxFull
0x080CC850	0x080CC89D	thumb	UsedPokemonCenterWarp
0x080CC8A0	0x080CC8EB	thumb	BufferTMHMMoveName
0x080CC8EC	0x080CC91B	thumb	RunMassageCooldownStepCounter
0x080CC91C	0x080CC947	thumb	DaisyMassageServices
0x080CC948	0x080CC9EB	thumb	DoPokemonLeagueLightingEffect
0x080CC9EC	0x080CCAC7	thumb	Task_RunPokemonLeagueLightingEffect
0x080CCAC8	0x080CCB3B	thumb	Task_CancelPokemonLeagueLightingEffect
0x080CCB3C	0x080CCB67	thumb	StopPokemonLeagueLightingEffectTask
0x080CCB68	0x080CCCCB	thumb	CapeBrinkGetMoveToTeachLeadPokemon
0x080CCCCC	0x080CCD57	thumb	HasLearnedAllMovesFromCapeBrinkTutor
0x080CCD58	0x080CCDA1	thumb	CutMoveRuinValleyCheck
0x080CCDA4	0x080CCDCF	thumb	CutMoveOpenDottedHoleDoor
0x080CCDD0	0x080CCDE3	thumb	DoDeoxysTriangleInteraction
0x080CCDE4	0x080CCEBB	thumb	Task_DoDeoxysTriangleInteraction
0x080CCEBC	0x080CCF6B	thumb	MoveDeoxysObject
0x080CCF6C	0x080CCF8D	thumb	Task_WaitDeoxysFieldEffect
0x080CCF90	0x080CCFD9	thumb	IncrementBirthIslandRockStepCount
0x080CCFDC	0x080CD007	thumb	SetDeoxysTrianglePalette
0x080CD008	0x080CD045	thumb	IsBadEggInParty
0x080CD048	0x080CD069	thumb	IsPlayerNotInTrainerTowerLobby
0x080CD06C	0x080CD0C7	thumb	BrailleCursorToggle
0x080CD0C8	0x080CD125	thumb	PlayerPartyContainsSpeciesWithPlayerID
0x080CD128	0x080CD187	thumb	UpdateLoreleiDollCollection
0x080CD188	0x080CD19F	thumb	LoopWingFlapSound
0x080CD1A0	0x080CD1FB	thumb	Task_WingFlapSound
0x080CD1FC	0x080CD213	thumb	ShowBattleRecords
0x080CD214	0x080CD35F	thumb	MainCB2_SetUp
0x080CD360	0x080CD371	thumb	VBlankCB
0x080CD374	0x080CD389	thumb	MainCB2
0x080CD38C	0x080CD3BB	thumb	Task_WaitFadeIn
0x080CD3BC	0x080CD3FB	thumb	Task_WaitButton
0x080CD3FC	0x080CD433	thumb	Task_FadeOut
0x080CD434	0x080CD477	thumb	Task_DestroyAndReturnToField
0x080CD478	0x080CD4A1	thumb	ClearWindowCommitAndRemove
0x080CD4A4	0x080CD5DB	thumb	ResetGpu
0x080CD5DC	0x080CD5F9	thumb	StopAllRunningTasks
0x080CD5FC	0x080CD60B	thumb	EnableDisplay
0x080CD60C	0x080CD661	thumb	ResetBGPos
0x080CD664	0x080CD693	thumb	ClearLinkBattleRecord
0x080CD694	0x080CD6C5	thumb	ClearLinkBattleRecords
0x080CD6C8	0x080CD6D5	thumb	GetLinkBattleRecordTotalBattles
0x080CD6D8	0x080CD70B	thumb	IndexOfOpponentLinkBattleRecord
0x080CD70C	0x080CD787	thumb	SortLinkBattleRecords
0x080CD788	0x080CD7EB	thumb	UpdateLinkBattleRecord
0x080CD7EC	0x080CD827	thumb	UpdateLinkBattleGameStats
0x080CD828	0x080CD8AD	thumb	AddOpponentLinkBattleRecord
0x080CD8B0	0x080CD8CB	thumb	ClearPlayerLinkBattleRecords
0x080CD8CC	0x080CD8F7	thumb	IncTrainerCardWinCount
0x080CD8F8	0x080CD923	thumb	IncTrainerCardLossCount
0x080CD924	0x080CD95D	thumb	UpdateBattleOutcomeOnTrainerCards
0x080CD960	0x080CD9C7	thumb	UpdatePlayerLinkBattleRecords
0x080CD9C8	0x080CDAA3	thumb	PrintTotalRecord
0x080CDAA4	0x080CDBB7	thumb	PrintOpponentBattleRecord
0x080CDBB8	0x080CDC87	thumb	PrintBattleRecords
0x080CDC88	0x080CDCA3	thumb	CommitWindow
0x080CDCA4	0x080CDCEB	thumb	LoadFrameGfxOnBg
0x080CDCEC	0x080CDCF9	thumb	CB2_BeginEvolutionScene
0x080CDCFC	0x080CDD7B	thumb	Task_BeginEvolutionScene
0x080CDD7C	0x080CDDC7	thumb	BeginEvolutionScene
0x080CDDC8	0x080CE0BB	thumb	EvolutionScene
0x080CE0BC	0x080CE2AF	thumb	CB2_EvolutionSceneLoadGraphics
0x080CE2B0	0x080CE513	thumb	CB2_TradeEvolutionSceneLoadGraphics
0x080CE514	0x080CE6E3	thumb	TradeEvolutionScene
0x080CE6E4	0x080CE6FD	thumb	CB2_EvolutionSceneUpdate
0x080CE700	0x080CE719	thumb	CB2_TradeEvolutionSceneUpdate
0x080CE71C	0x080CE8AF	thumb	CreateShedinja
0x080CE8B0	0x080CF50F	thumb	Task_EvolutionScene
0x080CF510	0x080D001F	thumb	Task_TradeEvolutionScene
0x080D0020	0x080D0021	thumb	EvoDummyFunc
0x080D0024	0x080D00AB	thumb	VBlankCB_EvolutionScene
0x080D00AC	0x080D0133	thumb	VBlankCB_TradeEvolutionScene
0x080D0134	0x080D01EB	thumb	Task_UpdateBgPalette
0x080D01EC	0x080D022F	thumb	CreateBgAnimTask
0x080D0230	0x080D0307	thumb	Task_AnimateBg
0x080D0308	0x080D0347	thumb	InitMovingBgPalette
0x080D0348	0x080D0447	thumb	StartBgAnimation
0x080D0448	0x080D047B	thumb	IsMovingBackgroundTaskRunning
0x080D047C	0x080D04BB	thumb	StopBgAnimation
0x080D04BC	0x080D0527	thumb	RestoreBgAfterAnim
0x080D0528	0x080D054F	thumb	GetCoins
0x080D0550	0x080D0577	thumb	SetCoins
0x080D0578	0x080D05B7	thumb	AddCoins
0x080D05B8	0x080D05DF	thumb	RemoveCoins
0x080D05E0	0x080D0647	thumb	PrintCoinsString_Parameterized
0x080D0648	0x080D06A3	thumb	ShowCoinsWindow_Parameterized
0x080D06A4	0x080D06FF	thumb	PrintCoinsString
0x080D0700	0x080D079B	thumb	ShowCoinsWindow
0x080D079C	0x080D07BF	thumb	HideCoinsWindow
0x080D07C0	0x080D0813	thumb	SetUpFieldMove_Strength
0x080D0814	0x080D0833	thumb	FieldCB_UseStrength
0x080D0834	0x080D087B	thumb	FldEff_UseStrength
0x080D087C	0x080D088B	thumb	ShowMonCB_UseStrength
0x080D088C	0x080D08BB	thumb	BattleTransition_StartOnField
0x080D08BC	0x080D08C9	thumb	BattleTransition_Start
0x080D08CC	0x080D091B	thumb	IsBattleTransitionDone
0x080D091C	0x080D094B	thumb	LaunchBattleTransitionTask
0x080D094C	0x080D0983	thumb	Task_BattleTransition
0x080D0984	0x080D09D3	thumb	Transition_StartIntro
0x080D09D4	0x080D0A05	thumb	Transition_WaitForIntro
0x080D0A08	0x080D0A2F	thumb	Transition_StartMain
0x080D0A30	0x080D0A5F	thumb	Transition_WaitForMain
0x080D0A60	0x080D0AAF	thumb	Task_Intro
0x080D0AB0	0x080D0AE7	thumb	Task_Blur
0x080D0AE8	0x080D0B19	thumb	Blur_Init
0x080D0B1C	0x080D0B7B	thumb	Blur_Main
0x080D0B7C	0x080D0BA7	thumb	Blur_End
0x080D0BA8	0x080D0BDF	thumb	Task_Swirl
0x080D0BE0	0x080D0C4B	thumb	Swirl_Init
0x080D0C4C	0x080D0CC3	thumb	Swirl_End
0x080D0CC4	0x080D0CFB	thumb	VBlankCB_Swirl
0x080D0CFC	0x080D0D27	thumb	HBlankCB_Swirl
0x080D0D28	0x080D0D5F	thumb	Task_Shuffle
0x080D0D60	0x080D0DC3	thumb	Shuffle_Init
0x080D0DC4	0x080D0E53	thumb	Shuffle_End
0x080D0E54	0x080D0E8B	thumb	VBlankCB_Shuffle
0x080D0E8C	0x080D0EB7	thumb	HBlankCB_Shuffle
0x080D0EB8	0x080D0EEF	thumb	Task_BigPokeball
0x080D0EF0	0x080D0FA7	thumb	BigPokeball_Init
0x080D0FA8	0x080D1037	thumb	BigPokeball_SetGfx
0x080D1038	0x080D10CB	thumb	PatternWeave_Blend1
0x080D10CC	0x080D116F	thumb	PatternWeave_Blend2
0x080D1170	0x080D11F3	thumb	PatternWeave_FinishAppear
0x080D11F4	0x080D12B7	thumb	PatternWeave_CircularMask
0x080D12B8	0x080D1343	thumb	VBlankCB_SetWinAndBlend
0x080D1344	0x080D136F	thumb	VBlankCB_PatternWeave
0x080D1370	0x080D139B	thumb	VBlankCB_CircularMask
0x080D139C	0x080D13D3	thumb	Task_PokeballsTrail
0x080D13D4	0x080D141F	thumb	PokeballsTrail_Init
0x080D1420	0x080D14AB	thumb	PokeballsTrail_Main
0x080D14AC	0x080D14D7	thumb	PokeballsTrail_End
0x080D14D8	0x080D1543	thumb	FldEff_PokeballTrail
0x080D1544	0x080D160B	thumb	SpriteCB_FldEffPokeballTrail
0x080D160C	0x080D1643	thumb	Task_ClockwiseWipe
0x080D1644	0x080D16AB	thumb	ClockwiseWipe_Init
0x080D16AC	0x080D173B	thumb	ClockwiseWipe_TopRight
0x080D173C	0x080D182F	thumb	ClockwiseWipe_Right
0x080D1830	0x080D18B7	thumb	ClockwiseWipe_Bottom
0x080D18B8	0x080D19B7	thumb	ClockwiseWipe_Left
0x080D19B8	0x080D1A4F	thumb	ClockwiseWipe_TopLeft
0x080D1A50	0x080D1A8F	thumb	ClockwiseWipe_End
0x080D1A90	0x080D1B2B	thumb	VBlankCB_ClockwiseWipe
0x080D1B2C	0x080D1B63	thumb	Task_Ripple
0x080D1B64	0x080D1BBB	thumb	Ripple_Init
0x080D1BBC	0x080D1C9B	thumb	Ripple_Main
0x080D1C9C	0x080D1CD3	thumb	VBlankCB_Ripple
0x080D1CD4	0x080D1CFF	thumb	HBlankCB_Ripple
0x080D1D00	0x080D1D37	thumb	Task_Wave
0x080D1D38	0x080D1D8F	thumb	Wave_Init
0x080D1D90	0x080D1E2B	thumb	Wave_Main
0x080D1E2C	0x080D1E6B	thumb	Wave_End
0x080D1E6C	0x080D1EFF	thumb	VBlankCB_Wave
0x080D1F00	0x080D1F37	thumb	Task_Spiral
0x080D1F38	0x080D250F	thumb	Spiral_UpdateFrame
0x080D2510	0x080D2597	thumb	Spiral_Init
0x080D2598	0x080D266B	thumb	Spiral_End
0x080D266C	0x080D273B	thumb	VBlankCB_Spiral
0x080D273C	0x080D275B	thumb	Task_Lorelei
0x080D275C	0x080D277B	thumb	Task_Bruno
0x080D277C	0x080D279B	thumb	Task_Agatha
0x080D279C	0x080D27BB	thumb	Task_Lance
0x080D27BC	0x080D27DB	thumb	Task_Blue
0x080D27DC	0x080D2813	thumb	DoMugshotTransition
0x080D2814	0x080D287B	thumb	Mugshot_Init
0x080D287C	0x080D293B	thumb	Mugshot_SetGfx
0x080D293C	0x080D2A27	thumb	Mugshot_ShowBanner
0x080D2A28	0x080D2AA3	thumb	Mugshot_StartOpponentSlide
0x080D2AA4	0x080D2ADF	thumb	Mugshot_WaitStartPlayerSlide
0x080D2AE0	0x080D2B97	thumb	Mugshot_WaitPlayerSlide
0x080D2B98	0x080D2C5F	thumb	Mugshot_GradualWhiteFade
0x080D2C60	0x080D2C97	thumb	Mugshot_InitFadeWhiteToBlack
0x080D2C98	0x080D2CE3	thumb	Mugshot_FadeToBlack
0x080D2CE4	0x080D2D23	thumb	Mugshot_End
0x080D2D24	0x080D2DBF	thumb	VBlankCB_Mugshots
0x080D2DC0	0x080D2E3F	thumb	VBlankCB_MugshotsFadeOut
0x080D2E40	0x080D2E77	thumb	HBlankCB_Mugshots
0x080D2E78	0x080D2FEF	thumb	Mugshots_CreateTrainerPics
0x080D2FF0	0x080D3017	thumb	SpriteCB_MugshotTrainerPic
0x080D3018	0x080D301B	thumb	MugshotTrainerPic_Pause
0x080D301C	0x080D3067	thumb	MugshotTrainerPic_Init
0x080D3068	0x080D3099	thumb	MugshotTrainerPic_Slide
0x080D309C	0x080D30C7	thumb	MugshotTrainerPic_SlideSlow
0x080D30C8	0x080D30F1	thumb	MugshotTrainerPic_SlideOffscreen
0x080D30F4	0x080D310B	thumb	SetTrainerPicSlideDirection
0x080D310C	0x080D3127	thumb	IncrementTrainerPicState
0x080D3128	0x080D313F	thumb	IsTrainerPicSlideDone
0x080D3140	0x080D3177	thumb	Task_Slice
0x080D3178	0x080D31F3	thumb	Slice_Init
0x080D31F4	0x080D32BF	thumb	Slice_Main
0x080D32C0	0x080D32FF	thumb	Slice_End
0x080D3300	0x080D3393	thumb	VBlankCB_Slice
0x080D3394	0x080D33BF	thumb	HBlankCB_Slice
0x080D33C0	0x080D33F7	thumb	Task_WhiteBarsFade
0x080D33F8	0x080D346F	thumb	WhiteBarsFade_Init
0x080D3470	0x080D34E3	thumb	WhiteBarsFade_StartBars
0x080D34E4	0x080D351F	thumb	WhiteBarsFade_WaitBars
0x080D3520	0x080D3587	thumb	WhiteBarsFade_BlendToBlack
0x080D3588	0x080D35C7	thumb	WhiteBarsFade_End
0x080D35C8	0x080D3663	thumb	VBlankCB_WhiteBarsFade
0x080D3664	0x080D36B3	thumb	VBlankCB_WhiteBarsFade_Blend
0x080D36B4	0x080D36F3	thumb	HBlankCB_WhiteBarsFade
0x080D36F4	0x080D37EB	thumb	SpriteCB_WhiteBarFade
0x080D37EC	0x080D3823	thumb	Task_GridSquares
0x080D3824	0x080D3877	thumb	GridSquares_Init
0x080D3878	0x080D38CF	thumb	GridSquares_Main
0x080D38D0	0x080D38FB	thumb	GridSquares_End
0x080D38FC	0x080D3933	thumb	Task_AngledWipes
0x080D3934	0x080D3997	thumb	AngledWipes_Init
0x080D3998	0x080D3A13	thumb	AngledWipes_SetWipeData
0x080D3A14	0x080D3AEF	thumb	AngledWipes_DoWipe
0x080D3AF0	0x080D3B5B	thumb	AngledWipes_TryEnd
0x080D3B5C	0x080D3B77	thumb	AngledWipes_StartNext
0x080D3B78	0x080D3C13	thumb	VBlankCB_AngledWipes
0x080D3C14	0x080D3C77	thumb	CreateIntroTask
0x080D3C78	0x080D3C95	thumb	IsIntroTaskDone
0x080D3C98	0x080D3CCF	thumb	Task_BattleTransition_Intro
0x080D3CD0	0x080D3D2B	thumb	TransitionIntro_FadeToGray
0x080D3D2C	0x080D3DA1	thumb	TransitionIntro_FadeFromGray
0x080D3DA4	0x080D3DC7	thumb	InitTransitionData
0x080D3DC8	0x080D3DD9	thumb	VBlankCB_BattleTransition
0x080D3DDC	0x080D3DFB	thumb	GetBg0TilemapDst
0x080D3DFC	0x080D3E33	thumb	GetBg0TilesDst
0x080D3E34	0x080D3E45	thumb	FadeScreenBlack
0x080D3E48	0x080D3EC3	thumb	SetSinWave
0x080D3EC4	0x080D405B	thumb	SetCircularMask
0x080D405C	0x080D40D5	thumb	InitBlackWipe
0x080D40D8	0x080D41D3	thumb	UpdateBlackWipe
0x080D41D4	0x080D41D5	thumb	LinkPartnerDummy
0x080D41D8	0x080D41F3	thumb	SetControllerToLinkPartner
0x080D41F4	0x080D4243	thumb	LinkPartnerBufferRunCommand
0x080D4244	0x080D427B	thumb	CompleteOnBattlerSpriteCallbackDummy
0x080D427C	0x080D42E3	thumb	FreeTrainerSpriteAfterSlide
0x080D42E4	0x080D432B	thumb	Intro_DelayAndEnd
0x080D432C	0x080D440F	thumb	Intro_WaitForHealthbox
0x080D4410	0x080D4563	thumb	Intro_ShowHealthbox
0x080D4564	0x080D45A3	thumb	WaitForMonAnimAfterLoad
0x080D45A4	0x080D4613	thumb	CompleteOnHealthbarDone
0x080D4614	0x080D467B	thumb	FreeMonSpriteAfterFaintAnim
0x080D467C	0x080D46EB	thumb	FreeMonSpriteAfterSwitchOutAnim
0x080D46EC	0x080D4701	thumb	CompleteOnInactiveTextPrinter
0x080D4704	0x080D477F	thumb	DoHitAnimBlinkSpriteEffect
0x080D4780	0x080D47EF	thumb	SwitchIn_ShowSubstitute
0x080D47F0	0x080D481F	thumb	SwitchIn_WaitAndEnd
0x080D4820	0x080D4917	thumb	SwitchIn_ShowHealthbox
0x080D4918	0x080D49BB	thumb	SwitchIn_TryShinyAnim
0x080D49BC	0x080D4A33	thumb	LinkPartnerBufferExecCompleted
0x080D4A34	0x080D4A63	thumb	CompleteOnFinishedStatusAnimation
0x080D4A64	0x080D4A93	thumb	CompleteOnFinishedBattleAnimation
0x080D4A94	0x080D4B05	thumb	LinkPartnerHandleGetMonData
0x080D4B08	0x080D52B3	thumb	CopyLinkPartnerMonData
0x080D52B4	0x080D52BD	thumb	LinkPartnerHandleGetRawMonData
0x080D52C0	0x080D5317	thumb	LinkPartnerHandleSetMonData
0x080D5318	0x080D5D13	thumb	SetLinkPartnerMonData
0x080D5D14	0x080D5D87	thumb	LinkPartnerHandleSetRawMonData
0x080D5D88	0x080D5EA3	thumb	LinkPartnerHandleLoadMonSprite
0x080D5EA4	0x080D5F13	thumb	LinkPartnerHandleSwitchInAnim
0x080D5F14	0x080D607F	thumb	StartSendOutAnim
0x080D6080	0x080D610F	thumb	LinkPartnerHandleReturnMonToBall
0x080D6110	0x080D619B	thumb	DoSwitchOutAnimation
0x080D619C	0x080D630F	thumb	LinkPartnerHandleDrawTrainerPic
0x080D6310	0x080D6319	thumb	LinkPartnerHandleTrainerSlide
0x080D631C	0x080D63C7	thumb	LinkPartnerHandleTrainerSlideBack
0x080D63C8	0x080D64B3	thumb	LinkPartnerHandleFaintAnimation
0x080D64B4	0x080D64BD	thumb	LinkPartnerHandlePaletteFade
0x080D64C0	0x080D64C9	thumb	LinkPartnerHandleSuccessBallThrowAnim
0x080D64CC	0x080D64D5	thumb	LinkPartnerHandleBallThrowAnim
0x080D64D8	0x080D64E1	thumb	LinkPartnerHandlePause
0x080D64E4	0x080D661B	thumb	LinkPartnerHandleMoveAnimation
0x080D661C	0x080D679D	thumb	LinkPartnerDoMoveAnimation
0x080D67A0	0x080D6813	thumb	LinkPartnerHandlePrintString
0x080D6814	0x080D681D	thumb	LinkPartnerHandlePrintSelectionString
0x080D6820	0x080D6829	thumb	LinkPartnerHandleChooseAction
0x080D682C	0x080D6835	thumb	LinkPartnerHandleUnknownYesNoBox
0x080D6838	0x080D6841	thumb	LinkPartnerHandleChooseMove
0x080D6844	0x080D684D	thumb	LinkPartnerHandleChooseItem
0x080D6850	0x080D6859	thumb	LinkPartnerHandleChoosePokemon
0x080D685C	0x080D6865	thumb	LinkPartnerHandleCmd23
0x080D6868	0x080D6957	thumb	LinkPartnerHandleHealthBarUpdate
0x080D6958	0x080D6961	thumb	LinkPartnerHandleExpUpdate
0x080D6964	0x080D69DB	thumb	LinkPartnerHandleStatusIconUpdate
0x080D69DC	0x080D6A43	thumb	LinkPartnerHandleStatusAnimation
0x080D6A44	0x080D6A4D	thumb	LinkPartnerHandleStatusXor
0x080D6A50	0x080D6A59	thumb	LinkPartnerHandleDataTransfer
0x080D6A5C	0x080D6A65	thumb	LinkPartnerHandleDMA3Transfer
0x080D6A68	0x080D6A71	thumb	LinkPartnerHandlePlayBGM
0x080D6A74	0x080D6A7D	thumb	LinkPartnerHandleCmd32
0x080D6A80	0x080D6A89	thumb	LinkPartnerHandleTwoReturnValues
0x080D6A8C	0x080D6A95	thumb	LinkPartnerHandleChosenMonReturnValue
0x080D6A98	0x080D6AA1	thumb	LinkPartnerHandleOneReturnValue
0x080D6AA4	0x080D6AAD	thumb	LinkPartnerHandleOneReturnValue_Duplicate
0x080D6AB0	0x080D6ACB	thumb	LinkPartnerHandleClearUnkVar
0x080D6ACC	0x080D6B03	thumb	LinkPartnerHandleSetUnkVar
0x080D6B04	0x080D6B1B	thumb	LinkPartnerHandleClearUnkFlag
0x080D6B1C	0x080D6B43	thumb	LinkPartnerHandleToggleUnkFlag
0x080D6B44	0x080D6BB3	thumb	LinkPartnerHandleHitAnimation
0x080D6BB4	0x080D6BBD	thumb	LinkPartnerHandleCantSwitch
0x080D6BC0	0x080D6C03	thumb	LinkPartnerHandlePlaySE
0x080D6C04	0x080D6C33	thumb	LinkPartnerHandlePlayFanfare
0x080D6C34	0x080D6C73	thumb	LinkPartnerHandleFaintingCry
0x080D6C74	0x080D6CA7	thumb	LinkPartnerHandleIntroSlide
0x080D6CA8	0x080D6EA3	thumb	LinkPartnerHandleIntroTrainerBallThrow
0x080D6EA4	0x080D6FAF	thumb	Task_StartSendOutAnim
0x080D6FB0	0x080D7073	thumb	LinkPartnerHandleDrawPartyStatusSummary
0x080D7074	0x080D70BB	thumb	EndDrawPartyStatusSummary
0x080D70BC	0x080D710B	thumb	LinkPartnerHandleHidePartyStatusSummary
0x080D710C	0x080D7115	thumb	LinkPartnerHandleEndBounceEffect
0x080D7118	0x080D7177	thumb	LinkPartnerHandleSpriteInvisibility
0x080D7178	0x080D71DF	thumb	LinkPartnerHandleBattleAnimation
0x080D71E0	0x080D71E9	thumb	LinkPartnerHandleLinkStandbyMsg
0x080D71EC	0x080D71F5	thumb	LinkPartnerHandleResetActionMoveSelection
0x080D71F8	0x080D7243	thumb	LinkPartnerHandleEndLinkBattle
0x080D7244	0x080D7245	thumb	LinkPartnerCmdEnd
0x080D7248	0x080D77C7	thumb	BufferStringBattle
0x080D77C8	0x080D77D7	thumb	BattleStringExpandPlaceholdersToDisplayedString
0x080D77D8	0x080D7839	thumb	TryGetStatusString
0x080D783C	0x080D83E9	thumb	BattleStringExpandPlaceholders
0x080D83EC	0x080D8699	thumb	ExpandBattleTextBuffPlaceholders
0x080D869C	0x080D86F3	thumb	ChooseMoveUsedParticle
0x080D86F4	0x080D878F	thumb	ChooseTypeOfMoveUsedString
0x080D8790	0x080D8983	thumb	BattlePutTextOnWindow
0x080D8984	0x080D89AD	thumb	BattleStringShouldBeColored
0x080D89B0	0x080D8A23	thumb	SetPpNumbersPaletteInMoveSelection
0x080D8A24	0x080D8A71	thumb	GetCurrentPpToMaxPpState
0x080D8A74	0x080D8A8F	thumb	Q_8_8_mul
0x080D8A90	0x080D8AB3	thumb	Q_N_S_mul
0x080D8AB4	0x080D8AEF	thumb	Q_24_8_mul
0x080D8AF0	0x080D8B11	thumb	Q_8_8_div
0x080D8B14	0x080D8B3B	thumb	Q_N_S_div
0x080D8B3C	0x080D8B63	thumb	Q_24_8_div
0x080D8B64	0x080D8B7B	thumb	Q_8_8_inv
0x080D8B7C	0x080D8B99	thumb	Q_N_S_inv
0x080D8B9C	0x080D8BB7	thumb	Q_24_8_inv
0x080D8BB8	0x080D8BCB	thumb	RouletteFlash_Reset
0x080D8BCC	0x080D8C4F	thumb	RouletteFlash_Add
0x080D8C50	0x080D8C83	thumb	RouletteFlash_Remove
0x080D8C84	0x080D8E8B	thumb	RouletteFlash_FadePalette
0x080D8E8C	0x080D8F1B	thumb	RouletteFlash_FlashPalette
0x080D8F1C	0x080D8F85	thumb	RouletteFlash_Run
0x080D8F88	0x080D8FDB	thumb	RouletteFlash_Enable
0x080D8FDC	0x080D9079	thumb	RouletteFlash_Stop
0x080D907C	0x080D90A7	thumb	InitPulseBlend
0x080D90A8	0x080D9111	thumb	InitPulseBlendPaletteSettings
0x080D9114	0x080D918F	thumb	ClearPulseBlendPalettesSettings
0x080D9190	0x080D91E5	thumb	UnloadUsedPulseBlendPalettes
0x080D91E8	0x080D9265	thumb	MarkUsedPulseBlendPalettes
0x080D9268	0x080D938F	thumb	UnmarkUsedPulseBlendPalettes
0x080D9390	0x080D9545	thumb	UpdatePulseBlend
0x080D9548	0x080D9597	thumb	FillTilemapRect
0x080D9598	0x080D95E7	thumb	SetTilemapRect
0x080D95E8	0x080D9671	thumb	CableCarUtil_FillWrapped
0x080D9674	0x080D96FD	thumb	CableCarUtil_CopyWrapped
0x080D9700	0x080D9723	thumb	ClearSaveData
0x080D9724	0x080D973F	thumb	Save_ResetSaveCounters
0x080D9740	0x080D97A3	thumb	SetDamagedSectorBits
0x080D97A4	0x080D9843	thumb	WriteSaveSectorOrSlot
0x080D9844	0x080D9933	thumb	HandleWriteSector
0x080D9934	0x080D99AB	thumb	HandleWriteSectorNBytes
0x080D99AC	0x080D99D7	thumb	TryWriteSector
0x080D99D8	0x080D9A33	thumb	RestoreSaveBackupVarsAndIncrement
0x080D9A34	0x080D9A77	thumb	RestoreSaveBackupVars
0x080D9A78	0x080D9AD5	thumb	HandleWriteIncrementalSector
0x080D9AD8	0x080D9B23	thumb	HandleReplaceSectorAndVerify
0x080D9B24	0x080D9CC1	thumb	HandleReplaceSector
0x080D9CC4	0x080D9D5B	thumb	CopySectorSignatureByte
0x080D9D5C	0x080D9DE7	thumb	WriteSectorSignatureByte
0x080D9DE8	0x080D9E25	thumb	TryLoadSaveSlot
0x080D9E28	0x080D9EDF	thumb	CopySaveSlotData
0x080D9EE0	0x080DA0F3	thumb	GetSaveValidStatus
0x080DA0F4	0x080DA163	thumb	TryLoadSaveSector
0x080DA164	0x080DA17B	thumb	ReadFlashSector
0x080DA17C	0x080DA1A7	thumb	CalculateChecksum
0x080DA1A8	0x080DA21B	thumb	UpdateSaveAddresses
0x080DA21C	0x080DA337	thumb	HandleSavingData
0x080DA338	0x080DA37F	thumb	TrySavingData
0x080DA380	0x080DA3A9	thumb	LinkFullSave_Init
0x080DA3AC	0x080DA3DF	thumb	LinkFullSave_WriteSector
0x080DA3E0	0x080DA407	thumb	LinkFullSave_ReplaceLastSector
0x080DA408	0x080DA42F	thumb	LinkFullSave_SetLastSectorSignature
0x080DA430	0x080DA473	thumb	WriteSaveBlock2
0x080DA474	0x080DA4CF	thumb	WriteSaveBlock1Sector
0x080DA4D0	0x080DA55B	thumb	LoadGameSave
0x080DA55C	0x080DA5B3	thumb	TryReadSpecialSaveSector
0x080DA5B4	0x080DA607	thumb	TryWriteSpecialSaveSector
0x080DA608	0x080DA7D3	thumb	Task_LinkFullSave
0x080DA7D4	0x080DA807	thumb	CheckCompatibility
0x080DA808	0x080DA823	thumb	SetIncompatible
0x080DA824	0x080DA853	thumb	InitMysteryEventScript
0x080DA854	0x080DA873	thumb	RunMysteryEventScriptCommand
0x080DA874	0x080DA887	thumb	MEventScript_InitContext
0x080DA888	0x080DA8A3	thumb	MEventScript_Run
0x080DA8A4	0x080DA8BD	thumb	RunMysteryEventScript
0x080DA8C0	0x080DA8CB	thumb	SetMysteryEventScriptStatus
0x080DA8CC	0x080DA8D7	thumb	MEScrCmd_end
0x080DA8D8	0x080DA927	thumb	MEScrCmd_checkcompat
0x080DA928	0x080DA92B	thumb	MEScrCmd_nop
0x080DA92C	0x080DA939	thumb	MEScrCmd_setstatus
0x080DA93C	0x080DA973	thumb	MEScrCmd_setmsg
0x080DA974	0x080DA98F	thumb	MEScrCmd_runscript
0x080DA990	0x080DAA55	thumb	MEScrCmd_setenigmaberry
0x080DAA58	0x080DAA8B	thumb	MEScrCmd_giveribbon
0x080DAA8C	0x080DAAF1	thumb	MEScrCmd_initramscript
0x080DAAF4	0x080DAB17	thumb	MEScrCmd_givenationaldex
0x080DAB18	0x080DAB43	thumb	MEScrCmd_addrareword
0x080DAB44	0x080DAB57	thumb	MEScrCmd_setrecordmixinggift
0x080DAB58	0x080DAC63	thumb	MEScrCmd_givepokemon
0x080DAC64	0x080DACAB	thumb	MEScrCmd_addtrainer
0x080DACAC	0x080DACBF	thumb	MEScrCmd_enableresetrtc
0x080DACC0	0x080DAD05	thumb	MEScrCmd_checksum
0x080DAD08	0x080DAD51	thumb	MEScrCmd_crc
0x080DAD54	0x080DAE17	thumb	SetUpReflection
0x080DAE18	0x080DAE2B	thumb	GetReflectionVerticalOffset
0x080DAE2C	0x080DAE99	thumb	LoadObjectReflectionPalette
0x080DAE9C	0x080DAEF5	thumb	LoadObjectRegularReflectionPalette
0x080DAEF8	0x080DAF27	thumb	LoadObjectHighBridgeReflectionPalette
0x080DAF28	0x080DB09B	thumb	UpdateObjectReflectionSprite
0x080DB09C	0x080DB0EB	thumb	CreateWarpArrowSprite
0x080DB0EC	0x080DB10B	thumb	SetSpriteInvisible
0x080DB10C	0x080DB1B3	thumb	ShowWarpArrowSprite
0x080DB1B4	0x080DB257	thumb	FldEff_Shadow
0x080DB258	0x080DB31F	thumb	UpdateShadowFieldEffect
0x080DB320	0x080DB3C3	thumb	FldEff_TallGrass
0x080DB3C4	0x080DB4CB	thumb	UpdateTallGrassFieldEffect
0x080DB4CC	0x080DB53B	thumb	FldEff_JumpTallGrass
0x080DB53C	0x080DB5C9	thumb	FindTallGrassFieldEffectSpriteId
0x080DB5CC	0x080DB673	thumb	FldEff_LongGrass
0x080DB674	0x080DB76F	thumb	UpdateLongGrassFieldEffect
0x080DB770	0x080DB7DF	thumb	FldEff_JumpLongGrass
0x080DB7E0	0x080DB883	thumb	FldEff_ShortGrass
0x080DB884	0x080DB977	thumb	UpdateShortGrassFieldEffect
0x080DB978	0x080DB9EB	thumb	FldEff_SandFootprints
0x080DB9EC	0x080DBA5F	thumb	FldEff_DeepSandFootprints
0x080DBA60	0x080DBAD3	thumb	FldEff_BikeTireTracks
0x080DBAD4	0x080DBAEF	thumb	UpdateFootprintsTireTracksFieldEffect
0x080DBAF0	0x080DBB11	thumb	FadeFootprintsTireTracks_Step0
0x080DBB14	0x080DBB5D	thumb	FadeFootprintsTireTracks_Step1
0x080DBB60	0x080DBC03	thumb	FldEff_Splash
0x080DBC04	0x080DBC8F	thumb	UpdateSplashFieldEffect
0x080DBC90	0x080DBCFF	thumb	FldEff_JumpSmallSplash
0x080DBD00	0x080DBD6F	thumb	FldEff_JumpBigSplash
0x080DBD70	0x080DBE27	thumb	FldEff_FeetInFlowingWater
0x080DBE28	0x080DBEC7	thumb	UpdateFeetInFlowingWaterFieldEffect
0x080DBEC8	0x080DBF27	thumb	FldEff_Ripple
0x080DBF28	0x080DBFCB	thumb	FldEff_HotSpringsWater
0x080DBFCC	0x080DC063	thumb	UpdateHotSpringsWaterFieldEffect
0x080DC064	0x080DC0CF	thumb	FldEff_UnusedGrass
0x080DC0D0	0x080DC13B	thumb	FldEff_UnusedGrass2
0x080DC13C	0x080DC1A7	thumb	FldEff_UnusedSand
0x080DC1A8	0x080DC213	thumb	FldEff_UnusedWaterSurfacing
0x080DC214	0x080DC247	thumb	StartAshFieldEffect
0x080DC248	0x080DC2D3	thumb	FldEff_Ash
0x080DC2D4	0x080DC2EF	thumb	UpdateAshFieldEffect
0x080DC2F0	0x080DC31D	thumb	UpdateAshFieldEffect_Step0
0x080DC320	0x080DC37F	thumb	UpdateAshFieldEffect_Step1
0x080DC380	0x080DC3A5	thumb	UpdateAshFieldEffect_Step2
0x080DC3A8	0x080DC423	thumb	FldEff_SurfBlob
0x080DC424	0x080DC44F	thumb	SetSurfBlob_BobState
0x080DC450	0x080DC47B	thumb	SetSurfBlob_DontSyncAnim
0x080DC47C	0x080DC4AF	thumb	SetSurfBlob_PlayerOffset
0x080DC4B0	0x080DC4B7	thumb	GetSurfBlob_BobState
0x080DC4B8	0x080DC4C1	thumb	GetSurfBlob_DontSyncAnim
0x080DC4C4	0x080DC4CF	thumb	GetSurfBlob_HasPlayerOffset
0x080DC4D0	0x080DC527	thumb	UpdateSurfBlobFieldEffect
0x080DC528	0x080DC55F	thumb	SynchroniseSurfAnim
0x080DC560	0x080DC5F3	thumb	SynchroniseSurfPosition
0x080DC5F4	0x080DC685	thumb	CreateBobbingEffect
0x080DC688	0x080DC6D7	thumb	StartUnderwaterSurfBlobBobbing
0x080DC6D8	0x080DC717	thumb	SpriteCB_UnderwaterSurfBlob
0x080DC718	0x080DC787	thumb	FldEff_Dust
0x080DC788	0x080DC843	thumb	FldEff_SandPile
0x080DC844	0x080DC90F	thumb	UpdateSandPileFieldEffect
0x080DC910	0x080DC973	thumb	FldEff_Bubbles
0x080DC974	0x080DC9B3	thumb	UpdateBubblesFieldEffect
0x080DC9B4	0x080DC9B7	thumb	FldEff_BerryTreeGrowthSparkle
0x080DC9B8	0x080DC9C7	thumb	ShowTreeDisguiseFieldEffect
0x080DC9C8	0x080DC9D7	thumb	ShowMountainDisguiseFieldEffect
0x080DC9D8	0x080DC9E7	thumb	ShowSandDisguiseFieldEffect
0x080DC9E8	0x080DCA9F	thumb	ShowDisguiseFieldEffect
0x080DCAA0	0x080DCB8F	thumb	UpdateDisguiseFieldEffect
0x080DCB90	0x080DCBB7	thumb	StartRevealDisguise
0x080DCBB8	0x080DCBF3	thumb	UpdateRevealDisguise
0x080DCBF4	0x080DCC67	thumb	FldEff_Sparkle
0x080DCC68	0x080DCCB5	thumb	UpdateSparkleFieldEffect
0x080DCCB8	0x080DCCF1	thumb	UpdateJumpImpactEffect
0x080DCCF4	0x080DCD1D	thumb	WaitFieldEffectSpriteAnim
0x080DCD20	0x080DCDE7	thumb	UpdateGrassFieldEffectSubpriority
0x080DCDE8	0x080DCE4F	thumb	SoundTask_FireBlast
0x080DCE50	0x080DCEBB	thumb	SoundTask_FireBlast_Step1
0x080DCEBC	0x080DCF0F	thumb	SoundTask_FireBlast_Step2
0x080DCF10	0x080DCFBF	thumb	SoundTask_LoopSEAdjustPanning
0x080DCFC0	0x080DD043	thumb	SoundTask_LoopSEAdjustPanning_Step
0x080DD044	0x080DD11F	thumb	SoundTask_PlayCryHighPitch
0x080DD120	0x080DD247	thumb	SoundTask_PlayDoubleCry
0x080DD248	0x080DD2C9	thumb	SoundTask_PlayDoubleCry_Step
0x080DD2CC	0x080DD309	thumb	SoundTask_WaitForCry
0x080DD30C	0x080DD367	thumb	SoundTask_PlayCryWithEcho
0x080DD368	0x080DD3B1	thumb	SoundTask_PlayCryWithEcho_Step
0x080DD3B4	0x080DD3E7	thumb	SoundTask_PlaySE1WithPanning
0x080DD3E8	0x080DD41B	thumb	SoundTask_PlaySE2WithPanning
0x080DD41C	0x080DD4AB	thumb	SoundTask_AdjustPanningVar
0x080DD4AC	0x080DD50B	thumb	SoundTask_AdjustPanningVar_Step
0x080DD50C	0x080DD50D	thumb	SafariDummy
0x080DD510	0x080DD52B	thumb	SetControllerToSafari
0x080DD52C	0x080DD57B	thumb	SafariBufferRunCommand
0x080DD57C	0x080DD6FF	thumb	HandleInputChooseAction
0x080DD700	0x080DD737	thumb	CompleteOnBattlerSpriteCallbackDummy
0x080DD738	0x080DD74D	thumb	CompleteOnInactiveTextPrinter
0x080DD750	0x080DD787	thumb	CompleteOnHealthboxSpriteCallbackDummy
0x080DD788	0x080DD7C7	thumb	Safari_SetBattleEndCallbacks
0x080DD7C8	0x080DD803	thumb	CompleteOnSpecialAnimDone
0x080DD804	0x080DD833	thumb	SafariOpenPokeblockCase
0x080DD834	0x080DD86F	thumb	CompleteWhenChosePokeblock
0x080DD870	0x080DD89F	thumb	CompleteOnFinishedBattleAnimation
0x080DD8A0	0x080DD917	thumb	SafariBufferExecCompleted
0x080DD918	0x080DD947	thumb	CompleteOnFinishedStatusAnimation
0x080DD948	0x080DD951	thumb	SafariHandleGetMonData
0x080DD954	0x080DD95D	thumb	SafariHandleGetRawMonData
0x080DD960	0x080DD969	thumb	SafariHandleSetMonData
0x080DD96C	0x080DD975	thumb	SafariHandleSetRawMonData
0x080DD978	0x080DD981	thumb	SafariHandleLoadMonSprite
0x080DD984	0x080DD98D	thumb	SafariHandleSwitchInAnim
0x080DD990	0x080DD999	thumb	SafariHandleReturnMonToBall
0x080DD99C	0x080DDA7B	thumb	SafariHandleDrawTrainerPic
0x080DDA7C	0x080DDA85	thumb	SafariHandleTrainerSlide
0x080DDA88	0x080DDA91	thumb	SafariHandleTrainerSlideBack
0x080DDA94	0x080DDA9D	thumb	SafariHandleFaintAnimation
0x080DDAA0	0x080DDAA9	thumb	SafariHandlePaletteFade
0x080DDAAC	0x080DDAFF	thumb	SafariHandleSuccessBallThrowAnim
0x080DDB00	0x080DDB5F	thumb	SafariHandleBallThrowAnim
0x080DDB60	0x080DDB69	thumb	SafariHandlePause
0x080DDB6C	0x080DDB75	thumb	SafariHandleMoveAnimation
0x080DDB78	0x080DDBEB	thumb	SafariHandlePrintString
0x080DDBEC	0x080DDC0F	thumb	SafariHandlePrintSelectionString
0x080DDC10	0x080DDC4F	thumb	HandleChooseActionAfterDma3
0x080DDC50	0x080DDCC3	thumb	SafariHandleChooseAction
0x080DDCC4	0x080DDCCD	thumb	SafariHandleUnknownYesNoBox
0x080DDCD0	0x080DDCD9	thumb	SafariHandleChooseMove
0x080DDCDC	0x080DDD1B	thumb	SafariHandleChooseItem
0x080DDD1C	0x080DDD25	thumb	SafariHandleChoosePokemon
0x080DDD28	0x080DDD31	thumb	SafariHandleCmd23
0x080DDD34	0x080DDD3D	thumb	SafariHandleHealthBarUpdate
0x080DDD40	0x080DDD49	thumb	SafariHandleExpUpdate
0x080DDD4C	0x080DDD87	thumb	SafariHandleStatusIconUpdate
0x080DDD88	0x080DDD91	thumb	SafariHandleStatusAnimation
0x080DDD94	0x080DDD9D	thumb	SafariHandleStatusXor
0x080DDDA0	0x080DDDA9	thumb	SafariHandleDataTransfer
0x080DDDAC	0x080DDDB5	thumb	SafariHandleDMA3Transfer
0x080DDDB8	0x080DDDC1	thumb	SafariHandlePlayBGM
0x080DDDC4	0x080DDDCD	thumb	SafariHandleCmd32
0x080DDDD0	0x080DDDD9	thumb	SafariHandleTwoReturnValues
0x080DDDDC	0x080DDDE5	thumb	SafariHandleChosenMonReturnValue
0x080DDDE8	0x080DDDF1	thumb	SafariHandleOneReturnValue
0x080DDDF4	0x080DDDFD	thumb	SafariHandleOneReturnValue_Duplicate
0x080DDE00	0x080DDE09	thumb	SafariHandleCmd37
0x080DDE0C	0x080DDE15	thumb	SafariHandleCmd38
0x080DDE18	0x080DDE21	thumb	SafariHandleCmd39
0x080DDE24	0x080DDE2D	thumb	SafariHandleCmd40
0x080DDE30	0x080DDE39	thumb	SafariHandleHitAnimation
0x080DDE3C	0x080DDE45	thumb	SafariHandleCmd42
0x080DDE48	0x080DDE8B	thumb	SafariHandlePlaySE
0x080DDE8C	0x080DDEBB	thumb	SafariHandlePlayFanfareOrBGM
0x080DDEBC	0x080DDEF7	thumb	SafariHandleFaintingCry
0x080DDEF8	0x080DDF2B	thumb	SafariHandleIntroSlide
0x080DDF2C	0x080DDF87	thumb	SafariHandleIntroTrainerBallThrow
0x080DDF88	0x080DDF91	thumb	SafariHandleDrawPartyStatusSummary
0x080DDF94	0x080DDF9D	thumb	SafariHandleHidePartyStatusSummary
0x080DDFA0	0x080DDFA9	thumb	SafariHandleEndBounceEffect
0x080DDFAC	0x080DDFB5	thumb	SafariHandleSpriteInvisibility
0x080DDFB8	0x080DE013	thumb	SafariHandleBattleAnimation
0x080DE014	0x080DE01D	thumb	SafariHandleLinkStandbyMsg
0x080DE020	0x080DE029	thumb	SafariHandleResetActionMoveSelection
0x080DE02C	0x080DE087	thumb	SafariHandleCmd55
0x080DE088	0x080DE089	thumb	SafariCmdEnd
0x080DE08C	0x080DE09F	thumb	Unused_StartSweetscentFldeff
0x080DE0A0	0x080DE0BF	thumb	SetUpFieldMove_SweetScent
0x080DE0C0	0x080DE0DB	thumb	FieldCallback_SweetScent
0x080DE0DC	0x080DE10B	thumb	FldEff_SweetScent
0x080DE10C	0x080DE1A7	thumb	StartSweetScentFieldEffect
0x080DE1A8	0x080DE24B	thumb	TrySweetScentEncounter
0x080DE24C	0x080DE297	thumb	FailSweetScentEncounter
0x080DE298	0x080DE2D7	thumb	AnimBlackSmoke
0x080DE2D8	0x080DE321	thumb	AnimBlackSmoke_Step
0x080DE324	0x080DE373	thumb	AnimTask_SmokescreenImpact
0x080DE374	0x080DE3B7	thumb	AnimWhiteHalo
0x080DE3B8	0x080DE3F7	thumb	AnimWhiteHalo_Step1
0x080DE3F8	0x080DE417	thumb	AnimWhiteHalo_Step2
0x080DE418	0x080DE4B3	thumb	AnimTealAlert
0x080DE4B4	0x080DE4DF	thumb	AnimMeanLookEye
0x080DE4E0	0x080DE56F	thumb	AnimMeanLookEye_Step1
0x080DE570	0x080DE5B3	thumb	AnimMeanLookEye_Step2
0x080DE5B4	0x080DE65F	thumb	AnimMeanLookEye_Step3
0x080DE660	0x080DE6C7	thumb	AnimMeanLookEye_Step4
0x080DE6C8	0x080DE6EF	thumb	AnimTask_SetPsychicBackground
0x080DE6F0	0x080DE78B	thumb	SetPsychicBackground_Step
0x080DE78C	0x080DE7B3	thumb	AnimTask_FadeScreenToWhite
0x080DE7B4	0x080DE887	thumb	FadeScreenToWhite_Step
0x080DE888	0x080DE8FF	thumb	AnimSpikes
0x080DE900	0x080DE92F	thumb	AnimSpikes_Step1
0x080DE930	0x080DE973	thumb	AnimSpikes_Step2
0x080DE974	0x080DE9AF	thumb	AnimLeer
0x080DE9B0	0x080DEA6D	thumb	AnimLetterZ
0x080DEA70	0x080DEA89	thumb	AnimFang
0x080DEA8C	0x080DEAC7	thumb	AnimTask_IsTargetPlayerSide
0x080DEAC8	0x080DEAF7	thumb	AnimTask_IsHealingMove
0x080DEAF8	0x080DEB63	thumb	AnimSpotlight
0x080DEB64	0x080DEC2F	thumb	AnimSpotlight_Step1
0x080DEC30	0x080DEC67	thumb	AnimSpotlight_Step2
0x080DEC68	0x080DED1F	thumb	AnimClappingHand
0x080DED20	0x080DED91	thumb	AnimClappingHand_Step
0x080DED94	0x080DEDAF	thumb	AnimClappingHand2
0x080DEDB0	0x080DEE4F	thumb	AnimTask_CreateSpotlight
0x080DEE50	0x080DEE93	thumb	AnimTask_RemoveSpotlight
0x080DEE94	0x080DEF0F	thumb	AnimRapidSpin
0x080DEF10	0x080DEF71	thumb	AnimRapidSpin_Step
0x080DEF74	0x080DF09B	thumb	AnimTask_RapinSpinMonElevation
0x080DF09C	0x080DF1B3	thumb	RapinSpinMonElevation_Step
0x080DF1B4	0x080DF217	thumb	AnimTask_TormentAttacker
0x080DF218	0x080DF3FD	thumb	TormentAttacker_Step
0x080DF400	0x080DF43F	thumb	TormentAttacker_Callback
0x080DF440	0x080DF4FB	thumb	AnimTriAttackTriangle
0x080DF4FC	0x080DF557	thumb	AnimTask_DefenseCurlDeformMon
0x080DF558	0x080DF65F	thumb	AnimBatonPassPokeball
0x080DF660	0x080DF697	thumb	AnimWishStar
0x080DF698	0x080DF733	thumb	AnimWishStar_Step
0x080DF734	0x080DF793	thumb	AnimMiniTwinklingStar
0x080DF794	0x080DF81F	thumb	AnimMiniTwinklingStar_Step
0x080DF820	0x080DF877	thumb	AnimTask_StockpileDeformMon
0x080DF878	0x080DF8CF	thumb	AnimTask_SpitUpDeformMon
0x080DF8D0	0x080DF939	thumb	AnimSwallowBlueOrb
0x080DF93C	0x080DF993	thumb	AnimTask_SwallowDeformMon
0x080DF994	0x080DFBBB	thumb	AnimTask_TransformMon
0x080DFBBC	0x080DFBFB	thumb	AnimTask_IsMonInvisible
0x080DFBFC	0x080DFC27	thumb	AnimTask_CastformGfxChange
0x080DFC28	0x080DFEB3	thumb	AnimTask_MorningSunLightBeam
0x080DFEB4	0x080DFFF3	thumb	AnimGreenStar
0x080DFFF4	0x080E00A3	thumb	AnimGreenStar_Step1
0x080E00A4	0x080E00FF	thumb	AnimGreenStar_Step2
0x080E0100	0x080E0153	thumb	AnimGreenStar_Callback
0x080E0154	0x080E045F	thumb	AnimTask_DoomDesireLightBeam
0x080E0460	0x080E04B7	thumb	AnimTask_StrongFrustrationGrowAndShrink
0x080E04B8	0x080E052F	thumb	AnimWeakFrustrationAngerMark
0x080E0530	0x080E05FF	thumb	AnimTask_RockMonBackAndForth
0x080E0600	0x080E0765	thumb	AnimTask_RockMonBackAndForth_Step
0x080E0768	0x080E07B7	thumb	AnimSweetScentPetal
0x080E07B8	0x080E0827	thumb	AnimSweetScentPetal_Step
0x080E0828	0x080E087B	thumb	AnimTask_FlailMovement
0x080E087C	0x080E0A13	thumb	AnimTask_FlailMovement_Step
0x080E0A14	0x080E0AD7	thumb	AnimPainSplitProjectile
0x080E0AD8	0x080E0C3F	thumb	AnimTask_PainSplitMovement
0x080E0C40	0x080E0CEB	thumb	AnimFlatterConfetti
0x080E0CEC	0x080E0D4B	thumb	AnimFlatterConfetti_Step
0x080E0D4C	0x080E0DC3	thumb	AnimFlatterSpotlight
0x080E0DC4	0x080E0E6B	thumb	AnimFlatterSpotlight_Step
0x080E0E6C	0x080E0EB3	thumb	AnimReversalOrb
0x080E0EB4	0x080E0F8F	thumb	AnimReversalOrb_Step
0x080E0F90	0x080E11EF	thumb	AnimTask_RolePlaySilhouette
0x080E11F0	0x080E124B	thumb	AnimTask_RolePlaySilhouette_Step1
0x080E124C	0x080E12CF	thumb	AnimTask_RolePlaySilhouette_Step2
0x080E12D0	0x080E1427	thumb	AnimTask_AcidArmor
0x080E1428	0x080E16DB	thumb	AnimTask_AcidArmor_Step
0x080E16DC	0x080E1723	thumb	AnimTask_DeepInhale
0x080E1724	0x080E17BB	thumb	AnimTask_DeepInhale_Step
0x080E17BC	0x080E1823	thumb	InitYawnCloudPosition
0x080E1824	0x080E1841	thumb	UpdateYawnCloudPosition
0x080E1844	0x080E1893	thumb	AnimYawnCloud
0x080E1894	0x080E18FF	thumb	AnimYawnCloud_Step
0x080E1900	0x080E1967	thumb	AnimSmokeBallEscapeCloud
0x080E1968	0x080E1AAF	thumb	AnimTask_SlideMonForFocusBand_Step2
0x080E1AB0	0x080E1C1F	thumb	AnimTask_SlideMonForFocusBand_Step1
0x080E1C20	0x080E1D33	thumb	AnimTask_SlideMonForFocusBand
0x080E1D34	0x080E1DD7	thumb	AnimTask_SquishAndSweatDroplets
0x080E1DD8	0x080E1E6F	thumb	AnimTask_SquishAndSweatDroplets_Step
0x080E1E70	0x080E1F4B	thumb	CreateSweatDroplets
0x080E1F4C	0x080E1F9B	thumb	AnimFacadeSweatDrop
0x080E1F9C	0x080E1FF3	thumb	AnimTask_FacadeColorBlend
0x080E1FF4	0x080E205B	thumb	AnimTask_FacadeColorBlend_Step
0x080E205C	0x080E20AB	thumb	AnimTask_StatusClearedEffect
0x080E20AC	0x080E216B	thumb	AnimRoarNoiseLine
0x080E216C	0x080E21A3	thumb	AnimRoarNoiseLine_Step
0x080E21A4	0x080E227F	thumb	AnimTask_GlareEyeDots
0x080E2280	0x080E23BD	thumb	AnimTask_GlareEyeDots_Step
0x080E23C0	0x080E2475	thumb	GetGlareEyeDotCoords
0x080E2478	0x080E24B7	thumb	AnimGlareEyeDot
0x080E24B8	0x080E24EF	thumb	AnimAssistPawprint
0x080E24F0	0x080E263F	thumb	AnimTask_BarrageBall
0x080E2640	0x080E274B	thumb	AnimTask_BarrageBall_Step
0x080E274C	0x080E27F7	thumb	AnimSmellingSaltsHand
0x080E27F8	0x080E28B3	thumb	AnimSmellingSaltsHand_Step
0x080E28B4	0x080E290B	thumb	AnimTask_SmellingSaltsSquish
0x080E290C	0x080E29C7	thumb	AnimTask_SmellingSaltsSquish_Step
0x080E29C8	0x080E2A2F	thumb	AnimSmellingSaltExclamation
0x080E2A30	0x080E2A87	thumb	AnimSmellingSaltExclamation_Step
0x080E2A88	0x080E2AD3	thumb	AnimHelpingHandClap
0x080E2AD4	0x080E2CB9	thumb	AnimHelpingHandClap_Step
0x080E2CBC	0x080E2D4B	thumb	AnimTask_HelpingHandAttackerMovement
0x080E2D4C	0x080E2EEB	thumb	AnimTask_HelpingHandAttackerMovement_Step
0x080E2EEC	0x080E2F6F	thumb	AnimForesightMagnifyingGlass
0x080E2F70	0x080E3173	thumb	AnimForesightMagnifyingGlass_Step
0x080E3174	0x080E31F3	thumb	AnimMeteorMashStar_Step
0x080E31F4	0x080E326B	thumb	AnimMeteorMashStar
0x080E326C	0x080E334B	thumb	AnimTask_MonToSubstitute
0x080E334C	0x080E34A7	thumb	AnimTask_MonToSubstituteDoll
0x080E34A8	0x080E350B	thumb	AnimBlockX
0x080E350C	0x080E363B	thumb	AnimBlockX_Step
0x080E363C	0x080E37AB	thumb	AnimTask_OdorSleuthMovement
0x080E37AC	0x080E37D3	thumb	AnimTask_OdorSleuthMovementWaitFinish
0x080E37D4	0x080E38AF	thumb	MoveOdorSleuthClone
0x080E38B0	0x080E3903	thumb	AnimTask_GetReturnPowerLevel
0x080E3904	0x080E3E5B	thumb	AnimTask_SnatchOpposingMonMove
0x080E3E5C	0x080E3F95	thumb	AnimUnusedItemBagSteal
0x080E3F98	0x080E4137	thumb	AnimTask_SnatchPartnerMove
0x080E4138	0x080E41AF	thumb	AnimTask_TeeterDanceMovement
0x080E41B0	0x080E42B3	thumb	AnimTask_TeeterDanceMovement_Step
0x080E42B4	0x080E430B	thumb	AnimKnockOffStrike_Step
0x080E430C	0x080E437B	thumb	AnimKnockOffStrike
0x080E437C	0x080E43C7	thumb	AnimRecycle
0x080E43C8	0x080E44C1	thumb	AnimRecycle_Step
0x080E44C4	0x080E4515	thumb	AnimTask_GetWeather
0x080E4518	0x080E455F	thumb	AnimTask_SlackOffSquish
0x080E4560	0x080E45F7	thumb	AnimTask_SlackOffSquish_Step
0x080E45F8	0x080E4609	thumb	VBlankCB_MoveRelearner
0x080E460C	0x080E4637	thumb	TeachMoveRelearnerMove
0x080E4638	0x080E4673	thumb	Task_InitMoveRelearnerMenu
0x080E4674	0x080E4763	thumb	MoveRelearnerLoadBgGfx
0x080E4764	0x080E47D7	thumb	CB2_MoveRelearner_Init
0x080E47D8	0x080E4847	thumb	CB2_MoveRelearner_Resume
0x080E4848	0x080E4897	thumb	CB2_MoveRelearner
0x080E4898	0x080E48CB	thumb	StringExpandPlaceholdersAndPrintTextOnWindow7Color2
0x080E48CC	0x080E4EC7	thumb	MoveRelearnerStateMachine
0x080E4EC8	0x080E4EE3	thumb	DrawTextBorderOnWindows6and7
0x080E4EE4	0x080E4F2B	thumb	PrintTeachWhichMoveToStrVar1
0x080E4F2C	0x080E4F83	thumb	InitMoveRelearnerStateVariables
0x080E4F84	0x080E4FD9	thumb	SpriteCB_ListMenuScrollIndicators
0x080E4FDC	0x080E50A3	thumb	SpawnListMenuScrollIndicatorSprites
0x080E50A4	0x080E51DB	thumb	MoveRelearnerInitListMenuBuffersEtc
0x080E51DC	0x080E52D7	thumb	MoveRelearnerMenuHandleInput
0x080E52D8	0x080E5317	thumb	MoveLearnerInitListMenu
0x080E5318	0x080E541B	thumb	PrintMoveInfo
0x080E541C	0x080E5497	thumb	LoadMoveInfoUI
0x080E5498	0x080E5511	thumb	PrintMoveInfoHandleCancel_CopyToVram
0x080E5514	0x080E554B	thumb	MoveRelearnerMenu_MoveCursorFunc
0x080E554C	0x080E5573	thumb	YesNoMenuProcessInput
0x080E5574	0x080E565B	thumb	PrintTextOnWindow
0x080E565C	0x080E56B3	thumb	SetUpFieldMove_SoftBoiled
0x080E56B4	0x080E56FB	thumb	ChooseMonForSoftboiled
0x080E56FC	0x080E57BF	thumb	Task_TryUseSoftboiledOnPartyMon
0x080E57C0	0x080E5813	thumb	Task_SoftboiledRestoreHealth
0x080E5814	0x080E5877	thumb	Task_DisplayHPRestoredMessage
0x080E5878	0x080E58D7	thumb	Task_FinishSoftboiled
0x080E58D8	0x080E590B	thumb	Task_ChooseNewMonForSoftboiled
0x080E590C	0x080E5947	thumb	CantUseSoftboiledOnMon
0x080E5948	0x080E5A0F	thumb	BattleTowerMapScript2
0x080E5A10	0x080E5A47	thumb	ResetBattleTowerStreak
0x080E5A48	0x080E5AEB	thumb	ShouldBattleEReaderTrainer
0x080E5AEC	0x080E5BFF	thumb	ChooseSpecialBattleTowerTrainer
0x080E5C00	0x080E5E33	thumb	ChooseNextBattleTowerTrainer
0x080E5E34	0x080E5E47	thumb	SetBattleTowerTrainerGfxId
0x080E5E48	0x080E5E53	thumb	SetEReaderTrainerGfxId
0x080E5E54	0x080E604F	thumb	UpdateOrInsertReceivedBattleTowerRecord
0x080E6050	0x080E60BB	thumb	GetBattleTowerTrainerFrontSpriteId
0x080E60BC	0x080E6127	thumb	GetBattleTowerTrainerClassNameId
0x080E6128	0x080E61B1	thumb	GetBattleTowerTrainerName
0x080E61B4	0x080E6497	thumb	FillBattleTowerTrainerParty
0x080E6498	0x080E653B	thumb	AppendBattleTowerBannedSpeciesName
0x080E653C	0x080E661F	thumb	CheckMonBattleTowerBanlist
0x080E6620	0x080E6763	thumb	CheckPartyBattleTowerBanlist
0x080E6764	0x080E67D3	thumb	BufferBattleTowerTrainerMessage
0x080E67D4	0x080E682B	thumb	PrintBattleTowerTrainerGreeting
0x080E682C	0x080E689B	thumb	CB2_FinishEReaderBattle
0x080E689C	0x080E68D7	thumb	Task_WaitBT
0x080E68D8	0x080E69E3	thumb	StartSpecialBattle
0x080E69E4	0x080E6C63	thumb	SetBattleTowerProperty
0x080E6C64	0x080E6DEB	thumb	BattleTowerUtil
0x080E6DEC	0x080E6E1F	thumb	SetBattleTowerParty
0x080E6E20	0x080E6EB7	thumb	SaveCurrentWinStreak
0x080E6EB8	0x080E6F8F	thumb	SetPlayerBattleTowerRecord
0x080E6F90	0x080E702F	thumb	SaveBattleTowerProgress
0x080E7030	0x080E7039	thumb	BattleTower_SoftReset
0x080E703C	0x080E70CB	thumb	ValidateBattleTowerRecordChecksums
0x080E70CC	0x080E70ED	thumb	SetBattleTowerRecordChecksum
0x080E70F0	0x080E7101	thumb	ClearBattleTowerRecord
0x080E7104	0x080E715F	thumb	PopulateBravoTrainerBattleTowerLostData
0x080E7160	0x080E71A7	thumb	GetCurrentBattleTowerWinStreak
0x080E71A8	0x080E7223	thumb	DetermineBattleTowerPrize
0x080E7224	0x080E728F	thumb	GiveBattleTowerPrize
0x080E7290	0x080E731F	thumb	AwardBattleTowerRibbons
0x080E7320	0x080E73F7	thumb	Debug_FillEReaderTrainerWithPlayerData
0x080E73F8	0x080E7417	thumb	GetEreaderTrainerFrontSpriteId
0x080E7418	0x080E7437	thumb	GetEreaderTrainerClassId
0x080E7438	0x080E7467	thumb	CopyEReaderTrainerName5
0x080E7468	0x080E74D7	thumb	ValidateEReaderTrainer
0x080E74D8	0x080E74F9	thumb	SetEReaderTrainerChecksum
0x080E74FC	0x080E750D	thumb	ClearEReaderTrainer
0x080E7510	0x080E7527	thumb	BufferEReaderTrainerGreeting
0x080E7528	0x080E7573	thumb	PrintEReaderTrainerFarewellMessage
0x080E7574	0x080E7581	thumb	Dummy_TryEnableBravoTrainerBattleTower
0x080E7584	0x080E7585	thumb	OakOldManDummy
0x080E7588	0x080E75C3	thumb	SetControllerToOakOrOldMan
0x080E75C4	0x080E7613	thumb	OakOldManBufferRunCommand
0x080E7614	0x080E7819	thumb	HandleInputChooseAction
0x080E781C	0x080E78B5	thumb	SimulateInputChooseAction
0x080E78B8	0x080E78EF	thumb	CompleteOnBattlerSpriteCallbackDummy
0x080E78F0	0x080E7905	thumb	CompleteOnInactiveTextPrinter
0x080E7908	0x080E7947	thumb	OakOldManSetBattleEndCallbacks
0x080E7948	0x080E795F	thumb	CompleteOnSpecialAnimDone
0x080E7960	0x080E798F	thumb	OakOldManHandleInputChooseMove
0x080E7990	0x080E79EB	thumb	OpenPartyMenuToChooseMon
0x080E79EC	0x080E7A45	thumb	WaitForMonSelection
0x080E7A48	0x080E7A9B	thumb	OpenBagAndChooseItem
0x080E7A9C	0x080E7B23	thumb	CompleteWhenChoseItem
0x080E7B24	0x080E7CAF	thumb	Intro_TryShinyAnimShowHealthbox
0x080E7CB0	0x080E7DDB	thumb	Intro_WaitForShinyAnimAndHealthbox
0x080E7DDC	0x080E7F53	thumb	Task_GiveExpToMon
0x080E7F54	0x080E8023	thumb	Task_PrepareToGiveExpWithExpBar
0x080E8024	0x080E8167	thumb	Task_GiveExpWithExpBar
0x080E8168	0x080E81C7	thumb	Task_LaunchLvlUpAnim
0x080E81C8	0x080E827F	thumb	Task_UpdateLvlInHealthbox
0x080E8280	0x080E82CB	thumb	DestroyExpTaskAndCompleteOnInactiveTextPrinter
0x080E82CC	0x080E8333	thumb	FreeMonSpriteAfterFaintAnim
0x080E8334	0x080E8547	thumb	PrintOakText_ForPetesSake
0x080E8548	0x080E855B	thumb	PrintOakText_InflictingDamageIsKey
0x080E855C	0x080E856F	thumb	PrintOakText_LoweringStats
0x080E8570	0x080E8583	thumb	PrintOakText_OakNoRunningFromATrainer
0x080E8584	0x080E8597	thumb	PrintOakText_WinEarnsPrizeMoney
0x080E8598	0x080E85AB	thumb	PrintOakText_HowDisappointing
0x080E85AC	0x080E86DB	thumb	PrintOakTextWithMainBgDarkened
0x080E86DC	0x080E8897	thumb	PrintOakText_KeepAnEyeOnHP
0x080E8898	0x080E8907	thumb	CompleteOnHealthbarDone
0x080E8908	0x080E891D	thumb	CompleteOnInactiveTextPrinter2
0x080E8920	0x080E899B	thumb	DoHitAnimBlinkSpriteEffect
0x080E899C	0x080E8A0B	thumb	DoSwitchOutAnimation
0x080E8A0C	0x080E8A43	thumb	CompleteOnBattlerSpriteCallbackDummy2
0x080E8A44	0x080E8A73	thumb	CompleteOnFinishedBattleAnimation
0x080E8A74	0x080E8AEB	thumb	OakOldManBufferExecCompleted
0x080E8AEC	0x080E8B1B	thumb	CompleteOnFinishedStatusAnimation
0x080E8B1C	0x080E8B8D	thumb	OakOldManHandleGetMonData
0x080E8B90	0x080E933B	thumb	CopyOakOldManMonData
0x080E933C	0x080E9345	thumb	OakOldManHandleGetRawMonData
0x080E9348	0x080E939F	thumb	OakOldManHandleSetMonData
0x080E93A0	0x080E9D9B	thumb	SetOakOldManMonData
0x080E9D9C	0x080E9DA5	thumb	OakOldManHandleSetRawMonData
0x080E9DA8	0x080E9DB1	thumb	OakOldManHandleLoadMonSprite
0x080E9DB4	0x080E9DBD	thumb	OakOldManHandleSwitchInAnim
0x080E9DC0	0x080E9E43	thumb	OakOldManHandleReturnMonToBall
0x080E9E44	0x080E9F87	thumb	OakOldManHandleDrawTrainerPic
0x080E9F88	0x080EA0CB	thumb	OakOldManHandleTrainerSlide
0x080EA0CC	0x080EA0D5	thumb	OakOldManHandleTrainerSlideBack
0x080EA0D8	0x080EA1C3	thumb	OakOldManHandleFaintAnimation
0x080EA1C4	0x080EA1CD	thumb	OakOldManHandlePaletteFade
0x080EA1D0	0x080EA223	thumb	OakOldManHandleSuccessBallThrowAnim
0x080EA224	0x080EA283	thumb	OakOldManHandleBallThrowAnim
0x080EA284	0x080EA28D	thumb	OakOldManHandlePause
0x080EA290	0x080EA3B7	thumb	OakOldManHandleMoveAnimation
0x080EA3B8	0x080EA503	thumb	OakOldManDoMoveAnimation
0x080EA504	0x080EA643	thumb	OakOldManHandlePrintString
0x080EA644	0x080EA667	thumb	OakOldManHandlePrintSelectionString
0x080EA668	0x080EA6D3	thumb	HandleChooseActionAfterDma3
0x080EA6D4	0x080EA763	thumb	OakOldManHandleChooseAction
0x080EA764	0x080EA76D	thumb	OakOldManHandleUnknownYesNoBox
0x080EA770	0x080EA7B3	thumb	OakHandleChooseMove_WaitDma3
0x080EA7B4	0x080EA847	thumb	OakOldManHandleChooseMove
0x080EA848	0x080EA8AB	thumb	OakOldManHandleChooseItem
0x080EA8AC	0x080EA983	thumb	OakOldManHandleChoosePokemon
0x080EA984	0x080EA98D	thumb	OakOldManHandleCmd23
0x080EA990	0x080EAA8F	thumb	OakOldManHandleHealthBarUpdate
0x080EAA90	0x080EAB2B	thumb	OakOldManHandleExpUpdate
0x080EAB2C	0x080EAB35	thumb	OakOldManHandleStatusIconUpdate
0x080EAB38	0x080EAB41	thumb	OakOldManHandleStatusAnimation
0x080EAB44	0x080EAB4D	thumb	OakOldManHandleStatusXor
0x080EAB50	0x080EAB59	thumb	OakOldManHandleDataTransfer
0x080EAB5C	0x080EAB65	thumb	OakOldManHandleDMA3Transfer
0x080EAB68	0x080EAB71	thumb	OakOldManHandlePlayBGM
0x080EAB74	0x080EAB7D	thumb	OakOldManHandleCmd32
0x080EAB80	0x080EAB89	thumb	OakOldManHandleTwoReturnValues
0x080EAB8C	0x080EAB95	thumb	OakOldManHandleChosenMonReturnValue
0x080EAB98	0x080EABA1	thumb	OakOldManHandleOneReturnValue
0x080EABA4	0x080EABAD	thumb	OakOldManHandleOneReturnValue_Duplicate
0x080EABB0	0x080EABB9	thumb	OakOldManHandleCmd37
0x080EABBC	0x080EABC5	thumb	OakOldManHandleCmd38
0x080EABC8	0x080EABD1	thumb	OakOldManHandleCmd39
0x080EABD4	0x080EABDD	thumb	OakOldManHandleCmd40
0x080EABE0	0x080EAC4F	thumb	OakOldManHandleHitAnimation
0x080EAC50	0x080EAC59	thumb	OakOldManHandleCmd42
0x080EAC5C	0x080EAC8B	thumb	OakOldManHandlePlaySE
0x080EAC8C	0x080EACBB	thumb	OakOldManHandlePlayFanfare
0x080EACBC	0x080EACF7	thumb	OakOldManHandleFaintingCry
0x080EACF8	0x080EAD2B	thumb	OakOldManHandleIntroSlide
0x080EAD2C	0x080EAF0B	thumb	OakOldManHandleIntroTrainerBallThrow
0x080EAF0C	0x080EB07F	thumb	StartSendOutAnim
0x080EB080	0x080EB0F3	thumb	Task_StartSendOutAnim
0x080EB0F4	0x080EB177	thumb	OakOldManHandleDrawPartyStatusSummary
0x080EB178	0x080EB181	thumb	OakOldManHandleHidePartyStatusSummary
0x080EB184	0x080EB1A7	thumb	OakOldManHandleEndBounceEffect
0x080EB1A8	0x080EB1B1	thumb	OakOldManHandleSpriteInvisibility
0x080EB1B4	0x080EB20F	thumb	OakOldManHandleBattleAnimation
0x080EB210	0x080EB24B	thumb	OakOldManHandleLinkStandbyMsg
0x080EB24C	0x080EB255	thumb	OakOldManHandleResetActionMoveSelection
0x080EB258	0x080EB2B3	thumb	OakOldManHandleCmd55
0x080EB2B4	0x080EB2B5	thumb	OakOldManCmdEnd
0x080EB2B8	0x080EB2CB	thumb	BtlCtrl_OakOldMan_TestState2Flag
0x080EB2CC	0x080EB2E3	thumb	BtlCtrl_OakOldMan_SetState2Flag
0x080EB2E4	0x080EB4FB	thumb	BtlCtrl_DrawVoiceoverMessageFrame
0x080EB4FC	0x080EB62D	thumb	BtlCtrl_RemoveVoiceoverMessageFrame
0x080EB630	0x080EB683	thumb	NewGameInitPCItems
0x080EB684	0x080EB6D3	thumb	BedroomPC
0x080EB6D4	0x080EB723	thumb	PlayerPC
0x080EB724	0x080EB7F3	thumb	Task_DrawPlayerPcTopMenu
0x080EB7F4	0x080EB893	thumb	Task_TopMenuHandleInput
0x080EB894	0x080EB8BB	thumb	Task_ReturnToTopMenu
0x080EB8BC	0x080EB8E7	thumb	Task_PlayerPcItemStorage
0x080EB8E8	0x080EB98F	thumb	Task_PlayerPcMailbox
0x080EB990	0x080EB9BF	thumb	Task_PlayerPcTurnOff
0x080EB9C0	0x080EBA63	thumb	Task_CreateItemStorageSubmenu
0x080EBA64	0x080EBA8D	thumb	PrintStringOnWindow0WithDialogueFrame
0x080EBA90	0x080EBB47	thumb	Task_TopMenu_ItemStorageSubmenu_HandleInput
0x080EBB48	0x080EBB8B	thumb	Task_DepositItem_WaitFadeAndGoToBag
0x080EBB8C	0x080EBBB3	thumb	Task_PlayerPcDepositItem
0x080EBBB4	0x080EBBE3	thumb	Task_ReturnToItemStorageSubmenu
0x080EBBE4	0x080EBC0F	thumb	CB2_ReturnFromDepositMenu
0x080EBC10	0x080EBC83	thumb	Task_PlayerPcWithdrawItem
0x080EBC84	0x080EBCAF	thumb	CB2_ReturnFromWithdrawMenu
0x080EBCB0	0x080EBCEF	thumb	Task_WithdrawItem_WaitFadeAndGoToItemStorage
0x080EBCF0	0x080EBD1F	thumb	Task_WithdrawItemBeginFade
0x080EBD20	0x080EBD5F	thumb	Task_PlayerPcCancel
0x080EBD60	0x080EBD9F	thumb	Task_SetPageItemVars
0x080EBDA0	0x080EBDDB	thumb	CountPCMail
0x080EBDDC	0x080EBE87	thumb	PCMailCompaction
0x080EBE88	0x080EBF17	thumb	Task_DrawMailboxPcMenu
0x080EBF18	0x080EBFD3	thumb	Task_MailboxPcHandleInput
0x080EBFD4	0x080EC06B	thumb	Task_PrintWhatToDoWithSelectedMail
0x080EC06C	0x080EC0AF	thumb	Task_DestroyMailboxPcViewAndCancel
0x080EC0B0	0x080EC133	thumb	Task_DrawMailSubmenu
0x080EC134	0x080EC17F	thumb	Task_MailSubmenuHandleInput
0x080EC180	0x080EC1AB	thumb	Task_PlayerPcReadMail
0x080EC1AC	0x080EC207	thumb	Task_WaitFadeAndReadSelectedMail
0x080EC208	0x080EC237	thumb	Task_WaitFadeAndReturnToMailboxPcInputHandler
0x080EC238	0x080EC297	thumb	CB2_ReturnToMailbox
0x080EC298	0x080EC2B7	thumb	CB2_SetCbToReturnToMailbox
0x080EC2B8	0x080EC2D3	thumb	Task_PlayerPcMoveMailToBag
0x080EC2D4	0x080EC2FB	thumb	Task_DrawYesNoMenuToConfirmMoveToBag
0x080EC2FC	0x080EC339	thumb	Task_MoveToBagYesNoMenuHandleInput
0x080EC33C	0x080EC3CF	thumb	Task_TryPutMailInBag_DestroyMsgIfSuccessful
0x080EC3D0	0x080EC3DD	thumb	Task_DeclinedMoveMailToBag
0x080EC3E0	0x080EC41B	thumb	Task_PlayerPcGiveMailToMon
0x080EC41C	0x080EC44B	thumb	Task_WaitFadeAndGoToPartyMenu
0x080EC44C	0x080EC4D7	thumb	CB2_ReturnToMailboxPc_UpdateScrollVariables
0x080EC4D8	0x080EC4F7	thumb	Mailbox_ReturnToMailListAfterDeposit
0x080EC4F8	0x080EC513	thumb	Task_Error_NoPokemon
0x080EC514	0x080EC54B	thumb	Task_RedrawPlayerPcMailboxAndSetUpInputHandler
0x080EC54C	0x080EC57B	thumb	Task_PlayerPcExitMailSubmenu
0x080EC57C	0x080EC58D	thumb	VBlankCB_Copyright
0x080EC590	0x080EC5AB	thumb	CB2_WaitFadeBeforeSetUpIntro
0x080EC5AC	0x080EC5F3	thumb	LoadCopyrightGraphics
0x080EC5F4	0x080EC603	thumb	SerialCB_CopyrightScreen
0x080EC604	0x080EC7F7	thumb	SetUpCopyrightScreen
0x080EC7F8	0x080EC83B	thumb	CB2_InitCopyrightScreenAfterBootup
0x080EC83C	0x080EC845	thumb	CB2_InitCopyrightScreenAfterTitleScreen
0x080EC848	0x080EC9AB	thumb	CB2_SetUpIntro
0x080EC9AC	0x080EC9C1	thumb	CB2_Intro
0x080EC9C4	0x080EC9D5	thumb	VBlankCB_Intro
0x080EC9D8	0x080ECA47	thumb	Intro_ResetGpuRegs
0x080ECA48	0x080ECA7F	thumb	StartIntroSequence
0x080ECA80	0x080ECA87	thumb	SetIntroCB
0x080ECA88	0x080ECAC7	thumb	Task_CallIntroCallback
0x080ECAC8	0x080ECB6F	thumb	IntroCB_Init
0x080ECB70	0x080ECC13	thumb	IntroCB_GF_OpenWindow
0x080ECC14	0x080ECC7F	thumb	IntroCB_GF_Star
0x080ECC80	0x080ECD37	thumb	IntroCB_GF_RevealName
0x080ECD38	0x080ECE7B	thumb	IntroCB_GF_RevealLogo
0x080ECE7C	0x080ED083	thumb	IntroCB_Scene1
0x080ED084	0x080ED0EF	thumb	Scene1_Task_AnimateGrass
0x080ED0F0	0x080ED117	thumb	Scene1_StartGrassScrolling
0x080ED118	0x080ED15F	thumb	Scene1_Task_BgZoom
0x080ED160	0x080ED3E3	thumb	IntroCB_Scene2
0x080ED3E4	0x080ED3FF	thumb	Scene2_Task_PanForest
0x080ED400	0x080ED419	thumb	Scene2_Task_PanMons
0x080ED41C	0x080ED477	thumb	Scene2_CreateMonSprites
0x080ED478	0x080ED495	thumb	Scene2_DestroyMonSprites
0x080ED498	0x080ED673	thumb	IntroCB_Scene3_Entrance
0x080ED674	0x080ED6AD	thumb	Scene3_Task_BgScroll
0x080ED6B0	0x080ED6C3	thumb	Scene3_StartBgScroll
0x080ED6C4	0x080ED6EB	thumb	Scene3_SlowBgScroll
0x080ED6EC	0x080ED737	thumb	Scene3_Task_GengarBounce
0x080ED738	0x080ED75F	thumb	Scene3_PauseGengarBounce
0x080ED760	0x080ED787	thumb	Scene3_ResumeGengarBounce
0x080ED788	0x080ED7AB	thumb	Scene3_IsGengarMidBounce
0x080ED7AC	0x080ED7ED	thumb	Scene3_CreateGrassSprite
0x080ED7F0	0x080ED86F	thumb	SpriteCB_Grass
0x080ED870	0x080EDAAF	thumb	IntroCB_Scene3_Fight
0x080EDAB0	0x080EDAC5	thumb	Scene3_CalcCenterToCornerVec
0x080EDAC8	0x080EDB47	thumb	Scene3_CreateGengarSprite
0x080EDB48	0x080EDB7F	thumb	Scene3_NidorinoZoom
0x080EDB80	0x080EDB81	thumb	SpriteCB_Idle
0x080EDB84	0x080EDBBF	thumb	Scene3_GengarZoom
0x080EDBC0	0x080EDC17	thumb	IntroCB_ExitToTitleScreen
0x080EDC18	0x080EDCFF	thumb	GFScene_LoadGfxCreateStar
0x080EDD00	0x080EDDC7	thumb	GFScene_CreateStarSparkle
0x080EDDC8	0x080EDDDB	thumb	GFScene_StartNameSparklesSmall
0x080EDDDC	0x080EDEAD	thumb	GFScene_Task_NameSparklesSmall
0x080EDEB0	0x080EDEC3	thumb	GFScene_StartNameSparklesBig
0x080EDEC4	0x080EDF3F	thumb	GFScene_Task_NameSparklesBig
0x080EDF40	0x080EDF6B	thumb	GFScene_CreateLogoSprite
0x080EDF6C	0x080EDFAF	thumb	Scene3_StartGengarAttack
0x080EDFB0	0x080EDFFB	thumb	Scene3_ApplyGengarAnim
0x080EDFFC	0x080EE137	thumb	Scene3_Task_GengarAttack
0x080EE138	0x080EE19B	thumb	Scene3_CreateGengarSwipeSprites
0x080EE19C	0x080EE1D5	thumb	SpriteCB_GengarSwipe
0x080EE1D8	0x080EE273	thumb	Scene3_Task_GengarEnter
0x080EE274	0x080EE327	thumb	SpriteCB_Star
0x080EE328	0x080EE3E3	thumb	SpriteCB_SparklesSmall_Star
0x080EE3E4	0x080EE4B1	thumb	SpriteCB_SparklesSmall_Name
0x080EE4B4	0x080EE4CD	thumb	SpriteCB_SparklesBig
0x080EE4D0	0x080EE4FF	thumb	Scene3_CreateNidorinoSprite
0x080EE500	0x080EE557	thumb	Scene3_StartNidorinoEntrance
0x080EE558	0x080EE59F	thumb	Scene3_SpriteCB_NidorinoEnter
0x080EE5A0	0x080EE5BB	thumb	Scene3_IsNidorinoEntering
0x080EE5BC	0x080EE5E7	thumb	Scene3_StartNidorinoCry
0x080EE5E8	0x080EE67B	thumb	SpriteCB_NidorinoCry
0x080EE67C	0x080EE6DB	thumb	Scene3_StartNidorinoRecoil
0x080EE6DC	0x080EE827	thumb	SpriteCB_NidorinoRecoil
0x080EE828	0x080EE83B	thumb	Scene3_NidorinoAnimIsRunning
0x080EE83C	0x080EE8BB	thumb	CreateNidorinoRecoilDustSprites
0x080EE8BC	0x080EE947	thumb	SpriteCB_RecoilDust
0x080EE948	0x080EE9AB	thumb	Scene3_StartNidorinoHop
0x080EE9AC	0x080EEA6B	thumb	SpriteCB_NidorinoHop
0x080EEA6C	0x080EEADF	thumb	Scene3_StartNidorinoAttack
0x080EEAE0	0x080EEBBB	thumb	SpriteCB_NidorinoAttack
0x080EEBBC	0x080EEBE3	thumb	LoadFightSceneSpriteGraphics
0x080EEBE4	0x080EEDCB	thumb	AnimTask_LevelUpHealthBox
0x080EEDCC	0x080EEF9F	thumb	AnimTask_UnusedLevelUpHealthBox_Step
0x080EEFA0	0x080EF08B	thumb	DoLoadHealthboxPalsForLevelUp
0x080EF08C	0x080EF0B7	thumb	AnimTask_LoadHealthboxPalsForLevelUp
0x080EF0B8	0x080EF157	thumb	DoFreeHealthboxPalsForLevelUp
0x080EF158	0x080EF177	thumb	AnimTask_FreeHealthboxPalsForLevelUp
0x080EF178	0x080EF1A3	thumb	AnimTask_FlashHealthboxOnLevelUp
0x080EF1A4	0x080EF26F	thumb	AnimTask_FlashHealthboxOnLevelUp_Step
0x080EF270	0x080EF31B	thumb	AnimTask_SwitchOutShrinkMon
0x080EF31C	0x080EF467	thumb	AnimTask_SwitchOutBallEffect
0x080EF468	0x080EF48F	thumb	AnimTask_LoadBallGfx
0x080EF490	0x080EF4B7	thumb	AnimTask_FreeBallGfx
0x080EF4B8	0x080EF503	thumb	AnimTask_IsBallBlockedByTrainerOrDodged
0x080EF504	0x080EF581	thumb	ItemIdToBallId
0x080EF584	0x080EF66F	thumb	AnimTask_ThrowBall
0x080EF670	0x080EF6AB	thumb	AnimTask_ThrowBall_WaitAnimObjComplete
0x080EF6AC	0x080EF7C3	thumb	AnimTask_ThrowBallSpecial
0x080EF7C4	0x080EF83B	thumb	AnimTask_ThrowBallSpecial_PlaySfx
0x080EF83C	0x080EF897	thumb	AnimTask_ThrowBallSpecial_ResetPlayerSprite
0x080EF898	0x080EF8C7	thumb	SpriteCB_ThrowBall_Init
0x080EF8C8	0x080EF98B	thumb	SpriteCB_ThrowBall_ArcFlight
0x080EF98C	0x080EF9E3	thumb	SpriteCB_ThrowBall_TenFrameDelay
0x080EF9E4	0x080EFB2F	thumb	SpriteCB_ThrowBall_ShrinkMon
0x080EFB30	0x080EFB73	thumb	SpriteCB_ThrowBall_InitialFall
0x080EFB74	0x080EFC77	thumb	SpriteCB_ThrowBall_Bounce
0x080EFC78	0x080EFCC3	thumb	SpriteCB_ThrowBall_InitShake
0x080EFCC4	0x080EFF57	thumb	SpriteCB_ThrowBall_DoShake
0x080EFF58	0x080EFF7B	thumb	SpriteCB_ThrowBall_DelayThenBreakOut
0x080EFF7C	0x080EFF9B	thumb	SpriteCB_ThrowBall_InitClick
0x080EFF9C	0x080F007B	thumb	SpriteCB_ThrowBall_DoClick
0x080F007C	0x080F0163	thumb	SpriteCB_ThrowBall_FinishClick
0x080F0164	0x080F018D	thumb	BattleAnimObj_SignalEnd
0x080F0190	0x080F024F	thumb	CreateStarsWhenBallClicks
0x080F0250	0x080F0285	thumb	SpriteCB_BallCaptureSuccessStar
0x080F0288	0x080F034F	thumb	SpriteCB_ThrowBall_BeginBreakOut
0x080F0350	0x080F044F	thumb	SpriteCB_ThrowBall_RunBreakOut
0x080F0450	0x080F048B	thumb	TrainerBallBlock
0x080F048C	0x080F0503	thumb	TrainerBallBlock2
0x080F0504	0x080F054B	thumb	GhostBallDodge
0x080F054C	0x080F058B	thumb	GhostBallDodge2
0x080F058C	0x080F05C3	thumb	LoadBallParticleGfx
0x080F05C4	0x080F064B	thumb	AnimateBallOpenParticles
0x080F064C	0x080F067B	thumb	IncrementBattleParticleCounter
0x080F067C	0x080F0793	thumb	PokeBallOpenParticleAnimation
0x080F0794	0x080F07B3	thumb	PokeBallOpenParticleAnimation_Step1
0x080F07B4	0x080F07ED	thumb	PokeBallOpenParticleAnimation_Step2
0x080F07F0	0x080F08F3	thumb	TimerBallOpenParticleAnimation
0x080F08F4	0x080F09F7	thumb	DiveBallOpenParticleAnimation
0x080F09F8	0x080F0AF7	thumb	SafariBallOpenParticleAnimation
0x080F0AF8	0x080F0BFF	thumb	UltraBallOpenParticleAnimation
0x080F0C00	0x080F0D33	thumb	GreatBallOpenParticleAnimation
0x080F0D34	0x080F0D89	thumb	FanOutBallOpenParticles_Step1
0x080F0D8C	0x080F0E87	thumb	RepeatBallOpenParticleAnimation
0x080F0E88	0x080F0EE5	thumb	RepeatBallOpenParticleAnimation_Step1
0x080F0EE8	0x080F1013	thumb	MasterBallOpenParticleAnimation
0x080F1014	0x080F110B	thumb	PremierBallOpenParticleAnimation
0x080F110C	0x080F116D	thumb	PremierBallOpenParticleAnimation_Step1
0x080F1170	0x080F11EF	thumb	DestroyBallOpenAnimationParticle
0x080F11F0	0x080F12B7	thumb	LaunchBallFadeMonTask
0x080F12B8	0x080F1347	thumb	Task_FadeMon_ToBallColor
0x080F1348	0x080F1397	thumb	Task_FadeMon_ToNormal
0x080F1398	0x080F13F7	thumb	Task_FadeMon_ToNormal_Step
0x080F13F8	0x080F159F	thumb	AnimTask_SwapMonSpriteToFromSubstitute
0x080F15A0	0x080F16A3	thumb	AnimTask_SubstituteFadeToInvisible
0x080F16A4	0x080F16D7	thumb	AnimTask_IsAttackerBehindSubstitute
0x080F16D8	0x080F16F7	thumb	AnimTask_SetTargetToEffectBattler
0x080F16F8	0x080F17F3	thumb	TryShinyAnimation
0x080F17F4	0x080F19B7	thumb	AnimTask_ShinySparkles
0x080F19B8	0x080F1A03	thumb	AnimTask_ShinySparkles_WaitSparkles
0x080F1A04	0x080F1A57	thumb	SpriteCB_ShinySparkles_1
0x080F1A58	0x080F1AB7	thumb	SpriteCB_ShinySparkles_2
0x080F1AB8	0x080F1AEB	thumb	AnimTask_LoadBaitGfx
0x080F1AEC	0x080F1B13	thumb	AnimTask_FreeBaitGfx
0x080F1B14	0x080F1BA3	thumb	SpriteCB_SafariBaitOrRock_Init
0x080F1BA4	0x080F1BDB	thumb	SpriteCB_SafariBaitOrRock_WaitPlayerThrow
0x080F1BDC	0x080F1C07	thumb	SpriteCB_SafariBaitOrRock_ArcFlight
0x080F1C08	0x080F1C63	thumb	SpriteCB_SafariBaitOrRock_Finish
0x080F1C64	0x080F1CBB	thumb	AnimTask_SafariOrGhost_DecideAnimSides
0x080F1CBC	0x080F1CEB	thumb	AnimTask_SafariGetReaction
0x080F1CEC	0x080F1D53	thumb	AnimTask_GetTrappedMoveAnimId
0x080F1D54	0x080F1D83	thumb	AnimTask_GetBattlersFromArg
0x080F1D84	0x080F1D95	thumb	VBlankCB_HofIdle
0x080F1D98	0x080F1DB1	thumb	CB2_HofIdle
0x080F1DB4	0x080F1ED1	thumb	InitHallOfFameScreen
0x080F1ED4	0x080F1F17	thumb	CB2_DoHallOfFameScreen
0x080F1F18	0x080F1F4B	thumb	CB2_DoHallOfFameScreenDontSaveData
0x080F1F4C	0x080F20EB	thumb	Task_Hof_InitMonData
0x080F20EC	0x080F21F7	thumb	Task_Hof_InitTeamSaveData
0x080F21F8	0x080F223B	thumb	Task_Hof_TrySaveData
0x080F223C	0x080F226B	thumb	Task_Hof_DelayAfterSave
0x080F226C	0x080F2287	thumb	Task_Hof_StartDisplayingMons
0x080F2288	0x080F2377	thumb	Task_Hof_DisplayMon
0x080F2378	0x080F23FB	thumb	Task_Hof_PlayMonCryAndPrintInfo
0x080F23FC	0x080F24EB	thumb	Task_Hof_TryDisplayAnotherMon
0x080F24EC	0x080F2587	thumb	Task_Hof_PaletteFadeAndPrintWelcomeText
0x080F2588	0x080F266B	thumb	Task_Hof_ApplauseAndConfetti
0x080F266C	0x080F26A9	thumb	Task_Hof_WaitBorderFadeAway
0x080F26AC	0x080F2737	thumb	Task_Hof_SpawnPlayerPic
0x080F2738	0x080F27DB	thumb	Task_Hof_WaitAndPrintPlayerInfo
0x080F27DC	0x080F2813	thumb	Task_Hof_ExitOnKeyPressed
0x080F2814	0x080F2863	thumb	Task_Hof_HandlePaletteOnExit
0x080F2864	0x080F290B	thumb	Task_Hof_HandleExit
0x080F290C	0x080F294F	thumb	SetWarpsToRollCredits
0x080F2950	0x080F2A7B	thumb	CB2_InitHofPC
0x080F2A7C	0x080F2B43	thumb	Task_HofPC_CopySaveData
0x080F2B44	0x080F2D37	thumb	Task_HofPC_DrawSpritesPrintText
0x080F2D38	0x080F2E63	thumb	Task_HofPC_PrintMonInfo
0x080F2E64	0x080F2FC3	thumb	Task_HofPC_HandleInput
0x080F2FC4	0x080F3007	thumb	Task_HofPC_HandlePaletteOnExit
0x080F3008	0x080F307B	thumb	Task_HofPC_HandleExit
0x080F307C	0x080F30E3	thumb	Task_HofPC_PrintDataIsCorrupted
0x080F30E4	0x080F3113	thumb	Task_HofPC_ExitOnButtonPress
0x080F3114	0x080F316B	thumb	HallOfFame_PrintWelcomeText
0x080F316C	0x080F33B3	thumb	HallOfFame_PrintMonInfo
0x080F33B4	0x080F35E7	thumb	HallOfFame_PrintPlayerInfo
0x080F35E8	0x080F3693	thumb	ClearVramOamPltt_LoadHofPal
0x080F3694	0x080F36CF	thumb	HofInit_ResetGpuBuffersAndLoadConfettiGfx
0x080F36D0	0x080F3747	thumb	Hof_InitBgs
0x080F3748	0x080F3843	thumb	DrawHofBackground
0x080F3844	0x080F3845	thumb	SpriteCB_EndGetOnScreen
0x080F3848	0x080F38AF	thumb	SpriteCB_GetOnScreen
0x080F38B0	0x080F3907	thumb	SpriteCB_Confetti
0x080F3908	0x080F398B	thumb	Hof_SpawnConfetti
0x080F398C	0x080F39BF	thumb	DoCredits
0x080F39C0	0x080F3A4B	thumb	CB2_Credits
0x080F3A4C	0x080F3A7B	thumb	SwitchWin1OffWin0On
0x080F3A7C	0x080F3A9B	thumb	InitBgDarkenEffect
0x080F3A9C	0x080F3ADB	thumb	CreateCreditsWindow
0x080F3ADC	0x080F3B03	thumb	DestroyCreditsWindow
0x080F3B04	0x080F3BA7	thumb	DoOverworldMapScrollScene
0x080F3BA8	0x080F4167	thumb	RollCredits
0x080F4168	0x080F4179	thumb	VBlankCB
0x080F417C	0x080F42C7	thumb	LoadCreditsMonPic
0x080F42C8	0x080F42FD	thumb	GetCreditsMonSpecies
0x080F4300	0x080F4649	thumb	DoCreditsMonScene
0x080F464C	0x080F47CD	thumb	DoCopyrightOrTheEndGfxScene
0x080F47D0	0x080F48A7	thumb	Task_MovePlayerAndGroundSprites
0x080F48A8	0x080F4907	thumb	DestroyPlayerOrRivalSprite
0x080F4908	0x080F4BD3	thumb	LoadPlayerOrRivalSprite
0x080F4BD4	0x080F4BE5	thumb	VBlankCB_Diploma
0x080F4BE8	0x080F4C27	thumb	CB2_ShowDiploma
0x080F4C28	0x080F4C3D	thumb	CB2_Diploma
0x080F4C40	0x080F4D4B	thumb	Task_DiplomaInit
0x080F4D4C	0x080F4DB5	thumb	Task_HandleDiplomaInput
0x080F4DB8	0x080F4DFB	thumb	Task_DiplomaExit
0x080F4DFC	0x080F4E15	thumb	DiplomaReset
0x080F4E18	0x080F4F73	thumb	DiplomaInitScreen
0x080F4F74	0x080F4FEF	thumb	DiplomaLoadGfx
0x080F4FF0	0x080F50CB	thumb	DiplomaPrintText
0x080F50CC	0x080F50D7	thumb	SetNotInSaveFailedScreen
0x080F50D8	0x080F50EF	thumb	DoSaveFailedScreen
0x080F50F0	0x080F52C3	thumb	RunSaveFailedScreen
0x080F52C4	0x080F52EF	thumb	BlankPalettes
0x080F52F0	0x080F530B	thumb	RequestDmaCopyFromScreenBuffer
0x080F530C	0x080F5327	thumb	RequestDmaCopyFromCharBuffer
0x080F5328	0x080F53A3	thumb	FillBgMapBufferRect
0x080F53A4	0x080F53BF	thumb	UpdateMapBufferWithText
0x080F53C0	0x080F53DB	thumb	ClearMapBuffer
0x080F53DC	0x080F542F	thumb	PrintTextOnSaveFailedScreen
0x080F5430	0x080F5477	thumb	TryWipeDamagedSectors
0x080F5478	0x080F54B7	thumb	VerifySectorWipe
0x080F54B8	0x080F5517	thumb	WipeSector
0x080F5518	0x080F554B	thumb	WipeDamagedSectors
0x080F554C	0x080F5561	thumb	CB2_RunClearSaveDataScreen
0x080F5564	0x080F5575	thumb	VBlankCB_WaitYesNo
0x080F5578	0x080F55B3	thumb	CB2_SaveClearScreen_Init
0x080F55B4	0x080F56DF	thumb	Task_DrawClearSaveDataScreen
0x080F56E0	0x080F5771	thumb	Task_HandleYesNoMenu
0x080F5774	0x080F57E3	thumb	Task_CleanUpAndSoftReset
0x080F57E4	0x080F57F5	thumb	CB2_Sub_SaveClearScreen_Init
0x080F57F8	0x080F5923	thumb	SaveClearScreen_GpuInit
0x080F5924	0x080F5925	thumb	SpriteCallbackDummy_EvoSparkles
0x080F5928	0x080F595F	thumb	SetEvoSparklesMatrices
0x080F5960	0x080F5A19	thumb	SpriteCB_PreEvoSparkleSet1
0x080F5A1C	0x080F5A77	thumb	CreatePreEvoSparkleSet1
0x080F5A78	0x080F5AE9	thumb	SpriteCB_PreEvoSparkleSet2
0x080F5AEC	0x080F5B53	thumb	CreatePreEvoSparkleSet2
0x080F5B54	0x080F5B9B	thumb	SpriteCB_PostEvoSparkleSet1
0x080F5B9C	0x080F5C03	thumb	CreatePostEvoSparkleSet1
0x080F5C04	0x080F5CD3	thumb	SpriteCB_PostEvoSparkleSet2
0x080F5CD4	0x080F5D5B	thumb	CreatePostEvoSparkleSet2
0x080F5D5C	0x080F5D77	thumb	LoadEvoSparkleSpriteAndPal
0x080F5D78	0x080F5DA7	thumb	EvolutionSparkles_SpiralUpward
0x080F5DA8	0x080F5DF7	thumb	EvoTask_PreEvoSparkleSet1Init
0x080F5DF8	0x080F5E67	thumb	EvoTask_CreatePreEvoSparkleSet1
0x080F5E68	0x080F5E97	thumb	EvoTask_WaitForPre1SparklesToGoUp
0x080F5E98	0x080F5EAF	thumb	EvolutionSparkles_ArcDown
0x080F5EB0	0x080F5EE3	thumb	EvoTask_PreEvoSparkleSet2Init
0x080F5EE4	0x080F5F3B	thumb	EvoTask_CreatePreEvoSparklesSet2
0x080F5F3C	0x080F5F49	thumb	EvoTask_PreEvoSparkleSet2Teardown
0x080F5F4C	0x080F5F63	thumb	EvolutionSparkles_CircleInward
0x080F5F64	0x080F5F97	thumb	EvoTask_PostEvoSparklesSet1Init
0x080F5F98	0x080F6017	thumb	EvoTask_CreatePostEvoSparklesSet1
0x080F6018	0x080F6025	thumb	EvoTask_PostEvoSparklesSet1Teardown
0x080F6028	0x080F6057	thumb	EvolutionSparkles_SprayAndFlash
0x080F6058	0x080F60BB	thumb	EvoTask_PostEvoSparklesSet2Init
0x080F60BC	0x080F6147	thumb	EvoTask_CreatePostEvoSparklesSet2
0x080F6148	0x080F6167	thumb	EvoTask_PostEvoSparklesSet2Teardown
0x080F6168	0x080F6197	thumb	EvolutionSparkles_SprayAndFlash_Trade
0x080F6198	0x080F61FB	thumb	EvoTask_PostEvoSparklesSet2TradeInit
0x080F61FC	0x080F6287	thumb	EvoTask_CreatePostEvoSparklesSet2Trade
0x080F6288	0x080F6289	thumb	SpriteCallbackDummy_MonSprites
0x080F628C	0x080F63D7	thumb	CycleEvolutionMonSprite
0x080F63D8	0x080F63FB	thumb	EvoTask_PrePostEvoMonSpritesInit
0x080F63FC	0x080F644B	thumb	EvoTask_ChooseNextEvoSpriteAnim
0x080F644C	0x080F6567	thumb	EvoTask_ShrinkOrExpandEvoSprites
0x080F6568	0x080F6617	thumb	PreEvoInvisible_PostEvoVisible_KillTask
0x080F6618	0x080F66C7	thumb	PreEvoVisible_PostEvoInvisible_KillTask
0x080F66C8	0x080F6707	thumb	SetUpFieldMove_Teleport
0x080F6708	0x080F6727	thumb	FieldCallback_Teleport
0x080F6728	0x080F6757	thumb	FldEff_UseTeleport
0x080F6758	0x080F6767	thumb	StartTeleportFieldEffect
0x080F6768	0x080F677B	thumb	ClearScheduledBgCopiesToVram
0x080F677C	0x080F678F	thumb	ScheduleBgCopyTilemapToVram
0x080F6790	0x080F67DF	thumb	DoScheduledBgTilemapCopiesToVram
0x080F67E0	0x080F6803	thumb	ResetTempTileDataBuffers
0x080F6804	0x080F684F	thumb	FreeTempTileDataBuffersIfPossible
0x080F6850	0x080F68C7	thumb	DecompressAndCopyTileDataToVram
0x080F68C8	0x080F6943	thumb	DecompressAndCopyTileDataToVram2
0x080F6944	0x080F69BF	thumb	DecompressAndLoadBgGfxUsingHeap
0x080F69C0	0x080F6A3B	thumb	DecompressAndLoadBgGfxUsingHeap2
0x080F6A3C	0x080F6A77	thumb	TaskFreeBufAfterCopyingTileDataToVram
0x080F6A78	0x080F6AA7	thumb	MallocAndDecompress
0x080F6AA8	0x080F6ADD	thumb	CopyDecompressedTileDataToVram
0x080F6AE0	0x080F6B6B	thumb	SetBgTilemapPalette
0x080F6B6C	0x080F6BE9	thumb	CopyToBufferFromBgTilemap
0x080F6BEC	0x080F6C41	thumb	ResetBgPositions
0x080F6C44	0x080F6C63	thumb	InitStandardTextBoxWindows
0x080F6C64	0x080F6C6D	thumb	FreeAllOverworldWindowBuffers
0x080F6C70	0x080F6C91	thumb	InitTextBoxGfxAndPrinters
0x080F6C94	0x080F6CA7	thumb	RunTextPrinters_CheckPrinter0Active
0x080F6CA8	0x080F6D33	thumb	AddTextPrinterParameterized2
0x080F6D34	0x080F6DDF	thumb	AddTextPrinterDiffStyle
0x080F6DE0	0x080F6E2B	thumb	AddTextPrinterForMessage
0x080F6E2C	0x080F6E73	thumb	AddTextPrinterWithCustomSpeedForMessage
0x080F6E74	0x080F6EBB	thumb	LoadStdWindowFrameGfx
0x080F6EBC	0x080F6EF3	thumb	DrawDialogueFrame
0x080F6EF4	0x080F6F2B	thumb	DrawStdWindowFrame
0x080F6F2C	0x080F6F73	thumb	ClearDialogWindowAndFrame
0x080F6F74	0x080F6FAB	thumb	ClearStdWindowAndFrame
0x080F6FAC	0x080F70FB	thumb	WindowFunc_DrawStandardFrame
0x080F70FC	0x080F765B	thumb	WindowFunc_DrawDialogueFrame
0x080F765C	0x080F76A3	thumb	WindowFunc_ClearStdWindowAndFrame
0x080F76A4	0x080F76F3	thumb	WindowFunc_ClearDialogWindowAndFrame
0x080F76F4	0x080F7725	thumb	EraseFieldMessageBox
0x080F7728	0x080F773F	thumb	SetStdWindowBorderStyle
0x080F7740	0x080F778F	thumb	LoadMessageBoxAndFrameGfx
0x080F7790	0x080F77A3	thumb	Menu_LoadStdPal
0x080F77A4	0x080F77BB	thumb	Menu_LoadStdPalAt
0x080F77BC	0x080F77C3	thumb	GetStdMenuPalette
0x080F77C4	0x080F77DF	thumb	GetStdPalColor
0x080F77E0	0x080F782F	thumb	DisplayItemMessageOnField
0x080F7830	0x080F7857	thumb	DisplayYesNoMenuDefaultYes
0x080F7858	0x080F787F	thumb	DisplayYesNoMenuDefaultNo
0x080F7880	0x080F78B7	thumb	GetTextSpeedSetting
0x080F78B8	0x080F7913	thumb	CreateStartMenuWindow
0x080F7914	0x080F791F	thumb	GetStartMenuWindowId
0x080F7920	0x080F793B	thumb	RemoveStartMenuWindow
0x080F793C	0x080F7941	thumb	GetDlgWindowBaseTileNum
0x080F7944	0x080F7949	thumb	GetStdWindowBaseTileNum
0x080F794C	0x080F796F	thumb	DrawHelpMessageWindowWithText
0x080F7970	0x080F797B	thumb	DestroyHelpMessageWindow_
0x080F797C	0x080F799D	thumb	LoadSignpostWindowFrameGfx
0x080F79A0	0x080F79AF	thumb	SetDefaultFontsPointer
0x080F79B0	0x080F7A97	thumb	GetFontAttribute
0x080F7A98	0x080F7AAF	thumb	GetMenuCursorDimensionByFont
0x080F7AB0	0x080F7B03	thumb	TilemapUtil_Init
0x080F7B04	0x080F7B17	thumb	TilemapUtil_Free
0x080F7B18	0x080F7B57	thumb	TilemapUtil_UpdateAll
0x080F7B58	0x080F7C53	thumb	TilemapUtil_SetTilemap
0x080F7C54	0x080F7C83	thumb	TilemapUtil_SetSavedMap
0x080F7C84	0x080F7CBF	thumb	TilemapUtil_SetPos
0x080F7CC0	0x080F7D07	thumb	TilemapUtil_SetRect
0x080F7D08	0x080F7E2B	thumb	TilemapUtil_Move
0x080F7E2C	0x080F7E73	thumb	TilemapUtil_Update
0x080F7E74	0x080F7F0B	thumb	TilemapUtil_DrawPrev
0x080F7F0C	0x080F7FA3	thumb	TilemapUtil_Draw
0x080F7FA4	0x080F80BB	thumb	SaveStatToString
0x080F80BC	0x080F80E5	thumb	GetMapPreviewScreenIdx
0x080F80E8	0x080F812B	thumb	MapHasPreviewScreen
0x080F812C	0x080F8155	thumb	MapHasPreviewScreen_HandleQLState2
0x080F8158	0x080F8173	thumb	MapPreview_InitBgs
0x080F8174	0x080F820B	thumb	MapPreview_LoadGfx
0x080F820C	0x080F822F	thumb	MapPreview_Unload
0x080F8230	0x080F823D	thumb	MapPreview_IsGfxLoadFinished
0x080F8240	0x080F82EF	thumb	MapPreview_StartForestTransition
0x080F82F0	0x080F8387	thumb	MapPreview_CreateMapNameWindow
0x080F8388	0x080F83A5	thumb	ForestMapPreviewScreenIsRunning
0x080F83A8	0x080F851B	thumb	Task_RunMapPreviewScreenForest
0x080F851C	0x080F8541	thumb	GetDungeonMapPreviewScreenInfo
0x080F8544	0x080F8591	thumb	MapPreview_GetDuration
0x080F8594	0x080F85C7	thumb	MapPreview_SetFlag
0x080F85C8	0x080F85C9	thumb	Debug_PrintString
0x080F85CC	0x080F85CD	thumb	Debug_PrintNum
0x080F85D0	0x080F869B	thumb	ResetLinkRfuGFLayer
0x080F869C	0x080F86CB	thumb	InitRFU
0x080F86CC	0x080F870F	thumb	InitRFUAPI
0x080F8710	0x080F8843	thumb	Task_ParentSearchForChildren
0x080F8844	0x080F8853	thumb	Rfu_GetIndexOfNewestChild
0x080F8854	0x080F8913	thumb	SetLinkPlayerIdsFromSlots
0x080F8914	0x080F8A7B	thumb	Task_ChildSearchForParent
0x080F8A7C	0x080F8AC3	thumb	InitChildRecvBuffers
0x080F8AC4	0x080F8B0B	thumb	InitParentSendData
0x080F8B0C	0x080F8CD3	thumb	Task_UnionRoomListen
0x080F8CD4	0x080F8CEB	thumb	LinkRfu_CreateConnectionAsParent
0x080F8CEC	0x080F8CF7	thumb	LinkRfu_StopManagerBeforeEnteringChat
0x080F8CF8	0x080F8D7F	thumb	MscCallback_Child
0x080F8D80	0x080F8D97	thumb	MSCCallback_Parent
0x080F8D98	0x080F8E4B	thumb	LinkRfu_Shutdown
0x080F8E4C	0x080F8E7B	thumb	CreateTask_ParentSearchForChildren
0x080F8E7C	0x080F8EA1	thumb	CanTryReconnectParent
0x080F8EA4	0x080F8EE7	thumb	TryReconnectParent
0x080F8EE8	0x080F8F17	thumb	CreateTask_ChildSearchForParent
0x080F8F18	0x080F8F31	thumb	LmanAcceptSlotFlagIsNotZero
0x080F8F34	0x080F8F53	thumb	LinkRfu_StopManagerAndFinalizeSlots
0x080F8F54	0x080F8F75	thumb	WaitRfuState
0x080F8F78	0x080F8F83	thumb	StopUnionRoomLinkManager
0x080F8F84	0x080F8FAB	thumb	ReadySendDataForSlots
0x080F8FAC	0x080F900F	thumb	ReadAllPlayerRecvCmds
0x080F9010	0x080F9043	thumb	MoveSendCmdToRecv
0x080F9044	0x080F90B3	thumb	UpdateBackupQueue
0x080F90B4	0x080F90F3	thumb	IsRfuRecvQueueEmpty
0x080F90F4	0x080F91DB	thumb	RfuMain1_Parent
0x080F91DC	0x080F9491	thumb	RfuMain2_Parent
0x080F9494	0x080F94EB	thumb	ChildBuildSendCmd
0x080F94EC	0x080F9633	thumb	RfuMain1_Child
0x080F9634	0x080F96F7	thumb	HandleSendFailure
0x080F96F8	0x080F9723	thumb	Rfu_SetBlockReceivedFlag
0x080F9724	0x080F9747	thumb	Rfu_ResetBlockReceivedFlag
0x080F9748	0x080F978F	thumb	LoadLinkPlayerIds
0x080F9790	0x080F97D7	thumb	SendKeysToRfu
0x080F97D8	0x080F97DF	thumb	GetHostRfuGameData
0x080F97E0	0x080F97FF	thumb	IsSendingKeysToRfu
0x080F9800	0x080F9833	thumb	StartSendingKeysToRfu
0x080F9834	0x080F983F	thumb	ClearLinkRfuCallback
0x080F9840	0x080F9C25	thumb	RfuHandleReceiveCommand
0x080F9C28	0x080F9C4D	thumb	AreAllPlayersReadyToReceive
0x080F9C50	0x080F9C8B	thumb	AreAllPlayersFinishedReceiving
0x080F9C8C	0x080F9C9F	thumb	ResetSendDataManager
0x080F9CA0	0x080F9CDB	thumb	Rfu_GetBlockReceivedStatus
0x080F9CDC	0x080F9E03	thumb	RfuPrepareSendBuffer
0x080F9E04	0x080F9E37	thumb	Rfu_SendPacket
0x080F9E38	0x080F9F1B	thumb	Rfu_InitBlockSend
0x080F9F1C	0x080F9F7F	thumb	HandleBlockSend
0x080F9F80	0x080F9FF7	thumb	SendNextBlock
0x080F9FF8	0x080FA0CF	thumb	SendLastBlock
0x080FA0D0	0x080FA0EB	thumb	Rfu_SendBlockRequest
0x080FA0EC	0x080FA117	thumb	RfuShutdownAfterDisconnect
0x080FA118	0x080FA137	thumb	DisconnectRfu
0x080FA138	0x080FA167	thumb	TryDisconnectRfu
0x080FA168	0x080FA19B	thumb	LinkRfu_FatalError
0x080FA19C	0x080FA1FB	thumb	WaitAllReadyToCloseLink
0x080FA1FC	0x080FA233	thumb	SendReadyCloseLink
0x080FA234	0x080FA263	thumb	Task_TryReadyCloseLink
0x080FA264	0x080FA287	thumb	Rfu_SetCloseLinkCallback
0x080FA288	0x080FA327	thumb	SendReadyExitStandbyUntilAllReady
0x080FA328	0x080FA35F	thumb	LinkLeaderReadyToExitStandby
0x080FA360	0x080FA403	thumb	Rfu_LinkStandby
0x080FA404	0x080FA423	thumb	Rfu_SetLinkStandbyCallback
0x080FA424	0x080FA459	thumb	IsRfuSerialNumberValid
0x080FA45C	0x080FA47F	thumb	Rfu_SetLinkRecovery
0x080FA480	0x080FA49F	thumb	Rfu_StopPartnerSearch
0x080FA4A0	0x080FA4C1	thumb	Rfu_GetMultiplayerId
0x080FA4C4	0x080FA4CF	thumb	Rfu_GetLinkPlayerCount
0x080FA4D0	0x080FA4E7	thumb	IsLinkRfuTaskFinished
0x080FA4E8	0x080FA4FF	thumb	CallRfuFunc
0x080FA500	0x080FA5AB	thumb	CheckForLeavingGroupMembers
0x080FA5AC	0x080FA609	thumb	RfuTryDisconnectLeavingChildren
0x080FA60C	0x080FA645	thumb	HasTrainerLeftPartnersList
0x080FA648	0x080FA693	thumb	SendRfuStatusToPartner
0x080FA694	0x080FA6D3	thumb	SendLeaveGroupNotice
0x080FA6D4	0x080FA70D	thumb	WaitSendRfuStatusToPartner
0x080FA710	0x080FA75F	thumb	UpdateChildStatuses
0x080FA760	0x080FA80B	thumb	GetJoinGroupStatus
0x080FA80C	0x080FA9A7	thumb	Task_PlayerExchange
0x080FA9A8	0x080FA9D3	thumb	ClearSelectedLinkPlayerIds
0x080FA9D4	0x080FAA2F	thumb	ReceiveRfuLinkPlayers
0x080FAA30	0x080FAA6B	thumb	ValidateAndReceivePokemonSioInfo
0x080FAA6C	0x080FACC7	thumb	Task_PlayerExchangeUpdate
0x080FACC8	0x080FAD6F	thumb	Task_PlayerExchangeChat
0x080FAD70	0x080FAE4B	thumb	RfuCheckErrorStatus
0x080FAE4C	0x080FAE6B	thumb	RfuMain1_UnionRoom
0x080FAE6C	0x080FAEC7	thumb	RfuMain1
0x080FAEC8	0x080FAEF3	thumb	RfuMain2
0x080FAEF4	0x080FAF0B	thumb	SetHostRfuUsername
0x080FAF0C	0x080FAF2F	thumb	ResetHostRfuGameData
0x080FAF30	0x080FAF4B	thumb	SetHostRfuGameData
0x080FAF4C	0x080FAF77	thumb	SetHostRfuWonderFlags
0x080FAF78	0x080FAFB7	thumb	SetTradeBoardRegisteredMonInfo
0x080FAFB8	0x080FAFDF	thumb	UpdateGameData_GroupLockedIn
0x080FAFE0	0x080FB007	thumb	UpdateGameData_SetActivity
0x080FB008	0x080FB0BF	thumb	SetUnionRoomChatPlayerData
0x080FB0C0	0x080FB0EF	thumb	RfuSetErrorParams
0x080FB0F0	0x080FB0FF	thumb	ResetErrorState
0x080FB100	0x080FB12B	thumb	RfuSetIgnoreError
0x080FB12C	0x080FB14B	thumb	DisconnectNewChild
0x080FB14C	0x080FB15B	thumb	StartDisconnectNewChild
0x080FB15C	0x080FB353	thumb	LinkManagerCB_Parent
0x080FB354	0x080FB53B	thumb	LinkManagerCB_Child
0x080FB53C	0x080FB577	thumb	ParentResetChildRecvMetadata
0x080FB578	0x080FB5C3	thumb	GetNewChildrenInUnionRoomChat
0x080FB5C4	0x080FB9A7	thumb	LinkManagerCB_UnionRoom
0x080FB9A8	0x080FB9BB	thumb	RfuSetNormalDisconnectMode
0x080FB9BC	0x080FB9CB	thumb	RfuSetStatus
0x080FB9CC	0x080FB9D7	thumb	RfuGetStatus
0x080FB9D8	0x080FB9F1	thumb	RfuHasErrored
0x080FB9F4	0x080FBA03	thumb	Rfu_IsPlayerExchangeActive
0x080FBA04	0x080FBA0F	thumb	Rfu_IsMaster
0x080FBA10	0x080FBA19	thumb	RfuVSync
0x080FBA1C	0x080FBA3B	thumb	ClearRecvCommands
0x080FBA3C	0x080FBA4D	thumb	VBlank_RfuIdle
0x080FBA50	0x080FBAE3	thumb	Debug_RfuIdle
0x080FBAE4	0x080FBAF7	thumb	IsUnionRoomListenTaskActive
0x080FBAF8	0x080FBB23	thumb	CreateTask_RfuIdle
0x080FBB24	0x080FBB4B	thumb	DestroyTask_RfuIdle
0x080FBB4C	0x080FBB61	thumb	CB2_RfuIdle
0x080FBB64	0x080FBBAF	thumb	InitializeRfuLinkManager_LinkLeader
0x080FBBB0	0x080FBBD7	thumb	InitializeRfuLinkManager_JoinGroup
0x080FBBD8	0x080FBC3B	thumb	InitializeRfuLinkManager_EnterUnionRoom
0x080FBC3C	0x080FBC45	thumb	ReadU16
0x080FBC48	0x080FBCCF	thumb	GetPartnerIndexByNameAndTrainerID
0x080FBCD0	0x080FBD23	thumb	RfuReqDisconnectSlot
0x080FBD24	0x080FBD41	thumb	RequestDisconnectSlotByTrainerNameAndId
0x080FBD44	0x080FBD8F	thumb	Rfu_DisconnectPlayerById
0x080FBD90	0x080FBDF7	thumb	Task_SendDisconnectCommand
0x080FBDF8	0x080FBE57	thumb	SendDisconnectCommand
0x080FBE58	0x080FBF2B	thumb	Task_RfuReconnectWithParent
0x080FBF2C	0x080FBF6F	thumb	CreateTask_RfuReconnectWithParent
0x080FBF70	0x080FBFFD	thumb	IsPartnerActivityIncompatible
0x080FC000	0x080FC0E9	thumb	Task_TryConnectToUnionRoomParent
0x080FC0EC	0x080FC187	thumb	TryConnectToUnionRoomParent
0x080FC188	0x080FC1A1	thumb	IsRfuRecoveringFromLinkLoss
0x080FC1A4	0x080FC1DD	thumb	IsRfuCommunicatingWithAllChildren
0x080FC1E0	0x080FC1FF	thumb	Debug_PrintEmpty
0x080FC200	0x080FC423	thumb	Debug_PrintStatus
0x080FC424	0x080FC437	thumb	GetRfuSendQueueLength
0x080FC438	0x080FC44B	thumb	GetRfuRecvQueueLength
0x080FC44C	0x080FC44D	thumb	Task_Idle
0x080FC450	0x080FC4AB	thumb	RfuRecvQueue_Reset
0x080FC4AC	0x080FC507	thumb	RfuSendQueue_Reset
0x080FC508	0x080FC55F	thumb	RfuUnusedQueue_Reset
0x080FC560	0x080FC613	thumb	RfuRecvQueue_Enqueue
0x080FC614	0x080FC6BF	thumb	RfuSendQueue_Enqueue
0x080FC6C0	0x080FC773	thumb	RfuRecvQueue_Dequeue
0x080FC774	0x080FC7FF	thumb	RfuSendQueue_Dequeue
0x080FC800	0x080FC85D	thumb	RfuBackupQueue_Enqueue
0x080FC860	0x080FC8AF	thumb	RfuBackupQueue_Dequeue
0x080FC8B0	0x080FC91B	thumb	RfuUnusedQueue_Dequeue
0x080FC91C	0x080FC98F	thumb	RfuUnusedQueue_Enqueue
0x080FC990	0x080FCA4B	thumb	PopulateArrayWithSequence
0x080FCA4C	0x080FCA7F	thumb	PkmnStrToASCII
0x080FCA80	0x080FCAB3	thumb	ASCIIToPkmnStr
0x080FCAB4	0x080FCB29	thumb	GetConnectedChildStrength
0x080FCB2C	0x080FCC13	thumb	InitHostRfuGameData
0x080FCC14	0x080FCCC9	thumb	Rfu_GetCompatiblePlayerData
0x080FCCCC	0x080FCD27	thumb	Rfu_GetWonderDistributorPlayerData
0x080FCD28	0x080FCD4B	thumb	CopyHostRfuGameDataAndUsername
0x080FCD4C	0x080FCE1B	thumb	CreateWirelessStatusIndicatorSprite
0x080FCE1C	0x080FCE7F	thumb	DestroyWirelessStatusIndicatorSprite
0x080FCE80	0x080FCEBB	thumb	LoadWirelessStatusIndicatorSpriteGfx
0x080FCEBC	0x080FCEF3	thumb	GetParentSignalStrength
0x080FCEF4	0x080FCF0B	thumb	SetAndRestartWirelessStatusIndicatorAnim
0x080FCF0C	0x080FD10F	thumb	UpdateWirelessStatusIndicatorSprite
0x080FD110	0x080FD141	thumb	CopyTrainerRecord
0x080FD144	0x080FD157	thumb	ZeroName
0x080FD158	0x080FD175	thumb	NameIsEmpty
0x080FD178	0x080FD30F	thumb	SaveLinkTrainerNames
0x080FD310	0x080FD379	thumb	PlayerHasMetTrainerBefore
0x080FD37C	0x080FD3C7	thumb	rfu_LMAN_REQBN_softReset_and_checkID
0x080FD3C8	0x080FD407	thumb	rfu_LMAN_REQ_sendData
0x080FD408	0x080FD459	thumb	rfu_LMAN_initializeManager
0x080FD45C	0x080FD487	thumb	rfu_LMAN_endManager
0x080FD488	0x080FD4BB	thumb	rfu_LMAN_initializeRFU
0x080FD4BC	0x080FD503	thumb	rfu_LMAN_clearVariables
0x080FD504	0x080FD50F	thumb	rfu_LMAN_powerDownRFU
0x080FD510	0x080FD5E7	thumb	rfu_LMAN_establishConnection
0x080FD5E8	0x080FD6C9	thumb	rfu_LMAN_CHILD_connectParent
0x080FD6CC	0x080FD737	thumb	rfu_LMAN_PARENT_stopWaitLinkRecoveryAndDisconnect
0x080FD738	0x080FD827	thumb	rfu_LMAN_stopManager
0x080FD828	0x080FD9EB	thumb	rfu_LMAN_linkWatcher
0x080FD9EC	0x080FDA07	thumb	rfu_LMAN_syncVBlank
0x080FDA08	0x080FDBFF	thumb	rfu_LMAN_manager_entity
0x080FDC00	0x080FDC6F	thumb	rfu_LMAN_settingPCSWITCH
0x080FDC70	0x080FE36B	thumb	rfu_LMAN_REQ_callback
0x080FE36C	0x080FE3EF	thumb	rfu_LMAN_MSC_callback
0x080FE3F0	0x080FE611	thumb	rfu_LMAN_PARENT_checkRecvChildName
0x080FE614	0x080FE6C7	thumb	rfu_LMAN_CHILD_checkSendChildName
0x080FE6C8	0x080FE723	thumb	rfu_LMAN_CHILD_checkSendChildName2
0x080FE724	0x080FE74F	thumb	rfu_LMAN_CHILD_linkRecoveryProcess
0x080FE750	0x080FE7C7	thumb	rfu_LMAN_CHILD_checkEnableParentCandidate
0x080FE7C8	0x080FE7EF	thumb	rfu_LMAN_occureCallback
0x080FE7F0	0x080FE813	thumb	rfu_LMAN_disconnect
0x080FE814	0x080FE8EF	thumb	rfu_LMAN_reflectCommunicationStatus
0x080FE8F0	0x080FE9E7	thumb	rfu_LMAN_checkNICommunicateStatus
0x080FE9E8	0x080FE9FF	thumb	rfu_LMAN_setMSCCallback
0x080FEA00	0x080FEA0B	thumb	rfu_LMAN_setLMANCallback
0x080FEA0C	0x080FEA4F	thumb	rfu_LMAN_setLinkRecovery
0x080FEA50	0x080FEA8B	thumb	rfu_LMAN_setNIFailCounterLimit
0x080FEA8C	0x080FEAC9	thumb	rfu_LMAN_setFastSearchParent
0x080FEACC	0x080FEAEB	thumb	rfu_LMAN_managerChangeAgbClockMaster
0x080FEAEC	0x080FEB13	thumb	rfu_LMAN_requestChangeAgbClockMaster
0x080FEB14	0x080FEB81	thumb	rfu_LMAN_forceChangeSP
0x080FEB84	0x080FEBE3	thumb	DoEasyChatScreen
0x080FEBE4	0x080FEBF9	thumb	CB2_EasyChatScreen
0x080FEBFC	0x080FEC0D	thumb	VBlankCallback_EasyChatScreen
0x080FEC10	0x080FEC2B	thumb	SetEasyChatTaskFunc
0x080FEC2C	0x080FEC67	thumb	Task_InitEasyChat
0x080FEC68	0x080FED57	thumb	Task_RunEasyChat
0x080FED58	0x080FEDFB	thumb	Task_InitEasyChatInternal
0x080FEDFC	0x080FEE1B	thumb	DismantleEasyChat
0x080FEE1C	0x080FEF03	thumb	ShowEasyChatScreen
0x080FEF04	0x080FEF23	thumb	CompareProfileResponseWithPassphrase
0x080FEF24	0x080FEF43	thumb	CompareQuestionnaireResponseWithPassphrase
0x080FEF44	0x080FEFE7	thumb	EasyChat_AllocateResources
0x080FEFE8	0x080FEFFF	thumb	EasyChat_FreeResources
0x080FF000	0x080FF06F	thumb	EasyChatScreen_HandleJoypad
0x080FF070	0x080FF1E3	thumb	HandleJoypad_SelectField
0x080FF1E4	0x080FF337	thumb	HandleJoypad_SelectFooter
0x080FF338	0x080FF3F1	thumb	HandleJoypad_SelectGroup
0x080FF3F4	0x080FF47D	thumb	HandleJoypad_SelectWord
0x080FF480	0x080FF4C5	thumb	Cancel_HandleYesNoMenu
0x080FF4C8	0x080FF51B	thumb	Confirm_HandleYesNoMenu
0x080FF51C	0x080FF565	thumb	DelAll_HandleYesNoMenu
0x080FF568	0x080FF57F	thumb	Cancel_CreateYesNoMenu
0x080FF580	0x080FF597	thumb	DelAll_CreateYesNoMenu
0x080FF598	0x080FF5C5	thumb	Confirm_CreateYesNoMenu
0x080FF5C8	0x080FF5D3	thumb	GetStateBackup
0x080FF5D4	0x080FF64D	thumb	OpenSelectedGroup
0x080FF650	0x080FF65F	thumb	BackOutFromGroupToFieldSelect
0x080FF660	0x080FF68B	thumb	ToggleGroupAlphaMode
0x080FF68C	0x080FF69F	thumb	DeleteSelectedWord
0x080FF6A0	0x080FF6C7	thumb	PlaceSelectedWord
0x080FF6C8	0x080FF6FF	thumb	CommitECWords
0x080FF700	0x080FF73F	thumb	DeleteAllECFields
0x080FF740	0x080FF763	thumb	SetEasyChatWordToField
0x080FF764	0x080FF7A1	thumb	HasECMessageChanged
0x080FF7A4	0x080FF7E1	thumb	SelectGroupCursorAction
0x080FF7E4	0x080FF8AD	thumb	UpdateSelectGroupCursorPos_OutsideBlueBox_GroupMode
0x080FF8B0	0x080FF93F	thumb	UpdateSelectGroupCursorPos_OutsideBlueBox_AlphaMode
0x080FF940	0x080FF9BF	thumb	UpdateSelectGroupCursorPos_InsideBlueBox
0x080FF9C0	0x080FF9E3	thumb	GroupCursorMoveToBlueBox
0x080FF9E4	0x080FFA0F	thumb	GroupCursorWrapAroundLeft
0x080FFA10	0x080FFB43	thumb	SelectWordCursorAction
0x080FFB44	0x080FFB63	thumb	GetSelectedFieldIndex
0x080FFB64	0x080FFB83	thumb	GetSelectedGroupIndex
0x080FFB84	0x080FFBBB	thumb	GetSelectedLetter
0x080FFBBC	0x080FFBDB	thumb	GetSelectWordCursorPos
0x080FFBDC	0x080FFBF3	thumb	GetMaxGroupCursorXinAlphaMode
0x080FFBF4	0x080FFC1B	thumb	MoveGroupCursorXToMaxCol
0x080FFC1C	0x080FFC43	thumb	MoveWordCursorXToMaxCol
0x080FFC44	0x080FFC95	thumb	GroupSelectCursorXPosTooFarRight
0x080FFC98	0x080FFCB7	thumb	WordSelectCursorXPosTooFarRight
0x080FFCB8	0x080FFCD3	thumb	GetEasyChatScreenFrameId
0x080FFCD4	0x080FFCF3	thumb	GetTitleText
0x080FFCF4	0x080FFCFF	thumb	GetEasyChatWordBuffer
0x080FFD00	0x080FFD0B	thumb	GetNumRows
0x080FFD0C	0x080FFD17	thumb	GetNumColumns
0x080FFD18	0x080FFD23	thumb	GetMainCursorColumn
0x080FFD24	0x080FFD2F	thumb	GetMainCursorRow
0x080FFD30	0x080FFD67	thumb	GetEasyChatInstructionsText
0x080FFD68	0x080FFD9F	thumb	GetEasyChatConfirmText
0x080FFDA0	0x080FFDCB	thumb	GetEasyChatConfirmCancelText
0x080FFDCC	0x080FFDDF	thumb	GetEasyChatConfirmDeletionText
0x080FFDE0	0x080FFDF3	thumb	GetECSelectGroupCursorCoords
0x080FFDF4	0x080FFDFF	thumb	IsEasyChatAlphaMode
0x080FFE00	0x080FFE0B	thumb	GetECSelectGroupRowsAbove
0x080FFE0C	0x080FFE1F	thumb	GetECSelectWordCursorCoords
0x080FFE20	0x080FFE2B	thumb	GetECSelectWordRowsAbove
0x080FFE2C	0x080FFE37	thumb	GetECSelectWordNumRows
0x080FFE38	0x080FFE3B	thumb	UnusedDummy
0x080FFE3C	0x080FFE6D	thumb	ShouldDrawECUpArrow
0x080FFE70	0x080FFEB1	thumb	ShouldDrawECDownArrow
0x080FFEB4	0x080FFEF1	thumb	IsPhraseDifferentThanPlayerInput
0x080FFEF4	0x080FFF1D	thumb	GetEasyChatScreenTemplateId
0x080FFF20	0x080FFF57	thumb	IsEcWordBufferUninitialized
0x080FFF58	0x080FFF6D	thumb	InitEasyChatGraphicsWork
0x080FFF70	0x081000F3	thumb	LoadEasyChatGraphics
0x081000F4	0x0810010B	thumb	DestroyEasyChatGraphicsResources
0x0810010C	0x08100123	thumb	EasyChatInterfaceCommand_Setup
0x08100124	0x0810022D	thumb	EasyChatInterfaceCommand_Run
0x08100230	0x08100267	thumb	ECInterfaceCmd_01
0x08100268	0x0810034B	thumb	ECInterfaceCmd_02
0x0810034C	0x0810037F	thumb	ECInterfaceCmd_03
0x08100380	0x081003C3	thumb	ECInterfaceCmd_05
0x081003C4	0x08100407	thumb	ECInterfaceCmd_06
0x08100408	0x0810044B	thumb	ECInterfaceCmd_04
0x0810044C	0x0810048F	thumb	ECInterfaceCmd_07
0x08100490	0x081004CB	thumb	ECInterfaceCmd_08
0x081004CC	0x08100595	thumb	ECInterfaceCmd_09
0x08100598	0x08100635	thumb	ECInterfaceCmd_10
0x08100638	0x081006F5	thumb	ECInterfaceCmd_22
0x081006F8	0x08100703	thumb	ECInterfaceCmd_14
0x08100704	0x08100749	thumb	ECInterfaceCmd_15
0x0810074C	0x081007A7	thumb	ECInterfaceCmd_16
0x081007A8	0x08100865	thumb	ECInterfaceCmd_11
0x08100868	0x08100911	thumb	ECInterfaceCmd_12
0x08100914	0x081009CD	thumb	ECInterfaceCmd_13
0x081009D0	0x081009DB	thumb	ECInterfaceCmd_17
0x081009DC	0x08100A4D	thumb	ECInterfaceCmd_19
0x08100A50	0x08100ABF	thumb	ECInterfaceCmd_18
0x08100AC0	0x08100B45	thumb	ECInterfaceCmd_21
0x08100B48	0x08100BC9	thumb	ECInterfaceCmd_20
0x08100BCC	0x08100C33	thumb	InitEasyChatGraphicsWork_Internal
0x08100C34	0x08100C93	thumb	SetGpuRegsForEasyChatInit
0x08100C94	0x08100CFB	thumb	LoadEasyChatPals
0x08100CFC	0x08100D59	thumb	PrintTitleText
0x08100D5C	0x08100D9B	thumb	EC_AddTextPrinterParameterized
0x08100D9C	0x08100E0B	thumb	EC_AddTextPrinterParameterized2
0x08100E0C	0x08100E53	thumb	PrintECInstructionsText
0x08100E54	0x08100EED	thumb	PrintECInterfaceTextById
0x08100EF0	0x08100F1B	thumb	EC_CreateYesNoMenuWithInitialCursorPos
0x08100F1C	0x08100FB3	thumb	CreatePhraseFrameWindow
0x08100FB4	0x081010D7	thumb	PrintECFields
0x081010D8	0x081012A3	thumb	DrawECFrameInTilemapBuffer
0x081012A4	0x081012B5	thumb	PutWin2TilemapAndCopyToVram
0x081012B8	0x081012F3	thumb	PrintECMenuById
0x081012F4	0x08101311	thumb	PrintECGroupOrAlphaMenu
0x08101314	0x08101377	thumb	PrintECGroupsMenu
0x08101378	0x081013B3	thumb	PrintEasyChatKeyboardText
0x081013B4	0x081013C1	thumb	PrintECWordsMenu
0x081013C4	0x081013E7	thumb	UpdateWin2PrintWordsScrollDown
0x081013E8	0x08101409	thumb	UpdateWin2PrintWordsScrollUp
0x0810140C	0x0810144D	thumb	UpdateWin2PrintWordsScrollPageDown
0x08101450	0x08101481	thumb	UpdateWin2PrintWordsScrollPageUp
0x08101484	0x0810152F	thumb	PrintECRowsWin2
0x08101530	0x08101591	thumb	ClearECRowsWin2
0x08101594	0x081015A9	thumb	ClearWin2AndCopyToVram
0x081015AC	0x08101683	thumb	StartWin2FrameAnim
0x08101684	0x081016BB	thumb	AnimateFrameResize
0x081016BC	0x08101807	thumb	RedrawFrameByIndex
0x08101808	0x08101963	thumb	RedrawFrameByRect
0x08101964	0x08101987	thumb	InitBg2Scroll
0x08101988	0x081019E7	thumb	ScheduleBg2VerticalScroll
0x081019E8	0x08101A1D	thumb	AnimateBg2VerticalScroll
0x08101A20	0x08101A33	thumb	GetBg2ScrollRow
0x08101A34	0x08101A67	thumb	SetRegWin0Coords
0x08101A68	0x08101A9B	thumb	LoadSpriteGfx
0x08101A9C	0x08101AF7	thumb	CreateSelectDestFieldCursorSprite
0x08101AF8	0x08101B2F	thumb	SpriteCB_BounceCursor
0x08101B30	0x08101B5F	thumb	SetSelectDestFieldCursorSpritePosAndResetAnim
0x08101B60	0x08101B7F	thumb	FreezeSelectDestFieldCursorSprite
0x08101B80	0x08101B97	thumb	UnfreezeSelectDestFieldCursorSprite
0x08101B98	0x08101C1F	thumb	CreateRedRectangularCursorSpritePair
0x08101C20	0x08101C57	thumb	DestroyRedRectangularCursor
0x08101C58	0x08101CBB	thumb	EC_MoveCursor
0x08101CBC	0x08101D73	thumb	MoveCursor_Group
0x08101D74	0x08101E57	thumb	MoveCursor_Alpha
0x08101E58	0x08101EAB	thumb	CreateSelectWordCursorSprite
0x08101EAC	0x08101EDB	thumb	SpriteCB_SelectWordCursorSprite
0x08101EDC	0x08101F15	thumb	SetSelectWordCursorSpritePos
0x08101F18	0x08101F57	thumb	SetSelectWordCursorSpritePosExplicit
0x08101F58	0x08101F83	thumb	DestroySelectWordCursorSprite
0x08101F84	0x08101FEF	thumb	CreateSelectGroupHelpSprite
0x08101FF0	0x08102083	thumb	AnimateSeletGroupModeAndHelpSpriteEnter
0x08102084	0x081020A7	thumb	StartModeIconHidingAnimation
0x081020A8	0x08102131	thumb	RunModeIconHidingAnimation
0x08102134	0x0810214F	thumb	ShrinkModeIconsSprite
0x08102150	0x0810218F	thumb	ShowModeIconsSprite
0x08102190	0x081021AB	thumb	ModeIconsSpriteAnimIsEnded
0x081021AC	0x08102223	thumb	CreateVerticalScrollArrowSprites
0x08102224	0x08102287	thumb	UpdateVerticalScrollArrowVisibility
0x08102288	0x081022B7	thumb	HideVerticalScrollArrowSprites
0x081022B8	0x081022F7	thumb	UpdateVerticalScrollArrowSpriteXPos
0x081022F8	0x0810236B	thumb	CreateStartSelectButtonsSprites
0x0810236C	0x081023CF	thumb	UpdateStartSelectButtonSpriteVisibility
0x081023D0	0x081023FF	thumb	HideStartSelectButtonSprites
0x08102400	0x08102497	thumb	CreateFooterWindow
0x08102498	0x081024A9	thumb	VBlankCB
0x081024AC	0x081024E3	thumb	CB2_PokedexScreen
0x081024E4	0x08102733	thumb	DexScreen_LoadResources
0x08102734	0x0810276F	thumb	CB2_OpenPokedexFromStartMenu
0x08102770	0x0810282F	thumb	DoClosePokedex
0x08102830	0x08102853	thumb	CB2_ClosePokedex
0x08102854	0x08102BFF	thumb	Task_PokedexScreen
0x08102C00	0x08102E97	thumb	DexScreen_InitGfxForTopMenu
0x08102E98	0x08102F1F	thumb	MoveCursorFunc_DexModeSelect
0x08102F20	0x08102F55	thumb	ItemPrintFunc_DexModeSelect
0x08102F58	0x08103153	thumb	Task_DexScreen_NumericalOrder
0x08103154	0x0810320F	thumb	DexScreen_InitGfxForNumericalOrderList
0x08103210	0x08103433	thumb	Task_DexScreen_CharacteristicOrder
0x08103434	0x081034EF	thumb	DexScreen_CreateCharacteristicListMenu
0x081034F0	0x081038FB	thumb	DexScreen_CountMonsInOrderedList
0x081038FC	0x0810395F	thumb	DexScreen_InitListMenuForOrderedList
0x08103960	0x081039C7	thumb	DexScreen_DestroyDexOrderListMenu
0x081039C8	0x08103A17	thumb	DexScreen_CreateDexOrderScrollArrows
0x08103A18	0x08103A9F	thumb	ItemPrintFunc_OrderedListMenu
0x08103AA0	0x0810420B	thumb	Task_DexScreen_CategorySubmenu
0x0810420C	0x0810425B	thumb	DexScreen_CreateCategoryMenuScrollArrows
0x0810425C	0x081042C3	thumb	DexScreen_InputHandler_GetShoulderInput
0x081042C4	0x0810463B	thumb	Task_DexScreen_ShowMonPage
0x0810463C	0x08104787	thumb	DexScreen_TryScrollMonsVertical
0x08104788	0x0810479F	thumb	DexScreen_RemoveWindow
0x081047A0	0x08104855	thumb	DexScreen_AddTextPrinterParameterized
0x08104858	0x081048F3	thumb	DexScreen_PrintNum3LeadingZeroes
0x081048F4	0x081049A1	thumb	DexScreen_PrintNum3RightAlign
0x081049A4	0x081049D1	thumb	DexScreen_GetDefaultPersonality
0x081049D4	0x08104A0B	thumb	DexScreen_LoadMonPicInWindow
0x08104A0C	0x08104A87	thumb	DexScreen_PrintMonDexNo
0x08104A88	0x08104B93	thumb	DexScreen_GetSetPokedexFlag
0x08104B94	0x08104C03	thumb	DexScreen_GetDexCount
0x08104C04	0x08104C39	thumb	DexScreen_PrintControlInfo
0x08104C3C	0x08104E65	thumb	DexScreen_DrawMonPicInCategoryPage
0x08104E68	0x08104E97	thumb	DexScreen_DestroyCategoryPageMonIconAndInfoWindows
0x08104E98	0x08104EE3	thumb	DexScreen_PrintCategoryPageNumbers
0x08104EE4	0x0810502F	thumb	DexScreen_CreateCategoryListGfx
0x08105030	0x0810514F	thumb	DexScreen_CreateCategoryPageSelectionCursor
0x08105150	0x08105183	thumb	DexScreen_UpdateCategoryPageCursorObject
0x08105184	0x081051A7	thumb	DexPage_TileBuffer_CopyCol
0x081051A8	0x081051C5	thumb	DexPage_TileBuffer_FillCol
0x081051C8	0x081052A7	thumb	DexScreen_TurnCategoryPage_BgEffect
0x081052A8	0x0810556B	thumb	DexScreen_FlipCategoryPageInDirection
0x0810556C	0x081057D7	thumb	DexScreen_DexPageZoomEffectFrame
0x081057D8	0x0810589B	thumb	DexScreen_PrintMonCategory
0x0810589C	0x08105A13	thumb	DexScreen_PrintMonHeight
0x08105A14	0x08105C87	thumb	DexScreen_PrintMonWeight
0x08105C88	0x08105D3B	thumb	DexScreen_PrintMonFlavorText
0x08105D3C	0x08105DF3	thumb	DexScreen_DrawMonFootprint
0x08105DF4	0x08105FEB	thumb	DexScreen_DrawMonDexPage
0x08105FEC	0x08106013	thumb	RemoveDexPageWindows
0x08106014	0x08106797	thumb	DexScreen_DrawMonAreaPage
0x08106798	0x081067E7	thumb	DexScreen_DestroyAreaScreenResources
0x081067E8	0x0810680F	thumb	DexScreen_CanShowMonInDex
0x08106810	0x08106875	thumb	DexScreen_IsPageUnlocked
0x08106878	0x081068B1	thumb	DexScreen_IsCategoryUnlocked
0x081068B4	0x08106973	thumb	DexScreen_CreateCategoryPageSpeciesList
0x08106974	0x081069F7	thumb	DexScreen_GetPageLimitsForCategory
0x081069F8	0x08106ACF	thumb	DexScreen_LookUpCategoryBySpecies
0x08106AD0	0x08106B0B	thumb	DexScreen_PageNumberToRenderablePages
0x08106B0C	0x08106B37	thumb	DexScreen_InputHandler_StartToCry
0x08106B38	0x08106BAF	thumb	DexScreen_RegisterMonToPokedex
0x08106BB0	0x08106BBD	thumb	Task_DexScreen_RegisterNonKantoMonBeforeNationalDex
0x08106BC0	0x08106E4F	thumb	Task_DexScreen_RegisterMonToPokedex
0x08106E50	0x08106EA3	thumb	DexScreen_PrintStringWithAlignment
0x08106EA4	0x08106EA5	thumb	ListMenuDummyTask
0x08106EA8	0x08106FCF	thumb	DoMysteryGiftListMenu
0x08106FD0	0x08106FFB	thumb	ListMenuInit
0x08106FFC	0x0810704D	thumb	ListMenuInitInRect
0x08107050	0x08107111	thumb	ListMenu_ProcessInput
0x08107114	0x08107157	thumb	DestroyListMenuTask
0x08107158	0x0810719B	thumb	RedrawListMenu
0x0810719C	0x081071DF	thumb	ChangeListMenuPals
0x081071E0	0x0810721B	thumb	ChangeListMenuCoords
0x0810721C	0x08107281	thumb	ListMenuTestInput
0x08107284	0x081072AB	thumb	ListMenuGetCurrentItemArrayId
0x081072AC	0x081072D7	thumb	ListMenuGetScrollAndRow
0x081072D8	0x0810731F	thumb	ListMenuGetYCoordForPrintingArrowCursor
0x08107320	0x081073FF	thumb	ListMenuInitInternal
0x08107400	0x081074B1	thumb	ListMenuPrint
0x081074B4	0x0810756B	thumb	ListMenuPrintEntries
0x0810756C	0x08107661	thumb	ListMenuDrawCursor
0x08107664	0x081076C3	thumb	ListMenuAddCursorObject
0x081076C4	0x0810774B	thumb	ListMenuErasePrintedCursor
0x0810774C	0x08107839	thumb	ListMenuUpdateSelectedRowIndexAndScrollOffset
0x0810783C	0x08107971	thumb	ListMenuScroll
0x08107974	0x08107A4B	thumb	ListMenuChangeSelection
0x08107A4C	0x08107A73	thumb	ListMenuCallSelectionChangedCallback
0x08107A74	0x08107AC3	thumb	ListMenuOverrideSetColors
0x08107AC4	0x08107AD5	thumb	ListMenuDefaultCursorMoveFunc
0x08107AD8	0x08107BA7	thumb	ListMenuGetTemplateField
0x08107BA8	0x08107CAD	thumb	ListMenuSetTemplateField
0x08107CB0	0x08107CCF	thumb	ListMenu_LoadMonIconPalette
0x08107CD0	0x08107D0D	thumb	ListMenu_DrawMonIconGraphics
0x08107D10	0x08107D3F	thumb	ListMenuLoadStdPalAt
0x08107D40	0x08107D8B	thumb	BlitMenuInfoIcon
0x08107D8C	0x08107E8F	thumb	GoToBagMenu
0x08107E90	0x08107EA3	thumb	CB2_BagMenuFromStartMenu
0x08107EA4	0x08107EB7	thumb	CB2_BagMenuFromBattle
0x08107EB8	0x08107ED1	thumb	CB2_BagMenuRun
0x08107ED4	0x08107EE5	thumb	VBlankCB_BagMenuRun
0x08107EE8	0x08107F11	thumb	CB2_OpenBagMenu
0x08107F14	0x08108113	thumb	LoadBagMenuGraphics
0x08108114	0x0810814F	thumb	FadeOutOfBagMenu
0x08108150	0x08108183	thumb	Task_WaitFadeOutOfBagMenu
0x08108184	0x081081A7	thumb	NullBagMenuBufferPtrs
0x081081A8	0x08108217	thumb	BagMenuInitBgsAndAllocTilemapBuffer
0x08108218	0x0810835D	thumb	DoLoadBagGraphics
0x08108360	0x081083CB	thumb	CreateBagInputHandlerTask
0x081083CC	0x08108403	thumb	TryAllocListMenuBuffers
0x08108404	0x08108537	thumb	Bag_BuildListMenuTemplate
0x08108538	0x0810857B	thumb	BagListMenuGetItemNameColored
0x0810857C	0x0810862B	thumb	BagListMenuMoveCursorFunc
0x0810862C	0x08108743	thumb	BagListMenuItemPrintFunc
0x08108744	0x08108763	thumb	bag_menu_print_cursor_
0x08108764	0x081087C3	thumb	bag_menu_print_cursor
0x081087C4	0x081087EF	thumb	PrintBagPocketName
0x081087F0	0x0810885F	thumb	PrintItemDescriptionOnMessageWindow
0x08108860	0x081088AF	thumb	CreatePocketScrollArrowPair
0x081088B0	0x081088DF	thumb	CreatePocketSwitchArrowPair
0x081088E0	0x08108917	thumb	CreatePocketScrollArrowPair_SellQuantity
0x08108918	0x0810894F	thumb	CreateArrowPair_QuantitySelect
0x08108950	0x08108973	thumb	BagDestroyPocketScrollArrowPair
0x08108974	0x08108993	thumb	BagDestroyPocketSwitchArrowPair
0x08108994	0x081089CB	thumb	ResetBagCursorPositions
0x081089CC	0x08108A3F	thumb	PocketCalculateInitialCursorPosAndItemsAbove
0x08108A40	0x08108A59	thumb	CalculateInitialCursorPosAndItemsAbove
0x08108A5C	0x08108ADB	thumb	UpdatePocketScrollPositions
0x08108ADC	0x08108B27	thumb	DestroyBagMenuResources
0x08108B28	0x08108B63	thumb	ItemMenu_StartFadeToExitCallback
0x08108B64	0x08108BE5	thumb	Task_ItemMenu_WaitFadeAndSwitchToExitCallback
0x08108BE8	0x08108C8B	thumb	ShowBagOrBeginWin0OpenTask
0x08108C8C	0x08108CC7	thumb	Bag_BeginCloseWin0Animation
0x08108CC8	0x08108CD3	thumb	CB2_SetUpReshowBattleScreenAfterMenu
0x08108CD4	0x08108D37	thumb	Task_AnimateWin0v
0x08108D38	0x08108D9D	thumb	MoveItemSlotInList
0x08108DA0	0x08108E29	thumb	Pocket_CalculateNItemsAndMaxShowed
0x08108E2C	0x08108E45	thumb	All_CalculateNItemsAndMaxShowed
0x08108E48	0x08108EB7	thumb	DisplayItemMessageInBag
0x08108EB8	0x08108EC3	thumb	ItemMenu_SetExitCallback
0x08108EC4	0x08108EE3	thumb	GetSelectedItemIndex
0x08108EE4	0x081090B3	thumb	Task_BagMenu_HandleInput
0x081090B4	0x081090E3	thumb	Task_ItemContextMenuByLocation
0x081090E4	0x08109117	thumb	Task_RedrawArrowsAndReturnToBagMenuSelect
0x08109118	0x0810913F	thumb	Bag_FillMessageBoxWithPalette
0x08109140	0x081091A5	thumb	ProcessPocketSwitchInput
0x081091A8	0x0810926F	thumb	SwitchPockets
0x08109270	0x0810938F	thumb	Task_AnimateSwitchPockets
0x08109390	0x08109487	thumb	BeginMovingItemInPocket
0x08109488	0x08109583	thumb	Task_MoveItemInPocket_HandleInput
0x08109584	0x08109653	thumb	ExecuteMoveItemInPocket
0x08109654	0x081096F3	thumb	AbortMovingItemInPocket
0x081096F4	0x081097BB	thumb	InitQuantityToTossOrDeposit
0x081097BC	0x0810982B	thumb	UpdateQuantityToTossOrDeposit
0x0810982C	0x08109867	thumb	DrawItemListRow
0x08109868	0x08109B8F	thumb	OpenContextMenu
0x08109B90	0x08109BBB	thumb	Task_ItemContext_FieldOrBattle
0x08109BBC	0x08109C27	thumb	Task_FieldItemContextMenuHandleInput
0x08109C28	0x08109C97	thumb	Task_ItemMenuAction_Use
0x08109C98	0x08109D0F	thumb	Task_ItemMenuAction_Toss
0x08109D10	0x08109D87	thumb	Task_ConfirmTossItems
0x08109D88	0x08109DC3	thumb	Task_TossItem_No
0x08109DC4	0x08109E7F	thumb	Task_SelectQuantityToToss
0x08109E80	0x08109F1B	thumb	Task_TossItem_Yes
0x08109F1C	0x08109FD7	thumb	Task_WaitAB_RedrawAndReturnToBag
0x08109FD8	0x0810A07F	thumb	Task_ItemMenuAction_ToggleSelect
0x0810A080	0x0810A147	thumb	Task_ItemMenuAction_Give
0x0810A148	0x0810A163	thumb	Task_PrintThereIsNoPokemon
0x0810A164	0x0810A1A7	thumb	Task_PrintItemCantBeHeld
0x0810A1A8	0x0810A1CF	thumb	Task_WaitAButtonAndCloseContextMenu
0x0810A1D0	0x0810A25F	thumb	Task_ReturnToBagFromContextMenu
0x0810A260	0x0810A2B3	thumb	Task_UnusedReturnToBag
0x0810A2B4	0x0810A2FB	thumb	Task_ItemMenuAction_Cancel
0x0810A2FC	0x0810A347	thumb	Task_ItemMenuAction_BattleUse
0x0810A348	0x0810A409	thumb	Task_ItemContext_FieldGive
0x0810A40C	0x0810A41F	thumb	GoToTMCase_Give
0x0810A420	0x0810A433	thumb	GoToBerryPouch_Give
0x0810A434	0x0810A43D	thumb	ReturnToBagMenuFromSubmenu_Give
0x0810A440	0x0810A501	thumb	Task_ItemContext_PcBoxGive
0x0810A504	0x0810A517	thumb	GoToTMCase_PCBox
0x0810A518	0x0810A52B	thumb	GoToBerryPouch_PCBox
0x0810A52C	0x0810A53F	thumb	ReturnToBagMenuFromSubmenu_PCBox
0x0810A540	0x0810A62B	thumb	Task_ItemContext_Sell
0x0810A62C	0x0810A63F	thumb	GoToTMCase_Sell
0x0810A640	0x0810A653	thumb	GoToBerryPouch_Sell
0x0810A654	0x0810A667	thumb	ReturnToBagMenuFromSubmenu_Sell
0x0810A668	0x0810A6E3	thumb	Task_PrintSaleConfirmationText
0x0810A6E4	0x0810A6F7	thumb	Task_ShowSellYesNoMenu
0x0810A6F8	0x0810A747	thumb	Task_SellItem_No
0x0810A748	0x0810A80B	thumb	Task_InitSaleQuantitySelectInterface
0x0810A80C	0x0810A831	thumb	UpdateSalePriceDisplay
0x0810A834	0x0810A917	thumb	Task_SelectQuantityToSell
0x0810A918	0x0810A9AB	thumb	Task_SellItem_Yes
0x0810A9AC	0x0810AACB	thumb	Task_FinalizeSaleToShop
0x0810AACC	0x0810AB17	thumb	Task_WaitPressAB_AfterSell
0x0810AB18	0x0810AB5F	thumb	Task_ItemContext_Deposit
0x0810AB60	0x0810AC15	thumb	Task_SelectQuantityToDeposit
0x0810AC18	0x0810ACE7	thumb	Task_TryDoItemDeposit
0x0810ACE8	0x0810AD83	thumb	UseRegisteredKeyItemOnField
0x0810AD84	0x0810ADAD	thumb	BagIsTutorial
0x0810ADB0	0x0810AEA3	thumb	BackUpPlayerBag
0x0810AEA4	0x0810AF4B	thumb	RestorePlayerBag
0x0810AF4C	0x0810AF73	thumb	InitOldManBag
0x0810AF74	0x0810B047	thumb	Task_Bag_OldManTutorial
0x0810B048	0x0810B083	thumb	Task_Pokedude_FadeFromBag
0x0810B084	0x0810B0DF	thumb	Task_Pokedude_WaitFadeAndExitBag
0x0810B0E0	0x0810B157	thumb	InitPokedudeBag
0x0810B158	0x0810B1AB	thumb	Task_BButtonInterruptTeachyTv
0x0810B1AC	0x0810B34F	thumb	Task_Bag_TeachyTvRegister
0x0810B350	0x0810B493	thumb	Task_Bag_TeachyTvCatching
0x0810B494	0x0810B5A9	thumb	Task_Bag_TeachyTvStatus
0x0810B5AC	0x0810B6C9	thumb	Task_Bag_TeachyTvTMs
0x0810B6CC	0x0810B713	thumb	IsCurMapInLocationList
0x0810B714	0x0810B723	thumb	IsCurMapPokeCenter
0x0810B724	0x0810B733	thumb	IsCurMapReloadLocation
0x0810B734	0x0810B743	thumb	IsCurMapInEmptyList
0x0810B744	0x0810B773	thumb	TrySetPokeCenterWarpStatus
0x0810B774	0x0810B7A3	thumb	TrySetReloadWarpStatus
0x0810B7A4	0x0810B7D3	thumb	TrySetUnknownWarpStatus
0x0810B7D4	0x0810B7E5	thumb	TrySetMapSaveWarpStatus
0x0810B7E8	0x0810B803	thumb	SetUnlockedPokedexFlags
0x0810B804	0x0810B82F	thumb	SetPostgameFlags
0x0810B830	0x0810B8C7	thumb	InitBagWindows
0x0810B8C8	0x0810B92F	thumb	BagPrintTextOnWindow
0x0810B930	0x0810B96B	thumb	BagPrintTextOnWin1CenteredColor0
0x0810B96C	0x0810B9B3	thumb	BagDrawDepositItemTextBox
0x0810B9B4	0x0810BA13	thumb	ShowBagWindow
0x0810BA14	0x0810BA47	thumb	HideBagWindow
0x0810BA48	0x0810BA73	thumb	OpenBagWindow
0x0810BA74	0x0810BAAF	thumb	CloseBagWindow
0x0810BAB0	0x0810BABF	thumb	GetBagWindow
0x0810BAC0	0x0810BAEB	thumb	BagCreateYesNoMenuBottomRight
0x0810BAEC	0x0810BB17	thumb	BagCreateYesNoMenuTopRight
0x0810BB18	0x0810BB4B	thumb	BagPrintMoneyAmount
0x0810BB4C	0x0810BB5D	thumb	BagDrawTextBoxOnWindow
0x0810BB60	0x0810BB61	thumb	DummyPicSpriteCallback
0x0810BB64	0x0810BB8B	thumb	ResetAllPicSprites
0x0810BB8C	0x0810BC33	thumb	DecompressPic
0x0810BC34	0x0810BC5B	thumb	DecompressPic_HandleDeoxys
0x0810BC5C	0x0810BD17	thumb	LoadPicPaletteByTagOrSlot
0x0810BD18	0x0810BD57	thumb	LoadPicPaletteBySlot
0x0810BD58	0x0810BD83	thumb	AssignSpriteAnimsTable
0x0810BD84	0x0810BF1B	thumb	CreatePicSprite
0x0810BF1C	0x0810BF7B	thumb	CreatePicSprite_HandleDeoxys
0x0810BF7C	0x0810C027	thumb	FreeAndDestroyPicSpriteInternal
0x0810C028	0x0810C097	thumb	LoadPicSpriteInWindow
0x0810C098	0x0810C143	thumb	CreateTrainerCardSprite
0x0810C144	0x0810C1A3	thumb	CreateMonPicSprite
0x0810C1A4	0x0810C1EB	thumb	CreateMonPicSprite_HandleDeoxys
0x0810C1EC	0x0810C1FD	thumb	FreeAndDestroyMonPicSprite
0x0810C200	0x0810C233	thumb	LoadMonPicInWindow
0x0810C234	0x0810C27B	thumb	CreateTrainerCardMonIconSprite
0x0810C27C	0x0810C2BF	thumb	CreateTrainerPicSprite
0x0810C2C0	0x0810C2D1	thumb	FreeAndDestroyTrainerPicSprite
0x0810C2D4	0x0810C307	thumb	LoadTrainerPicInWindow
0x0810C308	0x0810C34B	thumb	CreateTrainerCardTrainerPicSprite
0x0810C34C	0x0810C37B	thumb	PlayerGenderToFrontTrainerPicId
0x0810C37C	0x0810C38F	thumb	VsSeekerFreezeObjectsAfterChargeComplete
0x0810C390	0x0810C41B	thumb	Task_ResetObjectsRematchWantedState
0x0810C41C	0x0810C4C3	thumb	VsSeekerResetObjectMovementAfterChargeComplete
0x0810C4C4	0x0810C54F	thumb	UpdateVsSeekerStepCounter
0x0810C550	0x0810C56B	thumb	MapResetTrainerRematches
0x0810C56C	0x0810C5DB	thumb	ResetMovementOfRematchableTrainers
0x0810C5DC	0x0810C5F7	thumb	VsSeekerResetInBagStepCounter
0x0810C5F8	0x0810C617	thumb	VsSeekerSetStepCounterInBagFull
0x0810C618	0x0810C62B	thumb	VsSeekerResetChargingStepCounter
0x0810C62C	0x0810C647	thumb	VsSeekerSetStepCounterFullyCharged
0x0810C648	0x0810C707	thumb	Task_VsSeeker_0
0x0810C708	0x0810C737	thumb	Task_VsSeeker_1
0x0810C738	0x0810C7DF	thumb	Task_VsSeeker_2
0x0810C7E0	0x0810C8C3	thumb	GatherNearbyTrainerInfo
0x0810C8C4	0x0810C943	thumb	Task_VsSeeker_3
0x0810C944	0x0810C97F	thumb	CanUseVsSeeker
0x0810C980	0x0810CB65	thumb	GetVsSeekerResponseInArea
0x0810CB68	0x0810CC77	thumb	ClearRematchStateByTrainerId
0x0810CC78	0x0810CCEB	thumb	TryGetRematchTrainerIdGivenGameState
0x0810CCEC	0x0810CD23	thumb	GetRematchTrainerIdGivenGameState
0x0810CD24	0x0810CD57	thumb	ShouldTryRematchBattle
0x0810CD58	0x0810CD89	thumb	ShouldTryRematchBattleInternal
0x0810CD8C	0x0810CDBD	thumb	HasRematchTrainerAlreadyBeenFought
0x0810CDC0	0x0810CDE7	thumb	ClearRematchStateOfLastTalked
0x0810CDE8	0x0810CE39	thumb	LookupVsSeekerOpponentInArray
0x0810CE3C	0x0810CE89	thumb	GetRematchTrainerId
0x0810CE8C	0x0810CEA7	thumb	IsTrainerReadyForRematch
0x0810CEA8	0x0810CED9	thumb	IsTrainerReadyForRematchInternal
0x0810CEDC	0x0810CF29	thumb	ObjectEventIdIsSane
0x0810CF2C	0x0810CF67	thumb	GetRandomFaceDirectionMovementType
0x0810CF68	0x0810D049	thumb	GetRunningBehaviorFromGraphicsId
0x0810D04C	0x0810D059	thumb	GetTrainerFlagFromScript
0x0810D05C	0x0810D07F	thumb	GetRematchIdx
0x0810D080	0x0810D0A5	thumb	IsThisTrainerRematchable
0x0810D0A8	0x0810D0D3	thumb	ClearAllTrainerRematchStates
0x0810D0D4	0x0810D13B	thumb	IsTrainerVisibleOnScreen
0x0810D13C	0x0810D1A3	thumb	GetNextAvailableRematchTrainer
0x0810D1A4	0x0810D223	thumb	GetRematchableTrainerLocalId
0x0810D224	0x0810D257	thumb	StartTrainerObjectMovementScript
0x0810D258	0x0810D2DB	thumb	GetCurVsSeekerResponse
0x0810D2DC	0x0810D3CB	thumb	StartAllRespondantIdleMovements
0x0810D3CC	0x0810D447	thumb	ItemPc_Init
0x0810D448	0x0810D461	thumb	ItemPc_MainCB
0x0810D464	0x0810D475	thumb	ItemPc_VBlankCB
0x0810D478	0x0810D495	thumb	ItemPc_RunSetup
0x0810D498	0x0810D681	thumb	ItemPc_DoGfxSetup
0x0810D684	0x0810D6BF	thumb	ItemPc_FadeAndBail
0x0810D6C0	0x0810D6F3	thumb	Task_ItemPcWaitFadeAndBail
0x0810D6F4	0x0810D763	thumb	ItemPc_InitBgs
0x0810D764	0x0810D811	thumb	ItemPc_LoadGraphics
0x0810D814	0x0810D84F	thumb	ItemPc_AllocateResourcesForListMenu
0x0810D850	0x0810D92B	thumb	ItemPc_BuildListMenuTemplate
0x0810D92C	0x0810D9F7	thumb	ItemPc_MoveCursorFunc
0x0810D9F8	0x0810DA8B	thumb	ItemPc_ItemPrintFunc
0x0810DA8C	0x0810DAAB	thumb	ItemPc_PrintOrRemoveCursor
0x0810DAAC	0x0810DB0B	thumb	ItemPc_PrintOrRemoveCursorAt
0x0810DB0C	0x0810DB33	thumb	ItemPc_PrintWithdrawItem
0x0810DB34	0x0810DB6F	thumb	ItemPc_PlaceTopMenuScrollIndicatorArrows
0x0810DB70	0x0810DBA7	thumb	ItemPc_PlaceWithdrawQuantityScrollIndicatorArrows
0x0810DBA8	0x0810DBC7	thumb	ItemPc_RemoveScrollIndicatorArrowPair
0x0810DBC8	0x0810DC17	thumb	ItemPc_SetCursorPosition
0x0810DC18	0x0810DC63	thumb	ItemPc_FreeResources
0x0810DC64	0x0810DCBB	thumb	Task_ItemPcTurnOff1
0x0810DCBC	0x0810DD2B	thumb	Task_ItemPcTurnOff2
0x0810DD2C	0x0810DD3F	thumb	ItemPc_GetCursorPosition
0x0810DD40	0x0810DD57	thumb	ItemPc_GetItemIdBySlotId
0x0810DD58	0x0810DD7B	thumb	ItemPc_GetItemQuantityBySlotId
0x0810DD7C	0x0810DDDF	thumb	ItemPc_CountPcItems
0x0810DDE0	0x0810DE43	thumb	ItemPc_SetScrollPosition
0x0810DE44	0x0810DE6B	thumb	ItemPc_SetMessageWindowPalette
0x0810DE6C	0x0810DE77	thumb	ItemPc_SetInitializedFlag
0x0810DE78	0x0810DF87	thumb	Task_ItemPcMain
0x0810DF88	0x0810DFB7	thumb	ItemPc_ReturnFromSubmenu
0x0810DFB8	0x0810E08B	thumb	ItemPc_MoveItemModeInit
0x0810E08C	0x0810E137	thumb	Task_ItemPcMoveItemModeRun
0x0810E138	0x0810E1D7	thumb	ItemPc_InsertItemIntoNewSlot
0x0810E1D8	0x0810E24B	thumb	ItemPc_MoveItemModeCancel
0x0810E24C	0x0810E32F	thumb	Task_ItemPcSubmenuInit
0x0810E330	0x0810E37B	thumb	Task_ItemPcSubmenuRun
0x0810E37C	0x0810E3EF	thumb	Task_ItemPcWithdraw
0x0810E3F0	0x0810E4CB	thumb	ItemPc_DoWithdraw
0x0810E4CC	0x0810E51F	thumb	Task_ItemPcWaitButtonAndFinishWithdrawMultiple
0x0810E520	0x0810E54F	thumb	Task_ItemPcWaitButtonWithdrawMultipleFailed
0x0810E550	0x0810E5B7	thumb	Task_ItemPcCleanUpWithdraw
0x0810E5B8	0x0810E647	thumb	ItemPc_WithdrawMultipleInitWindow
0x0810E648	0x0810E6AF	thumb	UpdateWithdrawQuantityDisplay
0x0810E6B0	0x0810E773	thumb	Task_ItemPcHandleWithdrawMultiple
0x0810E774	0x0810E7CF	thumb	Task_ItemPcGive
0x0810E7D0	0x0810E80F	thumb	ItemPc_CB2_SwitchToPartyMenu
0x0810E810	0x0810E81D	thumb	ItemPc_CB2_ReturnFromPartyMenu
0x0810E820	0x0810E877	thumb	gTask_ItemPcWaitButtonAndExitSubmenu
0x0810E878	0x0810E8C7	thumb	Task_ItemPcCancel
0x0810E8C8	0x0810E95B	thumb	ItemPc_InitWindows
0x0810E95C	0x0810EA0B	thumb	unused_ItemPc_AddTextPrinterParameterized
0x0810EA0C	0x0810EA73	thumb	ItemPc_AddTextPrinterParameterized
0x0810EA74	0x0810EA89	thumb	ItemPc_SetBorderStyleOnWindow
0x0810EA8C	0x0810EAC7	thumb	ItemPc_GetOrCreateSubwindow
0x0810EAC8	0x0810EAF7	thumb	ItemPc_DestroySubwindow
0x0810EAF8	0x0810EB07	thumb	ItemPc_GetSubwindow
0x0810EB08	0x0810EB43	thumb	ItemPc_PrintOnWindow5WithContinueTask
0x0810EB44	0x0810EB83	thumb	MailboxPC_InitBuffers
0x0810EB84	0x0810EBB7	thumb	MailboxPC_GetAddWindow
0x0810EBB8	0x0810EBE7	thumb	MailboxPC_RemoveWindow
0x0810EBE8	0x0810EBF7	thumb	MailboxPC_GetWindowId
0x0810EBF8	0x0810EC6F	thumb	ItemPrintFunc
0x0810EC70	0x0810ED43	thumb	MailboxPC_InitListMenu
0x0810ED44	0x0810ED57	thumb	MoveCursorFunc
0x0810ED58	0x0810ED87	thumb	MailboxPC_AddScrollIndicatorArrows
0x0810ED88	0x0810ED9B	thumb	MailboxPC_DestroyListMenuBuffer
0x0810ED9C	0x0810EDE3	thumb	DrawDialogFrameWithCustomTileAndPalette
0x0810EDE4	0x0810EE33	thumb	DrawDialogFrameWithCustomTile
0x0810EE34	0x0810F237	thumb	WindowFunc_DrawDialogFrameWithCustomTileAndPalette
0x0810F238	0x0810F26F	thumb	ClearDialogWindowAndFrameToTransparent
0x0810F270	0x0810F2BD	thumb	WindowFunc_ClearDialogWindowAndFrameNullPalette
0x0810F2C0	0x0810F307	thumb	DrawStdFrameWithCustomTileAndPalette
0x0810F308	0x0810F357	thumb	DrawStdFrameWithCustomTile
0x0810F358	0x0810F4AF	thumb	WindowFunc_DrawStdFrameWithCustomTileAndPalette
0x0810F4B0	0x0810F4E7	thumb	ClearStdWindowAndFrameToTransparent
0x0810F4E8	0x0810F52D	thumb	WindowFunc_ClearStdWindowAndFrameToTransparent
0x0810F530	0x0810F5BF	thumb	CreateTopBarWindowLoadPalette
0x0810F5C0	0x0810F627	thumb	TopBarWindowPrintString
0x0810F628	0x0810F6D9	thumb	TopBarWindowPrintTwoStrings
0x0810F6DC	0x0810F6F3	thumb	CopyTopBarWindowToVram
0x0810F6F4	0x0810F717	thumb	ClearTopBarWindow
0x0810F718	0x0810F74B	thumb	DestroyTopBarWindow
0x0810F74C	0x0810F7AF	thumb	Menu_InitCursorInternal
0x0810F7B0	0x0810F7EF	thumb	Menu_InitCursor
0x0810F7F0	0x0810F84B	thumb	InitMenuDefaultCursorHeight
0x0810F84C	0x0810F8DB	thumb	Menu_RedrawCursor
0x0810F8DC	0x0810F91F	thumb	Menu_MoveCursor
0x0810F920	0x0810F963	thumb	Menu_MoveCursorNoWrapAround
0x0810F964	0x0810F96F	thumb	Menu_GetCursorPos
0x0810F970	0x0810F9DB	thumb	Menu_ProcessInput
0x0810F9DC	0x0810FA59	thumb	Menu_ProcessInputNoWrapAround
0x0810FA5C	0x0810FAC5	thumb	Menu_ProcessInput_other
0x0810FAC8	0x0810FB43	thumb	Menu_ProcessInputNoWrapAround_other
0x0810FB44	0x0810FBBF	thumb	PrintTextArray
0x0810FBC0	0x0810FC57	thumb	MultichoiceList_PrintItems
0x0810FC58	0x0810FCA5	thumb	PrintMenuTable
0x0810FCA8	0x0810FDB9	thumb	AddItemMenuActionTextPrinters
0x0810FDBC	0x0810FE27	thumb	PrintMenuActionTextsAtTopById
0x0810FE28	0x0810FEDB	thumb	SetWindowTemplateFields
0x0810FEDC	0x0810FF35	thumb	CreateWindowTemplate
0x0810FF38	0x0811007B	thumb	CreateYesNoMenu
0x0811007C	0x0811009F	thumb	CreateYesNoMenu2
0x081100A0	0x081100BD	thumb	Menu_ProcessInputNoWrapClearOnChoose
0x081100C0	0x081100DB	thumb	DestroyYesNoMenu
0x081100DC	0x081101AD	thumb	MultichoiceGrid_PrintItems
0x081101B0	0x08110267	thumb	MultichoiceGrid_PrintItemsCustomOrder
0x08110268	0x081102E3	thumb	MultichoiceGrid_InitCursorInternal
0x081102E4	0x08110353	thumb	MultichoiceGrid_InitCursor
0x08110354	0x08110427	thumb	MultichoiceGrid_RedrawCursor
0x08110428	0x081104E9	thumb	MultichoiceGrid_MoveCursor
0x081104EC	0x08110575	thumb	MultichoiceGrid_MoveCursorIfValid
0x08110578	0x08110625	thumb	Menu_ProcessGridInput_NoSoundLimit
0x08110628	0x081106CB	thumb	Menu_ProcessInputGridLayout
0x081106CC	0x08110775	thumb	Menu_ProcessGridInputRepeat_NoSoundLimit
0x08110778	0x08110817	thumb	Menu_ProcessGridInputRepeat
0x08110818	0x08110873	thumb	QL_AddASLROffset
0x08110874	0x081108C7	thumb	ResetQuestLog
0x081108C8	0x081108F7	thumb	ClearSavedScene
0x081108F8	0x08110903	thumb	QL_ResetDefeatedWildMonRecord
0x08110904	0x0811091B	thumb	RunQuestLogCB
0x0811091C	0x0811095F	thumb	QL_IsRoomToSaveEvent
0x08110960	0x081109A3	thumb	QL_IsRoomToSaveAction
0x081109A4	0x081109D7	thumb	SetQuestLogState
0x081109D8	0x08110A13	thumb	QLogCB_Recording
0x08110A14	0x08110A8B	thumb	QLogCB_Playback
0x08110A8C	0x08110A9F	thumb	GetQuestLogState
0x08110AA0	0x08110AC3	thumb	GetQuestLogStartType
0x08110AC4	0x08110B87	thumb	QL_StartRecordingAction
0x08110B88	0x08110BBF	thumb	SetPlayerInitialCoordsAtScene
0x08110BC0	0x08110D1F	thumb	SetNPCInitialCoordsAtScene
0x08110D20	0x08110D6B	thumb	SetGameStateAtScene
0x08110D6C	0x08110DF7	thumb	BackUpTrainerRematches
0x08110DF8	0x08110E13	thumb	BackUpMapLayout
0x08110E14	0x08110E3F	thumb	RecordSceneEnd
0x08110E40	0x08110EEB	thumb	TryRecordActionSequence
0x08110EEC	0x08110F67	thumb	TryStartQuestLogPlayback
0x08110F68	0x08110FA3	thumb	Task_BeginQuestLogPlayback
0x08110FA4	0x08110FD7	thumb	QL_InitSceneObjectsAndActions
0x08110FD8	0x0811100F	thumb	FieldCB2_QuestLogStartPlaybackWithWarpExit
0x08111010	0x08111047	thumb	FieldCB2_QuestLogStartPlaybackStandingInPlace
0x08111048	0x0811110B	thumb	DrawPreviouslyOnQuestHeader
0x0811110C	0x08111127	thumb	CommitQuestLogWindow1
0x08111128	0x0811124B	thumb	QL_LoadObjectsAndTemplates
0x0811124C	0x0811133F	thumb	QLPlayback_SetInitialPlayerPosition
0x08111340	0x081113BB	thumb	QLPlayback_InitOverworldState
0x081113BC	0x0811140F	thumb	QL_CopySaveState
0x08111410	0x081115BD	thumb	QL_ResetPartyAndPC
0x081115C0	0x081115EF	thumb	SetPokemonCounts
0x081115F0	0x08111623	thumb	QuestLog_GetPartyCount
0x08111624	0x0811165F	thumb	QuestLog_GetBoxMonCount
0x08111660	0x081116DF	thumb	RestoreTrainerRematches
0x081116E0	0x08111733	thumb	QL_RestoreMapLayoutId
0x08111734	0x081118CB	thumb	ReadQuestLogScriptFromSav1
0x081118CC	0x081118EB	thumb	DoSceneEndTransition
0x081118EC	0x0811195B	thumb	QuestLog_AdvancePlayhead
0x0811195C	0x0811199F	thumb	QuestLog_StartFinalScene
0x081119A0	0x081119A9	thumb	QuestLog_AdvancePlayhead_
0x081119AC	0x08111A0B	thumb	QL_AvoidDisplay
0x08111A0C	0x08111AAF	thumb	Task_AvoidDisplay
0x08111AB0	0x08111B55	thumb	QuestLog_PlayCurrentEvent
0x08111B58	0x08111BAB	thumb	HandleShowQuestLogMessage
0x08111BAC	0x08111C03	thumb	GetQuestLogTextDisplayDuration
0x08111C04	0x08111C3D	thumb	QL_IsTrainerSightDisabled
0x08111C40	0x08111CA7	thumb	QL_HandleInput
0x08111CA8	0x08111CC5	thumb	QuestLogScenePlaybackIsEnding
0x08111CC8	0x08111CE7	thumb	QuestLog_DrawPreviouslyOnQuestHeaderIfInPlaybackMode
0x08111CE8	0x08111D67	thumb	DrawSceneDescription
0x08111D68	0x08111DF7	thumb	CopyDescriptionWindowTiles
0x08111DF8	0x08111E3B	thumb	QuestLog_CloseTextWindow
0x08111E3C	0x08111E5B	thumb	DoSkipToEndTransition
0x08111E5C	0x08111EEB	thumb	QuestLog_WaitFadeAndCancelPlayback
0x08111EEC	0x08111F0F	thumb	QuestLog_InitPalettesBackup
0x08111F10	0x08111F37	thumb	QuestLog_BackUpPalette
0x08111F38	0x08111F63	thumb	FieldCB2_FinalScene
0x08111F64	0x08111FA3	thumb	Task_FinalScene_WaitFade
0x08111FA4	0x0811201B	thumb	Task_QuestLogScene_SavedGame
0x0811201C	0x08112081	thumb	Task_WaitAtEndOfQuestLog
0x08112084	0x081121AF	thumb	Task_EndQuestLog
0x081121B0	0x08112271	thumb	RestoreScreenAfterPlayback
0x08112274	0x081122F3	thumb	QL_SlightlyDarkenSomePals
0x081122F4	0x0811233B	thumb	QL_FinishRecordingScene
0x0811233C	0x08112393	thumb	QuestLog_CutRecording
0x08112394	0x08112427	thumb	SortQuestLogInSav1
0x08112428	0x08112441	thumb	SaveQuestLogData
0x08112444	0x081124C3	thumb	QL_UpdateObject
0x081124C4	0x0811255F	thumb	QuestLogRecordNPCStep
0x08112560	0x081125FF	thumb	QuestLogRecordNPCStepWithDuration
0x08112600	0x08112683	thumb	QuestLogRecordPlayerStep
0x08112684	0x081126F7	thumb	QuestLogRecordPlayerStepWithDuration
0x081126F8	0x08112763	thumb	QuestLogRecordPlayerAvatarGfxTransition
0x08112764	0x081127CF	thumb	QuestLogRecordPlayerAvatarGfxTransitionWithDuration
0x081127D0	0x0811285F	thumb	QL_RecordFieldInput
0x08112860	0x08112893	thumb	TogglePlaybackStateForOverworldLock
0x08112894	0x08112917	thumb	QuestLog_OnEscalatorWarp
0x08112918	0x08112B13	thumb	ResetActions
0x08112B14	0x08112C73	thumb	QL_TryRunActions
0x08112C74	0x08112C83	thumb	QL_AfterRecordFishActionSuccessful
0x08112C84	0x08112CC1	thumb	QL_GetPlaybackState
0x08112CC4	0x08112CF1	thumb	RecordHeadAtEndOfEntryOrScriptContext2Enabled
0x08112CF4	0x08112D15	thumb	RecordHeadAtEndOfEntry
0x08112D18	0x08112D85	thumb	QuestLogGetFlagOrVarPtr
0x08112D88	0x08112E13	thumb	QuestLogSetFlagOrVar
0x08112E14	0x08112E7F	thumb	QuestLogResetFlagsOrVars
0x08112E80	0x08112E8B	thumb	MapNamePopupWindowIdSetDummy
0x08112E8C	0x08112EB3	thumb	CreateHelpMessageWindow
0x08112EB4	0x08112EEF	thumb	DestroyHelpMessageWindow
0x08112EF0	0x08112FA7	thumb	DrawHelpMessageWindowTilesById
0x08112FA8	0x08112FBB	thumb	DrawHelpMessageWindowTiles
0x08112FBC	0x08112FEF	thumb	PrintHelpMessageText
0x08112FF0	0x0811301B	thumb	PrintTextOnHelpMessageWindow
0x0811301C	0x0811303B	thumb	ResetTrainerFanClub
0x0811303C	0x0811304F	thumb	Script_TryLoseFansFromPlayTimeAfterLinkBattle
0x08113050	0x0811307F	thumb	TryLoseFansFromPlayTimeAfterLinkBattle
0x08113080	0x08113093	thumb	Script_UpdateTrainerFanClubGameClear
0x08113094	0x081130EB	thumb	UpdateTrainerFanClubGameClear
0x081130EC	0x0811316B	thumb	TryGainNewFanFromCounter
0x0811316C	0x081131D3	thumb	PlayerGainRandomTrainerFan
0x081131D4	0x0811325F	thumb	PlayerLoseRandomTrainerFan
0x08113260	0x08113277	thumb	Script_GetNumFansOfPlayerInTrainerFanClub
0x08113278	0x081132A3	thumb	GetNumFansOfPlayerInTrainerFanClub
0x081132A4	0x081132B7	thumb	Script_TryLoseFansFromPlayTime
0x081132B8	0x08113339	thumb	TryLoseFansFromPlayTime
0x0811333C	0x08113353	thumb	Script_IsFanClubMemberFanOfPlayer
0x08113354	0x08113367	thumb	IsFanClubMemberFanOfPlayer
0x08113368	0x08113379	thumb	SetInitialFansOfPlayer
0x0811337C	0x081133EB	thumb	Script_BufferFanClubTrainerName
0x081133EC	0x0811348F	thumb	BufferFanClubTrainerName
0x08113490	0x081134A3	thumb	Special_UpdateTrainerFansAfterLinkBattle
0x081134A4	0x081134DF	thumb	UpdateTrainerFansAfterLinkBattle
0x081134E0	0x081134E7	thumb	DidPlayerGetFirstFans
0x081134E8	0x081134FB	thumb	Script_SetPlayerGotFirstFans
0x081134FC	0x08113505	thumb	SetPlayerGotFirstFans
0x08113508	0x08113527	thumb	Script_TryGainNewFanFromCounter
0x08113528	0x081136AB	thumb	SetQuestLogEvent
0x081136AC	0x0811371D	thumb	InQuestLogDisabledLocation
0x08113720	0x0811374D	thumb	QuestLog_ShouldEndSceneOnMapChange
0x08113750	0x081137BB	thumb	ShouldRegisterEvent_HandlePartyActions
0x081137BC	0x081137F1	thumb	ShouldRegisterEvent_HandleBeatStoryTrainer
0x081137F4	0x081137FF	thumb	QL_EnableRecordingSteps
0x08113800	0x08113877	thumb	ShouldRegisterEvent
0x08113878	0x081138CD	thumb	TryDeferLinkEvent
0x081138D0	0x081138E3	thumb	ResetDeferredLinkEvent
0x081138E4	0x0811392B	thumb	QuestLog_StartRecordingInputsAfterDeferredEvent
0x0811392C	0x08113993	thumb	TryDeferTrainerBattleEvent
0x08113994	0x081139F3	thumb	QuestLogEvents_HandleEndTrainerBattle
0x081139F4	0x08113A1B	thumb	QL_RecordWait
0x08113A1C	0x08113A4F	thumb	IsEventWithSpecialEncounterSpecies
0x08113A50	0x08113A93	thumb	QL_SkipCommand
0x08113A94	0x08113ABF	thumb	QL_UpdateLastDepartedLocation
0x08113AC0	0x08113B1B	thumb	QL_LoadEvent
0x08113B1C	0x08113B5F	thumb	QL_TryRepeatEvent
0x08113B60	0x08113B6B	thumb	QL_ResetRepeatEventTracker
0x08113B6C	0x08113BAF	thumb	UpdateRepeatEventCounter
0x08113BB0	0x08113BCB	thumb	QL_ResetEventStates
0x08113BCC	0x08113BF7	thumb	QL_RecordAction_SceneEnd
0x08113BF8	0x08113C33	thumb	QL_LoadAction_SceneEnd
0x08113C34	0x08113C63	thumb	QL_RecordAction_Wait
0x08113C64	0x08113C9F	thumb	QL_LoadAction_Wait
0x08113CA0	0x08113CDF	thumb	QL_RecordAction_Input
0x08113CE0	0x08113D1F	thumb	QL_LoadAction_Input
0x08113D20	0x08113D69	thumb	QL_RecordAction_MovementOrGfxChange
0x08113D6C	0x08113DB5	thumb	QL_LoadAction_MovementOrGfxChange
0x08113DB8	0x08113E5F	thumb	RecordEventHeader
0x08113E60	0x08113E83	thumb	LoadEvent
0x08113E84	0x08113EEB	thumb	QuestLog_GetSpeciesName
0x08113EEC	0x08113F13	thumb	RecordEvent_SwitchedPartyOrder
0x08113F14	0x08113F57	thumb	LoadEvent_SwitchedPartyOrder
0x08113F58	0x08113F93	thumb	RecordEvent_UsedItem
0x08113F94	0x08114123	thumb	LoadEvent_UsedItem
0x08114124	0x08114149	thumb	RecordEvent_GiveTakeHeldItem
0x0811414C	0x0811415D	thumb	RecordEvent_GaveHeldItemFromPartyMenu
0x08114160	0x081141A7	thumb	LoadEvent_GaveHeldItemFromPartyMenu
0x081141A8	0x081141B9	thumb	RecordEvent_GaveHeldItemFromBagMenu
0x081141BC	0x08114203	thumb	LoadEvent_GaveHeldItemFromBagMenu
0x08114204	0x08114215	thumb	RecordEvent_GaveHeldItemFromPC
0x08114218	0x0811425F	thumb	LoadEvent_GaveHeldItemFromPC
0x08114260	0x08114271	thumb	RecordEvent_TookHeldItem
0x08114274	0x081142BB	thumb	LoadEvent_TookHeldItem
0x081142BC	0x081142E5	thumb	RecordEvent_SwappedHeldItem
0x081142E8	0x081142F9	thumb	RecordEvent_SwappedHeldItemFromBag
0x081142FC	0x08114357	thumb	LoadEvent_SwappedHeldItem
0x08114358	0x08114369	thumb	RecordEvent_SwappedHeldItemFromPC
0x0811436C	0x081143C7	thumb	LoadEvent_SwappedHeldItemFromPC
0x081143C8	0x08114413	thumb	RecordEvent_UsedPkmnCenter
0x08114414	0x08114433	thumb	LoadEvent_UsedPkmnCenter
0x08114434	0x08114463	thumb	RecordEvent_LinkTraded
0x08114464	0x081144C3	thumb	LoadEvent_LinkTraded
0x081144C4	0x081144EF	thumb	RecordEvent_LinkBattledSingle
0x081144F0	0x0811454F	thumb	LoadEvent_LinkBattledSingle
0x08114550	0x0811457B	thumb	RecordEvent_LinkBattledDouble
0x0811457C	0x081145DB	thumb	LoadEvent_LinkBattledDouble
0x081145DC	0x08114623	thumb	RecordEvent_LinkBattledMulti
0x08114624	0x081146E7	thumb	LoadEvent_LinkBattledMulti
0x081146E8	0x081146FB	thumb	RecordEvent_UsedUnionRoom
0x081146FC	0x0811471B	thumb	LoadEvent_UsedUnionRoom
0x0811471C	0x0811472F	thumb	RecordEvent_UsedUnionRoomChat
0x08114730	0x0811474F	thumb	LoadEvent_UsedUnionRoomChat
0x08114750	0x0811477F	thumb	RecordEvent_LinkTradedUnionRoom
0x08114780	0x081147DF	thumb	LoadEvent_LinkTradedUnionRoom
0x081147E0	0x0811480B	thumb	RecordEvent_LinkBattledUnionRoom
0x0811480C	0x08114863	thumb	LoadEvent_LinkBattledUnionRoom
0x08114864	0x08114893	thumb	RecordEvent_SwitchedMonsBetweenBoxes
0x08114894	0x081148EF	thumb	LoadEvent_SwitchedMonsBetweenBoxes
0x081148F0	0x0811491B	thumb	RecordEvent_SwitchedMonsWithinBox
0x0811491C	0x08114967	thumb	LoadEvent_SwitchedMonsWithinBox
0x08114968	0x081149A7	thumb	RecordEvent_SwitchedPartyMonForPCMon
0x081149A8	0x081149F3	thumb	LoadEvent_SwitchedPartyMonForPCMon
0x081149F4	0x08114A21	thumb	RecordEvent_MovedMonBetweenBoxes
0x08114A24	0x08114A77	thumb	LoadEvent_MovedMonBetweenBoxes
0x08114A78	0x08114A9F	thumb	RecordEvent_MovedMonWithinBox
0x08114AA0	0x08114AE3	thumb	LoadEvent_MovedMonWithinBox
0x08114AE4	0x08114B0B	thumb	RecordEvent_WithdrewMonFromPC
0x08114B0C	0x08114B4F	thumb	LoadEvent_WithdrewMonFromPC
0x08114B50	0x08114B77	thumb	RecordEvent_DepositedMonInPC
0x08114B78	0x08114BBB	thumb	LoadEvent_DepositedMonInPC
0x08114BBC	0x08114BE3	thumb	RecordEvent_SwitchedMultipleMons
0x08114BE4	0x08114C3F	thumb	LoadEvent_SwitchedMultipleMons
0x08114C40	0x08114C63	thumb	RecordEvent_DepositedItemInPC
0x08114C64	0x08114C97	thumb	LoadEvent_DepositedItemInPC
0x08114C98	0x08114CBB	thumb	RecordEvent_WithdrewItemFromPC
0x08114CBC	0x08114CEF	thumb	LoadEvent_WithdrewItemFromPC
0x08114CF0	0x08114D23	thumb	RecordEvent_DefeatedTrainer
0x08114D24	0x08114D3F	thumb	RecordEvent_DefeatedGymLeader
0x08114D40	0x08114DBF	thumb	LoadEvent_DefeatedGymLeader
0x08114DC0	0x08114E3F	thumb	RecordEvent_DefeatedWildMon
0x08114E40	0x08114F93	thumb	LoadEvent_DefeatedWildMon
0x08114F94	0x08114FC7	thumb	IsSpeciesFromSpecialEncounter
0x08114FC8	0x08114FE3	thumb	RecordEvent_DefeatedEliteFourMember
0x08114FE4	0x0811504F	thumb	LoadEvent_DefeatedEliteFourMember
0x08115050	0x081150A3	thumb	RecordEvent_DefeatedChampion
0x081150A4	0x08115197	thumb	LoadEvent_DefeatedChampion
0x08115198	0x081151B3	thumb	RecordEvent_DefeatedNormalTrainer
0x081151B4	0x08115257	thumb	LoadEvent_DefeatedTrainer
0x08115258	0x08115293	thumb	RecordEvent_DepartedLocation
0x08115294	0x08115373	thumb	LoadEvent_DepartedLocation
0x08115374	0x0811537F	thumb	SetQLPlayedTheSlots
0x08115380	0x081153B9	thumb	ShouldRegisterEvent_HandleDeparted
0x081153BC	0x081153E5	thumb	ShouldRegisterEvent_DepartedGameCorner
0x081153E8	0x08115437	thumb	RecordEvent_UsedFieldMove
0x08115438	0x081154B3	thumb	LoadEvent_UsedFieldMove
0x081154B4	0x081154ED	thumb	RecordEvent_BoughtItem
0x081154F0	0x0811557B	thumb	LoadEvent_BoughtItem
0x0811557C	0x081155B5	thumb	RecordEvent_SoldItem
0x081155B8	0x081156AF	thumb	LoadEvent_SoldItem
0x081156B0	0x081156D7	thumb	RecordEvent_ObtainedStoryItem
0x081156D8	0x0811571F	thumb	LoadEvent_ObtainedStoryItem
0x08115720	0x0811576F	thumb	QuestLog_RecordEnteredMap
0x08115770	0x081157B3	thumb	SetQuestLogEvent_Arrived
0x081157B4	0x081157D7	thumb	RecordEvent_ArrivedInLocation
0x081157D8	0x0811580B	thumb	LoadEvent_ArrivedInLocation
0x0811580C	0x08115843	thumb	TranslateLinkPartnersName
0x08115844	0x081158FB	thumb	PrintNumPlayersWaitingForMsg
0x081158FC	0x08115973	thumb	PrintPlayerNameAndIdOnWindow
0x08115974	0x081159FB	thumb	GetAwaitingCommunicationText
0x081159FC	0x08115A3F	thumb	TryBecomeLinkLeader
0x08115A40	0x081161BB	thumb	Task_TryBecomeLinkLeader
0x081161BC	0x0811621B	thumb	Leader_DestroyResources
0x0811621C	0x081162B7	thumb	Leader_GetAcceptNewMemberPrompt
0x081162B8	0x081162F3	thumb	GetYouDeclinedTheOfferMessage
0x081162F4	0x08116387	thumb	GetYouAskedToJoinGroupPleaseWaitMessage
0x08116388	0x0811641B	thumb	GetGroupLeaderSentAnOKMessage
0x0811641C	0x0811649F	thumb	Leader_SetStateIfMemberListChanged
0x081164A0	0x081164FB	thumb	ItemPrintFunc_PossibleGroupMembers
0x081164FC	0x081165BF	thumb	LeaderUpdateGroupMembership
0x081165C0	0x081166CB	thumb	LeaderPrunePlayerList
0x081166CC	0x0811670F	thumb	TryJoinLinkGroup
0x08116710	0x08116CE5	thumb	Task_TryJoinLinkGroup
0x08116CE8	0x08116D37	thumb	IsTryingToTradeAcrossVersionTooSoon
0x08116D38	0x08116DB7	thumb	AskToJoinRfuGroup
0x08116DB8	0x08116DF3	thumb	CreateTask_ListenToWireless
0x08116DF4	0x08116EFD	thumb	Task_ListenToWireless
0x08116F00	0x08116F33	thumb	IsPartnerActivityAcceptable
0x08116F34	0x08116F6B	thumb	GetGroupListTextColor
0x08116F6C	0x08116FBB	thumb	ListMenuItemPrintFunc_UnionRoomGroups
0x08116FBC	0x081170D7	thumb	GetNewLeaderCandidate
0x081170D8	0x081170EF	thumb	Task_CreateTradeMenu
0x081170F0	0x08117107	thumb	CreateTask_CreateTradeMenu
0x08117108	0x08117257	thumb	Task_StartUnionRoomTrade
0x08117258	0x0811732B	thumb	Task_ExchangeCards
0x0811732C	0x08117397	thumb	CB2_ShowCard
0x08117398	0x08117417	thumb	StartUnionRoomBattle
0x08117418	0x0811748B	thumb	WarpForWirelessMinigame
0x0811748C	0x0811750B	thumb	WarpForCableClubActivity
0x0811750C	0x0811756B	thumb	CB2_TransitionToCableClub
0x0811756C	0x08117591	thumb	CreateTrainerCardInBuffer
0x08117594	0x081178D7	thumb	Task_StartActivity
0x081178D8	0x08117965	thumb	Task_RunScriptAndFadeToActivity
0x08117968	0x0811797B	thumb	CreateTask_RunScriptAndFadeToActivity
0x0811797C	0x081179A3	thumb	CreateTask_StartActivity
0x081179A4	0x081179E3	thumb	CreateTask_SendMysteryGift
0x081179E4	0x08117EA9	thumb	Task_SendMysteryGift
0x08117EAC	0x08117EF7	thumb	CreateTask_LinkMysteryGiftWithFriend
0x08117EF8	0x08118267	thumb	Task_CardOrNewsWithFriend
0x08118268	0x081182B3	thumb	CreateTask_LinkMysteryGiftOverWireless
0x081182B4	0x081185E3	thumb	Task_CardOrNewsOverWireless
0x081185E4	0x0811862F	thumb	RunUnionRoom
0x08118630	0x08118639	thumb	ReadAsU16
0x0811863C	0x08118663	thumb	ScheduleFieldMessageWithFollowupState
0x08118664	0x08118687	thumb	ScheduleFieldMessageAndExit
0x08118688	0x0811869F	thumb	CopyPlayerListToBuffer
0x081186A0	0x081186B7	thumb	CopyPlayerListFromBuffer
0x081186B8	0x081198C3	thumb	Task_RunUnionRoom
0x081198C4	0x081198DB	thumb	SetUsingUnionRoomStartMenu
0x081198DC	0x0811991B	thumb	ReceiveUnionRoomActivityPacket
0x0811991C	0x08119973	thumb	HandleContactFromOtherPlayer
0x08119974	0x081199D3	thumb	InitUnionRoom
0x081199D4	0x08119B3F	thumb	Task_InitUnionRoom
0x08119B40	0x08119B6B	thumb	BufferUnionRoomPlayerName
0x08119B6C	0x08119D0B	thumb	HandlePlayerListUpdate
0x08119D0C	0x08119E5B	thumb	Task_SearchForChildOrParent
0x08119E5C	0x08119E8F	thumb	CreateTask_SearchForChildOrParent
0x08119E90	0x08119F87	thumb	Task_ListenForCompatiblePartners
0x08119F88	0x08119FAF	thumb	HasWonderCardOrNewsByLinkGroup
0x08119FB0	0x0811A02B	thumb	Task_ListenForWonderDistributor
0x0811A02C	0x0811A05B	thumb	CreateTask_ListenForCompatiblePartners
0x0811A05C	0x0811A08B	thumb	CreateTask_ListenForWonderDistributor
0x0811A08C	0x0811A0B7	thumb	UR_PrintFieldMessage
0x0811A0B8	0x0811A0CD	thumb	UR_RunTextPrinters
0x0811A0D0	0x0811A121	thumb	PrintOnTextbox
0x0811A124	0x0811A181	thumb	UnionRoomHandleYesNo
0x0811A184	0x0811A1D3	thumb	CreateTradeBoardWindow
0x0811A1D4	0x0811A1EF	thumb	DeleteTradeBoardWindow
0x0811A1F0	0x0811A2C1	thumb	ListMenuHandler_AllItemsAvailable
0x0811A2C4	0x0811A3CD	thumb	TradeBoardMenuHandler
0x0811A3D0	0x0811A3F3	thumb	UR_ClearBg0
0x0811A3F4	0x0811A41B	thumb	JoinGroup_EnableScriptContexts
0x0811A41C	0x0811A5BB	thumb	PrintUnionRoomText
0x0811A5BC	0x0811A627	thumb	ClearRfuPlayerList
0x0811A628	0x0811A66B	thumb	ClearIncomingPlayerList
0x0811A66C	0x0811A6B1	thumb	ArePlayersDifferent
0x0811A6B4	0x0811A71F	thumb	ArePlayerDataDifferent
0x0811A720	0x0811A76F	thumb	GetNewIncomingPlayerId
0x0811A770	0x0811A7F1	thumb	TryAddIncomingPlayerToList
0x0811A7F4	0x0811A8E7	thumb	PrintGroupMemberOnWindow
0x0811A8E8	0x0811A98F	thumb	PrintGroupCandidateOnWindow
0x0811A990	0x0811A9D1	thumb	IsPlayerFacingTradingBoard
0x0811A9D4	0x0811A9F9	thumb	GetResponseIdx_InviteToURoomActivity
0x0811A9FC	0x0811AA31	thumb	ConvPartnerUnameAndGetWhetherMetAlready
0x0811AA34	0x0811ABB7	thumb	UnionRoomGetPlayerInteractionResponse
0x0811ABB8	0x0811ABB9	thumb	ItemPrintFunc_Unused
0x0811ABBC	0x0811AC7B	thumb	TradeBoardPrintItemInfo
0x0811AC7C	0x0811AD51	thumb	TradeBoardListMenuItemPrintFunc
0x0811AD54	0x0811AD99	thumb	GetIndexOfNthTradeBoardOffer
0x0811AD9C	0x0811ADA7	thumb	GetUnionRoomPlayerGender
0x0811ADA8	0x0811AE3F	thumb	IsRequestedTradeInPlayerParty
0x0811AE40	0x0811AEA3	thumb	GetURoomActivityRejectMsg
0x0811AEA4	0x0811AF43	thumb	GetURoomActivityStartMsg
0x0811AF44	0x0811B07B	thumb	GetChatLeaderActionRequestMessage
0x0811B07C	0x0811B0A5	thumb	PollPartnerYesNoResponse
0x0811B0A8	0x0811B0C7	thumb	InUnionRoom
0x0811B0C8	0x0811B11F	thumb	HasAtLeastTwoMonsOfLevel30OrLower
0x0811B120	0x0811B133	thumb	ResetUnionRoomTrade
0x0811B134	0x0811B143	thumb	Script_ResetUnionRoomTrade
0x0811B144	0x0811B18B	thumb	RegisterTradeMonAndGetIsEgg
0x0811B18C	0x0811B1C3	thumb	RegisterTradeMon
0x0811B1C4	0x0811B22F	thumb	GetPartyPositionOfRegisteredMon
0x0811B230	0x0811B26F	thumb	HandleCancelActivity
0x0811B270	0x0811B27D	thumb	StartScriptInteraction
0x0811B280	0x0811B2AF	thumb	GetLinkPlayerInfoFlags
0x0811B2B0	0x0811B2F1	thumb	GetActivePartnersInfo
0x0811B2F4	0x0811B4DB	thumb	ViewURoomPartnerTrainerCard
0x0811B4DC	0x0811B4F9	thumb	IsPlayerStandingStill
0x0811B4FC	0x0811B513	thumb	GetUnionRoomPlayerGraphicsId
0x0811B514	0x0811B563	thumb	GetUnionRoomPlayerCoords
0x0811B564	0x0811B5B3	thumb	IsUnionRoomPlayerAt
0x0811B5B4	0x0811B5C7	thumb	IsUnionRoomPlayerHidden
0x0811B5C8	0x0811B5D7	thumb	HideUnionRoomPlayer
0x0811B5D8	0x0811B5E7	thumb	ShowUnionRoomPlayer
0x0811B5E8	0x0811B603	thumb	SetUnionRoomPlayerGfx
0x0811B604	0x0811B623	thumb	CreateUnionRoomPlayerObjectEvent
0x0811B624	0x0811B643	thumb	RemoveUnionRoomPlayerObjectEvent
0x0811B644	0x0811B6BF	thumb	SetUnionRoomPlayerEnterExitMovement
0x0811B6C0	0x0811B729	thumb	TryReleaseUnionRoomPlayerObjectEvent
0x0811B72C	0x0811B77F	thumb	InitUnionRoomPlayerObjects
0x0811B780	0x0811B7D9	thumb	AnimateUnionRoomPlayerDespawn
0x0811B7DC	0x0811B893	thumb	AnimateUnionRoomPlayerSpawn
0x0811B894	0x0811B8E3	thumb	SpawnGroupLeader
0x0811B8E4	0x0811B923	thumb	DespawnGroupLeader
0x0811B924	0x0811B9AF	thumb	AnimateUnionRoomPlayer
0x0811B9B0	0x0811B9EF	thumb	Task_AnimateUnionRoomPlayers
0x0811B9F0	0x0811BA33	thumb	CreateTask_AnimateUnionRoomPlayers
0x0811BA34	0x0811BA4F	thumb	DestroyTask_AnimateUnionRoomPlayers
0x0811BA50	0x0811BA83	thumb	DestroyUnionRoomPlayerObjects
0x0811BA84	0x0811BB17	thumb	CreateUnionRoomPlayerSprites
0x0811BB18	0x0811BB3F	thumb	DestroyUnionRoomPlayerSprites
0x0811BB40	0x0811BB75	thumb	MakeGroupAssemblyAreasPassable
0x0811BB78	0x0811BB9F	thumb	GetNewFacingDirectionForUnionRoomPlayer
0x0811BBA0	0x0811BBB7	thumb	IsUnionRoomPlayerInvisible
0x0811BBB8	0x0811BC3F	thumb	SpawnGroupMember
0x0811BC40	0x0811BC77	thumb	DespawnGroupMember
0x0811BC78	0x0811BD7F	thumb	AssembleGroup
0x0811BD80	0x0811BE43	thumb	SpawnGroupLeaderAndMembers
0x0811BE44	0x0811BE61	thumb	DespawnGroupLeaderAndMembers
0x0811BE64	0x0811BEA1	thumb	UpdateUnionRoomPlayerSprites
0x0811BEA4	0x0811BEB3	thumb	ScheduleUnionRoomPlayerRefresh
0x0811BEB4	0x0811BED7	thumb	HandleUnionRoomPlayerRefresh
0x0811BED8	0x0811BFDF	thumb	TryInteractWithUnionRoomMember
0x0811BFE0	0x0811BFFF	thumb	SetUnionRoomObjectFacingDirection
0x0811C000	0x0811C023	thumb	UpdateUnionRoomMemberFacing
0x0811C024	0x0811C0B7	thumb	SetUpPartiesAndStartBattle
0x0811C0B8	0x0811C127	thumb	UnionRoomBattle_CreateTextPrinter
0x0811C128	0x0811C18B	thumb	UnionRoomBattle_PrintTextOnWindow0
0x0811C18C	0x0811C19D	thumb	VBlankCB_UnionRoomBattle
0x0811C1A0	0x0811C517	thumb	CB2_UnionRoomBattle
0x0811C518	0x0811C53D	thumb	StartUseItemAnim_Normal
0x0811C540	0x0811C583	thumb	StartUseItemAnim_ForgetMoveAndLearnTMorHM
0x0811C584	0x0811C5A9	thumb	StartUseItemAnim_CantEvolve
0x0811C5AC	0x0811C6BF	thumb	AllocPSA
0x0811C6C0	0x0811C6D1	thumb	VBlankCB_PSA
0x0811C6D4	0x0811C6ED	thumb	CB2_PSA
0x0811C6F0	0x0811C71F	thumb	SetUseItemAnimCallback
0x0811C720	0x0811C793	thumb	SetUpUseItemAnim_Normal
0x0811C794	0x0811C7D3	thumb	SetUpUseItemAnim_ForgetMoveAndLearnTMorHM
0x0811C7D4	0x0811C80B	thumb	SetUpUseItemAnim_CantEvolve
0x0811C80C	0x0811C9F5	thumb	Task_UseItem_Normal
0x0811C9F8	0x0811CBBB	thumb	Task_ForgetMove
0x0811CBBC	0x0811CD3F	thumb	Task_EvoStone_CantEvolve
0x0811CD40	0x0811CE23	thumb	Task_UseTM_NoForget
0x0811CE24	0x0811CF5F	thumb	Task_MachineSet
0x0811CF60	0x0811CFEF	thumb	Task_CleanUp
0x0811CFF0	0x0811D02F	thumb	GetAnimTypeByItemId
0x0811D030	0x0811D055	thumb	GetClosenessFromFriendship
0x0811D058	0x0811D06B	thumb	GetPSAStruct
0x0811D06C	0x0811D07F	thumb	PSA_GetPokemon
0x0811D080	0x0811D08B	thumb	PSA_GetSceneWork
0x0811D08C	0x0811D099	thumb	PSA_GetItemId
0x0811D09C	0x0811D0A7	thumb	PSA_GetNameOfMoveForgotten
0x0811D0A8	0x0811D0B3	thumb	PSA_GetNameOfMoveToTeach
0x0811D0B4	0x0811D0CB	thumb	PSA_CopyMonNickname
0x0811D0CC	0x0811D0D7	thumb	PSA_GetMonNickname
0x0811D0D8	0x0811D0E5	thumb	PSA_GetAnimType
0x0811D0E8	0x0811D0F5	thumb	PSA_GetMonSpecies
0x0811D0F8	0x0811D105	thumb	PSA_GetMonPersonality
0x0811D108	0x0811D14D	thumb	GetMonLevelUpWindowStats
0x0811D150	0x0811D15B	thumb	PSA_IsCancelDisabled
0x0811D15C	0x0811D257	thumb	InitPokemonSpecialAnimScene
0x0811D258	0x0811D273	thumb	PokemonSpecialAnimSceneInitIsNotFinished
0x0811D274	0x0811D27D	thumb	PSA_FreeWindowBuffers
0x0811D280	0x0811D2A5	thumb	PSA_ShowMessageWindow
0x0811D2A8	0x0811D2C3	thumb	PSA_HideMessageWindow
0x0811D2C4	0x0811D4AB	thumb	PSA_PrintMessage
0x0811D4AC	0x0811D4C1	thumb	PSA_AfterPoof_ClearMessageWindow
0x0811D4C4	0x0811D4D3	thumb	PSA_IsMessagePrintTaskActive
0x0811D4D4	0x0811D507	thumb	PSA_DarkenMonSprite
0x0811D508	0x0811D575	thumb	PSA_RunPoofAnim
0x0811D578	0x0811D585	thumb	PSA_UseTM_SetUpZoomOutAnim
0x0811D588	0x0811D595	thumb	PSA_UseTM_CleanUpForCancel
0x0811D598	0x0811D6C3	thumb	PSA_UseTM_RunZoomOutAnim
0x0811D6C4	0x0811D6D1	thumb	PSA_UseTM_SetUpMachineSetWobble
0x0811D6D4	0x0811D70B	thumb	PSA_UseTM_RunMachineSetWobble
0x0811D70C	0x0811D729	thumb	PSA_CreateLevelUpVerticalSpritesTask
0x0811D72C	0x0811D739	thumb	PSA_LevelUpVerticalSpritesTaskIsRunning
0x0811D73C	0x0811D777	thumb	PSA_DrawLevelUpWindowPg1
0x0811D778	0x0811D799	thumb	PSA_DrawLevelUpWindowPg2
0x0811D79C	0x0811D7A9	thumb	PSA_IsCopyingLevelUpWindowToVram
0x0811D7AC	0x0811D807	thumb	LoadBgGfxByAnimType
0x0811D808	0x0811D91D	thumb	PSA_CreateMonSpriteAtCloseness
0x0811D920	0x0811D97F	thumb	PSA_SetUpZoomAnim
0x0811D980	0x0811D993	thumb	PSA_IsZoomTaskActive
0x0811D994	0x0811DA71	thumb	Task_ZoomAnim
0x0811DA74	0x0811DA81	thumb	SetSpriteWithCloseness
0x0811DA84	0x0811DA97	thumb	IsZoomSpriteCBActive
0x0811DA98	0x0811DAB3	thumb	GetSpriteOffsetByScale
0x0811DAB4	0x0811DAEB	thumb	GetYPosByScale
0x0811DAEC	0x0811DB1F	thumb	MonSpriteZoom_UpdateYPos
0x0811DB20	0x0811DB53	thumb	ItemSpriteZoom_UpdateYPos
0x0811DB54	0x0811DB7F	thumb	StartMonWiggleAnim
0x0811DB80	0x0811DB93	thumb	StopMonWiggleAnim
0x0811DB94	0x0811DBE9	thumb	SpriteCallback_MonSpriteWiggle
0x0811DBEC	0x0811DC2B	thumb	LoadMonSpriteGraphics
0x0811DC2C	0x0811DCBF	thumb	PSA_SetUpItemUseOnMonAnim
0x0811DCC0	0x0811DCC7	thumb	GetBlendColorByItemId
0x0811DCC8	0x0811DCF7	thumb	CreateItemIconSpriteAtMaxCloseness
0x0811DCF8	0x0811DD67	thumb	PSA_CreateItemIconObject
0x0811DD68	0x0811DD7B	thumb	PSA_IsItemUseOnMonAnimActive
0x0811DD7C	0x0811DEEB	thumb	Task_ItemUseOnMonAnim
0x0811DEEC	0x0811DF97	thumb	CreateSprites_UseItem_OutwardSpiralDots
0x0811DF98	0x0811E017	thumb	SpriteCB_OutwardSpiralDots
0x0811E018	0x0811E043	thumb	PSA_UseItem_CleanUpForCancel
0x0811E044	0x0811E0E1	thumb	InitItemIconSpriteState
0x0811E0E4	0x0811E0FD	thumb	MachineSetWobbleInit
0x0811E100	0x0811E10F	thumb	MachineSetWobble_SetCB
0x0811E110	0x0811E12B	thumb	MachineSetWobbleCBIsRunning
0x0811E12C	0x0811E16B	thumb	SpriteCB_MachineSetWobble
0x0811E16C	0x0811E1DB	thumb	StartZoomOutAnimForUseTM
0x0811E1DC	0x0811E2CB	thumb	CreateStarSprites
0x0811E2CC	0x0811E2D7	thumb	AnyStarSpritesActive
0x0811E2D8	0x0811E31D	thumb	SpriteCB_Star
0x0811E320	0x0811E35F	thumb	PSAScene_SeedRandomInTask
0x0811E360	0x0811E38B	thumb	StopMakingOutwardSpiralDots
0x0811E38C	0x0811E4C3	thumb	Task_UseItem_OutwardSpiralDots
0x0811E4C4	0x0811E4F7	thumb	PSAScene_RandomFromTask
0x0811E4F8	0x0811E55F	thumb	SpriteCallback_UseItem_OutwardSpiralDots
0x0811E560	0x0811E57B	thumb	LoadOutwardSpiralDotsGfx
0x0811E57C	0x0811E58F	thumb	IsOutwardSpiralDotsTaskRunning
0x0811E590	0x0811E657	thumb	CreateLevelUpVerticalSpritesTask
0x0811E658	0x0811E66B	thumb	LevelUpVerticalSpritesTaskIsRunning
0x0811E66C	0x0811E6E5	thumb	Task_LevelUpVerticalSprites
0x0811E6E8	0x0811E78B	thumb	CreateLevelUpVerticalSprite
0x0811E78C	0x0811E7C7	thumb	SpriteCB_LevelUpVertical
0x0811E7C8	0x0811E913	thumb	DrawLevelUpWindowPg1
0x0811E914	0x0811EA1B	thumb	DrawLevelUpWindowPg2
0x0811EA1C	0x0811EB77	thumb	InitPartyMenu
0x0811EB78	0x0811EB91	thumb	CB2_UpdatePartyMenu
0x0811EB94	0x0811EBA5	thumb	VBlankCB_PartyMenu
0x0811EBA8	0x0811EBD1	thumb	CB2_InitPartyMenu
0x0811EBD4	0x0811EE0D	thumb	ShowPartyMenu
0x0811EE10	0x0811EE4B	thumb	ExitPartyMenu
0x0811EE4C	0x0811EE7F	thumb	Task_ExitPartyMenu
0x0811EE80	0x0811EEA3	thumb	ResetPartyMenu
0x0811EEA4	0x0811EF1B	thumb	AllocPartyMenuBg
0x0811EF1C	0x0811F011	thumb	AllocPartyMenuBgGfx
0x0811F014	0x0811F047	thumb	PartyPaletteBufferCopy
0x0811F048	0x0811F093	thumb	FreePartyPointers
0x0811F094	0x0811F0FB	thumb	InitPartyMenuBoxes
0x0811F0FC	0x0811F20B	thumb	RenderPartyMenuBox
0x0811F20C	0x0811F2D3	thumb	DisplayPartyPokemonData
0x0811F2D4	0x0811F35F	thumb	DisplayPartyPokemonDescriptionData
0x0811F360	0x0811F3DB	thumb	DisplayPartyPokemonDataForChooseMultiple
0x0811F3DC	0x0811F407	thumb	DisplayPartyPokemonDataForWirelessMinigame
0x0811F408	0x0811F4A5	thumb	DisplayPartyPokemonDataForMoveTutorOrEvolutionItem
0x0811F4A8	0x0811F4FD	thumb	DisplayPartyPokemonDataToTeachMove
0x0811F500	0x0811F5C3	thumb	DisplayPartyPokemonDataForMultiBattle
0x0811F5C4	0x0811F5F7	thumb	RenderPartyMenuBoxes
0x0811F5F8	0x0811F60B	thumb	GetPartyMenuBgTile
0x0811F60C	0x0811F717	thumb	CreatePartyMonSprites
0x0811F718	0x0811F74B	thumb	CreatePartyMonSpritesLoop
0x0811F74C	0x0811F7EF	thumb	CreateCancelConfirmPokeballSprites
0x0811F7F0	0x0811F91B	thumb	AnimatePartySlot
0x0811F91C	0x0811F9B3	thumb	GetPartyBoxPaletteFlags
0x0811F9B4	0x0811F9F7	thumb	DrawCancelConfirmButtons
0x0811F9F8	0x0811FA15	thumb	IsMultiBattle
0x0811FA18	0x0811FA4D	thumb	SwapPartyPokemon
0x0811FA50	0x0811FA8B	thumb	Task_ClosePartyMenu
0x0811FA8C	0x0811FAE1	thumb	Task_ClosePartyMenuAndSetCB2
0x0811FAE4	0x0811FAEF	thumb	GetCursorSelectionMonId
0x0811FAF0	0x0811FAFF	thumb	GetPartyMenuType
0x0811FB00	0x0811FB7B	thumb	Task_HandleChooseMonInput
0x0811FB7C	0x0811FB99	thumb	GetCurrentPartySlotPtr
0x0811FB9C	0x0811FD33	thumb	HandleChooseMonSelection
0x0811FD34	0x0811FD5F	thumb	IsSelectedMonNotEgg
0x0811FD60	0x0811FDFB	thumb	HandleChooseMonCancel
0x0811FDFC	0x0811FE47	thumb	DisplayCancelChooseMonYesNo
0x0811FE48	0x0811FE7B	thumb	Task_CancelChooseMonYesNo
0x0811FE7C	0x0811FED1	thumb	Task_HandleCancelChooseMonYesNoInput
0x0811FED4	0x0811FF69	thumb	PartyMenuButtonHandler
0x0811FF6C	0x0811FFC5	thumb	UpdateCurrentPartySelection
0x0811FFC8	0x081200CF	thumb	UpdatePartySelectionSingleLayout
0x081200D0	0x08120273	thumb	UpdatePartySelectionDoubleLayout
0x08120274	0x081202B5	thumb	GetNewSlotDoubleLayout
0x081202B8	0x081202CF	thumb	GetMonNickname
0x081202D0	0x081202FF	thumb	DisplayPartyMenuMessage
0x08120300	0x08120347	thumb	Task_PrintAndWaitForText
0x08120348	0x0812035B	thumb	IsPartyMenuTextPrinterActive
0x0812035C	0x0812038F	thumb	Task_WaitForLinkAndReturnToChooseMon
0x08120390	0x081203F7	thumb	Task_ReturnToChooseMonAfterText
0x081203F8	0x08120483	thumb	DisplayGaveHeldItemMessage
0x08120484	0x081204E3	thumb	DisplayTookHeldItemMessage
0x081204E4	0x0812052F	thumb	DisplayAlreadyHoldingItemSwitchMessage
0x08120530	0x0812059F	thumb	DisplaySwitchedHeldItemMessage
0x081205A0	0x081205E5	thumb	GiveItemToMon
0x081205E8	0x0812062D	thumb	TryTakeMonItem
0x08120630	0x0812067F	thumb	BufferBagFullCantTakeItemMessage
0x08120680	0x08120737	thumb	Task_PartyMenuModifyHP
0x08120738	0x081207C7	thumb	PartyMenuModifyHP
0x081207C8	0x08120833	thumb	ResetHPTaskData
0x08120834	0x08120879	thumb	GetAilmentFromStatus
0x0812087C	0x081208BB	thumb	GetMonAilment
0x081208BC	0x08120953	thumb	SetPartyMonsAllowedInMinigame
0x08120954	0x08120981	thumb	IsMonAllowedInPokemonJump
0x08120984	0x081209A9	thumb	IsMonAllowedInDodrioBerryPicking
0x081209AC	0x081209CB	thumb	IsMonAllowedInMinigame
0x081209CC	0x08120A2F	thumb	TryEnterMonForMinigame
0x08120A30	0x08120A67	thumb	CancelParticipationPrompt
0x08120A68	0x08120A9B	thumb	Task_CancelParticipationYesNo
0x08120A9C	0x08120AF7	thumb	Task_HandleCancelParticipationYesNoInput
0x08120AF8	0x08120B7F	thumb	CanMonLearnTMTutor
0x08120B80	0x08120BBF	thumb	GetTutorMove
0x08120BC0	0x08120C11	thumb	CanLearnTutorMove
0x08120C14	0x08120C43	thumb	Task_FirstBattleEnterParty_WaitFadeIn
0x08120C44	0x08120C7F	thumb	Task_FirstBattleEnterParty_DarkenScreen
0x08120C80	0x08120CAF	thumb	Task_FirstBattleEnterParty_WaitDarken
0x08120CB0	0x08120CDF	thumb	Task_FirstBattleEnterParty_CreatePrinter
0x08120CE0	0x08120D17	thumb	Task_FirstBattleEnterParty_RunPrinterMsg1
0x08120D18	0x08120D53	thumb	Task_FirstBattleEnterParty_LightenFirstMonIcon
0x08120D54	0x08120D83	thumb	Task_FirstBattleEnterParty_WaitLightenFirstMonIcon
0x08120D84	0x08120DB7	thumb	Task_FirstBattleEnterParty_StartPrintMsg2
0x08120DB8	0x08120DF3	thumb	Task_FirstBattleEnterParty_RunPrinterMsg2
0x08120DF4	0x08120E2F	thumb	Task_FirstBattleEnterParty_FadeNormal
0x08120E30	0x08120E93	thumb	Task_FirstBattleEnterParty_WaitFadeNormal
0x08120E94	0x08120EB7	thumb	Task_PartyMenu_Pokedude
0x08120EB8	0x08120F4F	thumb	Task_PartyMenu_PokedudeStep
0x08120F50	0x08120F87	thumb	PartyMenuPokedudeIsCancelled
0x08120F88	0x08120FA3	thumb	PartyMenuHandlePokedudeCancel
0x08120FA4	0x08120FC7	thumb	Task_PartyMenuFromBag_Pokedude
0x08120FC8	0x08121037	thumb	Task_PartyMenuFromBag_PokedudeStep
0x08121038	0x081210CF	thumb	InitPartyMenuWindows
0x081210D0	0x0812121F	thumb	CreateCancelConfirmWindows
0x08121220	0x08121233	thumb	GetPartyMenuPalBufferPtr
0x08121234	0x08121311	thumb	BlitBitmapToPartyWindow
0x08121314	0x08121377	thumb	BlitBitmapToPartyWindow_LeftColumn
0x08121378	0x081213DB	thumb	BlitBitmapToPartyWindow_RightColumn
0x081213DC	0x08121403	thumb	DrawEmptySlot
0x08121404	0x081216DB	thumb	LoadPartyBoxPalette
0x081216DC	0x0812170F	thumb	DisplayPartyPokemonBarDetail
0x08121710	0x08121767	thumb	DisplayPartyPokemonNickname
0x08121768	0x081217DF	thumb	DisplayPartyPokemonLevelCheck
0x081217E0	0x0812182B	thumb	DisplayPartyPokemonLevel
0x0812182C	0x08121891	thumb	DisplayPartyPokemonGenderNidoranCheck
0x08121894	0x08121973	thumb	DisplayPartyPokemonGender
0x08121974	0x081219D9	thumb	DisplayPartyPokemonHPCheck
0x081219DC	0x08121A13	thumb	DisplayPartyPokemonHP
0x08121A14	0x08121A7B	thumb	DisplayPartyPokemonMaxHPCheck
0x08121A7C	0x08121AC7	thumb	DisplayPartyPokemonMaxHP
0x08121AC8	0x08121B01	thumb	DisplayPartyPokemonHPBarCheck
0x08121B04	0x08121C47	thumb	DisplayPartyPokemonHPBar
0x08121C48	0x08121CBB	thumb	DisplayPartyPokemonDescriptionText
0x08121CBC	0x08121CE1	thumb	PartyMenuRemoveWindow
0x08121CE4	0x08121DCF	thumb	DisplayPartyMenuStdMessage
0x08121DD0	0x08121E33	thumb	ShouldUseChooseMonText
0x08121E34	0x08121F97	thumb	DisplaySelectionWindow
0x08121F98	0x08121FE3	thumb	PartyMenuPrintText
0x08121FE4	0x0812200B	thumb	PartyMenuDisplayYesNoMenu
0x0812200C	0x0812203B	thumb	CreateLevelUpStatsWindow
0x0812203C	0x0812205B	thumb	RemoveLevelUpStatsWindow
0x0812205C	0x081220AB	thumb	PartyMenu_Oak_PrintText
0x081220AC	0x081220E7	thumb	FirstBattleEnterParty_CreateWindowAndMsg1Printer
0x081220E8	0x0812210F	thumb	FirstBattleEnterParty_DestroyVoiceoverWindow
0x08122110	0x081221AB	thumb	ToggleFieldMoveDescriptionWindow
0x081221AC	0x08122223	thumb	CreatePartyMonIconSprite
0x08122224	0x08122283	thumb	CreatePartyMonIconSpriteParameterized
0x08122284	0x0812232F	thumb	UpdateHPBar
0x08122330	0x08122363	thumb	UpdatePartyMonHPBar
0x08122364	0x081223D3	thumb	AnimateSelectedPartyIcon
0x081223D4	0x081223FF	thumb	SpriteCB_BouncePartyMonIcon
0x08122400	0x08122409	thumb	SpriteCB_UpdatePartyMonIcon
0x0812240C	0x0812243F	thumb	CreatePartyMonHeldItemSprite
0x08122440	0x0812248B	thumb	CreatePartyMonHeldItemSpriteParameterized
0x0812248C	0x081224A5	thumb	UpdatePartyMonHeldItemSprite
0x081224A8	0x08122527	thumb	ShowOrHideHeldItemSprite
0x08122528	0x08122543	thumb	LoadHeldItemIcons
0x08122544	0x081225E7	thumb	DrawHeldItemIconsForTrade
0x081225E8	0x0812266B	thumb	CreateHeldItemSpriteForTrade
0x0812266C	0x081226C3	thumb	SpriteCB_HeldItem
0x081226C4	0x081226EB	thumb	CreatePartyMonPokeballSprite
0x081226EC	0x0812272B	thumb	CreatePartyMonPokeballSpriteParameterized
0x0812272C	0x0812276B	thumb	CreatePokeballButtonSprite
0x0812276C	0x0812278F	thumb	CreateSmallPokeballButtonSprite
0x08122790	0x081227B3	thumb	PartyMenuStartSpriteAnim
0x081227B4	0x08122837	thumb	SpriteCB_BounceConfirmCancelButton
0x08122838	0x0812285B	thumb	LoadPartyMenuPokeballGfx
0x0812285C	0x0812288F	thumb	CreatePartyMonStatusSprite
0x08122890	0x081228DB	thumb	CreatePartyMonStatusSpriteParameterized
0x081228DC	0x081228F3	thumb	SetPartyMonAilmentGfx
0x081228F4	0x08122957	thumb	UpdatePartyMonAilmentGfx
0x08122958	0x08122973	thumb	LoadPartyMenuAilmentGfx
0x08122974	0x081229D3	thumb	SetPartyMonSelectionActions
0x081229D4	0x08122AF7	thumb	SetPartyMonFieldSelectionActions
0x08122AF8	0x08122BA9	thumb	GetPartyMenuActionsType
0x08122BAC	0x08122C07	thumb	CreateSelectionWindow
0x08122C08	0x08122C33	thumb	Task_TryCreateSelectionWindow
0x08122C34	0x08122D23	thumb	Task_HandleSelectionMenuInput
0x08122D24	0x08122D4F	thumb	CursorCB_Summary
0x08122D50	0x08122D93	thumb	CB2_ShowPokemonSummaryScreen
0x08122D94	0x08122DD7	thumb	CB2_ReturnToPartyMenuFromSummaryScreen
0x08122DD8	0x08122E33	thumb	CursorCB_Switch
0x08122E34	0x08122FD7	thumb	SwitchSelectedMons
0x08122FD8	0x0812303D	thumb	TryMovePartySlot
0x08123040	0x08123109	thumb	MoveAndBufferPartySlot
0x0812310C	0x0812315F	thumb	MovePartyMenuBoxSprites
0x08123160	0x081231BF	thumb	SlidePartyMenuBoxSpritesOneStep
0x081231C0	0x08123247	thumb	SlidePartyMenuBoxOneStep
0x08123248	0x0812335F	thumb	Task_SlideSelectedSlotsOffscreen
0x08123360	0x081233F5	thumb	Task_SlideSelectedSlotsOnscreen
0x081233F8	0x081234C3	thumb	SwitchMenuBoxSprites
0x081234C4	0x08123563	thumb	SwitchPartyMon
0x08123564	0x081235BF	thumb	SetSwitchedPartyOrderQuestLogEvent
0x081235C0	0x08123617	thumb	FinishTwoMonAction
0x08123618	0x08123677	thumb	CursorCB_Cancel1
0x08123678	0x081236DB	thumb	CursorCB_Item
0x081236DC	0x08123707	thumb	CursorCB_Give
0x08123708	0x0812371B	thumb	CB2_SelectBagItemToGive
0x0812371C	0x081237FB	thumb	CB2_GiveHoldItem
0x081237FC	0x0812387B	thumb	Task_GiveHoldItem
0x0812387C	0x081238D3	thumb	Task_SwitchHoldItemsPrompt
0x081238D4	0x08123907	thumb	Task_SwitchItemsYesNo
0x08123908	0x08123A27	thumb	Task_HandleSwitchItemsYesNoInput
0x08123A28	0x08123A57	thumb	Task_WriteMailToGiveMonAfterText
0x08123A58	0x08123AA3	thumb	CB2_WriteMailToGiveMon
0x08123AA4	0x08123B4F	thumb	CB2_ReturnToPartyMenuFromWritingMail
0x08123B50	0x08123BC7	thumb	Task_DisplayGaveMailFromPartyMessage
0x08123BC8	0x08123C0F	thumb	Task_UpdateHeldItemSprite
0x08123C10	0x08123CCB	thumb	CursorCB_TakeItem
0x08123CCC	0x08123D2F	thumb	CursorCB_Mail
0x08123D30	0x08123D5B	thumb	CursorCB_Read
0x08123D5C	0x08123DA3	thumb	CB2_ReadHeldMail
0x08123DA4	0x08123DE3	thumb	CB2_ReturnToPartyMenuFromReadingMail
0x08123DE4	0x08123E2F	thumb	CursorCB_TakeMail
0x08123E30	0x08123E63	thumb	Task_SendMailToPCYesNo
0x08123E64	0x08123F23	thumb	Task_HandleSendMailToPCYesNoInput
0x08123F24	0x08123F57	thumb	Task_LoseMailMessageYesNo
0x08123F58	0x0812403B	thumb	Task_HandleLoseMailMessageYesNoInput
0x0812403C	0x081240CB	thumb	CursorCB_Cancel2
0x081240CC	0x0812412B	thumb	CursorCB_SendMon
0x0812412C	0x0812422F	thumb	CursorCB_Enter
0x08124230	0x0812424F	thumb	MoveCursorToConfirm
0x08124250	0x0812432B	thumb	CursorCB_NoEntry
0x0812432C	0x0812435B	thumb	CursorCB_Store
0x0812435C	0x08124467	thumb	CursorCB_Register
0x08124468	0x08124575	thumb	CursorCB_Trade1
0x08124578	0x08124579	thumb	CursorCB_Trade2
0x0812457C	0x0812479B	thumb	CursorCB_FieldMove
0x0812479C	0x081247CB	thumb	DisplayFieldMoveExitAreaMessage
0x081247CC	0x081247FF	thumb	Task_FieldMoveExitAreaYesNo
0x08124800	0x08124887	thumb	Task_HandleFieldMoveExitAreaYesNoInput
0x08124888	0x0812489F	thumb	FieldCallback_PrepareFadeInFromMenu
0x081248A0	0x081248DB	thumb	Task_FieldMoveWaitForFade
0x081248DC	0x08124903	thumb	GetFieldMoveMonSpecies
0x08124904	0x0812492B	thumb	Task_CancelAfterAorBPress
0x0812492C	0x08124951	thumb	DisplayCantUseFlashMessage
0x08124954	0x0812496F	thumb	FieldCallback_Surf
0x08124970	0x081249E1	thumb	SetUpFieldMove_Surf
0x081249E4	0x08124A61	thumb	DisplayCantUseSurfMessage
0x08124A64	0x08124A85	thumb	SetUpFieldMove_Fly
0x08124A88	0x08124AB3	thumb	CB2_ReturnToPartyMenuFromFlyMap
0x08124AB4	0x08124ACF	thumb	FieldCallback_Waterfall
0x08124AD0	0x08124B35	thumb	SetUpFieldMove_Waterfall
0x08124B38	0x08124B87	thumb	SetSwappedHeldItemQuestLogEvent
0x08124B88	0x08124BF3	thumb	SetUsedFieldMoveQuestLogEvent
0x08124BF4	0x08124C63	thumb	SetUsedFlyQuestLogEvent
0x08124C64	0x08124D67	thumb	CB2_ShowPartyMenuForItemUse
0x08124D68	0x08124D77	thumb	CB2_ReturnToBagMenu
0x08124D78	0x08124D87	thumb	CB2_ReturnToTMCaseMenu
0x08124D88	0x08124D97	thumb	CB2_ReturnToBerryPouchMenu
0x08124D98	0x08124DB7	thumb	Task_DoUseItemAnim
0x08124DB8	0x08124E1F	thumb	CB2_DoUseItemAnim
0x08124E20	0x08124ED3	thumb	CB2_UseItem
0x08124ED4	0x08124F9F	thumb	CB2_UseTMHMAfterForgettingMove
0x08124FA0	0x08124FEF	thumb	Task_SetSacredAshCB
0x08124FF0	0x0812502D	thumb	IsHPRecoveryItem
0x08125030	0x081251EF	thumb	GetMedicineItemEffectMessage
0x081251F0	0x08125223	thumb	NotUsingHPEVItemOnShedinja
0x08125224	0x0812523F	thumb	IsItemFlute
0x08125240	0x081252A7	thumb	ExecuteTableBasedItemEffect_
0x081252A8	0x08125387	thumb	ItemUseCB_Medicine
0x08125388	0x0812552B	thumb	ItemUseCB_MedicineStep
0x0812552C	0x08125593	thumb	Task_DisplayHPRestoredMessage
0x08125594	0x081255C7	thumb	Task_ClosePartyMenuAfterText
0x081255C8	0x08125697	thumb	ShowMoveSelectWindow
0x08125698	0x081256CF	thumb	Task_HandleRestoreWhichMoveInput
0x081256D0	0x08125767	thumb	ItemUseCB_TryRestorePP
0x08125768	0x081257AB	thumb	SetSelectedMoveForPPItem
0x081257AC	0x081257E3	thumb	ReturnToUseOnWhichMon
0x081257E4	0x0812586F	thumb	TryUsePPItemOutsideBattle
0x08125870	0x0812592F	thumb	ItemUseCB_RestorePP
0x08125930	0x08125A13	thumb	TryUsePPItemInBattle
0x08125A14	0x08125A4F	thumb	ItemUseCB_PPUp
0x08125A50	0x08125A67	thumb	ItemIdToBattleMoveId
0x08125A68	0x08125A97	thumb	IsMoveHm
0x08125A98	0x08125AC5	thumb	MonKnowsMove
0x08125AC8	0x08125AEB	thumb	DisplayLearnMoveMessage
0x08125AEC	0x08125B17	thumb	DisplayLearnMoveMessageAndClose
0x08125B18	0x08125C0F	thumb	ItemUseCB_TMHM
0x08125C10	0x08125C1D	thumb	ItemUseCB_LearnedMove
0x08125C20	0x08125CCB	thumb	Task_LearnedMove
0x08125CCC	0x08125D03	thumb	Task_DoLearnedMoveFanfareAfterText
0x08125D04	0x08125D5F	thumb	Task_LearnNextMoveOrClosePartyMenu
0x08125D60	0x08125D93	thumb	Task_ReplaceMoveYesNo
0x08125D94	0x08125DF1	thumb	Task_HandleReplaceMoveYesNoInput
0x08125DF4	0x08125E23	thumb	Task_ShowSummaryScreenToForgetMove
0x08125E24	0x08125E5B	thumb	CB2_ShowSummaryScreenToForgetMove
0x08125E5C	0x08125EEB	thumb	CB2_ReturnToPartyMenuWhileLearningMove
0x08125EEC	0x08125F23	thumb	Task_ReturnToPartyMenuWhileLearningMove
0x08125F24	0x08125F31	thumb	ItemUseCB_ReplaceMoveWithTMHM
0x08125F34	0x08125FD3	thumb	Task_ReplaceMoveWithTMHM
0x08125FD4	0x08126053	thumb	DisplayPartyMenuForgotMoveMessage
0x08126054	0x081260AF	thumb	Task_PartyMenuReplaceMove
0x081260B0	0x08126113	thumb	StopLearningMovePrompt
0x08126114	0x08126147	thumb	Task_StopLearningMoveYesNo
0x08126148	0x08126263	thumb	Task_HandleStopLearningMoveYesNoInput
0x08126264	0x08126281	thumb	Task_TryLearningNextMoveAfterText
0x08126284	0x08126327	thumb	ItemUseCB_RareCandy
0x08126328	0x08126417	thumb	ItemUseCB_RareCandyStep
0x08126418	0x0812649F	thumb	UpdateMonDisplayInfoAfterRareCandy
0x081264A0	0x081264FF	thumb	Task_DisplayLevelUpStatsPg1
0x08126500	0x08126547	thumb	Task_DisplayLevelUpStatsPg2
0x08126548	0x08126593	thumb	DisplayLevelUpStatsPg1
0x08126594	0x081265CF	thumb	DisplayLevelUpStatsPg2
0x081265D0	0x08126677	thumb	Task_TryLearnNewMoves
0x08126678	0x081266DB	thumb	Task_TryLearningNextMove
0x081266DC	0x08126747	thumb	PartyMenuTryEvolution
0x08126748	0x081267DB	thumb	DisplayMonNeedsToReplaceMove
0x081267DC	0x0812686B	thumb	DisplayMonLearnedMove
0x0812686C	0x081268AB	thumb	ItemUseCB_SacredAsh
0x081268AC	0x081269EF	thumb	UseSacredAsh
0x081269F0	0x08126AD3	thumb	Task_SacredAshLoop
0x08126AD4	0x08126B37	thumb	Task_SacredAshDisplayHPRestored
0x08126B38	0x08126BAB	thumb	ItemUseCB_EvolutionStone
0x08126BAC	0x08126BFB	thumb	CB2_UseEvolutionStone
0x08126BFC	0x08126C3D	thumb	MonCanEvolve
0x08126C40	0x08126D9F	thumb	GetItemEffectType
0x08126DA0	0x08126E87	thumb	TryTutorSelectedMon
0x08126E88	0x08126EB3	thumb	CB2_PartyMenuFromStartMenu
0x08126EB4	0x08126F17	thumb	CB2_ChooseMonToGiveItem
0x08126F18	0x08126FAF	thumb	TryGiveItemOrMailToSelectedMon
0x08126FB0	0x08126FF3	thumb	GiveItemOrMailToSelectedMon
0x08126FF4	0x0812706F	thumb	GiveItemToSelectedMon
0x08127070	0x081270B7	thumb	Task_UpdateHeldItemSpriteAndClosePartyMenu
0x081270B8	0x08127113	thumb	CB2_WriteMailToGiveMonFromBag
0x08127114	0x0812719B	thumb	CB2_ReturnToPartyOrBagMenuFromWritingMail
0x0812719C	0x0812720B	thumb	Task_DisplayGaveMailFromBagMessage
0x0812720C	0x0812723F	thumb	Task_SwitchItemsFromBagYesNo
0x08127240	0x08127323	thumb	Task_HandleSwitchItemsFromBagYesNoInput
0x08127324	0x0812735B	thumb	DisplayItemMustBeRemovedFirstMessage
0x0812735C	0x08127383	thumb	RemoveItemToGiveFromBag
0x08127384	0x081273AF	thumb	ReturnGiveItemToBagOrPC
0x081273B0	0x081273DB	thumb	ChooseMonToGiveMailFromMailbox
0x081273DC	0x0812747F	thumb	TryGiveMailToSelectedMon
0x08127480	0x081274D3	thumb	InitChooseMonsForBattle
0x081274D4	0x081274E7	thumb	ClearSelectedPartyOrder
0x081274E8	0x08127525	thumb	GetPartySlotEntryStatus
0x08127528	0x081275CF	thumb	GetBattleEntryEligibility
0x081275D0	0x081276E7	thumb	CheckBattleEntriesAndGetMessage
0x081276E8	0x08127713	thumb	HasPartySlotAlreadyBeenSelected
0x08127714	0x08127783	thumb	Task_ValidateChosenMonsForBattle
0x08127784	0x081277CB	thumb	Task_ContinueChoosingMonsForBattle
0x081277CC	0x081277F3	thumb	ChooseMonForTradingBoard
0x081277F4	0x0812785F	thumb	ChooseMonForMoveTutor
0x08127860	0x0812788B	thumb	ChooseMonForWirelessMinigame
0x0812788C	0x081278B1	thumb	GetPartyLayoutFromBattleType
0x081278B4	0x0812793F	thumb	OpenPartyMenuInTutorialBattle
0x08127940	0x0812797B	thumb	Pokedude_OpenPartyMenuInBattle
0x0812797C	0x081279B7	thumb	Pokedude_ChooseMonForInBattleItem
0x081279B8	0x08127A5B	thumb	EnterPartyFromItemMenuInBattle
0x08127A5C	0x08127A97	thumb	GetPartyMenuActionsTypeInBattle
0x08127A98	0x08127C83	thumb	TrySwitchInPokemon
0x08127C84	0x08127CA3	thumb	BufferBattlePartyCurrentOrder
0x08127CA4	0x08127D7F	thumb	BufferBattlePartyOrder
0x08127D80	0x08127DA3	thumb	BufferBattlePartyCurrentOrderBySide
0x08127DA4	0x08127E9B	thumb	BufferBattlePartyOrderBySide
0x08127E9C	0x08127F51	thumb	SwitchPartyOrderLinkMulti
0x08127F54	0x08127F87	thumb	GetPartyIdFromBattleSlot
0x08127F88	0x08127FCB	thumb	SetPartyIdAtBattleSlot
0x08127FCC	0x08128005	thumb	SwitchPartyMonSlots
0x08128008	0x0812804B	thumb	GetPartyIdFromBattlePartyId
0x0812804C	0x0812809B	thumb	UpdatePartyToBattleOrder
0x0812809C	0x081280EB	thumb	UpdatePartyToFieldOrder
0x081280EC	0x0812815B	thumb	SwitchAliveMonIntoLeadSlot
0x0812815C	0x0812816F	thumb	CB2_SetUpExitToBattleScreen
0x08128170	0x0812819B	thumb	ShowPartyMenuToShowcaseMultiBattleParty
0x0812819C	0x081281D3	thumb	Task_InitMultiPartnerPartySlideIn
0x081281D4	0x0812825F	thumb	Task_MultiPartnerPartySlideIn
0x08128260	0x0812828F	thumb	Task_WaitAfterMultiPartnerPartySlideIn
0x08128290	0x081282B3	thumb	MoveMultiPartyMenuBoxSprite
0x081282B4	0x08128347	thumb	SlideMultiPartyMenuBoxSpritesOneStep
0x08128348	0x0812837F	thumb	ChooseMonForDaycare
0x08128380	0x081283BB	thumb	ChoosePartyMonByMenuType
0x081283BC	0x081283D3	thumb	CB2_FadeFromPartyMenu
0x081283D4	0x081283F7	thumb	Task_PartyMenuWaitForFade
0x081283F8	0x08128433	thumb	EnterUnionRoomChat
0x08128434	0x08128493	thumb	InitChatWork
0x08128494	0x081284B7	thumb	FreeChatWork
0x081284B8	0x0812858B	thumb	CB2_LoadInterface
0x0812858C	0x081285A1	thumb	VBlankCB_UnionRoomChatMain
0x081285A4	0x081285BD	thumb	CB2_UnionRoomChatMain
0x081285C0	0x08128617	thumb	Task_HandlePlayerInput
0x08128618	0x08128699	thumb	ChatEntryRoutine_Join
0x0812869C	0x08128789	thumb	ChatEntryRoutine_HandleInput
0x0812878C	0x081288AB	thumb	ChatEntryRoutine_Switch
0x081288AC	0x08128A77	thumb	ChatEntryRoutine_AskQuitChatting
0x08128A78	0x08128BD9	thumb	ChatEntryRoutine_ExitChat
0x08128BDC	0x08128C7F	thumb	ChatEntryRoutine_Drop
0x08128C80	0x08128D79	thumb	ChatEntryRoutine_Disbanded
0x08128D7C	0x08128E4D	thumb	ChatEntryRoutine_SendMessage
0x08128E50	0x08128F8F	thumb	ChatEntryRoutine_Register
0x08128F90	0x081291EF	thumb	ChatEntryRoutine_SaveAndExit
0x081291F0	0x081291FF	thumb	GoToRoutine
0x08129200	0x081292AF	thumb	TypeChatMessage_HandleDPad
0x081292B0	0x08129383	thumb	AppendCharacterToChatMessageBuffer
0x08129384	0x081293AF	thumb	DeleteLastCharacterOfChatMessageBuffer
0x081293B0	0x081293DF	thumb	ToggleCaseOfLastCharacterInChatMessageBuffer
0x081293E0	0x081293F9	thumb	ChatMsgHasAtLeastOneCharcter
0x081293FC	0x0812942B	thumb	RegisterTextAtRow
0x0812942C	0x08129447	thumb	ResetMessageEntryBuffer
0x08129448	0x08129487	thumb	SaveRegisteredTextsToSB1
0x08129488	0x0812949F	thumb	UnionRoomChat_GetWorkRegisteredText
0x081294A0	0x081294C3	thumb	GetEndOfUnk1A
0x081294C4	0x081294F3	thumb	GetPtrToLastCharOfUnk1A
0x081294F4	0x08129537	thumb	GetNumCharsInMessageEntryBuffer
0x08129538	0x0812953D	thumb	PrepareSendBuffer_Null
0x08129540	0x08129567	thumb	PrepareSendBuffer_Join
0x08129568	0x08129597	thumb	PrepareSendBuffer_Chat
0x08129598	0x081295C3	thumb	PrepareSendBuffer_Leave
0x081295C4	0x081295EB	thumb	PrepareSendBuffer_Drop
0x081295EC	0x08129613	thumb	PrepareSendBuffer_Disband
0x08129614	0x081296CB	thumb	ProcessReceivedChatMessage
0x081296CC	0x081296D7	thumb	GetCurrentKeyboardPage
0x081296D8	0x081296EB	thumb	UnionRoomChat_GetCursorColAndRow
0x081296EC	0x081296F7	thumb	UnionRoomChat_GetMessageEntryBuffer
0x081296F8	0x08129705	thumb	UnionRoomChat_LenMessageEntryBuffer
0x08129708	0x0812972D	thumb	UnionRoomChat_GetBufferSelectionRegion
0x08129730	0x0812975F	thumb	UnionRoomChat_GetEndOfMessageEntryBuffer
0x08129760	0x0812979B	thumb	UnionRoomChat_GetNumCharsInMessageEntryBuffer
0x0812979C	0x081297A7	thumb	UnionRoomChat_GetLastReceivedMessage
0x081297A8	0x081297B3	thumb	UnionRoomChat_GetReceivedPlayerIndex
0x081297B4	0x081297BF	thumb	UnionRoomChat_GetMessageEntryCursorPosition
0x081297C0	0x081297E9	thumb	UnionRoomChat_GetWhetherShouldShowCaseToggleIcon
0x081297EC	0x081297F7	thumb	UnionRoomChat_GetNameOfPlayerWhoDisbandedChat
0x081297F8	0x081298CF	thumb	UnionRoomChat_InitializeRegisteredTexts
0x081298D0	0x08129AEB	thumb	Task_ReceiveChatMessage
0x08129AEC	0x08129B4F	thumb	UnionRoomChat_TryAllocGraphicsWork
0x08129B50	0x08129B5F	thumb	UnionRoomChat_RunDisplaySubtask0
0x08129B60	0x08129B8F	thumb	UnionRoomChat_FreeGraphicsWork
0x08129B90	0x08129B9B	thumb	InitWork
0x08129B9C	0x08129BD3	thumb	UnionRoomChat_ResetDisplaySubtasks
0x08129BD4	0x08129C0B	thumb	UnionRoomChat_RunDisplaySubtasks
0x08129C0C	0x08129C63	thumb	UnionRoomChat_StartDisplaySubtask
0x08129C64	0x08129C77	thumb	RunDisplaySubtask
0x08129C78	0x08129D15	thumb	DisplaySubtask_LoadGfx
0x08129D18	0x08129D4D	thumb	DisplaySubtask_PrintWin3
0x08129D50	0x08129D85	thumb	DisplaySubtask_HideWin3
0x08129D88	0x08129DF1	thumb	DisplaySubtask_SwitchPages
0x08129DF4	0x08129DFF	thumb	DisplaySubtask_MoveSelectorCursorObj
0x08129E00	0x08129E4B	thumb	DisplaySubtask_ShowQuitChattingDialog
0x08129E4C	0x08129E8F	thumb	DisplaySubtask_HideQuitChattingDialog
0x08129E90	0x08129EFB	thumb	DisplaySubtask_UpdateMessageBuffer
0x08129EFC	0x08129FA1	thumb	DisplaySubtask_PrintRegisterWhere
0x08129FA4	0x0812A049	thumb	DisplaySubtask_CancelRegister
0x0812A04C	0x0812A085	thumb	DisplaySubtask_ReturnToKeyboard
0x0812A088	0x0812A161	thumb	DisplaySubtask_ScrollChat
0x0812A164	0x0812A18D	thumb	DisplaySubtask_AnimateSelectorCursorBlink
0x0812A190	0x0812A1D1	thumb	DisplaySubtask_PrintInputText
0x0812A1D4	0x0812A215	thumb	DisplaySubtask_PrintExitingChat
0x0812A218	0x0812A269	thumb	DisplaySubtask_PrintLeaderLeft
0x0812A26C	0x0812A2B9	thumb	DisplaySubtask_AskSave
0x0812A2BC	0x0812A309	thumb	DisplaySubtask_AskOverwriteSave
0x0812A30C	0x0812A34D	thumb	DisplaySubtask_PrintSavingDontTurnOffPower
0x0812A350	0x0812A3A5	thumb	DisplaySubtask_PrintSavedTheGame
0x0812A3A8	0x0812A3F5	thumb	DisplaySubtask_ShowConfirmLeaderLeaveDialog
0x0812A3F8	0x0812A3FB	thumb	DisplaySubtaskDummy
0x0812A3FC	0x0812A4F3	thumb	PlaceYesNoMenuAt
0x0812A4F4	0x0812A51B	thumb	HideYesNoMenuWindow
0x0812A51C	0x0812A53F	thumb	DestroyYesNoMenuWindow
0x0812A540	0x0812A54D	thumb	UnionRoomChat_ProcessInput
0x0812A550	0x0812A6CB	thumb	PlaceStdMessageWindow
0x0812A6CC	0x0812A6FF	thumb	HideStdMessageWindow
0x0812A700	0x0812A723	thumb	DestroyStdMessageWindow
0x0812A724	0x0812A74D	thumb	FillWin1Rect
0x0812A750	0x0812A7D9	thumb	PrintOnWin1Parameterized
0x0812A7DC	0x0812A957	thumb	PrintCurrentKeyboardPage
0x0812A958	0x0812A99D	thumb	AnimateMoveBg1Right
0x0812A9A0	0x0812A9E5	thumb	AnimateMoveBg1Left
0x0812A9E8	0x0812AA3B	thumb	PrintKeyboardSwapTextsOnWin3
0x0812AA3C	0x0812AA4F	thumb	ClearWin3
0x0812AA50	0x0812AAAB	thumb	PrintTextOnWin0Colorized
0x0812AAAC	0x0812AB63	thumb	ResetGpuBgState
0x0812AB64	0x0812ABAF	thumb	SetBgTilemapWorkBuffers
0x0812ABB0	0x0812ABDF	thumb	ClearBg0
0x0812ABE0	0x0812AC2F	thumb	LoadUnionRoomChatPanelGfx
0x0812AC30	0x0812AC73	thumb	LoadLinkMiscMenuGfx
0x0812AC74	0x0812AC97	thumb	LoadBg1Pal8
0x0812AC98	0x0812ACC3	thumb	LoadWin0
0x0812ACC4	0x0812ACDB	thumb	LoadWin2
0x0812ACDC	0x0812ACF7	thumb	LoadWin1
0x0812ACF8	0x0812AD27	thumb	LoadWin3
0x0812AD28	0x0812AD77	thumb	InitScanlineEffect
0x0812AD78	0x0812ADCF	thumb	FillScanlineEffectWithValue1col
0x0812ADD0	0x0812AE47	thumb	FillScanlineEffectWithValue2col
0x0812AE48	0x0812AE87	thumb	UnionRoomChat_TryAllocSpriteWork
0x0812AE88	0x0812AE9F	thumb	UnionRoomChat_FreeSpriteWork
0x0812AEA0	0x0812AED3	thumb	UnionRoomChat_CreateSelectorCursorObj
0x0812AED4	0x0812AEF3	thumb	UnionRoomChat_ToggleSelectorCursorObjVisibility
0x0812AEF4	0x0812AF63	thumb	UnionRoomChat_MoveSelectorCursorObj
0x0812AF64	0x0812AF97	thumb	UnionRoomChat_UpdateObjPalCycle
0x0812AF98	0x0812AFD3	thumb	UnionRoomChat_SetSelectorCursorClosedImage
0x0812AFD4	0x0812B01F	thumb	UnionRoomChat_AnimateSelectorCursorReopen
0x0812B020	0x0812B073	thumb	UnionRoomChat_SpawnTextEntryPointerSprites
0x0812B074	0x0812B0A9	thumb	SpriteCB_TextEntryCursor
0x0812B0AC	0x0812B0D5	thumb	SpriteCB_CharacterSelectCursor
0x0812B0D8	0x0812B137	thumb	CreatePageSwitchUISprites
0x0812B138	0x0812B1B7	thumb	UpdateVisibleUnionRoomChatIcon
0x0812B1B8	0x0812B1C7	thumb	SetHelpContextDontCheckBattle
0x0812B1C8	0x0812B1F7	thumb	SetHelpContext
0x0812B1F8	0x0812B20B	thumb	Script_SetHelpContext
0x0812B20C	0x0812B21F	thumb	BackupHelpContext
0x0812B220	0x0812B233	thumb	RestoreHelpContext
0x0812B234	0x0812B243	thumb	IsInMartMap
0x0812B244	0x0812B253	thumb	IsInGymMap
0x0812B254	0x0812B29B	thumb	IsCurrentMapInArray
0x0812B29C	0x0812B333	thumb	IsInDungeonMap
0x0812B334	0x0812B3E1	thumb	SetHelpContextForMap
0x0812B3E4	0x0812B433	thumb	HelpSystem_UpdateHasntSeenIntro
0x0812B434	0x0812B44D	thumb	HelpSystem_IsSinglePlayer
0x0812B450	0x0812B45B	thumb	HelpSystem_Disable
0x0812B45C	0x0812B483	thumb	HelpSystem_Enable
0x0812B484	0x0812B48F	thumb	HelpSystem_DisableToggleWithRButton
0x0812B490	0x0812B49B	thumb	HelpSystem_EnableToggleWithRButton
0x0812B49C	0x0812B4AD	thumb	ResetHelpSystemListMenu
0x0812B4B0	0x0812B4F7	thumb	BuildAndPrintMainTopicsListMenu
0x0812B4F8	0x0812B57F	thumb	BuildMainTopicsListAndMoveToH00
0x0812B580	0x0812B5EB	thumb	BuildAndPrintSubmenuList
0x0812B5EC	0x0812B72B	thumb	SetHelpSystemSubmenuItems
0x0812B72C	0x0812B755	thumb	HelpSystem_ShouldShowBasicTerms
0x0812B758	0x0812BAE7	thumb	IsHelpSystemSubmenuEnabled
0x0812BAE8	0x0812BB71	thumb	HasGottenAtLeastOneHM
0x0812BB74	0x0812BC29	thumb	RunHelpMenuSubroutine
0x0812BC2C	0x0812BC57	thumb	HelpSystemSubroutine_PrintWelcomeMessage
0x0812BC58	0x0812BC7F	thumb	HelpSystemSubroutine_WelcomeWaitButton
0x0812BC80	0x0812BCA7	thumb	HelpSystemSubroutine_WelcomeEndGotoMenu
0x0812BCA8	0x0812BD03	thumb	HelpSystemSubroutine_MenuInputHandlerMain
0x0812BD04	0x0812BD3B	thumb	HelpMenuSubroutine_InitSubmenu
0x0812BD3C	0x0812BD6F	thumb	HelpMenuSubroutine_ReturnFromSubmenu
0x0812BD70	0x0812BDC3	thumb	HelpMenuSubroutine_SubmenuInputHandler
0x0812BDC4	0x0812BDE7	thumb	HelpSystem_PrintTopicLabel
0x0812BDE8	0x0812BEC3	thumb	HelpMenuSubroutine_HelpItemPrint
0x0812BEC4	0x0812BEEF	thumb	HelpMenuSubroutine_ReturnFromHelpItem
0x0812BEF0	0x0812BF31	thumb	HelpMenuSubroutine_HelpItemWaitButton
0x0812BF34	0x0812BF4B	thumb	PrintWelcomeMessageOnPanel1
0x0812BF4C	0x0812BF5F	thumb	PrintTextOnPanel2Row52RightAlign
0x0812BF60	0x0812BF6B	thumb	GetHelpSystemMenuLevel
0x0812BF6C	0x0812BF73	thumb	ResetHelpSystemCursor
0x0812BF74	0x0812BFB3	thumb	PrintHelpSystemTopicMouseoverDescription
0x0812BFB4	0x0812C1FB	thumb	TrySetQuestLogBattleEvent
0x0812C1FC	0x0812C30B	thumb	TrySetQuestLogLinkBattleEvent
0x0812C30C	0x0812C355	thumb	GetLinkMultiBattlePlayerIndexes
0x0812C358	0x0812C369	thumb	FC_VBlankCallback
0x0812C36C	0x0812C381	thumb	MainCB2_FameCheckerMain
0x0812C384	0x0812C3CF	thumb	UseFameChecker
0x0812C3D0	0x0812C61F	thumb	MainCB2_LoadFameChecker
0x0812C620	0x0812C63B	thumb	LoadUISpriteSheetsAndPalettes
0x0812C63C	0x0812C66B	thumb	Task_WaitFadeOnInit
0x0812C66C	0x0812C8CD	thumb	Task_TopMenuHandleInput
0x0812C8D0	0x0812C967	thumb	TryExitPickMode
0x0812C968	0x0812C993	thumb	MessageBoxPrintEmptyText
0x0812C994	0x0812C9F1	thumb	Task_EnterPickMode
0x0812C9F4	0x0812CAAF	thumb	Task_ExitPickMode
0x0812CAB0	0x0812CC3F	thumb	Task_FlavorTextDisplayHandleInput
0x0812CC40	0x0812CD13	thumb	FC_MoveSelectorCursor
0x0812CD14	0x0812CDDB	thumb	GetPickModeText
0x0812CDDC	0x0812CE73	thumb	PrintSelectedNameInBrightGreen
0x0812CE74	0x0812CE97	thumb	WipeMsgBoxAndTransfer
0x0812CE98	0x0812CEB5	thumb	Setup_DrawMsgAndListBoxes
0x0812CEB8	0x0812CED3	thumb	FC_PutWindowTilemapAndCopyWindowToVramMode3
0x0812CED4	0x0812CF13	thumb	SetMessageSelectorIconObjMode
0x0812CF14	0x0812CF53	thumb	Task_StartToCloseFameChecker
0x0812CF54	0x0812D06B	thumb	Task_DestroyAssetsAndCloseFameChecker
0x0812D06C	0x0812D095	thumb	FC_DestroyWindow
0x0812D098	0x0812D0C9	thumb	AdjustGiovanniIndexIfBeatenInGym
0x0812D0CC	0x0812D14B	thumb	PrintUIHelp
0x0812D14C	0x0812D17F	thumb	DestroyAllFlavorTextIcons
0x0812D180	0x0812D2DB	thumb	CreateAllFlavorTextIcons
0x0812D2DC	0x0812D35F	thumb	ResetFameChecker
0x0812D360	0x0812D3F7	thumb	FullyUnlockFameChecker
0x0812D3F8	0x0812D52F	thumb	FCSetup_ClearVideoRegisters
0x0812D530	0x0812D55B	thumb	FCSetup_ResetTasksAndSpriteResources
0x0812D55C	0x0812D56B	thumb	FCSetup_TurnOnDisplay
0x0812D56C	0x0812D5C1	thumb	FCSetup_ResetBGCoords
0x0812D5C4	0x0812D627	thumb	SetFlavorTextFlagFromSpecialVars
0x0812D628	0x0812D68B	thumb	UpdatePickStateFromSpecialVar8005
0x0812D68C	0x0812D6E1	thumb	HasUnlockedAllFlavorTextsForCurrentPerson
0x0812D6E4	0x0812D6FB	thumb	FreeSelectionCursorSpriteResources
0x0812D6FC	0x0812D73B	thumb	CreateFlavorTextIconSelectorCursorSprite
0x0812D73C	0x0812D745	thumb	SpriteCB_DestroyFlavorTextIconSelectorCursor
0x0812D748	0x0812D757	thumb	FreeQuestionMarkSpriteResources
0x0812D758	0x0812D79F	thumb	PlaceQuestionMarkTile
0x0812D7A0	0x0812D7BB	thumb	FreeSpinningPokeballSpriteResources
0x0812D7BC	0x0812D7D7	thumb	CreateSpinningPokeballSprite
0x0812D7D8	0x0812D7EB	thumb	SpriteCB_DestroySpinningPokeball
0x0812D7EC	0x0812D817	thumb	FreeNonTrainerPicTiles
0x0812D818	0x0812D85D	thumb	SpriteCB_FCSpinningPokeball
0x0812D860	0x0812D97F	thumb	CreatePersonPicSprite
0x0812D980	0x0812D9EB	thumb	DestroyPersonPicSprite
0x0812D9EC	0x0812DAE7	thumb	UpdateIconDescriptionBox
0x0812DAE8	0x0812DAFF	thumb	UpdateIconDescriptionBoxOff
0x0812DB00	0x0812DB3B	thumb	FC_CreateListMenu
0x0812DB3C	0x0812DB97	thumb	InitListMenuTemplate
0x0812DB98	0x0812DD27	thumb	FC_MoveCursorFunc
0x0812DD28	0x0812DD83	thumb	Task_SwitchToPickMode
0x0812DD84	0x0812DDC7	thumb	PrintCancelDescription
0x0812DDC8	0x0812DEC7	thumb	FC_DoMoveCursor
0x0812DEC8	0x0812DFBB	thumb	FC_PopulateListMenu
0x0812DFBC	0x0812DFD7	thumb	FC_PutWindowTilemapAndCopyWindowToVramMode3_2
0x0812DFD8	0x0812E01F	thumb	FC_CreateScrollIndicatorArrowPair
0x0812E020	0x0812E03B	thumb	FreeListMenuSelectorArrowPairResources
0x0812E03C	0x0812E06B	thumb	FameCheckerGetCursorY
0x0812E06C	0x0812E0E5	thumb	HandleFlavorTextModeSwitch
0x0812E0E8	0x0812E14D	thumb	Task_FCOpenOrCloseInfoBox
0x0812E150	0x0812E47B	thumb	UpdateInfoBoxTilemap
0x0812E47C	0x0812E4F3	thumb	PlaceListMenuCursor
0x0812E4F4	0x0812E57B	thumb	AddTextPrinterParameterized3
0x0812E57C	0x0812E603	thumb	AddTextPrinterParameterized4
0x0812E604	0x0812E6B1	thumb	AddTextPrinterParameterized5
0x0812E6B4	0x0812E73F	thumb	Menu_PrintFormatIntlPlayerName
0x0812E740	0x0812E919	thumb	UnusedBlitBitmapRect
0x0812E91C	0x0812E9BB	thumb	StartBlendTask
0x0812E9BC	0x0812E9CF	thumb	IsBlendTaskActive
0x0812E9D0	0x0812EA4F	thumb	Task_SmoothBlendLayers
0x0812EA50	0x0812EABB	thumb	Menu2_GetMonPosAttribute
0x0812EABC	0x0812EAD3	thumb	Menu2_GetStarSpritePosAttribute
0x0812EAD4	0x0812EAE5	thumb	VBlankCB_NewGameScene
0x0812EAE8	0x0812EB01	thumb	CB2_NewGameScene
0x0812EB04	0x0812EB2F	thumb	StartNewGameScene
0x0812EB30	0x0812EE87	thumb	Task_NewGameScene
0x0812EE88	0x0812EF27	thumb	ControlsGuide_LoadPage1
0x0812EF28	0x0812F087	thumb	Task_ControlsGuide_LoadPage
0x0812F088	0x0812F157	thumb	Task_ControlsGuide_HandleInput
0x0812F158	0x0812F24B	thumb	Task_ControlsGuide_ChangePage
0x0812F24C	0x0812F313	thumb	Task_ControlsGuide_Clear
0x0812F314	0x0812F47F	thumb	Task_PikachuIntro_LoadPage1
0x0812F480	0x0812F703	thumb	Task_PikachuIntro_HandleInput
0x0812F704	0x0812F797	thumb	Task_PikachuIntro_Clear
0x0812F798	0x0812F857	thumb	Task_OakSpeech_Init
0x0812F858	0x0812F91B	thumb	Task_OakSpeech_WelcomeToTheWorld
0x0812F91C	0x0812F9C3	thumb	Task_OakSpeech_ThisWorld
0x0812F9C4	0x0812FA4F	thumb	Task_OakSpeech_ReleaseNidoranFFromPokeBall
0x0812FA50	0x0812FB23	thumb	Task_OakSpeech_IsInhabitedFarAndWide
0x0812FB24	0x0812FBC7	thumb	Task_OakSpeech_IStudyPokemon
0x0812FBC8	0x0812FC3F	thumb	Task_OakSpeech_ReturnNidoranFToPokeBall
0x0812FC40	0x0812FD4F	thumb	Task_OakSpeech_TellMeALittleAboutYourself
0x0812FD50	0x0812FD97	thumb	Task_OakSpeech_FadeOutOak
0x0812FD98	0x0812FE5F	thumb	Task_OakSpeech_AskPlayerGender
0x0812FE60	0x0812FF7B	thumb	Task_OakSpeech_ShowGenderOptions
0x0812FF7C	0x0812FFC7	thumb	Task_OakSpeech_HandleGenderInput
0x0812FFC8	0x08130027	thumb	Task_OakSpeech_ClearGenderWindows
0x08130028	0x08130077	thumb	Task_OakSpeech_LoadPlayerPic
0x08130078	0x08130137	thumb	Task_OakSpeech_YourNameWhatIsIt
0x08130138	0x08130187	thumb	Task_OakSpeech_FadeOutForPlayerNamingScreen
0x08130188	0x081301FF	thumb	Task_OakSpeech_MoveRivalDisplayNameOptions
0x08130200	0x081302FB	thumb	Task_OakSpeech_RepeatNameQuestion
0x081302FC	0x0813038B	thumb	Task_OakSpeech_HandleRivalNameInput
0x0813038C	0x0813043B	thumb	Task_OakSpeech_DoNamingScreen
0x0813043C	0x0813052B	thumb	Task_OakSpeech_ConfirmName
0x0813052C	0x08130627	thumb	Task_OakSpeech_HandleConfirmNameInput
0x08130628	0x0813066B	thumb	Task_OakSpeech_FadeOutPlayerPic
0x0813066C	0x081306AB	thumb	Task_OakSpeech_FadeOutRivalPic
0x081306AC	0x081306F3	thumb	Task_OakSpeech_FadeInRivalPic
0x081306F4	0x081307A7	thumb	Task_OakSpeech_AskRivalsName
0x081307A8	0x0813082F	thumb	Task_OakSpeech_ReshowPlayersPic
0x08130830	0x081308A7	thumb	Task_OakSpeech_LetsGo
0x081308A8	0x081308EB	thumb	Task_OakSpeech_FadeOutBGM
0x081308EC	0x08130917	thumb	Task_OakSpeech_SetUpExitAnimation
0x08130918	0x08130957	thumb	Task_OakSpeech_SetUpShrinkPlayerPic
0x08130958	0x08130A0F	thumb	Task_OakSpeech_ShrinkPlayerPic
0x08130A10	0x08130A57	thumb	Task_OakSpeech_SetUpDestroyPlatformSprites
0x08130A58	0x08130AB3	thumb	Task_OakSpeech_DestroyPlatformSprites
0x08130AB4	0x08130AE7	thumb	Task_OakSpeech_SetUpFadePlayerPicWhite
0x08130AE8	0x08130B7F	thumb	Task_OakSpeech_FadePlayerPicWhite
0x08130B80	0x08130BC7	thumb	Task_OakSpeech_FadePlayerPicToBlack
0x08130BC8	0x08130BF7	thumb	Task_OakSpeech_WaitForFade
0x08130BF8	0x08130C3B	thumb	Task_OakSpeech_FreeResources
0x08130C3C	0x08130F03	thumb	CB2_ReturnFromNamingScreen
0x08130F04	0x08130F8F	thumb	CreateNidoranFSprite
0x08130F90	0x08130FAB	thumb	SpriteCB_Pikachu
0x08130FAC	0x0813113F	thumb	CreatePikachuOrPlatformSprites
0x08131140	0x081311C9	thumb	DestroyPikachuOrPlatformSprites
0x081311CC	0x081312E7	thumb	LoadTrainerPic
0x081312E8	0x0813130F	thumb	ClearTrainerPic
0x08131310	0x08131423	thumb	Task_SlowFadeIn
0x08131424	0x081314B3	thumb	CreateFadeInTask
0x081314B4	0x081315A3	thumb	Task_SlowFadeOut
0x081315A4	0x08131637	thumb	CreateFadeOutTask
0x08131638	0x0813172B	thumb	PrintNameChoiceOptions
0x0813172C	0x081317CF	thumb	GetDefaultName
0x081317D0	0x0813183B	thumb	InitTMCase
0x0813183C	0x08131855	thumb	CB2_Idle
0x08131858	0x08131869	thumb	VBlankCB_Idle
0x0813186C	0x08131895	thumb	CB2_SetUpTMCaseUI_Blocking
0x08131898	0x08131A61	thumb	DoSetUpTMCaseUI
0x08131A64	0x08131A8F	thumb	ResetBufferPointers_NoFree
0x08131A90	0x08131AF7	thumb	LoadBGTemplates
0x08131AF8	0x08131BE7	thumb	HandleLoadTMCaseGraphicsAndPalettes
0x08131BE8	0x08131C27	thumb	CreateTMCaseListMenuBuffers
0x08131C28	0x08131D1F	thumb	InitTMCaseListMenuItems
0x08131D20	0x08131DEF	thumb	GetTMNumberAndMoveString
0x08131DF0	0x08131E3F	thumb	List_MoveCursorFunc
0x08131E40	0x08131EE3	thumb	List_ItemPrintFunc
0x08131EE4	0x08131F3B	thumb	PrintDescription
0x08131F3C	0x08131F65	thumb	SetDescriptionWindowShade
0x08131F68	0x08131F87	thumb	PrintListCursor
0x08131F88	0x08131FEF	thumb	PrintListCursorAtRow
0x08131FF0	0x0813202B	thumb	CreateListScrollArrows
0x0813202C	0x08132063	thumb	CreateQuantityScrollArrows
0x08132064	0x08132083	thumb	RemoveScrollArrows
0x08132084	0x08132093	thumb	ResetTMCaseCursorPos
0x08132094	0x081320F7	thumb	TMCaseSetup_GetTMCount
0x081320F8	0x08132147	thumb	TMCaseSetup_InitListMenuPositions
0x08132148	0x081321AB	thumb	TMCaseSetup_UpdateVisualMenuOffset
0x081321AC	0x08132207	thumb	DestroyTMCaseBuffers
0x08132208	0x08132243	thumb	Task_BeginFadeOutFromTMCase
0x08132244	0x081322A9	thumb	Task_FadeOutAndCloseTMCase
0x081322AC	0x081323BB	thumb	Task_HandleListInput
0x081323BC	0x081323EB	thumb	ReturnToList
0x081323EC	0x0813253F	thumb	Task_SelectedTMHM_Field
0x08132540	0x081325C7	thumb	Task_ContextMenu_HandleInput
0x081325C8	0x08132633	thumb	Action_Use
0x08132634	0x081326CF	thumb	Action_Give
0x081326D0	0x081326EB	thumb	PrintError_ThereIsNoPokemon
0x081326EC	0x0813272F	thumb	PrintError_ItemCantBeHeld
0x08132730	0x08132757	thumb	Task_WaitButtonAfterErrorPrint
0x08132758	0x081327D3	thumb	CloseMessageAndReturnToList
0x081327D4	0x0813283F	thumb	Action_Exit
0x08132840	0x0813288F	thumb	Task_SelectedTMHM_GiveParty
0x08132890	0x081328DF	thumb	Task_SelectedTMHM_GivePC
0x081328E0	0x0813299B	thumb	Task_SelectedTMHM_Sell
0x0813299C	0x08132A0B	thumb	Task_AskConfirmSaleWithAmount
0x08132A0C	0x08132A1F	thumb	Task_PlaceYesNoBox
0x08132A20	0x08132A83	thumb	Task_SaleOfTMsCanceled
0x08132A84	0x08132B33	thumb	Task_InitQuantitySelectUI
0x08132B34	0x08132B9F	thumb	SellTM_PrintQuantityAndSalePrice
0x08132BA0	0x08132C83	thumb	Task_QuantitySelect_HandleInput
0x08132C84	0x08132D0B	thumb	Task_PrintSaleConfirmedText
0x08132D0C	0x08132DE3	thumb	Task_DoSaleOfTMs
0x08132DE4	0x08132E3B	thumb	Task_AfterSale_ReturnToList
0x08132E3C	0x08132EF7	thumb	Pokedude_InitTMCase
0x08132EF8	0x08132F37	thumb	Task_Pokedude_Start
0x08132F38	0x0813321B	thumb	Task_Pokedude_Run
0x0813321C	0x081332C3	thumb	InitWindowTemplatesAndPals
0x081332C4	0x0813332B	thumb	TMCase_Print
0x0813332C	0x0813333F	thumb	TMCase_SetWindowBorder1
0x08133340	0x08133353	thumb	TMCase_SetWindowBorder2
0x08133354	0x0813339B	thumb	PrintMessageWithFollowupTask
0x0813339C	0x081333DB	thumb	PrintTitle
0x081333DC	0x08133419	thumb	DrawMoveInfoLabels
0x0813341C	0x08133587	thumb	PrintMoveInfo
0x08133588	0x081335B7	thumb	PlaceHMTileInWindow
0x081335B8	0x081335DB	thumb	PrintPlayersMoney
0x081335DC	0x08133607	thumb	HandleCreateYesNoMenu
0x08133608	0x0813363B	thumb	AddContextMenu
0x0813363C	0x08133663	thumb	RemoveContextMenu
0x08133664	0x081336EB	thumb	CreateDiscSprite
0x081336EC	0x08133707	thumb	SetDiscSpriteAnim
0x08133708	0x08133767	thumb	TintDiscpriteByType
0x08133768	0x081337B9	thumb	SetDiscSpritePosition
0x081337BC	0x081337E7	thumb	SwapDisc
0x081337E8	0x0813387F	thumb	SpriteCB_SwapDisc
0x08133880	0x081338DB	thumb	LoadDiscTypePalettes
0x081338DC	0x08133967	thumb	SpriteCallback_ScrollIndicatorArrow
0x08133968	0x081339F7	thumb	AddScrollIndicatorArrowObject
0x081339F8	0x08133B17	thumb	AddScrollIndicatorArrowPair
0x08133B18	0x08133B7B	thumb	AddScrollIndicatorArrowPairParameterized
0x08133B7C	0x08133C07	thumb	Task_ScrollIndicatorArrowPair
0x08133C08	0x08133C67	thumb	RemoveScrollIndicatorArrowPair
0x08133C68	0x08133C83	thumb	ListMenuAddCursorObjectInternal
0x08133C84	0x08133CA9	thumb	ListMenuUpdateCursorObject
0x08133CAC	0x08133CC9	thumb	ListMenuRemoveCursorObject
0x08133CCC	0x08133CCD	thumb	Task_RedOutlineCursor
0x08133CD0	0x08133D0B	thumb	ListMenuGetRedOutlineCursorSpriteCount
0x08133D0C	0x08133E0F	thumb	ListMenuSetUpRedOutlineCursorSpriteOamTable
0x08133E10	0x08133F7B	thumb	ListMenuAddRedOutlineCursorObject
0x08133F7C	0x08133FBF	thumb	ListMenuUpdateRedOutlineCursorObject
0x08133FC0	0x08134017	thumb	ListMenuRemoveRedOutlineCursorObject
0x08134018	0x08134043	thumb	SpriteCallback_RedArrowCursor
0x08134044	0x08134045	thumb	Task_RedArrowCursor
0x08134048	0x0813414F	thumb	ListMenuAddRedArrowCursorObject
0x08134150	0x08134187	thumb	ListMenuUpdateRedArrowCursorObject
0x08134188	0x081341D7	thumb	ListMenuRemoveRedArrowCursorObject
0x081341D8	0x08134207	thumb	Task_ShowAreaMarkers
0x08134208	0x081343CB	thumb	CreatePokedexAreaMarkers
0x081343CC	0x0813447B	thumb	DestroyPokedexAreaMarkers
0x0813447C	0x081344B7	thumb	GetAreaMarkerSubsprite
0x081344B8	0x081344CF	thumb	GetNumPokedexAreaMarkers
0x081344D0	0x0813470F	thumb	ShowPokemonSummaryScreen
0x08134710	0x08134743	thumb	ShowSelectMovePokemonSummaryScreen
0x08134744	0x08134779	thumb	PageFlipInputIsDisabled
0x0813477C	0x08134817	thumb	IsPageFlipInput
0x08134818	0x08134B83	thumb	Task_InputHandler_Info
0x08134B84	0x08134E59	thumb	Task_PokeSum_FlipPages
0x08134E5C	0x08135177	thumb	Task_FlipPages_FromInfo
0x08135178	0x08135443	thumb	Task_BackOutOfSelectMove
0x08135444	0x0813549B	thumb	PokeSum_SetHpExpBarCoordsFullRight
0x0813549C	0x081354EB	thumb	PokeSum_SetHpExpBarCoordsFullLeft
0x081354EC	0x0813560F	thumb	PokeSum_InitBgCoordsBeforePageFlips
0x08135610	0x081356C1	thumb	PokeSum_HideSpritesBeforePageFlip
0x081356C4	0x08135775	thumb	PokeSum_ShowSpritesBeforePageFlip
0x08135778	0x081358B3	thumb	PokeSum_IsPageFlipFinished
0x081358B4	0x08135A7B	thumb	PokeSum_UpdateBgPriorityForPageFlip
0x08135A7C	0x08135B67	thumb	PokeSum_CopyNewBgTilemapBeforePageFlip_2
0x08135B68	0x08135C0B	thumb	PokeSum_CopyNewBgTilemapBeforePageFlip
0x08135C0C	0x08135EF7	thumb	CB2_SetUpPSS
0x08135EF8	0x08136017	thumb	PokeSum_HandleLoadBgGfx
0x08136018	0x081360AB	thumb	PokeSum_Setup_BufferStrings
0x081360AC	0x08136327	thumb	BufferMonInfo
0x08136328	0x08136787	thumb	BufferMonSkills
0x08136788	0x081367BF	thumb	BufferMonMoves
0x081367C0	0x08136AC3	thumb	BufferMonMoveI
0x08136AC4	0x08136B83	thumb	PokeSum_HandleCreateSprites
0x08136B84	0x08136B99	thumb	PokeSum_Setup_SpritesReset
0x08136B9C	0x08136D2B	thumb	PokeSum_Setup_InitGpu
0x08136D2C	0x08136D7B	thumb	PokeSum_FinishSetup
0x08136D7C	0x08136DC7	thumb	PokeSum_PrintPageName
0x08136DC8	0x08136E27	thumb	PokeSum_PrintControlsString
0x08136E28	0x08136F23	thumb	PrintMonLevelNickOnWindow2
0x08136F24	0x08136F87	thumb	PokeSum_PrintRightPaneText
0x08136F88	0x081370C3	thumb	PrintInfoPage
0x081370C4	0x08137247	thumb	PrintSkillsPage
0x08137248	0x081372BB	thumb	PrintMovesPage
0x081372BC	0x081374BF	thumb	PokeSum_PrintMoveName
0x081374C0	0x0813752B	thumb	PokeSum_PrintBottomPaneText
0x0813752C	0x0813754F	thumb	PokeSum_PrintTrainerMemo
0x08137550	0x081376FB	thumb	PokeSum_PrintTrainerMemo_Mon_HeldByOT
0x081376FC	0x0813791B	thumb	PokeSum_PrintTrainerMemo_Mon_NotHeldByOT
0x0813791C	0x08137947	thumb	PokeSum_PrintTrainerMemo_Mon
0x08137948	0x08137A67	thumb	PokeSum_PrintTrainerMemo_Egg
0x08137A68	0x08137ACF	thumb	PokeSum_PrintExpPoints_NextLv
0x08137AD0	0x08137BA7	thumb	PokeSum_PrintSelectedMoveStats
0x08137BA8	0x08137BEF	thumb	PokeSum_PrintAbilityDataOrMoveTypes
0x08137BF0	0x08137C67	thumb	PokeSum_PrintAbilityNameAndDesc
0x08137C68	0x08137CFF	thumb	PokeSum_DrawMoveTypeIcons
0x08137D00	0x08137DFF	thumb	PokeSum_PrintPageHeaderText
0x08137E00	0x08137E3B	thumb	CommitStaticWindowTilemaps
0x08137E3C	0x08137EBF	thumb	Task_DestroyResourcesOnExit
0x08137EC0	0x08137ED5	thumb	CB2_RunPokemonSummaryScreen
0x08137ED8	0x08137F3F	thumb	PokeSum_FlipPages_SlideHpExpBarsOut
0x08137F40	0x08137FCB	thumb	PokeSum_FlipPages_SlideHpExpBarsIn
0x08137FCC	0x08138031	thumb	PokeSum_FlipPages_SlideLayerLeft
0x08138034	0x081380C7	thumb	PokeSum_FlipPages_SlideLayeRight
0x081380C8	0x0813810B	thumb	PokeSum_FlipPages_HandleBgHofs
0x0813810C	0x08138153	thumb	PokeSum_FlipPages_HandleHpExpBarSprites
0x08138154	0x08138183	thumb	VBlankCB_PokemonSummaryScreen
0x08138184	0x08138195	thumb	PokeSum_Setup_ResetCallbacks
0x08138198	0x081381A7	thumb	PokeSum_Setup_SetVBlankCallback
0x081381A8	0x08138257	thumb	PokeSum_CreateWindows
0x08138258	0x081383EB	thumb	PokeSum_AddWindows
0x081383EC	0x08138417	thumb	PokeSum_RemoveWindows
0x08138418	0x08138451	thumb	PokeSum_SetHelpContext
0x08138454	0x0813850F	thumb	PokeSum_BufferOtName_IsEqualToCurrentOwner
0x08138510	0x08138A0F	thumb	PokeSum_DrawPageProgressTiles
0x08138A10	0x08138AF7	thumb	PokeSum_PrintMonTypeIcons
0x08138AF8	0x08138B03	thumb	GetLastViewedMonIndex
0x08138B04	0x08138B0F	thumb	GetMoveSlotToReplace
0x08138B10	0x08138B23	thumb	SetPokemonSummaryScreenMode
0x08138B24	0x08138B61	thumb	IsMultiBattlePartner
0x08138B64	0x08138BC3	thumb	BufferSelectedMonData
0x08138BC4	0x08138BF9	thumb	GetMonMoveBySlotId
0x08138BFC	0x08138C31	thumb	GetMonPpByMoveSlot
0x08138C34	0x08138CAF	thumb	StatusToAilment
0x08138CB0	0x08139087	thumb	Task_HandleInput_SelectMove
0x08139088	0x081391C3	thumb	SwapMonMoveSlots
0x081391C4	0x081392FF	thumb	SwapBoxMonMoveSlots
0x08139300	0x0813935F	thumb	UpdateCurrentMonBufferFromPartyOrBox
0x08139360	0x081393AB	thumb	PokeSum_CanForgetSelectedMove
0x081393AC	0x0813973F	thumb	Task_InputHandler_SelectOrForgetMove
0x08139740	0x0813983F	thumb	SpriteCB_PokeSum_MonPicSprite
0x08139840	0x0813992F	thumb	SpriteCB_PokeSum_EggPicShake
0x08139930	0x08139931	thumb	SpriteCB_MonPicDummy
0x08139934	0x08139A83	thumb	PokeSum_CreateMonPicSprite
0x08139A84	0x08139C1B	thumb	PokeSum_SetMonPicSpriteCallback
0x08139C1C	0x08139C57	thumb	PokeSum_ShowOrHideMonPicSprite
0x08139C58	0x08139C87	thumb	PokeSum_DestroyMonPicSprite
0x08139C88	0x08139D2B	thumb	CreateBallIconObj
0x08139D2C	0x08139D67	thumb	ShowOrHideBallIconObj
0x08139D68	0x08139D93	thumb	DestroyBallIconObj
0x08139D94	0x08139EBB	thumb	PokeSum_CreateMonIconSprite
0x08139EBC	0x08139EF7	thumb	PokeSum_ShowOrHideMonIconSprite
0x08139EF8	0x08139F3B	thumb	PokeSum_DestroyMonIconSprite
0x08139F3C	0x0813A0BF	thumb	CreateMoveSelectionCursorObjs
0x0813A0C0	0x0813A0FB	thumb	ShoworHideMoveSelectionCursor
0x0813A0FC	0x0813A1F1	thumb	SpriteCB_MoveSelectionCursor
0x0813A1F4	0x0813A22B	thumb	DestroyMoveSelectionCursorObjs
0x0813A22C	0x0813A30B	thumb	CreateMonStatusIconObj
0x0813A30C	0x0813A333	thumb	DestroyMonStatusIconObj
0x0813A334	0x0813A38F	thumb	UpdateMonStatusIconObj
0x0813A390	0x0813A433	thumb	ShowOrHideStatusIcon
0x0813A434	0x0813A5F7	thumb	CreateHpBarObjs
0x0813A5F8	0x0813A7D7	thumb	UpdateHpBarObjs
0x0813A7D8	0x0813A80F	thumb	DestroyHpBarObjs
0x0813A810	0x0813A84B	thumb	ShowOrHideHpBarObjs
0x0813A84C	0x0813A96B	thumb	CreateExpBarObjs
0x0813A96C	0x0813AB0F	thumb	UpdateExpBarObjs
0x0813AB10	0x0813AB47	thumb	DestroyExpBarObjs
0x0813AB48	0x0813AB83	thumb	ShowOrHideExpBarObjs
0x0813AB84	0x0813AC63	thumb	CreatePokerusIconObj
0x0813AC64	0x0813AC8B	thumb	DestroyPokerusIconObj
0x0813AC8C	0x0813ACCF	thumb	ShowPokerusIconObjIfHasOrHadPokerus
0x0813ACD0	0x0813AD7F	thumb	HideShowPokerusIcon
0x0813AD80	0x0813AE5F	thumb	CreateShinyStarObj
0x0813AE60	0x0813AE87	thumb	DestroyShinyStarObj
0x0813AE88	0x0813AF27	thumb	HideShowShinyStar
0x0813AF28	0x0813AF67	thumb	ShowShinyStarObjIfMonShiny
0x0813AF68	0x0813AF99	thumb	PokeSum_DestroySprites
0x0813AF9C	0x0813AFD1	thumb	PokeSum_CreateSprites
0x0813AFD4	0x0813B03F	thumb	PokeSum_CreateMonMarkingsSprite
0x0813B040	0x0813B05B	thumb	PokeSum_DestroyMonMarkingsSprite
0x0813B05C	0x0813B0BB	thumb	PokeSum_ShowOrHideMonMarkingsSprite
0x0813B0BC	0x0813B0F7	thumb	PokeSum_UpdateMonMarkingsAnim
0x0813B0F8	0x0813B1E3	thumb	PokeSum_SeekToNextMon
0x0813B1E4	0x0813B29D	thumb	SeekToNextMonInSingleParty
0x0813B2A0	0x0813B2DB	thumb	PokeSum_CanSeekToMon
0x0813B2DC	0x0813B31D	thumb	SeekToMonInMultiParty_SeekForward
0x0813B320	0x0813B361	thumb	SeekToMonInMultiParty_SeekBack
0x0813B364	0x0813B3C7	thumb	SeekToNextMonInMultiParty
0x0813B3C8	0x0813B725	thumb	Task_PokeSum_SwitchDisplayedPokemon
0x0813B728	0x0813B75B	thumb	PokeSum_UpdateWin1ActiveFlag
0x0813B75C	0x0813B7B7	thumb	PokeSum_TryPlayMonCry
0x0813B7B8	0x0813B7CF	thumb	PokeSum_IsMonBoldOrGentle
0x0813B7D0	0x0813B80D	thumb	CurrentMonIsFromGBA
0x0813B810	0x0813B829	thumb	MapSecIsInKantoOrSevii
0x0813B82C	0x0813B847	thumb	ShowPokemonSummaryScreen_NullParty
0x0813B848	0x0813BB0F	thumb	RunHelpSystemCallback
0x0813BB10	0x0813BB4B	thumb	SaveCallbacks
0x0813BB4C	0x0813BB83	thumb	SaveMapGPURegs
0x0813BB84	0x0813BB9F	thumb	SaveMapTiles
0x0813BBA0	0x0813BBB3	thumb	SaveMapTextColors
0x0813BBB4	0x0813BBCB	thumb	RestoreCallbacks
0x0813BBCC	0x0813BC03	thumb	RestoreGPURegs
0x0813BC04	0x0813BC1F	thumb	RestoreMapTiles
0x0813BC20	0x0813BC33	thumb	RestoreMapTextColors
0x0813BC34	0x0813BC4F	thumb	CommitTilemap
0x0813BC50	0x0813BCCB	thumb	HS_DrawBgTilemapRect
0x0813BCCC	0x0813BCEB	thumb	HS_BufferFillMapWithTile1FF
0x0813BCEC	0x0813BD31	thumb	HS_ShowOrHideWordHELPinTopLeft
0x0813BD34	0x0813BD79	thumb	HS_ShowOrHideControlsGuideInTopRight
0x0813BD7C	0x0813BDBF	thumb	HS_ShowOrHideMainWindowText
0x0813BDC0	0x0813BE07	thumb	HS_SetMainWindowBgBrightness
0x0813BE08	0x0813BE4D	thumb	HS_ShowOrHideToplevelTooltipWindow
0x0813BE50	0x0813BEBB	thumb	HS_ShowOrHideHeaderAndFooterLines_Lighter
0x0813BEBC	0x0813BF27	thumb	HS_ShowOrHideHeaderAndFooterLines_Darker
0x0813BF28	0x0813BF97	thumb	HS_ShowOrHideVerticalBlackBarsAlongSides
0x0813BF98	0x0813BFD9	thumb	HS_ShowOrHideHeaderLine_Darker_FooterStyle
0x0813BFDC	0x0813C04F	thumb	HS_ShowOrHideScrollArrows
0x0813C050	0x0813C383	thumb	HelpSystemRenderText
0x0813C384	0x0813C42B	thumb	DecompressAndRenderGlyph
0x0813C42C	0x0813C45F	thumb	HelpSystem_PrintTextInTopLeftCorner
0x0813C460	0x0813C4A3	thumb	HelpSystem_PrintTextRightAlign_Row52
0x0813C4A4	0x0813C4E3	thumb	HelpSystem_PrintTextAt
0x0813C4E4	0x0813C55B	thumb	HelpSystem_PrintQuestionAndAnswerPair
0x0813C55C	0x0813C5AB	thumb	HelpSystem_PrintTopicMouseoverDescription
0x0813C5AC	0x0813C5D3	thumb	HelpSystem_FillPanel3
0x0813C5D4	0x0813C5FB	thumb	HelpSystem_FillPanel2
0x0813C5FC	0x0813C623	thumb	HelpSystem_FillPanel1
0x0813C624	0x0813C65B	thumb	HelpSystem_InitListMenuController
0x0813C65C	0x0813C667	thumb	HelpSystem_SetInputDelay
0x0813C668	0x0813C731	thumb	HelpSystem_GetMenuInput
0x0813C734	0x0813C7A1	thumb	HS_UpdateMenuScrollArrows
0x0813C7A4	0x0813C7FF	thumb	PrintListMenuItems
0x0813C800	0x0813C837	thumb	PlaceListMenuCursor
0x0813C838	0x0813C873	thumb	HS_RemoveSelectionCursorAt
0x0813C874	0x0813C91B	thumb	TryMoveCursor1
0x0813C91C	0x0813C9B3	thumb	MoveCursor
0x0813C9B4	0x0813CB0B	thumb	GetSpeciesPokedexAreaMarkers
0x0813CB0C	0x0813CB33	thumb	GetRoamerIndex
0x0813CB34	0x0813CBA5	thumb	GetRoamerPokedexAreaMarkers
0x0813CBA8	0x0813CBEF	thumb	IsSpeciesOnMap
0x0813CBF0	0x0813CC19	thumb	IsSpeciesInEncounterTable
0x0813CC1C	0x0813CC2D	thumb	GetMapSecIdFromWildMonHeader
0x0813CC30	0x0813CC65	thumb	FindDexAreaByMapSec
0x0813CC68	0x0813CC83	thumb	DynamicPlaceholderTextUtil_Reset
0x0813CC84	0x0813CC9F	thumb	DynamicPlaceholderTextUtil_SetPlaceholderPtr
0x0813CCA0	0x0813CCEB	thumb	DynamicPlaceholderTextUtil_ExpandPlaceholders
0x0813CCEC	0x0813CCFB	thumb	DynamicPlaceholderTextUtil_GetPlaceholderPtr
0x0813CCFC	0x0813CD25	thumb	GetColorFromTextColorTable
0x0813CD28	0x0813CDD7	thumb	InitBerryPouch
0x0813CDD8	0x0813CDF1	thumb	CB2_BerryPouchIdle
0x0813CDF4	0x0813CE05	thumb	VBlankCB_BerryPouchIdle
0x0813CE08	0x0813CE31	thumb	CB2_InitBerryPouch
0x0813CE34	0x0813CFE1	thumb	RunBerryPouchInit
0x0813CFE4	0x0813D01F	thumb	AbortBerryPouchLoading
0x0813D020	0x0813D053	thumb	Task_AbortBerryPouchLoading_WaitFade
0x0813D054	0x0813D0BB	thumb	BerryPouchInitBgs
0x0813D0BC	0x0813D195	thumb	BerryPouchLoadGfx
0x0813D198	0x0813D1DB	thumb	AllocateListMenuBuffers
0x0813D1DC	0x0813D2F3	thumb	SetUpListMenuTemplate
0x0813D2F4	0x0813D373	thumb	GetBerryNameAndIndexForMenu
0x0813D374	0x0813D397	thumb	CopySelectedListMenuItemName
0x0813D398	0x0813D407	thumb	BerryPouchMoveCursorFunc
0x0813D408	0x0813D487	thumb	BerryPouchItemPrintFunc
0x0813D488	0x0813D4A7	thumb	BerryPouchSetArrowCursorFromListMenu
0x0813D4A8	0x0813D50F	thumb	BerryPouchSetArrowCursorAt
0x0813D510	0x0813D56B	thumb	PrintSelectedBerryDescription
0x0813D56C	0x0813D593	thumb	SetDescriptionWindowBorderPalette
0x0813D594	0x0813D5EB	thumb	CreateScrollIndicatorArrows_BerryPouchList
0x0813D5EC	0x0813D623	thumb	CreateScrollIndicatorArrows_TossQuantity
0x0813D624	0x0813D65B	thumb	CreateScrollIndicatorArrows_SellQuantity
0x0813D65C	0x0813D67B	thumb	DestroyScrollIndicatorArrows
0x0813D67C	0x0813D6BB	thumb	PrintBerryPouchHeaderCentered
0x0813D6BC	0x0813D6CB	thumb	BerryPouch_CursorResetToTop
0x0813D6CC	0x0813D729	thumb	SanitizeListMenuSelectionParams
0x0813D72C	0x0813D7A3	thumb	UpdateListMenuScrollOffset
0x0813D7A4	0x0813D7DF	thumb	BerryPouch_DestroyResources
0x0813D7E0	0x0813D81B	thumb	BerryPouch_StartFadeToExitCallback
0x0813D81C	0x0813D881	thumb	Task_BerryPouchFadeToExitCallback
0x0813D884	0x0813D909	thumb	SortAndCountBerries
0x0813D90C	0x0813D917	thumb	BerryPouch_SetExitCallback
0x0813D918	0x0813D9CF	thumb	InitTossQuantitySelectUI
0x0813D9D0	0x0813DA3F	thumb	PrintxQuantityOnWindow
0x0813DA40	0x0813DB8B	thumb	Task_BerryPouchMain
0x0813DB8C	0x0813DBBB	thumb	Task_CleanUpAndReturnToMain
0x0813DBBC	0x0813DD4B	thumb	CreateNormalContextMenu
0x0813DD4C	0x0813DD77	thumb	Task_NormalContextMenu
0x0813DD78	0x0813DDE3	thumb	Task_NormalContextMenu_HandleInput
0x0813DDE4	0x0813DE93	thumb	Task_BerryPouch_Use
0x0813DE94	0x0813DF2B	thumb	Task_BerryPouch_Toss
0x0813DF2C	0x0813DF9F	thumb	Task_AskTossMultiple
0x0813DFA0	0x0813DFE7	thumb	Task_TossNo
0x0813DFE8	0x0813E0B1	thumb	Task_Toss_SelectMultiple
0x0813E0B4	0x0813E13B	thumb	Task_TossYes
0x0813E13C	0x0813E1D7	thumb	Task_WaitButtonThenTossBerries
0x0813E1D8	0x0813E24B	thumb	Task_BerryPouch_Give
0x0813E24C	0x0813E267	thumb	Task_Give_PrintThereIsNoPokemon
0x0813E268	0x0813E28F	thumb	Task_WaitButtonBeforeDialogueWindowDestruction
0x0813E290	0x0813E2F7	thumb	Task_BerryPouch_DestroyDialogueWindowAndRefreshListMenu
0x0813E2F8	0x0813E353	thumb	Task_BerryPouch_Exit
0x0813E354	0x0813E3D3	thumb	Task_ContextMenu_FromPartyGiveMenu
0x0813E3D4	0x0813E3FF	thumb	Task_ContextMenu_FromPokemonPC
0x0813E400	0x0813E4BB	thumb	Task_ContextMenu_Sell
0x0813E4BC	0x0813E52B	thumb	Task_AskSellMultiple
0x0813E52C	0x0813E53F	thumb	Task_SellMultiple_CreateYesNoMenu
0x0813E540	0x0813E58F	thumb	Task_SellNo
0x0813E590	0x0813E63F	thumb	Task_Sell_PrintSelectMultipleUI
0x0813E640	0x0813E665	thumb	SellMultiple_UpdateSellPriceDisplay
0x0813E668	0x0813E73F	thumb	Task_Sell_SelectMultiple
0x0813E740	0x0813E7C7	thumb	Task_SellYes
0x0813E7C8	0x0813E8AB	thumb	Task_SellBerries_PlaySfxAndRemoveBerries
0x0813E8AC	0x0813E8E7	thumb	Task_SellBerries_WaitButton
0x0813E8E8	0x0813E977	thumb	BerryPouchInitWindows
0x0813E978	0x0813E9DF	thumb	BerryPouchPrint
0x0813E9E0	0x0813EA4F	thumb	GetOrCreateVariableWindow
0x0813EA50	0x0813EA6F	thumb	VariableWindowSetAltFrameTileAndPalette
0x0813EA70	0x0813EAA3	thumb	DestroyVariableWindow
0x0813EAA4	0x0813EAE7	thumb	TryDestroyVariableWindow
0x0813EAE8	0x0813EAF7	thumb	GetVariableWindowId
0x0813EAF8	0x0813EB53	thumb	DisplayItemMessageInBerryPouch
0x0813EB54	0x0813EB7F	thumb	CreateYesNoMenuWin3
0x0813EB80	0x0813EBAB	thumb	CreateYesNoMenuWin4
0x0813EBAC	0x0813EBDF	thumb	PrintMoneyInWin2
0x0813EBE0	0x0813EBFF	thumb	CreateBerryPouchSprite
0x0813EC00	0x0813EC3B	thumb	StartBerryPouchSpriteWobbleAnim
0x0813EC3C	0x0813EC63	thumb	SpriteCB_BerryPouchWaitWobbleAnim
0x0813EC64	0x0813ECEF	thumb	ItemUseOnFieldCB_Itemfinder
0x0813ECF0	0x0813ED13	thumb	Task_NoResponse_CleanUp
0x0813ED14	0x0813ED85	thumb	Task_ItemfinderResponseSoundsAndAnims
0x0813ED88	0x0813EDEB	thumb	Task_ItemfinderUnderfootSoundsAndAnims
0x0813EDEC	0x0813EF17	thumb	HiddenItemIsWithinRangeOfPlayer
0x0813EF18	0x0813EF73	thumb	SetUnderfootHiddenItem
0x0813EF74	0x0813EFD9	thumb	SetNormalHiddenItem
0x0813EFDC	0x0813F045	thumb	HiddenItemAtPos
0x0813F048	0x0813F0DF	thumb	HiddenItemInConnectedMapAtPos
0x0813F0E0	0x0813F1F7	thumb	FindHiddenItemsInConnectedMaps
0x0813F1F8	0x0813F2C5	thumb	RegisterHiddenItemRelativeCoordsIfCloser
0x0813F2C8	0x0813F33B	thumb	GetPlayerDirectionTowardsHiddenItem
0x0813F33C	0x0813F357	thumb	Task_ItemfinderResponsePrintMessage
0x0813F358	0x0813F37F	thumb	Task_ItemfinderResponseCleanUp
0x0813F380	0x0813F39B	thumb	Task_ItemfinderUnderfootPrintMessage
0x0813F39C	0x0813F3C3	thumb	Task_ItemfinderUnderfootDigUpItem
0x0813F3C4	0x0813F3D3	thumb	LoadArrowAndStarTiles
0x0813F3D4	0x0813F3E1	thumb	DestroyArrowAndStarTiles
0x0813F3E4	0x0813F523	thumb	CreateArrowSprite
0x0813F524	0x0813F56F	thumb	SpriteCallback_Arrow
0x0813F570	0x0813F583	thumb	SpriteCallback_DestroyArrow
0x0813F584	0x0813F5EB	thumb	CreateStarSprite
0x0813F5EC	0x0813F637	thumb	SpriteCallback_Star
0x0813F638	0x0813F641	thumb	SpriteCallback_DestroyStar
0x0813F644	0x0813F6A7	thumb	BuyMenuInitWindows
0x0813F6A8	0x0813F6CB	thumb	BuyMenuDrawMoneyBox
0x0813F6CC	0x0813F733	thumb	BuyMenuPrint
0x0813F734	0x0813F77F	thumb	BuyMenuDisplayMessage
0x0813F780	0x0813F795	thumb	BuyMenuQuantityBoxNormalBorder
0x0813F798	0x0813F7AD	thumb	BuyMenuQuantityBoxThinBorder
0x0813F7B0	0x0813F7DB	thumb	BuyMenuConfirmPurchase
0x0813F7DC	0x0813F823	thumb	PlaySlotMachine
0x0813F824	0x0813F86F	thumb	InitSlotMachineState
0x0813F870	0x0813F903	thumb	CB2_InitSlotMachine
0x0813F904	0x0813F923	thumb	CleanSupSlotMachineState
0x0813F924	0x0813F939	thumb	CB2_RunSlotMachine
0x0813F93C	0x0813FB95	thumb	MainTask_SlotsGameLoop
0x0813FB98	0x0813FC03	thumb	MainTask_NoCoinsGameOver
0x0813FC04	0x0813FC83	thumb	MainTask_ShowHelp
0x0813FC84	0x0813FD5B	thumb	MainTask_ConfirmExitGame
0x0813FD5C	0x0813FDF3	thumb	MainTask_DarnNoPayout
0x0813FDF4	0x0813FFAF	thumb	MainTask_WinHandlePayout
0x0813FFB0	0x08140007	thumb	MainTask_ExitSlots
0x08140008	0x08140037	thumb	SetMainTask
0x08140038	0x0814011F	thumb	Task_SpinReels
0x08140120	0x08140143	thumb	StartReels
0x08140144	0x08140177	thumb	StopCurrentReel
0x08140178	0x0814018B	thumb	IsReelSpinning
0x0814018C	0x081401C7	thumb	GetNextReelPosition
0x081401C8	0x08140393	thumb	StopReel1
0x08140394	0x0814048F	thumb	StopReel2
0x08140490	0x08140521	thumb	StopReel3
0x08140524	0x081406BF	thumb	TwoReelBiasCheck
0x081406C0	0x081408CB	thumb	OneReelBiasCheck
0x081408CC	0x08140943	thumb	TestReelIconAttribute
0x08140944	0x08140989	thumb	ReelIconToPayoutRank
0x0814098C	0x08140A47	thumb	CalcSlotBias
0x08140A48	0x08140A57	thumb	ResetMachineBias
0x08140A58	0x08140BB3	thumb	CalcPayout
0x08140BB4	0x08140BC3	thumb	GetPayout
0x08140BC4	0x08140BCF	thumb	GetPlayerBet
0x08140BD0	0x08140BE3	thumb	GetWinFlagByLine
0x08140BE4	0x08140C27	thumb	LoadSpriteGraphicsAndAllocateManager
0x08140C28	0x08140C43	thumb	DestroyGfxManager
0x08140C44	0x08140C77	thumb	InitGfxManager
0x08140C78	0x08140D53	thumb	CreateReelIconSprites
0x08140D54	0x08140E17	thumb	UpdateReelIconSprites
0x08140E18	0x08140E73	thumb	HBlankCB_SlotMachine
0x08140E74	0x08140F03	thumb	CreateScoreDigitSprites
0x08140F04	0x08140F9B	thumb	UpdateCoinsDisplay
0x08140F9C	0x08140FF7	thumb	CreateClefairySprites
0x08140FF8	0x08141023	thumb	SetClefairySpriteAnim
0x08141024	0x0814106B	thumb	CreateSlotMachine
0x0814106C	0x081410A3	thumb	DestroySlotMachine
0x081410A4	0x081410EF	thumb	Task_SlotMachine
0x081410F0	0x08141101	thumb	VBlankCB_SlotMachine
0x08141104	0x0814111F	thumb	GetSlotMachineSetupTaskDataPtr
0x08141120	0x08141157	thumb	SetSlotMachineSetupTask
0x08141158	0x0814116F	thumb	IsSlotMachineSetupTaskActive
0x08141170	0x08141435	thumb	SlotsTask_GraphicsInit
0x08141438	0x08141481	thumb	SlotsTask_FadeOut
0x08141484	0x081414C1	thumb	SlotsTask_UpdateLineStates
0x081414C4	0x081414D1	thumb	SlotsTask_ClefairyUpdateOnReelsStart
0x081414D4	0x081414EF	thumb	SlotsTask_StartClefairyDanceAndWinningLineFlash
0x081414F0	0x0814152F	thumb	SlotsTask_StopWinningLineFlashTask
0x08141530	0x0814153D	thumb	SlotsTask_ClefairyFainted
0x08141540	0x0814154D	thumb	SlotsTask_ClefairyNeutral
0x08141550	0x0814155B	thumb	SlotsTask_UpdateCoinsDisplay
0x0814155C	0x0814159D	thumb	SlotsTask_MessageOutOfCoins
0x081415A0	0x081415E5	thumb	SlotsTask_AskQuitPlaying
0x081415E8	0x08141625	thumb	SlotsTask_DestroyYesNoMenu
0x08141628	0x08141665	thumb	SlotsTask_PressReelButton
0x08141668	0x0814169F	thumb	SlotsTask_ReleaseReelButtons
0x081416A0	0x08141739	thumb	SlotsTask_ShowHelp
0x0814173C	0x081417BB	thumb	SlotsTask_HideHelp
0x081417BC	0x081417FD	thumb	Slot_PrintOnWindow0
0x08141800	0x0814180B	thumb	Slot_ClearWindow0
0x0814180C	0x0814189B	thumb	SetLineStatesByBet
0x0814189C	0x081418F3	thumb	SetLineState
0x081418F4	0x08141A85	thumb	Task_FlashWinningLine
0x08141A88	0x08141AAF	thumb	SignalStopWinningLineFlashTask
0x08141AB0	0x08141AEF	thumb	Slot_CreateYesNoMenu
0x08141AF0	0x08141B0B	thumb	Slot_DestroyYesNoMenu
0x08141B0C	0x08141B77	thumb	InitReelButtonTileMem
0x08141B78	0x08141BBB	thumb	SetReelButtonPressed
0x08141BBC	0x08141C07	thumb	ReleaseReelButtons
0x08141C08	0x08141C2B	thumb	PressReelButton
0x08141C2C	0x08141C6B	thumb	ClearRoamerData
0x08141C6C	0x08141D73	thumb	CreateInitialRoamerMon
0x08141D74	0x08141D81	thumb	InitRoamer
0x08141D84	0x08141DAB	thumb	UpdateLocationHistoryForRoamer
0x08141DAC	0x08141DFF	thumb	RoamerMoveToOtherLocationSet
0x08141E00	0x08141E8F	thumb	RoamerMove
0x08141E90	0x08141ECD	thumb	IsRoamerAt
0x08141ED0	0x08141F83	thumb	CreateRoamerMonInstance
0x08141F84	0x08141FBD	thumb	TryStartRoamerEncounter
0x08141FC0	0x08141FF3	thumb	UpdateRoamerHPStatus
0x08141FF4	0x0814200B	thumb	SetRoamerInactive
0x0814200C	0x0814201B	thumb	GetRoamerLocation
0x0814201C	0x0814204D	thumb	GetRoamerLocationMapSectionId
0x08142050	0x08142061	thumb	VBlankCB_MysteryGiftEReader
0x08142064	0x08142079	thumb	CB2_MysteryGiftEReader
0x0814207C	0x08142281	thumb	HandleMysteryGiftOrEReaderSetup
0x08142284	0x081422AB	thumb	CB2_InitMysteryGift
0x081422AC	0x081422D3	thumb	CB2_InitEReader
0x081422D4	0x0814231B	thumb	MainCB_FreeAllBuffersAndReturnToInitTitleScreen
0x0814231C	0x081423E3	thumb	PrintMysteryGiftOrEReaderTopMenu
0x081423E4	0x081423F5	thumb	MG_DrawTextBorder
0x081423F8	0x0814248F	thumb	MG_DrawCheckerboardPattern
0x08142490	0x081424D9	thumb	ClearScreenInBg0
0x081424DC	0x08142537	thumb	AddTextPrinterToWindow1
0x08142538	0x08142551	thumb	ClearTextWindow
0x08142554	0x081425E5	thumb	PrintMysteryGiftMenuMessage
0x081425E8	0x0814260F	thumb	HideDownArrow
0x08142610	0x08142637	thumb	ShowDownArrow
0x08142638	0x08142677	thumb	HideDownArrowAndWaitButton
0x08142678	0x081426A9	thumb	PrintStringAndWait2Seconds
0x081426AC	0x08142777	thumb	MysteryGift_HandleThreeOptionMenu
0x08142778	0x081428C9	thumb	DoMysteryGiftYesNo
0x081428CC	0x08142A1B	thumb	HandleMysteryGiftListMenu
0x08142A1C	0x08142A2F	thumb	ValidateCardOrNews
0x08142A30	0x08142A8B	thumb	HandleLoadWonderCardOrNews
0x08142A8C	0x08142AA1	thumb	ClearSavedNewsOrCard
0x08142AA4	0x08142AD1	thumb	ExitWonderCardOrNews
0x08142AD4	0x08142AF7	thumb	AskDiscardGift
0x08142AF8	0x08142B17	thumb	PrintThrownAway
0x08142B18	0x08142B8F	thumb	SaveOnMysteryGiftMenu
0x08142B90	0x08142CBF	thumb	GetClientResultMessage
0x08142CC0	0x08142D25	thumb	PrintSuccessMessage
0x08142D28	0x08142DF7	thumb	GetServerResultMessage
0x08142DF8	0x08142E2D	thumb	PrintServerResultMessage
0x08142E30	0x08142E77	thumb	CreateMysteryGiftTask
0x08142E78	0x081435AB	thumb	Task_MysteryGift
0x081435AC	0x081435B3	thumb	GetMysteryGiftBaseBlock
0x081435B4	0x0814361B	thumb	EReader_Load
0x0814361C	0x0814364B	thumb	EReader_Reset
0x0814364C	0x08143693	thumb	EReader_Transfer
0x08143694	0x081436C3	thumb	OpenEReaderLink
0x081436C4	0x08143723	thumb	ValidateEReaderConnection
0x08143724	0x08143745	thumb	IsEReaderConnectionSane
0x08143748	0x08143877	thumb	TryReceiveCard
0x08143878	0x081438BF	thumb	CreateEReaderTask
0x081438C0	0x081438C5	thumb	ResetTimer
0x081438C8	0x081438E7	thumb	UpdateTimer
0x081438E8	0x08143CFB	thumb	Task_EReader
0x08143CFC	0x08143D2F	thumb	ClearMysteryGift
0x08143D30	0x08143D43	thumb	GetSavedWonderNews
0x08143D44	0x08143D57	thumb	GetSavedWonderCard
0x08143D58	0x08143D6B	thumb	GetSavedWonderCardMetadata
0x08143D6C	0x08143D7F	thumb	GetSavedWonderNewsMetadata
0x08143D80	0x08143D93	thumb	GetQuestionnaireWordsPtr
0x08143D94	0x08143D9D	thumb	ClearSavedWonderNewsAndRelated
0x08143DA0	0x08143DF3	thumb	SaveWonderNews
0x08143DF4	0x08143E3B	thumb	ValidateSavedWonderNews
0x08143E3C	0x08143E4D	thumb	ValidateWonderNews
0x08143E50	0x08143E71	thumb	IsSendingSavedWonderNewsAllowed
0x08143E74	0x08143EA7	thumb	ClearSavedWonderNews
0x08143EA8	0x08143ECB	thumb	ClearSavedWonderNewsMetadata
0x08143ECC	0x08143F0F	thumb	IsWonderNewsSameAsSaved
0x08143F10	0x08143F3F	thumb	ClearSavedWonderCardAndRelated
0x08143F40	0x08143F9F	thumb	SaveWonderCard
0x08143FA0	0x08143FEF	thumb	ValidateSavedWonderCard
0x08143FF0	0x0814402B	thumb	ValidateWonderCard
0x0814402C	0x08144051	thumb	IsSendingSavedWonderCardAllowed
0x08144054	0x0814408B	thumb	ClearSavedWonderCard
0x0814408C	0x081440BF	thumb	ClearSavedWonderCardMetadata
0x081440C0	0x081440E3	thumb	GetWonderCardFlagId
0x081440E4	0x081440FB	thumb	DisableWonderCardSending
0x081440FC	0x08144119	thumb	IsWonderCardFlagIDInValidRange
0x0814411C	0x0814415B	thumb	IsSavedWonderCardGiftNotReceived
0x0814415C	0x08144183	thumb	GetNumStampsInMetadata
0x08144184	0x081441C5	thumb	IsStampInMetadata
0x081441C8	0x081441ED	thumb	ValidateStamp
0x081441F0	0x08144229	thumb	GetNumStampsInSavedCard
0x0814422C	0x081442A3	thumb	MysteryGift_TrySaveStamp
0x081442A4	0x081443AF	thumb	MysteryGift_LoadLinkGameData
0x081443B0	0x081443F1	thumb	MysteryGift_ValidateLinkGameData
0x081443F4	0x0814440F	thumb	MysteryGift_CompareCardFlags
0x08144410	0x0814444F	thumb	MysteryGift_CheckStamps
0x08144450	0x08144475	thumb	MysteryGift_DoesQuestionnaireMatch
0x08144478	0x0814448B	thumb	GetNumStampsInLinkData
0x0814448C	0x081444F7	thumb	MysteryGift_GetCardStatFromLinkData
0x081444F8	0x0814459B	thumb	IncrementCardStat
0x0814459C	0x0814469F	thumb	MysteryGift_GetCardStat
0x081446A0	0x081446AB	thumb	MysteryGift_DisableStats
0x081446AC	0x081446EF	thumb	MysteryGift_TryEnableStatsByFlagId
0x081446F0	0x0814476B	thumb	MysteryGift_TryIncrementStat
0x0814476C	0x08144797	thumb	ClearSavedTrainerIds
0x08144798	0x081447FD	thumb	RecordTrainerId
0x08144800	0x0814481D	thumb	IncrementCardStatForNewTrainer
0x08144820	0x0814482B	thumb	MysteryGiftLink_Recv
0x0814482C	0x08144837	thumb	MysteryGiftLink_Send
0x08144838	0x08144863	thumb	MysteryGiftLink_Init
0x08144864	0x08144887	thumb	MysteryGiftLink_InitSend
0x08144888	0x08144897	thumb	MysteryGiftLink_InitRecv
0x08144898	0x081448B3	thumb	MGL_ReceiveBlock
0x081448B4	0x081448D5	thumb	MGL_HasReceived
0x081448D8	0x081448E5	thumb	MGL_ResetReceived
0x081448E8	0x081449BB	thumb	MGL_Receive
0x081449BC	0x08144AC7	thumb	MGL_Send
0x08144AC8	0x08144AE7	thumb	MysteryGiftClient_Create
0x08144AE8	0x08144B21	thumb	MysteryGiftClient_Run
0x08144B24	0x08144B33	thumb	MysteryGiftClient_AdvanceState
0x08144B34	0x08144B3F	thumb	MysteryGiftClient_GetMsg
0x08144B40	0x08144B4B	thumb	MysteryGiftClient_SetParam
0x08144B4C	0x08144B99	thumb	MysteryGiftClient_Init
0x08144B9C	0x08144BBD	thumb	MysteryGiftClient_Free
0x08144BC0	0x08144BD9	thumb	MysteryGiftClient_CopyRecvScript
0x08144BDC	0x08144C0F	thumb	MysteryGiftClient_InitSendWord
0x08144C10	0x08144C37	thumb	Client_Init
0x08144C38	0x08144C3B	thumb	Client_Done
0x08144C3C	0x08144C59	thumb	Client_Recv
0x08144C5C	0x08144C79	thumb	Client_Send
0x08144C7C	0x08144E47	thumb	Client_Run
0x08144E48	0x08144E5F	thumb	Client_Wait
0x08144E60	0x08144E97	thumb	Client_RunMysteryEventScript
0x08144E98	0x08144ECB	thumb	Client_RunBufferScript
0x08144ECC	0x08144EF7	thumb	MysteryGiftClient_CallFunc
0x08144EF8	0x08144F1B	thumb	MysterGiftServer_CreateForNews
0x08144F1C	0x08144F3F	thumb	MysterGiftServer_CreateForCard
0x08144F40	0x08144F79	thumb	MysterGiftServer_Run
0x08144F7C	0x08144FD3	thumb	MysteryGiftServer_Init
0x08144FD4	0x08144FF5	thumb	MysteryGiftServer_Free
0x08144FF8	0x08145037	thumb	MysteryGiftServer_InitSend
0x08145038	0x08145043	thumb	MysteryGiftServer_GetSendData
0x08145044	0x0814505B	thumb	MysteryGiftServer_Compare
0x0814505C	0x08145063	thumb	Server_Init
0x08145064	0x08145067	thumb	Server_Done
0x08145068	0x08145081	thumb	Server_Recv
0x08145084	0x0814509D	thumb	Server_Send
0x081450A0	0x081455DB	thumb	Server_Run
0x081455DC	0x0814562F	thumb	MysteryGiftServer_CallFunc
0x08145630	0x081456CB	thumb	WonderCard_Init
0x081456CC	0x081456F7	thumb	WonderCard_Destroy
0x081456F8	0x08145917	thumb	WonderCard_Enter
0x08145918	0x08145A73	thumb	WonderCard_Exit
0x08145A74	0x08145CF3	thumb	BufferCardText
0x08145CF4	0x0814603B	thumb	DrawCardWindow
0x0814603C	0x081461B3	thumb	CreateCardSprites
0x081461B4	0x08146263	thumb	DestroyCardSprites
0x08146264	0x081462C7	thumb	WonderNews_Init
0x081462C8	0x081462F3	thumb	WonderNews_Destroy
0x081462F4	0x081465DF	thumb	WonderNews_Enter
0x081465E0	0x081467C7	thumb	WonderNews_Exit
0x081467C8	0x0814680F	thumb	WonderNews_RemoveScrollIndicatorArrowPair
0x08146810	0x0814685F	thumb	WonderNews_AddScrollIndicatorArrowPair
0x08146860	0x0814695B	thumb	WonderNews_GetInput
0x0814695C	0x08146A0B	thumb	BufferNewsText
0x08146A0C	0x08146B33	thumb	DrawNewsWindows
0x08146B34	0x08146C0B	thumb	UpdateNewsScroll
0x08146C0C	0x08146C61	thumb	WonderNews_SetReward
0x08146C64	0x08146C7F	thumb	WonderNews_Reset
0x08146C80	0x08146CC3	thumb	WonderNews_IncrementStepCounter
0x08146CC4	0x08146D4F	thumb	WonderNews_GetRewardInfo
0x08146D50	0x08146D6F	thumb	GetRewardItem
0x08146D70	0x08146D7B	thumb	ResetSentRewardCounter
0x08146D7C	0x08146DB3	thumb	IncrementSentRewardCounter
0x08146DB4	0x08146DE5	thumb	IncrementRewardCounter
0x08146DE8	0x08146E53	thumb	GetRewardType
0x08146E54	0x08146E6F	thumb	DoSeagallopFerryScene
0x08146E70	0x08147033	thumb	CB2_SetUpSeagallopScene
0x08147034	0x08147045	thumb	VBlankCB_SeaGallop
0x08147048	0x0814705D	thumb	MainCB2_SeaGallop
0x08147060	0x0814707B	thumb	Task_Seagallop_0
0x0814707C	0x081470A7	thumb	ScrollBG
0x081470A8	0x081470E3	thumb	Task_Seagallop_1
0x081470E4	0x0814711B	thumb	Task_Seagallop_2
0x0814711C	0x0814719F	thumb	Task_Seagallop_3
0x081471A0	0x081472D7	thumb	ResetGPU
0x081472D8	0x081472F5	thumb	ResetAllAssets
0x081472F8	0x08147307	thumb	SetDispcnt
0x08147308	0x0814735D	thumb	ResetBGPos
0x08147360	0x0814737B	thumb	LoadFerrySpriteResources
0x0814737C	0x0814739F	thumb	FreeFerrySpriteResources
0x081473A0	0x081473F1	thumb	CreateFerrySprite
0x081473F4	0x08147447	thumb	SpriteCB_Ferry
0x08147448	0x0814748B	thumb	CreateWakeSprite
0x0814748C	0x081474A5	thumb	SpriteCB_Wake
0x081474A8	0x081474D9	thumb	GetDirectionOfTravel
0x081474DC	0x0814756D	thumb	GetSeagallopNumber
0x08147570	0x08147599	thumb	IsPlayerLeftOfVermilionSailor
0x0814759C	0x081475E7	thumb	CreateStaticCountdownTask
0x081475E8	0x08147619	thumb	StartStaticCountdown
0x0814761C	0x0814762F	thumb	IsStaticCountdownRunning
0x08147630	0x081476BB	thumb	Task_StaticCountdown
0x081476BC	0x0814779B	thumb	StaticCountdown_CreateSprites
0x0814779C	0x08147827	thumb	Task_StaticCountdown_Init
0x08147828	0x08147897	thumb	Task_StaticCountdown_Free
0x08147898	0x081479AF	thumb	SpriteCB_StaticCountdown
0x081479B0	0x08147A0F	thumb	Task_StaticCountdown_Start
0x08147A10	0x08147A81	thumb	Task_StaticCountdown_Run
0x08147A84	0x08147B23	thumb	StartPokemonJump
0x08147B24	0x08147B3B	thumb	FreePokemonJump
0x08147B3C	0x08147B6F	thumb	InitGame
0x08147B70	0x08147BFB	thumb	ResetForNewGame
0x08147BFC	0x08147C73	thumb	InitPlayerAndJumpTypes
0x08147C74	0x08147CDB	thumb	ResetPlayersForNewGame
0x08147CDC	0x08147D07	thumb	GetPokemonJumpSpeciesIdx
0x08147D08	0x08147D31	thumb	InitJumpMonInfo
0x08147D34	0x08147D45	thumb	VBlankCB_PokemonJump
0x08147D48	0x08147D5D	thumb	CB2_PokemonJump
0x08147D60	0x08147D7B	thumb	SetPokeJumpTask
0x08147D7C	0x08147EEB	thumb	Task_StartPokemonJump
0x08147EEC	0x08147F27	thumb	SetLinkTimeInterval
0x08147F28	0x08147F7B	thumb	SetFunc_Leader
0x08147F7C	0x08148057	thumb	RecvLinkData_Leader
0x08148058	0x081480DF	thumb	Task_PokemonJump_Leader
0x081480E0	0x0814811B	thumb	SendLinkData_Leader
0x0814811C	0x0814814F	thumb	SetFunc_Member
0x08148150	0x0814826B	thumb	RecvLinkData_Member
0x0814826C	0x081482D3	thumb	Task_PokemonJump_Member
0x081482D4	0x0814831F	thumb	SendLinkData_Member
0x08148320	0x08148373	thumb	GameIntro_Leader
0x08148374	0x081483AB	thumb	GameIntro_Member
0x081483AC	0x081483F3	thumb	WaitRound_Leader
0x081483F4	0x0814843D	thumb	WaitRound_Member
0x08148440	0x0814848B	thumb	GameRound_Leader
0x0814848C	0x081484AB	thumb	GameRound_Member
0x081484AC	0x08148547	thumb	GameOver_Leader
0x08148548	0x081485A3	thumb	GameOver_Member
0x081485A4	0x0814863F	thumb	AskPlayAgain_Leader
0x08148640	0x0814869F	thumb	AskPlayAgain_Member
0x081486A0	0x081486FD	thumb	ResetGame_Leader
0x08148700	0x08148739	thumb	ResetGame_Member
0x0814873C	0x0814878F	thumb	ExitGame
0x08148790	0x081487DB	thumb	GivePrize_Leader
0x081487DC	0x081487F5	thumb	GivePrize_Member
0x081487F8	0x081488B7	thumb	SavePokeJump
0x081488B8	0x081489A3	thumb	DoGameIntro
0x081489A4	0x08148A39	thumb	HandleSwingRound
0x08148A3C	0x08148B2F	thumb	DoVineHitEffect
0x08148B30	0x08148C5B	thumb	TryGivePrize
0x08148C5C	0x08148D37	thumb	DoPlayAgainPrompt
0x08148D38	0x08148E05	thumb	ClosePokeJumpLink
0x08148E08	0x08148E59	thumb	CloseMessageAndResetScore
0x08148E5C	0x08148F37	thumb	Task_CommunicateMonInfo
0x08148F38	0x08148F57	thumb	SetTaskWithPokeJumpStruct
0x08148F58	0x08148F77	thumb	InitVineState
0x08148F78	0x08148FBB	thumb	ResetVineState
0x08148FBC	0x0814901F	thumb	UpdateVineState
0x08149020	0x08149053	thumb	GetVineSpeed
0x08149054	0x0814916F	thumb	UpdateVineSpeed
0x08149170	0x0814918F	thumb	PokeJumpRandom
0x08149190	0x081491B3	thumb	ResetVineAfterHit
0x081491B4	0x081491BF	thumb	IsGameOver
0x081491C0	0x081491EB	thumb	ResetPlayersJumpStates
0x081491EC	0x08149207	thumb	ResetPlayersMonState
0x08149208	0x08149239	thumb	IsPlayersMonState
0x0814923C	0x08149263	thumb	SetMonStateJump
0x08149264	0x08149293	thumb	SetMonStateHit
0x08149294	0x081492B3	thumb	SetMonStateNormal
0x081492B4	0x08149317	thumb	UpdateGame
0x08149318	0x08149337	thumb	TryUpdateVineSwing
0x08149338	0x08149347	thumb	DisallowVineUpdates
0x08149348	0x08149357	thumb	AllowVineUpdates
0x08149358	0x08149469	thumb	HandleMonState
0x0814946C	0x0814950F	thumb	UpdateJump
0x08149510	0x0814960B	thumb	TryUpdateScore
0x0814960C	0x081496AF	thumb	UpdateVineHitStates
0x081496B0	0x081496EB	thumb	AllPlayersJumpedOrHit
0x081496EC	0x08149723	thumb	DidAllPlayersClearVine
0x08149724	0x0814975B	thumb	ShouldPlayAgain
0x0814975C	0x08149783	thumb	AddJumpScore
0x08149784	0x081497DD	thumb	GetPlayersAtJumpPeak
0x081497E0	0x0814980F	thumb	AreLinkQueuesEmpty
0x08149810	0x08149853	thumb	GetNumPlayersForBonus
0x08149854	0x08149863	thumb	ClearUnreadField
0x08149864	0x08149873	thumb	GetScoreBonus
0x08149874	0x0814988F	thumb	TryUpdateExcellentsRecord
0x08149890	0x081498B1	thumb	HasEnoughScoreForPrize
0x081498B4	0x081498DB	thumb	GetPrizeData
0x081498DC	0x081498E9	thumb	UnpackPrizeData
0x081498EC	0x0814990B	thumb	GetPrizeItemId
0x0814990C	0x08149951	thumb	GetPrizeQuantity
0x08149954	0x0814997F	thumb	GetQuantityLimitedByBag
0x08149980	0x0814998D	thumb	GetNumPokeJumpPlayers
0x08149990	0x0814999B	thumb	GetPokeJumpMultiplayerId
0x0814999C	0x081499BB	thumb	GetMonInfoByMultiplayerId
0x081499BC	0x081499DB	thumb	GetPokeJumpPlayerName
0x081499DC	0x081499F1	thumb	IsSpeciesAllowedInPokemonJump
0x081499F4	0x08149A47	thumb	IsPokemonJumpSpeciesInParty
0x08149A48	0x08149A69	thumb	SendPacket_MonInfo
0x08149A6C	0x08149ABB	thumb	RecvPacket_MonInfo
0x08149ABC	0x08149AD3	thumb	SendPacket_Unused
0x08149AD4	0x08149B57	thumb	SendPacket_LeaderState
0x08149B58	0x08149BCD	thumb	RecvPacket_LeaderState
0x08149BD0	0x08149BFD	thumb	SendPacket_MemberState
0x08149C00	0x08149C69	thumb	RecvPacket_MemberStateToLeader
0x08149C6C	0x08149CC5	thumb	RecvPacket_MemberStateToMember
0x08149CC8	0x08149CFF	thumb	StartPokeJumpGfx
0x08149D00	0x08149D0D	thumb	FreeWindowsAndDigitObj
0x08149D10	0x08149D1B	thumb	InitPokeJumpGfx
0x08149D1C	0x08149D43	thumb	SetUpPokeJumpGfxFuncById
0x08149D44	0x08149D5B	thumb	IsPokeJumpGfxFuncFinished
0x08149D5C	0x08149D7F	thumb	SetUpPokeJumpGfxFunc
0x08149D80	0x08149DA3	thumb	Task_RunPokeJumpGfxFunc
0x08149DA4	0x08149F3D	thumb	LoadPokeJumpGfx
0x08149F40	0x08149FAB	thumb	PrintPlayerNamesNoHighlight
0x08149FAC	0x0814A017	thumb	PrintPlayerNamesWithHighlight
0x0814A018	0x0814A0A3	thumb	ErasePlayerNames
0x0814A0A4	0x0814A14F	thumb	Msg_WantToPlayAgain
0x0814A150	0x0814A1F1	thumb	Msg_SavingDontTurnOff
0x0814A1F4	0x0814A23F	thumb	EraseMessage
0x0814A240	0x0814A2E1	thumb	Msg_SomeoneDroppedOut
0x0814A2E4	0x0814A385	thumb	Msg_CommunicationStandby
0x0814A388	0x0814A3BF	thumb	DoPokeJumpCountdown
0x0814A3C0	0x0814A3E3	thumb	SetUpResetVineGfx
0x0814A3E4	0x0814A441	thumb	ResetVineGfx
0x0814A444	0x0814A517	thumb	PrintPrizeMessage
0x0814A518	0x0814A58F	thumb	PrintPrizeFilledBagMessage
0x0814A590	0x0814A607	thumb	PrintNoRoomForPrizeMessage
0x0814A608	0x0814A6A7	thumb	DoPrizeMessageAndFanfare
0x0814A6A8	0x0814A6D7	thumb	ClearMessageWindow
0x0814A6D8	0x0814A71D	thumb	RemoveMessageWindow
0x0814A720	0x0814A72D	thumb	HandlePlayAgainInput
0x0814A730	0x0814A7AB	thumb	AddMessageWindow
0x0814A7AC	0x0814A827	thumb	CreatePokeJumpYesNoMenu
0x0814A828	0x0814A893	thumb	PrintScoreSuffixes
0x0814A894	0x0814A91B	thumb	CreateJumpMonSprites
0x0814A91C	0x0814A937	thumb	SetMonSpriteY
0x0814A938	0x0814A967	thumb	UpdateVineSwing
0x0814A968	0x0814A9A3	thumb	DoSameJumpTimeBonus
0x0814A9A4	0x0814A9FF	thumb	InitDigitPrinters
0x0814AA00	0x0814AA0D	thumb	PrintScore
0x0814AA10	0x0814AA21	thumb	PrintJumpsInRow
0x0814AA24	0x0814AA3B	thumb	StartMonHitShake
0x0814AA3C	0x0814AA53	thumb	StartMonHitFlash
0x0814AA54	0x0814AA67	thumb	IsMonHitShakeActive
0x0814AA68	0x0814AA7B	thumb	StopMonHitFlash
0x0814AA7C	0x0814AA8F	thumb	ResetMonSpriteSubpriorities
0x0814AA90	0x0814AAA3	thumb	StartMonIntroBounce
0x0814AAA4	0x0814AAB7	thumb	IsMonIntroBounceActive
0x0814AAB8	0x0814AB73	thumb	AddPlayerNameWindows
0x0814AB74	0x0814AC0B	thumb	PrintPokeJumpPlayerName
0x0814AC0C	0x0814AC6D	thumb	PrintPokeJumpPlayerNames
0x0814AC70	0x0814ACA7	thumb	DrawPlayerNameWindows
0x0814ACA8	0x0814ACF3	thumb	ShowBonus
0x0814ACF4	0x0814AD2B	thumb	UpdateBonus
0x0814AD2C	0x0814AD45	thumb	Task_UpdateBonus
0x0814AD48	0x0814AD8F	thumb	LoadSpriteSheetsAndPalettes
0x0814AD90	0x0814ADA5	thumb	ResetPokeJumpSpriteData
0x0814ADA8	0x0814AEE7	thumb	CreateJumpMonSprite
0x0814AEE8	0x0814AF4F	thumb	DoStarAnim
0x0814AF50	0x0814AFC3	thumb	SpriteCB_Star
0x0814AFC4	0x0814AFEB	thumb	Gfx_StartMonHitShake
0x0814AFEC	0x0814B013	thumb	Gfx_IsMonHitShakeActive
0x0814B014	0x0814B05B	thumb	SpriteCB_MonHitShake
0x0814B05C	0x0814B083	thumb	Gfx_StartMonHitFlash
0x0814B084	0x0814B0DB	thumb	Gfx_StopMonHitFlash
0x0814B0DC	0x0814B10D	thumb	SpriteCB_MonHitFlash
0x0814B110	0x0814B143	thumb	Gfx_ResetMonSpriteSubpriorities
0x0814B144	0x0814B16B	thumb	Gfx_StartMonIntroBounce
0x0814B16C	0x0814B1A7	thumb	Gfx_IsMonIntroBounceActive
0x0814B1A8	0x0814B21B	thumb	SpriteCB_MonIntroBounce
0x0814B21C	0x0814B26F	thumb	CreateStarSprite
0x0814B270	0x0814B323	thumb	CreateVineSprites
0x0814B324	0x0814B417	thumb	UpdateVineAnim
0x0814B418	0x0814B43B	thumb	StartPokeJumpCountdown
0x0814B43C	0x0814B445	thumb	IsPokeJumpCountdownRunning
0x0814B448	0x0814B457	thumb	GetPokeJumpRecords
0x0814B458	0x0814B46F	thumb	ResetPokemonJumpRecords
0x0814B470	0x0814B4C3	thumb	TryUpdateRecords
0x0814B4C4	0x0814B4DF	thumb	IncrementGamesWithMaxPlayers
0x0814B4E0	0x0814B4FF	thumb	ShowPokemonJumpRecords
0x0814B500	0x0814B59F	thumb	Task_ShowPokemonJumpRecords
0x0814B5A0	0x0814B6AF	thumb	PrintRecordsText
0x0814B6B0	0x0814B6C9	thumb	TruncateToFirstWordOnly
0x0814B6CC	0x0814B6D7	thumb	GetBerryCrushGame
0x0814B6D8	0x0814B72F	thumb	QuitBerryCrush
0x0814B730	0x0814B83B	thumb	StartBerryCrush
0x0814B83C	0x0814B8CB	thumb	GetBerryFromBag
0x0814B8CC	0x0814B8EF	thumb	ChooseBerry
0x0814B8F0	0x0814B8FF	thumb	BerryCrush_SetVBlankCallback
0x0814B900	0x0814B90B	thumb	BerryCrush_InitVBlankCB
0x0814B90C	0x0814BA47	thumb	SaveResults
0x0814BA48	0x0814BA59	thumb	VBlankCB
0x0814BA5C	0x0814BA71	thumb	MainCB
0x0814BA74	0x0814BA97	thumb	MainTask
0x0814BA98	0x0814BB27	thumb	SetNamesAndTextSpeed
0x0814BB28	0x0814BB93	thumb	RunOrScheduleCommand
0x0814BB94	0x0814BBEB	thumb	Cmd_BeginNormalPaletteFade
0x0814BBEC	0x0814BC4F	thumb	Cmd_WaitPaletteFade
0x0814BC50	0x0814BD57	thumb	Cmd_PrintMessage
0x0814BD58	0x0814BD77	thumb	Cmd_ShowGameDisplay
0x0814BD78	0x0814BD97	thumb	Cmd_HideGameDisplay
0x0814BD98	0x0814BDE5	thumb	Cmd_SignalReadyToBegin
0x0814BDE8	0x0814BE3F	thumb	Cmd_AskPickBerry
0x0814BE40	0x0814BE57	thumb	Cmd_GoToBerryPouch
0x0814BE58	0x0814BFAB	thumb	Cmd_WaitForOthersToPickBerries
0x0814BFAC	0x0814C0F1	thumb	Cmd_DropBerriesIntoCrusher
0x0814C0F4	0x0814C225	thumb	Cmd_DropLid
0x0814C228	0x0814C2D7	thumb	Cmd_Countdown
0x0814C2D8	0x0814C491	thumb	HandlePartnerInput
0x0814C494	0x0814C5F1	thumb	BerryCrush_BuildLocalState
0x0814C5F4	0x0814C797	thumb	HandlePlayerInput
0x0814C798	0x0814C82B	thumb	RecvLinkData
0x0814C82C	0x0814C8D3	thumb	Cmd_PlayGame_Leader
0x0814C8D4	0x0814C969	thumb	Cmd_PlayGame_Member
0x0814C96C	0x0814CAFB	thumb	Cmd_FinishGame
0x0814CAFC	0x0814CBE7	thumb	Cmd_HandleTimeUp
0x0814CBE8	0x0814CF81	thumb	Cmd_TabulateResults
0x0814CF84	0x0814D06F	thumb	Cmd_ShowResults
0x0814D070	0x0814D163	thumb	Cmd_SaveGame
0x0814D164	0x0814D21B	thumb	Cmd_AskPlayAgain
0x0814D21C	0x0814D2F5	thumb	Cmd_CommunicatePlayAgainResponses
0x0814D2F8	0x0814D37F	thumb	Cmd_PlayAgain
0x0814D380	0x0814D441	thumb	Cmd_StopGame
0x0814D444	0x0814D4A1	thumb	Cmd_CloseLink
0x0814D4A4	0x0814D4B1	thumb	Cmd_Quit
0x0814D4B4	0x0814D53F	thumb	ResetGame
0x0814D540	0x0814D57D	thumb	SetPaletteFadeArgs
0x0814D580	0x0814D5A3	thumb	SetPrintMessageArgs
0x0814D5A4	0x0814D863	thumb	ShowGameDisplay
0x0814D864	0x0814D9A5	thumb	HideGameDisplay
0x0814D9A8	0x0814D9DF	thumb	UpdateGame
0x0814D9E0	0x0814D9FF	thumb	ResetCrusherPos
0x0814DA00	0x0814DB5F	thumb	CreateBerrySprites
0x0814DB60	0x0814DBFF	thumb	SpriteCB_DropBerryIntoCrusher
0x0814DC00	0x0814DC37	thumb	BerryCrushFreeBerrySpriteGfx
0x0814DC38	0x0814DE2B	thumb	UpdateInputEffects
0x0814DE2C	0x0814DE99	thumb	AreEffectsFinished
0x0814DE9C	0x0814DF1F	thumb	FramesToMinSec
0x0814DF20	0x0814DF7F	thumb	PrintTextCentered
0x0814DF80	0x0814E307	thumb	PrintResultsText
0x0814E308	0x0814E61F	thumb	printCrushingResults
0x0814E620	0x0814E7E7	thumb	OpenResultsWindow
0x0814E7E8	0x0814E80B	thumb	CloseResultsWindow
0x0814E80C	0x0814EA57	thumb	Task_ShowBerryCrushRankings
0x0814EA58	0x0814EAAF	thumb	ShowBerryCrushRankings
0x0814EAB0	0x0814EADF	thumb	PrintTimer
0x0814EAE0	0x0814EB13	thumb	HideTimer
0x0814EB14	0x0814EB8B	thumb	CreatePlayerNameWindows
0x0814EB8C	0x0814EC5B	thumb	DrawPlayerNameWindows
0x0814EC5C	0x0814ECB9	thumb	CopyPlayerNameWindowGfxToBg
0x0814ECBC	0x0814EEEB	thumb	CreateGameSprites
0x0814EEEC	0x0814EFA9	thumb	DestroyGameSprites
0x0814EFAC	0x0814EFD5	thumb	SpriteCB_Impact
0x0814EFD8	0x0814F01F	thumb	SpriteCB_Sparkle_End
0x0814F020	0x0814F0B3	thumb	SpriteCB_Sparkle
0x0814F0B4	0x0814F177	thumb	SpriteCB_Sparkle_Init
0x0814F178	0x0814F19B	thumb	CB2_RunWirelessCommunicationScreen
0x0814F19C	0x0814F1AD	thumb	VBlankCB_WirelessCommunicationScreen
0x0814F1B0	0x0814F1BF	thumb	ShowWirelessCommunicationScreen
0x0814F1C0	0x0814F307	thumb	CB2_InitWirelessCommunicationScreen
0x0814F308	0x0814F33F	thumb	ExitWirelessCommunicationStatusScreen
0x0814F340	0x0814F383	thumb	CyclePalette
0x0814F384	0x0814F447	thumb	PrintHeaderTexts
0x0814F448	0x0814F637	thumb	Task_WirelessCommunicationScreen
0x0814F638	0x0814F6ED	thumb	WCSS_AddTextPrinterParameterized
0x0814F6F0	0x0814F795	thumb	CountPlayersInGroupAndGetActivity
0x0814F798	0x0814F7BD	thumb	HaveCountsChanged
0x0814F7C0	0x0814F85F	thumb	UpdateCommunicationCounts
0x0814F860	0x0814FC77	thumb	FontFunc_Braille
0x0814FC78	0x0814FCDB	thumb	DecompressGlyph_Braille
0x0814FCDC	0x0814FCDF	thumb	GetGlyphWidth_Braille
0x0814FCE0	0x0814FD13	thumb	LoadHelpMessageWindowGfxOnBg
0x0814FD14	0x0814FD47	thumb	LoadMenuMessageWindowGfxOnBg
0x0814FD48	0x0814FD7B	thumb	LoadSignpostWindowGfxOnBg
0x0814FD7C	0x0814FDAF	thumb	LoadStdWindowGfxOnBg
0x0814FDB0	0x0814FDCF	thumb	LoadQuestLogWindowTilesOnBg
0x0814FDD0	0x0814FE1B	thumb	LoadUserWindowGfxByFrameOnBg
0x0814FE1C	0x0814FE47	thumb	LoadUserWindowGfx2
0x0814FE48	0x0814FE87	thumb	LoadHelpMessageWindowGfx
0x0814FE88	0x0814FEC7	thumb	LoadMenuMessageWindowGfx
0x0814FEC8	0x0814FF07	thumb	LoadSignpostWindowGfx
0x0814FF08	0x0814FF47	thumb	LoadStdWindowGfx
0x0814FF48	0x0814FF73	thumb	LoadStdWindowTiles
0x0814FF74	0x0814FF9F	thumb	LoadQuestLogWindowTiles
0x0814FFA0	0x0814FFF7	thumb	LoadUserWindowGfxByFrame
0x0814FFF8	0x08150023	thumb	LoadUserWindowGfx
0x08150024	0x081501AB	thumb	DrawTextBorderOuter
0x081501AC	0x08150347	thumb	DrawTextBorderInner
0x08150348	0x081503E3	thumb	rbox_fill_rectangle
0x081503E4	0x0815042F	thumb	GetTextWindowPalette
0x08150430	0x0815044F	thumb	QuestLogUpdatePlayerSprite
0x08150450	0x08150473	thumb	QuestLogTryRecordPlayerAvatarGfxTransition
0x08150474	0x08150481	thumb	QuestLogCallUpdatePlayerSprite
0x08150484	0x081504C3	thumb	QL_GfxTransition_Normal
0x081504C4	0x0815050B	thumb	QL_GfxTransition_Bike
0x0815050C	0x0815059D	thumb	QL_GfxTransition_Fish
0x081505A0	0x081506E3	thumb	Task_QLFishMovement
0x081506E4	0x08150757	thumb	QL_GfxTransition_StartSurf
0x08150758	0x0815076F	thumb	QL_GfxTransition_VSSeeker
0x08150770	0x08150795	thumb	Task_QLVSSeekerMovement
0x08150798	0x081507A5	thumb	QL_SetObjectGraphicsId
0x081507A8	0x081507B3	thumb	QL_GfxTransition_StopSurfSouth
0x081507B4	0x081507BF	thumb	QL_GfxTransition_StopSurfNorth
0x081507C0	0x081507CB	thumb	QL_GfxTransition_StopSurfWest
0x081507CC	0x081507D7	thumb	QL_GfxTransition_StopSurfEast
0x081507D8	0x081508B3	thumb	StartDodrioBerryPicking
0x081508B4	0x081508C5	thumb	ResetTasksAndSprites
0x081508C8	0x08150A5D	thumb	InitDodrioGame
0x08150A60	0x08150BE3	thumb	Task_StartDodrioGame
0x08150BE4	0x08150C1B	thumb	Task_DodrioGame_Leader
0x08150C1C	0x08150C53	thumb	Task_DodrioGame_Member
0x08150C54	0x08150C95	thumb	DoGameIntro
0x08150C98	0x08150CCD	thumb	InitCountdown
0x08150CD0	0x08150D55	thumb	DoCountdown
0x08150D58	0x08150D7F	thumb	WaitGameStart
0x08150D80	0x08150E43	thumb	PlayGame_Leader
0x08150E44	0x08150F19	thumb	PlayGame_Member
0x08150F1C	0x08150F9D	thumb	WaitEndGame_Leader
0x08150FA0	0x08150FB7	thumb	WaitEndGame_Member
0x08150FB8	0x08151077	thumb	InitResults_Leader
0x08151078	0x08151173	thumb	InitResults_Member
0x08151174	0x0815128D	thumb	DoResults
0x08151290	0x08151463	thumb	AskPlayAgain
0x08151464	0x081514CB	thumb	EndLink
0x081514CC	0x08151577	thumb	ExitGame
0x08151578	0x081516B7	thumb	ResetGame
0x081516B8	0x0815172B	thumb	Task_NewGameIntro
0x0815172C	0x08151827	thumb	Task_CommunicateMonInfo
0x08151828	0x08151A37	thumb	RecvLinkData_Gameplay
0x08151A38	0x08151B2D	thumb	RecvLinkData_ReadyToEnd
0x08151B30	0x08151B7B	thumb	RecvLinkData_Leader
0x08151B7C	0x08151C37	thumb	SendLinkData_Leader
0x08151C38	0x08151D03	thumb	RecvLinkData_Member
0x08151D04	0x08151D71	thumb	SendLinkData_Member
0x08151D74	0x08151E6D	thumb	HandleSound_Leader
0x08151E70	0x08151FF5	thumb	HandleSound_Member
0x08151FF8	0x0815200D	thumb	CB2_DodrioGame
0x08152010	0x08152021	thumb	VBlankCB_DodrioGame
0x08152024	0x08152035	thumb	InitMonInfo
0x08152038	0x08152045	thumb	CreateTask_
0x08152048	0x0815206B	thumb	CreateDodrioGameTask
0x0815206C	0x0815208F	thumb	SetGameFunc
0x08152090	0x081520EB	thumb	SlideTreeBordersOut
0x081520EC	0x0815214F	thumb	InitFirstWaveOfBerries
0x08152150	0x0815245F	thumb	HandlePickBerries
0x08152460	0x08152547	thumb	TryPickBerry
0x08152548	0x081527AB	thumb	UpdateFallingBerries
0x081527AC	0x081528A9	thumb	UpdateBerrySprites
0x081528AC	0x081528EB	thumb	UpdateAllDodrioAnims
0x081528EC	0x08152917	thumb	SetAllDodrioDisabled
0x08152918	0x0815294B	thumb	UpdateGame_Leader
0x0815294C	0x0815297F	thumb	UpdateGame_Member
0x08152980	0x081529DB	thumb	GetActiveBerryColumns
0x081529DC	0x08152A49	thumb	AllPlayersReadyToStart
0x08152A4C	0x08152A73	thumb	ResetReadyToStart
0x08152A74	0x08152AB3	thumb	ReadyToEndGame_Leader
0x08152AB4	0x08152B3F	thumb	ReadyToEndGame_Member
0x08152B40	0x08152BAF	thumb	TryIncrementDifficulty
0x08152BB0	0x08152BD3	thumb	GetPlayerIdAtColumn
0x08152BD4	0x08152C91	thumb	GetNewBerryId
0x08152C94	0x08152D0D	thumb	GetNewBerryIdByDifficulty
0x08152D10	0x08152F6F	thumb	IncrementBerryResult
0x08152F70	0x08152FDF	thumb	UpdateBerriesPickedInRow
0x08152FE0	0x08153023	thumb	SetMaxBerriesPickedInRow
0x08153024	0x0815312B	thumb	ResetForPlayAgainPrompt
0x0815312C	0x08153197	thumb	SetRandomPrize
0x08153198	0x081531D7	thumb	GetBerriesPicked
0x081531D8	0x08153257	thumb	TryUpdateRecords
0x08153258	0x08153293	thumb	UpdatePickStateQueue
0x08153294	0x08153345	thumb	HandleWaitPlayAgainInput
0x08153348	0x0815336B	thumb	ResetPickState
0x0815336C	0x0815338F	thumb	GetPrizeItemId
0x08153390	0x0815339F	thumb	GetNumPlayers
0x081533A0	0x081533DF	thumb	GetPlayerName
0x081533E0	0x081533FF	thumb	GetBerryResult
0x08153400	0x08153485	thumb	GetScore
0x08153488	0x081534CB	thumb	GetHighestScore
0x081534CC	0x0815350F	thumb	GetHighestBerryResult
0x08153510	0x0815358B	thumb	GetScoreByRanking
0x0815358C	0x0815367B	thumb	SetScoreResults
0x0815367C	0x0815369B	thumb	GetScoreResults
0x0815369C	0x08153707	thumb	GetScoreRanking
0x08153708	0x08153767	thumb	TryGivePrize
0x08153768	0x08153777	thumb	IncrementWithLimit
0x08153778	0x08153787	thumb	Min
0x08153788	0x0815379B	thumb	GetPlayerIdByPos
0x0815379C	0x081537EB	thumb	IsDodrioInParty
0x081537EC	0x0815380B	thumb	ShowDodrioBerryPickingRecords
0x0815380C	0x081538AB	thumb	Task_ShowDodrioBerryPickingRecords
0x081538AC	0x081539C7	thumb	PrintRecordsText
0x081539C8	0x081539DF	thumb	Debug_UpdateNumPlayers
0x081539E0	0x08153A77	thumb	Debug_SetPlayerNamesAndResults
0x08153A78	0x08153AD7	thumb	LoadDodrioGfx
0x08153AD8	0x08153B77	thumb	CreateDodrioSprite
0x08153B78	0x08153B99	thumb	SpriteCB_Dodrio
0x08153B9C	0x08153BD3	thumb	StartDodrioMissedAnim
0x08153BD4	0x08153C0B	thumb	StartDodrioIntroAnim
0x08153C0C	0x08153C79	thumb	DoDodrioMissedAnim
0x08153C7C	0x08153CE3	thumb	DoDodrioIntroAnim
0x08153CE4	0x08153D23	thumb	FreeDodrioSprites
0x08153D24	0x08153D5B	thumb	SetDodrioInvisibility
0x08153D5C	0x08153D83	thumb	SetAllDodrioInvisibility
0x08153D84	0x08153DAF	thumb	SetDodrioAnim
0x08153DB0	0x08153DB1	thumb	SpriteCB_Status
0x08153DB4	0x08153E03	thumb	InitStatusBarPos
0x08153E04	0x08153EB3	thumb	CreateStatusBarSprites
0x08153EB4	0x08153EF7	thumb	FreeStatusBar
0x08153EF8	0x08153FA3	thumb	DoStatusBarIntro
0x08153FA4	0x081540B7	thumb	UpdateStatusBarAnim
0x081540B8	0x08154103	thumb	SetStatusBarInvisibility
0x08154104	0x08154157	thumb	LoadBerryGfx
0x08154158	0x0815424F	thumb	CreateBerrySprites
0x08154250	0x081542C7	thumb	FreeBerrySprites
0x081542C8	0x081542FF	thumb	SetBerryInvisibility
0x08154300	0x0815434B	thumb	SetBerryIconsInvisibility
0x0815434C	0x08154373	thumb	SetBerryYPos
0x08154374	0x0815439F	thumb	SetBerryAnim
0x081543A0	0x081543C3	thumb	UnusedSetSpritePos
0x081543C4	0x08154413	thumb	SpriteCB_Cloud
0x08154414	0x081544CB	thumb	CreateCloudSprites
0x081544CC	0x0815451B	thumb	ResetCloudPos
0x0815451C	0x08154553	thumb	StartCloudMovement
0x08154554	0x08154597	thumb	FreeCloudSprites
0x08154598	0x081545E3	thumb	SetCloudInvisibility
0x081545E4	0x0815469B	thumb	GetDodrioXPos
0x0815469C	0x081546C5	thumb	ResetBerryAndStatusBarSprites
0x081546C8	0x081546F9	thumb	LoadWindowFrameGfx
0x081546FC	0x0815470B	thumb	DBP_LoadStdWindowGfx
0x0815470C	0x08154743	thumb	ResetGfxState
0x08154744	0x08154841	thumb	DrawYesNoMessageWindow
0x08154844	0x08154941	thumb	DrawMessageWindow
0x08154944	0x081549A3	thumb	InitGameGfx
0x081549A4	0x081549AD	thumb	FreeAllWindowBuffers_
0x081549B0	0x081549E3	thumb	SetGfxFuncById
0x081549E4	0x08154A07	thumb	Task_TryRunGfxFunc
0x08154A08	0x08154B0D	thumb	LoadGfx
0x08154B10	0x08154D77	thumb	ShowNames
0x08154D78	0x08154F5B	thumb	PrintRankedScores
0x08154F5C	0x081556BB	thumb	ShowResults
0x081556BC	0x08155A53	thumb	Msg_WantToPlayAgain
0x08155A54	0x08155B27	thumb	Msg_SavingDontTurnOff
0x08155B28	0x08155C07	thumb	Msg_CommunicationStandby
0x08155C08	0x08155C5B	thumb	EraseMessage
0x08155C5C	0x08155DCF	thumb	Msg_SomeoneDroppedOut
0x08155DD0	0x08155DFB	thumb	StopGfxFuncs
0x08155DFC	0x08155DFD	thumb	GfxIdle
0x08155E00	0x08155E2F	thumb	SetGfxFunc
0x08155E30	0x08155E43	thumb	GetGfxFunc
0x08155E44	0x08155E65	thumb	IsGfxFuncActive
0x08155E68	0x08155E7B	thumb	GetPlayAgainState
0x08155E7C	0x08155FBB	thumb	InitBgs
0x08155FBC	0x0815607B	thumb	LoadBgGfx
0x0815607C	0x0815607D	thumb	PokedudeDummy
0x08156080	0x081560B7	thumb	SetControllerToPokedude
0x081560B8	0x08156119	thumb	PokedudeBufferRunCommand
0x0815611C	0x08156125	thumb	HandleInputChooseAction
0x08156128	0x0815615F	thumb	CompleteOnBattlerSpriteCallbackDummy
0x08156160	0x08156217	thumb	CompleteOnBattlerSpritePosX_0
0x08156218	0x0815622D	thumb	CompleteOnInactiveTextPrinter
0x08156230	0x0815626F	thumb	Pokedude_SetBattleEndCallbacks
0x08156270	0x081562CB	thumb	SwitchIn_HandleSoundAndEnd
0x081562CC	0x08156383	thumb	SwitchIn_CleanShinyAnimShowSubstitute
0x08156384	0x0815645F	thumb	SwitchIn_TryShinyAnimShowHealthbox
0x08156460	0x08156477	thumb	CompleteOnSpecialAnimDone
0x08156478	0x081564BF	thumb	Intro_DelayAndEnd
0x081564C0	0x081564C9	thumb	PokedudeHandleInputChooseMove
0x081564CC	0x08156513	thumb	OpenPartyMenuToChooseMon
0x08156514	0x0815656D	thumb	WaitForMonSelection
0x08156570	0x081565C1	thumb	OpenBagAndChooseItem
0x081565C4	0x081565FF	thumb	CompleteWhenChoseItem
0x08156600	0x0815678B	thumb	Intro_TryShinyAnimShowHealthbox
0x0815678C	0x081568B7	thumb	Intro_WaitForShinyAnimAndHealthbox
0x081568B8	0x08156A2F	thumb	Task_GiveExpToMon
0x08156A30	0x08156AFF	thumb	Task_PrepareToGiveExpWithExpBar
0x08156B00	0x08156C43	thumb	Task_GiveExpWithExpBar
0x08156C44	0x08156CA3	thumb	Task_LaunchLvlUpAnim
0x08156CA4	0x08156D5B	thumb	Task_UpdateLvlInHealthbox
0x08156D5C	0x08156DA7	thumb	DestroyExpTaskAndCompleteOnInactiveTextPrinter
0x08156DA8	0x08156E53	thumb	FreeMonSpriteAfterFaintAnim
0x08156E54	0x08156EC3	thumb	CompleteOnHealthbarDone
0x08156EC4	0x08156ED9	thumb	CompleteOnInactiveTextPrinter2
0x08156EDC	0x08156F57	thumb	DoHitAnimBlinkSpriteEffect
0x08156F58	0x08156FC7	thumb	DoSwitchOutAnimation
0x08156FC8	0x08156FFF	thumb	CompleteOnBattlerSpriteCallbackDummy2
0x08157000	0x0815702F	thumb	CompleteOnFinishedBattleAnimation
0x08157030	0x0815705F	thumb	CompleteOnFinishedStatusAnimation
0x08157060	0x081570D7	thumb	PokedudeBufferExecCompleted
0x081570D8	0x08157107	thumb	CompleteOnFinishedStatusAnimation2
0x08157108	0x08157179	thumb	PokedudeHandleGetMonData
0x0815717C	0x08157729	thumb	CopyPokedudeMonData
0x0815772C	0x08157735	thumb	PokedudeHandleGetRawMonData
0x08157738	0x0815778F	thumb	PokedudeHandleSetMonData
0x08157790	0x081580AF	thumb	SetPokedudeMonData
0x081580B0	0x081580B9	thumb	PokedudeHandleSetRawMonData
0x081580BC	0x08158217	thumb	PokedudeHandleLoadMonSprite
0x08158218	0x0815829B	thumb	PokedudeHandleSwitchInAnim
0x0815829C	0x0815831F	thumb	PokedudeHandleReturnMonToBall
0x08158320	0x0815851F	thumb	PokedudeHandleDrawTrainerPic
0x08158520	0x081585EB	thumb	PokedudeHandleTrainerSlide
0x081585EC	0x081585F5	thumb	PokedudeHandleTrainerSlideBack
0x081585F8	0x08158723	thumb	PokedudeHandleFaintAnimation
0x08158724	0x0815872D	thumb	PokedudeHandlePaletteFade
0x08158730	0x08158783	thumb	PokedudeHandleSuccessBallThrowAnim
0x08158784	0x081587E3	thumb	PokedudeHandleBallThrowAnim
0x081587E4	0x081587ED	thumb	PokedudeHandlePause
0x081587F0	0x08158917	thumb	PokedudeHandleMoveAnimation
0x08158918	0x08158A63	thumb	PokedudeDoMoveAnimation
0x08158A64	0x08158AD7	thumb	PokedudeHandlePrintString
0x08158AD8	0x08158AFB	thumb	PokedudeHandlePrintSelectionString
0x08158AFC	0x08158B3B	thumb	HandleChooseActionAfterDma3
0x08158B3C	0x08158BD3	thumb	PokedudeHandleChooseAction
0x08158BD4	0x08158BDD	thumb	PokedudeHandleUnknownYesNoBox
0x08158BE0	0x08158C23	thumb	PokedudeHandleChooseMoveAfterDma3
0x08158C24	0x08158C6B	thumb	PokedudeHandleChooseMove
0x08158C6C	0x08158CCF	thumb	PokedudeHandleChooseItem
0x08158CD0	0x08158DA7	thumb	PokedudeHandleChoosePokemon
0x08158DA8	0x08158DB1	thumb	PokedudeHandleCmd23
0x08158DB4	0x08158EAB	thumb	PokedudeHandleHealthBarUpdate
0x08158EAC	0x08158F47	thumb	PokedudeHandleExpUpdate
0x08158F48	0x08158FEF	thumb	PokedudeHandleStatusIconUpdate
0x08158FF0	0x08159057	thumb	PokedudeHandleStatusAnimation
0x08159058	0x081590DB	thumb	PokedudeHandleStatusXor
0x081590DC	0x081590E5	thumb	PokedudeHandleDataTransfer
0x081590E8	0x081590F1	thumb	PokedudeHandleDMA3Transfer
0x081590F4	0x081590FD	thumb	PokedudeHandlePlayBGM
0x08159100	0x08159109	thumb	PokedudeHandleCmd32
0x0815910C	0x08159115	thumb	PokedudeHandleTwoReturnValues
0x08159118	0x08159121	thumb	PokedudeHandleChosenMonReturnValue
0x08159124	0x0815912D	thumb	PokedudeHandleOneReturnValue
0x08159130	0x08159139	thumb	PokedudeHandleOneReturnValue_Duplicate
0x0815913C	0x08159145	thumb	PokedudeHandleCmd37
0x08159148	0x08159151	thumb	PokedudeHandleCmd38
0x08159154	0x0815915D	thumb	PokedudeHandleCmd39
0x08159160	0x08159169	thumb	PokedudeHandleCmd40
0x0815916C	0x081591DB	thumb	PokedudeHandleHitAnimation
0x081591DC	0x081591E5	thumb	PokedudeHandleCmd42
0x081591E8	0x08159217	thumb	PokedudeHandlePlaySE
0x08159218	0x08159247	thumb	PokedudeHandlePlayFanfare
0x08159248	0x081592AB	thumb	PokedudeHandleFaintingCry
0x081592AC	0x081592DF	thumb	PokedudeHandleIntroSlide
0x081592E0	0x08159453	thumb	PokedudeHandleIntroTrainerBallThrow
0x08159454	0x081595C7	thumb	StartSendOutAnim
0x081595C8	0x0815963B	thumb	Task_StartSendOutAnim
0x0815963C	0x081596BF	thumb	PokedudeHandleDrawPartyStatusSummary
0x081596C0	0x081596C9	thumb	PokedudeHandleHidePartyStatusSummary
0x081596CC	0x081596EF	thumb	PokedudeHandleEndBounceEffect
0x081596F0	0x081596F9	thumb	PokedudeHandleSpriteInvisibility
0x081596FC	0x08159757	thumb	PokedudeHandleBattleAnimation
0x08159758	0x08159793	thumb	PokedudeHandleLinkStandbyMsg
0x08159794	0x0815979D	thumb	PokedudeHandleResetActionMoveSelection
0x081597A0	0x081597FB	thumb	PokedudeHandleCmd55
0x081597FC	0x081597FD	thumb	PokedudeCmdEnd
0x08159800	0x08159973	thumb	PokedudeSimulateInputChooseAction
0x08159974	0x08159A93	thumb	PokedudeSimulateInputChooseMove
0x08159A94	0x08159B53	thumb	HandlePokedudeVoiceoverEtc
0x08159B54	0x08159B83	thumb	ReturnFromPokedudeAction
0x08159B84	0x08159CDF	thumb	PokedudeAction_PrintVoiceoverMessage
0x08159CE0	0x08159ECB	thumb	PokedudeAction_PrintMessageWithHealthboxPals
0x08159ECC	0x08159F1B	thumb	GetPokedudeText
0x08159F1C	0x08159FE3	thumb	InitPokedudePartyAndOpponent
0x08159FE4	0x0815A1D3	thumb	QL_RecordObjects
0x0815A1D4	0x0815A51B	thumb	QL_LoadObjects
0x0815A51C	0x0815A597	thumb	QL_TryStopSurfing
0x0815A598	0x0815A5C3	thumb	SendPacket_ReadyToStart
0x0815A5C4	0x0815A5F5	thumb	RecvPacket_ReadyToStart
0x0815A5F8	0x0815A92B	thumb	SendPacket_GameState
0x0815A92C	0x0815AAB1	thumb	RecvPacket_GameState
0x0815AAB4	0x0815AADF	thumb	SendPacket_PickState
0x0815AAE0	0x0815AB17	thumb	RecvPacket_PickState
0x0815AB18	0x0815AB3B	thumb	SendPacket_ReadyToEnd
0x0815AB3C	0x0815AB6D	thumb	RecvPacket_ReadyToEnd
0x0815AB70	0x0815AB89	thumb	TeachyTvCallback
0x0815AB8C	0x0815AB9D	thumb	TeachyTvVblankHandler
0x0815ABA0	0x0815ABD7	thumb	InitTeachyTvController
0x0815ABD8	0x0815ABFB	thumb	CB2_ReturnToTeachyTV
0x0815ABFC	0x0815AC07	thumb	SetTeachyTvControllerModeToResume
0x0815AC08	0x0815AD63	thumb	TeachyTvMainCallback
0x0815AD64	0x0815AE13	thumb	TeachyTvSetupBg
0x0815AE14	0x0815AE93	thumb	TeachyTvLoadGraphic
0x0815AE94	0x0815AEC3	thumb	TeachyTvCreateAndRenderRbox
0x0815AEC4	0x0815AF37	thumb	TeachyTvSetupWindow
0x0815AF38	0x0815AF87	thumb	TeachyTvSetupScrollIndicatorArrowPair
0x0815AF88	0x0815AFB3	thumb	TeachyTvRemoveScrollIndicatorArrowPair
0x0815AFB4	0x0815AFC7	thumb	TeachyTvAudioByInput
0x0815AFC8	0x0815AFED	thumb	TeachyTvInitIo
0x0815AFF0	0x0815B037	thumb	TeachyTvSetupObjEventAndOam
0x0815B038	0x0815B06F	thumb	TeachyTvSetSpriteCoordsAndSwitchFrame
0x0815B070	0x0815B08F	thumb	TeachyTvSetWindowRegs
0x0815B090	0x0815B0A5	thumb	TeachyTvClearWindowRegs
0x0815B0A8	0x0815B0F3	thumb	TeachyTvBg2AnimController
0x0815B0F4	0x0815B1B5	thumb	TeachyTvSetupPostBattleWindowAndObj
0x0815B1B8	0x0815B1FB	thumb	TeachyTvInitTextPrinter
0x0815B1FC	0x0815B217	thumb	TeachyTvFree
0x0815B218	0x0815B24F	thumb	TeachyTvQuitBeginFade
0x0815B250	0x0815B29B	thumb	TeachyTvQuitFadeControlAndTaskDel
0x0815B29C	0x0815B367	thumb	TeachyTvOptionListController
0x0815B368	0x0815B3DF	thumb	TTVcmd_TransitionRenderBg2TeachyTvGraphicInitNpcPos
0x0815B3E0	0x0815B42F	thumb	TTVcmd_ClearBg2TeachyTvGraphic
0x0815B430	0x0815B499	thumb	TTVcmd_NpcMoveAndSetupTextPrinter
0x0815B49C	0x0815B4C7	thumb	TTVcmd_IdleIfTextPrinterIsActive
0x0815B4C8	0x0815B563	thumb	TeachyTvRenderMsgAndSwitchClusterFuncs
0x0815B564	0x0815B59B	thumb	TTVcmd_TextPrinterSwitchStringByOptionChosen
0x0815B59C	0x0815B5D3	thumb	TTVcmd_TextPrinterSwitchStringByOptionChosen2
0x0815B5D4	0x0815B5FF	thumb	TTVcmd_IdleIfTextPrinterIsActive2
0x0815B600	0x0815B63F	thumb	TTVcmd_EraseTextWindowIfKeyPressed
0x0815B640	0x0815B683	thumb	TTVcmd_StartAnimNpcWalkIntoGrass
0x0815B684	0x0815B71B	thumb	TTVcmd_DudeMoveUp
0x0815B71C	0x0815B7BF	thumb	TTVcmd_DudeMoveRight
0x0815B7C0	0x0815B81B	thumb	TTVcmd_DudeTurnLeft
0x0815B81C	0x0815B87F	thumb	TTVcmd_DudeMoveLeft
0x0815B880	0x0815B8E3	thumb	TTVcmd_RenderAndRemoveBg1EndGraphic
0x0815B8E4	0x0815B907	thumb	TeachyTvClearBg1EndGraphicText
0x0815B908	0x0815B9CB	thumb	TTVcmd_End
0x0815B9CC	0x0815BA0B	thumb	TTVcmd_TaskBattleOrFadeByOptionChosen
0x0815BA0C	0x0815BA2D	thumb	TeachyTvSetupBagItemsByOptionChosen
0x0815BA30	0x0815BA7B	thumb	TeachyTvPostBattleFadeControl
0x0815BA7C	0x0815BB47	thumb	TeachyTvGrassAnimationMain
0x0815BB48	0x0815BC1B	thumb	TeachyTvGrassAnimationObjCallback
0x0815BC1C	0x0815BC6B	thumb	TeachyTvGrassAnimationCheckIfNeedsToGenerateGrassObj
0x0815BC6C	0x0815BCDF	thumb	TeachyTvPrepBattle
0x0815BCE0	0x0815BD33	thumb	TeachyTvPreBattleAnimAndSetBattleCallback
0x0815BD34	0x0815BD5B	thumb	TeachyTvRestorePlayerPartyCallback
0x0815BD5C	0x0815BF23	thumb	TeachyTvLoadBg3Map
0x0815BF24	0x0815BF49	thumb	TeachyTvLoadMapTilesetToBuffer
0x0815BF4C	0x0815BFCB	thumb	TeachyTvPushBackNewMapPalIndexArrayEntry
0x0815BFCC	0x0815C0AF	thumb	TeachyTvComputeMapTilesFromTilesetAndMetaTiles
0x0815C0B0	0x0815C1CB	thumb	TeachyTvComputeSingleMapTileBlockFromTilesetAndMetaTiles
0x0815C1CC	0x0815C209	thumb	TeachyTvComputePalIndexArrayEntryByMetaTile
0x0815C20C	0x0815C255	thumb	TeachyTvLoadMapPalette
0x0815C258	0x0815C2EB	thumb	EReader_Send
0x0815C2EC	0x0815C37F	thumb	EReader_Recv
0x0815C380	0x0815C3BF	thumb	CloseSerial
0x0815C3C0	0x0815C437	thumb	OpenSerialMulti
0x0815C438	0x0815C473	thumb	OpenSerial32
0x0815C474	0x0815C5EB	thumb	EReaderHandleTransfer
0x0815C5EC	0x0815C61F	thumb	DetermineSendRecvState
0x0815C620	0x0815C66B	thumb	SetUpTransferManager
0x0815C66C	0x0815C69F	thumb	StartTm3
0x0815C6A0	0x0815C6AD	thumb	EReaderHelper_Timer3Callback
0x0815C6B0	0x0815C83F	thumb	EReaderHelper_SerialCallback
0x0815C840	0x0815C84F	thumb	EnableSio
0x0815C850	0x0815C873	thumb	DisableTm3
0x0815C874	0x0815C8A3	thumb	GetKeyInput
0x0815C8A4	0x0815C8F7	thumb	EReaderHelper_SaveRegsState
0x0815C8F8	0x0815C93B	thumb	EReaderHelper_RestoreRegsState
0x0815C93C	0x0815C95B	thumb	EReaderHelper_ClearsSendRecvMgr
0x0815C95C	0x0815C9CD	thumb	DigitObjUtil_Init
0x0815C9D0	0x0815CA1B	thumb	DigitObjUtil_Free
0x0815CA1C	0x0815CC03	thumb	DigitObjUtil_CreatePrinter
0x0815CC04	0x0815CD4B	thumb	CopyWorkToOam
0x0815CD4C	0x0815CDB5	thumb	DigitObjUtil_PrintNumOn
0x0815CDB8	0x0815CE6B	thumb	DrawNumObjsLeadingZeros
0x0815CE6C	0x0815CFC5	thumb	DrawNumObjsMinusInFront
0x0815CFC8	0x0815D0E3	thumb	DrawNumObjsMinusInBack
0x0815D0E4	0x0815D183	thumb	DigitObjUtil_DeletePrinter
0x0815D184	0x0815D21F	thumb	DigitObjUtil_HideOrShow
0x0815D220	0x0815D277	thumb	GetFirstOamId
0x0815D278	0x0815D2BB	thumb	SharesTileWithAnyActive
0x0815D2BC	0x0815D2FF	thumb	SharesPalWithAnyActive
0x0815D300	0x0815D30F	thumb	GetTilesPerImage
0x0815D310	0x0815D33F	thumb	DoSSAnneDepartureCutscene
0x0815D340	0x0815D383	thumb	Task_SSAnneInit
0x0815D384	0x0815D42D	thumb	Task_SSAnneRun
0x0815D430	0x0815D473	thumb	Task_SSAnneFinish
0x0815D474	0x0815D4F3	thumb	CreateWakeBehindBoat
0x0815D4F4	0x0815D57F	thumb	WakeSpriteCallback
0x0815D580	0x0815D5FF	thumb	CreateSmokeSprite
0x0815D600	0x0815D62F	thumb	SmokeSpriteCallback
0x0815D630	0x0815D657	thumb	GetTrainerHillUnkVal
0x0815D658	0x0815D68D	thumb	ValidateTrainerTowerTrainer
0x0815D690	0x0815D6DB	thumb	ValidateTrainerTowerData
0x0815D6DC	0x0815D76F	thumb	CEReaderTool_SaveTrainerTower_r
0x0815D770	0x0815D795	thumb	CEReaderTool_SaveTrainerTower
0x0815D798	0x0815D7E7	thumb	CEReaderTool_LoadTrainerTower_r
0x0815D7E8	0x0815D80D	thumb	CEReaderTool_LoadTrainerTower
0x0815D810	0x0815D813	thumb	ReadTrainerTowerAndValidate
0x0815D814	0x0815D8A3	thumb	SetAllRenewableItemFlags
0x0815D8A4	0x0815D8D3	thumb	IncrementRenewableHiddenItemStepCounter
0x0815D8D4	0x0815D947	thumb	TryRegenerateRenewableHiddenItems
0x0815D948	0x0815D9C3	thumb	SampleRenewableItemFlags
0x0815D9C4	0x0815D9EB	thumb	CallTrainerTowerFunc
0x0815D9EC	0x0815DA03	thumb	GetTrainerTowerOpponentClass
0x0815DA04	0x0815DA17	thumb	GetTrainerTowerOpponentName
0x0815DA18	0x0815DA2F	thumb	GetTrainerTowerTrainerFrontSpriteId
0x0815DA30	0x0815DBB7	thumb	InitTrainerTowerBattleStruct
0x0815DBB8	0x0815DBCF	thumb	FreeTrainerTowerBattleStruct
0x0815DBD0	0x0815DC1B	thumb	GetTrainerTowerOpponentWinText
0x0815DC1C	0x0815DC67	thumb	GetTrainerTowerOpponentLoseText
0x0815DC68	0x0815DD07	thumb	SetUpTrainerTowerDataStruct
0x0815DD08	0x0815DD1F	thumb	FreeTrainerTowerDataStruct
0x0815DD20	0x0815DD8B	thumb	InitTrainerTowerFloor
0x0815DD8C	0x0815DED7	thumb	SetTrainerTowerNPCGraphics
0x0815DED8	0x0815DF2F	thumb	TT_ConvertEasyChatMessageToString
0x0815DF30	0x0815E043	thumb	BufferTowerOpponentSpeech
0x0815E044	0x0815E0EF	thumb	TrainerTowerGetOpponentTextColor
0x0815E0F0	0x0815E0FF	thumb	CB2_EndTrainerTowerBattle
0x0815E100	0x0815E13B	thumb	Task_DoTrainerTowerBattle
0x0815E13C	0x0815E19B	thumb	DoTrainerTowerBattle
0x0815E19C	0x0815E1CB	thumb	TrainerTowerGetChallengeType
0x0815E1CC	0x0815E1F3	thumb	TrainerTowerAddFloorCleared
0x0815E1F4	0x0815E267	thumb	GetFloorAlreadyCleared
0x0815E268	0x0815E36F	thumb	StartTrainerTowerChallenge
0x0815E370	0x0815E3E3	thumb	GetOwnerState
0x0815E3E4	0x0815E48B	thumb	GiveChallengePrize
0x0815E48C	0x0815E547	thumb	CheckFinalTime
0x0815E548	0x0815E59F	thumb	TrainerTowerResumeTimer
0x0815E5A0	0x0815E5CB	thumb	TrainerTowerSetPlayerLost
0x0815E5CC	0x0815E633	thumb	GetTrainerTowerChallengeStatus
0x0815E634	0x0815E6FB	thumb	GetCurrentTime
0x0815E6FC	0x0815E867	thumb	ShowResultsBoard
0x0815E868	0x0815E88F	thumb	CloseResultsBoard
0x0815E890	0x0815E8A7	thumb	TrainerTowerGetDoublesEligiblity
0x0815E8A8	0x0815E8E3	thumb	TrainerTowerGetNumFloors
0x0815E8E4	0x0815E923	thumb	ShouldWarpToCounter
0x0815E924	0x0815E9A3	thumb	PlayTrainerTowerEncounterMusic
0x0815E9A4	0x0815E9D7	thumb	HasSpokenToOwner
0x0815E9D8	0x0815EB93	thumb	BuildEnemyParty
0x0815EB94	0x0815EBE7	thumb	GetPartyMaxLevel
0x0815EBE8	0x0815EC67	thumb	ValidateOrResetCurTrainerTowerRecord
0x0815EC68	0x0815EDB7	thumb	PrintTrainerTowerRecords
0x0815EDB8	0x0815EDCF	thumb	GetTrainerTowerRecordTime
0x0815EDD0	0x0815EDE7	thumb	SetTrainerTowerRecordTime
0x0815EDE8	0x0815EE17	thumb	ResetTrainerTowerResults
0x0815EE18	0x0815EE2F	thumb	DecryptBerryPowder
0x0815EE30	0x0815EE47	thumb	SetBerryPowder
0x0815EE48	0x0815EE63	thumb	ApplyNewEncryptionKeyToBerryPowder
0x0815EE64	0x0815EE8B	thumb	HasEnoughBerryPowder
0x0815EE8C	0x0815EEB9	thumb	Script_HasEnoughBerryPowder
0x0815EEBC	0x0815EEFB	thumb	GiveBerryPowder
0x0815EEFC	0x0815EF37	thumb	TakeBerryPowder
0x0815EF38	0x0815EF7B	thumb	Script_TakeBerryPowder
0x0815EF7C	0x0815EF97	thumb	GetBerryPowder
0x0815EF98	0x0815EFEF	thumb	PrintBerryPowderAmount
0x0815EFF0	0x0815F04B	thumb	DrawPlayerPowderAmount
0x0815F04C	0x0815F06F	thumb	PrintPlayerBerryPowderAmount
0x0815F070	0x0815F0EF	thumb	DisplayBerryPowderVendorMenu
0x0815F0F0	0x0815F113	thumb	RemoveBerryPowderVendorMenu
0x0815F114	0x0815F173	thumb	StartMinigameCountdown
0x0815F174	0x0815F187	thumb	IsMinigameCountdownRunning
0x0815F188	0x0815F287	thumb	Task_MinigameCountdown
0x0815F288	0x0815F3BB	thumb	RunMinigameCountdownDigitsAnim
0x0815F3BC	0x0815F41F	thumb	StartStartGraphic
0x0815F420	0x0815F44B	thumb	IsStartGraphicAnimRunning
0x0815F44C	0x0815F53F	thumb	SpriteCB_Start
0x0815F540	0x0815F597	thumb	Load321StartGfx
0x0815F598	0x0815F5EB	thumb	CreateNumberSprite
0x0815F5EC	0x0815F6BB	thumb	CreateStartSprite
0x0815F6BC	0x0815F727	thumb	SetScene
0x0815F728	0x0815F7BF	thumb	CB2_InitBerryFixProgram
0x0815F7C0	0x0815F7C9	thumb	CB2_BerryFix
0x0815F7CC	0x0815F98F	thumb	Task_BerryFixMain
0x081DBD10	0x081DBD23	thumb	GameCubeMultiBoot_Hash
0x081DBD24	0x081DBE17	thumb	GameCubeMultiBoot_Main
0x081DBE24	0x081DBE37	thumb	GameCubeMultiBoot_ExecuteProgram
0x081DBE38	0x081DBE81	thumb	GameCubeMultiBoot_Init
0x081DBE82	0x081DBFB1	thumb	GameCubeMultiBoot_HandleSerialInterrupt
0x081DBFB2	0x081DBFD3	thumb	GameCubeMultiBoot_Quit
0x081DBFEC	0x081DBFFB	thumb	umul3232H32
0x081DBFFC	0x081DC07F	thumb	SoundMain
0x081DC080	0x081DC43B	thumb	SoundMainRAM
0x081DC43C	0x081DC6F7	arm	SoundMainRAM_Unk1
0x081DC6F8	0x081DC783	arm	SoundMainRAM_Unk2
0x081DC784	0x081DC799	thumb	SoundMainBTM
0x081DC79C	0x081DC7BB	thumb	RealClearChain
0x081DC7BC	0x081DC7E9	thumb	ply_fine
0x081DC7EC	0x081DC801	thumb	MPlayJumpTableCopy
0x081DC804	0x00000000	thumb	ldrb_r3_r2
0x081DC806	0x00000000	thumb	chk_adr_r2
0x081DC820	0x081DCF41	thumb	ld_r3_tp_adr_i
0x081DC82C	0x081DC84B	thumb	ply_goto
0x081DC84C	0x081DC865	thumb	ply_patt
0x081DC868	0x081DC87B	thumb	ply_pend
0x081DC87C	0x081DC8A9	thumb	ply_rept
0x081DC8AC	0x081DC8B5	thumb	ply_prio
0x081DC8B8	0x081DC8CB	thumb	ply_tempo
0x081DC8CC	0x081DC8DD	thumb	ply_keysh
0x081DC8E0	0x081DC90D	thumb	ply_voice
0x081DC910	0x081DC921	thumb	ply_vol
0x081DC924	0x081DC937	thumb	ply_pan
0x081DC938	0x081DC94B	thumb	ply_bend
0x081DC94C	0x081DC95D	thumb	ply_bendr
0x081DC960	0x081DC969	thumb	ply_lfodl
0x081DC96C	0x081DC983	thumb	ply_modt
0x081DC984	0x081DC997	thumb	ply_tune
0x081DC998	0x081DC9AF	thumb	ply_port
0x081DC9B0	0x081DC9FB	thumb	m4aSoundVSync
0x081DC9FC	0x081DCC63	thumb	MPlayMain
0x081DCC64	0x081DCCA7	thumb	TrackStop
0x081DCCA8	0x081DCCD7	thumb	ChnVolSetAsm
0x081DCCD8	0x081DCEDB	thumb	ply_note
0x081DCEDC	0x081DCF1B	thumb	ply_endtie
0x081DCF1C	0x081DCF35	thumb	clear_modM
0x081DCF38	0x00000000	thumb	ld_r3_tp_adr_i_unchecked
0x081DCF44	0x081DCF55	thumb	ply_lfos
0x081DCF58	0x081DCF69	thumb	ply_mod
0x081DCF6C	0x081DCFCF	thumb	MidiKeyToFreq
0x081DCFD0	0x081DCFD1	thumb	UnusedDummyFunc
0x081DCFD4	0x081DCFEF	thumb	MPlayContinue
0x081DCFF0	0x081DD00F	thumb	MPlayFadeOut
0x081DD010	0x081DD0C3	thumb	m4aSoundInit
0x081DD0C4	0x081DD0CD	thumb	m4aSoundMain
0x081DD0D0	0x081DD0FB	thumb	m4aSongNumStart
0x081DD0FC	0x081DD147	thumb	m4aSongNumStartOrChange
0x081DD148	0x081DD19B	thumb	m4aSongNumStartOrContinue
0x081DD19C	0x081DD1CF	thumb	m4aSongNumStop
0x081DD1D0	0x081DD203	thumb	m4aSongNumContinue
0x081DD204	0x081DD247	thumb	m4aMPlayAllStop
0x081DD248	0x081DD251	thumb	m4aMPlayContinue
0x081DD254	0x081DD297	thumb	m4aMPlayAllContinue
0x081DD298	0x081DD2A5	thumb	m4aMPlayFadeOut
0x081DD2A8	0x081DD2C7	thumb	m4aMPlayFadeOutTemporarily
0x081DD2C8	0x081DD2EF	thumb	m4aMPlayFadeIn
0x081DD2F0	0x081DD337	thumb	m4aMPlayImmInit
0x081DD338	0x081DD44F	thumb	MPlayExtender
0x081DD450	0x081DD453	thumb	MusicPlayerJumpTableCopy
0x081DD454	0x081DD467	thumb	ClearChain
0x081DD468	0x081DD47B	thumb	Clear64byte
0x081DD47C	0x081DD573	thumb	SoundInit
0x081DD574	0x081DD617	thumb	SampleFreqSet
0x081DD618	0x081DD6AF	thumb	m4aSoundMode
0x081DD6B0	0x081DD703	thumb	SoundClear
0x081DD704	0x081DD77F	thumb	m4aSoundVSyncOff
0x081DD780	0x081DD7BB	thumb	m4aSoundVSyncOn
0x081DD7BC	0x081DD833	thumb	MPlayOpen
0x081DD834	0x081DD917	thumb	MPlayStart
0x081DD918	0x081DD957	thumb	m4aMPlayStop
0x081DD958	0x081DDA1F	thumb	FadeOutBody
0x081DDA20	0x081DDAD3	thumb	TrkVolPitSet
0x081DDAD4	0x081DDB7B	thumb	MidiKeyToCgbFreq
0x081DDB7C	0x081DDBCB	thumb	CgbOscOff
0x081DDBCC	0x081DDC47	thumb	CgbModVol
0x081DDC48	0x081DE091	thumb	CgbSound
0x081DE094	0x081DE0BB	thumb	m4aMPlayTempoControl
0x081DE0BC	0x081DE123	thumb	m4aMPlayVolumeControl
0x081DE124	0x081DE197	thumb	m4aMPlayPitchControl
0x081DE198	0x081DE1FF	thumb	m4aMPlayPanpotControl
0x081DE200	0x081DE21D	thumb	ClearModM
0x081DE220	0x081DE293	thumb	m4aMPlayModDepthSet
0x081DE294	0x081DE307	thumb	m4aMPlayLFOSpeedSet
0x081DE308	0x081DE45F	thumb	ply_memacc
0x081DE460	0x081DE47F	thumb	ply_xcmd
0x081DE480	0x081DE493	thumb	ply_xxx
0x081DE494	0x081DE4DB	thumb	ply_xwave
0x081DE4DC	0x081DE4ED	thumb	ply_xtype
0x081DE4F0	0x081DE501	thumb	ply_xatta
0x081DE504	0x081DE515	thumb	ply_xdeca
0x081DE518	0x081DE529	thumb	ply_xsust
0x081DE52C	0x081DE53D	thumb	ply_xrele
0x081DE540	0x081DE54B	thumb	ply_xiecv
0x081DE54C	0x081DE557	thumb	ply_xiecl
0x081DE558	0x081DE569	thumb	ply_xleng
0x081DE56C	0x081DE57D	thumb	ply_xswee
0x081DE580	0x081DE5C5	thumb	ply_xwait
0x081DE5C8	0x081DE60F	thumb	ply_xcmd_0D
0x081DE610	0x081DE611	thumb	DummyFunc
0x081DE614	0x081DE6E3	thumb	SetPokemonCryTone
0x081DE6E4	0x081DE6F7	thumb	SetPokemonCryVolume
0x081DE6F8	0x081DE70F	thumb	SetPokemonCryPanpot
0x081DE710	0x081DE747	thumb	SetPokemonCryPitch
0x081DE748	0x081DE753	thumb	SetPokemonCryLength
0x081DE754	0x081DE75F	thumb	SetPokemonCryRelease
0x081DE760	0x081DE76B	thumb	SetPokemonCryProgress
0x081DE76C	0x081DE781	thumb	IsPokemonCryPlaying
0x081DE784	0x081DE7AF	thumb	SetPokemonCryChorus
0x081DE7B0	0x081DE7EF	thumb	SetPokemonCryStereo
0x081DE7F0	0x081DE7FB	thumb	SetPokemonCryPriority
0x081DE7FC	0x081DE81F	thumb	SwitchFlashBank
0x081DE820	0x081DE8B9	thumb	ReadFlashId
0x081DE8BC	0x081DE8E3	thumb	FlashTimerIntr
0x081DE8E4	0x081DE91D	thumb	SetFlashTimerIntr
0x081DE920	0x081DE9C7	thumb	StartFlashTimer
0x081DE9C8	0x081DEA0B	thumb	StopFlashTimer
0x081DEA0C	0x081DEA0F	thumb	ReadFlash1
0x081DEA10	0x081DEA4D	thumb	SetReadFlash1
0x081DEA50	0x081DEA71	thumb	ReadFlash_Core
0x081DEA74	0x081DEB0F	thumb	ReadFlash
0x081DEB10	0x081DEB3D	thumb	VerifyFlashSector_Core
0x081DEB40	0x081DEBD7	thumb	VerifyFlashSector
0x081DEBD8	0x081DEC6F	thumb	VerifyFlashSectorNBytes
0x081DEC70	0x081DECB3	thumb	ProgramFlashSectorAndVerify
0x081DECB4	0x081DECFB	thumb	ProgramFlashSectorAndVerifyNBytes
0x081DECFC	0x081DED9B	thumb	IdentifyFlash
0x081DED9C	0x081DEE39	thumb	WaitForFlashWrite_Common
0x081DEE3C	0x081DEEAF	thumb	EraseFlashChip_MX
0x081DEEB0	0x081DEF7F	thumb	EraseFlashSector_MX
0x081DEF80	0x081DF013	thumb	ProgramFlashByte_MX
0x081DF014	0x081DF04B	thumb	ProgramByte
0x081DF04C	0x081DF0ED	thumb	ProgramFlashSector_MX
0x081DF0F0	0x081DF1C7	thumb	STWI_init_all
0x081DF1C8	0x081DF203	thumb	STWI_init_timer
0x081DF204	0x081DF2B7	thumb	AgbRFU_SoftReset
0x081DF2B8	0x081DF2CB	thumb	STWI_set_MS_mode
0x081DF2CC	0x081DF32B	thumb	STWI_read_status
0x081DF32C	0x081DF337	thumb	STWI_init_Callback_M
0x081DF338	0x081DF343	thumb	STWI_init_Callback_S
0x081DF344	0x081DF34F	thumb	STWI_set_Callback_M
0x081DF350	0x081DF35B	thumb	STWI_set_Callback_S
0x081DF35C	0x081DF367	thumb	STWI_set_Callback_ID
0x081DF368	0x081DF38F	thumb	STWI_poll_CommandEnd
0x081DF390	0x081DF3B3	thumb	STWI_send_ResetREQ
0x081DF3B4	0x081DF3D7	thumb	STWI_send_LinkStatusREQ
0x081DF3D8	0x081DF3FB	thumb	STWI_send_VersionStatusREQ
0x081DF3FC	0x081DF41F	thumb	STWI_send_SystemStatusREQ
0x081DF420	0x081DF443	thumb	STWI_send_SlotStatusREQ
0x081DF444	0x081DF467	thumb	STWI_send_ConfigStatusREQ
0x081DF468	0x081DF4BF	thumb	STWI_send_GameConfigREQ
0x081DF4C0	0x081DF4FF	thumb	STWI_send_SystemConfigREQ
0x081DF500	0x081DF523	thumb	STWI_send_SC_StartREQ
0x081DF524	0x081DF547	thumb	STWI_send_SC_PollingREQ
0x081DF548	0x081DF56B	thumb	STWI_send_SC_EndREQ
0x081DF56C	0x081DF58F	thumb	STWI_send_SP_StartREQ
0x081DF590	0x081DF5B3	thumb	STWI_send_SP_PollingREQ
0x081DF5B4	0x081DF5D7	thumb	STWI_send_SP_EndREQ
0x081DF5D8	0x081DF607	thumb	STWI_send_CP_StartREQ
0x081DF608	0x081DF62B	thumb	STWI_send_CP_PollingREQ
0x081DF62C	0x081DF64F	thumb	STWI_send_CP_EndREQ
0x081DF650	0x081DF697	thumb	STWI_send_DataTxREQ
0x081DF698	0x081DF6DF	thumb	STWI_send_DataTxAndChangeREQ
0x081DF6E0	0x081DF703	thumb	STWI_send_DataRxREQ
0x081DF704	0x081DF727	thumb	STWI_send_MS_ChangeREQ
0x081DF728	0x081DF777	thumb	STWI_send_DataReadyAndChangeREQ
0x081DF778	0x081DF7B7	thumb	STWI_send_DisconnectedAndChangeREQ
0x081DF7B8	0x081DF7DB	thumb	STWI_send_ResumeRetransmitAndChangeREQ
0x081DF7DC	0x081DF80B	thumb	STWI_send_DisconnectREQ
0x081DF80C	0x081DF843	thumb	STWI_send_TestModeREQ
0x081DF844	0x081DF87F	thumb	STWI_send_CPR_StartREQ
0x081DF880	0x081DF8A3	thumb	STWI_send_CPR_PollingREQ
0x081DF8A4	0x081DF8C7	thumb	STWI_send_CPR_EndREQ
0x081DF8C8	0x081DF8EB	thumb	STWI_send_StopModeREQ
0x081DF8EC	0x081DF94D	thumb	STWI_intr_timer
0x081DF950	0x081DF9FB	thumb	STWI_set_timer
0x081DF9FC	0x081DFA27	thumb	STWI_stop_timer
0x081DFA28	0x081DFAFF	thumb	STWI_init
0x081DFB00	0x081DFB73	thumb	STWI_start_Command
0x081DFB74	0x081DFBF1	thumb	STWI_restart_Command
0x081DFBF4	0x081DFC2B	thumb	STWI_reset_ClockCounter
0x081DFC2C	0x081DFC8F	arm	IntrSIO32
0x081DFC90	0x081DFF1F	arm	sio32intr_clock_master
0x081DFF20	0x081E032B	arm	sio32intr_clock_slave
0x081E032C	0x081E0393	arm	handshake_wait
0x081E0394	0x081E04A3	arm	STWI_set_timer_in_RAM
0x081E04A4	0x081E04F3	arm	STWI_stop_timer_in_RAM
0x081E04F4	0x081E057F	arm	STWI_init_slave
0x081E0580	0x081E0583	arm	Callback_Dummy_M
0x081E0584	0x081E0587	arm	Callback_Dummy_S
0x081E0588	0x081E058B	arm	Callback_Dummy_ID
0x081E058C	0x081E06C7	thumb	rfu_initializeAPI
0x081E06C8	0x081E074F	thumb	rfu_STC_clearAPIVariables
0x081E0750	0x081E0763	thumb	rfu_REQ_PARENT_resumeRetransmitAndChange
0x081E0764	0x081E07AB	thumb	rfu_UNI_PARENT_getDRAC_ACK
0x081E07AC	0x081E07BF	thumb	rfu_setTimerInterrupt
0x081E07C0	0x081E07CF	thumb	rfu_getSTWIRecvBuffer
0x081E07D0	0x081E07D9	thumb	rfu_setMSCCallback
0x081E07DC	0x081E07F7	thumb	rfu_setREQCallback
0x081E07F8	0x081E0823	thumb	rfu_enableREQCallback
0x081E0824	0x081E0863	thumb	rfu_STC_REQ_callback
0x081E0864	0x081E08D3	thumb	rfu_CB_defaultCallback
0x081E08D4	0x081E08E7	thumb	rfu_waitREQComplete
0x081E08E8	0x081E08FB	thumb	rfu_REQ_RFUStatus
0x081E08FC	0x081E0937	thumb	rfu_getRFUStatus
0x081E0938	0x081E09AD	thumb	rfu_MBOOT_CHILD_inheritanceLinkStatus
0x081E09B0	0x081E0A57	thumb	rfu_REQ_stopMode
0x081E0A58	0x081E0A83	thumb	rfu_CB_stopMode
0x081E0A84	0x081E0ABF	thumb	rfu_REQBN_softReset_and_checkID
0x081E0AC0	0x081E0AD3	thumb	rfu_REQ_reset
0x081E0AD4	0x081E0AF5	thumb	rfu_CB_reset
0x081E0AF8	0x081E0B5F	thumb	rfu_REQ_configSystem
0x081E0B60	0x081E0BEB	thumb	rfu_REQ_configGameData
0x081E0BEC	0x081E0C87	thumb	rfu_CB_configGameData
0x081E0C88	0x081E0CD7	thumb	rfu_REQ_startSearchChild
0x081E0CD8	0x081E0CFF	thumb	rfu_CB_startSearchChild
0x081E0D00	0x081E0D63	thumb	rfu_STC_clearLinkStatus
0x081E0D64	0x081E0D77	thumb	rfu_REQ_pollSearchChild
0x081E0D78	0x081E0D8B	thumb	rfu_REQ_endSearchChild
0x081E0D8C	0x081E0E13	thumb	rfu_CB_pollAndEndSearchChild
0x081E0E14	0x081E0F4F	thumb	rfu_STC_readChildList
0x081E0F50	0x081E0F63	thumb	rfu_REQ_startSearchParent
0x081E0F64	0x081E0F87	thumb	rfu_CB_startSearchParent
0x081E0F88	0x081E0F9B	thumb	rfu_REQ_pollSearchParent
0x081E0F9C	0x081E0FBD	thumb	rfu_CB_pollSearchParent
0x081E0FC0	0x081E0FD3	thumb	rfu_REQ_endSearchParent
0x081E0FD4	0x081E10E3	thumb	rfu_STC_readParentCandidateList
0x081E10E4	0x081E1149	thumb	rfu_REQ_startConnectParent
0x081E114C	0x081E115F	thumb	rfu_REQ_pollConnectParent
0x081E1160	0x081E127F	thumb	rfu_CB_pollConnectParent
0x081E1280	0x081E12B3	thumb	rfu_getConnectParentStatus
0x081E12B4	0x081E12EB	thumb	rfu_REQ_endConnectParent
0x081E12EC	0x081E13CB	thumb	rfu_syncVBlank
0x081E13CC	0x081E1787	thumb	rfu_REQBN_watchLink
0x081E1788	0x081E1837	thumb	rfu_STC_removeLinkData
0x081E1838	0x081E18C7	thumb	rfu_REQ_disconnect
0x081E18C8	0x081E19A7	thumb	rfu_CB_disconnect
0x081E19A8	0x081E1A03	thumb	rfu_REQ_CHILD_startConnectRecovery
0x081E1A04	0x081E1A17	thumb	rfu_REQ_CHILD_pollConnectRecovery
0x081E1A18	0x081E1ABB	thumb	rfu_CB_CHILD_pollConnectRecovery
0x081E1ABC	0x081E1AE9	thumb	rfu_CHILD_getConnectRecoveryStatus
0x081E1AEC	0x081E1AFF	thumb	rfu_REQ_CHILD_endConnectRecovery
0x081E1B00	0x081E1B2D	thumb	rfu_STC_fastCopy
0x081E1B30	0x081E1B5B	thumb	rfu_REQ_changeMasterSlave
0x081E1B5C	0x081E1B93	thumb	rfu_getMasterSlave
0x081E1B94	0x081E1C33	thumb	rfu_clearAllSlot
0x081E1C34	0x081E1C9F	thumb	rfu_STC_releaseFrame
0x081E1CA0	0x081E1E5B	thumb	rfu_clearSlot
0x081E1E5C	0x081E1EBB	thumb	rfu_setRecvBuffer
0x081E1EBC	0x081E1EE7	thumb	rfu_NI_setSendData
0x081E1EE8	0x081E1F21	thumb	rfu_UNI_setSendData
0x081E1F24	0x081E1F57	thumb	rfu_NI_CHILD_setSendGameName
0x081E1F58	0x081E215F	thumb	rfu_STC_setSendData_org
0x081E2160	0x081E22C7	thumb	rfu_changeSendTarget
0x081E22C8	0x081E233F	thumb	rfu_NI_stopReceivingData
0x081E2340	0x081E23D1	thumb	rfu_UNI_changeAndReadySendData
0x081E23D4	0x081E23FF	thumb	rfu_UNI_readySendData
0x081E2400	0x081E241F	thumb	rfu_UNI_clearRecvNewDataFlag
0x081E2420	0x081E2563	thumb	rfu_REQ_sendData
0x081E2564	0x081E25FB	thumb	rfu_CB_sendData
0x081E25FC	0x081E260B	thumb	rfu_CB_sendData2
0x081E260C	0x081E2631	thumb	rfu_CB_sendData3
0x081E2634	0x081E276B	thumb	rfu_constructSendLLFrame
0x081E276C	0x081E292B	thumb	rfu_STC_NI_constructLLSF
0x081E292C	0x081E29FF	thumb	rfu_STC_UNI_constructLLSF
0x081E2A00	0x081E2A3F	thumb	rfu_REQ_recvData
0x081E2A40	0x081E2B2B	thumb	rfu_CB_recvData
0x081E2B2C	0x081E2BC3	thumb	rfu_STC_PARENT_analyzeRecvPacket
0x081E2BC4	0x081E2C1B	thumb	rfu_STC_CHILD_analyzeRecvPacket
0x081E2C1C	0x081E2E5F	thumb	rfu_STC_analyzeLLSF
0x081E2E60	0x081E2F13	thumb	rfu_STC_UNI_receive
0x081E2F14	0x081E30FF	thumb	rfu_STC_NI_receive_Sender
0x081E3100	0x081E327B	thumb	rfu_STC_NI_receive_Receiver
0x081E327C	0x081E330B	thumb	rfu_STC_NI_initSlot_asRecvControllData
0x081E330C	0x081E33C3	thumb	rfu_STC_NI_initSlot_asRecvDataEntity
0x081E33C4	0x081E345F	thumb	rfu_NI_checkCommFailCounter
0x081E3460	0x081E3477	thumb	rfu_REQ_noise
0x081E3478	0x081E352B	thumb	AgbRFU_checkID
0x081E352C	0x081E359F	thumb	Sio32IDInit
0x081E35A0	0x081E3693	thumb	Sio32IDMain
0x081E3694	0x081E3783	thumb	Sio32IDIntr
0x081E3784	0x081E380B	thumb	AGBPrintInit
0x081E380C	0x081E38F5	thumb	AGBPutcInternal
0x081E38F8	0x081E3957	thumb	AGBPutc
0x081E3958	0x081E39B3	thumb	AGBPrint
0x081E39B4	0x081E39F5	thumb	AGBPrintf
0x081E39F8	0x081E3ACF	thumb	AGBPrintTransferDataInternal
0x081E3AD0	0x081E3ADF	thumb	AGBPrintFlush1Block
0x081E3AE0	0x081E3AEF	thumb	AGBPrintFlush
0x081E3AF0	0x081E3B33	thumb	AGBAssert
0x081E3B34	0x081E3B37	thumb	ArcTan2
0x081E3B38	0x081E3B3B	thumb	BgAffineSet
0x081E3B3C	0x081E3B3F	thumb	CpuFastSet
0x081E3B40	0x081E3B43	thumb	CpuSet
0x081E3B44	0x081E3B47	thumb	Div
0x081E3B48	0x081E3B4B	thumb	LZ77UnCompVram
0x081E3B4C	0x081E3B4F	thumb	LZ77UnCompWram
0x081E3B50	0x081E3B55	thumb	MultiBoot
0x081E3B58	0x081E3B5B	thumb	ObjAffineSet
0x081E3B5C	0x081E3B5F	thumb	RegisterRamReset
0x081E3B60	0x081E3B77	thumb	SoftReset
0x081E3B78	0x081E3B7B	thumb	Sqrt
0x081E3B7C	0x081E3B81	thumb	VBlankIntrWait
0x081E3B84	0x081E3B87	thumb	_call_via_r0
0x081E3B88	0x081E3B8B	thumb	_call_via_r1
0x081E3B8C	0x081E3B8F	thumb	_call_via_r2
0x081E3B90	0x081E3B93	thumb	_call_via_r3
0x081E3B94	0x081E3B97	thumb	_call_via_r4
0x081E3B98	0x081E3B9B	thumb	_call_via_r5
0x081E3B9C	0x081E3B9F	thumb	_call_via_r6
0x081E3BA0	0x081E3BA3	thumb	_call_via_r7
0x081E3BA4	0x081E3BA7	thumb	_call_via_r8
0x081E3BA8	0x081E3BAB	thumb	_call_via_r9
0x081E3BAC	0x081E3BAF	thumb	_call_via_sl
0x081E3BB0	0x081E3BB3	thumb	_call_via_fp
0x081E3BB4	0x081E3BB7	thumb	_call_via_ip
0x081E3BB8	0x081E3BBB	thumb	_call_via_sp
0x081E3BBC	0x081E3BBF	thumb	_call_via_lr
0x081E3BC0	0x081E3FF3	thumb	__divdi3
0x081E3FF4	0x081E4085	thumb	__divsi3
0x081E4088	0x081E4089	thumb	__div0
0x081E408C	0x081E40CF	thumb	__fixunsdfsi
0x081E40D0	0x081E419D	thumb	__modsi3
0x081E41A0	0x081E420F	thumb	__muldi3
0x081E4210	0x081E45E7	thumb	__udivdi3
0x081E45E8	0x081E465F	thumb	__udivsi3
0x081E4660	0x081E471F	thumb	__umodsi3
0x081E4720	0x081E4867	thumb	__pack_d
0x081E4868	0x081E493F	thumb	__unpack_d
0x081E4940	0x081E4BAB	thumb	_fpadd_parts
0x081E4BAC	0x081E4BDB	thumb	__adddf3
0x081E4BDC	0x081E4C13	thumb	__subdf3
0x081E4C14	0x081E4EBB	thumb	__muldf3
0x081E4EBC	0x081E5043	thumb	__divdf3
0x081E5044	0x081E5141	thumb	__fpcmp_parts_d
0x081E5144	0x081E516D	thumb	__cmpdf2
0x081E5170	0x081E51B9	thumb	__eqdf2
0x081E51BC	0x081E5205	thumb	__nedf2
0x081E5208	0x081E5253	thumb	__gtdf2
0x081E5254	0x081E529F	thumb	__gedf2
0x081E52A0	0x081E52E9	thumb	__ltdf2
0x081E52EC	0x081E5335	thumb	__ledf2
0x081E5338	0x081E53B3	thumb	__floatsidf
0x081E53B4	0x081E5425	thumb	__fixdfsi
0x081E5428	0x081E544D	thumb	__negdf2
0x081E5450	0x081E5475	thumb	__make_dp
0x081E5478	0x081E54BB	thumb	__truncdfsf2
0x081E54BC	0x081E5573	thumb	__pack_f
0x081E5574	0x081E55ED	thumb	__unpack_f
0x081E55F0	0x081E5769	thumb	_fpadd_parts
0x081E576C	0x081E5797	thumb	__addsf3
0x081E5798	0x081E57CB	thumb	__subsf3
0x081E57CC	0x081E592F	thumb	__mulsf3
0x081E5930	0x081E5A19	thumb	__divsf3
0x081E5A1C	0x081E5AFF	thumb	__fpcmp_parts_f
0x081E5B00	0x081E5B25	thumb	__cmpsf2
0x081E5B28	0x081E5B6D	thumb	__eqsf2
0x081E5B70	0x081E5BB5	thumb	__nesf2
0x081E5BB8	0x081E5BFF	thumb	__gtsf2
0x081E5C00	0x081E5C47	thumb	__gesf2
0x081E5C48	0x081E5C8D	thumb	__ltsf2
0x081E5C90	0x081E5CD5	thumb	__lesf2
0x081E5CD8	0x081E5D37	thumb	__floatsisf
0x081E5D38	0x081E5D9F	thumb	__fixsfsi
0x081E5DA0	0x081E5DC3	thumb	__negsf2
0x081E5DC4	0x081E5DD9	thumb	__make_fp
0x081E5DDC	0x081E5E07	thumb	__extendsfdf2
0x081E5E08	0x081E5E39	thumb	__lshrdi3
0x081E5E3C	0x081E5E51	thumb	__negdi2
0x081E5E54	0x081E5EB1	thumb	memcpy
0x081E5EB4	0x081E5F05	thumb	memset
0x081E5F08	0x081E5F61	thumb	strcmp
0x081E5F64	0x081E5FAD	thumb	strcpy
0x081E5FB0	0x081E5FE3	thumb	vsprintf
0x081E5FE4	0x081E6001	thumb	__sprint
0x081E6004	0x081E6077	thumb	__sbprintf
0x081E6078	0x081E608B	thumb	vfprintf
0x081E608C	0x081E6FEB	thumb	_vfprintf_r
0x081E6FEC	0x081E70DF	thumb	cvt
0x081E70E0	0x081E714D	thumb	exponent
0x081E7150	0x081E71FB	thumb	__swsetup
0x081E71FC	0x081E7357	thumb	quorem
0x081E7358	0x081E804D	thumb	_dtoa_r
0x081E8050	0x081E80E3	thumb	fflush
0x081E80E4	0x081E811B	thumb	std
0x081E811C	0x081E814B	thumb	__sfmoreglue
0x081E814C	0x081E81BF	thumb	__sfp
0x081E81C0	0x081E81CF	thumb	_cleanup_r
0x081E81D0	0x081E81DF	thumb	_cleanup
0x081E81E0	0x081E823F	thumb	__sinit
0x081E8240	0x081E83FD	thumb	_free_r
0x081E8400	0x081E84BF	thumb	_malloc_trim_r
0x081E84C0	0x081E86E9	thumb	__sfvwrite
0x081E86EC	0x081E872B	thumb	_fwalk
0x081E872C	0x081E8767	thumb	_setlocale_r
0x081E8768	0x081E876F	thumb	_localeconv_r
0x081E8770	0x081E8787	thumb	setlocale
0x081E8788	0x081E8797	thumb	localeconv
0x081E8798	0x081E8873	thumb	__smakebuf
0x081E8874	0x081E89CF	thumb	malloc_extend_top
0x081E89D0	0x081E8D8F	thumb	_malloc_r
0x081E8D90	0x081E8DB9	thumb	_mbtowc_r
0x081E8DBC	0x081E8E3B	thumb	memchr
0x081E8E3C	0x081E8EC3	thumb	memmove
0x081E8EC4	0x081E8EC5	thumb	__malloc_lock
0x081E8EC8	0x081E8EC9	thumb	__malloc_unlock
0x081E8ECC	0x081E8F21	thumb	_Balloc
0x081E8F24	0x081E8F3B	thumb	_Bfree
0x081E8F3C	0x081E8FD3	thumb	_multadd
0x081E8FD4	0x081E9055	thumb	_s2b
0x081E9058	0x081E90AF	thumb	_hi0bits
0x081E90B0	0x081E9131	thumb	_lo0bits
0x081E9134	0x081E9145	thumb	_i2b
0x081E9148	0x081E92B1	thumb	_multiply
0x081E92B4	0x081E934B	thumb	_pow5mult
0x081E934C	0x081E93E9	thumb	_lshift
0x081E93EC	0x081E9429	thumb	__mcmp
0x081E942C	0x081E951B	thumb	__mdiff
0x081E951C	0x081E9567	thumb	_ulp
0x081E9568	0x081E9623	thumb	_b2d
0x081E9624	0x081E970B	thumb	_d2b
0x081E970C	0x081E975B	thumb	_ratio
0x081E975C	0x081E979B	thumb	_mprec_log10
0x081E979C	0x081E97BF	thumb	isinf
0x081E97C0	0x081E97DF	thumb	isnan
0x081E97E0	0x081E980B	thumb	_sbrk_r
0x081E980C	0x081E983F	thumb	__sread
0x081E9840	0x081E987F	thumb	__swrite
0x081E9880	0x081E98BD	thumb	__sseek
0x081E98C0	0x081E98CF	thumb	__sclose
0x081E98D0	0x081E9911	thumb	strlen
0x081E9914	0x081E9931	thumb	findslot
0x081E9934	0x081E997F	thumb	remap_handle
0x081E9980	0x081E99EF	thumb	initialise_monitor_handles
0x081E99F0	0x081E9A01	thumb	get_errno
0x081E9A04	0x081E9A17	thumb	error
0x081E9A18	0x081E9A2F	thumb	wrap
0x081E9A30	0x081E9A51	thumb	_swiread
0x081E9A54	0x081E9A9B	thumb	_read
0x081E9A9C	0x081E9B1F	thumb	_swilseek
0x081E9B20	0x081E9B2B	thumb	_lseek
0x081E9B2C	0x081E9B4D	thumb	_swiwrite
0x081E9B50	0x081E9B9B	thumb	_write
0x081E9B9C	0x081E9C39	thumb	_swiopen
0x081E9C3C	0x081E9C4F	thumb	_open
0x081E9C50	0x081E9C83	thumb	_swiclose
0x081E9C84	0x081E9C8F	thumb	_close
0x081E9C90	0x081E9CAF	thumb	_exit
0x081E9CB0	0x081E9CCF	thumb	_kill
0x081E9CD0	0x081E9CD3	thumb	_getpid
0x081E9CD4	0x081E9D0F	thumb	_sbrk
0x081E9D10	0x081E9D19	thumb	_fstat
0x081E9D1C	0x081E9D21	thumb	_unlink
0x081E9D24	0x081E9D25	thumb	_raise
0x081E9D28	0x081E9D53	thumb	_gettimeofday
0x081E9D54	0x081E9D75	thumb	_times
0x081E9D78	0x081E9DA7	thumb	_write_r
0x081E9DA8	0x081E9DFF	thumb	_calloc_r
0x081E9E00	0x081E9E2B	thumb	_close_r
0x081E9E2C	0x081E9E37	thumb	__errno
0x081E9E38	0x081E9E63	thumb	_fstat_r
0x081E9E64	0x081E9E83	thumb	abort
0x081E9E84	0x081E9E87	thumb	isatty
0x081E9E88	0x081E9E89	thumb	alarm
0x081E9E8C	0x081E9EBB	thumb	_lseek_r
0x081E9EBC	0x081E9EEB	thumb	_read_r
