# addr	region	size	name  (STT_OBJECT, plus absolute symbols landing in a GBA region)
0x02000000	ewram	0x0	EWRAM_START
0x0201C000	ewram	0x4000	gDecompressionBuffer
0x02020000	ewram	0x2	gTrainerId
0x02020004	ewram	0x4	head
0x02020008	ewram	0x4	pos
0x0202000C	ewram	0x4	splitBlock
0x02020010	ewram	0x24	sTempTextPrinter
0x02020034	ewram	0x480	sTextPrinters
0x020204B4	ewram	0x180	gWindows
0x02020634	ewram	0x4	sWindowPtr
0x02020638	ewram	0x2	sWindowSize
0x0202063C	ewram	0x1144	gSprites
0x02021780	ewram	0x80	gSpritePriorities
0x02021800	ewram	0x40	gSpriteOrder
0x02021840	ewram	0x1	gShouldProcessSpriteCopyRequests
0x02021841	ewram	0x1	gSpriteCopyRequestCount
0x02021844	ewram	0x300	gSpriteCopyRequests
0x02021B44	ewram	0x1	gOamLimit
0x02021B46	ewram	0x2	gReservedSpriteTileCount
0x02021B48	ewram	0x80	gSpriteTileAllocBitmap
0x02021BC8	ewram	0x2	gSpriteCoordOffsetX
0x02021BCA	ewram	0x2	gSpriteCoordOffsetY
0x02021BCC	ewram	0x100	gOamMatrices
0x02021CCC	ewram	0x1	gAffineAnimsDisabled
0x02021CD0	ewram	0x20	gStringVar1
0x02021CF0	ewram	0x14	gStringVar2
0x02021D04	ewram	0x14	gStringVar3
0x02021D18	ewram	0x3E8	gStringVar4
0x02022100	ewram	0x10	gUnknownStringVar
0x02022110	ewram	0x1	sLinkTestDebugValuesEnabled
0x02022111	ewram	0x1	sDummyFlag
0x02022114	ewram	0x4	gBerryBlenderKeySendAttempts
0x02022118	ewram	0x500	gBlockRecvBuffer
0x02022618	ewram	0x100	gBlockSendBuffer
0x02022718	ewram	0x1	sLinkOpen
0x0202271A	ewram	0x2	gLinkType
0x0202271C	ewram	0x2	sTimeOutCounter
0x02022720	ewram	0x1C	gLocalLinkPlayer
0x0202273C	ewram	0x8C	gLinkPlayers
0x020227C8	ewram	0x8C	gSavedLinkPlayers
0x02022854	ewram	0x8	sLinkErrorBuffer
0x0202285C	ewram	0x2	sReadyCloseLinkAttempts
0x02022860	ewram	0x4	sLinkErrorBgTilemapBuffer
0x0202286C	ewram	0x1	sLinkSendTaskId
0x0202286D	ewram	0x1	sLinkReceiveTaskId
0x0202286E	ewram	0x1	sUnused
0x02022870	ewram	0x4	gUnusedControllerStruct
0x02022874	ewram	0x100	sBattleBuffersTransferData
0x02022974	ewram	0x2	gBattle_BG0_X
0x02022976	ewram	0x2	gBattle_BG0_Y
0x02022978	ewram	0x2	gBattle_BG1_X
0x0202297A	ewram	0x2	gBattle_BG1_Y
0x0202297C	ewram	0x2	gBattle_BG2_X
0x0202297E	ewram	0x2	gBattle_BG2_Y
0x02022980	ewram	0x2	gBattle_BG3_X
0x02022982	ewram	0x2	gBattle_BG3_Y
0x02022984	ewram	0x2	gBattle_WIN0H
0x02022986	ewram	0x2	gBattle_WIN0V
0x02022988	ewram	0x2	gBattle_WIN1H
0x0202298A	ewram	0x2	gBattle_WIN1V
0x0202298C	ewram	0x12C	gDisplayedStringBattle
0x02022AB8	ewram	0x10	gBattleTextBuff1
0x02022AC8	ewram	0x10	gBattleTextBuff2
0x02022AD8	ewram	0x10	gBattleTextBuff3
0x02022AE8	ewram	0x64	sFlickerArray
0x02022B4C	ewram	0x4	gBattleTypeFlags
0x02022B50	ewram	0x1	gBattleTerrain
0x02022B54	ewram	0x4	gUnusedFirstBattleVar1
0x02022B58	ewram	0x60	gMultiPartnerParty
0x02022BB8	ewram	0x4	gBattleAnimBgTileBuffer
0x02022BBC	ewram	0x4	gBattleAnimBgTilemapBuffer
0x02022BC0	ewram	0x4	sUnknownDebugSpriteDataBuffer
0x02022BC4	ewram	0x800	gBattleBufferA
0x020233C4	ewram	0x800	gBattleBufferB
0x02023BC4	ewram	0x1	gActiveBattler
0x02023BC8	ewram	0x4	gBattleControllerExecFlags
0x02023BCC	ewram	0x1	gBattlersCount
0x02023BCE	ewram	0x8	gBattlerPartyIndexes
0x02023BD6	ewram	0x4	gBattlerPositions
0x02023BDA	ewram	0x4	gActionsByTurnOrder
0x02023BDE	ewram	0x4	gBattlerByTurnOrder
0x02023BE2	ewram	0x1	gCurrentTurnActionNumber
0x02023BE3	ewram	0x1	gCurrentActionFuncId
0x02023BE4	ewram	0x160	gBattleMons
0x02023D44	ewram	0x4	gBattlerSpriteIds
0x02023D48	ewram	0x1	gCurrMovePos
0x02023D49	ewram	0x1	gChosenMovePos
0x02023D4A	ewram	0x2	gCurrentMove
0x02023D4C	ewram	0x2	gChosenMove
0x02023D4E	ewram	0x2	gCalledMove
0x02023D50	ewram	0x4	gBattleMoveDamage
0x02023D54	ewram	0x4	gHpDealt
0x02023D58	ewram	0x10	gTakenDmg
0x02023D68	ewram	0x2	gLastUsedItem
0x02023D6A	ewram	0x1	gLastUsedAbility
0x02023D6B	ewram	0x1	gBattlerAttacker
0x02023D6C	ewram	0x1	gBattlerTarget
0x02023D6D	ewram	0x1	gBattlerFainted
0x02023D6E	ewram	0x1	gEffectBattler
0x02023D6F	ewram	0x1	gPotentialItemEffectBattler
0x02023D70	ewram	0x1	gAbsentBattlerFlags
0x02023D71	ewram	0x1	gCritMultiplier
0x02023D72	ewram	0x1	gMultiHitCounter
0x02023D74	ewram	0x4	gBattlescriptCurrInstr
0x02023D78	ewram	0x4	gUnusedBattleMainVar
0x02023D7C	ewram	0x4	gChosenActionByBattler
0x02023D80	ewram	0x10	gSelectionBattleScripts
0x02023D90	ewram	0x8	gLastPrintedMoves
0x02023D98	ewram	0x8	gLastMoves
0x02023DA0	ewram	0x8	gLastLandedMoves
0x02023DA8	ewram	0x8	gLastHitByType
0x02023DB0	ewram	0x8	gLastResultingMoves
0x02023DB8	ewram	0x8	gLockedMoves
0x02023DC0	ewram	0x4	gLastHitBy
0x02023DC4	ewram	0x8	gChosenMoveByBattler
0x02023DCC	ewram	0x1	gMoveResultFlags
0x02023DD0	ewram	0x4	gHitMarker
0x02023DD4	ewram	0x4	sUnusedBattlersArray
0x02023DD8	ewram	0x4	gTakenDmgByBattler
0x02023DDC	ewram	0x1	gUnusedFirstBattleVar2
0x02023DDE	ewram	0x4	gSideStatuses
0x02023DE4	ewram	0x18	gSideTimers
0x02023DFC	ewram	0x10	gStatuses3
0x02023E0C	ewram	0x70	gDisableStructs
0x02023E7C	ewram	0x2	gPauseCounterBattle
0x02023E7E	ewram	0x2	gPaydayMoney
0x02023E80	ewram	0x2	gRandomTurnNumber
0x02023E82	ewram	0x8	gBattleCommunication
0x02023E8A	ewram	0x1	gBattleOutcome
0x02023E8C	ewram	0x40	gProtectStructs
0x02023ECC	ewram	0x50	gSpecialStatuses
0x02023F1C	ewram	0x2	gBattleWeather
0x02023F20	ewram	0x2C	gWishFutureKnock
0x02023F4C	ewram	0x2	gIntroSlideFlags
0x02023F4E	ewram	0x2	gSentPokesToOpponent
0x02023F50	ewram	0x2	gDynamicBasePower
0x02023F52	ewram	0x2	gExpShareExp
0x02023F54	ewram	0x70	gEnigmaBerries
0x02023FC4	ewram	0x24	gBattleScripting
0x02023FE8	ewram	0x4	gBattleStruct
0x02023FEC	ewram	0x4	gLinkBattleSendBuffer
0x02023FF0	ewram	0x4	gLinkBattleRecvBuffer
0x02023FF4	ewram	0x4	gBattleResources
0x02023FF8	ewram	0x4	gActionSelectionCursor
0x02023FFC	ewram	0x4	gMoveSelectionCursor
0x02024000	ewram	0x4	gBattlerStatusSummaryTaskId
0x02024004	ewram	0x1	gBattlerInMenuId
0x02024005	ewram	0x1	gDoingBattleAnim
0x02024008	ewram	0x10	gTransformedPersonalities
0x02024018	ewram	0x4	gBattleSpritesDataPtr
0x0202401C	ewram	0x4	gMonSpritesGfxPtr
0x02024020	ewram	0x2	gBattleMovePower
0x02024022	ewram	0x2	gMoveToLearn
0x02024024	ewram	0x4	gBattleMonForms
0x02024028	ewram	0x1	sLearningMoveTableID
0x02024029	ewram	0x1	gPlayerPartyCount
0x0202402A	ewram	0x1	gEnemyPartyCount
0x0202402C	ewram	0x258	gEnemyParty
0x02024284	ewram	0x258	gPlayerParty
0x020244DC	ewram	0x18	gMultiuseSpriteTemplate
0x020244F4	ewram	0x4	sMonSpritesGfxManager
0x020244F8	ewram	0x64	sHatchedEggLevelUpMoves
0x0202455C	ewram	0x8	sHatchedEggFatherMoves
0x02024564	ewram	0x8	sHatchedEggFinalMoves
0x0202456C	ewram	0x14	sHatchedEggEggMoves
0x02024580	ewram	0x8	sHatchedEggMotherMoves
0x02024588	ewram	0xF24	gSaveBlock2
0x020254AC	ewram	0x80	gSaveBlock2_DMA
0x0202552C	ewram	0x3D68	gSaveBlock1
0x02029294	ewram	0x80	gSaveBlock1_DMA
0x02029314	ewram	0x83D0	gPokemonStorage
0x020316E4	ewram	0x80	gSaveBlock3_DMA
0x02031764	ewram	0x528	gLoadedSaveData
0x02031C8C	ewram	0x4	gLastEncryptionKey
0x02031C90	ewram	0x4	sMenuTextTileBuffer
0x02031C94	ewram	0x38	sMenuTextTileBuffers
0x02031CCC	ewram	0xD8	gLinkPartnerMail
0x02031DA4	ewram	0x2	gSelectedTradeMonPositions
0x02031DA8	ewram	0x4	sTradeMenu
0x02031DAC	ewram	0x4	sTradeAnim
0x02031DB0	ewram	0x1	gDifferentSaveFile
0x02031DB4	ewram	0x8	gLastUsedWarp
0x02031DBC	ewram	0x8	sWarpDestination
0x02031DC4	ewram	0x8	sFixedDiveWarp
0x02031DCC	ewram	0x8	sFixedHoleWarp
0x02031DD4	ewram	0x4	sInitialPlayerAvatarState
0x02031DD8	ewram	0x1	gDisableMapMusicChangeOnMapLoad
0x02031DDA	ewram	0x2	sAmbientCrySpecies
0x02031DDC	ewram	0x1	sIsAmbientCryWaterMon
0x02031DE0	ewram	0x1	gExitStairsMovementDisabled
0x02031DE4	ewram	0x4	sCreditsOverworld_Script
0x02031DE8	ewram	0x2	sCreditsOverworld_CmdLength
0x02031DEA	ewram	0x2	sCreditsOverworld_CmdIndex
0x02031DEC	ewram	0x10	gLinkPlayerObjectEvents
0x02031DFC	ewram	0x5000	gBackupMapData
0x02036DFC	ewram	0x1C	gMapHeader
0x02036E18	ewram	0xC	gCamera
0x02036E24	ewram	0x4	gMapConnectionFlags
0x02036E28	ewram	0x1	gGlobalFieldTintMode
0x02036E2C	ewram	0x1	gBikeCameraAheadPanback
0x02036E30	ewram	0x4	sPlayerObjectPtr
0x02036E34	ewram	0x1	sTeleportSavedFacingDirection
0x02036E38	ewram	0x240	gObjectEvents
0x02037078	ewram	0x20	gPlayerAvatar
0x02037098	ewram	0x1	sCurrentReflectionType
0x0203709A	ewram	0x2	sCurrentSpecialObjectPaletteTag
0x0203709C	ewram	0x1	sMessageBoxType
0x020370A0	ewram	0x1	gWalkAwayFromSignInhibitTimer
0x020370A4	ewram	0x4	gRamScriptRetAddr
0x020370A8	ewram	0x4	sAddressOffset
0x020370AC	ewram	0x1	sQuestLogWaitButtonPressTimer
0x020370AE	ewram	0x2	sPauseCounter
0x020370B0	ewram	0x2	sMovingNpcId
0x020370B2	ewram	0x2	sMovingNpcMapGroup
0x020370B4	ewram	0x2	sMovingNpcMapNum
0x020370B6	ewram	0x2	sFieldEffectScriptId
0x020370B8	ewram	0x2	gSpecialVar_0x8000
0x020370BA	ewram	0x2	gSpecialVar_0x8001
0x020370BC	ewram	0x2	gSpecialVar_0x8002
0x020370BE	ewram	0x2	gSpecialVar_0x8003
0x020370C0	ewram	0x2	gSpecialVar_0x8004
0x020370C2	ewram	0x2	gSpecialVar_0x8005
0x020370C4	ewram	0x2	gSpecialVar_0x8006
0x020370C6	ewram	0x2	gSpecialVar_0x8007
0x020370C8	ewram	0x2	gSpecialVar_0x8008
0x020370CA	ewram	0x2	gSpecialVar_0x8009
0x020370CC	ewram	0x2	gSpecialVar_0x800A
0x020370CE	ewram	0x2	gSpecialVar_0x800B
0x020370D0	ewram	0x2	gSpecialVar_Result
0x020370D2	ewram	0x2	gSpecialVar_LastTalked
0x020370D4	ewram	0x2	gSpecialVar_Facing
0x020370D6	ewram	0x2	gSpecialVar_MonBoxId
0x020370D8	ewram	0x2	gSpecialVar_MonBoxPos
0x020370DA	ewram	0x2	gSpecialVar_TextColor
0x020370DC	ewram	0x2	gSpecialVar_PrevTextColor
0x020370DE	ewram	0x2	gSpecialVar_0x8014
0x020370E0	ewram	0x10	sSpecialFlags
0x020370F0	ewram	0x4	sStartMenuCallback
0x020370F4	ewram	0x1	sStartMenuCursorPos
0x020370F5	ewram	0x1	sNumStartMenuItems
0x020370F6	ewram	0x9	sStartMenuOrder
0x020370FF	ewram	0x2	sDrawStartMenuState
0x02037101	ewram	0x1	sSafariZoneStatsWindowId
0x02037104	ewram	0x1	sSaveStatsWindowId
0x02037108	ewram	0xF0	sTilesetDMA3TransferBuffer
0x020371F8	ewram	0x400	gPlttBufferUnfaded
0x020375F8	ewram	0x400	gPlttBufferFaded
0x020379F8	ewram	0xC0	sPaletteStructs
0x02037AB8	ewram	0x10	gPaletteFade
0x02037AC8	ewram	0x4	sPlttBufferTransferPending
0x02037ACC	ewram	0x400	gPaletteDecompressionBuffer
0x02037ECC	ewram	0x4	gMPlay_PokemonCry
0x02037ED0	ewram	0x1	gPokemonCryBGMDuckingCounter
0x02037ED4	ewram	0x4	sBattleAnimScriptPtr
0x02037ED8	ewram	0x4	sBattleAnimScriptRetAddr
0x02037EDC	ewram	0x4	gAnimScriptCallback
0x02037EE0	ewram	0x1	sAnimFramesToWait
0x02037EE1	ewram	0x1	gAnimScriptActive
0x02037EE2	ewram	0x1	gAnimVisualTaskCount
0x02037EE3	ewram	0x1	gAnimSoundTaskCount
0x02037EE4	ewram	0x4	gAnimDisableStructPtr
0x02037EE8	ewram	0x4	gAnimMoveDmg
0x02037EEC	ewram	0x2	gAnimMovePower
0x02037EEE	ewram	0x10	sAnimSpriteIndexArray
0x02037EFE	ewram	0x1	gAnimFriendship
0x02037F00	ewram	0x2	gWeatherMoveAnim
0x02037F02	ewram	0x10	gBattleAnimArgs
0x02037F12	ewram	0x2	sSoundAnimFramesToWait
0x02037F14	ewram	0x2	sMonAnimTaskIdArray
0x02037F16	ewram	0x1	gAnimMoveTurn
0x02037F17	ewram	0x1	sAnimBackgroundFadeState
0x02037F18	ewram	0x2	sAnimMoveIndex
0x02037F1A	ewram	0x1	gBattleAnimAttacker
0x02037F1B	ewram	0x1	gBattleAnimTarget
0x02037F1C	ewram	0x8	gAnimBattlerSpecies
0x02037F24	ewram	0x1	gAnimCustomPanning
0x02037F28	ewram	0x4	sAnimTaskAffineAnim
0x02037F2C	ewram	0x4	sUnused
0x02037F30	ewram	0x1	sTitleScreenTimerTaskId
0x02037F34	ewram	0x750	sWeather
0x02038684	ewram	0x20	sFieldEffectPaletteGammaTypes
0x020386A4	ewram	0x4	sPaletteGammaTypes
0x020386A8	ewram	0x2	sDroughtFrameDelay
0x020386AC	ewram	0x2	sTrainerBattleMode
0x020386AE	ewram	0x2	gTrainerBattleOpponent_A
0x020386B0	ewram	0x2	sTrainerObjectEventLocalId
0x020386B4	ewram	0x4	sTrainerAIntroSpeech
0x020386B8	ewram	0x4	sTrainerADefeatSpeech
0x020386BC	ewram	0x4	sTrainerVictorySpeech
0x020386C0	ewram	0x4	sTrainerCannotBattleSpeech
0x020386C4	ewram	0x4	sTrainerBattleEndScript
0x020386C8	ewram	0x4	sTrainerABattleScriptRetAddr
0x020386CC	ewram	0x2	sRivalBattleFlags
0x020386D0	ewram	0xC	sWildEncounterData
0x020386DC	ewram	0x1	sWildEncountersDisabled
0x020386E0	ewram	0x20	gFieldEffectArguments
0x02038700	ewram	0xF00	gScanlineEffectRegBuffers
0x02039600	ewram	0x1C	gScanlineEffect
0x0203961C	ewram	0x1	sShouldStopWaveTask
0x02039620	ewram	0x4	sOptionMenuPtr
0x02039624	ewram	0x180	gTrainerCards
0x020397A4	ewram	0x4	sTrainerCardDataPtr
0x020397A8	ewram	0x1	sPreviousBoxOption
0x020397AC	ewram	0x4	sChooseBoxMenu
0x020397B0	ewram	0x4	gStorage
0x020397B4	ewram	0x1	sInPartyMenu
0x020397B5	ewram	0x1	sCurrentBoxOption
0x020397B6	ewram	0x1	sDepositBoxId
0x020397B7	ewram	0x1	sWhichToReshow
0x020397B8	ewram	0x1	sLastUsedBox
0x020397BA	ewram	0x2	sMovingItemId
0x020397BC	ewram	0x64	sMonBeingCarried
0x02039820	ewram	0x1	sCursorArea
0x02039821	ewram	0x1	sCursorPosition
0x02039822	ewram	0x1	sIsMonBeingMoved
0x02039823	ewram	0x1	sMovingMonOrigBoxId
0x02039824	ewram	0x1	sMovingMonOrigBoxPos
0x02039825	ewram	0x1	sInMultiMoveMode
0x02039826	ewram	0x1	sSavedCursorPosition
0x02039828	ewram	0x4	sMultiMove
0x0203982C	ewram	0x4	sUnkUtil
0x02039830	ewram	0x40	sMovementScripts
0x02039870	ewram	0x4	sCutGrassSpriteArrayPtr
0x02039874	ewram	0x1	sScheduleOpenDottedHole
0x02039878	ewram	0xC	sItemMenuIconSpriteIds
0x02039884	ewram	0x4	sItemIconTilesBuffer
0x02039888	ewram	0x4	sItemIconTilesBufferPadded
0x0203988C	ewram	0x28	gBagPockets
0x020398B4	ewram	0x80	sViewportObjectEvents
0x02039934	ewram	0x1C	sShopData
0x02039950	ewram	0x1	sShopMenuWindowId
0x02039954	ewram	0x4	gShopTilemapBuffer1
0x02039958	ewram	0x4	gShopTilemapBuffer2
0x0203995C	ewram	0x4	gShopTilemapBuffer3
0x02039960	ewram	0x4	gShopTilemapBuffer4
0x02039964	ewram	0x4	sShopMenuListMenu
0x02039968	ewram	0x4	sShopMenuItemStrings
0x0203996C	ewram	0x18	sHistory
0x02039984	ewram	0x1	sEscalatorTaskId
0x02039988	ewram	0x1	sDelay
0x0203998C	ewram	0x4	sNamingScreen
0x02039990	ewram	0x1	sMoneyBoxWindowId
0x02039994	ewram	0x1	gNumSafariBalls
0x02039996	ewram	0x2	gSafariZoneStepCounter
0x02039998	ewram	0x4	sItemUseOnFieldCB
0x0203999C	ewram	0x8	sFrenzyPlantRootData
0x020399A4	ewram	0xE	sUnusedOverheatData
0x020399B4	ewram	0x4	sAnimStatsChangeData
0x020399B8	ewram	0x2	sBgCnt
0x020399BC	ewram	0x4	sEasyChatSelectionData
0x020399C0	ewram	0x4	sMenu
0x020399C4	ewram	0x4	sMailViewResources
0x020399C8	ewram	0x4	sYesNo
0x020399CC	ewram	0x4	sMessageNextTask
0x020399D0	ewram	0x1	sMessageWindowId
0x020399D4	ewram	0x4	sRegionMap
0x020399D8	ewram	0x4	sSwitchMapMenu
0x020399DC	ewram	0x4	sDungeonMapPreview
0x020399E0	ewram	0x4	sMapOpenCloseAnim
0x020399E4	ewram	0x4	sMapCursor
0x020399E8	ewram	0x4	sPlayerIcon
0x020399EC	ewram	0x4	sMapIcons
0x020399F0	ewram	0xC	sRegionMapGpuRegs
0x020399FC	ewram	0x4	sFlyMap
0x02039A00	ewram	0x4	sAIScriptPtr
0x02039A04	ewram	0x8	gPlayerFacingPosition
0x02039A0C	ewram	0x1	sElevatorCurrentFloorWindowId
0x02039A0E	ewram	0x2	sElevatorScroll
0x02039A10	ewram	0x2	sElevatorCursorPos
0x02039A14	ewram	0x4	sListMenuItems
0x02039A18	ewram	0x2	sListMenuLastScrollPosition
0x02039A1A	ewram	0x1	sPCBoxToSendMon
0x02039A1B	ewram	0x1	sBrailleTextCursorSpriteID
0x02039A1C	ewram	0x4	sBg3TilemapBuffer_p
0x02039A20	ewram	0x4	sEvoStructPtr
0x02039A24	ewram	0x4	sBgAnimPal
0x02039A28	ewram	0x1	sCoinsWindowId
0x02039A2C	ewram	0x4	sTransitionData
0x02039A30	ewram	0x4	sBattlerAbilities
0x02039A34	ewram	0x4	sBattleMsgDataPtr
0x02039A38	ewram	0x1000	gSaveDataBuffer
0x0203AA38	ewram	0x4	gSaveUnusedVar2
0x0203AA3C	ewram	0x74	sMysteryEventScriptContext
0x0203AAB0	ewram	0x4	sPlttBufferBak
0x0203AAB4	ewram	0x4	sMoveRelearner
0x0203AAB8	ewram	0x2	sSpecialVar_0x8004_Copy
0x0203AABC	ewram	0x4	sItemOrder
0x0203AAC0	ewram	0x1	sTopMenuItemCount
0x0203AAC4	ewram	0x10	gPlayerPcMenuManager
0x0203AAD4	ewram	0x2C	sGcmb
0x0203AB00	ewram	0x2	sUnusedScene3Var0
0x0203AB02	ewram	0x2	sUnusedScene3Var1
0x0203AB04	ewram	0x2	sNidorinoJumpMult
0x0203AB06	ewram	0x2	sNidorinoAnimDelayTime
0x0203AB08	ewram	0x2	sNidorinoJumpDiv
0x0203AB0A	ewram	0x2	sNidorinoRecoilReturnTime
0x0203AB0C	ewram	0x2	sNidorinoUnusedVar
0x0203AB0E	ewram	0x2	sStarSpeedX
0x0203AB10	ewram	0x2	sStarSpeedY
0x0203AB12	ewram	0x2	sStarSparklesXmodMask
0x0203AB14	ewram	0x2	sStarSparklesUnusedVar
0x0203AB16	ewram	0x2	sStarSparklesSpawnRate
0x0203AB18	ewram	0x2	sStarSparklesFlickerStartTime
0x0203AB1A	ewram	0x2	sStarSparklesDestroySpriteTime
0x0203AB1C	ewram	0x2	sStarSparklesGravityShift
0x0203AB1E	ewram	0x2	sStarSparklesXspeed
0x0203AB20	ewram	0x2	sStarSparklesYspeed
0x0203AB22	ewram	0x2	sStarSparklesXprecision
0x0203AB24	ewram	0x2	sStarSparklesYprecision
0x0203AB28	ewram	0x4	sStarSparklesRngSeed.144
0x0203AB2C	ewram	0x2	sYmod.148
0x0203AB30	ewram	0x4	sGengarScroll.182
0x0203AB34	ewram	0x4	sSelectedPaletteIndices
0x0203AB38	ewram	0x4	sHofMonPtr
0x0203AB3C	ewram	0x4	sHofGfxPtr
0x0203AB40	ewram	0x4	sCreditsMgr
0x0203AB44	ewram	0x1	gHasHallOfFameRecords
0x0203AB48	ewram	0x4	sDiploma
0x0203AB4C	ewram	0x2	sSaveType
0x0203AB4E	ewram	0x2	sUnused
0x0203AB50	ewram	0x1	sSaveFailedScreenState
0x0203AB54	ewram	0x4	sClearSaveDataState
0x0203AB58	ewram	0x4	sScheduledBgCopiesToVram
0x0203AB5C	ewram	0x2	sTempTileDataBufferCursor
0x0203AB60	ewram	0x80	sTempTileDataBuffers
0x0203ABE0	ewram	0x1	sStartMenuWindowId
0x0203ABE4	ewram	0x4	sTilemapUtil
0x0203ABE8	ewram	0x2	sNumTilemapUtilIds
0x0203ABEC	ewram	0x1	sHasVisitedMapBefore
0x0203ABED	ewram	0x1	sAllocedBg0TilemapBuffer
0x0203ABF0	ewram	0x18	sRfuReqConfig
0x0203AC08	ewram	0xDC	sRfuDebug
0x0203ACE4	ewram	0x1	sWirelessStatusIndicatorSpriteId
0x0203ACE8	ewram	0x4	sEasyChatScreen
0x0203ACEC	ewram	0x4	sEasyChatGraphicsResources
0x0203ACF0	ewram	0x4	sPokedexScreenData
0x0203ACF4	ewram	0x8	sMysteryGiftLinkMenu
0x0203ACFC	ewram	0x14	gBagMenuState
0x0203AD10	ewram	0x4	sBagMenuDisplay
0x0203AD14	ewram	0x4	sBagBgTilemapBuffer
0x0203AD18	ewram	0x4	sListMenuItems
0x0203AD1C	ewram	0x4	sListMenuItemStrings
0x0203AD20	ewram	0x4	sContextMenuItemsBuffer
0x0203AD24	ewram	0x4	sContextMenuItemsPtr
0x0203AD28	ewram	0x1	sContextMenuNumItems
0x0203AD2C	ewram	0x4	sBackupPlayerBag
0x0203AD30	ewram	0x2	gSpecialVar_ItemId
0x0203AD34	ewram	0xB	sOpenWindows
0x0203AD40	ewram	0x18	sCreatingSpriteTemplate
0x0203AD58	ewram	0x60	sSpritePics
0x0203ADB8	ewram	0x4	sVsSeeker
0x0203ADBC	ewram	0x4	sStateDataPtr
0x0203ADC0	ewram	0x4	sBg1TilemapBuffer
0x0203ADC4	ewram	0x4	sListMenuItems
0x0203ADC8	ewram	0x4	sUnusedStringAllocation
0x0203ADCC	ewram	0xC	sListMenuState
0x0203ADD8	ewram	0x3	sSubmenuWindowIds
0x0203ADDC	ewram	0x3	sWindowIds
0x0203ADE0	ewram	0x4	sListMenuItems
0x0203ADE4	ewram	0xC	sMenu
0x0203ADF0	ewram	0x2	sTileNum
0x0203ADF2	ewram	0x1	sPaletteNum
0x0203ADF3	ewram	0x1	sYesNoWindowId
0x0203ADF4	ewram	0x1	sTopBarWindowId
0x0203ADF8	ewram	0x1	sCurrentSceneNum
0x0203ADF9	ewram	0x1	sNumScenes
0x0203ADFA	ewram	0x1	gQuestLogState
0x0203ADFC	ewram	0x2	sRecordSequenceStartIdx
0x0203ADFE	ewram	0x3	sWindowIds
0x0203AE04	ewram	0x4	gQuestLogDefeatedWildMonRecord
0x0203AE08	ewram	0x4	gQuestLogRecordingPointer
0x0203AE0C	ewram	0x80	sEventData
0x0203AE8C	ewram	0x4	sQuestLogCB
0x0203AE90	ewram	0x4	sPalettesBackup
0x0203AE94	ewram	0x4	sPlaybackControl
0x0203AE98	ewram	0x100	sQuestLogActionRecordBuffer
0x0203AF98	ewram	0x2	gQuestLogCurActionIdx
0x0203AF9A	ewram	0x80	sMovementScripts
0x0203B01A	ewram	0x2	sNextActionDelay
0x0203B01C	ewram	0x2	sLastQuestLogCursor
0x0203B01E	ewram	0x2	sFlagOrVarPlayhead
0x0203B020	ewram	0x1	sHelpMessageWindowId
0x0203B024	ewram	0x20	sDeferredEvent
0x0203B044	ewram	0x4	gQuestLogRepeatEventTracker
0x0203B048	ewram	0x1	sStepRecordingMode
0x0203B049	ewram	0x1	sNewlyEnteredMap
0x0203B04A	ewram	0x1	sLastDepartedLocation
0x0203B04B	ewram	0x1	sPlayedTheSlots
0x0203B04C	ewram	0xC	sUnionRoomPlayerName
0x0203B058	ewram	0x1	sPlayerCurrActivity
0x0203B059	ewram	0x1	sPlayerActivityGroupSize
0x0203B05C	ewram	0x4	sWirelessLinkMain
0x0203B060	ewram	0x4	sUnused
0x0203B064	ewram	0x4	gRfuPartnerCompatibilityData
0x0203B068	ewram	0x2	gUnionRoomOfferedSpecies
0x0203B06A	ewram	0x1	gUnionRoomRequestedMonType
0x0203B06C	ewram	0x18	sUnionRoomTrade
0x0203B084	ewram	0x4	sUnionObjWork
0x0203B088	ewram	0x4	sUnionObjRefreshTimer
0x0203B08C	ewram	0x4	sWork
0x0203B090	ewram	0x4	sCancelDisabled
0x0203B094	ewram	0x1	sPSATaskId
0x0203B098	ewram	0x4	sPSAWork
0x0203B09C	ewram	0x4	sPartyMenuInternal
0x0203B0A0	ewram	0x14	gPartyMenu
0x0203B0B4	ewram	0x4	sPartyMenuBoxes
0x0203B0B8	ewram	0x4	sPartyBgGfxTilemap
0x0203B0BC	ewram	0x4	sPartyBgTilemapBuffer
0x0203B0C0	ewram	0x1	gPartyMenuUseExitCallback
0x0203B0C1	ewram	0x1	gSelectedMonPartyId
0x0203B0C4	ewram	0x4	gPostMenuFieldCallback
0x0203B0C8	ewram	0x4	sSlot1TilemapBuffer
0x0203B0CC	ewram	0x4	sSlot2TilemapBuffer
0x0203B0D0	ewram	0x4	sSacredAshQuestLogMonBackup
0x0203B0D4	ewram	0x3	gSelectedOrderFromParty
0x0203B0D8	ewram	0x2	sPartyMenuItemId
0x0203B0DC	ewram	0x3	gBattlePartyCurrentOrder
0x0203B0E0	ewram	0x4	sWork
0x0203B0E4	ewram	0x4	sWork
0x0203B0E8	ewram	0x4	sWork
0x0203B0EC	ewram	0x2	sHelpSystemContextId
0x0203B0EE	ewram	0x1	sSeenHelpSystemIntro
0x0203B0F0	ewram	0x4	sBg3TilemapBuffer
0x0203B0F4	ewram	0x4	sBg1TilemapBuffer
0x0203B0F8	ewram	0x4	sBg2TilemapBuffer
0x0203B0FC	ewram	0x4	sFameCheckerData
0x0203B100	ewram	0x4	sListMenuItems
0x0203B104	ewram	0x4	sLastMenuIdx
0x0203B108	ewram	0x4	sOakSpeechResources
0x0203B10C	ewram	0xC	sTMCaseStaticResources
0x0203B118	ewram	0x4	sTMCaseDynamicResources
0x0203B11C	ewram	0x4	sPokedudeBagBackup
0x0203B120	ewram	0x4	sTilemapBuffer
0x0203B124	ewram	0x4	sListMenuItemsBuffer
0x0203B128	ewram	0x4	sListMenuStringsBuffer
0x0203B12C	ewram	0x4	sTMSpritePaletteBuffer
0x0203B130	ewram	0x10	sTempScrollArrowTemplate
0x0203B140	ewram	0x4	sMonSummaryScreen
0x0203B144	ewram	0x4	sMonSkillsPrinterXpos
0x0203B148	ewram	0x10	sMoveSelectionCursorObjs
0x0203B158	ewram	0x4	sStatusIcon
0x0203B15C	ewram	0x4	sHpBarObjs
0x0203B160	ewram	0x4	sExpBarObjs
0x0203B164	ewram	0x4	sPokerusIconObj
0x0203B168	ewram	0x4	sShinyStarObjData
0x0203B16C	ewram	0x1	sLastViewedMonIndex
0x0203B16D	ewram	0x1	sMoveSelectionCursorPos
0x0203B16E	ewram	0x1	sMoveSwapCursorPos
0x0203B170	ewram	0x4	sMonPicBounceState
0x0203B174	ewram	0x4000	sMapTilesBackup
0x0203F174	ewram	0x1	gDisableHelpSystemVolumeReduce
0x0203F175	ewram	0x1	gHelpSystemToggleWithRButtonDisabled
0x0203F176	ewram	0x1	sDelayTimer
0x0203F177	ewram	0x1	sInHelpSystem
0x0203F178	ewram	0x18	sVideoState
0x0203F190	ewram	0x1C	gHelpSystemListMenu
0x0203F1AC	ewram	0x1A0	gHelpSystemListMenuItems
0x0203F34C	ewram	0x20	sStringPointers
0x0203F36C	ewram	0x4	sResources
0x0203F370	ewram	0xC	sStaticCnt
0x0203F37C	ewram	0x4	sListMenuItems
0x0203F380	ewram	0x4	sListMenuStrbuf
0x0203F384	ewram	0x4	sContextMenuOptions
0x0203F388	ewram	0x1	sContextMenuNumOptions
0x0203F38C	ewram	0xE	sVariableWindowIds
0x0203F39C	ewram	0x1	sBerryPouchSpriteId
0x0203F3A0	ewram	0x4	sSlotMachineState
0x0203F3A4	ewram	0x4	sSlotMachineGfxManager
0x0203F3A8	ewram	0x6	sLocationHistory
0x0203F3AE	ewram	0x2	sRoamerLocation
0x0203F3B0	ewram	0x8	sDownArrowCounterAndYCoordIdx
0x0203F3B8	ewram	0x1	gGiftIsFromEReader
0x0203F3BC	ewram	0x4	sStatsEnabled
0x0203F3C0	ewram	0x4	sClient
0x0203F3C4	ewram	0x4	sServer
0x0203F3C8	ewram	0x4	sWonderCardData
0x0203F3CC	ewram	0x4	sWonderNewsData
0x0203F3D0	ewram	0x4	sBg3TilemapBuffer
0x0203F3D4	ewram	0x4	sPokemonJump
0x0203F3D8	ewram	0x4	sPokemonJumpGfx
0x0203F3DC	ewram	0x4	sGame
0x0203F3E0	ewram	0x4	sGame
0x0203F3E4	ewram	0x14	sDodrioSpriteIds
0x0203F3F8	ewram	0x8	sCloudSpriteIds
0x0203F400	ewram	0x2C	sBerrySpriteIds
0x0203F42C	ewram	0x10	sBerryIconSpriteIds
0x0203F43C	ewram	0x4	sStatusBar
0x0203F440	ewram	0x4	sGfx
0x0203F444	ewram	0xC	sStaticResources
0x0203F450	ewram	0x4	sResources
0x0203F454	ewram	0x4	sOamWork
0x0203F458	ewram	0x4	sTrainerTowerState
0x0203F45C	ewram	0x4	sTrainerTowerOpponent
0x0203F460	ewram	0x1	sUnused
0x0203F464	ewram	0x1	sBerryPowderVendorWindowId
0x0203F468	ewram	0x2EC	impure_data
0x0203F754	ewram	0x4	_impure_ptr
0x0203F758	ewram	0x4	__mb_cur_max
0x0203F75C	ewram	0x8	lc_ctype.3
0x0203F764	ewram	0x8	last_lc_ctype.4
0x0203F76C	ewram	0x408	__malloc_av_
0x0203FB74	ewram	0x4	__malloc_trim_threshold
0x0203FB78	ewram	0x4	__malloc_top_pad
0x0203FB7C	ewram	0x4	__malloc_sbrk_base
0x0203FB80	ewram	0x4	__malloc_max_sbrked_mem
0x0203FB84	ewram	0x4	__malloc_max_total_mem
0x0203FB88	ewram	0x28	__malloc_current_mallinfo
0x03000000	iwram	0x0	IWRAM_START
0x03000060	iwram	0x60	sGpuRegWaitingList
0x030000C0	iwram	0x1	sGpuRegBufferLocked
0x030000C1	iwram	0x1	sShouldSyncRegIE
0x030000C2	iwram	0x2	sRegIE
0x030000C8	iwram	0x800	gDma3Requests
0x030008C8	iwram	0x1	gDma3ManagerLocked
0x030008C9	iwram	0x1	gDma3RequestCursor
0x030008D0	iwram	0x14	sGpuBgConfigs
0x030008E8	iwram	0x40	sGpuBgConfigs2
0x03000928	iwram	0x10	sDmaBusyBitfield
0x03000938	iwram	0x100	gpu_tile_allocation_map_bg
0x03000A38	iwram	0x4	sHeapStart
0x03000A3C	iwram	0x4	sHeapSize
0x03000A40	iwram	0xA2	sFontHalfRowLookupTable
0x03000AE2	iwram	0x2	sLastTextBgColor
0x03000AE4	iwram	0x2	sLastTextFgColor
0x03000AE6	iwram	0x2	sLastTextShadowColor
0x03000AE8	iwram	0x80	sSpriteTileRangeTags
0x03000B68	iwram	0x100	sSpriteTileRanges
0x03000C68	iwram	0x180	sAffineAnimStates
0x03000DE8	iwram	0x20	sSpritePaletteTags
0x03000E08	iwram	0xC	sBlockSend
0x03000E18	iwram	0x30	sBlockRecv
0x03000E48	iwram	0x4	sBlockSendDelayCounter
0x03000E4C	iwram	0x4	sDummy1
0x03000E50	iwram	0x1	sDummy2
0x03000E54	iwram	0x4	sPlayerDataExchangeStatus
0x03000E58	iwram	0x4	sDummy3
0x03000E5C	iwram	0x1	sLinkTestLastBlockSendPos
0x03000E60	iwram	0x4	sLinkTestLastBlockRecvPos
0x03000E64	iwram	0x1	sNumVBlanksWithoutSerialIntr
0x03000E65	iwram	0x1	sSendBufferEmpty
0x03000E66	iwram	0x2	sSendNonzeroCheck
0x03000E68	iwram	0x2	sRecvNonzeroCheck
0x03000E6A	iwram	0x1	sChecksumAvailable
0x03000E6B	iwram	0x1	sHandshakePlayerCount
0x03000E6C	iwram	0x6	MultiBoot_required_data
0x03000E74	iwram	0x4	sEggHatchData
0x03000E78	iwram	0x2	dummy.9
0x03000E7C	iwram	0x1	sPlayTimeCounterState
0x03000E80	iwram	0x4	sPlayerLinkStates
0x03000E84	iwram	0x4	sPlayerKeyInterceptCallback
0x03000E88	iwram	0x1	sReceivingFromLink
0x03000E89	iwram	0x1	sRfuKeepAliveTimer
0x03000E90	iwram	0x8	sFieldCameraOffset
0x03000E98	iwram	0x2	sHorizontalCameraPan
0x03000E9A	iwram	0x2	sVerticalCameraPan
0x03000E9C	iwram	0x1	sBikeCameraPanFlag
0x03000EA0	iwram	0x4	sFieldCameraPanningCallback
0x03000EA8	iwram	0x1	sGlobalScriptContextStatus
0x03000EAC	iwram	0x4	sUnusedVariable1
0x03000EB0	iwram	0x74	sGlobalScriptContext
0x03000F24	iwram	0x4	sUnusedVariable2
0x03000F28	iwram	0x74	sImmediateScriptContext
0x03000F9C	iwram	0x1	sLockFieldControls
0x03000F9D	iwram	0x1	sMsgBoxWalkawayDisabled
0x03000F9E	iwram	0x1	sMsgBoxIsCancelable
0x03000F9F	iwram	0x1	sQuestLogInput
0x03000FA0	iwram	0x1	sQuestLogInputIsDpad
0x03000FA1	iwram	0x1	sMsgIsSignpost
0x03000FA4	iwram	0x4	sSaveDialogCB
0x03000FA8	iwram	0x1	sSaveDialogDelay
0x03000FA9	iwram	0x1	sSaveDialogIsPrinting
0x03000FAC	iwram	0x1	sTilesetDMA3TransferBufferSize
0x03000FAE	iwram	0x2	sPrimaryTilesetAnimCounter
0x03000FB0	iwram	0x2	sPrimaryTilesetAnimCounterMax
0x03000FB2	iwram	0x2	sSecondaryTilesetAnimCounter
0x03000FB4	iwram	0x2	sSecondaryTilesetAnimCounterMax
0x03000FB8	iwram	0x4	sPrimaryTilesetAnimCallback
0x03000FBC	iwram	0x4	sSecondaryTilesetAnimCallback
0x03000FC0	iwram	0x2	sCurrentMapMusic
0x03000FC2	iwram	0x2	sNextMapMusic
0x03000FC4	iwram	0x1	sMapMusicState
0x03000FC5	iwram	0x1	sMapMusicFadeInSpeed
0x03000FC6	iwram	0x2	sFanfareCounter
0x03000FC8	iwram	0x20	sFieldEffectActiveList
0x03000FE8	iwram	0x184	sItemIconGfxBuffer.90
0x0300116C	iwram	0x4	i.96
0x03001170	iwram	0x4	j.97
0x03001174	iwram	0x4	k.98
0x03001178	iwram	0x4	index.99
0x0300117C	iwram	0x4	numWords.100
0x03001180	iwram	0x4	numToProcess.101
0x03001184	iwram	0x4	words.102
0x03001188	iwram	0x1	heldKeyCount.123
0x03001190	iwram	0xE64	sRfuAPIBuffer
0x03001FF8	iwram	0x10	sResendBlock8
0x03002008	iwram	0x10	sResendBlock16
0x03002018	iwram	0x1	counter.42
0x0300201C	iwram	0x4	sFlagOrVarRecords
0x03002020	iwram	0x2	sNumFlagsOrVars
0x03002024	iwram	0x4	sLeader
0x03002028	iwram	0x4	sGroup
0x0300202C	iwram	0x4	sURoom
0x03002030	iwram	0x8	spriteSheet.189
0x03002038	iwram	0x8	spritePalette.190
0x03002040	iwram	0x4	sStatusScreen
0x03002044	iwram	0x4	sExitingGame
0x03002048	iwram	0x18	sSendRecvMgr
0x03002060	iwram	0x2	sJoyNewOrRepeated
0x03002062	iwram	0x2	sJoyNew
0x03002064	iwram	0x2	sSendRecvStatus
0x03002066	iwram	0x2	sCounter1
0x03002068	iwram	0x4	sCounter2
0x0300206C	iwram	0x2	sSavedIme
0x0300206E	iwram	0x2	sSavedIe
0x03002070	iwram	0x2	sSavedTm3Cnt
0x03002072	iwram	0x2	sSavedSioCnt
0x03002074	iwram	0x2	sSavedRCnt
0x03002078	iwram	0x4	oamId.27
0x0300207C	iwram	0x4	curDigit.28
0x03002080	iwram	0x4	firstDigit.29
0x030027F8	iwram	0x1	sTimerNum
0x030027FA	iwram	0x2	sTimerCount
0x030027FC	iwram	0x4	sTimerReg
0x03002800	iwram	0x2	sSavedIme
0x03002808	iwram	0x14	thenan.3
0x03002820	iwram	0x10	thenan.3
0x03002830	iwram	0x4	heap_end.63
0x03002834	iwram	0x4	monitor_stdin
0x03002838	iwram	0x4	monitor_stdout
0x0300283C	iwram	0x4	monitor_stderr
0x03002840	iwram	0xA0	openfiles
0x030028E0	iwram	0x800	SoundMainRAM_Buffer
0x030030E0	iwram	0x2	gKeyRepeatStartDelay
0x030030E4	iwram	0x1	gLinkTransferringData
0x030030F0	iwram	0x43C	gMain
0x0300352C	iwram	0x2	gKeyRepeatContinueDelay
0x03003530	iwram	0x1	gSoftResetDisabled
0x03003540	iwram	0x38	gIntrTable
0x03003578	iwram	0x1	sVcountAfterSound
0x0300357C	iwram	0x1	gLinkVSyncDisabled
0x03003580	iwram	0x800	IntrMain_Buffer
0x03003D80	iwram	0x1	sVcountAtIntr
0x03003D84	iwram	0x1	sVcountBeforeSound
0x03003D88	iwram	0x1	gPcmDmaCounter
0x03003D8C	iwram	0x4	gWindowTileAutoAllocEnabled
0x03003D90	iwram	0x4	gFonts
0x03003DA0	iwram	0x84	gGlyphInfo
0x03003E30	iwram	0x1	gWindowClearTile
0x03003E40	iwram	0x10	gWindowBgTilemapBuffers
0x03003E50	iwram	0x4	gTextFlags
0x03003E54	iwram	0x4	gOamMatrixAllocBitmap
0x03003E58	iwram	0x1	gReservedSpritePaletteCount
0x03003E60	iwram	0xC	gLinkPartnersHeldKeys
0x03003E6C	iwram	0x4	gLinkDebugSeed
0x03003E70	iwram	0x3C	gLocalLinkPlayerBlock
0x03003EAC	iwram	0x1	gLinkErrorOccurred
0x03003EB0	iwram	0x4	gLinkDebugFlags
0x03003EB4	iwram	0x4	gLinkFiller1
0x03003EB8	iwram	0x4	gRemoteLinkPlayersNotReceived
0x03003EBC	iwram	0x4	gBlockReceivedStatus
0x03003EC0	iwram	0x4	gLinkFiller2
0x03003EC4	iwram	0x2	gLinkHeldKeys
0x03003ED0	iwram	0x50	gRecvCmds
0x03003F20	iwram	0x4	gLinkStatus
0x03003F24	iwram	0x1	gLinkDummy1
0x03003F28	iwram	0x1	gLinkDummy2
0x03003F2C	iwram	0x4	gReadyToExitStandby
0x03003F30	iwram	0x4	gReadyToCloseLink
0x03003F34	iwram	0x2	gReadyCloseLinkType
0x03003F38	iwram	0x1	gSuppressLinkErrorMessage
0x03003F3C	iwram	0x1	gWirelessCommType
0x03003F40	iwram	0x1	gSavedLinkPlayerCount
0x03003F50	iwram	0x10	gSendCmd
0x03003F60	iwram	0x1	gSavedMultiplayerId
0x03003F64	iwram	0x1	gReceivedRemoteLinkPlayers
0x03003F70	iwram	0x10	gLinkTestBGInfo
0x03003F80	iwram	0x4	gLinkCallback
0x03003F84	iwram	0x1	gShouldAdvanceLinkState
0x03003F88	iwram	0x8	gLinkTestBlockChecksums
0x03003F90	iwram	0x1	gBlockRequestType
0x03003F94	iwram	0x4	gLinkFiller3
0x03003F98	iwram	0x4	gLinkFiller4
0x03003F9C	iwram	0x4	gLinkFiller5
0x03003FA0	iwram	0x1	gLastSendQueueCount
0x03003FB0	iwram	0xFC0	gLink
0x03004F70	iwram	0x1	gLastRecvQueueCount
0x03004F74	iwram	0x2	gLinkSavedIme
0x03004F80	iwram	0x4	gPreBattleCallback1
0x03004F84	iwram	0x4	gBattleMainFunc
0x03004F90	iwram	0x44	gBattleResults
0x03004FD4	iwram	0x1	gLeveledUpInBattle
0x03004FE0	iwram	0x10	gBattlerControllerFuncs
0x03004FF0	iwram	0x4	gHealthboxSpriteIds
0x03004FF4	iwram	0x1	gMultiUsePlayerCursor
0x03004FF8	iwram	0x1	gNumberOfMovesToChoose
0x03004FFC	iwram	0x4	gBattleControllerData
0x03005000	iwram	0x4	gRngValue
0x03005004	iwram	0x4	gFlashMemoryPresent
0x03005008	iwram	0x4	gSaveBlock1Ptr
0x0300500C	iwram	0x4	gSaveBlock2Ptr
0x03005010	iwram	0x4	gPokemonStoragePtr
0x03005014	iwram	0x4	gBGTilemapBuffers1
0x03005018	iwram	0x4	gBGTilemapBuffers2
0x0300501C	iwram	0x4	gBGTilemapBuffers3
0x03005020	iwram	0x4	gFieldCallback
0x03005024	iwram	0x4	gFieldCallback2
0x03005028	iwram	0x2	gHeldKeyCodeToSend
0x0300502C	iwram	0x1	gLocalLinkPlayerId
0x03005030	iwram	0x1	gFieldLinkPlayerCount
0x03005040	iwram	0xC	VMap
0x03005050	iwram	0x18	gFieldCamera
0x03005068	iwram	0x2	gTotalCameraPixelOffsetY
0x0300506C	iwram	0x2	gTotalCameraPixelOffsetX
0x03005070	iwram	0x4	sQuestLogScriptContextPtr
0x03005074	iwram	0x1	gSelectedObjectEvent
0x03005078	iwram	0x4	gFieldInputRecord
0x0300507C	iwram	0x2	gLastQuestLogStoredFlagOrVarIdx
0x03005080	iwram	0x1	gDisableMusic
0x03005090	iwram	0x280	gTasks
0x03005310	iwram	0x20	UnusedVarNeededToMatch
0x03005330	iwram	0x1	gCanvasColumnStart
0x03005334	iwram	0x4	gCanvasPixels
0x03005338	iwram	0x1	gCanvasRowEnd
0x0300533C	iwram	0x1	gCanvasHeight
0x03005340	iwram	0x1	gCanvasColumnEnd
0x03005344	iwram	0x1	gCanvasRowStart
0x03005348	iwram	0x1	gCanvasMonPersonality
0x0300534C	iwram	0x1	gCanvasWidth
0x03005350	iwram	0x4	gCanvasPalette
0x03005354	iwram	0x2	gCanvasPaletteStart
0x03005360	iwram	0x18	sFieldSpecialsListMenuTemplate
0x03005378	iwram	0x2	sFieldSpecialsListMenuScrollBuffer
0x0300537C	iwram	0x4	gCB2_AfterEvolution
0x03005380	iwram	0x2	gLastWrittenSector
0x03005384	iwram	0x4	gLastSaveCounter
0x03005388	iwram	0x2	gLastKnownGoodSector
0x0300538C	iwram	0x4	gDamagedSaveSectors
0x03005390	iwram	0x4	gSaveCounter
0x03005394	iwram	0x4	gSaveDataBufferPtr
0x03005398	iwram	0x2	gIncrementalSectorId
0x0300539C	iwram	0x2	gSaveUnusedVar
0x030053A0	iwram	0x2	gSaveFileStatus
0x030053A4	iwram	0x4	gGameContinueCallback
0x030053B0	iwram	0x70	gRamSaveSectorLocations
0x03005420	iwram	0x2	gSaveAttemptStatus
0x03005424	iwram	0x4	gMonShrinkDuration
0x03005428	iwram	0x2	gMonShrinkDelta
0x0300542C	iwram	0x2	gMonShrinkDistance
0x03005430	iwram	0x4	sIsInSaveFailedScreen
0x03005440	iwram	0xE	gHostRfuGameData
0x03005450	iwram	0x9AC	gRfu
0x03005E00	iwram	0x8	gHostRfuUsername
0x03005E10	iwram	0x48	lman
0x03005E60	iwram	0x4	gListMenuOverride
0x03005E70	iwram	0x18	gMultiuseListMenuTemplate
0x03005E88	iwram	0x1	gQuestLogPlaybackState
0x03005E8C	iwram	0x2	sMaxActionsInScene
0x03005E90	iwram	0x4	gQuestLogFieldInput
0x03005E94	iwram	0x4	sCurSceneActions
0x03005E98	iwram	0x4	gItemUseCB
0x03005E9C	iwram	0x4	gHelpSystemState
0x03005EA0	iwram	0x2	gHelpContextIdBackup
0x03005EB0	iwram	0x18	gFameChecker_ListMenuTemplate
0x03005EC8	iwram	0x1	gIconDescriptionBoxIsOpen
0x03005ECC	iwram	0x1	gHelpSystemEnabled
0x03005ED0	iwram	0xC	gEReaderData
0x03005EE0	iwram	0x10	gPokedudeBattlerStates
0x03005EF0	iwram	0x4	gMultibootStart
0x03005EF4	iwram	0x4	gMultibootStatus
0x03005EF8	iwram	0x4	gMultibootSize
0x03005F00	iwram	0x4C	gMultibootParam
0x03005F50	iwram	0xFB0	gSoundInfo
0x03006F00	iwram	0x68	gPokemonCrySongs
0x03006F70	iwram	0x80	gPokemonCryMusicPlayers
0x03006FF0	iwram	0x90	gMPlayJumpTable
0x03007080	iwram	0x100	gCgbChans
0x03007180	iwram	0x140	gPokemonCryTracks
0x030072C0	iwram	0x34	gPokemonCrySong
0x03007300	iwram	0x40	gMPlayInfo_BGM
0x03007340	iwram	0x40	gMPlayInfo_SE1
0x03007380	iwram	0x40	gMPlayInfo_SE2
0x030073C0	iwram	0x10	gMPlayMemAccArea
0x030073D0	iwram	0x40	gMPlayInfo_SE3
0x03007410	iwram	0x1	gFlashTimeoutFlag
0x03007414	iwram	0x4	PollFlashStatus
0x03007418	iwram	0x4	WaitForFlashWrite
0x0300741C	iwram	0x4	ProgramFlashSector
0x03007420	iwram	0x4	gFlash
0x03007424	iwram	0x4	ProgramFlashByte
0x03007428	iwram	0x2	gFlashNumRemainingBytes
0x0300742C	iwram	0x4	EraseFlashChip
0x03007430	iwram	0x4	EraseFlashSector
0x03007434	iwram	0x4	gFlashMaxTime
0x03007438	iwram	0x4	gSTWIStatus
0x03007440	iwram	0x10	gRfuSlotStatusUNI
0x03007450	iwram	0x10	gRfuSlotStatusNI
0x03007460	iwram	0x4	gRfuLinkStatus
0x03007464	iwram	0x4	gRfuStatic
0x03007468	iwram	0x4	gRfuFixed
0x03007470	iwram	0xC	gRfuSIO32Id
0x0300747C	iwram	0x4	errno
0x03007FF0	iwram	0x0	SOUND_INFO_PTR
0x03007FF8	iwram	0x0	INTR_CHECK
0x03007FFC	iwram	0x0	INTR_VECTOR
0x04000000	io	0x0	REG_BASE
0x04000004	io	0x0	REG_DISPSTAT
0x04000006	io	0x0	REG_VCOUNT
0x04000008	io	0x0	REG_BG0CNT
0x0400000A	io	0x0	REG_BG1CNT
0x0400000C	io	0x0	REG_BG2CNT
0x0400000E	io	0x0	REG_BG3CNT
0x04000010	io	0x0	REG_BG0HOFS
0x04000012	io	0x0	REG_BG0VOFS
0x04000014	io	0x0	REG_BG1HOFS
0x04000016	io	0x0	REG_BG1VOFS
0x04000018	io	0x0	REG_BG2HOFS
0x0400001A	io	0x0	REG_BG2VOFS
0x0400001C	io	0x0	REG_BG3HOFS
0x0400001E	io	0x0	REG_BG3VOFS
0x04000020	io	0x0	REG_BG2PA
0x04000022	io	0x0	REG_BG2PB
0x04000024	io	0x0	REG_BG2PC
0x04000026	io	0x0	REG_BG2PD
0x04000028	io	0x0	REG_BG2X_L
0x0400002A	io	0x0	REG_BG2X_H
0x0400002C	io	0x0	REG_BG2Y_L
0x0400002E	io	0x0	REG_BG2Y_H
0x04000030	io	0x0	REG_BG3PA
0x04000032	io	0x0	REG_BG3PB
0x04000034	io	0x0	REG_BG3PC
0x04000036	io	0x0	REG_BG3PD
0x04000038	io	0x0	REG_BG3X_L
0x0400003A	io	0x0	REG_BG3X_H
0x0400003C	io	0x0	REG_BG3Y_L
0x0400003E	io	0x0	REG_BG3Y_H
0x04000040	io	0x0	REG_WIN0H
0x04000042	io	0x0	REG_WIN1H
0x04000044	io	0x0	REG_WIN0V
0x04000046	io	0x0	REG_WIN1V
0x04000048	io	0x0	REG_WININ
0x0400004A	io	0x0	REG_WINOUT
0x0400004C	io	0x0	REG_MOSAIC
0x04000050	io	0x0	REG_BLDCNT
0x04000052	io	0x0	REG_BLDALPHA
0x04000054	io	0x0	REG_BLDY
0x04000060	io	0x0	REG_NR10
0x04000062	io	0x0	REG_NR11
0x04000063	io	0x0	REG_NR12
0x04000064	io	0x0	REG_NR13
0x04000065	io	0x0	REG_NR14
0x04000068	io	0x0	REG_NR21
0x04000069	io	0x0	REG_NR22
0x0400006C	io	0x0	REG_NR23
0x0400006D	io	0x0	REG_NR24
0x04000070	io	0x0	REG_NR30
0x04000072	io	0x0	REG_NR31
0x04000073	io	0x0	REG_NR32
0x04000074	io	0x0	REG_NR33
0x04000075	io	0x0	REG_NR34
0x04000078	io	0x0	REG_NR41
0x04000079	io	0x0	REG_NR42
0x0400007C	io	0x0	REG_NR43
0x0400007D	io	0x0	REG_NR44
0x04000080	io	0x0	REG_NR50
0x04000081	io	0x0	REG_NR51
0x04000082	io	0x0	REG_SOUNDCNT_H
0x04000084	io	0x0	REG_NR52
0x04000088	io	0x0	REG_SOUNDBIAS
0x04000090	io	0x0	REG_WAVE_RAM
0x04000092	io	0x0	REG_WAVE_RAM0_H
0x04000094	io	0x0	REG_WAVE_RAM1
0x04000096	io	0x0	REG_WAVE_RAM1_H
0x04000098	io	0x0	REG_WAVE_RAM2
0x0400009A	io	0x0	REG_WAVE_RAM2_H
0x0400009C	io	0x0	REG_WAVE_RAM3
0x0400009E	io	0x0	REG_WAVE_RAM3_H
0x040000A0	io	0x0	REG_FIFO
0x040000A2	io	0x0	REG_FIFO_A_H
0x040000A4	io	0x0	REG_FIFO_B
0x040000A6	io	0x0	REG_FIFO_B_H
0x040000B0	io	0x0	REG_DMA0
0x040000B2	io	0x0	REG_DMA0SAD_H
0x040000B4	io	0x0	REG_DMA0DAD
0x040000B6	io	0x0	REG_DMA0DAD_H
0x040000B8	io	0x0	REG_DMA0CNT
0x040000BA	io	0x0	REG_DMA0CNT_H
0x040000BC	io	0x0	REG_DMA1
0x040000BE	io	0x0	REG_DMA1SAD_H
0x040000C0	io	0x0	REG_DMA1DAD
0x040000C2	io	0x0	REG_DMA1DAD_H
0x040000C4	io	0x0	REG_DMA1CNT
0x040000C6	io	0x0	REG_DMA1CNT_H
0x040000C8	io	0x0	REG_DMA2
0x040000CA	io	0x0	REG_DMA2SAD_H
0x040000CC	io	0x0	REG_DMA2DAD
0x040000CE	io	0x0	REG_DMA2DAD_H
0x040000D0	io	0x0	REG_DMA2CNT
0x040000D2	io	0x0	REG_DMA2CNT_H
0x040000D4	io	0x0	REG_DMA3
0x040000D6	io	0x0	REG_DMA3SAD_H
0x040000D8	io	0x0	REG_DMA3DAD
0x040000DA	io	0x0	REG_DMA3DAD_H
0x040000DC	io	0x0	REG_DMA3CNT
0x040000DE	io	0x0	REG_DMA3CNT_H
0x04000100	io	0x0	REG_TM0CNT
0x04000102	io	0x0	REG_TM0CNT_H
0x04000104	io	0x0	REG_TM1CNT
0x04000106	io	0x0	REG_TM1CNT_H
0x04000108	io	0x0	REG_TM2CNT
0x0400010A	io	0x0	REG_TM2CNT_H
0x0400010C	io	0x0	REG_TM3CNT
0x0400010E	io	0x0	REG_TM3CNT_H
0x04000120	io	0x0	REG_SIODATA32
0x04000122	io	0x0	REG_SIOMULTI1
0x04000124	io	0x0	REG_SIOMULTI2
0x04000126	io	0x0	REG_SIOMULTI3
0x04000128	io	0x0	REG_SIOCNT
0x0400012A	io	0x0	REG_SIODATA8
0x04000130	io	0x0	REG_KEYINPUT
0x04000132	io	0x0	REG_KEYCNT
0x04000134	io	0x0	REG_RCNT
0x04000140	io	0x0	REG_JOYCNT
0x04000150	io	0x0	REG_JOY_RECV
0x04000152	io	0x0	REG_JOY_RECV_H
0x04000154	io	0x0	REG_JOY_TRANS
0x04000156	io	0x0	REG_JOY_TRANS_H
0x04000158	io	0x0	REG_JOYSTAT
0x04000200	io	0x0	REG_IE
0x04000202	io	0x0	REG_IF
0x04000204	io	0x0	REG_WAITCNT
0x04000208	io	0x0	REG_IME
0x05000000	palette	0x0	BG_PLTT
0x05000200	palette	0x0	OBJ_PLTT
0x06000000	vram	0x0	BG_VRAM
0x06010000	vram	0x0	OBJ_VRAM0
0x06014000	vram	0x0	OBJ_VRAM1
0x07000000	oam	0x0	OAM
0x08000100	rom	0x104	sGFRomHeader
0x081E9EEC	rom	0x1	gGameVersion
0x081E9EED	rom	0x1	gGameLanguage
0x081E9EF0	rom	0x11	BuildDateTime
0x081E9F04	rom	0x38	gIntrTableTemplate
0x081E9F3C	rom	0x4	sTimerIntrFunc
0x081E9F40	rom	0x4	sZeroedBgControlStruct
0x081EA020	rom	0x100	sFontHalfRowOffsets
0x081EA120	rom	0x8	sDummyWindowTemplate
0x081EA128	rom	0x400	sDownArrowTiles
0x081EA528	rom	0x80	sDoubleArrowTiles1
0x081EA5A8	rom	0x80	sDoubleArrowTiles2
0x081EA628	rom	0x4	sDownArrowYCoords
0x081EA62C	rom	0x3	sWindowVerticalScrollSpeeds
0x081EA630	rom	0x38	sGlyphWidthFuncs
0x081EA668	rom	0x18	sSpriteSheets_TextCursor
0x081EA680	rom	0x10	sSpritePalettes_TextCursor
0x081EA690	rom	0x18	sSpriteTemplate_TextCursor
0x081EA6A8	rom	0x34	sKeypadIcons
0x081EA6DC	rom	0x800	gKeypadIconTiles
0x081EAEDC	rom	0x4000	sFontSmallLatinGlyphs
0x081EEEDC	rom	0x200	sFontSmallLatinGlyphWidths
0x081EF0DC	rom	0x4000	sFontSmallJapaneseGlyphs
0x081F30DC	rom	0x8000	sFontNormalCopy1LatinGlyphs
0x081FB0DC	rom	0x200	sFontNormalCopy1LatinGlyphWidths
0x081FB2DC	rom	0x4000	sFontTallJapaneseGlyphs
0x081FF2DC	rom	0x8000	sFontNormalLatinGlyphs
0x082072DC	rom	0x200	sFontNormalLatinGlyphWidths
0x082074DC	rom	0x8000	sFontNormalJapaneseGlyphs
0x0820F4DC	rom	0x118	sFontNormalJapaneseGlyphWidths
0x0820F5F4	rom	0x8000	sFontMaleLatinGlyphs
0x082175F4	rom	0x200	sFontMaleLatinGlyphWidths
0x082177F4	rom	0x8000	sFontMaleJapaneseGlyphs
0x0821F7F4	rom	0x118	sFontMaleJapaneseGlyphWidths
0x0821F90C	rom	0x8000	sFontFemaleLatinGlyphs
0x0822790C	rom	0x200	sFontFemaleLatinGlyphWidths
0x08227B0C	rom	0x8000	sFontFemaleJapaneseGlyphs
0x0822FB0C	rom	0x118	sFontFemaleJapaneseGlyphWidths
0x0822FC24	rom	0x2000	sFontBoldJapaneseGlyphs
0x08231C24	rom	0x25	sDmaOverErrorMsg
0x08231C49	rom	0x18	sUnknownData
0x08231C61	rom	0x18	sCenterToCornerVecTable
0x08231C7C	rom	0x44	sDummySprite
0x08231CC0	rom	0x8	gDummyOamData
0x08231CC8	rom	0x4	sDummyAnim
0x08231CCC	rom	0x4	gDummySpriteAnimTable
0x08231CD0	rom	0x8	sDummyAffineAnim
0x08231CD8	rom	0x4	gDummySpriteAffineAnimTable
0x08231CDC	rom	0x18	gDummySpriteTemplate
0x08231CF4	rom	0x8	sAnimFuncs
0x08231CFC	rom	0x8	sAffineAnimFuncs
0x08231D04	rom	0x10	sAnimCmdFuncs
0x08231D14	rom	0x10	sAffineAnimCmdFuncs
0x08231D24	rom	0x60	sOamDimensionsCopy
0x08231D84	rom	0x30	sOamDimensions
0x08231DB4	rom	0x10	gBGControlRegs
0x08231DC4	rom	0x10	gBGHOffsetRegs
0x08231DD4	rom	0x10	gBGVOffsetRegs
0x08231DE4	rom	0x8	gDISPCNTBGFlags
0x08231DEC	rom	0x8	gOverworldBackgroundLayerFlags
0x08231DF4	rom	0x8	gBLDCNTTarget1BGFlags
0x08231DFC	rom	0x4	gBGControlRegOffsets
0x08231E00	rom	0x4	gBGHOffsetRegOffsets
0x08231E04	rom	0x4	gBGVOffsetRegOffsets
0x08231E08	rom	0x10	sDigits
0x08231E18	rom	0x28	sPowersOfTen
0x08231E4C	rom	0x0	funcs.93
0x08231E84	rom	0x0	lengths.115
0x08231EA0	rom	0x20	sWirelessLinkDisplayPal
0x08231EC0	rom	0x4A8	sWirelessLinkDisplayGfx
0x08232368	rom	0x1EC	sWirelessLinkDisplayTilemap
0x08232554	rom	0x20	sLinkTestFontPal
0x08232574	rom	0x2000	sLinkTestFontGfx
0x08234574	rom	0x28	sBlockRequests
0x0823459C	rom	0xF	sASCIIGameFreakInc
0x082345AC	rom	0x17	sASCIITestPrint
0x082345C4	rom	0x8	sLinkErrorBgTemplates
0x082345CC	rom	0x20	sLinkErrorWindowTemplates
0x082345EC	rom	0x3	sLinkErrorTextColor
0x082345F0	rom	0x1	sString_Dummy
0x082345F1	rom	0x2	sString_Newline
0x082345F4	rom	0x30	sWindowTemplate
0x08234624	rom	0x20	sBg_Pal
0x08234644	rom	0x20	sTextbox_Pal
0x08234664	rom	0x3	sTextColor1
0x08234667	rom	0x3	sTextColor2
0x0823466C	rom	0x4	sBgTemplate
0x08234670	rom	0x3	sMenuCursorYMax
0x08234674	rom	0x20	gBattlerPicTable_PlayerLeft
0x08234694	rom	0x20	gBattlerPicTable_OpponentLeft
0x082346B4	rom	0x20	gBattlerPicTable_PlayerRight
0x082346D4	rom	0x20	gBattlerPicTable_OpponentRight
0x082346F4	rom	0x28	gTrainerBackPicTable_Red
0x0823471C	rom	0x28	gTrainerBackPicTable_Leaf
0x08234744	rom	0x20	gTrainerBackPicTable_Pokedude
0x08234764	rom	0x20	gTrainerBackPicTable_OldMan
0x08234784	rom	0x20	gTrainerBackPicTable_RSBrendan
0x082347A4	rom	0x20	gTrainerBackPicTable_RSMay
0x082347C4	rom	0x8	sAnim_GeneralFrame0
0x082347CC	rom	0x8	sAnim_GeneralFrame3
0x082347D4	rom	0x10	sAffineAnim_Battler_Normal
0x082347E4	rom	0x10	sAffineAnim_Battler_Flipped
0x082347F4	rom	0x18	sAffineAnim_Battler_Emerge
0x0823480C	rom	0x18	sAffineAnim_Battler_Return
0x08234824	rom	0x20	sAffineAnim_Battler_HorizontalSquishLoop
0x08234844	rom	0x10	sAffineAnim_Battler_Grow
0x08234854	rom	0x10	sAffineAnim_Battler_Shrink
0x08234864	rom	0x18	sAffineAnim_Battler_BigToSmall
0x0823487C	rom	0x10	sAffineAnim_Battler_GrowLarge
0x0823488C	rom	0x18	sAffineAnim_Battler_TipRight
0x082348A4	rom	0x24	gAffineAnims_BattleSpritePlayerSide
0x082348C8	rom	0x10	sAffineAnim_Battler_SpinShrink
0x082348D8	rom	0x18	sAffineAnim_Battler_TipLeft
0x082348F0	rom	0x20	sAffineAnim_Battler_RotateUpAndBack
0x08234910	rom	0x10	sAffineAnim_Battler_Spin
0x08234920	rom	0x2C	gAffineAnims_BattleSpriteOpponentSide
0x0823494C	rom	0x2C	gAffineAnims_BattleSpriteContest
0x08234978	rom	0x8	sAnim_MonPic_0
0x08234980	rom	0x8	sAnim_MonPic_1
0x08234988	rom	0x8	sAnim_MonPic_2
0x08234990	rom	0x8	sAnim_MonPic_3
0x08234998	rom	0x10	gAnims_MonPic
0x082349A8	rom	0x6E0	gMonFrontPicCoords
0x08235088	rom	0xDC0	gMonFrontPicTable
0x08235E48	rom	0x6E0	gMonBackPicCoords
0x08236528	rom	0xDC0	gMonBackPicTable
0x082372E8	rom	0xDC0	gMonPaletteTable
0x082380A8	rom	0xDC0	gMonShinyPaletteTable
0x08238E68	rom	0x4	sAnims_AquaLeaderArchie
0x08238E6C	rom	0x4	sAnims_AquaGruntM
0x08238E70	rom	0x4	sAnims_AquaGruntF
0x08238E74	rom	0x4	sAnims_RSAromaLady
0x08238E78	rom	0x4	sAnims_RSRuinManiac
0x08238E7C	rom	0x4	sAnims_Interviewer
0x08238E80	rom	0x4	sAnims_RSTuberF
0x08238E84	rom	0x4	sAnims_RSTuberM
0x08238E88	rom	0x4	sAnims_RSCooltrainerM
0x08238E8C	rom	0x4	sAnims_RSCooltrainerF
0x08238E90	rom	0x4	sAnims_HexManiac
0x08238E94	rom	0x4	sAnims_RSLady
0x08238E98	rom	0x4	sAnims_RSBeauty
0x08238E9C	rom	0x4	sAnims_RichBoy
0x08238EA0	rom	0x4	sAnims_RSPokemaniac
0x08238EA4	rom	0x4	sAnims_RSSwimmerM
0x08238EA8	rom	0x4	sAnims_RSBlackBelt
0x08238EAC	rom	0x4	sAnims_Guitarist
0x08238EB0	rom	0x4	sAnims_Kindler
0x08238EB4	rom	0x4	sAnims_RSCamper
0x08238EB8	rom	0x4	sAnims_BugManiac
0x08238EBC	rom	0x4	sAnims_RSPsychicM
0x08238EC0	rom	0x4	sAnims_RSPsychicF
0x08238EC4	rom	0x4	sAnims_RSGentleman
0x08238EC8	rom	0x4	sAnims_EliteFourSidney
0x08238ECC	rom	0x4	sAnims_EliteFourPhoebe
0x08238ED0	rom	0x4	sAnims_LeaderRoxanne
0x08238ED4	rom	0x4	sAnims_LeaderBrawly
0x08238ED8	rom	0x4	sAnims_LeaderTateAndLiza
0x08238EDC	rom	0x4	sAnims_SchoolKidM
0x08238EE0	rom	0x4	sAnims_SchoolKidF
0x08238EE4	rom	0x4	sAnims_SrAndJr
0x08238EE8	rom	0x4	sAnims_PokefanM
0x08238EEC	rom	0x4	sAnims_PokefanF
0x08238EF0	rom	0x4	sAnims_ExpertM
0x08238EF4	rom	0x4	sAnims_ExpertF
0x08238EF8	rom	0x4	sAnims_RSYoungster
0x08238EFC	rom	0x4	sAnims_ChampionSteven
0x08238F00	rom	0x4	sAnims_RSFisherman
0x08238F04	rom	0x4	sAnims_CyclingTriathleteM
0x08238F08	rom	0x4	sAnims_CyclingTriathleteF
0x08238F0C	rom	0x4	sAnims_RunningTriathleteM
0x08238F10	rom	0x4	sAnims_RunningTriathleteF
0x08238F14	rom	0x4	sAnims_SwimmingTriathleteM
0x08238F18	rom	0x4	sAnims_SwimmingTriathleteF
0x08238F1C	rom	0x4	sAnims_DragonTamer
0x08238F20	rom	0x4	sAnims_RSBirdKeeper
0x08238F24	rom	0x4	sAnims_NinjaBoy
0x08238F28	rom	0x4	sAnims_BattleGirl
0x08238F2C	rom	0x4	sAnims_ParasolLady
0x08238F30	rom	0x4	sAnims_RSSwimmerF
0x08238F34	rom	0x4	sAnims_RSPicnicker
0x08238F38	rom	0x4	sAnims_RSTwins
0x08238F3C	rom	0x4	sAnims_RSSailor
0x08238F40	rom	0x4	sAnims_Collector
0x08238F44	rom	0x4	sAnims_Wally
0x08238F48	rom	0x4	sAnims_RSBrendan1
0x08238F4C	rom	0x4	sAnims_RSMay1
0x08238F50	rom	0x4	sAnims_RSPokemonBreederM
0x08238F54	rom	0x4	sAnims_RSPokemonBreederF
0x08238F58	rom	0x4	sAnims_RSPokemonRangerM
0x08238F5C	rom	0x4	sAnims_RSPokemonRangerF
0x08238F60	rom	0x4	sAnims_MagmaLeaderMaxie
0x08238F64	rom	0x4	sAnims_MagmaGruntM
0x08238F68	rom	0x4	sAnims_MagmaGruntF
0x08238F6C	rom	0x4	sAnims_RSLass
0x08238F70	rom	0x4	sAnims_RSBugCatcher
0x08238F74	rom	0x4	sAnims_RSHiker
0x08238F78	rom	0x4	sAnims_RSYoungCouple
0x08238F7C	rom	0x4	sAnims_OldCouple
0x08238F80	rom	0x4	sAnims_RSSisAndBro
0x08238F84	rom	0x4	sAnims_AquaAdminM
0x08238F88	rom	0x4	sAnims_AquaAdminF
0x08238F8C	rom	0x4	sAnims_MagmaAdminM
0x08238F90	rom	0x4	sAnims_MagmaAdminF
0x08238F94	rom	0x4	sAnims_LeaderWattson
0x08238F98	rom	0x4	sAnims_LeaderFlannery
0x08238F9C	rom	0x4	sAnims_LeaderNorman
0x08238FA0	rom	0x4	sAnims_LeaderWinona
0x08238FA4	rom	0x4	sAnims_LeaderWallace
0x08238FA8	rom	0x4	sAnims_EliteFourGlacia
0x08238FAC	rom	0x4	sAnims_EliteFourDrake
0x08238FB0	rom	0x4	sAnims_Youngster
0x08238FB4	rom	0x4	sAnims_BugCatcher
0x08238FB8	rom	0x4	sAnims_Lass
0x08238FBC	rom	0x4	sAnims_Sailor
0x08238FC0	rom	0x4	sAnims_Camper
0x08238FC4	rom	0x4	sAnims_Picnicker
0x08238FC8	rom	0x4	sAnims_Pokemaniac
0x08238FCC	rom	0x4	sAnims_SuperNerd
0x08238FD0	rom	0x4	sAnims_Hiker
0x08238FD4	rom	0x4	sAnims_Biker
0x08238FD8	rom	0x4	sAnims_Burglar
0x08238FDC	rom	0x4	sAnims_Engineer
0x08238FE0	rom	0x4	sAnims_Fisherman
0x08238FE4	rom	0x4	sAnims_SwimmerM
0x08238FE8	rom	0x4	sAnims_CueBall
0x08238FEC	rom	0x4	sAnims_Gamer
0x08238FF0	rom	0x4	sAnims_Beauty
0x08238FF4	rom	0x4	sAnims_SwimmerF
0x08238FF8	rom	0x4	sAnims_PsychicM
0x08238FFC	rom	0x4	sAnims_Rocker
0x08239000	rom	0x4	sAnims_Juggler
0x08239004	rom	0x4	sAnims_Tamer
0x08239008	rom	0x4	sAnims_BirdKeeper
0x0823900C	rom	0x4	sAnims_BlackBelt
0x08239010	rom	0x4	sAnims_RivalEarly
0x08239014	rom	0x4	sAnims_Scientist
0x08239018	rom	0x4	sAnims_LeaderGiovanni
0x0823901C	rom	0x4	sAnims_RocketGruntM
0x08239020	rom	0x4	sAnims_CooltrainerM
0x08239024	rom	0x4	sAnims_CooltrainerF
0x08239028	rom	0x4	sAnims_EliteFourLorelei
0x0823902C	rom	0x4	sAnims_EliteFourBruno
0x08239030	rom	0x4	sAnims_EliteFourAgatha
0x08239034	rom	0x4	sAnims_EliteFourLance
0x08239038	rom	0x4	sAnims_LeaderBrock
0x0823903C	rom	0x4	sAnims_LeaderMisty
0x08239040	rom	0x4	sAnims_LeaderLtSurge
0x08239044	rom	0x4	sAnims_LeaderErika
0x08239048	rom	0x4	sAnims_LeaderKoga
0x0823904C	rom	0x4	sAnims_LeaderBlaine
0x08239050	rom	0x4	sAnims_LeaderSabrina
0x08239054	rom	0x4	sAnims_Gentleman
0x08239058	rom	0x4	sAnims_RivalLate
0x0823905C	rom	0x4	sAnims_ChampionRival
0x08239060	rom	0x4	sAnims_Channeler
0x08239064	rom	0x4	sAnims_Twins
0x08239068	rom	0x4	sAnims_CoolCouple
0x0823906C	rom	0x4	sAnims_YoungCouple
0x08239070	rom	0x4	sAnims_CrushKin
0x08239074	rom	0x4	sAnims_SisAndBro
0x08239078	rom	0x4	sAnims_ProfessorOak
0x0823907C	rom	0x4	sAnims_RSBrendan2
0x08239080	rom	0x4	sAnims_RSMay2
0x08239084	rom	0x4	sAnims_Red
0x08239088	rom	0x4	sAnims_Leaf
0x0823908C	rom	0x4	sAnims_RocketGruntF
0x08239090	rom	0x4	sAnims_PsychicF
0x08239094	rom	0x4	sAnims_CrushGirl
0x08239098	rom	0x4	sAnims_TuberF
0x0823909C	rom	0x4	sAnims_PokemonBreeder
0x082390A0	rom	0x4	sAnims_PokemonRangerM
0x082390A4	rom	0x4	sAnims_PokemonRangerF
0x082390A8	rom	0x4	sAnims_AromaLady
0x082390AC	rom	0x4	sAnims_RuinManiac
0x082390B0	rom	0x4	sAnims_Lady
0x082390B4	rom	0x4	sAnims_Painter
0x082390B8	rom	0x250	gTrainerFrontAnimsPtrTable
0x08239308	rom	0x250	gTrainerFrontPicCoords
0x08239558	rom	0x4A0	gTrainerFrontPicTable
0x082399F8	rom	0x4A0	gTrainerFrontPicPaletteTable
0x08239E98	rom	0x18	sAnimCmd_Red_1
0x08239EB0	rom	0x18	sAnimCmd_Leaf_1
0x08239EC8	rom	0x14	sAnimCmd_Pokedude_1
0x08239EDC	rom	0x14	sAnimCmd_OldMan_1
0x08239EF0	rom	0x18	sAnimCmd_RSBrendan_1
0x08239F08	rom	0x18	sAnimCmd_RSMay_1
0x08239F20	rom	0x8	sBackAnims_Red
0x08239F28	rom	0x8	sBackAnims_Leaf
0x08239F30	rom	0x8	sBackAnims_Pokedude
0x08239F38	rom	0x8	sBackAnims_OldMan
0x08239F40	rom	0x8	sBackAnims_RSBrendan
0x08239F48	rom	0x8	sBackAnims_RSMay
0x08239F50	rom	0x18	gTrainerBackAnimsPtrTable
0x08239F68	rom	0x18	gTrainerBackPicCoords
0x08239F80	rom	0x30	gTrainerBackPicTable
0x08239FB0	rom	0x30	gTrainerBackPicPaletteTable
0x08239FE0	rom	0x19C	gEnemyMonElevation
0x0823A17C	rom	0x8	sParty_AquaLeader
0x0823A184	rom	0x8	sParty_AquaGruntM
0x0823A18C	rom	0x8	sParty_AquaGruntF
0x0823A194	rom	0x8	sParty_RSAromaLady
0x0823A19C	rom	0x8	sParty_RSRuinManiac
0x0823A1A4	rom	0x8	sParty_Interviewer
0x0823A1AC	rom	0x8	sParty_RSTuberF
0x0823A1B4	rom	0x8	sParty_RSTuberM
0x0823A1BC	rom	0x8	sParty_RSCooltrainerM
0x0823A1C4	rom	0x8	sParty_RSCooltrainerF
0x0823A1CC	rom	0x8	sParty_HexManiac
0x0823A1D4	rom	0x8	sParty_RSLady
0x0823A1DC	rom	0x8	sParty_RSBeauty
0x0823A1E4	rom	0x8	sParty_RichBoy
0x0823A1EC	rom	0x8	sParty_RSPokemaniac
0x0823A1F4	rom	0x8	sParty_RSSwimmerM
0x0823A1FC	rom	0x8	sParty_RSBlackBelt
0x0823A204	rom	0x8	sParty_Guitarist
0x0823A20C	rom	0x8	sParty_Kindler
0x0823A214	rom	0x8	sParty_RSCamper
0x0823A21C	rom	0x8	sParty_BugManiac
0x0823A224	rom	0x8	sParty_RSPsychicM
0x0823A22C	rom	0x8	sParty_RSPsychicF
0x0823A234	rom	0x8	sParty_RSGentleman
0x0823A23C	rom	0x8	sParty_EliteFourSidney
0x0823A244	rom	0x8	sParty_EliteFourPhoebe
0x0823A24C	rom	0x8	sParty_LeaderRoxanne
0x0823A254	rom	0x8	sParty_LeaderBrawly
0x0823A25C	rom	0x8	sParty_LeaderTateLiza
0x0823A264	rom	0x8	sParty_SchoolKidM
0x0823A26C	rom	0x8	sParty_SchoolKidF
0x0823A274	rom	0x8	sParty_SrAndJr
0x0823A27C	rom	0x8	sParty_PokefanM
0x0823A284	rom	0x8	sParty_PokefanF
0x0823A28C	rom	0x8	sParty_ExpertM
0x0823A294	rom	0x8	sParty_ExpertF
0x0823A29C	rom	0x8	sParty_RSYoungster
0x0823A2A4	rom	0x8	sParty_RSChampion
0x0823A2AC	rom	0x8	sParty_RSFisherman
0x0823A2B4	rom	0x8	sParty_CyclingTriathleteM
0x0823A2BC	rom	0x8	sParty_CyclingTriathleteF
0x0823A2C4	rom	0x8	sParty_RunningTriathleteM
0x0823A2CC	rom	0x8	sParty_RunningTriathleteF
0x0823A2D4	rom	0x8	sParty_SwimmingTriathleteM
0x0823A2DC	rom	0x8	sParty_SwimmingTriathleteF
0x0823A2E4	rom	0x8	sParty_DragonTamer
0x0823A2EC	rom	0x8	sParty_RSBirdKeeper
0x0823A2F4	rom	0x8	sParty_NinjaBoy
0x0823A2FC	rom	0x8	sParty_BattleGirl
0x0823A304	rom	0x8	sParty_ParasolLady
0x0823A30C	rom	0x8	sParty_RSSwimmerF
0x0823A314	rom	0x8	sParty_RSPicnicker
0x0823A31C	rom	0x8	sParty_RSTwins
0x0823A324	rom	0x8	sParty_RSSailor
0x0823A32C	rom	0x8	sParty_BoarderM
0x0823A334	rom	0x8	sParty_BoarderF
0x0823A33C	rom	0x8	sParty_Collector
0x0823A344	rom	0x8	sParty_Wally
0x0823A34C	rom	0x8	sParty_Brendan
0x0823A354	rom	0x8	sParty_Brendan2
0x0823A35C	rom	0x8	sParty_Brendan3
0x0823A364	rom	0x8	sParty_May
0x0823A36C	rom	0x8	sParty_May2
0x0823A374	rom	0x8	sParty_May3
0x0823A37C	rom	0x8	sParty_RSPkmnBreederM
0x0823A384	rom	0x8	sParty_RSPkmnBreederF
0x0823A38C	rom	0x8	sParty_RSPkmnRangerM
0x0823A394	rom	0x8	sParty_RSPkmnRangerF
0x0823A39C	rom	0x8	sParty_MagmaLeader
0x0823A3A4	rom	0x8	sParty_MagmaGruntM
0x0823A3AC	rom	0x8	sParty_MagmaGruntF
0x0823A3B4	rom	0x8	sParty_RSLass
0x0823A3BC	rom	0x8	sParty_RSBugCatcher
0x0823A3C4	rom	0x8	sParty_RSHiker
0x0823A3CC	rom	0x10	sParty_RSYoungCouple
0x0823A3DC	rom	0x8	sParty_OldCouple
0x0823A3E4	rom	0x8	sParty_RSSisAndBro
0x0823A3EC	rom	0x8	sParty_AquaAdminMatt
0x0823A3F4	rom	0x8	sParty_AquaAdminShelly
0x0823A3FC	rom	0x8	sParty_MagmaAdminTabitha
0x0823A404	rom	0x8	sParty_MagmaAdminCourtney
0x0823A40C	rom	0x8	sParty_LeaderWattson
0x0823A414	rom	0x8	sParty_LeaderFlannery
0x0823A41C	rom	0x8	sParty_LeaderNorman
0x0823A424	rom	0x8	sParty_LeaderWinona
0x0823A42C	rom	0x8	sParty_LeaderWallace
0x0823A434	rom	0x8	sParty_EliteFourGlacia
0x0823A43C	rom	0x8	sParty_EliteFourDrake
0x0823A444	rom	0x10	sParty_YoungsterBen
0x0823A454	rom	0x8	sParty_YoungsterCalvin
0x0823A45C	rom	0x18	sParty_YoungsterJosh
0x0823A474	rom	0x10	sParty_YoungsterTimmy
0x0823A484	rom	0x10	sParty_YoungsterJoey
0x0823A494	rom	0x8	sParty_YoungsterDan
0x0823A49C	rom	0x10	sParty_YoungsterChad
0x0823A4AC	rom	0x8	sParty_YoungsterTyler
0x0823A4B4	rom	0x8	sParty_YoungsterEddie
0x0823A4BC	rom	0x10	sParty_YoungsterDillon
0x0823A4CC	rom	0x18	sParty_YoungsterYasu
0x0823A4E4	rom	0x10	sParty_YoungsterDave
0x0823A4F4	rom	0x10	sParty_YoungsterBen2
0x0823A504	rom	0x10	sParty_BugCatcherRick
0x0823A514	rom	0x18	sParty_BugCatcherDoug
0x0823A52C	rom	0x8	sParty_BugCatcherSammy
0x0823A534	rom	0x18	sParty_BugCatcherColton
0x0823A54C	rom	0x20	sParty_BugCatcherGreg
0x0823A56C	rom	0x10	sParty_BugCatcherJames
0x0823A57C	rom	0x10	sParty_BugCatcherKent
0x0823A58C	rom	0x18	sParty_BugCatcherRobby
0x0823A5A4	rom	0x20	sParty_BugCatcherCale
0x0823A5C4	rom	0x18	sParty_BugCatcherKeigo
0x0823A5DC	rom	0x8	sParty_BugCatcherElijah
0x0823A5E4	rom	0x18	sParty_BugCatcher2
0x0823A5FC	rom	0x10	sParty_BugCatcherBrent
0x0823A60C	rom	0x18	sParty_BugCatcherConner
0x0823A624	rom	0x10	sParty_LassJanice
0x0823A634	rom	0x10	sParty_LassSally
0x0823A644	rom	0x8	sParty_LassRobin
0x0823A64C	rom	0x18	sParty_LassCrissy
0x0823A664	rom	0x10	sParty_LassMiriam
0x0823A674	rom	0x8	sParty_LassIris
0x0823A67C	rom	0x10	sParty_LassReli
0x0823A68C	rom	0x18	sParty_LassAli
0x0823A6A4	rom	0x10	sParty_Lass2
0x0823A6B4	rom	0x18	sParty_LassHaley
0x0823A6CC	rom	0x10	sParty_LassAnn
0x0823A6DC	rom	0x10	sParty_LassDawn
0x0823A6EC	rom	0x10	sParty_LassPaige
0x0823A6FC	rom	0x18	sParty_LassAndrea
0x0823A714	rom	0x28	sParty_LassMegan
0x0823A73C	rom	0x10	sParty_LassJulia
0x0823A74C	rom	0x10	sParty_LassKay
0x0823A75C	rom	0x10	sParty_LassLisa
0x0823A76C	rom	0x10	sParty_SailorEdmond
0x0823A77C	rom	0x10	sParty_SailorTrevor
0x0823A78C	rom	0x8	sParty_SailorLeonard
0x0823A794	rom	0x18	sParty_SailorDuncan
0x0823A7AC	rom	0x10	sParty_SailorHuey
0x0823A7BC	rom	0x18	sParty_SailorDylan
0x0823A7D4	rom	0x8	sParty_SailorPhillip
0x0823A7DC	rom	0x10	sParty_SailorDwayne
0x0823A7EC	rom	0x20	sParty_CamperLiam
0x0823A80C	rom	0x10	sParty_CamperShane
0x0823A81C	rom	0x8	sParty_CamperEthan
0x0823A824	rom	0x8	sParty_CamperRicky
0x0823A82C	rom	0x10	sParty_CamperJeff
0x0823A83C	rom	0x8	sParty_Camper2
0x0823A844	rom	0x10	sParty_CamperChris
0x0823A854	rom	0x20	sParty_CamperDrew
0x0823A874	rom	0x8	sParty_PicnickerDiana
0x0823A87C	rom	0x10	sParty_PicnickerNancy
0x0823A88C	rom	0x18	sParty_PicnickerIsabelle
0x0823A8A4	rom	0x10	sParty_PicnickerKelsey
0x0823A8B4	rom	0x20	sParty_PicnickerAlicia
0x0823A8D4	rom	0x8	sParty_PicnickerCaitlin
0x0823A8DC	rom	0x10	sParty_PicnickerHeidi
0x0823A8EC	rom	0x10	sParty_PicnickerCarol
0x0823A8FC	rom	0x18	sParty_PicnickerSofia
0x0823A914	rom	0x10	sParty_PicnickerMartha
0x0823A924	rom	0x10	sParty_PicnickerTina
0x0823A934	rom	0x28	sParty_PicnickerHannah
0x0823A95C	rom	0x10	sParty_PokemaniacMark
0x0823A96C	rom	0x10	sParty_PokemaniacHerman
0x0823A97C	rom	0x18	sParty_PokemaniacCooper
0x0823A994	rom	0x10	sParty_PokemaniacSteve
0x0823A9A4	rom	0x8	sParty_PokemaniacWinston
0x0823A9AC	rom	0x18	sParty_PokemaniacDawson
0x0823A9C4	rom	0x10	sParty_PokemaniacAshton
0x0823A9D4	rom	0x10	sParty_SuperNerdJovan
0x0823A9E4	rom	0x18	sParty_SuperNerdMiguel
0x0823A9FC	rom	0x40	sParty_SuperNerdAidan
0x0823AA3C	rom	0x18	sParty_SuperNerdGlenn
0x0823AA54	rom	0x10	sParty_SuperNerdLeslie
0x0823AA64	rom	0x18	sParty_SuperNerd1
0x0823AA7C	rom	0x20	sParty_SuperNerd2
0x0823AA9C	rom	0x10	sParty_SuperNerd3
0x0823AAAC	rom	0x18	sParty_SuperNerdErik
0x0823AAC4	rom	0x20	sParty_SuperNerdAvery
0x0823AAE4	rom	0x8	sParty_SuperNerdDerek
0x0823AAEC	rom	0x10	sParty_SuperNerdZac
0x0823AAFC	rom	0x18	sParty_HikerMarcos
0x0823AB14	rom	0x10	sParty_HikerFranklin
0x0823AB24	rom	0x20	sParty_HikerNob
0x0823AB44	rom	0x8	sParty_HikerWayne
0x0823AB4C	rom	0x20	sParty_HikerAlan
0x0823AB6C	rom	0x18	sParty_HikerBrice
0x0823AB84	rom	0x20	sParty_HikerClark
0x0823ABA4	rom	0x10	sParty_HikerTrent
0x0823ABB4	rom	0x30	sParty_HikerDudley
0x0823ABE4	rom	0x10	sParty_HikerAllen
0x0823ABF4	rom	0x10	sParty_HikerEric
0x0823AC04	rom	0x20	sParty_HikerLenny
0x0823AC24	rom	0x18	sParty_HikerOliver
0x0823AC3C	rom	0x20	sParty_HikerLucas
0x0823AC5C	rom	0x30	sParty_BikerJared
0x0823AC8C	rom	0x20	sParty_BikerMalik
0x0823ACAC	rom	0x50	sParty_BikerErnest
0x0823ACFC	rom	0x30	sParty_BikerAlex
0x0823AD2C	rom	0x20	sParty_BikerLao
0x0823AD4C	rom	0x8	sParty_Biker1
0x0823AD54	rom	0x8	sParty_BikerHideo
0x0823AD5C	rom	0x30	sParty_BikerRuben
0x0823AD8C	rom	0x8	sParty_BikerBilly
0x0823AD94	rom	0x20	sParty_BikerNikolas
0x0823ADB4	rom	0x20	sParty_BikerJaxon
0x0823ADD4	rom	0x50	sParty_BikerWilliam
0x0823AE24	rom	0x40	sParty_BikerLukas
0x0823AE64	rom	0x30	sParty_BikerIsaac
0x0823AE94	rom	0x20	sParty_BikerGerald
0x0823AEB4	rom	0x10	sParty_Burglar1
0x0823AEC4	rom	0x8	sParty_Burglar2
0x0823AECC	rom	0x18	sParty_Burglar3
0x0823AEE4	rom	0x18	sParty_BurglarQuinn
0x0823AEFC	rom	0x8	sParty_BurglarRamon
0x0823AF04	rom	0x10	sParty_BurglarDusty
0x0823AF14	rom	0x10	sParty_BurglarArnie
0x0823AF24	rom	0x10	sParty_Burglar4
0x0823AF34	rom	0x8	sParty_BurglarSimon
0x0823AF3C	rom	0x10	sParty_BurglarLewis
0x0823AF4C	rom	0x10	sParty_EngineerBaily
0x0823AF5C	rom	0x8	sParty_EngineerBraxton
0x0823AF64	rom	0x18	sParty_EngineerBernie
0x0823AF7C	rom	0x18	sParty_FishermanDale
0x0823AF94	rom	0x18	sParty_FishermanBarny
0x0823AFAC	rom	0x18	sParty_FishermanNed
0x0823AFC4	rom	0x10	sParty_FishermanChip
0x0823AFD4	rom	0x8	sParty_FishermanHank
0x0823AFDC	rom	0x20	sParty_FishermanElliot
0x0823AFFC	rom	0x20	sParty_FishermanRonald
0x0823B01C	rom	0x10	sParty_FishermanClaude
0x0823B02C	rom	0x30	sParty_FishermanWade
0x0823B05C	rom	0x10	sParty_FishermanNolan
0x0823B06C	rom	0x10	sParty_FishermanAndrew
0x0823B07C	rom	0x10	sParty_SwimmerMaleLuis
0x0823B08C	rom	0x10	sParty_SwimmerMaleRichard
0x0823B09C	rom	0x18	sParty_SwimmerMaleReece
0x0823B0B4	rom	0x10	sParty_SwimmerMaleMatthew
0x0823B0C4	rom	0x20	sParty_SwimmerMaleDouglas
0x0823B0E4	rom	0x18	sParty_SwimmerMaleDavid
0x0823B0FC	rom	0x10	sParty_SwimmerMaleTony
0x0823B10C	rom	0x28	sParty_SwimmerMaleAxle
0x0823B134	rom	0x10	sParty_SwimmerMaleBarry
0x0823B144	rom	0x8	sParty_SwimmerMaleDean
0x0823B14C	rom	0x20	sParty_SwimmerMaleDarrin
0x0823B16C	rom	0x10	sParty_SwimmerMaleSpencer
0x0823B17C	rom	0x8	sParty_SwimmerMaleJack
0x0823B184	rom	0x10	sParty_SwimmerMaleJerome
0x0823B194	rom	0x18	sParty_SwimmerMaleRoland
0x0823B1AC	rom	0x18	sParty_CueBallKoji
0x0823B1C4	rom	0x10	sParty_CueBallLuke
0x0823B1D4	rom	0x10	sParty_CueBallCamron
0x0823B1E4	rom	0x10	sParty_CueBallRaul
0x0823B1F4	rom	0x10	sParty_CueBallIsaiah
0x0823B204	rom	0x8	sParty_CueBallZeek
0x0823B20C	rom	0x20	sParty_CueBallJamal
0x0823B22C	rom	0x10	sParty_CueBallCorey
0x0823B23C	rom	0x18	sParty_CueBallChase
0x0823B254	rom	0x10	sParty_GamerHugo
0x0823B264	rom	0x10	sParty_GamerJasper
0x0823B274	rom	0x10	sParty_GamerDirk
0x0823B284	rom	0x10	sParty_GamerDarian
0x0823B294	rom	0x18	sParty_GamerStan
0x0823B2AC	rom	0x8	sParty_Gamer1
0x0823B2B4	rom	0x10	sParty_GamerRich
0x0823B2C4	rom	0x20	sParty_BeautyBridget
0x0823B2E4	rom	0x10	sParty_BeautyTamia
0x0823B2F4	rom	0x8	sParty_BeautyLori
0x0823B2FC	rom	0x18	sParty_BeautyLola
0x0823B314	rom	0x10	sParty_BeautySheila
0x0823B324	rom	0x8	sParty_SwimmerFemaleTiffany
0x0823B32C	rom	0x18	sParty_SwimmerFemaleNora
0x0823B344	rom	0x10	sParty_SwimmerFemaleMelissa
0x0823B354	rom	0x10	sParty_BeautyGrace
0x0823B364	rom	0x10	sParty_BeautyOlivia
0x0823B374	rom	0x18	sParty_BeautyLauren
0x0823B38C	rom	0x28	sParty_SwimmerFemaleAnya
0x0823B3B4	rom	0x10	sParty_SwimmerFemaleAlice
0x0823B3C4	rom	0x18	sParty_SwimmerFemaleConnie
0x0823B3DC	rom	0x18	sParty_SwimmerFemaleShirley
0x0823B3F4	rom	0x20	sParty_PsychicJohan
0x0823B414	rom	0x10	sParty_PsychicTyron
0x0823B424	rom	0x18	sParty_PsychicCameron
0x0823B43C	rom	0x8	sParty_PsychicPreston
0x0823B444	rom	0x18	sParty_RockerRandall
0x0823B45C	rom	0x10	sParty_RockerLuca
0x0823B46C	rom	0x10	sParty_JugglerDalton
0x0823B47C	rom	0x20	sParty_JugglerNelson
0x0823B49C	rom	0x20	sParty_JugglerKirk
0x0823B4BC	rom	0x10	sParty_JugglerShawn
0x0823B4CC	rom	0x10	sParty_JugglerGregory
0x0823B4DC	rom	0x40	sParty_JugglerEdward
0x0823B51C	rom	0x8	sParty_JugglerKayden
0x0823B524	rom	0x10	sParty_JugglerNate
0x0823B534	rom	0x10	sParty_TamerPhil
0x0823B544	rom	0x18	sParty_TamerEdgar
0x0823B55C	rom	0x8	sParty_TamerJason
0x0823B564	rom	0x10	sParty_TamerCole
0x0823B574	rom	0x10	sParty_TamerVincent
0x0823B584	rom	0x20	sParty_TamerJohn
0x0823B5A4	rom	0x10	sParty_BirdKeeperSebastian
0x0823B5B4	rom	0x28	sParty_BirdKeeperPerry
0x0823B5DC	rom	0x20	sParty_BirdKeeperRobert
0x0823B5FC	rom	0x8	sParty_BirdKeeperDonald
0x0823B604	rom	0x10	sParty_BirdKeeperBenny
0x0823B614	rom	0x20	sParty_BirdKeeperEdwin
0x0823B634	rom	0x18	sParty_BirdKeeperChester
0x0823B64C	rom	0x10	sParty_BirdKeeperWilton
0x0823B65C	rom	0x8	sParty_BirdKeeperRamiro
0x0823B664	rom	0x20	sParty_BirdKeeperJacob
0x0823B684	rom	0x18	sParty_BirdKeeperRoger
0x0823B69C	rom	0x20	sParty_BirdKeeperReed
0x0823B6BC	rom	0x10	sParty_BirdKeeperKeith
0x0823B6CC	rom	0x18	sParty_BirdKeeperCarter
0x0823B6E4	rom	0x20	sParty_BirdKeeperMitch
0x0823B704	rom	0x10	sParty_BirdKeeperBeck
0x0823B714	rom	0x18	sParty_BirdKeeperMarlon
0x0823B72C	rom	0x10	sParty_BlackBeltKoichi
0x0823B73C	rom	0x18	sParty_BlackBeltMike
0x0823B754	rom	0x10	sParty_BlackBeltHideki
0x0823B764	rom	0x8	sParty_BlackBeltAaron
0x0823B76C	rom	0x18	sParty_BlackBeltHitoshi
0x0823B784	rom	0x10	sParty_BlackBeltAtsushi
0x0823B794	rom	0x8	sParty_BlackBeltKiyo
0x0823B79C	rom	0x18	sParty_BlackBeltTakashi
0x0823B7B4	rom	0x18	sParty_BlackBeltDaisuke
0x0823B7CC	rom	0x8	sParty_RivalOaksLabSquirtle
0x0823B7D4	rom	0x8	sParty_RivalOaksLabBulbasaur
0x0823B7DC	rom	0x8	sParty_RivalOaksLabCharmander
0x0823B7E4	rom	0x20	sParty_RivalRoute22EarlySquirtle
0x0823B804	rom	0x20	sParty_RivalRoute22EarlyBulbasaur
0x0823B824	rom	0x20	sParty_RivalRoute22EarlyCharmander
0x0823B844	rom	0x40	sParty_RivalCeruleanSquirtle
0x0823B884	rom	0x40	sParty_RivalCeruleanBulbasaur
0x0823B8C4	rom	0x40	sParty_RivalCeruleanCharmander
0x0823B904	rom	0x10	sParty_ScientistTed
0x0823B914	rom	0x40	sParty_ScientistConnor
0x0823B954	rom	0x18	sParty_ScientistJerry
0x0823B96C	rom	0x20	sParty_ScientistJose
0x0823B98C	rom	0x8	sParty_ScientistRodney
0x0823B994	rom	0x40	sParty_ScientistBeau
0x0823B9D4	rom	0x50	sParty_ScientistTaylor
0x0823BA24	rom	0x10	sParty_ScientistJoshua
0x0823BA34	rom	0x10	sParty_ScientistParker
0x0823BA44	rom	0x30	sParty_ScientistEd
0x0823BA74	rom	0x10	sParty_ScientistTravis
0x0823BA84	rom	0x18	sParty_ScientistBraydon
0x0823BA9C	rom	0x10	sParty_ScientistIvan
0x0823BAAC	rom	0x18	sParty_BossGiovanni
0x0823BAC4	rom	0x20	sParty_BossGiovanni2
0x0823BAE4	rom	0x50	sParty_LeaderGiovanni
0x0823BB34	rom	0x10	sParty_TeamRocketGrunt
0x0823BB44	rom	0x18	sParty_TeamRocketGrunt2
0x0823BB5C	rom	0x10	sParty_TeamRocketGrunt3
0x0823BB6C	rom	0x10	sParty_TeamRocketGrunt4
0x0823BB7C	rom	0x10	sParty_TeamRocketGrunt5
0x0823BB8C	rom	0x10	sParty_TeamRocketGrunt6
0x0823BB9C	rom	0x10	sParty_TeamRocketGrunt7
0x0823BBAC	rom	0x10	sParty_TeamRocketGrunt8
0x0823BBBC	rom	0x10	sParty_TeamRocketGrunt9
0x0823BBCC	rom	0x30	sParty_TeamRocketGrunt10
0x0823BBFC	rom	0x20	sParty_TeamRocketGrunt11
0x0823BC1C	rom	0x20	sParty_TeamRocketGrunt12
0x0823BC3C	rom	0x50	sParty_TeamRocketGrunt13
0x0823BC8C	rom	0x18	sParty_TeamRocketGrunt14
0x0823BCA4	rom	0x10	sParty_TeamRocketGrunt15
0x0823BCB4	rom	0x18	sParty_TeamRocketGrunt16
0x0823BCCC	rom	0x18	sParty_TeamRocketGrunt17
0x0823BCE4	rom	0x10	sParty_TeamRocketGrunt18
0x0823BCF4	rom	0x18	sParty_TeamRocketGrunt19
0x0823BD0C	rom	0x10	sParty_TeamRocketGrunt20
0x0823BD1C	rom	0x20	sParty_TeamRocketGrunt21
0x0823BD3C	rom	0x10	sParty_TeamRocketGrunt22
0x0823BD4C	rom	0x10	sParty_TeamRocketGrunt23
0x0823BD5C	rom	0x28	sParty_TeamRocketGrunt24
0x0823BD84	rom	0x18	sParty_TeamRocketGrunt25
0x0823BD9C	rom	0x10	sParty_TeamRocketGrunt26
0x0823BDAC	rom	0x18	sParty_TeamRocketGrunt27
0x0823BDC4	rom	0x8	sParty_TeamRocketGrunt28
0x0823BDCC	rom	0x8	sParty_TeamRocketGrunt29
0x0823BDD4	rom	0x10	sParty_TeamRocketGrunt30
0x0823BDE4	rom	0x18	sParty_TeamRocketGrunt31
0x0823BDFC	rom	0x40	sParty_TeamRocketGrunt32
0x0823BE3C	rom	0x10	sParty_TeamRocketGrunt33
0x0823BE4C	rom	0x10	sParty_TeamRocketGrunt34
0x0823BE5C	rom	0x20	sParty_TeamRocketGrunt35
0x0823BE7C	rom	0x18	sParty_TeamRocketGrunt36
0x0823BE94	rom	0x18	sParty_TeamRocketGrunt37
0x0823BEAC	rom	0x18	sParty_TeamRocketGrunt38
0x0823BEC4	rom	0x8	sParty_TeamRocketGrunt39
0x0823BECC	rom	0x28	sParty_TeamRocketGrunt40
0x0823BEF4	rom	0x18	sParty_TeamRocketGrunt41
0x0823BF0C	rom	0x50	sParty_CooltrainerSamuel
0x0823BF5C	rom	0x50	sParty_CooltrainerGeorge
0x0823BFAC	rom	0x50	sParty_CooltrainerColby
0x0823BFFC	rom	0x50	sParty_CooltrainerPaul
0x0823C04C	rom	0x50	sParty_CooltrainerRolando
0x0823C09C	rom	0x50	sParty_CooltrainerGilbert
0x0823C0EC	rom	0x50	sParty_CooltrainerOwen
0x0823C13C	rom	0x50	sParty_CooltrainerBerke
0x0823C18C	rom	0x50	sParty_CooltrainerYuji
0x0823C1DC	rom	0x50	sParty_CooltrainerWarren
0x0823C22C	rom	0x50	sParty_CooltrainerMary
0x0823C27C	rom	0x50	sParty_CooltrainerCaroline
0x0823C2CC	rom	0x50	sParty_CooltrainerAlexa
0x0823C31C	rom	0x50	sParty_CooltrainerShannon
0x0823C36C	rom	0x50	sParty_CooltrainerNaomi
0x0823C3BC	rom	0x50	sParty_CooltrainerBrooke
0x0823C40C	rom	0x50	sParty_CooltrainerAustina
0x0823C45C	rom	0x50	sParty_CooltrainerJulie
0x0823C4AC	rom	0x50	sParty_EliteFourLorelei
0x0823C4FC	rom	0x50	sParty_EliteFourBruno
0x0823C54C	rom	0x50	sParty_EliteFourAgatha
0x0823C59C	rom	0x50	sParty_EliteFourLance
0x0823C5EC	rom	0x20	sParty_LeaderBrock
0x0823C60C	rom	0x20	sParty_LeaderMisty
0x0823C62C	rom	0x30	sParty_LeaderLtSurge
0x0823C65C	rom	0x30	sParty_LeaderErika
0x0823C68C	rom	0x40	sParty_LeaderKoga
0x0823C6CC	rom	0x40	sParty_LeaderBlaine
0x0823C70C	rom	0x40	sParty_LeaderSabrina
0x0823C74C	rom	0x10	sParty_GentlemanThomas
0x0823C75C	rom	0x10	sParty_GentlemanArthur
0x0823C76C	rom	0x8	sParty_GentlemanTucker
0x0823C774	rom	0x8	sParty_GentlemanNorton
0x0823C77C	rom	0x10	sParty_GentlemanWalter
0x0823C78C	rom	0x20	sParty_RivalSsAnneSquirtle
0x0823C7AC	rom	0x20	sParty_RivalSsAnneBulbasaur
0x0823C7CC	rom	0x20	sParty_RivalSsAnneCharmander
0x0823C7EC	rom	0x28	sParty_RivalPokemonTowerSquirtle
0x0823C814	rom	0x28	sParty_RivalPokemonTowerBulbasaur
0x0823C83C	rom	0x28	sParty_RivalPokemonTowerCharmander
0x0823C864	rom	0x28	sParty_RivalSilphSquirtle
0x0823C88C	rom	0x28	sParty_RivalSilphBulbasaur
0x0823C8B4	rom	0x28	sParty_RivalSilphCharmander
0x0823C8DC	rom	0x60	sParty_RivalRoute22LateSquirtle
0x0823C93C	rom	0x60	sParty_RivalRoute22LateBulbasaur
0x0823C99C	rom	0x60	sParty_RivalRoute22LateCharmander
0x0823C9FC	rom	0x60	sParty_ChampionFirstSquirtle
0x0823CA5C	rom	0x60	sParty_ChampionFirstBulbasaur
0x0823CABC	rom	0x60	sParty_ChampionFirstCharmander
0x0823CB1C	rom	0x8	sParty_ChannelerPatricia
0x0823CB24	rom	0x8	sParty_ChannelerCarly
0x0823CB2C	rom	0x8	sParty_ChannelerHope
0x0823CB34	rom	0x8	sParty_ChannelerPaula
0x0823CB3C	rom	0x10	sParty_ChannelerLaurel
0x0823CB4C	rom	0x8	sParty_ChannelerJody
0x0823CB54	rom	0x8	sParty_ChannelerTammy
0x0823CB5C	rom	0x8	sParty_ChannelerRuth
0x0823CB64	rom	0x8	sParty_ChannelerKarina
0x0823CB6C	rom	0x8	sParty_ChannelerJanae
0x0823CB74	rom	0x18	sParty_ChannelerAngelica
0x0823CB8C	rom	0x8	sParty_ChannelerEmilia
0x0823CB94	rom	0x8	sParty_ChannelerJennifer
0x0823CB9C	rom	0x8	sParty_Channeler1
0x0823CBA4	rom	0x8	sParty_Channeler2
0x0823CBAC	rom	0x8	sParty_Channeler3
0x0823CBB4	rom	0x8	sParty_Channeler4
0x0823CBBC	rom	0x8	sParty_Channeler5
0x0823CBC4	rom	0x18	sParty_Channeler6
0x0823CBDC	rom	0x8	sParty_Channeler7
0x0823CBE4	rom	0x8	sParty_Channeler8
0x0823CBEC	rom	0x10	sParty_ChannelerAmanda
0x0823CBFC	rom	0x8	sParty_ChannelerStacy
0x0823CC04	rom	0x18	sParty_ChannelerTasha
0x0823CC1C	rom	0x10	sParty_HikerJeremy
0x0823CC2C	rom	0x18	sParty_PicnickerAlma
0x0823CC44	rom	0x28	sParty_PicnickerSusie
0x0823CC6C	rom	0x10	sParty_PicnickerValerie
0x0823CC7C	rom	0x20	sParty_PicnickerGwen
0x0823CC9C	rom	0x30	sParty_BikerVirgil
0x0823CCCC	rom	0x10	sParty_CamperFlint
0x0823CCDC	rom	0x10	sParty_PicnickerMissy
0x0823CCEC	rom	0x18	sParty_PicnickerIrene
0x0823CD04	rom	0x18	sParty_PicnickerDana
0x0823CD1C	rom	0x20	sParty_PicnickerAriana
0x0823CD3C	rom	0x10	sParty_PicnickerLeah
0x0823CD4C	rom	0x10	sParty_CamperJustin
0x0823CD5C	rom	0x18	sParty_PicnickerYazmin
0x0823CD74	rom	0x18	sParty_PicnickerKindra
0x0823CD8C	rom	0x10	sParty_PicnickerBecky
0x0823CD9C	rom	0x8	sParty_PicnickerCelia
0x0823CDA4	rom	0x8	sParty_GentlemanBrooks
0x0823CDAC	rom	0x10	sParty_GentlemanLamar
0x0823CDBC	rom	0x10	sParty_TwinsEliAnne
0x0823CDCC	rom	0x20	sParty_CoolCoupleRayTyra
0x0823CDEC	rom	0x10	sParty_YoungCoupleGiaJes
0x0823CDFC	rom	0x10	sParty_TwinsKiriJan
0x0823CE0C	rom	0x10	sParty_CrushKinRonMya
0x0823CE1C	rom	0x10	sParty_YoungCoupleLeaJed
0x0823CE2C	rom	0x10	sParty_SisAndBroLiaLuc
0x0823CE3C	rom	0x10	sParty_SisAndBroLilIan
0x0823CE4C	rom	0x8	sParty_BugCatcher3
0x0823CE54	rom	0x8	sParty_BugCatcher4
0x0823CE5C	rom	0x8	sParty_BugCatcher5
0x0823CE64	rom	0x8	sParty_BugCatcher6
0x0823CE6C	rom	0x8	sParty_BugCatcher7
0x0823CE74	rom	0x8	sParty_BugCatcher8
0x0823CE7C	rom	0x10	sParty_YoungsterBen3
0x0823CE8C	rom	0x10	sParty_YoungsterBen4
0x0823CE9C	rom	0x10	sParty_YoungsterChad2
0x0823CEAC	rom	0x10	sParty_LassReli2
0x0823CEBC	rom	0x10	sParty_LassReli3
0x0823CECC	rom	0x18	sParty_YoungsterTimmy2
0x0823CEE4	rom	0x18	sParty_YoungsterTimmy3
0x0823CEFC	rom	0x18	sParty_YoungsterTimmy4
0x0823CF14	rom	0x10	sParty_YoungsterChad3
0x0823CF24	rom	0x10	sParty_LassJanice2
0x0823CF34	rom	0x10	sParty_LassJanice3
0x0823CF44	rom	0x10	sParty_YoungsterChad4
0x0823CF54	rom	0x10	sParty_HikerFranklin2
0x0823CF64	rom	0x8	sParty_PkmnProfProfOak
0x0823CF6C	rom	0x8	sParty_PlayerBrendan
0x0823CF74	rom	0x8	sParty_PlayerMay
0x0823CF7C	rom	0x8	sParty_PlayerRed
0x0823CF84	rom	0x8	sParty_PlayerLeaf
0x0823CF8C	rom	0x10	sParty_TeamRocketGrunt42
0x0823CF9C	rom	0x30	sParty_PsychicJaclyn
0x0823CFCC	rom	0x10	sParty_CrushGirlSharon
0x0823CFDC	rom	0x18	sParty_TuberAmira
0x0823CFF4	rom	0x18	sParty_PkmnBreederAlize
0x0823D00C	rom	0x20	sParty_PkmnRangerNicolas
0x0823D02C	rom	0x20	sParty_PkmnRangerMadeline
0x0823D04C	rom	0x10	sParty_AromaLadyNikki
0x0823D05C	rom	0x18	sParty_RuinManiacStanly
0x0823D074	rom	0x10	sParty_LadyJacki
0x0823D084	rom	0x10	sParty_PainterDaisy
0x0823D094	rom	0x20	sParty_BikerGoon
0x0823D0B4	rom	0x10	sParty_BikerGoon2
0x0823D0C4	rom	0x8	sParty_BikerGoon3
0x0823D0CC	rom	0x8	sParty_Biker2
0x0823D0D4	rom	0x10	sParty_BugCatcherAnthony
0x0823D0E4	rom	0x18	sParty_BugCatcherCharlie
0x0823D0FC	rom	0x10	sParty_TwinsEliAnne2
0x0823D10C	rom	0x18	sParty_YoungsterJohnson
0x0823D124	rom	0x30	sParty_BikerRicardo
0x0823D154	rom	0x10	sParty_BikerJaren
0x0823D164	rom	0x10	sParty_TeamRocketGrunt43
0x0823D174	rom	0x20	sParty_TeamRocketGrunt44
0x0823D194	rom	0x18	sParty_TeamRocketGrunt45
0x0823D1AC	rom	0x18	sParty_TeamRocketGrunt46
0x0823D1C4	rom	0x18	sParty_TeamRocketGrunt47
0x0823D1DC	rom	0x10	sParty_TeamRocketGrunt48
0x0823D1EC	rom	0x30	sParty_TeamRocketAdmin
0x0823D21C	rom	0x30	sParty_TeamRocketAdmin2
0x0823D24C	rom	0x50	sParty_ScientistGideon
0x0823D29C	rom	0x18	sParty_SwimmerFemaleAmara
0x0823D2B4	rom	0x10	sParty_SwimmerFemaleMaria
0x0823D2C4	rom	0x18	sParty_SwimmerFemaleAbigail
0x0823D2DC	rom	0x8	sParty_SwimmerMaleFinn
0x0823D2E4	rom	0x18	sParty_SwimmerMaleGarrett
0x0823D2FC	rom	0x28	sParty_FishermanTommy
0x0823D324	rom	0x10	sParty_CrushGirlTanya
0x0823D334	rom	0x10	sParty_BlackBeltShea
0x0823D344	rom	0x10	sParty_BlackBeltHugh
0x0823D354	rom	0x18	sParty_CamperBryce
0x0823D36C	rom	0x20	sParty_PicnickerClaire
0x0823D38C	rom	0x10	sParty_CrushKinMikKia
0x0823D39C	rom	0x18	sParty_AromaLadyViolet
0x0823D3B4	rom	0x20	sParty_TuberAlexis
0x0823D3D4	rom	0x10	sParty_TwinsJoyMeg
0x0823D3E4	rom	0x8	sParty_SwimmerFemaleTisha
0x0823D3EC	rom	0x10	sParty_PainterCelina
0x0823D3FC	rom	0x10	sParty_PainterRayna
0x0823D40C	rom	0x18	sParty_LadyGillian
0x0823D424	rom	0x10	sParty_YoungsterDestin
0x0823D434	rom	0x18	sParty_SwimmerMaleToby
0x0823D44C	rom	0x18	sParty_TeamRocketGrunt49
0x0823D464	rom	0x20	sParty_TeamRocketGrunt50
0x0823D484	rom	0x18	sParty_TeamRocketGrunt51
0x0823D49C	rom	0x10	sParty_BirdKeeperMilo
0x0823D4AC	rom	0x10	sParty_BirdKeeperChaz
0x0823D4BC	rom	0x10	sParty_BirdKeeperHarold
0x0823D4CC	rom	0x10	sParty_FishermanTylor
0x0823D4DC	rom	0x10	sParty_SwimmerMaleMymo
0x0823D4EC	rom	0x8	sParty_SwimmerFemaleNicole
0x0823D4F4	rom	0x10	sParty_SisAndBroAvaGeb
0x0823D504	rom	0x10	sParty_AromaLadyRose
0x0823D514	rom	0x8	sParty_SwimmerMaleSamir
0x0823D51C	rom	0x10	sParty_SwimmerFemaleDenise
0x0823D52C	rom	0x10	sParty_TwinsMiuMia
0x0823D53C	rom	0x10	sParty_HikerEarl
0x0823D54C	rom	0x8	sParty_RuinManiacFoster
0x0823D554	rom	0x10	sParty_RuinManiacLarry
0x0823D564	rom	0x8	sParty_HikerDaryl
0x0823D56C	rom	0x10	sParty_PokemaniacHector
0x0823D57C	rom	0x10	sParty_PsychicDario
0x0823D58C	rom	0x30	sParty_PsychicRodette
0x0823D5BC	rom	0x10	sParty_AromaLadyMiah
0x0823D5CC	rom	0x10	sParty_YoungCoupleEveJon
0x0823D5DC	rom	0x40	sParty_JugglerMason
0x0823D61C	rom	0x18	sParty_CrushGirlCyndy
0x0823D634	rom	0x10	sParty_CrushGirlJocelyn
0x0823D644	rom	0x18	sParty_TamerEvan
0x0823D65C	rom	0x10	sParty_PokemaniacMark2
0x0823D66C	rom	0x20	sParty_PkmnRangerLogan
0x0823D68C	rom	0x30	sParty_PkmnRangerJackson
0x0823D6BC	rom	0x18	sParty_PkmnRangerBeth
0x0823D6D4	rom	0x10	sParty_PkmnRangerKatelyn
0x0823D6E4	rom	0x50	sParty_CooltrainerLeroy
0x0823D734	rom	0x50	sParty_CooltrainerMichelle
0x0823D784	rom	0x20	sParty_CoolCoupleLexNya
0x0823D7A4	rom	0x8	sParty_RuinManiacBrandon
0x0823D7AC	rom	0x30	sParty_RuinManiacBenjamin
0x0823D7DC	rom	0x10	sParty_PainterEdna
0x0823D7EC	rom	0x10	sParty_GentlemanClifford
0x0823D7FC	rom	0x20	sParty_LadySelphy
0x0823D81C	rom	0x18	sParty_RuinManiacLawson
0x0823D834	rom	0x18	sParty_PsychicLaura
0x0823D84C	rom	0x8	sParty_PkmnBreederBethany
0x0823D854	rom	0x18	sParty_PkmnBreederAllison
0x0823D86C	rom	0x8	sParty_BugCatcherGarret
0x0823D874	rom	0x20	sParty_BugCatcherJonah
0x0823D894	rom	0x10	sParty_BugCatcherVance
0x0823D8A4	rom	0x18	sParty_YoungsterNash
0x0823D8BC	rom	0x10	sParty_YoungsterCordell
0x0823D8CC	rom	0x20	sParty_LassDalia
0x0823D8EC	rom	0x8	sParty_LassJoana
0x0823D8F4	rom	0x10	sParty_CamperRiley
0x0823D904	rom	0x18	sParty_PicnickerMarcy
0x0823D91C	rom	0x18	sParty_RuinManiacLayton
0x0823D934	rom	0x10	sParty_PicnickerKelsey2
0x0823D944	rom	0x10	sParty_PicnickerKelsey3
0x0823D954	rom	0x10	sParty_PicnickerKelsey4
0x0823D964	rom	0x8	sParty_CamperRicky2
0x0823D96C	rom	0x8	sParty_CamperRicky3
0x0823D974	rom	0x8	sParty_CamperRicky4
0x0823D97C	rom	0x10	sParty_CamperJeff2
0x0823D98C	rom	0x10	sParty_CamperJeff3
0x0823D99C	rom	0x10	sParty_CamperJeff4
0x0823D9AC	rom	0x18	sParty_PicnickerIsabelle2
0x0823D9C4	rom	0x18	sParty_PicnickerIsabelle3
0x0823D9DC	rom	0x18	sParty_PicnickerIsabelle4
0x0823D9F4	rom	0x18	sParty_YoungsterYasu2
0x0823DA0C	rom	0x18	sParty_YoungsterYasu3
0x0823DA24	rom	0x18	sParty_EngineerBernie2
0x0823DA3C	rom	0x10	sParty_GamerDarian2
0x0823DA4C	rom	0x10	sParty_CamperChris2
0x0823DA5C	rom	0x10	sParty_CamperChris3
0x0823DA6C	rom	0x10	sParty_CamperChris4
0x0823DA7C	rom	0x8	sParty_PicnickerAlicia2
0x0823DA84	rom	0x8	sParty_PicnickerAlicia3
0x0823DA8C	rom	0x8	sParty_PicnickerAlicia4
0x0823DA94	rom	0x10	sParty_HikerJeremy2
0x0823DAA4	rom	0x10	sParty_PokemaniacMark3
0x0823DAB4	rom	0x10	sParty_PokemaniacHerman2
0x0823DAC4	rom	0x10	sParty_PokemaniacHerman3
0x0823DAD4	rom	0x10	sParty_HikerTrent2
0x0823DAE4	rom	0x28	sParty_LassMegan2
0x0823DB0C	rom	0x28	sParty_LassMegan3
0x0823DB34	rom	0x18	sParty_SuperNerdGlenn2
0x0823DB4C	rom	0x10	sParty_GamerRich2
0x0823DB5C	rom	0x10	sParty_BikerJaren2
0x0823DB6C	rom	0x20	sParty_FishermanElliot2
0x0823DB8C	rom	0x10	sParty_RockerLuca2
0x0823DB9C	rom	0x10	sParty_BeautySheila2
0x0823DBAC	rom	0x20	sParty_BirdKeeperRobert2
0x0823DBCC	rom	0x20	sParty_BirdKeeperRobert3
0x0823DBEC	rom	0x28	sParty_PicnickerSusie2
0x0823DC14	rom	0x28	sParty_PicnickerSusie3
0x0823DC3C	rom	0x28	sParty_PicnickerSusie4
0x0823DC64	rom	0x20	sParty_BikerLukas2
0x0823DC84	rom	0x10	sParty_BirdKeeperBenny2
0x0823DC94	rom	0x10	sParty_BirdKeeperBenny3
0x0823DCA4	rom	0x18	sParty_BirdKeeperMarlon2
0x0823DCBC	rom	0x18	sParty_BirdKeeperMarlon3
0x0823DCD4	rom	0x10	sParty_BeautyGrace2
0x0823DCE4	rom	0x18	sParty_BirdKeeperChester2
0x0823DCFC	rom	0x18	sParty_BirdKeeperChester3
0x0823DD14	rom	0x10	sParty_PicnickerBecky2
0x0823DD24	rom	0x10	sParty_PicnickerBecky3
0x0823DD34	rom	0x10	sParty_PicnickerBecky4
0x0823DD44	rom	0x10	sParty_CrushKinRonMya2
0x0823DD54	rom	0x10	sParty_CrushKinRonMya3
0x0823DD64	rom	0x10	sParty_CrushKinRonMya4
0x0823DD74	rom	0x18	sParty_BikerRuben2
0x0823DD8C	rom	0x10	sParty_CueBallCamron2
0x0823DD9C	rom	0x10	sParty_BikerJaxon2
0x0823DDAC	rom	0x10	sParty_CueBallIsaiah2
0x0823DDBC	rom	0x10	sParty_CueBallCorey2
0x0823DDCC	rom	0x20	sParty_BirdKeeperJacob2
0x0823DDEC	rom	0x20	sParty_BirdKeeperJacob3
0x0823DE0C	rom	0x10	sParty_SwimmerFemaleAlice2
0x0823DE1C	rom	0x20	sParty_SwimmerMaleDarrin2
0x0823DE3C	rom	0x10	sParty_PicnickerMissy2
0x0823DE4C	rom	0x10	sParty_PicnickerMissy3
0x0823DE5C	rom	0x30	sParty_FishermanWade2
0x0823DE8C	rom	0x8	sParty_SwimmerMaleJack2
0x0823DE94	rom	0x10	sParty_SisAndBroLilIan2
0x0823DEA4	rom	0x10	sParty_SisAndBroLilIan3
0x0823DEB4	rom	0x8	sParty_SwimmerMaleFinn2
0x0823DEBC	rom	0x10	sParty_CrushGirlSharon2
0x0823DECC	rom	0x10	sParty_CrushGirlSharon3
0x0823DEDC	rom	0x10	sParty_CrushGirlTanya2
0x0823DEEC	rom	0x10	sParty_CrushGirlTanya3
0x0823DEFC	rom	0x10	sParty_BlackBeltShea2
0x0823DF0C	rom	0x10	sParty_BlackBeltShea3
0x0823DF1C	rom	0x10	sParty_BlackBeltHugh2
0x0823DF2C	rom	0x10	sParty_BlackBeltHugh3
0x0823DF3C	rom	0x10	sParty_CrushKinMikKia2
0x0823DF4C	rom	0x10	sParty_CrushKinMikKia3
0x0823DF5C	rom	0x18	sParty_TuberAmira2
0x0823DF74	rom	0x10	sParty_TwinsJoyMeg2
0x0823DF84	rom	0x10	sParty_PainterRayna2
0x0823DF94	rom	0x10	sParty_YoungsterDestin2
0x0823DFA4	rom	0x18	sParty_PkmnBreederAlize2
0x0823DFBC	rom	0x10	sParty_YoungCoupleGiaJes2
0x0823DFCC	rom	0x10	sParty_YoungCoupleGiaJes3
0x0823DFDC	rom	0x10	sParty_BirdKeeperMilo2
0x0823DFEC	rom	0x10	sParty_BirdKeeperChaz2
0x0823DFFC	rom	0x10	sParty_BirdKeeperHarold2
0x0823E00C	rom	0x8	sParty_SwimmerFemaleNicole2
0x0823E014	rom	0x30	sParty_PsychicJaclyn2
0x0823E044	rom	0x8	sParty_SwimmerMaleSamir2
0x0823E04C	rom	0x10	sParty_HikerEarl2
0x0823E05C	rom	0x10	sParty_RuinManiacLarry2
0x0823E06C	rom	0x10	sParty_PokemaniacHector2
0x0823E07C	rom	0x10	sParty_PsychicDario2
0x0823E08C	rom	0x30	sParty_PsychicRodette2
0x0823E0BC	rom	0x20	sParty_JugglerMason2
0x0823E0DC	rom	0x20	sParty_PkmnRangerNicolas2
0x0823E0FC	rom	0x20	sParty_PkmnRangerMadeline2
0x0823E11C	rom	0x18	sParty_CrushGirlCyndy2
0x0823E134	rom	0x18	sParty_TamerEvan2
0x0823E14C	rom	0x30	sParty_PkmnRangerJackson2
0x0823E17C	rom	0x10	sParty_PkmnRangerKatelyn2
0x0823E18C	rom	0x50	sParty_CooltrainerLeroy2
0x0823E1DC	rom	0x50	sParty_CooltrainerMichelle2
0x0823E22C	rom	0x20	sParty_CoolCoupleLexNya2
0x0823E24C	rom	0x18	sParty_BugCatcherColton2
0x0823E264	rom	0x18	sParty_BugCatcherColton3
0x0823E27C	rom	0x18	sParty_BugCatcherColton4
0x0823E294	rom	0x10	sParty_SwimmerMaleMatthew2
0x0823E2A4	rom	0x10	sParty_SwimmerMaleTony2
0x0823E2B4	rom	0x10	sParty_SwimmerFemaleMelissa2
0x0823E2C4	rom	0x50	sParty_EliteFourLorelei2
0x0823E314	rom	0x50	sParty_EliteFourBruno2
0x0823E364	rom	0x50	sParty_EliteFourAgatha2
0x0823E3B4	rom	0x50	sParty_EliteFourLance2
0x0823E404	rom	0x60	sParty_ChampionRematchSquirtle
0x0823E464	rom	0x60	sParty_ChampionRematchBulbasaur
0x0823E4C4	rom	0x60	sParty_ChampionRematchCharmander
0x0823E524	rom	0x10	sParty_CueBallPaxton
0x0823E534	rom	0x56F	gTrainerClassNames
0x0823EAA4	rom	0x7418	gTrainers
0x08245EBC	rom	0x11B4	gSpeciesNames
0x08247070	rom	0x1207	gMoveNames
0x08248278	rom	0x2	sUnused
0x0824827C	rom	0x8	sVsLetter_V_OamData
0x08248284	rom	0x8	sVsLetter_S_OamData
0x0824828C	rom	0x10	sVsLetterAffineAnimCmds0
0x0824829C	rom	0x20	sVsLetterAffineAnimCmds1
0x082482BC	rom	0x8	sVsLetterAffineAnimTable
0x082482C4	rom	0x18	sVsLetter_V_SpriteTemplate
0x082482DC	rom	0x18	sVsLetter_S_SpriteTemplate
0x082482F4	rom	0x8	sVsLettersSpriteSheet
0x082482FC	rom	0x10	gBattleBgTemplates
0x0824830C	rom	0xD0	sStandardBattleWindowTemplates
0x082483DC	rom	0x4C	sBattleTerrainPalette_Grass
0x08248428	rom	0x55C	sBattleTerrainTiles_Grass
0x08248984	rom	0x2C0	sBattleTerrainTilemap_Grass
0x08248C44	rom	0x2F0	sBattleTerrainAnimTiles_Grass
0x08248F34	rom	0x11C	sBattleTerrainAnimTilemap_Grass
0x08249050	rom	0x50	sBattleTerrainPalette_LongGrass
0x082490A0	rom	0x55C	sBattleTerrainTiles_LongGrass
0x082495FC	rom	0x2BC	sBattleTerrainTilemap_LongGrass
0x082498B8	rom	0x534	sBattleTerrainAnimTiles_LongGrass
0x08249DEC	rom	0x188	sBattleTerrainAnimTilemap_LongGrass
0x08249F74	rom	0x4C	sBattleTerrainPalette_Sand
0x08249FC0	rom	0x398	sBattleTerrainTiles_Sand
0x0824A358	rom	0x29C	sBattleTerrainTilemap_Sand
0x0824A5F4	rom	0x22C	sBattleTerrainAnimTiles_Sand
0x0824A820	rom	0xFC	sBattleTerrainAnimTilemap_Sand
0x0824A91C	rom	0x50	sBattleTerrainPalette_Underwater
0x0824A96C	rom	0x340	sBattleTerrainTiles_Underwater
0x0824ACAC	rom	0x2A0	sBattleTerrainTilemap_Underwater
0x0824AF4C	rom	0x16C	sBattleTerrainAnimTiles_Underwater
0x0824B0B8	rom	0xC0	sBattleTerrainAnimTilemap_Underwater
0x0824B178	rom	0x50	sBattleTerrainPalette_Water
0x0824B1C8	rom	0x41C	sBattleTerrainTiles_Water
0x0824B5E4	rom	0x2A0	sBattleTerrainTilemap_Water
0x0824B884	rom	0x338	sBattleTerrainAnimTiles_Water
0x0824BBBC	rom	0x100	sBattleTerrainAnimTilemap_Water
0x0824BCBC	rom	0x58	sBattleTerrainPalette_Pond
0x0824BD14	rom	0x344	sBattleTerrainTiles_Pond
0x0824C058	rom	0x298	sBattleTerrainTilemap_Pond
0x0824C2F0	rom	0x20C	sBattleTerrainAnimTiles_Pond
0x0824C4FC	rom	0xB8	sBattleTerrainAnimTilemap_Pond
0x0824C5B4	rom	0x4C	sBattleTerrainPalette_Mountain
0x0824C600	rom	0x334	sBattleTerrainTiles_Mountain
0x0824C934	rom	0x2A0	sBattleTerrainTilemap_Mountain
0x0824CBD4	rom	0x2D0	sBattleTerrainAnimTiles_Mountain
0x0824CEA4	rom	0xD0	sBattleTerrainAnimTilemap_Mountain
0x0824CF74	rom	0x54	sBattleTerrainPalette_Cave
0x0824CFC8	rom	0x42C	sBattleTerrainTiles_Cave
0x0824D3F4	rom	0x2A0	sBattleTerrainTilemap_Cave
0x0824D694	rom	0x5E0	sBattleTerrainAnimTiles_Cave
0x0824DC74	rom	0x158	sBattleTerrainAnimTilemap_Cave
0x0824DDCC	rom	0x44	sBattleTerrainPalette_Building
0x0824DE10	rom	0x338	sBattleTerrainTiles_Building
0x0824E148	rom	0x2A4	sBattleTerrainTilemap_Building
0x0824E3EC	rom	0x80	sBattleTerrainAnimTiles_Building
0x0824E46C	rom	0x98	sBattleTerrainAnimTilemap_Building
0x0824E504	rom	0x44	sBattleTerrainPalette_Link
0x0824E548	rom	0x4C	sBattleTerrainPalette_Gym
0x0824E594	rom	0x4C	sBattleTerrainPalette_Leader
0x0824E5E0	rom	0x4C	sBattleTerrainPalette_Indoor2
0x0824E62C	rom	0x54	sBattleTerrainPalette_Indoor1
0x0824E680	rom	0x4C	sBattleTerrainPalette_Lorelei
0x0824E6CC	rom	0x50	sBattleTerrainPalette_Bruno
0x0824E71C	rom	0x4C	sBattleTerrainPalette_Agatha
0x0824E768	rom	0x50	sBattleTerrainPalette_Lance
0x0824E7B8	rom	0x40	sBattleTerrainPalette_Champion
0x0824E7F8	rom	0x3C	sBattleTerrainPalette_Plain
0x0824E834	rom	0x338	sBattleTerrainTiles_Indoor
0x0824EB6C	rom	0x2A4	sBattleTerrainTilemap_Indoor
0x0824EE10	rom	0x190	sBattleTerrainTable
0x0824EFA0	rom	0x20	sMapBattleSceneMapping
0x0824EFC0	rom	0xC	sIntroScanlineParams16Bit
0x0824EFCC	rom	0x18	gUnknownDebugSprite
0x0824EFE4	rom	0x5	sText_ShedinjaJpnName
0x0824EFEC	rom	0x8	gOamData_BattlerOpponent
0x0824EFF4	rom	0x8	gOamData_BattlerPlayer
0x0824EFFC	rom	0x8	sAnim_Unused
0x0824F004	rom	0x4	sAnims_Unused
0x0824F008	rom	0x18	sAffineAnim_Unused
0x0824F020	rom	0x4	sAffineAnims_Unused
0x0824F024	rom	0x8	sPlayerThrowXTranslation
0x0824F02C	rom	0x150	gTypeEffectiveness
0x0824F17C	rom	0x7E	gTypeNames
0x0824F1FC	rom	0x1A4	gTrainerMoneyTable
0x0824F3A0	rom	0x14	sNoneDescription
0x0824F3B4	rom	0x1A	sStenchDescription
0x0824F3CE	rom	0x18	sDrizzleDescription
0x0824F3E6	rom	0x18	sSpeedBoostDescription
0x0824F3FE	rom	0x16	sBattleArmorDescription
0x0824F414	rom	0x1A	sSturdyDescription
0x0824F42E	rom	0x1B	sDampDescription
0x0824F449	rom	0x14	sLimberDescription
0x0824F45D	rom	0x1C	sSandVeilDescription
0x0824F479	rom	0x16	sStaticDescription
0x0824F48F	rom	0x1B	sVoltAbsorbDescription
0x0824F4AA	rom	0x17	sWaterAbsorbDescription
0x0824F4C1	rom	0x15	sObliviousDescription
0x0824F4D6	rom	0x19	sCloudNineDescription
0x0824F4EF	rom	0x11	sCompoundEyesDescription
0x0824F500	rom	0x10	sInsomniaDescription
0x0824F510	rom	0x1C	sColorChangeDescription
0x0824F52C	rom	0x14	sImmunityDescription
0x0824F540	rom	0x1A	sFlashFireDescription
0x0824F55A	rom	0x18	sShieldDustDescription
0x0824F572	rom	0x14	sOwnTempoDescription
0x0824F586	rom	0x19	sSuctionCupsDescription
0x0824F59F	rom	0x19	sIntimidateDescription
0x0824F5B8	rom	0x1B	sShadowTagDescription
0x0824F5D3	rom	0x10	sRoughSkinDescription
0x0824F5E3	rom	0x18	sWonderGuardDescription
0x0824F5FB	rom	0x1B	sLevitateDescription
0x0824F616	rom	0x1A	sEffectSporeDescription
0x0824F630	rom	0x1B	sSynchronizeDescription
0x0824F64B	rom	0x1C	sClearBodyDescription
0x0824F667	rom	0x1A	sNaturalCureDescription
0x0824F681	rom	0x18	sLightningRodDescription
0x0824F699	rom	0x18	sSereneGraceDescription
0x0824F6B1	rom	0x16	sSwiftSwimDescription
0x0824F6C7	rom	0x1A	sChlorophyllDescription
0x0824F6E1	rom	0x1A	sIlluminateDescription
0x0824F6FB	rom	0x18	sTraceDescription
0x0824F713	rom	0xF	sHugePowerDescription
0x0824F722	rom	0x18	sPoisonPointDescription
0x0824F73A	rom	0x14	sInnerFocusDescription
0x0824F74E	rom	0x13	sMagmaArmorDescription
0x0824F761	rom	0x10	sWaterVeilDescription
0x0824F771	rom	0x1A	sMagnetPullDescription
0x0824F78B	rom	0x1A	sSoundproofDescription
0x0824F7A5	rom	0x1C	sRainDishDescription
0x0824F7C1	rom	0x15	sSandStreamDescription
0x0824F7D6	rom	0x17	sPressureDescription
0x0824F7ED	rom	0x1A	sThickFatDescription
0x0824F807	rom	0x1C	sEarlyBirdDescription
0x0824F823	rom	0x1A	sFlameBodyDescription
0x0824F83D	rom	0x17	sRunAwayDescription
0x0824F854	rom	0x1B	sKeenEyeDescription
0x0824F86F	rom	0x1B	sHyperCutterDescription
0x0824F88A	rom	0x13	sPickupDescription
0x0824F89D	rom	0x1C	sTruantDescription
0x0824F8B9	rom	0x1B	sHustleDescription
0x0824F8D4	rom	0x17	sCuteCharmDescription
0x0824F8EB	rom	0x16	sPlusDescription
0x0824F901	rom	0x15	sMinusDescription
0x0824F916	rom	0x1A	sForecastDescription
0x0824F930	rom	0x15	sStickyHoldDescription
0x0824F945	rom	0x1C	sShedSkinDescription
0x0824F961	rom	0x19	sGutsDescription
0x0824F97A	rom	0x1A	sMarvelScaleDescription
0x0824F994	rom	0x18	sLiquidOozeDescription
0x0824F9AC	rom	0x1C	sOvergrowDescription
0x0824F9C8	rom	0x1B	sBlazeDescription
0x0824F9E3	rom	0x1C	sTorrentDescription
0x0824F9FF	rom	0x1A	sSwarmDescription
0x0824FA19	rom	0x18	sRockHeadDescription
0x0824FA31	rom	0x1C	sDroughtDescription
0x0824FA4D	rom	0x12	sArenaTrapDescription
0x0824FA5F	rom	0x10	sVitalSpiritDescription
0x0824FA6F	rom	0x1C	sWhiteSmokeDescription
0x0824FA8B	rom	0xF	sPurePowerDescription
0x0824FA9A	rom	0x16	sShellArmorDescription
0x0824FAB0	rom	0x1A	sCacophonyDescription
0x0824FACA	rom	0x19	sAirLockDescription
0x0824FAE4	rom	0x138	gAbilityDescriptionPointers
0x0824FC1C	rom	0x3F6	gAbilityNames
0x08250014	rom	0x38	sTurnActionsFuncsTable
0x0825004C	rom	0x24	sEndTurnFuncsTable
0x08250070	rom	0x8	gStatusConditionString_PoisonJpn
0x08250078	rom	0x8	gStatusConditionString_SleepJpn
0x08250080	rom	0x8	gStatusConditionString_ParalysisJpn
0x08250088	rom	0x8	gStatusConditionString_BurnJpn
0x08250090	rom	0x8	gStatusConditionString_IceJpn
0x08250098	rom	0x8	gStatusConditionString_ConfusionJpn
0x082500A0	rom	0x8	gStatusConditionString_LoveJpn
0x082500A8	rom	0x38	gStatusConditionStringsTable
0x082500E0	rom	0x16	sSoundMovesTable
0x082500F8	rom	0x3E0	gBattleScriptingCommandsTable
0x082504D8	rom	0x34	sAccuracyStageRatios
0x0825050C	rom	0xA	sCriticalHitChance
0x08250518	rom	0xF0	sStatusFlagsForMoveEffects
0x08250608	rom	0x9C	sMoveEffectBS_Ptrs
0x082506A4	rom	0x8	sUnusedWinTemplate
0x082506AC	rom	0x20	sLevelUpBanner_Pal
0x082506CC	rom	0xC8	sLevelUpBanner_Gfx
0x08250794	rom	0x6	sRubyLevelUpStatBoxStats
0x0825079C	rom	0x8	sOamData_MonIconOnLvlUpBanner
0x082507A4	rom	0x18	sSpriteTemplate_MonIconOnLvlUpBanner
0x082507BC	rom	0x8	sProtectSuccessRates
0x082507C4	rom	0x28	sMovesForbiddenToCopy
0x082507EC	rom	0xC	sFlailHpScaleToPowerTable
0x082507F8	rom	0x14	sNaturePowerMoves
0x0825080C	rom	0x18	sWeightToDamageTable
0x08250824	rom	0x40	sPickupItems
0x08250864	rom	0xA	sTerrainToType
0x0825086E	rom	0x4	sBallCatchBonuses
0x08250874	rom	0x4	sJPText_Turn
0x08250878	rom	0xE4	sPlayerBufferCommands
0x0825095C	rom	0x4	sTargetIdentities
0x08250960	rom	0x8	sUnused
0x08250968	rom	0x8	sSmokescreenImpactSpriteSheet
0x08250970	rom	0x8	sSmokescreenImpactSpritePalette
0x08250978	rom	0x8	sOamData_SmokescreenImpact
0x08250980	rom	0x10	sAnim_SmokescreenImpact_0
0x08250990	rom	0x10	sAnim_SmokescreenImpact_1
0x082509A0	rom	0x10	sAnim_SmokescreenImpact_2
0x082509B0	rom	0x10	sAnim_SmokescreenImpact_3
0x082509C0	rom	0x10	sAnims_SmokescreenImpact
0x082509D0	rom	0x18	sSmokescreenImpactSpriteTemplate
0x082509E8	rom	0x8	gSpriteSheet_EnemyShadow
0x082509F0	rom	0x8	sOamData_EnemyShadow
0x082509F8	rom	0x18	gSpriteTemplate_EnemyShadow
0x08250A10	rom	0xE4	sOpponentBufferCommands
0x08250AF4	rom	0x8	sUnused
0x08250AFC	rom	0xE4	sLinkOpponentBufferCommands
0x08250BE0	rom	0x10A4	gBattleMoves
0x08251C84	rom	0x10	sCombinedMoves
0x08251C94	rom	0x336	sSpeciesToHoennPokedexNum
0x08251FCA	rom	0x336	sSpeciesToNationalPokedexNum
0x08252300	rom	0x336	sHoennToNationalOrder
0x08252638	rom	0x90	sSpindaSpotGraphics
0x082526C8	rom	0x7	sItemEffect_Potion
0x082526CF	rom	0x6	sItemEffect_Antidote
0x082526D5	rom	0x6	sItemEffect_BurnHeal
0x082526DB	rom	0x6	sItemEffect_IceHeal
0x082526E1	rom	0x6	sItemEffect_Awakening
0x082526E7	rom	0x6	sItemEffect_ParalyzeHeal
0x082526ED	rom	0x7	sItemEffect_FullRestore
0x082526F4	rom	0x7	sItemEffect_MaxPotion
0x082526FB	rom	0x7	sItemEffect_HyperPotion
0x08252702	rom	0x7	sItemEffect_SuperPotion
0x08252709	rom	0x6	sItemEffect_FullHeal
0x0825270F	rom	0x7	sItemEffect_Revive
0x08252716	rom	0x7	sItemEffect_MaxRevive
0x0825271D	rom	0x7	sItemEffect_FreshWater
0x08252724	rom	0x7	sItemEffect_SodaPop
0x0825272B	rom	0x7	sItemEffect_Lemonade
0x08252732	rom	0x7	sItemEffect_MoomooMilk
0x08252739	rom	0xA	sItemEffect_EnergyPowder
0x08252743	rom	0xA	sItemEffect_EnergyRoot
0x0825274D	rom	0x9	sItemEffect_HealPowder
0x08252756	rom	0xA	sItemEffect_RevivalHerb
0x08252760	rom	0x7	sItemEffect_Ether
0x08252767	rom	0x7	sItemEffect_MaxEther
0x0825276E	rom	0x7	sItemEffect_Elixir
0x08252775	rom	0x7	sItemEffect_MaxElixir
0x0825277C	rom	0x6	sItemEffect_LavaCookie
0x08252782	rom	0x6	sItemEffect_BlueFlute
0x08252788	rom	0x6	sItemEffect_YellowFlute
0x0825278E	rom	0x6	sItemEffect_RedFlute
0x08252794	rom	0x7	sItemEffect_BerryJuice
0x0825279B	rom	0x7	sItemEffect_SacredAsh
0x082527A2	rom	0xA	sItemEffect_HPUp
0x082527AC	rom	0xA	sItemEffect_Protein
0x082527B6	rom	0xA	sItemEffect_Iron
0x082527C0	rom	0xA	sItemEffect_Carbos
0x082527CA	rom	0xA	sItemEffect_Calcium
0x082527D4	rom	0xA	sItemEffect_RareCandy
0x082527DE	rom	0x9	sItemEffect_PPUp
0x082527E7	rom	0xA	sItemEffect_Zinc
0x082527F1	rom	0x9	sItemEffect_PPMax
0x082527FA	rom	0x8	sItemEffect_GuardSpec
0x08252802	rom	0x8	sItemEffect_DireHit
0x0825280A	rom	0x8	sItemEffect_XAttack
0x08252812	rom	0x8	sItemEffect_XDefend
0x0825281A	rom	0x8	sItemEffect_XSpeed
0x08252822	rom	0x8	sItemEffect_XAccuracy
0x0825282A	rom	0x8	sItemEffect_XSpecial
0x08252832	rom	0x6	sItemEffect_SunStone
0x08252838	rom	0x6	sItemEffect_MoonStone
0x0825283E	rom	0x6	sItemEffect_FireStone
0x08252844	rom	0x6	sItemEffect_ThunderStone
0x0825284A	rom	0x6	sItemEffect_WaterStone
0x08252850	rom	0x6	sItemEffect_LeafStone
0x08252856	rom	0x6	sItemEffect_CheriBerry
0x0825285C	rom	0x6	sItemEffect_ChestoBerry
0x08252862	rom	0x6	sItemEffect_PechaBerry
0x08252868	rom	0x6	sItemEffect_RawstBerry
0x0825286E	rom	0x6	sItemEffect_AspearBerry
0x08252874	rom	0x7	sItemEffect_LeppaBerry
0x0825287B	rom	0x7	sItemEffect_OranBerry
0x08252882	rom	0x6	sItemEffect_PersimBerry
0x08252888	rom	0x6	sItemEffect_LumBerry
0x0825288E	rom	0x7	sItemEffect_SitrusBerry
0x08252898	rom	0x28C	gItemEffectTable
0x08252B24	rom	0x7D	sNatureStatTable
0x08252BA4	rom	0xCE0	sTMHMLearnsets
0x08253884	rom	0x96	gFacilityClassToPicIndex
0x0825391A	rom	0x96	gFacilityClassToTrainerClass
0x082539B0	rom	0x10E	sHoennSpeciesIdToCryId
0x08253AC0	rom	0xCA0	gExperienceTables
0x08254760	rom	0x2D10	gSpeciesInfo
0x08257470	rom	0x18	sBulbasaurLevelUpLearnset
0x08257488	rom	0x1C	sIvysaurLevelUpLearnset
0x082574A4	rom	0x1E	sVenusaurLevelUpLearnset
0x082574C2	rom	0x16	sCharmanderLevelUpLearnset
0x082574D8	rom	0x18	sCharmeleonLevelUpLearnset
0x082574F0	rom	0x1E	sCharizardLevelUpLearnset
0x0825750E	rom	0x18	sSquirtleLevelUpLearnset
0x08257526	rom	0x1C	sWartortleLevelUpLearnset
0x08257542	rom	0x1E	sBlastoiseLevelUpLearnset
0x08257560	rom	0x6	sCaterpieLevelUpLearnset
0x08257566	rom	0x6	sMetapodLevelUpLearnset
0x0825756C	rom	0x18	sButterfreeLevelUpLearnset
0x08257584	rom	0x6	sWeedleLevelUpLearnset
0x0825758A	rom	0x6	sKakunaLevelUpLearnset
0x08257590	rom	0x14	sBeedrillLevelUpLearnset
0x082575A4	rom	0x14	sPidgeyLevelUpLearnset
0x082575B8	rom	0x18	sPidgeottoLevelUpLearnset
0x082575D0	rom	0x1A	sPidgeotLevelUpLearnset
0x082575EA	rom	0x12	sRattataLevelUpLearnset
0x082575FC	rom	0x14	sRaticateLevelUpLearnset
0x08257610	rom	0x14	sSpearowLevelUpLearnset
0x08257624	rom	0x16	sFearowLevelUpLearnset
0x0825763A	rom	0x18	sEkansLevelUpLearnset
0x08257652	rom	0x1C	sArbokLevelUpLearnset
0x0825766E	rom	0x18	sPikachuLevelUpLearnset
0x08257686	rom	0xA	sRaichuLevelUpLearnset
0x08257690	rom	0x14	sSandshrewLevelUpLearnset
0x082576A4	rom	0x18	sSandslashLevelUpLearnset
0x082576BC	rom	0x16	sNidoranFLevelUpLearnset
0x082576D2	rom	0x16	sNidorinaLevelUpLearnset
0x082576E8	rom	0xE	sNidoqueenLevelUpLearnset
0x082576F6	rom	0x16	sNidoranMLevelUpLearnset
0x0825770C	rom	0x16	sNidorinoLevelUpLearnset
0x08257722	rom	0xE	sNidokingLevelUpLearnset
0x08257730	rom	0x1C	sClefairyLevelUpLearnset
0x0825774C	rom	0xA	sClefableLevelUpLearnset
0x08257756	rom	0x18	sVulpixLevelUpLearnset
0x0825776E	rom	0xC	sNinetalesLevelUpLearnset
0x0825777A	rom	0x18	sJigglypuffLevelUpLearnset
0x08257792	rom	0xA	sWigglytuffLevelUpLearnset
0x0825779C	rom	0x16	sZubatLevelUpLearnset
0x082577B2	rom	0x1C	sGolbatLevelUpLearnset
0x082577CE	rom	0x12	sOddishLevelUpLearnset
0x082577E0	rom	0x16	sGloomLevelUpLearnset
0x082577F6	rom	0xC	sVileplumeLevelUpLearnset
0x08257802	rom	0x14	sParasLevelUpLearnset
0x08257816	rom	0x18	sParasectLevelUpLearnset
0x0825782E	rom	0x18	sVenonatLevelUpLearnset
0x08257846	rom	0x1E	sVenomothLevelUpLearnset
0x08257864	rom	0x16	sDiglettLevelUpLearnset
0x0825787A	rom	0x1C	sDugtrioLevelUpLearnset
0x08257896	rom	0x16	sMeowthLevelUpLearnset
0x082578AC	rom	0x18	sPersianLevelUpLearnset
0x082578C4	rom	0x14	sPsyduckLevelUpLearnset
0x082578D8	rom	0x18	sGolduckLevelUpLearnset
0x082578F0	rom	0x18	sMankeyLevelUpLearnset
0x08257908	rom	0x1E	sPrimeapeLevelUpLearnset
0x08257926	rom	0x16	sGrowlitheLevelUpLearnset
0x0825793C	rom	0xC	sArcanineLevelUpLearnset
0x08257948	rom	0x12	sPoliwagLevelUpLearnset
0x0825795A	rom	0x16	sPoliwhirlLevelUpLearnset
0x08257970	rom	0xE	sPoliwrathLevelUpLearnset
0x0825797E	rom	0x4	sAbraLevelUpLearnset
0x08257982	rom	0x1A	sKadabraLevelUpLearnset
0x0825799C	rom	0x1A	sAlakazamLevelUpLearnset
0x082579B6	rom	0x1A	sMachopLevelUpLearnset
0x082579D0	rom	0x1C	sMachokeLevelUpLearnset
0x082579EC	rom	0x1C	sMachampLevelUpLearnset
0x08257A08	rom	0x16	sBellsproutLevelUpLearnset
0x08257A1E	rom	0x1A	sWeepinbellLevelUpLearnset
0x08257A38	rom	0x10	sVictreebelLevelUpLearnset
0x08257A48	rom	0x14	sTentacoolLevelUpLearnset
0x08257A5C	rom	0x18	sTentacruelLevelUpLearnset
0x08257A74	rom	0x18	sGeodudeLevelUpLearnset
0x08257A8C	rom	0x1C	sGravelerLevelUpLearnset
0x08257AA8	rom	0x1C	sGolemLevelUpLearnset
0x08257AC4	rom	0x16	sPonytaLevelUpLearnset
0x08257ADA	rom	0x1E	sRapidashLevelUpLearnset
0x08257AF8	rom	0x18	sSlowpokeLevelUpLearnset
0x08257B10	rom	0x1C	sSlowbroLevelUpLearnset
0x08257B2C	rom	0x18	sMagnemiteLevelUpLearnset
0x08257B44	rom	0x1C	sMagnetonLevelUpLearnset
0x08257B60	rom	0x16	sFarfetchdLevelUpLearnset
0x08257B76	rom	0x14	sDoduoLevelUpLearnset
0x08257B8A	rom	0x18	sDodrioLevelUpLearnset
0x08257BA2	rom	0x12	sSeelLevelUpLearnset
0x08257BB4	rom	0x1C	sDewgongLevelUpLearnset
0x08257BD0	rom	0x16	sGrimerLevelUpLearnset
0x08257BE6	rom	0x18	sMukLevelUpLearnset
0x08257BFE	rom	0x14	sShellderLevelUpLearnset
0x08257C12	rom	0xE	sCloysterLevelUpLearnset
0x08257C20	rom	0x18	sGastlyLevelUpLearnset
0x08257C38	rom	0x1C	sHaunterLevelUpLearnset
0x08257C54	rom	0x1C	sGengarLevelUpLearnset
0x08257C70	rom	0x1A	sOnixLevelUpLearnset
0x08257C8A	rom	0x18	sDrowzeeLevelUpLearnset
0x08257CA2	rom	0x1E	sHypnoLevelUpLearnset
0x08257CC0	rom	0x16	sKrabbyLevelUpLearnset
0x08257CD6	rom	0x1E	sKinglerLevelUpLearnset
0x08257CF4	rom	0x18	sVoltorbLevelUpLearnset
0x08257D0C	rom	0x1C	sElectrodeLevelUpLearnset
0x08257D28	rom	0x16	sExeggcuteLevelUpLearnset
0x08257D3E	rom	0xC	sExeggutorLevelUpLearnset
0x08257D4A	rom	0x1A	sCuboneLevelUpLearnset
0x08257D64	rom	0x20	sMarowakLevelUpLearnset
0x08257D84	rom	0x1C	sHitmonleeLevelUpLearnset
0x08257DA0	rom	0x1A	sHitmonchanLevelUpLearnset
0x08257DBA	rom	0x16	sLickitungLevelUpLearnset
0x08257DD0	rom	0x16	sKoffingLevelUpLearnset
0x08257DE6	rom	0x1A	sWeezingLevelUpLearnset
0x08257E00	rom	0x16	sRhyhornLevelUpLearnset
0x08257E16	rom	0x1A	sRhydonLevelUpLearnset
0x08257E30	rom	0x1A	sChanseyLevelUpLearnset
0x08257E4A	rom	0x1A	sTangelaLevelUpLearnset
0x08257E64	rom	0x16	sKangaskhanLevelUpLearnset
0x08257E7A	rom	0x12	sHorseaLevelUpLearnset
0x08257E8C	rom	0x18	sSeadraLevelUpLearnset
0x08257EA4	rom	0x18	sGoldeenLevelUpLearnset
0x08257EBC	rom	0x1A	sSeakingLevelUpLearnset
0x08257ED6	rom	0x1A	sStaryuLevelUpLearnset
0x08257EF0	rom	0xC	sStarmieLevelUpLearnset
0x08257EFC	rom	0x22	sMrMimeLevelUpLearnset
0x08257F1E	rom	0x18	sScytherLevelUpLearnset
0x08257F36	rom	0x1C	sJynxLevelUpLearnset
0x08257F52	rom	0x14	sElectabuzzLevelUpLearnset
0x08257F66	rom	0x1A	sMagmarLevelUpLearnset
0x08257F80	rom	0x16	sPinsirLevelUpLearnset
0x08257F96	rom	0x16	sTaurosLevelUpLearnset
0x08257FAC	rom	0x8	sMagikarpLevelUpLearnset
0x08257FB4	rom	0x14	sGyaradosLevelUpLearnset
0x08257FC8	rom	0x1A	sLaprasLevelUpLearnset
0x08257FE2	rom	0x4	sDittoLevelUpLearnset
0x08257FE6	rom	0x14	sEeveeLevelUpLearnset
0x08257FFA	rom	0x18	sVaporeonLevelUpLearnset
0x08258012	rom	0x18	sJolteonLevelUpLearnset
0x0825802A	rom	0x18	sFlareonLevelUpLearnset
0x08258042	rom	0x18	sPorygonLevelUpLearnset
0x0825805A	rom	0x16	sOmanyteLevelUpLearnset
0x08258070	rom	0x1C	sOmastarLevelUpLearnset
0x0825808C	rom	0x16	sKabutoLevelUpLearnset
0x082580A2	rom	0x1E	sKabutopsLevelUpLearnset
0x082580C0	rom	0x12	sAerodactylLevelUpLearnset
0x082580D2	rom	0x1E	sSnorlaxLevelUpLearnset
0x082580F0	rom	0x14	sArticunoLevelUpLearnset
0x08258104	rom	0x14	sZapdosLevelUpLearnset
0x08258118	rom	0x14	sMoltresLevelUpLearnset
0x0825812C	rom	0x16	sDratiniLevelUpLearnset
0x08258142	rom	0x1A	sDragonairLevelUpLearnset
0x0825815C	rom	0x1C	sDragoniteLevelUpLearnset
0x08258178	rom	0x18	sMewtwoLevelUpLearnset
0x08258190	rom	0xE	sMewLevelUpLearnset
0x0825819E	rom	0x16	sChikoritaLevelUpLearnset
0x082581B4	rom	0x1A	sBayleefLevelUpLearnset
0x082581CE	rom	0x1A	sMeganiumLevelUpLearnset
0x082581E8	rom	0x12	sCyndaquilLevelUpLearnset
0x082581FA	rom	0x14	sQuilavaLevelUpLearnset
0x0825820E	rom	0x16	sTyphlosionLevelUpLearnset
0x08258224	rom	0x14	sTotodileLevelUpLearnset
0x08258238	rom	0x16	sCroconawLevelUpLearnset
0x0825824E	rom	0x18	sFeraligatrLevelUpLearnset
0x08258266	rom	0x14	sSentretLevelUpLearnset
0x0825827A	rom	0x18	sFurretLevelUpLearnset
0x08258292	rom	0x14	sHoothootLevelUpLearnset
0x082582A6	rom	0x18	sNoctowlLevelUpLearnset
0x082582BE	rom	0x16	sLedybaLevelUpLearnset
0x082582D4	rom	0x18	sLedianLevelUpLearnset
0x082582EC	rom	0x16	sSpinarakLevelUpLearnset
0x08258302	rom	0x1A	sAriadosLevelUpLearnset
0x0825831C	rom	0x1C	sCrobatLevelUpLearnset
0x08258338	rom	0x16	sChinchouLevelUpLearnset
0x0825834E	rom	0x18	sLanturnLevelUpLearnset
0x08258366	rom	0xC	sPichuLevelUpLearnset
0x08258372	rom	0xE	sCleffaLevelUpLearnset
0x08258380	rom	0xC	sIgglybuffLevelUpLearnset
0x0825838C	rom	0x1A	sTogepiLevelUpLearnset
0x082583A6	rom	0x20	sTogeticLevelUpLearnset
0x082583C6	rom	0x12	sNatuLevelUpLearnset
0x082583D8	rom	0x12	sXatuLevelUpLearnset
0x082583EA	rom	0x10	sMareepLevelUpLearnset
0x082583FA	rom	0x12	sFlaaffyLevelUpLearnset
0x0825840C	rom	0x16	sAmpharosLevelUpLearnset
0x08258422	rom	0xE	sBellossomLevelUpLearnset
0x08258430	rom	0x14	sMarillLevelUpLearnset
0x08258444	rom	0x1A	sAzumarillLevelUpLearnset
0x0825845E	rom	0x14	sSudowoodoLevelUpLearnset
0x08258472	rom	0xE	sPolitoedLevelUpLearnset
0x08258480	rom	0x16	sHoppipLevelUpLearnset
0x08258496	rom	0x1C	sSkiploomLevelUpLearnset
0x082584B2	rom	0x1C	sJumpluffLevelUpLearnset
0x082584CE	rom	0x16	sAipomLevelUpLearnset
0x082584E4	rom	0x12	sSunkernLevelUpLearnset
0x082584F6	rom	0x14	sSunfloraLevelUpLearnset
0x0825850A	rom	0x18	sYanmaLevelUpLearnset
0x08258522	rom	0x16	sWooperLevelUpLearnset
0x08258538	rom	0x16	sQuagsireLevelUpLearnset
0x0825854E	rom	0x18	sEspeonLevelUpLearnset
0x08258566	rom	0x18	sUmbreonLevelUpLearnset
0x0825857E	rom	0x12	sMurkrowLevelUpLearnset
0x08258590	rom	0x18	sSlowkingLevelUpLearnset
0x082585A8	rom	0x16	sMisdreavusLevelUpLearnset
0x082585BE	rom	0x4	sUnownLevelUpLearnset
0x082585C2	rom	0xA	sWobbuffetLevelUpLearnset
0x082585CC	rom	0x16	sGirafarigLevelUpLearnset
0x082585E2	rom	0x14	sPinecoLevelUpLearnset
0x082585F6	rom	0x18	sForretressLevelUpLearnset
0x0825860E	rom	0x18	sDunsparceLevelUpLearnset
0x08258626	rom	0x12	sGligarLevelUpLearnset
0x08258638	rom	0x1A	sSteelixLevelUpLearnset
0x08258652	rom	0x16	sSnubbullLevelUpLearnset
0x08258668	rom	0x16	sGranbullLevelUpLearnset
0x0825867E	rom	0x18	sQwilfishLevelUpLearnset
0x08258696	rom	0x18	sScizorLevelUpLearnset
0x082586AE	rom	0x10	sShuckleLevelUpLearnset
0x082586BE	rom	0x16	sHeracrossLevelUpLearnset
0x082586D4	rom	0x1A	sSneaselLevelUpLearnset
0x082586EE	rom	0x16	sTeddiursaLevelUpLearnset
0x08258704	rom	0x1A	sUrsaringLevelUpLearnset
0x0825871E	rom	0x14	sSlugmaLevelUpLearnset
0x08258732	rom	0x18	sMagcargoLevelUpLearnset
0x0825874A	rom	0x12	sSwinubLevelUpLearnset
0x0825875C	rom	0x18	sPiloswineLevelUpLearnset
0x08258774	rom	0x16	sCorsolaLevelUpLearnset
0x0825878A	rom	0x12	sRemoraidLevelUpLearnset
0x0825879C	rom	0x14	sOctilleryLevelUpLearnset
0x082587B0	rom	0x4	sDelibirdLevelUpLearnset
0x082587B4	rom	0x14	sMantineLevelUpLearnset
0x082587C8	rom	0x16	sSkarmoryLevelUpLearnset
0x082587DE	rom	0x16	sHoundourLevelUpLearnset
0x082587F4	rom	0x18	sHoundoomLevelUpLearnset
0x0825880C	rom	0x18	sKingdraLevelUpLearnset
0x08258824	rom	0x14	sPhanpyLevelUpLearnset
0x08258838	rom	0x14	sDonphanLevelUpLearnset
0x0825884C	rom	0x18	sPorygon2LevelUpLearnset
0x08258864	rom	0x16	sStantlerLevelUpLearnset
0x0825887A	rom	0x16	sSmeargleLevelUpLearnset
0x08258890	rom	0x4	sTyrogueLevelUpLearnset
0x08258894	rom	0x18	sHitmontopLevelUpLearnset
0x082588AC	rom	0x18	sSmoochumLevelUpLearnset
0x082588C4	rom	0x12	sElekidLevelUpLearnset
0x082588D6	rom	0x14	sMagbyLevelUpLearnset
0x082588EA	rom	0x14	sMiltankLevelUpLearnset
0x082588FE	rom	0x1A	sBlisseyLevelUpLearnset
0x08258918	rom	0x16	sRaikouLevelUpLearnset
0x0825892E	rom	0x16	sEnteiLevelUpLearnset
0x08258944	rom	0x16	sSuicuneLevelUpLearnset
0x0825895A	rom	0x16	sLarvitarLevelUpLearnset
0x08258970	rom	0x1A	sPupitarLevelUpLearnset
0x0825898A	rom	0x1A	sTyranitarLevelUpLearnset
0x082589A4	rom	0x16	sLugiaLevelUpLearnset
0x082589BA	rom	0x16	sHoOhLevelUpLearnset
0x082589D0	rom	0x14	sCelebiLevelUpLearnset
0x082589E4	rom	0x4	sSpecies252LevelUpLearnset
0x082589E8	rom	0x4	sSpecies253LevelUpLearnset
0x082589EC	rom	0x4	sSpecies254LevelUpLearnset
0x082589F0	rom	0x4	sSpecies255LevelUpLearnset
0x082589F4	rom	0x4	sSpecies256LevelUpLearnset
0x082589F8	rom	0x4	sSpecies257LevelUpLearnset
0x082589FC	rom	0x4	sSpecies258LevelUpLearnset
0x08258A00	rom	0x4	sSpecies259LevelUpLearnset
0x08258A04	rom	0x4	sSpecies260LevelUpLearnset
0x08258A08	rom	0x4	sSpecies261LevelUpLearnset
0x08258A0C	rom	0x4	sSpecies262LevelUpLearnset
0x08258A10	rom	0x4	sSpecies263LevelUpLearnset
0x08258A14	rom	0x4	sSpecies264LevelUpLearnset
0x08258A18	rom	0x4	sSpecies265LevelUpLearnset
0x08258A1C	rom	0x4	sSpecies266LevelUpLearnset
0x08258A20	rom	0x4	sSpecies267LevelUpLearnset
0x08258A24	rom	0x4	sSpecies268LevelUpLearnset
0x08258A28	rom	0x4	sSpecies269LevelUpLearnset
0x08258A2C	rom	0x4	sSpecies270LevelUpLearnset
0x08258A30	rom	0x4	sSpecies271LevelUpLearnset
0x08258A34	rom	0x4	sSpecies272LevelUpLearnset
0x08258A38	rom	0x4	sSpecies273LevelUpLearnset
0x08258A3C	rom	0x4	sSpecies274LevelUpLearnset
0x08258A40	rom	0x4	sSpecies275LevelUpLearnset
0x08258A44	rom	0x4	sSpecies276LevelUpLearnset
0x08258A48	rom	0x18	sTreeckoLevelUpLearnset
0x08258A60	rom	0x1E	sGrovyleLevelUpLearnset
0x08258A7E	rom	0x1E	sSceptileLevelUpLearnset
0x08258A9C	rom	0x18	sTorchicLevelUpLearnset
0x08258AB4	rom	0x1E	sCombuskenLevelUpLearnset
0x08258AD2	rom	0x22	sBlazikenLevelUpLearnset
0x08258AF4	rom	0x1A	sMudkipLevelUpLearnset
0x08258B0E	rom	0x20	sMarshtompLevelUpLearnset
0x08258B2E	rom	0x20	sSwampertLevelUpLearnset
0x08258B4E	rom	0x1A	sPoochyenaLevelUpLearnset
0x08258B68	rom	0x20	sMightyenaLevelUpLearnset
0x08258B88	rom	0x1A	sZigzagoonLevelUpLearnset
0x08258BA2	rom	0x1E	sLinooneLevelUpLearnset
0x08258BC0	rom	0x8	sWurmpleLevelUpLearnset
0x08258BC8	rom	0x6	sSilcoonLevelUpLearnset
0x08258BCE	rom	0x16	sBeautiflyLevelUpLearnset
0x08258BE4	rom	0x6	sCascoonLevelUpLearnset
0x08258BEA	rom	0x16	sDustoxLevelUpLearnset
0x08258C00	rom	0x10	sLotadLevelUpLearnset
0x08258C10	rom	0x16	sLombreLevelUpLearnset
0x08258C26	rom	0xA	sLudicoloLevelUpLearnset
0x08258C30	rom	0x10	sSeedotLevelUpLearnset
0x08258C40	rom	0x16	sNuzleafLevelUpLearnset
0x08258C56	rom	0xA	sShiftryLevelUpLearnset
0x08258C60	rom	0x16	sNincadaLevelUpLearnset
0x08258C76	rom	0x20	sNinjaskLevelUpLearnset
0x08258C96	rom	0x16	sShedinjaLevelUpLearnset
0x08258CAC	rom	0x14	sTaillowLevelUpLearnset
0x08258CC0	rom	0x18	sSwellowLevelUpLearnset
0x08258CD8	rom	0x16	sShroomishLevelUpLearnset
0x08258CEE	rom	0x1E	sBreloomLevelUpLearnset
0x08258D0C	rom	0x18	sSpindaLevelUpLearnset
0x08258D24	rom	0x12	sWingullLevelUpLearnset
0x08258D36	rom	0x1C	sPelipperLevelUpLearnset
0x08258D52	rom	0x12	sSurskitLevelUpLearnset
0x08258D64	rom	0x1A	sMasquerainLevelUpLearnset
0x08258D7E	rom	0x1A	sWailmerLevelUpLearnset
0x08258D98	rom	0x20	sWailordLevelUpLearnset
0x08258DB8	rom	0x1A	sSkittyLevelUpLearnset
0x08258DD2	rom	0xA	sDelcattyLevelUpLearnset
0x08258DDC	rom	0x1C	sKecleonLevelUpLearnset
0x08258DF8	rom	0x18	sBaltoyLevelUpLearnset
0x08258E10	rom	0x20	sClaydolLevelUpLearnset
0x08258E30	rom	0x16	sNosepassLevelUpLearnset
0x08258E46	rom	0x1A	sTorkoalLevelUpLearnset
0x08258E60	rom	0x1C	sSableyeLevelUpLearnset
0x08258E7C	rom	0x18	sBarboachLevelUpLearnset
0x08258E94	rom	0x1E	sWhiscashLevelUpLearnset
0x08258EB2	rom	0x14	sLuvdiscLevelUpLearnset
0x08258EC6	rom	0x1A	sCorphishLevelUpLearnset
0x08258EE0	rom	0x20	sCrawdauntLevelUpLearnset
0x08258F00	rom	0x8	sFeebasLevelUpLearnset
0x08258F08	rom	0x18	sMiloticLevelUpLearnset
0x08258F20	rom	0x16	sCarvanhaLevelUpLearnset
0x08258F36	rom	0x1E	sSharpedoLevelUpLearnset
0x08258F54	rom	0x12	sTrapinchLevelUpLearnset
0x08258F66	rom	0x1A	sVibravaLevelUpLearnset
0x08258F80	rom	0x1A	sFlygonLevelUpLearnset
0x08258F9A	rom	0x1C	sMakuhitaLevelUpLearnset
0x08258FB6	rom	0x20	sHariyamaLevelUpLearnset
0x08258FD6	rom	0x18	sElectrikeLevelUpLearnset
0x08258FEE	rom	0x1E	sManectricLevelUpLearnset
0x0825900C	rom	0x16	sNumelLevelUpLearnset
0x08259022	rom	0x1C	sCameruptLevelUpLearnset
0x0825903E	rom	0x1C	sSphealLevelUpLearnset
0x0825905A	rom	0x1C	sSealeoLevelUpLearnset
0x08259076	rom	0x1C	sWalreinLevelUpLearnset
0x08259092	rom	0x1E	sCacneaLevelUpLearnset
0x082590B0	rom	0x24	sCacturneLevelUpLearnset
0x082590D4	rom	0x18	sSnoruntLevelUpLearnset
0x082590EC	rom	0x1E	sGlalieLevelUpLearnset
0x0825910A	rom	0x16	sLunatoneLevelUpLearnset
0x08259120	rom	0x16	sSolrockLevelUpLearnset
0x08259136	rom	0xE	sAzurillLevelUpLearnset
0x08259144	rom	0x18	sSpoinkLevelUpLearnset
0x0825915C	rom	0x1E	sGrumpigLevelUpLearnset
0x0825917A	rom	0x18	sPlusleLevelUpLearnset
0x08259192	rom	0x18	sMinunLevelUpLearnset
0x082591AA	rom	0x1A	sMawileLevelUpLearnset
0x082591C4	rom	0x1A	sMedititeLevelUpLearnset
0x082591DE	rom	0x26	sMedichamLevelUpLearnset
0x08259204	rom	0x18	sSwabluLevelUpLearnset
0x0825921C	rom	0x20	sAltariaLevelUpLearnset
0x0825923C	rom	0x10	sWynautLevelUpLearnset
0x0825924C	rom	0x18	sDuskullLevelUpLearnset
0x08259264	rom	0x1E	sDusclopsLevelUpLearnset
0x08259282	rom	0x20	sRoseliaLevelUpLearnset
0x082592A2	rom	0x14	sSlakothLevelUpLearnset
0x082592B6	rom	0x1A	sVigorothLevelUpLearnset
0x082592D0	rom	0x1A	sSlakingLevelUpLearnset
0x082592EA	rom	0x18	sGulpinLevelUpLearnset
0x08259302	rom	0x20	sSwalotLevelUpLearnset
0x08259322	rom	0x18	sTropiusLevelUpLearnset
0x0825933A	rom	0x18	sWhismurLevelUpLearnset
0x08259352	rom	0x1E	sLoudredLevelUpLearnset
0x08259370	rom	0x20	sExploudLevelUpLearnset
0x08259390	rom	0xA	sClamperlLevelUpLearnset
0x0825939A	rom	0x12	sHuntailLevelUpLearnset
0x082593AC	rom	0x12	sGorebyssLevelUpLearnset
0x082593BE	rom	0x18	sAbsolLevelUpLearnset
0x082593D6	rom	0x16	sShuppetLevelUpLearnset
0x082593EC	rom	0x1C	sBanetteLevelUpLearnset
0x08259408	rom	0x16	sSeviperLevelUpLearnset
0x0825941E	rom	0x18	sZangooseLevelUpLearnset
0x08259436	rom	0x18	sRelicanthLevelUpLearnset
0x0825944E	rom	0x1A	sAronLevelUpLearnset
0x08259468	rom	0x20	sLaironLevelUpLearnset
0x08259488	rom	0x20	sAggronLevelUpLearnset
0x082594A8	rom	0x12	sCastformLevelUpLearnset
0x082594BA	rom	0x16	sVolbeatLevelUpLearnset
0x082594D0	rom	0x16	sIllumiseLevelUpLearnset
0x082594E6	rom	0x16	sLileepLevelUpLearnset
0x082594FC	rom	0x1C	sCradilyLevelUpLearnset
0x08259518	rom	0x16	sAnorithLevelUpLearnset
0x0825952E	rom	0x1C	sArmaldoLevelUpLearnset
0x0825954A	rom	0x16	sRaltsLevelUpLearnset
0x08259560	rom	0x1E	sKirliaLevelUpLearnset
0x0825957E	rom	0x1C	sGardevoirLevelUpLearnset
0x0825959A	rom	0x18	sBagonLevelUpLearnset
0x082595B2	rom	0x20	sShelgonLevelUpLearnset
0x082595D2	rom	0x22	sSalamenceLevelUpLearnset
0x082595F4	rom	0x4	sBeldumLevelUpLearnset
0x082595F8	rom	0x16	sMetangLevelUpLearnset
0x0825960E	rom	0x1C	sMetagrossLevelUpLearnset
0x0825962A	rom	0x14	sRegirockLevelUpLearnset
0x0825963E	rom	0x14	sRegiceLevelUpLearnset
0x08259652	rom	0x16	sRegisteelLevelUpLearnset
0x08259668	rom	0x18	sKyogreLevelUpLearnset
0x08259680	rom	0x18	sGroudonLevelUpLearnset
0x08259698	rom	0x18	sRayquazaLevelUpLearnset
0x082596B0	rom	0x18	sLatiasLevelUpLearnset
0x082596C8	rom	0x18	sLatiosLevelUpLearnset
0x082596E0	rom	0x1A	sJirachiLevelUpLearnset
0x082596FA	rom	0x1E	sDeoxysLevelUpLearnset
0x08259718	rom	0x1A	sChimechoLevelUpLearnset
0x08259734	rom	0x4060	gEvolutionTable
0x0825D794	rom	0x670	gLevelUpLearnsets
0x0825DE04	rom	0x7D	sPokeblockFlavorCompatibilityTable
0x0825DE81	rom	0x4	gPPUpGetMask
0x0825DE85	rom	0x4	gPPUpClearMask
0x0825DE89	rom	0x4	gPPUpAddValues
0x0825DE8D	rom	0x1A	gStatStageRatios
0x0825DEA7	rom	0x5	sText_GameFreak
0x0825DEAC	rom	0x22	sHoldEffectToType
0x0825DED0	rom	0x60	gSpriteTemplates_Battlers
0x0825DF30	rom	0x90	sTrainerBackSpriteTemplates
0x0825DFC0	rom	0xA	sSecretBaseFacilityClasses
0x0825DFCA	rom	0x6	sGetMonDataEVConstants
0x0825DFD0	rom	0x6	sStatsToRaise
0x0825DFD6	rom	0x1E	sFriendshipEventDeltas
0x0825DFF4	rom	0x12	sHMMoves
0x0825E006	rom	0xC	sDeoxysBaseStats
0x0825E012	rom	0x20	gUnionRoomFacilityClasses
0x0825E034	rom	0x8	sOamData_64x64
0x0825E03C	rom	0x18	sSpriteTemplate_64x64
0x0825E054	rom	0x280	gSineTable
0x0825E2D4	rom	0x168	gSineDegreeTable
0x0825E43C	rom	0x80	gBitTable
0x0825E4BC	rom	0x18	gInvisibleSpriteTemplate
0x0825E4D4	rom	0x18	sSpriteDimensions
0x0825E4EC	rom	0x200	gCrc16Table
0x0825E6EC	rom	0x800	gMiscBlank_Gfx
0x0825EEEC	rom	0x8E6	gEggMoves
0x0825F7D4	rom	0x8	sDaycareLevelMenuWindowTemplate
0x0825F7DC	rom	0x18	sLevelMenuItems
0x0825F7F4	rom	0x18	sDaycareListMenuLevelTemplate
0x0825F80C	rom	0x10	sCompatibilityMessages
0x0825F81C	rom	0x2	sNewLineText
0x0825F81E	rom	0x4	sJapaneseEggNickname
0x0825F822	rom	0x20	sEggPalette
0x0825F842	rom	0x800	sEggHatchTiles
0x08260042	rom	0x80	sEggShardTiles
0x082600C4	rom	0x8	sOamData_EggHatch
0x082600CC	rom	0x8	sSpriteAnim_EggHatch0
0x082600D4	rom	0x8	sSpriteAnim_EggHatch1
0x082600DC	rom	0x8	sSpriteAnim_EggHatch2
0x082600E4	rom	0x8	sSpriteAnim_EggHatch3
0x082600EC	rom	0x10	sSpriteAnimTable_EggHatch
0x082600FC	rom	0x8	sEggHatch_Sheet
0x08260104	rom	0x8	sEggShards_Sheet
0x0826010C	rom	0x8	sEgg_SpritePalette
0x08260114	rom	0x18	sSpriteTemplate_EggHatch
0x0826012C	rom	0x8	sOamData_EggShard
0x08260134	rom	0x8	sSpriteAnim_EggShard0
0x0826013C	rom	0x8	sSpriteAnim_EggShard1
0x08260144	rom	0x8	sSpriteAnim_EggShard2
0x0826014C	rom	0x8	sSpriteAnim_EggShard3
0x08260154	rom	0x10	sSpriteAnimTable_EggShard
0x08260164	rom	0x18	sSpriteTemplate_EggShard
0x0826017C	rom	0x8	sBgTemplates_EggHatch
0x08260184	rom	0x10	sWinTemplates_EggHatch
0x08260194	rom	0x8	sYesNoWinTemplate
0x0826019C	rom	0x4C	sEggShardVelocities
0x082601E8	rom	0x8	sSpriteSheet_SinglesPlayerHealthbox
0x082601F0	rom	0x8	sSpriteSheet_SinglesOpponentHealthbox
0x082601F8	rom	0x10	sSpriteSheets_DoublesPlayerHealthbox
0x08260208	rom	0x10	sSpriteSheets_DoublesOpponentHealthbox
0x08260218	rom	0x8	sSpriteSheet_SafariHealthbox
0x08260220	rom	0x20	sSpriteSheets_HealthBar
0x08260240	rom	0x10	sSpritePalettes_HealthBoxHealthBar
0x08260250	rom	0x8	sOamData_Healthbox
0x08260258	rom	0x30	sHealthboxPlayerSpriteTemplates
0x08260288	rom	0x30	sHealthboxOpponentSpriteTemplates
0x082602B8	rom	0x18	sHealthboxSafariSpriteTemplate
0x082602D0	rom	0x8	sOamData_Healthbar
0x082602D8	rom	0x60	sHealthbarSpriteTemplates
0x08260338	rom	0x14	sUnused_Subsprites_0
0x0826034C	rom	0x14	sUnused_Subsprites_2
0x08260360	rom	0x8	sUnused_Subsprites_1
0x08260368	rom	0x8	sUnused_Subsprites_3
0x08260370	rom	0x8	sHealthBar_Subsprites_Player
0x08260378	rom	0xC	sHealthBar_Subsprites_Opponent
0x08260384	rom	0x20	sUnused_SubspriteTable
0x082603A4	rom	0x10	sHealthBar_SubspriteTable
0x082603B4	rom	0x10	sStatusSummaryBar_Subsprites_Enter
0x082603C4	rom	0x18	sStatusSummaryBar_Subsprites_Exit
0x082603DC	rom	0x8	sStatusSummaryBar_SubspriteTable_Enter
0x082603E4	rom	0x8	sStatusSummaryBar_SubspriteTable_Exit
0x082603EC	rom	0x60	sBattleInterface_Unused
0x0826044C	rom	0x10	sPartySummaryBarSpriteSheets
0x0826045C	rom	0x10	sPartySummaryBarSpritePals
0x0826046C	rom	0x10	sPartySummaryBallSpritePals
0x0826047C	rom	0x10	sPartySummaryBallSpriteSheets
0x0826048C	rom	0x8	sOamData_Healthbox2
0x08260494	rom	0x8	sOamData_PartySummaryBall
0x0826049C	rom	0x30	sPartySummaryBarSpriteTemplates
0x082604CC	rom	0x30	sPartySummaryBallSpriteTemplates
0x08260520	rom	0x2	sText_Slash
0x08260536	rom	0x4	sText_HealthboxNickname
0x0826053A	rom	0xA	sStatusIconColors
0x08260544	rom	0x8	sHealthboxWindowTemplate
0x0826054C	rom	0x60	gBallSpriteSheets
0x082605AC	rom	0x60	gBallSpritePalettes
0x0826060C	rom	0x8	sBallOamData
0x08260614	rom	0x8	sBallAnimSeq3
0x0826061C	rom	0x8	sBallAnimSeq5
0x08260624	rom	0x8	sBallAnimSeq4
0x0826062C	rom	0x8	sBallAnimSeq6
0x08260634	rom	0x8	sBallAnimSeq0
0x0826063C	rom	0xC	sBallAnimSeq1
0x08260648	rom	0xC	sBallAnimSeq2
0x08260654	rom	0x1C	sBallAnimSequences
0x08260670	rom	0x10	sAffineAnim_BallRotate_0
0x08260680	rom	0x10	sAffineAnim_BallRotate_Right
0x08260690	rom	0x10	sAffineAnim_BallRotate_Left
0x082606A0	rom	0x10	sAffineAnim_BallRotate_3
0x082606B0	rom	0x10	sAffineAnim_BallRotate_4
0x082606C0	rom	0x14	sAffineAnim_BallRotate
0x082606D4	rom	0x120	gBallSpriteTemplates
0x082607F4	rom	0x20	sSizesAndOffsets
0x08260814	rom	0x1FE	sTradeMovesBoxTilemap
0x08260A12	rom	0x1FE	sTradePartyBoxTilemap
0x08260C10	rom	0x800	sTradeStripesBG2Tilemap
0x08261410	rom	0x800	sTradeStripesBG3Tilemap
0x08261C10	rom	0x8	sOamData_MenuText
0x08261C18	rom	0x8	sOamData_Cursor
0x08261C20	rom	0x8	sAnim_Cursor_Normal
0x08261C28	rom	0x8	sAnim_Cursor_OnCancel
0x08261C30	rom	0x8	sAnims_Cursor
0x08261C38	rom	0x8	sCursor_SpriteSheet
0x08261C40	rom	0x8	sCursor_SpritePalette
0x08261C48	rom	0x8	sAnim_MenuText_0
0x08261C50	rom	0x8	sAnim_MenuText_1
0x08261C58	rom	0x8	sAnim_MenuText_2
0x08261C60	rom	0x8	sAnim_MenuText_3
0x08261C68	rom	0x8	sAnim_MenuText_4
0x08261C70	rom	0x8	sAnim_MenuText_5
0x08261C78	rom	0x18	sAnims_MenuText
0x08261C90	rom	0x18	sSpriteTemplate_Cursor
0x08261CA8	rom	0x18	sSpriteTemplate_MenuText
0x08261CC0	rom	0x20	sMenuText_Pal
0x08261CE0	rom	0x8	sSpritePalette_MenuText
0x08261CE8	rom	0x138	sCursorMoveDestinations
0x08261E20	rom	0x1A	sTradeMonSpriteCoords
0x08261E3A	rom	0x18	sTradeMonLevelCoords
0x08261E52	rom	0x18	sTradeMonBoxCoords
0x08261E6A	rom	0x8	sPlayerNameCoords
0x08261E72	rom	0x24	sUnusedCoords
0x08261E96	rom	0x1	sText_Dummy
0x08261E97	rom	0xA	sText_ClrWhtHltTranspShdwDrkGry
0x08261EA1	rom	0x2	gText_MaleSymbol4
0x08261EA3	rom	0x2	gText_FemaleSymbol4
0x08261EA5	rom	0x1	gText_GenderlessSymbol
0x08261EA6	rom	0x1	sText_Dummy2
0x08261EA7	rom	0x2	sText_Newline
0x08261EA9	rom	0x2	sText_Slash
0x08261EAC	rom	0x18	sActionTexts
0x08261EC4	rom	0x10	sMenuAction_SummaryTrade
0x08261ED4	rom	0x24	sMessages
0x08261EF8	rom	0x3	sTextColor_PartyMonNickname
0x08261EFC	rom	0x10	sBgTemplates
0x08261F0C	rom	0x98	sWindowTemplates
0x08261FA4	rom	0x8	sWindowTemplate_YesNo
0x08261FAC	rom	0x68	sDebug_Messages
0x08262014	rom	0x5	sText_ShedinjaJP
0x08262019	rom	0x1C	sDebug_TradeResultTexts
0x08262035	rom	0x4	sSelectedMonLevelGenderCoords
0x0826203C	rom	0x20	sPokeball_Pal
0x0826205C	rom	0x600	sPokeball_Gfx
0x0826265C	rom	0x1A00	sPokeballSymbol_Gfx
0x0826405C	rom	0x800	sCableCloseup_Map
0x0826485C	rom	0x100	sPokeballSymbol_Map
0x0826495C	rom	0x20	sUnusedPal1
0x0826497C	rom	0x20	sGba_Pal
0x0826499C	rom	0x20	sShadowPalette
0x082649BC	rom	0x20	sBlackPalette
0x082649DC	rom	0x20	sLinkMon_Pal
0x082649FC	rom	0x200	sLinkMonGlow_Gfx
0x08264BFC	rom	0x200	sLinkMonShadow_Gfx
0x08264DFC	rom	0x200	sCableEnd_Gfx
0x08264FFC	rom	0x1000	sGbaScreen_Gfx
0x08265FFC	rom	0x1000	gTradeOrHatchMonShadowTilemap
0x08266FFC	rom	0x2800	sGbaAffine_Gfx
0x082697FC	rom	0x40	sEmptyGfx
0x0826983C	rom	0x100	sGbaAffineMapCable
0x0826993C	rom	0x100	sGbaAffineMapWireless
0x08269A3C	rom	0x1000	sGbaMapWireless
0x0826AA3C	rom	0x1000	sGbaMapCable
0x0826BA3C	rom	0x100	sWirelessCloseup_Map
0x0826BB3C	rom	0x200	sWirelessSignalAnimPals_Outbound
0x0826BD3C	rom	0x200	sWirelessSignalAnimPals_Inbound
0x0826BF3C	rom	0x20	sWirelessSignalAnimPals_Off
0x0826BF5C	rom	0x690	sWirelessSignal4bpp
0x0826C5EC	rom	0x6F4	sWirelessSignalTilemap
0x0826CCE0	rom	0x8	sOamData_Pokeball
0x0826CCE8	rom	0x3C	sAnim_Pokeball_SpinOnce
0x0826CD24	rom	0x3C	sAnim_Pokeball_SpinTwice
0x0826CD60	rom	0x8	sAnims_Pokeball
0x0826CD68	rom	0x10	sAffineAnim_Pokeball_Normal
0x0826CD78	rom	0x10	sAffineAnim_Pokeball_Squish
0x0826CD88	rom	0x20	sAffineAnim_Pokeball_Unsquish
0x0826CDA8	rom	0xC	sAffineAnims_Pokeball
0x0826CDB4	rom	0x8	sPokeBallSpriteSheet
0x0826CDBC	rom	0x8	sTradeBallSpritePal
0x0826CDC4	rom	0x18	sSpriteTemplate_Pokeball
0x0826CDDC	rom	0x8	sOamData_LinkMonGlow
0x0826CDE4	rom	0x8	sAnim_LinkMonGlow
0x0826CDEC	rom	0x4	sAnims_LinkMonGlow
0x0826CDF0	rom	0x18	sAffineAnim_LinkMonGlow
0x0826CE08	rom	0x4	sAffineAnims_LinkMonGlow
0x0826CE0C	rom	0x8	sSpriteSheet_LinkMonGlow
0x0826CE14	rom	0x8	sSpritePalette_LinkMon
0x0826CE1C	rom	0x8	sSpritePalette_Gba
0x0826CE24	rom	0x18	sSpriteTemplate_LinkMonGlow
0x0826CE3C	rom	0x8	sOamData_LinkMonShadow
0x0826CE44	rom	0x8	sAnim_LinkMonShadow_Big
0x0826CE4C	rom	0x8	sAnim_LinkMonShadow_Small
0x0826CE54	rom	0x8	sAnims_LinkMonShadow
0x0826CE5C	rom	0x8	sSpriteSheet_LinkMonShadow
0x0826CE64	rom	0x18	sSpriteTemplate_LinkMonShadow
0x0826CE7C	rom	0x8	sOamData_CableEnd
0x0826CE84	rom	0x8	sAnim_CableEnd
0x0826CE8C	rom	0x4	sAnims_CableEnd
0x0826CE90	rom	0x8	sSpriteSheet_CableEnd
0x0826CE98	rom	0x18	sSpriteTemplate_CableEnd
0x0826CEB0	rom	0x8	sOamData_GbaScreen
0x0826CEB8	rom	0x24	sAnim_GbaScreen_Long
0x0826CEDC	rom	0x24	sAnim_GbaScreen_Short
0x0826CF00	rom	0x4	sAnims_GbaScreen_Long
0x0826CF04	rom	0x4	sAnims_GbaScreen_Short
0x0826CF08	rom	0x8	sTradeGBAScreenSpriteSheet
0x0826CF10	rom	0x18	sSpriteTemplate_GbaScreenFlash_Long
0x0826CF28	rom	0x18	sSpriteTemplate_GbaScreenFlash_Short
0x0826CF40	rom	0x18	sLinkMonShadow_Pal
0x0826CF58	rom	0x10	sAffineAnim_CrossingMonPic
0x0826CF68	rom	0x4	sAffineAnims_CrossingMonPics
0x0826CF6C	rom	0x21C	sInGameTrades
0x0826D188	rom	0x14	sInGameTradeMailMessages
0x0826D19C	rom	0x10	sTradeMessageWindowTemplates
0x0826D1AC	rom	0x8	gTradeEvolutionSceneYesNoWindowTemplate
0x0826D1B4	rom	0x10	sBgTemplates
0x0826D1C4	rom	0x6C	sTradeBallVerticalVelocityTable
0x0826D230	rom	0x42	sWirelessSignalAnimParams
0x0826D274	rom	0x9	sWhiteOutMoneyLossMultipliers
0x0826D27E	rom	0x10	sWhiteOutMoneyLossBadgeFlagIDs
0x0826D290	rom	0x8	sDummyWarpData
0x0826D298	rom	0x20	sUnusedData
0x0826D2B8	rom	0x48	gDirectionToVectors
0x0826D300	rom	0x10	sOverworldBgTemplates
0x0826D31C	rom	0xC	sLinkPlayerMovementModes
0x0826D328	rom	0x2C	sLinkPlayerFacingHandlers
0x0826D354	rom	0x8	sMovementStatusHandler
0x0826D35C	rom	0x444	gTilesetTiles_PalletTown
0x0826D7A0	rom	0x200	gTilesetPalettes_PalletTown
0x0826D9A0	rom	0x600	gTilesetTiles_ViridianCity
0x0826DFA0	rom	0x200	gTilesetPalettes_ViridianCity
0x0826E1A0	rom	0x8F8	gTilesetTiles_PewterCity
0x0826EA98	rom	0x200	gTilesetPalettes_PewterCity
0x0826EC98	rom	0x800	gTilesetTiles_CeruleanCity
0x0826F498	rom	0x200	gTilesetPalettes_CeruleanCity
0x0826F698	rom	0xD80	gTilesetTiles_LavenderTown
0x08270418	rom	0x200	gTilesetPalettes_LavenderTown
0x08270618	rom	0x768	gTilesetTiles_VermilionCity
0x08270D80	rom	0x200	gTilesetPalettes_VermilionCity
0x08270F80	rom	0xCD4	gTilesetTiles_CeladonCity
0x08271C54	rom	0x200	gTilesetPalettes_CeladonCity
0x08271E54	rom	0xBE8	gTilesetTiles_FuchsiaCity
0x08272A3C	rom	0x200	gTilesetPalettes_FuchsiaCity
0x08272C3C	rom	0x6FC	gTilesetTiles_CinnabarIsland
0x08273338	rom	0x200	gTilesetPalettes_CinnabarIsland
0x08273538	rom	0xD78	gTilesetTiles_IndigoPlateau
0x082742B0	rom	0x200	gTilesetPalettes_IndigoPlateau
0x082744B0	rom	0xBC4	gTilesetTiles_SaffronCity
0x08275074	rom	0x200	gTilesetPalettes_SaffronCity
0x08275274	rom	0x2400	gTilesetTiles_Building
0x08277674	rom	0x200	gTilesetPalettes_Building
0x08277874	rom	0x1C8	gTilesetTiles_Mart
0x08277A3C	rom	0x200	gTilesetPalettes_Mart
0x08277C3C	rom	0x1068	gTilesetTiles_PokemonCenter
0x08278CA4	rom	0x200	gTilesetPalettes_PokemonCenter
0x08278EA4	rom	0x12E4	gTilesetTiles_Cave
0x0827A188	rom	0x200	gTilesetPalettes_Cave
0x0827A388	rom	0x10	gTilesetTiles_Dummy1
0x0827A398	rom	0x200	gTilesetPalettes_Dummy1
0x0827A598	rom	0x85C	gTilesetTiles_Museum
0x0827ADF4	rom	0x200	gTilesetPalettes_Museum
0x0827AFF4	rom	0x4F00	gTilesetTiles_CableClub
0x0827FEF4	rom	0x200	gTilesetPalettes_CableClub
0x082800F4	rom	0x3D8	gTilesetTiles_BikeShop
0x082804CC	rom	0x200	gTilesetPalettes_BikeShop
0x082806CC	rom	0x614	gTilesetTiles_Lab
0x08280CE0	rom	0x200	gTilesetPalettes_Lab
0x08280EE0	rom	0x14A4	gTilesetTiles_HoennBuilding
0x08282384	rom	0x200	gTilesetPalettes_HoennBuilding
0x08282584	rom	0xA18	gTilesetTiles_GameCorner
0x08282F9C	rom	0x200	gTilesetPalettes_GameCorner
0x0828319C	rom	0x7F4	gTilesetTiles_PewterGym
0x08283990	rom	0x200	gTilesetPalettes_PewterGym
0x08283B90	rom	0x448	gTilesetTiles_CeruleanGym
0x08283FD8	rom	0x200	gTilesetPalettes_CeruleanGym
0x082841D8	rom	0x7C0	gTilesetTiles_VermilionGym
0x08284998	rom	0x200	gTilesetPalettes_VermilionGym
0x08284B98	rom	0x598	gTilesetTiles_CeladonGym
0x08285130	rom	0x200	gTilesetPalettes_CeladonGym
0x08285330	rom	0x454	gTilesetTiles_FuchsiaGym
0x08285784	rom	0x200	gTilesetPalettes_FuchsiaGym
0x08285984	rom	0x3EC	gTilesetTiles_SaffronGym
0x08285D70	rom	0x200	gTilesetPalettes_SaffronGym
0x08285F70	rom	0x644	gTilesetTiles_CinnabarGym
0x082865B4	rom	0x200	gTilesetPalettes_CinnabarGym
0x082867B4	rom	0x3F4	gTilesetTiles_ViridianGym
0x08286BA8	rom	0x200	gTilesetPalettes_ViridianGym
0x08286DA8	rom	0xDB8	gTilesetTiles_SSAnne
0x08287B60	rom	0x200	gTilesetPalettes_SSAnne
0x08287D60	rom	0x14	gTilesetTiles_Dummy2
0x08287D74	rom	0x200	gTilesetPalettes_Dummy2
0x08287F74	rom	0x4B0	gTilesetTiles_ViridianForest
0x08288424	rom	0x200	gTilesetPalettes_ViridianForest
0x08288624	rom	0x61C	gTilesetTiles_UnusedGatehouse1
0x08288C40	rom	0x200	gTilesetPalettes_UnusedGatehouse1
0x08288E40	rom	0x1168	gTilesetTiles_RockTunnel
0x08289FA8	rom	0x200	gTilesetPalettes_RockTunnel
0x0828A1A8	rom	0x1088	gTilesetTiles_DiglettsCave
0x0828B230	rom	0x200	gTilesetPalettes_DiglettsCave
0x0828B430	rom	0x1650	gTilesetTiles_SeafoamIslands
0x0828CA80	rom	0x200	gTilesetPalettes_SeafoamIslands
0x0828CC80	rom	0x61C	gTilesetTiles_UnusedGatehouse2
0x0828D29C	rom	0x200	gTilesetPalettes_UnusedGatehouse2
0x0828D49C	rom	0xEE8	gTilesetTiles_CeruleanCave
0x0828E384	rom	0x200	gTilesetPalettes_CeruleanCave
0x0828E584	rom	0x6CC	gTilesetTiles_GenericBuilding2
0x0828EC50	rom	0x200	gTilesetPalettes_GenericBuilding2
0x0828EE50	rom	0x508	gTilesetTiles_PowerPlant
0x0828F358	rom	0x200	gTilesetPalettes_PowerPlant
0x0828F558	rom	0x460	gTilesetTiles_SeaCottage
0x0828F9B8	rom	0x200	gTilesetPalettes_SeaCottage
0x0828FBB8	rom	0x11F8	gTilesetTiles_Condominiums
0x08290DB0	rom	0x200	gTilesetPalettes_Condominiums
0x08290FB0	rom	0x2A4	gTilesetTiles_UndergroundPath
0x08291254	rom	0x200	gTilesetPalettes_UndergroundPath
0x08291454	rom	0x688	gTilesetTiles_PokemonTower
0x08291ADC	rom	0x200	gTilesetPalettes_PokemonTower
0x08291CDC	rom	0x3F4	gTilesetTiles_SafariZoneBuilding
0x082920D0	rom	0x200	gTilesetPalettes_SafariZoneBuilding
0x082922D0	rom	0xD00	gTilesetTiles_PokemonMansion
0x08292FD0	rom	0x200	gTilesetPalettes_PokemonMansion
0x082931D0	rom	0x470	gTilesetTiles_RestaurantHotel
0x08293640	rom	0x200	gTilesetPalettes_RestaurantHotel
0x08293840	rom	0x2AC	gTilesetTiles_School
0x08293AEC	rom	0x200	gTilesetPalettes_School
0x08293CEC	rom	0x438	gTilesetTiles_FanClubDaycare
0x08294124	rom	0x200	gTilesetPalettes_FanClubDaycare
0x08294324	rom	0x9C4	gTilesetTiles_BurgledHouse
0x08294CE8	rom	0x200	gTilesetPalettes_BurgledHouse
0x08294EE8	rom	0x10	gTilesetTiles_Dummy3
0x08294EF8	rom	0x200	gTilesetPalettes_Dummy3
0x082950F8	rom	0x14	gTilesetTiles_Dummy4
0x0829510C	rom	0x200	gTilesetPalettes_Dummy4
0x0829530C	rom	0x14A8	gTilesetTiles_MtEmber
0x082967B4	rom	0x200	gTilesetPalettes_MtEmber
0x082969B4	rom	0x4BC	gTilesetTiles_BerryForest
0x08296E70	rom	0x200	gTilesetPalettes_BerryForest
0x08297070	rom	0x132C	gTilesetTiles_NavelRock
0x0829839C	rom	0x200	gTilesetPalettes_NavelRock
0x0829859C	rom	0x3B4	gTilesetTiles_TanobyRuins
0x08298950	rom	0x200	gTilesetPalettes_TanobyRuins
0x08298B50	rom	0xF34	gTilesetTiles_SeviiIslands123
0x08299A84	rom	0x200	gTilesetPalettes_SeviiIslands123
0x08299C84	rom	0xE60	gTilesetTiles_SeviiIslands45
0x0829AAE4	rom	0x200	gTilesetPalettes_SeviiIslands45
0x0829ACE4	rom	0x1060	gTilesetTiles_SeviiIslands67
0x0829BD44	rom	0x200	gTilesetPalettes_SeviiIslands67
0x0829BF44	rom	0xF80	gTilesetTiles_TrainerTower
0x0829CEC4	rom	0x200	gTilesetPalettes_TrainerTower
0x0829D0C4	rom	0x7B0	gTilesetTiles_IslandHarbor
0x0829D874	rom	0x200	gTilesetPalettes_IslandHarbor
0x0829DA74	rom	0xFBC	gTilesetTiles_PokemonLeague
0x0829EA30	rom	0x200	gTilesetPalettes_PokemonLeague
0x0829EC30	rom	0x878	gTilesetTiles_HallOfFame
0x0829F4A8	rom	0x200	gTilesetPalettes_HallOfFame
0x0829F6A8	rom	0x2800	gMetatiles_General
0x082A1EA8	rom	0xA00	gMetatileAttributes_General
0x082A28A8	rom	0x590	gMetatiles_PalletTown
0x082A2E38	rom	0x164	gMetatileAttributes_PalletTown
0x082A2F9C	rom	0x5F0	gMetatiles_ViridianCity
0x082A358C	rom	0x17C	gMetatileAttributes_ViridianCity
0x082A3708	rom	0x4F0	gMetatiles_PewterCity
0x082A3BF8	rom	0x13C	gMetatileAttributes_PewterCity
0x082A3D34	rom	0x860	gMetatiles_CeruleanCity
0x082A4594	rom	0x218	gMetatileAttributes_CeruleanCity
0x082A47AC	rom	0xDA0	gMetatiles_LavenderTown
0x082A554C	rom	0x368	gMetatileAttributes_LavenderTown
0x082A58B4	rom	0xA80	gMetatiles_VermilionCity
0x082A6334	rom	0x2A0	gMetatileAttributes_VermilionCity
0x082A65D4	rom	0xF00	gMetatiles_CeladonCity
0x082A74D4	rom	0x3C0	gMetatileAttributes_CeladonCity
0x082A7894	rom	0xC00	gMetatiles_FuchsiaCity
0x082A8494	rom	0x300	gMetatileAttributes_FuchsiaCity
0x082A8794	rom	0x400	gMetatiles_CinnabarIsland
0x082A8B94	rom	0x100	gMetatileAttributes_CinnabarIsland
0x082A8C94	rom	0xB00	gMetatiles_IndigoPlateau
0x082A9794	rom	0x2C0	gMetatileAttributes_IndigoPlateau
0x082A9A54	rom	0xC80	gMetatiles_SaffronCity
0x082AA6D4	rom	0x320	gMetatileAttributes_SaffronCity
0x082AA9F4	rom	0x650	gMetatiles_PewterGym
0x082AB044	rom	0x194	gMetatileAttributes_PewterGym
0x082AB1D8	rom	0x540	gMetatiles_CeruleanGym
0x082AB718	rom	0x150	gMetatileAttributes_CeruleanGym
0x082AB868	rom	0x4B0	gMetatiles_VermilionGym
0x082ABD18	rom	0x12C	gMetatileAttributes_VermilionGym
0x082ABE44	rom	0x400	gMetatiles_CeladonGym
0x082AC244	rom	0x100	gMetatileAttributes_CeladonGym
0x082AC344	rom	0x220	gMetatiles_FuchsiaGym
0x082AC564	rom	0x88	gMetatileAttributes_FuchsiaGym
0x082AC5EC	rom	0x2E0	gMetatiles_SaffronGym
0x082AC8CC	rom	0xB8	gMetatileAttributes_SaffronGym
0x082AC984	rom	0x600	gMetatiles_CinnabarGym
0x082ACF84	rom	0x180	gMetatileAttributes_CinnabarGym
0x082AD104	rom	0x540	gMetatiles_ViridianGym
0x082AD644	rom	0x150	gMetatileAttributes_ViridianGym
0x082AD794	rom	0x2800	gMetatiles_Building
0x082AFF94	rom	0xA00	gMetatileAttributes_Building
0x082B0994	rom	0x20	gMetatiles_Dummy1
0x082B09B4	rom	0x8	gMetatileAttributes_Dummy1
0x082B09BC	rom	0x2000	gMetatiles_HoennBuilding
0x082B29BC	rom	0x800	gMetatileAttributes_HoennBuilding
0x082B31BC	rom	0x2A0	gMetatiles_BikeShop
0x082B345C	rom	0xA8	gMetatileAttributes_BikeShop
0x082B3504	rom	0x430	gMetatiles_Mart
0x082B3934	rom	0x10C	gMetatileAttributes_Mart
0x082B3A40	rom	0xFF0	gMetatiles_PokemonCenter
0x082B4A30	rom	0x3FC	gMetatileAttributes_PokemonCenter
0x082B4E2C	rom	0x180	gMetatiles_GenericBuilding1
0x082B4FAC	rom	0x60	gMetatileAttributes_GenericBuilding1
0x082B500C	rom	0xA10	gMetatiles_Cave
0x082B5A1C	rom	0x284	gMetatileAttributes_Cave
0x082B5CA0	rom	0x980	gMetatiles_GameCorner
0x082B6620	rom	0x260	gMetatileAttributes_GameCorner
0x082B6880	rom	0xAF0	gMetatiles_Lab
0x082B7370	rom	0x2BC	gMetatileAttributes_Lab
0x082B762C	rom	0x1500	gMetatiles_SSAnne
0x082B8B2C	rom	0x540	gMetatileAttributes_SSAnne
0x082B906C	rom	0x20	gMetatiles_Dummy2
0x082B908C	rom	0x8	gMetatileAttributes_Dummy2
0x082B9094	rom	0x2B0	gMetatiles_ViridianForest
0x082B9344	rom	0xAC	gMetatileAttributes_ViridianForest
0x082B93F0	rom	0x720	gMetatiles_UnusedGatehouse1
0x082B9B10	rom	0x1C8	gMetatileAttributes_UnusedGatehouse1
0x082B9CD8	rom	0x980	gMetatiles_RockTunnel
0x082BA658	rom	0x260	gMetatileAttributes_RockTunnel
0x082BA8B8	rom	0x9D0	gMetatiles_DiglettsCave
0x082BB288	rom	0x274	gMetatileAttributes_DiglettsCave
0x082BB4FC	rom	0xF80	gMetatiles_SeafoamIslands
0x082BC47C	rom	0x3E0	gMetatileAttributes_SeafoamIslands
0x082BC85C	rom	0x720	gMetatiles_UnusedGatehouse2
0x082BCF7C	rom	0x1C8	gMetatileAttributes_UnusedGatehouse2
0x082BD144	rom	0x860	gMetatiles_CeruleanCave
0x082BD9A4	rom	0x218	gMetatileAttributes_CeruleanCave
0x082BDBBC	rom	0xF60	gMetatiles_DepartmentStore
0x082BEB1C	rom	0x3D8	gMetatileAttributes_DepartmentStore
0x082BEEF4	rom	0xB80	gMetatiles_GenericBuilding2
0x082BFA74	rom	0x2E0	gMetatileAttributes_GenericBuilding2
0x082BFD54	rom	0x990	gMetatiles_PowerPlant
0x082C06E4	rom	0x264	gMetatileAttributes_PowerPlant
0x082C0948	rom	0x3B0	gMetatiles_SeaCottage
0x082C0CF8	rom	0xEC	gMetatileAttributes_SeaCottage
0x082C0DE4	rom	0x17A0	gMetatiles_SilphCo
0x082C2584	rom	0x5E8	gMetatileAttributes_SilphCo
0x082C2B6C	rom	0x480	gMetatiles_UndergroundPath
0x082C2FEC	rom	0x120	gMetatileAttributes_UndergroundPath
0x082C310C	rom	0x650	gMetatiles_PokemonTower
0x082C375C	rom	0x194	gMetatileAttributes_PokemonTower
0x082C38F0	rom	0x800	gMetatiles_SafariZoneBuilding
0x082C40F0	rom	0x200	gMetatileAttributes_SafariZoneBuilding
0x082C42F0	rom	0x1020	gMetatiles_PokemonMansion
0x082C5310	rom	0x408	gMetatileAttributes_PokemonMansion
0x082C5718	rom	0x870	gMetatiles_Museum
0x082C5F88	rom	0x21C	gMetatileAttributes_Museum
0x082C61A4	rom	0x1000	gMetatiles_CableClub
0x082C71A4	rom	0x400	gMetatileAttributes_CableClub
0x082C75A4	rom	0x680	gMetatiles_RestaurantHotel
0x082C7C24	rom	0x1A0	gMetatileAttributes_RestaurantHotel
0x082C7DC4	rom	0x2E0	gMetatiles_School
0x082C80A4	rom	0xB8	gMetatileAttributes_School
0x082C815C	rom	0xAA0	gMetatiles_FanClubDaycare
0x082C8BFC	rom	0x2A8	gMetatileAttributes_FanClubDaycare
0x082C8EA4	rom	0xD70	gMetatiles_Condominiums
0x082C9C14	rom	0x35C	gMetatileAttributes_Condominiums
0x082C9F70	rom	0x390	gMetatiles_BurgledHouse
0x082CA300	rom	0xE4	gMetatileAttributes_BurgledHouse
0x082CA3E4	rom	0x20	gMetatiles_Dummy3
0x082CA404	rom	0x8	gMetatileAttributes_Dummy3
0x082CA40C	rom	0x20	gMetatiles_Dummy4
0x082CA42C	rom	0x8	gMetatileAttributes_Dummy4
0x082CA434	rom	0xE20	gMetatiles_MtEmber
0x082CB254	rom	0x388	gMetatileAttributes_MtEmber
0x082CB5DC	rom	0x2A0	gMetatiles_BerryForest
0x082CB87C	rom	0xA8	gMetatileAttributes_BerryForest
0x082CB924	rom	0xDC0	gMetatiles_NavelRock
0x082CC6E4	rom	0x370	gMetatileAttributes_NavelRock
0x082CCA54	rom	0x5E0	gMetatiles_TanobyRuins
0x082CD034	rom	0x178	gMetatileAttributes_TanobyRuins
0x082CD1AC	rom	0x11D0	gMetatiles_SeviiIslands123
0x082CE37C	rom	0x474	gMetatileAttributes_SeviiIslands123
0x082CE7F0	rom	0x980	gMetatiles_SeviiIslands45
0x082CF170	rom	0x260	gMetatileAttributes_SeviiIslands45
0x082CF3D0	rom	0xF00	gMetatiles_SeviiIslands67
0x082D02D0	rom	0x3C0	gMetatileAttributes_SeviiIslands67
0x082D0690	rom	0x1200	gMetatiles_TrainerTower
0x082D1890	rom	0x480	gMetatileAttributes_TrainerTower
0x082D1D10	rom	0x4F0	gMetatiles_IslandHarbor
0x082D2200	rom	0x13C	gMetatileAttributes_IslandHarbor
0x082D233C	rom	0x1800	gMetatiles_PokemonLeague
0x082D3B3C	rom	0x600	gMetatileAttributes_PokemonLeague
0x082D413C	rom	0x760	gMetatiles_HallOfFame
0x082D489C	rom	0x1D8	gMetatileAttributes_HallOfFame
0x082D4A74	rom	0x18	gTileset_General
0x082D4A8C	rom	0x18	gTileset_PalletTown
0x082D4AA4	rom	0x18	gTileset_ViridianCity
0x082D4ABC	rom	0x18	gTileset_PewterCity
0x082D4AD4	rom	0x18	gTileset_CeruleanCity
0x082D4AEC	rom	0x18	gTileset_LavenderTown
0x082D4B04	rom	0x18	gTileset_VermilionCity
0x082D4B1C	rom	0x18	gTileset_CeladonCity
0x082D4B34	rom	0x18	gTileset_FuchsiaCity
0x082D4B4C	rom	0x18	gTileset_CinnabarIsland
0x082D4B64	rom	0x18	gTileset_IndigoPlateau
0x082D4B7C	rom	0x18	gTileset_SaffronCity
0x082D4B94	rom	0x18	gTileset_Building
0x082D4BAC	rom	0x18	gTileset_Mart
0x082D4BC4	rom	0x18	gTileset_PokemonCenter
0x082D4BDC	rom	0x18	gTileset_Cave
0x082D4BF4	rom	0x18	gTileset_Dummy1
0x082D4C0C	rom	0x18	gTileset_Museum
0x082D4C24	rom	0x18	gTileset_CableClub
0x082D4C3C	rom	0x18	gTileset_BikeShop
0x082D4C54	rom	0x18	gTileset_GenericBuilding1
0x082D4C6C	rom	0x18	gTileset_Lab
0x082D4C84	rom	0x18	gTileset_FuchsiaGym
0x082D4C9C	rom	0x18	gTileset_ViridianGym
0x082D4CB4	rom	0x18	gTileset_HoennBuilding
0x082D4CCC	rom	0x18	gTileset_GameCorner
0x082D4CE4	rom	0x18	gTileset_PewterGym
0x082D4CFC	rom	0x18	gTileset_CeruleanGym
0x082D4D14	rom	0x18	gTileset_VermilionGym
0x082D4D2C	rom	0x18	gTileset_CeladonGym
0x082D4D44	rom	0x18	gTileset_SaffronGym
0x082D4D5C	rom	0x18	gTileset_CinnabarGym
0x082D4D74	rom	0x18	gTileset_SSAnne
0x082D4D8C	rom	0x18	gTileset_Dummy2
0x082D4DA4	rom	0x18	gTileset_ViridianForest
0x082D4DBC	rom	0x18	gTileset_UnusedGatehouse1
0x082D4DD4	rom	0x18	gTileset_RockTunnel
0x082D4DEC	rom	0x18	gTileset_DiglettsCave
0x082D4E04	rom	0x18	gTileset_SeafoamIslands
0x082D4E1C	rom	0x18	gTileset_UnusedGatehouse2
0x082D4E34	rom	0x18	gTileset_CeruleanCave
0x082D4E4C	rom	0x18	gTileset_DepartmentStore
0x082D4E64	rom	0x18	gTileset_GenericBuilding2
0x082D4E7C	rom	0x18	gTileset_PowerPlant
0x082D4E94	rom	0x18	gTileset_SeaCottage
0x082D4EAC	rom	0x18	gTileset_SilphCo
0x082D4EC4	rom	0x18	gTileset_UndergroundPath
0x082D4EDC	rom	0x18	gTileset_PokemonTower
0x082D4EF4	rom	0x18	gTileset_SafariZoneBuilding
0x082D4F0C	rom	0x18	gTileset_PokemonMansion
0x082D4F24	rom	0x18	gTileset_RestaurantHotel
0x082D4F3C	rom	0x18	gTileset_School
0x082D4F54	rom	0x18	gTileset_FanClubDaycare
0x082D4F6C	rom	0x18	gTileset_Condominiums
0x082D4F84	rom	0x18	gTileset_BurgledHouse
0x082D4F9C	rom	0x18	gTileset_Dummy3
0x082D4FB4	rom	0x18	gTileset_Dummy4
0x082D4FCC	rom	0x18	gTileset_MtEmber
0x082D4FE4	rom	0x18	gTileset_BerryForest
0x082D4FFC	rom	0x18	gTileset_NavelRock
0x082D5014	rom	0x18	gTileset_TanobyRuins
0x082D502C	rom	0x18	gTileset_SeviiIslands123
0x082D5044	rom	0x18	gTileset_SeviiIslands45
0x082D505C	rom	0x18	gTileset_SeviiIslands67
0x082D5074	rom	0x18	gTileset_TrainerTower
0x082D508C	rom	0x18	gTileset_IslandHarbor
0x082D50A4	rom	0x18	gTileset_PokemonLeague
0x082D50BC	rom	0x18	gTileset_HallOfFame
0x08352ECC	rom	0x4	sDummyConnectionFlags
0x08352ED0	rom	0x20	sMetatileAttrMasks
0x08352EF0	rom	0x8	sMetatileAttrShifts
0x08352F58	rom	0xF0	sBehaviorSurfable
0x08353048	rom	0x20	sTileBitAttributes
0x08353068	rom	0x180	sDoorAnimTiles_General
0x083531E8	rom	0x20	sDoorNullPalette1
0x08353208	rom	0x180	sDoorAnimTiles_SlidingSingle
0x08353388	rom	0x20	sDoorNullPalette2
0x083533A8	rom	0x180	sDoorAnimTiles_SlidingDouble
0x08353528	rom	0x20	sDoorNullPalette3
0x08353548	rom	0x180	sDoorAnimTiles_Pallet
0x083536C8	rom	0x20	sDoorNullPalette4
0x083536E8	rom	0x180	sDoorAnimTiles_OaksLab
0x08353868	rom	0x20	sDoorNullPalette5
0x08353888	rom	0x180	sDoorAnimTiles_Viridian
0x08353A08	rom	0x20	sDoorNullPalette6
0x08353A28	rom	0x180	sDoorAnimTiles_Pewter
0x08353BA8	rom	0x20	sDoorNullPalette7
0x08353BC8	rom	0x180	sDoorAnimTiles_Saffron
0x08353D48	rom	0x20	sDoorNullPalette8
0x08353D68	rom	0x180	sDoorAnimTiles_SilphCo
0x08353EE8	rom	0x20	sDoorNullPalette9
0x08353F08	rom	0x180	sDoorAnimTiles_Cerulean
0x08354088	rom	0x20	sDoorNullPalette10
0x083540A8	rom	0x180	sDoorAnimTiles_Lavender
0x08354228	rom	0x20	sDoorNullPalette11
0x08354248	rom	0x180	sDoorAnimTiles_Vermilion
0x083543C8	rom	0x20	sDoorNullPalette12
0x083543E8	rom	0x180	sDoorAnimTiles_PokemonFanClub
0x08354568	rom	0x20	sDoorNullPalette13
0x08354588	rom	0x180	sDoorAnimTiles_DeptStore
0x08354708	rom	0x20	sDoorNullPalette14
0x08354728	rom	0x180	sDoorAnimTiles_Fuchsia
0x083548A8	rom	0x20	sDoorNullPalette15
0x083548C8	rom	0x180	sDoorAnimTiles_SafariZone
0x08354A48	rom	0x20	sDoorNullPalette16
0x08354A68	rom	0x180	sDoorAnimTiles_CinnabarLab
0x08354BE8	rom	0x20	sDoorNullPalette17
0x08354C08	rom	0x300	sDoorAnimTiles_DeptStoreElevator
0x08354F08	rom	0x20	sDoorNullPalette18
0x08354F28	rom	0x300	sDoorAnimTiles_CableClub
0x08355228	rom	0x20	sDoorNullPalette19
0x08355248	rom	0x300	sDoorAnimTiles_HideoutElevator
0x08355548	rom	0x20	sDoorNullPalette20
0x08355568	rom	0x300	sDoorAnimTiles_SSAnne
0x08355868	rom	0x20	sDoorNullPalette21
0x08355888	rom	0x300	sDoorAnimTiles_Empty1
0x08355B88	rom	0x20	sDoorNullPalette22
0x08355BA8	rom	0x300	sDoorAnimTiles_Empty2
0x08355EA8	rom	0x20	sDoorNullPalette23
0x08355EC8	rom	0x300	sDoorAnimTiles_Empty3
0x083561C8	rom	0x20	sDoorNullPalette24
0x083561E8	rom	0x300	sDoorAnimTiles_Empty4
0x083564E8	rom	0x20	sDoorNullPalette25
0x08356508	rom	0x300	sDoorAnimTiles_Empty5
0x08356808	rom	0x20	sDoorNullPalette26
0x08356828	rom	0x300	sDoorAnimTiles_Empty6
0x08356B28	rom	0x20	sDoorNullPalette27
0x08356B48	rom	0x300	sDoorAnimTiles_Empty7
0x08356E48	rom	0x20	sDoorNullPalette28
0x08356E68	rom	0x180	sDoorAnimTiles_Empty8
0x08356FE8	rom	0x20	sDoorNullPalette29
0x08357008	rom	0x180	sDoorAnimTiles_Empty9
0x08357188	rom	0x20	sDoorNullPalette30
0x083571A8	rom	0x180	sDoorAnimTiles_Empty10
0x08357328	rom	0x20	sDoorNullPalette31
0x08357348	rom	0x180	sDoorAnimTiles_Empty11
0x083574C8	rom	0x20	sDoorNullPalette32
0x083574E8	rom	0x180	sDoorAnimTiles_Empty12
0x08357668	rom	0x20	sDoorNullPalette33
0x08357688	rom	0x180	sDoorAnimTiles_Empty13
0x08357808	rom	0x20	sDoorNullPalette34
0x08357828	rom	0x180	sDoorAnimTiles_Empty14
0x083579A8	rom	0x20	sDoorNullPalette35
0x083579C8	rom	0x180	sDoorAnimTiles_Empty15
0x08357B48	rom	0x20	sDoorNullPalette36
0x08357B68	rom	0x180	sDoorAnimTiles_Empty16
0x08357CE8	rom	0x20	sDoorNullPalette37
0x08357D08	rom	0x180	sDoorAnimTiles_Empty17
0x08357E88	rom	0x20	sDoorNullPalette38
0x08357EA8	rom	0x180	sDoorAnimTiles_Empty18
0x08358028	rom	0x20	sDoorNullPalette39
0x08358048	rom	0x180	sDoorAnimTiles_Empty19
0x083581C8	rom	0x20	sDoorNullPalette40
0x083581E8	rom	0x180	sDoorAnimTiles_Empty20
0x08358368	rom	0x20	sDoorNullPalette41
0x08358388	rom	0x180	sDoorAnimTiles_Empty21
0x08358508	rom	0x20	sDoorNullPalette42
0x08358528	rom	0x180	sDoorAnimTiles_Empty22
0x083586A8	rom	0x20	sDoorNullPalette43
0x083586C8	rom	0x180	sDoorAnimTiles_Empty23
0x08358848	rom	0x20	sDoorNullPalette44
0x08358868	rom	0x180	sDoorAnimTiles_Empty24
0x083589E8	rom	0x20	sDoorNullPalette45
0x08358A08	rom	0x180	sDoorAnimTiles_Empty25
0x08358B88	rom	0x20	sDoorNullPalette46
0x08358BA8	rom	0x180	sDoorAnimTiles_Empty26
0x08358D28	rom	0x20	sDoorNullPalette47
0x08358D48	rom	0x180	sDoorAnimTiles_Empty27
0x08358EC8	rom	0x20	sDoorNullPalette48
0x08358EE8	rom	0x180	sDoorAnimTiles_Empty28
0x08359068	rom	0x20	sDoorNullPalette49
0x08359088	rom	0x180	sDoorAnimTiles_Empty29
0x08359208	rom	0x20	sDoorNullPalette50
0x08359228	rom	0x180	sDoorAnimTiles_Empty30
0x083593A8	rom	0x20	sDoorNullPalette51
0x083593C8	rom	0x180	sDoorAnimTiles_Empty31
0x08359548	rom	0x20	sDoorNullPalette52
0x08359568	rom	0x100	sDoorAnimTiles_UnusedTop
0x08359668	rom	0x100	sDoorAnimTiles_Empty32
0x08359768	rom	0x100	sDoorAnimTiles_UnusedMidTop
0x08359868	rom	0x100	sDoorAnimTiles_Empty33
0x08359968	rom	0x100	sDoorAnimTiles_UnusedMidBottom
0x08359A68	rom	0x100	sDoorAnimTiles_Empty34
0x08359B68	rom	0x100	sDoorAnimTiles_UnusedBottom
0x08359C68	rom	0x20	sDoorNullPalette53
0x08359C88	rom	0x300	sDoorAnimTiles_SilphCoElevator
0x08359F88	rom	0x20	sDoorNullPalette54
0x08359FA8	rom	0x180	sDoorAnimTiles_Sevii123
0x0835A128	rom	0x20	sDoorNullPalette55
0x0835A148	rom	0x180	sDoorAnimTiles_JoyfulGameCorner
0x0835A2C8	rom	0x20	sDoorNullPalette56
0x0835A2E8	rom	0x180	sDoorAnimTiles_OneIslandPokeCenter
0x0835A468	rom	0x20	sDoorNullPalette57
0x0835A488	rom	0x180	sDoorAnimTiles_Sevii45
0x0835A608	rom	0x20	sDoorNullPalette58
0x0835A628	rom	0x180	sDoorAnimTiles_FourIslandDayCare
0x0835A7A8	rom	0x20	sDoorNullPalette59
0x0835A7C8	rom	0x180	sDoorAnimTiles_RocketWarehouse
0x0835A948	rom	0x20	sDoorNullPalette60
0x0835A968	rom	0x180	sDoorAnimTiles_Sevii67
0x0835AAE8	rom	0x20	sDoorNullPalette61
0x0835AB08	rom	0x300	sDoorAnimTiles_Teleporter
0x0835AE08	rom	0x20	sDoorNullPalette62
0x0835AE28	rom	0x300	sDoorAnimTiles_TrainerTowerLobbyElevator
0x0835B128	rom	0x20	sDoorNullPalette63
0x0835B148	rom	0x300	sDoorAnimTiles_TrainerTowerRoofElevator
0x0835B448	rom	0x20	sDoorNullPalette64
0x0835B468	rom	0x14	sDoorAnimFrames_OpenSmall
0x0835B47C	rom	0x14	sDoorAnimFrames_OpenLarge
0x0835B490	rom	0x14	sDoorAnimFrames_CloseSmall
0x0835B4A4	rom	0x14	sDoorAnimFrames_CloseLarge
0x0835B4B8	rom	0x8	sDoorAnimPalettes_General
0x0835B4C0	rom	0x8	sDoorAnimPalettes_SlidingSingle
0x0835B4C8	rom	0x8	sDoorAnimPalettes_SlidingDouble
0x0835B4D0	rom	0x8	sDoorAnimPalettes_Pallet
0x0835B4D8	rom	0x8	sDoorAnimPalettes_OaksLab
0x0835B4E0	rom	0x8	sDoorAnimPalettes_Viridian
0x0835B4E8	rom	0x8	sDoorAnimPalettes_Pewter
0x0835B4F0	rom	0x8	sDoorAnimPalettes_Saffron
0x0835B4F8	rom	0x8	sDoorAnimPalettes_SilphCo
0x0835B500	rom	0x8	sDoorAnimPalettes_Cerulean
0x0835B508	rom	0x8	sDoorAnimPalettes_Lavender
0x0835B510	rom	0x8	sDoorAnimPalettes_Vermilion
0x0835B518	rom	0x8	sDoorAnimPalettes_PokemonFanClub
0x0835B520	rom	0x8	sDoorAnimPalettes_DeptStore
0x0835B528	rom	0x8	sDoorAnimPalettes_Fuchsia
0x0835B530	rom	0x8	sDoorAnimPalettes_SafariZone
0x0835B538	rom	0x8	sDoorAnimPalettes_CinnabarLab
0x0835B540	rom	0x8	sDoorAnimPalettes_DeptStoreElevator
0x0835B548	rom	0x8	sDoorAnimPalettes_CableClub
0x0835B550	rom	0x8	sDoorAnimPalettes_HideoutElevator
0x0835B558	rom	0x8	sDoorAnimPalettes_SSAnne
0x0835B560	rom	0x8	sDoorAnimPalettes_SilphCoElevator
0x0835B568	rom	0x8	sDoorAnimPalettes_Sevii123
0x0835B570	rom	0x8	sDoorAnimPalettes_JoyfulGameCorner
0x0835B578	rom	0x8	sDoorAnimPalettes_OneIslandPokeCenter
0x0835B580	rom	0x8	sDoorAnimPalettes_Sevii45
0x0835B588	rom	0x8	sDoorAnimPalettes_FourIslandDayCare
0x0835B590	rom	0x8	sDoorAnimPalettes_RocketWarehouse
0x0835B598	rom	0x8	sDoorAnimPalettes_Sevii67
0x0835B5A0	rom	0x8	sDoorAnimPalettes_Teleporter
0x0835B5A8	rom	0x8	sDoorAnimPalettes_TrainerTowerLobbyElevator
0x0835B5B0	rom	0x8	sDoorAnimPalettes_TrainerTowerRoofElevator
0x0835B5B8	rom	0x18C	sDoorGraphics
0x0835B744	rom	0xB0	sForcedMovementFuncs
0x0835B7F4	rom	0xC	sPlayerNotOnBikeFuncs
0x0835B800	rom	0x5	sQuestLogSurfDismountActionIds
0x0835B808	rom	0x14	sAcroBikeTrickMetatiles
0x0835B81C	rom	0x5	sAcroBikeTrickCollisionTypes
0x0835B824	rom	0x20	sPlayerAvatarTransitionFuncs
0x0835B844	rom	0x10	sArrowWarpMetatileBehaviorChecks
0x0835B854	rom	0xC	sPlayerAvatarGfxIds
0x0835B860	rom	0x2	sHoennLinkPartnerGfxIds
0x0835B862	rom	0xC	sPlayerAvatarGfxToStateFlag
0x0835B86E	rom	0x2	sPlayerAvatarVsSeekerBikeGfxIds
0x0835B870	rom	0x10	sArrowWarpMetatileBehaviorChecks2
0x0835B880	rom	0xC	sBoulderTaskSteps
0x0835B88C	rom	0x4	sPlayerAvatarSecretBaseMatJump
0x0835B890	rom	0x10	sPlayerAvatarSecretBaseMatSpin
0x0835B8AC	rom	0x40	sFishingStateFuncs
0x0835B8F8	rom	0x0	dot.471
0x0835B90C	rom	0x5	sTeleportFacingDirectionSequence
0x0835B914	rom	0x10	gReflectionEffectPaletteMap
0x0835B924	rom	0x18	gCameraSpriteTemplate
0x0835B93C	rom	0xC	gCameraObjectFuncs
0x0835B948	rom	0x20	gObjectEventPal_Player
0x0835B968	rom	0x20	gObjectEventPal_PlayerUnused
0x0835B988	rom	0x20	gObjectEventPaletteNull1
0x0835B9A8	rom	0x20	gObjectEventPaletteNull2
0x0835B9C8	rom	0x20	gObjectEventPaletteNull3
0x0835B9E8	rom	0x20	gObjectEventPaletteNull4
0x0835BA08	rom	0x20	gObjectEventPaletteNull5
0x0835BA28	rom	0x20	gObjectEventPaletteNull6
0x0835BA48	rom	0x20	gObjectEventPaletteNull7
0x0835BA68	rom	0x20	gObjectEventPaletteNull8
0x0835BA88	rom	0x20	gObjectEventPaletteNull9
0x0835BAA8	rom	0x20	gObjectEventPaletteNull10
0x0835BAC8	rom	0x20	gObjectEventPaletteNull11
0x0835BAE8	rom	0x20	gObjectEventPaletteNull12
0x0835BB08	rom	0x20	gObjectEventPaletteNull13
0x0835BB28	rom	0x20	gObjectEventPaletteNull14
0x0835BB48	rom	0x900	gObjectEventPic_RedNormal
0x0835C448	rom	0xE00	gObjectEventPic_RedSurfRun
0x0835D248	rom	0x900	gObjectEventPic_GreenNormal
0x0835DB48	rom	0xE00	gObjectEventPic_GreenSurfRun
0x0835E948	rom	0x20	gObjectEventPal_PlayerReflection
0x0835E968	rom	0x20	gObjectEventPal_BridgeReflection
0x0835E988	rom	0x900	gObjectEventPic_RedItem
0x0835F288	rom	0x900	gObjectEventPic_GreenItem
0x0835FB88	rom	0x1200	gObjectEventPic_RedSurf
0x08360D88	rom	0x1200	gObjectEventPic_GreenSurf
0x08361F88	rom	0x1200	gObjectEventPic_RedBike
0x08363188	rom	0xC00	gObjectEventPic_RedVSSeekerBike
0x08363D88	rom	0x1200	gObjectEventPic_GreenBike
0x08364F88	rom	0xC00	gObjectEventPic_GreenVSSeekerBike
0x08365B88	rom	0x900	gObjectEventPic_RSBrendan
0x08366488	rom	0x900	gObjectEventPic_RSMay
0x08366D88	rom	0x1800	gObjectEventPic_RedFish
0x08368588	rom	0x1800	gObjectEventPic_GreenFish
0x08369D88	rom	0x80	gObjectEventPic_Pokedex
0x08369E08	rom	0x100	gObjectEventPic_TownMap
0x08369F08	rom	0x300	gObjectEventPic_UnusedMan
0x0836A208	rom	0x900	gObjectEventPic_Giovanni
0x0836AB08	rom	0x300	gObjectEventPic_Blaine
0x0836AE08	rom	0x300	gObjectEventPic_Sabrina
0x0836B108	rom	0x900	gObjectEventPic_Daisy
0x0836BA08	rom	0x900	gObjectEventPic_Lorelei
0x0836C308	rom	0x300	gObjectEventPic_Erika
0x0836C608	rom	0x300	gObjectEventPic_Koga
0x0836C908	rom	0x300	gObjectEventPic_Brock
0x0836CC08	rom	0x300	gObjectEventPic_LtSurge
0x0836CF08	rom	0x900	gObjectEventPic_Bill
0x0836D808	rom	0x20	gObjectEventPal_NpcBlue
0x0836D828	rom	0x20	gObjectEventPal_NpcPink
0x0836D848	rom	0x20	gObjectEventPal_NpcGreen
0x0836D868	rom	0x20	gObjectEventPal_NpcWhite
0x0836D888	rom	0x20	gObjectEventPal_NpcBlueReflection
0x0836D8A8	rom	0x20	gObjectEventPal_NpcPinkReflection
0x0836D8C8	rom	0x20	gObjectEventPal_NpcGreenReflection
0x0836D8E8	rom	0x20	gObjectEventPal_NpcWhiteReflection
0x0836D908	rom	0x480	gObjectEventPic_LittleBoy
0x0836DD88	rom	0x500	gObjectEventPic_LittleGirl
0x0836E288	rom	0x300	gObjectEventPic_SittingBoy
0x0836E588	rom	0xA00	gObjectEventPic_Lass
0x0836EF88	rom	0xA00	gObjectEventPic_Youngster
0x0836F988	rom	0xA00	gObjectEventPic_Boy
0x08370388	rom	0xA00	gObjectEventPic_Woman1
0x08370D88	rom	0x900	gObjectEventPic_Woman3
0x08371688	rom	0xA00	gObjectEventPic_BugCatcher
0x08372088	rom	0xA00	gObjectEventPic_CrushGirl
0x08372A88	rom	0x900	gObjectEventPic_RichBoy
0x08373388	rom	0x900	gObjectEventPic_FatMan
0x08373C88	rom	0xA00	gObjectEventPic_BaldingMan
0x08374688	rom	0xA00	gObjectEventPic_Woman2
0x08375088	rom	0xA00	gObjectEventPic_OldMan1
0x08375A88	rom	0x200	gObjectEventPic_OldManLyingDown
0x08375C88	rom	0xA00	gObjectEventPic_WorkerM
0x08376688	rom	0xA00	gObjectEventPic_WorkerF
0x08377088	rom	0xA00	gObjectEventPic_Beauty
0x08377A88	rom	0x900	gObjectEventPic_Chef
0x08378388	rom	0x900	gObjectEventPic_OldMan2
0x08378C88	rom	0x900	gObjectEventPic_OldWoman
0x08379588	rom	0xA00	gObjectEventPic_Camper
0x08379F88	rom	0xA00	gObjectEventPic_Picnicker
0x0837A988	rom	0xA00	gObjectEventPic_CooltrainerM
0x0837B388	rom	0xA00	gObjectEventPic_CooltrainerF
0x0837BD88	rom	0x180	gObjectEventPic_Psyduck
0x0837BF08	rom	0xA00	gObjectEventPic_PokeManiac
0x0837C908	rom	0xA00	gObjectEventPic_Channeler
0x0837D308	rom	0x900	gObjectEventPic_RocketF
0x0837DC08	rom	0xA00	gObjectEventPic_SwimmerMWater
0x0837E608	rom	0xA00	gObjectEventPic_SwimmerFWater
0x0837F008	rom	0xA00	gObjectEventPic_SwimmerMLand
0x0837FA08	rom	0xA00	gObjectEventPic_SwimmerFLand
0x08380408	rom	0xA00	gObjectEventPic_BlackBelt
0x08380E08	rom	0xA00	gObjectEventPic_Scientist
0x08381808	rom	0xA00	gObjectEventPic_Gentleman
0x08382208	rom	0xA00	gObjectEventPic_Sailor
0x08382C08	rom	0x900	gObjectEventPic_Captain
0x08383508	rom	0xA00	gObjectEventPic_Fisher
0x08383F08	rom	0x900	gObjectEventPic_TeachyTVHost
0x08384808	rom	0x900	gObjectEventPic_UnusedWoman
0x08385108	rom	0x500	gObjectEventPic_TuberF
0x08385608	rom	0x500	gObjectEventPic_TuberMWater
0x08385B08	rom	0x500	gObjectEventPic_TuberMLand
0x08386008	rom	0xA00	gObjectEventPic_Hiker
0x08386A08	rom	0x1400	gObjectEventPic_Biker
0x08387E08	rom	0x900	gObjectEventPic_GymGuy
0x08388708	rom	0xA00	gObjectEventPic_Man
0x08389108	rom	0xA00	gObjectEventPic_Rocker
0x08389B08	rom	0x900	gObjectEventPic_ProfOak
0x0838A408	rom	0x900	gObjectEventPic_Blue
0x0838AD08	rom	0x400	gObjectEventPic_Nurse
0x0838B108	rom	0x300	gObjectEventPic_CableClubReceptionist
0x0838B408	rom	0x300	gObjectEventPic_UnionRoomReceptionist
0x0838B708	rom	0x300	gObjectEventPic_UnusedMaleReceptionist
0x0838BA08	rom	0x80	gObjectEventPic_ItemBall
0x0838BA88	rom	0x900	gObjectEventPic_MrFuji
0x0838C388	rom	0x300	gObjectEventPic_Bruno
0x0838C688	rom	0x900	gObjectEventPic_Clerk
0x0838CF88	rom	0x300	gObjectEventPic_MGDeliveryman
0x0838D288	rom	0x300	gObjectEventPic_TrainerTowerDude
0x0838D588	rom	0x900	gObjectEventPic_Cameraman
0x0838DE88	rom	0x900	gObjectEventPic_RocketM
0x0838E788	rom	0x900	gObjectEventPic_Celio
0x0838F088	rom	0x180	gObjectEventPic_Lapras
0x0838F208	rom	0x200	gObjectEventPic_Zapdos
0x0838F408	rom	0x200	gObjectEventPic_Moltres
0x0838F608	rom	0x200	gObjectEventPic_Articuno
0x0838F808	rom	0x80	gObjectEventPic_Mewtwo
0x0838F888	rom	0x80	gObjectEventPic_Mew
0x0838F908	rom	0x80	gObjectEventPic_Entei
0x0838F988	rom	0x80	gObjectEventPic_Raikou
0x0838FA08	rom	0x80	gObjectEventPic_Suicune
0x0838FA88	rom	0x400	gObjectEventPic_Lugia
0x0838FE88	rom	0x400	gObjectEventPic_HoOh
0x08390288	rom	0x80	gObjectEventPic_Celebi
0x08390308	rom	0x400	gObjectEventPic_DeoxysD
0x08390708	rom	0x400	gObjectEventPic_DeoxysA
0x08390B08	rom	0x400	gObjectEventPic_DeoxysN
0x08390F08	rom	0x300	gObjectEventPic_Agatha
0x08391208	rom	0x300	gObjectEventPic_Misty
0x08391508	rom	0x300	gObjectEventPic_Lance
0x08391808	rom	0x300	gObjectEventPic_GBAKid
0x08391B08	rom	0x300	gObjectEventPic_Mom
0x08391E08	rom	0x180	gObjectEventPic_Pidgeot
0x08391F88	rom	0x180	gObjectEventPic_Omanyte
0x08392108	rom	0x180	gObjectEventPic_Kangaskhan
0x08392288	rom	0x180	gObjectEventPic_NidoranF
0x08392408	rom	0x180	gObjectEventPic_NidoranM
0x08392588	rom	0x180	gObjectEventPic_Nidorino
0x08392708	rom	0x180	gObjectEventPic_Meowth
0x08392888	rom	0x180	gObjectEventPic_Seel
0x08392A08	rom	0x180	gObjectEventPic_Voltorb
0x08392B88	rom	0x180	gObjectEventPic_Slowpoke
0x08392D08	rom	0x180	gObjectEventPic_Slowbro
0x08392E88	rom	0x180	gObjectEventPic_Machop
0x08393008	rom	0x180	gObjectEventPic_Wigglytuff
0x08393188	rom	0x180	gObjectEventPic_Doduo
0x08393308	rom	0x180	gObjectEventPic_Fearow
0x08393488	rom	0x180	gObjectEventPic_Kabuto
0x08393608	rom	0x180	gObjectEventPic_Machoke
0x08393788	rom	0x200	gObjectEventPic_Snorlax
0x08393988	rom	0x180	gObjectEventPic_Spearow
0x08393B08	rom	0x180	gObjectEventPic_Cubone
0x08393C88	rom	0x180	gObjectEventPic_Poliwrath
0x08393E08	rom	0x180	gObjectEventPic_Chansey
0x08393F88	rom	0x180	gObjectEventPic_Pikachu
0x08394108	rom	0x180	gObjectEventPic_Jigglypuff
0x08394288	rom	0x180	gObjectEventPic_Pidgey
0x08394408	rom	0x180	gObjectEventPic_Clefairy
0x08394588	rom	0x200	gObjectEventPic_CutTree
0x08394788	rom	0x200	gObjectEventPic_RockSmashRock
0x08394988	rom	0x80	gObjectEventPic_StrengthBoulder
0x08394A08	rom	0x80	gObjectEventPic_Fossil
0x08394A88	rom	0x80	gObjectEventPic_Ruby
0x08394B08	rom	0x80	gObjectEventPic_Sapphire
0x08394B88	rom	0x80	gObjectEventPic_OldAmber
0x08394C08	rom	0x100	gObjectEventPic_GymSign
0x08394D08	rom	0x80	gObjectEventPic_Sign
0x08394D88	rom	0x80	gObjectEventPic_WoodenSign
0x08394E08	rom	0x80	gObjectEventPic_Clipboard
0x08394E88	rom	0x20	gObjectEventPal_Meteorite
0x08394EA8	rom	0x200	gObjectEventPic_BirthIslandStone
0x083950A8	rom	0x200	gObjectEventPic_LaprasDoll
0x083952A8	rom	0x20	gObjectEventPal_Seagallop
0x083952C8	rom	0x800	gObjectEventPic_Seagallop
0x08395AC8	rom	0x20	gObjectEventPal_SSAnne
0x08395AE8	rom	0x1000	gObjectEventPic_SSAnne
0x08396AE8	rom	0xC00	gObjectEventPic_SurfBlob
0x083976E8	rom	0x900	gObjectEventPic_Policeman
0x08397FE8	rom	0x20	gObjectEventPal_RSQuintyPlump
0x08398008	rom	0x20	gObjectEventPal_RSQuintyPlumpReflection
0x08398028	rom	0x20	gFieldEffectObjectPic_ShadowSmall
0x08398048	rom	0x40	gFieldEffectObjectPic_ShadowMedium
0x08398088	rom	0x80	gFieldEffectObjectPic_ShadowLarge
0x08398108	rom	0x400	gFieldEffectObjectPic_ShadowExtraLarge
0x08398508	rom	0x120	sFiller1
0x08398628	rom	0x20	gFieldEffectObjectPic_CutGrass
0x08398648	rom	0x20	gFieldEffectObjectPic_CutGrass2
0x08398668	rom	0x20	gFieldEffectPal_CutGrass
0x08398688	rom	0x280	gFieldEffectObjectPic_Ripple
0x08398908	rom	0x280	gFieldEffectObjectPic_Ash
0x08398B88	rom	0x400	gFieldEffectObjectPic_Arrow
0x08398F88	rom	0x20	gFieldEffectObjectPalette0
0x08398FA8	rom	0x20	gFieldEffectObjectPalette1
0x08398FC8	rom	0x20	sFiller2
0x08398FE8	rom	0xC0	gFieldEffectObjectPic_GroundImpactDust
0x083990A8	rom	0xC0	gFieldEffectObjectPic_UnusedGrass3
0x08399168	rom	0x100	gFieldEffectObjectPic_JumpTallGrass
0x08399268	rom	0x200	gFieldEffectObjectPic_UnusedGrass4
0x08399468	rom	0x300	gFieldEffectObjectPic_JumpLongGrass
0x08399768	rom	0x480	gFieldEffectObjectPic_UnusedGrass
0x08399BE8	rom	0x200	gFieldEffectObjectPic_UnusedGrass2
0x08399DE8	rom	0x200	gFieldEffectObjectPic_LongGrass
0x08399FE8	rom	0x280	gFieldEffectObjectPic_TallGrass
0x0839A268	rom	0x100	gFieldEffectObjectPic_ShortGrass
0x0839A368	rom	0x100	gFieldEffectObjectPic_SandFootprints
0x0839A468	rom	0x100	gFieldEffectObjectPic_DeepSandFootprints
0x0839A568	rom	0x200	gFieldEffectObjectPic_BikeTireTracks
0x0839A768	rom	0x200	gFieldEffectObjectPic_UnusedSand
0x0839A968	rom	0xC0	gFieldEffectObjectPic_SandPile
0x0839AA28	rom	0x200	gFieldEffectObjectPic_JumpBigSplash
0x0839AC28	rom	0x80	gFieldEffectObjectPic_Splash
0x0839ACA8	rom	0xC0	gFieldEffectObjectPic_JumpSmallSplash
0x0839AD68	rom	0x280	gFieldEffectObjectPic_WaterSurfacing
0x0839AFE8	rom	0x700	gFieldEffectObjectPic_TreeDisguise
0x0839B6E8	rom	0x700	gFieldEffectObjectPic_MountainDisguise
0x0839BDE8	rom	0x700	gFieldEffectObjectPic_SandDisguisePlaceholder
0x0839C4E8	rom	0x80	gFieldEffectObjectPic_HotSpringsWater
0x0839C568	rom	0x20	gFieldEffectPal_Ash
0x0839C588	rom	0x280	gFieldEffectObjectPic_AshPuff
0x0839C808	rom	0x280	gFieldEffectObjectPic_AshLaunch
0x0839CA88	rom	0x800	gFieldEffectObjectPic_Bubbles
0x0839D288	rom	0x100	gFieldEffectObjectPic_SmallSparkle
0x0839D388	rom	0x20	gFieldEffectPal_SmallSparkle
0x0839D3A8	rom	0x2800	gFieldEffectObjectPic_Bird
0x0839FBA8	rom	0x144	sMovementTypeCallbacks
0x0839FCEC	rom	0x51	gRangedMovementTypes
0x0839FD3D	rom	0x51	gInitialMovementTypeFacingDirections
0x0839FD90	rom	0x260	gObjectEventGraphicsInfoPointers
0x0839FFF0	rom	0x90	gFieldEffectObjectTemplatePointers
0x083A0080	rom	0xA0	sPicTable_RedNormal
0x083A0120	rom	0x48	sPicTable_RedBike
0x083A0168	rom	0xA0	sPicTable_GreenNormal
0x083A0208	rom	0x48	sPicTable_GreenBike
0x083A0250	rom	0x60	sPicTable_RedSurf
0x083A02B0	rom	0x60	sPicTable_GreenSurf
0x083A0310	rom	0x48	sPicTable_RedItem
0x083A0358	rom	0x48	sPicTable_GreenItem
0x083A03A0	rom	0x30	sPicTable_RedVSSeekerBike
0x083A03D0	rom	0x30	sPicTable_GreenVSSeekerBike
0x083A0400	rom	0x50	sPicTable_RSBrendan
0x083A0450	rom	0x50	sPicTable_RSMay
0x083A04A0	rom	0x48	sPicTable_Policeman
0x083A04E8	rom	0x48	sPicTable_LittleBoy
0x083A0530	rom	0x50	sPicTable_LittleGirl
0x083A0580	rom	0x48	sPicTable_SittingBoy
0x083A05C8	rom	0x50	sPicTable_Lass
0x083A0618	rom	0x50	sPicTable_Youngster
0x083A0668	rom	0x50	sPicTable_Woman1
0x083A06B8	rom	0x48	sPicTable_Woman3
0x083A0700	rom	0x50	sPicTable_CrushGirl
0x083A0750	rom	0x50	sPicTable_BugCatcher
0x083A07A0	rom	0x48	sPicTable_FatMan
0x083A07E8	rom	0x50	sPicTable_BaldingMan
0x083A0838	rom	0x50	sPicTable_Woman2
0x083A0888	rom	0x50	sPicTable_OldMan1
0x083A08D8	rom	0x48	sPicTable_WorkerM
0x083A0920	rom	0x48	sPicTable_WorkerF
0x083A0968	rom	0x50	sPicTable_Beauty
0x083A09B8	rom	0x48	sPicTable_Chef
0x083A0A00	rom	0x50	sPicTable_OldMan2
0x083A0A50	rom	0x48	sPicTable_OldManLyingDown
0x083A0A98	rom	0x48	sPicTable_OldWoman
0x083A0AE0	rom	0x50	sPicTable_Camper
0x083A0B30	rom	0x50	sPicTable_Picnicker
0x083A0B80	rom	0x50	sPicTable_CooltrainerM
0x083A0BD0	rom	0x50	sPicTable_CooltrainerF
0x083A0C20	rom	0x50	sPicTable_Boy
0x083A0C70	rom	0x50	sPicTable_PokeManiac
0x083A0CC0	rom	0x50	sPicTable_Channeler
0x083A0D10	rom	0x48	sPicTable_RocketF
0x083A0D58	rom	0x50	sPicTable_SwimmerMWater
0x083A0DA8	rom	0x50	sPicTable_SwimmerFWater
0x083A0DF8	rom	0x50	sPicTable_SwimmerMLand
0x083A0E48	rom	0x50	sPicTable_SwimmerFLand
0x083A0E98	rom	0x50	sPicTable_BlackBelt
0x083A0EE8	rom	0x50	sPicTable_Scientist
0x083A0F38	rom	0x50	sPicTable_Gentleman
0x083A0F88	rom	0x50	sPicTable_Sailor
0x083A0FD8	rom	0x48	sPicTable_Captain
0x083A1020	rom	0x50	sPicTable_Fisher
0x083A1070	rom	0x48	sPicTable_TeachyTVHost
0x083A10B8	rom	0x48	sPicTable_UnusedWoman
0x083A1100	rom	0x50	sPicTable_TuberF
0x083A1150	rom	0x50	sPicTable_TuberMWater
0x083A11A0	rom	0x50	sPicTable_TuberMLand
0x083A11F0	rom	0x50	sPicTable_Hiker
0x083A1240	rom	0x50	sPicTable_Biker
0x083A1290	rom	0x48	sPicTable_GymGuy
0x083A12D8	rom	0x50	sPicTable_Nurse
0x083A1328	rom	0x48	sPicTable_UnusedMaleReceptionist
0x083A1370	rom	0x8	sPicTable_ItemBall
0x083A1378	rom	0x48	sPicTable_ProfOak
0x083A13C0	rom	0x50	sPicTable_Man
0x083A1410	rom	0x50	sPicTable_Rocker
0x083A1460	rom	0x48	sPicTable_MrFuji
0x083A14A8	rom	0x48	sPicTable_Bruno
0x083A14F0	rom	0x20	sPicTable_CutTree
0x083A1510	rom	0x48	sPicTable_Clerk
0x083A1558	rom	0x48	sPicTable_MGDeliveryman
0x083A15A0	rom	0x48	sPicTable_TrainerTowerDude
0x083A15E8	rom	0x48	sPicTable_CableClubReceptionist
0x083A1630	rom	0x48	sPicTable_UnionRoomReceptionist
0x083A1678	rom	0x20	sPicTable_RockSmashRock
0x083A1698	rom	0x8	sPicTable_StrengthBoulder
0x083A16A0	rom	0x48	sPicTable_RocketM
0x083A16E8	rom	0x48	sPicTable_Celio
0x083A1730	rom	0x48	sPicTable_Agatha
0x083A1778	rom	0x48	sPicTable_Brock
0x083A17C0	rom	0x48	sPicTable_Misty
0x083A1808	rom	0x48	sPicTable_LtSurge
0x083A1850	rom	0x48	sPicTable_Erika
0x083A1898	rom	0x48	sPicTable_Koga
0x083A18E0	rom	0x48	sPicTable_Giovanni
0x083A1928	rom	0x48	sPicTable_Blaine
0x083A1970	rom	0x48	sPicTable_Sabrina
0x083A19B8	rom	0x48	sPicTable_Bill
0x083A1A00	rom	0x48	sPicTable_Daisy
0x083A1A48	rom	0x48	sPicTable_Lorelei
0x083A1A90	rom	0x48	sPicTable_Lance
0x083A1AD8	rom	0x48	sPicTable_Blue
0x083A1B20	rom	0x60	sPicTable_RedFish
0x083A1B80	rom	0x60	sPicTable_GreenFish
0x083A1BE0	rom	0x8	sPicTable_TownMap
0x083A1BE8	rom	0x8	sPicTable_Pokedex
0x083A1BF0	rom	0x48	sPicTable_GBAKid
0x083A1C38	rom	0x8	sPicTable_Fossil
0x083A1C40	rom	0x8	sPicTable_Ruby
0x083A1C48	rom	0x8	sPicTable_Sapphire
0x083A1C50	rom	0x8	sPicTable_OldAmber
0x083A1C58	rom	0x8	sPicTable_GymSign
0x083A1C60	rom	0x8	sPicTable_Sign
0x083A1C68	rom	0x8	sPicTable_WoodenSign
0x083A1C70	rom	0x8	sPicTable_Clipboard
0x083A1C78	rom	0x8	sPicTable_BirthIslandStone
0x083A1C80	rom	0x8	sPicTable_LaprasDoll
0x083A1C88	rom	0x48	sPicTable_Seagallop
0x083A1CD0	rom	0x48	sPicTable_SSAnne
0x083A1D18	rom	0x48	sPicTable_Snorlax
0x083A1D60	rom	0x48	sPicTable_Spearow
0x083A1DA8	rom	0x48	sPicTable_Pidgeot
0x083A1DF0	rom	0x48	sPicTable_Omanyte
0x083A1E38	rom	0x48	sPicTable_Kangaskhan
0x083A1E80	rom	0x48	sPicTable_Psyduck
0x083A1EC8	rom	0x48	sPicTable_NidoranF
0x083A1F10	rom	0x48	sPicTable_NidoranM
0x083A1F58	rom	0x48	sPicTable_Nidorino
0x083A1FA0	rom	0x48	sPicTable_Meowth
0x083A1FE8	rom	0x48	sPicTable_Seel
0x083A2030	rom	0x48	sPicTable_Voltorb
0x083A2078	rom	0x48	sPicTable_Slowpoke
0x083A20C0	rom	0x48	sPicTable_Slowbro
0x083A2108	rom	0x48	sPicTable_Machop
0x083A2150	rom	0x48	sPicTable_Wigglytuff
0x083A2198	rom	0x48	sPicTable_Doduo
0x083A21E0	rom	0x48	sPicTable_Fearow
0x083A2228	rom	0x48	sPicTable_Lapras
0x083A2270	rom	0x48	sPicTable_Zapdos
0x083A22B8	rom	0x48	sPicTable_Moltres
0x083A2300	rom	0x48	sPicTable_Articuno
0x083A2348	rom	0x48	sPicTable_DeoxysD
0x083A2390	rom	0x48	sPicTable_DeoxysA
0x083A23D8	rom	0x48	sPicTable_DeoxysN
0x083A2420	rom	0x48	sPicTable_Mewtwo
0x083A2468	rom	0x48	sPicTable_Mew
0x083A24B0	rom	0x48	sPicTable_Entei
0x083A24F8	rom	0x48	sPicTable_Raikou
0x083A2540	rom	0x48	sPicTable_Suicune
0x083A2588	rom	0x48	sPicTable_Lugia
0x083A25D0	rom	0x48	sPicTable_HoOh
0x083A2618	rom	0x48	sPicTable_Celebi
0x083A2660	rom	0x48	sPicTable_Cubone
0x083A26A8	rom	0x48	sPicTable_Poliwrath
0x083A26F0	rom	0x48	sPicTable_Chansey
0x083A2738	rom	0x48	sPicTable_Pikachu
0x083A2780	rom	0x48	sPicTable_Jigglypuff
0x083A27C8	rom	0x48	sPicTable_Pidgey
0x083A2810	rom	0x48	sPicTable_Clefairy
0x083A2858	rom	0x48	sPicTable_Machoke
0x083A28A0	rom	0x48	sPicTable_Kabuto
0x083A28E8	rom	0x48	sPicTable_Mom
0x083A2930	rom	0x14	sAnim_StayStill
0x083A2944	rom	0x8	sAnim_QuintyPlumpFaceSouth
0x083A294C	rom	0x8	sAnim_QuintyPlumpFaceNorth
0x083A2954	rom	0x8	sAnim_QuintyPlumpFaceWest
0x083A295C	rom	0x8	sAnim_QuintyPlumpFaceEast
0x083A2964	rom	0x14	sAnim_QuintyPlumpGoSouth
0x083A2978	rom	0x14	sAnim_QuintyPlumpGoNorth
0x083A298C	rom	0x14	sAnim_QuintyPlumpGoWest
0x083A29A0	rom	0x14	sAnim_QuintyPlumpGoEast
0x083A29B4	rom	0x14	sAnim_QuintyPlumpGoFastSouth
0x083A29C8	rom	0x14	sAnim_QuintyPlumpGoFastNorth
0x083A29DC	rom	0x14	sAnim_QuintyPlumpGoFastWest
0x083A29F0	rom	0x14	sAnim_QuintyPlumpGoFastEast
0x083A2A04	rom	0x14	sAnim_QuintyPlumpGoFasterSouth
0x083A2A18	rom	0x14	sAnim_QuintyPlumpGoFasterNorth
0x083A2A2C	rom	0x14	sAnim_QuintyPlumpGoFasterWest
0x083A2A40	rom	0x14	sAnim_QuintyPlumpGoFasterEast
0x083A2A54	rom	0x14	sAnim_QuintyPlumpGoFastestSouth
0x083A2A68	rom	0x14	sAnim_QuintyPlumpGoFastestNorth
0x083A2A7C	rom	0x14	sAnim_QuintyPlumpGoFastestWest
0x083A2A90	rom	0x14	sAnim_QuintyPlumpGoFastestEast
0x083A2AA4	rom	0x8	sAnim_FaceSouth
0x083A2AAC	rom	0x8	sAnim_FaceNorth
0x083A2AB4	rom	0x8	sAnim_FaceWest
0x083A2ABC	rom	0x8	sAnim_FaceEast
0x083A2AC4	rom	0x14	sAnim_GoSouth
0x083A2AD8	rom	0x14	sAnim_GoNorth
0x083A2AEC	rom	0x14	sAnim_GoWest
0x083A2B00	rom	0x14	sAnim_GoEast
0x083A2B14	rom	0x14	sAnim_GoFastSouth
0x083A2B28	rom	0x14	sAnim_GoFastNorth
0x083A2B3C	rom	0x14	sAnim_GoFastWest
0x083A2B50	rom	0x14	sAnim_GoFastEast
0x083A2B64	rom	0x14	sAnim_GoFasterSouth
0x083A2B78	rom	0x14	sAnim_GoFasterNorth
0x083A2B8C	rom	0x14	sAnim_GoFasterWest
0x083A2BA0	rom	0x14	sAnim_GoFasterEast
0x083A2BB4	rom	0x14	sAnim_GoFastestSouth
0x083A2BC8	rom	0x14	sAnim_GoFastestNorth
0x083A2BDC	rom	0x14	sAnim_GoFastestWest
0x083A2BF0	rom	0x14	sAnim_GoFastestEast
0x083A2C04	rom	0x8	sAnim_RaiseHand
0x083A2C0C	rom	0x14	sAnim_HoOhFlapWings
0x083A2C20	rom	0x8	sAnim_HoOhStayStill
0x083A2C28	rom	0x8	sAnim_SurfFaceSouth
0x083A2C30	rom	0x8	sAnim_SurfFaceNorth
0x083A2C38	rom	0x8	sAnim_SurfFaceWest
0x083A2C40	rom	0x8	sAnim_SurfFaceEast
0x083A2C48	rom	0x8	sAnim_UnknownFaceSouth
0x083A2C50	rom	0x8	sAnim_UnknownFaceNorth
0x083A2C58	rom	0x8	sAnim_UnknownFaceWest
0x083A2C60	rom	0x8	sAnim_UnknownFaceEast
0x083A2C68	rom	0x24	sAnim_UnknownGoSouth
0x083A2C8C	rom	0x24	sAnim_UnknownGoNorth
0x083A2CB0	rom	0x24	sAnim_UnknownGoWest
0x083A2CD4	rom	0x24	sAnim_UnknownGoEast
0x083A2CF8	rom	0x24	sAnim_UnknownGoFastNorth
0x083A2D1C	rom	0x24	sAnim_UnknownGoFastSouth
0x083A2D40	rom	0x24	sAnim_UnknownGoFastWest
0x083A2D64	rom	0x24	sAnim_UnknownGoFastEast
0x083A2D88	rom	0x24	sAnim_UnknownGoFasterNorth
0x083A2DAC	rom	0x24	sAnim_UnknownGoFasterSouth
0x083A2DD0	rom	0x24	sAnim_UnknownGoFasterWest
0x083A2DF4	rom	0x24	sAnim_UnknownGoFasterEast
0x083A2E18	rom	0x24	sAnim_UnknownGoFastestNorth
0x083A2E3C	rom	0x24	sAnim_UnknownGoFastestSouth
0x083A2E60	rom	0x24	sAnim_UnknownGoFastestWest
0x083A2E84	rom	0x24	sAnim_UnknownGoFastestEast
0x083A2EA8	rom	0x18	sAnim_SpinSouth
0x083A2EC0	rom	0x18	sAnim_SpinNorth
0x083A2ED8	rom	0x18	sAnim_SpinWest
0x083A2EF0	rom	0x18	sAnim_SpinEast
0x083A2F08	rom	0x18	sAnim_ShakeHeadOrWalkInPlace
0x083A2F20	rom	0x14	sAnim_RunSouth
0x083A2F34	rom	0x14	sAnim_RunNorth
0x083A2F48	rom	0x14	sAnim_RunWest
0x083A2F5C	rom	0x14	sAnim_RunEast
0x083A2F70	rom	0x18	sAnim_FieldMove
0x083A2F88	rom	0x30	sAnim_VSSeeker
0x083A2FB8	rom	0x34	sAnim_VSSeekerBike
0x083A2FEC	rom	0x8	sAnim_GetOnOffSurfSouth
0x083A2FF4	rom	0x8	sAnim_GetOnOffSurfNorth
0x083A2FFC	rom	0x8	sAnim_GetOnOffSurfWest
0x083A3004	rom	0x8	sAnim_GetOnOffSurfEast
0x083A300C	rom	0xC	sAnim_BunnyHopBackWheelSouth
0x083A3018	rom	0xC	sAnim_BunnyHopBackWheelNorth
0x083A3024	rom	0xC	sAnim_BunnyHopBackWheelWest
0x083A3030	rom	0xC	sAnim_BunnyHopBackWheelEast
0x083A303C	rom	0xC	sAnim_BunnyHopFrontWheelSouth
0x083A3048	rom	0xC	sAnim_BunnyHopFrontWheelNorth
0x083A3054	rom	0xC	sAnim_BunnyHopFrontWheelWest
0x083A3060	rom	0xC	sAnim_BunnyHopFrontWheelEast
0x083A306C	rom	0xC	sAnim_StandingWheelieBackWheelSouth
0x083A3078	rom	0xC	sAnim_StandingWheelieBackWheelNorth
0x083A3084	rom	0xC	sAnim_StandingWheelieBackWheelWest
0x083A3090	rom	0xC	sAnim_StandingWheelieBackWheelEast
0x083A309C	rom	0xC	sAnim_StandingWheelieFrontWheelSouth
0x083A30A8	rom	0xC	sAnim_StandingWheelieFrontWheelNorth
0x083A30B4	rom	0xC	sAnim_StandingWheelieFrontWheelWest
0x083A30C0	rom	0xC	sAnim_StandingWheelieFrontWheelEast
0x083A30CC	rom	0x14	sAnim_MovingWheelieSouth
0x083A30E0	rom	0x14	sAnim_MovingWheelieNorth
0x083A30F4	rom	0x14	sAnim_MovingWheelieWest
0x083A3108	rom	0x14	sAnim_MovingWheelieEast
0x083A311C	rom	0x8	sAnim_BerryTreeStage0
0x083A3124	rom	0xC	sAnim_BerryTreeStage1
0x083A3130	rom	0xC	sAnim_BerryTreeStage2
0x083A313C	rom	0x14	sAnim_BerryTreeStage3
0x083A3150	rom	0x14	sAnim_BerryTreeStage4
0x083A3164	rom	0x10	sAnim_NurseBow
0x083A3174	rom	0x14	sAnim_RockBreak
0x083A3188	rom	0x14	sAnim_TreeCut
0x083A319C	rom	0x14	sAnim_TakeOutRodSouth
0x083A31B0	rom	0x14	sAnim_TakeOutRodNorth
0x083A31C4	rom	0x14	sAnim_TakeOutRodWest
0x083A31D8	rom	0x14	sAnim_TakeOutRodEast
0x083A31EC	rom	0x14	sAnim_PutAwayRodSouth
0x083A3200	rom	0x14	sAnim_PutAwayRodNorth
0x083A3214	rom	0x14	sAnim_PutAwayRodWest
0x083A3228	rom	0x14	sAnim_PutAwayRodEast
0x083A323C	rom	0x14	sAnim_HookedPokemonSouth
0x083A3250	rom	0x14	sAnim_HookedPokemonNorth
0x083A3264	rom	0x14	sAnim_HookedPokemonWest
0x083A3278	rom	0x14	sAnim_HookedPokemonEast
0x083A328C	rom	0x30	sAffineAnim_KyogreGroudon_GoSouthStart
0x083A32BC	rom	0x38	sAffineAnim_KyogreGroudon_GoSouth
0x083A32F4	rom	0x4	sAnimTable_Inanimate
0x083A32F8	rom	0x50	sAnimTable_QuintyPlump
0x083A3348	rom	0x54	sAnimTable_Standard
0x083A339C	rom	0x54	sAnimTable_HoOh
0x083A33F0	rom	0x60	sAnimTable_Unknown
0x083A3450	rom	0x74	sAnimTable_RedGreenNormal
0x083A34C4	rom	0xA0	sAnimTable_AcroBike
0x083A3564	rom	0x60	sAnimTable_RedGreenSurf
0x083A35C4	rom	0x54	sAnimTable_Nurse
0x083A3618	rom	0x4	sAnimTable_RedGreenFieldMove
0x083A361C	rom	0x4	sAnimTable_RedGreenVSSeeker
0x083A3620	rom	0x4	sAnimTable_RedGreenVSSeekerBike
0x083A3624	rom	0x14	sAnimTable_BerryTree
0x083A3638	rom	0x8	sAnimTable_RockSmashRock
0x083A3640	rom	0x8	sAnimTable_CutTree
0x083A3648	rom	0x30	sAnimTable_RedGreenFish
0x083A3678	rom	0x48	sStepAnimTables
0x083A36C0	rom	0x8	gObjectEventBaseOam_8x8
0x083A36C8	rom	0x8	gObjectEventBaseOam_16x8
0x083A36D0	rom	0x8	gObjectEventBaseOam_16x16
0x083A36D8	rom	0x8	gObjectEventBaseOam_32x16
0x083A36E0	rom	0x8	gObjectEventBaseOam_32x8
0x083A36E8	rom	0x8	gObjectEventBaseOam_64x32
0x083A36F0	rom	0x8	gObjectEventBaseOam_16x32
0x083A36F8	rom	0x8	gObjectEventBaseOam_32x32
0x083A3700	rom	0x8	gObjectEventBaseOam_64x64
0x083A3708	rom	0x4	gObjectEventSpriteOamTable_16x16_0
0x083A370C	rom	0x4	gObjectEventSpriteOamTable_16x16_1
0x083A3710	rom	0x8	gObjectEventSpriteOamTable_16x16_2
0x083A3718	rom	0x8	gObjectEventSpriteOamTable_16x16_3
0x083A3720	rom	0x8	gObjectEventSpriteOamTable_16x16_4
0x083A3728	rom	0x30	gObjectEventSpriteOamTables_16x16
0x083A3758	rom	0x4	gObjectEventSpriteOamTable_16x32_0
0x083A375C	rom	0x4	gObjectEventSpriteOamTable_16x32_1
0x083A3760	rom	0xC	gObjectEventSpriteOamTable_16x32_2
0x083A376C	rom	0x8	gObjectEventSpriteOamTable_16x32_3
0x083A3774	rom	0x8	gObjectEventSpriteOamTable_16x32_4
0x083A377C	rom	0x30	gObjectEventSpriteOamTables_16x32
0x083A37AC	rom	0x4	gObjectEventSpriteOamTable_32x32_0
0x083A37B0	rom	0x4	gObjectEventSpriteOamTable_32x32_1
0x083A37B4	rom	0xC	gObjectEventSpriteOamTable_32x32_2
0x083A37C0	rom	0x8	gObjectEventSpriteOamTable_32x32_3
0x083A37C8	rom	0x8	gObjectEventSpriteOamTable_32x32_4
0x083A37D0	rom	0x30	gObjectEventSpriteOamTables_32x32
0x083A3800	rom	0x30	gObjectEventSpriteOamTable_48x48
0x083A3830	rom	0x30	gObjectEventSpriteOamTables_48x48
0x083A3860	rom	0x4	gObjectEventSpriteOamTable_64x32_0
0x083A3864	rom	0x4	gObjectEventSpriteOamTable_64x32_1
0x083A3868	rom	0x4	gObjectEventSpriteOamTable_64x32_2
0x083A386C	rom	0x4	gObjectEventSpriteOamTable_64x32_3
0x083A3870	rom	0x30	gObjectEventSpriteOamTables_64x32
0x083A38A0	rom	0x4	gObjectEventSpriteOamTable_64x64_0
0x083A38A4	rom	0x4	gObjectEventSpriteOamTable_64x64_1
0x083A38A8	rom	0x4	gObjectEventSpriteOamTable_64x64_2
0x083A38AC	rom	0x4	gObjectEventSpriteOamTable_64x64_3
0x083A38B0	rom	0x30	gObjectEventSpriteOamTables_64x64
0x083A38E0	rom	0x3C	gObjectEventSpriteOamTable_96x40_0
0x083A391C	rom	0x3C	gObjectEventSpriteOamTable_96x40_1
0x083A3958	rom	0x3C	gObjectEventSpriteOamTable_96x40_2
0x083A3994	rom	0x3C	gObjectEventSpriteOamTable_96x40_3
0x083A39D0	rom	0x30	gObjectEventSpriteOamTables_96x40
0x083A3A00	rom	0x10	gObjectEventSpriteOamTable_128x64_0
0x083A3A10	rom	0x10	gObjectEventSpriteOamTable_128x64_1
0x083A3A20	rom	0x10	gObjectEventSpriteOamTable_128x64_2
0x083A3A30	rom	0x30	gObjectEventSpriteOamTables_128x64
0x083A3A60	rom	0x40	gObjectEventSpriteOamTable_88x32_0
0x083A3AA0	rom	0x40	gObjectEventSpriteOamTable_88x32_1
0x083A3AE0	rom	0x40	gObjectEventSpriteOamTable_88x32_2
0x083A3B20	rom	0x40	gObjectEventSpriteOamTable_88x32_3
0x083A3B60	rom	0x30	gObjectEventSpriteOamTables_88x32
0x083A3B90	rom	0x24	gObjectEventGraphicsInfo_RedNormal
0x083A3BB4	rom	0x24	gObjectEventGraphicsInfo_RedBike
0x083A3BD8	rom	0x24	gObjectEventGraphicsInfo_RedSurf
0x083A3BFC	rom	0x24	gObjectEventGraphicsInfo_RedFieldMove
0x083A3C20	rom	0x24	gObjectEventGraphicsInfo_Policeman
0x083A3C44	rom	0x24	gObjectEventGraphicsInfo_RSBrendan
0x083A3C68	rom	0x24	gObjectEventGraphicsInfo_RSMay
0x083A3C8C	rom	0x24	gObjectEventGraphicsInfo_LittleBoy
0x083A3CB0	rom	0x24	gObjectEventGraphicsInfo_LittleGirl
0x083A3CD4	rom	0x24	gObjectEventGraphicsInfo_SittingBoy
0x083A3CF8	rom	0x24	gObjectEventGraphicsInfo_Lass
0x083A3D1C	rom	0x24	gObjectEventGraphicsInfo_Youngster
0x083A3D40	rom	0x24	gObjectEventGraphicsInfo_Woman1
0x083A3D64	rom	0x24	gObjectEventGraphicsInfo_Woman3
0x083A3D88	rom	0x24	gObjectEventGraphicsInfo_Boy
0x083A3DAC	rom	0x24	gObjectEventGraphicsInfo_CrushGirl
0x083A3DD0	rom	0x24	gObjectEventGraphicsInfo_BugCatcher
0x083A3DF4	rom	0x24	gObjectEventGraphicsInfo_FatMan
0x083A3E18	rom	0x24	gObjectEventGraphicsInfo_BaldingMan
0x083A3E3C	rom	0x24	gObjectEventGraphicsInfo_Woman2
0x083A3E60	rom	0x24	gObjectEventGraphicsInfo_OldMan1
0x083A3E84	rom	0x24	gObjectEventGraphicsInfo_WorkerM
0x083A3EA8	rom	0x24	gObjectEventGraphicsInfo_WorkerF
0x083A3ECC	rom	0x24	gObjectEventGraphicsInfo_Beauty
0x083A3EF0	rom	0x24	gObjectEventGraphicsInfo_Chef
0x083A3F14	rom	0x24	gObjectEventGraphicsInfo_OldMan2
0x083A3F38	rom	0x24	gObjectEventGraphicsInfo_OldWoman
0x083A3F5C	rom	0x24	gObjectEventGraphicsInfo_Camper
0x083A3F80	rom	0x24	gObjectEventGraphicsInfo_Picnicker
0x083A3FA4	rom	0x24	gObjectEventGraphicsInfo_CooltrainerM
0x083A3FC8	rom	0x24	gObjectEventGraphicsInfo_CooltrainerF
0x083A3FEC	rom	0x24	gObjectEventGraphicsInfo_PokeManiac
0x083A4010	rom	0x24	gObjectEventGraphicsInfo_Channeler
0x083A4034	rom	0x24	gObjectEventGraphicsInfo_RocketF
0x083A4058	rom	0x24	gObjectEventGraphicsInfo_SwimmerMWater
0x083A407C	rom	0x24	gObjectEventGraphicsInfo_SwimmerFWater
0x083A40A0	rom	0x24	gObjectEventGraphicsInfo_SwimmerMLand
0x083A40C4	rom	0x24	gObjectEventGraphicsInfo_SwimmerFLand
0x083A40E8	rom	0x24	gObjectEventGraphicsInfo_BlackBelt
0x083A410C	rom	0x24	gObjectEventGraphicsInfo_Scientist
0x083A4130	rom	0x24	gObjectEventGraphicsInfo_Gentleman
0x083A4154	rom	0x24	gObjectEventGraphicsInfo_Sailor
0x083A4178	rom	0x24	gObjectEventGraphicsInfo_Captain
0x083A419C	rom	0x24	gObjectEventGraphicsInfo_Fisher
0x083A41C0	rom	0x24	gObjectEventGraphicsInfo_TeachyTVHost
0x083A41E4	rom	0x24	gObjectEventGraphicsInfo_UnusedWoman
0x083A4208	rom	0x24	gObjectEventGraphicsInfo_TuberF
0x083A422C	rom	0x24	gObjectEventGraphicsInfo_TuberMWater
0x083A4250	rom	0x24	gObjectEventGraphicsInfo_TuberMLand
0x083A4274	rom	0x24	gObjectEventGraphicsInfo_Hiker
0x083A4298	rom	0x24	gObjectEventGraphicsInfo_Biker
0x083A42BC	rom	0x24	gObjectEventGraphicsInfo_GymGuy
0x083A42E0	rom	0x24	gObjectEventGraphicsInfo_Nurse
0x083A4304	rom	0x24	gObjectEventGraphicsInfo_UnusedMaleReceptionist
0x083A4328	rom	0x24	gObjectEventGraphicsInfo_ItemBall
0x083A434C	rom	0x24	gObjectEventGraphicsInfo_ProfOak
0x083A4370	rom	0x24	gObjectEventGraphicsInfo_Man
0x083A4394	rom	0x24	gObjectEventGraphicsInfo_Rocker
0x083A43B8	rom	0x24	gObjectEventGraphicsInfo_MrFuji
0x083A43DC	rom	0x24	gObjectEventGraphicsInfo_Bruno
0x083A4400	rom	0x24	gObjectEventGraphicsInfo_OldManLyingDown
0x083A4424	rom	0x24	gObjectEventGraphicsInfo_CutTree
0x083A4448	rom	0x24	gObjectEventGraphicsInfo_Clerk
0x083A446C	rom	0x24	gObjectEventGraphicsInfo_MGDeliveryman
0x083A4490	rom	0x24	gObjectEventGraphicsInfo_TrainerTowerDude
0x083A44B4	rom	0x24	gObjectEventGraphicsInfo_CableClubReceptionist
0x083A44D8	rom	0x24	gObjectEventGraphicsInfo_UnionRoomReceptionist
0x083A44FC	rom	0x24	gObjectEventGraphicsInfo_RockSmashRock
0x083A4520	rom	0x24	gObjectEventGraphicsInfo_StrengthBoulder
0x083A4544	rom	0x24	gObjectEventGraphicsInfo_GreenNormal
0x083A4568	rom	0x24	gObjectEventGraphicsInfo_GreenBike
0x083A458C	rom	0x24	gObjectEventGraphicsInfo_GreenSurf
0x083A45B0	rom	0x24	gObjectEventGraphicsInfo_GreenFieldMove
0x083A45D4	rom	0x24	gObjectEventGraphicsInfo_RedBikeAlt
0x083A45F8	rom	0x24	gObjectEventGraphicsInfo_RocketM
0x083A461C	rom	0x24	gObjectEventGraphicsInfo_Celio
0x083A4640	rom	0x24	gObjectEventGraphicsInfo_Agatha
0x083A4664	rom	0x24	gObjectEventGraphicsInfo_Brock
0x083A4688	rom	0x24	gObjectEventGraphicsInfo_Misty
0x083A46AC	rom	0x24	gObjectEventGraphicsInfo_LtSurge
0x083A46D0	rom	0x24	gObjectEventGraphicsInfo_Erika
0x083A46F4	rom	0x24	gObjectEventGraphicsInfo_Koga
0x083A4718	rom	0x24	gObjectEventGraphicsInfo_Giovanni
0x083A473C	rom	0x24	gObjectEventGraphicsInfo_Blaine
0x083A4760	rom	0x24	gObjectEventGraphicsInfo_Sabrina
0x083A4784	rom	0x24	gObjectEventGraphicsInfo_Bill
0x083A47A8	rom	0x24	gObjectEventGraphicsInfo_Daisy
0x083A47CC	rom	0x24	gObjectEventGraphicsInfo_Lorelei
0x083A47F0	rom	0x24	gObjectEventGraphicsInfo_Lance
0x083A4814	rom	0x24	gObjectEventGraphicsInfo_Blue
0x083A4838	rom	0x24	gObjectEventGraphicsInfo_RedFish
0x083A485C	rom	0x24	gObjectEventGraphicsInfo_GreenFish
0x083A4880	rom	0x24	gObjectEventGraphicsInfo_RedVSSeeker
0x083A48A4	rom	0x24	gObjectEventGraphicsInfo_RedVSSeekerBike
0x083A48C8	rom	0x24	gObjectEventGraphicsInfo_GreenVSSeeker
0x083A48EC	rom	0x24	gObjectEventGraphicsInfo_GreenVSSeekerBike
0x083A4910	rom	0x24	gObjectEventGraphicsInfo_TownMap
0x083A4934	rom	0x24	gObjectEventGraphicsInfo_Pokedex
0x083A4958	rom	0x24	gObjectEventGraphicsInfo_GBAKid
0x083A497C	rom	0x24	gObjectEventGraphicsInfo_Snorlax
0x083A49A0	rom	0x24	gObjectEventGraphicsInfo_Fossil
0x083A49C4	rom	0x24	gObjectEventGraphicsInfo_Ruby
0x083A49E8	rom	0x24	gObjectEventGraphicsInfo_Sapphire
0x083A4A0C	rom	0x24	gObjectEventGraphicsInfo_OldAmber
0x083A4A30	rom	0x24	gObjectEventGraphicsInfo_GymSign
0x083A4A54	rom	0x24	gObjectEventGraphicsInfo_Sign
0x083A4A78	rom	0x24	gObjectEventGraphicsInfo_TrainerTips
0x083A4A9C	rom	0x24	gObjectEventGraphicsInfo_Clipboard
0x083A4AC0	rom	0x24	gObjectEventGraphicsInfo_Meteorite
0x083A4AE4	rom	0x24	gObjectEventGraphicsInfo_LaprasDoll
0x083A4B08	rom	0x24	gObjectEventGraphicsInfo_Spearow
0x083A4B2C	rom	0x24	gObjectEventGraphicsInfo_Omanyte
0x083A4B50	rom	0x24	gObjectEventGraphicsInfo_Kangaskhan
0x083A4B74	rom	0x24	gObjectEventGraphicsInfo_Psyduck
0x083A4B98	rom	0x24	gObjectEventGraphicsInfo_NidoranF
0x083A4BBC	rom	0x24	gObjectEventGraphicsInfo_NidoranM
0x083A4BE0	rom	0x24	gObjectEventGraphicsInfo_Nidorino
0x083A4C04	rom	0x24	gObjectEventGraphicsInfo_Meowth
0x083A4C28	rom	0x24	gObjectEventGraphicsInfo_Seel
0x083A4C4C	rom	0x24	gObjectEventGraphicsInfo_Voltorb
0x083A4C70	rom	0x24	gObjectEventGraphicsInfo_Slowpoke
0x083A4C94	rom	0x24	gObjectEventGraphicsInfo_Slowbro
0x083A4CB8	rom	0x24	gObjectEventGraphicsInfo_Machop
0x083A4CDC	rom	0x24	gObjectEventGraphicsInfo_Wigglytuff
0x083A4D00	rom	0x24	gObjectEventGraphicsInfo_Doduo
0x083A4D24	rom	0x24	gObjectEventGraphicsInfo_Fearow
0x083A4D48	rom	0x24	gObjectEventGraphicsInfo_Lapras
0x083A4D6C	rom	0x24	gObjectEventGraphicsInfo_Zapdos
0x083A4D90	rom	0x24	gObjectEventGraphicsInfo_Moltres
0x083A4DB4	rom	0x24	gObjectEventGraphicsInfo_Articuno
0x083A4DD8	rom	0x24	gObjectEventGraphicsInfo_DeoxysD
0x083A4DFC	rom	0x24	gObjectEventGraphicsInfo_DeoxysA
0x083A4E20	rom	0x24	gObjectEventGraphicsInfo_DeoxysN
0x083A4E44	rom	0x24	gObjectEventGraphicsInfo_Mewtwo
0x083A4E68	rom	0x24	gObjectEventGraphicsInfo_Mew
0x083A4E8C	rom	0x24	gObjectEventGraphicsInfo_Entei
0x083A4EB0	rom	0x24	gObjectEventGraphicsInfo_Raikou
0x083A4ED4	rom	0x24	gObjectEventGraphicsInfo_Suicune
0x083A4EF8	rom	0x24	gObjectEventGraphicsInfo_Lugia
0x083A4F1C	rom	0x24	gObjectEventGraphicsInfo_HoOh
0x083A4F40	rom	0x24	gObjectEventGraphicsInfo_Celebi
0x083A4F64	rom	0x24	gObjectEventGraphicsInfo_Cubone
0x083A4F88	rom	0x24	gObjectEventGraphicsInfo_Machoke
0x083A4FAC	rom	0x24	gObjectEventGraphicsInfo_Kabuto
0x083A4FD0	rom	0x24	gObjectEventGraphicsInfo_Poliwrath
0x083A4FF4	rom	0x24	gObjectEventGraphicsInfo_Pidgeot
0x083A5018	rom	0x24	gObjectEventGraphicsInfo_Chansey
0x083A503C	rom	0x24	gObjectEventGraphicsInfo_Pikachu
0x083A5060	rom	0x24	gObjectEventGraphicsInfo_Jigglypuff
0x083A5084	rom	0x24	gObjectEventGraphicsInfo_Pidgey
0x083A50A8	rom	0x24	gObjectEventGraphicsInfo_Clefairy
0x083A50CC	rom	0x24	gObjectEventGraphicsInfo_Mom
0x083A50F0	rom	0x24	gObjectEventGraphicsInfo_Seagallop
0x083A5114	rom	0x24	gObjectEventGraphicsInfo_SSAnne
0x083A5138	rom	0x98	sObjectEventSpritePalettes
0x083A51D0	rom	0x8	sPlayerReflectionPaletteTags
0x083A51D8	rom	0x8	sUnusedPlayerReflectionPaletteTags
0x083A51E0	rom	0x8	sPlayerUnderwaterReflectionPaletteTags
0x083A51E8	rom	0x20	gPlayerReflectionPaletteSets
0x083A5208	rom	0x8	sRSQuintyPlumpReflectionPaletteTags
0x083A5210	rom	0x8	sRSTruckReflectionPaletteTags
0x083A5218	rom	0x8	sRSMachokeReflectionPaletteTags
0x083A5220	rom	0x8	sRSMovingBoxReflectionPaletteTags
0x083A5228	rom	0x8	sMeteoriteReflectionPaletteTags
0x083A5230	rom	0x8	sSeagallopReflectionPaletteTags
0x083A5238	rom	0x8	sRSSubmarineShadowReflectionPaletteTags
0x083A5240	rom	0x8	sRSKyogreReflectionPaletteTags
0x083A5248	rom	0x8	sRSGroudonReflectionPaletteTags
0x083A5250	rom	0x8	sGreenNPCReflectionPaletteTags
0x083A5258	rom	0x68	gSpecialObjectReflectionPaletteSets
0x083A52C0	rom	0x14	sObjectPaletteTags0
0x083A52D4	rom	0x14	sObjectPaletteTags1
0x083A52E8	rom	0x14	sObjectPaletteTags2
0x083A52FC	rom	0x14	sObjectPaletteTags3
0x083A5310	rom	0x10	gObjectPaletteTagSets
0x083A5320	rom	0x8	gSpritePalette_GeneralFieldEffect0
0x083A5328	rom	0x8	gSpritePalette_GeneralFieldEffect1
0x083A5330	rom	0x8	sAnim_Shadow
0x083A5338	rom	0x4	sAnimTable_Shadow
0x083A533C	rom	0x8	sPicTable_ShadowSmall
0x083A5344	rom	0x8	sPicTable_ShadowMedium
0x083A534C	rom	0x8	sPicTable_ShadowLarge
0x083A5354	rom	0x8	sPicTable_ShadowExtraLarge
0x083A535C	rom	0x18	gFieldEffectObjectTemplate_ShadowSmall
0x083A5374	rom	0x18	gFieldEffectObjectTemplate_ShadowMedium
0x083A538C	rom	0x18	gFieldEffectObjectTemplate_ShadowLarge
0x083A53A4	rom	0x18	gFieldEffectObjectTemplate_ShadowExtraLarge
0x083A53BC	rom	0x28	sPicTable_TallGrass
0x083A53E4	rom	0x18	sAnim_TallGrass
0x083A53FC	rom	0x4	sAnimTable_TallGrass
0x083A5400	rom	0x18	gFieldEffectObjectTemplate_TallGrass
0x083A5418	rom	0x28	sPicTable_Ripple
0x083A5440	rom	0x24	sAnim_Ripple
0x083A5464	rom	0x4	sAnimTable_Ripple
0x083A5468	rom	0x18	gFieldEffectObjectTemplate_Ripple
0x083A5480	rom	0x28	sPicTable_Ash
0x083A54A8	rom	0x18	sAnim_Ash
0x083A54C0	rom	0x4	sAnimTable_Ash
0x083A54C4	rom	0x18	gFieldEffectObjectTemplate_Ash
0x083A54DC	rom	0x30	sPicTable_SurfBlob
0x083A550C	rom	0xC	sSurfBlobAnim_FaceSouth
0x083A5518	rom	0xC	sSurfBlobAnim_FaceNorth
0x083A5524	rom	0xC	sSurfBlobAnim_FaceWest
0x083A5530	rom	0xC	sSurfBlobAnim_FaceEast
0x083A553C	rom	0x10	sAnimTable_SurfBlob
0x083A554C	rom	0x18	gFieldEffectObjectTemplate_SurfBlob
0x083A5564	rom	0x40	sPicTable_Arrow
0x083A55A4	rom	0xC	sArrowAnim_South
0x083A55B0	rom	0xC	sArrowAnim_North
0x083A55BC	rom	0xC	sArrowAnim_West
0x083A55C8	rom	0xC	sArrowAnim_East
0x083A55D4	rom	0x10	sAnimTable_Arrow
0x083A55E4	rom	0x18	gFieldEffectObjectTemplate_Arrow
0x083A55FC	rom	0x18	sPicTable_GroundImpactDust
0x083A5614	rom	0x10	sAnim_GroundImpactDust
0x083A5624	rom	0x4	sAnimTable_GroundImpactDust
0x083A5628	rom	0x18	gFieldEffectObjectTemplate_GroundImpactDust
0x083A5640	rom	0x20	sPicTable_JumpTallGrass
0x083A5660	rom	0x14	sAnim_JumpTallGrass
0x083A5674	rom	0x4	sAnimTable_JumpTallGrass
0x083A5678	rom	0x18	gFieldEffectObjectTemplate_JumpTallGrass
0x083A5690	rom	0x10	sPicTable_SandFootprints
0x083A56A0	rom	0x8	sSandFootprintsAnim_South
0x083A56A8	rom	0x8	sSandFootprintsAnim_North
0x083A56B0	rom	0x8	sSandFootprintsAnim_West
0x083A56B8	rom	0x8	sSandFootprintsAnim_East
0x083A56C0	rom	0x14	sAnimTable_SandFootprints
0x083A56D4	rom	0x18	gFieldEffectObjectTemplate_SandFootprints
0x083A56EC	rom	0x10	sPicTable_DeepSandFootprints
0x083A56FC	rom	0x8	sDeepSandFootprintsAnim_South
0x083A5704	rom	0x8	sDeepSandFootprintsAnim_North
0x083A570C	rom	0x8	sDeepSandFootprintsAnim_West
0x083A5714	rom	0x8	sDeepSandFootprintsAnim_East
0x083A571C	rom	0x14	sAnimTable_DeepSandFootprints
0x083A5730	rom	0x18	gFieldEffectObjectTemplate_DeepSandFootprints
0x083A5748	rom	0x20	sPicTable_BikeTireTracks
0x083A5768	rom	0x8	sBikeTireTracksAnim_South
0x083A5770	rom	0x8	sBikeTireTracksAnim_North
0x083A5778	rom	0x8	sBikeTireTracksAnim_West
0x083A5780	rom	0x8	sBikeTireTracksAnim_East
0x083A5788	rom	0x8	sBikeTireTracksAnim_SECornerTurn
0x083A5790	rom	0x8	sBikeTireTracksAnim_SWCornerTurn
0x083A5798	rom	0x8	sBikeTireTracksAnim_NWCornerTurn
0x083A57A0	rom	0x8	sBikeTireTracksAnim_NECornerTurn
0x083A57A8	rom	0x24	sAnimTable_BikeTireTracks
0x083A57CC	rom	0x18	gFieldEffectObjectTemplate_BikeTireTracks
0x083A57E4	rom	0x20	sPicTable_JumpBigSplash
0x083A5804	rom	0x14	sAnim_JumpBigSplash
0x083A5818	rom	0x4	sAnimTable_JumpBigSplash
0x083A581C	rom	0x18	gFieldEffectObjectTemplate_JumpBigSplash
0x083A5834	rom	0x10	sPicTable_Splash
0x083A5844	rom	0xC	sAnim_Splash_0
0x083A5850	rom	0x24	sAnim_Splash_1
0x083A5874	rom	0x8	sAnimTable_Splash
0x083A587C	rom	0x18	gFieldEffectObjectTemplate_Splash
0x083A5894	rom	0x18	sPicTable_JumpSmallSplash
0x083A58AC	rom	0x10	sAnim_JumpSmallSplash
0x083A58BC	rom	0x4	sAnimTable_JumpSmallSplash
0x083A58C0	rom	0x18	gFieldEffectObjectTemplate_JumpSmallSplash
0x083A58D8	rom	0x20	sPicTable_LongGrass
0x083A58F8	rom	0x20	sAnim_LongGrass
0x083A5918	rom	0x4	sAnimTable_LongGrass
0x083A591C	rom	0x18	gFieldEffectObjectTemplate_LongGrass
0x083A5934	rom	0x30	sPicTable_JumpLongGrass
0x083A5964	rom	0x1C	sAnim_JumpLongGrass
0x083A5980	rom	0x4	sAnimTable_JumpLongGrass
0x083A5984	rom	0x18	gFieldEffectObjectTemplate_JumpLongGrass
0x083A599C	rom	0x48	sPicTable_UnusedGrass
0x083A59E4	rom	0x28	sAnim_UnusedGrass
0x083A5A0C	rom	0x4	sAnimTable_UnusedGrass
0x083A5A10	rom	0x18	gFieldEffectObjectTemplate_UnusedGrass
0x083A5A28	rom	0x20	sPicTable_UnusedGrass2
0x083A5A48	rom	0x1C	sAnim_UnusedGrass2
0x083A5A64	rom	0x4	sAnimTable_UnusedGrass2
0x083A5A68	rom	0x18	gFieldEffectObjectTemplate_UnusedGrass2
0x083A5A80	rom	0x20	sPicTable_UnusedSand
0x083A5AA0	rom	0x14	sAnim_UnusedSand
0x083A5AB4	rom	0x4	sAnimTable_UnusedSand
0x083A5AB8	rom	0x18	gFieldEffectObjectTemplate_UnusedSand
0x083A5AD0	rom	0x18	sPicTable_SandPile
0x083A5AE8	rom	0x10	sAnim_SandPile
0x083A5AF8	rom	0x4	sAnimTable_SandPile
0x083A5AFC	rom	0x18	gFieldEffectObjectTemplate_SandPile
0x083A5B14	rom	0x20	sPicTable_WaterSurfacing
0x083A5B34	rom	0x1C	sAnim_WaterSurfacing
0x083A5B50	rom	0x4	sAnimTable_WaterSurfacing
0x083A5B54	rom	0x18	gFieldEffectObjectTemplate_WaterSurfacing
0x083A5B6C	rom	0x50	sAffineAnim_ReflectionDistortion_0
0x083A5BBC	rom	0x50	sAffineAnim_ReflectionDistortion_1
0x083A5C0C	rom	0x8	sAffineAnims_ReflectionDistortion
0x083A5C14	rom	0x18	gFieldEffectObjectTemplate_ReflectionDistortion
0x083A5C2C	rom	0x38	sPicTable_TreeDisguise
0x083A5C64	rom	0x8	sAnim_TreeDisguise
0x083A5C6C	rom	0x20	sAnim_TreeDisguiseReveal
0x083A5C8C	rom	0x8	sAnimTable_TreeDisguise
0x083A5C94	rom	0x18	gFieldEffectObjectTemplate_TreeDisguise
0x083A5CAC	rom	0x38	sPicTable_MountainDisguise
0x083A5CE4	rom	0x8	sAnim_MountainDisguise
0x083A5CEC	rom	0x20	sAnim_MountainDisguiseReveal
0x083A5D0C	rom	0x8	sAnimTable_MountainDisguise
0x083A5D14	rom	0x18	gFieldEffectObjectTemplate_MountainDisguise
0x083A5D2C	rom	0x38	sPicTable_SandDisguisePlaceholder
0x083A5D64	rom	0x18	gFieldEffectObjectTemplate_SandDisguisePlaceholder
0x083A5D7C	rom	0x28	sPicTable_Bird
0x083A5DA4	rom	0x8	sAnim_Bird_WithoutPlayer
0x083A5DAC	rom	0x8	sAnim_Bird_Red_FlyOut
0x083A5DB4	rom	0x8	sAnim_Bird_Red_FlyIn
0x083A5DBC	rom	0x8	sAnim_Bird_Green_FlyOut
0x083A5DC4	rom	0x8	sAnim_Bird_Green_FlyIn
0x083A5DCC	rom	0x14	sAnimTable_Bird
0x083A5DE0	rom	0x18	gFieldEffectObjectTemplate_Bird
0x083A5DF8	rom	0x10	sPicTable_ShortGrass
0x083A5E08	rom	0xC	sAnim_ShortGrass
0x083A5E14	rom	0x4	sAnimTable_ShortGrass
0x083A5E18	rom	0x18	gFieldEffectObjectTemplate_ShortGrass
0x083A5E30	rom	0x8	sPicTable_HotSpringsWater
0x083A5E38	rom	0x8	sAnim_HotSpringsWater
0x083A5E40	rom	0x4	sAnimTable_HotSpringsWater
0x083A5E44	rom	0x18	gFieldEffectObjectTemplate_HotSpringsWater
0x083A5E5C	rom	0x28	sPicTable_AshPuff
0x083A5E84	rom	0x18	sAnim_AshPuff
0x083A5E9C	rom	0x4	sAnimTable_AshPuff
0x083A5EA0	rom	0x18	gFieldEffectObjectTemplate_AshPuff
0x083A5EB8	rom	0x8	gSpritePalette_Ash
0x083A5EC0	rom	0x28	sPicTable_AshLaunch
0x083A5EE8	rom	0x18	sAnim_AshLaunch
0x083A5F00	rom	0x4	sAnimTable_AshLaunch
0x083A5F04	rom	0x18	gFieldEffectObjectTemplate_AshLaunch
0x083A5F1C	rom	0x40	sPicTable_Bubbles
0x083A5F5C	rom	0x24	sAnim_Bubbles
0x083A5F80	rom	0x4	sAnimTable_Bubbles
0x083A5F84	rom	0x18	gFieldEffectObjectTemplate_Bubbles
0x083A5F9C	rom	0x10	sPicTable_SmallSparkle
0x083A5FAC	rom	0x10	sAnim_SmallSparkle
0x083A5FBC	rom	0x4	sAnimTable_SmallSparkle
0x083A5FC0	rom	0x18	gFieldEffectObjectTemplate_SmallSparkle
0x083A5FD8	rom	0x8	gSpritePalette_SmallSparkle
0x083A5FE0	rom	0x8	gMovementDelaysMedium
0x083A5FE8	rom	0x8	gMovementDelaysLong
0x083A5FF0	rom	0x8	gMovementDelaysShort
0x083A5FF8	rom	0x1C	gMovementTypeFuncs_WanderAround
0x083A6014	rom	0x1C	gMovementTypeFuncs_WanderAroundSlower
0x083A6030	rom	0x4	gStandardDirections
0x083A6034	rom	0x2C	gGetVectorDirectionFuncs
0x083A6060	rom	0x14	gMovementTypeFuncs_LookAround
0x083A6074	rom	0x1C	gMovementTypeFuncs_WanderUpAndDown
0x083A6090	rom	0x2	gUpAndDownDirections
0x083A6094	rom	0x1C	gMovementTypeFuncs_WanderLeftAndRight
0x083A60B0	rom	0x2	gLeftAndRightDirections
0x083A60B4	rom	0xC	gMovementTypeFuncs_FaceDirection
0x083A60C0	rom	0x14	gMovementTypeFuncs_FaceDownAndUp
0x083A60D4	rom	0x14	gMovementTypeFuncs_FaceLeftAndRight
0x083A60E8	rom	0x14	gMovementTypeFuncs_FaceUpAndLeft
0x083A60FC	rom	0x2	gUpAndLeftDirections
0x083A6100	rom	0x14	gMovementTypeFuncs_FaceUpAndRight
0x083A6114	rom	0x2	gUpAndRightDirections
0x083A6118	rom	0x14	gMovementTypeFuncs_FaceDownAndLeft
0x083A612C	rom	0x2	gDownAndLeftDirections
0x083A6130	rom	0x14	gMovementTypeFuncs_FaceDownAndRight
0x083A6144	rom	0x2	gDownAndRightDirections
0x083A6148	rom	0x14	gMovementTypeFuncs_FaceDownUpAndLeft
0x083A615C	rom	0x4	gDownUpAndLeftDirections
0x083A6160	rom	0x14	gMovementTypeFuncs_FaceDownUpAndRight
0x083A6174	rom	0x4	gDownUpAndRightDirections
0x083A6178	rom	0x14	gMovementTypeFuncs_FaceUpLeftAndRight
0x083A618C	rom	0x4	gUpLeftAndRightDirections
0x083A6190	rom	0x14	gMovementTypeFuncs_FaceDownLeftAndRight
0x083A61A4	rom	0x4	gDownLeftAndRightDirections
0x083A61A8	rom	0x10	gMovementTypeFuncs_RotateCounterclockwise
0x083A61B8	rom	0x5	gCounterclockwiseDirections
0x083A61C0	rom	0x10	gMovementTypeFuncs_RotateClockwise
0x083A61D0	rom	0x5	gClockwiseDirections
0x083A61D8	rom	0x10	gMovementTypeFuncs_WalkBackAndForth
0x083A61E8	rom	0xC	gMovementTypeFuncs_WalkSequenceUpRightLeftDown
0x083A61F4	rom	0x4	gUpRightLeftDownDirections
0x083A61F8	rom	0xC	gMovementTypeFuncs_WalkSequenceRightLeftDownUp
0x083A6204	rom	0x4	gRightLeftDownUpDirections
0x083A6208	rom	0xC	gMovementTypeFuncs_WalkSequenceDownUpRightLeft
0x083A6214	rom	0x4	gDownUpRightLeftDirections
0x083A6218	rom	0xC	gMovementTypeFuncs_WalkSequenceLeftDownUpRight
0x083A6224	rom	0x4	gLeftDownUpRightDirections
0x083A6228	rom	0xC	gMovementTypeFuncs_WalkSequenceUpLeftRightDown
0x083A6234	rom	0x4	gUpLeftRightDownDirections
0x083A6238	rom	0xC	gMovementTypeFuncs_WalkSequenceLeftRightDownUp
0x083A6244	rom	0x4	gLeftRightDownUpDirections
0x083A6248	rom	0xC	gMovementTypeFuncs_WalkSequenceDownUpLeftRight
0x083A6254	rom	0xC	gMovementTypeFuncs_WalkSequenceRightDownUpLeft
0x083A6260	rom	0x4	gRightDownUpLeftDirections
0x083A6264	rom	0xC	gMovementTypeFuncs_WalkSequenceLeftUpDownRight
0x083A6270	rom	0x4	gLeftUpDownRightDirections
0x083A6274	rom	0xC	gMovementTypeFuncs_WalkSequenceUpDownRightLeft
0x083A6280	rom	0x4	gUpDownRightLeftDirections
0x083A6284	rom	0xC	gMovementTypeFuncs_WalkSequenceRightLeftUpDown
0x083A6290	rom	0x4	gRightLeftUpDownDirections
0x083A6294	rom	0xC	gMovementTypeFuncs_WalkSequenceDownRightLeftUp
0x083A62A0	rom	0x4	gDownRightLeftUpDirections
0x083A62A4	rom	0xC	gMovementTypeFuncs_WalkSequenceRightUpDownLeft
0x083A62B0	rom	0x4	gRightUpDownLeftDirections
0x083A62B4	rom	0xC	gMovementTypeFuncs_WalkSequenceUpDownLeftRight
0x083A62C0	rom	0x4	gUpDownLeftRightDirections
0x083A62C4	rom	0xC	gMovementTypeFuncs_WalkSequenceLeftRightUpDown
0x083A62D0	rom	0x4	gLeftRightUpDownDirections
0x083A62D4	rom	0xC	gMovementTypeFuncs_WalkSequenceDownLeftRightUp
0x083A62E0	rom	0x4	gDownLeftRightUpDirections
0x083A62E4	rom	0xC	gMovementTypeFuncs_WalkSequenceUpLeftDownRight
0x083A62F0	rom	0x4	gUpLeftDownRightDirections
0x083A62F4	rom	0xC	gMovementTypeFuncs_WalkSequenceDownRightUpLeft
0x083A6300	rom	0x4	gDownRightUpLeftDirections
0x083A6304	rom	0xC	gMovementTypeFuncs_WalkSequenceLeftDownRightUp
0x083A6310	rom	0x4	gLeftDownRightUpDirections
0x083A6314	rom	0xC	gMovementTypeFuncs_WalkSequenceRightUpLeftDown
0x083A6320	rom	0x4	gRightUpLeftDownDirections
0x083A6324	rom	0xC	gMovementTypeFuncs_WalkSequenceUpRightDownLeft
0x083A6330	rom	0x4	gUpRightDownLeftDirections
0x083A6334	rom	0xC	gMovementTypeFuncs_WalkSequenceDownLeftUpRight
0x083A6340	rom	0x4	gDownLeftUpRightDirections
0x083A6344	rom	0xC	gMovementTypeFuncs_WalkSequenceLeftUpRightDown
0x083A6350	rom	0x4	gLeftUpRightDownDirections
0x083A6354	rom	0xC	gMovementTypeFuncs_WalkSequenceRightDownLeftUp
0x083A6360	rom	0x4	gRightDownLeftUpDirections
0x083A6364	rom	0xC	gMovementTypeFuncs_CopyPlayer
0x083A6370	rom	0x2C	gCopyPlayerMovementFuncs
0x083A639C	rom	0xC	gMovementTypeFuncs_CopyPlayerInGrass
0x083A63A8	rom	0x4	gMovementTypeFuncs_Buried
0x083A63AC	rom	0x8	gMovementTypeFuncs_WalkInPlace
0x083A63B4	rom	0x8	gMovementTypeFuncs_WalkInPlaceFast
0x083A63BC	rom	0x8	gMovementTypeFuncs_JogInPlace
0x083A63C4	rom	0xC	gMovementTypeFuncs_Invisible
0x083A63D0	rom	0xC	gMovementTypeFuncs_RaiseHandAndStop
0x083A63DC	rom	0x8	gMovementTypeFuncs_RaiseHandAndJump
0x083A63E4	rom	0x8	gMovementTypeFuncs_RaiseHandAndSwim
0x083A63EC	rom	0x9	sFaceDirectionAnimNums
0x083A63F5	rom	0x9	sMoveDirectionAnimNums
0x083A63FE	rom	0x9	sMoveDirectionFastAnimNums
0x083A6407	rom	0x9	sMoveDirectionFasterAnimNums
0x083A6410	rom	0x9	sMoveDirectionFastestAnimNums
0x083A6419	rom	0x9	sJumpSpecialDirectionAnimNums
0x083A6422	rom	0x9	sAcroBunnyHopBackWheelDirectionAnimNums
0x083A642B	rom	0x9	sAcroBunnyHopFrontWheelDirectionAnimNums
0x083A6434	rom	0x9	sAcroStandingWheelieBackWheelDirectionAnimNums
0x083A643D	rom	0x9	sSpinDirectionAnimNums
0x083A6446	rom	0x9	sAcroStandingWheelieFrontWheelDirectionAnimNums
0x083A644F	rom	0x9	sAcroMovingWheelieDirectionAnimNums
0x083A6458	rom	0x9	sFishingDirectionAnimNums
0x083A6461	rom	0x9	sFishingNoCatchDirectionAnimNums
0x083A646A	rom	0x9	sFishingBiteDirectionAnimNums
0x083A6473	rom	0x9	sRunningDirectionAnimNums
0x083A647C	rom	0x9	sTrainerFacingDirectionMovementTypes
0x083A6488	rom	0x10	gOppositeDirectionBlockedMetatileFuncs
0x083A6498	rom	0x10	gDirectionBlockedMetatileFuncs
0x083A64A8	rom	0x24	sDirectionToVectors
0x083A64CC	rom	0x5	sFaceDirectionMovementActions
0x083A64D1	rom	0x5	sFaceDirectionFastMovementActions
0x083A64D6	rom	0x5	sWalkSlowestMovementActions
0x083A64DB	rom	0x5	sWalkSlowerMovementActions
0x083A64E0	rom	0x5	sWalkSlowMovementActions
0x083A64E5	rom	0x5	sWalkNormalMovementActions
0x083A64EA	rom	0x5	sWalkFastMovementActions
0x083A64EF	rom	0x5	sGlideMovementActions
0x083A64F4	rom	0x5	sRideWaterCurrentMovementActions
0x083A64F9	rom	0x5	sWalkFasterMovementActions
0x083A64FE	rom	0x5	sSlideMovementActions
0x083A6503	rom	0x5	sPlayerRunMovementActions
0x083A6508	rom	0x5	sPlayerRunSlowMovementActions
0x083A650D	rom	0x5	sSpinMovementActions
0x083A6512	rom	0x5	sJump2MovementActions
0x083A6517	rom	0x5	sJumpInPlaceMovementActions
0x083A651C	rom	0x5	sJumpInPlaceTurnAroundMovementActions
0x083A6521	rom	0x5	sJumpMovementActions
0x083A6526	rom	0x5	sJumpSpecialMovementActions
0x083A652B	rom	0x5	sJumpSpecialWithEffectMovementActions
0x083A6530	rom	0x5	sWalkInPlaceSlowMovementActions
0x083A6535	rom	0x5	sWalkInPlaceNormalMovementActions
0x083A653A	rom	0x5	sWalkInPlaceFastMovementActions
0x083A653F	rom	0x5	sWalkInPlaceFasterMovementActions
0x083A6544	rom	0x5	sAcroWheelieFaceDirectionMovementActions
0x083A6549	rom	0x5	sAcroPopWheelieFaceDirectionMovementActions
0x083A654E	rom	0x5	sAcroEndWheelieFaceDirectionMovementActions
0x083A6553	rom	0x5	sAcroWheelieHopFaceDirectionMovementActions
0x083A6558	rom	0x5	sAcroWheelieHopMovementActions
0x083A655D	rom	0x5	sAcroWheelieJumpMovementActions
0x083A6562	rom	0x5	sAcroWheelieInPlaceMovementActions
0x083A6567	rom	0x5	sAcroPopWheelieMoveMovementActions
0x083A656C	rom	0x5	sAcroWheelieMoveMovementActions
0x083A6571	rom	0x8	gOppositeDirections
0x083A6579	rom	0x10	sPlayerDirectionsForCopy
0x083A6589	rom	0x10	sPlayerDirectionToCopyDirection
0x083A659C	rom	0x2A8	sMovementActionFuncs
0x083A6844	rom	0x8	sMovementActionFuncs_FaceDown
0x083A684C	rom	0x8	sMovementActionFuncs_FaceUp
0x083A6854	rom	0x8	sMovementActionFuncs_FaceLeft
0x083A685C	rom	0x8	sMovementActionFuncs_FaceRight
0x083A6864	rom	0x14	sDirectionAnimFuncsBySpeed
0x083A6878	rom	0xC	sMovementActionFuncs_WalkSlowestDown
0x083A6884	rom	0xC	sMovementActionFuncs_WalkSlowestUp
0x083A6890	rom	0xC	sMovementActionFuncs_WalkSlowestLeft
0x083A689C	rom	0xC	sMovementActionFuncs_WalkSlowestRight
0x083A68A8	rom	0xC	sMovementActionFuncs_WalkSlowerDown
0x083A68B4	rom	0xC	sMovementActionFuncs_WalkSlowerUp
0x083A68C0	rom	0xC	sMovementActionFuncs_WalkSlowerLeft
0x083A68CC	rom	0xC	sMovementActionFuncs_WalkSlowerRight
0x083A68D8	rom	0xC	sMovementActionFuncs_WalkSlowUp
0x083A68E4	rom	0xC	sMovementActionFuncs_WalkSlowDown
0x083A68F0	rom	0xC	sMovementActionFuncs_WalkSlowLeft
0x083A68FC	rom	0xC	sMovementActionFuncs_WalkSlowRight
0x083A6908	rom	0xC	sMovementActionFuncs_WalkNormalDown
0x083A6914	rom	0xC	sMovementActionFuncs_WalkNormalUp
0x083A6920	rom	0xC	sMovementActionFuncs_WalkNormalLeft
0x083A692C	rom	0xC	sMovementActionFuncs_WalkNormalRight
0x083A6938	rom	0x6	sJumpInitDisplacements
0x083A693E	rom	0x6	sJumpDisplacements
0x083A6944	rom	0xC	sMovementActionFuncs_Jump2Down
0x083A6950	rom	0xC	sMovementActionFuncs_Jump2Up
0x083A695C	rom	0xC	sMovementActionFuncs_Jump2Left
0x083A6968	rom	0xC	sMovementActionFuncs_Jump2Right
0x083A6974	rom	0xC	sMovementActionFuncs_Delay1
0x083A6980	rom	0xC	sMovementActionFuncs_Delay2
0x083A698C	rom	0xC	sMovementActionFuncs_Delay4
0x083A6998	rom	0xC	sMovementActionFuncs_Delay8
0x083A69A4	rom	0xC	sMovementActionFuncs_Delay16
0x083A69B0	rom	0xC	sMovementActionFuncs_WalkFastDown
0x083A69BC	rom	0xC	sMovementActionFuncs_WalkFastUp
0x083A69C8	rom	0xC	sMovementActionFuncs_WalkFastLeft
0x083A69D4	rom	0xC	sMovementActionFuncs_WalkFastRight
0x083A69E0	rom	0xC	sMovementActionFuncs_GlideDown
0x083A69EC	rom	0xC	sMovementActionFuncs_GlideUp
0x083A69F8	rom	0xC	sMovementActionFuncs_GlideLeft
0x083A6A04	rom	0xC	sMovementActionFuncs_GlideRight
0x083A6A10	rom	0x8	sMovementActionFuncs_FaceDownFast
0x083A6A18	rom	0x8	sMovementActionFuncs_FaceUpFast
0x083A6A20	rom	0x8	sMovementActionFuncs_FaceLeftFast
0x083A6A28	rom	0x8	sMovementActionFuncs_FaceRightFast
0x083A6A30	rom	0xC	sMovementActionFuncs_WalkInPlaceSlowDown
0x083A6A3C	rom	0xC	sMovementActionFuncs_WalkInPlaceSlowUp
0x083A6A48	rom	0xC	sMovementActionFuncs_WalkInPlaceSlowLeft
0x083A6A54	rom	0xC	sMovementActionFuncs_WalkInPlaceSlowRight
0x083A6A60	rom	0xC	sMovementActionFuncs_WalkInPlaceNormalDown
0x083A6A6C	rom	0xC	sMovementActionFuncs_WalkInPlaceNormalUp
0x083A6A78	rom	0xC	sMovementActionFuncs_WalkInPlaceNormalLeft
0x083A6A84	rom	0xC	sMovementActionFuncs_WalkInPlaceNormalRight
0x083A6A90	rom	0xC	sMovementActionFuncs_WalkInPlaceFastDown
0x083A6A9C	rom	0xC	sMovementActionFuncs_WalkInPlaceFastUp
0x083A6AA8	rom	0xC	sMovementActionFuncs_WalkInPlaceFastLeft
0x083A6AB4	rom	0xC	sMovementActionFuncs_WalkInPlaceFastRight
0x083A6AC0	rom	0xC	sMovementActionFuncs_WalkInPlaceFasterDown
0x083A6ACC	rom	0xC	sMovementActionFuncs_WalkInPlaceFasterUp
0x083A6AD8	rom	0xC	sMovementActionFuncs_WalkInPlaceFasterLeft
0x083A6AE4	rom	0xC	sMovementActionFuncs_WalkInPlaceFasterRight
0x083A6AF0	rom	0xC	sMovementActionFuncs_RideWaterCurrentDown
0x083A6AFC	rom	0xC	sMovementActionFuncs_RideWaterCurrentUp
0x083A6B08	rom	0xC	sMovementActionFuncs_RideWaterCurrentLeft
0x083A6B14	rom	0xC	sMovementActionFuncs_RideWaterCurrentRight
0x083A6B20	rom	0xC	sMovementActionFuncs_WalkFasterDown
0x083A6B2C	rom	0xC	sMovementActionFuncs_WalkFasterUp
0x083A6B38	rom	0xC	sMovementActionFuncs_WalkFasterLeft
0x083A6B44	rom	0xC	sMovementActionFuncs_WalkFasterRight
0x083A6B50	rom	0xC	sMovementActionFuncs_SlideDown
0x083A6B5C	rom	0xC	sMovementActionFuncs_SlideUp
0x083A6B68	rom	0xC	sMovementActionFuncs_SlideLeft
0x083A6B74	rom	0xC	sMovementActionFuncs_SlideRight
0x083A6B80	rom	0xC	sMovementActionFuncs_PlayerRunDown
0x083A6B8C	rom	0xC	sMovementActionFuncs_PlayerRunUp
0x083A6B98	rom	0xC	sMovementActionFuncs_PlayerRunLeft
0x083A6BA4	rom	0xC	sMovementActionFuncs_PlayerRunRight
0x083A6BB0	rom	0xC	sMovementActionFuncs_PlayerRunDownSlow
0x083A6BBC	rom	0xC	sMovementActionFuncs_PlayerRunUpSlow
0x083A6BC8	rom	0xC	sMovementActionFuncs_PlayerRunLeftSlow
0x083A6BD4	rom	0xC	sMovementActionFuncs_PlayerRunRightSlow
0x083A6BE0	rom	0xC	sMovementActionFuncs_StartAnimInDirection
0x083A6BEC	rom	0xC	sMovementActionFuncs_JumpSpecialDown
0x083A6BF8	rom	0xC	sMovementActionFuncs_JumpSpecialUp
0x083A6C04	rom	0xC	sMovementActionFuncs_JumpSpecialLeft
0x083A6C10	rom	0xC	sMovementActionFuncs_JumpSpecialRight
0x083A6C1C	rom	0xC	sMovementActionFuncs_JumpSpecialWithEffectDown
0x083A6C28	rom	0xC	sMovementActionFuncs_JumpSpecialWithEffectUp
0x083A6C34	rom	0xC	sMovementActionFuncs_JumpSpecialWithEffectLeft
0x083A6C40	rom	0xC	sMovementActionFuncs_JumpSpecialWithEffectRight
0x083A6C4C	rom	0x8	sMovementActionFuncs_FacePlayer
0x083A6C54	rom	0x8	sMovementActionFuncs_FaceAwayPlayer
0x083A6C5C	rom	0x8	sMovementActionFuncs_LockFacingDirection
0x083A6C64	rom	0x8	sMovementActionFuncs_UnlockFacingDirection
0x083A6C6C	rom	0xC	sMovementActionFuncs_JumpDown
0x083A6C78	rom	0xC	sMovementActionFuncs_JumpUp
0x083A6C84	rom	0xC	sMovementActionFuncs_JumpLeft
0x083A6C90	rom	0xC	sMovementActionFuncs_JumpRight
0x083A6C9C	rom	0xC	sMovementActionFuncs_JumpInPlaceDown
0x083A6CA8	rom	0xC	sMovementActionFuncs_JumpInPlaceUp
0x083A6CB4	rom	0xC	sMovementActionFuncs_JumpInPlaceLeft
0x083A6CC0	rom	0xC	sMovementActionFuncs_JumpInPlaceRight
0x083A6CCC	rom	0xC	sMovementActionFuncs_JumpInPlaceDownUp
0x083A6CD8	rom	0xC	sMovementActionFuncs_JumpInPlaceUpDown
0x083A6CE4	rom	0xC	sMovementActionFuncs_JumpInPlaceLeftRight
0x083A6CF0	rom	0xC	sMovementActionFuncs_JumpInPlaceRightLeft
0x083A6CFC	rom	0x8	sMovementActionFuncs_FaceOriginalDirection
0x083A6D04	rom	0xC	sMovementActionFuncs_NurseJoyBowDown
0x083A6D10	rom	0x8	sMovementActionFuncs_EnableJumpLandingGroundEffect
0x083A6D18	rom	0x8	sMovementActionFuncs_DisableJumpLandingGroundEffect
0x083A6D20	rom	0x8	sMovementActionFuncs_DisableAnimation
0x083A6D28	rom	0x8	sMovementActionFuncs_RestoreAnimation
0x083A6D30	rom	0x8	sMovementActionFuncs_SetInvisible
0x083A6D38	rom	0x8	sMovementActionFuncs_SetVisible
0x083A6D40	rom	0x8	sMovementActionFuncs_EmoteExclamationMark
0x083A6D48	rom	0x8	sMovementActionFuncs_EmoteQuestionMark
0x083A6D50	rom	0x8	sMovementActionFuncs_EmoteX
0x083A6D58	rom	0x8	sMovementActionFuncs_EmoteDoubleExclMark
0x083A6D60	rom	0x8	sMovementActionFuncs_EmoteSmile
0x083A6D68	rom	0xC	sMovementActionFuncs_RevealTrainer
0x083A6D74	rom	0x10	sMovementActionFuncs_RockSmashBreak
0x083A6D84	rom	0x10	sMovementActionFuncs_CutTree
0x083A6D94	rom	0x8	sMovementActionFuncs_SetFixedPriority
0x083A6D9C	rom	0x8	sMovementActionFuncs_ClearFixedPriority
0x083A6DA4	rom	0x8	sMovementActionFuncs_InitAffineAnim
0x083A6DAC	rom	0x8	sMovementActionFuncs_ClearAffineAnim
0x083A6DB4	rom	0xC	sMovementActionFuncs_WalkDownStartAffine
0x083A6DC0	rom	0xC	sMovementActionFuncs_WalkDownAffine
0x083A6DCC	rom	0x8	sMovementActionFuncs_AcroWheelieFaceDown
0x083A6DD4	rom	0x8	sMovementActionFuncs_AcroWheelieFaceUp
0x083A6DDC	rom	0x8	sMovementActionFuncs_AcroWheelieFaceLeft
0x083A6DE4	rom	0x8	sMovementActionFuncs_AcroWheelieFaceRight
0x083A6DEC	rom	0xC	sMovementActionFuncs_AcroPopWheelieDown
0x083A6DF8	rom	0xC	sMovementActionFuncs_AcroPopWheelieUp
0x083A6E04	rom	0xC	sMovementActionFuncs_AcroPopWheelieLeft
0x083A6E10	rom	0xC	sMovementActionFuncs_AcroPopWheelieRight
0x083A6E1C	rom	0xC	sMovementActionFuncs_AcroEndWheelieFaceDown
0x083A6E28	rom	0xC	sMovementActionFuncs_AcroEndWheelieFaceUp
0x083A6E34	rom	0xC	sMovementActionFuncs_AcroEndWheelieFaceLeft
0x083A6E40	rom	0xC	sMovementActionFuncs_AcroEndWheelieFaceRight
0x083A6E4C	rom	0xC	MovementActionFuncs_UnusedAcroActionDown
0x083A6E58	rom	0xC	MovementActionFuncs_UnusedAcroActionUp
0x083A6E64	rom	0xC	MovementActionFuncs_UnusedAcroActionLeft
0x083A6E70	rom	0xC	MovementActionFuncs_UnusedAcroActionRight
0x083A6E7C	rom	0xC	sMovementActionFuncs_AcroWheelieHopFaceDown
0x083A6E88	rom	0xC	sMovementActionFuncs_AcroWheelieHopFaceUp
0x083A6E94	rom	0xC	sMovementActionFuncs_AcroWheelieHopFaceLeft
0x083A6EA0	rom	0xC	sMovementActionFuncs_AcroWheelieHopFaceRight
0x083A6EAC	rom	0xC	sMovementActionFuncs_AcroWheelieHopDown
0x083A6EB8	rom	0xC	sMovementActionFuncs_AcroWheelieHopUp
0x083A6EC4	rom	0xC	sMovementActionFuncs_AcroWheelieHopLeft
0x083A6ED0	rom	0xC	sMovementActionFuncs_AcroWheelieHopRight
0x083A6EDC	rom	0xC	sMovementActionFuncs_AcroWheelieJumpDown
0x083A6EE8	rom	0xC	sMovementActionFuncs_AcroWheelieJumpUp
0x083A6EF4	rom	0xC	sMovementActionFuncs_AcroWheelieJumpLeft
0x083A6F00	rom	0xC	sMovementActionFuncs_AcroWheelieJumpRight
0x083A6F0C	rom	0xC	sMovementActionFuncs_AcroWheelieInPlaceDown
0x083A6F18	rom	0xC	sMovementActionFuncs_AcroWheelieInPlaceUp
0x083A6F24	rom	0xC	sMovementActionFuncs_AcroWheelieInPlaceLeft
0x083A6F30	rom	0xC	sMovementActionFuncs_AcroWheelieInPlaceRight
0x083A6F3C	rom	0xC	sMovementActionFuncs_AcroPopWheelieMoveDown
0x083A6F48	rom	0xC	sMovementActionFuncs_AcroPopWheelieMoveUp
0x083A6F54	rom	0xC	sMovementActionFuncs_AcroPopWheelieMoveLeft
0x083A6F60	rom	0xC	sMovementActionFuncs_AcroPopWheelieMoveRight
0x083A6F6C	rom	0xC	sMovementActionFuncs_AcroWheelieMoveDown
0x083A6F78	rom	0xC	sMovementActionFuncs_AcroWheelieMoveUp
0x083A6F84	rom	0xC	sMovementActionFuncs_AcroWheelieMoveLeft
0x083A6F90	rom	0xC	sMovementActionFuncs_AcroWheelieMoveRight
0x083A6F9C	rom	0xC	sMovementActionFuncs_SpinDown
0x083A6FA8	rom	0xC	sMovementActionFuncs_SpinUp
0x083A6FB4	rom	0xC	sMovementActionFuncs_SpinLeft
0x083A6FC0	rom	0xC	sMovementActionFuncs_SpinRight
0x083A6FCC	rom	0x8	sMovementActionFuncs_RaiseHandAndStop
0x083A6FD4	rom	0x8	sMovementActionFuncs_RaiseHandAndJump
0x083A6FDC	rom	0x8	sMovementActionFuncs_RaiseHandAndSwim
0x083A6FE4	rom	0x8	sMovementActionFuncs_ShakeHeadOrWalkInPlace
0x083A6FEC	rom	0xC	sMovementActionFuncs_FlyUp
0x083A6FF8	rom	0xC	sMovementActionFuncs_FlyDown
0x083A700C	rom	0x0	metatileFuncs.2424
0x083A7024	rom	0x0	jumpLandingFlags.2425
0x083A703C	rom	0x10	ledgeBehaviorFuncs.2435
0x083A704C	rom	0x10	sElevationToSubpriority
0x083A705C	rom	0x10	sElevationToPriority
0x083A706C	rom	0x10	sElevationToSubspriteTableNum
0x083A707C	rom	0xC	sGroundEffectTracksFuncs
0x083A708C	rom	0x10	bikeTireTracks_Transitions.2499
0x083A709C	rom	0x50	sGroundEffectFuncs
0x083A70EC	rom	0x40	sSpeedNormalStepFuncs
0x083A712C	rom	0x20	sSpeedFast1StepFuncs
0x083A714C	rom	0x18	sSpeedFast2StepFuncs
0x083A7164	rom	0x10	sSpeedFasterStepFuncs
0x083A7174	rom	0x8	sSpeedFastestStepFuncs
0x083A717C	rom	0x14	sNpcStepFuncTables
0x083A7190	rom	0xA	sStepTimes
0x083A719A	rom	0x10	sJumpY_High
0x083A71AA	rom	0x10	sJumpY_Low
0x083A71BA	rom	0x10	sJumpY_Normal
0x083A71CC	rom	0xC	sJumpYTable
0x083A7224	rom	0x4	gNullScriptPtr
0x083A7228	rom	0x12	sScriptConditionTable
0x083A7274	rom	0xC	sScriptStringVars
0x083A7280	rom	0x2	sText_S
0x083A7282	rom	0x4	sText_IES
0x083A7288	rom	0x68	sWeatherCoordEventFuncs
0x083A72F0	rom	0x20	sPerStepCallbacks
0x083A7310	rom	0x12	sIcefallCaveIceCoords
0x083A7324	rom	0x48	sStartMenuActionTable
0x083A736C	rom	0x8	sSafariZoneStatsWindowTemplate
0x083A7374	rom	0x24	sStartMenuDescPointers
0x083A7398	rom	0x4	sBGTemplates_AfterLinkSaveMessage
0x083A739C	rom	0x10	sWindowTemplates_AfterLinkSaveMessage
0x083A73AC	rom	0x8	sSaveStatsWindowTemplate
0x083A73B4	rom	0x3	sTextColor_StatName
0x083A73B8	rom	0x3	sTextColor_StatValue
0x083A73BC	rom	0x3	sTextColor_LocationHeader
0x083A73C0	rom	0x80	sTilesetAnims_General_Flower_Frame0
0x083A7440	rom	0x80	sTilesetAnims_General_Flower_Frame1
0x083A74C0	rom	0x80	sTilesetAnims_General_Flower_Frame2
0x083A7540	rom	0x80	sTilesetAnims_General_Flower_Frame3
0x083A75C0	rom	0x80	sTilesetAnims_General_Flower_Frame4
0x083A7640	rom	0x14	sTilesetAnims_General_Flower
0x083A7654	rom	0x600	sTilesetAnims_General_Water_Current_LandWatersEdge_Frame0
0x083A7C54	rom	0x600	sTilesetAnims_General_Water_Current_LandWatersEdge_Frame1
0x083A8254	rom	0x600	sTilesetAnims_General_Water_Current_LandWatersEdge_Frame2
0x083A8854	rom	0x600	sTilesetAnims_General_Water_Current_LandWatersEdge_Frame3
0x083A8E54	rom	0x600	sTilesetAnims_General_Water_Current_LandWatersEdge_Frame4
0x083A9454	rom	0x600	sTilesetAnims_General_Water_Current_LandWatersEdge_Frame5
0x083A9A54	rom	0x600	sTilesetAnims_General_Water_Current_LandWatersEdge_Frame6
0x083AA054	rom	0x5E0	sTilesetAnims_General_Water_Current_LandWatersEdge_Frame7
0x083AA634	rom	0x20	sTilesetAnims_General_Water_Current_LandWatersEdge
0x083AA654	rom	0x240	sTilesetAnims_General_SandWatersEdge_Frame0
0x083AA894	rom	0x240	sTilesetAnims_General_SandWatersEdge_Frame1
0x083AAAD4	rom	0x240	sTilesetAnims_General_SandWatersEdge_Frame2
0x083AAD14	rom	0x240	sTilesetAnims_General_SandWatersEdge_Frame3
0x083AAF54	rom	0x240	sTilesetAnims_General_SandWatersEdge_Frame4
0x083AB194	rom	0x240	sTilesetAnims_General_SandWatersEdge_Frame5
0x083AB3D4	rom	0x240	sTilesetAnims_General_SandWatersEdge_Frame6
0x083AB614	rom	0x240	sTilesetAnims_General_SandWatersEdge_Frame7
0x083AB854	rom	0x20	sTilesetAnims_General_SandWatersEdge
0x083AB874	rom	0x100	sTilesetAnims_CeladonCity_Fountain_Frame0
0x083AB974	rom	0x100	sTilesetAnims_CeladonCity_Fountain_Frame1
0x083ABA74	rom	0x100	sTilesetAnims_CeladonCity_Fountain_Frame2
0x083ABB74	rom	0x100	sTilesetAnims_CeladonCity_Fountain_Frame3
0x083ABC74	rom	0x100	sTilesetAnims_CeladonCity_Fountain_Frame4
0x083ABD74	rom	0x20	sTilesetAnims_CeladonCity_Fountain_Empty
0x083ABD94	rom	0x14	sTilesetAnims_CeladonCity_Fountain
0x083ABDA8	rom	0x100	sTilesetAnims_SilphCo_Fountain_Frame0
0x083ABEA8	rom	0x100	sTilesetAnims_SilphCo_Fountain_Frame1
0x083ABFA8	rom	0x100	sTilesetAnims_SilphCo_Fountain_Frame2
0x083AC0A8	rom	0x100	sTilesetAnims_SilphCo_Fountain_Frame3
0x083AC1A8	rom	0x20	sTilesetAnims_SilphCo_Fountain_Empty
0x083AC1C8	rom	0x10	sTilesetAnims_SilphCo_Fountain
0x083AC1D8	rom	0x100	sTilesetAnims_MtEmber_Steam_Frame0
0x083AC2D8	rom	0x100	sTilesetAnims_MtEmber_Steam_Frame1
0x083AC3D8	rom	0x100	sTilesetAnims_MtEmber_Steam_Frame2
0x083AC4D8	rom	0x100	sTilesetAnims_MtEmber_Steam_Frame3
0x083AC5D8	rom	0x10	sTilesetAnims_MtEmber_Steam
0x083AC5E8	rom	0xE0	sTilesetAnims_VermilionGym_MotorizedDoor_Frame0
0x083AC6C8	rom	0xE0	sTilesetAnims_VermilionGym_MotorizedDoor_Frame1
0x083AC7A8	rom	0x8	sTilesetAnims_VermilionGym_MotorizedDoor
0x083AC7B0	rom	0x80	sTilesetAnims_CeladonGym_Flowers_Frame0
0x083AC830	rom	0x80	sTilesetAnims_CeladonGym_Flowers_Frame1
0x083AC8B0	rom	0x80	sTilesetAnims_CeladonGym_Flowers_Frame2
0x083AC930	rom	0x10	sTilesetAnims_CeladonGym_Flowers
0x083AC940	rom	0x10	sDummyPaletteStructTemplate
0x083AC950	rom	0x20	sRoundedDownGrayscaleMap
0x083AC970	rom	0x38	sFanfares
0x083AC9A8	rom	0x8	gOamData_AffineOff_ObjNormal_8x8
0x083AC9B0	rom	0x8	gOamData_AffineOff_ObjNormal_16x16
0x083AC9B8	rom	0x8	gOamData_AffineOff_ObjNormal_32x32
0x083AC9C0	rom	0x8	gOamData_AffineOff_ObjNormal_64x64
0x083AC9C8	rom	0x8	gOamData_AffineOff_ObjNormal_16x8
0x083AC9D0	rom	0x8	gOamData_AffineOff_ObjNormal_32x8
0x083AC9D8	rom	0x8	gOamData_AffineOff_ObjNormal_32x16
0x083AC9E0	rom	0x8	gOamData_AffineOff_ObjNormal_64x32
0x083AC9E8	rom	0x8	gOamData_AffineOff_ObjNormal_8x16
0x083AC9F0	rom	0x8	gOamData_AffineOff_ObjNormal_8x32
0x083AC9F8	rom	0x8	gOamData_AffineOff_ObjNormal_16x32
0x083ACA00	rom	0x8	gOamData_AffineOff_ObjNormal_32x64
0x083ACA08	rom	0x8	gOamData_AffineNormal_ObjNormal_8x8
0x083ACA10	rom	0x8	gOamData_AffineNormal_ObjNormal_16x16
0x083ACA18	rom	0x8	gOamData_AffineNormal_ObjNormal_32x32
0x083ACA20	rom	0x8	gOamData_AffineNormal_ObjNormal_64x64
0x083ACA28	rom	0x8	gOamData_AffineNormal_ObjNormal_16x8
0x083ACA30	rom	0x8	gOamData_AffineNormal_ObjNormal_32x8
0x083ACA38	rom	0x8	gOamData_AffineNormal_ObjNormal_32x16
0x083ACA40	rom	0x8	gOamData_AffineNormal_ObjNormal_64x32
0x083ACA48	rom	0x8	gOamData_AffineNormal_ObjNormal_8x16
0x083ACA50	rom	0x8	gOamData_AffineNormal_ObjNormal_8x32
0x083ACA58	rom	0x8	gOamData_AffineNormal_ObjNormal_16x32
0x083ACA60	rom	0x8	gOamData_AffineNormal_ObjNormal_32x64
0x083ACA68	rom	0x8	gOamData_AffineDouble_ObjNormal_8x8
0x083ACA70	rom	0x8	gOamData_AffineDouble_ObjNormal_16x16
0x083ACA78	rom	0x8	gOamData_AffineDouble_ObjNormal_32x32
0x083ACA80	rom	0x8	gOamData_AffineDouble_ObjNormal_64x64
0x083ACA88	rom	0x8	gOamData_AffineDouble_ObjNormal_16x8
0x083ACA90	rom	0x8	gOamData_AffineDouble_ObjNormal_32x8
0x083ACA98	rom	0x8	gOamData_AffineDouble_ObjNormal_32x16
0x083ACAA0	rom	0x8	gOamData_AffineDouble_ObjNormal_64x32
0x083ACAA8	rom	0x8	gOamData_AffineDouble_ObjNormal_8x16
0x083ACAB0	rom	0x8	gOamData_AffineDouble_ObjNormal_8x32
0x083ACAB8	rom	0x8	gOamData_AffineDouble_ObjNormal_16x32
0x083ACAC0	rom	0x8	gOamData_AffineDouble_ObjNormal_32x64
0x083ACAC8	rom	0x8	gOamData_AffineOff_ObjBlend_8x8
0x083ACAD0	rom	0x8	gOamData_AffineOff_ObjBlend_16x16
0x083ACAD8	rom	0x8	gOamData_AffineOff_ObjBlend_32x32
0x083ACAE0	rom	0x8	gOamData_AffineOff_ObjBlend_64x64
0x083ACAE8	rom	0x8	gOamData_AffineOff_ObjBlend_16x8
0x083ACAF0	rom	0x8	gOamData_AffineOff_ObjBlend_32x8
0x083ACAF8	rom	0x8	gOamData_AffineOff_ObjBlend_32x16
0x083ACB00	rom	0x8	gOamData_AffineOff_ObjBlend_64x32
0x083ACB08	rom	0x8	gOamData_AffineOff_ObjBlend_8x16
0x083ACB10	rom	0x8	gOamData_AffineOff_ObjBlend_8x32
0x083ACB18	rom	0x8	gOamData_AffineOff_ObjBlend_16x32
0x083ACB20	rom	0x8	gOamData_AffineOff_ObjBlend_32x64
0x083ACB28	rom	0x8	gOamData_AffineNormal_ObjBlend_8x8
0x083ACB30	rom	0x8	gOamData_AffineNormal_ObjBlend_16x16
0x083ACB38	rom	0x8	gOamData_AffineNormal_ObjBlend_32x32
0x083ACB40	rom	0x8	gOamData_AffineNormal_ObjBlend_64x64
0x083ACB48	rom	0x8	gOamData_AffineNormal_ObjBlend_16x8
0x083ACB50	rom	0x8	gOamData_AffineNormal_ObjBlend_32x8
0x083ACB58	rom	0x8	gOamData_AffineNormal_ObjBlend_32x16
0x083ACB60	rom	0x8	gOamData_AffineNormal_ObjBlend_64x32
0x083ACB68	rom	0x8	gOamData_AffineNormal_ObjBlend_8x16
0x083ACB70	rom	0x8	gOamData_AffineNormal_ObjBlend_8x32
0x083ACB78	rom	0x8	gOamData_AffineNormal_ObjBlend_16x32
0x083ACB80	rom	0x8	gOamData_AffineNormal_ObjBlend_32x64
0x083ACB88	rom	0x8	gOamData_AffineDouble_ObjBlend_8x8
0x083ACB90	rom	0x8	gOamData_AffineDouble_ObjBlend_16x16
0x083ACB98	rom	0x8	gOamData_AffineDouble_ObjBlend_32x32
0x083ACBA0	rom	0x8	gOamData_AffineDouble_ObjBlend_64x64
0x083ACBA8	rom	0x8	gOamData_AffineDouble_ObjBlend_16x8
0x083ACBB0	rom	0x8	gOamData_AffineDouble_ObjBlend_32x8
0x083ACBB8	rom	0x8	gOamData_AffineDouble_ObjBlend_32x16
0x083ACBC0	rom	0x8	gOamData_AffineDouble_ObjBlend_64x32
0x083ACBC8	rom	0x8	gOamData_AffineDouble_ObjBlend_8x16
0x083ACBD0	rom	0x8	gOamData_AffineDouble_ObjBlend_8x32
0x083ACBD8	rom	0x8	gOamData_AffineDouble_ObjBlend_16x32
0x083ACBE0	rom	0x8	gOamData_AffineDouble_ObjBlend_32x64
0x083ACBE8	rom	0x908	gBattleAnimPicTable
0x083AD4F0	rom	0x908	gBattleAnimPaletteTable
0x083ADDF8	rom	0x144	gBattleAnimBackgroundTable
0x083ADF3C	rom	0xC0	sScriptCmdTable
0x083ADFFC	rom	0x20	sBattlerCoords
0x083AE01C	rom	0x10	gCastformFrontSpriteCoords
0x083AE02C	rom	0x4	sCastformElevations
0x083AE030	rom	0x4	sCastformBackSpriteYCoords
0x083AE034	rom	0x30	sSpriteTemplates_MoveEffectMons
0x083AE064	rom	0x10	sSpriteSheets_MoveEffectMons
0x083BF3C0	rom	0x14	sAnim_FlickeringOrb
0x083BF3D4	rom	0x4	sAnims_FlickeringOrb
0x083BF3D8	rom	0x18	sFlickeringOrbSpriteTemplate
0x083BF3F0	rom	0x18	sFlickeringOrbFlippedSpriteTemplate
0x083BF408	rom	0x8	sAnim_WeatherBallNormal
0x083BF410	rom	0x4	sAnims_WeatherBallNormal
0x083BF414	rom	0x18	gWeatherBallUpSpriteTemplate
0x083BF42C	rom	0x18	gWeatherBallNormalDownSpriteTemplate
0x083BF444	rom	0x18	sAnim_SpinningSparkle
0x083BF45C	rom	0x4	sAnims_SpinningSparkle
0x083BF460	rom	0x18	gSpinningSparkleSpriteTemplate
0x083BF478	rom	0x18	sFlickeringFootSpriteTemplate
0x083BF490	rom	0x8	sAnim_FlickeringImpact_0
0x083BF498	rom	0x8	sAnim_FlickeringImpact_1
0x083BF4A0	rom	0x8	sAnim_FlickeringImpact_2
0x083BF4A8	rom	0xC	sAnims_FlickeringImpact
0x083BF4B4	rom	0x18	sFlickeringImpactSpriteTemplate
0x083BF4CC	rom	0x8	sAnim_FlickeringShrinkOrb
0x083BF4D4	rom	0x4	sAnims_FlickeringShrinkOrb
0x083BF4D8	rom	0x18	sAffineAnim_FlickeringShrinkOrb
0x083BF4F0	rom	0x4	sAffineAnims_FlickeringShrinkOrb
0x083BF4F4	rom	0x18	sFlickeringShrinkOrbSpriteTemplate
0x083BF50C	rom	0x17	sText_TaskOver
0x083BF524	rom	0x10	sFrozenIceCubeSubsprites
0x083BF534	rom	0x8	sFrozenIceCubeSubspriteTable
0x083BF53C	rom	0x18	sFrozenIceCubeSpriteTemplate
0x083BF554	rom	0x18	sFlashingCircleImpactSpriteTemplate
0x083BF56C	rom	0x1C	sBorderBgTiles
0x083BF588	rom	0xAC	sBorderBgMap
0x083BF634	rom	0x130	sSlash_Gfx
0x083BF764	rom	0x20	sLeaves_Pal
0x083BF784	rom	0x118	sLeaves_Gfx
0x083BF89C	rom	0x60	sStreak_Gfx
0x083BF8FC	rom	0x8	sOamData_FlameOrLeaf
0x083BF904	rom	0x30	sSpriteAnim_Leaf
0x083BF934	rom	0x4	sSpriteAnim_FlameOrLeaf
0x083BF938	rom	0x18	sSpriteTemplate_FlameOrLeaf
0x083BF950	rom	0x8	sOamData_Streak
0x083BF958	rom	0x18	sSpriteTemplate_Streak
0x083BF970	rom	0x8	sOamData_BlankSprite
0x083BF978	rom	0x18	sSpriteTemplate_BlankSprite
0x083BF990	rom	0x8	sOamData_SlashSprite
0x083BF998	rom	0x18	sSlashSpriteTemplate
0x083BF9B0	rom	0x10	sBgTemplates
0x083BF9C0	rom	0x18	sSceneFuncs
0x083BF9D8	rom	0x20	sSpriteSheets
0x083BF9F8	rom	0x18	sSpritePals
0x083BFA10	rom	0x10	sStreakYPositions
0x083BFA20	rom	0x824	sUnused_Tilemap1
0x083C0244	rom	0x7F8	sUnused_Tilemap2
0x083C0A3C	rom	0x79C	sUnused_Tilemap3
0x083C11D8	rom	0x81C	sUnused_Tilemap4
0x083C19F4	rom	0x7C8	sUnused_Tilemap5
0x083C21BC	rom	0x824	sUnused_Tilemap6
0x083C29E0	rom	0x18	sUnused_Tilemaps
0x083C29F8	rom	0x4	gWeatherPtr
0x083C29FC	rom	0xF0	sWeatherFuncs
0x083C2AEC	rom	0x10	sWeatherPalStateFuncs
0x083C2AFC	rom	0x20	sBasePaletteGammaTypes
0x083C2B1C	rom	0x20	gDefaultWeatherSpritePalette
0x083C2B3C	rom	0x20	gCloudsWeatherPalette
0x083C2B5C	rom	0x20	gSandstormWeatherPalette
0x083C2B7C	rom	0x800	gWeatherFogDiagonalTiles
0x083C337C	rom	0x800	gWeatherFogHorizontalTiles
0x083C3B7C	rom	0x800	gWeatherCloudTiles
0x083C437C	rom	0x20	gWeatherSnow1Tiles
0x083C439C	rom	0x20	gWeatherSnow2Tiles
0x083C43BC	rom	0x40	gWeatherBubbleTiles
0x083C43FC	rom	0x1000	gWeatherAshTiles
0x083C53FC	rom	0x600	gWeatherRainTiles
0x083C59FC	rom	0xA00	gWeatherSandstormTiles
0x083C63FC	rom	0x4	sWeatherCycleRoute119
0x083C6400	rom	0x4	sWeatherCycleRoute123
0x083C6404	rom	0xC	sCloudSpriteMapCoords
0x083C6410	rom	0x8	sCloudSpriteSheet
0x083C6418	rom	0x8	sCloudSpriteOamData
0x083C6420	rom	0x8	sCloudSpriteAnimCmd
0x083C6428	rom	0x4	sCloudSpriteAnimCmds
0x083C642C	rom	0x18	sCloudSpriteTemplate
0x083C6444	rom	0x60	sRainSpriteCoords
0x083C64A4	rom	0x8	sRainSpriteOamData
0x083C64AC	rom	0x8	sRainSpriteFallAnimCmd
0x083C64B4	rom	0x10	sRainSpriteSplashAnimCmd
0x083C64C4	rom	0x10	sRainSpriteHeavySplashAnimCmd
0x083C64D4	rom	0xC	sRainSpriteAnimCmds
0x083C64E0	rom	0x18	sRainSpriteTemplate
0x083C64F8	rom	0x8	sRainSpriteMovement
0x083C6500	rom	0x8	sRainSpriteFallingDurations
0x083C6508	rom	0x8	sRainSpriteSheet
0x083C6510	rom	0x8	sSnowflakeSpriteOamData
0x083C6518	rom	0x10	sSnowflakeSpriteImages
0x083C6528	rom	0x8	sSnowflakeAnimCmd0
0x083C6530	rom	0x8	sSnowflakeAnimCmd1
0x083C6538	rom	0x8	sSnowflakeAnimCmds
0x083C6540	rom	0x18	sSnowflakeSpriteTemplate
0x083C6558	rom	0x10	sUnusedData
0x083C6568	rom	0x8	sOamData_FogH
0x083C6570	rom	0x8	sAnim_FogH_0
0x083C6578	rom	0x8	sAnim_FogH_1
0x083C6580	rom	0x8	sAnim_FogH_2
0x083C6588	rom	0x8	sAnim_FogH_3
0x083C6590	rom	0x8	sAnim_FogH_4
0x083C6598	rom	0x8	sAnim_FogH_5
0x083C65A0	rom	0x18	sAnims_FogH
0x083C65B8	rom	0x10	sAffineAnim_FogH
0x083C65C8	rom	0x4	sAffineAnims_FogH
0x083C65CC	rom	0x18	sFogHorizontalSpriteTemplate
0x083C65EC	rom	0x8	sAshSpriteSheet
0x083C65F4	rom	0x8	sAshSpriteOamData
0x083C65FC	rom	0xC	sAshSpriteAnimCmd0
0x083C6608	rom	0x4	sAshSpriteAnimCmds
0x083C660C	rom	0x18	sAshSpriteTemplate
0x083C6624	rom	0x8	gFogDiagonalSpriteSheet
0x083C662C	rom	0x8	sFogDiagonalSpriteOamData
0x083C6634	rom	0x8	sFogDiagonalSpriteAnimCmd0
0x083C663C	rom	0x4	sFogDiagonalSpriteAnimCmds
0x083C6640	rom	0x18	sFogDiagonalSpriteTemplate
0x083C6658	rom	0x8	sSandstormSpriteOamData
0x083C6660	rom	0x8	sSandstormSpriteAnimCmd0
0x083C6668	rom	0x8	sSandstormSpriteAnimCmd1
0x083C6670	rom	0x8	sSandstormSpriteAnimCmds
0x083C6678	rom	0x18	sSandstormSpriteTemplate
0x083C6690	rom	0x8	sSandstormSpriteSheet
0x083C6698	rom	0xC	sSwirlEntranceDelays
0x083C66A4	rom	0x8	sBubbleStartDelays
0x083C66AC	rom	0x8	sWeatherBubbleSpriteSheet
0x083C66B4	rom	0x34	sBubbleStartCoords
0x083C66E8	rom	0xC	sBubbleSpriteAnimCmd0
0x083C66F4	rom	0x4	sBubbleSpriteAnimCmds
0x083C66F8	rom	0x18	sBubbleSpriteTemplate
0x083C6710	rom	0xA	sFlashLevelToRadius
0x083C671C	rom	0x4	gMaxFlashLevel
0x083C6720	rom	0x8	sWindowTemplate_WhiteoutText
0x083C6728	rom	0x3	sWhiteoutTextColors
0x083C672C	rom	0x8	sBattleTransitionTable_Wild
0x083C6734	rom	0x8	sBattleTransitionTable_Trainer
0x083C673C	rom	0x48	sOrdinaryBattleParams
0x083C6784	rom	0x48	sContinueScriptBattleParams
0x083C67CC	rom	0x48	sDoubleBattleParams
0x083C6814	rom	0x48	sOrdinaryNoIntroBattleParams
0x083C685C	rom	0x48	sEarlyRivalBattleParams
0x083C68A4	rom	0x48	sContinueScriptDoubleBattleParams
0x083C68EC	rom	0x8	sWindowTemplate_LinkPlayerCount
0x083C68F4	rom	0x10	sTrainerCardColorNames
0x083C6904	rom	0x780	sGfx_Emoticons
0x083C7084	rom	0x10	sDirectionalApproachDistanceFuncs
0x083C7094	rom	0x3C	sTrainerSeeFuncList
0x083C70D0	rom	0x10	sTrainerSeeFuncList2
0x083C70E0	rom	0x8	sOamData_Emoticons
0x083C70E8	rom	0x78	sSpriteImages_Emoticons
0x083C7160	rom	0x10	sAnimCmd_ExclamationMark1
0x083C7170	rom	0x10	sAnimCmd_DoubleExclMark
0x083C7180	rom	0x10	sAnimCmd_X
0x083C7190	rom	0x10	sAnimCmd_SmileyFace
0x083C71A0	rom	0x10	sAnimCmd_QuestionMark
0x083C71B0	rom	0x14	sSpriteAnimTable_Emoticons
0x083C71C4	rom	0x18	sSpriteTemplate_Emoticons
0x083C71DC	rom	0x30	sSevenIslandTanobyRuinsMoneanChamber_LeafGreen_LandMons
0x083C720C	rom	0x8	sSevenIslandTanobyRuinsMoneanChamber_LeafGreen_LandMonsInfo
0x083C7214	rom	0x30	sSevenIslandTanobyRuinsLiptooChamber_LeafGreen_LandMons
0x083C7244	rom	0x8	sSevenIslandTanobyRuinsLiptooChamber_LeafGreen_LandMonsInfo
0x083C724C	rom	0x30	sSevenIslandTanobyRuinsWeepthChamber_LeafGreen_LandMons
0x083C727C	rom	0x8	sSevenIslandTanobyRuinsWeepthChamber_LeafGreen_LandMonsInfo
0x083C7284	rom	0x30	sSevenIslandTanobyRuinsDilfordChamber_LeafGreen_LandMons
0x083C72B4	rom	0x8	sSevenIslandTanobyRuinsDilfordChamber_LeafGreen_LandMonsInfo
0x083C72BC	rom	0x30	sSevenIslandTanobyRuinsScufibChamber_LeafGreen_LandMons
0x083C72EC	rom	0x8	sSevenIslandTanobyRuinsScufibChamber_LeafGreen_LandMonsInfo
0x083C72F4	rom	0x30	sSevenIslandTanobyRuinsRixyChamber_LeafGreen_LandMons
0x083C7324	rom	0x8	sSevenIslandTanobyRuinsRixyChamber_LeafGreen_LandMonsInfo
0x083C732C	rom	0x30	sSevenIslandTanobyRuinsViapoisChamber_LeafGreen_LandMons
0x083C735C	rom	0x8	sSevenIslandTanobyRuinsViapoisChamber_LeafGreen_LandMonsInfo
0x083C7364	rom	0x30	sViridianForest_LeafGreen_LandMons
0x083C7394	rom	0x8	sViridianForest_LeafGreen_LandMonsInfo
0x083C739C	rom	0x30	sMtMoon1F_LeafGreen_LandMons
0x083C73CC	rom	0x8	sMtMoon1F_LeafGreen_LandMonsInfo
0x083C73D4	rom	0x30	sMtMoonB1F_LeafGreen_LandMons
0x083C7404	rom	0x8	sMtMoonB1F_LeafGreen_LandMonsInfo
0x083C740C	rom	0x30	sMtMoonB2F_LeafGreen_LandMons
0x083C743C	rom	0x8	sMtMoonB2F_LeafGreen_LandMonsInfo
0x083C7444	rom	0x14	sSSAnneExterior_LeafGreen_WaterMons
0x083C7458	rom	0x8	sSSAnneExterior_LeafGreen_WaterMonsInfo
0x083C7460	rom	0x28	sSSAnneExterior_LeafGreen_FishingMons
0x083C7488	rom	0x8	sSSAnneExterior_LeafGreen_FishingMonsInfo
0x083C7490	rom	0x30	sDiglettsCaveB1F_LeafGreen_LandMons
0x083C74C0	rom	0x8	sDiglettsCaveB1F_LeafGreen_LandMonsInfo
0x083C74C8	rom	0x30	sVictoryRoad1F_LeafGreen_LandMons
0x083C74F8	rom	0x8	sVictoryRoad1F_LeafGreen_LandMonsInfo
0x083C7500	rom	0x30	sVictoryRoad2F_LeafGreen_LandMons
0x083C7530	rom	0x8	sVictoryRoad2F_LeafGreen_LandMonsInfo
0x083C7538	rom	0x30	sVictoryRoad3F_LeafGreen_LandMons
0x083C7568	rom	0x8	sVictoryRoad3F_LeafGreen_LandMonsInfo
0x083C7570	rom	0x30	sPokemonMansion1F_LeafGreen_LandMons
0x083C75A0	rom	0x8	sPokemonMansion1F_LeafGreen_LandMonsInfo
0x083C75A8	rom	0x30	sPokemonMansion2F_LeafGreen_LandMons
0x083C75D8	rom	0x8	sPokemonMansion2F_LeafGreen_LandMonsInfo
0x083C75E0	rom	0x30	sPokemonMansion3F_LeafGreen_LandMons
0x083C7610	rom	0x8	sPokemonMansion3F_LeafGreen_LandMonsInfo
0x083C7618	rom	0x30	sPokemonMansionB1F_LeafGreen_LandMons
0x083C7648	rom	0x8	sPokemonMansionB1F_LeafGreen_LandMonsInfo
0x083C7650	rom	0x30	sSafariZoneCenter_LeafGreen_LandMons
0x083C7680	rom	0x8	sSafariZoneCenter_LeafGreen_LandMonsInfo
0x083C7688	rom	0x14	sSafariZoneCenter_LeafGreen_WaterMons
0x083C769C	rom	0x8	sSafariZoneCenter_LeafGreen_WaterMonsInfo
0x083C76A4	rom	0x28	sSafariZoneCenter_LeafGreen_FishingMons
0x083C76CC	rom	0x8	sSafariZoneCenter_LeafGreen_FishingMonsInfo
0x083C76D4	rom	0x30	sSafariZoneEast_LeafGreen_LandMons
0x083C7704	rom	0x8	sSafariZoneEast_LeafGreen_LandMonsInfo
0x083C770C	rom	0x14	sSafariZoneEast_LeafGreen_WaterMons
0x083C7720	rom	0x8	sSafariZoneEast_LeafGreen_WaterMonsInfo
0x083C7728	rom	0x28	sSafariZoneEast_LeafGreen_FishingMons
0x083C7750	rom	0x8	sSafariZoneEast_LeafGreen_FishingMonsInfo
0x083C7758	rom	0x30	sSafariZoneNorth_LeafGreen_LandMons
0x083C7788	rom	0x8	sSafariZoneNorth_LeafGreen_LandMonsInfo
0x083C7790	rom	0x14	sSafariZoneNorth_LeafGreen_WaterMons
0x083C77A4	rom	0x8	sSafariZoneNorth_LeafGreen_WaterMonsInfo
0x083C77AC	rom	0x28	sSafariZoneNorth_LeafGreen_FishingMons
0x083C77D4	rom	0x8	sSafariZoneNorth_LeafGreen_FishingMonsInfo
0x083C77DC	rom	0x30	sSafariZoneWest_LeafGreen_LandMons
0x083C780C	rom	0x8	sSafariZoneWest_LeafGreen_LandMonsInfo
0x083C7814	rom	0x14	sSafariZoneWest_LeafGreen_WaterMons
0x083C7828	rom	0x8	sSafariZoneWest_LeafGreen_WaterMonsInfo
0x083C7830	rom	0x28	sSafariZoneWest_LeafGreen_FishingMons
0x083C7858	rom	0x8	sSafariZoneWest_LeafGreen_FishingMonsInfo
0x083C7860	rom	0x30	sCeruleanCave1F_LeafGreen_LandMons
0x083C7890	rom	0x8	sCeruleanCave1F_LeafGreen_LandMonsInfo
0x083C7898	rom	0x14	sCeruleanCave1F_LeafGreen_WaterMons
0x083C78AC	rom	0x8	sCeruleanCave1F_LeafGreen_WaterMonsInfo
0x083C78B4	rom	0x14	sCeruleanCave1F_LeafGreen_RockSmashMons
0x083C78C8	rom	0x8	sCeruleanCave1F_LeafGreen_RockSmashMonsInfo
0x083C78D0	rom	0x28	sCeruleanCave1F_LeafGreen_FishingMons
0x083C78F8	rom	0x8	sCeruleanCave1F_LeafGreen_FishingMonsInfo
0x083C7900	rom	0x30	sCeruleanCave2F_LeafGreen_LandMons
0x083C7930	rom	0x8	sCeruleanCave2F_LeafGreen_LandMonsInfo
0x083C7938	rom	0x14	sCeruleanCave2F_LeafGreen_RockSmashMons
0x083C794C	rom	0x8	sCeruleanCave2F_LeafGreen_RockSmashMonsInfo
0x083C7954	rom	0x30	sCeruleanCaveB1F_LeafGreen_LandMons
0x083C7984	rom	0x8	sCeruleanCaveB1F_LeafGreen_LandMonsInfo
0x083C798C	rom	0x14	sCeruleanCaveB1F_LeafGreen_WaterMons
0x083C79A0	rom	0x8	sCeruleanCaveB1F_LeafGreen_WaterMonsInfo
0x083C79A8	rom	0x14	sCeruleanCaveB1F_LeafGreen_RockSmashMons
0x083C79BC	rom	0x8	sCeruleanCaveB1F_LeafGreen_RockSmashMonsInfo
0x083C79C4	rom	0x28	sCeruleanCaveB1F_LeafGreen_FishingMons
0x083C79EC	rom	0x8	sCeruleanCaveB1F_LeafGreen_FishingMonsInfo
0x083C79F4	rom	0x30	sRockTunnel1F_LeafGreen_LandMons
0x083C7A24	rom	0x8	sRockTunnel1F_LeafGreen_LandMonsInfo
0x083C7A2C	rom	0x30	sRockTunnelB1F_LeafGreen_LandMons
0x083C7A5C	rom	0x8	sRockTunnelB1F_LeafGreen_LandMonsInfo
0x083C7A64	rom	0x14	sRockTunnelB1F_LeafGreen_RockSmashMons
0x083C7A78	rom	0x8	sRockTunnelB1F_LeafGreen_RockSmashMonsInfo
0x083C7A80	rom	0x30	sSeafoamIslands1F_LeafGreen_LandMons
0x083C7AB0	rom	0x8	sSeafoamIslands1F_LeafGreen_LandMonsInfo
0x083C7AB8	rom	0x30	sSeafoamIslandsB1F_LeafGreen_LandMons
0x083C7AE8	rom	0x8	sSeafoamIslandsB1F_LeafGreen_LandMonsInfo
0x083C7AF0	rom	0x30	sSeafoamIslandsB2F_LeafGreen_LandMons
0x083C7B20	rom	0x8	sSeafoamIslandsB2F_LeafGreen_LandMonsInfo
0x083C7B28	rom	0x30	sSeafoamIslandsB3F_LeafGreen_LandMons
0x083C7B58	rom	0x8	sSeafoamIslandsB3F_LeafGreen_LandMonsInfo
0x083C7B60	rom	0x14	sSeafoamIslandsB3F_LeafGreen_WaterMons
0x083C7B74	rom	0x8	sSeafoamIslandsB3F_LeafGreen_WaterMonsInfo
0x083C7B7C	rom	0x28	sSeafoamIslandsB3F_LeafGreen_FishingMons
0x083C7BA4	rom	0x8	sSeafoamIslandsB3F_LeafGreen_FishingMonsInfo
0x083C7BAC	rom	0x30	sSeafoamIslandsB4F_LeafGreen_LandMons
0x083C7BDC	rom	0x8	sSeafoamIslandsB4F_LeafGreen_LandMonsInfo
0x083C7BE4	rom	0x14	sSeafoamIslandsB4F_LeafGreen_WaterMons
0x083C7BF8	rom	0x8	sSeafoamIslandsB4F_LeafGreen_WaterMonsInfo
0x083C7C00	rom	0x28	sSeafoamIslandsB4F_LeafGreen_FishingMons
0x083C7C28	rom	0x8	sSeafoamIslandsB4F_LeafGreen_FishingMonsInfo
0x083C7C30	rom	0x30	sPokemonTower3F_LeafGreen_LandMons
0x083C7C60	rom	0x8	sPokemonTower3F_LeafGreen_LandMonsInfo
0x083C7C68	rom	0x30	sPokemonTower4F_LeafGreen_LandMons
0x083C7C98	rom	0x8	sPokemonTower4F_LeafGreen_LandMonsInfo
0x083C7CA0	rom	0x30	sPokemonTower5F_LeafGreen_LandMons
0x083C7CD0	rom	0x8	sPokemonTower5F_LeafGreen_LandMonsInfo
0x083C7CD8	rom	0x30	sPokemonTower6F_LeafGreen_LandMons
0x083C7D08	rom	0x8	sPokemonTower6F_LeafGreen_LandMonsInfo
0x083C7D10	rom	0x30	sPokemonTower7F_LeafGreen_LandMons
0x083C7D40	rom	0x8	sPokemonTower7F_LeafGreen_LandMonsInfo
0x083C7D48	rom	0x30	sPowerPlant_LeafGreen_LandMons
0x083C7D78	rom	0x8	sPowerPlant_LeafGreen_LandMonsInfo
0x083C7D80	rom	0x30	sMtEmberExterior_LeafGreen_LandMons
0x083C7DB0	rom	0x8	sMtEmberExterior_LeafGreen_LandMonsInfo
0x083C7DB8	rom	0x14	sMtEmberExterior_LeafGreen_RockSmashMons
0x083C7DCC	rom	0x8	sMtEmberExterior_LeafGreen_RockSmashMonsInfo
0x083C7DD4	rom	0x30	sMtEmberSummitPath1F_LeafGreen_LandMons
0x083C7E04	rom	0x8	sMtEmberSummitPath1F_LeafGreen_LandMonsInfo
0x083C7E0C	rom	0x30	sMtEmberSummitPath2F_LeafGreen_LandMons
0x083C7E3C	rom	0x8	sMtEmberSummitPath2F_LeafGreen_LandMonsInfo
0x083C7E44	rom	0x14	sMtEmberSummitPath2F_LeafGreen_RockSmashMons
0x083C7E58	rom	0x8	sMtEmberSummitPath2F_LeafGreen_RockSmashMonsInfo
0x083C7E60	rom	0x30	sMtEmberSummitPath3F_LeafGreen_LandMons
0x083C7E90	rom	0x8	sMtEmberSummitPath3F_LeafGreen_LandMonsInfo
0x083C7E98	rom	0x30	sMtEmberRubyPath1F_LeafGreen_LandMons
0x083C7EC8	rom	0x8	sMtEmberRubyPath1F_LeafGreen_LandMonsInfo
0x083C7ED0	rom	0x14	sMtEmberRubyPath1F_LeafGreen_RockSmashMons
0x083C7EE4	rom	0x8	sMtEmberRubyPath1F_LeafGreen_RockSmashMonsInfo
0x083C7EEC	rom	0x30	sMtEmberRubyPathB1F_LeafGreen_LandMons
0x083C7F1C	rom	0x8	sMtEmberRubyPathB1F_LeafGreen_LandMonsInfo
0x083C7F24	rom	0x14	sMtEmberRubyPathB1F_LeafGreen_RockSmashMons
0x083C7F38	rom	0x8	sMtEmberRubyPathB1F_LeafGreen_RockSmashMonsInfo
0x083C7F40	rom	0x30	sMtEmberRubyPathB2F_LeafGreen_LandMons
0x083C7F70	rom	0x8	sMtEmberRubyPathB2F_LeafGreen_LandMonsInfo
0x083C7F78	rom	0x14	sMtEmberRubyPathB2F_LeafGreen_RockSmashMons
0x083C7F8C	rom	0x8	sMtEmberRubyPathB2F_LeafGreen_RockSmashMonsInfo
0x083C7F94	rom	0x30	sMtEmberRubyPathB3F_LeafGreen_LandMons
0x083C7FC4	rom	0x8	sMtEmberRubyPathB3F_LeafGreen_LandMonsInfo
0x083C7FCC	rom	0x14	sMtEmberRubyPathB3F_LeafGreen_RockSmashMons
0x083C7FE0	rom	0x8	sMtEmberRubyPathB3F_LeafGreen_RockSmashMonsInfo
0x083C7FE8	rom	0x30	sMtEmberRubyPathB1FStairs_LeafGreen_LandMons
0x083C8018	rom	0x8	sMtEmberRubyPathB1FStairs_LeafGreen_LandMonsInfo
0x083C8020	rom	0x14	sMtEmberRubyPathB1FStairs_LeafGreen_RockSmashMons
0x083C8034	rom	0x8	sMtEmberRubyPathB1FStairs_LeafGreen_RockSmashMonsInfo
0x083C803C	rom	0x30	sMtEmberRubyPathB2FStairs_LeafGreen_LandMons
0x083C806C	rom	0x8	sMtEmberRubyPathB2FStairs_LeafGreen_LandMonsInfo
0x083C8074	rom	0x14	sMtEmberRubyPathB2FStairs_LeafGreen_RockSmashMons
0x083C8088	rom	0x8	sMtEmberRubyPathB2FStairs_LeafGreen_RockSmashMonsInfo
0x083C8090	rom	0x30	sThreeIslandBerryForest_LeafGreen_LandMons
0x083C80C0	rom	0x8	sThreeIslandBerryForest_LeafGreen_LandMonsInfo
0x083C80C8	rom	0x14	sThreeIslandBerryForest_LeafGreen_WaterMons
0x083C80DC	rom	0x8	sThreeIslandBerryForest_LeafGreen_WaterMonsInfo
0x083C80E4	rom	0x28	sThreeIslandBerryForest_LeafGreen_FishingMons
0x083C810C	rom	0x8	sThreeIslandBerryForest_LeafGreen_FishingMonsInfo
0x083C8114	rom	0x30	sFourIslandIcefallCaveEntrance_LeafGreen_LandMons
0x083C8144	rom	0x8	sFourIslandIcefallCaveEntrance_LeafGreen_LandMonsInfo
0x083C814C	rom	0x14	sFourIslandIcefallCaveEntrance_LeafGreen_WaterMons
0x083C8160	rom	0x8	sFourIslandIcefallCaveEntrance_LeafGreen_WaterMonsInfo
0x083C8168	rom	0x28	sFourIslandIcefallCaveEntrance_LeafGreen_FishingMons
0x083C8190	rom	0x8	sFourIslandIcefallCaveEntrance_LeafGreen_FishingMonsInfo
0x083C8198	rom	0x30	sFourIslandIcefallCave1F_LeafGreen_LandMons
0x083C81C8	rom	0x8	sFourIslandIcefallCave1F_LeafGreen_LandMonsInfo
0x083C81D0	rom	0x30	sFourIslandIcefallCaveB1F_LeafGreen_LandMons
0x083C8200	rom	0x8	sFourIslandIcefallCaveB1F_LeafGreen_LandMonsInfo
0x083C8208	rom	0x30	sFourIslandIcefallCaveBack_LeafGreen_LandMons
0x083C8238	rom	0x8	sFourIslandIcefallCaveBack_LeafGreen_LandMonsInfo
0x083C8240	rom	0x14	sFourIslandIcefallCaveBack_LeafGreen_WaterMons
0x083C8254	rom	0x8	sFourIslandIcefallCaveBack_LeafGreen_WaterMonsInfo
0x083C825C	rom	0x28	sFourIslandIcefallCaveBack_LeafGreen_FishingMons
0x083C8284	rom	0x8	sFourIslandIcefallCaveBack_LeafGreen_FishingMonsInfo
0x083C828C	rom	0x30	sSixIslandPatternBush_LeafGreen_LandMons
0x083C82BC	rom	0x8	sSixIslandPatternBush_LeafGreen_LandMonsInfo
0x083C82C4	rom	0x30	sFiveIslandLostCaveRoom1_LeafGreen_LandMons
0x083C82F4	rom	0x8	sFiveIslandLostCaveRoom1_LeafGreen_LandMonsInfo
0x083C82FC	rom	0x30	sFiveIslandLostCaveRoom2_LeafGreen_LandMons
0x083C832C	rom	0x8	sFiveIslandLostCaveRoom2_LeafGreen_LandMonsInfo
0x083C8334	rom	0x30	sFiveIslandLostCaveRoom3_LeafGreen_LandMons
0x083C8364	rom	0x8	sFiveIslandLostCaveRoom3_LeafGreen_LandMonsInfo
0x083C836C	rom	0x30	sFiveIslandLostCaveRoom4_LeafGreen_LandMons
0x083C839C	rom	0x8	sFiveIslandLostCaveRoom4_LeafGreen_LandMonsInfo
0x083C83A4	rom	0x30	sFiveIslandLostCaveRoom5_LeafGreen_LandMons
0x083C83D4	rom	0x8	sFiveIslandLostCaveRoom5_LeafGreen_LandMonsInfo
0x083C83DC	rom	0x30	sFiveIslandLostCaveRoom6_LeafGreen_LandMons
0x083C840C	rom	0x8	sFiveIslandLostCaveRoom6_LeafGreen_LandMonsInfo
0x083C8414	rom	0x30	sFiveIslandLostCaveRoom7_LeafGreen_LandMons
0x083C8444	rom	0x8	sFiveIslandLostCaveRoom7_LeafGreen_LandMonsInfo
0x083C844C	rom	0x30	sFiveIslandLostCaveRoom8_LeafGreen_LandMons
0x083C847C	rom	0x8	sFiveIslandLostCaveRoom8_LeafGreen_LandMonsInfo
0x083C8484	rom	0x30	sFiveIslandLostCaveRoom9_LeafGreen_LandMons
0x083C84B4	rom	0x8	sFiveIslandLostCaveRoom9_LeafGreen_LandMonsInfo
0x083C84BC	rom	0x30	sFiveIslandLostCaveRoom10_LeafGreen_LandMons
0x083C84EC	rom	0x8	sFiveIslandLostCaveRoom10_LeafGreen_LandMonsInfo
0x083C84F4	rom	0x30	sFiveIslandLostCaveRoom11_LeafGreen_LandMons
0x083C8524	rom	0x8	sFiveIslandLostCaveRoom11_LeafGreen_LandMonsInfo
0x083C852C	rom	0x30	sFiveIslandLostCaveRoom12_LeafGreen_LandMons
0x083C855C	rom	0x8	sFiveIslandLostCaveRoom12_LeafGreen_LandMonsInfo
0x083C8564	rom	0x30	sFiveIslandLostCaveRoom13_LeafGreen_LandMons
0x083C8594	rom	0x8	sFiveIslandLostCaveRoom13_LeafGreen_LandMonsInfo
0x083C859C	rom	0x30	sFiveIslandLostCaveRoom14_LeafGreen_LandMons
0x083C85CC	rom	0x8	sFiveIslandLostCaveRoom14_LeafGreen_LandMonsInfo
0x083C85D4	rom	0x30	sOneIslandKindleRoad_LeafGreen_LandMons
0x083C8604	rom	0x8	sOneIslandKindleRoad_LeafGreen_LandMonsInfo
0x083C860C	rom	0x14	sOneIslandKindleRoad_LeafGreen_WaterMons
0x083C8620	rom	0x8	sOneIslandKindleRoad_LeafGreen_WaterMonsInfo
0x083C8628	rom	0x14	sOneIslandKindleRoad_LeafGreen_RockSmashMons
0x083C863C	rom	0x8	sOneIslandKindleRoad_LeafGreen_RockSmashMonsInfo
0x083C8644	rom	0x28	sOneIslandKindleRoad_LeafGreen_FishingMons
0x083C866C	rom	0x8	sOneIslandKindleRoad_LeafGreen_FishingMonsInfo
0x083C8674	rom	0x30	sOneIslandTreasureBeach_LeafGreen_LandMons
0x083C86A4	rom	0x8	sOneIslandTreasureBeach_LeafGreen_LandMonsInfo
0x083C86AC	rom	0x14	sOneIslandTreasureBeach_LeafGreen_WaterMons
0x083C86C0	rom	0x8	sOneIslandTreasureBeach_LeafGreen_WaterMonsInfo
0x083C86C8	rom	0x28	sOneIslandTreasureBeach_LeafGreen_FishingMons
0x083C86F0	rom	0x8	sOneIslandTreasureBeach_LeafGreen_FishingMonsInfo
0x083C86F8	rom	0x30	sTwoIslandCapeBrink_LeafGreen_LandMons
0x083C8728	rom	0x8	sTwoIslandCapeBrink_LeafGreen_LandMonsInfo
0x083C8730	rom	0x14	sTwoIslandCapeBrink_LeafGreen_WaterMons
0x083C8744	rom	0x8	sTwoIslandCapeBrink_LeafGreen_WaterMonsInfo
0x083C874C	rom	0x28	sTwoIslandCapeBrink_LeafGreen_FishingMons
0x083C8774	rom	0x8	sTwoIslandCapeBrink_LeafGreen_FishingMonsInfo
0x083C877C	rom	0x30	sThreeIslandBondBridge_LeafGreen_LandMons
0x083C87AC	rom	0x8	sThreeIslandBondBridge_LeafGreen_LandMonsInfo
0x083C87B4	rom	0x14	sThreeIslandBondBridge_LeafGreen_WaterMons
0x083C87C8	rom	0x8	sThreeIslandBondBridge_LeafGreen_WaterMonsInfo
0x083C87D0	rom	0x28	sThreeIslandBondBridge_LeafGreen_FishingMons
0x083C87F8	rom	0x8	sThreeIslandBondBridge_LeafGreen_FishingMonsInfo
0x083C8800	rom	0x30	sThreeIslandPort_LeafGreen_LandMons
0x083C8830	rom	0x8	sThreeIslandPort_LeafGreen_LandMonsInfo
0x083C8838	rom	0x14	sFiveIslandResortGorgeous_LeafGreen_WaterMons
0x083C884C	rom	0x8	sFiveIslandResortGorgeous_LeafGreen_WaterMonsInfo
0x083C8854	rom	0x28	sFiveIslandResortGorgeous_LeafGreen_FishingMons
0x083C887C	rom	0x8	sFiveIslandResortGorgeous_LeafGreen_FishingMonsInfo
0x083C8884	rom	0x14	sFiveIslandWaterLabyrinth_LeafGreen_WaterMons
0x083C8898	rom	0x8	sFiveIslandWaterLabyrinth_LeafGreen_WaterMonsInfo
0x083C88A0	rom	0x28	sFiveIslandWaterLabyrinth_LeafGreen_FishingMons
0x083C88C8	rom	0x8	sFiveIslandWaterLabyrinth_LeafGreen_FishingMonsInfo
0x083C88D0	rom	0x30	sFiveIslandMeadow_LeafGreen_LandMons
0x083C8900	rom	0x8	sFiveIslandMeadow_LeafGreen_LandMonsInfo
0x083C8908	rom	0x14	sFiveIslandMeadow_LeafGreen_WaterMons
0x083C891C	rom	0x8	sFiveIslandMeadow_LeafGreen_WaterMonsInfo
0x083C8924	rom	0x28	sFiveIslandMeadow_LeafGreen_FishingMons
0x083C894C	rom	0x8	sFiveIslandMeadow_LeafGreen_FishingMonsInfo
0x083C8954	rom	0x30	sFiveIslandMemorialPillar_LeafGreen_LandMons
0x083C8984	rom	0x8	sFiveIslandMemorialPillar_LeafGreen_LandMonsInfo
0x083C898C	rom	0x14	sFiveIslandMemorialPillar_LeafGreen_WaterMons
0x083C89A0	rom	0x8	sFiveIslandMemorialPillar_LeafGreen_WaterMonsInfo
0x083C89A8	rom	0x28	sFiveIslandMemorialPillar_LeafGreen_FishingMons
0x083C89D0	rom	0x8	sFiveIslandMemorialPillar_LeafGreen_FishingMonsInfo
0x083C89D8	rom	0x14	sSixIslandOutcastIsland_LeafGreen_WaterMons
0x083C89EC	rom	0x8	sSixIslandOutcastIsland_LeafGreen_WaterMonsInfo
0x083C89F4	rom	0x28	sSixIslandOutcastIsland_LeafGreen_FishingMons
0x083C8A1C	rom	0x8	sSixIslandOutcastIsland_LeafGreen_FishingMonsInfo
0x083C8A24	rom	0x14	sSixIslandGreenPath_LeafGreen_WaterMons
0x083C8A38	rom	0x8	sSixIslandGreenPath_LeafGreen_WaterMonsInfo
0x083C8A40	rom	0x28	sSixIslandGreenPath_LeafGreen_FishingMons
0x083C8A68	rom	0x8	sSixIslandGreenPath_LeafGreen_FishingMonsInfo
0x083C8A70	rom	0x30	sSixIslandWaterPath_LeafGreen_LandMons
0x083C8AA0	rom	0x8	sSixIslandWaterPath_LeafGreen_LandMonsInfo
0x083C8AA8	rom	0x14	sSixIslandWaterPath_LeafGreen_WaterMons
0x083C8ABC	rom	0x8	sSixIslandWaterPath_LeafGreen_WaterMonsInfo
0x083C8AC4	rom	0x28	sSixIslandWaterPath_LeafGreen_FishingMons
0x083C8AEC	rom	0x8	sSixIslandWaterPath_LeafGreen_FishingMonsInfo
0x083C8AF4	rom	0x30	sSixIslandRuinValley_LeafGreen_LandMons
0x083C8B24	rom	0x8	sSixIslandRuinValley_LeafGreen_LandMonsInfo
0x083C8B2C	rom	0x14	sSixIslandRuinValley_LeafGreen_WaterMons
0x083C8B40	rom	0x8	sSixIslandRuinValley_LeafGreen_WaterMonsInfo
0x083C8B48	rom	0x28	sSixIslandRuinValley_LeafGreen_FishingMons
0x083C8B70	rom	0x8	sSixIslandRuinValley_LeafGreen_FishingMonsInfo
0x083C8B78	rom	0x14	sSevenIslandTrainerTower_LeafGreen_WaterMons
0x083C8B8C	rom	0x8	sSevenIslandTrainerTower_LeafGreen_WaterMonsInfo
0x083C8B94	rom	0x28	sSevenIslandTrainerTower_LeafGreen_FishingMons
0x083C8BBC	rom	0x8	sSevenIslandTrainerTower_LeafGreen_FishingMonsInfo
0x083C8BC4	rom	0x30	sSevenIslandSevaultCanyonEntrance_LeafGreen_LandMons
0x083C8BF4	rom	0x8	sSevenIslandSevaultCanyonEntrance_LeafGreen_LandMonsInfo
0x083C8BFC	rom	0x30	sSevenIslandSevaultCanyon_LeafGreen_LandMons
0x083C8C2C	rom	0x8	sSevenIslandSevaultCanyon_LeafGreen_LandMonsInfo
0x083C8C34	rom	0x14	sSevenIslandSevaultCanyon_LeafGreen_RockSmashMons
0x083C8C48	rom	0x8	sSevenIslandSevaultCanyon_LeafGreen_RockSmashMonsInfo
0x083C8C50	rom	0x14	sSevenIslandTanobyRuins_LeafGreen_WaterMons
0x083C8C64	rom	0x8	sSevenIslandTanobyRuins_LeafGreen_WaterMonsInfo
0x083C8C6C	rom	0x28	sSevenIslandTanobyRuins_LeafGreen_FishingMons
0x083C8C94	rom	0x8	sSevenIslandTanobyRuins_LeafGreen_FishingMonsInfo
0x083C8C9C	rom	0x30	sRoute1_LeafGreen_LandMons
0x083C8CCC	rom	0x8	sRoute1_LeafGreen_LandMonsInfo
0x083C8CD4	rom	0x30	sRoute2_LeafGreen_LandMons
0x083C8D04	rom	0x8	sRoute2_LeafGreen_LandMonsInfo
0x083C8D0C	rom	0x30	sRoute3_LeafGreen_LandMons
0x083C8D3C	rom	0x8	sRoute3_LeafGreen_LandMonsInfo
0x083C8D44	rom	0x30	sRoute4_LeafGreen_LandMons
0x083C8D74	rom	0x8	sRoute4_LeafGreen_LandMonsInfo
0x083C8D7C	rom	0x14	sRoute4_LeafGreen_WaterMons
0x083C8D90	rom	0x8	sRoute4_LeafGreen_WaterMonsInfo
0x083C8D98	rom	0x28	sRoute4_LeafGreen_FishingMons
0x083C8DC0	rom	0x8	sRoute4_LeafGreen_FishingMonsInfo
0x083C8DC8	rom	0x30	sRoute5_LeafGreen_LandMons
0x083C8DF8	rom	0x8	sRoute5_LeafGreen_LandMonsInfo
0x083C8E00	rom	0x30	sRoute6_LeafGreen_LandMons
0x083C8E30	rom	0x8	sRoute6_LeafGreen_LandMonsInfo
0x083C8E38	rom	0x14	sRoute6_LeafGreen_WaterMons
0x083C8E4C	rom	0x8	sRoute6_LeafGreen_WaterMonsInfo
0x083C8E54	rom	0x28	sRoute6_LeafGreen_FishingMons
0x083C8E7C	rom	0x8	sRoute6_LeafGreen_FishingMonsInfo
0x083C8E84	rom	0x30	sRoute7_LeafGreen_LandMons
0x083C8EB4	rom	0x8	sRoute7_LeafGreen_LandMonsInfo
0x083C8EBC	rom	0x30	sRoute8_LeafGreen_LandMons
0x083C8EEC	rom	0x8	sRoute8_LeafGreen_LandMonsInfo
0x083C8EF4	rom	0x30	sRoute9_LeafGreen_LandMons
0x083C8F24	rom	0x8	sRoute9_LeafGreen_LandMonsInfo
0x083C8F2C	rom	0x30	sRoute10_LeafGreen_LandMons
0x083C8F5C	rom	0x8	sRoute10_LeafGreen_LandMonsInfo
0x083C8F64	rom	0x14	sRoute10_LeafGreen_WaterMons
0x083C8F78	rom	0x8	sRoute10_LeafGreen_WaterMonsInfo
0x083C8F80	rom	0x28	sRoute10_LeafGreen_FishingMons
0x083C8FA8	rom	0x8	sRoute10_LeafGreen_FishingMonsInfo
0x083C8FB0	rom	0x30	sRoute11_LeafGreen_LandMons
0x083C8FE0	rom	0x8	sRoute11_LeafGreen_LandMonsInfo
0x083C8FE8	rom	0x14	sRoute11_LeafGreen_WaterMons
0x083C8FFC	rom	0x8	sRoute11_LeafGreen_WaterMonsInfo
0x083C9004	rom	0x28	sRoute11_LeafGreen_FishingMons
0x083C902C	rom	0x8	sRoute11_LeafGreen_FishingMonsInfo
0x083C9034	rom	0x30	sRoute12_LeafGreen_LandMons
0x083C9064	rom	0x8	sRoute12_LeafGreen_LandMonsInfo
0x083C906C	rom	0x14	sRoute12_LeafGreen_WaterMons
0x083C9080	rom	0x8	sRoute12_LeafGreen_WaterMonsInfo
0x083C9088	rom	0x28	sRoute12_LeafGreen_FishingMons
0x083C90B0	rom	0x8	sRoute12_LeafGreen_FishingMonsInfo
0x083C90B8	rom	0x30	sRoute13_LeafGreen_LandMons
0x083C90E8	rom	0x8	sRoute13_LeafGreen_LandMonsInfo
0x083C90F0	rom	0x14	sRoute13_LeafGreen_WaterMons
0x083C9104	rom	0x8	sRoute13_LeafGreen_WaterMonsInfo
0x083C910C	rom	0x28	sRoute13_LeafGreen_FishingMons
0x083C9134	rom	0x8	sRoute13_LeafGreen_FishingMonsInfo
0x083C913C	rom	0x30	sRoute14_LeafGreen_LandMons
0x083C916C	rom	0x8	sRoute14_LeafGreen_LandMonsInfo
0x083C9174	rom	0x30	sRoute15_LeafGreen_LandMons
0x083C91A4	rom	0x8	sRoute15_LeafGreen_LandMonsInfo
0x083C91AC	rom	0x30	sRoute16_LeafGreen_LandMons
0x083C91DC	rom	0x8	sRoute16_LeafGreen_LandMonsInfo
0x083C91E4	rom	0x30	sRoute17_LeafGreen_LandMons
0x083C9214	rom	0x8	sRoute17_LeafGreen_LandMonsInfo
0x083C921C	rom	0x30	sRoute18_LeafGreen_LandMons
0x083C924C	rom	0x8	sRoute18_LeafGreen_LandMonsInfo
0x083C9254	rom	0x14	sRoute19_LeafGreen_WaterMons
0x083C9268	rom	0x8	sRoute19_LeafGreen_WaterMonsInfo
0x083C9270	rom	0x28	sRoute19_LeafGreen_FishingMons
0x083C9298	rom	0x8	sRoute19_LeafGreen_FishingMonsInfo
0x083C92A0	rom	0x14	sRoute20_LeafGreen_WaterMons
0x083C92B4	rom	0x8	sRoute20_LeafGreen_WaterMonsInfo
0x083C92BC	rom	0x28	sRoute20_LeafGreen_FishingMons
0x083C92E4	rom	0x8	sRoute20_LeafGreen_FishingMonsInfo
0x083C92EC	rom	0x30	sRoute21North_LeafGreen_LandMons
0x083C931C	rom	0x8	sRoute21North_LeafGreen_LandMonsInfo
0x083C9324	rom	0x14	sRoute21North_LeafGreen_WaterMons
0x083C9338	rom	0x8	sRoute21North_LeafGreen_WaterMonsInfo
0x083C9340	rom	0x28	sRoute21North_LeafGreen_FishingMons
0x083C9368	rom	0x8	sRoute21North_LeafGreen_FishingMonsInfo
0x083C9370	rom	0x30	sRoute21South_LeafGreen_LandMons
0x083C93A0	rom	0x8	sRoute21South_LeafGreen_LandMonsInfo
0x083C93A8	rom	0x14	sRoute21South_LeafGreen_WaterMons
0x083C93BC	rom	0x8	sRoute21South_LeafGreen_WaterMonsInfo
0x083C93C4	rom	0x28	sRoute21South_LeafGreen_FishingMons
0x083C93EC	rom	0x8	sRoute21South_LeafGreen_FishingMonsInfo
0x083C93F4	rom	0x30	sRoute22_LeafGreen_LandMons
0x083C9424	rom	0x8	sRoute22_LeafGreen_LandMonsInfo
0x083C942C	rom	0x14	sRoute22_LeafGreen_WaterMons
0x083C9440	rom	0x8	sRoute22_LeafGreen_WaterMonsInfo
0x083C9448	rom	0x28	sRoute22_LeafGreen_FishingMons
0x083C9470	rom	0x8	sRoute22_LeafGreen_FishingMonsInfo
0x083C9478	rom	0x30	sRoute23_LeafGreen_LandMons
0x083C94A8	rom	0x8	sRoute23_LeafGreen_LandMonsInfo
0x083C94B0	rom	0x14	sRoute23_LeafGreen_WaterMons
0x083C94C4	rom	0x8	sRoute23_LeafGreen_WaterMonsInfo
0x083C94CC	rom	0x28	sRoute23_LeafGreen_FishingMons
0x083C94F4	rom	0x8	sRoute23_LeafGreen_FishingMonsInfo
0x083C94FC	rom	0x30	sRoute24_LeafGreen_LandMons
0x083C952C	rom	0x8	sRoute24_LeafGreen_LandMonsInfo
0x083C9534	rom	0x14	sRoute24_LeafGreen_WaterMons
0x083C9548	rom	0x8	sRoute24_LeafGreen_WaterMonsInfo
0x083C9550	rom	0x28	sRoute24_LeafGreen_FishingMons
0x083C9578	rom	0x8	sRoute24_LeafGreen_FishingMonsInfo
0x083C9580	rom	0x30	sRoute25_LeafGreen_LandMons
0x083C95B0	rom	0x8	sRoute25_LeafGreen_LandMonsInfo
0x083C95B8	rom	0x14	sRoute25_LeafGreen_WaterMons
0x083C95CC	rom	0x8	sRoute25_LeafGreen_WaterMonsInfo
0x083C95D4	rom	0x28	sRoute25_LeafGreen_FishingMons
0x083C95FC	rom	0x8	sRoute25_LeafGreen_FishingMonsInfo
0x083C9604	rom	0x14	sPalletTown_LeafGreen_WaterMons
0x083C9618	rom	0x8	sPalletTown_LeafGreen_WaterMonsInfo
0x083C9620	rom	0x28	sPalletTown_LeafGreen_FishingMons
0x083C9648	rom	0x8	sPalletTown_LeafGreen_FishingMonsInfo
0x083C9650	rom	0x14	sViridianCity_LeafGreen_WaterMons
0x083C9664	rom	0x8	sViridianCity_LeafGreen_WaterMonsInfo
0x083C966C	rom	0x28	sViridianCity_LeafGreen_FishingMons
0x083C9694	rom	0x8	sViridianCity_LeafGreen_FishingMonsInfo
0x083C969C	rom	0x14	sCeruleanCity_LeafGreen_WaterMons
0x083C96B0	rom	0x8	sCeruleanCity_LeafGreen_WaterMonsInfo
0x083C96B8	rom	0x28	sCeruleanCity_LeafGreen_FishingMons
0x083C96E0	rom	0x8	sCeruleanCity_LeafGreen_FishingMonsInfo
0x083C96E8	rom	0x14	sVermilionCity_LeafGreen_WaterMons
0x083C96FC	rom	0x8	sVermilionCity_LeafGreen_WaterMonsInfo
0x083C9704	rom	0x28	sVermilionCity_LeafGreen_FishingMons
0x083C972C	rom	0x8	sVermilionCity_LeafGreen_FishingMonsInfo
0x083C9734	rom	0x14	sCeladonCity_LeafGreen_WaterMons
0x083C9748	rom	0x8	sCeladonCity_LeafGreen_WaterMonsInfo
0x083C9750	rom	0x28	sCeladonCity_LeafGreen_FishingMons
0x083C9778	rom	0x8	sCeladonCity_LeafGreen_FishingMonsInfo
0x083C9780	rom	0x14	sFuchsiaCity_LeafGreen_WaterMons
0x083C9794	rom	0x8	sFuchsiaCity_LeafGreen_WaterMonsInfo
0x083C979C	rom	0x28	sFuchsiaCity_LeafGreen_FishingMons
0x083C97C4	rom	0x8	sFuchsiaCity_LeafGreen_FishingMonsInfo
0x083C97CC	rom	0x14	sCinnabarIsland_LeafGreen_WaterMons
0x083C97E0	rom	0x8	sCinnabarIsland_LeafGreen_WaterMonsInfo
0x083C97E8	rom	0x28	sCinnabarIsland_LeafGreen_FishingMons
0x083C9810	rom	0x8	sCinnabarIsland_LeafGreen_FishingMonsInfo
0x083C9818	rom	0x14	sOneIsland_LeafGreen_WaterMons
0x083C982C	rom	0x8	sOneIsland_LeafGreen_WaterMonsInfo
0x083C9834	rom	0x28	sOneIsland_LeafGreen_FishingMons
0x083C985C	rom	0x8	sOneIsland_LeafGreen_FishingMonsInfo
0x083C9864	rom	0x14	sFourIsland_LeafGreen_WaterMons
0x083C9878	rom	0x8	sFourIsland_LeafGreen_WaterMonsInfo
0x083C9880	rom	0x28	sFourIsland_LeafGreen_FishingMons
0x083C98A8	rom	0x8	sFourIsland_LeafGreen_FishingMonsInfo
0x083C98B0	rom	0x14	sFiveIsland_LeafGreen_WaterMons
0x083C98C4	rom	0x8	sFiveIsland_LeafGreen_WaterMonsInfo
0x083C98CC	rom	0x28	sFiveIsland_LeafGreen_FishingMons
0x083C98F4	rom	0x8	sFiveIsland_LeafGreen_FishingMonsInfo
0x083C98FC	rom	0x30	sSixIslandAlteringCave_LeafGreen_LandMons
0x083C992C	rom	0x8	sSixIslandAlteringCave_LeafGreen_LandMonsInfo
0x083C9934	rom	0x30	sSixIslandAlteringCave_2_LeafGreen_LandMons
0x083C9964	rom	0x8	sSixIslandAlteringCave_2_LeafGreen_LandMonsInfo
0x083C996C	rom	0x30	sSixIslandAlteringCave_3_LeafGreen_LandMons
0x083C999C	rom	0x8	sSixIslandAlteringCave_3_LeafGreen_LandMonsInfo
0x083C99A4	rom	0x30	sSixIslandAlteringCave_4_LeafGreen_LandMons
0x083C99D4	rom	0x8	sSixIslandAlteringCave_4_LeafGreen_LandMonsInfo
0x083C99DC	rom	0x30	sSixIslandAlteringCave_5_LeafGreen_LandMons
0x083C9A0C	rom	0x8	sSixIslandAlteringCave_5_LeafGreen_LandMonsInfo
0x083C9A14	rom	0x30	sSixIslandAlteringCave_6_LeafGreen_LandMons
0x083C9A44	rom	0x8	sSixIslandAlteringCave_6_LeafGreen_LandMonsInfo
0x083C9A4C	rom	0x30	sSixIslandAlteringCave_7_LeafGreen_LandMons
0x083C9A7C	rom	0x8	sSixIslandAlteringCave_7_LeafGreen_LandMonsInfo
0x083C9A84	rom	0x30	sSixIslandAlteringCave_8_LeafGreen_LandMons
0x083C9AB4	rom	0x8	sSixIslandAlteringCave_8_LeafGreen_LandMonsInfo
0x083C9ABC	rom	0x30	sSixIslandAlteringCave_9_LeafGreen_LandMons
0x083C9AEC	rom	0x8	sSixIslandAlteringCave_9_LeafGreen_LandMonsInfo
0x083C9AF4	rom	0xA64	gWildMonHeaders
0x083CA558	rom	0x54	sUnownLetterSlots
0x083CA5AC	rom	0x800	sNewGameOakObject_Gfx
0x083CADAC	rom	0x20	sNewGameOakObject_Pal
0x083CADCC	rom	0x20	sPokeballGlow_Gfx
0x083CADEC	rom	0x20	sPokeballGlow_Pal
0x083CAE0C	rom	0x400	sPokecenterMonitor_Gfx
0x083CB20C	rom	0x20	sHofMonitor_Pal
0x083CB22C	rom	0x200	sHofMonitor_Gfx
0x083CB42C	rom	0x200	sFieldMoveStreaksOutdoors_Gfx
0x083CB62C	rom	0x20	sFieldMoveStreaksOutdoors_Pal
0x083CB64C	rom	0x280	sFieldMoveStreaksOutdoors_Tilemap
0x083CB8CC	rom	0x80	sFieldMoveStreaksIndoors_Gfx
0x083CB94C	rom	0x20	sFieldMoveStreaksIndoors_Pal
0x083CB96C	rom	0x280	sFieldMoveStreaksIndoors_Tilemap
0x083CBBEC	rom	0x20	sRockFragment_TopLeft
0x083CBC0C	rom	0x20	sRockFragment_TopRight
0x083CBC2C	rom	0x20	sRockFragment_BottomLeft
0x083CBC4C	rom	0x20	sRockFragment_BottomRight
0x083CBC6C	rom	0x20	sFldEffScrcmdTable
0x083CBC8C	rom	0x8	sNewGameOakOamAttributes
0x083CBC94	rom	0x8	sOamData_8x8
0x083CBC9C	rom	0x8	sOamData_16x16
0x083CBCA4	rom	0x8	sNewGameOakObjectSpriteFrames
0x083CBCAC	rom	0x8	sNewGameOakObjectPaletteInfo
0x083CBCB4	rom	0x8	sNewGameOakAnim
0x083CBCBC	rom	0x4	sNewGameOakAnimTable
0x083CBCC0	rom	0x18	sNewGameOakObjectTemplate
0x083CBCD8	rom	0x8	gSpritePalette_PokeballGlow
0x083CBCE0	rom	0x8	gSpritePalette_HofMonitor
0x083CBCE8	rom	0x8	sOamData_32x16
0x083CBCF0	rom	0x8	sPicTable_PokeballGlow
0x083CBCF8	rom	0x20	sPicTable_PokecenterMonitor
0x083CBD18	rom	0x20	sPicTable_HofMonitor
0x083CBD38	rom	0x10	sSubsprites_PokecenterMonitor
0x083CBD48	rom	0x8	sSubspriteTable_PokecenterMonitor
0x083CBD50	rom	0x10	sSubsprites_HofMonitorBig
0x083CBD60	rom	0x8	sSubspriteTable_HofMonitorBig
0x083CBD68	rom	0x8	sAnim_Static
0x083CBD70	rom	0x20	sAnim_Flicker
0x083CBD90	rom	0x8	sAnims_Flicker
0x083CBD98	rom	0x28	sAnim_HofMonitor
0x083CBDC0	rom	0x4	sAnims_HofMonitor
0x083CBDC4	rom	0x18	sSpriteTemplate_PokeballGlow
0x083CBDDC	rom	0x18	sSpriteTemplate_PokecenterMonitor
0x083CBDF4	rom	0x18	sSpriteTemplate_HofMonitor
0x083CBE0C	rom	0x10	sPokecenterHealEffectFuncs
0x083CBE1C	rom	0x10	sHallOfFameRecordEffectFuncs
0x083CBE2C	rom	0x20	sPokeballGlowEffectFuncs
0x083CBE4C	rom	0x18	sPokeballCoordOffsets
0x083CBE64	rom	0x4	sPokeballGlowReds
0x083CBE68	rom	0x4	sPokeballGlowGreens
0x083CBE6C	rom	0x4	sPokeballGlowBlues
0x083CBE70	rom	0x1C	sFallWarpEffectCBPtrs
0x083CBE8C	rom	0x18	sEscalatorWarpFieldEffectFuncs
0x083CBEA4	rom	0x1C	sEscalatorWarpInFieldEffectFuncs
0x083CBEC0	rom	0x14	sUseWaterfallFieldEffectFuncs
0x083CBED4	rom	0xC	sDiveFieldEffectFuncs
0x083CBEE0	rom	0x18	sLavaridgeGymB1FWarpEffectFuncs
0x083CBEF8	rom	0x10	sLavaridgeGymB1FWarpExitEffectFuncs
0x083CBF08	rom	0x14	sLavaridgeGym1FWarpEffectFuncs
0x083CBF1C	rom	0x8	sEscapeRopeWarpOutEffectFuncs
0x083CBF24	rom	0x5	sSpinDirections
0x083CBF2C	rom	0x8	sEscapeRopeWarpInEffectFuncs
0x083CBF34	rom	0x10	sTeleportEffectFuncs
0x083CBF4C	rom	0xC	sTeleportInEffectFuncs
0x083CBF58	rom	0x1C	sShowMonOutdoorsEffectFuncs
0x083CBF74	rom	0x1C	sShowMonIndoorsEffectFuncs
0x083CBF90	rom	0x14	sUseSurfEffectFuncs
0x083CBFA4	rom	0x10	sUseVsSeekerEffectFuncs
0x083CBFB4	rom	0x24	sFlyOutFieldEffectFuncs
0x083CBFD8	rom	0x18	sAffineAnim_FlyBirdLeaveBall
0x083CBFF0	rom	0x18	sAffineAnim_FlyBirdReturnToBall
0x083CC008	rom	0x8	sAffineAnims_FlyBirdBall
0x083CC010	rom	0x1C	sFlyInFieldEffectFuncs
0x083CC050	rom	0x10	sAffineAnim_FlyBirdOutOfMap
0x083CC060	rom	0x18	sAffineAnim_FlyBirdIntoMap
0x083CC078	rom	0x8	sAffineAnims_FlyBirdWithPlayer
0x083CC080	rom	0xC	sDestroyDeoxysRockEffectFuncs
0x083CC08C	rom	0x20	sImages_DeoxysRockFragment
0x083CC0AC	rom	0x8	sAnim_RockFragment_TopLeft
0x083CC0B4	rom	0x8	sAnim_RockFragment_TopRight
0x083CC0BC	rom	0x8	sAnim_RockFragment_BottomLeft
0x083CC0C4	rom	0x8	sAnim_RockFragment_BottomRight
0x083CC0CC	rom	0x10	sAnims_DeoxysRockFragment
0x083CC0DC	rom	0x18	sSpriteTemplate_DeoxysRockFragment
0x083CC0F4	rom	0x20	sOptionMenuWinTemplates
0x083CC114	rom	0xC	sOptionMenuBgTemplates
0x083CC120	rom	0x20	sOptionMenuPalette
0x083CC140	rom	0xE	sOptionMenuItemCounts
0x083CC150	rom	0x1C	sOptionMenuItemsNames
0x083CC16C	rom	0xC	sTextSpeedOptions
0x083CC178	rom	0x8	sBattleSceneOptions
0x083CC180	rom	0x8	sBattleStyleOptions
0x083CC188	rom	0x8	sSoundOptions
0x083CC190	rom	0xC	sButtonTypeOptions
0x083CC19C	rom	0x3	sOptionMenuPickSwitchCancelTextColor
0x083CC19F	rom	0x3	sOptionMenuTextColor
0x083CC1A4	rom	0x174	sTrainerCardStickers_Gfx
0x083CC318	rom	0x214	sHoennTrainerCardFront_Tilemap
0x083CC52C	rom	0x1B8	sKantoTrainerCardFront_Tilemap
0x083CC6E4	rom	0xDC	sHoennTrainerCardBack_Tilemap
0x083CC7C0	rom	0x12C	sKantoTrainerCardBack_Tilemap
0x083CC8EC	rom	0x1F4	sHoennTrainerCardFrontLink_Tilemap
0x083CCAE0	rom	0x18C	sKantoTrainerCardFrontLink_Tilemap
0x083CCC6C	rom	0x98	sHoennTrainerCardBg_Tilemap
0x083CCD04	rom	0x98	sKantoTrainerCardBg_Tilemap
0x083CCD9C	rom	0x20	sUnused_Pal
0x083CCDBC	rom	0x60	sHoennTrainerCardBronze_Pal
0x083CCE1C	rom	0x60	sKantoTrainerCardGreen_Pal
0x083CCE7C	rom	0x60	sHoennTrainerCardCopper_Pal
0x083CCEDC	rom	0x60	sKantoTrainerCardBronze_Pal
0x083CCF3C	rom	0x60	sHoennTrainerCardSilver_Pal
0x083CCF9C	rom	0x60	sKantoTrainerCardSilver_Pal
0x083CCFFC	rom	0x60	sHoennTrainerCardGold_Pal
0x083CD05C	rom	0x60	sKantoTrainerCardGold_Pal
0x083CD0BC	rom	0x20	sHoennTrainerCardFemaleBg_Pal
0x083CD0DC	rom	0x20	sKantoTrainerCardFemaleBg_Pal
0x083CD0FC	rom	0x20	sHoennTrainerCardBadges_Pal
0x083CD11C	rom	0x20	sKantoTrainerCardBadges_Pal
0x083CD13C	rom	0x20	sTrainerCardStar_Pal
0x083CD15C	rom	0x20	sTrainerCardStickerPal1
0x083CD17C	rom	0x20	sTrainerCardStickerPal2
0x083CD19C	rom	0x20	sTrainerCardStickerPal3
0x083CD1BC	rom	0x20	sTrainerCardStickerPal4
0x083CD1DC	rom	0x248	sHoennTrainerCardBadges_Gfx
0x083CD424	rom	0x2A0	sKantoTrainerCardBadges_Gfx
0x083CD6C4	rom	0x10	sTrainerCardBgTemplates
0x083CD6D4	rom	0x20	sTrainerCardWindowTemplates
0x083CD6F4	rom	0x14	sHoennTrainerCardPals
0x083CD708	rom	0x14	sKantoTrainerCardPals
0x083CD71C	rom	0x3	sTrainerCardTextColors
0x083CD71F	rom	0x3	sTrainerCardStatColors
0x083CD722	rom	0x3	sTimeColonInvisibleTextColors
0x083CD725	rom	0x3	sTrainerCardFontIds
0x083CD728	rom	0x8	sTrainerPicOffsets
0x083CD730	rom	0x4	sTrainerPicFacilityClasses
0x083CD734	rom	0x10	sLinkTrainerPicFacilityClasses
0x083CD744	rom	0x18	sTrainerCardFlipTasks
0x083CD75C	rom	0x2	sTrainerCardFrontNameXPositions
0x083CD75E	rom	0x2	sTrainerCardFrontNameYPositions
0x083CD760	rom	0x2	sTrainerCardIdXPositions
0x083CD762	rom	0x2	sTrainerCardIdYPositions
0x083CD764	rom	0x8	sTimeColonTextColors
0x083CD76C	rom	0x2	sTrainerCardTimeHoursXPositions
0x083CD76E	rom	0x2	sTrainerCardTimeHoursYPositions
0x083CD770	rom	0x2	sTrainerCardTimeMinutesXPositions
0x083CD772	rom	0x2	sTrainerCardTimeMinutesYPositions
0x083CD774	rom	0x2	sTrainerCardProfilePhraseXPositions
0x083CD776	rom	0x2	sTrainerCardProfilePhraseYPositions
0x083CD778	rom	0x2	sTrainerCardBackNameXPositions
0x083CD77A	rom	0x2	sTrainerCardBackNameYPositions
0x083CD77C	rom	0x4	sTrainerCardHofDebutXPositions
0x083CD780	rom	0x8	sLinkTrainerCardRecordStrings
0x083CD788	rom	0x6	sPokemonIconPalSlots
0x083CD78E	rom	0x6	sPokemonIconXOffsets
0x083CD794	rom	0x4	sStickerPalSlots
0x083CD798	rom	0x4	sStarYOffsets
0x083CD79C	rom	0x60	sLinkPlayerTrainerCardTemplate1
0x083CD7FC	rom	0x60	sLinkPlayerTrainerCardTemplate2
0x083CD85C	rom	0x28	sMainMenuTexts
0x083CD884	rom	0x8	sWindowTemplate_MainMenu
0x083CD88C	rom	0x8	sAnim_ChooseBoxMenu_TopLeft
0x083CD894	rom	0x8	sAnim_ChooseBoxMenu_BottomLeft
0x083CD89C	rom	0x8	sAnim_ChooseBoxMenu_TopRight
0x083CD8A4	rom	0x8	sAnim_ChooseBoxMenu_BottomRight
0x083CD8AC	rom	0x10	sAnims_ChooseBoxMenu
0x083CD8BC	rom	0x10	sAffineAnim_ChooseBoxMenu
0x083CD8CC	rom	0x4	sAffineAnims_ChooseBoxMenu
0x083CD8D4	rom	0x20	sChooseBoxMenu_Pal
0x083CD8F4	rom	0x800	sChooseBoxMenuCenter_Gfx
0x083CE0F4	rom	0x180	sChooseBoxMenuCorners_Gfx
0x083CE274	rom	0x98	sScrollingBg_Gfx
0x083CE30C	rom	0x10C	sScrollingBg_Tilemap
0x083CE418	rom	0x20	sMenu_Pal
0x083CE438	rom	0xFC	sMenu_Tilemap
0x083CE534	rom	0x40	sPkmnData_Tilemap
0x083CE574	rom	0x20	sScrollingBg_Pal
0x083CE594	rom	0x20	sScrollingBgMoveItems_Pal
0x083CE5B4	rom	0x48	sCloseBoxButton_Tilemap
0x083CE5FC	rom	0x18	sPartySlotFilled_Tilemap
0x083CE614	rom	0x18	sPartySlotEmpty_Tilemap
0x083CE62C	rom	0x20	sPokeStorageMisc2Pal
0x083CE64C	rom	0x1C0	sWaveform_Gfx
0x083CE80C	rom	0x40	sUnused_Pal
0x083CE84C	rom	0x20	sItemInfoFrame_Pal
0x083CE86C	rom	0x20	sWindowTemplates
0x083CE88C	rom	0x10	sBgTemplates
0x083CE89C	rom	0x8	sMiscSpritePalette
0x083CE8A4	rom	0x8	sWaveformSpriteSheet
0x083CE8AC	rom	0x18	sSpriteTemplate_DisplayMon
0x083CE8C4	rom	0xF8	sMessages
0x083CE9BC	rom	0x8	sYesNoWindowTemplate
0x083CE9C4	rom	0x8	sOamData_DisplayMon
0x083CE9CC	rom	0x8	sOamData_Waveform
0x083CE9D4	rom	0x8	sAnim_Waveform_LeftOff
0x083CE9DC	rom	0x10	sAnim_Waveform_LeftOn
0x083CE9EC	rom	0x8	sAnim_Waveform_RightOff
0x083CE9F4	rom	0x10	sAnim_Waveform_RightOn
0x083CEA04	rom	0x10	sAnims_Waveform
0x083CEA14	rom	0x18	sSpriteTemplate_Waveform
0x083CEA2C	rom	0x18	sSpriteTemplate_MonIcon
0x083CEA44	rom	0x8	sOamData_MonIcon
0x083CEA4C	rom	0x10	sAffineAnim_ReleaseMon_Release
0x083CEA5C	rom	0x18	sAffineAnim_ReleaseMon_ComeBack
0x083CEA74	rom	0x8	sAffineAnims_ReleaseMon
0x083CEA7C	rom	0x40	sWallpaperPalettes_Forest
0x083CEABC	rom	0x3D0	sWallpaperTiles_Forest
0x083CEE8C	rom	0xDC	sWallpaperTilemap_Forest
0x083CEF68	rom	0x40	sWallpaperPalettes_City
0x083CEFA8	rom	0x208	sWallpaperTiles_City
0x083CF1B0	rom	0xB0	sWallpaperTilemap_City
0x083CF260	rom	0x40	sWallpaperPalettes_Desert
0x083CF2A0	rom	0x2EC	sWallpaperTiles_Desert
0x083CF58C	rom	0xE4	sWallpaperTilemap_Desert
0x083CF670	rom	0x40	sWallpaperPalettes_Savanna
0x083CF6B0	rom	0x220	sWallpaperTiles_Savanna
0x083CF8D0	rom	0xCC	sWallpaperTilemap_Savanna
0x083CF99C	rom	0x40	sWallpaperPalettes_Crag
0x083CF9DC	rom	0x350	sWallpaperTiles_Crag
0x083CFD2C	rom	0xD8	sWallpaperTilemap_Crag
0x083CFE04	rom	0x40	sWallpaperPalettes_Volcano
0x083CFE44	rom	0x330	sWallpaperTiles_Volcano
0x083D0174	rom	0x4	sUnusedSpace1
0x083D0178	rom	0xD8	sWallpaperTilemap_Volcano
0x083D0250	rom	0x40	sWallpaperPalettes_Snow
0x083D0290	rom	0x2B8	sWallpaperTiles_Snow
0x083D0548	rom	0xCC	sWallpaperTilemap_Snow
0x083D0614	rom	0x40	sWallpaperPalettes_Cave
0x083D0654	rom	0x344	sWallpaperTiles_Cave
0x083D0998	rom	0xDC	sWallpaperTilemap_Cave
0x083D0A74	rom	0x40	sWallpaperPalettes_Beach
0x083D0AB4	rom	0x384	sWallpaperTiles_Beach
0x083D0E38	rom	0xE8	sWallpaperTilemap_Beach
0x083D0F20	rom	0x40	sWallpaperPalettes_Seafloor
0x083D0F60	rom	0x2B4	sWallpaperTiles_Seafloor
0x083D1214	rom	0xDC	sWallpaperTilemap_Seafloor
0x083D12F0	rom	0x40	sWallpaperPalettes_River
0x083D1330	rom	0x294	sWallpaperTiles_River
0x083D15C4	rom	0xEC	sWallpaperTilemap_River
0x083D16B0	rom	0x40	sWallpaperPalettes_Sky
0x083D16F0	rom	0x298	sWallpaperTiles_Sky
0x083D1988	rom	0xE0	sWallpaperTilemap_Sky
0x083D1A68	rom	0x40	sWallpaperPalettes_Stars
0x083D1AA8	rom	0x20	sUnusedSpace2
0x083D1AC8	rom	0x238	sWallpaperTiles_Stars
0x083D1D00	rom	0xD0	sWallpaperTilemap_Stars
0x083D1DD0	rom	0x40	sWallpaperPalettes_Pokecenter
0x083D1E10	rom	0x2E4	sWallpaperTiles_Pokecenter
0x083D20F4	rom	0xE4	sWallpaperTilemap_Pokecenter
0x083D21D8	rom	0x40	sWallpaperPalettes_Tiles
0x083D2218	rom	0x190	sWallpaperTiles_Tiles
0x083D23A8	rom	0xA8	sWallpaperTilemap_Tiles
0x083D2450	rom	0x40	sWallpaperPalettes_Simple
0x083D2490	rom	0x128	sWallpaperTiles_Simple
0x083D25B8	rom	0xA4	sWallpaperTilemap_Simple
0x083D265C	rom	0x1B0	sWallpaperTilemap_Unused
0x083D280C	rom	0x40	sBoxTitleColors
0x083D284C	rom	0xC0	sWallpapers
0x083D290C	rom	0x80	sBoxScrollArrow_Gfx
0x083D298C	rom	0x2	sUnusedColor
0x083D2990	rom	0x8	sSpriteSheet_BoxScrollArrow
0x083D2998	rom	0x8	sOamData_BoxTitle
0x083D29A0	rom	0x8	sAnim_BoxTitle_Left
0x083D29A8	rom	0x8	sAnim_BoxTitle_Right
0x083D29B0	rom	0x8	sAnims_BoxTitle
0x083D29B8	rom	0x18	sSpriteTemplate_BoxTitle
0x083D29D0	rom	0x8	sOamData_BoxScrollArrow
0x083D29D8	rom	0x8	sAnim_BoxScrollArrow_Left
0x083D29E0	rom	0x8	sAnim_BoxScrollArrow_Right
0x083D29E8	rom	0x8	sAnims_BoxScrollArrow
0x083D29F0	rom	0x18	sSpriteTemplate_BoxScrollArrow
0x083D2A08	rom	0x20	sPokeStorageMisc1Pal
0x083D2A28	rom	0x800	sHandCursorTiles
0x083D3228	rom	0x80	sHandCursorShadowTiles
0x083D32A8	rom	0xC	placeChangeFuncs.51
0x083D32B4	rom	0x0	inputFuncs.193
0x083D3304	rom	0x8	sOamData_Cursor.212
0x083D330C	rom	0x8	sOamData_CursorShadow.213
0x083D3314	rom	0x0	sAnim_Cursor_Bouncing.214
0x083D3320	rom	0x0	sAnim_Cursor_Still.215
0x083D3328	rom	0x0	sAnim_Cursor_Open.216
0x083D3330	rom	0x0	sAnim_Cursor_Fist.217
0x083D3338	rom	0x0	sAnims_Cursor.218
0x083D3348	rom	0x18	sSpriteTemplate_Cursor.219
0x083D3360	rom	0x18	sSpriteTemplate_CursorShadow.220
0x083D3378	rom	0x98	sMenuTexts
0x083D3410	rom	0x8	sWindowTemplate_MultiMove
0x083D3418	rom	0x80	sItemInfoFrame_Gfx
0x083D3498	rom	0x8	sOamData_ItemIcon
0x083D34A0	rom	0x10	sAffineAnim_ItemIcon_Small
0x083D34B0	rom	0x18	sAffineAnim_ItemIcon_Appear
0x083D34C8	rom	0x18	sAffineAnim_ItemIcon_Disappear
0x083D34E0	rom	0x20	sAffineAnim_ItemIcon_PickUp
0x083D3500	rom	0x20	sAffineAnim_ItemIcon_PutDown
0x083D3520	rom	0x18	sAffineAnim_ItemIcon_PutAway
0x083D3538	rom	0x10	sAffineAnim_ItemIcon_Large
0x083D3548	rom	0x1C	sAffineAnims_ItemIcon
0x083D3564	rom	0x18	sSpriteTemplate_ItemIcon
0x083D357C	rom	0x60	gMonIconPalettes
0x083D35DC	rom	0x6E0	gMonIconTable
0x083D3CBC	rom	0x1B8	gMonIconPaletteIndices
0x083D3E74	rom	0x30	gMonIconPaletteTable
0x083D3EA4	rom	0x8	sMonIconOamData
0x083D3EAC	rom	0xC	sMonIconAnim_Fast
0x083D3EB8	rom	0xC	sMonIconAnim_MediumFast
0x083D3EC4	rom	0xC	sMonIconAnim_MediumSlow
0x083D3ED0	rom	0xC	sMonIconAnim_Slow
0x083D3EDC	rom	0xC	sMonIconAnim_Still
0x083D3EE8	rom	0x14	sMonIconAnims
0x083D3EFC	rom	0x10	sMonIconAffineAnim_0
0x083D3F0C	rom	0x10	sMonIconAffineAnim_1
0x083D3F1C	rom	0x8	sMonIconAffineAnims
0x083D3F24	rom	0x18	sSpriteImageSizes
0x083D3F3C	rom	0x28	sCutGrassMetatileMapping
0x083D3F64	rom	0x8	sOamData_FldEff_CutGrass
0x083D3F6C	rom	0x8	sSpriteAnim_Fldeff_CutGrass_0
0x083D3F74	rom	0x4	sSpriteAnimTable_FldEff_CutGrass
0x083D3F78	rom	0x8	sSpriteFrameImages_FldEff_CutGrass
0x083D3F80	rom	0x8	gFldEffPalette_CutGrass
0x083D3F88	rom	0x18	sSpriteTemplate_FldEff_CutGrass
0x083D3FA8	rom	0x8	sOamData_Bag
0x083D3FB0	rom	0xC	sAnim_Bag_OpenPokeBallsPocket
0x083D3FBC	rom	0xC	sAnim_Bag_OpenItemsPocket
0x083D3FC8	rom	0xC	sAnim_Bag_OpenKeyItemsPocket
0x083D3FD4	rom	0xC	sAnims_Bag
0x083D3FE0	rom	0x10	sAffineAnim_BagIdle
0x083D3FF0	rom	0x28	sAffineAnim_BagShake
0x083D4018	rom	0x8	sAffineAnimTable_Bag
0x083D4020	rom	0x8	gSpriteSheet_BagMale
0x083D4028	rom	0x8	gSpriteSheet_BagFemale
0x083D4030	rom	0x8	gSpritePalette_Bag
0x083D4038	rom	0x18	sSpriteTemplate_Bag
0x083D4050	rom	0x8	sOamData_SwapLine
0x083D4058	rom	0x8	sAnim_SwapLine_Start
0x083D4060	rom	0x8	sAnim_SwapLine_Mid
0x083D4068	rom	0x8	sAnim_SwapLine_End
0x083D4070	rom	0xC	sAnims_SwapLine
0x083D407C	rom	0x8	gBagSwapSpriteSheet
0x083D4084	rom	0x8	gBagSwapSpritePalette
0x083D408C	rom	0x18	sSpriteTemplate_SwapLine
0x083D40A4	rom	0x8	sOamData_ItemIcon
0x083D40AC	rom	0x8	sAnim_ItemIcon
0x083D40B4	rom	0x4	sAnims_ItemIcon
0x083D40B8	rom	0x18	sSpriteTemplate_ItemIcon
0x083D40D0	rom	0xBC0	sItemIconTable
0x083D4C90	rom	0x18	gHorizontalLungeSpriteTemplate
0x083D4CA8	rom	0x18	gVerticalDipSpriteTemplate
0x083D4CC0	rom	0x18	gSlideMonToOriginalPosSpriteTemplate
0x083D4CD8	rom	0x18	gSlideMonToOffsetSpriteTemplate
0x083D4CF0	rom	0x18	gSlideMonToOffsetAndBackSpriteTemplate
0x083D4D08	rom	0x5A	gItemDescription_ITEM_MASTER_BALL
0x083D4D62	rom	0x52	gItemDescription_ITEM_ULTRA_BALL
0x083D4DB4	rom	0x58	gItemDescription_ITEM_GREAT_BALL
0x083D4E0C	rom	0x4A	gItemDescription_ITEM_POKE_BALL
0x083D4E56	rom	0x5D	gItemDescription_ITEM_SAFARI_BALL
0x083D4EB3	rom	0x55	gItemDescription_ITEM_NET_BALL
0x083D4F08	rom	0x51	gItemDescription_ITEM_DIVE_BALL
0x083D4F59	rom	0x48	gItemDescription_ITEM_NEST_BALL
0x083D4FA1	rom	0x4F	gItemDescription_ITEM_REPEAT_BALL
0x083D4FF0	rom	0x62	gItemDescription_ITEM_TIMER_BALL
0x083D5052	rom	0x4D	gItemDescription_ITEM_LUXURY_BALL
0x083D509F	rom	0x4F	gItemDescription_ITEM_PREMIER_BALL
0x083D50EE	rom	0x4D	gItemDescription_ITEM_POTION
0x083D513B	rom	0x3E	gItemDescription_ITEM_ANTIDOTE
0x083D5179	rom	0x37	gItemDescription_ITEM_BURN_HEAL
0x083D51B0	rom	0x35	gItemDescription_ITEM_ICE_HEAL
0x083D51E5	rom	0x36	gItemDescription_ITEM_AWAKENING
0x083D521B	rom	0x3C	gItemDescription_ITEM_PARALYZE_HEAL
0x083D5257	rom	0x54	gItemDescription_ITEM_FULL_RESTORE
0x083D52AB	rom	0x46	gItemDescription_ITEM_MAX_POTION
0x083D52F1	rom	0x4E	gItemDescription_ITEM_HYPER_POTION
0x083D533F	rom	0x4D	gItemDescription_ITEM_SUPER_POTION
0x083D538C	rom	0x48	gItemDescription_ITEM_FULL_HEAL
0x083D53D4	rom	0x54	gItemDescription_ITEM_REVIVE
0x083D5428	rom	0x3F	gItemDescription_ITEM_MAX_REVIVE
0x083D5467	rom	0x53	gItemDescription_ITEM_FRESH_WATER
0x083D54BA	rom	0x44	gItemDescription_ITEM_SODA_POP
0x083D54FE	rom	0x44	gItemDescription_ITEM_LEMONADE
0x083D5542	rom	0x49	gItemDescription_ITEM_MOOMOO_MILK
0x083D558B	rom	0x4F	gItemDescription_ITEM_ENERGY_POWDER
0x083D55DA	rom	0x45	gItemDescription_ITEM_ENERGY_ROOT
0x083D561F	rom	0x50	gItemDescription_ITEM_HEAL_POWDER
0x083D566F	rom	0x50	gItemDescription_ITEM_REVIVAL_HERB
0x083D56BF	rom	0x3C	gItemDescription_ITEM_ETHER
0x083D56FB	rom	0x35	gItemDescription_ITEM_MAX_ETHER
0x083D5730	rom	0x40	gItemDescription_ITEM_ELIXIR
0x083D5770	rom	0x34	gItemDescription_ITEM_MAX_ELIXIR
0x083D57A4	rom	0x53	gItemDescription_ITEM_LAVA_COOKIE
0x083D57F7	rom	0x34	gItemDescription_ITEM_BLUE_FLUTE
0x083D582B	rom	0x3E	gItemDescription_ITEM_YELLOW_FLUTE
0x083D5869	rom	0x3D	gItemDescription_ITEM_RED_FLUTE
0x083D58A6	rom	0x4E	gItemDescription_ITEM_BLACK_FLUTE
0x083D58F4	rom	0x4E	gItemDescription_ITEM_WHITE_FLUTE
0x083D5942	rom	0x43	gItemDescription_ITEM_BERRY_JUICE
0x083D5985	rom	0x31	gItemDescription_ITEM_SACRED_ASH
0x083D59B6	rom	0x4B	gItemDescription_ITEM_SHOAL_SALT
0x083D5A01	rom	0x55	gItemDescription_ITEM_SHOAL_SHELL
0x083D5A56	rom	0x4C	gItemDescription_ITEM_RED_SHARD
0x083D5AA2	rom	0x4D	gItemDescription_ITEM_BLUE_SHARD
0x083D5AEF	rom	0x4F	gItemDescription_ITEM_YELLOW_SHARD
0x083D5B3E	rom	0x4E	gItemDescription_ITEM_GREEN_SHARD
0x083D5B8C	rom	0x46	gItemDescription_ITEM_HP_UP
0x083D5BD2	rom	0x4F	gItemDescription_ITEM_PROTEIN
0x083D5C21	rom	0x50	gItemDescription_ITEM_IRON
0x083D5C71	rom	0x4E	gItemDescription_ITEM_CARBOS
0x083D5CBF	rom	0x50	gItemDescription_ITEM_CALCIUM
0x083D5D0F	rom	0x4D	gItemDescription_ITEM_RARE_CANDY
0x083D5D5C	rom	0x43	gItemDescription_ITEM_PP_UP
0x083D5D9F	rom	0x50	gItemDescription_ITEM_ZINC
0x083D5DEF	rom	0x47	gItemDescription_ITEM_PP_MAX
0x083D5E36	rom	0x53	gItemDescription_ITEM_GUARD_SPEC
0x083D5E89	rom	0x5B	gItemDescription_ITEM_DIRE_HIT
0x083D5EE4	rom	0x54	gItemDescription_ITEM_X_ATTACK
0x083D5F38	rom	0x55	gItemDescription_ITEM_X_DEFEND
0x083D5F8D	rom	0x53	gItemDescription_ITEM_X_SPEED
0x083D5FE0	rom	0x56	gItemDescription_ITEM_X_ACCURACY
0x083D6036	rom	0x55	gItemDescription_ITEM_X_SPECIAL
0x083D608B	rom	0x48	gItemDescription_ITEM_POKE_DOLL
0x083D60D3	rom	0x48	gItemDescription_ITEM_FLUFFY_TAIL
0x083D611B	rom	0x39	gItemDescription_ITEM_SUPER_REPEL
0x083D6154	rom	0x39	gItemDescription_ITEM_MAX_REPEL
0x083D618D	rom	0x4B	gItemDescription_ITEM_ESCAPE_ROPE
0x083D61D8	rom	0x39	gItemDescription_ITEM_REPEL
0x083D6211	rom	0x58	gItemDescription_ITEM_SUN_STONE
0x083D6269	rom	0x60	gItemDescription_ITEM_MOON_STONE
0x083D62C9	rom	0x55	gItemDescription_ITEM_FIRE_STONE
0x083D631E	rom	0x5D	gItemDescription_ITEM_THUNDER_STONE
0x083D637B	rom	0x59	gItemDescription_ITEM_WATER_STONE
0x083D63D4	rom	0x56	gItemDescription_ITEM_LEAF_STONE
0x083D642A	rom	0x45	gItemDescription_ITEM_TINY_MUSHROOM
0x083D646F	rom	0x44	gItemDescription_ITEM_BIG_MUSHROOM
0x083D64B3	rom	0x59	gItemDescription_ITEM_PEARL
0x083D650C	rom	0x5C	gItemDescription_ITEM_BIG_PEARL
0x083D6568	rom	0x4C	gItemDescription_ITEM_STARDUST
0x083D65B4	rom	0x56	gItemDescription_ITEM_STAR_PIECE
0x083D660A	rom	0x57	gItemDescription_ITEM_NUGGET
0x083D6661	rom	0x62	gItemDescription_ITEM_HEART_SCALE
0x083D66C3	rom	0x51	gItemDescription_ITEM_ORANGE_MAIL
0x083D6714	rom	0x4F	gItemDescription_ITEM_HARBOR_MAIL
0x083D6763	rom	0x4F	gItemDescription_ITEM_GLITTER_MAIL
0x083D67B2	rom	0x51	gItemDescription_ITEM_MECH_MAIL
0x083D6803	rom	0x4F	gItemDescription_ITEM_WOOD_MAIL
0x083D6852	rom	0x4F	gItemDescription_ITEM_WAVE_MAIL
0x083D68A1	rom	0x5B	gItemDescription_ITEM_BEAD_MAIL
0x083D68FC	rom	0x4F	gItemDescription_ITEM_SHADOW_MAIL
0x083D694B	rom	0x51	gItemDescription_ITEM_TROPIC_MAIL
0x083D699C	rom	0x5B	gItemDescription_ITEM_DREAM_MAIL
0x083D69F7	rom	0x58	gItemDescription_ITEM_FAB_MAIL
0x083D6A4F	rom	0x58	gItemDescription_ITEM_RETRO_MAIL
0x083D6AA7	rom	0x45	gItemDescription_ITEM_CHERI_BERRY
0x083D6AEC	rom	0x3E	gItemDescription_ITEM_CHESTO_BERRY
0x083D6B2A	rom	0x42	gItemDescription_ITEM_PECHA_BERRY
0x083D6B6C	rom	0x42	gItemDescription_ITEM_RAWST_BERRY
0x083D6BAE	rom	0x42	gItemDescription_ITEM_ASPEAR_BERRY
0x083D6BF0	rom	0x44	gItemDescription_ITEM_LEPPA_BERRY
0x083D6C34	rom	0x44	gItemDescription_ITEM_ORAN_BERRY
0x083D6C78	rom	0x45	gItemDescription_ITEM_PERSIM_BERRY
0x083D6CBD	rom	0x47	gItemDescription_ITEM_LUM_BERRY
0x083D6D04	rom	0x44	gItemDescription_ITEM_SITRUS_BERRY
0x083D6D48	rom	0x40	gItemDescription_ITEM_FIGY_BERRY
0x083D6D88	rom	0x40	gItemDescription_ITEM_WIKI_BERRY
0x083D6DC8	rom	0x40	gItemDescription_ITEM_MAGO_BERRY
0x083D6E08	rom	0x40	gItemDescription_ITEM_AGUAV_BERRY
0x083D6E48	rom	0x40	gItemDescription_ITEM_IAPAPA_BERRY
0x083D6E88	rom	0x3E	gItemDescription_ITEM_RAZZ_BERRY
0x083D6EC6	rom	0x3E	gItemDescription_ITEM_BLUK_BERRY
0x083D6F04	rom	0x3E	gItemDescription_ITEM_NANAB_BERRY
0x083D6F42	rom	0x3E	gItemDescription_ITEM_WEPEAR_BERRY
0x083D6F80	rom	0x3E	gItemDescription_ITEM_PINAP_BERRY
0x083D6FBE	rom	0x3E	gItemDescription_ITEM_POMEG_BERRY
0x083D6FFC	rom	0x3E	gItemDescription_ITEM_KELPSY_BERRY
0x083D703A	rom	0x3E	gItemDescription_ITEM_QUALOT_BERRY
0x083D7078	rom	0x3E	gItemDescription_ITEM_HONDEW_BERRY
0x083D70B6	rom	0x3E	gItemDescription_ITEM_GREPA_BERRY
0x083D70F4	rom	0x3E	gItemDescription_ITEM_TAMATO_BERRY
0x083D7132	rom	0x3E	gItemDescription_ITEM_CORNN_BERRY
0x083D7170	rom	0x3E	gItemDescription_ITEM_MAGOST_BERRY
0x083D71AE	rom	0x3E	gItemDescription_ITEM_RABUTA_BERRY
0x083D71EC	rom	0x3E	gItemDescription_ITEM_NOMEL_BERRY
0x083D722A	rom	0x3E	gItemDescription_ITEM_SPELON_BERRY
0x083D7268	rom	0x3E	gItemDescription_ITEM_PAMTRE_BERRY
0x083D72A6	rom	0x3E	gItemDescription_ITEM_WATMEL_BERRY
0x083D72E4	rom	0x3E	gItemDescription_ITEM_DURIN_BERRY
0x083D7322	rom	0x3E	gItemDescription_ITEM_BELUE_BERRY
0x083D7360	rom	0x3E	gItemDescription_ITEM_LIECHI_BERRY
0x083D739E	rom	0x3F	gItemDescription_ITEM_GANLON_BERRY
0x083D73DD	rom	0x3D	gItemDescription_ITEM_SALAC_BERRY
0x083D741A	rom	0x3F	gItemDescription_ITEM_PETAYA_BERRY
0x083D7459	rom	0x3F	gItemDescription_ITEM_APICOT_BERRY
0x083D7498	rom	0x45	gItemDescription_ITEM_LANSAT_BERRY
0x083D74DD	rom	0x3F	gItemDescription_ITEM_STARF_BERRY
0x083D751C	rom	0x3E	gItemDescription_ITEM_ENIGMA_BERRY
0x083D755A	rom	0x5E	gItemDescription_ITEM_BRIGHT_POWDER
0x083D75B8	rom	0x63	gItemDescription_ITEM_WHITE_HERB
0x083D761B	rom	0x5E	gItemDescription_ITEM_MACHO_BRACE
0x083D7679	rom	0x62	gItemDescription_ITEM_EXP_SHARE
0x083D76DB	rom	0x61	gItemDescription_ITEM_QUICK_CLAW
0x083D773C	rom	0x69	gItemDescription_ITEM_SOOTHE_BELL
0x083D77A5	rom	0x5E	gItemDescription_ITEM_MENTAL_HERB
0x083D7803	rom	0x5B	gItemDescription_ITEM_CHOICE_BAND
0x083D785E	rom	0x54	gItemDescription_ITEM_KINGS_ROCK
0x083D78B2	rom	0x60	gItemDescription_ITEM_SILVER_POWDER
0x083D7912	rom	0x60	gItemDescription_ITEM_AMULET_COIN
0x083D7972	rom	0x5D	gItemDescription_ITEM_CLEANSE_TAG
0x083D79CF	rom	0x52	gItemDescription_ITEM_SOUL_DEW
0x083D7A21	rom	0x60	gItemDescription_ITEM_DEEP_SEA_TOOTH
0x083D7A81	rom	0x5F	gItemDescription_ITEM_DEEP_SEA_SCALE
0x083D7AE0	rom	0x5E	gItemDescription_ITEM_SMOKE_BALL
0x083D7B3E	rom	0x51	gItemDescription_ITEM_EVERSTONE
0x083D7B8F	rom	0x5E	gItemDescription_ITEM_FOCUS_BAND
0x083D7BED	rom	0x66	gItemDescription_ITEM_LUCKY_EGG
0x083D7C53	rom	0x63	gItemDescription_ITEM_SCOPE_LENS
0x083D7CB6	rom	0x64	gItemDescription_ITEM_METAL_COAT
0x083D7D1A	rom	0x59	gItemDescription_ITEM_LEFTOVERS
0x083D7D73	rom	0x42	gItemDescription_ITEM_DRAGON_SCALE
0x083D7DB5	rom	0x5C	gItemDescription_ITEM_LIGHT_BALL
0x083D7E11	rom	0x61	gItemDescription_ITEM_SOFT_SAND
0x083D7E72	rom	0x60	gItemDescription_ITEM_HARD_STONE
0x083D7ED2	rom	0x64	gItemDescription_ITEM_MIRACLE_SEED
0x083D7F36	rom	0x5E	gItemDescription_ITEM_BLACK_GLASSES
0x083D7F94	rom	0x5B	gItemDescription_ITEM_BLACK_BELT
0x083D7FEF	rom	0x61	gItemDescription_ITEM_MAGNET
0x083D8050	rom	0x62	gItemDescription_ITEM_MYSTIC_WATER
0x083D80B2	rom	0x60	gItemDescription_ITEM_SHARP_BEAK
0x083D8112	rom	0x65	gItemDescription_ITEM_POISON_BARB
0x083D8177	rom	0x5C	gItemDescription_ITEM_NEVER_MELT_ICE
0x083D81D3	rom	0x55	gItemDescription_ITEM_SPELL_TAG
0x083D8228	rom	0x62	gItemDescription_ITEM_TWISTED_SPOON
0x083D828A	rom	0x5E	gItemDescription_ITEM_CHARCOAL
0x083D82E8	rom	0x63	gItemDescription_ITEM_DRAGON_FANG
0x083D834B	rom	0x5F	gItemDescription_ITEM_SILK_SCARF
0x083D83AA	rom	0x4C	gItemDescription_ITEM_UP_GRADE
0x083D83F6	rom	0x5C	gItemDescription_ITEM_SHELL_BELL
0x083D8452	rom	0x53	gItemDescription_ITEM_SEA_INCENSE
0x083D84A5	rom	0x57	gItemDescription_ITEM_LAX_INCENSE
0x083D84FC	rom	0x49	gItemDescription_ITEM_LUCKY_PUNCH
0x083D8545	rom	0x4B	gItemDescription_ITEM_METAL_POWDER
0x083D8590	rom	0x57	gItemDescription_ITEM_THICK_CLUB
0x083D85E7	rom	0x57	gItemDescription_ITEM_STICK
0x083D863E	rom	0x5D	gItemDescription_ITEM_RED_SCARF
0x083D869B	rom	0x5F	gItemDescription_ITEM_BLUE_SCARF
0x083D86FA	rom	0x5D	gItemDescription_ITEM_PINK_SCARF
0x083D8757	rom	0x5E	gItemDescription_ITEM_GREEN_SCARF
0x083D87B5	rom	0x5E	gItemDescription_ITEM_YELLOW_SCARF
0x083D8813	rom	0x3D	gItemDescription_ITEM_MACH_BIKE
0x083D8850	rom	0x52	gItemDescription_ITEM_COIN_CASE
0x083D88A2	rom	0x66	gItemDescription_ITEM_ITEMFINDER
0x083D8908	rom	0x57	gItemDescription_ITEM_OLD_ROD
0x083D895F	rom	0x58	gItemDescription_ITEM_GOOD_ROD
0x083D89B7	rom	0x59	gItemDescription_ITEM_SUPER_ROD
0x083D8A10	rom	0x5A	gItemDescription_ITEM_SS_TICKET
0x083D8A6A	rom	0x5C	gItemDescription_ITEM_CONTEST_PASS
0x083D8AC6	rom	0x58	gItemDescription_ITEM_WAILMER_PAIL
0x083D8B1E	rom	0x55	gItemDescription_ITEM_DEVON_GOODS
0x083D8B73	rom	0x4E	gItemDescription_ITEM_SOOT_SACK
0x083D8BC1	rom	0x46	gItemDescription_ITEM_BASEMENT_KEY
0x083D8C07	rom	0x45	gItemDescription_ITEM_ACRO_BIKE
0x083D8C4C	rom	0x58	gItemDescription_ITEM_POKEBLOCK_CASE
0x083D8CA4	rom	0x55	gItemDescription_ITEM_LETTER
0x083D8CF9	rom	0x6D	gItemDescription_ITEM_EON_TICKET
0x083D8D66	rom	0x55	gItemDescription_ITEM_RED_ORB
0x083D8DBB	rom	0x56	gItemDescription_ITEM_BLUE_ORB
0x083D8E11	rom	0x50	gItemDescription_ITEM_SCANNER
0x083D8E61	rom	0x5E	gItemDescription_ITEM_GO_GOGGLES
0x083D8EBF	rom	0x54	gItemDescription_ITEM_METEORITE
0x083D8F13	rom	0x62	gItemDescription_ITEM_ROOM_1_KEY
0x083D8F75	rom	0x62	gItemDescription_ITEM_ROOM_2_KEY
0x083D8FD7	rom	0x62	gItemDescription_ITEM_ROOM_4_KEY
0x083D9039	rom	0x62	gItemDescription_ITEM_ROOM_6_KEY
0x083D909B	rom	0x60	gItemDescription_ITEM_STORAGE_KEY
0x083D90FB	rom	0x5B	gItemDescription_ITEM_ROOT_FOSSIL
0x083D9156	rom	0x55	gItemDescription_ITEM_CLAW_FOSSIL
0x083D91AB	rom	0x5A	gItemDescription_ITEM_DEVON_SCOPE
0x083D9205	rom	0x63	gItemDescription_ITEM_TM01
0x083D9268	rom	0x47	gItemDescription_ITEM_TM02
0x083D92AF	rom	0x4E	gItemDescription_ITEM_TM03
0x083D92FD	rom	0x57	gItemDescription_ITEM_TM04
0x083D9354	rom	0x5E	gItemDescription_ITEM_TM05
0x083D93B2	rom	0x51	gItemDescription_ITEM_TM06
0x083D9403	rom	0x64	gItemDescription_ITEM_TM07
0x083D9467	rom	0x5C	gItemDescription_ITEM_TM08
0x083D94C3	rom	0x5A	gItemDescription_ITEM_TM09
0x083D951D	rom	0x4F	gItemDescription_ITEM_TM10
0x083D956C	rom	0x5D	gItemDescription_ITEM_TM11
0x083D95C9	rom	0x51	gItemDescription_ITEM_TM12
0x083D961A	rom	0x45	gItemDescription_ITEM_TM13
0x083D965F	rom	0x57	gItemDescription_ITEM_TM14
0x083D96B6	rom	0x62	gItemDescription_ITEM_TM15
0x083D9718	rom	0x54	gItemDescription_ITEM_TM16
0x083D976C	rom	0x68	gItemDescription_ITEM_TM17
0x083D97D4	rom	0x5A	gItemDescription_ITEM_TM18
0x083D982E	rom	0x5F	gItemDescription_ITEM_TM19
0x083D988D	rom	0x4E	gItemDescription_ITEM_TM20
0x083D98DB	rom	0x50	gItemDescription_ITEM_TM21
0x083D992B	rom	0x69	gItemDescription_ITEM_TM22
0x083D9994	rom	0x58	gItemDescription_ITEM_TM23
0x083D99EC	rom	0x4E	gItemDescription_ITEM_TM24
0x083D9A3A	rom	0x41	gItemDescription_ITEM_TM25
0x083D9A7B	rom	0x4D	gItemDescription_ITEM_TM26
0x083D9AC8	rom	0x4D	gItemDescription_ITEM_TM27
0x083D9B15	rom	0x63	gItemDescription_ITEM_TM28
0x083D9B78	rom	0x60	gItemDescription_ITEM_TM29
0x083D9BD8	rom	0x51	gItemDescription_ITEM_TM30
0x083D9C29	rom	0x63	gItemDescription_ITEM_TM31
0x083D9C8C	rom	0x5C	gItemDescription_ITEM_TM32
0x083D9CE8	rom	0x63	gItemDescription_ITEM_TM33
0x083D9D4B	rom	0x51	gItemDescription_ITEM_TM34
0x083D9D9C	rom	0x54	gItemDescription_ITEM_TM35
0x083D9DF0	rom	0x53	gItemDescription_ITEM_TM36
0x083D9E43	rom	0x64	gItemDescription_ITEM_TM37
0x083D9EA7	rom	0x53	gItemDescription_ITEM_TM38
0x083D9EFA	rom	0x53	gItemDescription_ITEM_TM39
0x083D9F4D	rom	0x48	gItemDescription_ITEM_TM40
0x083D9F95	rom	0x5D	gItemDescription_ITEM_TM41
0x083D9FF2	rom	0x59	gItemDescription_ITEM_TM42
0x083DA04B	rom	0x53	gItemDescription_ITEM_TM43
0x083DA09E	rom	0x62	gItemDescription_ITEM_TM44
0x083DA100	rom	0x5A	gItemDescription_ITEM_TM45
0x083DA15A	rom	0x4B	gItemDescription_ITEM_TM46
0x083DA1A5	rom	0x54	gItemDescription_ITEM_TM47
0x083DA1F9	rom	0x59	gItemDescription_ITEM_TM48
0x083DA252	rom	0x61	gItemDescription_ITEM_TM49
0x083DA2B3	rom	0x65	gItemDescription_ITEM_TM50
0x083DA318	rom	0x69	gItemDescription_ITEM_HM01
0x083DA381	rom	0x66	gItemDescription_ITEM_HM02
0x083DA3E7	rom	0x5D	gItemDescription_ITEM_HM03
0x083DA444	rom	0x65	gItemDescription_ITEM_HM04
0x083DA4A9	rom	0x60	gItemDescription_ITEM_HM05
0x083DA509	rom	0x51	gItemDescription_ITEM_HM06
0x083DA55A	rom	0x4E	gItemDescription_ITEM_HM07
0x083DA5A8	rom	0x65	gItemDescription_ITEM_HM08
0x083DA60D	rom	0x49	gItemDescription_ITEM_OAKS_PARCEL
0x083DA656	rom	0x4C	gItemDescription_ITEM_POKE_FLUTE
0x083DA6A2	rom	0x4E	gItemDescription_ITEM_SECRET_KEY
0x083DA6F0	rom	0x53	gItemDescription_ITEM_BIKE_VOUCHER
0x083DA743	rom	0x53	gItemDescription_ITEM_GOLD_TEETH
0x083DA796	rom	0x61	gItemDescription_ITEM_OLD_AMBER
0x083DA7F7	rom	0x4F	gItemDescription_ITEM_CARD_KEY
0x083DA846	rom	0x5A	gItemDescription_ITEM_LIFT_KEY
0x083DA8A0	rom	0x59	gItemDescription_ITEM_HELIX_FOSSIL
0x083DA8F9	rom	0x56	gItemDescription_ITEM_DOME_FOSSIL
0x083DA94F	rom	0x46	gItemDescription_ITEM_SILPH_SCOPE
0x083DA995	rom	0x46	gItemDescription_ITEM_BICYCLE
0x083DA9DB	rom	0x58	gItemDescription_ITEM_TOWN_MAP
0x083DAA33	rom	0x5A	gItemDescription_ITEM_VS_SEEKER
0x083DAA8D	rom	0x54	gItemDescription_ITEM_FAME_CHECKER
0x083DAAE1	rom	0x5C	gItemDescription_ITEM_TM_CASE
0x083DAB3D	rom	0x5B	gItemDescription_ITEM_BERRY_POUCH
0x083DAB98	rom	0x52	gItemDescription_ITEM_TEACHY_TV
0x083DABEA	rom	0x5A	gItemDescription_ITEM_TRI_PASS
0x083DAC44	rom	0x60	gItemDescription_ITEM_RAINBOW_PASS
0x083DACA4	rom	0x4E	gItemDescription_ITEM_TEA
0x083DACF2	rom	0x51	gItemDescription_ITEM_MYSTIC_TICKET
0x083DAD43	rom	0x4B	gItemDescription_ITEM_AURORA_TICKET
0x083DAD8E	rom	0x3B	gItemDescription_ITEM_POWDER_JAR
0x083DADC9	rom	0x49	gItemDescription_ITEM_RUBY
0x083DAE12	rom	0x4A	gItemDescription_ITEM_SAPPHIRE
0x083DAE5C	rom	0x6	gItemDescription_ITEM_NONE
0x083DAE64	rom	0x4074	gItems
0x083DEED8	rom	0x18	sShopMenuActions_BuySellQuit
0x083DEEF0	rom	0x8	sShopMenuActions_BuyQuit
0x083DEEF8	rom	0x8	sShopMenuWindowTemplate
0x083DEF00	rom	0x10	sShopBuyMenuBgTemplates
0x083DEF10	rom	0x6	sEscalatorMetatiles_BottomNextRail
0x083DEF16	rom	0x6	sEscalatorMetatiles_BottomRail
0x083DEF1C	rom	0x6	sEscalatorMetatiles_BottomNext
0x083DEF22	rom	0x6	sEscalatorMetatiles_Bottom
0x083DEF28	rom	0x6	sEscalatorMetatiles_TopNext
0x083DEF2E	rom	0x6	sEscalatorMetatiles_Top
0x083DEF34	rom	0x6	sEscalatorMetatiles_TopNextRail
0x083DEF3C	rom	0x11	sBerryDescriptionPart1_Cheri
0x083DEF4D	rom	0x11	sBerryDescriptionPart2_Cheri
0x083DEF5E	rom	0x17	sBerryDescriptionPart1_Chesto
0x083DEF75	rom	0x13	sBerryDescriptionPart2_Chesto
0x083DEF88	rom	0xF	sBerryDescriptionPart1_Pecha
0x083DEF97	rom	0x15	sBerryDescriptionPart2_Pecha
0x083DEFAC	rom	0x17	sBerryDescriptionPart1_Rawst
0x083DEFC3	rom	0x12	sBerryDescriptionPart2_Rawst
0x083DEFD5	rom	0x16	sBerryDescriptionPart1_Aspear
0x083DEFEB	rom	0x17	sBerryDescriptionPart2_Aspear
0x083DF002	rom	0x16	sBerryDescriptionPart1_Leppa
0x083DF018	rom	0x15	sBerryDescriptionPart2_Leppa
0x083DF02D	rom	0x17	sBerryDescriptionPart1_Oran
0x083DF044	rom	0x13	sBerryDescriptionPart2_Oran
0x083DF057	rom	0x14	sBerryDescriptionPart1_Persim
0x083DF06B	rom	0x13	sBerryDescriptionPart2_Persim
0x083DF07E	rom	0x16	sBerryDescriptionPart1_Lum
0x083DF094	rom	0x16	sBerryDescriptionPart2_Lum
0x083DF0AA	rom	0x17	sBerryDescriptionPart1_Sitrus
0x083DF0C1	rom	0x13	sBerryDescriptionPart2_Sitrus
0x083DF0D4	rom	0x17	sBerryDescriptionPart1_Figy
0x083DF0EB	rom	0x12	sBerryDescriptionPart2_Figy
0x083DF0FD	rom	0x17	sBerryDescriptionPart1_Wiki
0x083DF114	rom	0x16	sBerryDescriptionPart2_Wiki
0x083DF12A	rom	0x16	sBerryDescriptionPart1_Mago
0x083DF140	rom	0x11	sBerryDescriptionPart2_Mago
0x083DF151	rom	0x17	sBerryDescriptionPart1_Aguav
0x083DF168	rom	0x15	sBerryDescriptionPart2_Aguav
0x083DF17D	rom	0x13	sBerryDescriptionPart1_Iapapa
0x083DF190	rom	0x17	sBerryDescriptionPart2_Iapapa
0x083DF1A7	rom	0x17	sBerryDescriptionPart1_Razz
0x083DF1BE	rom	0x17	sBerryDescriptionPart2_Razz
0x083DF1D5	rom	0x13	sBerryDescriptionPart1_Bluk
0x083DF1E8	rom	0x12	sBerryDescriptionPart2_Bluk
0x083DF1FA	rom	0x16	sBerryDescriptionPart1_Nanab
0x083DF210	rom	0x16	sBerryDescriptionPart2_Nanab
0x083DF226	rom	0x16	sBerryDescriptionPart1_Wepear
0x083DF23C	rom	0x17	sBerryDescriptionPart2_Wepear
0x083DF253	rom	0x13	sBerryDescriptionPart1_Pinap
0x083DF266	rom	0x17	sBerryDescriptionPart2_Pinap
0x083DF27D	rom	0x14	sBerryDescriptionPart1_Pomeg
0x083DF291	rom	0x14	sBerryDescriptionPart2_Pomeg
0x083DF2A5	rom	0x14	sBerryDescriptionPart1_Kelpsy
0x083DF2B9	rom	0x17	sBerryDescriptionPart2_Kelpsy
0x083DF2D0	rom	0x15	sBerryDescriptionPart1_Qualot
0x083DF2E5	rom	0x11	sBerryDescriptionPart2_Qualot
0x083DF2F6	rom	0x17	sBerryDescriptionPart1_Hondew
0x083DF30D	rom	0x14	sBerryDescriptionPart2_Hondew
0x083DF321	rom	0x12	sBerryDescriptionPart1_Grepa
0x083DF333	rom	0x13	sBerryDescriptionPart2_Grepa
0x083DF346	rom	0x16	sBerryDescriptionPart1_Tamato
0x083DF35C	rom	0x11	sBerryDescriptionPart2_Tamato
0x083DF36D	rom	0x14	sBerryDescriptionPart1_Cornn
0x083DF381	rom	0x15	sBerryDescriptionPart2_Cornn
0x083DF396	rom	0x12	sBerryDescriptionPart1_Magost
0x083DF3A8	rom	0xC	sBerryDescriptionPart2_Magost
0x083DF3B4	rom	0x15	sBerryDescriptionPart1_Rabuta
0x083DF3C9	rom	0xF	sBerryDescriptionPart2_Rabuta
0x083DF3D8	rom	0x13	sBerryDescriptionPart1_Nomel
0x083DF3EB	rom	0x15	sBerryDescriptionPart2_Nomel
0x083DF400	rom	0x17	sBerryDescriptionPart1_Spelon
0x083DF417	rom	0x16	sBerryDescriptionPart2_Spelon
0x083DF42D	rom	0x16	sBerryDescriptionPart1_Pamtre
0x083DF443	rom	0x16	sBerryDescriptionPart2_Pamtre
0x083DF459	rom	0x17	sBerryDescriptionPart1_Watmel
0x083DF470	rom	0x15	sBerryDescriptionPart2_Watmel
0x083DF485	rom	0x17	sBerryDescriptionPart1_Durin
0x083DF49C	rom	0x15	sBerryDescriptionPart2_Durin
0x083DF4B1	rom	0x17	sBerryDescriptionPart1_Belue
0x083DF4C8	rom	0x17	sBerryDescriptionPart2_Belue
0x083DF4DF	rom	0x13	sBerryDescriptionPart1_Liechi
0x083DF4F2	rom	0x15	sBerryDescriptionPart2_Liechi
0x083DF507	rom	0x13	sBerryDescriptionPart1_Ganlon
0x083DF51A	rom	0x15	sBerryDescriptionPart2_Ganlon
0x083DF52F	rom	0x13	sBerryDescriptionPart1_Salac
0x083DF542	rom	0x15	sBerryDescriptionPart2_Salac
0x083DF557	rom	0x14	sBerryDescriptionPart1_Petaya
0x083DF56B	rom	0x17	sBerryDescriptionPart2_Petaya
0x083DF582	rom	0x13	sBerryDescriptionPart1_Apicot
0x083DF595	rom	0x17	sBerryDescriptionPart2_Apicot
0x083DF5AC	rom	0x17	sBerryDescriptionPart1_Lansat
0x083DF5C3	rom	0x15	sBerryDescriptionPart2_Lansat
0x083DF5D8	rom	0x13	sBerryDescriptionPart1_Starf
0x083DF5EB	rom	0x15	sBerryDescriptionPart2_Starf
0x083DF600	rom	0x10	sBerryDescriptionPart1_Enigma
0x083DF610	rom	0x14	sBerryDescriptionPart2_Enigma
0x083DF624	rom	0x4B4	gBerries
0x083DFAD8	rom	0xAC	gBerryCrush_BerryData
0x083DFB84	rom	0x8	gBlankBerryTree
0x083DFB8C	rom	0x10	sMultichoiceList_YesNo
0x083DFB9C	rom	0x20	sMultichoiceList_TrainerCardIconTint
0x083DFBBC	rom	0x10	sMultichoiceList_HOF_Quit
0x083DFBCC	rom	0x10	sMultichoiceList_Eggs_Quit
0x083DFBDC	rom	0x10	sMultichoiceList_Victories_Quit
0x083DFBEC	rom	0x18	sMultichoiceList_HOF_Eggs_Quit
0x083DFC04	rom	0x18	sMultichoiceList_HOF_Victories_Quit
0x083DFC1C	rom	0x18	sMultichoiceList_Eggs_Victories_Quit
0x083DFC34	rom	0x20	sMultichoiceList_HOF_Eggs_Victories_Quit
0x083DFC54	rom	0x30	sMultichoiceList_TrainerSchoolWhiteboard
0x083DFC84	rom	0x18	sMultichoiceList_YesNoInfo
0x083DFC9C	rom	0x28	sMultichoiceList_SingleDoubleMultiInfoExit
0x083DFCC4	rom	0x18	sMultichoiceList_YesNoInfo2
0x083DFCDC	rom	0x18	sMultichoiceList_ChallengeInfoExit
0x083DFCF4	rom	0x18	sMultichoiceList_RooftopB1F
0x083DFD0C	rom	0x10	sMultichoiceList_Helix
0x083DFD1C	rom	0x10	sMultichoiceList_Dome
0x083DFD2C	rom	0x10	sMultichoiceList_Amber
0x083DFD3C	rom	0x18	sMultichoiceList_HelixAmber
0x083DFD54	rom	0x18	sMultichoiceList_DomeAmber
0x083DFD6C	rom	0x20	sMultichoiceList_CeladonVendingMachine
0x083DFD8C	rom	0x30	sMultichoiceList_GameCornerTMPrizes
0x083DFDBC	rom	0x30	sMultichoiceList_GameCornerBattleItemPrizes
0x083DFDEC	rom	0x18	sMultichoiceList_GameCornerCoinPurchaseCounter
0x083DFE04	rom	0x10	sMultichoiceList_Excellent_NotSoBad
0x083DFE14	rom	0x10	sMultichoiceList_RightLeft
0x083DFE24	rom	0x30	sMultichoiceList_DeptStoreElevator
0x083DFE54	rom	0x10	sMultichoiceList_ThirstyGirlFreshWater
0x083DFE64	rom	0x10	sMultichoiceList_ThirstyGirlSodaPop
0x083DFE74	rom	0x18	sMultichoiceList_ThirstyGirlFreshWaterSodaPop
0x083DFE8C	rom	0x10	sMultichoiceList_ThirstyGirlLemonade
0x083DFE9C	rom	0x18	sMultichoiceList_ThirstyGirlFreshWaterLemonade
0x083DFEB4	rom	0x18	sMultichoiceList_ThirstyGirlSodaPopLemonade
0x083DFECC	rom	0x20	sMultichoiceList_ThirstyGirlFreshWaterSodaPopLemonade
0x083DFEEC	rom	0x10	sMultichoiceList_Unref_Shards_0
0x083DFEFC	rom	0x18	sMultichoiceList_Unref_Shards_1
0x083DFF14	rom	0x18	sMultichoiceList_Unref_Shards_2
0x083DFF2C	rom	0x20	sMultichoiceList_Unref_Shards_3
0x083DFF4C	rom	0x18	sMultichoiceList_Unref_Shards_4
0x083DFF64	rom	0x20	sMultichoiceList_Unref_Shards_5
0x083DFF84	rom	0x20	sMultichoiceList_Unref_Shards_6
0x083DFFA4	rom	0x28	sMultichoiceList_Unref_Shards_7
0x083DFFCC	rom	0x28	sMultichoiceList_Eeveelutions
0x083DFFF4	rom	0x10	sMultichoiceList_BikeShop
0x083E0004	rom	0x30	sMultichoiceList_GameCornerPokemonPrizes
0x083E0034	rom	0x18	sMultichoiceList_TradeCenter_Colosseum
0x083E004C	rom	0x18	sMultichoiceList_Link_Wireless
0x083E0064	rom	0x20	sMultichoiceList_RocketHideoutElevator
0x083E0084	rom	0x20	sMultichoiceList_LinkedDirectUnion
0x083E00A4	rom	0x18	sMultichoiceList_Island23
0x083E00BC	rom	0x18	sMultichoiceList_Island13
0x083E00D4	rom	0x18	sMultichoiceList_Island12
0x083E00EC	rom	0x20	sMultichoiceList_TradeColosseumCrush
0x083E010C	rom	0x18	sMultichoiceList_48
0x083E0124	rom	0x18	sMultichoiceList_TradeColosseum_2
0x083E013C	rom	0x18	sMultichoiceList_PokejumpDodrio
0x083E0154	rom	0x10	sMultichoiceList_Mushrooms
0x083E0164	rom	0x28	sMultichoiceList_TradeColosseumBlankCrush
0x083E018C	rom	0x20	sMultichoiceList_TradeColosseumBlank
0x083E01AC	rom	0x18	sMultichoiceList_SeviiNavel
0x083E01C4	rom	0x18	sMultichoiceList_SeviiBirth
0x083E01DC	rom	0x20	sMultichoiceList_SeviiNavelBirth
0x083E01FC	rom	0x20	sMultichoiceList_Seagallop123
0x083E021C	rom	0x20	sMultichoiceList_SeagallopV23
0x083E023C	rom	0x20	sMultichoiceList_SeagallopV13
0x083E025C	rom	0x20	sMultichoiceList_SeagallopV12
0x083E027C	rom	0x10	sMultichoiceList_SeagallopVermilion
0x083E028C	rom	0x18	sMultichoiceList_62
0x083E02A4	rom	0x18	sMultichoiceList_JoinOrLead
0x083E02BC	rom	0x28	sMultichoiceList_TrainerTowerMode
0x083E02E4	rom	0x8	sMultichoiceList_Exit
0x083E02EC	rom	0x208	sMultichoiceLists
0x083E04F4	rom	0x74	gStdStringPtrs
0x083E0568	rom	0xC	sDescriptionPtrs_CableClub_TradeBattleCancel
0x083E0574	rom	0x10	sDescriptionPtrs_WirelessCenter_TradeBattleCrushCancel
0x083E0584	rom	0xC	sDescriptionPtrs_WirelessCenter_TradeBattleCancel
0x083E0590	rom	0x8	sMuseumFossilAnim0
0x083E0598	rom	0x4	sMuseumFossilAnimCmdTable
0x083E059C	rom	0x8	sMuseumFossilOamData
0x083E05A4	rom	0x18	sMuseumFossilSprTemplate
0x083E05BC	rom	0x800	sMuseumAerodactylSprTiles
0x083E0DBC	rom	0x20	sMuseumAerodactylSprPalette
0x083E0DDC	rom	0x800	sMuseumKabutopsSprTiles
0x083E15DC	rom	0x20	sMuseumKabutopsSprPalette
0x083E15FC	rom	0x10	sMuseumKabutopsSprSheets
0x083E160C	rom	0x10	sMuseumAerodactylSprSheets
0x083E161C	rom	0x20	sSeagallopDestStrings
0x083E163C	rom	0xC0	sPCIconOff_Gfx
0x083E16FC	rom	0xC0	sPCIconOn_Gfx
0x083E17BC	rom	0x900	sRival_Gfx
0x083E20BC	rom	0x10	sTransferredToPCMessages
0x083E20CC	rom	0x10	sBgTemplates
0x083E20DC	rom	0x30	sWindowTemplates
0x083E210C	rom	0x60	sKeyboardChars
0x083E216C	rom	0x3	sPageColumnCounts
0x083E216F	rom	0x18	sPageColumnXPos
0x083E2187	rom	0x3	sPageToNextGfxId
0x083E218A	rom	0x3	sPageToNextKeyboardId
0x083E218D	rom	0x3	sPageToKeyboardId
0x083E2190	rom	0x10	sPageSwapAnimStateFuncs
0x083E21B0	rom	0x3	sButtonKeyRoles
0x083E21B4	rom	0x10	sPageSwapSpriteFuncs
0x083E21C4	rom	0x6	sPageSwapPalTags
0x083E21CA	rom	0x6	sPageSwapGfxTags
0x083E21D0	rom	0x14	sIconFunctions
0x083E21E4	rom	0x14	sAnim_Rival
0x083E21F8	rom	0x4	sAnims_Rival
0x083E220C	rom	0x10	sKeyboardKeyHandlers
0x083E221C	rom	0x8	sInputFuncs
0x083E2248	rom	0x14	sDrawTextEntryBoxFuncs
0x083E225C	rom	0x8	sDrawGenderIconFuncs
0x083E2264	rom	0x6	sGenderColors
0x083E226C	rom	0xC	sTextColorStruct
0x083E2278	rom	0x3	sFillValues
0x083E227C	rom	0xC	sKeyboardTextColors
0x083E2288	rom	0xC	sNextKeyboardPageTilemaps
0x083E2298	rom	0xC	sPlayerNamingScreenTemplate
0x083E22A4	rom	0xC	sPcBoxNamingScreenTemplate
0x083E22B0	rom	0xC	sMonNamingScreenTemplate
0x083E22BC	rom	0xC	sRivalNamingScreenTemplate
0x083E22C8	rom	0x14	sNamingScreenTemplates
0x083E22DC	rom	0x8	sOam_8x8
0x083E22E4	rom	0x8	sOam_16x16
0x083E22EC	rom	0x8	sOam_32x16
0x083E22F4	rom	0x20	sSubsprites_PageSwapFrame
0x083E2314	rom	0x8	sSubsprites_PageSwapText
0x083E231C	rom	0x18	sSubsprites_Button
0x083E2334	rom	0xC	sSubsprites_PCIcon
0x083E2340	rom	0x8	sSubspriteTable_PageSwapFrame
0x083E2348	rom	0x18	sSubspriteTable_PageSwapText
0x083E2360	rom	0x8	sSubspriteTable_Button
0x083E2368	rom	0x8	sSubspriteTable_PCIcon
0x083E2370	rom	0x10	sImageTable_PCIcon
0x083E2380	rom	0x8	sAnim_Loop
0x083E2388	rom	0xC	sAnim_CursorSquish
0x083E2394	rom	0xC	sAnim_PCIcon
0x083E23A0	rom	0x4	sAnims_Loop
0x083E23A4	rom	0x8	sAnims_Cursor
0x083E23AC	rom	0x4	sAnims_PCIcon
0x083E23B0	rom	0x18	sSpriteTemplate_PageSwapFrame
0x083E23C8	rom	0x18	sSpriteTemplate_PageSwapButton
0x083E23E0	rom	0x18	sSpriteTemplate_PageSwapText
0x083E23F8	rom	0x18	sSpriteTemplate_BackButton
0x083E2410	rom	0x18	sSpriteTemplate_OkButton
0x083E2428	rom	0x18	sSpriteTemplate_Cursor
0x083E2440	rom	0x18	sSpriteTemplate_InputArrow
0x083E2458	rom	0x18	sSpriteTemplate_Underscore
0x083E2470	rom	0x18	sSpriteTemplate_PCIcon
0x083E2488	rom	0x30	sNamingScreenKeyboardText
0x083E24B8	rom	0x68	sSpriteSheets
0x083E2520	rom	0x48	sSpritePalettes
0x083E2568	rom	0x80	sBigMonSizeTable
0x083E25E8	rom	0x7	sGiftRibbonsMonDataIds
0x083E25F0	rom	0x1A0	sUnused
0x083E2790	rom	0x10	sExitCallbackByItemType
0x083E27A0	rom	0x4	sUnused
0x083E27A4	rom	0x24	sPowderParticlesAnimCmds
0x083E27C8	rom	0x4	sPowderParticlesAnimTable
0x083E27CC	rom	0x18	gSleepPowderParticleSpriteTemplate
0x083E27E4	rom	0x18	gStunSporeParticleSpriteTemplate
0x083E27FC	rom	0x18	gPoisonPowderParticleSpriteTemplate
0x083E2814	rom	0x8	sSolarBeamBigOrbAnimCmds1
0x083E281C	rom	0x8	sSolarBeamBigOrbAnimCmds2
0x083E2824	rom	0x8	sSolarBeamBigOrbAnimCmds3
0x083E282C	rom	0x8	sSolarBeamBigOrbAnimCmds4
0x083E2834	rom	0x8	sSolarBeamBigOrbAnimCmds5
0x083E283C	rom	0x8	sSolarBeamBigOrbAnimCmds6
0x083E2844	rom	0x8	sSolarBeamBigOrbAnimCmds7
0x083E284C	rom	0x8	sSolarBeamSmallOrbAnimCms
0x083E2854	rom	0x8	sPowerAbsorptionOrbAnimCmds
0x083E285C	rom	0x1C	sSolarBeamBigOrbAnimTable
0x083E2878	rom	0x4	sSolarBeamSmallOrbAnimTable
0x083E287C	rom	0x4	sPowerAbsorptionOrbAnimTable
0x083E2880	rom	0x10	sPowerAbsorptionOrbAffineAnimCmds
0x083E2890	rom	0x4	sPowerAbsorptionOrbAffineAnimTable
0x083E2894	rom	0x18	gPowerAbsorptionOrbSpriteTemplate
0x083E28AC	rom	0x18	gSolarBeamBigOrbSpriteTemplate
0x083E28C4	rom	0x18	gSolarBeamSmallOrbSpriteTemplate
0x083E28DC	rom	0x18	sStockpileAbsorptionOrbAffineCmds
0x083E28F4	rom	0x4	sStockpileAbsorptionOrbAffineAnimTable
0x083E28F8	rom	0x18	gStockpileAbsorptionOrbSpriteTemplate
0x083E2910	rom	0x10	sAbsorptionOrbAffineAnimCmds
0x083E2920	rom	0x4	sAbsorptionOrbAffineAnimTable
0x083E2924	rom	0x18	gAbsorptionOrbSpriteTemplate
0x083E293C	rom	0x18	gHyperBeamOrbSpriteTemplate
0x083E2954	rom	0x8	sLeechSeedAnimCmds1
0x083E295C	rom	0xC	sLeechSeedAnimCmds2
0x083E2968	rom	0x8	sLeechSeedAnimTable
0x083E2970	rom	0x18	gLeechSeedSpriteTemplate
0x083E2988	rom	0x8	sSporeParticleAnimCmds1
0x083E2990	rom	0x8	sSporeParticleAnimCmds2
0x083E2998	rom	0x8	sSporeParticleAnimTable
0x083E29A0	rom	0x18	gSporeParticleSpriteTemplate
0x083E29B8	rom	0x8	sPetalDanceBigFlowerAnimCmds
0x083E29C0	rom	0x8	sPetalDanceSmallFlowerAnimCmds
0x083E29C8	rom	0x4	sPetalDanceBigFlowerAnimTable
0x083E29CC	rom	0x4	sPetalDanceSmallFlowerAnimTable
0x083E29D0	rom	0x18	gPetalDanceBigFlowerSpriteTemplate
0x083E29E8	rom	0x18	gPetalDanceSmallFlowerSpriteTemplate
0x083E2A00	rom	0x2C	sRazorLeafParticleAnimCmds1
0x083E2A2C	rom	0x10	sRazorLeafParticleAnimCmds2
0x083E2A3C	rom	0x8	sRazorLeafParticleAnimTable
0x083E2A44	rom	0x18	gRazorLeafParticleSpriteTemplate
0x083E2A5C	rom	0x18	gTwisterLeafSpriteTemplate
0x083E2A74	rom	0x14	sRazorLeafCutterAnimCmds
0x083E2A88	rom	0x4	sRazorLeafCutterAnimTable
0x083E2A8C	rom	0x18	gRazorLeafCutterSpriteTemplate
0x083E2AA4	rom	0x10	sSwiftStarAffineAnimCmds
0x083E2AB4	rom	0x4	sSwiftStarAffineAnimTable
0x083E2AB8	rom	0x18	gSwiftStarSpriteTemplate
0x083E2AD0	rom	0x14	sAnim_ConstrictBinding
0x083E2AE4	rom	0x14	sAnim_ConstrictBinding_Flipped
0x083E2AF8	rom	0x8	sAnims_ConstrictBinding
0x083E2B00	rom	0x20	sAffineAnim_ConstrictBinding
0x083E2B20	rom	0x20	sAffineAnim_ConstrictBinding_Flipped
0x083E2B40	rom	0x8	sAffineAnims_ConstrictBinding
0x083E2B48	rom	0x18	gConstrictBindingSpriteTemplate
0x083E2B60	rom	0x18	sMimicOrbAffineAnimCmds1
0x083E2B78	rom	0x10	sMimicOrbAffineAnimCmds2
0x083E2B88	rom	0x8	sMimicOrbAffineAnimTable
0x083E2B90	rom	0x18	gMimicOrbSpriteTemplate
0x083E2BA8	rom	0x14	sIngrainRootAnimCmds1
0x083E2BBC	rom	0x14	sIngrainRootAnimCmds2
0x083E2BD0	rom	0x10	sIngrainRootAnimCmds3
0x083E2BE0	rom	0x10	sIngrainRootAnimCmds4
0x083E2BF0	rom	0x10	sIngrainRootAnimTable
0x083E2C00	rom	0x18	gIngrainRootSpriteTemplate
0x083E2C18	rom	0x18	gFrenzyPlantRootSpriteTemplate
0x083E2C30	rom	0xC	sIngrainOrbAnimCmds
0x083E2C3C	rom	0x4	sIngrainOrbAnimTable
0x083E2C40	rom	0x18	gIngrainOrbSpriteTemplate
0x083E2C58	rom	0x8	sFallingBagAnimCmds
0x083E2C60	rom	0x4	sFallingBagAnimTable
0x083E2C64	rom	0x20	sFallingBagAffineAnimCmds1
0x083E2C84	rom	0x38	sFallingBagAffineAnimCmds2
0x083E2CBC	rom	0x8	sFallingBagAffineAnimTable
0x083E2CC4	rom	0x18	gPresentSpriteTemplate
0x083E2CDC	rom	0x18	gKnockOffItemSpriteTemplate
0x083E2CF4	rom	0x14	sPresentHealParticleAnimCmds
0x083E2D08	rom	0x4	sPresentHealParticleAnimTable
0x083E2D0C	rom	0x18	gPresentHealParticleSpriteTemplate
0x083E2D24	rom	0x18	gItemStealSpriteTemplate
0x083E2D3C	rom	0x10	sTrickBagAffineAnimCmds1
0x083E2D4C	rom	0x40	sTrickBagAffineAnimCmds2
0x083E2D8C	rom	0x10	sTrickBagAffineAnimTable
0x083E2D9C	rom	0x18	gTrickBagSpriteTemplate
0x083E2DB4	rom	0x21	gTrickBagCoordinates
0x083E2DD8	rom	0x8	sLeafBladeAnimCmds1
0x083E2DE0	rom	0x8	sLeafBladeAnimCmds2
0x083E2DE8	rom	0x8	sLeafBladeAnimCmds3
0x083E2DF0	rom	0x8	sLeafBladeAnimCmds4
0x083E2DF8	rom	0x8	sLeafBladeAnimCmds5
0x083E2E00	rom	0x8	sLeafBladeAnimCmds6
0x083E2E08	rom	0x8	sLeafBladeAnimCmds7
0x083E2E10	rom	0x1C	sLeafBladeAnimTable
0x083E2E2C	rom	0x18	gLeafBladeSpriteTemplate
0x083E2E44	rom	0x18	sAromatherapyBigFlowerAffineAnimCmds
0x083E2E5C	rom	0x4	sAromatherapyBigFlowerAffineAnimTable
0x083E2E60	rom	0x18	gAromatherapySmallFlowerSpriteTemplate
0x083E2E78	rom	0x18	gAromatherapyBigFlowerSpriteTemplate
0x083E2E90	rom	0x18	sSilverWindBigSparkAffineAnimCmds
0x083E2EA8	rom	0x18	sSilverWindMediumSparkAffineAnimCmds
0x083E2EC0	rom	0x18	sSilverWindSmallSparkAffineAnimCmds
0x083E2ED8	rom	0x4	sSilverWindBigSparkAffineAnimTable
0x083E2EDC	rom	0x4	sSilverWindMediumSparkAffineAnimTable
0x083E2EE0	rom	0x4	sSilverWindSmallSparkAffineAnimTable
0x083E2EE4	rom	0x18	gSilverWindBigSparkSpriteTemplate
0x083E2EFC	rom	0x18	gSilverWindMediumSparkSpriteTemplate
0x083E2F14	rom	0x18	gSilverWindSmallSparkSpriteTemplate
0x083E2F2C	rom	0xE	sMagicalLeafBlendColors
0x083E2F3C	rom	0x18	gNeedleArmSpikeSpriteTemplate
0x083E2F54	rom	0x14	sAnim_Whip
0x083E2F68	rom	0x14	sAnim_Whip_Flipped
0x083E2F7C	rom	0x8	sAnims_Whip
0x083E2F84	rom	0x18	gSlamHitSpriteTemplate
0x083E2F9C	rom	0x18	gVineWhipSpriteTemplate
0x083E2FB4	rom	0x18	sAnim_SlidingHit
0x083E2FCC	rom	0x4	sAnims_SlidingHit
0x083E2FD0	rom	0x18	sSlidingHit1SpriteTemplate
0x083E2FE8	rom	0x18	sSlidingHit2SpriteTemplate
0x083E3000	rom	0x10	sAffineAnim_FlickeringPunch_Normal
0x083E3010	rom	0x10	sAffineAnim_FlickeringPunch_TurnedTopLeft
0x083E3020	rom	0x10	sAffineAnim_FlickeringPunch_TurnedLeft
0x083E3030	rom	0x10	sAffineAnim_FlickeringPunch_TurnedBottomLeft
0x083E3040	rom	0x10	sAffineAnim_FlickeringPunch_UpsideDown
0x083E3050	rom	0x10	sAffineAnim_FlickeringPunch_TurnedBottomRight
0x083E3060	rom	0x10	sAffineAnim_FlickeringPunch_TurnedRight
0x083E3070	rom	0x10	sAffineAnim_FlickeringPunch_TurnedTopRight
0x083E3080	rom	0x20	sAffineAnims_FlickeringPunch
0x083E30A0	rom	0x18	sFlickeringPunchSpriteTemplate
0x083E30B8	rom	0x14	sCuttingSliceAnimCmds
0x083E30CC	rom	0x4	sCuttingSliceAnimTable
0x083E30D0	rom	0x18	gCuttingSliceSpriteTemplate
0x083E30E8	rom	0x18	gAirCutterSliceSpriteTemplate
0x083E3100	rom	0x8	sAnim_CirclingMusicNote_Eighth
0x083E3108	rom	0x8	sAnim_CirclingMusicNote_BeamedEighth
0x083E3110	rom	0x8	sAnim_CirclingMusicNote_SlantedBeamedEighth
0x083E3118	rom	0x8	sAnim_CirclingMusicNote_Quarter
0x083E3120	rom	0x8	sAnim_CirclingMusicNote_QuarterRest
0x083E3128	rom	0x8	sAnim_CirclingMusicNote_EighthRest
0x083E3130	rom	0x8	sAnim_CirclingMusicNote_Eighth_Flipped
0x083E3138	rom	0x8	sAnim_CirclingMusicNote_BeamedEighth_Flipped
0x083E3140	rom	0x8	sAnim_CirclingMusicNote_SlantedBeamedEighth_Flipped
0x083E3148	rom	0x8	sAnim_CirclingMusicNote_Quarter_Flipped
0x083E3150	rom	0x28	sAnims_CirclingMusicNote
0x083E3178	rom	0x18	sCirclingMusicNoteSpriteTemplate
0x083E3190	rom	0x18	gProtectSpriteTemplate
0x083E31A8	rom	0x10	sMilkBottleAffineAnimCmds1
0x083E31B8	rom	0x30	sMilkBottleAffineAnimCmds2
0x083E31E8	rom	0x8	sMilkBottleAffineAnimTable
0x083E31F0	rom	0x18	gMilkBottleSpriteTemplate
0x083E3208	rom	0x24	sGrantingStarsAnimCmds
0x083E322C	rom	0x4	sGrantingStarsAnimTable
0x083E3230	rom	0x18	gGrantingStarsSpriteTemplate
0x083E3248	rom	0x18	gSparklingStarsSpriteTemplate
0x083E3260	rom	0x24	sAnim_BubbleBurst
0x083E3284	rom	0x24	sAnim_BubbleBurst_Flipped
0x083E32A8	rom	0x8	sAnims_BubbleBurst
0x083E32B0	rom	0x18	sBubbleBurstSpriteTemplate
0x083E32C8	rom	0x8	sSleepLetterZAnimCmds
0x083E32D0	rom	0x4	sSleepLetterZAnimTable
0x083E32D4	rom	0x18	sSleepLetterZAffineAnimCmds1
0x083E32EC	rom	0x18	sSleepLetterZAffineAnimCmds1_2
0x083E3304	rom	0x18	sSleepLetterZAffineAnimCmds2
0x083E331C	rom	0x18	sSleepLetterZAffineAnimCmds2_2
0x083E3334	rom	0x8	sSleepLetterZAffineAnimTable
0x083E333C	rom	0x18	gSleepLetterZSpriteTemplate
0x083E3354	rom	0x18	gLockOnTargetSpriteTemplate
0x083E336C	rom	0x18	gLockOnMoveTargetSpriteTemplate
0x083E3384	rom	0x8	sInclineMonCoordTable
0x083E338C	rom	0x18	gBowMonSpriteTemplate
0x083E33A4	rom	0x18	sTipMonSpriteTemplate
0x083E33BC	rom	0x14	sSlashSliceAnimCmds1
0x083E33D0	rom	0x8	sSlashSliceAnimCmds2
0x083E33D8	rom	0x8	sSlashSliceAnimTable
0x083E33E0	rom	0x18	gSlashSliceSpriteTemplate
0x083E33F8	rom	0x18	gFalseSwipeSliceSpriteTemplate
0x083E3410	rom	0x18	gFalseSwipePositionedSliceSpriteTemplate
0x083E3428	rom	0x14	sEndureEnergyAnimCmds
0x083E343C	rom	0x4	sEndureEnergyAnimTable
0x083E3440	rom	0x18	gEndureEnergySpriteTemplate
0x083E3458	rom	0x3C	sSharpenSphereAnimCmds
0x083E3494	rom	0x4	sSharpenSphereAnimTable
0x083E3498	rom	0x18	gSharpenSphereSpriteTemplate
0x083E34B0	rom	0x18	gOctazookaBallSpriteTemplate
0x083E34C8	rom	0x18	sOctazookaAnimCmds
0x083E34E0	rom	0x4	sOctazookaAnimTable
0x083E34E4	rom	0x18	gOctazookaSmokeSpriteTemplate
0x083E34FC	rom	0x14	sConversionAnimCmds
0x083E3510	rom	0x4	sConversionAnimTable
0x083E3514	rom	0x10	sConversionAffineAnimCmds
0x083E3524	rom	0x4	sConversionAffineAnimTable
0x083E3528	rom	0x18	gConversionSpriteTemplate
0x083E3540	rom	0x14	sConversion2AnimCmds
0x083E3554	rom	0x4	sConversion2AnimTable
0x083E3558	rom	0x18	gConversion2SpriteTemplate
0x083E3570	rom	0x18	gMoonSpriteTemplate
0x083E3588	rom	0x14	sMoonlightSparkleAnimCmds
0x083E359C	rom	0x4	sMoonlightSparkleAnimTable
0x083E35A0	rom	0x18	gMoonlightSparkleSpriteTemplate
0x083E35B8	rom	0x24	sHealingBlueStarAnimCmds
0x083E35DC	rom	0x4	sHealingBlueStarAnimTable
0x083E35E0	rom	0x18	gHealingBlueStarSpriteTemplate
0x083E35F8	rom	0x18	gHornHitSpriteTemplate
0x083E3610	rom	0x14	sSuperFangAnimCmds
0x083E3624	rom	0x4	sSuperFangAnimTable
0x083E3628	rom	0x18	gSuperFangSpriteTemplate
0x083E3640	rom	0x8	sWavyMusicNotesAnimCmds1
0x083E3648	rom	0x8	sWavyMusicNotesAnimCmds2
0x083E3650	rom	0x8	sWavyMusicNotesAnimCmds3
0x083E3658	rom	0x8	sWavyMusicNotesAnimCmds4
0x083E3660	rom	0x8	sWavyMusicNotesAnimCmds5
0x083E3668	rom	0x8	sWavyMusicNotesAnimCmds6
0x083E3670	rom	0x8	sWavyMusicNotesAnimCmds7
0x083E3678	rom	0x8	sWavyMusicNotesAnimCmds8
0x083E3680	rom	0x20	gMusicNotesAnimTable
0x083E36A0	rom	0x18	sWavyMusicNotesAffineAnimCmds
0x083E36B8	rom	0x4	sMusicNotesAffineAnimTable
0x083E36BC	rom	0x18	gWavyMusicNotesSpriteTemplate
0x083E36D4	rom	0x30	sParticlesColorBlendTable
0x083E3704	rom	0x18	gFastFlyingMusicNotesSpriteTemplate
0x083E371C	rom	0x18	gBellyDrumHandSpriteTemplate
0x083E3734	rom	0x18	sSlowFlyingMusicNotesAffineAnimCmds
0x083E374C	rom	0x4	sSlowFlyinsMusicNotesAffineAnimTable
0x083E3750	rom	0x18	gSlowFlyingMusicNotesSpriteTemplate
0x083E3768	rom	0x14	sMetronomeThroughtBubbleAnimCmds1
0x083E377C	rom	0x14	sMetronomeThroughtBubbleAnimCmds3
0x083E3790	rom	0x14	sMetronomeThroughtBubbleAnimCmds2
0x083E37A4	rom	0x14	sMetronomeThroughtBubbleAnimCmds4
0x083E37B8	rom	0x10	sMetronomeThroughtBubbleAnimTable
0x083E37C8	rom	0x18	gThoughtBubbleSpriteTemplate
0x083E37E0	rom	0x18	sMetronomeFingerAffineAnimCmds1
0x083E37F8	rom	0x28	sMetronomeFingerAffineAnimCmds2
0x083E3820	rom	0x48	sMetronomeFingerAffineAnimCmds2_2
0x083E3868	rom	0x8	sMetronomeFingerAffineAnimTable
0x083E3870	rom	0x18	gMetronomeFingerSpriteTemplate
0x083E3888	rom	0x18	gFollowMeFingerSpriteTemplate
0x083E38A0	rom	0x8	sTauntFingerAnimCmds1
0x083E38A8	rom	0x8	sTauntFingerAnimCmds2
0x083E38B0	rom	0x20	sTauntFingerAnimCmds3
0x083E38D0	rom	0x20	sTauntFingerAnimCmds4
0x083E38F0	rom	0x10	sTauntFingerAnimTable
0x083E3900	rom	0x18	gTauntFingerSpriteTemplate
0x083E3918	rom	0x18	sCirclingFingerSpriteTemplate
0x083E3930	rom	0x8	sAnim_BouncingMusicNote
0x083E3938	rom	0x4	sAnims_BouncingMusicNote
0x083E393C	rom	0x18	sBouncingMusicNoteSpriteTemplate
0x083E3954	rom	0x18	sVibrateBattlerBackSpriteTemplate
0x083E396C	rom	0x18	sMovingClampSpriteTemplate
0x083E3984	rom	0x14	sAnim_SmallExplosion
0x083E3998	rom	0x4	sAnims_SmallExplosion
0x083E399C	rom	0x18	sAffineAnim_SmallExplosion
0x083E39B4	rom	0x4	sAffineAnims_SmallExplosion
0x083E39B8	rom	0x18	sSmallExplosionSpriteTemplate
0x083E39D0	rom	0x24	sKinesisZapEnergyAnimCmds
0x083E39F4	rom	0x4	sKinesisZapEnergyAnimTable
0x083E39F8	rom	0x18	gKinesisZapEnergySpriteTemplate
0x083E3A10	rom	0x20	sSwordsDanceBladeAffineAnimCmds
0x083E3A30	rom	0x4	sSwordsDanceBladeAffineAnimTable
0x083E3A34	rom	0x18	gSwordsDanceBladeSpriteTemplate
0x083E3A4C	rom	0x18	gSonicBoomSpriteTemplate
0x083E3A64	rom	0x18	gAirWaveProjectileSpriteTemplate
0x083E3A7C	rom	0x18	sGrowingRingAffineAnimCmds
0x083E3A94	rom	0x40	sWaterPulseRingAffineAnimCmds
0x083E3AD4	rom	0x4	gGrowingRingAffineAnimTable
0x083E3AD8	rom	0x4	sWaterPulseRingAffineAnimTable
0x083E3ADC	rom	0x18	gSupersonicRingSpriteTemplate
0x083E3AF4	rom	0x18	gScreechRingSpriteTemplate
0x083E3B0C	rom	0x18	gMetalSoundSpriteTemplate
0x083E3B24	rom	0x18	gWaterPulseRingSpriteTemplate
0x083E3B3C	rom	0x18	gEggThrowSpriteTemplate
0x083E3B54	rom	0x18	sVoidLinesSpriteTemplate
0x083E3B6C	rom	0x8	sCoinAnimCmds
0x083E3B74	rom	0x4	sCoinAnimTable
0x083E3B78	rom	0x10	sFallingCoinAffineAnimCmds
0x083E3B88	rom	0x4	sFallingCoinAffineAnimTable
0x083E3B8C	rom	0x18	gCoinThrowSpriteTemplate
0x083E3BA4	rom	0x18	gFallingCoinSpriteTemplate
0x083E3BBC	rom	0x10	sBulletSeedAffineAnimCmds
0x083E3BCC	rom	0x4	sBulletSeedAffineAnimTable
0x083E3BD0	rom	0x18	gBulletSeedSpriteTemplate
0x083E3BE8	rom	0x18	sRazorWindTornadoAffineAnimCmds
0x083E3C00	rom	0x4	sRazorWindTornadoAffineAnimTable
0x083E3C04	rom	0x18	gRazorWindTornadoSpriteTemplate
0x083E3C1C	rom	0x10	sViceGripAnimCmds1
0x083E3C2C	rom	0x10	sViceGripAnimCmds2
0x083E3C3C	rom	0x8	sViceGripAnimTable
0x083E3C44	rom	0x18	gViceGripSpriteTemplate
0x083E3C5C	rom	0x10	sGuillotineAnimCmds1
0x083E3C6C	rom	0x10	sGuillotineAnimCmds2
0x083E3C7C	rom	0x8	sGuillotineAnimTable
0x083E3C84	rom	0x18	gGuillotineSpriteTemplate
0x083E3C9C	rom	0x20	sSplashEffectAffineAnimCmds
0x083E3CBC	rom	0x20	sGrowAndShrinkAffineAnimCmds
0x083E3CDC	rom	0x14	sBreathPuffAnimCmds1
0x083E3CF0	rom	0x14	sBreathPuffAnimCmds2
0x083E3D04	rom	0x8	sBreathPuffAnimTable
0x083E3D0C	rom	0x18	gBreathPuffSpriteTemplate
0x083E3D24	rom	0x18	sAngerMarkAffineAnimCmds
0x083E3D3C	rom	0x4	sAngerMarkAffineAnimTable
0x083E3D40	rom	0x18	gAngerMarkSpriteTemplate
0x083E3D58	rom	0x30	sThrashMoveMonAffineAnimCmds
0x083E3D88	rom	0x18	gPencilSpriteTemplate
0x083E3DA0	rom	0x18	gSnoreZSpriteTemplate
0x083E3DB8	rom	0x14	sExplosionAnimCmds
0x083E3DCC	rom	0x4	sExplosionAnimTable
0x083E3DD0	rom	0x18	gExplosionSpriteTemplate
0x083E3DE8	rom	0x20	sSoftBoiledEggAffineAnimCmds1
0x083E3E08	rom	0x10	sSoftBoiledEggAffineAnimCmds2
0x083E3E18	rom	0x40	sSoftBoiledEggAffineAnimCmds3
0x083E3E58	rom	0xC	sSoftBoiledEggAffineAnimTable
0x083E3E64	rom	0x18	gSoftBoiledEggSpriteTemplate
0x083E3E7C	rom	0x18	sThinRingExpandingAffineAnimCmds1
0x083E3E94	rom	0x18	sThinRingExpandingAffineAnimCmds2
0x083E3EAC	rom	0x18	sHyperVoiceRingAffineAnimCmds
0x083E3EC4	rom	0x8	sThinRingExpandingAffineAnimTable
0x083E3ECC	rom	0x4	sHyperVoiceRingAffineAnimTable
0x083E3ED0	rom	0x18	gThinRingExpandingSpriteTemplate
0x083E3EE8	rom	0x18	sThinRingShrinkingAffineAnimCmds
0x083E3F00	rom	0x4	sThinRingShrinkingAffineAnimTable
0x083E3F04	rom	0x18	gThinRingShrinkingSpriteTemplate
0x083E3F1C	rom	0x18	gBlendThinRingExpandingSpriteTemplate
0x083E3F34	rom	0x18	gHyperVoiceRingSpriteTemplate
0x083E3F4C	rom	0x18	gUproarRingSpriteTemplate
0x083E3F64	rom	0x10	sStretchAttackerAffineAnimCmds
0x083E3F74	rom	0x18	sSpeedDustAnimCmds
0x083E3F8C	rom	0x4	sSpeedDustAnimTable
0x083E3F90	rom	0x18	gSpeedDustSpriteTemplate
0x083E3FA8	rom	0x8	sSpeedDustPosTable
0x083E3FB0	rom	0x38	sBellAnimCmds
0x083E3FE8	rom	0x4	sBellAnimTable
0x083E3FEC	rom	0x18	gBellSpriteTemplate
0x083E4004	rom	0x6	gMusicNotePaletteTagsTable
0x083E400C	rom	0x18	gHealBellMusicNoteSpriteTemplate
0x083E4024	rom	0x18	gMagentaHeartSpriteTemplate
0x083E403C	rom	0x18	sAffineAnims_StretchBattlerUp
0x083E4054	rom	0x18	gRedHeartProjectileSpriteTemplate
0x083E406C	rom	0x18	gRedHeartBurstSpriteTemplate
0x083E4084	rom	0x18	gRedHeartRisingSpriteTemplate
0x083E409C	rom	0x18	sHiddenPowerOrbAffineAnimCmds
0x083E40B4	rom	0x4	sHiddenPowerOrbAffineAnimTable
0x083E40B8	rom	0x18	gHiddenPowerOrbSpriteTemplate
0x083E40D0	rom	0x18	gHiddenPowerOrbScatterSpriteTemplate
0x083E40E8	rom	0x18	sSpitUpOrbAffineAnimCmds
0x083E4100	rom	0x4	sSpitUpOrbAffineAnimTable
0x083E4104	rom	0x18	gSpitUpOrbSpriteTemplate
0x083E411C	rom	0x18	sEyeSparkleAnimCmds
0x083E4134	rom	0x4	sEyeSparkleAnimTable
0x083E4138	rom	0x18	gEyeSparkleSpriteTemplate
0x083E4150	rom	0x8	sAngelSpriteAnimCmds
0x083E4158	rom	0x4	sAngelSpriteAnimTable
0x083E415C	rom	0x18	gAngelSpriteTemplate
0x083E4174	rom	0x18	gPinkHeartSpriteTemplate
0x083E418C	rom	0x8	sDevilAnimCmds1
0x083E4194	rom	0x8	sDevilAnimCmds2
0x083E419C	rom	0x8	sDevilAnimTable
0x083E41A4	rom	0x18	gDevilSpriteTemplate
0x083E41BC	rom	0x14	sAnim_FurySwipes
0x083E41D0	rom	0x14	sAnim_FurySwipes_Flipped
0x083E41E4	rom	0x8	sAnims_FurySwipes
0x083E41EC	rom	0x18	gFurySwipesSpriteTemplate
0x083E4204	rom	0x14	sMovementWavesAnimCmds1
0x083E4218	rom	0x14	sMovementWavesAnimCmds2
0x083E422C	rom	0x8	sMovementWavesAnimTable
0x083E4234	rom	0x18	gMovementWavesSpriteTemplate
0x083E424C	rom	0x20	sUproarAffineAnimCmds
0x083E426C	rom	0x18	gJaggedMusicNoteSpriteTemplate
0x083E4284	rom	0x10	sPerishSongMusicNoteAffineAnimCmds1
0x083E4294	rom	0x10	sPerishSongMusicNoteAffineAnimCmds2
0x083E42A4	rom	0x10	sPerishSongMusicNoteAffineAnimCmds3
0x083E42B4	rom	0xC	sPerishSongMusicNoteAffineAnimTable
0x083E42C0	rom	0x18	gPerishSongMusicNoteSpriteTemplate
0x083E42D8	rom	0x18	gPerishSongMusicNote2SpriteTemplate
0x083E42F0	rom	0x10	sGuardRingAffineAnimCmds1
0x083E4300	rom	0x10	sGuardRingAffineAnimCmds2
0x083E4310	rom	0x8	sGuardRingAffineAnimTable
0x083E4318	rom	0x18	gGuardRingSpriteTemplate
0x083E4330	rom	0x380	sUnusedWater_Gfx
0x083E46B0	rom	0x1000	sUnusedWater
0x083E56B0	rom	0x20	sAnim_RainDrop
0x083E56D0	rom	0x4	sAnims_RainDrop
0x083E56D4	rom	0x18	gRainDropSpriteTemplate
0x083E56EC	rom	0x18	sAffineAnim_WaterBubbleProjectile
0x083E5704	rom	0x4	sAffineAnims_WaterBubbleProjectile
0x083E5708	rom	0x10	sAnim_WaterBubbleProjectile
0x083E5718	rom	0x4	sAnims_WaterBubbleProjectile
0x083E571C	rom	0x18	gWaterBubbleProjectileSpriteTemplate
0x083E5734	rom	0x8	sAnim_AuroraBeamRing_0
0x083E573C	rom	0x8	sAnim_AuroraBeamRing_1
0x083E5744	rom	0x8	sAnims_AuroraBeamRing
0x083E574C	rom	0x18	sAffineAnim_AuroraBeamRing
0x083E5764	rom	0x4	sAffineAnims_AuroraBeamRing
0x083E5768	rom	0x18	gAuroraBeamRingSpriteTemplate
0x083E5780	rom	0x14	sAnim_WaterMudOrb
0x083E5794	rom	0x4	gAnims_WaterMudOrb
0x083E5798	rom	0x18	gHydroPumpOrbSpriteTemplate
0x083E57B0	rom	0x18	gMudShotOrbSpriteTemplate
0x083E57C8	rom	0x18	gSignalBeamRedOrbSpriteTemplate
0x083E57E0	rom	0x18	gSignalBeamGreenOrbSpriteTemplate
0x083E57F8	rom	0x10	sAnim_FlamethrowerFlame
0x083E5808	rom	0x4	sAnims_FlamethrowerFlame
0x083E580C	rom	0x18	gFlamethrowerFlameSpriteTemplate
0x083E5824	rom	0x18	gPsywaveRingSpriteTemplate
0x083E583C	rom	0x20	sAffineAnim_HydroCannonCharge
0x083E585C	rom	0x10	sAffineAnim_HydroCannonBeam
0x083E586C	rom	0x4	sAffineAnims_HydroCannonCharge
0x083E5870	rom	0x4	sAffineAnims_HydroCannonBeam
0x083E5874	rom	0x18	gHydroCannonChargeSpriteTemplate
0x083E588C	rom	0x18	gHydroCannonBeamSpriteTemplate
0x083E58A4	rom	0x8	sAnim_WaterBubble
0x083E58AC	rom	0x8	sAnim_WaterGunDroplet
0x083E58B4	rom	0x4	gAnims_WaterBubble
0x083E58B8	rom	0x4	sAnims_WaterGunDroplet
0x083E58BC	rom	0x18	gWaterGunProjectileSpriteTemplate
0x083E58D4	rom	0x18	gWaterGunDropletSpriteTemplate
0x083E58EC	rom	0x18	gSmallBubblePairSpriteTemplate
0x083E5904	rom	0x18	gSmallDriftingBubblesSpriteTemplate
0x083E591C	rom	0x18	gSmallWaterOrbSpriteTemplate
0x083E5934	rom	0x8	sAnim_WaterPulseBubble_0
0x083E593C	rom	0x8	sAnim_WaterPulseBubble_1
0x083E5944	rom	0x8	sAnim_WeatherBallWaterDown
0x083E594C	rom	0x8	sAnims_WaterPulseBubble
0x083E5954	rom	0x4	sAnims_WeatherBallWaterDown
0x083E5958	rom	0x18	sAffineAnim_WaterPulseRingBubble_0
0x083E5970	rom	0x18	sAffineAnim_WaterPulseRingBubble_1
0x083E5988	rom	0x18	sAffineAnim_WeatherBallWaterDown
0x083E59A0	rom	0x8	sAffineAnims_WaterPulseRingBubble
0x083E59A8	rom	0x4	sAffineAnims_WeatherBallWaterDown
0x083E59AC	rom	0x18	gWaterPulseBubbleSpriteTemplate
0x083E59C4	rom	0x18	gWaterPulseRingBubbleSpriteTemplate
0x083E59DC	rom	0x18	gWeatherBallWaterDownSpriteTemplate
0x083E59F4	rom	0x10	sAnim_FireSpiralSpread_0
0x083E5A04	rom	0x10	sAnim_FireSpiralSpread_1
0x083E5A14	rom	0x8	sAnims_FireSpiralSpread
0x083E5A1C	rom	0x18	gFireSpiralInwardSpriteTemplate
0x083E5A34	rom	0x18	gFireSpreadSpriteTemplate
0x083E5A4C	rom	0x24	sAnim_LargeFlame
0x083E5A70	rom	0x4	sAnims_LargeFlame
0x083E5A74	rom	0x18	sAnim_FirePlume
0x083E5A8C	rom	0x4	sAnims_FirePlume
0x083E5A90	rom	0x18	sAffineAnim_LargeFlame
0x083E5AA8	rom	0x4	sAffineAnims_LargeFlame
0x083E5AAC	rom	0x18	gLargeFlameSpriteTemplate
0x083E5AC4	rom	0x18	gLargeFlameScatterSpriteTemplate
0x083E5ADC	rom	0x18	gFirePlumeSpriteTemplate
0x083E5AF4	rom	0x18	sUnusedEmberFirePlumeSpriteTemplate
0x083E5B0C	rom	0x10	sAnim_UnusedSmallEmber
0x083E5B1C	rom	0x4	sAnims_UnusedSmallEmber
0x083E5B20	rom	0x18	sUnusedSmallEmberSpriteTemplate
0x083E5B38	rom	0x18	sAffineAnim_SunlightRay
0x083E5B50	rom	0x4	sAffineAnims_SunlightRay
0x083E5B54	rom	0x18	gSunlightRaySpriteTemplate
0x083E5B6C	rom	0x18	sAnim_BasicFire
0x083E5B84	rom	0x4	gAnims_BasicFire
0x083E5B88	rom	0x18	gEmberSpriteTemplate
0x083E5BA0	rom	0x18	gEmberFlareSpriteTemplate
0x083E5BB8	rom	0x18	gBurnFlameSpriteTemplate
0x083E5BD0	rom	0x18	gFireBlastRingSpriteTemplate
0x083E5BE8	rom	0xC	sAnim_FireBlastCross
0x083E5BF4	rom	0x4	sAnims_FireBlastCross
0x083E5BF8	rom	0x10	sAffineAnim_Unused_0
0x083E5C08	rom	0x10	sAffineAnim_Unused_1
0x083E5C18	rom	0x8	sAffineAnims_Unused
0x083E5C20	rom	0x18	gFireBlastCrossSpriteTemplate
0x083E5C38	rom	0x18	gFireSpiralOutwardSpriteTemplate
0x083E5C50	rom	0x18	gWeatherBallFireDownSpriteTemplate
0x083E5C68	rom	0x18	gEruptionLaunchRockSpriteTemplate
0x083E5C80	rom	0x1C	sEruptionLaunchRockSpeeds
0x083E5C9C	rom	0x18	gEruptionFallingRockSpriteTemplate
0x083E5CB4	rom	0x14	sAnim_WillOWispOrb_0
0x083E5CC8	rom	0x8	sAnim_WillOWispOrb_1
0x083E5CD0	rom	0x8	sAnim_WillOWispOrb_2
0x083E5CD8	rom	0x8	sAnim_WillOWispOrb_3
0x083E5CE0	rom	0x10	sAnims_WillOWispOrb
0x083E5CF0	rom	0x18	gWillOWispOrbSpriteTemplate
0x083E5D08	rom	0x14	sAnim_WillOWispFire
0x083E5D1C	rom	0x4	sAnims_WillOWispFire
0x083E5D20	rom	0x18	gWillOWispFireSpriteTemplate
0x083E5D38	rom	0x10	sShakeDirsPattern0
0x083E5D48	rom	0x10	sShakeDirsPattern1
0x083E5D58	rom	0x18	sAnim_Lightning
0x083E5D70	rom	0x4	sAnims_Lightning
0x083E5D74	rom	0x18	gLightningSpriteTemplate
0x083E5D8C	rom	0x20	sAffineAnim_UnusedSpinningFist
0x083E5DAC	rom	0x4	sAffineAnims_UnusedSpinningFist
0x083E5DB0	rom	0x18	sUnusedSpinningFistSpriteTemplate
0x083E5DC8	rom	0x1C	sAnim_UnusedCirclingShock
0x083E5DE4	rom	0x4	sAnims_UnusedCirclingShock
0x083E5DE8	rom	0x18	sUnusedCirclingShockSpriteTemplate
0x083E5E00	rom	0x18	gSparkElectricitySpriteTemplate
0x083E5E18	rom	0x18	gZapCannonBallSpriteTemplate
0x083E5E30	rom	0x10	sAffineAnim_FlashingSpark
0x083E5E40	rom	0x4	sAffineAnims_FlashingSpark
0x083E5E44	rom	0x18	gZapCannonSparkSpriteTemplate
0x083E5E5C	rom	0x10	sAnim_ThunderboltOrb
0x083E5E6C	rom	0x4	sAnims_ThunderboltOrb
0x083E5E70	rom	0x20	sAffineAnim_ThunderboltOrb
0x083E5E90	rom	0x4	sAffineAnims_ThunderboltOrb
0x083E5E94	rom	0x18	gThunderboltOrbSpriteTemplate
0x083E5EAC	rom	0x18	gSparkElectricityFlashingSpriteTemplate
0x083E5EC4	rom	0x18	gElectricitySpriteTemplate
0x083E5EDC	rom	0x18	sElectricBoltSegmentSpriteTemplate
0x083E5EF4	rom	0x18	gThunderWaveSpriteTemplate
0x083E5F0C	rom	0x20	sElectricChargingParticleCoordOffsets
0x083E5F2C	rom	0x14	sAnim_ElectricChargingParticles_0
0x083E5F40	rom	0x14	sAnim_ElectricChargingParticles_1
0x083E5F54	rom	0x8	sAnims_ElectricChargingParticles
0x083E5F5C	rom	0x18	gElectricChargingParticlesSpriteTemplate
0x083E5F74	rom	0x40	sAffineAnim_GrowingElectricOrb_0
0x083E5FB4	rom	0x30	sAffineAnim_GrowingElectricOrb_1
0x083E5FE4	rom	0x20	sAffineAnim_GrowingElectricOrb_2
0x083E6004	rom	0xC	sAffineAnims_GrowingElectricOrb
0x083E6010	rom	0x18	gGrowingChargeOrbSpriteTemplate
0x083E6028	rom	0x14	sAnim_ElectricPuff
0x083E603C	rom	0x4	sAnims_ElectricPuff
0x083E6040	rom	0x18	gElectricPuffSpriteTemplate
0x083E6058	rom	0x18	gVoltTackleOrbSlideSpriteTemplate
0x083E6070	rom	0x8	sAnim_VoltTackleBolt_0
0x083E6078	rom	0x8	sAnim_VoltTackleBolt_1
0x083E6080	rom	0x8	sAnim_VoltTackleBolt_2
0x083E6088	rom	0x8	sAnim_VoltTackleBolt_3
0x083E6090	rom	0x10	sAnims_VoltTackleBolt
0x083E60A0	rom	0x10	sAffineAnim_VoltTackleBolt
0x083E60B0	rom	0x4	sAffineAnims_VoltTackleBolt
0x083E60B4	rom	0x18	gVoltTackleBoltSpriteTemplate
0x083E60CC	rom	0x18	gGrowingShockWaveOrbSpriteTemplate
0x083E60E4	rom	0x18	sShockWaveProgressingBoltSpriteTemplate
0x083E60FC	rom	0xC	sAnim_Unused
0x083E6108	rom	0x4	sAnims_Unused
0x083E610C	rom	0x18	sUnusedIceCrystalThrowSpriteTemplate
0x083E6124	rom	0x8	sAnim_IceCrystalLargeChunk
0x083E612C	rom	0x8	sAnim_IceCrystalLarge
0x083E6134	rom	0x8	sAnim_IceCrystalSmall
0x083E613C	rom	0x8	sAnim_Snowball
0x083E6144	rom	0x8	sAnim_BlizzardIceCrystal
0x083E614C	rom	0xC	sAnim_SmallBubblePair
0x083E6158	rom	0x4	sAnims_IceCrystalLargeChunk
0x083E615C	rom	0x4	sAnims_IceCrystalLarge
0x083E6160	rom	0x4	sAnims_IceCrystalSmall
0x083E6164	rom	0x4	sAnims_Snowball
0x083E6168	rom	0x4	sAnims_BlizzardIceCrystal
0x083E616C	rom	0x4	gAnims_SmallBubblePair
0x083E6170	rom	0x10	sAffineAnim_IceCrystalSpiralInwardLarge
0x083E6180	rom	0x4	sAffineAnims_IceCrystalSpiralInwardLarge
0x083E6184	rom	0x18	gIceCrystalSpiralInwardLarge
0x083E619C	rom	0x18	gIceCrystalSpiralInwardSmall
0x083E61B4	rom	0x10	sAffineAnim_IceBeamInnerCrystal
0x083E61C4	rom	0x4	sAffineAnims_IceBeamInnerCrystal
0x083E61C8	rom	0x18	gIceBeamInnerCrystalSpriteTemplate
0x083E61E0	rom	0x18	gIceBeamOuterCrystalSpriteTemplate
0x083E61F8	rom	0x20	sAffineAnim_IceCrystalHit
0x083E6218	rom	0x4	sAffineAnims_IceCrystalHit
0x083E621C	rom	0x18	gIceCrystalHitLargeSpriteTemplate
0x083E6234	rom	0x18	gIceCrystalHitSmallSpriteTemplate
0x083E624C	rom	0x18	gSwirlingSnowballSpriteTemplate
0x083E6264	rom	0x18	gBlizzardIceCrystalSpriteTemplate
0x083E627C	rom	0x18	gPowderSnowSnowballSpriteTemplate
0x083E6294	rom	0x20	sAnim_IceGroundSpike
0x083E62B4	rom	0x4	sAnims_IceGroundSpike
0x083E62B8	rom	0x18	gIceGroundSpikeSpriteTemplate
0x083E62D0	rom	0xC	sAnim_Cloud
0x083E62DC	rom	0x4	sAnims_Cloud
0x083E62E0	rom	0x18	gMistCloudSpriteTemplate
0x083E62F8	rom	0x18	gSmogCloudSpriteTemplate
0x083E6310	rom	0x14	sHazeBlendAmounts
0x083E6324	rom	0x18	gMistBallSpriteTemplate
0x083E633C	rom	0x14	sMistBlendAmounts
0x083E6350	rom	0x18	gPoisonGasCloudSpriteTemplate
0x083E6368	rom	0x28	sHailCoordData
0x083E6390	rom	0x10	sAffineAnim_HailParticle_0
0x083E63A0	rom	0x10	sAffineAnim_HailParticle_1
0x083E63B0	rom	0x10	sAffineAnim_HailParticle_2
0x083E63C0	rom	0x10	sAffineAnim_WeatherBallIceDown
0x083E63D0	rom	0xC	sAffineAnims_HailParticle
0x083E63DC	rom	0x4	sAffineAnims_WeatherBallIceDown
0x083E63E0	rom	0x18	sHailParticleSpriteTemplate
0x083E63F8	rom	0x18	gWeatherBallIceDownSpriteTemplate
0x083E6410	rom	0x8	sAnim_IceBallChunk_0
0x083E6418	rom	0x14	sAnim_IceBallChunk_1
0x083E642C	rom	0x8	sAnims_IceBallChunk
0x083E6434	rom	0x10	sAffineAnim_IceBallChunk_0
0x083E6444	rom	0x10	sAffineAnim_IceBallChunk_1
0x083E6454	rom	0x10	sAffineAnim_IceBallChunk_2
0x083E6464	rom	0x10	sAffineAnim_IceBallChunk_3
0x083E6474	rom	0x10	sAffineAnim_IceBallChunk_4
0x083E6484	rom	0x14	sAffineAnims_IceBallChunk
0x083E6498	rom	0x18	gIceBallChunkSpriteTemplate
0x083E64B0	rom	0x18	gIceBallImpactShardSpriteTemplate
0x083E64C8	rom	0x18	sUnusedHumanoidFootSpriteTemplate
0x083E64E0	rom	0x8	sAnim_Fist
0x083E64E8	rom	0x8	sAnim_FootWide
0x083E64F0	rom	0x8	sAnim_FootTall
0x083E64F8	rom	0x8	sAnim_HandLeft
0x083E6500	rom	0x8	sAnim_HandRight
0x083E6508	rom	0x14	sAnims_HandsAndFeet
0x083E651C	rom	0x18	gKarateChopSpriteTemplate
0x083E6534	rom	0x18	gJumpKickSpriteTemplate
0x083E654C	rom	0x18	gFistFootSpriteTemplate
0x083E6564	rom	0x18	gFistFootRandomPosSpriteTemplate
0x083E657C	rom	0x18	gCrossChopHandSpriteTemplate
0x083E6594	rom	0x18	gSlidingKickSpriteTemplate
0x083E65AC	rom	0x18	sAffineAnim_SpinningHandOrFoot
0x083E65C4	rom	0x4	sAffineAnims_SpinningHandOrFoot
0x083E65C8	rom	0x18	gSpinningHandOrFootSpriteTemplate
0x083E65E0	rom	0x18	sAffineAnim_MegaPunchKick
0x083E65F8	rom	0x4	sAffineAnims_MegaPunchKick
0x083E65FC	rom	0x18	gMegaPunchKickSpriteTemplate
0x083E6614	rom	0x18	gStompFootSpriteTemplate
0x083E662C	rom	0x18	gDizzyPunchDuckSpriteTemplate
0x083E6644	rom	0x18	gBrickBreakWallSpriteTemplate
0x083E665C	rom	0x18	gBrickBreakWallShardSpriteTemplate
0x083E6674	rom	0x28	sAffineAnim_SuperpowerOrb
0x083E669C	rom	0x4	sAffineAnims_SuperpowerOrb
0x083E66A0	rom	0x18	gSuperpowerOrbSpriteTemplate
0x083E66B8	rom	0x18	gSuperpowerRockSpriteTemplate
0x083E66D0	rom	0x18	gSuperpowerFireballSpriteTemplate
0x083E66E8	rom	0x18	gArmThrustHandSpriteTemplate
0x083E6700	rom	0x10	sAnim_RevengeSmallScratch_0
0x083E6710	rom	0x10	sAnim_RevengeSmallScratch_1
0x083E6720	rom	0x10	sAnim_RevengeSmallScratch_2
0x083E6730	rom	0xC	sAnims_RevengeSmallScratch
0x083E673C	rom	0x18	gRevengeSmallScratchSpriteTemplate
0x083E6754	rom	0xC	sAnim_RevengeBigScratch_0
0x083E6760	rom	0xC	sAnim_RevengeBigScratch_1
0x083E676C	rom	0xC	sAnim_RevengeBigScratch_2
0x083E6778	rom	0xC	sAnims_RevengeBigScratch
0x083E6784	rom	0x18	gRevengeBigScratchSpriteTemplate
0x083E679C	rom	0x18	sAffineAnim_FocusPunchFist
0x083E67B4	rom	0x4	sAffineAnims_FocusPunchFist
0x083E67B8	rom	0x18	gFocusPunchFistSpriteTemplate
0x083E67D0	rom	0x14	sAnim_ToxicBubble
0x083E67E4	rom	0x4	sAnims_ToxicBubble
0x083E67E8	rom	0x18	gToxicBubbleSpriteTemplate
0x083E6800	rom	0x8	sAnim_PoisonProjectile
0x083E6808	rom	0x8	sAnim_AcidPoisonDroplet
0x083E6810	rom	0x8	sAnim_SludgeBombHit
0x083E6818	rom	0x4	sAnims_PoisonProjectile
0x083E681C	rom	0x4	sAnims_AcidPoisonDroplet
0x083E6820	rom	0x4	sAnims_SludgeBombHit
0x083E6824	rom	0x20	sAffineAnim_PoisonProjectile
0x083E6844	rom	0x10	sAffineAnim_SludgeBombHit
0x083E6854	rom	0x4	sAffineAnims_PoisonProjectile
0x083E6858	rom	0x4	sAffineAnims_SludgeBombHit
0x083E685C	rom	0x18	gSludgeProjectileSpriteTemplate
0x083E6874	rom	0x18	gAcidPoisonBubbleSpriteTemplate
0x083E688C	rom	0x18	gSludgeBombHitParticleSpriteTemplate
0x083E68A4	rom	0x18	sAffineAnim_AcidPoisonDroplet
0x083E68BC	rom	0x4	gAffineAnims_Droplet
0x083E68C0	rom	0x18	gAcidPoisonDropletSpriteTemplate
0x083E68D8	rom	0x18	sAffineAnim_Bubble
0x083E68F0	rom	0x4	sAffineAnims_Bubble
0x083E68F4	rom	0x18	gPoisonBubbleSpriteTemplate
0x083E690C	rom	0x18	gWaterBubbleSpriteTemplate
0x083E6924	rom	0x18	gEllipticalGustSpriteTemplate
0x083E693C	rom	0x18	sAffineAnim_GustToTarget
0x083E6954	rom	0x4	sAffineAnims_GustToTarget
0x083E6958	rom	0x18	gGustToTargetSpriteTemplate
0x083E6970	rom	0x14	sAffineAnim_AirWaveCrescent
0x083E6984	rom	0x4	sAffineAnims_AirWaveCrescent
0x083E6988	rom	0x18	gAirWaveCrescentSpriteTemplate
0x083E69A0	rom	0x28	sAffineAnim_FlyBallUp
0x083E69C8	rom	0x4	sAffineAnims_FlyBallUp
0x083E69CC	rom	0x10	sAffineAnim_FlyBallAttack_0
0x083E69DC	rom	0x10	sAffineAnim_FlyBallAttack_1
0x083E69EC	rom	0x8	sAffineAnims_FlyBallAttack
0x083E69F4	rom	0x18	gFlyBallUpSpriteTemplate
0x083E6A0C	rom	0x18	gFlyBallAttackSpriteTemplate
0x083E6A24	rom	0x8	sAnim_FallingFeather_0
0x083E6A2C	rom	0x8	sAnim_FallingFeather_1
0x083E6A34	rom	0x8	sAnims_FallingFeather
0x083E6A3C	rom	0x18	gFallingFeatherSpriteTemplate
0x083E6A54	rom	0x20	sUnusedPal
0x083E6A74	rom	0x18	sUnusedBubbleThrowSpriteTemplate
0x083E6A8C	rom	0x18	sUnusedFeatherSpriteTemplate
0x083E6AA4	rom	0x18	sAnim_WhirlwindLines
0x083E6ABC	rom	0x4	sAnims_WhirlwindLines
0x083E6AC0	rom	0x18	gWhirlwindLineSpriteTemplate
0x083E6AD8	rom	0x30	sAffineAnim_BounceBallShrink
0x083E6B08	rom	0x4	sAffineAnims_BounceBallShrink
0x083E6B0C	rom	0x18	gBounceBallShrinkSpriteTemplate
0x083E6B24	rom	0x10	sAffineAnim_BounceBallLand
0x083E6B34	rom	0x4	sAffineAnims_BounceBallLand
0x083E6B38	rom	0x18	gBounceBallLandSpriteTemplate
0x083E6B50	rom	0x28	sAffineAnim_DiveBall
0x083E6B78	rom	0x4	sAffineAnims_DiveBall
0x083E6B7C	rom	0x18	gDiveBallSpriteTemplate
0x083E6B94	rom	0x20	sAnim_Unused
0x083E6BB4	rom	0x4	sAnims_Unused
0x083E6BB8	rom	0x18	gDiveWaterSplashSpriteTemplate
0x083E6BD0	rom	0x18	gSprayWaterDropletSpriteTemplate
0x083E6BE8	rom	0x18	sUnusedFlashingLightSpriteTemplate
0x083E6C00	rom	0x18	gSkyAttackBirdSpriteTemplate
0x083E6C18	rom	0x18	sAffineAnim_PsychUpSpiral
0x083E6C30	rom	0x4	sAffineAnims_PsychUpSpiral
0x083E6C34	rom	0x18	gPsychUpSpiralSpriteTemplate
0x083E6C4C	rom	0x18	gLightScreenWallSpriteTemplate
0x083E6C64	rom	0x18	gReflectWallSpriteTemplate
0x083E6C7C	rom	0x18	gMirrorCoatWallSpriteTemplate
0x083E6C94	rom	0x18	gBarrierWallSpriteTemplate
0x083E6CAC	rom	0x18	gMagicCoatWallSpriteTemplate
0x083E6CC4	rom	0x18	sAnim_ReflectSparkle
0x083E6CDC	rom	0x4	sAnims_ReflectSparkle
0x083E6CE0	rom	0x18	gReflectSparkleSpriteTemplate
0x083E6CF8	rom	0x14	sAnim_SpecialScreenSparkle
0x083E6D0C	rom	0x4	sAnims_SpecialScreenSparkle
0x083E6D10	rom	0x18	gSpecialScreenSparkleSpriteTemplate
0x083E6D28	rom	0x18	gGoldRingSpriteTemplate
0x083E6D40	rom	0x40	sAnim_BentSpoon_0
0x083E6D80	rom	0x40	sAnim_BentSpoon_1
0x083E6DC0	rom	0x8	sAnims_BentSpoon
0x083E6DC8	rom	0x18	gBentSpoonSpriteTemplate
0x083E6DE0	rom	0x20	sAnim_QuestionMark
0x083E6E00	rom	0x4	sAnims_QuestionMark
0x083E6E04	rom	0x28	sAffineAnim_QuestionMark
0x083E6E2C	rom	0x4	sAffineAnims_QuestionMark
0x083E6E30	rom	0x18	gQuestionMarkSpriteTemplate
0x083E6E48	rom	0x20	sAffineAnim_MeditateStretchAttacker
0x083E6E68	rom	0x18	sAffineAnim_Teleport
0x083E6E80	rom	0x18	sImprisonOrbSpriteTemplate
0x083E6E98	rom	0x18	gRedXSpriteTemplate
0x083E6EB0	rom	0x18	sAffineAnim_SkillSwapOrb_0
0x083E6EC8	rom	0x28	sAffineAnim_SkillSwapOrb_1
0x083E6EF0	rom	0x28	sAffineAnim_SkillSwapOrb_2
0x083E6F18	rom	0x28	sAffineAnim_SkillSwapOrb_3
0x083E6F40	rom	0x10	sAffineAnims_SkillSwapOrb
0x083E6F50	rom	0x18	sSkillSwapOrbSpriteTemplate
0x083E6F68	rom	0x18	sAffineAnim_LusterPurgeCircle
0x083E6F80	rom	0x4	gAffineAnims_LusterPurgeCircle
0x083E6F84	rom	0x18	gLusterPurgeCircleSpriteTemplate
0x083E6F9C	rom	0x58	sAffineAnim_PsychoBoostOrb_0
0x083E6FF4	rom	0x10	sAffineAnim_PsychoBoostOrb_1
0x083E7004	rom	0x8	sAffineAnims_PsychoBoostOrb
0x083E700C	rom	0x18	gPsychoBoostOrbSpriteTemplate
0x083E7024	rom	0x10	sAffineAnim_MegahornHorn_0
0x083E7034	rom	0x10	sAffineAnim_MegahornHorn_1
0x083E7044	rom	0x10	sAffineAnim_MegahornHorn_2
0x083E7054	rom	0xC	sAffineAnims_MegahornHorn
0x083E7060	rom	0x18	gMegahornHornSpriteTemplate
0x083E7078	rom	0x10	sAffineAnim_LeechLifeNeedle_0
0x083E7088	rom	0x10	sAffineAnim_LeechLifeNeedle_1
0x083E7098	rom	0x10	sAffineAnim_LeechLifeNeedle_2
0x083E70A8	rom	0xC	sAffineAnims_LeechLifeNeedle
0x083E70B4	rom	0x18	gLeechLifeNeedleSpriteTemplate
0x083E70CC	rom	0x18	gWebThreadSpriteTemplate
0x083E70E4	rom	0x18	gStringWrapSpriteTemplate
0x083E70FC	rom	0x18	sAffineAnim_SpiderWeb
0x083E7114	rom	0x4	sAffineAnims_SpiderWeb
0x083E7118	rom	0x18	gSpiderWebSpriteTemplate
0x083E7130	rom	0x18	gLinearStingerSpriteTemplate
0x083E7148	rom	0x18	gPinMissileSpriteTemplate
0x083E7160	rom	0x18	gIcicleSpearSpriteTemplate
0x083E7178	rom	0x38	sAffineAnim_TailGlowOrb
0x083E71B0	rom	0x4	sAffineAnims_TailGlowOrb
0x083E71B4	rom	0x18	gTailGlowOrbSpriteTemplate
0x083E71CC	rom	0x8	sAnim_FlyingRock_0
0x083E71D4	rom	0x8	sAnim_FlyingRock_1
0x083E71DC	rom	0x8	sAnim_FlyingRock_2
0x083E71E4	rom	0xC	sAnims_FlyingRock
0x083E71F0	rom	0x18	gFallingRockSpriteTemplate
0x083E7208	rom	0x18	gRockFragmentSpriteTemplate
0x083E7220	rom	0x18	gSwirlingDirtSpriteTemplate
0x083E7238	rom	0x20	sAffineAnim_Whirlpool
0x083E7258	rom	0x4	sAffineAnims_Whirlpool
0x083E725C	rom	0x18	gWhirlpoolSpriteTemplate
0x083E7274	rom	0x18	gFireSpinSpriteTemplate
0x083E728C	rom	0x18	gFlyingSandCrescentSpriteTemplate
0x083E72A4	rom	0x8	sFlyingSandSubsprites
0x083E72AC	rom	0x8	sFlyingSandSubspriteTable
0x083E72B4	rom	0x8	sAnim_Rock_Biggest
0x083E72BC	rom	0x8	sAnim_Rock_Bigger
0x083E72C4	rom	0x8	sAnim_Rock_Big
0x083E72CC	rom	0x8	sAnim_Rock_Small
0x083E72D4	rom	0x8	sAnim_Rock_Smaller
0x083E72DC	rom	0x8	sAnim_Rock_Smallest
0x083E72E4	rom	0x18	sAnims_BasicRock
0x083E72FC	rom	0x18	gAncientPowerRockSpriteTemplate
0x083E7314	rom	0x18	gRolloutMudSpriteTemplate
0x083E732C	rom	0x18	gRolloutRockSpriteTemplate
0x083E7344	rom	0x18	gRockTombRockSpriteTemplate
0x083E735C	rom	0x10	sAffineAnim_BasicRock_0
0x083E736C	rom	0x10	sAffineAnim_BasicRock_1
0x083E737C	rom	0x8	sAffineAnims_BasicRock
0x083E7384	rom	0x18	gRockBlastRockSpriteTemplate
0x083E739C	rom	0x18	gRockScatterSpriteTemplate
0x083E73B4	rom	0x18	gTwisterRockSpriteTemplate
0x083E73CC	rom	0x18	gWeatherBallRockDownSpriteTemplate
0x083E73E4	rom	0x18	sAffineAnim_ConfuseRayBallBounce
0x083E73FC	rom	0x4	sAffineAnims_ConfuseRayBallBounce
0x083E7400	rom	0x18	gConfuseRayBallBounceSpriteTemplate
0x083E7418	rom	0x18	gConfuseRayBallSpiralSpriteTemplate
0x083E7430	rom	0x10	sAffineAnim_ShadowBall
0x083E7440	rom	0x4	sAffineAnims_ShadowBall
0x083E7444	rom	0x18	gShadowBallSpriteTemplate
0x083E745C	rom	0x18	sAnim_Lick
0x083E7474	rom	0x4	sAnims_Lick
0x083E7478	rom	0x18	gLickSpriteTemplate
0x083E7490	rom	0x10	sAffineAnim_Unused
0x083E74A0	rom	0x4	sAffineAnims_Unused
0x083E74A4	rom	0x18	gDestinyBondWhiteShadowSpriteTemplate
0x083E74BC	rom	0x18	gCurseNailSpriteTemplate
0x083E74D4	rom	0x18	gCurseGhostSpriteTemplate
0x083E74EC	rom	0x18	gNightmareDevilSpriteTemplate
0x083E7504	rom	0x14	sAnim_GrudgeFlame
0x083E7518	rom	0x4	sAnims_GrudgeFlame
0x083E751C	rom	0x18	gGrudgeFlameSpriteTemplate
0x083E7534	rom	0x18	sMonMoveCircularSpriteTemplate
0x083E754C	rom	0x18	sAnim_OutrageOverheatFire_0
0x083E7564	rom	0x4	sAnims_OutrageOverheatFire
0x083E7568	rom	0x18	gOutrageFlameSpriteTemplate
0x083E7580	rom	0x10	sAnim_DragonBreathFire_0
0x083E7590	rom	0x10	sAnim_DragonBreathFire_1
0x083E75A0	rom	0x8	sAnims_DragonBreathFire
0x083E75A8	rom	0x18	sAffineAnim_DragonBreathFire_0
0x083E75C0	rom	0x18	sAffineAnim_DragonBreathFire_1
0x083E75D8	rom	0x8	sAffineAnims_DragonBreathFire
0x083E75E0	rom	0x18	gDragonBreathFireSpriteTemplate
0x083E75F8	rom	0x18	sAnim_DragonRageFirePlume
0x083E7610	rom	0x4	sAnims_DragonRageFirePlume
0x083E7614	rom	0x18	gDragonRageFirePlumeSpriteTemplate
0x083E762C	rom	0x10	sAnim_DragonRageFire
0x083E763C	rom	0x8	sAnims_DragonRageFire
0x083E7644	rom	0x10	sAffineAnim_DragonRageFire_0
0x083E7654	rom	0x10	sAffineAnim_DragonRageFire_1
0x083E7664	rom	0x8	sAffineAnims_DragonRageFire
0x083E766C	rom	0x18	gDragonRageFireSpitSpriteTemplate
0x083E7684	rom	0x18	gDragonDanceOrbSpriteTemplate
0x083E769C	rom	0x18	gOverheatFlameSpriteTemplate
0x083E76B4	rom	0x18	sUnusedBagStealSpriteTemplate
0x083E76CC	rom	0x10	sAffineAnim_Bite_0
0x083E76DC	rom	0x10	sAffineAnim_Bite_1
0x083E76EC	rom	0x10	sAffineAnim_Bite_2
0x083E76FC	rom	0x10	sAffineAnim_Bite_3
0x083E770C	rom	0x10	sAffineAnim_Bite_4
0x083E771C	rom	0x10	sAffineAnim_Bite_5
0x083E772C	rom	0x10	sAffineAnim_Bite_6
0x083E773C	rom	0x10	sAffineAnim_Bite_7
0x083E774C	rom	0x20	gAffineAnims_Bite
0x083E776C	rom	0x18	gSharpTeethSpriteTemplate
0x083E7784	rom	0x18	gClampJawSpriteTemplate
0x083E779C	rom	0x18	sAffineAnim_TearDrop_0
0x083E77B4	rom	0x18	sAffineAnim_TearDrop_1
0x083E77CC	rom	0x8	sAffineAnims_TearDrop
0x083E77D4	rom	0x18	gTearDropSpriteTemplate
0x083E77EC	rom	0x18	sAnim_ClawSlash_0
0x083E7804	rom	0x18	sAnim_ClawSlash_1
0x083E781C	rom	0x8	sAnims_ClawSlash
0x083E7824	rom	0x18	gClawSlashSpriteTemplate
0x083E783C	rom	0x10	sAffineAnim_Bonemerang
0x083E784C	rom	0x10	sAffineAnim_SpinningBone
0x083E785C	rom	0x4	sAffineAnims_Bonemerang
0x083E7860	rom	0x4	sAffineAnims_SpinningBone
0x083E7864	rom	0x18	gBonemerangSpriteTemplate
0x083E787C	rom	0x18	gSpinningBoneSpriteTemplate
0x083E7894	rom	0x18	gSandAttackDirtSpriteTemplate
0x083E78AC	rom	0x8	sAnim_MudSlapMud
0x083E78B4	rom	0x4	sAnims_MudSlapMud
0x083E78B8	rom	0x18	gMudSlapMudSpriteTemplate
0x083E78D0	rom	0x18	gMudsportMudSpriteTemplate
0x083E78E8	rom	0x18	gDirtPlumeSpriteTemplate
0x083E7900	rom	0x18	gDirtMoundSpriteTemplate
0x083E7918	rom	0x14	sAnim_ConfusionDuck_0
0x083E792C	rom	0x14	sAnim_ConfusionDuck_1
0x083E7940	rom	0x8	sAnims_ConfusionDuck
0x083E7948	rom	0x18	gConfusionDuckSpriteTemplate
0x083E7960	rom	0x18	gSimplePaletteBlendSpriteTemplate
0x083E7978	rom	0x18	gComplexPaletteBlendSpriteTemplate
0x083E7990	rom	0x18	sAnim_CirclingSparkle
0x083E79A8	rom	0x4	sAnims_CirclingSparkle
0x083E79AC	rom	0x18	sCirclingSparkleSpriteTemplate
0x083E79C4	rom	0x18	gShakeMonOrTerrainSpriteTemplate
0x083E79DC	rom	0x10	sAffineAnim_HitSplat_0
0x083E79EC	rom	0x18	sAffineAnim_HitSplat_1
0x083E7A04	rom	0x18	sAffineAnim_HitSplat_2
0x083E7A1C	rom	0x18	sAffineAnim_HitSplat_3
0x083E7A34	rom	0x10	sAffineAnims_HitSplat
0x083E7A44	rom	0x18	gBasicHitSplatSpriteTemplate
0x083E7A5C	rom	0x18	gHandleInvertHitSplatSpriteTemplate
0x083E7A74	rom	0x18	gWaterHitSplatSpriteTemplate
0x083E7A8C	rom	0x18	gRandomPosHitSplatSpriteTemplate
0x083E7AA4	rom	0x18	gMonEdgeHitSplatSpriteTemplate
0x083E7ABC	rom	0x18	gCrossImpactSpriteTemplate
0x083E7AD4	rom	0x18	gFlashingHitSplatSpriteTemplate
0x083E7AEC	rom	0x18	gPersistHitSplatSpriteTemplate
0x083E7B04	rom	0x2	sRgbWhite
0x083E7B06	rom	0x4	gBattleAnimRegOffsBgCnt
0x083E7B0A	rom	0x4	gBattleIntroRegOffsBgCnt
0x083E7B10	rom	0x28	sBattleIntroSlideFuncs
0x083E7B38	rom	0x14	sBikeTransitions
0x083E7B4C	rom	0xC	sBikeInputHandlers
0x083E7B5E	rom	0x2	sAcroBikeJumpTimerList
0x083E7B60	rom	0x70	sAcroBikeTricksList
0x083E7BD0	rom	0x194	sEasyChatGroup_Pokemon
0x083E7D64	rom	0xD	sEasyChatWord_IChooseYou
0x083E7D71	rom	0x7	sEasyChatWord_Gotcha
0x083E7D78	rom	0x6	sEasyChatWord_Trade
0x083E7D7E	rom	0x9	sEasyChatWord_Sapphire
0x083E7D87	rom	0x7	sEasyChatWord_Evolve
0x083E7D8E	rom	0xD	sEasyChatWord_Encyclopedia
0x083E7D9B	rom	0x7	sEasyChatWord_Nature
0x083E7DA2	rom	0x7	sEasyChatWord_Center
0x083E7DA9	rom	0x4	sEasyChatWord_Egg
0x083E7DAD	rom	0x5	sEasyChatWord_Link
0x083E7DB2	rom	0xC	sEasyChatWord_SpAbility
0x083E7DBE	rom	0x8	sEasyChatWord_Trainer
0x083E7DC6	rom	0x8	sEasyChatWord_Version
0x083E7DCE	rom	0x8	sEasyChatWord_Pokenav
0x083E7DD6	rom	0x8	sEasyChatWord_Pokemon
0x083E7DDE	rom	0x4	sEasyChatWord_Get
0x083E7DE2	rom	0x8	sEasyChatWord_Pokedex
0x083E7DEA	rom	0x5	sEasyChatWord_Ruby
0x083E7DEF	rom	0x6	sEasyChatWord_Level
0x083E7DF5	rom	0x4	sEasyChatWord_Red
0x083E7DF9	rom	0x6	sEasyChatWord_Green
0x083E7DFF	rom	0x4	sEasyChatWord_Bag
0x083E7E03	rom	0x6	sEasyChatWord_Flame
0x083E7E09	rom	0x5	sEasyChatWord_Gold
0x083E7E0E	rom	0x5	sEasyChatWord_Leaf
0x083E7E13	rom	0x7	sEasyChatWord_Silver
0x083E7E1C	rom	0x138	sEasyChatGroup_Trainer
0x083E7F54	rom	0x5	sEasyChatWord_Dark
0x083E7F59	rom	0x7	sEasyChatWord_Stench
0x083E7F60	rom	0xA	sEasyChatWord_ThickFat
0x083E7F6A	rom	0xA	sEasyChatWord_RainDish
0x083E7F74	rom	0x8	sEasyChatWord_Drizzle
0x083E7F7C	rom	0xB	sEasyChatWord_ArenaTrap
0x083E7F87	rom	0xB	sEasyChatWord_Intimidate
0x083E7F92	rom	0xA	sEasyChatWord_RockHead
0x083E7F9C	rom	0x6	sEasyChatWord_Color
0x083E7FA2	rom	0xB	sEasyChatWord_AltColor
0x083E7FAD	rom	0x5	sEasyChatWord_Rock
0x083E7FB2	rom	0xA	sEasyChatWord_Beautiful
0x083E7FBC	rom	0x7	sEasyChatWord_Beauty
0x083E7FC3	rom	0x9	sEasyChatWord_AirLock
0x083E7FCC	rom	0x8	sEasyChatWord_Psychic
0x083E7FD4	rom	0xD	sEasyChatWord_HyperCutter
0x083E7FE1	rom	0x9	sEasyChatWord_Fighting
0x083E7FEA	rom	0xB	sEasyChatWord_ShadowTag
0x083E7FF5	rom	0x6	sEasyChatWord_Smart
0x083E7FFB	rom	0xA	sEasyChatWord_Smartness
0x083E8005	rom	0xC	sEasyChatWord_SpeedBoost
0x083E8011	rom	0x5	sEasyChatWord_Cool
0x083E8016	rom	0x9	sEasyChatWord_Coolness
0x083E801F	rom	0xD	sEasyChatWord_BattleArmor
0x083E802C	rom	0x5	sEasyChatWord_Cute
0x083E8031	rom	0x9	sEasyChatWord_Cuteness
0x083E803A	rom	0x7	sEasyChatWord_Sturdy
0x083E8041	rom	0xD	sEasyChatWord_SuctionCups
0x083E804E	rom	0x6	sEasyChatWord_Grass
0x083E8054	rom	0xB	sEasyChatWord_ClearBody
0x083E805F	rom	0x8	sEasyChatWord_Torrent
0x083E8067	rom	0x6	sEasyChatWord_Ghost
0x083E806D	rom	0x4	sEasyChatWord_Ice
0x083E8071	rom	0x5	sEasyChatWord_Guts
0x083E8076	rom	0xB	sEasyChatWord_RoughSkin
0x083E8081	rom	0xC	sEasyChatWord_ShellArmor
0x083E808D	rom	0xD	sEasyChatWord_NaturalCure
0x083E809A	rom	0x5	sEasyChatWord_Damp
0x083E809F	rom	0x7	sEasyChatWord_Ground
0x083E80A6	rom	0x7	sEasyChatWord_Limber
0x083E80AD	rom	0xC	sEasyChatWord_MagnetPull
0x083E80B9	rom	0xC	sEasyChatWord_WhiteSmoke
0x083E80C5	rom	0xC	sEasyChatWord_Synchronize
0x083E80D1	rom	0x9	sEasyChatWord_Overgrow
0x083E80DA	rom	0xB	sEasyChatWord_SwiftSwim
0x083E80E5	rom	0xC	sEasyChatWord_SandStream
0x083E80F1	rom	0xA	sEasyChatWord_SandVeil
0x083E80FB	rom	0x9	sEasyChatWord_KeenEye
0x083E8104	rom	0xC	sEasyChatWord_InnerFocus
0x083E8110	rom	0x7	sEasyChatWord_Static
0x083E8117	rom	0x5	sEasyChatWord_Type
0x083E811C	rom	0x6	sEasyChatWord_Tough
0x083E8122	rom	0xA	sEasyChatWord_Toughness
0x083E812C	rom	0xA	sEasyChatWord_ShedSkin
0x083E8136	rom	0xB	sEasyChatWord_HugePower
0x083E8141	rom	0xC	sEasyChatWord_VoltAbsorb
0x083E814D	rom	0xD	sEasyChatWord_WaterAbsorb
0x083E815A	rom	0x9	sEasyChatWord_Electric
0x083E8163	rom	0x9	sEasyChatWord_Forecast
0x083E816C	rom	0xD	sEasyChatWord_SereneGrace
0x083E8179	rom	0x7	sEasyChatWord_Poison
0x083E8180	rom	0xD	sEasyChatWord_PoisonPoint
0x083E818D	rom	0x7	sEasyChatWord_Dragon
0x083E8194	rom	0x6	sEasyChatWord_Trace
0x083E819A	rom	0xA	sEasyChatWord_Oblivious
0x083E81A4	rom	0x7	sEasyChatWord_Truant
0x083E81AB	rom	0x9	sEasyChatWord_RunAway
0x083E81B4	rom	0xC	sEasyChatWord_StickyHold
0x083E81C0	rom	0xB	sEasyChatWord_CloudNine
0x083E81CB	rom	0x7	sEasyChatWord_Normal
0x083E81D2	rom	0x6	sEasyChatWord_Steel
0x083E81D8	rom	0xB	sEasyChatWord_Illuminate
0x083E81E3	rom	0xB	sEasyChatWord_EarlyBird
0x083E81EE	rom	0x7	sEasyChatWord_Hustle
0x083E81F5	rom	0x6	sEasyChatWord_Shine
0x083E81FB	rom	0x7	sEasyChatWord_Flying
0x083E8202	rom	0x8	sEasyChatWord_Drought
0x083E820A	rom	0xD	sEasyChatWord_Lightningrod
0x083E8217	rom	0xD	sEasyChatWord_Compoundeyes
0x083E8224	rom	0xD	sEasyChatWord_MarvelScale
0x083E8231	rom	0xD	sEasyChatWord_WonderGuard
0x083E823E	rom	0x9	sEasyChatWord_Insomnia
0x083E8247	rom	0x9	sEasyChatWord_Levitate
0x083E8250	rom	0x5	sEasyChatWord_Plus
0x083E8255	rom	0x9	sEasyChatWord_Pressure
0x083E825E	rom	0xC	sEasyChatWord_LiquidOoze
0x083E826A	rom	0xD	sEasyChatWord_ColorChange
0x083E8277	rom	0xB	sEasyChatWord_Soundproof
0x083E8282	rom	0xD	sEasyChatWord_EffectSpore
0x083E828F	rom	0x4	sEasyChatWord_Pkrs
0x083E8293	rom	0x5	sEasyChatWord_Fire
0x083E8298	rom	0xB	sEasyChatWord_FlameBody
0x083E82A3	rom	0x6	sEasyChatWord_Minus
0x083E82A9	rom	0xA	sEasyChatWord_OwnTempo
0x083E82B3	rom	0xC	sEasyChatWord_MagmaArmor
0x083E82BF	rom	0x6	sEasyChatWord_Water
0x083E82C5	rom	0xB	sEasyChatWord_WaterVeil
0x083E82D0	rom	0x4	sEasyChatWord_Bug
0x083E82D4	rom	0x6	sEasyChatWord_Swarm
0x083E82DA	rom	0xB	sEasyChatWord_CuteCharm
0x083E82E5	rom	0x9	sEasyChatWord_Immunity
0x083E82EE	rom	0x6	sEasyChatWord_Blaze
0x083E82F4	rom	0x7	sEasyChatWord_Pickup
0x083E82FB	rom	0x8	sEasyChatWord_Pattern
0x083E8303	rom	0xB	sEasyChatWord_FlashFire
0x083E830E	rom	0xD	sEasyChatWord_VitalSpirit
0x083E831B	rom	0xC	sEasyChatWord_Chlorophyll
0x083E8327	rom	0xB	sEasyChatWord_PurePower
0x083E8332	rom	0xC	sEasyChatWord_ShieldDust
0x083E8340	rom	0x51C	sEasyChatGroup_Status
0x083E885C	rom	0x9	sEasyChatWord_MatchUp
0x083E8865	rom	0x3	sEasyChatWord_Go
0x083E8868	rom	0x6	sEasyChatWord_No1
0x083E886E	rom	0x7	sEasyChatWord_Decide
0x083E8875	rom	0xB	sEasyChatWord_LetMeWin
0x083E8880	rom	0x5	sEasyChatWord_Wins
0x083E8885	rom	0x4	sEasyChatWord_Win
0x083E8889	rom	0x4	sEasyChatWord_Won
0x083E888D	rom	0x9	sEasyChatWord_IfIWin
0x083E8896	rom	0xB	sEasyChatWord_WhenIWin
0x083E88A1	rom	0xA	sEasyChatWord_CantWin
0x083E88AB	rom	0x8	sEasyChatWord_CanWin
0x083E88B3	rom	0x9	sEasyChatWord_NoMatch
0x083E88BC	rom	0x7	sEasyChatWord_Spirit
0x083E88C3	rom	0x8	sEasyChatWord_Decided
0x083E88CB	rom	0xB	sEasyChatWord_TrumpCard
0x083E88D6	rom	0xA	sEasyChatWord_TakeThat
0x083E88E0	rom	0x8	sEasyChatWord_ComeOn
0x083E88E8	rom	0x7	sEasyChatWord_Attack
0x083E88EF	rom	0xA	sEasyChatWord_Surrender
0x083E88F9	rom	0x6	sEasyChatWord_Gutsy
0x083E88FF	rom	0x7	sEasyChatWord_Talent
0x083E8906	rom	0x9	sEasyChatWord_Strategy
0x083E890F	rom	0x6	sEasyChatWord_Smite
0x083E8915	rom	0x6	sEasyChatWord_Match
0x083E891B	rom	0x8	sEasyChatWord_Victory
0x083E8923	rom	0xA	sEasyChatWord_Offensive
0x083E892D	rom	0x6	sEasyChatWord_Sense
0x083E8933	rom	0x7	sEasyChatWord_Versus
0x083E893A	rom	0x7	sEasyChatWord_Fights
0x083E8941	rom	0x6	sEasyChatWord_Power
0x083E8947	rom	0xA	sEasyChatWord_Challenge
0x083E8951	rom	0x7	sEasyChatWord_Strong
0x083E8958	rom	0xB	sEasyChatWord_TooStrong
0x083E8963	rom	0x8	sEasyChatWord_GoEasy
0x083E896B	rom	0x4	sEasyChatWord_Foe
0x083E896F	rom	0x7	sEasyChatWord_Genius
0x083E8976	rom	0x7	sEasyChatWord_Legend
0x083E897D	rom	0x7	sEasyChatWord_Escape
0x083E8984	rom	0x4	sEasyChatWord_Aim
0x083E8988	rom	0x7	sEasyChatWord_Battle
0x083E898F	rom	0x6	sEasyChatWord_Fight
0x083E8995	rom	0xC	sEasyChatWord_Resuscitate
0x083E89A1	rom	0x7	sEasyChatWord_Points
0x083E89A8	rom	0x8	sEasyChatWord_Serious
0x083E89B0	rom	0x8	sEasyChatWord_GiveUp
0x083E89B8	rom	0x5	sEasyChatWord_Loss
0x083E89BD	rom	0xA	sEasyChatWord_IfILose
0x083E89C7	rom	0x5	sEasyChatWord_Lost
0x083E89CC	rom	0x5	sEasyChatWord_Lose
0x083E89D1	rom	0x6	sEasyChatWord_Guard
0x083E89D7	rom	0x8	sEasyChatWord_Partner
0x083E89DF	rom	0x7	sEasyChatWord_Reject
0x083E89E6	rom	0x7	sEasyChatWord_Accept
0x083E89ED	rom	0xB	sEasyChatWord_Invincible
0x083E89F8	rom	0x9	sEasyChatWord_Received
0x083E8A01	rom	0x5	sEasyChatWord_Easy
0x083E8A06	rom	0x5	sEasyChatWord_Weak
0x083E8A0B	rom	0x9	sEasyChatWord_TooWeak
0x083E8A14	rom	0x9	sEasyChatWord_Pushover
0x083E8A1D	rom	0x7	sEasyChatWord_Leader
0x083E8A24	rom	0x5	sEasyChatWord_Rule
0x083E8A29	rom	0x5	sEasyChatWord_Move
0x083E8A30	rom	0x2F4	sEasyChatGroup_Battle
0x083E8D24	rom	0x7	sEasyChatWord_Thanks
0x083E8D2B	rom	0x4	sEasyChatWord_Yes
0x083E8D2F	rom	0xA	sEasyChatWord_HereGoes
0x083E8D39	rom	0xC	sEasyChatWord_HereICome
0x083E8D45	rom	0xB	sEasyChatWord_HereItIs
0x083E8D50	rom	0x5	sEasyChatWord_Yeah
0x083E8D55	rom	0x8	sEasyChatWord_Welcome
0x083E8D5D	rom	0x3	sEasyChatWord_Oi
0x083E8D60	rom	0x7	sEasyChatWord_HowDo
0x083E8D67	rom	0x9	sEasyChatWord_Congrats
0x083E8D70	rom	0x8	sEasyChatWord_GiveMe
0x083E8D78	rom	0x6	sEasyChatWord_Sorry
0x083E8D7E	rom	0xA	sEasyChatWord_Apologize
0x083E8D88	rom	0x8	sEasyChatWord_Forgive
0x083E8D90	rom	0xB	sEasyChatWord_HeyThere
0x083E8D9B	rom	0x6	sEasyChatWord_Hello
0x083E8DA1	rom	0x9	sEasyChatWord_GoodBye
0x083E8DAA	rom	0xA	sEasyChatWord_ThankYou
0x083E8DB4	rom	0xD	sEasyChatWord_IveArrived
0x083E8DC1	rom	0x7	sEasyChatWord_Pardon
0x083E8DC8	rom	0x7	sEasyChatWord_Excuse
0x083E8DCF	rom	0x7	sEasyChatWord_SeeYa
0x083E8DD6	rom	0xA	sEasyChatWord_ExcuseMe
0x083E8DE0	rom	0xB	sEasyChatWord_WellThen
0x083E8DEB	rom	0x9	sEasyChatWord_GoAhead
0x083E8DF4	rom	0xB	sEasyChatWord_Appreciate
0x083E8DFF	rom	0x5	sEasyChatWord_HeyQues
0x083E8E04	rom	0xB	sEasyChatWord_WhatsUpQues
0x083E8E0F	rom	0x5	sEasyChatWord_HuhQues
0x083E8E14	rom	0x3	sEasyChatWord_No
0x083E8E17	rom	0x3	sEasyChatWord_Hi
0x083E8E1A	rom	0xB	sEasyChatWord_YeahYeah
0x083E8E25	rom	0x8	sEasyChatWord_ByeBye
0x083E8E2D	rom	0x9	sEasyChatWord_MeetYou
0x083E8E36	rom	0x4	sEasyChatWord_Hey
0x083E8E3A	rom	0x6	sEasyChatWord_Smell
0x083E8E40	rom	0xA	sEasyChatWord_Listening
0x083E8E4A	rom	0x8	sEasyChatWord_HooHah
0x083E8E52	rom	0x6	sEasyChatWord_Yahoo
0x083E8E58	rom	0x3	sEasyChatWord_Yo
0x083E8E5B	rom	0xA	sEasyChatWord_ComeOver
0x083E8E65	rom	0x9	sEasyChatWord_CountOn
0x083E8E70	rom	0x1F8	sEasyChatGroup_Greetings
0x083E9068	rom	0x9	sEasyChatWord_Opponent
0x083E9071	rom	0x2	sEasyChatWord_I
0x083E9073	rom	0x4	sEasyChatWord_You
0x083E9077	rom	0x6	sEasyChatWord_Yours
0x083E907D	rom	0x4	sEasyChatWord_Son
0x083E9081	rom	0x5	sEasyChatWord_Your
0x083E9086	rom	0x7	sEasyChatWord_Youre
0x083E908D	rom	0x7	sEasyChatWord_Youve
0x083E9094	rom	0x7	sEasyChatWord_Mother
0x083E909B	rom	0xC	sEasyChatWord_Grandfather
0x083E90A7	rom	0x6	sEasyChatWord_Uncle
0x083E90AD	rom	0x7	sEasyChatWord_Father
0x083E90B4	rom	0x4	sEasyChatWord_Boy
0x083E90B8	rom	0x6	sEasyChatWord_Adult
0x083E90BE	rom	0x8	sEasyChatWord_Brother
0x083E90C6	rom	0x7	sEasyChatWord_Sister
0x083E90CD	rom	0xC	sEasyChatWord_Grandmother
0x083E90D9	rom	0x5	sEasyChatWord_Aunt
0x083E90DE	rom	0x7	sEasyChatWord_Parent
0x083E90E5	rom	0x4	sEasyChatWord_Man
0x083E90E9	rom	0x3	sEasyChatWord_Me
0x083E90EC	rom	0x5	sEasyChatWord_Girl
0x083E90F1	rom	0x5	sEasyChatWord_Babe
0x083E90F6	rom	0x7	sEasyChatWord_Family
0x083E90FD	rom	0x4	sEasyChatWord_Her
0x083E9101	rom	0x4	sEasyChatWord_Him
0x083E9105	rom	0x3	sEasyChatWord_He
0x083E9108	rom	0x6	sEasyChatWord_Place
0x083E910E	rom	0x9	sEasyChatWord_Daughter
0x083E9117	rom	0x4	sEasyChatWord_His
0x083E911B	rom	0x5	sEasyChatWord_Hes
0x083E9120	rom	0x7	sEasyChatWord_Arent
0x083E9127	rom	0x9	sEasyChatWord_Siblings
0x083E9130	rom	0x4	sEasyChatWord_Kid
0x083E9134	rom	0x9	sEasyChatWord_Children
0x083E913D	rom	0x4	sEasyChatWord_Mr
0x083E9141	rom	0x5	sEasyChatWord_Mrs
0x083E9146	rom	0x7	sEasyChatWord_Myself
0x083E914D	rom	0x6	sEasyChatWord_IWas
0x083E9153	rom	0x6	sEasyChatWord_ToMe
0x083E9159	rom	0x3	sEasyChatWord_My
0x083E915C	rom	0x5	sEasyChatWord_IAm
0x083E9161	rom	0x5	sEasyChatWord_Ive
0x083E9166	rom	0x4	sEasyChatWord_Who
0x083E916A	rom	0x8	sEasyChatWord_Someone
0x083E9172	rom	0x8	sEasyChatWord_WhoWas
0x083E917A	rom	0x8	sEasyChatWord_ToWhom
0x083E9182	rom	0x6	sEasyChatWord_Whose
0x083E9188	rom	0x7	sEasyChatWord_WhoIs
0x083E918F	rom	0x5	sEasyChatWord_Its
0x083E9194	rom	0x5	sEasyChatWord_Lady
0x083E9199	rom	0x7	sEasyChatWord_Friend
0x083E91A0	rom	0x5	sEasyChatWord_Ally
0x083E91A5	rom	0x7	sEasyChatWord_Person
0x083E91AC	rom	0x5	sEasyChatWord_Dude
0x083E91B1	rom	0x5	sEasyChatWord_They
0x083E91B6	rom	0xA	sEasyChatWord_TheyWere
0x083E91C0	rom	0x8	sEasyChatWord_ToThem
0x083E91C8	rom	0x6	sEasyChatWord_Their
0x083E91CE	rom	0x8	sEasyChatWord_Theyre
0x083E91D6	rom	0x8	sEasyChatWord_Theyve
0x083E91DE	rom	0x3	sEasyChatWord_We
0x083E91E1	rom	0x5	sEasyChatWord_Been
0x083E91E6	rom	0x6	sEasyChatWord_ToUs
0x083E91EC	rom	0x4	sEasyChatWord_Our
0x083E91F0	rom	0x6	sEasyChatWord_WeAre
0x083E91F6	rom	0x6	sEasyChatWord_Rival
0x083E91FC	rom	0x6	sEasyChatWord_Weve
0x083E9202	rom	0x6	sEasyChatWord_Woman
0x083E9208	rom	0x4	sEasyChatWord_She
0x083E920C	rom	0x8	sEasyChatWord_SheWas
0x083E9214	rom	0x7	sEasyChatWord_ToHer
0x083E921B	rom	0x5	sEasyChatWord_Hers
0x083E9220	rom	0x7	sEasyChatWord_SheIs
0x083E9227	rom	0x5	sEasyChatWord_Some
0x083E922C	rom	0x384	sEasyChatGroup_People
0x083E95B0	rom	0x2	sEasyChatWord_Excl
0x083E95B2	rom	0x3	sEasyChatWord_ExclExcl
0x083E95B5	rom	0x3	sEasyChatWord_QuesExcl
0x083E95B8	rom	0x2	sEasyChatWord_Ques
0x083E95BA	rom	0x2	sEasyChatWord_Ellipsis
0x083E95BC	rom	0x3	sEasyChatWord_EllipsisExcl
0x083E95BF	rom	0x4	sEasyChatWord_EllipsisEllipsisEllipsis
0x083E95C3	rom	0x2	sEasyChatWord_Dash
0x083E95C5	rom	0x6	sEasyChatWord_DashDashDash
0x083E95CB	rom	0x6	sEasyChatWord_UhOh
0x083E95D1	rom	0x6	sEasyChatWord_Waaah
0x083E95D7	rom	0x6	sEasyChatWord_Ahaha
0x083E95DD	rom	0x4	sEasyChatWord_OhQues
0x083E95E1	rom	0x5	sEasyChatWord_Nope
0x083E95E6	rom	0x5	sEasyChatWord_Urgh
0x083E95EB	rom	0x4	sEasyChatWord_Hmm
0x083E95EF	rom	0x6	sEasyChatWord_Whoah
0x083E95F5	rom	0xA	sEasyChatWord_WroooaarExcl
0x083E95FF	rom	0x4	sEasyChatWord_Wow
0x083E9603	rom	0x7	sEasyChatWord_Giggle
0x083E960A	rom	0x5	sEasyChatWord_Sigh
0x083E960F	rom	0xD	sEasyChatWord_Unbelievable
0x083E961C	rom	0x6	sEasyChatWord_Cries
0x083E9622	rom	0x6	sEasyChatWord_Agree
0x083E9628	rom	0x4	sEasyChatWord_EhQues
0x083E962C	rom	0x4	sEasyChatWord_Cry
0x083E9630	rom	0x6	sEasyChatWord_Ehehe
0x083E9636	rom	0xB	sEasyChatWord_OiOiOi
0x083E9641	rom	0x9	sEasyChatWord_OhYeah
0x083E964A	rom	0x3	sEasyChatWord_Oh
0x083E964D	rom	0x5	sEasyChatWord_Oops
0x083E9652	rom	0x8	sEasyChatWord_Shocked
0x083E965A	rom	0x4	sEasyChatWord_Eek
0x083E965E	rom	0x7	sEasyChatWord_Graaah
0x083E9665	rom	0xA	sEasyChatWord_Gwahahaha
0x083E966F	rom	0x4	sEasyChatWord_Way
0x083E9673	rom	0x4	sEasyChatWord_Tch
0x083E9677	rom	0x5	sEasyChatWord_Hehe
0x083E967C	rom	0x4	sEasyChatWord_Hah
0x083E9680	rom	0x4	sEasyChatWord_Yup
0x083E9684	rom	0x7	sEasyChatWord_Hahaha
0x083E968B	rom	0x7	sEasyChatWord_Aiyeeh
0x083E9692	rom	0x6	sEasyChatWord_Hiyah
0x083E9698	rom	0x7	sEasyChatWord_Fufufu
0x083E969F	rom	0x4	sEasyChatWord_Lol
0x083E96A3	rom	0x6	sEasyChatWord_Snort
0x083E96A9	rom	0x6	sEasyChatWord_Humph
0x083E96AF	rom	0x7	sEasyChatWord_Hehehe
0x083E96B6	rom	0x4	sEasyChatWord_Heh
0x083E96BA	rom	0x7	sEasyChatWord_Hohoho
0x083E96C1	rom	0x7	sEasyChatWord_UhHuh
0x083E96C8	rom	0x9	sEasyChatWord_OhDear
0x083E96D1	rom	0x6	sEasyChatWord_Arrgh
0x083E96D7	rom	0x7	sEasyChatWord_Mufufu
0x083E96DE	rom	0x4	sEasyChatWord_Mmm
0x083E96E2	rom	0x7	sEasyChatWord_OhKay
0x083E96E9	rom	0x5	sEasyChatWord_Okay
0x083E96EE	rom	0x7	sEasyChatWord_Lalala
0x083E96F5	rom	0x4	sEasyChatWord_Yay
0x083E96F9	rom	0x4	sEasyChatWord_Aww
0x083E96FD	rom	0x6	sEasyChatWord_Wowee
0x083E9703	rom	0x5	sEasyChatWord_Gwah
0x083E9708	rom	0x9	sEasyChatWord_Wahahaha
0x083E9714	rom	0x2F4	sEasyChatGroup_Voices
0x083E9A08	rom	0x7	sEasyChatWord_Listen
0x083E9A0F	rom	0x9	sEasyChatWord_NotVery
0x083E9A18	rom	0x5	sEasyChatWord_Mean
0x083E9A1D	rom	0x4	sEasyChatWord_Lie
0x083E9A21	rom	0x4	sEasyChatWord_Lay
0x083E9A25	rom	0xA	sEasyChatWord_Recommend
0x083E9A2F	rom	0x7	sEasyChatWord_Nitwit
0x083E9A36	rom	0x6	sEasyChatWord_Quite
0x083E9A3C	rom	0x5	sEasyChatWord_From
0x083E9A41	rom	0x8	sEasyChatWord_Feeling
0x083E9A49	rom	0x4	sEasyChatWord_But
0x083E9A4D	rom	0x8	sEasyChatWord_However
0x083E9A55	rom	0x5	sEasyChatWord_Case
0x083E9A5A	rom	0x4	sEasyChatWord_The
0x083E9A5E	rom	0x5	sEasyChatWord_Miss
0x083E9A63	rom	0x4	sEasyChatWord_How
0x083E9A67	rom	0x4	sEasyChatWord_Hit
0x083E9A6B	rom	0x7	sEasyChatWord_Enough
0x083E9A72	rom	0x6	sEasyChatWord_ALot
0x083E9A78	rom	0x9	sEasyChatWord_ALittle
0x083E9A81	rom	0xB	sEasyChatWord_Absolutely
0x083E9A8C	rom	0x4	sEasyChatWord_And
0x083E9A90	rom	0x5	sEasyChatWord_Only
0x083E9A95	rom	0x7	sEasyChatWord_Around
0x083E9A9C	rom	0x9	sEasyChatWord_Probably
0x083E9AA5	rom	0x3	sEasyChatWord_If
0x083E9AA8	rom	0x5	sEasyChatWord_Very
0x083E9AAD	rom	0xB	sEasyChatWord_ATinyBit
0x083E9AB8	rom	0x5	sEasyChatWord_Wild
0x083E9ABD	rom	0x7	sEasyChatWord_Thats
0x083E9AC4	rom	0x5	sEasyChatWord_Just
0x083E9AC9	rom	0x9	sEasyChatWord_EvenSo
0x083E9AD2	rom	0x8	sEasyChatWord_MustBe
0x083E9ADA	rom	0xA	sEasyChatWord_Naturally
0x083E9AE4	rom	0x9	sEasyChatWord_ForNow
0x083E9AED	rom	0xB	sEasyChatWord_Understood
0x083E9AF8	rom	0x7	sEasyChatWord_Joking
0x083E9AFF	rom	0x6	sEasyChatWord_Ready
0x083E9B05	rom	0xA	sEasyChatWord_Something
0x083E9B0F	rom	0x8	sEasyChatWord_Somehow
0x083E9B17	rom	0x9	sEasyChatWord_Although
0x083E9B20	rom	0x5	sEasyChatWord_Also
0x083E9B25	rom	0x8	sEasyChatWord_Perfect
0x083E9B2D	rom	0xB	sEasyChatWord_AsMuchAs
0x083E9B38	rom	0x7	sEasyChatWord_Really
0x083E9B3F	rom	0x6	sEasyChatWord_Truly
0x083E9B45	rom	0xA	sEasyChatWord_Seriously
0x083E9B4F	rom	0x8	sEasyChatWord_Totally
0x083E9B57	rom	0x6	sEasyChatWord_Until
0x083E9B5D	rom	0x6	sEasyChatWord_AsIf
0x083E9B63	rom	0x5	sEasyChatWord_Mood
0x083E9B68	rom	0x7	sEasyChatWord_Rather
0x083E9B6F	rom	0x8	sEasyChatWord_Awfully
0x083E9B77	rom	0x5	sEasyChatWord_Mode
0x083E9B7C	rom	0x5	sEasyChatWord_More
0x083E9B81	rom	0x9	sEasyChatWord_TooLate
0x083E9B8A	rom	0x8	sEasyChatWord_Finally
0x083E9B92	rom	0x4	sEasyChatWord_Any
0x083E9B96	rom	0x8	sEasyChatWord_Instead
0x083E9B9E	rom	0xA	sEasyChatWord_Fantastic
0x083E9BA8	rom	0x2D0	sEasyChatGroup_Speech
0x083E9E78	rom	0x5	sEasyChatWord_Will
0x083E9E7D	rom	0xD	sEasyChatWord_WillBeHere
0x083E9E8A	rom	0x3	sEasyChatWord_Or
0x083E9E8D	rom	0x6	sEasyChatWord_Times
0x083E9E93	rom	0x7	sEasyChatWord_Wonder
0x083E9E9A	rom	0x7	sEasyChatWord_IsItQues
0x083E9EA1	rom	0x3	sEasyChatWord_Be
0x083E9EA4	rom	0x6	sEasyChatWord_Gimme
0x083E9EAA	rom	0x6	sEasyChatWord_Could
0x083E9EB0	rom	0xA	sEasyChatWord_LikelyTo
0x083E9EBA	rom	0x6	sEasyChatWord_Would
0x083E9EC0	rom	0x3	sEasyChatWord_Is
0x083E9EC3	rom	0xA	sEasyChatWord_IsntItQues
0x083E9ECD	rom	0x6	sEasyChatWord_Lets
0x083E9ED3	rom	0x6	sEasyChatWord_Other
0x083E9ED9	rom	0x4	sEasyChatWord_Are
0x083E9EDD	rom	0x4	sEasyChatWord_Was
0x083E9EE1	rom	0x5	sEasyChatWord_Were
0x083E9EE6	rom	0x6	sEasyChatWord_Those
0x083E9EEC	rom	0x6	sEasyChatWord_Isnt
0x083E9EF2	rom	0x6	sEasyChatWord_Wont
0x083E9EF8	rom	0x6	sEasyChatWord_Cant
0x083E9EFE	rom	0x4	sEasyChatWord_Can
0x083E9F02	rom	0x6	sEasyChatWord_Dont
0x083E9F08	rom	0x3	sEasyChatWord_Do
0x083E9F0B	rom	0x5	sEasyChatWord_Does
0x083E9F10	rom	0x5	sEasyChatWord_Whom
0x083E9F15	rom	0x6	sEasyChatWord_Which
0x083E9F1B	rom	0x7	sEasyChatWord_Wasnt
0x083E9F22	rom	0x8	sEasyChatWord_Werent
0x083E9F2A	rom	0x5	sEasyChatWord_Have
0x083E9F2F	rom	0x8	sEasyChatWord_Havent
0x083E9F37	rom	0x2	sEasyChatWord_A
0x083E9F39	rom	0x3	sEasyChatWord_An
0x083E9F3C	rom	0x4	sEasyChatWord_Not
0x083E9F40	rom	0x6	sEasyChatWord_There
0x083E9F46	rom	0x4	sEasyChatWord_OkQues
0x083E9F4A	rom	0x3	sEasyChatWord_So
0x083E9F4D	rom	0x6	sEasyChatWord_Maybe
0x083E9F53	rom	0x6	sEasyChatWord_About
0x083E9F59	rom	0x5	sEasyChatWord_Over
0x083E9F5E	rom	0x3	sEasyChatWord_It
0x083E9F61	rom	0x4	sEasyChatWord_All
0x083E9F65	rom	0x4	sEasyChatWord_For
0x083E9F69	rom	0x3	sEasyChatWord_On
0x083E9F6C	rom	0x4	sEasyChatWord_Off
0x083E9F70	rom	0x3	sEasyChatWord_As
0x083E9F73	rom	0x3	sEasyChatWord_To
0x083E9F76	rom	0x5	sEasyChatWord_With
0x083E9F7B	rom	0x7	sEasyChatWord_Better
0x083E9F82	rom	0x5	sEasyChatWord_Ever
0x083E9F87	rom	0x6	sEasyChatWord_Since
0x083E9F8D	rom	0x3	sEasyChatWord_Of
0x083E9F90	rom	0xB	sEasyChatWord_BelongsTo
0x083E9F9B	rom	0x3	sEasyChatWord_At
0x083E9F9E	rom	0x3	sEasyChatWord_In
0x083E9FA1	rom	0x4	sEasyChatWord_Out
0x083E9FA5	rom	0x4	sEasyChatWord_Too
0x083E9FA9	rom	0x5	sEasyChatWord_Like
0x083E9FAE	rom	0x4	sEasyChatWord_Did
0x083E9FB2	rom	0x7	sEasyChatWord_Didnt
0x083E9FB9	rom	0x8	sEasyChatWord_Doesnt
0x083E9FC1	rom	0x8	sEasyChatWord_Without
0x083E9FC9	rom	0x6	sEasyChatWord_After
0x083E9FCF	rom	0x7	sEasyChatWord_Before
0x083E9FD6	rom	0x6	sEasyChatWord_While
0x083E9FDC	rom	0x5	sEasyChatWord_Than
0x083E9FE1	rom	0x5	sEasyChatWord_Once
0x083E9FE6	rom	0x9	sEasyChatWord_Anywhere
0x083E9FF0	rom	0x33C	sEasyChatGroup_Endings
0x083EA32C	rom	0x5	sEasyChatWord_Meet
0x083EA331	rom	0x5	sEasyChatWord_Play
0x083EA336	rom	0x8	sEasyChatWord_Hurried
0x083EA33E	rom	0x5	sEasyChatWord_Goes
0x083EA343	rom	0x6	sEasyChatWord_Giddy
0x083EA349	rom	0x6	sEasyChatWord_Happy
0x083EA34F	rom	0xA	sEasyChatWord_Happiness
0x083EA359	rom	0x7	sEasyChatWord_Excite
0x083EA360	rom	0xA	sEasyChatWord_Important
0x083EA36A	rom	0x6	sEasyChatWord_Funny
0x083EA370	rom	0x4	sEasyChatWord_Got
0x083EA374	rom	0x8	sEasyChatWord_GoHome
0x083EA37C	rom	0xD	sEasyChatWord_Disappointed
0x083EA389	rom	0xC	sEasyChatWord_Disappoints
0x083EA395	rom	0x4	sEasyChatWord_Sad
0x083EA399	rom	0x4	sEasyChatWord_Try
0x083EA39D	rom	0x6	sEasyChatWord_Tries
0x083EA3A3	rom	0x6	sEasyChatWord_Hears
0x083EA3A9	rom	0x6	sEasyChatWord_Think
0x083EA3AF	rom	0x5	sEasyChatWord_Hear
0x083EA3B4	rom	0x6	sEasyChatWord_Wants
0x083EA3BA	rom	0x9	sEasyChatWord_Misheard
0x083EA3C3	rom	0x8	sEasyChatWord_Dislike
0x083EA3CB	rom	0x6	sEasyChatWord_Angry
0x083EA3D1	rom	0x6	sEasyChatWord_Anger
0x083EA3D7	rom	0x6	sEasyChatWord_Scary
0x083EA3DD	rom	0x9	sEasyChatWord_Lonesome
0x083EA3E6	rom	0xB	sEasyChatWord_Disappoint
0x083EA3F1	rom	0x4	sEasyChatWord_Joy
0x083EA3F5	rom	0x5	sEasyChatWord_Gets
0x083EA3FA	rom	0x6	sEasyChatWord_Never
0x083EA400	rom	0x5	sEasyChatWord_Darn
0x083EA405	rom	0x9	sEasyChatWord_Downcast
0x083EA40E	rom	0xB	sEasyChatWord_Incredible
0x083EA419	rom	0x6	sEasyChatWord_Likes
0x083EA41F	rom	0x9	sEasyChatWord_Dislikes
0x083EA428	rom	0x7	sEasyChatWord_Boring
0x083EA42F	rom	0x5	sEasyChatWord_Care
0x083EA434	rom	0x6	sEasyChatWord_Cares
0x083EA43A	rom	0xA	sEasyChatWord_AllRight
0x083EA444	rom	0x6	sEasyChatWord_Adore
0x083EA44A	rom	0x9	sEasyChatWord_Disaster
0x083EA453	rom	0x6	sEasyChatWord_Enjoy
0x083EA459	rom	0x7	sEasyChatWord_Enjoys
0x083EA460	rom	0x4	sEasyChatWord_Eat
0x083EA464	rom	0x8	sEasyChatWord_Lacking
0x083EA46C	rom	0x4	sEasyChatWord_Bad
0x083EA470	rom	0x5	sEasyChatWord_Hard
0x083EA475	rom	0x9	sEasyChatWord_Terrible
0x083EA47E	rom	0x7	sEasyChatWord_Should
0x083EA485	rom	0x5	sEasyChatWord_Nice
0x083EA48A	rom	0x6	sEasyChatWord_Drink
0x083EA490	rom	0x9	sEasyChatWord_Surprise
0x083EA499	rom	0x5	sEasyChatWord_Fear
0x083EA49E	rom	0x5	sEasyChatWord_Want
0x083EA4A3	rom	0x5	sEasyChatWord_Wait
0x083EA4A8	rom	0xA	sEasyChatWord_Satisfied
0x083EA4B2	rom	0x4	sEasyChatWord_See
0x083EA4B6	rom	0x5	sEasyChatWord_Rare
0x083EA4BB	rom	0x9	sEasyChatWord_Negative
0x083EA4C4	rom	0x5	sEasyChatWord_Done
0x083EA4C9	rom	0x7	sEasyChatWord_Danger
0x083EA4D0	rom	0x9	sEasyChatWord_Defeated
0x083EA4D9	rom	0x5	sEasyChatWord_Beat
0x083EA4DE	rom	0x6	sEasyChatWord_Great
0x083EA4E4	rom	0x9	sEasyChatWord_Romantic
0x083EA4ED	rom	0x9	sEasyChatWord_Question
0x083EA4F6	rom	0xB	sEasyChatWord_Understand
0x083EA501	rom	0xC	sEasyChatWord_Understands
0x083EA510	rom	0x33C	sEasyChatGroup_Feelings
0x083EA84C	rom	0x4	sEasyChatWord_Hot
0x083EA850	rom	0x7	sEasyChatWord_Exists
0x083EA857	rom	0x7	sEasyChatWord_Excess
0x083EA85E	rom	0x9	sEasyChatWord_Approved
0x083EA867	rom	0x4	sEasyChatWord_Has
0x083EA86B	rom	0x5	sEasyChatWord_Good
0x083EA870	rom	0x5	sEasyChatWord_Less
0x083EA875	rom	0x9	sEasyChatWord_Momentum
0x083EA87E	rom	0x6	sEasyChatWord_Going
0x083EA884	rom	0x6	sEasyChatWord_Weird
0x083EA88A	rom	0x5	sEasyChatWord_Busy
0x083EA88F	rom	0x9	sEasyChatWord_Together
0x083EA898	rom	0x5	sEasyChatWord_Full
0x083EA89D	rom	0x7	sEasyChatWord_Absent
0x083EA8A4	rom	0x6	sEasyChatWord_Being
0x083EA8AA	rom	0x5	sEasyChatWord_Need
0x083EA8AF	rom	0x6	sEasyChatWord_Tasty
0x083EA8B5	rom	0x8	sEasyChatWord_Skilled
0x083EA8BD	rom	0x6	sEasyChatWord_Noisy
0x083EA8C3	rom	0x4	sEasyChatWord_Big
0x083EA8C7	rom	0x5	sEasyChatWord_Late
0x083EA8CC	rom	0x6	sEasyChatWord_Close
0x083EA8D2	rom	0x7	sEasyChatWord_Docile
0x083EA8D9	rom	0x8	sEasyChatWord_Amusing
0x083EA8E1	rom	0xD	sEasyChatWord_Entertaining
0x083EA8EE	rom	0xB	sEasyChatWord_Perfection
0x083EA8F9	rom	0x7	sEasyChatWord_Pretty
0x083EA900	rom	0x8	sEasyChatWord_Healthy
0x083EA908	rom	0xA	sEasyChatWord_Excellent
0x083EA912	rom	0xC	sEasyChatWord_UpsideDown
0x083EA91E	rom	0x5	sEasyChatWord_Cold
0x083EA923	rom	0xB	sEasyChatWord_Refreshing
0x083EA92E	rom	0xC	sEasyChatWord_Unavoidable
0x083EA93A	rom	0x5	sEasyChatWord_Much
0x083EA93F	rom	0xD	sEasyChatWord_Overwhelming
0x083EA94C	rom	0x9	sEasyChatWord_Fabulous
0x083EA955	rom	0x5	sEasyChatWord_Else
0x083EA95A	rom	0xA	sEasyChatWord_Expensive
0x083EA964	rom	0x8	sEasyChatWord_Correct
0x083EA96C	rom	0xB	sEasyChatWord_Impossible
0x083EA977	rom	0x6	sEasyChatWord_Small
0x083EA97D	rom	0xA	sEasyChatWord_Different
0x083EA987	rom	0x6	sEasyChatWord_Tired
0x083EA98D	rom	0x6	sEasyChatWord_Skill
0x083EA993	rom	0x4	sEasyChatWord_Top
0x083EA997	rom	0x9	sEasyChatWord_NonStop
0x083EA9A0	rom	0xD	sEasyChatWord_Preposterous
0x083EA9AD	rom	0x5	sEasyChatWord_None
0x083EA9B2	rom	0x8	sEasyChatWord_Nothing
0x083EA9BA	rom	0x8	sEasyChatWord_Natural
0x083EA9C2	rom	0x8	sEasyChatWord_Becomes
0x083EA9CA	rom	0x9	sEasyChatWord_Lukewarm
0x083EA9D3	rom	0x5	sEasyChatWord_Fast
0x083EA9D8	rom	0x4	sEasyChatWord_Low
0x083EA9DC	rom	0x6	sEasyChatWord_Awful
0x083EA9E2	rom	0x6	sEasyChatWord_Alone
0x083EA9E8	rom	0x6	sEasyChatWord_Bored
0x083EA9EE	rom	0x7	sEasyChatWord_Secret
0x083EA9F5	rom	0x8	sEasyChatWord_Mystery
0x083EA9FD	rom	0x6	sEasyChatWord_Lacks
0x083EAA03	rom	0x5	sEasyChatWord_Best
0x083EAA08	rom	0x6	sEasyChatWord_Lousy
0x083EAA0E	rom	0x8	sEasyChatWord_Mistake
0x083EAA16	rom	0x5	sEasyChatWord_Kind
0x083EAA1B	rom	0x5	sEasyChatWord_Well
0x083EAA20	rom	0x9	sEasyChatWord_Weakened
0x083EAA29	rom	0x7	sEasyChatWord_Simple
0x083EAA30	rom	0x6	sEasyChatWord_Seems
0x083EAA36	rom	0x6	sEasyChatWord_Badly
0x083EAA3C	rom	0x33C	sEasyChatGroup_Conditions
0x083EAD78	rom	0x6	sEasyChatWord_Meets
0x083EAD7E	rom	0x8	sEasyChatWord_Concede
0x083EAD86	rom	0x5	sEasyChatWord_Give
0x083EAD8B	rom	0x6	sEasyChatWord_Gives
0x083EAD91	rom	0x7	sEasyChatWord_Played
0x083EAD98	rom	0x6	sEasyChatWord_Plays
0x083EAD9E	rom	0x8	sEasyChatWord_Collect
0x083EADA6	rom	0x8	sEasyChatWord_Walking
0x083EADAE	rom	0x6	sEasyChatWord_Walks
0x083EADB4	rom	0x5	sEasyChatWord_Says
0x083EADB9	rom	0x5	sEasyChatWord_Went
0x083EADBE	rom	0x5	sEasyChatWord_Said
0x083EADC3	rom	0x8	sEasyChatWord_WakeUp
0x083EADCB	rom	0x9	sEasyChatWord_WakesUp
0x083EADD4	rom	0x7	sEasyChatWord_Angers
0x083EADDB	rom	0x6	sEasyChatWord_Teach
0x083EADE1	rom	0x8	sEasyChatWord_Teaches
0x083EADE9	rom	0x7	sEasyChatWord_Please
0x083EADF0	rom	0x6	sEasyChatWord_Learn
0x083EADF6	rom	0x7	sEasyChatWord_Change
0x083EADFD	rom	0x6	sEasyChatWord_Story
0x083EAE03	rom	0x6	sEasyChatWord_Trust
0x083EAE09	rom	0x7	sEasyChatWord_Lavish
0x083EAE10	rom	0x8	sEasyChatWord_Listens
0x083EAE18	rom	0x8	sEasyChatWord_Hearing
0x083EAE20	rom	0x7	sEasyChatWord_Trains
0x083EAE27	rom	0x7	sEasyChatWord_Choose
0x083EAE2E	rom	0x5	sEasyChatWord_Come
0x083EAE33	rom	0x5	sEasyChatWord_Came
0x083EAE38	rom	0x7	sEasyChatWord_Search
0x083EAE3F	rom	0x5	sEasyChatWord_Make
0x083EAE44	rom	0x6	sEasyChatWord_Cause
0x083EAE4A	rom	0x5	sEasyChatWord_Know
0x083EAE4F	rom	0x6	sEasyChatWord_Knows
0x083EAE55	rom	0x7	sEasyChatWord_Refuse
0x083EAE5C	rom	0x7	sEasyChatWord_Stores
0x083EAE63	rom	0x5	sEasyChatWord_Brag
0x083EAE68	rom	0x9	sEasyChatWord_Ignorant
0x083EAE71	rom	0x7	sEasyChatWord_Thinks
0x083EAE78	rom	0x8	sEasyChatWord_Believe
0x083EAE80	rom	0x6	sEasyChatWord_Slide
0x083EAE86	rom	0x5	sEasyChatWord_Eats
0x083EAE8B	rom	0x4	sEasyChatWord_Use
0x083EAE8F	rom	0x5	sEasyChatWord_Uses
0x083EAE94	rom	0x6	sEasyChatWord_Using
0x083EAE9A	rom	0x9	sEasyChatWord_Couldnt
0x083EAEA3	rom	0x8	sEasyChatWord_Capable
0x083EAEAB	rom	0xA	sEasyChatWord_Disappear
0x083EAEB5	rom	0x7	sEasyChatWord_Appear
0x083EAEBC	rom	0x6	sEasyChatWord_Throw
0x083EAEC2	rom	0x6	sEasyChatWord_Worry
0x083EAEC8	rom	0x6	sEasyChatWord_Slept
0x083EAECE	rom	0x6	sEasyChatWord_Sleep
0x083EAED4	rom	0x8	sEasyChatWord_Release
0x083EAEDC	rom	0x7	sEasyChatWord_Drinks
0x083EAEE3	rom	0x5	sEasyChatWord_Runs
0x083EAEE8	rom	0x4	sEasyChatWord_Run
0x083EAEEC	rom	0x6	sEasyChatWord_Works
0x083EAEF2	rom	0x8	sEasyChatWord_Working
0x083EAEFA	rom	0x8	sEasyChatWord_Talking
0x083EAF02	rom	0x5	sEasyChatWord_Talk
0x083EAF07	rom	0x5	sEasyChatWord_Sink
0x083EAF0C	rom	0x6	sEasyChatWord_Smack
0x083EAF12	rom	0x8	sEasyChatWord_Pretend
0x083EAF1A	rom	0x7	sEasyChatWord_Praise
0x083EAF21	rom	0x7	sEasyChatWord_Overdo
0x083EAF28	rom	0x5	sEasyChatWord_Show
0x083EAF2D	rom	0x6	sEasyChatWord_Looks
0x083EAF33	rom	0x5	sEasyChatWord_Sees
0x083EAF38	rom	0x5	sEasyChatWord_Seek
0x083EAF3D	rom	0x4	sEasyChatWord_Own
0x083EAF41	rom	0x5	sEasyChatWord_Take
0x083EAF46	rom	0x6	sEasyChatWord_Allow
0x083EAF4C	rom	0x7	sEasyChatWord_Forget
0x083EAF53	rom	0x8	sEasyChatWord_Forgets
0x083EAF5B	rom	0x8	sEasyChatWord_Appears
0x083EAF63	rom	0x6	sEasyChatWord_Faint
0x083EAF69	rom	0x8	sEasyChatWord_Fainted
0x083EAF74	rom	0x3A8	sEasyChatGroup_Actions
0x083EB31C	rom	0x7	sEasyChatWord_Chores
0x083EB323	rom	0x5	sEasyChatWord_Home
0x083EB328	rom	0x6	sEasyChatWord_Money
0x083EB32E	rom	0xA	sEasyChatWord_Allowance
0x083EB338	rom	0x5	sEasyChatWord_Bath
0x083EB33D	rom	0xD	sEasyChatWord_Conversation
0x083EB34A	rom	0x7	sEasyChatWord_School
0x083EB351	rom	0xC	sEasyChatWord_Commemorate
0x083EB35D	rom	0x6	sEasyChatWord_Habit
0x083EB363	rom	0x6	sEasyChatWord_Group
0x083EB369	rom	0x5	sEasyChatWord_Word
0x083EB36E	rom	0x6	sEasyChatWord_Store
0x083EB374	rom	0x8	sEasyChatWord_Service
0x083EB37C	rom	0x5	sEasyChatWord_Work
0x083EB381	rom	0x7	sEasyChatWord_System
0x083EB388	rom	0x6	sEasyChatWord_Train
0x083EB38E	rom	0x6	sEasyChatWord_Class
0x083EB394	rom	0x8	sEasyChatWord_Lessons
0x083EB39C	rom	0xC	sEasyChatWord_Information
0x083EB3A8	rom	0x7	sEasyChatWord_Living
0x083EB3AF	rom	0x8	sEasyChatWord_Teacher
0x083EB3B7	rom	0xB	sEasyChatWord_Tournament
0x083EB3C2	rom	0x7	sEasyChatWord_Letter
0x083EB3C9	rom	0x6	sEasyChatWord_Event
0x083EB3CF	rom	0x8	sEasyChatWord_Digital
0x083EB3D7	rom	0x5	sEasyChatWord_Test
0x083EB3DC	rom	0xC	sEasyChatWord_DeptStore
0x083EB3E8	rom	0xB	sEasyChatWord_Television
0x083EB3F3	rom	0x6	sEasyChatWord_Phone
0x083EB3F9	rom	0x5	sEasyChatWord_Item
0x083EB3FE	rom	0x5	sEasyChatWord_Name
0x083EB403	rom	0x5	sEasyChatWord_News
0x083EB408	rom	0x8	sEasyChatWord_Popular
0x083EB410	rom	0x6	sEasyChatWord_Party
0x083EB416	rom	0x6	sEasyChatWord_Study
0x083EB41C	rom	0x8	sEasyChatWord_Machine
0x083EB424	rom	0x5	sEasyChatWord_Mail
0x083EB429	rom	0x8	sEasyChatWord_Message
0x083EB431	rom	0x8	sEasyChatWord_Promise
0x083EB439	rom	0x6	sEasyChatWord_Dream
0x083EB43F	rom	0xD	sEasyChatWord_Kindergarten
0x083EB44C	rom	0x5	sEasyChatWord_Life
0x083EB451	rom	0x6	sEasyChatWord_Radio
0x083EB457	rom	0x7	sEasyChatWord_Rental
0x083EB45E	rom	0x6	sEasyChatWord_World
0x083EB464	rom	0x21C	sEasyChatGroup_Lifestyle
0x083EB680	rom	0x5	sEasyChatWord_Idol
0x083EB685	rom	0x6	sEasyChatWord_Anime
0x083EB68B	rom	0x5	sEasyChatWord_Song
0x083EB690	rom	0x6	sEasyChatWord_Movie
0x083EB696	rom	0x7	sEasyChatWord_Sweets
0x083EB69D	rom	0x5	sEasyChatWord_Chat
0x083EB6A2	rom	0xD	sEasyChatWord_ChildsPlay
0x083EB6AF	rom	0x5	sEasyChatWord_Toys
0x083EB6B4	rom	0x6	sEasyChatWord_Music
0x083EB6BA	rom	0x6	sEasyChatWord_Cards
0x083EB6C0	rom	0x9	sEasyChatWord_Shopping
0x083EB6C9	rom	0x7	sEasyChatWord_Camera
0x083EB6D0	rom	0x8	sEasyChatWord_Viewing
0x083EB6D8	rom	0xA	sEasyChatWord_Spectator
0x083EB6E2	rom	0x8	sEasyChatWord_Gourmet
0x083EB6EA	rom	0x5	sEasyChatWord_Game
0x083EB6EF	rom	0x4	sEasyChatWord_Rpg
0x083EB6F3	rom	0xB	sEasyChatWord_Collection
0x083EB6FE	rom	0x9	sEasyChatWord_Complete
0x083EB707	rom	0x9	sEasyChatWord_Magazine
0x083EB710	rom	0x5	sEasyChatWord_Walk
0x083EB715	rom	0x5	sEasyChatWord_Bike
0x083EB71A	rom	0x6	sEasyChatWord_Hobby
0x083EB720	rom	0x7	sEasyChatWord_Sports
0x083EB727	rom	0x9	sEasyChatWord_Software
0x083EB730	rom	0x6	sEasyChatWord_Songs
0x083EB736	rom	0x5	sEasyChatWord_Diet
0x083EB73B	rom	0x9	sEasyChatWord_Treasure
0x083EB744	rom	0x7	sEasyChatWord_Travel
0x083EB74B	rom	0x6	sEasyChatWord_Dance
0x083EB751	rom	0x8	sEasyChatWord_Channel
0x083EB759	rom	0x7	sEasyChatWord_Making
0x083EB760	rom	0x8	sEasyChatWord_Fishing
0x083EB768	rom	0x5	sEasyChatWord_Date
0x083EB76D	rom	0x7	sEasyChatWord_Design
0x083EB774	rom	0xB	sEasyChatWord_Locomotive
0x083EB77F	rom	0xB	sEasyChatWord_PlushDoll
0x083EB78A	rom	0x3	sEasyChatWord_Pc
0x083EB78D	rom	0x8	sEasyChatWord_Flowers
0x083EB795	rom	0x5	sEasyChatWord_Hero
0x083EB79A	rom	0x4	sEasyChatWord_Nap
0x083EB79E	rom	0x8	sEasyChatWord_Heroine
0x083EB7A6	rom	0x8	sEasyChatWord_Fashion
0x083EB7AE	rom	0xA	sEasyChatWord_Adventure
0x083EB7B8	rom	0x6	sEasyChatWord_Board
0x083EB7BE	rom	0x5	sEasyChatWord_Ball
0x083EB7C3	rom	0x5	sEasyChatWord_Book
0x083EB7C8	rom	0x9	sEasyChatWord_Festival
0x083EB7D1	rom	0x7	sEasyChatWord_Comics
0x083EB7D8	rom	0x8	sEasyChatWord_Holiday
0x083EB7E0	rom	0x6	sEasyChatWord_Plans
0x083EB7E6	rom	0x7	sEasyChatWord_Trendy
0x083EB7ED	rom	0x9	sEasyChatWord_Vacation
0x083EB7F6	rom	0x5	sEasyChatWord_Look
0x083EB7FC	rom	0x288	sEasyChatGroup_Hobbies
0x083EBA84	rom	0x5	sEasyChatWord_Fall
0x083EBA89	rom	0x8	sEasyChatWord_Morning
0x083EBA91	rom	0x9	sEasyChatWord_Tomorrow
0x083EBA9A	rom	0x5	sEasyChatWord_Last
0x083EBA9F	rom	0x4	sEasyChatWord_Day
0x083EBAA3	rom	0x9	sEasyChatWord_Sometime
0x083EBAAC	rom	0x7	sEasyChatWord_Always
0x083EBAB3	rom	0x8	sEasyChatWord_Current
0x083EBABB	rom	0x8	sEasyChatWord_Forever
0x083EBAC3	rom	0x5	sEasyChatWord_Days
0x083EBAC8	rom	0x4	sEasyChatWord_End
0x083EBACC	rom	0x8	sEasyChatWord_Tuesday
0x083EBAD4	rom	0xA	sEasyChatWord_Yesterday
0x083EBADE	rom	0x6	sEasyChatWord_Today
0x083EBAE4	rom	0x7	sEasyChatWord_Friday
0x083EBAEB	rom	0x7	sEasyChatWord_Monday
0x083EBAF2	rom	0x6	sEasyChatWord_Later
0x083EBAF8	rom	0x8	sEasyChatWord_Earlier
0x083EBB00	rom	0x8	sEasyChatWord_Another
0x083EBB08	rom	0x5	sEasyChatWord_Time
0x083EBB0D	rom	0x7	sEasyChatWord_Finish
0x083EBB14	rom	0xA	sEasyChatWord_Wednesday
0x083EBB1E	rom	0x5	sEasyChatWord_Soon
0x083EBB23	rom	0x6	sEasyChatWord_Start
0x083EBB29	rom	0x6	sEasyChatWord_Month
0x083EBB2F	rom	0x5	sEasyChatWord_Stop
0x083EBB34	rom	0x4	sEasyChatWord_Now
0x083EBB38	rom	0x6	sEasyChatWord_Final
0x083EBB3E	rom	0x5	sEasyChatWord_Next
0x083EBB43	rom	0x4	sEasyChatWord_Age
0x083EBB47	rom	0x9	sEasyChatWord_Saturday
0x083EBB50	rom	0x7	sEasyChatWord_Summer
0x083EBB57	rom	0x7	sEasyChatWord_Sunday
0x083EBB5E	rom	0xA	sEasyChatWord_Beginning
0x083EBB68	rom	0x7	sEasyChatWord_Spring
0x083EBB6F	rom	0x8	sEasyChatWord_Daytime
0x083EBB77	rom	0x7	sEasyChatWord_Winter
0x083EBB7E	rom	0x6	sEasyChatWord_Daily
0x083EBB84	rom	0x6	sEasyChatWord_Olden
0x083EBB8A	rom	0x7	sEasyChatWord_Almost
0x083EBB91	rom	0x7	sEasyChatWord_Nearly
0x083EBB98	rom	0x9	sEasyChatWord_Thursday
0x083EBBA1	rom	0xA	sEasyChatWord_Nighttime
0x083EBBAB	rom	0x6	sEasyChatWord_Night
0x083EBBB1	rom	0x5	sEasyChatWord_Week
0x083EBBB8	rom	0x21C	sEasyChatGroup_Time
0x083EBDD4	rom	0x6	sEasyChatWord_Highs
0x083EBDDA	rom	0x5	sEasyChatWord_Lows
0x083EBDDF	rom	0x3	sEasyChatWord_Um
0x083EBDE2	rom	0x5	sEasyChatWord_Rear
0x083EBDE7	rom	0x7	sEasyChatWord_Things
0x083EBDEE	rom	0x6	sEasyChatWord_Thing
0x083EBDF4	rom	0x6	sEasyChatWord_Below
0x083EBDFA	rom	0x6	sEasyChatWord_Above
0x083EBE00	rom	0x5	sEasyChatWord_Back
0x083EBE05	rom	0x5	sEasyChatWord_High
0x083EBE0A	rom	0x5	sEasyChatWord_Here
0x083EBE0F	rom	0x7	sEasyChatWord_Inside
0x083EBE16	rom	0x8	sEasyChatWord_Outside
0x083EBE1E	rom	0x7	sEasyChatWord_Beside
0x083EBE25	rom	0xC	sEasyChatWord_ThisIsItExcl
0x083EBE31	rom	0x5	sEasyChatWord_This
0x083EBE36	rom	0x6	sEasyChatWord_Every
0x083EBE3C	rom	0x6	sEasyChatWord_These
0x083EBE42	rom	0xB	sEasyChatWord_TheseWere
0x083EBE4D	rom	0x5	sEasyChatWord_Down
0x083EBE52	rom	0x5	sEasyChatWord_That
0x083EBE57	rom	0xA	sEasyChatWord_ThoseAre
0x083EBE61	rom	0xB	sEasyChatWord_ThoseWere
0x083EBE6C	rom	0xB	sEasyChatWord_ThatsItExcl
0x083EBE77	rom	0x3	sEasyChatWord_Am
0x083EBE7A	rom	0x9	sEasyChatWord_ThatWas
0x083EBE83	rom	0x6	sEasyChatWord_Front
0x083EBE89	rom	0x3	sEasyChatWord_Up
0x083EBE8C	rom	0x7	sEasyChatWord_Choice
0x083EBE93	rom	0x4	sEasyChatWord_Far
0x083EBE97	rom	0x5	sEasyChatWord_Away
0x083EBE9C	rom	0x5	sEasyChatWord_Near
0x083EBEA1	rom	0x6	sEasyChatWord_Where
0x083EBEA7	rom	0x5	sEasyChatWord_When
0x083EBEAC	rom	0x5	sEasyChatWord_What
0x083EBEB1	rom	0x5	sEasyChatWord_Deep
0x083EBEB6	rom	0x8	sEasyChatWord_Shallow
0x083EBEBE	rom	0x4	sEasyChatWord_Why
0x083EBEC2	rom	0x9	sEasyChatWord_Confused
0x083EBECB	rom	0x9	sEasyChatWord_Opposite
0x083EBED4	rom	0x5	sEasyChatWord_Left
0x083EBED9	rom	0x6	sEasyChatWord_Right
0x083EBEE0	rom	0x1F8	sEasyChatGroup_Misc
0x083EC0D8	rom	0xA	sEasyChatWord_Wandering
0x083EC0E2	rom	0x8	sEasyChatWord_Rickety
0x083EC0EA	rom	0xB	sEasyChatWord_RockSolid
0x083EC0F5	rom	0x7	sEasyChatWord_Hungry
0x083EC0FC	rom	0x6	sEasyChatWord_Tight
0x083EC102	rom	0x9	sEasyChatWord_Ticklish
0x083EC10B	rom	0x9	sEasyChatWord_Twirling
0x083EC114	rom	0xA	sEasyChatWord_Spiraling
0x083EC11E	rom	0x8	sEasyChatWord_Thirsty
0x083EC126	rom	0x8	sEasyChatWord_Lolling
0x083EC12E	rom	0x6	sEasyChatWord_Silky
0x083EC134	rom	0x6	sEasyChatWord_Sadly
0x083EC13A	rom	0x9	sEasyChatWord_Hopeless
0x083EC143	rom	0x8	sEasyChatWord_Useless
0x083EC14B	rom	0x9	sEasyChatWord_Drooling
0x083EC154	rom	0x9	sEasyChatWord_Exciting
0x083EC15D	rom	0x6	sEasyChatWord_Thick
0x083EC163	rom	0x7	sEasyChatWord_Smooth
0x083EC16A	rom	0x6	sEasyChatWord_Slimy
0x083EC170	rom	0x5	sEasyChatWord_Thin
0x083EC175	rom	0x6	sEasyChatWord_Break
0x083EC17B	rom	0xA	sEasyChatWord_Voracious
0x083EC185	rom	0x8	sEasyChatWord_Scatter
0x083EC18D	rom	0x8	sEasyChatWord_Awesome
0x083EC195	rom	0x6	sEasyChatWord_Wimpy
0x083EC19B	rom	0x7	sEasyChatWord_Wobbly
0x083EC1A2	rom	0x6	sEasyChatWord_Shaky
0x083EC1A8	rom	0x7	sEasyChatWord_Ripped
0x083EC1AF	rom	0x9	sEasyChatWord_Shredded
0x083EC1B8	rom	0xB	sEasyChatWord_Increasing
0x083EC1C3	rom	0x4	sEasyChatWord_Yet
0x083EC1C7	rom	0xA	sEasyChatWord_Destroyed
0x083EC1D1	rom	0x6	sEasyChatWord_Fiery
0x083EC1D7	rom	0xC	sEasyChatWord_LoveyDovey
0x083EC1E3	rom	0x8	sEasyChatWord_Happily
0x083EC1EB	rom	0xD	sEasyChatWord_Anticipation
0x083EC1F8	rom	0x1B0	sEasyChatGroup_Adjectives
0x083EC3A8	rom	0x7	sEasyChatWord_Appeal
0x083EC3AF	rom	0x7	sEasyChatWord_Events
0x083EC3B6	rom	0xD	sEasyChatWord_StayAtHome
0x083EC3C3	rom	0x6	sEasyChatWord_Berry
0x083EC3C9	rom	0x8	sEasyChatWord_Contest
0x083EC3D1	rom	0x3	sEasyChatWord_Mc
0x083EC3D4	rom	0x6	sEasyChatWord_Judge
0x083EC3DA	rom	0x6	sEasyChatWord_Super
0x083EC3E0	rom	0x6	sEasyChatWord_Stage
0x083EC3E6	rom	0xD	sEasyChatWord_HallOfFame
0x083EC3F3	rom	0xA	sEasyChatWord_Evolution
0x083EC3FD	rom	0x6	sEasyChatWord_Hyper
0x083EC403	rom	0xD	sEasyChatWord_BattleTower
0x083EC410	rom	0x8	sEasyChatWord_Leaders
0x083EC418	rom	0xC	sEasyChatWord_BattleRoom
0x083EC424	rom	0x7	sEasyChatWord_Hidden
0x083EC42B	rom	0xC	sEasyChatWord_SecretBase
0x083EC437	rom	0x6	sEasyChatWord_Blend
0x083EC43D	rom	0x6	sEasyChatWord_POKEBLOCK
0x083EC443	rom	0x7	sEasyChatWord_Master
0x083EC44A	rom	0x5	sEasyChatWord_Rank
0x083EC44F	rom	0x7	sEasyChatWord_Ribbon
0x083EC456	rom	0x6	sEasyChatWord_Crush
0x083EC45C	rom	0x7	sEasyChatWord_Direct
0x083EC463	rom	0x6	sEasyChatWord_Tower
0x083EC469	rom	0x6	sEasyChatWord_Union
0x083EC46F	rom	0x5	sEasyChatWord_Room
0x083EC474	rom	0x9	sEasyChatWord_Wireless
0x083EC480	rom	0x150	sEasyChatGroup_Events
0x083EC5D0	rom	0x134	sEasyChatGroup_Move1
0x083EC704	rom	0x190	sEasyChatGroup_Move2
0x083EC894	rom	0xB	sEasyChatWord_KthxBye
0x083EC89F	rom	0xA	sEasyChatWord_YesSirExcl
0x083EC8A9	rom	0xC	sEasyChatWord_AvantGarde
0x083EC8B5	rom	0x7	sEasyChatWord_Couple
0x083EC8BC	rom	0xD	sEasyChatWord_MuchObliged
0x083EC8C9	rom	0x8	sEasyChatWord_YeehawExcl
0x083EC8D1	rom	0x5	sEasyChatWord_Mega
0x083EC8D6	rom	0xA	sEasyChatWord_1HitKOExcl
0x083EC8E0	rom	0x8	sEasyChatWord_Destiny
0x083EC8E8	rom	0x7	sEasyChatWord_Cancel
0x083EC8EF	rom	0x4	sEasyChatWord_New
0x083EC8F3	rom	0x8	sEasyChatWord_Flatten
0x083EC8FB	rom	0x8	sEasyChatWord_Kidding
0x083EC903	rom	0x6	sEasyChatWord_Loser
0x083EC909	rom	0x7	sEasyChatWord_Losing
0x083EC910	rom	0xA	sEasyChatWord_Happening
0x083EC91A	rom	0x8	sEasyChatWord_HipAnd
0x083EC922	rom	0x6	sEasyChatWord_Shake
0x083EC928	rom	0x6	sEasyChatWord_Shady
0x083EC92E	rom	0x7	sEasyChatWord_Upbeat
0x083EC935	rom	0x7	sEasyChatWord_Modern
0x083EC93C	rom	0x9	sEasyChatWord_SmellYa
0x083EC945	rom	0x5	sEasyChatWord_Bang
0x083EC94A	rom	0x9	sEasyChatWord_Knockout
0x083EC953	rom	0x7	sEasyChatWord_Hassle
0x083EC95A	rom	0x7	sEasyChatWord_Winner
0x083EC961	rom	0x6	sEasyChatWord_Fever
0x083EC967	rom	0x8	sEasyChatWord_Wannabe
0x083EC96F	rom	0x5	sEasyChatWord_Baby
0x083EC974	rom	0x6	sEasyChatWord_Heart
0x083EC97A	rom	0x4	sEasyChatWord_Old
0x083EC97E	rom	0x6	sEasyChatWord_Young
0x083EC984	rom	0x5	sEasyChatWord_Ugly
0x083EC98C	rom	0x18C	sEasyChatGroup_TrendySaying
0x083ECB18	rom	0x1F6	sEasyChatGroup_Pokemon2
0x083ECD10	rom	0xB0	sEasyChatGroups
0x083ECDC0	rom	0x14	sEasyChatWordsByLetter_Others
0x083ECDD4	rom	0xD4	sEasyChatWordsByLetter_A
0x083ECEA8	rom	0xAC	sEasyChatWordsByLetter_B
0x083ECF54	rom	0xEE	sEasyChatWordsByLetter_C
0x083ED042	rom	0xBC	sEasyChatWordsByLetter_D
0x083ED0FE	rom	0x74	sEasyChatWordsByLetter_E
0x083ED172	rom	0x9E	sEasyChatWordsByLetter_F
0x083ED210	rom	0xC4	sEasyChatWordsByLetter_G
0x083ED2D4	rom	0xCA	sEasyChatWordsByLetter_H
0x083ED39E	rom	0x60	sEasyChatWordsByLetter_I
0x083ED3FE	rom	0x1A	sEasyChatWordsByLetter_J
0x083ED418	rom	0x42	sEasyChatWordsByLetter_K
0x083ED45A	rom	0xA4	sEasyChatWordsByLetter_L
0x083ED4FE	rom	0x11C	sEasyChatWordsByLetter_M
0x083ED61A	rom	0x6C	sEasyChatWordsByLetter_N
0x083ED686	rom	0x58	sEasyChatWordsByLetter_O
0x083ED6DE	rom	0xCC	sEasyChatWordsByLetter_P
0x083ED7AA	rom	0xC	sEasyChatWordsByLetter_Q
0x083ED7B6	rom	0xA0	sEasyChatWordsByLetter_R
0x083ED856	rom	0x20C	sEasyChatWordsByLetter_S
0x083EDA62	rom	0x10A	sEasyChatWordsByLetter_T
0x083EDB6C	rom	0x30	sEasyChatWordsByLetter_U
0x083EDB9C	rom	0x42	sEasyChatWordsByLetter_V
0x083EDBDE	rom	0xDE	sEasyChatWordsByLetter_W
0x083EDCBC	rom	0x8	sEasyChatWordsByLetter_X
0x083EDCC4	rom	0x26	sEasyChatWordsByLetter_Y
0x083EDCEA	rom	0x10	sEasyChatWordsByLetter_Z
0x083EDCFC	rom	0xD8	sEasyChatWordsByLetterPointers
0x083EDDD4	rom	0x58	sEasyChatGroupNamePointers
0x083EDE2C	rom	0x8	sDefaultProfileWords
0x083EDE34	rom	0xC	sDefaultBattleStartWords
0x083EDE40	rom	0x2	sDeoxysValue
0x083EDE44	rom	0x20	sMonMarkings_Pal
0x083EDE64	rom	0x800	sMonMarkings_Gfx
0x083EE664	rom	0x5	sJPText_Confirm
0x083EE66C	rom	0x8	sOamData_MenuWindow
0x083EE674	rom	0x8	sOamData_8x8
0x083EE67C	rom	0x8	sAnim_Marking_CircleOff
0x083EE684	rom	0x8	sAnim_Marking_CircleOn
0x083EE68C	rom	0x8	sAnim_Marking_SquareOff
0x083EE694	rom	0x8	sAnim_Marking_SquareOn
0x083EE69C	rom	0x8	sAnim_Marking_TriangleOff
0x083EE6A4	rom	0x8	sAnim_Marking_TriangleOn
0x083EE6AC	rom	0x8	sAnim_Marking_HeartOff
0x083EE6B4	rom	0x8	sAnim_Marking_HeartOn
0x083EE6BC	rom	0x8	sAnim_Cursor
0x083EE6C4	rom	0x8	sAnim_OKCancelText
0x083EE6CC	rom	0x28	sAnims_MenuSprite
0x083EE6F4	rom	0x8	sAnim_MenuWindow_UpperHalf
0x083EE6FC	rom	0x8	sAnim_MenuWindow_LowerHalf
0x083EE704	rom	0x8	sAnims_MenuWindow
0x083EE70C	rom	0x8	sOamData_MarkingCombo
0x083EE714	rom	0x8	sAnim_MarkingCombo_AllOff
0x083EE71C	rom	0x8	sAnim_MarkingCombo_Circle
0x083EE724	rom	0x8	sAnim_MarkingCombo_Square
0x083EE72C	rom	0x8	sAnim_MarkingCombo_CircleSquare
0x083EE734	rom	0x8	sAnim_MarkingCombo_Triangle
0x083EE73C	rom	0x8	sAnim_MarkingCombo_CircleTriangle
0x083EE744	rom	0x8	sAnim_MarkingCombo_SquareTriangle
0x083EE74C	rom	0x8	sAnim_MarkingCombo_CircleSquareTriangle
0x083EE754	rom	0x8	sAnim_MarkingCombo_Heart
0x083EE75C	rom	0x8	sAnim_MarkingCombo_CircleHeart
0x083EE764	rom	0x8	sAnim_MarkingCombo_SquareHeart
0x083EE76C	rom	0x8	sAnim_MarkingCombo_CircleSquareHeart
0x083EE774	rom	0x8	sAnim_MarkingCombo_TriangleHeart
0x083EE77C	rom	0x8	sAnim_MarkingCombo_CircleTriangleHeart
0x083EE784	rom	0x8	sAnim_MarkingCombo_SquareTriangleHeart
0x083EE78C	rom	0x8	sAnim_MarkingCombo_AllOn
0x083EE794	rom	0x40	sAnims_MarkingCombo
0x083EE7D4	rom	0xC	sBgTemplates
0x083EE7E0	rom	0x18	sWindowTemplates
0x083EE7F8	rom	0x3	sTextColor
0x083EE7FC	rom	0x8	sGenderPals
0x083EE804	rom	0xF0	sGfxHeaders
0x083EE8F4	rom	0xC	sLayout_3x3
0x083EE900	rom	0x90	sMessageLayouts_3x3
0x083EE990	rom	0x14	sLayout_5x2
0x083EE9A4	rom	0x90	sMessageLayouts_5x2
0x083EEA34	rom	0xA0	sHealLocations
0x083EEAD4	rom	0x50	sWhiteoutRespawnHealCenterMapIdxs
0x083EEB24	rom	0x14	sWhiteoutRespawnHealerNpcIds
0x083EEB38	rom	0xC	sMapsecName_PALLET_TOWN
0x083EEB44	rom	0xE	sMapsecName_VIRIDIAN_CITY
0x083EEB52	rom	0xC	sMapsecName_PEWTER_CITY
0x083EEB5E	rom	0xE	sMapsecName_CERULEAN_CITY
0x083EEB6C	rom	0xE	sMapsecName_LAVENDER_TOWN
0x083EEB7A	rom	0xF	sMapsecName_VERMILION_CITY
0x083EEB89	rom	0xD	sMapsecName_CELADON_CITY
0x083EEB96	rom	0xD	sMapsecName_FUCHSIA_CITY
0x083EEBA3	rom	0x10	sMapsecName_CINNABAR_ISLAND
0x083EEBB3	rom	0xF	sMapsecName_INDIGO_PLATEAU
0x083EEBC2	rom	0xD	sMapsecName_SAFFRON_CITY
0x083EEBCF	rom	0x8	sMapsecName_ROUTE_4_Clone
0x083EEBD7	rom	0x9	sMapsecName_ROUTE_10_Clone
0x083EEBE0	rom	0x8	sMapsecName_ROUTE_1
0x083EEBE8	rom	0x8	sMapsecName_ROUTE_2
0x083EEBF0	rom	0x8	sMapsecName_ROUTE_3
0x083EEBF8	rom	0x8	sMapsecName_ROUTE_4
0x083EEC00	rom	0x8	sMapsecName_ROUTE_5
0x083EEC08	rom	0x8	sMapsecName_ROUTE_6
0x083EEC10	rom	0x8	sMapsecName_ROUTE_7
0x083EEC18	rom	0x8	sMapsecName_ROUTE_8
0x083EEC20	rom	0x8	sMapsecName_ROUTE_9
0x083EEC28	rom	0x9	sMapsecName_ROUTE_10
0x083EEC31	rom	0x9	sMapsecName_ROUTE_11
0x083EEC3A	rom	0x9	sMapsecName_ROUTE_12
0x083EEC43	rom	0x9	sMapsecName_ROUTE_13
0x083EEC4C	rom	0x9	sMapsecName_ROUTE_14
0x083EEC55	rom	0x9	sMapsecName_ROUTE_15
0x083EEC5E	rom	0x9	sMapsecName_ROUTE_16
0x083EEC67	rom	0x9	sMapsecName_ROUTE_17
0x083EEC70	rom	0x9	sMapsecName_ROUTE_18
0x083EEC79	rom	0x9	sMapsecName_ROUTE_19
0x083EEC82	rom	0x9	sMapsecName_ROUTE_20
0x083EEC8B	rom	0x9	sMapsecName_ROUTE_21
0x083EEC94	rom	0x9	sMapsecName_ROUTE_22
0x083EEC9D	rom	0x9	sMapsecName_ROUTE_23
0x083EECA6	rom	0x9	sMapsecName_ROUTE_24
0x083EECAF	rom	0x9	sMapsecName_ROUTE_25
0x083EECB8	rom	0x10	sMapsecName_VIRIDIAN_FOREST
0x083EECC8	rom	0x9	sMapsecName_MT__MOON
0x083EECD1	rom	0xA	sMapsecName_S_S__ANNE
0x083EECDB	rom	0x11	sMapsecName_UNDERGROUND_PATH
0x083EECEC	rom	0x11	sMapsecName_UNDERGROUND_PATH_Clone
0x083EECFD	rom	0xF	sMapsecName_DIGLETT_S_CAVE
0x083EED0C	rom	0xD	sMapsecName_VICTORY_ROAD
0x083EED19	rom	0xF	sMapsecName_ROCKET_HIDEOUT
0x083EED28	rom	0xA	sMapsecName_SILPH_CO_
0x083EED32	rom	0x10	sMapsecName_POK__MON_MANSION
0x083EED42	rom	0xC	sMapsecName_SAFARI_ZONE
0x083EED4E	rom	0xF	sMapsecName_POK__MON_LEAGUE
0x083EED5D	rom	0xC	sMapsecName_ROCK_TUNNEL
0x083EED69	rom	0x10	sMapsecName_SEAFOAM_ISLANDS
0x083EED79	rom	0xE	sMapsecName_POK__MON_TOWER
0x083EED87	rom	0xE	sMapsecName_CERULEAN_CAVE
0x083EED95	rom	0xC	sMapsecName_POWER_PLANT
0x083EEDA1	rom	0xB	sMapsecName_ONE_ISLAND
0x083EEDAC	rom	0xB	sMapsecName_TWO_ISLAND
0x083EEDB7	rom	0xD	sMapsecName_THREE_ISLAND
0x083EEDC4	rom	0xC	sMapsecName_FOUR_ISLAND
0x083EEDD0	rom	0xC	sMapsecName_FIVE_ISLAND
0x083EEDDC	rom	0xD	sMapsecName_SEVEN_ISLAND
0x083EEDE9	rom	0xB	sMapsecName_SIX_ISLAND
0x083EEDF4	rom	0xC	sMapsecName_KINDLE_ROAD
0x083EEE00	rom	0xF	sMapsecName_TREASURE_BEACH
0x083EEE0F	rom	0xB	sMapsecName_CAPE_BRINK
0x083EEE1A	rom	0xC	sMapsecName_BOND_BRIDGE
0x083EEE26	rom	0x10	sMapsecName_THREE_ISLE_PORT
0x083EEE36	rom	0xD	sMapsecName_SEVII_ISLE_6
0x083EEE43	rom	0xD	sMapsecName_SEVII_ISLE_7
0x083EEE50	rom	0xD	sMapsecName_SEVII_ISLE_8
0x083EEE5D	rom	0xD	sMapsecName_SEVII_ISLE_9
0x083EEE6A	rom	0x10	sMapsecName_RESORT_GORGEOUS
0x083EEE7A	rom	0x10	sMapsecName_WATER_LABYRINTH
0x083EEE8A	rom	0x11	sMapsecName_FIVE_ISLE_MEADOW
0x083EEE9B	rom	0x10	sMapsecName_MEMORIAL_PILLAR
0x083EEEAB	rom	0xF	sMapsecName_OUTCAST_ISLAND
0x083EEEBA	rom	0xB	sMapsecName_GREEN_PATH
0x083EEEC5	rom	0xB	sMapsecName_WATER_PATH
0x083EEED0	rom	0xC	sMapsecName_RUIN_VALLEY
0x083EEEDC	rom	0xE	sMapsecName_TRAINER_TOWER
0x083EEEEA	rom	0x10	sMapsecName_CANYON_ENTRANCE
0x083EEEFA	rom	0xF	sMapsecName_SEVAULT_CANYON
0x083EEF09	rom	0xD	sMapsecName_TANOBY_RUINS
0x083EEF16	rom	0xE	sMapsecName_SEVII_ISLE_22
0x083EEF24	rom	0xE	sMapsecName_SEVII_ISLE_23
0x083EEF32	rom	0xE	sMapsecName_SEVII_ISLE_24
0x083EEF40	rom	0xB	sMapsecName_NAVEL_ROCK
0x083EEF4B	rom	0xA	sMapsecName_MT__EMBER
0x083EEF55	rom	0xD	sMapsecName_BERRY_FOREST
0x083EEF62	rom	0xD	sMapsecName_ICEFALL_CAVE
0x083EEF6F	rom	0x11	sMapsecName_ROCKET_WAREHOUSE
0x083EEF80	rom	0xE	sMapsecName_TRAINER_TOWER_Clone
0x083EEF8E	rom	0xC	sMapsecName_DOTTED_HOLE
0x083EEF9A	rom	0xA	sMapsecName_LOST_CAVE
0x083EEFA4	rom	0xD	sMapsecName_PATTERN_BUSH
0x083EEFB1	rom	0xE	sMapsecName_ALTERING_CAVE
0x083EEFBF	rom	0x10	sMapsecName_TANOBY_CHAMBERS
0x083EEFCF	rom	0x10	sMapsecName_THREE_ISLE_PATH
0x083EEFDF	rom	0xB	sMapsecName_TANOBY_KEY
0x083EEFEA	rom	0xD	sMapsecName_BIRTH_ISLAND
0x083EEFF7	rom	0xF	sMapsecName_MONEAN_CHAMBER
0x083EF006	rom	0xF	sMapsecName_LIPTOO_CHAMBER
0x083EF015	rom	0xF	sMapsecName_WEEPTH_CHAMBER
0x083EF024	rom	0x10	sMapsecName_DILFORD_CHAMBER
0x083EF034	rom	0xF	sMapsecName_SCUFIB_CHAMBER
0x083EF043	rom	0xD	sMapsecName_RIXY_CHAMBER
0x083EF050	rom	0x10	sMapsecName_VIAPOIS_CHAMBER
0x083EF060	rom	0xA	sMapsecName_EMBER_SPA
0x083EF06A	rom	0xE	sMapsecName_CELADON_DEPT_
0x083EF078	rom	0x20	sTopBar_Pal
0x083EF098	rom	0x20	sMapCursor_Pal
0x083EF0B8	rom	0x20	sPlayerIcon_RedPal
0x083EF0D8	rom	0x20	sPlayerIcon_LeafPal
0x083EF0F8	rom	0x20	sMiscIcon_Pal
0x083EF118	rom	0xA0	sRegionMap_Pal
0x083EF1B8	rom	0x8	sUnusedPalette
0x083EF1C0	rom	0x20	sSwitchMapCursor_Pal
0x083EF1E0	rom	0x20	sMapEdge_Pal
0x083EF200	rom	0x8C	sSwitchMapCursorLeft_Gfx
0x083EF28C	rom	0x90	sSwitchMapCursorRight_Gfx
0x083EF31C	rom	0x44	sMapCursor_Gfx
0x083EF360	rom	0x78	sPlayerIcon_Red
0x083EF3D8	rom	0x80	sPlayerIcon_Leaf
0x083EF458	rom	0xD14	sRegionMap_Gfx
0x083F016C	rom	0x250	sMapEdge_Gfx
0x083F03BC	rom	0x31C	sSwitchMapMenu_Gfx
0x083F06D8	rom	0x260	sKanto_Tilemap
0x083F0938	rom	0x110	sSevii123_Tilemap
0x083F0A48	rom	0xE4	sSevii45_Tilemap
0x083F0B2C	rom	0x11C	sSevii67_Tilemap
0x083F0C48	rom	0x110	sMapEdge_Tilemap
0x083F0D58	rom	0x168	sSwitchMap_KantoSeviiAll_Tilemap
0x083F0EC0	rom	0x10C	sSwitchMap_KantoSevii123_Tilemap
0x083F0FCC	rom	0x13C	sSwitchMap_KantoSeviiAll2_Tilemap
0x083F1108	rom	0x120	sMapEdge_TopLeft
0x083F1228	rom	0x164	sMapEdge_TopRight
0x083F138C	rom	0xF0	sMapEdge_MidLeft
0x083F147C	rom	0xF8	sMapEdge_MidRight
0x083F1574	rom	0xCC	sMapEdge_BottomLeft
0x083F1640	rom	0xD4	sMapEdge_BottomRight
0x083F1714	rom	0x30	sDungeonIcon
0x083F1744	rom	0x70	sFlyIcon
0x083F17B4	rom	0x28	sBackground_Gfx
0x083F17DC	rom	0xB0	sBackground_Tilemap
0x083F188C	rom	0x10	sRegionMapBgTemplates
0x083F189C	rom	0x30	sRegionMapWindowTemplates
0x083F18CC	rom	0x3	sTextColor_White
0x083F18D0	rom	0x3	sTextColor_Green
0x083F18D4	rom	0x3	sTextColor_Red
0x083F18D8	rom	0x8	sTextColorTable
0x083F18E0	rom	0x5A	sSeviiMapsecs
0x083F193C	rom	0xC	sRegionMapPermissions
0x083F1948	rom	0x18	sMapsecNameWindowDims
0x083F1960	rom	0x8	sOamData_SwitchMapCursor
0x083F1968	rom	0xC	sAnim_SwitchMapCursor
0x083F1974	rom	0x4	sAnims_SwitchMapCursor
0x083F1978	rom	0xE4	sDungeonInfo
0x083F1A5C	rom	0x8	sOamData_MapEdge
0x083F1A64	rom	0x8	sAnim_MapEdge
0x083F1A6C	rom	0x4	sAnims_MapEdge
0x083F1A70	rom	0x8	sMapWindowDim
0x083F1A78	rom	0x8	sOamData_MapCursor
0x083F1A80	rom	0xC	sAnim_MapCursor
0x083F1A8C	rom	0x4	sAnims_MapCursor
0x083F1A90	rom	0x8	sOamData_PlayerIcon
0x083F1A98	rom	0x8	sAnim_PlayerIcon
0x083F1AA0	rom	0x4	sAnims_PlayerIcon
0x083F1AA4	rom	0x8	sOamData_FlyIcon
0x083F1AAC	rom	0x8	sOamData_DungeonIcon
0x083F1AB4	rom	0xC	sAnim_FlyIcon
0x083F1AC0	rom	0x8	sAnim_DungeonIconVisited
0x083F1AC8	rom	0x8	sAnim_DungeonIconNotVisited
0x083F1AD0	rom	0x4	sAnims_FlyIcon
0x083F1AD4	rom	0x8	sAnims_DungeonIcon
0x083F1ADC	rom	0x4	sWinFlags
0x083F1AE0	rom	0x4	sWinRegs
0x083F1AE4	rom	0x3	sTextColors
0x083F1AE8	rom	0x1B4	sMapNames
0x083F1C9C	rom	0x318	sMapSectionTopLeftCorners
0x083F1FB4	rom	0x318	sMapSectionDimensions
0x083F22CC	rom	0x294	sRegionMapSections_Kanto
0x083F2560	rom	0x294	sRegionMapSections_Sevii123
0x083F27F4	rom	0x294	sRegionMapSections_Sevii45
0x083F2A88	rom	0x294	sRegionMapSections_Sevii67
0x083F2D1C	rom	0x144	sMapFlyDestinations
0x083F2E60	rom	0x2580	sPointillismPoints
0x083F53E0	rom	0x178	sBattleAICmdTable
0x083F5558	rom	0x1A	sDiscouragedPowerfulMoveEffects
0x083F5574	rom	0xCC	sTransitionTypes
0x083F5640	rom	0x20	sCaveTransitionPalette_White
0x083F5660	rom	0x20	sCaveTransitionPalette_Black
0x083F5680	rom	0x20	sCaveTransitionPalette
0x083F56A0	rom	0x1E0	sCaveTransitionTilemap
0x083F5880	rom	0xB4	sCaveTransitionTiles
0x083F5934	rom	0xC	sStringVarPtrs
0x083F5940	rom	0x16	sSlotMachineRandomSeeds
0x083F5956	rom	0x16	sSlotMachineIndices
0x083F596C	rom	0xC	sResortGorgeousDeluxeRewards
0x083F5978	rom	0x8	sElevatorCurrentFloorWindowTemplate
0x083F5980	rom	0x40	sFloorNamePointers
0x083F59C0	rom	0x10	sFloorNameWidthPadding
0x083F59D0	rom	0x12	sElevatorWindowMetatilesGoingUp
0x083F59E2	rom	0x12	sElevatorWindowMetatilesGoingDown
0x083F59F4	rom	0x9	sElevatorAnimationDuration
0x083F59FD	rom	0x9	sElevatorWindowAnimDuration
0x083F5A08	rom	0x150	sListMenuLabels
0x083F5B68	rom	0x6	sStarterSpecies
0x083F5B6E	rom	0x24	sMartMaps
0x083F5B94	rom	0x198	sInsideOutsidePairs
0x083F5D62	rom	0x2A	sPokeCenter1FMaps
0x083F5D8C	rom	0x180	sEliteFourLightingPalettes
0x083F5F0C	rom	0x120	sChampionRoomLightingPalettes
0x083F602C	rom	0xB	sEliteFourLightingTimers
0x083F6037	rom	0x8	sChampionRoomLightingTimers
0x083F603F	rom	0x3	sCapeBrinkCompatibleSpecies
0x083F6042	rom	0x160	sDeoxysObjectPals
0x083F61A2	rom	0x16	sDeoxysCoords
0x083F61B8	rom	0xA	sDeoxysStepCaps
0x083F61C4	rom	0xC0	sTiles
0x083F6284	rom	0x20	sPalette
0x083F62A4	rom	0x800	sTilemap
0x083F6AA4	rom	0x10	sWindowTemplates
0x083F6AB4	rom	0x3	sTextColor
0x083F6AB8	rom	0x8	sBgTemplates
0x083F6AC0	rom	0xC	sStringVars
0x083F6ACC	rom	0x20	sUnusedPal
0x083F6AEC	rom	0x6F8	sMovingBackgroundTiles
0x083F71E4	rom	0x4E4	sMovingBackgroundMap1
0x083F76C8	rom	0x4D4	sMovingBackgroundMap2
0x083F7B9C	rom	0x20	sBlackPalette
0x083F7BBC	rom	0x680	sUnusedTilemap
0x083F823C	rom	0x40	sBgAnim_Pal
0x083F827C	rom	0x5	sText_ShedinjaJapaneseName
0x083F8281	rom	0xA	sText_UnusedColors
0x083F828B	rom	0x1E	sText_UnusedArrows
0x083F82A9	rom	0x10	sBgAnim_PaletteControl
0x083F82B9	rom	0x320	sBgAnim_PalIndexes
0x083F85DC	rom	0x580	sBigPokeball_Gfx
0x083F8B5C	rom	0x40	sSlidingPokeball_Tilemap
0x083F8B9C	rom	0x200	sSlidingPokeball_Gfx
0x083F8D9C	rom	0x1E0	sMugshotBanner_Gfx
0x083F8F7C	rom	0x800	sUnusedBrendan_Gfx
0x083F977C	rom	0x800	sUnusedLass_Gfx
0x083F9F7C	rom	0x1E0	sGridSquare_Gfx
0x083FA15C	rom	0x48	sTasks_Intro
0x083FA1A4	rom	0x48	sTasks_Main
0x083FA1EC	rom	0x10	sTaskHandlers
0x083FA1FC	rom	0xC	sBlur_Funcs
0x083FA208	rom	0x8	sSwirl_Funcs
0x083FA210	rom	0x8	sShuffle_Funcs
0x083FA218	rom	0x18	sBigPokeball_Funcs
0x083FA230	rom	0xC	sPokeballsTrail_Funcs
0x083FA23C	rom	0x4	sPokeballsTrail_StartXCoords
0x083FA240	rom	0xA	sPokeballsTrail_Delays
0x083FA24A	rom	0x4	sPokeballsTrail_Speeds
0x083FA250	rom	0x1C	sClockwiseWipe_Funcs
0x083FA26C	rom	0x8	sRipple_Funcs
0x083FA274	rom	0xC	sWave_Funcs
0x083FA280	rom	0x20	sSpiral_AngleData
0x083FA2A0	rom	0x8	sSpiral_Funcs
0x083FA2A8	rom	0x28	sMugshot_Funcs
0x083FA2D0	rom	0x5	sMugshotsTrainerPicIDsTable
0x083FA2D6	rom	0x14	sMugshotsOpponentRotationScales
0x083FA2EA	rom	0x14	sMugshotsOpponentCoords
0x083FA300	rom	0x1C	sMugshotTrainerPicFuncs
0x083FA31C	rom	0x4	sTrainerPicSlideSpeeds
0x083FA320	rom	0x4	sTrainerPicSlideAccels
0x083FA324	rom	0xC	sSlice_Funcs
0x083FA330	rom	0x14	sWhiteBarsFade_Funcs
0x083FA344	rom	0xC	sWhiteBarsFade_StartDelays
0x083FA350	rom	0xC	sGridSquares_Funcs
0x083FA35C	rom	0x14	sAngledWipes_Funcs
0x083FA370	rom	0x46	sAngledWipes_MoveData
0x083FA3B6	rom	0xE	sAngledWipes_EndDelays
0x083FA3C4	rom	0x8	sTransitionIntroFuncs
0x083FA3CC	rom	0x8	sSpriteImage_Pokeball
0x083FA3D4	rom	0x8	sSpriteAnim_Pokeball
0x083FA3DC	rom	0x4	sSpriteAnimTable_Pokeball
0x083FA3E0	rom	0x10	sSpriteAffineAnim_Pokeball1
0x083FA3F0	rom	0x10	sSpriteAffineAnim_Pokeball2
0x083FA400	rom	0x8	sSpriteAffineAnimTable_Pokeball
0x083FA408	rom	0x18	sSpriteTemplate_Pokeball
0x083FA420	rom	0x8	sOam_UnusedBrendanLass
0x083FA428	rom	0x8	sImageTable_UnusedBrendan
0x083FA430	rom	0x8	sImageTable_UnusedLass
0x083FA438	rom	0x8	sSpriteAnim_UnusedBrendanLass
0x083FA440	rom	0x4	sSpriteAnimTable_UnusedBrendanLass
0x083FA444	rom	0x30	sSpriteTemplate_UnusedBrendanLass
0x083FA474	rom	0x20	sFieldEffectPal_Pokeball
0x083FA494	rom	0x8	gSpritePalette_Pokeball
0x083FA49C	rom	0x20	sMugshotPal_Lorelei
0x083FA4BC	rom	0x20	sMugshotPal_Bruno
0x083FA4DC	rom	0x20	sMugshotPal_Agatha
0x083FA4FC	rom	0x20	sMugshotPal_Lance
0x083FA51C	rom	0x20	sMugshotPal_Blue
0x083FA53C	rom	0x20	sMugshotPal_Red
0x083FA55C	rom	0x20	sMugshotPal_Green
0x083FA57C	rom	0x14	sOpponentMugshotsPals
0x083FA590	rom	0x8	sPlayerMugshotsPals
0x083FA598	rom	0x20	sUnusedTrainerPalette
0x083FA5B8	rom	0x8	sSpritePalette_UnusedTrainer
0x083FA5C0	rom	0x4B0	sBigPokeball_Tilemap
0x083FAA70	rom	0x500	sMugshotsTilemap
0x083FAF70	rom	0xE4	sLinkPartnerBufferCommands
0x083FB054	rom	0x1	sText_Empty1
0x083FB055	rom	0x3	sText_Trainer1LoseText
0x083FB058	rom	0x3	sText_Trainer2LoseText
0x083FB05B	rom	0x13	sText_Trainer1RecallPkmn1
0x083FB06E	rom	0x3	sText_Trainer1WinText
0x083FB071	rom	0x13	sText_Trainer1RecallPkmn2
0x083FB084	rom	0x1A	sText_Trainer1RecallBoth
0x083FB09E	rom	0x3	sText_Trainer2WinText
0x083FB0A1	rom	0x1D	sText_PkmnGainedEXP
0x083FB0BE	rom	0x1	sText_EmptyString4
0x083FB0BF	rom	0xB	sText_ABoosted
0x083FB0CA	rom	0x16	sText_PkmnGrewToLv
0x083FB0E0	rom	0x12	sText_PkmnLearnedMove
0x083FB0F2	rom	0x1B	sText_TryToLearnMove1
0x083FB10D	rom	0x2B	sText_TryToLearnMove2
0x083FB138	rom	0x23	sText_TryToLearnMove3
0x083FB15B	rom	0xF	sText_PkmnForgotMove
0x083FB16A	rom	0x15	sText_StopLearningMove
0x083FB17F	rom	0x16	sText_DidNotLearnMove
0x083FB195	rom	0x12	sText_UseNextPkmn
0x083FB1A7	rom	0x14	sText_AttackMissed
0x083FB1BB	rom	0x15	sText_PkmnProtectedItself
0x083FB1D0	rom	0x1B	sText_AvoidedDamage
0x083FB1EB	rom	0x24	sText_PkmnMakesGroundMiss
0x083FB20F	rom	0x17	sText_PkmnAvoidedAttack
0x083FB226	rom	0x16	sText_ItDoesntAffect
0x083FB23C	rom	0xD	sText_AttackerFainted
0x083FB249	rom	0xD	sText_TargetFainted
0x083FB256	rom	0x19	sText_PlayerGotMoney
0x083FB26F	rom	0x1E	sText_PlayerWhiteout
0x083FB28D	rom	0x33	sText_PlayerPanicked
0x083FB2C0	rom	0x3A	sText_PlayerWhiteoutAgainstTrainer
0x083FB2FA	rom	0x39	sText_PlayerPaidAsPrizeMoney
0x083FB333	rom	0x11	sText_PlayerWhiteout2
0x083FB344	rom	0x1D	sText_PreventsEscape
0x083FB361	rom	0xF	sText_CantEscape2
0x083FB370	rom	0x11	sText_AttackerCantEscape
0x083FB381	rom	0x10	sText_HitXTimes
0x083FB391	rom	0x10	sText_PkmnFellAsleep
0x083FB3A1	rom	0x17	sText_PkmnMadeSleep
0x083FB3B8	rom	0x16	sText_PkmnAlreadyAsleep
0x083FB3CE	rom	0x16	sText_PkmnAlreadyAsleep2
0x083FB3E4	rom	0x14	sText_PkmnWasntAffected
0x083FB3F8	rom	0x11	sText_PkmnWasPoisoned
0x083FB409	rom	0x15	sText_PkmnPoisonedBy
0x083FB41E	rom	0x16	sText_PkmnHurtByPoison
0x083FB434	rom	0x18	sText_PkmnAlreadyPoisoned
0x083FB44C	rom	0x16	sText_PkmnBadlyPoisoned
0x083FB462	rom	0x1B	sText_PkmnEnergyDrained
0x083FB47D	rom	0xF	sText_PkmnWasBurned
0x083FB48C	rom	0x13	sText_PkmnBurnedBy
0x083FB49F	rom	0x18	sText_PkmnHurtByBurn
0x083FB4B7	rom	0x17	sText_PkmnAlreadyHasBurn
0x083FB4CE	rom	0x15	sText_PkmnWasFrozen
0x083FB4E3	rom	0x18	sText_PkmnFrozenBy
0x083FB4FB	rom	0x14	sText_PkmnIsFrozen
0x083FB50F	rom	0x12	sText_PkmnWasDefrosted
0x083FB521	rom	0x12	sText_PkmnWasDefrosted2
0x083FB533	rom	0x18	sText_PkmnWasDefrostedBy
0x083FB54B	rom	0x2B	sText_PkmnWasParalyzed
0x083FB576	rom	0x30	sText_PkmnWasParalyzedBy
0x083FB5A6	rom	0x20	sText_PkmnIsParalyzed
0x083FB5C6	rom	0x19	sText_PkmnIsAlreadyParalyzed
0x083FB5DF	rom	0x1C	sText_PkmnHealedParalysis
0x083FB5FB	rom	0x16	sText_PkmnDreamEaten
0x083FB611	rom	0x19	sText_StatsWontIncrease
0x083FB62A	rom	0x18	sText_StatsWontDecrease
0x083FB642	rom	0x20	sText_TeamStoppedWorking
0x083FB662	rom	0x1E	sText_FoeStoppedWorking
0x083FB680	rom	0x10	sText_PkmnIsConfused
0x083FB690	rom	0x1D	sText_PkmnHealedConfusion
0x083FB6AD	rom	0x14	sText_PkmnWasConfused
0x083FB6C1	rom	0x18	sText_PkmnAlreadyConfused
0x083FB6D9	rom	0x11	sText_PkmnFellInLove
0x083FB6EA	rom	0x17	sText_PkmnInLove
0x083FB701	rom	0x1B	sText_PkmnImmobilizedByLove
0x083FB71C	rom	0x13	sText_PkmnBlownAway
0x083FB72F	rom	0x21	sText_PkmnChangedType
0x083FB750	rom	0xD	sText_PkmnFlinched
0x083FB75D	rom	0x14	sText_PkmnRegainedHealth
0x083FB771	rom	0x11	sText_PkmnHPFull
0x083FB782	rom	0x18	sText_PkmnRaisedSpDef
0x083FB79A	rom	0x21	sText_PkmnRaisedSpDefALittle
0x083FB7BB	rom	0x18	sText_PkmnRaisedDef
0x083FB7D3	rom	0x21	sText_PkmnRaisedDefALittle
0x083FB7F4	rom	0x21	sText_PkmnCoveredByVeil
0x083FB815	rom	0x26	sText_PkmnUsedSafeguard
0x083FB83B	rom	0x30	sText_PkmnSafeguardExpired
0x083FB86B	rom	0x12	sText_PkmnWentToSleep
0x083FB87D	rom	0x1D	sText_PkmnSleptHealthy
0x083FB89A	rom	0x1B	sText_PkmnWhippedWhirlwind
0x083FB8B5	rom	0x15	sText_PkmnTookSunlight
0x083FB8CA	rom	0x15	sText_PkmnLoweredHead
0x083FB8DF	rom	0xF	sText_PkmnIsGlowing
0x083FB8EE	rom	0x11	sText_PkmnFlewHigh
0x083FB8FF	rom	0xF	sText_PkmnDugHole
0x083FB90E	rom	0x13	sText_PkmnHidUnderwater
0x083FB921	rom	0xE	sText_PkmnSprangUp
0x083FB92F	rom	0x1E	sText_PkmnSqueezedByBind
0x083FB94D	rom	0x1E	sText_PkmnTrappedInVortex
0x083FB96B	rom	0x1D	sText_PkmnTrappedBySandTomb
0x083FB988	rom	0x16	sText_PkmnWrappedBy
0x083FB99E	rom	0xF	sText_PkmnClamped
0x083FB9AD	rom	0x12	sText_PkmnHurtBy
0x083FB9BF	rom	0x16	sText_PkmnFreedFrom
0x083FB9D5	rom	0x1B	sText_PkmnCrashed
0x083FB9F0	rom	0x1C	gBattleText_MistShroud
0x083FBA0C	rom	0x19	sText_PkmnProtectedByMist
0x083FBA25	rom	0x16	gBattleText_GetPumped
0x083FBA3B	rom	0x17	sText_PkmnHitWithRecoil
0x083FBA52	rom	0x15	sText_PkmnProtectedItself2
0x083FBA67	rom	0x21	sText_PkmnBuffetedBySandstorm
0x083FBA88	rom	0x16	sText_PkmnPeltedByHail
0x083FBA9E	rom	0x12	sText_PkmnsXWoreOff
0x083FBAB0	rom	0xF	sText_PkmnSeeded
0x083FBABF	rom	0x16	sText_PkmnEvadedAttack
0x083FBAD5	rom	0x25	sText_PkmnSappedByLeechSeed
0x083FBAFA	rom	0x13	sText_PkmnFastAsleep
0x083FBB0D	rom	0xC	sText_PkmnWokeUp
0x083FBB19	rom	0x1F	sText_PkmnUproarKeptAwake
0x083FBB38	rom	0x1A	sText_PkmnWokeUpInUproar
0x083FBB52	rom	0x15	sText_PkmnCausedUproar
0x083FBB67	rom	0x18	sText_PkmnMakingUproar
0x083FBB7F	rom	0x10	sText_PkmnCalmedDown
0x083FBB8F	rom	0x21	sText_PkmnCantSleepInUproar
0x083FBBB0	rom	0x12	sText_PkmnStockpiled
0x083FBBC2	rom	0x1D	sText_PkmnCantStockpile
0x083FBBDF	rom	0x21	sText_PkmnCantSleepInUproar2
0x083FBC00	rom	0x1E	sText_UproarKeptPkmnAwake
0x083FBC1E	rom	0x1E	sText_PkmnStayedAwakeUsing
0x083FBC3C	rom	0x16	sText_PkmnStoringEnergy
0x083FBC52	rom	0x15	sText_PkmnUnleashedEnergy
0x083FBC67	rom	0x23	sText_PkmnFatigueConfusion
0x083FBC8A	rom	0x13	sText_PkmnPickedUpItem
0x083FBC9D	rom	0x12	sText_PkmnUnaffected
0x083FBCAF	rom	0x18	sText_PkmnTransformedInto
0x083FBCC7	rom	0x16	sText_PkmnMadeSubstitute
0x083FBCDD	rom	0x1D	sText_PkmnHasSubstitute
0x083FBCFA	rom	0x24	sText_SubstituteDamaged
0x083FBD1E	rom	0x18	sText_PkmnSubstituteFaded
0x083FBD36	rom	0x12	sText_PkmnMustRecharge
0x083FBD48	rom	0x17	sText_PkmnRageBuilding
0x083FBD5F	rom	0x16	sText_PkmnMoveWasDisabled
0x083FBD75	rom	0x18	sText_PkmnMoveDisabledNoMore
0x083FBD8D	rom	0x12	sText_PkmnGotEncore
0x083FBD9F	rom	0x13	sText_PkmnEncoreEnded
0x083FBDB2	rom	0x13	sText_PkmnTookAim
0x083FBDC5	rom	0x10	sText_PkmnSketchedMove
0x083FBDD5	rom	0x26	sText_PkmnTryingToTakeFoe
0x083FBDFB	rom	0x14	sText_PkmnTookFoe
0x083FBE0F	rom	0x17	sText_PkmnReducedPP
0x083FBE26	rom	0x12	sText_PkmnStoleItem
0x083FBE38	rom	0x15	sText_TargetCantEscapeNow
0x083FBE4D	rom	0x1A	sText_PkmnFellIntoNightmare
0x083FBE67	rom	0x1D	sText_PkmnLockedInNightmare
0x083FBE84	rom	0x2A	sText_PkmnLaidCurse
0x083FBEAE	rom	0x1E	sText_PkmnAfflictedByCurse
0x083FBECC	rom	0x36	sText_SpikesScattered
0x083FBF02	rom	0x16	sText_PkmnHurtBySpikes
0x083FBF18	rom	0x12	sText_PkmnIdentified
0x083FBF2A	rom	0x1E	sText_PkmnPerishCountFell
0x083FBF48	rom	0x12	sText_PkmnBracedItself
0x083FBF5A	rom	0x14	sText_PkmnEnduredHit
0x083FBF6E	rom	0xE	sText_MagnitudeStrength
0x083FBF7C	rom	0x28	sText_PkmnCutHPMaxedAttack
0x083FBFA4	rom	0x1D	sText_PkmnCopiedStatChanges
0x083FBFC1	rom	0x18	sText_PkmnGotFree
0x083FBFD9	rom	0x14	sText_PkmnShedLeechSeed
0x083FBFED	rom	0x15	sText_PkmnBlewAwaySpikes
0x083FC002	rom	0x15	sText_PkmnFledFromBattle
0x083FC017	rom	0x16	sText_PkmnForesawAttack
0x083FC02D	rom	0x17	sText_PkmnTookAttack
0x083FC044	rom	0x1C	sText_PkmnChoseXAsDestiny
0x083FC060	rom	0xD	sText_PkmnAttack
0x083FC06D	rom	0x23	sText_PkmnCenterAttention
0x083FC090	rom	0x19	sText_PkmnChargingPower
0x083FC0A9	rom	0x1D	sText_NaturePowerTurnedInto
0x083FC0C6	rom	0x20	sText_PkmnStatusNormal
0x083FC0E6	rom	0x1D	sText_PkmnSubjectedToTorment
0x083FC103	rom	0x1C	sText_PkmnTighteningFocus
0x083FC11F	rom	0x17	sText_PkmnFellForTaunt
0x083FC136	rom	0x18	sText_PkmnReadyToHelp
0x083FC14E	rom	0x25	sText_PkmnSwitchedItems
0x083FC173	rom	0x10	sText_PkmnObtainedX
0x083FC183	rom	0x10	sText_PkmnObtainedX2
0x083FC193	rom	0x20	sText_PkmnObtainedXYObtainedZ
0x083FC1B3	rom	0x13	sText_PkmnCopiedFoe
0x083FC1C6	rom	0x10	sText_PkmnMadeWish
0x083FC1D6	rom	0x15	sText_PkmnWishCameTrue
0x083FC1EB	rom	0x16	sText_PkmnPlantedRoots
0x083FC201	rom	0x26	sText_PkmnAbsorbedNutrients
0x083FC227	rom	0x23	sText_PkmnAnchoredItself
0x083FC24A	rom	0x13	sText_PkmnWasMadeDrowsy
0x083FC25D	rom	0x18	sText_PkmnKnockedOff
0x083FC275	rom	0x28	sText_PkmnSwappedAbilities
0x083FC29D	rom	0x22	sText_PkmnSealedOpponentMove
0x083FC2BF	rom	0x28	sText_PkmnWantsGrudge
0x083FC2E7	rom	0x2B	sText_PkmnLostPPGrudge
0x083FC312	rom	0x1A	sText_PkmnShroudedItself
0x083FC32C	rom	0x28	sText_PkmnMoveBounced
0x083FC354	rom	0x25	sText_PkmnWaitsForTarget
0x083FC379	rom	0x17	sText_PkmnSnatchedMove
0x083FC390	rom	0x22	sText_ElectricityWeakened
0x083FC3B2	rom	0x1B	sText_FireWeakened
0x083FC3CD	rom	0x11	sText_XFoundOneY
0x083FC3DE	rom	0x2A	sText_SoothingAroma
0x083FC408	rom	0x1C	sText_ItemsCantBeUsedNow
0x083FC424	rom	0xE	sText_ForXCommaYZ
0x083FC432	rom	0x16	sText_PkmnUsedXToGetPumped
0x083FC448	rom	0x25	sText_PkmnLostFocus
0x083FC46D	rom	0x15	sText_PkmnWasDraggedOut
0x083FC482	rom	0x14	sText_TheWallShattered
0x083FC496	rom	0x16	sText_ButNoEffect
0x083FC4AC	rom	0x17	sText_PkmnHasNoMovesLeft
0x083FC4C3	rom	0x16	sText_PkmnMoveIsDisabled
0x083FC4D9	rom	0x39	sText_PkmnCantUseMoveTorment
0x083FC512	rom	0x22	sText_PkmnCantUseMoveTaunt
0x083FC534	rom	0x1D	sText_PkmnCantUseMoveSealed
0x083FC551	rom	0x16	sText_PkmnMadeItRain
0x083FC567	rom	0x1A	sText_PkmnRaisedSpeed
0x083FC581	rom	0x18	sText_PkmnProtectedBy
0x083FC599	rom	0x23	sText_PkmnPreventsUsage
0x083FC5BC	rom	0x1D	sText_PkmnRestoredHPUsing
0x083FC5D9	rom	0x19	sText_PkmnsXMadeYUseless
0x083FC5F2	rom	0x1D	sText_PkmnChangedTypeWith
0x083FC60F	rom	0x1C	sText_PkmnPreventsParalysisWith
0x083FC62B	rom	0x1A	sText_PkmnPreventsRomanceWith
0x083FC645	rom	0x1C	sText_PkmnPreventsPoisoningWith
0x083FC661	rom	0x1C	sText_PkmnPreventsConfusionWith
0x083FC67D	rom	0x1F	sText_PkmnRaisedFirePowerWith
0x083FC69C	rom	0x1B	sText_PkmnAnchorsItselfWith
0x083FC6B7	rom	0x1A	sText_PkmnCutsAttackWith
0x083FC6D1	rom	0x1C	sText_PkmnPreventsStatLossWith
0x083FC6ED	rom	0x11	sText_PkmnHurtsWith
0x083FC6FE	rom	0x13	sText_PkmnTraced
0x083FC711	rom	0x18	sText_PkmnsXPreventsBurns
0x083FC729	rom	0x13	sText_PkmnsXBlocksY
0x083FC73C	rom	0x13	sText_PkmnsXBlocksY2
0x083FC74F	rom	0x22	sText_PkmnsXRestoredHPALittle2
0x083FC771	rom	0x20	sText_PkmnsXWhippedUpSandstorm
0x083FC791	rom	0x24	sText_PkmnsXIntensifiedSun
0x083FC7B5	rom	0x1A	sText_PkmnsXPreventsYLoss
0x083FC7CF	rom	0x17	sText_PkmnsXInfatuatedY
0x083FC7E6	rom	0x1D	sText_PkmnsXMadeYIneffective
0x083FC803	rom	0x1E	sText_PkmnsXCuredYProblem
0x083FC821	rom	0x1E	sText_ItSuckedLiquidOoze
0x083FC83F	rom	0x10	sText_PkmnTransformed
0x083FC84F	rom	0x19	sText_PkmnsXTookAttack
0x083FC868	rom	0x1D	gText_PkmnsXPreventsSwitching
0x083FC885	rom	0x28	sText_PreventedFromWorking
0x083FC8AD	rom	0x1D	sText_PkmnsXMadeItIneffective
0x083FC8CA	rom	0x1C	sText_PkmnsXPreventsFlinching
0x083FC8E6	rom	0x27	sText_PkmnsXPreventsYsZ
0x083FC90D	rom	0x1E	sText_PkmnsXCuredItsYProblem
0x083FC92B	rom	0x1D	sText_PkmnsXHadNoEffectOnY
0x083FC948	rom	0x1A	sText_TooScaredToMove
0x083FC962	rom	0x1B	sText_GetOutGetOut
0x083FC97D	rom	0x9	sText_StatSharply
0x083FC986	rom	0x6	gBattleText_Rose
0x083FC98C	rom	0x9	sText_StatHarshly
0x083FC995	rom	0x6	sText_StatFell
0x083FC99B	rom	0xB	sText_AttackersStatRose
0x083FC9A6	rom	0xB	gText_DefendersStatRose
0x083FC9B1	rom	0x1A	sText_UsingItemTheStatOfPkmnRose
0x083FC9CB	rom	0xB	sText_AttackersStatFell
0x083FC9D6	rom	0xB	sText_DefendersStatFell
0x083FC9E1	rom	0x20	sText_StatsWontIncrease2
0x083FCA01	rom	0x1F	sText_StatsWontDecrease2
0x083FCA20	rom	0x10	sText_CriticalHit
0x083FCA30	rom	0x13	sText_OneHitKO
0x083FCA43	rom	0x2C	sText_123Poof
0x083FCA6F	rom	0x6	sText_AndEllipsis
0x083FCA75	rom	0x22	sText_HMMovesCantBeForgotten
0x083FCA97	rom	0x19	sText_NotVeryEffective
0x083FCAB0	rom	0x16	sText_SuperEffective
0x083FCAC6	rom	0x16	sText_GotAwaySafely
0x083FCADC	rom	0x1B	sText_PkmnFledUsingIts
0x083FCAF7	rom	0x17	sText_PkmnFledUsing
0x083FCB0E	rom	0x12	sText_WildPkmnFled
0x083FCB20	rom	0x14	sText_PlayerDefeatedLinkTrainer
0x083FCB34	rom	0x17	sText_TwoLinkTrainersDefeated
0x083FCB4B	rom	0x18	sText_PlayerLostAgainstLinkTrainer
0x083FCB63	rom	0x1A	sText_PlayerLostToTwo
0x083FCB7D	rom	0x25	sText_PlayerBattledToDrawLinkTrainer
0x083FCBA2	rom	0x2C	sText_PlayerBattledToDrawVsTwo
0x083FCBCE	rom	0xD	sText_WildFled
0x083FCBDB	rom	0x14	sText_TwoWildFled
0x083FCBEF	rom	0x2F	sText_NoRunningFromTrainers
0x083FCC1E	rom	0xF	sText_CantEscape
0x083FCC2D	rom	0x1	sText_DontLeaveBirch
0x083FCC2E	rom	0x16	sText_ButNothingHappened
0x083FCC44	rom	0xF	sText_ButItFailed
0x083FCC53	rom	0x21	sText_ItHurtConfusion
0x083FCC74	rom	0x18	sText_MirrorMoveFailed
0x083FCC8C	rom	0x14	sText_StartedToRain
0x083FCCA0	rom	0x14	sText_DownpourStarted
0x083FCCB4	rom	0x18	sText_RainContinues
0x083FCCCC	rom	0x18	sText_DownpourContinues
0x083FCCE4	rom	0x12	sText_RainStopped
0x083FCCF6	rom	0x14	sText_SandstormBrewed
0x083FCD0A	rom	0x15	sText_SandstormRages
0x083FCD1F	rom	0x18	sText_SandstormSubsided
0x083FCD37	rom	0x19	sText_SunlightGotBright
0x083FCD50	rom	0x18	sText_SunlightStrong
0x083FCD68	rom	0x14	sText_SunlightFaded
0x083FCD7C	rom	0x14	sText_StartedHail
0x083FCD90	rom	0x18	sText_HailContinues
0x083FCDA8	rom	0x12	sText_HailStopped
0x083FCDBA	rom	0x22	sText_FailedToSpitUp
0x083FCDDC	rom	0x22	sText_FailedToSwallow
0x083FCDFE	rom	0x22	sText_WindBecameHeatWave
0x083FCE20	rom	0x22	sText_StatChangesGone
0x083FCE42	rom	0x1C	sText_CoinsScattered
0x083FCE5E	rom	0x26	sText_TooWeakForSubstitute
0x083FCE84	rom	0x20	sText_SharedPain
0x083FCEA4	rom	0xF	sText_BellChimed
0x083FCEB3	rom	0x30	sText_FaintInThree
0x083FCEE3	rom	0x23	sText_NoPPLeft
0x083FCF06	rom	0x27	sText_ButNoPPLeft
0x083FCF2D	rom	0x20	sText_PkmnIgnoresAsleep
0x083FCF4D	rom	0x13	sText_PkmnIgnoredOrders
0x083FCF60	rom	0x11	sText_PkmnBeganToNap
0x083FCF71	rom	0x16	sText_PkmnLoafing
0x083FCF87	rom	0xF	sText_PkmnWontObey
0x083FCF96	rom	0x10	sText_PkmnTurnedAway
0x083FCFA6	rom	0x1C	sText_PkmnPretendNotNotice
0x083FCFC2	rom	0x32	sText_EnemyAboutToSwitchPkmn
0x083FCFF4	rom	0xF	sText_PkmnLearnedMove2
0x083FD003	rom	0x18	sText_PlayerDefeatedLinkTrainerTrainer1
0x083FD01B	rom	0x1B	sText_ThrewARock
0x083FD036	rom	0x1E	sText_ThrewSomeBait
0x083FD054	rom	0x1A	sText_PkmnWatchingCarefully
0x083FD06E	rom	0xD	sText_PkmnIsAngry
0x083FD07B	rom	0xE	sText_PkmnIsEating
0x083FD089	rom	0x37	sText_OutOfSafariBalls
0x083FD0C0	rom	0x13	sText_WildPkmnAppeared
0x083FD0D3	rom	0x13	sText_WildPkmnAppeared2
0x083FD0E6	rom	0x15	sText_WildPkmnAppearedPause
0x083FD0FB	rom	0x1A	sText_TwoWildPkmnAppeared
0x083FD115	rom	0x34	sText_GhostAppearedCantId
0x083FD149	rom	0x15	sText_TheGhostAppeared
0x083FD15E	rom	0x2B	sText_SilphScopeUnveil
0x083FD189	rom	0x19	sText_TheGhostWas
0x083FD1A2	rom	0x1D	sText_Trainer1WantsToBattle
0x083FD1BF	rom	0x14	sText_LinkTrainerWantsToBattle
0x083FD1D3	rom	0x1A	sText_TwoLinkTrainersWantToBattle
0x083FD1ED	rom	0x16	sText_Trainer1SentOutPkmn
0x083FD203	rom	0x1D	sText_Trainer1SentOutTwoPkmn
0x083FD220	rom	0x13	sText_Trainer1SentOutPkmn2
0x083FD233	rom	0x10	sText_LinkTrainerSentOutPkmn
0x083FD243	rom	0x17	sText_LinkTrainerSentOutTwoPkmn
0x083FD25A	rom	0x20	sText_TwoLinkTrainersSentOutPkmn
0x083FD27A	rom	0x10	sText_LinkTrainerSentOutPkmn2
0x083FD28A	rom	0x10	sText_LinkTrainerMultiSentOutPkmn
0x083FD29A	rom	0x8	sText_GoPkmn
0x083FD2A2	rom	0xF	sText_GoTwoPkmn
0x083FD2B1	rom	0x8	sText_GoPkmn2
0x083FD2B9	rom	0xB	sText_DoItPkmn
0x083FD2C4	rom	0xF	sText_GoForItPkmn
0x083FD2D3	rom	0x1E	sText_YourFoesWeakGetEmPkmn
0x083FD2F1	rom	0x18	sText_LinkPartnerSentOutPkmnGoPkmn
0x083FD309	rom	0x1E	sText_PkmnThatsEnough
0x083FD327	rom	0xF	sText_PkmnComeBack
0x083FD336	rom	0x13	sText_PkmnOkComeBack
0x083FD349	rom	0x15	sText_PkmnGoodComeBack
0x083FD35E	rom	0x13	sText_Trainer1WithdrewPkmn
0x083FD371	rom	0x10	sText_LinkTrainer1WithdrewPkmn
0x083FD381	rom	0x10	sText_LinkTrainer2WithdrewPkmn
0x083FD391	rom	0x6	sText_WildPkmnPrefix
0x083FD397	rom	0x5	sText_FoePkmnPrefix
0x083FD39C	rom	0x4	sText_FoePkmnPrefix2
0x083FD3A0	rom	0x5	sText_AllyPkmnPrefix
0x083FD3A5	rom	0x4	sText_FoePkmnPrefix3
0x083FD3A9	rom	0x5	sText_AllyPkmnPrefix2
0x083FD3AE	rom	0x4	sText_FoePkmnPrefix4
0x083FD3B2	rom	0x5	sText_AllyPkmnPrefix3
0x083FD3B7	rom	0xB	sText_AttackerUsedX
0x083FD3C2	rom	0x2	sText_ExclamationMark
0x083FD3C4	rom	0x2	sText_ExclamationMark2
0x083FD3C6	rom	0x2	sText_ExclamationMark3
0x083FD3C8	rom	0x2	sText_ExclamationMark4
0x083FD3CA	rom	0x2	sText_ExclamationMark5
0x083FD3CC	rom	0x3	sText_HP2
0x083FD3CF	rom	0x7	sText_Attack2
0x083FD3D6	rom	0x8	sText_Defense2
0x083FD3DE	rom	0x6	sText_Speed
0x083FD3E4	rom	0x8	sText_SpAtk2
0x083FD3EC	rom	0x8	sText_SpDef2
0x083FD3F4	rom	0x9	sText_Accuracy
0x083FD3FD	rom	0xC	sText_Evasiveness
0x083FD40C	rom	0x20	gStatNamesTable
0x083FD42C	rom	0xF	sText_PokeblockWasTooSpicy
0x083FD43B	rom	0xD	sText_PokeblockWasTooDry
0x083FD448	rom	0xF	sText_PokeblockWasTooSweet
0x083FD457	rom	0x10	sText_PokeblockWasTooBitter
0x083FD467	rom	0xE	sText_PokeblockWasTooSour
0x083FD478	rom	0x14	gPokeblockWasTooXStringTable
0x083FD48C	rom	0xC	sText_PlayerUsedItem
0x083FD498	rom	0x15	sText_OldManUsedItem
0x083FD4AD	rom	0x17	sText_PokedudeUsedItem
0x083FD4C4	rom	0xF	sText_Trainer1UsedItem
0x083FD4D3	rom	0x1E	sText_TrainerBlockedBall
0x083FD4F1	rom	0x12	sText_DontBeAThief
0x083FD503	rom	0x39	sText_ItDodgedBall
0x083FD53C	rom	0x18	sText_YouMissedPkmn
0x083FD554	rom	0x20	sText_PkmnBrokeFree
0x083FD574	rom	0x1F	sText_ItAppearedCaught
0x083FD593	rom	0x16	sText_AarghAlmostHadIt
0x083FD5A9	rom	0x1D	sText_ShootSoClose
0x083FD5C6	rom	0x18	sText_ItDodgedBall2
0x083FD5DE	rom	0x1E	sText_GotchaPkmnCaught
0x083FD5FC	rom	0x20	sText_GotchaPkmnCaught2
0x083FD61C	rom	0x24	sText_GiveNicknameCaptured
0x083FD640	rom	0x16	sText_PkmnSentToPC
0x083FD656	rom	0xA	sText_Someones
0x083FD660	rom	0x7	sText_Bills
0x083FD667	rom	0x25	sText_PkmnDataAddedToDex
0x083FD68C	rom	0xF	sText_ItIsRaining
0x083FD69B	rom	0x17	sText_SandstormIsRaging
0x083FD6B2	rom	0x2C	sText_BoxIsFull
0x083FD6DE	rom	0xD	sText_EnigmaBerry
0x083FD6EB	rom	0x7	sText_BerrySuffix
0x083FD6F2	rom	0x3	sText_Enigma
0x083FD6F5	rom	0x19	sText_PkmnsItemCuredParalysis
0x083FD70E	rom	0x16	sText_PkmnsItemCuredPoison
0x083FD724	rom	0x19	sText_PkmnsItemHealedBurn
0x083FD73D	rom	0x16	sText_PkmnsItemDefrostedIt
0x083FD753	rom	0x20	sText_PkmnsItemWokeIt
0x083FD773	rom	0x25	sText_PkmnsItemSnappedOut
0x083FD798	rom	0x1E	sText_PkmnsItemCuredProblem
0x083FD7B6	rom	0x1F	sText_PkmnsItemNormalizedStatus
0x083FD7D5	rom	0x19	sText_PkmnsItemRestoredHealth
0x083FD7EE	rom	0x1A	sText_PkmnsItemRestoredPP
0x083FD808	rom	0x1D	sText_PkmnsItemRestoredStatus
0x083FD825	rom	0x22	sText_PkmnsItemRestoredHPALittle
0x083FD847	rom	0x28	sText_ItemAllowsOnlyYMove
0x083FD86F	rom	0x19	sText_PkmnHungOnWithX
0x083FD888	rom	0x1	gText_EmptyString3
0x083FD889	rom	0x2D	sText_PlayedFluteCatchyTune
0x083FD8B6	rom	0x12	sText_PlayedThe
0x083FD8C8	rom	0x25	sText_PkmnHearingFluteAwoke
0x083FD8ED	rom	0x31	sText_YouThrowABallNowRight
0x083FD91E	rom	0xB0	gText_ForPetesSake
0x083FD9CE	rom	0x5D	gText_TheTrainerThat
0x083FDA2B	rom	0x69	gText_TryBattling
0x083FDA94	rom	0x3D	gText_InflictingDamageIsKey
0x083FDAD1	rom	0x3D	gText_LoweringStats
0x083FDB0E	rom	0x51	gText_KeepAnEyeOnHP
0x083FDB5F	rom	0x41	gText_OakNoRunningFromATrainer
0x083FDBA0	rom	0x87	gText_WinEarnsPrizeMoney
0x083FDC27	rom	0x14F	gText_HowDissapointing
0x083FDD78	rom	0x5D8	gBattleStringsTable
0x083FE350	rom	0xA	gMissStringIds
0x083FE35A	rom	0xA	gNoEscapeStringIds
0x083FE364	rom	0xC	gMoveWeatherChangeStringIds
0x083FE370	rom	0x4	gSandstormHailContinuesStringIds
0x083FE374	rom	0x4	gSandstormHailDmgStringIds
0x083FE378	rom	0x4	gSandstormHailEndStringIds
0x083FE37C	rom	0x6	gRainContinuesStringIds
0x083FE382	rom	0x6	gProtectLikeUsedStringIds
0x083FE388	rom	0xC	gReflectLightScreenSafeguardStringIds
0x083FE394	rom	0xA	gLeechSeedStringIds
0x083FE39E	rom	0x4	gRestUsedStringIds
0x083FE3A2	rom	0x4	gUproarOverTurnStringIds
0x083FE3A6	rom	0x4	gStockpileUsedStringIds
0x083FE3AA	rom	0x4	gWokeUpStringIds
0x083FE3AE	rom	0x4	gSwallowFailStringIds
0x083FE3B2	rom	0x6	gUproarAwakeStringIds
0x083FE3B8	rom	0xC	gStatUpStringIds
0x083FE3C4	rom	0x8	gStatDownStringIds
0x083FE3CC	rom	0x10	gFirstTurnOfTwoStringIds
0x083FE3DC	rom	0xC	gWrappedStringIds
0x083FE3E8	rom	0x4	gMistUsedStringIds
0x083FE3EC	rom	0x4	gFocusEnergyUsedStringIds
0x083FE3F0	rom	0x4	gTransformUsedStringIds
0x083FE3F4	rom	0x4	gSubstituteUsedStringIds
0x083FE3F8	rom	0x4	gGotPoisonedStringIds
0x083FE3FC	rom	0x4	gGotParalyzedStringIds
0x083FE400	rom	0x4	gFellAsleepStringIds
0x083FE404	rom	0x4	gGotBurnedStringIds
0x083FE408	rom	0x4	gGotFrozenStringIds
0x083FE40C	rom	0x4	gGotDefrostedStringIds
0x083FE410	rom	0x4	gKOFailedStringIds
0x083FE414	rom	0x4	gAttractUsedStringIds
0x083FE418	rom	0x4	gAbsorbDrainStringIds
0x083FE41C	rom	0x4	gSportsUsedStringIds
0x083FE420	rom	0xA	gPartyStatusHealStringIds
0x083FE42A	rom	0x4	gFutureMoveUsedStringIds
0x083FE42E	rom	0x8	gBallEscapeStringIds
0x083FE436	rom	0x20	gWeatherStartsStringIds
0x083FE456	rom	0x8	gInobedientStringIds
0x083FE45E	rom	0x6	gSafariReactionStringIds
0x083FE464	rom	0xC	gTrainerItemCuredStatusStringIds
0x083FE470	rom	0x4	gBerryEffectStringIds
0x083FE474	rom	0x6	gBRNPreventionStringIds
0x083FE47A	rom	0x6	gPRLZPreventionStringIds
0x083FE480	rom	0x6	gPSNPreventionStringIds
0x083FE486	rom	0x6	gItemSwapStringIds
0x083FE48C	rom	0x4	gFlashFireStringIds
0x083FE490	rom	0x8	gCaughtMonStringIds
0x083FE498	rom	0x8	gDoubleBattleRecallStrings
0x083FE4A0	rom	0xE	gTrappingMoves
0x083FE4AE	rom	0x16	gText_PkmnIsEvolving
0x083FE4C4	rom	0x2D	gText_CongratsPkmnEvolved
0x083FE4F1	rom	0x1B	gText_PkmnStoppedEvolving
0x083FE50C	rom	0x5	gText_EllipsisQuestionMark
0x083FE511	rom	0x11	gText_WhatWillPkmnDo
0x083FE522	rom	0x14	gText_WhatWillPlayerThrow
0x083FE536	rom	0x1A	gText_WhatWillOldManDo
0x083FE550	rom	0x11	gText_LinkStandby
0x083FE561	rom	0x22	gText_BattleMenu
0x083FE583	rom	0x1F	gText_SafariZoneMenu
0x083FE5A2	rom	0x4	gText_MoveInterfacePP
0x083FE5A6	rom	0x6	gText_MoveInterfaceType
0x083FE5AC	rom	0x9	gText_MoveInterfaceDynamicColors
0x083FE5B5	rom	0x18	gText_WhichMoveToForget_Unused
0x083FE5CD	rom	0xF	gText_BattleYesNoChoice
0x083FE5DC	rom	0x16	gText_BattleSwitchWhich
0x083FE5F2	rom	0x9	sText_UnusedColors
0x083FE5FB	rom	0x3	sText_RightArrow2
0x083FE5FE	rom	0x3	sText_Plus
0x083FE601	rom	0x2	sText_Dash
0x083FE603	rom	0xD	sText_MaxHP
0x083FE610	rom	0x8	sText_Attack
0x083FE618	rom	0x8	sText_Defense
0x083FE620	rom	0x8	sText_SpAtk
0x083FE628	rom	0x8	sText_SpDef
0x083FE630	rom	0x18	sStatNamesTable2
0x083FE648	rom	0x10	gText_SafariBalls
0x083FE658	rom	0xA	gText_HighlightRed_Left
0x083FE662	rom	0x4	gText_HighlightRed
0x083FE666	rom	0x6	gText_Sleep
0x083FE66C	rom	0x7	gText_Poison
0x083FE673	rom	0x5	gText_Burn
0x083FE678	rom	0xA	gText_Paralysis
0x083FE682	rom	0x4	gText_Ice
0x083FE686	rom	0xA	gText_Confusion
0x083FE690	rom	0x5	gText_Love
0x083FE695	rom	0x3	gText_BattleTowerBan_Space
0x083FE698	rom	0x2	gText_BattleTowerBan_Newline1
0x083FE69A	rom	0x2	gText_BattleTowerBan_Newline2
0x083FE69C	rom	0x4	gText_BattleTowerBan_Is1
0x083FE6A0	rom	0x4	gText_BattleTowerBan_Is2
0x083FE6A4	rom	0x8	gText_BadEgg
0x083FE6AC	rom	0x4	gText_BattleWallyName
0x083FE6B0	rom	0x7	gText_Win
0x083FE6B7	rom	0x8	gText_Loss
0x083FE6BF	rom	0x8	gText_Draw
0x083FE6C7	rom	0x4	sText_SpaceIs
0x083FE6CB	rom	0x3	sText_ApostropheS
0x083FE6CE	rom	0xE	gText_ANormalMove
0x083FE6DC	rom	0x10	gText_AFightingMove
0x083FE6EC	rom	0xE	gText_AFlyingMove
0x083FE6FA	rom	0xE	gText_APoisonMove
0x083FE708	rom	0xE	gText_AGroundMove
0x083FE716	rom	0xC	gText_ARockMove
0x083FE722	rom	0xB	gText_ABugMove
0x083FE72D	rom	0xD	gText_AGhostMove
0x083FE73A	rom	0xD	gText_ASteelMove
0x083FE747	rom	0xB	gText_AMysteryMove
0x083FE752	rom	0xC	gText_AFireMove
0x083FE75E	rom	0xD	gText_AWaterMove
0x083FE76B	rom	0xD	gText_AGrassMove
0x083FE778	rom	0x11	gText_AnElectricMove
0x083FE789	rom	0xF	gText_APsychicMove
0x083FE798	rom	0xC	gText_AnIceMove
0x083FE7A4	rom	0xE	gText_ADragonMove
0x083FE7B2	rom	0xC	gText_ADarkMove
0x083FE7BE	rom	0xB	gText_TimeBoard
0x083FE7C9	rom	0xB	gText_ClearTime
0x083FE7D4	rom	0x11	gText_XMinYZSec
0x083FE7E5	rom	0x3	gText_Unused_1F
0x083FE7E8	rom	0x3	gText_Unused_2F
0x083FE7EB	rom	0x3	gText_Unused_3F
0x083FE7EE	rom	0x3	gText_Unused_4F
0x083FE7F1	rom	0x3	gText_Unused_5F
0x083FE7F4	rom	0x3	gText_Unused_6F
0x083FE7F7	rom	0x3	gText_Unused_7F
0x083FE7FA	rom	0x3	gText_Unused_8F
0x083FE800	rom	0x10	gTrainerTowerChallengeTypeTexts
0x083FE810	rom	0x10	sText_Trainer1Fled
0x083FE820	rom	0x1B	sText_PlayerLostAgainstTrainer1
0x083FE83B	rom	0x28	sText_PlayerBattledToDrawTrainer1
0x083FE864	rom	0x48	sATypeMove_Table
0x083FE8AC	rom	0xEC	sGrammarMoveUsedTable
0x083FE9A0	rom	0x12C	sTextOnWindowsInfo_Normal
0x083FEACC	rom	0x4	sNpcTextColorToFont
0x083FEAD0	rom	0x38	sSaveSlotLayout
0x083FEB0E	rom	0x4	gShadowEffectTemplateIds
0x083FEB12	rom	0x8	gShadowVerticalOffsets
0x083FEB1C	rom	0x8	gFadeFootprintsTireTracksFuncs
0x083FEB24	rom	0xC	gAshFieldEffectFuncs
0x083FEB3C	rom	0xE4	sSafariBufferCommands
0x083FEC20	rom	0x18	sScratchAnimCmds
0x083FEC38	rom	0x4	sScratchAnimTable
0x083FEC3C	rom	0x18	gScratchSpriteTemplate
0x083FEC54	rom	0x18	gBlackSmokeSpriteTemplate
0x083FEC6C	rom	0x18	gBlackBallSpriteTemplate
0x083FEC84	rom	0x10	sOpeningEyeAnimCmds
0x083FEC94	rom	0x4	sOpeningEyeAnimTable
0x083FEC98	rom	0x18	gOpeningEyeSpriteTemplate
0x083FECB0	rom	0x18	gWhiteHaloSpriteTemplate
0x083FECC8	rom	0x18	gTealAlertSpriteTemplate
0x083FECE0	rom	0x20	sMeanLookEyeAffineAnimCmds1
0x083FED00	rom	0x18	sMeanLookEyeAffineAnimCmds2
0x083FED18	rom	0x8	sMeanLookEyeAffineAnimTable
0x083FED20	rom	0x18	gMeanLookEyeSpriteTemplate
0x083FED38	rom	0x18	gSpikesSpriteTemplate
0x083FED50	rom	0x18	sLeerAnimCmds
0x083FED68	rom	0x4	sLeerAnimTable
0x083FED6C	rom	0x18	gLeerSpriteTemplate
0x083FED84	rom	0x8	sLetterZAnimCmds
0x083FED8C	rom	0x4	sLetterZAnimTable
0x083FED90	rom	0x18	sLetterZAffineAnimCmds
0x083FEDA8	rom	0x4	sLetterZAffineAnimTable
0x083FEDAC	rom	0x18	gLetterZSpriteTemplate
0x083FEDC4	rom	0x14	sFangAnimCmds
0x083FEDD8	rom	0x4	sFangAnimTable
0x083FEDDC	rom	0x18	sFangAffineAnimCmds
0x083FEDF4	rom	0x4	sFangAffineAnimTable
0x083FEDF8	rom	0x18	gFangSpriteTemplate
0x083FEE10	rom	0x18	sSpotlightAffineAnimCmds1
0x083FEE28	rom	0x18	sSpotlightAffineAnimCmds2
0x083FEE40	rom	0x8	sSpotlightAffineAnimTable
0x083FEE48	rom	0x18	gSpotlightSpriteTemplate
0x083FEE60	rom	0x18	gClappingHandSpriteTemplate
0x083FEE78	rom	0x18	gClappingHand2SpriteTemplate
0x083FEE90	rom	0x10	sRapidSpinAnimCmds
0x083FEEA0	rom	0x4	sRapidSpinAnimTable
0x083FEEA4	rom	0x18	gRapidSpinSpriteTemplate
0x083FEEBC	rom	0x20	sAffineAnims_Torment
0x083FEEDC	rom	0x8	sTriAttackTriangleAnimCmds
0x083FEEE4	rom	0x4	sTriAttackTriangleAnimTable
0x083FEEE8	rom	0x28	sTriAttackTriangleAffineAnimCmds
0x083FEF10	rom	0x4	sTriAttackTriangleAffineAnimTable
0x083FEF14	rom	0x18	gTriAttackTriangleSpriteTemplate
0x083FEF2C	rom	0x24	sEclipsingOrbAnimCmds
0x083FEF50	rom	0x4	sEclipsingOrbAnimTable
0x083FEF54	rom	0x18	gEclipsingOrbSpriteTemplate
0x083FEF6C	rom	0x20	DefenseCurlDeformMonAffineAnimCmds
0x083FEF8C	rom	0x18	gBatonPassPokeballSpriteTemplate
0x083FEFA4	rom	0x18	gWishStarSpriteTemplate
0x083FEFBC	rom	0x18	gMiniTwinklingStarSpriteTemplate
0x083FEFD4	rom	0x28	sStockpileDeformMonAffineAnimCmds
0x083FEFFC	rom	0x38	sSpitUpDeformMonAffineAnimCmds
0x083FF034	rom	0x18	gSwallowBlueOrbSpriteTemplate
0x083FF04C	rom	0x30	sSwallowDeformMonAffineAnimCmds
0x083FF07C	rom	0x4	sMorningSunLightBeamCoordsTable
0x083FF080	rom	0xC	sGreenStarAnimCmds1
0x083FF08C	rom	0x8	sGreenStarAnimCmds2
0x083FF094	rom	0x8	sGreenStarAnimCmds3
0x083FF09C	rom	0xC	sGreenStarAnimTable
0x083FF0A8	rom	0x18	gGreenStarSpriteTemplate
0x083FF0C0	rom	0x4	sDoomDesireLightBeamCoordTable
0x083FF0C4	rom	0x5	sDoomDesireLightBeamDelayTable
0x083FF0CC	rom	0x20	sStrongFrustrationAffineAnimCmds
0x083FF0EC	rom	0x18	gWeakFrustrationAngerMarkSpriteTemplate
0x083FF104	rom	0x24	sSweetScentPetalAnimCmds1
0x083FF128	rom	0x24	sSweetScentPetalAnimCmds2
0x083FF14C	rom	0x8	sSweetScentPetalAnimCmds3
0x083FF154	rom	0xC	sSweetScentPetalAnimCmdTable
0x083FF160	rom	0x18	gSweetScentPetalSpriteTemplate
0x083FF178	rom	0x20	sUnusedPalette
0x083FF198	rom	0x10	sPainSplitAnimCmds
0x083FF1A8	rom	0x4	sPainSplitAnimCmdTable
0x083FF1AC	rom	0x18	gPainSplitProjectileSpriteTemplate
0x083FF1C4	rom	0x18	gFlatterConfettiSpriteTemplate
0x083FF1DC	rom	0x18	gFlatterSpotlightSpriteTemplate
0x083FF1F4	rom	0x18	gReversalOrbSpriteTemplate
0x083FF20C	rom	0x30	sDeepInhaleAffineAnimCmds
0x083FF23C	rom	0x20	sYawnCloudAffineAnimCmds1
0x083FF25C	rom	0x20	sYawnCloudAffineAnimCmds2
0x083FF27C	rom	0x20	sYawnCloudAffineAnimCmds3
0x083FF29C	rom	0xC	sYawnCloudAffineAnimTable
0x083FF2A8	rom	0x18	gYawnCloudSpriteTemplate
0x083FF2C0	rom	0x20	sSmokeBallEscapeCloudAffineAnimCmds1
0x083FF2E0	rom	0x20	sSmokeBallEscapeCloudAffineAnimCmds2
0x083FF300	rom	0x20	sSmokeBallEscapeCloudAffineAnimCmds3
0x083FF320	rom	0x20	sSmokeBallEscapeCloudAffineAnimCmds4
0x083FF340	rom	0x10	sSmokeBallEscapeCloudAffineAnimTable
0x083FF350	rom	0x18	gSmokeBallEscapeCloudSpriteTemplate
0x083FF368	rom	0x20	sFacadeSquishAffineAnimCmds
0x083FF388	rom	0x18	gFacadeSweatDropSpriteTemplate
0x083FF3A0	rom	0x30	sFacadeBlendColors
0x083FF3D0	rom	0xC	sRoarNoiseLineAnimCmds1
0x083FF3DC	rom	0xC	sRoarNoiseLineAnimCmds2
0x083FF3E8	rom	0x8	sRoarNoiseLineAnimTable
0x083FF3F0	rom	0x18	gRoarNoiseLineSpriteTemplate
0x083FF408	rom	0x18	gGlareEyeDotSpriteTemplate
0x083FF420	rom	0x18	gAssistPawprintSpriteTemplate
0x083FF438	rom	0x10	sBarrageBallAffineAnimCmds1
0x083FF448	rom	0x18	sBarrageBallAffineAnimCmds2
0x083FF460	rom	0x8	sBarrageBallAffineAnimTable
0x083FF468	rom	0x18	gBarrageBallSpriteTemplate
0x083FF480	rom	0x18	gSmellingSaltsHandSpriteTemplate
0x083FF498	rom	0x18	sSmellingSaltsSquishAffineAnimCmds
0x083FF4B0	rom	0x18	gSmellingSaltExclamationSpriteTemplate
0x083FF4C8	rom	0x18	gHelpingHandClapSpriteTemplate
0x083FF4E0	rom	0x18	gForesightMagnifyingGlassSpriteTemplate
0x083FF4F8	rom	0x18	gMeteorMashStarSpriteTemplate
0x083FF510	rom	0x18	sUnusedStarBurstSpriteTemplate
0x083FF528	rom	0x18	gBlockXSpriteTemplate
0x083FF540	rom	0x18	sUnusedItemBagStealSpriteTemplate
0x083FF558	rom	0xC	sKnockOffStrikeAnimCmds
0x083FF564	rom	0x4	sKnockOffStrikeAnimTable
0x083FF568	rom	0x18	sKnockOffStrikeAffineanimCmds1
0x083FF580	rom	0x18	sKnockOffStrikeAffineanimCmds2
0x083FF598	rom	0x8	sKnockOffStrikeAffineAnimTable
0x083FF5A0	rom	0x18	gKnockOffStrikeSpriteTemplate
0x083FF5B8	rom	0x10	sRecycleSpriteAffineAnimCmds
0x083FF5C8	rom	0x4	sRecycleSpriteAffineAnimTable
0x083FF5CC	rom	0x18	gRecycleSpriteTemplate
0x083FF5E4	rom	0x30	sSlackOffSquishAffineAnimCmds
0x083FF614	rom	0x20	sLearnMoveInterfaceSpritesPalette
0x083FF634	rom	0x180	sLearnMoveInterfaceSpritesTiles
0x083FF7B4	rom	0xC	sMoveTutorMenuWindowFrameDimensions
0x083FF7C0	rom	0x7	sJPText_TatakauWaza
0x083FF7C7	rom	0x5	sJPText_Taipu
0x083FF7CC	rom	0x4	sJPText_PP
0x083FF7D0	rom	0x6	sJPText_Iryoku
0x083FF7D6	rom	0x7	sJPText_Meichuu
0x083FF7E0	rom	0x50	sMoveTutorMoveInfoHeaders
0x083FF830	rom	0x8	sSpriteSheet_ListMenuScrollIndicators
0x083FF838	rom	0x8	sSpritePalette_ListMenuScrollIndicators
0x083FF840	rom	0x8	sOamdata_MoveRelearnerListMenuScrollIndicators
0x083FF848	rom	0x8	sAnimCmd_ScrollIndicatorDown
0x083FF850	rom	0x8	sAnimCmd_ScrollIndicatorUp
0x083FF858	rom	0x8	sSpriteAnimTable_MoveRelearnerListMenuScrollIndicators
0x083FF860	rom	0x18	sSpriteTemplate_MoveRelearnerListMenuScrollIndicators
0x083FF878	rom	0x8	sBgTemplates
0x083FF880	rom	0x48	sWindowTemplates
0x083FF8C8	rom	0x8	sMoveRelearnerYesNoMenuTemplate
0x083FF8D0	rom	0x18	sMoveRelearnerListMenuTemplate
0x083FF8E8	rom	0x13	sUnused
0x083FF8FB	rom	0x4	sText_100
0x083FF900	rom	0x0	sBattleTowerTrainers
0x083FF980	rom	0x12C0	gBattleTowerLevel50Mons
0x08400C40	rom	0x12C0	gBattleTowerLevel100Mons
0x08401F00	rom	0x0	sFemaleTrainerClasses
0x08401F16	rom	0xC	sShortStreakPrizes
0x08401F22	rom	0x12	sLongStreakPrizes
0x08401F34	rom	0xE4	sOakOldManBufferCommands
0x08402018	rom	0xC	sItemStorageActionDescriptionPtrs
0x08402024	rom	0x18	sMenuActions_TopMenu
0x0840203C	rom	0x3	sItemOrder_BedroomPC
0x0840203F	rom	0x3	sItemOrder_PlayerPC
0x08402044	rom	0x18	sMenuActions_ItemPc
0x0840205C	rom	0x8	gNewGamePCItems
0x08402064	rom	0x20	sMenuActions_MailSubmenu
0x08402084	rom	0x8	sWindowTemplate_TopMenu_3Items
0x0840208C	rom	0x8	sWindowTemplate_TopMenu_4Items
0x08402094	rom	0x8	sWindowTemplate_ItemStorageSubmenu
0x0840209C	rom	0x20	sCopyright_Pal
0x084020BC	rom	0x264	sCopyright_Gfx
0x08402320	rom	0x14C	sCopyright_Map
0x0840246C	rom	0x20	sGameFreakBg_Pal
0x0840248C	rom	0x18	sGameFreakBg_Gfx
0x084024A4	rom	0xA4	sGameFreakBg_Map
0x08402548	rom	0x20	sGameFreakLogo_Pal
0x08402568	rom	0x1CC	sGameFreakText_Gfx
0x08402734	rom	0x14C	sGameFreakLogo_Gfx
0x08402880	rom	0x20	sStar_Pal
0x084028A0	rom	0x58	sStar_Gfx
0x084028F8	rom	0x20	sSparkles_Pal
0x08402918	rom	0x50	sSparklesSmall_Gfx
0x08402968	rom	0x1A8	sSparklesBig_Gfx
0x08402B10	rom	0x60	sPresents_Gfx
0x08402B70	rom	0x20	sScene1_Grass_Pal
0x08402B90	rom	0x1294	sScene1_Grass_Gfx
0x08403E24	rom	0x8E4	sScene1_Grass_Map
0x08404708	rom	0x20	sScene1_Bg_Pal
0x08404728	rom	0x690	sScene1_Bg_Gfx
0x08404DB8	rom	0x438	sScene1_Bg_Map
0x084051F0	rom	0x60	sScene2_Bg_Pal
0x08405250	rom	0x47C	sScene2_Bg_Gfx
0x084056CC	rom	0x278	sScene2_Bg_Map
0x08405944	rom	0x20	sScene2_Plants_Pal
0x08405964	rom	0x1B4	sScene2_Plants_Gfx
0x08405B18	rom	0xC8	sScene2_Plants_Map
0x08405BE0	rom	0x20	sGengar_Pal
0x08405C00	rom	0x688	sScene2_GengarClose_Gfx
0x08406288	rom	0x1E8	sScene2_GengarClose_Map
0x08406470	rom	0x20	sScene2_NidorinoClose_Pal
0x08406490	rom	0xB7C	sScene2_NidorinoClose_Gfx
0x0840700C	rom	0x260	sScene2_NidorinoClose_Map
0x0840726C	rom	0x40	sScene3_Bg_Pal
0x084072AC	rom	0x5E0	sScene3_Bg_Gfx
0x0840788C	rom	0x14C	sScene3_Bg_Map
0x084079D8	rom	0x11FC	sScene3_GengarAnim_Gfx
0x08408BD4	rom	0x4D4	sScene3_GengarAnim_Map
0x084090A8	rom	0x440	sScene2_Gengar_Gfx
0x084094E8	rom	0x20	sNidorino_Pal
0x08409508	rom	0x350	sScene2_Nidorino_Gfx
0x08409858	rom	0x20	sScene3_Grass_Pal
0x08409878	rom	0x2E4	sScene3_Grass_Gfx
0x08409B5C	rom	0x6C4	sScene3_GengarStatic_Gfx
0x0840A220	rom	0x1450	sScene3_Nidorino_Gfx
0x0840B670	rom	0x20	sScene3_Swipe_Pal
0x0840B690	rom	0x20	sScene3_RecoilDust_Pal
0x0840B6B0	rom	0x26C	sScene3_Swipe_Gfx
0x0840B91C	rom	0xA0	sScene3_RecoilDust_Gfx
0x0840B9BC	rom	0x8	sBgTemplates_GameFreakScene
0x0840B9C4	rom	0x8	sBgTemplates_Scene1
0x0840B9CC	rom	0x10	sBgTemplates_Scene2
0x0840B9DC	rom	0x8	sBgTemplates_Scene3
0x0840B9E4	rom	0x10	sWindowTemplates
0x0840B9F4	rom	0x8	sGengarZoomMatrixAnchors
0x0840B9FC	rom	0x28	sSpriteSheets_GameFreakScene
0x0840BA24	rom	0x20	sSpritePalettes_GameFreakScene
0x0840BA44	rom	0x24	sTextSparkleCoords
0x0840BA68	rom	0x8	sOam_Star
0x0840BA70	rom	0x8	sOam_SparklesSmall
0x0840BA78	rom	0x14	sAnim_SparklesSmall_Loop
0x0840BA8C	rom	0x14	sAnim_SparklesSmall_Once
0x0840BAA0	rom	0x8	sAnims_SparklesSmall
0x0840BAA8	rom	0x18	sSpriteTemplate_Star
0x0840BAC0	rom	0x18	sSpriteTemplate_SparklesSmall
0x0840BAD8	rom	0x8	sOam_SparklesBig
0x0840BAE0	rom	0x14	sAnim_SparklesBig
0x0840BAF4	rom	0x4	sAnims_SparklesBig
0x0840BAF8	rom	0x18	sSpriteTemplate_SparklesBig
0x0840BB10	rom	0x8	sOam_GameFreakLogo
0x0840BB18	rom	0x18	sSpriteTemplate_GameFreakLogoArt
0x0840BB30	rom	0x8	sOam_PresentsText
0x0840BB38	rom	0x18	sSpriteTemplate_Presents
0x0840BB50	rom	0x8	sOam_Scene3_Nidorino
0x0840BB58	rom	0x8	sAnim_Scene3_Nidorino_Normal
0x0840BB60	rom	0x8	sAnim_Scene3_Nidorino_Cry
0x0840BB68	rom	0x8	sAnim_Scene3_Nidorino_Crouch
0x0840BB70	rom	0x8	sAnim_Scene3_Nidorino_Hop
0x0840BB78	rom	0x8	sAnim_Scene3_Nidorino_Attack
0x0840BB80	rom	0x14	sAnims_Scene3_Nidorino
0x0840BB94	rom	0x10	sAffineAnim_Scene3_Mons_Normal
0x0840BBA4	rom	0x18	sAffineAnim_Scene3_Mons_Zoom
0x0840BBBC	rom	0x8	sAffineAnims_Scene3_Mons
0x0840BBC4	rom	0x18	sSpriteTemplate_Scene3_Nidorino
0x0840BBDC	rom	0x8	sOam_Scene2_Mons
0x0840BBE4	rom	0x18	sSpriteTemplate_Scene2_Nidorino
0x0840BBFC	rom	0x18	sSpriteTemplate_Scene2_Gengar
0x0840BC14	rom	0x8	sOam_Grass
0x0840BC1C	rom	0x8	sAnim_Grass_Static
0x0840BC24	rom	0xC	sAnim_Grass_Rustle
0x0840BC30	rom	0x8	sAnims_Grass
0x0840BC38	rom	0x18	sSpriteTemplate_Grass
0x0840BC50	rom	0x8	sOam_Scene3_Gengar
0x0840BC58	rom	0x8	sAnim_Scene3_Gengar_TopLeft
0x0840BC60	rom	0x8	sAnim_Scene3_Gengar_TopRight
0x0840BC68	rom	0x8	sAnim_Scene3_Gengar_BottomLeft
0x0840BC70	rom	0x8	sAnim_Scene3_Gengar_BottomRight
0x0840BC78	rom	0x10	sAnims_Scene3_Gengar
0x0840BC88	rom	0x18	sSpriteTemplate_Scene3_Gengar
0x0840BCA0	rom	0x8	sOam_Swipe
0x0840BCA8	rom	0xC	sAnim_Swipe_Top
0x0840BCB4	rom	0xC	sAnim_Swipe_Bottom
0x0840BCC0	rom	0x8	sAnims_Swipe
0x0840BCC8	rom	0x18	sSpriteTemplate_GengarSwipe
0x0840BCE0	rom	0x8	sOam_RecoilDust
0x0840BCE8	rom	0x14	sAnim_RecoilDust
0x0840BCFC	rom	0x4	sAnims_RecoilDust
0x0840BD00	rom	0x18	sSpriteTemplate_NidorinoRecoilDust
0x0840BD18	rom	0x38	sFightSceneSpriteSheets
0x0840BD50	rom	0x28	sFightSceneSpritePalettes
0x0840BD78	rom	0xC	sCaptureStar
0x0840BD84	rom	0x60	gBallParticleSpritesheets
0x0840BDE4	rom	0x60	gBallParticlePalettes
0x0840BE44	rom	0x1C	sAnim_RegularBall
0x0840BE60	rom	0x8	sAnim_MasterBall
0x0840BE68	rom	0x8	sAnim_NetDiveBall
0x0840BE70	rom	0x8	sAnim_NestBall
0x0840BE78	rom	0xC	sAnim_LuxuryPremierBall
0x0840BE84	rom	0x8	sAnim_UltraRepeatTimerBall
0x0840BE8C	rom	0x18	sAnims_BallParticles
0x0840BEA4	rom	0xC	sBallParticleAnimNums
0x0840BEB0	rom	0x30	sBallParticleAnimationFuncs
0x0840BEE0	rom	0x120	sBallParticlesSpriteTemplates
0x0840C000	rom	0x28	sBallOpenFadeColors
0x0840C028	rom	0x18	gSafariBaitSpriteTemplate
0x0840C040	rom	0x8	sSpriteAnim_SafariRock_0
0x0840C048	rom	0x4	sSpriteAnimTable_SafariRock
0x0840C04C	rom	0x18	gSafariRockTemplate
0x0840C064	rom	0xC	sHof_BgTemplates
0x0840C070	rom	0x8	sWindowTemplate
0x0840C078	rom	0xC	sTextColors
0x0840C084	rom	0x10	sHallOfFame_ConfettiSpriteSheet
0x0840C094	rom	0x10	sHallOfFame_ConfettiSpritePalette
0x0840C0A4	rom	0x30	sHallOfFame_MonFullTeamPositions
0x0840C0D4	rom	0x18	sHallOfFame_MonHalfTeamPositions
0x0840C0EC	rom	0x8	sOamData_Confetti
0x0840C0F4	rom	0x8	sAnimCmd_Frame00
0x0840C0FC	rom	0x8	sAnimCmd_Frame01
0x0840C104	rom	0x8	sAnimCmd_Frame02
0x0840C10C	rom	0x8	sAnimCmd_Frame03
0x0840C114	rom	0x8	sAnimCmd_Frame04
0x0840C11C	rom	0x8	sAnimCmd_Frame05
0x0840C124	rom	0x8	sAnimCmd_Frame06
0x0840C12C	rom	0x8	sAnimCmd_Frame07
0x0840C134	rom	0x8	sAnimCmd_Frame08
0x0840C13C	rom	0x8	sAnimCmd_Frame09
0x0840C144	rom	0x8	sAnimCmd_Frame10
0x0840C14C	rom	0x8	sAnimCmd_Frame11
0x0840C154	rom	0x8	sAnimCmd_Frame12
0x0840C15C	rom	0x8	sAnimCmd_Frame13
0x0840C164	rom	0x8	sAnimCmd_Frame14
0x0840C16C	rom	0x8	sAnimCmd_Frame15
0x0840C174	rom	0x8	sAnimCmd_Frame16
0x0840C17C	rom	0x44	sSpriteAnimTable_Confetti
0x0840C1C0	rom	0x18	sSpriteTemplate_Confetti
0x0840C1D8	rom	0x20	sHallOfFame_Pal
0x0840C1F8	rom	0x1CC	sHallOfFame_Gfx
0x0840C3C4	rom	0x14	sDummyHofMon
0x0840C3D8	rom	0x6	sUnused
0x0840C3E0	rom	0xC	sBgTemplates_MonSceneOrTheEnd
0x0840C3EC	rom	0x20	sWindowTemplates_Charizard
0x0840C40C	rom	0x20	sWindowTemplates_Venusaur
0x0840C42C	rom	0x20	sWindowTemplates_Blastoise
0x0840C44C	rom	0x20	sWindowTemplates_Pikachu
0x0840C46C	rom	0x20	sCreditsMonCircle_Pal
0x0840C48C	rom	0x404	sCreditsMonCircle_Tiles
0x0840C890	rom	0x138	sCreditsMonCircle_Tilemap
0x0840C9C8	rom	0x69C	sCharizard1_Tiles
0x0840D064	rom	0x9E4	sCharizard2_Tiles
0x0840DA48	rom	0x54C	sVenusaurUnused_Tiles
0x0840DF94	rom	0x7AC	sVenusaur1_Tiles
0x0840E740	rom	0x93C	sVenusaur2_Tiles
0x0840F07C	rom	0x704	sBlastoise1_Tiles
0x0840F780	rom	0x854	sBlastoise2_Tiles
0x0840FFD4	rom	0x41C	sPikachu1_Tiles
0x084103F0	rom	0x548	sPikachu2_Tiles
0x08410938	rom	0x4	sUnused
0x0841093C	rom	0x20	sTheEnd_Pal
0x0841095C	rom	0x74	sTheEnd_Tiles
0x084109D0	rom	0x148	sTheEnd_Tilemap
0x08410B18	rom	0x18	sCopyrightOrTheEndGfxHeaders
0x08410B30	rom	0x108	sCreditsScript
0x08410C38	rom	0x3	sTextColor_Unused
0x08410C3C	rom	0x3	sTextColor_Header
0x08410C40	rom	0x3	sTextColor_Regular
0x08410C44	rom	0x8	sCreditsWindowTemplate
0x08410C4C	rom	0x20	sPlayerMale_Pal
0x08410C6C	rom	0xDC8	sPlayerMale_Tiles
0x08411A34	rom	0x20	sPlayerFemale_Pal
0x08411A54	rom	0xD88	sPlayerFemale_Tiles
0x084127DC	rom	0x20	sRival_Pal
0x084127FC	rom	0x958	sRival_Tiles
0x08413154	rom	0x20	sGround_Grass_Pal
0x08413174	rom	0x51C	sGround_Grass_Tiles
0x08413690	rom	0x20	sGround_Dirt_Pal
0x084136B0	rom	0x524	sGround_Dirt_Tiles
0x08413BD4	rom	0x20	sGround_City_Pal
0x08413BF4	rom	0x564	sGround_City_Tiles
0x08414158	rom	0x1E	sPlayerRivalSpriteParams
0x08414178	rom	0x8	sOamData_PlayerOrRival
0x08414180	rom	0x1C	sAnimCmds_PlayerOrRival
0x0841419C	rom	0x4	sAnimCmdTable_PlayerOrRival
0x084141A0	rom	0x18	sPlayerOrRivalSpriteTemplate
0x084141B8	rom	0x8	sOamData_Ground
0x084141C0	rom	0x24	sAnimCmds_GroundRunning
0x084141E4	rom	0x8	sAnimCmds_GroundStatic
0x084141EC	rom	0x4	sAnimCmdTable_GroundRunning
0x084141F0	rom	0x4	sAnimCmdTable_GroundStatic
0x084141F4	rom	0x18	sGroundSpriteTemplate_Running
0x0841420C	rom	0x18	sGroundSpriteTemplate_Static
0x08414224	rom	0x20	sOverworldCmd_Route23
0x08414244	rom	0x20	sOverworldCmd_ViridianCity
0x08414264	rom	0x20	sOverworldCmd_PewterCity
0x08414284	rom	0x20	sOverworldCmd_CeruleanCity
0x084142A4	rom	0x20	sOverworldCmd_Route25
0x084142C4	rom	0x20	sOverworldCmd_VermilionCity
0x084142E4	rom	0x20	sOverworldCmd_Route10
0x08414304	rom	0x20	sOverworldCmd_CeladonCity
0x08414324	rom	0x20	sOverworldCmd_SaffronCity
0x08414344	rom	0x20	sOverworldCmd_Route17
0x08414364	rom	0x20	sOverworldCmd_FuchsiaCity
0x08414384	rom	0x20	sOverworldCmd_CinnabarIsland
0x084143A4	rom	0x20	sOverworldCmd_Route21
0x084143C4	rom	0x34	sOverworldMapScenes
0x084143F8	rom	0x204	sCreditsTexts
0x084145FC	rom	0xD28	sDiplomaGfx
0x08415324	rom	0x46C	sDiplomaTilemap
0x08415790	rom	0x40	sDiplomaPal
0x084157D0	rom	0x9	sText_Player
0x084157D9	rom	0x6	sText_Sama
0x084157DF	rom	0x8	sText_Hoenn
0x084157E7	rom	0x8	sText_National
0x084157EF	rom	0x3A	sText_CertifiesPokedexComplete
0x08415829	rom	0xE	sText_GameFreak
0x08415837	rom	0x7	sText_Empty
0x08415840	rom	0x3	sTextColors
0x08415844	rom	0x8	sBgTemplates
0x0841584C	rom	0x10	sWindowTemplates
0x0841585C	rom	0x1	gExpandedPlaceholder_Empty
0x0841585D	rom	0x1	gExpandedPlaceholder_Kun
0x0841585E	rom	0x1	gExpandedPlaceholder_Chan
0x0841585F	rom	0x9	gExpandedPlaceholder_Sapphire
0x08415868	rom	0x5	gExpandedPlaceholder_Ruby
0x0841586D	rom	0x5	gExpandedPlaceholder_Aqua
0x08415872	rom	0x6	gExpandedPlaceholder_Magma
0x08415878	rom	0x7	gExpandedPlaceholder_Archie
0x0841587F	rom	0x6	gExpandedPlaceholder_Maxie
0x08415885	rom	0x7	gExpandedPlaceholder_Kyogre
0x0841588C	rom	0x8	gExpandedPlaceholder_Groudon
0x08415894	rom	0x4	gExpandedPlaceholder_Red
0x08415898	rom	0x6	gExpandedPlaceholder_Green
0x0841589E	rom	0x4	gText_EggNickname
0x084158A2	rom	0x8	gText_MenuPokemon
0x084158AA	rom	0x9	gText_NewGame
0x084158B3	rom	0x9	gText_Continue
0x084158BC	rom	0xA	gTextJP_Options
0x084158C6	rom	0xD	gUnusedText_MysteryGift
0x084158D3	rom	0xD	gText_MysteryGift
0x084158E0	rom	0x27	gText_WirelessNotConnected
0x08415907	rom	0x43	gText_MysteryGiftCantUse
0x0841594A	rom	0x25	gText_UpdatingSaveExternalData
0x0841596F	rom	0x11	gText_SaveFileUpdated
0x08415980	rom	0x66	gText_SaveFileUpdatedSwapBackup
0x084159E6	rom	0x55	gText_FailedUpdateSwapBackup
0x08415A3B	rom	0x43	gText_SaveFileCorrupted
0x08415A7E	rom	0x22	gText_SaveFileHasBeenDeleted
0x08415AA0	rom	0x2B	gText_1MSubCircuitBoardNotInstalled
0x08415ACB	rom	0x4A	gTextJP_InternalBatteryHasRunDry
0x08415B15	rom	0x7	gText_PlayerUnused
0x08415B1C	rom	0x8	gText_PokedexUnused
0x08415B24	rom	0x5	gText_MainMenuTime
0x08415B29	rom	0x9	gText_BadgesUnused
0x08415B32	rom	0x5	gText_AButton
0x08415B37	rom	0x5	gText_BButton
0x08415B3C	rom	0x5	gText_RButton
0x08415B41	rom	0x5	gText_LButton
0x08415B46	rom	0x8	gText_Start
0x08415B4E	rom	0x8	gText_Select
0x08415B56	rom	0x8	gText_ControlPad
0x08415B5E	rom	0xA	gText_LButtonRButton
0x08415B68	rom	0x9	gText_Controls
0x08415B74	rom	0xD	gText_PickOk
0x08415B84	rom	0x7	gText_ABUTTONNext
0x08415B8C	rom	0xE	gText_ABUTTONNext_BBUTTONBack
0x08415B9C	rom	0x17	gText_UPDOWNPick_ABUTTONNext_BBUTTONBack
0x08415BB4	rom	0x12	gText_UPDOWNPick_ABUTTONBBUTTONCancel
0x08415BC8	rom	0x7	gText_ABUTTONExit
0x08415BCF	rom	0x4	gText_Boy
0x08415BD3	rom	0x5	gText_Girl
0x08415BD8	rom	0x1C	gText_PokedexTableOfContents
0x08415BF4	rom	0xC	gText_PickOK
0x08415C00	rom	0x6	gText_Seen
0x08415C06	rom	0x7	gText_Owned
0x08415C0D	rom	0x6	gText_Kanto
0x08415C13	rom	0x9	gText_National
0x08415C1C	rom	0x17	gText_PokemonHabitats
0x08415C33	rom	0x12	gText_DexCategory_GrasslandPkmn
0x08415C45	rom	0xF	gText_DexCategory_ForestPkmn
0x08415C54	rom	0x15	gText_DexCategory_WatersEdgePkmn
0x08415C69	rom	0xC	gText_DexCategory_SeaPkmn
0x08415C75	rom	0xD	gText_DexCategory_CavePkmn
0x08415C82	rom	0x11	gText_DexCategory_MountainPkmn
0x08415C93	rom	0x16	gText_DexCategory_RoughTerrainPkmn
0x08415CA9	rom	0xE	gText_DexCategory_UrbanPkmn
0x08415CB7	rom	0xD	gText_DexCategory_RarePkmn
0x08415CC4	rom	0xD	gText_Search
0x08415CD1	rom	0xF	gText_NumericalMode
0x08415CE0	rom	0xC	gText_AToZMode
0x08415CEC	rom	0xC	gText_PokedexOther
0x08415CF8	rom	0xB	gTextJP_HowToUsePokedex
0x08415D03	rom	0xE	gText_ClosePokedex
0x08415D11	rom	0xA	gText_TypeMode
0x08415D1B	rom	0xE	gText_LightestMode
0x08415D29	rom	0xE	gText_SmallestMode
0x08415D37	rom	0x13	gText_PokemonList
0x08415D4A	rom	0x16	gText_NumericalModeKanto
0x08415D60	rom	0x19	gText_NumericalModeNational
0x08415D79	rom	0xD	gText_PokemonListNoColor
0x08415D86	rom	0x7	gText_SearchNoColor
0x08415D8D	rom	0x15	gText_PickOKExit
0x08415DA2	rom	0x6	gText_5Dashes
0x08415DA8	rom	0x23	gText_PickFlipPageCheckCancel
0x08415DCB	rom	0x9	gText_PokedexPokemon
0x08415DD4	rom	0x3	gText_HT
0x08415DD7	rom	0x3	gText_WT
0x08415DDA	rom	0x2	gText_PokedexQuotationMark
0x08415DDC	rom	0x5	gText_Lbs
0x08415DE1	rom	0x8	gTextJP_PokemonData
0x08415DE9	rom	0x6	gText_Cry
0x08415DEF	rom	0x15	gText_NextDataCancel
0x08415E04	rom	0x7	gText_Next
0x08415E0B	rom	0x19	gText_CancelPreviousData
0x08415E24	rom	0x5	gText_Area
0x08415E29	rom	0x5	gText_Size
0x08415E2E	rom	0xD	gText_AreaUnknown
0x08415E3B	rom	0x3	gText_PokedexNo
0x08415E3E	rom	0x5	gText_Page
0x08415E44	rom	0x1D	gText_WelcomeToHOF
0x08415E64	rom	0x3F	gText_HOFDexRating
0x08415EA4	rom	0x27	gText_HOFDexSaving
0x08415ECC	rom	0x24	gText_HOFCorrupted
0x08415EF0	rom	0x14	gText_HOFNumber
0x08415F04	rom	0x22	gText_LeagueChamp
0x08415F28	rom	0x5	gText_Number
0x08415F30	rom	0x5	gText_Level
0x08415F38	rom	0x5	gText_Name
0x08415F40	rom	0x6	gText_IDNumber
0x08415F46	rom	0x29	gText_BirchInTrouble
0x08415F6F	rom	0x13	gText_ConfirmStarterChoice
0x08415F82	rom	0x5	gText_Pokemon4
0x08415F87	rom	0x2F	gText_SaveError_PleaseExchangeBackupMemory
0x08415FB6	rom	0x7	gSaveStatName_Player
0x08415FBD	rom	0x7	gSaveStatName_Badges
0x08415FC4	rom	0x8	gSaveStatName_Pokedex
0x08415FCC	rom	0x5	gSaveStatName_Time
0x08415FD1	rom	0xB	gText_FlyToWhere
0x08415FDC	rom	0x4	gOtherText_Use
0x08415FE0	rom	0x5	gOtherText_Toss
0x08415FE5	rom	0x9	gOtherText_Register
0x08415FEE	rom	0x5	gOtherText_Give
0x08415FF3	rom	0x5	gMenuText_Confirm
0x08415FF8	rom	0x5	gOtherText_Walk
0x08415FFD	rom	0x7	gFameCheckerText_Cancel
0x08416004	rom	0x5	gOtherText_Exit
0x08416009	rom	0x1	gString_Dummy
0x0841600A	rom	0x6	gText_Cancel7
0x08416010	rom	0x5	gText_Item
0x08416015	rom	0x5	gText_Mail
0x0841601A	rom	0x5	gText_Take
0x0841601F	rom	0x6	gText_Store
0x08416025	rom	0x6	gOtherText_Check
0x0841602B	rom	0x5	gText_PokeSum_Item_None
0x08416030	rom	0x5	gOtherText_Open
0x08416035	rom	0x9	gOtherText_Deselect
0x0841603E	rom	0x4	gText_PokeSum_DexNoUnknown
0x08416042	rom	0x6	gText_FiveMarks
0x08416048	rom	0x2	gText_Slash
0x0841604A	rom	0x2	gText_PokeSum_OneHyphen
0x0841604C	rom	0x3	gText_PokeSum_TwoHyphens
0x0841604F	rom	0x4	gText_ThreeHyphens
0x08416053	rom	0x8	gText_SevenHyphens
0x0841605B	rom	0x2	gText_MaleSymbol
0x0841605D	rom	0x2	gText_FemaleSymbol
0x0841605F	rom	0x3	gText_Lv
0x08416062	rom	0x6	gText_NumberClear01
0x08416068	rom	0x3	gText_Plus
0x0841606B	rom	0x4	gText_Escape3
0x0841606F	rom	0x5	gText_IDNumber2
0x08416074	rom	0x3	gText_PokeSum_PP
0x08416077	rom	0x2	gText_SelectorArrow2
0x08416079	rom	0x7	gText_YesNo
0x08416080	rom	0x1E	gText_GoBackToThePreviousMenu
0x0841609E	rom	0x1B	gText_WhatWouldYouLikeToDo
0x084160B9	rom	0x8	gText_MenuPokedex
0x084160C1	rom	0x4	gText_MenuBag
0x084160C5	rom	0x5	gText_MenuPokenav
0x084160CA	rom	0x3	gText_MenuPlayer
0x084160CD	rom	0x5	gText_MenuSave
0x084160D2	rom	0x7	gText_MenuOption
0x084160D9	rom	0x5	gText_MenuExit
0x084160DE	rom	0x7	gText_MenuRetire
0x084160E5	rom	0x10	gText_MenuSafariStats
0x084160F5	rom	0x4	gText_TimesStrVar1
0x084160F9	rom	0x7	gText_Berry
0x08416100	rom	0x9	gText_Coins
0x08416109	rom	0x6	gText_Items2
0x0841610F	rom	0xB	gText_PokeBalls2
0x0841611A	rom	0xA	gText_KeyItems2
0x08416124	rom	0xD	gText_DepositItem
0x08416131	rom	0xA	gText_CloseBag
0x0841613B	rom	0x10	gText_Var1IsSelected
0x0841614B	rom	0x1B	gText_CantWriteMailHere
0x08416166	rom	0x15	gText_ThereIsNoPokemon
0x0841617B	rom	0x1F	gOtherText_WhereShouldTheStrVar1BePlaced
0x0841619A	rom	0x16	gText_ItemCantBeHeld
0x084161B0	rom	0x1B	gText_TheStrVar1CantBeHeldHere
0x084161CB	rom	0x18	gText_DepositHowManyStrVars1
0x084161E3	rom	0x14	gText_DepositedStrVar2StrVar1s
0x084161F7	rom	0x20	gText_NoRoomToStoreItems
0x08416217	rom	0x19	gText_TossOutHowManyStrVar1s
0x08416230	rom	0x15	gText_ThrewAwayStrVar2StrVar1s
0x08416245	rom	0x1C	gText_ThrowAwayStrVar2OfThisItemQM
0x08416261	rom	0x2C	gText_OakForbidsUseOfItemHere
0x0841628D	rom	0x25	gText_CantDismountBike
0x084162B2	rom	0x48	gText_ItemfinderResponding
0x084162FA	rom	0x55	gText_ItemfinderShakingWildly
0x0841634F	rom	0x24	gText_NopeTheresNoResponse
0x08416373	rom	0x11	gText_CoinCase
0x08416384	rom	0xE	gText_BootedUpTM
0x08416392	rom	0xF	gText_BootedUpHM
0x084163A1	rom	0x27	gText_TMHMContainedVar1
0x084163C8	rom	0x12	gText_PlayerUsedVar2
0x084163DA	rom	0x34	gText_RepelEffectsLingered
0x0841640E	rom	0x2E	gText_UsedVar2WildLured
0x0841643C	rom	0x31	gText_UsedVar2WildRepelled
0x0841646D	rom	0x13	gText_BoxFull
0x08416480	rom	0x11	gText_PowderQty
0x08416491	rom	0x7	gOtherText_Powder
0x08416498	rom	0x34	gText_PlayedPokeFluteCatchy
0x084164CC	rom	0x17	gText_PlayedPokeFlute
0x084164E3	rom	0x2C	gText_PokeFluteAwakenedMon
0x0841650F	rom	0x8	gText_TMCase
0x08416517	rom	0x6	gText_Close
0x0841651D	rom	0x1E	gText_TMCaseWillBePutAway
0x0841653B	rom	0x4	gText_FontSmall
0x0841653F	rom	0x4	gText_FontNormal
0x08416543	rom	0x3	gText_EmptySpace
0x08416546	rom	0xC	gText_BerryPouch
0x08416552	rom	0x22	gText_TheBerryPouchWillBePutAway
0x08416574	rom	0x4	gText_ShopBuy
0x08416578	rom	0x5	gText_ShopSell
0x0841657D	rom	0x8	gText_ShopQuit
0x08416585	rom	0xE	gText_InBagVar1
0x08416593	rom	0xF	gText_QuitShopping
0x084165A2	rom	0x28	gText_Var1CertainlyHowMany
0x084165CA	rom	0x2D	gText_Var1AndYouWantedVar2
0x084165F7	rom	0x15	gText_Var1IsItThatllBeVar2
0x0841660C	rom	0x17	gText_YouWantedVar1ThatllBeVar2
0x08416623	rom	0x19	gText_HereYouGoThankYou
0x0841663C	rom	0x22	gText_ThankYouIllSendItHome
0x0841665E	rom	0x20	gText_ThanksIllSendItHome
0x0841667E	rom	0x1F	gText_YouDontHaveMoney
0x0841669D	rom	0x27	gText_NoMoreRoomForThis
0x084166C4	rom	0x16	gText_SpaceForVar1Full
0x084166DA	rom	0x21	gText_AnythingElseICanHelp
0x084166FB	rom	0x18	gText_CanIHelpWithAnythingElse
0x08416713	rom	0x1A	gText_ThrowInPremierBall
0x0841672D	rom	0x20	gText_OhNoICantBuyThat
0x0841674D	rom	0x25	gText_HowManyWouldYouLikeToSell
0x08416772	rom	0x23	gText_ICanPayThisMuch_WouldThatBeOkay
0x08416795	rom	0x21	gText_TurnedOverItemsWorthYen
0x084167B6	rom	0x4	gText_PokedollarVar1
0x084167BA	rom	0x6	gText_Shift
0x084167C0	rom	0x9	gText_SendOut
0x084167C9	rom	0x7	gText_Switch2
0x084167D0	rom	0x8	gText_Summary5
0x084167D8	rom	0x7	gText_Moves
0x084167DF	rom	0x6	gText_Enter
0x084167E5	rom	0x9	gText_NoEntry
0x084167EE	rom	0x5	gText_Take2
0x084167F3	rom	0x5	gText_Read2
0x084167F8	rom	0x6	gText_Trade4
0x084167FE	rom	0x3	gText_ItemEffect_HP
0x08416801	rom	0x8	gText_ItemEffect_SpAtk
0x08416809	rom	0x8	gText_ItemEffect_SpDef
0x08416811	rom	0x3	gText_PartyMenu_OK
0x08416814	rom	0x1	gText_Empty
0x08416815	rom	0x3	gText_PauseUntilPress
0x08416818	rom	0x1C	gText_WontHaveEffect
0x08416834	rom	0x26	gText_CantBeUsedOnPkmn
0x0841685A	rom	0x1C	gText_PkmnCantSwitchOut
0x08416876	rom	0x1B	gText_PkmnAlreadyInBattle
0x08416891	rom	0x20	gText_PkmnAlreadySelected
0x084168B1	rom	0x23	gText_PkmnHasNoEnergy
0x084168D4	rom	0x33	gText_CantSwitchWithAlly
0x08416907	rom	0x17	gText_EggCantBattle
0x0841691E	rom	0x34	gText_CantUseUntilNewBadge
0x08416952	rom	0x28	gText_NoMoreThanThreeMayEnter
0x0841697A	rom	0x26	gText_NoMoreThanTwoMayEnter
0x084169A0	rom	0x22	gText_SendMailToPC
0x084169C2	rom	0x20	gText_MailSentToPC
0x084169E2	rom	0x1D	gText_PCMailboxFull
0x084169FF	rom	0x38	gText_MailMessageWillBeLost
0x08416A37	rom	0x2F	gText_RemoveMailBeforeItem
0x08416A66	rom	0x1F	gText_PkmnWasGivenItem
0x08416A85	rom	0x46	gText_PkmnAlreadyHoldingItemSwitch
0x08416ACB	rom	0x1D	gText_PkmnNotHolding
0x08416AE8	rom	0x1B	gText_ReceivedItemFromPkmn
0x08416B03	rom	0x23	gText_MailTakenFromPkmn
0x08416B26	rom	0x2D	gText_SwitchedPkmnItem
0x08416B53	rom	0x38	gText_PkmnHoldingItemCantHoldMail
0x08416B8B	rom	0x29	gText_MailTransferredFromMailbox
0x08416BB4	rom	0x3B	gText_BagFullCouldNotRemoveItem
0x08416BEF	rom	0xF	gText_PkmnLearnedMove3
0x08416BFE	rom	0x35	gText_PkmnCantLearnMove
0x08416C33	rom	0x74	gText_PkmnNeedsToReplaceMove
0x08416CA7	rom	0x19	gText_StopLearningMove2
0x08416CC0	rom	0x20	gText_MoveNotLearned
0x08416CE0	rom	0x22	gText_WhichMoveToForget
0x08416D02	rom	0x4A	gText_12PoofForgotMove
0x08416D4C	rom	0x17	gText_PkmnAlreadyKnows
0x08416D63	rom	0x27	gText_PkmnHPRestoredByVar2
0x08416D8A	rom	0x21	gText_PkmnCuredOfPoison
0x08416DAB	rom	0x1D	gText_PkmnCuredOfParalysis
0x08416DC8	rom	0xE	gText_PkmnWokeUp2
0x08416DD6	rom	0x18	gText_PkmnBurnHealed
0x08416DEE	rom	0x15	gText_PkmnThawedOut
0x08416E03	rom	0x13	gText_PPWasRestored
0x08416E16	rom	0x13	gText_PkmnRegainhedHealth
0x08416E29	rom	0x15	gText_PkmnBecameHealthy
0x08416E3E	rom	0x15	gText_MovesPPIncreased
0x08416E53	rom	0x1B	gText_PkmnElevatedToLvVar2
0x08416E6E	rom	0x20	gText_PkmnBaseVar2StatIncreased
0x08416E8E	rom	0x23	gText_PkmnSnappedOutOfConfusion
0x08416EB1	rom	0x1F	gText_PkmnGotOverInfatuation
0x08416ED0	rom	0x25	gText_OnlyPkmnForBattle
0x08416EF8	rom	0x22	gText_PkmnCantBeTradedNow
0x08416F1C	rom	0x1C	gText_EggCantBeTradedNow
0x08416F38	rom	0x31	gText_OtherTrainersPkmnCantBeTraded
0x08416F6C	rom	0x31	gText_OtherTrainerCantAcceptPkmn
0x08416FA0	rom	0x27	gText_CantTradeWithTrainer
0x08416FC8	rom	0x3D	gText_NotPkmnOtherTrainerWants
0x08417008	rom	0x13	gText_ThatIsntAnEgg
0x0841701B	rom	0x12	gText_ChoosePokemon
0x0841702D	rom	0xF	gText_MoveToWhere
0x0841703C	rom	0x15	gText_TeachWhichPokemon
0x08417051	rom	0x16	gText_UseOnWhichPokemon
0x08417067	rom	0x17	gText_GiveToWhichPokemon
0x0841707E	rom	0x16	gText_DoWhatWithPokemon
0x08417094	rom	0x18	gText_NothingToCut
0x084170AC	rom	0x11	gText_CantSurfHere
0x084170BD	rom	0x18	gText_AlreadySurfing
0x084170D5	rom	0x15	gText_CantUseHere
0x084170EA	rom	0x14	gText_RestoreWhichMove
0x084170FE	rom	0x13	gText_BoostPp
0x08417111	rom	0x16	gText_DoWhatWithItem
0x08417127	rom	0x16	gText_NoPokemonForBattle
0x0841713D	rom	0x12	gText_ChoosePokemon2
0x0841714F	rom	0xF	gText_NotEnoughHp
0x0841715E	rom	0x15	gText_ThreePkmnAreNeeded
0x08417173	rom	0x16	gText_PokemonCantBeSame
0x08417189	rom	0x14	gText_NoIdenticalHoldItems
0x0841719D	rom	0x1E	gText_CurrentIsTooFast
0x084171BB	rom	0x17	gText_DoWhatWithMail
0x084171D2	rom	0x1A	gText_ChoosePokemonCancel
0x084171EC	rom	0x1C	gText_ChoosePokemonConfirm
0x08417208	rom	0x18	gText_TwoPokemonAreNeeded
0x08417220	rom	0x15	gText_EnjoyCycling
0x08417235	rom	0x18	gText_InUseAlready_PM
0x0841724D	rom	0x8	gText_NoUse
0x08417255	rom	0x5	gText_Able
0x0841725A	rom	0x6	gText_First_PM
0x08417260	rom	0x7	gText_Second_PM
0x08417267	rom	0x6	gText_Third_PM
0x0841726D	rom	0x5	gText_Able2
0x08417272	rom	0x9	gText_NotAble
0x0841727B	rom	0x6	gText_Able3
0x08417281	rom	0xA	gText_NotAble2
0x0841728B	rom	0x8	gText_Learned
0x08417293	rom	0x3D	gText_OakImportantToGetToKnowPokemonThroughly
0x084172D0	rom	0x9F	gText_OakThisIsListOfPokemon
0x0841736F	rom	0x15	gText_CutATreeOrGrass
0x08417384	rom	0x15	gText_FlyToAKnownTown
0x08417399	rom	0x11	gText_TravelOnWater
0x084173AA	rom	0x15	gText_MoveHeavyBoulders
0x084173BF	rom	0x13	gText_LightUpDarkness
0x084173D2	rom	0x18	gText_ShatterACrackedRock
0x084173EA	rom	0x13	gText_ClimbAWaterfall
0x084173FD	rom	0xB	gText_DiveUnderwater
0x08417408	rom	0x12	gText_EscapeFromHere
0x0841741A	rom	0x13	gText_LureWildPokemon
0x0841742D	rom	0xA	gText_ShareHp
0x08417437	rom	0x1A	gText_ReturnToAHealingSpot
0x08417451	rom	0x2B	gText_EscapeFromHereAndReturnTo
0x0841747C	rom	0x34	gText_ReturnToHealingSpot
0x084174B0	rom	0x7	gText_ItemEffect_Attack
0x084174B7	rom	0x8	gText_ItemEffect_Defense
0x084174BF	rom	0x5	gText_ItemEffect_SpAtk_Unused
0x084174C4	rom	0x5	gText_ItemEffect_SpDef_Unused
0x084174C9	rom	0x6	gText_ItemEffect_Speed
0x084174CF	rom	0x3	gText_ItemEffect_HP_Unused
0x084174D2	rom	0x22	gText_PkmnCantParticipate
0x084174F4	rom	0x16	gText_CancelParticipation
0x0841750A	rom	0x1	gText_Empty12
0x0841750B	rom	0x13	gText_CancelBattle
0x0841751E	rom	0x9	gText_TurnOff
0x08417527	rom	0x6	gText_Decoration
0x0841752D	rom	0xD	gText_ItemStorage
0x0841753A	rom	0x8	gText_Mailbox
0x08417542	rom	0xD	gText_DepositItem2
0x0841754F	rom	0xE	gText_WithdrawItem2
0x0841755D	rom	0x9	gText_TossItem
0x08417566	rom	0x17	gText_StoreItemsInThePC
0x0841757D	rom	0x1C	gText_TakeOutItemsFromThePC
0x08417599	rom	0x17	gText_ThrowAwayItemsInPC
0x084175B0	rom	0x16	gText_ThereAreNoItems
0x084175C6	rom	0x22	gText_NoMoreRoomInBag
0x084175E8	rom	0x19	gText_WithdrawHowMany
0x08417601	rom	0x13	gText_WithdrewQuantItem
0x08417614	rom	0x5	gOtherText_Read
0x08417619	rom	0xC	gOtherText_MoveToBag
0x08417625	rom	0x5	gOtherText_Give2
0x0841762A	rom	0x18	gText_TheresNoMailHere
0x08417642	rom	0x2A	gText_WhatWouldYouLikeToDoWithPlayersMail
0x0841766C	rom	0x28	gText_MessageWillBeLost
0x08417694	rom	0x13	gText_BagIsFull
0x084176A7	rom	0x3C	gText_MailReturnedToBagMessageErased
0x084176E3	rom	0xE	gText_WithdrawItem
0x084176F1	rom	0x9	gText_Withdraw
0x084176FA	rom	0x12	gText_ReturnToPC
0x0841770C	rom	0xA	gText_LtSurge
0x08417716	rom	0x5	gText_Koga
0x0841771B	rom	0x7	gText_Participate
0x08417722	rom	0x5	gText_Info
0x08417727	rom	0x5	gText_Eggs
0x0841772C	rom	0xD	gText_HallOfFame
0x08417739	rom	0xA	gText_Victories
0x08417743	rom	0x5	gText_Quit
0x08417748	rom	0x4	gText_Psn
0x0841774C	rom	0x4	gText_Par
0x08417750	rom	0x4	gText_Slp
0x08417754	rom	0x4	gText_Brn
0x08417758	rom	0x4	gText_Frz
0x0841775C	rom	0x6	gText_Toxic
0x08417762	rom	0x3	gText_OK
0x08417765	rom	0x5	gOtherText_Quit
0x0841776A	rom	0x5	gText_SawIt
0x0841776F	rom	0x5	gText_NotYet
0x08417774	rom	0x4	gText_Yes
0x08417778	rom	0x3	gText_No
0x0841777B	rom	0x5	gText_Info4
0x08417780	rom	0xE	gText_SingleBattle
0x0841778E	rom	0xE	gText_DoubleBattle
0x0841779C	rom	0xD	gText_MultiBattle
0x084177A9	rom	0x12	gText_MakeAChallenge
0x084177BB	rom	0x5	gText_Info_2
0x084177C0	rom	0x16	gText_FreshWater_200
0x084177D6	rom	0x13	gText_SodaPop_300
0x084177E9	rom	0x13	gText_Lemonade_350
0x084177FC	rom	0x16	gText_50Coins_1000
0x08417812	rom	0x17	gText_500Coins_10000
0x08417829	rom	0xA	gText_Excellent
0x08417833	rom	0xB	gText_NotSoBad
0x0841783E	rom	0xA	gText_RedShard
0x08417848	rom	0xD	gText_YellowShard
0x08417855	rom	0xB	gText_BlueShard
0x08417860	rom	0xC	gText_GreenShard
0x0841786C	rom	0x7	gText_BattleTower
0x08417873	rom	0x6	gText_Right
0x08417879	rom	0x5	gText_Left
0x0841787E	rom	0x16	gText_Tm13_4000Coins
0x08417894	rom	0x16	gText_Tm23_3500Coins
0x084178AA	rom	0x16	gText_Tm24_4000Coins
0x084178C0	rom	0x16	gText_Tm30_4500Coins
0x084178D6	rom	0x16	gText_Tm35_4000Coins
0x084178EC	rom	0x3	gText_1F_2
0x084178EF	rom	0x3	gText_2F_2
0x084178F2	rom	0x3	gText_3F_2
0x084178F5	rom	0x3	gText_4F_2
0x084178F8	rom	0x3	gText_5F_2
0x084178FB	rom	0x5	gText_Cool
0x08417900	rom	0x7	gText_Beauty
0x08417907	rom	0x5	gText_Cute
0x0841790C	rom	0x6	gText_Smart
0x08417912	rom	0x6	gText_Tough
0x08417918	rom	0x7	gText_Normal
0x0841791F	rom	0x6	gText_Black
0x08417925	rom	0x5	gText_Pink
0x0841792A	rom	0x6	gText_Sepia
0x08417930	rom	0x5	gText_Cool_2
0x08417935	rom	0x7	gText_Beauty_2
0x0841793C	rom	0x5	gText_Cute_2
0x08417941	rom	0x6	gText_Smart_2
0x08417947	rom	0x6	gText_Tough_2
0x0841794D	rom	0x6	gText_Items
0x08417953	rom	0xA	gText_KeyItems
0x0841795D	rom	0xB	gText_PokeBalls
0x08417968	rom	0xA	gText_TMsAndHMs
0x08417972	rom	0x8	gText_Berries
0x0841797A	rom	0xD	gText_Boulderbadge
0x08417987	rom	0xD	gText_Cascadebadge
0x08417994	rom	0xD	gText_Thunderbadge
0x084179A1	rom	0xD	gText_Rainbowbadge
0x084179AE	rom	0xA	gText_Soulbadge
0x084179B8	rom	0xB	gText_Marshbadge
0x084179C3	rom	0xD	gText_Volcanobadge
0x084179D0	rom	0xB	gText_Earthbadge
0x084179DB	rom	0xD	gText_SomeoneSPc
0x084179E8	rom	0xA	gText_BillSPc
0x084179F2	rom	0x8	gText_SPc
0x084179FA	rom	0xD	gText_HallOfFame_2
0x08417A07	rom	0x8	gText_LogOff
0x08417A0F	rom	0xF	gText_ProfOakSPc
0x08417A1E	rom	0x6	gText_Eevee
0x08417A24	rom	0x8	gText_Flareon
0x08417A2C	rom	0x8	gText_Jolteon
0x08417A34	rom	0x9	gText_Vaporeon
0x08417A3D	rom	0xE	gText_QuitLooking
0x08417A4B	rom	0xC	gText_FreshWater
0x08417A57	rom	0x9	gText_SodaPop
0x08417A60	rom	0x9	gText_Lemonade
0x08417A69	rom	0x6	gText_Coins_2
0x08417A6F	rom	0x18	gText_Bicycle_Price
0x08417A87	rom	0xA	gText_NoThanks
0x08417A91	rom	0x15	gText_Abra_180Coins
0x08417AA6	rom	0x19	gText_Clefairy_500Coins
0x08417ABF	rom	0x1A	gText_Dratini_2800Coins
0x08417AD9	rom	0x1A	gText_Scyther_5500Coins
0x08417AF3	rom	0x1A	gText_Porygon_9999Coins
0x08417B0D	rom	0x15	gText_Abra_120Coins
0x08417B22	rom	0x19	gText_Clefairy_750Coins
0x08417B3B	rom	0x19	gText_Pinsir_2500Coins
0x08417B54	rom	0x1A	gText_Dratini_4600Coins
0x08417B6E	rom	0x1A	gText_Porygon_6500Coins
0x08417B88	rom	0xA	gText_NoThanks_2
0x08417B92	rom	0xD	gText_HelixFossil
0x08417B9F	rom	0xC	gText_DomeFossil
0x08417BAB	rom	0xA	gText_OldAmber
0x08417BB5	rom	0xD	gText_TradeCenter
0x08417BC2	rom	0xA	gText_Colosseum
0x08417BCC	rom	0x10	gText_GameLinkCable
0x08417BDC	rom	0x9	gText_Wireless
0x08417BE5	rom	0xD	gText_ItemsPocket
0x08417BF2	rom	0x11	gText_KeyItemsPocket
0x08417C03	rom	0x12	gText_PokeBallsPocket
0x08417C15	rom	0x8	gText_TmCase
0x08417C1D	rom	0xC	gText_BerryPouch_2
0x08417C29	rom	0x6	gText_Other
0x08417C2F	rom	0xB	gText_OneIsland
0x08417C3A	rom	0xB	gText_TwoIsland
0x08417C45	rom	0xD	gText_ThreeIsland
0x08417C52	rom	0xC	gText_FourIsland
0x08417C5E	rom	0xC	gText_FiveIsland
0x08417C6A	rom	0xB	gText_SixIsland
0x08417C75	rom	0xD	gText_SevenIsland
0x08417C82	rom	0xA	gText_Vermilion
0x08417C8C	rom	0xA	gText_Colosseum_2
0x08417C96	rom	0xC	gText_BerryCrush
0x08417CA2	rom	0x1	gText_EmptyLinkService1
0x08417CA3	rom	0x1	gText_EmptyLinkService2
0x08417CA4	rom	0x9	gText_ListenToExplanation
0x08417CAD	rom	0x1	gText_RecordCorner
0x08417CAE	rom	0xD	gText_PokemonJump
0x08417CBB	rom	0x15	gText_DodrioBerryPicking
0x08417CD0	rom	0x10	gText_2Tinymushrooms
0x08417CE0	rom	0xF	gText_1BigMushroom
0x08417CEF	rom	0xE	gText_SeviiIslands
0x08417CFD	rom	0xB	gText_NavelRock
0x08417D08	rom	0xD	gText_BirthIsland
0x08417D15	rom	0x1E	gText_MiracleSeed_1000Coins
0x08417D33	rom	0x1A	gText_Charcoal_1000Coins
0x08417D4D	rom	0x1E	gText_MysticWater_1000Coins
0x08417D6B	rom	0x1E	gText_YellowFlute_1600Coins
0x08417D89	rom	0x1A	gText_SmokeBall_800Coins
0x08417DA3	rom	0x1	gText_Multichoice_Empty2
0x08417DA4	rom	0x1	gText_Multichoice_Empty1
0x08417DA5	rom	0xE	gText_BecomeLeader
0x08417DB3	rom	0xB	gText_JoinGroup
0x08417DBE	rom	0x7	gOtherText_Single
0x08417DC5	rom	0x7	gOtherText_Double
0x08417DCC	rom	0x9	gOtherText_Knockout
0x08417DD5	rom	0x6	gOtherText_Mixed
0x08417DDB	rom	0xA	gText_99TimesPlus
0x08417DE5	rom	0x9	gText_1MinutePlus
0x08417DEE	rom	0x4	gText_SpaceSeconds
0x08417DF2	rom	0x3	gText_SpaceTimes
0x08417DF5	rom	0x2	gText_DecimalPoint
0x08417DF7	rom	0x8	gText_BigGuy
0x08417DFF	rom	0x9	gText_BigGirl
0x08417E08	rom	0x4	gText_Son
0x08417E0C	rom	0x9	gText_Daughter
0x08417E15	rom	0xD	gText_BoulderBadge
0x08417E22	rom	0xD	gText_CascadeBadge
0x08417E2F	rom	0xD	gText_ThunderBadge
0x08417E3C	rom	0xD	gText_RainbowBadge
0x08417E49	rom	0xA	gText_SoulBadge
0x08417E53	rom	0xB	gText_MarshBadge
0x08417E5E	rom	0xD	gText_VolcanoBadge
0x08417E6B	rom	0xB	gText_EarthBadge
0x08417E76	rom	0x3	gText_1F
0x08417E79	rom	0x3	gText_2F
0x08417E7C	rom	0x3	gText_3F
0x08417E7F	rom	0x3	gText_4F
0x08417E82	rom	0x3	gText_5F
0x08417E85	rom	0x3	gText_6F
0x08417E88	rom	0x3	gText_7F
0x08417E8B	rom	0x3	gText_8F
0x08417E8E	rom	0x3	gText_9F
0x08417E91	rom	0x4	gText_10F
0x08417E95	rom	0x4	gText_11F
0x08417E99	rom	0x4	gText_B1F
0x08417E9D	rom	0x4	gText_B2F
0x08417EA1	rom	0x4	gText_B3F
0x08417EA5	rom	0x4	gText_B4F
0x08417EA9	rom	0x8	gText_Rooftop
0x08417EB1	rom	0x8	gText_NowOn
0x08417EB9	rom	0x11	gText_LinkedGamePlay
0x08417ECA	rom	0xE	gText_DirectCorner
0x08417ED8	rom	0xB	gText_UnionRoom
0x08417EE3	rom	0x15	gText_Energypowder_50
0x08417EF8	rom	0x14	gText_EnergyRoot_80
0x08417F0C	rom	0x14	gText_HealPowder_50
0x08417F20	rom	0x16	gText_RevivalHerb_300
0x08417F36	rom	0x13	gText_Protein_1000
0x08417F49	rom	0x10	gText_Iron_1000
0x08417F59	rom	0x12	gText_Carbos_1000
0x08417F6B	rom	0x13	gText_Calcium_1000
0x08417F7E	rom	0x10	gText_Zinc_1000
0x08417F8E	rom	0x11	gText_HpUp_1000
0x08417F9F	rom	0x11	gText_PpUp_3000
0x08417FB0	rom	0x14	gString_BattleRecords_PlayersBattleResults
0x08417FC4	rom	0x1C	gString_BattleRecords_TotalRecord
0x08417FE0	rom	0x12	gString_BattleRecords_ColumnHeaders
0x08417FF2	rom	0x8	gString_BattleRecords_7Dashes
0x08417FFA	rom	0x5	gString_BattleRecords_4Dashes
0x08417FFF	rom	0x21	gFameCheckerText_FameCheckerWillBeClosed
0x08418020	rom	0x20	gFameCheckerText_ClearTextbox
0x08418040	rom	0x4	gText_ExitUnused
0x08418044	rom	0x13	gText_ExitFromBox
0x08418057	rom	0x18	gText_WhatDoYouWantToDo
0x0841806F	rom	0x15	gText_PleasePickATheme
0x08418084	rom	0x14	gText_PickTheWallpaper
0x08418098	rom	0x10	gText_PkmnIsSelected
0x084180A8	rom	0x13	gText_JumpToWhichBox
0x084180BB	rom	0x16	gText_DepositInWhichBox
0x084180D1	rom	0x12	gText_PkmnWasDeposited
0x084180E3	rom	0x11	gText_BoxIsFull2
0x084180F4	rom	0x16	gText_ReleaseThisPokemon
0x0841810A	rom	0x11	gText_PkmnWasReleased
0x0841811B	rom	0xD	gText_ByeByePkmn
0x08418128	rom	0x13	gText_MarkYourPkmn
0x0841813B	rom	0x1A	gText_ThatsYourLastPkmn
0x08418155	rom	0x13	gText_YourPartysFull
0x08418168	rom	0x1A	gText_YoureHoldingAPkmn
0x08418182	rom	0x19	gText_WhichOneWillYouTake
0x0841819B	rom	0x1A	gText_YouCantReleaseAnEgg
0x084181B5	rom	0x19	gText_ContinueBoxOperations
0x084181CE	rom	0xE	gText_PkmnCameBack
0x084181DC	rom	0x1A	gText_WasItWorriedAboutYou
0x084181F6	rom	0xB	gText_FourEllipsesExclamation
0x08418201	rom	0x18	gText_PleaseRemoveTheMail
0x08418219	rom	0x13	gText_GiveToAPkmn
0x0841822C	rom	0x18	gText_PlacedItemInBag
0x08418244	rom	0x11	gText_BagIsFull2
0x08418255	rom	0x1A	gText_PutItemInBag
0x0841826F	rom	0x10	gText_ItemIsNowHeld
0x0841827F	rom	0xF	gText_ChangedToNewItem
0x0841828E	rom	0x16	gText_MailCantBeStored
0x084182A4	rom	0x7	gPCText_Cancel
0x084182AB	rom	0x6	gPCText_Store
0x084182B1	rom	0x9	gPCText_Withdraw
0x084182BA	rom	0x6	gPCText_Shift
0x084182C0	rom	0x5	gPCText_Move
0x084182C5	rom	0x6	gPCText_Place
0x084182CB	rom	0x8	gPCText_Summary
0x084182D3	rom	0x8	gPCText_Release
0x084182DB	rom	0x5	gPCText_Mark
0x084182E0	rom	0x5	gPCText_Name
0x084182E5	rom	0x5	gPCText_Jump
0x084182EA	rom	0xA	gPCText_Wallpaper
0x084182F4	rom	0x5	gPCText_Take
0x084182F9	rom	0x5	gPCText_Give
0x084182FE	rom	0x7	gPCText_Switch
0x08418305	rom	0x4	gPCText_Bag
0x08418309	rom	0x5	gPCText_Info
0x0841830E	rom	0xA	gPCText_Scenery1
0x08418318	rom	0xA	gPCText_Scenery2
0x08418322	rom	0xA	gPCText_Scenery3
0x0841832C	rom	0x9	gPCText_Etcetera
0x08418335	rom	0x7	gPCText_Forest
0x0841833C	rom	0x5	gPCText_City
0x08418341	rom	0x7	gPCText_Desert
0x08418348	rom	0x8	gPCText_Savanna
0x08418350	rom	0x5	gPCText_Crag
0x08418355	rom	0x8	gPCText_Volcano
0x0841835D	rom	0x5	gPCText_Snow
0x08418362	rom	0x5	gPCText_Cave
0x08418367	rom	0x6	gPCText_Beach
0x0841836D	rom	0x9	gPCText_Seafloor
0x08418376	rom	0x6	gPCText_River
0x0841837C	rom	0x4	gPCText_Sky
0x08418380	rom	0x6	gPCText_PolkaDot
0x08418386	rom	0xB	gPCText_Pokecenter
0x08418391	rom	0x6	gPCText_Machine
0x08418397	rom	0x7	gPCText_Simple
0x0841839E	rom	0xA	gText_PC_WhatWouldYouLikeToDo
0x084183A8	rom	0x11	gText_WithdrawPokemon
0x084183B9	rom	0x10	gText_DepositPokemon
0x084183C9	rom	0xD	gText_MovePokemon
0x084183D6	rom	0xB	gText_MoveItems
0x084183E1	rom	0x8	gText_SeeYa
0x084183E9	rom	0x35	gText_WithdrawMonDescription
0x0841841E	rom	0x2F	gText_DepositMonDescription
0x0841844D	rom	0x31	gText_MoveMonDescription
0x0841847E	rom	0x3F	gText_MoveItemsDescription
0x084184BD	rom	0xF	gText_SeeYaDescription
0x084184CC	rom	0x20	gText_JustOnePkmn
0x084184EC	rom	0x1D	gText_PartyFull
0x08418509	rom	0x4	gText_Box
0x0841850D	rom	0x1E	gText_CombineFourWordsOrPhrases
0x0841852B	rom	0x17	gText_AndMakeYourProfile
0x08418542	rom	0x1F	gText_MakeMessageSixPhrases
0x08418561	rom	0x20	gText_MaxTwoTwelveLetterPhrases
0x08418581	rom	0x1E	gText_FindWordsThatDescribeYour
0x0841859F	rom	0x14	gText_FeelingsRightNow
0x084185B3	rom	0x9	gText_WithFourPhrases
0x084185BC	rom	0x1E	gText_CombineNineWordsOrPhrases
0x084185DA	rom	0x14	gText_AndMakeAMessage
0x084185EE	rom	0x1F	gText_ChangeJustOneWordOrPhrase
0x0841860D	rom	0x1D	gText_AndImproveTheBardsSong
0x0841862A	rom	0x20	gText_AndFillOutTheQuestionnaire
0x0841864A	rom	0xD	gText_YourProfile
0x08418657	rom	0x23	gText_YourFeelingAtTheBattlesStart
0x0841867A	rom	0x21	gText_WhatYouSayIfYouWin
0x0841869B	rom	0x22	gText_WhatYouSayIfYouLose
0x084186BD	rom	0xB	gText_TheAnswer
0x084186C8	rom	0x11	gText_TheMailMessage
0x084186D9	rom	0xF	gText_TheMailSalutation
0x084186E8	rom	0xD	gText_TheNewSong
0x084186F5	rom	0x1D	gText_CombineTwoWordsOrPhrases
0x08418712	rom	0x1A	gText_AndMakeATrendySaying
0x0841872C	rom	0x12	gText_TheTrendySaying
0x0841873E	rom	0x13	gText_IsAsShownOkay
0x08418751	rom	0x10	gText_CombineTwoWordsOrPhrases2
0x08418761	rom	0x12	gText_ToTeachHerAGoodSaying
0x08418773	rom	0x1F	gText_AllTextBeingEditedWill
0x08418792	rom	0x1A	gText_BeDeletedThatOkay
0x084187AC	rom	0x12	gText_PleaseEnterPhraseOrWord
0x084187BE	rom	0x16	gText_EntireTextCantBeDeleted
0x084187D4	rom	0x14	gText_OnlyOnePhrase
0x084187E8	rom	0xF	gText_OriginalSongWillBeUsed
0x084187F7	rom	0x10	gText_ThatsTrendyAlready
0x08418807	rom	0x15	gText_CombineTwoWordsOrPhrases3
0x0841881C	rom	0xE	gText_QuitEditing
0x0841882A	rom	0x1E	gText_StopGivingPkmnMail
0x08418848	rom	0x11	gText_TheEditedWords
0x08418859	rom	0xE	gText_WillNotBeSaved
0x08418867	rom	0x8	gText_Profile
0x0841886F	rom	0x17	gText_AtTheBattlesStart
0x08418886	rom	0x17	gText_UponWinningABattle
0x0841889D	rom	0x16	gText_UponLosingABattle
0x084188B3	rom	0x10	gText_TheBardsSong
0x084188C3	rom	0x1A	gText_WhatsHipAndHappening
0x084188DD	rom	0xA	gText_Interview
0x084188E7	rom	0x7	gText_GoodSaying
0x084188EE	rom	0xE	gText_Questionnaire
0x084188FC	rom	0xA	GiddyText_SoPretty
0x08418906	rom	0xA	GiddyText_SoDarling
0x08418910	rom	0xB	GiddyText_SoRelaxed
0x0841891B	rom	0xC	GiddyText_SoSunny
0x08418927	rom	0xB	GiddyText_SoDesirable
0x08418932	rom	0xC	GiddyText_SoExciting
0x0841893E	rom	0xB	GiddyText_SoAmusing
0x08418949	rom	0xA	GiddyText_SoMagical
0x08418953	rom	0x3	GiddyText_Is
0x08418956	rom	0xB	GiddyText_DontYouAgree
0x08418961	rom	0x1B	GiddyText_ISoWantToGoOnAVacation
0x0841897C	rom	0x1C	GiddyText_IBoughtCrayonsWith120Colors
0x08418998	rom	0x1B	GiddyText_WouldntItBeNiceIfWeCouldFloat
0x084189B3	rom	0x22	GiddyText_WhenYouWriteOnASandyBeach
0x084189D5	rom	0x27	GiddyText_WhatsTheBottomOfTheSeaLike
0x084189FC	rom	0x1A	GiddyText_WhenYouSeeTheSettingSunDoesIt
0x08418A16	rom	0x19	GiddyText_LyingBackInTheGreenGrass
0x08418A2F	rom	0x1F	GiddyText_SecretBasesAreSoWonderful
0x08418A4E	rom	0x9	gText_PokemonLeague
0x08418A57	rom	0xF	gText_PokemonCenter
0x08418A66	rom	0xF	gText_GetsAPokeBlockQuestion
0x08418A75	rom	0x6	gText_Coolness
0x08418A7B	rom	0x6	gText_Beauty3
0x08418A81	rom	0x5	gText_Cuteness
0x08418A86	rom	0x5	gText_Smartness
0x08418A8B	rom	0x6	gText_Toughness
0x08418A91	rom	0xD	gText_WasEnhanced
0x08418A9E	rom	0xD	gText_NothingChanged
0x08418AAB	rom	0x14	gText_WontEatAnymore
0x08418ABF	rom	0x56	gText_SaveFailedCheckingBackup
0x08418B15	rom	0x97	gText_BackupMemoryDamaged
0x08418BAC	rom	0x29	gText_GamePlayCannotBeContinued
0x08418BD5	rom	0x30	gText_CheckCompleted
0x08418C05	rom	0x40	gText_SaveCompleteGameCannotContinue
0x08418C45	rom	0x2D	gText_SaveCompletePressA
0x08418C72	rom	0x7	gText_Ferry
0x08418C79	rom	0x6	gText_SecretBase
0x08418C7F	rom	0x4	gText_Hideout
0x08418C83	rom	0xB	gText_YourName
0x08418C8E	rom	0xA	gText_BoxName
0x08418C98	rom	0xD	gText_PkmnsNickname
0x08418CA5	rom	0xE	gText_RivalsName
0x08418CB3	rom	0x13	gText_MoveOkBack
0x08418CC6	rom	0x1	gText_AlphabetUpperLower
0x08418CC7	rom	0x2	gText_RegionMap_Space
0x08418CC9	rom	0x8	gText_RegionMap_AButtonGuide
0x08418CD1	rom	0x9	gText_RegionMap_AButtonCancel
0x08418CDA	rom	0x9	gText_RegionMap_AButtonCancel2
0x08418CE3	rom	0x9	gText_RegionMap_AButtonSwitch
0x08418CEC	rom	0x5	gText_RegionMap_AButtonOK
0x08418CF1	rom	0x7	gText_RegionMap_DPadMove
0x08418CF8	rom	0x7	gText_RegionMap_UpDownPick
0x08418CFF	rom	0x8	gText_RegionMap_NoData
0x08418D07	rom	0x6F	gText_RegionMap_AreaDesc_ViridianForest
0x08418D76	rom	0x7E	gText_RegionMap_AreaDesc_MtMoon
0x08418DF4	rom	0x64	gText_RegionMap_AreaDesc_DiglettsCave
0x08418E58	rom	0x72	gText_RegionMap_AreaDesc_VictoryRoad
0x08418ECA	rom	0x75	gText_RegionMap_AreaDesc_PokemonMansion
0x08418F3F	rom	0x7A	gText_RegionMap_AreaDesc_SafariZone
0x08418FB9	rom	0x84	gText_RegionMap_AreaDesc_RockTunnel
0x0841903D	rom	0x6C	gText_RegionMap_AreaDesc_SeafoamIslands
0x084190A9	rom	0x75	gText_RegionMap_AreaDesc_PokemonTower
0x0841911E	rom	0x79	gText_RegionMap_AreaDesc_CeruleanCave
0x08419197	rom	0x7A	gText_RegionMap_AreaDesc_PowerPlant
0x08419211	rom	0x6F	gText_RegionMap_AreaDesc_MtEmber
0x08419280	rom	0x85	gText_RegionMap_AreaDesc_BerryForest
0x08419305	rom	0x76	gText_RegionMap_AreaDesc_IcefallCave
0x0841937B	rom	0x6D	gText_RegionMap_AreaDesc_LostCave
0x084193E8	rom	0x7D	gText_RegionMap_AreaDesc_TanobyRuins
0x08419465	rom	0x74	gText_RegionMap_AreaDesc_AlteringCave
0x084194D9	rom	0x7D	gText_RegionMap_AreaDesc_PatternBush
0x08419556	rom	0x68	gText_RegionMap_AreaDesc_DottedHole
0x084195BE	rom	0x1B	gText_PokeSum_MetInATrade
0x084195D9	rom	0x1B	gText_PokeSum_MetInATrade_BoldGentleGrammar
0x084195F4	rom	0x35	gText_PokeSum_FatefulEncounterMet
0x08419629	rom	0x35	gText_PokeSum_FatefulEncounterMet_BoldGentleGrammar
0x0841965E	rom	0x1F	gText_PokeSum_Met
0x0841967D	rom	0x1F	gText_PokeSum_Met_BoldGentleGrammar
0x0841969C	rom	0x2A	gText_PokeSum_ApparentlyMet
0x084196C6	rom	0x2A	gText_PokeSum_ApparentlyMet_BoldGentleGrammar
0x084196F0	rom	0x21	gText_PokeSum_Hatched
0x08419711	rom	0x21	gText_PokeSum_Hatched_BoldGentleGrammar
0x08419732	rom	0x1D	gText_PokeSum_JP_ApparentlyHatched
0x0841974F	rom	0x1C	gText_PokeSum_JP_ApparentlyHatched_BoldGentleGrammar
0x0841976B	rom	0x3E	gText_PokeSum_FatefulEncounterHatched
0x084197A9	rom	0x3E	gText_PokeSum_FatefulEncounterHatched_BoldGentleGrammar
0x084197E7	rom	0x49	gText_PokeSum_ApparentlyFatefulEncounterHatched
0x08419830	rom	0x49	gText_PokeSum_ApparentlyFatefulEncounterHatched_BoldGentleGrammar
0x08419879	rom	0x31	gText_PokeSum_EggOrigin_DayCare
0x084198AA	rom	0x34	gText_PokeSum_EggOrigin_TravelingMan
0x084198DE	rom	0x3C	gText_PokeSum_EggOrigin_NicePlace
0x0841991A	rom	0x3A	gText_PokeSum_EggOrigin_Spa
0x08419954	rom	0x2C	gText_PokeSum_EggOrigin_Trade
0x08419980	rom	0x37	gText_PokeSum_EggHatch_LongTime
0x084199B7	rom	0x33	gText_PokeSum_EggHatch_SomeTime
0x084199EA	rom	0x2D	gText_PokeSum_EggHatch_Soon
0x08419A17	rom	0x30	gText_PokeSum_EggHatch_AlmostReady
0x08419A47	rom	0x8	gText_PokeSum_ATrade
0x08419A4F	rom	0xA	gText_Somewhere
0x08419A59	rom	0xD	gText_PokeSum_PageName_PokemonInfo
0x08419A66	rom	0xF	gText_PokeSum_PageName_PokemonSkills
0x08419A75	rom	0xC	gText_PokeSum_PageName_KnownMoves
0x08419A81	rom	0x8	gText_PokeSum_NoData
0x08419A89	rom	0xC	gText_PokeSum_ExpPoints
0x08419A95	rom	0x9	gText_PokeSum_NextLv
0x08419A9E	rom	0x10	gText_PokeSum_Controls_PageCancel
0x08419AAE	rom	0x9	gText_PokeSum_Controls_Cancel
0x08419AB7	rom	0x7	gText_PokeSum_Controls_Page
0x08419ABE	rom	0x10	gText_PokeSum_Controls_PageDetail
0x08419ACE	rom	0x10	gText_PokeSum_Controls_PickSwitch
0x08419ADE	rom	0x7	gText_PokeSum_Controls_Pick
0x08419AE5	rom	0x10	gText_PokeSum_Controls_PickDelete
0x08419AF5	rom	0x21	gText_PokeSum_HmMovesCantBeForgotten
0x08419B16	rom	0x7	gText_TrainerCardName
0x08419B1D	rom	0x6	gText_TrainerCardIDNo
0x08419B23	rom	0x6	gText_TrainerCardMoney
0x08419B29	rom	0x2	gText_TrainerCardYen
0x08419B2B	rom	0x8	gText_TrainerCardPokedex
0x08419B33	rom	0x1	gText_TrainerCardNull
0x08419B34	rom	0x2	gText_Colon2
0x08419B36	rom	0x3	gText_Points
0x08419B39	rom	0x5	gText_TrainerCardTime
0x08419B3E	rom	0x8	gText_BattlePoints
0x08419B46	rom	0x10	gText_Var1sTrainerCard
0x08419B56	rom	0x15	gText_HallOfFameDebut
0x08419B6B	rom	0xD	gText_LinkBattles
0x08419B78	rom	0x13	gText_LinkCableBattles
0x08419B8B	rom	0x8	gText_WinLossRatio
0x08419B93	rom	0xF	gText_PokemonTrades
0x08419BA2	rom	0x17	gText_UnionRoomTradesBattles
0x08419BB9	rom	0xC	gText_BerryCrushes
0x08419BC5	rom	0x43	gText_WaitingTrainerFinishReading
0x08419C08	rom	0x7	gText_Option
0x08419C0F	rom	0xB	gText_TextSpeed
0x08419C1A	rom	0xD	gText_BattleScene
0x08419C27	rom	0xD	gText_BattleStyle
0x08419C34	rom	0x6	gText_Sound
0x08419C3A	rom	0xC	gText_ButtonMode
0x08419C46	rom	0x6	gText_Frame
0x08419C4C	rom	0x7	gText_OptionMenuCancel
0x08419C53	rom	0x5	gText_TextSpeedSlow
0x08419C58	rom	0x4	gText_TextSpeedMid
0x08419C5C	rom	0x5	gText_TextSpeedFast
0x08419C61	rom	0x3	gText_BattleSceneOn
0x08419C64	rom	0x4	gText_BattleSceneOff
0x08419C68	rom	0x6	gText_BattleStyleShift
0x08419C6E	rom	0x4	gText_BattleStyleSet
0x08419C72	rom	0x5	gText_SoundMono
0x08419C77	rom	0x7	gText_SoundStereo
0x08419C7E	rom	0x4	gTextJP_Type
0x08419C82	rom	0x5	gText_ButtonTypeHelp
0x08419C87	rom	0x4	gText_ButtonTypeLEqualsA
0x08419C8B	rom	0x3	gText_ButtonTypeLR
0x08419C8E	rom	0x5	gText_FrameType
0x08419C93	rom	0x1B	gText_PickSwitchCancel
0x08419CAE	rom	0x1E	gText_ResetRTCConfirmCancel
0x08419CCC	rom	0x10	gText_PresentTime
0x08419CDC	rom	0x10	gText_PreviousTime
0x08419CEC	rom	0x13	gText_PleaseResetTime
0x08419CFF	rom	0x27	gText_ClockHasBeenReset
0x08419D26	rom	0xF	gText_SaveCompleted
0x08419D35	rom	0x17	gText_SaveFailed
0x08419D4C	rom	0x1D	gText_NoSaveFileCantSetTime
0x08419D69	rom	0x27	gText_InGameClockUsable
0x08419D90	rom	0x22	gText_SavingDontTurnOffThePower2
0x08419DB2	rom	0x45	gStartMenuDesc_Pokedex
0x08419DF7	rom	0x46	gStartMenuDesc_Pokemon
0x08419E3D	rom	0x48	gStartMenuDesc_Bag
0x08419E85	rom	0x26	gStartMenuDesc_Player
0x08419EAB	rom	0x48	gStartMenuDesc_Save
0x08419EF3	rom	0x42	gStartMenuDesc_Option
0x08419F35	rom	0x18	gStartMenuDesc_Exit
0x08419F4D	rom	0x44	gStartMenuDesc_Retire
0x08419F91	rom	0x1A	gText_QuestLog_PreviouslyOnYourQuest
0x08419FAB	rom	0x24	gText_QuestLog_SwitchMon1WithMon2
0x08419FCF	rom	0x3A	gText_QuestLog_SwappedHeldItemsOnMon
0x0841A009	rom	0x1A	gText_QuestLog_TookHeldItemFromMon
0x0841A023	rom	0x29	gText_QuestLog_UsedItemOnMonAtThisLocation
0x0841A04C	rom	0x10	gText_QuestLog_UsedTheItem
0x0841A05C	rom	0x35	gText_QuestLog_UsedTheKeyItem
0x0841A091	rom	0x22	gText_QuestLog_MonLearnedMoveFromTM
0x0841A0B3	rom	0x39	gText_QuestLog_MonReplacedMoveWithTM
0x0841A0EC	rom	0x31	gText_QuestLog_MonsWereFullyRestoredAtCenter
0x0841A11D	rom	0x31	gText_QuestLog_PlayerBattledChampionRival
0x0841A14E	rom	0x37	gText_QuestLog_PlayerSentOutMon1RivalSentOutMon2
0x0841A185	rom	0x48	gText_QuestLog_WonTheMatchAsAResult
0x0841A1CD	rom	0x49	gText_QuestLog_StoredItemInPC
0x0841A216	rom	0x25	gText_QuestLog_WithdrewItemFromPC
0x0841A23B	rom	0x23	gText_QuestLog_TradedMon1ForPersonsMon2
0x0841A25E	rom	0x55	gText_QuestLog_SingleBattleWithPersonResultedInOutcome
0x0841A2B3	rom	0x4F	gText_QuestLog_DoubleBattleWithPersonResultedInOutcome
0x0841A302	rom	0x3C	gText_QuestLog_MultiBattleWithPeopleResultedInOutcome
0x0841A33E	rom	0x4	gText_QuestLog_Win
0x0841A342	rom	0x5	gText_QuestLog_Loss
0x0841A347	rom	0x2F	gText_QuestLog_MingledInUnionRoom
0x0841A376	rom	0x2C	gText_QuestLog_DepartedPlaceInTownForNextDestination
0x0841A3A2	rom	0x36	gText_QuestLog_SwitchedMonsBetweenBoxes
0x0841A3D8	rom	0x3D	gText_QuestLog_MovedMonToNewBox
0x0841A415	rom	0x21	gText_QuestLog_SwitchedMonsWithinBox
0x0841A436	rom	0x10	gText_QuestLog_MovedMonWithinBox
0x0841A446	rom	0x28	gText_QuestLog_SwitchedPartyMonForPCMon
0x0841A46E	rom	0x1D	gText_QuestLog_WithdrewMonFromPC
0x0841A48B	rom	0x1F	gText_QuestLog_DepositedMonInPC
0x0841A4AA	rom	0x26	gText_QuestLog_SwitchedMultipleMons
0x0841A4D0	rom	0x11	gText_QuestLog_ADifferentSpot
0x0841A4E1	rom	0x3C	gText_QuestLog_GaveMonHeldItemFromPC
0x0841A51D	rom	0x51	gText_QuestLog_SwappedHeldItemFromPC
0x0841A56E	rom	0x1C	gText_QuestLog_ChattedWithManyTrainers
0x0841A58A	rom	0x8	gText_QuestLog_Handily
0x0841A592	rom	0xC	gText_QuestLog_Tenaciously
0x0841A59E	rom	0x8	gText_QuestLog_Somehow
0x0841A5A6	rom	0x46	gText_QuestLog_TradedMon1ForTrainersMon2
0x0841A5EC	rom	0x2D	gText_QuestLog_BattledTrainerEndedInOutcome
0x0841A619	rom	0x33	gText_QuestLog_BoughtItem
0x0841A64C	rom	0x48	gText_QuestLog_BoughtItemsIncludingItem
0x0841A694	rom	0x3E	gText_QuestLog_SoldNumOfItem
0x0841A6D2	rom	0x3E	gText_QuestLog_SoldItemsIncludingItem
0x0841A710	rom	0x9	gText_QuestLog_JustOne
0x0841A719	rom	0x3	gText_QuestLog_Num
0x0841A71C	rom	0x2C	gText_QuestLog_UsedSoftboiled
0x0841A748	rom	0x2C	gText_QuestLog_UsedMilkDrink
0x0841A774	rom	0x2D	gText_QuestLog_MonLearnedMoveFromHM
0x0841A7A1	rom	0x44	gText_QuestLog_MonReplacedMoveWithHM
0x0841A7E5	rom	0x2B	gText_QuestLog_DefeatedWildMon
0x0841A810	rom	0x2D	gText_QuestLog_DefeatedWildMons
0x0841A83D	rom	0x2A	gText_QuestLog_CaughtWildMon
0x0841A867	rom	0x4B	gText_QuestLog_CaughtWildMons
0x0841A8B2	rom	0x34	gText_QuestLog_DefeatedWildMonAndCaughtWildMon
0x0841A8E6	rom	0x42	gText_QuestLog_DefeatedWildMonAndCaughtWildMons
0x0841A928	rom	0x3D	gText_QuestLog_DefeatedWildMonsAndCaughtWildMon
0x0841A965	rom	0x4B	gText_QuestLog_DefeatedWildMonsAndCaughtWildMons
0x0841A9B0	rom	0x1A	gText_QuestLog_GaveMonHeldItem
0x0841A9CA	rom	0x1D	gText_QuestLog_GaveMonHeldItem2
0x0841A9E7	rom	0x22	gText_QuestLog_UsedCut
0x0841AA09	rom	0x2C	gText_QuestLog_UsedFly
0x0841AA35	rom	0x31	gText_QuestLog_UsedSurf
0x0841AA66	rom	0x27	gText_QuestLog_UsedStrength
0x0841AA8D	rom	0x42	gText_QuestLog_UsedFlash
0x0841AACF	rom	0x29	gText_QuestLog_UsedRockSmash
0x0841AAF8	rom	0x3D	gText_QuestLog_UsedWaterfall
0x0841AB35	rom	0x24	gText_QuestLog_UsedDive
0x0841AB59	rom	0x1F	gText_QuestLog_UsedDigInLocation
0x0841AB78	rom	0x2D	gText_QuestLog_UsedSweetScent
0x0841ABA5	rom	0x35	gText_QuestLog_UsedTeleportToLocation
0x0841ABDA	rom	0x2A	gText_QuestLog_LeftTownsLocationForNextDestination
0x0841AC04	rom	0x37	gText_QuestLog_PlayedGamesAtGameCorner
0x0841AC3B	rom	0x1F	gText_QuestLog_RestedAtHome
0x0841AC5A	rom	0x2A	gText_QuestLog_LeftOaksLab
0x0841AC84	rom	0x47	gText_QuestLog_GymWasFullOfToughTrainers
0x0841ACCB	rom	0x18	gText_QuestLog_DepartedGym
0x0841ACE3	rom	0x35	gText_QuestLog_HadGreatTimeInSafariZone
0x0841AD18	rom	0x30	gText_QuestLog_ManagedToGetOutOfLocation
0x0841AD48	rom	0x32	gText_QuestLog_TookOnGymLeadersMonWithMonAndWon
0x0841AD7A	rom	0x2F	gText_QuestLog_TookOnEliteFoursMonWithMonAndWon
0x0841ADA9	rom	0x2B	gText_QuestLog_TookOnTrainersMonWithMonAndWon
0x0841ADD4	rom	0x7	gText_QuestLog_Coolly
0x0841ADDB	rom	0x7	gText_QuestLog_Barely
0x0841ADE2	rom	0x2B	gText_QuestLog_UsedEscapeRope
0x0841AE0D	rom	0x5	gText_QuestLog_Draw
0x0841AE12	rom	0x2F	gText_QuestLog_DepartedTheLocationForNextDestination
0x0841AE41	rom	0x3A	gText_QuestLog_DepartedFromLocationToNextDestination
0x0841AE7B	rom	0x25	gText_QuestLog_ObtainedItemInLocation
0x0841AEA0	rom	0xF	gText_QuestLog_ArrivedInLocation
0x0841AEAF	rom	0x2C	gText_QuestLog_SavedGameAtLocation
0x0841AEDB	rom	0x5	gText_QuestLog_Home
0x0841AEE0	rom	0x11	gText_QuestLog_OakResearchLab
0x0841AEF1	rom	0x4	gText_QuestLog_Gym
0x0841AEF5	rom	0x14	gText_QuestLog_PokemonLeagueGate
0x0841AF09	rom	0x10	gText_QuestLog_ViridianForest
0x0841AF19	rom	0x19	gText_QuestLog_PewterMuseumOfScience
0x0841AF32	rom	0x9	gText_QuestLog_MtMoon
0x0841AF3B	rom	0xA	gText_QuestLog_BikeShop
0x0841AF45	rom	0xD	gText_QuestLog_BillsHouse
0x0841AF52	rom	0x9	gText_QuestLog_DayCare
0x0841AF5B	rom	0x11	gText_QuestLog_UndergroundPath
0x0841AF6C	rom	0x11	gText_QuestLog_PokemonFanClub
0x0841AF7D	rom	0xA	gText_QuestLog_SSAnne
0x0841AF87	rom	0xF	gText_QuestLog_DiglettsCave
0x0841AF96	rom	0xC	gText_QuestLog_RockTunnel
0x0841AFA2	rom	0xC	gText_QuestLog_PowerPlant
0x0841AFAE	rom	0xE	gText_QuestLog_PokemonTower
0x0841AFBC	rom	0x10	gText_QuestLog_VolunteerHouse
0x0841AFCC	rom	0x13	gText_QuestLog_NameRatersHouse
0x0841AFDF	rom	0x14	gText_QuestLog_CeladonDeptStore
0x0841AFF3	rom	0x10	gText_QuestLog_CeladonMansion
0x0841B003	rom	0x13	gText_QuestLog_RocketGameCorner
0x0841B016	rom	0xB	gText_QuestLog_Restaurant
0x0841B021	rom	0xF	gText_QuestLog_RocketHideout
0x0841B030	rom	0xC	gText_QuestLog_SafariZone
0x0841B03C	rom	0xE	gText_QuestLog_WardensHome
0x0841B04A	rom	0xE	gText_QuestLog_FightingDojo
0x0841B058	rom	0xA	gText_QuestLog_SilphCo
0x0841B062	rom	0x10	gText_QuestLog_SeafoamIslands
0x0841B072	rom	0x10	gText_QuestLog_PokemonMansion
0x0841B082	rom	0x15	gText_QuestLog_PokemonResearchLab
0x0841B097	rom	0xD	gText_QuestLog_VictoryRoad
0x0841B0A4	rom	0xF	gText_QuestLog_PokemonLeague
0x0841B0B3	rom	0xE	gText_QuestLog_CeruleanCave
0x0841B0C1	rom	0xE	gText_WasUsedOn
0x0841B0CF	rom	0x2	gText_Period
0x0841B0D1	rom	0x12	gText_LevelRoseTo
0x0841B0E3	rom	0x2	gText_Period2
0x0841B0E5	rom	0xE	gText_LevelUp_MaxHP
0x0841B0F3	rom	0x7	gText_LevelUp_Attack
0x0841B0FA	rom	0x8	gText_LevelUp_Defense
0x0841B102	rom	0x6	gText_LevelUp_Speed
0x0841B108	rom	0x8	gText_LevelUp_SpAtk
0x0841B110	rom	0x8	gText_LevelUp_SpDef
0x0841B118	rom	0x9	gText_LevelUp_Plus
0x0841B121	rom	0x8	gText_LevelUp_Minus
0x0841B129	rom	0x4	gText_Counting_1
0x0841B12D	rom	0xE	gText_Counting_2And
0x0841B13B	rom	0x7	gText_Poof
0x0841B142	rom	0xF	gText_MonForgotMove
0x0841B151	rom	0x6	gText_And
0x0841B157	rom	0xE	gText_MachineSet
0x0841B165	rom	0x5	gText_Huh
0x0841B16A	rom	0xF	gText_MonLearnedTMHM
0x0841B179	rom	0x6	gText_Upper
0x0841B17F	rom	0x6	gText_Lower
0x0841B185	rom	0x7	gText_Others
0x0841B18C	rom	0x8	gText_Symbols
0x0841B194	rom	0x9	gText_Register2
0x0841B19D	rom	0x5	gText_Exit
0x0841B1A2	rom	0xF	gText_QuitChatting
0x0841B1B1	rom	0x15	gText_RegisterTextWhere
0x0841B1C6	rom	0x14	gText_RegisterTextHere
0x0841B1DA	rom	0xC	gText_InputText
0x0841B1E6	rom	0x14	gText_F700JoinedChat
0x0841B1FA	rom	0x12	gText_F700LeftChat
0x0841B20C	rom	0xA	gText_PlayersXPokemon
0x0841B216	rom	0xF	gText_PlayersXPokmonDoesNotExist
0x0841B225	rom	0x12	gText_ExitingTheChat
0x0841B237	rom	0x2B	gText_LeaderHasLeftEndingChat
0x0841B262	rom	0x43	gText_RegisteredTextChanged_OKtoSave
0x0841B2A5	rom	0x3B	gText_RegisteredTextChanged_AlreadySavedFile
0x0841B2E0	rom	0x22	gText_RegisteredTextChanged_SavingDontTurnOff
0x0841B302	rom	0x13	gText_RegisteredTextChanged_SavedTheGame
0x0841B315	rom	0x37	gText_IfLeaderLeavesChatWillEnd
0x0841B34C	rom	0x6	gText_Hello
0x0841B352	rom	0x8	gText_Pokemon2
0x0841B35A	rom	0x6	gText_Trade
0x0841B360	rom	0x7	gText_Battle
0x0841B367	rom	0x6	gText_Lets
0x0841B36D	rom	0x4	gText_Ok
0x0841B371	rom	0x6	gText_Sorry
0x0841B377	rom	0x6	gText_YaySmileEmoji
0x0841B37D	rom	0xA	gText_ThankYou
0x0841B387	rom	0x9	gText_ByeBye
0x0841B390	rom	0x62	gText_PlayerScurriedToCenter
0x0841B3F2	rom	0x58	gText_PlayerScurriedBackHome
0x0841B44A	rom	0xB	gText_Diploma_Player
0x0841B455	rom	0x6B	gText_Diploma_ThisDocument
0x0841B4C0	rom	0xB	gText_Diploma_GameFreak
0x0841B4CB	rom	0x9	gText_Diploma_National
0x0841B4D4	rom	0x6	gText_Diploma_Kanto
0x0841B4DA	rom	0x1B	gText_ClearAllSaveData
0x0841B4F5	rom	0x1C	gText_ClearingData
0x0841B511	rom	0x7	gText_Player
0x0841B518	rom	0x5	gText_Time
0x0841B51D	rom	0x2	gText_Colon
0x0841B51F	rom	0x8	gText_Pokedex
0x0841B527	rom	0x1	gTextJPDummy_Hiki
0x0841B528	rom	0x7	gText_Badges
0x0841B52F	rom	0x1	gTextJPDummy_Ko
0x0841B530	rom	0x9	gText_Register
0x0841B539	rom	0x19	gText_HatchedFromEgg
0x0841B552	rom	0x31	gText_NickHatchPrompt
0x0841B583	rom	0x24	gString_OutOfCoins
0x0841B5A7	rom	0xE	gString_QuitPlaying
0x0841B5B5	rom	0x1F	gString_SlotMachineControls
0x0841B5D4	rom	0x7	gText_TeachyTV
0x0841B5DB	rom	0x5	gText_End
0x0841B5E0	rom	0x18	gTeachyTvString_TeachBattle
0x0841B5F8	rom	0x1A	gTeachyTvString_StatusProblems
0x0841B612	rom	0x18	gTeachyTvString_TypeMatchups
0x0841B62A	rom	0x19	gTeachyTvString_CatchPkmn
0x0841B643	rom	0x14	gTeachyTvString_AboutTMs
0x0841B657	rom	0x1B	gTeachyTvString_RegisterItem
0x0841B672	rom	0x7	gTeachyTvString_Cancel
0x0841B679	rom	0x82	gTeachyTvText_PokedudeSaysHello
0x0841B6FB	rom	0x182	gTeachyTvText_BattleScript1
0x0841B87D	rom	0xFF	gTeachyTvText_BattleScript2
0x0841B97C	rom	0x1D0	gTeachyTvText_StatusScript1
0x0841BB4C	rom	0x166	gTeachyTvText_StatusScript2
0x0841BCB2	rom	0x239	gTeachyTvText_MatchupsScript1
0x0841BEEB	rom	0x18C	gTeachyTvText_MatchupsScript2
0x0841C077	rom	0x149	gTeachyTvText_CatchingScript1
0x0841C1C0	rom	0xD5	gTeachyTvText_CatchingScript2
0x0841C295	rom	0x12E	gTeachyTvText_TMsScript1
0x0841C3C3	rom	0x10C	gPokedudeText_TMTypes
0x0841C4CF	rom	0x121	gPokedudeText_ReadTMDescription
0x0841C5F0	rom	0x76	gTeachyTvText_TMsScript2
0x0841C666	rom	0x16A	gTeachyTvText_RegisterScript1
0x0841C7D0	rom	0x1A8	gTeachyTvText_RegisterScript2
0x0841C978	rom	0x5	gString_Bill
0x0841C97D	rom	0x8	gString_Someone
0x0841C985	rom	0x5	gString_Help
0x0841C98A	rom	0x4	gString_HelpSystem_ClearTo8
0x0841C98E	rom	0x8	gText_SpacePoints2
0x0841C996	rom	0x9	gText_SpaceTimes3
0x0841C99F	rom	0x15	gText_PkmnJumpRecords
0x0841C9B4	rom	0x10	gText_JumpsInARow
0x0841C9C4	rom	0xC	gText_BestScore2
0x0841C9D0	rom	0x15	gText_ExcellentsInARow
0x0841C9E5	rom	0x21	gText_AwesomeWonF701F700
0x0841CA06	rom	0x1A	gText_FilledStorageSpace2
0x0841CA20	rom	0x19	gText_CantHoldMore
0x0841CA39	rom	0x14	gText_WantToPlayAgain2
0x0841CA4D	rom	0x31	gText_SomeoneDroppedOut2
0x0841CA7E	rom	0x22	gText_SavingDontTurnOffPower
0x0841CAA0	rom	0x17	gText_CommunicationStandby4
0x0841CAB7	rom	0x24	gText_SavingDontTurnOffPower2
0x0841CADB	rom	0x1D	gText_BerryPickingRecords
0x0841CAF8	rom	0x10	gText_BerriesPicked
0x0841CB08	rom	0xC	gText_BestScore
0x0841CB14	rom	0x2B	gText_BerriesInRowFivePlayers
0x0841CB3F	rom	0x22	gText_BerryPickingResults
0x0841CB61	rom	0x1E	gText_10P30P50P50P
0x0841CB7F	rom	0x15	gText_AnnouncingRankings
0x0841CB94	rom	0x13	gText_AnnouncingPrizes
0x0841CBA7	rom	0x3	gText_1Colon
0x0841CBAA	rom	0x3	gText_2Colon
0x0841CBAD	rom	0x3	gText_3Colon
0x0841CBB0	rom	0x3	gText_4Colon
0x0841CBB3	rom	0x3	gText_5Colon
0x0841CBB6	rom	0x25	gText_FirstPlacePrize
0x0841CBDB	rom	0x1B	gText_CantHoldAnyMore
0x0841CBF6	rom	0x1D	gText_FilledStorageSpace
0x0841CC13	rom	0x14	gText_WantToPlayAgain
0x0841CC27	rom	0x31	gText_SomeoneDroppedOut
0x0841CC58	rom	0x8	gText_SpacePoints
0x0841CC60	rom	0x17	gText_CommunicationStandby3
0x0841CC78	rom	0x3C	gText_BerryCrush_AreYouReady
0x0841CCB4	rom	0x2F	gText_BerryCrush_WaitForOthersToChooseBerry
0x0841CCE4	rom	0x6B	gText_BerryCrush_GainedXUnitsOfPowder
0x0841CD50	rom	0x3B	gText_BerryCrush_RecordingGameResults
0x0841CD8C	rom	0x20	gText_BerryCrush_WantToPlayAgain
0x0841CDAC	rom	0x30	gText_BerryCrush_NoBerries
0x0841CDDC	rom	0x31	gText_BerryCrush_MemberDroppedOut
0x0841CE10	rom	0x31	gText_BerryCrush_TimeUp
0x0841CE44	rom	0x17	gText_BerryCrush_CommunicationStandby
0x0841CE5C	rom	0xC	gText_1_ClrBluShdwLtBlu_Dynamic0
0x0841CE68	rom	0x6	gText_1_Dynamic0
0x0841CE70	rom	0x7	gText_SpaceTimes2
0x0841CE78	rom	0x6	gText_XDotY
0x0841CE80	rom	0x9	gText_StrVar1Berry
0x0841CE8C	rom	0x6	gText_TimeColon
0x0841CE94	rom	0x10	gText_PressingSpeed
0x0841CEA4	rom	0xB	gText_Silkiness
0x0841CEB0	rom	0x3	gText_StrVar1
0x0841CEB4	rom	0x5	gText_SpaceMin
0x0841CEBC	rom	0x6	gText_XDotY2
0x0841CEC4	rom	0x5	gText_SpaceSec
0x0841CECC	rom	0x6	gText_XDotY3
0x0841CED4	rom	0xB	gText_TimesPerSec
0x0841CEE0	rom	0x4	gText_Var1Percent
0x0841CEE4	rom	0x18	gText_PressesRankings
0x0841CEFC	rom	0x11	gText_CrushingResults
0x0841CF10	rom	0x12	gText_NeatnessRankings
0x0841CF24	rom	0x15	gText_CooperativeRankings
0x0841CF3C	rom	0x18	gText_PressingPowerRankings
0x0841CF54	rom	0xC	gText_BerryCrush2
0x0841CF60	rom	0x18	gText_PressingSpeedRankings
0x0841CF78	rom	0xB	gText_Var1Players
0x0841CF84	rom	0x6	gText_Ghost
0x0841CF8A	rom	0x1B	gText_PokemonOnHook
0x0841CFA5	rom	0x15	gText_NotEvenANibble
0x0841CFBA	rom	0xF	gText_ItGotAway
0x0841CFC9	rom	0x8	gText_Rooftop2
0x0841CFD4	rom	0x1E	gString_PokemonFireRed_Staff
0x0841CFF4	rom	0x20	gString_PokemonLeafGreen_Staff
0x0841D014	rom	0xF	gCreditsString_Director
0x0841D024	rom	0x15	gCreditsString_Junichi_Masuda
0x0841D03C	rom	0x22	gCreditsString_Art_Director_Battle_Director
0x0841D060	rom	0x23	gCreditsString_Ken_Sugimori_Shigeki_Morimoto
0x0841D084	rom	0x39	gCreditsString_Program_Leader_Planning_Leader_Graphic_Design_Leader
0x0841D0C0	rom	0x2D	gCreditsString_Tetsuya_Watanabe_Koji_Nishino_Takao_Unno
0x0841D0F0	rom	0x11	gCreditsString_Programmers
0x0841D104	rom	0x4A	gCreditsString_Hiroyuki_Nakamura_Masao_Taya_Satoshi_Nohara_Miyuki_Iwasawa_Daisuke_Goto
0x0841D150	rom	0x19	gCreditsString_System_Programmers
0x0841D16C	rom	0x3D	gCreditsString_Tetsuya_Watanabe_Akito_Mori_Hisashi_Sogabe_Sousuke_Tamada
0x0841D1AC	rom	0x18	gCreditsString_Graphic_Designers
0x0841D1C4	rom	0x36	gCreditsString_Takao_Unno_Asuka_Iwashita_Kanako_Eo_Hiroki_Fuchino
0x0841D1FC	rom	0x18	gCreditsString_Graphic_Designers_2
0x0841D214	rom	0x23	gCreditsString_Ken_Sugimori_Hironobu_Yoshida
0x0841D238	rom	0x18	gCreditsString_Music_Composition
0x0841D250	rom	0x20	gCreditsString_Go_Ichinose_Junichi_Masuda
0x0841D270	rom	0x14	gCreditsString_Sound_Effects
0x0841D284	rom	0x12	gCreditsString_Go_Ichinose
0x0841D298	rom	0x15	gCreditsString_Game_Designers
0x0841D2B0	rom	0x2D	gCreditsString_Junichi_Masuda_Koji_Nishino_Tetsuji_Ohta
0x0841D2E0	rom	0x15	gCreditsString_Game_Designers_2
0x0841D2F8	rom	0x31	gCreditsString_Hitomi_Sato_Shigeru_Ohmori_Tadashi_Takahashi
0x0841D32C	rom	0x14	gCreditsString_Game_Scenario
0x0841D340	rom	0x20	gCreditsString_Hitomi_Sato_Satoshi_Tajiri
0x0841D360	rom	0x22	gCreditsString_Script_Designer_Map_Designer
0x0841D384	rom	0x23	gCreditsString_Satoshi_Nohara_Shigeru_Ohmori
0x0841D3A8	rom	0x1B	gCreditsString_Parametric_Designers
0x0841D3C4	rom	0x2F	gCreditsString_Koji_Nishino_Tetsuji_Ohta_Shigeki_Morimoto
0x0841D3F4	rom	0x13	gCreditsString_POKeDEX_Text
0x0841D408	rom	0x17	gCreditsString_Kenji_Matsushima
0x0841D420	rom	0x18	gCreditsString_POKeMON_Designers
0x0841D438	rom	0x44	gCreditsString_Ken_Sugimori_Motofumi_Fujiwara_Shigeki_Morimoto_Hironobu_Yoshida
0x0841D47C	rom	0x18	gCreditsString_POKeMON_Designers_2
0x0841D494	rom	0x3F	gCreditsString_Satoshi_Ohta_Asuka_Iwashita_Takao_Unno_Kanako_Eo_Aimi_Tomita
0x0841D4D4	rom	0x18	gCreditsString_POKeMON_Designers_3
0x0841D4EC	rom	0x39	gCreditsString_Atsuko_Nishida_Muneo_Saito_Rena_Yoshikawa_Jun_Okutani
0x0841D528	rom	0x1B	gCreditsString_Supporting_Programmers
0x0841D544	rom	0x44	gCreditsString_Teruyuki_Yoshioka_Takao_Nakano_Satoshi_Mitsuhara_Daisuke_Hoshino
0x0841D588	rom	0x1A	gCreditsString_NCL_Product_Testing
0x0841D5A4	rom	0x1B	gCreditsString_NCL_Super_Mario_Club
0x0841D5C0	rom	0x15	gCreditsString_Special_Thanks
0x0841D5D8	rom	0x3F	gCreditsString_Hiro_Nakamura_Hiroyuki_Uesugi_Teruki_Murakawa_Kazuya_Suyama
0x0841D618	rom	0x15	gCreditsString_Special_Thanks_2
0x0841D630	rom	0x3F	gCreditsString_Kenji_Tominaga_Kenjiro_Ito_Tomotaka_Komura_Michiko_Takizawa
0x0841D670	rom	0x15	gCreditsString_Special_Thanks_3
0x0841D688	rom	0x48	gCreditsString_Makiko_Takada_Mikiko_Ohashi_Shusaku_Egami_Takanao_Kondo_Rui_Kawaguchi
0x0841D6D0	rom	0x19	gCreditsString_Braille_Code_Check
0x0841D6EC	rom	0x1C	gCreditsString_Japan_Braille_Library
0x0841D708	rom	0x1E	gCreditsString_Information_Supervisors
0x0841D728	rom	0x49	gCreditsString_Hiroki_Enomoto_Kazuyuki_Terada_Yuri_Sakurai_Yumi_Funasaka_Naoko_Yanase
0x0841D774	rom	0x13	gCreditsString_Coordinators
0x0841D788	rom	0x3E	gCreditsString_Azusa_Tajima_Akira_Kinashi_Kazuki_Yoshihara_Retsuji_Nomoto
0x0841D7C8	rom	0x14	gCreditsString_Task_Managers
0x0841D7DC	rom	0x24	gCreditsString_Hitoshi_Yamagami_Gakuji_Nomoto
0x0841D800	rom	0x10	gCreditsString_Producers
0x0841D810	rom	0x32	gCreditsString_Hiroyuki_Jinnai_Takehiro_Izushi_Hiroaki_Tsuru
0x0841D844	rom	0x19	gCreditsString_Executive_Director
0x0841D860	rom	0x15	gCreditsString_Satoshi_Tajiri
0x0841D878	rom	0x19	gCreditsString_Executive_Producer
0x0841D894	rom	0x13	gCreditsString_Satoru_Iwata
0x0841D8A8	rom	0x19	gCreditsString_Executive_Producer_2
0x0841D8C4	rom	0x18	gCreditsString_Tsunekaz_Ishihara
0x0841D8DC	rom	0x23	gCreditsString_English_Version_Coordinators
0x0841D900	rom	0x21	gCreditsString_Hiro_Nakamura_Seth_McMahill
0x0841D924	rom	0x1C	gCreditsString_Translator_Text_Editor
0x0841D940	rom	0x24	gCreditsString_Nob_Ogasawara_Teresa_Lillygren
0x0841D964	rom	0x12	gCreditsString_Programmers_2
0x0841D978	rom	0x3F	gCreditsString_Teruki_Murakawa_Souichi_Yamamoto_Yuichiro_Ito_Akira_Kinashi
0x0841D9B8	rom	0x25	gCreditsString_Environment_Tool_Programmers
0x0841D9E0	rom	0x36	gCreditsString_Teruki_Murakawa_Souichi_Yamamoto_Kimiko_Nakamichi
0x0841DA18	rom	0x1A	gCreditsString_NOA_Product_Testing
0x0841DA34	rom	0x31	gCreditsString_Thomas_Hertzog_Kathy_Huguenard_Mika_Kurosawa
0x0841DA68	rom	0x19	gCreditsString_Braille_Code_Check_2
0x0841DA84	rom	0x64	gCreditsString_National_Federation_of_the_Blind_Patricia_A_Maurer_Japan_Braille_Library_European_Blind_Union
0x0841DAE8	rom	0x19	gCreditsString_Braille_Code_Check_3
0x0841DB04	rom	0x3D	gCreditsString_National_Information_Library_Service_Margaret_Campion
0x0841DB44	rom	0x15	gCreditsString_Special_Thanks_4
0x0841DB5C	rom	0x44	gCreditsString_Takehiro_Izushi_Motoyasu_Tojima_Hitoshi_Yamagami_Hiroyuki_Uesugi
0x0841DBA0	rom	0x15	gCreditsString_Special_Thanks_5
0x0841DBB8	rom	0x4A	gCreditsString_Nicola_Pratt_Barlow_Shellie_Dow_Anthony_Howitt_Naoko_Saeki_Kyoko_Onishi
0x0841DC04	rom	0x19	gCreditsString_Braille_Code_Check_4
0x0841DC20	rom	0x3D	gCreditsString_The_Royal_New_Zealand_Foundation_of_the_Blind_Greg_Moran
0x0841DC60	rom	0x17	gCreditsString_Graphic_Designer
0x0841DC78	rom	0x14	gCreditsString_Akira_Kinashi
0x0841DC8C	rom	0x1	gJPText_MysteryGift
0x0841DC8D	rom	0x1	gJPText_DecideStop
0x0841DC8E	rom	0x1	gJPText_ReceiveMysteryGiftWithEReader
0x0841DC8F	rom	0x1	gJPText_SelectConnectFromEReaderMenu
0x0841DC90	rom	0x1	gJPText_SelectConnectWithGBA
0x0841DC91	rom	0x27	gJPText_SelectConnectAndPressA
0x0841DCB8	rom	0x1	gJPText_LinkIsIncorrect
0x0841DCB9	rom	0x1	gJPText_CardReadingHasBeenHalted
0x0841DCBA	rom	0x17	gJPText_UnableConnectWithEReader
0x0841DCD1	rom	0x1	gJPText_Connecting
0x0841DCD2	rom	0x1	gJPText_ConnectionErrorCheckLink
0x0841DCD3	rom	0x1	gJPText_ConnectionErrorTryAgain
0x0841DCD4	rom	0x1	gJPText_AllowEReaderToLoadCard
0x0841DCD5	rom	0x1	gJPText_ConnectionComplete
0x0841DCD6	rom	0x1	gJPText_NewTrainerHasComeToSevii
0x0841DCD7	rom	0x1	gJPText_PleaseWaitAMoment
0x0841DCD8	rom	0x1	gJPText_WriteErrorUnableToSaveData
0x0841DCD9	rom	0x53	gText_CommErrorCheckConnections
0x0841DD2C	rom	0x15	gText_CommErrorEllipsis
0x0841DD41	rom	0x47	gText_MoveCloserToLinkPartner
0x0841DD88	rom	0x1F	gText_ABtnRegistrationCounter
0x0841DDA7	rom	0x17	gText_ABtnTitleScreen
0x0841DDBE	rom	0x9	gText_NumPlayerLink
0x0841DDC7	rom	0x7	gText_BronzeCard
0x0841DDCE	rom	0x7	gText_CopperCard
0x0841DDD5	rom	0x7	gText_SilverCard
0x0841DDDC	rom	0x5	gText_GoldCard
0x0841DDE1	rom	0x7	gText_HelpSystemControls_A_Next
0x0841DDE8	rom	0x12	gText_HelpSystemControls_PickOkEnd
0x0841DDFA	rom	0xB	gText_HelpSystemControls_AorBtoCancel
0x0841DE05	rom	0x15	gText_HelpSystemControls_PickOkCancel
0x0841DE1A	rom	0x8	gEasyChatGroupName_Pokemon
0x0841DE22	rom	0x8	gEasyChatGroupName_Trainer
0x0841DE2A	rom	0x7	gEasyChatGroupName_Status
0x0841DE31	rom	0x7	gEasyChatGroupName_Battle
0x0841DE38	rom	0xA	gEasyChatGroupName_Greetings
0x0841DE42	rom	0x7	gEasyChatGroupName_People
0x0841DE49	rom	0x7	gEasyChatGroupName_Voices
0x0841DE50	rom	0x7	gEasyChatGroupName_Speech
0x0841DE57	rom	0x8	gEasyChatGroupName_Endings
0x0841DE5F	rom	0x9	gEasyChatGroupName_Feelings
0x0841DE68	rom	0xB	gEasyChatGroupName_Conditions
0x0841DE73	rom	0x8	gEasyChatGroupName_Actions
0x0841DE7B	rom	0xA	gEasyChatGroupName_Lifestyle
0x0841DE85	rom	0x8	gEasyChatGroupName_Hobbies
0x0841DE8D	rom	0x5	gEasyChatGroupName_Time
0x0841DE92	rom	0x6	gEasyChatGroupName_Misc
0x0841DE98	rom	0xB	gEasyChatGroupName_Adjectives
0x0841DEA3	rom	0x7	gEasyChatGroupName_Events
0x0841DEAA	rom	0x7	gEasyChatGroupName_Move1
0x0841DEB1	rom	0x7	gEasyChatGroupName_Move2
0x0841DEB8	rom	0xE	gEasyChatGroupName_TrendySaying
0x0841DEC6	rom	0x9	gEasyChatGroupName_Pokemon2
0x0841DECF	rom	0x4	gText_ThreeQuestionMarks
0x0841DED3	rom	0x1	gText_UnusedEmpty
0x0841DED4	rom	0x3	gText_UnusedLv
0x0841DED7	rom	0x4	gText_UnusedDashes
0x0841DEDB	rom	0x5	gText_4Qmark
0x0841DEE0	rom	0x1	gText_UnusedEmpty2
0x0841DEE1	rom	0x14	gText_IsThisTradeOkay
0x0841DEF5	rom	0x7	gTradeText_Cancel
0x0841DEFC	rom	0x12	gTradeText_ChooseAPokemon
0x0841DF0E	rom	0x8	gTradeText_Summary
0x0841DF16	rom	0x6	gTradeText_Trade
0x0841DF1C	rom	0xE	gText_CancelTrade
0x0841DF2A	rom	0x1C	gTradeText_PressBButtonToExit
0x0841DF46	rom	0x8	gText_TradeAction_Summary
0x0841DF4E	rom	0x6	gText_TradeAction_Trade
0x0841DF54	rom	0x2D	gText_Trade_CommunicationStandby
0x0841DF81	rom	0x26	gText_TradeHasBeenCanceled
0x0841DFA7	rom	0x2E	gText_Trade_OnlyPkmnForBattle
0x0841DFD5	rom	0x2C	gText_WaitingForFriendToFinish
0x0841E001	rom	0x24	gText_FriendWantsToTrade
0x0841E025	rom	0x17	gText_XWillBeSentToY
0x0841E03C	rom	0xD	gText_ByeByeVar1
0x0841E049	rom	0x11	gText_XSentOverY
0x0841E05A	rom	0x16	gText_TakeGoodCareOfX
0x0841E070	rom	0x6	gText_From
0x0841E076	rom	0x1	gText_Empty1
0x0841E077	rom	0x1	gText_Empty2
0x0841E078	rom	0x1	gText_Empty3
0x0841E079	rom	0x1	gText_Empty4
0x0841E07A	rom	0x1	gText_Empty5
0x0841E07B	rom	0x1	gText_Empty6
0x0841E07C	rom	0x1	gText_Empty7
0x0841E07D	rom	0x1	gText_Empty8
0x0841E07E	rom	0x1	gText_Empty9
0x0841E07F	rom	0x1	gText_Empty10
0x0841E080	rom	0x1	gText_Empty11
0x0841E081	rom	0x1E	gText_WirelessCommunicationStatus
0x0841E09F	rom	0x10	gText_PeopleTrading
0x0841E0AF	rom	0x11	gText_PeopleBattling
0x0841E0C0	rom	0x1A	gText_PeopleInUnionRoom
0x0841E0DA	rom	0x16	gText_PeopleCommunicating
0x0841E0F0	rom	0xB	gText_Dynamic0Players
0x0841E0FB	rom	0xA	gText_Dynamic1Players
0x0841E105	rom	0xB	gText_Dynamic2Players
0x0841E110	rom	0xB	gText_Dynamic3Players
0x0841E11B	rom	0xD	gText_DPadChooseAButtonConfirm
0x0841E128	rom	0x9	gText_BButtonCancel
0x0841E131	rom	0x2D	gText_ChooseBattleLineup
0x0841E15E	rom	0x3	gText_UnusedId
0x0841E161	rom	0x17	gText_CommunicationStandby5
0x0841E178	rom	0x25	gDaycareText_GetAlongVeryWell
0x0841E19D	rom	0x1B	gDaycareText_GetAlong
0x0841E1B8	rom	0x2C	gDaycareText_DontLikeOther
0x0841E1E4	rom	0x3B	gDaycareText_PlayOther
0x0841E21F	rom	0x18	gText_TeachWhichMoveToMon
0x0841E237	rom	0xA	gText_TeachMoveQues
0x0841E241	rom	0xF	gText_MonLearnedMove
0x0841E250	rom	0x6D	gText_MonIsTryingToLearnMove
0x0841E2BD	rom	0x12	gText_StopLearningMove
0x0841E2CF	rom	0x2D	gText_1_2_and_Poof
0x0841E2FC	rom	0x22	gText_MonForgotOldMoveAndMonLearnedNewMove
0x0841E31E	rom	0x2A	gText_GiveUpTryingToTeachNewMove
0x0841E348	rom	0x21	gText_WhichMoveShouldBeForgotten
0x0841E369	rom	0xB	gText_TenDashes
0x0841E374	rom	0x3A	gText_CommStandbyAwaitingOtherPlayer
0x0841E3AE	rom	0x1B	gText_BattleWasRefused
0x0841E3C9	rom	0x17	gText_RefusedBattle
0x0841E3E0	rom	0x15	gFameCheckerText_MainScreenUI
0x0841E3F5	rom	0x19	gFameCheckerText_PickScreenUI
0x0841E40E	rom	0x17	gFameCheckerText_FlavorTextUI
0x0841E425	rom	0x4	gFameCheckerOakName
0x0841E429	rom	0x6	gFameCheckerDaisyName
0x0841E42F	rom	0x5	gFameCheckerBillName
0x0841E434	rom	0x5	gFameCheckerMrFujiName
0x0841E439	rom	0x42	gText_VarietyOfEventsImportedWireless
0x0841E47B	rom	0x2A	gText_WonderCardsInPossession
0x0841E4A5	rom	0x1C	gText_ReadNewsThatArrived
0x0841E4C1	rom	0x1C	gText_ReturnToTitle
0x0841E4DD	rom	0x3B	gText_DontHaveCardNewOneInput
0x0841E518	rom	0x3B	gText_DontHaveNewsNewOneInput
0x0841E553	rom	0x2A	gText_WhereShouldCardBeAccessed
0x0841E57D	rom	0x2A	gText_WhereShouldNewsBeAccessed
0x0841E5A7	rom	0x29	gText_LinkStandyBButtonCancel
0x0841E5D0	rom	0xF	gText_Communicating
0x0841E5DF	rom	0x19	gText_CommunicationCompleted
0x0841E5F8	rom	0x15	gText_CommunicationError
0x0841E60D	rom	0x21	gText_CommunicationCanceled
0x0841E62E	rom	0x31	gText_ThrowAwayWonderCard
0x0841E65F	rom	0x43	gText_HaventReceivedCardsGift
0x0841E6A2	rom	0x29	gText_WonderCardReceivedFrom
0x0841E6CB	rom	0x2E	gText_WonderNewsReceivedFrom
0x0841E6F9	rom	0x25	gText_WonderCardReceived
0x0841E71E	rom	0x2A	gText_WonderNewsReceived
0x0841E748	rom	0x1F	gText_NewStampReceived
0x0841E767	rom	0x1B	gText_NewTrainerReceived
0x0841E782	rom	0x22	gText_AlreadyHadCard
0x0841E7A4	rom	0x27	gText_AlreadyHadNews
0x0841E7CB	rom	0x1C	gText_AlreadyHadStamp
0x0841E7E7	rom	0x28	gText_NoMoreRoomForStamps
0x0841E80F	rom	0x3A	gText_RecordUploadedViaWireless
0x0841E849	rom	0x32	gText_CantAcceptCardFromTrainer
0x0841E87B	rom	0x30	gText_CantAcceptNewsFromTrainer
0x0841E8AB	rom	0x17	gText_NothingSentOver
0x0841E8C2	rom	0x31	gText_WhatToDoWithCards
0x0841E8F3	rom	0x30	gText_WhatToDoWithNews
0x0841E923	rom	0x1A	gText_SendingWonderCard
0x0841E93D	rom	0x1F	gText_SendingWonderNews
0x0841E95C	rom	0x26	gText_WonderCardSentTo
0x0841E982	rom	0x2B	gText_WonderNewsSentTo
0x0841E9AD	rom	0x1D	gText_StampSentTo
0x0841E9CA	rom	0x1C	gText_GiftSentTo
0x0841E9E6	rom	0x34	gText_OtherTrainerHasCard
0x0841EA1A	rom	0x34	gText_OtherTrainerHasNews
0x0841EA4E	rom	0x2E	gText_OtherTrainerHasStamp
0x0841EA7C	rom	0x2A	gText_OtherTrainerCanceled
0x0841EAA6	rom	0x2F	gText_CantSendGiftToTrainer
0x0841EAD5	rom	0x3A	gText_IfThrowAwayCardEventWontHappen
0x0841EB0F	rom	0x26	gText_OkayToDiscardNews
0x0841EB35	rom	0x36	gText_HaventReceivedGiftOkayToDiscard
0x0841EB6B	rom	0x21	gText_DataWillBeSaved
0x0841EB8C	rom	0x2B	gText_SaveCompletedPressA
0x0841EBB7	rom	0x21	gText_WonderCardThrownAway
0x0841EBD8	rom	0x21	gText_WonderNewsThrownAway
0x0841EBF9	rom	0xD	gText_MysteryGift2
0x0841EC06	rom	0x13	gText_PickOKCancel
0x0841EC19	rom	0xD	gText_WonderCards
0x0841EC26	rom	0xC	gText_WonderNews
0x0841EC32	rom	0x17	gText_WirelessCommunication
0x0841EC49	rom	0x7	gText_Friend2
0x0841EC50	rom	0x5	gText_Exit3
0x0841EC55	rom	0x8	gText_Receive
0x0841EC5D	rom	0x5	gText_Send
0x0841EC62	rom	0x5	gText_Toss
0x0841EC67	rom	0x17	gText_DelAllCancelOk
0x0841EC80	rom	0x20	sSaveFailedScreenPals
0x0841ECA0	rom	0x4	sBgTemplates
0x0841ECA4	rom	0x18	sWindowTemplates
0x0841ECBC	rom	0x3	sTextColor
0x0841ECC0	rom	0x20	sEvolutionSparklesPalData
0x0841ECE0	rom	0x20	sEvolutionSparklesTileData
0x0841ED00	rom	0x10	sSpriteSheet_EvolutionSparkles
0x0841ED10	rom	0x10	sSpritePalette_EvolutionSparkles
0x0841ED20	rom	0x8	sOamData_EvolutionSparkles
0x0841ED28	rom	0x8	sSpriteAnim_EvolutionSparkles_0
0x0841ED30	rom	0x4	sSpriteAnimTable_EvolutionSparkles
0x0841ED34	rom	0x18	sSpriteTemplate_EvolutionSparkles
0x0841ED4C	rom	0x18	sEvolutionSparkleMatrixScales
0x0841ED64	rom	0x20	sUnused
0x0841ED84	rom	0x280	sUnusedWindow_Gfx
0x0841F004	rom	0x240	gMenuMessageWindow_Gfx
0x0841F244	rom	0x20	gStandardMenuPalette
0x0841F264	rom	0x3	sTextSpeedFrameDelays
0x0841F268	rom	0x10	sStandardTextBox_WindowTemplates
0x0841F278	rom	0x8	sYesNo_WindowTemplate
0x0841F280	rom	0x60	gFontInfos
0x0841F2E0	rom	0x10	gMenuCursorDimensions
0x0841F2F0	rom	0x20	sTilemapDimensions
0x0841F310	rom	0x40	sViridianForestMapPreviewPalette
0x0841F350	rom	0x1884	sViridianForestMapPreviewTiles
0x08420BD4	rom	0x3D8	sViridianForestMapPreviewTilemap
0x08420FAC	rom	0x40	sRockTunnelMapPreviewPalette
0x08420FEC	rom	0x15A4	sRockTunnelMapPreviewTiles
0x08422590	rom	0x3F0	sRockTunnelMapPreviewTilemap
0x08422980	rom	0x40	sRocketHideoutMapPreviewPalette
0x084229C0	rom	0x7D8	sRocketHideoutMapPreviewTiles
0x08423198	rom	0x25C	sRocketHideoutMapPreviewTilemap
0x084233F4	rom	0x40	sPowerPlantMapPreviewPalette
0x08423434	rom	0x11D8	sPowerPlantMapPreviewTiles
0x0842460C	rom	0x3B4	sPowerPlantMapPreviewTilemap
0x084249C0	rom	0x40	sPokemonMansionMapPreviewPalette
0x08424A00	rom	0x1908	sPokemonMansionMapPreviewTiles
0x08426308	rom	0x3DC	sPokemonMansionMapPreviewTilemap
0x084266E4	rom	0x40	sPokemonTowerMapPreviewPalette
0x08426724	rom	0xF44	sPokemonTowerMapPreviewTiles
0x08427668	rom	0x314	sPokemonTowerMapPreviewTilemap
0x0842797C	rom	0x40	sSilphCoMapPreviewPalette
0x084279BC	rom	0x11DC	sSilphCoMapPreviewTiles
0x08428B98	rom	0x3A0	sSilphCoMapPreviewTilemap
0x08428F38	rom	0x40	sMtMoonMapPreviewPalette
0x08428F78	rom	0x192C	sMtMoonMapPreviewTiles
0x0842A8A4	rom	0x398	sMtMoonMapPreviewTilemap
0x0842AC3C	rom	0x40	sSeafoamIslandsMapPreviewPalette
0x0842AC7C	rom	0x1528	sSeafoamIslandsMapPreviewTiles
0x0842C1A4	rom	0x3F8	sSeafoamIslandsMapPreviewTilemap
0x0842C59C	rom	0x40	sRocketWarehouseMapPreviewPalette
0x0842C5DC	rom	0x928	sRocketWarehouseMapPreviewTiles
0x0842CF04	rom	0x2BC	sRocketWarehouseMapPreviewTilemap
0x0842D1C0	rom	0x40	sVictoryRoadMapPreviewPalette
0x0842D200	rom	0x171C	sVictoryRoadMapPreviewTiles
0x0842E91C	rom	0x3BC	sVictoryRoadMapPreviewTilemap
0x0842ECD8	rom	0x40	sMtEmberMapPreviewPalette
0x0842ED18	rom	0x16B4	sMtEmberMapPreviewTiles
0x084303CC	rom	0x38C	sMtEmberMapPreviewTilemap
0x08430758	rom	0x40	sSafariZoneMapPreviewPalette
0x08430798	rom	0x1510	sSafariZoneMapPreviewTiles
0x08431CA8	rom	0x360	sSafariZoneMapPreviewTilemap
0x08432008	rom	0x40	sMoneanChamberMapPreviewPalette
0x08432048	rom	0x14BC	sMoneanChamberMapPreviewTiles
0x08433504	rom	0x35C	sMoneanChamberMapPreviewTilemap
0x08433860	rom	0x40	sDottedHoleMapPreviewPalette
0x084338A0	rom	0x1260	sDottedHoleMapPreviewTiles
0x08434B00	rom	0x344	sDottedHoleMapPreviewTilemap
0x08434E44	rom	0x40	sCeruleanCaveMapPreviewPalette
0x08434E84	rom	0x13D0	sCeruleanCaveMapPreviewTiles
0x08436254	rom	0x3FC	sCeruleanCaveMapPreviewTilemap
0x08436650	rom	0x40	sDiglettsCaveMapPreviewPalette
0x08436690	rom	0x172C	sDiglettsCaveMapPreviewTiles
0x08437DBC	rom	0x3E4	sDiglettsCaveMapPreviewTilemap
0x084381A0	rom	0x40	sLostCaveMapPreviewPalette
0x084381E0	rom	0x124C	sLostCaveMapPreviewTiles
0x0843942C	rom	0x3E8	sLostCaveMapPreviewTilemap
0x08439814	rom	0x40	sBerryForestMapPreviewPalette
0x08439854	rom	0x1A0C	sBerryForestMapPreviewTiles
0x0843B260	rom	0x3E0	sBerryForestMapPreviewTilemap
0x0843B640	rom	0x40	sIcefallCaveMapPreviewPalette
0x0843B680	rom	0x1700	sIcefallCaveMapPreviewTiles
0x0843CD80	rom	0x3E0	sIcefallCaveMapPreviewTilemap
0x0843D160	rom	0x40	sAlteringCaveMapPreviewPalette
0x0843D1A0	rom	0x12B4	sAlteringCaveMapPreviewTiles
0x0843E454	rom	0x3D0	sAlteringCaveMapPreviewTilemap
0x0843E824	rom	0x1C0	sMapPreviewScreenData
0x0843E9E4	rom	0x8	sMapNameWindow
0x0843E9EC	rom	0x4	sMapPreviewBgTemplate
0x0843E9F0	rom	0x18	sRfuReqConfigTemplate
0x0843EA08	rom	0x5	sAvailSlots
0x0843EA10	rom	0x64	sAllBlocksReceived
0x0843EA74	rom	0x9	sSlotToLinkPlayerTableId
0x0843EA7D	rom	0x10	sPlayerBitsToCount
0x0843EA8D	rom	0x10	sPlayerBitsToNewChildIdx
0x0843EAA0	rom	0x28	sBlockRequests
0x0843EAC8	rom	0x6	sAcceptedSerialNos
0x0843EACE	rom	0xA5	sASCII_RfuCmds
0x0843EB73	rom	0x50	sASCII_RecoverCmds
0x0843EBC4	rom	0xC	sShutdownTasks
0x0843EC20	rom	0xF	sASCII_PokemonSioInfo
0x0843EC30	rom	0x4	sText_Akito
0x0843EC34	rom	0x16	sASCII_LinkLossDisconnect
0x0843EC4C	rom	0x17	sASCII_LinkLossRecoveryNow
0x0843EC64	rom	0x0	sASCII_30Spaces
0x0843EC83	rom	0x0	sASCII_15Spaces
0x0843EC93	rom	0x0	sASCII_8Spaces
0x0843EC9C	rom	0x0	sASCII_Space
0x0843EC9E	rom	0x0	sASCII_Asterisk
0x0843ECA0	rom	0x8	sASCII_NowSlot
0x0843ECA8	rom	0x3C	sASCII_ClockCmds
0x0843ECE4	rom	0x18	sASCII_ChildParentSearch
0x0843ECFC	rom	0x20	sWirelessLinkIconPalette
0x0843ED1C	rom	0x124	sWirelessLinkIconPic
0x0843EE40	rom	0x100	sWireless_ASCIItoRSETable
0x0843EF40	rom	0x100	sWireless_RSEtoASCIITable
0x0843F040	rom	0x8	sWirelessStatusIndicatorOamData
0x0843F048	rom	0x1C	sWirelessStatusIndicator_3Bars
0x0843F064	rom	0x14	sWirelessStatusIndicator_2Bars
0x0843F078	rom	0xC	sWirelessStatusIndicator_1Bar
0x0843F084	rom	0xC	sWirelessStatusIndicator_Searching
0x0843F090	rom	0xC	sWirelessStatusIndicator_Error
0x0843F09C	rom	0x14	sWirelessStatusIndicatorAnims
0x0843F0B0	rom	0x8	sWirelessStatusIndicatorSpriteSheet
0x0843F0B8	rom	0x8	sWirelessStatusIndicatorSpritePalette
0x0843F0C0	rom	0x18	sWirelessStatusIndicatorSpriteTemplate
0x0843F0D8	rom	0x8	sECPhrase_MysteryEventIsExciting
0x0843F0E0	rom	0x8	sECPhrase_LinkTogetherWithAll
0x0843F0E8	rom	0xF0	sEasyChatScreenTemplates
0x0843F1D8	rom	0x1C	sAlphabetLayout
0x0843F1F4	rom	0x20	sTriangleCursor_Pal
0x0843F214	rom	0x20	sRectangleCursor_Pal
0x0843F234	rom	0x20	sTriangleCursor_Gfx
0x0843F254	rom	0x100	sScrollIndicator_Gfx
0x0843F354	rom	0x100	sStartSelectButtons_Gfx
0x0843F454	rom	0x20	sRSInterviewFrame_Pal
0x0843F474	rom	0x134	sRSInterviewFrame_Gfx
0x0843F5A8	rom	0x20	sTextInputFrameOrange_Pal
0x0843F5C8	rom	0x20	sTextInputFrameGreen_Pal
0x0843F5E8	rom	0xC8	sTextInputFrame_Gfx
0x0843F6B0	rom	0x8	sTitleText_Pal
0x0843F6B8	rom	0xA	sText_Pal
0x0843F6C4	rom	0x18	sPhraseFrameDimensions
0x0843F6DC	rom	0x10	sEasyChatBgTemplates
0x0843F6EC	rom	0x20	sEasyChatWindowTemplates
0x0843F70C	rom	0x8	sEasyChatYesNoWindowTemplate
0x0843F714	rom	0x3	sText_Underscore
0x0843F717	rom	0x4	sText_Clear17
0x0843F71C	rom	0x10	sEasyChatKeyboardAlphabet
0x0843F72C	rom	0x20	sEasyChatSpriteSheets
0x0843F74C	rom	0x28	sEasyChatSpritePalettes
0x0843F774	rom	0x20	sEasyChatCompressedSpriteSheets
0x0843F794	rom	0x7	sAlphabetKeyboardColumnOffsets
0x0843F79C	rom	0x8	sOamData_TriangleCursor
0x0843F7A4	rom	0x18	sSpriteTemplate_TriangleCursor
0x0843F7BC	rom	0x8	sOamData_RectangleCursor
0x0843F7C4	rom	0x8	sAnim_RectangleCursor_OnGroup
0x0843F7CC	rom	0x8	sAnim_RectangleCursor_OnButton
0x0843F7D4	rom	0x8	sAnim_RectangleCursor_OnOthers
0x0843F7DC	rom	0x8	sAnim_RectangleCursor_OnLetter
0x0843F7E4	rom	0x10	sAnims_RectangleCursor
0x0843F7F4	rom	0x18	sSpriteTemplate_RectangleCursor
0x0843F80C	rom	0x8	sOamData_ModeWindow
0x0843F814	rom	0x8	sAnim_ModeWindow_Hidden
0x0843F81C	rom	0xC	sAnim_ModeWindow_ToGroup
0x0843F828	rom	0xC	sAnim_ModeWindow_ToAlphabet
0x0843F834	rom	0xC	sAnim_ModeWindow_ToHidden
0x0843F840	rom	0x8	sAnim_ModeWindow_Transition
0x0843F848	rom	0x14	sAnims_ModeWindow
0x0843F85C	rom	0x18	sSpriteTemplate_ModeWindow
0x0843F874	rom	0x8	sOamData_ButtonWindow
0x0843F87C	rom	0x18	sSpriteTemplate_ButtonWindow
0x0843F894	rom	0x8	sOamData_StartSelectButton
0x0843F89C	rom	0x8	sOamData_ScrollIndicator
0x0843F8A4	rom	0x8	sAnim_Frame0
0x0843F8AC	rom	0x8	sAnim_Frame1
0x0843F8B4	rom	0x8	sAnims_TwoFrame
0x0843F8BC	rom	0x18	sSpriteTemplate_StartSelectButtons
0x0843F8D4	rom	0x18	sSpriteTemplate_ScrollIndicator
0x0843F8EC	rom	0x674	gMonFootprintTable
0x0843FF60	rom	0x150	sCategoryMonInfoBgTiles
0x084400B0	rom	0x138	sKantoDexTiles
0x084401E8	rom	0x11C	sNatDexTiles
0x08440304	rom	0x200	sKantoDexPalette
0x08440504	rom	0x18	sDexScreen_CategoryCursorPals
0x0844051C	rom	0x200	sNationalDexPalette
0x0844071C	rom	0x2F8	sTopMenuIconTiles_Cave
0x08440A14	rom	0x318	sTopMenuIconTiles_Urban
0x08440D2C	rom	0x23C	sTopMenuSelectionIconTiles_Cancel
0x08440F68	rom	0x390	sTopMenuIconTiles_Forest
0x084412F8	rom	0x34C	sTopMenuIconTiles_Grassland
0x08441644	rom	0x238	sTopMenuIconTiles_QuestionMark
0x0844187C	rom	0x314	sTopMenuIconTiles_Mountain
0x08441B90	rom	0x2B0	sTopMenuIconTiles_Rare
0x08441E40	rom	0x238	sTopMenuIconTiles_Sea
0x08442078	rom	0x2A8	sTopMenuIconTiles_Numerical
0x08442320	rom	0x354	sTopMenuIconTiles_RoughTerrain
0x08442674	rom	0x388	sTopMenuIconTiles_WatersEdge
0x084429FC	rom	0x338	sTopMenuIconTiles_Type
0x08442D34	rom	0x294	sTopMenuIconTiles_Lightest
0x08442FC8	rom	0x294	sTopMenuIconTiles_Smallest
0x0844325C	rom	0x20	sTopMenuIconPals_Cave
0x0844327C	rom	0x20	sTopMenuIconPals_Urban
0x0844329C	rom	0x20	sTopMenuSelectionIconPals_Cancel
0x084432BC	rom	0x20	sTopMenuIconPals_Forest
0x084432DC	rom	0x20	sTopMenuIconPals_Grassland
0x084432FC	rom	0x20	sTopMenuIconPals_QuestionMark
0x0844331C	rom	0x20	sTopMenuIconPals_Mountain
0x0844333C	rom	0x20	sTopMenuIconPals_Rare
0x0844335C	rom	0x20	sTopMenuIconPals_Sea
0x0844337C	rom	0x20	sTopMenuIconPals_Numerical
0x0844339C	rom	0x20	sTopMenuIconPals_RoughTerrain
0x084433BC	rom	0x20	sTopMenuIconPals_WatersEdge
0x084433DC	rom	0x20	sTopMenuIconPals_Type
0x084433FC	rom	0x20	sTopMenuIconPals_Lightest
0x0844341C	rom	0x20	sTopMenuIconPals_Smallest
0x0844343C	rom	0x20	sDexScreen_CaughtIcon
0x0844345C	rom	0x2F0	sTilemap_AreaMap_Kanto
0x0844374C	rom	0x78	sTilemap_AreaMap_OneIsland
0x084437C4	rom	0x74	sTilemap_AreaMap_TwoIsland
0x08443838	rom	0x7C	sTilemap_AreaMap_ThreeIsland
0x084438B4	rom	0x80	sTilemap_AreaMap_FourIsland
0x08443934	rom	0xB8	sTilemap_AreaMap_FiveIsland
0x084439EC	rom	0xA4	sTilemap_AreaMap_SixIsland
0x08443A90	rom	0xAC	sTilemap_AreaMap_SevenIsland
0x08443B3C	rom	0x2C0	sBlitTiles_WideEllipse
0x08443DFC	rom	0x336	gPokedexOrder_Alphabetical
0x08444132	rom	0x304	gPokedexOrder_Weight
0x08444436	rom	0x304	gPokedexOrder_Height
0x0844473A	rom	0x336	gPokedexOrder_Type
0x08444A70	rom	0x1	gExpandedPlaceholder_PokedexDescription
0x08444A71	rom	0x7C	gDummyPokedexText
0x08444AED	rom	0x1	gDummyPokedexTextUnused
0x08444AEE	rom	0x60	gBulbasaurPokedexText
0x08444B4E	rom	0x1	gBulbasaurPokedexTextUnused
0x08444B4F	rom	0x61	gIvysaurPokedexText
0x08444BB0	rom	0x1	gIvysaurPokedexTextUnused
0x08444BB1	rom	0x5B	gVenusaurPokedexText
0x08444C0C	rom	0x2	gVenusaurPokedexTextUnused
0x08444C0E	rom	0x64	gCharmanderPokedexText
0x08444C72	rom	0x1	gCharmanderPokedexTextUnused
0x08444C73	rom	0x5D	gCharmeleonPokedexText
0x08444CD0	rom	0x1	gCharmeleonPokedexTextUnused
0x08444CD1	rom	0x60	gCharizardPokedexText
0x08444D31	rom	0x1	gCharizardPokedexTextUnused
0x08444D32	rom	0x62	gSquirtlePokedexText
0x08444D94	rom	0x1	gSquirtlePokedexTextUnused
0x08444D95	rom	0x68	gWartortlePokedexText
0x08444DFD	rom	0x1	gWartortlePokedexTextUnused
0x08444DFE	rom	0x5C	gBlastoisePokedexText
0x08444E5A	rom	0x1	gBlastoisePokedexTextUnused
0x08444E5B	rom	0x61	gCaterpiePokedexText
0x08444EBC	rom	0x1	gCaterpiePokedexTextUnused
0x08444EBD	rom	0x61	gMetapodPokedexText
0x08444F1E	rom	0x2	gMetapodPokedexTextUnused
0x08444F20	rom	0x58	gButterfreePokedexText
0x08444F78	rom	0x2	gButterfreePokedexTextUnused
0x08444F7A	rom	0x5F	gWeedlePokedexText
0x08444FD9	rom	0x1	gWeedlePokedexTextUnused
0x08444FDA	rom	0x6B	gKakunaPokedexText
0x08445045	rom	0x1	gKakunaPokedexTextUnused
0x08445046	rom	0x60	gBeedrillPokedexText
0x084450A6	rom	0x1	gBeedrillPokedexTextUnused
0x084450A7	rom	0x62	gPidgeyPokedexText
0x08445109	rom	0x1	gPidgeyPokedexTextUnused
0x0844510A	rom	0x64	gPidgeottoPokedexText
0x0844516E	rom	0x1	gPidgeottoPokedexTextUnused
0x0844516F	rom	0x64	gPidgeotPokedexText
0x084451D3	rom	0x1	gPidgeotPokedexTextUnused
0x084451D4	rom	0x5B	gRattataPokedexText
0x0844522F	rom	0x1	gRattataPokedexTextUnused
0x08445230	rom	0x5C	gRaticatePokedexText
0x0844528C	rom	0x1	gRaticatePokedexTextUnused
0x0844528D	rom	0x5A	gSpearowPokedexText
0x084452E7	rom	0x1	gSpearowPokedexTextUnused
0x084452E8	rom	0x5D	gFearowPokedexText
0x08445345	rom	0x1	gFearowPokedexTextUnused
0x08445346	rom	0x5E	gEkansPokedexText
0x084453A4	rom	0x1	gEkansPokedexTextUnused
0x084453A5	rom	0x59	gArbokPokedexText
0x084453FE	rom	0x1	gArbokPokedexTextUnused
0x084453FF	rom	0x5E	gPikachuPokedexText
0x0844545D	rom	0x1	gPikachuPokedexTextUnused
0x0844545E	rom	0x54	gRaichuPokedexText
0x084454B2	rom	0x1	gRaichuPokedexTextUnused
0x084454B3	rom	0x5D	gSandshrewPokedexText
0x08445510	rom	0x1	gSandshrewPokedexTextUnused
0x08445511	rom	0x5D	gSandslashPokedexText
0x0844556E	rom	0x1	gSandslashPokedexTextUnused
0x0844556F	rom	0x60	gNidoranFPokedexText
0x084455CF	rom	0x1	gNidoranFPokedexTextUnused
0x084455D0	rom	0x58	gNidorinaPokedexText
0x08445628	rom	0x1	gNidorinaPokedexTextUnused
0x08445629	rom	0x5D	gNidoqueenPokedexText
0x08445686	rom	0x1	gNidoqueenPokedexTextUnused
0x08445687	rom	0x63	gNidoranMPokedexText
0x084456EA	rom	0x1	gNidoranMPokedexTextUnused
0x084456EB	rom	0x5F	gNidorinoPokedexText
0x0844574A	rom	0x1	gNidorinoPokedexTextUnused
0x0844574B	rom	0x56	gNidokingPokedexText
0x084457A1	rom	0x1	gNidokingPokedexTextUnused
0x084457A2	rom	0x65	gClefairyPokedexText
0x08445807	rom	0x1	gClefairyPokedexTextUnused
0x08445808	rom	0x5D	gClefablePokedexText
0x08445865	rom	0x1	gClefablePokedexTextUnused
0x08445866	rom	0x63	gVulpixPokedexText
0x084458C9	rom	0x1	gVulpixPokedexTextUnused
0x084458CA	rom	0x61	gNinetalesPokedexText
0x0844592B	rom	0x1	gNinetalesPokedexTextUnused
0x0844592C	rom	0x63	gJigglypuffPokedexText
0x0844598F	rom	0x1	gJigglypuffPokedexTextUnused
0x08445990	rom	0x68	gWigglytuffPokedexText
0x084459F8	rom	0x1	gWigglytuffPokedexTextUnused
0x084459F9	rom	0x6C	gZubatPokedexText
0x08445A65	rom	0x1	gZubatPokedexTextUnused
0x08445A66	rom	0x62	gGolbatPokedexText
0x08445AC8	rom	0x1	gGolbatPokedexTextUnused
0x08445AC9	rom	0x66	gOddishPokedexText
0x08445B2F	rom	0x1	gOddishPokedexTextUnused
0x08445B30	rom	0x5E	gGloomPokedexText
0x08445B8E	rom	0x1	gGloomPokedexTextUnused
0x08445B8F	rom	0x65	gVileplumePokedexText
0x08445BF4	rom	0x1	gVileplumePokedexTextUnused
0x08445BF5	rom	0x63	gParasPokedexText
0x08445C58	rom	0x1	gParasPokedexTextUnused
0x08445C59	rom	0x67	gParasectPokedexText
0x08445CC0	rom	0x1	gParasectPokedexTextUnused
0x08445CC1	rom	0x5A	gVenonatPokedexText
0x08445D1B	rom	0x1	gVenonatPokedexTextUnused
0x08445D1C	rom	0x5F	gVenomothPokedexText
0x08445D7B	rom	0x1	gVenomothPokedexTextUnused
0x08445D7C	rom	0x62	gDiglettPokedexText
0x08445DDE	rom	0x1	gDiglettPokedexTextUnused
0x08445DDF	rom	0x5C	gDugtrioPokedexText
0x08445E3B	rom	0x1	gDugtrioPokedexTextUnused
0x08445E3C	rom	0x62	gMeowthPokedexText
0x08445E9E	rom	0x1	gMeowthPokedexTextUnused
0x08445E9F	rom	0x62	gPersianPokedexText
0x08445F01	rom	0x1	gPersianPokedexTextUnused
0x08445F02	rom	0x61	gPsyduckPokedexText
0x08445F63	rom	0x1	gPsyduckPokedexTextUnused
0x08445F64	rom	0x62	gGolduckPokedexText
0x08445FC6	rom	0x1	gGolduckPokedexTextUnused
0x08445FC7	rom	0x60	gMankeyPokedexText
0x08446027	rom	0x1	gMankeyPokedexTextUnused
0x08446028	rom	0x62	gPrimeapePokedexText
0x0844608A	rom	0x1	gPrimeapePokedexTextUnused
0x0844608B	rom	0x61	gGrowlithePokedexText
0x084460EC	rom	0x1	gGrowlithePokedexTextUnused
0x084460ED	rom	0x55	gArcaninePokedexText
0x08446142	rom	0x1	gArcaninePokedexTextUnused
0x08446143	rom	0x5F	gPoliwagPokedexText
0x084461A2	rom	0x1	gPoliwagPokedexTextUnused
0x084461A3	rom	0x60	gPoliwhirlPokedexText
0x08446203	rom	0x1	gPoliwhirlPokedexTextUnused
0x08446204	rom	0x64	gPoliwrathPokedexText
0x08446268	rom	0x1	gPoliwrathPokedexTextUnused
0x08446269	rom	0x58	gAbraPokedexText
0x084462C1	rom	0x1	gAbraPokedexTextUnused
0x084462C2	rom	0x56	gKadabraPokedexText
0x08446318	rom	0x1	gKadabraPokedexTextUnused
0x08446319	rom	0x65	gAlakazamPokedexText
0x0844637E	rom	0x1	gAlakazamPokedexTextUnused
0x0844637F	rom	0x5D	gMachopPokedexText
0x084463DC	rom	0x1	gMachopPokedexTextUnused
0x084463DD	rom	0x65	gMachokePokedexText
0x08446442	rom	0x1	gMachokePokedexTextUnused
0x08446443	rom	0x56	gMachampPokedexText
0x08446499	rom	0x1	gMachampPokedexTextUnused
0x0844649A	rom	0x67	gBellsproutPokedexText
0x08446501	rom	0x1	gBellsproutPokedexTextUnused
0x08446502	rom	0x5D	gWeepinbellPokedexText
0x0844655F	rom	0x1	gWeepinbellPokedexTextUnused
0x08446560	rom	0x5D	gVictreebelPokedexText
0x084465BD	rom	0x1	gVictreebelPokedexTextUnused
0x084465BE	rom	0x60	gTentacoolPokedexText
0x0844661E	rom	0x1	gTentacoolPokedexTextUnused
0x0844661F	rom	0x63	gTentacruelPokedexText
0x08446682	rom	0x1	gTentacruelPokedexTextUnused
0x08446683	rom	0x5F	gGeodudePokedexText
0x084466E2	rom	0x1	gGeodudePokedexTextUnused
0x084466E3	rom	0x61	gGravelerPokedexText
0x08446744	rom	0x1	gGravelerPokedexTextUnused
0x08446745	rom	0x68	gGolemPokedexText
0x084467AD	rom	0x1	gGolemPokedexTextUnused
0x084467AE	rom	0x66	gPonytaPokedexText
0x08446814	rom	0x1	gPonytaPokedexTextUnused
0x08446815	rom	0x5E	gRapidashPokedexText
0x08446873	rom	0x1	gRapidashPokedexTextUnused
0x08446874	rom	0x58	gSlowpokePokedexText
0x084468CC	rom	0x1	gSlowpokePokedexTextUnused
0x084468CD	rom	0x5E	gSlowbroPokedexText
0x0844692B	rom	0x1	gSlowbroPokedexTextUnused
0x0844692C	rom	0x65	gMagnemitePokedexText
0x08446991	rom	0x1	gMagnemitePokedexTextUnused
0x08446992	rom	0x5C	gMagnetonPokedexText
0x084469EE	rom	0x1	gMagnetonPokedexTextUnused
0x084469EF	rom	0x63	gFarfetchdPokedexText
0x08446A52	rom	0x1	gFarfetchdPokedexTextUnused
0x08446A53	rom	0x5C	gDoduoPokedexText
0x08446AAF	rom	0x1	gDoduoPokedexTextUnused
0x08446AB0	rom	0x67	gDodrioPokedexText
0x08446B17	rom	0x1	gDodrioPokedexTextUnused
0x08446B18	rom	0x5D	gSeelPokedexText
0x08446B75	rom	0x1	gSeelPokedexTextUnused
0x08446B76	rom	0x66	gDewgongPokedexText
0x08446BDC	rom	0x1	gDewgongPokedexTextUnused
0x08446BDD	rom	0x63	gGrimerPokedexText
0x08446C40	rom	0x1	gGrimerPokedexTextUnused
0x08446C41	rom	0x60	gMukPokedexText
0x08446CA1	rom	0x1	gMukPokedexTextUnused
0x08446CA2	rom	0x58	gShellderPokedexText
0x08446CFA	rom	0x1	gShellderPokedexTextUnused
0x08446CFB	rom	0x59	gCloysterPokedexText
0x08446D54	rom	0x1	gCloysterPokedexTextUnused
0x08446D55	rom	0x5E	gGastlyPokedexText
0x08446DB3	rom	0x1	gGastlyPokedexTextUnused
0x08446DB4	rom	0x5D	gHaunterPokedexText
0x08446E11	rom	0x1	gHaunterPokedexTextUnused
0x08446E12	rom	0x60	gGengarPokedexText
0x08446E72	rom	0x1	gGengarPokedexTextUnused
0x08446E73	rom	0x60	gOnixPokedexText
0x08446ED3	rom	0x1	gOnixPokedexTextUnused
0x08446ED4	rom	0x63	gDrowzeePokedexText
0x08446F37	rom	0x1	gDrowzeePokedexTextUnused
0x08446F38	rom	0x61	gHypnoPokedexText
0x08446F99	rom	0x1	gHypnoPokedexTextUnused
0x08446F9A	rom	0x5C	gKrabbyPokedexText
0x08446FF6	rom	0x1	gKrabbyPokedexTextUnused
0x08446FF7	rom	0x68	gKinglerPokedexText
0x0844705F	rom	0x1	gKinglerPokedexTextUnused
0x08447060	rom	0x5B	gVoltorbPokedexText
0x084470BB	rom	0x1	gVoltorbPokedexTextUnused
0x084470BC	rom	0x65	gElectrodePokedexText
0x08447121	rom	0x1	gElectrodePokedexTextUnused
0x08447122	rom	0x59	gExeggcutePokedexText
0x0844717B	rom	0x1	gExeggcutePokedexTextUnused
0x0844717C	rom	0x63	gExeggutorPokedexText
0x084471DF	rom	0x1	gExeggutorPokedexTextUnused
0x084471E0	rom	0x5A	gCubonePokedexText
0x0844723A	rom	0x1	gCubonePokedexTextUnused
0x0844723B	rom	0x63	gMarowakPokedexText
0x0844729E	rom	0x1	gMarowakPokedexTextUnused
0x0844729F	rom	0x64	gHitmonleePokedexText
0x08447303	rom	0x1	gHitmonleePokedexTextUnused
0x08447304	rom	0x67	gHitmonchanPokedexText
0x0844736B	rom	0x1	gHitmonchanPokedexTextUnused
0x0844736C	rom	0x65	gLickitungPokedexText
0x084473D1	rom	0x1	gLickitungPokedexTextUnused
0x084473D2	rom	0x66	gKoffingPokedexText
0x08447438	rom	0x1	gKoffingPokedexTextUnused
0x08447439	rom	0x5B	gWeezingPokedexText
0x08447494	rom	0x1	gWeezingPokedexTextUnused
0x08447495	rom	0x66	gRhyhornPokedexText
0x084474FB	rom	0x1	gRhyhornPokedexTextUnused
0x084474FC	rom	0x65	gRhydonPokedexText
0x08447561	rom	0x1	gRhydonPokedexTextUnused
0x08447562	rom	0x5D	gChanseyPokedexText
0x084475BF	rom	0x1	gChanseyPokedexTextUnused
0x084475C0	rom	0x63	gTangelaPokedexText
0x08447623	rom	0x1	gTangelaPokedexTextUnused
0x08447624	rom	0x5D	gKangaskhanPokedexText
0x08447681	rom	0x1	gKangaskhanPokedexTextUnused
0x08447682	rom	0x5C	gHorseaPokedexText
0x084476DE	rom	0x1	gHorseaPokedexTextUnused
0x084476DF	rom	0x63	gSeadraPokedexText
0x08447742	rom	0x1	gSeadraPokedexTextUnused
0x08447743	rom	0x62	gGoldeenPokedexText
0x084477A5	rom	0x1	gGoldeenPokedexTextUnused
0x084477A6	rom	0x5A	gSeakingPokedexText
0x08447800	rom	0x1	gSeakingPokedexTextUnused
0x08447801	rom	0x58	gStaryuPokedexText
0x08447859	rom	0x1	gStaryuPokedexTextUnused
0x0844785A	rom	0x62	gStarmiePokedexText
0x084478BC	rom	0x1	gStarmiePokedexTextUnused
0x084478BD	rom	0x62	gMrmimePokedexText
0x0844791F	rom	0x1	gMrmimePokedexTextUnused
0x08447920	rom	0x65	gScytherPokedexText
0x08447985	rom	0x1	gScytherPokedexTextUnused
0x08447986	rom	0x5D	gJynxPokedexText
0x084479E3	rom	0x1	gJynxPokedexTextUnused
0x084479E4	rom	0x5C	gElectabuzzPokedexText
0x08447A40	rom	0x1	gElectabuzzPokedexTextUnused
0x08447A41	rom	0x5B	gMagmarPokedexText
0x08447A9C	rom	0x1	gMagmarPokedexTextUnused
0x08447A9D	rom	0x59	gPinsirPokedexText
0x08447AF6	rom	0x1	gPinsirPokedexTextUnused
0x08447AF7	rom	0x5C	gTaurosPokedexText
0x08447B53	rom	0x1	gTaurosPokedexTextUnused
0x08447B54	rom	0x63	gMagikarpPokedexText
0x08447BB7	rom	0x1	gMagikarpPokedexTextUnused
0x08447BB8	rom	0x60	gGyaradosPokedexText
0x08447C18	rom	0x1	gGyaradosPokedexTextUnused
0x08447C19	rom	0x5A	gLaprasPokedexText
0x08447C73	rom	0x1	gLaprasPokedexTextUnused
0x08447C74	rom	0x6B	gDittoPokedexText
0x08447CDF	rom	0x1	gDittoPokedexTextUnused
0x08447CE0	rom	0x60	gEeveePokedexText
0x08447D40	rom	0x1	gEeveePokedexTextUnused
0x08447D41	rom	0x62	gVaporeonPokedexText
0x08447DA3	rom	0x1	gVaporeonPokedexTextUnused
0x08447DA4	rom	0x59	gJolteonPokedexText
0x08447DFD	rom	0x1	gJolteonPokedexTextUnused
0x08447DFE	rom	0x64	gFlareonPokedexText
0x08447E62	rom	0x1	gFlareonPokedexTextUnused
0x08447E63	rom	0x64	gPorygonPokedexText
0x08447EC7	rom	0x1	gPorygonPokedexTextUnused
0x08447EC8	rom	0x56	gOmanytePokedexText
0x08447F1E	rom	0x1	gOmanytePokedexTextUnused
0x08447F1F	rom	0x6E	gOmastarPokedexText
0x08447F8D	rom	0x1	gOmastarPokedexTextUnused
0x08447F8E	rom	0x5E	gKabutoPokedexText
0x08447FEC	rom	0x1	gKabutoPokedexTextUnused
0x08447FED	rom	0x61	gKabutopsPokedexText
0x0844804E	rom	0x1	gKabutopsPokedexTextUnused
0x0844804F	rom	0x64	gAerodactylPokedexText
0x084480B3	rom	0x1	gAerodactylPokedexTextUnused
0x084480B4	rom	0x5F	gSnorlaxPokedexText
0x08448113	rom	0x1	gSnorlaxPokedexTextUnused
0x08448114	rom	0x60	gArticunoPokedexText
0x08448174	rom	0x1	gArticunoPokedexTextUnused
0x08448175	rom	0x65	gZapdosPokedexText
0x084481DA	rom	0x1	gZapdosPokedexTextUnused
0x084481DB	rom	0x71	gMoltresPokedexText
0x0844824C	rom	0x1	gMoltresPokedexTextUnused
0x0844824D	rom	0x64	gDratiniPokedexText
0x084482B1	rom	0x1	gDratiniPokedexTextUnused
0x084482B2	rom	0x64	gDragonairPokedexText
0x08448316	rom	0x1	gDragonairPokedexTextUnused
0x08448317	rom	0x60	gDragonitePokedexText
0x08448377	rom	0x1	gDragonitePokedexTextUnused
0x08448378	rom	0x66	gMewtwoPokedexText
0x084483DE	rom	0x1	gMewtwoPokedexTextUnused
0x084483DF	rom	0x68	gMewPokedexText
0x08448447	rom	0x1	gMewPokedexTextUnused
0x08448448	rom	0x68	gChikoritaPokedexText
0x084484B0	rom	0x1	gChikoritaPokedexTextUnused
0x084484B1	rom	0x5E	gBayleefPokedexText
0x0844850F	rom	0x1	gBayleefPokedexTextUnused
0x08448510	rom	0x5A	gMeganiumPokedexText
0x0844856A	rom	0x1	gMeganiumPokedexTextUnused
0x0844856B	rom	0x65	gCyndaquilPokedexText
0x084485D0	rom	0x1	gCyndaquilPokedexTextUnused
0x084485D1	rom	0x67	gQuilavaPokedexText
0x08448638	rom	0x1	gQuilavaPokedexTextUnused
0x08448639	rom	0x63	gTyphlosionPokedexText
0x0844869C	rom	0x1	gTyphlosionPokedexTextUnused
0x0844869D	rom	0x69	gTotodilePokedexText
0x08448706	rom	0x1	gTotodilePokedexTextUnused
0x08448707	rom	0x63	gCroconawPokedexText
0x0844876A	rom	0x1	gCroconawPokedexTextUnused
0x0844876B	rom	0x67	gFeraligatrPokedexText
0x084487D2	rom	0x1	gFeraligatrPokedexTextUnused
0x084487D3	rom	0x66	gSentretPokedexText
0x08448839	rom	0x1	gSentretPokedexTextUnused
0x0844883A	rom	0x65	gFurretPokedexText
0x0844889F	rom	0x1	gFurretPokedexTextUnused
0x084488A0	rom	0x58	gHoothootPokedexText
0x084488F8	rom	0x1	gHoothootPokedexTextUnused
0x084488F9	rom	0x64	gNoctowlPokedexText
0x0844895D	rom	0x1	gNoctowlPokedexTextUnused
0x0844895E	rom	0x67	gLedybaPokedexText
0x084489C5	rom	0x1	gLedybaPokedexTextUnused
0x084489C6	rom	0x59	gLedianPokedexText
0x08448A1F	rom	0x1	gLedianPokedexTextUnused
0x08448A20	rom	0x67	gSpinarakPokedexText
0x08448A87	rom	0x1	gSpinarakPokedexTextUnused
0x08448A88	rom	0x67	gAriadosPokedexText
0x08448AEF	rom	0x1	gAriadosPokedexTextUnused
0x08448AF0	rom	0x65	gCrobatPokedexText
0x08448B55	rom	0x1	gCrobatPokedexTextUnused
0x08448B56	rom	0x67	gChinchouPokedexText
0x08448BBD	rom	0x1	gChinchouPokedexTextUnused
0x08448BBE	rom	0x6B	gLanturnPokedexText
0x08448C29	rom	0x1	gLanturnPokedexTextUnused
0x08448C2A	rom	0x5C	gPichuPokedexText
0x08448C86	rom	0x1	gPichuPokedexTextUnused
0x08448C87	rom	0x5B	gCleffaPokedexText
0x08448CE2	rom	0x1	gCleffaPokedexTextUnused
0x08448CE3	rom	0x62	gIgglybuffPokedexText
0x08448D45	rom	0x1	gIgglybuffPokedexTextUnused
0x08448D46	rom	0x64	gTogepiPokedexText
0x08448DAA	rom	0x1	gTogepiPokedexTextUnused
0x08448DAB	rom	0x5F	gTogeticPokedexText
0x08448E0A	rom	0x1	gTogeticPokedexTextUnused
0x08448E0B	rom	0x6A	gNatuPokedexText
0x08448E75	rom	0x1	gNatuPokedexTextUnused
0x08448E76	rom	0x67	gXatuPokedexText
0x08448EDD	rom	0x1	gXatuPokedexTextUnused
0x08448EDE	rom	0x64	gMareepPokedexText
0x08448F42	rom	0x1	gMareepPokedexTextUnused
0x08448F43	rom	0x64	gFlaaffyPokedexText
0x08448FA7	rom	0x1	gFlaaffyPokedexTextUnused
0x08448FA8	rom	0x63	gAmpharosPokedexText
0x0844900B	rom	0x1	gAmpharosPokedexTextUnused
0x0844900C	rom	0x66	gBellossomPokedexText
0x08449072	rom	0x1	gBellossomPokedexTextUnused
0x08449073	rom	0x63	gMarillPokedexText
0x084490D6	rom	0x1	gMarillPokedexTextUnused
0x084490D7	rom	0x5F	gAzumarillPokedexText
0x08449136	rom	0x1	gAzumarillPokedexTextUnused
0x08449137	rom	0x67	gSudowoodoPokedexText
0x0844919E	rom	0x1	gSudowoodoPokedexTextUnused
0x0844919F	rom	0x5C	gPolitoedPokedexText
0x084491FB	rom	0x1	gPolitoedPokedexTextUnused
0x084491FC	rom	0x6A	gHoppipPokedexText
0x08449266	rom	0x1	gHoppipPokedexTextUnused
0x08449267	rom	0x59	gSkiploomPokedexText
0x084492C0	rom	0x1	gSkiploomPokedexTextUnused
0x084492C1	rom	0x65	gJumpluffPokedexText
0x08449326	rom	0x1	gJumpluffPokedexTextUnused
0x08449327	rom	0x60	gAipomPokedexText
0x08449387	rom	0x1	gAipomPokedexTextUnused
0x08449388	rom	0x63	gSunkernPokedexText
0x084493EB	rom	0x1	gSunkernPokedexTextUnused
0x084493EC	rom	0x68	gSunfloraPokedexText
0x08449454	rom	0x1	gSunfloraPokedexTextUnused
0x08449455	rom	0x66	gYanmaPokedexText
0x084494BB	rom	0x1	gYanmaPokedexTextUnused
0x084494BC	rom	0x68	gWooperPokedexText
0x08449524	rom	0x1	gWooperPokedexTextUnused
0x08449525	rom	0x60	gQuagsirePokedexText
0x08449585	rom	0x1	gQuagsirePokedexTextUnused
0x08449586	rom	0x62	gEspeonPokedexText
0x084495E8	rom	0x1	gEspeonPokedexTextUnused
0x084495E9	rom	0x58	gUmbreonPokedexText
0x08449641	rom	0x1	gUmbreonPokedexTextUnused
0x08449642	rom	0x61	gMurkrowPokedexText
0x084496A3	rom	0x1	gMurkrowPokedexTextUnused
0x084496A4	rom	0x62	gSlowkingPokedexText
0x08449706	rom	0x1	gSlowkingPokedexTextUnused
0x08449707	rom	0x5F	gMisdreavusPokedexText
0x08449766	rom	0x1	gMisdreavusPokedexTextUnused
0x08449767	rom	0x64	gUnownPokedexText
0x084497CB	rom	0x1	gUnownPokedexTextUnused
0x084497CC	rom	0x5A	gWobbuffetPokedexText
0x08449826	rom	0x1	gWobbuffetPokedexTextUnused
0x08449827	rom	0x66	gGirafarigPokedexText
0x0844988D	rom	0x1	gGirafarigPokedexTextUnused
0x0844988E	rom	0x66	gPinecoPokedexText
0x084498F4	rom	0x1	gPinecoPokedexTextUnused
0x084498F5	rom	0x64	gForretressPokedexText
0x08449959	rom	0x1	gForretressPokedexTextUnused
0x0844995A	rom	0x5F	gDunsparcePokedexText
0x084499B9	rom	0x1	gDunsparcePokedexTextUnused
0x084499BA	rom	0x62	gGligarPokedexText
0x08449A1C	rom	0x1	gGligarPokedexTextUnused
0x08449A1D	rom	0x61	gSteelixPokedexText
0x08449A7E	rom	0x1	gSteelixPokedexTextUnused
0x08449A7F	rom	0x65	gSnubbullPokedexText
0x08449AE4	rom	0x1	gSnubbullPokedexTextUnused
0x08449AE5	rom	0x60	gGranbullPokedexText
0x08449B45	rom	0x1	gGranbullPokedexTextUnused
0x08449B46	rom	0x68	gQwilfishPokedexText
0x08449BAE	rom	0x1	gQwilfishPokedexTextUnused
0x08449BAF	rom	0x66	gScizorPokedexText
0x08449C15	rom	0x1	gScizorPokedexTextUnused
0x08449C16	rom	0x51	gShucklePokedexText
0x08449C67	rom	0x1	gShucklePokedexTextUnused
0x08449C68	rom	0x66	gHeracrossPokedexText
0x08449CCE	rom	0x1	gHeracrossPokedexTextUnused
0x08449CCF	rom	0x61	gSneaselPokedexText
0x08449D30	rom	0x1	gSneaselPokedexTextUnused
0x08449D31	rom	0x69	gTeddiursaPokedexText
0x08449D9A	rom	0x1	gTeddiursaPokedexTextUnused
0x08449D9B	rom	0x68	gUrsaringPokedexText
0x08449E03	rom	0x1	gUrsaringPokedexTextUnused
0x08449E04	rom	0x64	gSlugmaPokedexText
0x08449E68	rom	0x1	gSlugmaPokedexTextUnused
0x08449E69	rom	0x67	gMagcargoPokedexText
0x08449ED0	rom	0x1	gMagcargoPokedexTextUnused
0x08449ED1	rom	0x5D	gSwinubPokedexText
0x08449F2E	rom	0x1	gSwinubPokedexTextUnused
0x08449F2F	rom	0x5F	gPiloswinePokedexText
0x08449F8E	rom	0x1	gPiloswinePokedexTextUnused
0x08449F8F	rom	0x5D	gCorsolaPokedexText
0x08449FEC	rom	0x1	gCorsolaPokedexTextUnused
0x08449FED	rom	0x66	gRemoraidPokedexText
0x0844A053	rom	0x1	gRemoraidPokedexTextUnused
0x0844A054	rom	0x5F	gOctilleryPokedexText
0x0844A0B3	rom	0x1	gOctilleryPokedexTextUnused
0x0844A0B4	rom	0x63	gDelibirdPokedexText
0x0844A117	rom	0x1	gDelibirdPokedexTextUnused
0x0844A118	rom	0x62	gMantinePokedexText
0x0844A17A	rom	0x1	gMantinePokedexTextUnused
0x0844A17B	rom	0x67	gSkarmoryPokedexText
0x0844A1E2	rom	0x1	gSkarmoryPokedexTextUnused
0x0844A1E3	rom	0x62	gHoundourPokedexText
0x0844A245	rom	0x1	gHoundourPokedexTextUnused
0x0844A246	rom	0x57	gHoundoomPokedexText
0x0844A29D	rom	0x1	gHoundoomPokedexTextUnused
0x0844A29E	rom	0x5B	gKingdraPokedexText
0x0844A2F9	rom	0x1	gKingdraPokedexTextUnused
0x0844A2FA	rom	0x5F	gPhanpyPokedexText
0x0844A359	rom	0x1	gPhanpyPokedexTextUnused
0x0844A35A	rom	0x5F	gDonphanPokedexText
0x0844A3B9	rom	0x1	gDonphanPokedexTextUnused
0x0844A3BA	rom	0x60	gPorygon2PokedexText
0x0844A41A	rom	0x1	gPorygon2PokedexTextUnused
0x0844A41B	rom	0x67	gStantlerPokedexText
0x0844A482	rom	0x1	gStantlerPokedexTextUnused
0x0844A483	rom	0x66	gSmearglePokedexText
0x0844A4E9	rom	0x1	gSmearglePokedexTextUnused
0x0844A4EA	rom	0x63	gTyroguePokedexText
0x0844A54D	rom	0x1	gTyroguePokedexTextUnused
0x0844A54E	rom	0x5C	gHitmontopPokedexText
0x0844A5AA	rom	0x1	gHitmontopPokedexTextUnused
0x0844A5AB	rom	0x64	gSmoochumPokedexText
0x0844A60F	rom	0x1	gSmoochumPokedexTextUnused
0x0844A610	rom	0x66	gElekidPokedexText
0x0844A676	rom	0x1	gElekidPokedexTextUnused
0x0844A677	rom	0x5E	gMagbyPokedexText
0x0844A6D5	rom	0x1	gMagbyPokedexTextUnused
0x0844A6D6	rom	0x5A	gMiltankPokedexText
0x0844A730	rom	0x1	gMiltankPokedexTextUnused
0x0844A731	rom	0x65	gBlisseyPokedexText
0x0844A796	rom	0x1	gBlisseyPokedexTextUnused
0x0844A797	rom	0x68	gRaikouPokedexText
0x0844A7FF	rom	0x1	gRaikouPokedexTextUnused
0x0844A800	rom	0x68	gEnteiPokedexText
0x0844A868	rom	0x1	gEnteiPokedexTextUnused
0x0844A869	rom	0x5A	gSuicunePokedexText
0x0844A8C3	rom	0x1	gSuicunePokedexTextUnused
0x0844A8C4	rom	0x5B	gLarvitarPokedexText
0x0844A91F	rom	0x1	gLarvitarPokedexTextUnused
0x0844A920	rom	0x65	gPupitarPokedexText
0x0844A985	rom	0x1	gPupitarPokedexTextUnused
0x0844A986	rom	0x68	gTyranitarPokedexText
0x0844A9EE	rom	0x1	gTyranitarPokedexTextUnused
0x0844A9EF	rom	0x6C	gLugiaPokedexText
0x0844AA5B	rom	0x1	gLugiaPokedexTextUnused
0x0844AA5C	rom	0x68	gHoOhPokedexText
0x0844AAC4	rom	0x1	gHoOhPokedexTextUnused
0x0844AAC5	rom	0x64	gCelebiPokedexText
0x0844AB29	rom	0x1	gCelebiPokedexTextUnused
0x0844AB2A	rom	0x6B	gTreeckoPokedexText
0x0844AB95	rom	0x1	gTreeckoPokedexTextUnused
0x0844AB96	rom	0x59	gGrovylePokedexText
0x0844ABEF	rom	0x1	gGrovylePokedexTextUnused
0x0844ABF0	rom	0x6B	gSceptilePokedexText
0x0844AC5B	rom	0x1	gSceptilePokedexTextUnused
0x0844AC5C	rom	0x5B	gTorchicPokedexText
0x0844ACB7	rom	0x1	gTorchicPokedexTextUnused
0x0844ACB8	rom	0x63	gCombuskenPokedexText
0x0844AD1B	rom	0x1	gCombuskenPokedexTextUnused
0x0844AD1C	rom	0x6F	gBlazikenPokedexText
0x0844AD8B	rom	0x1	gBlazikenPokedexTextUnused
0x0844AD8C	rom	0x6B	gMudkipPokedexText
0x0844ADF7	rom	0x1	gMudkipPokedexTextUnused
0x0844ADF8	rom	0x68	gMarshtompPokedexText
0x0844AE60	rom	0x1	gMarshtompPokedexTextUnused
0x0844AE61	rom	0x6E	gSwampertPokedexText
0x0844AECF	rom	0x1	gSwampertPokedexTextUnused
0x0844AED0	rom	0x70	gPoochyenaPokedexText
0x0844AF40	rom	0x1	gPoochyenaPokedexTextUnused
0x0844AF41	rom	0x76	gMightyenaPokedexText
0x0844AFB7	rom	0x1	gMightyenaPokedexTextUnused
0x0844AFB8	rom	0x63	gZigzagoonPokedexText
0x0844B01B	rom	0x1	gZigzagoonPokedexTextUnused
0x0844B01C	rom	0x6F	gLinoonePokedexText
0x0844B08B	rom	0x1	gLinoonePokedexTextUnused
0x0844B08C	rom	0x71	gWurmplePokedexText
0x0844B0FD	rom	0x1	gWurmplePokedexTextUnused
0x0844B0FE	rom	0x75	gSilcoonPokedexText
0x0844B173	rom	0x1	gSilcoonPokedexTextUnused
0x0844B174	rom	0x66	gBeautiflyPokedexText
0x0844B1DA	rom	0x1	gBeautiflyPokedexTextUnused
0x0844B1DB	rom	0x60	gCascoonPokedexText
0x0844B23B	rom	0x1	gCascoonPokedexTextUnused
0x0844B23C	rom	0x70	gDustoxPokedexText
0x0844B2AC	rom	0x1	gDustoxPokedexTextUnused
0x0844B2AD	rom	0x68	gLotadPokedexText
0x0844B315	rom	0x1	gLotadPokedexTextUnused
0x0844B316	rom	0x76	gLombrePokedexText
0x0844B38C	rom	0x1	gLombrePokedexTextUnused
0x0844B38D	rom	0x59	gLudicoloPokedexText
0x0844B3E6	rom	0x1	gLudicoloPokedexTextUnused
0x0844B3E7	rom	0x75	gSeedotPokedexText
0x0844B45C	rom	0x1	gSeedotPokedexTextUnused
0x0844B45D	rom	0x68	gNuzleafPokedexText
0x0844B4C5	rom	0x1	gNuzleafPokedexTextUnused
0x0844B4C6	rom	0x67	gShiftryPokedexText
0x0844B52D	rom	0x1	gShiftryPokedexTextUnused
0x0844B52E	rom	0x68	gTaillowPokedexText
0x0844B596	rom	0x1	gTaillowPokedexTextUnused
0x0844B597	rom	0x6F	gSwellowPokedexText
0x0844B606	rom	0x1	gSwellowPokedexTextUnused
0x0844B607	rom	0x60	gWingullPokedexText
0x0844B667	rom	0x1	gWingullPokedexTextUnused
0x0844B668	rom	0x6B	gPelipperPokedexText
0x0844B6D3	rom	0x1	gPelipperPokedexTextUnused
0x0844B6D4	rom	0x5D	gRaltsPokedexText
0x0844B731	rom	0x1	gRaltsPokedexTextUnused
0x0844B732	rom	0x70	gKirliaPokedexText
0x0844B7A2	rom	0x1	gKirliaPokedexTextUnused
0x0844B7A3	rom	0x5B	gGardevoirPokedexText
0x0844B7FE	rom	0x1	gGardevoirPokedexTextUnused
0x0844B7FF	rom	0x5E	gSurskitPokedexText
0x0844B85D	rom	0x1	gSurskitPokedexTextUnused
0x0844B85E	rom	0x76	gMasquerainPokedexText
0x0844B8D4	rom	0x1	gMasquerainPokedexTextUnused
0x0844B8D5	rom	0x6D	gShroomishPokedexText
0x0844B942	rom	0x1	gShroomishPokedexTextUnused
0x0844B943	rom	0x6C	gBreloomPokedexText
0x0844B9AF	rom	0x1	gBreloomPokedexTextUnused
0x0844B9B0	rom	0x5B	gSlakothPokedexText
0x0844BA0B	rom	0x1	gSlakothPokedexTextUnused
0x0844BA0C	rom	0x63	gVigorothPokedexText
0x0844BA6F	rom	0x1	gVigorothPokedexTextUnused
0x0844BA70	rom	0x79	gSlakingPokedexText
0x0844BAE9	rom	0x1	gSlakingPokedexTextUnused
0x0844BAEA	rom	0x60	gNincadaPokedexText
0x0844BB4A	rom	0x1	gNincadaPokedexTextUnused
0x0844BB4B	rom	0x63	gNinjaskPokedexText
0x0844BBAE	rom	0x1	gNinjaskPokedexTextUnused
0x0844BBAF	rom	0x54	gShedinjaPokedexText
0x0844BC03	rom	0x1	gShedinjaPokedexTextUnused
0x0844BC04	rom	0x69	gWhismurPokedexText
0x0844BC6D	rom	0x1	gWhismurPokedexTextUnused
0x0844BC6E	rom	0x60	gLoudredPokedexText
0x0844BCCE	rom	0x1	gLoudredPokedexTextUnused
0x0844BCCF	rom	0x76	gExploudPokedexText
0x0844BD45	rom	0x1	gExploudPokedexTextUnused
0x0844BD46	rom	0x63	gMakuhitaPokedexText
0x0844BDA9	rom	0x1	gMakuhitaPokedexTextUnused
0x0844BDAA	rom	0x65	gHariyamaPokedexText
0x0844BE0F	rom	0x1	gHariyamaPokedexTextUnused
0x0844BE10	rom	0x70	gAzurillPokedexText
0x0844BE80	rom	0x1	gAzurillPokedexTextUnused
0x0844BE81	rom	0x5C	gNosepassPokedexText
0x0844BEDD	rom	0x1	gNosepassPokedexTextUnused
0x0844BEDE	rom	0x70	gSkittyPokedexText
0x0844BF4E	rom	0x1	gSkittyPokedexTextUnused
0x0844BF4F	rom	0x67	gDelcattyPokedexText
0x0844BFB6	rom	0x1	gDelcattyPokedexTextUnused
0x0844BFB7	rom	0x59	gSableyePokedexText
0x0844C010	rom	0x1	gSableyePokedexTextUnused
0x0844C011	rom	0x6A	gMawilePokedexText
0x0844C07B	rom	0x1	gMawilePokedexTextUnused
0x0844C07C	rom	0x71	gAronPokedexText
0x0844C0ED	rom	0x1	gAronPokedexTextUnused
0x0844C0EE	rom	0x71	gLaironPokedexText
0x0844C15F	rom	0x1	gLaironPokedexTextUnused
0x0844C160	rom	0x68	gAggronPokedexText
0x0844C1C8	rom	0x1	gAggronPokedexTextUnused
0x0844C1C9	rom	0x5C	gMedititePokedexText
0x0844C225	rom	0x1	gMedititePokedexTextUnused
0x0844C226	rom	0x69	gMedichamPokedexText
0x0844C28F	rom	0x1	gMedichamPokedexTextUnused
0x0844C290	rom	0x64	gElectrikePokedexText
0x0844C2F4	rom	0x1	gElectrikePokedexTextUnused
0x0844C2F5	rom	0x50	gManectricPokedexText
0x0844C345	rom	0x1	gManectricPokedexTextUnused
0x0844C346	rom	0x6E	gPluslePokedexText
0x0844C3B4	rom	0x1	gPluslePokedexTextUnused
0x0844C3B5	rom	0x7C	gMinunPokedexText
0x0844C431	rom	0x1	gMinunPokedexTextUnused
0x0844C432	rom	0x6B	gVolbeatPokedexText
0x0844C49D	rom	0x1	gVolbeatPokedexTextUnused
0x0844C49E	rom	0x69	gIllumisePokedexText
0x0844C507	rom	0x1	gIllumisePokedexTextUnused
0x0844C508	rom	0x61	gRoseliaPokedexText
0x0844C569	rom	0x1	gRoseliaPokedexTextUnused
0x0844C56A	rom	0x69	gGulpinPokedexText
0x0844C5D3	rom	0x1	gGulpinPokedexTextUnused
0x0844C5D4	rom	0x68	gSwalotPokedexText
0x0844C63C	rom	0x1	gSwalotPokedexTextUnused
0x0844C63D	rom	0x61	gCarvanhaPokedexText
0x0844C69E	rom	0x1	gCarvanhaPokedexTextUnused
0x0844C69F	rom	0x69	gSharpedoPokedexText
0x0844C708	rom	0x1	gSharpedoPokedexTextUnused
0x0844C709	rom	0x6E	gWailmerPokedexText
0x0844C777	rom	0x1	gWailmerPokedexTextUnused
0x0844C778	rom	0x6B	gWailordPokedexText
0x0844C7E3	rom	0x1	gWailordPokedexTextUnused
0x0844C7E4	rom	0x77	gNumelPokedexText
0x0844C85B	rom	0x1	gNumelPokedexTextUnused
0x0844C85C	rom	0x6A	gCameruptPokedexText
0x0844C8C6	rom	0x1	gCameruptPokedexTextUnused
0x0844C8C7	rom	0x5C	gTorkoalPokedexText
0x0844C923	rom	0x1	gTorkoalPokedexTextUnused
0x0844C924	rom	0x5D	gSpoinkPokedexText
0x0844C981	rom	0x1	gSpoinkPokedexTextUnused
0x0844C982	rom	0x6C	gGrumpigPokedexText
0x0844C9EE	rom	0x1	gGrumpigPokedexTextUnused
0x0844C9EF	rom	0x60	gSpindaPokedexText
0x0844CA4F	rom	0x1	gSpindaPokedexTextUnused
0x0844CA50	rom	0x5E	gTrapinchPokedexText
0x0844CAAE	rom	0x1	gTrapinchPokedexTextUnused
0x0844CAAF	rom	0x79	gVibravaPokedexText
0x0844CB28	rom	0x1	gVibravaPokedexTextUnused
0x0844CB29	rom	0x60	gFlygonPokedexText
0x0844CB89	rom	0x1	gFlygonPokedexTextUnused
0x0844CB8A	rom	0x67	gCacneaPokedexText
0x0844CBF1	rom	0x1	gCacneaPokedexTextUnused
0x0844CBF2	rom	0x69	gCacturnePokedexText
0x0844CC5B	rom	0x1	gCacturnePokedexTextUnused
0x0844CC5C	rom	0x63	gSwabluPokedexText
0x0844CCBF	rom	0x1	gSwabluPokedexTextUnused
0x0844CCC0	rom	0x67	gAltariaPokedexText
0x0844CD27	rom	0x1	gAltariaPokedexTextUnused
0x0844CD28	rom	0x74	gZangoosePokedexText
0x0844CD9C	rom	0x1	gZangoosePokedexTextUnused
0x0844CD9D	rom	0x72	gSeviperPokedexText
0x0844CE0F	rom	0x1	gSeviperPokedexTextUnused
0x0844CE10	rom	0x70	gLunatonePokedexText
0x0844CE80	rom	0x1	gLunatonePokedexTextUnused
0x0844CE81	rom	0x66	gSolrockPokedexText
0x0844CEE7	rom	0x1	gSolrockPokedexTextUnused
0x0844CEE8	rom	0x56	gBarboachPokedexText
0x0844CF3E	rom	0x1	gBarboachPokedexTextUnused
0x0844CF3F	rom	0x69	gWhiscashPokedexText
0x0844CFA8	rom	0x1	gWhiscashPokedexTextUnused
0x0844CFA9	rom	0x6C	gCorphishPokedexText
0x0844D015	rom	0x1	gCorphishPokedexTextUnused
0x0844D016	rom	0x5F	gCrawdauntPokedexText
0x0844D075	rom	0x1	gCrawdauntPokedexTextUnused
0x0844D076	rom	0x6F	gBaltoyPokedexText
0x0844D0E5	rom	0x1	gBaltoyPokedexTextUnused
0x0844D0E6	rom	0x6C	gClaydolPokedexText
0x0844D152	rom	0x1	gClaydolPokedexTextUnused
0x0844D153	rom	0x6D	gLileepPokedexText
0x0844D1C0	rom	0x1	gLileepPokedexTextUnused
0x0844D1C1	rom	0x65	gCradilyPokedexText
0x0844D226	rom	0x1	gCradilyPokedexTextUnused
0x0844D227	rom	0x72	gAnorithPokedexText
0x0844D299	rom	0x1	gAnorithPokedexTextUnused
0x0844D29A	rom	0x5C	gArmaldoPokedexText
0x0844D2F6	rom	0x1	gArmaldoPokedexTextUnused
0x0844D2F7	rom	0x68	gFeebasPokedexText
0x0844D35F	rom	0x1	gFeebasPokedexTextUnused
0x0844D360	rom	0x63	gMiloticPokedexText
0x0844D3C3	rom	0x1	gMiloticPokedexTextUnused
0x0844D3C4	rom	0x6A	gCastformPokedexText
0x0844D42E	rom	0x1	gCastformPokedexTextUnused
0x0844D42F	rom	0x66	gKecleonPokedexText
0x0844D495	rom	0x1	gKecleonPokedexTextUnused
0x0844D496	rom	0x64	gShuppetPokedexText
0x0844D4FA	rom	0x1	gShuppetPokedexTextUnused
0x0844D4FB	rom	0x6C	gBanettePokedexText
0x0844D567	rom	0x1	gBanettePokedexTextUnused
0x0844D568	rom	0x68	gDuskullPokedexText
0x0844D5D0	rom	0x1	gDuskullPokedexTextUnused
0x0844D5D1	rom	0x69	gDusclopsPokedexText
0x0844D63A	rom	0x1	gDusclopsPokedexTextUnused
0x0844D63B	rom	0x6D	gTropiusPokedexText
0x0844D6A8	rom	0x1	gTropiusPokedexTextUnused
0x0844D6A9	rom	0x70	gChimechoPokedexText
0x0844D719	rom	0x1	gChimechoPokedexTextUnused
0x0844D71A	rom	0x69	gAbsolPokedexText
0x0844D783	rom	0x1	gAbsolPokedexTextUnused
0x0844D784	rom	0x5A	gWynautPokedexText
0x0844D7DE	rom	0x1	gWynautPokedexTextUnused
0x0844D7DF	rom	0x71	gSnoruntPokedexText
0x0844D850	rom	0x1	gSnoruntPokedexTextUnused
0x0844D851	rom	0x6A	gGlaliePokedexText
0x0844D8BB	rom	0x1	gGlaliePokedexTextUnused
0x0844D8BC	rom	0x62	gSphealPokedexText
0x0844D91E	rom	0x1	gSphealPokedexTextUnused
0x0844D91F	rom	0x69	gSealeoPokedexText
0x0844D988	rom	0x1	gSealeoPokedexTextUnused
0x0844D989	rom	0x71	gWalreinPokedexText
0x0844D9FA	rom	0x1	gWalreinPokedexTextUnused
0x0844D9FB	rom	0x55	gClamperlPokedexText
0x0844DA50	rom	0x1	gClamperlPokedexTextUnused
0x0844DA51	rom	0x71	gHuntailPokedexText
0x0844DAC2	rom	0x1	gHuntailPokedexTextUnused
0x0844DAC3	rom	0x6D	gGorebyssPokedexText
0x0844DB30	rom	0x1	gGorebyssPokedexTextUnused
0x0844DB31	rom	0x62	gRelicanthPokedexText
0x0844DB93	rom	0x1	gRelicanthPokedexTextUnused
0x0844DB94	rom	0x62	gLuvdiscPokedexText
0x0844DBF6	rom	0x1	gLuvdiscPokedexTextUnused
0x0844DBF7	rom	0x5E	gBagonPokedexText
0x0844DC55	rom	0x1	gBagonPokedexTextUnused
0x0844DC56	rom	0x77	gShelgonPokedexText
0x0844DCCD	rom	0x1	gShelgonPokedexTextUnused
0x0844DCCE	rom	0x62	gSalamencePokedexText
0x0844DD30	rom	0x1	gSalamencePokedexTextUnused
0x0844DD31	rom	0x5A	gBeldumPokedexText
0x0844DD8B	rom	0x1	gBeldumPokedexTextUnused
0x0844DD8C	rom	0x6D	gMetangPokedexText
0x0844DDF9	rom	0x1	gMetangPokedexTextUnused
0x0844DDFA	rom	0x5F	gMetagrossPokedexText
0x0844DE59	rom	0x1	gMetagrossPokedexTextUnused
0x0844DE5A	rom	0x6E	gRegirockPokedexText
0x0844DEC8	rom	0x1	gRegirockPokedexTextUnused
0x0844DEC9	rom	0x61	gRegicePokedexText
0x0844DF2A	rom	0x1	gRegicePokedexTextUnused
0x0844DF2B	rom	0x70	gRegisteelPokedexText
0x0844DF9B	rom	0x1	gRegisteelPokedexTextUnused
0x0844DF9C	rom	0x6D	gLatiasPokedexText
0x0844E009	rom	0x1	gLatiasPokedexTextUnused
0x0844E00A	rom	0x70	gLatiosPokedexText
0x0844E07A	rom	0x1	gLatiosPokedexTextUnused
0x0844E07B	rom	0x6A	gKyogrePokedexText
0x0844E0E5	rom	0x1	gKyogrePokedexTextUnused
0x0844E0E6	rom	0x5D	gGroudonPokedexText
0x0844E143	rom	0x1	gGroudonPokedexTextUnused
0x0844E144	rom	0x68	gRayquazaPokedexText
0x0844E1AC	rom	0x1	gRayquazaPokedexTextUnused
0x0844E1AD	rom	0x60	gJirachiPokedexText
0x0844E20D	rom	0x1	gJirachiPokedexTextUnused
0x0844E20E	rom	0x60	gDeoxysPokedexText
0x0844E26E	rom	0x1	gDeoxysPokedexTextUnused
0x0844E270	rom	0x366C	gPokedexEntries
0x084518DC	rom	0x10	sBgTemplates
0x084518EC	rom	0x18	sWindowTemplates
0x08451904	rom	0x70	sDexScreenDataInitialState
0x08451974	rom	0x8	sWindowTemplate_ModeSelect
0x0845197C	rom	0x8	sWindowTemplate_SelectionIcon
0x08451984	rom	0x8	sWindowTemplate_DexCounts
0x0845198C	rom	0x98	sListMenuItems_KantoDexModeSelect
0x08451A24	rom	0x18	sListMenuTemplate_KantoDexModeSelect
0x08451A3C	rom	0xA0	sListMenuItems_NatDexModeSelect
0x08451ADC	rom	0x18	sListMenuTemplate_NatDexModeSelect
0x08451AF4	rom	0x10	sScrollArrowsTemplate_KantoDex
0x08451B04	rom	0x10	sScrollArrowsTemplate_NatDex
0x08451B14	rom	0x78	sTopMenuSelectionIconGfxPtrs
0x08451B8C	rom	0x8	sWindowTemplate_OrderedListMenu
0x08451B94	rom	0x18	sListMenuTemplate_OrderedListMenu
0x08451BAC	rom	0x28	sListMenuRects_OrderedList
0x08451BD4	rom	0x10	sDexOrderScrollArrowsTemplate
0x08451BE4	rom	0x8	sWindowTemplate_CategoryMonIcon
0x08451BEC	rom	0x8	sWindowTemplate_CategoryMonInfo
0x08451BF4	rom	0x8	sWindowTemplate_DexEntry_MonPic
0x08451BFC	rom	0x8	sWindowTemplate_DexEntry_SpeciesStats
0x08451C04	rom	0x8	sWindowTemplate_DexEntry_FlavorText
0x08451C0C	rom	0x8	sWindowTemplate_AreaMap_MonIcon
0x08451C14	rom	0x8	sWindowTemplate_AreaMap_SpeciesName
0x08451C1C	rom	0x8	sWindowTemplate_AreaMap_Size
0x08451C24	rom	0x8	sWindowTemplate_AreaMap_Area
0x08451C2C	rom	0x8	sWindowTemplate_AreaMap_MonTypes
0x08451C34	rom	0x8	sWindowTemplate_AreaMap_Kanto
0x08451C3C	rom	0x8	sWindowTemplate_AreaMap_OneIsland
0x08451C44	rom	0x8	sWindowTemplate_AreaMap_TwoIsland
0x08451C4C	rom	0x8	sWindowTemplate_AreaMap_ThreeIsland
0x08451C54	rom	0x8	sWindowTemplate_AreaMap_FourIsland
0x08451C5C	rom	0x8	sWindowTemplate_AreaMap_FiveIsland
0x08451C64	rom	0x8	sWindowTemplate_AreaMap_SixIsland
0x08451C6C	rom	0x8	sWindowTemplate_AreaMap_SevenIsland
0x08451C74	rom	0x38	sAreaMapStructs_SeviiIslands
0x08451CAC	rom	0x80	sCategoryPageIconWindowBg
0x08451D2C	rom	0x4	sPageIconCoords_1Mon
0x08451D30	rom	0x8	sPageIconCoords_2Mons
0x08451D38	rom	0xC	sPageIconCoords_3Mons
0x08451D44	rom	0x10	sPageIconCoords_4Mons
0x08451D54	rom	0x10	sCategoryPageIconCoords
0x08451D64	rom	0x24	sDexCategoryNamePtrs
0x08451D88	rom	0x20	sPalette_Silhouette
0x08451DA8	rom	0x12C	sDexScreenPageTurnColumns
0x08451ED4	rom	0x10	sScrollArrowsTemplate_CategoryMenu
0x08451EE4	rom	0xC	sCursorStruct_CategoryPage
0x08451EF0	rom	0x8	sDexCategory_GrasslandPkmn_Page1
0x08451EF8	rom	0x8	sDexCategory_GrasslandPkmn_Page2
0x08451F00	rom	0x6	sDexCategory_GrasslandPkmn_Page3
0x08451F06	rom	0x6	sDexCategory_GrasslandPkmn_Page4
0x08451F0C	rom	0x8	sDexCategory_GrasslandPkmn_Page5
0x08451F14	rom	0x8	sDexCategory_GrasslandPkmn_Page6
0x08451F1C	rom	0x6	sDexCategory_GrasslandPkmn_Page7
0x08451F22	rom	0x8	sDexCategory_GrasslandPkmn_Page8
0x08451F2A	rom	0x4	sDexCategory_GrasslandPkmn_Page9
0x08451F2E	rom	0x6	sDexCategory_GrasslandPkmn_Page10
0x08451F34	rom	0x6	sDexCategory_GrasslandPkmn_Page11
0x08451F3A	rom	0x4	sDexCategory_GrasslandPkmn_Page12
0x08451F3E	rom	0x4	sDexCategory_GrasslandPkmn_Page13
0x08451F42	rom	0x8	sDexCategory_GrasslandPkmn_Page14
0x08451F4A	rom	0x4	sDexCategory_GrasslandPkmn_Page15
0x08451F4E	rom	0x4	sDexCategory_GrasslandPkmn_Page16
0x08451F52	rom	0x8	sDexCategory_GrasslandPkmn_Page17
0x08451F5A	rom	0x8	sDexCategory_GrasslandPkmn_Page18
0x08451F62	rom	0x4	sDexCategory_GrasslandPkmn_Page19
0x08451F66	rom	0x4	sDexCategory_GrasslandPkmn_Page20
0x08451F6A	rom	0x4	sDexCategory_GrasslandPkmn_Page21
0x08451F6E	rom	0x4	sDexCategory_GrasslandPkmn_Page22
0x08451F72	rom	0x6	sDexCategory_GrasslandPkmn_Page23
0x08451F78	rom	0x6	sDexCategory_GrasslandPkmn_Page24
0x08451F7E	rom	0x6	sDexCategory_GrasslandPkmn_Page25
0x08451F84	rom	0x6	sDexCategory_GrasslandPkmn_Page26
0x08451F8A	rom	0x6	sDexCategory_GrasslandPkmn_Page27
0x08451F90	rom	0x6	sDexCategory_ForestPkmn_Page1
0x08451F96	rom	0x6	sDexCategory_ForestPkmn_Page2
0x08451F9C	rom	0x6	sDexCategory_ForestPkmn_Page3
0x08451FA2	rom	0x4	sDexCategory_ForestPkmn_Page4
0x08451FA6	rom	0x6	sDexCategory_ForestPkmn_Page5
0x08451FAC	rom	0x8	sDexCategory_ForestPkmn_Page6
0x08451FB4	rom	0x6	sDexCategory_ForestPkmn_Page7
0x08451FBA	rom	0x6	sDexCategory_ForestPkmn_Page8
0x08451FC0	rom	0x8	sDexCategory_ForestPkmn_Page9
0x08451FC8	rom	0x6	sDexCategory_ForestPkmn_Page10
0x08451FCE	rom	0x6	sDexCategory_ForestPkmn_Page11
0x08451FD4	rom	0x8	sDexCategory_ForestPkmn_Page12
0x08451FDC	rom	0x6	sDexCategory_ForestPkmn_Page13
0x08451FE2	rom	0x4	sDexCategory_ForestPkmn_Page14
0x08451FE6	rom	0x4	sDexCategory_ForestPkmn_Page15
0x08451FEA	rom	0x6	sDexCategory_ForestPkmn_Page16
0x08451FF0	rom	0x4	sDexCategory_ForestPkmn_Page17
0x08451FF4	rom	0x4	sDexCategory_ForestPkmn_Page18
0x08451FF8	rom	0x6	sDexCategory_ForestPkmn_Page19
0x08451FFE	rom	0x6	sDexCategory_ForestPkmn_Page20
0x08452004	rom	0x4	sDexCategory_ForestPkmn_Page21
0x08452008	rom	0x6	sDexCategory_ForestPkmn_Page22
0x0845200E	rom	0x4	sDexCategory_ForestPkmn_Page23
0x08452012	rom	0x4	sDexCategory_ForestPkmn_Page24
0x08452016	rom	0x6	sDexCategory_ForestPkmn_Page25
0x0845201C	rom	0x2	sDexCategory_ForestPkmn_Page26
0x0845201E	rom	0x4	sDexCategory_WatersEdgePkmn_Page1
0x08452022	rom	0x8	sDexCategory_WatersEdgePkmn_Page2
0x0845202A	rom	0x8	sDexCategory_WatersEdgePkmn_Page3
0x08452032	rom	0x6	sDexCategory_WatersEdgePkmn_Page4
0x08452038	rom	0x4	sDexCategory_WatersEdgePkmn_Page5
0x0845203C	rom	0x8	sDexCategory_WatersEdgePkmn_Page6
0x08452044	rom	0x8	sDexCategory_WatersEdgePkmn_Page7
0x0845204C	rom	0x6	sDexCategory_WatersEdgePkmn_Page8
0x08452052	rom	0x6	sDexCategory_WatersEdgePkmn_Page9
0x08452058	rom	0x4	sDexCategory_WatersEdgePkmn_Page10
0x0845205C	rom	0x4	sDexCategory_WatersEdgePkmn_Page11
0x08452060	rom	0x6	sDexCategory_WatersEdgePkmn_Page12
0x08452066	rom	0x6	sDexCategory_WatersEdgePkmn_Page13
0x0845206C	rom	0x6	sDexCategory_WatersEdgePkmn_Page14
0x08452072	rom	0x6	sDexCategory_WatersEdgePkmn_Page15
0x08452078	rom	0x4	sDexCategory_WatersEdgePkmn_Page16
0x0845207C	rom	0x4	sDexCategory_SeaPkmn_Page1
0x08452080	rom	0x4	sDexCategory_SeaPkmn_Page2
0x08452084	rom	0x4	sDexCategory_SeaPkmn_Page3
0x08452088	rom	0x8	sDexCategory_SeaPkmn_Page4
0x08452090	rom	0x4	sDexCategory_SeaPkmn_Page5
0x08452094	rom	0x6	sDexCategory_SeaPkmn_Page6
0x0845209A	rom	0x8	sDexCategory_SeaPkmn_Page7
0x084520A2	rom	0x4	sDexCategory_SeaPkmn_Page8
0x084520A6	rom	0x6	sDexCategory_SeaPkmn_Page9
0x084520AC	rom	0x8	sDexCategory_SeaPkmn_Page10
0x084520B4	rom	0x6	sDexCategory_SeaPkmn_Page11
0x084520BA	rom	0x2	sDexCategory_SeaPkmn_Page12
0x084520BC	rom	0x2	sDexCategory_SeaPkmn_Page13
0x084520BE	rom	0x8	sDexCategory_SeaPkmn_Page14
0x084520C6	rom	0x4	sDexCategory_SeaPkmn_Page15
0x084520CA	rom	0x2	sDexCategory_SeaPkmn_Page16
0x084520CC	rom	0x6	sDexCategory_CavePkmn_Page1
0x084520D2	rom	0x8	sDexCategory_CavePkmn_Page2
0x084520DA	rom	0x8	sDexCategory_CavePkmn_Page3
0x084520E2	rom	0x6	sDexCategory_CavePkmn_Page4
0x084520E8	rom	0x6	sDexCategory_CavePkmn_Page5
0x084520EE	rom	0x4	sDexCategory_CavePkmn_Page6
0x084520F2	rom	0x6	sDexCategory_CavePkmn_Page7
0x084520F8	rom	0x4	sDexCategory_CavePkmn_Page8
0x084520FC	rom	0x4	sDexCategory_CavePkmn_Page9
0x08452100	rom	0x6	sDexCategory_CavePkmn_Page10
0x08452106	rom	0x6	sDexCategory_MountainPkmn_Page1
0x0845210C	rom	0x8	sDexCategory_MountainPkmn_Page2
0x08452114	rom	0x6	sDexCategory_MountainPkmn_Page3
0x0845211A	rom	0x6	sDexCategory_MountainPkmn_Page4
0x08452120	rom	0x4	sDexCategory_MountainPkmn_Page5
0x08452124	rom	0x8	sDexCategory_MountainPkmn_Page6
0x0845212C	rom	0x8	sDexCategory_MountainPkmn_Page7
0x08452134	rom	0x8	sDexCategory_MountainPkmn_Page8
0x0845213C	rom	0x4	sDexCategory_MountainPkmn_Page9
0x08452140	rom	0x6	sDexCategory_MountainPkmn_Page10
0x08452146	rom	0x6	sDexCategory_MountainPkmn_Page11
0x0845214C	rom	0x6	sDexCategory_MountainPkmn_Page12
0x08452152	rom	0x2	sDexCategory_MountainPkmn_Page13
0x08452154	rom	0x2	sDexCategory_MountainPkmn_Page14
0x08452156	rom	0x2	sDexCategory_MountainPkmn_Page15
0x08452158	rom	0x6	sDexCategory_MountainPkmn_Page16
0x0845215E	rom	0x2	sDexCategory_MountainPkmn_Page17
0x08452160	rom	0x4	sDexCategory_RoughTerrainPkmn_Page1
0x08452164	rom	0x8	sDexCategory_RoughTerrainPkmn_Page2
0x0845216C	rom	0x4	sDexCategory_RoughTerrainPkmn_Page3
0x08452170	rom	0x8	sDexCategory_RoughTerrainPkmn_Page4
0x08452178	rom	0x4	sDexCategory_RoughTerrainPkmn_Page5
0x0845217C	rom	0x6	sDexCategory_RoughTerrainPkmn_Page6
0x08452182	rom	0x2	sDexCategory_RoughTerrainPkmn_Page7
0x08452184	rom	0x4	sDexCategory_RoughTerrainPkmn_Page8
0x08452188	rom	0x6	sDexCategory_RoughTerrainPkmn_Page9
0x0845218E	rom	0x6	sDexCategory_RoughTerrainPkmn_Page10
0x08452194	rom	0x2	sDexCategory_RoughTerrainPkmn_Page11
0x08452196	rom	0x8	sDexCategory_UrbanPkmn_Page1
0x0845219E	rom	0x8	sDexCategory_UrbanPkmn_Page2
0x084521A6	rom	0x4	sDexCategory_UrbanPkmn_Page3
0x084521AA	rom	0x6	sDexCategory_UrbanPkmn_Page4
0x084521B0	rom	0x6	sDexCategory_UrbanPkmn_Page5
0x084521B6	rom	0x8	sDexCategory_UrbanPkmn_Page6
0x084521BE	rom	0x8	sDexCategory_UrbanPkmn_Page7
0x084521C6	rom	0x4	sDexCategory_UrbanPkmn_Page8
0x084521CA	rom	0x8	sDexCategory_UrbanPkmn_Page9
0x084521D2	rom	0x2	sDexCategory_UrbanPkmn_Page10
0x084521D4	rom	0x8	sDexCategory_UrbanPkmn_Page11
0x084521DC	rom	0x4	sDexCategory_UrbanPkmn_Page12
0x084521E0	rom	0x2	sDexCategory_RarePkmn_Page1
0x084521E2	rom	0x6	sDexCategory_RarePkmn_Page2
0x084521E8	rom	0x2	sDexCategory_RarePkmn_Page3
0x084521EA	rom	0x2	sDexCategory_RarePkmn_Page4
0x084521EC	rom	0x2	sDexCategory_RarePkmn_Page5
0x084521EE	rom	0x2	sDexCategory_RarePkmn_Page6
0x084521F0	rom	0x2	sDexCategory_RarePkmn_Page7
0x084521F2	rom	0x2	sDexCategory_RarePkmn_Page8
0x084521F4	rom	0xD8	sDexCategory_GrasslandPkmn
0x084522CC	rom	0xD0	sDexCategory_ForestPkmn
0x0845239C	rom	0x80	sDexCategory_WatersEdgePkmn
0x0845241C	rom	0x80	sDexCategory_SeaPkmn
0x0845249C	rom	0x50	sDexCategory_CavePkmn
0x084524EC	rom	0x88	sDexCategory_MountainPkmn
0x08452574	rom	0x58	sDexCategory_RoughTerrainPkmn
0x084525CC	rom	0x60	sDexCategory_UrbanPkmn
0x0845262C	rom	0x40	sDexCategory_RarePkmn
0x0845266C	rom	0x48	gDexCategories
0x084526B4	rom	0x60	sMenuInfoIcons
0x08452714	rom	0x8	sBgTemplates
0x0845271C	rom	0xC	sPocketNames
0x08452728	rom	0x1B0	sItemListTilemap
0x084528D8	rom	0x60	sItemMenuContextActions
0x08452938	rom	0xC	sContextMenuItems_Field
0x08452944	rom	0x4	sContextMenuItems_CheckGiveTossCancel
0x08452948	rom	0x6	sContextMenuItems_GiveIfNotKeyItemPocket
0x0845294E	rom	0x2	sContextMenuItems_Open
0x08452950	rom	0x2	sContextMenuItems_BattleUse
0x08452952	rom	0x2	sContextMenuItems_Cancel
0x08452954	rom	0x1C	sItemContextTaskFuncs
0x08452970	rom	0x8	sYesNoMenu_Toss
0x08452978	rom	0x8	sYesNoMenu_Sell
0x08452980	rom	0x6	sListItemTextColor_RegularItem
0x08452986	rom	0x6	sListItemTextColor_TmCase_BerryPouch
0x0845298C	rom	0x10	sPocketSwitchArrowPairTemplate
0x0845299C	rom	0xC0	sBlit_SelectButton
0x08452A5C	rom	0x56	sSaveLocationPokeCenterList
0x08452AB2	rom	0x2	sSaveLocationReloadLocList
0x08452AB4	rom	0x2	sEmptyMapList
0x08452AB8	rom	0x20	sBagWindowPalF
0x08452AD8	rom	0xC	sTextColors
0x08452AE4	rom	0x20	sDefaultBagWindowsStd
0x08452B04	rom	0x20	sDefaultBagWindowsDeposit
0x08452B24	rom	0x70	sWindowTemplates
0x08452B94	rom	0x3	sUnused
0x08452B98	rom	0xC	sDummyPicData
0x08452BA4	rom	0x8	sOamData_Normal
0x08452BAC	rom	0xDD0	sRematches
0x0845397C	rom	0x4	sMovementScript_Wait48
0x08453980	rom	0x2	sMovementScript_TrainerUnfought
0x08453982	rom	0x2	sMovementScript_TrainerNoRematch
0x08453984	rom	0x3	sMovementScript_TrainerRematch
0x08453987	rom	0x5	sFaceDirectionMovementTypeByFacingDirection
0x0845398C	rom	0x8	sBgTemplates
0x08453994	rom	0x18	sItemPcSubmenuOptions
0x084539AC	rom	0xC	sTextColors
0x084539B8	rom	0x38	sWindowTemplates
0x084539F0	rom	0x18	sSubwindowTemplates
0x08453A08	rom	0x18	sWindowTemplates
0x08453A20	rom	0x3	sTextColor
0x08453A23	rom	0x1	sString_Dummy
0x08453A24	rom	0x2	DecorGfx_SMALL_DESK
0x08453A26	rom	0x2	DecorGfx_POKEMON_DESK
0x08453A28	rom	0xC	DecorGfx_HEAVY_DESK
0x08453A34	rom	0xC	DecorGfx_RAGGED_DESK
0x08453A40	rom	0xC	DecorGfx_COMFORT_DESK
0x08453A4C	rom	0x12	DecorGfx_PRETTY_DESK
0x08453A5E	rom	0x12	DecorGfx_BRICK_DESK
0x08453A70	rom	0x12	DecorGfx_CAMP_DESK
0x08453A82	rom	0x12	DecorGfx_HARD_DESK
0x08453A94	rom	0x2	DecorGfx_SMALL_CHAIR
0x08453A96	rom	0x2	DecorGfx_POKEMON_CHAIR
0x08453A98	rom	0x2	DecorGfx_HEAVY_CHAIR
0x08453A9A	rom	0x2	DecorGfx_PRETTY_CHAIR
0x08453A9C	rom	0x2	DecorGfx_COMFORT_CHAIR
0x08453A9E	rom	0x2	DecorGfx_RAGGED_CHAIR
0x08453AA0	rom	0x2	DecorGfx_BRICK_CHAIR
0x08453AA2	rom	0x2	DecorGfx_CAMP_CHAIR
0x08453AA4	rom	0x2	DecorGfx_HARD_CHAIR
0x08453AA6	rom	0x4	DecorGfx_RED_PLANT
0x08453AAA	rom	0x4	DecorGfx_TROPICAL_PLANT
0x08453AAE	rom	0x4	DecorGfx_PRETTY_FLOWERS
0x08453AB2	rom	0x8	DecorGfx_COLORFUL_PLANT
0x08453ABA	rom	0x8	DecorGfx_BIG_PLANT
0x08453AC2	rom	0x8	DecorGfx_GORGEOUS_PLANT
0x08453ACA	rom	0x4	DecorGfx_RED_BRICK
0x08453ACE	rom	0x4	DecorGfx_YELLOW_BRICK
0x08453AD2	rom	0x4	DecorGfx_BLUE_BRICK
0x08453AD6	rom	0x2	DecorGfx_RED_BALLOON
0x08453AD8	rom	0x2	DecorGfx_BLUE_BALLOON
0x08453ADA	rom	0x2	DecorGfx_YELLOW_BALLOON
0x08453ADC	rom	0x12	DecorGfx_RED_TENT
0x08453AEE	rom	0x12	DecorGfx_BLUE_TENT
0x08453B00	rom	0x4	DecorGfx_SOLID_BOARD
0x08453B04	rom	0x10	DecorGfx_SLIDE
0x08453B14	rom	0x2	DecorGfx_FENCE_LENGTH
0x08453B16	rom	0x2	DecorGfx_FENCE_WIDTH
0x08453B18	rom	0x8	DecorGfx_TIRE
0x08453B20	rom	0x10	DecorGfx_STAND
0x08453B30	rom	0x2	DecorGfx_MUD_BALL
0x08453B32	rom	0x4	DecorGfx_BREAKABLE_DOOR
0x08453B36	rom	0x4	DecorGfx_SAND_ORNAMENT
0x08453B3A	rom	0x4	DecorGfx_SILVER_SHIELD
0x08453B3E	rom	0x4	DecorGfx_GOLD_SHIELD
0x08453B42	rom	0x4	DecorGfx_GLASS_ORNAMENT
0x08453B46	rom	0x2	DecorGfx_TV
0x08453B48	rom	0x2	DecorGfx_ROUND_TV
0x08453B4A	rom	0x2	DecorGfx_CUTE_TV
0x08453B4C	rom	0x2	DecorGfx_GLITTER_MAT
0x08453B4E	rom	0x2	DecorGfx_JUMP_MAT
0x08453B50	rom	0x2	DecorGfx_SPIN_MAT
0x08453B52	rom	0x2	DecorGfx_C_LOW_NOTE_MAT
0x08453B54	rom	0x2	DecorGfx_D_NOTE_MAT
0x08453B56	rom	0x2	DecorGfx_E_NOTE_MAT
0x08453B58	rom	0x2	DecorGfx_F_NOTE_MAT
0x08453B5A	rom	0x2	DecorGfx_G_NOTE_MAT
0x08453B5C	rom	0x2	DecorGfx_A_NOTE_MAT
0x08453B5E	rom	0x2	DecorGfx_B_NOTE_MAT
0x08453B60	rom	0x2	DecorGfx_C_HIGH_NOTE_MAT
0x08453B62	rom	0x12	DecorGfx_SURF_MAT
0x08453B74	rom	0x12	DecorGfx_THUNDER_MAT
0x08453B86	rom	0x12	DecorGfx_FIRE_BLAST_MAT
0x08453B98	rom	0x12	DecorGfx_POWDER_SNOW_MAT
0x08453BAA	rom	0x12	DecorGfx_ATTRACT_MAT
0x08453BBC	rom	0x12	DecorGfx_FISSURE_MAT
0x08453BCE	rom	0x12	DecorGfx_SPIKES_MAT
0x08453BE0	rom	0x2	DecorGfx_BALL_POSTER
0x08453BE2	rom	0x2	DecorGfx_GREEN_POSTER
0x08453BE4	rom	0x2	DecorGfx_RED_POSTER
0x08453BE6	rom	0x2	DecorGfx_BLUE_POSTER
0x08453BE8	rom	0x2	DecorGfx_CUTE_POSTER
0x08453BEA	rom	0x4	DecorGfx_PIKA_POSTER
0x08453BEE	rom	0x4	DecorGfx_LONG_POSTER
0x08453BF2	rom	0x4	DecorGfx_SEA_POSTER
0x08453BF6	rom	0x4	DecorGfx_SKY_POSTER
0x08453BFA	rom	0x4	DecorGfx_KISS_POSTER
0x08453BFE	rom	0x2	DecorGfx_PICHU_DOLL
0x08453C00	rom	0x2	DecorGfx_PIKACHU_DOLL
0x08453C02	rom	0x2	DecorGfx_MARILL_DOLL
0x08453C04	rom	0x2	DecorGfx_TOGEPI_DOLL
0x08453C06	rom	0x2	DecorGfx_CYNDAQUIL_DOLL
0x08453C08	rom	0x2	DecorGfx_CHIKORITA_DOLL
0x08453C0A	rom	0x2	DecorGfx_TOTODILE_DOLL
0x08453C0C	rom	0x2	DecorGfx_JIGGLYPUFF_DOLL
0x08453C0E	rom	0x2	DecorGfx_MEOWTH_DOLL
0x08453C10	rom	0x2	DecorGfx_CLEFAIRY_DOLL
0x08453C12	rom	0x2	DecorGfx_DITTO_DOLL
0x08453C14	rom	0x2	DecorGfx_SMOOCHUM_DOLL
0x08453C16	rom	0x2	DecorGfx_TREECKO_DOLL
0x08453C18	rom	0x2	DecorGfx_TORCHIC_DOLL
0x08453C1A	rom	0x2	DecorGfx_MUDKIP_DOLL
0x08453C1C	rom	0x2	DecorGfx_DUSKULL_DOLL
0x08453C1E	rom	0x2	DecorGfx_WYNAUT_DOLL
0x08453C20	rom	0x2	DecorGfx_BALTOY_DOLL
0x08453C22	rom	0x2	DecorGfx_KECLEON_DOLL
0x08453C24	rom	0x2	DecorGfx_AZURILL_DOLL
0x08453C26	rom	0x2	DecorGfx_SKITTY_DOLL
0x08453C28	rom	0x2	DecorGfx_SWABLU_DOLL
0x08453C2A	rom	0x2	DecorGfx_GULPIN_DOLL
0x08453C2C	rom	0x2	DecorGfx_LOTAD_DOLL
0x08453C2E	rom	0x2	DecorGfx_SEEDOT_DOLL
0x08453C30	rom	0x2	DecorGfx_PIKA_CUSHION
0x08453C32	rom	0x2	DecorGfx_ROUND_CUSHION
0x08453C34	rom	0x2	DecorGfx_KISS_CUSHION
0x08453C36	rom	0x2	DecorGfx_ZIGZAG_CUSHION
0x08453C38	rom	0x2	DecorGfx_SPIN_CUSHION
0x08453C3A	rom	0x2	DecorGfx_DIAMOND_CUSHION
0x08453C3C	rom	0x2	DecorGfx_BALL_CUSHION
0x08453C3E	rom	0x2	DecorGfx_GRASS_CUSHION
0x08453C40	rom	0x2	DecorGfx_FIRE_CUSHION
0x08453C42	rom	0x2	DecorGfx_WATER_CUSHION
0x08453C44	rom	0x2	DecorGfx_SNORLAX_DOLL
0x08453C46	rom	0x2	DecorGfx_RHYDON_DOLL
0x08453C48	rom	0x2	DecorGfx_LAPRAS_DOLL
0x08453C4A	rom	0x2	DecorGfx_VENUSAUR_DOLL
0x08453C4C	rom	0x2	DecorGfx_CHARIZARD_DOLL
0x08453C4E	rom	0x2	DecorGfx_BLASTOISE_DOLL
0x08453C50	rom	0x2	DecorGfx_WAILMER_DOLL
0x08453C52	rom	0x2	DecorGfx_REGIROCK_DOLL
0x08453C54	rom	0x2	DecorGfx_REGICE_DOLL
0x08453C56	rom	0x2	DecorGfx_REGISTEEL_DOLL
0x08453C58	rom	0x1C	DecorDesc_SMALL_DESK
0x08453C74	rom	0x30	DecorDesc_POKEMON_DESK
0x08453CA4	rom	0x38	DecorDesc_HEAVY_DESK
0x08453CDC	rom	0x37	DecorDesc_RAGGED_DESK
0x08453D13	rom	0x39	DecorDesc_COMFORT_DESK
0x08453D4C	rom	0x36	DecorDesc_PRETTY_DESK
0x08453D82	rom	0x36	DecorDesc_BRICK_DESK
0x08453DB8	rom	0x39	DecorDesc_CAMP_DESK
0x08453DF1	rom	0x33	DecorDesc_HARD_DESK
0x08453E24	rom	0x1C	DecorDesc_SMALL_CHAIR
0x08453E40	rom	0x31	DecorDesc_POKEMON_CHAIR
0x08453E71	rom	0x1D	DecorDesc_HEAVY_CHAIR
0x08453E8E	rom	0x1D	DecorDesc_PRETTY_CHAIR
0x08453EAB	rom	0x1E	DecorDesc_COMFORT_CHAIR
0x08453EC9	rom	0x1C	DecorDesc_RAGGED_CHAIR
0x08453EE5	rom	0x1D	DecorDesc_BRICK_CHAIR
0x08453F02	rom	0x1C	DecorDesc_CAMP_CHAIR
0x08453F1E	rom	0x1C	DecorDesc_HARD_CHAIR
0x08453F3A	rom	0x1A	DecorDesc_RED_PLANT
0x08453F54	rom	0x25	DecorDesc_TROPICAL_PLANT
0x08453F79	rom	0x17	DecorDesc_PRETTY_FLOWERS
0x08453F90	rom	0x28	DecorDesc_COLORFUL_PLANT
0x08453FB8	rom	0x2E	DecorDesc_BIG_PLANT
0x08453FE6	rom	0x28	DecorDesc_GORGEOUS_PLANT
0x0845400E	rom	0x37	DecorDesc_RED_BRICK
0x08454045	rom	0x35	DecorDesc_YELLOW_BRICK
0x0845407A	rom	0x33	DecorDesc_BLUE_BRICK
0x084540AD	rom	0x37	DecorDesc_RED_BALLOON
0x084540E4	rom	0x38	DecorDesc_BLUE_BALLOON
0x0845411C	rom	0x38	DecorDesc_YELLOW_BALLOON
0x08454154	rom	0x2A	DecorDesc_RED_TENT
0x0845417E	rom	0x2B	DecorDesc_BLUE_TENT
0x084541A9	rom	0x2E	DecorDesc_SOLID_BOARD
0x084541D7	rom	0x25	DecorDesc_SLIDE
0x084541FC	rom	0x23	DecorDesc_FENCE_LENGTH
0x0845421F	rom	0x23	DecorDesc_FENCE_WIDTH
0x08454242	rom	0x35	DecorDesc_TIRE
0x08454277	rom	0x1D	DecorDesc_STAND
0x08454294	rom	0x2D	DecorDesc_MUD_BALL
0x084542C1	rom	0x31	DecorDesc_BREAKABLE_DOOR
0x084542F2	rom	0x2F	DecorDesc_SAND_ORNAMENT
0x08454321	rom	0x32	DecorDesc_SILVER_SHIELD
0x08454353	rom	0x33	DecorDesc_GOLD_SHIELD
0x08454386	rom	0x39	DecorDesc_GLASS_ORNAMENT
0x084543BF	rom	0x1F	DecorDesc_TV
0x084543DE	rom	0x2B	DecorDesc_ROUND_TV
0x08454409	rom	0x2B	DecorDesc_CUTE_TV
0x08454434	rom	0x28	DecorDesc_GLITTER_MAT
0x0845445C	rom	0x2E	DecorDesc_JUMP_MAT
0x0845448A	rom	0x2F	DecorDesc_SPIN_MAT
0x084544B9	rom	0x2F	DecorDesc_C_LOW_NOTE_MAT
0x084544E8	rom	0x2B	DecorDesc_D_NOTE_MAT
0x08454513	rom	0x2C	DecorDesc_E_NOTE_MAT
0x0845453F	rom	0x2C	DecorDesc_F_NOTE_MAT
0x0845456B	rom	0x2B	DecorDesc_G_NOTE_MAT
0x08454596	rom	0x2C	DecorDesc_A_NOTE_MAT
0x084545C2	rom	0x2B	DecorDesc_B_NOTE_MAT
0x084545ED	rom	0x30	DecorDesc_C_HIGH_NOTE_MAT
0x0845461D	rom	0x34	DecorDesc_SURF_MAT
0x08454651	rom	0x37	DecorDesc_THUNDER_MAT
0x08454688	rom	0x3A	DecorDesc_FIRE_BLAST_MAT
0x084546C2	rom	0x39	DecorDesc_POWDER_SNOW_MAT
0x084546FB	rom	0x38	DecorDesc_ATTRACT_MAT
0x08454733	rom	0x37	DecorDesc_FISSURE_MAT
0x0845476A	rom	0x36	DecorDesc_SPIKES_MAT
0x084547A0	rom	0x28	DecorDesc_BALL_POSTER
0x084547C8	rom	0x25	DecorDesc_GREEN_POSTER
0x084547ED	rom	0x25	DecorDesc_RED_POSTER
0x08454812	rom	0x24	DecorDesc_BLUE_POSTER
0x08454836	rom	0x26	DecorDesc_CUTE_POSTER
0x0845485C	rom	0x2F	DecorDesc_PIKA_POSTER
0x0845488B	rom	0x25	DecorDesc_LONG_POSTER
0x084548B0	rom	0x27	DecorDesc_SEA_POSTER
0x084548D7	rom	0x25	DecorDesc_SKY_POSTER
0x084548FC	rom	0x26	DecorDesc_KISS_POSTER
0x08454922	rom	0x2B	DecorDesc_PICHU_DOLL
0x0845494D	rom	0x2D	DecorDesc_PIKACHU_DOLL
0x0845497A	rom	0x2C	DecorDesc_MARILL_DOLL
0x084549A6	rom	0x2C	DecorDesc_TOGEPI_DOLL
0x084549D2	rom	0x2F	DecorDesc_CYNDAQUIL_DOLL
0x08454A01	rom	0x2F	DecorDesc_CHIKORITA_DOLL
0x08454A30	rom	0x2E	DecorDesc_TOTODILE_DOLL
0x08454A5E	rom	0x30	DecorDesc_JIGGLYPUFF_DOLL
0x08454A8E	rom	0x2C	DecorDesc_MEOWTH_DOLL
0x08454ABA	rom	0x2E	DecorDesc_CLEFAIRY_DOLL
0x08454AE8	rom	0x2B	DecorDesc_DITTO_DOLL
0x08454B13	rom	0x2E	DecorDesc_SMOOCHUM_DOLL
0x08454B41	rom	0x2D	DecorDesc_TREECKO_DOLL
0x08454B6E	rom	0x2D	DecorDesc_TORCHIC_DOLL
0x08454B9B	rom	0x2C	DecorDesc_MUDKIP_DOLL
0x08454BC7	rom	0x2D	DecorDesc_DUSKULL_DOLL
0x08454BF4	rom	0x2C	DecorDesc_WYNAUT_DOLL
0x08454C20	rom	0x2C	DecorDesc_BALTOY_DOLL
0x08454C4C	rom	0x2D	DecorDesc_KECLEON_DOLL
0x08454C79	rom	0x2E	DecorDesc_AZURILL_DOLL
0x08454CA7	rom	0x2C	DecorDesc_SKITTY_DOLL
0x08454CD3	rom	0x2C	DecorDesc_SWABLU_DOLL
0x08454CFF	rom	0x2C	DecorDesc_GULPIN_DOLL
0x08454D2B	rom	0x2B	DecorDesc_LOTAD_DOLL
0x08454D56	rom	0x2C	DecorDesc_SEEDOT_DOLL
0x08454D82	rom	0x30	DecorDesc_PIKA_CUSHION
0x08454DB2	rom	0x2F	DecorDesc_ROUND_CUSHION
0x08454DE1	rom	0x31	DecorDesc_KISS_CUSHION
0x08454E12	rom	0x32	DecorDesc_ZIGZAG_CUSHION
0x08454E44	rom	0x2F	DecorDesc_SPIN_CUSHION
0x08454E73	rom	0x30	DecorDesc_DIAMOND_CUSHION
0x08454EA3	rom	0x2D	DecorDesc_BALL_CUSHION
0x08454ED0	rom	0x33	DecorDesc_GRASS_CUSHION
0x08454F03	rom	0x32	DecorDesc_FIRE_CUSHION
0x08454F35	rom	0x33	DecorDesc_WATER_CUSHION
0x08454F68	rom	0x2B	DecorDesc_SNORLAX_DOLL
0x08454F93	rom	0x2B	DecorDesc_RHYDON_DOLL
0x08454FBE	rom	0x2B	DecorDesc_LAPRAS_DOLL
0x08454FE9	rom	0x2B	DecorDesc_VENUSAUR_DOLL
0x08455014	rom	0x2B	DecorDesc_CHARIZARD_DOLL
0x0845503F	rom	0x2B	DecorDesc_BLASTOISE_DOLL
0x0845506A	rom	0x2B	DecorDesc_WAILMER_DOLL
0x08455095	rom	0x2B	DecorDesc_REGIROCK_DOLL
0x084550C0	rom	0x2B	DecorDesc_REGICE_DOLL
0x084550EB	rom	0x2B	DecorDesc_REGISTEEL_DOLL
0x08455118	rom	0xF20	gDecorations
0x08456038	rom	0x3	sTopBarWindowTextColors
0x0845603C	rom	0x18	sWindowTemplates
0x08456054	rom	0x3	sTextColors
0x08456058	rom	0x60	sDescriptionWindow_Gfx
0x084560B8	rom	0x3	sQuestLogTextLineYCoords
0x084560C4	rom	0x4	sDummyFlagOrVarRecord
0x084560C8	rom	0x280	gHelpMessageWindow_Gfx
0x08456348	rom	0x8	sHelpMessageWindowTemplate
0x08456350	rom	0x3	sHelpMessageTextColors
0x08456354	rom	0x4	sCounterIncrements
0x08456358	rom	0x0	sFanClubMemberIds.27
0x08456360	rom	0x0	sFanClubMemberIds.31
0x08456368	rom	0xAC	sRecordEventFuncs
0x08456414	rom	0xAC	sLoadEventFuncs
0x084564C0	rom	0x2B	sQuestLogEventCmdSizes
0x084564EC	rom	0xC	sDefeatedOpponentFlavorTexts
0x084564F8	rom	0xC	sDefeatedChampionFlavorTexts
0x08456504	rom	0xC	sBattleOutcomeTexts
0x08456510	rom	0xCC	sLocationNameTexts
0x084565DC	rom	0x28	sDepartedLocationTexts
0x08456604	rom	0x33	sLocationToDepartedTextId
0x08456637	rom	0x8	sGymCityMapSecs
0x08456640	rom	0x30	sUsedFieldMoveTexts
0x08456670	rom	0x22	sWorldMapFlags
0x08456694	rom	0x5C	sLinkGroupActivityNameTexts
0x084566F0	rom	0x8	sWindowTemplate_BButtonCancel
0x084566F8	rom	0x24	sLinkGroupToActivityAndCapacity
0x0845671C	rom	0x8	sWindowTemplate_List_PossibleGroupMembers
0x08456724	rom	0x8	sWindowTemplate_NumPlayerMode
0x0845672C	rom	0x28	sListMenuItems_PossibleGroupMembers
0x08456754	rom	0x18	sListMenuTemplate_PossibleGroupMembers
0x0845676C	rom	0x8	sWindowTemplate_GroupList
0x08456774	rom	0x8	sWindowTemplate_PlayerNameAndId
0x0845677C	rom	0x80	sListMenuItems_UnionRoomGroups
0x084567FC	rom	0x18	sListMenuTemplate_UnionRoomGroups
0x08456814	rom	0x8	sWindowTemplate_InviteToActivity
0x0845681C	rom	0x20	sListMenuItems_InviteToActivity
0x0845683C	rom	0x18	sListMenuTemplate_InviteToActivity
0x08456854	rom	0x8	sWindowTemplate_RegisterForTrade
0x0845685C	rom	0x18	sListMenuItems_RegisterForTrade
0x08456874	rom	0x18	sListMenuTemplate_RegisterForTrade
0x0845688C	rom	0x8	sWindowTemplate_TypeNames
0x08456894	rom	0x90	sListMenuItems_TypeNames
0x08456924	rom	0x18	sListMenuTemplate_TypeNames
0x0845693C	rom	0x8	sWindowTemplate_TradingBoardHeader
0x08456944	rom	0x8	sWindowTemplate_TradingBoardMain
0x0845694C	rom	0x50	sListMenuItems_TradeBoard
0x0845699C	rom	0x18	sListMenuTemplate_TradeBoard
0x084569B4	rom	0x8	sWindowTemplate_Unused
0x084569BC	rom	0x80	sListMenuItems_Unused
0x08456A3C	rom	0x18	sListMenuTemplate_Unused
0x08456A54	rom	0x18	sRfuPlayerData_Dummy
0x08456A6C	rom	0x2	sAcceptedActivityIds_SingleBattle
0x08456A70	rom	0x2	sAcceptedActivityIds_DoubleBattle
0x08456A74	rom	0x2	sAcceptedActivityIds_MultiBattle
0x08456A78	rom	0x2	sAcceptedActivityIds_Trade
0x08456A7C	rom	0x2	sAcceptedActivityIds_PokemonJump
0x08456A80	rom	0x2	sAcceptedActivityIds_BerryCrush
0x08456A84	rom	0x2	sAcceptedActivityIds_BerryPicking
0x08456A88	rom	0x2	sAcceptedActivityIds_WonderCard
0x08456A8C	rom	0x2	sAcceptedActivityIds_WonderNews
0x08456A90	rom	0xA	sAcceptedActivityIds_Resume
0x08456A9C	rom	0x2	sAcceptedActivityIds_Init
0x08456AA0	rom	0xB	sAcceptedActivityIds_Unk11
0x08456AAC	rom	0x6	sAcceptedActivityIds_Unk12
0x08456AB4	rom	0x34	sAcceptedActivityIds
0x08456AE8	rom	0x9	sLinkGroupToURoomActivity
0x08456AF1	rom	0x6	sDotSeparatedValues
0x08456AF8	rom	0x14	sUnionRoomObjGfxIds
0x08456B0C	rom	0x20	sUnionRoomPlayerCoords
0x08456B2C	rom	0xA	sUnionRoomGroupOffsets
0x08456B36	rom	0x5	sOppositeFacingDirection
0x08456B3B	rom	0x5	sMemberFacingDirections
0x08456B40	rom	0x8	sUnionRoomLocalIds
0x08456B48	rom	0x10	sHidePlayerFlags
0x08456BAD	rom	0x2	sMovement_UnionPlayerExit
0x08456BAF	rom	0x2	sMovement_UnionPlayerEnter
0x08456BB4	rom	0x4	sBgTemplates
0x08456BB8	rom	0x10	sWindowTemplates
0x08456BC8	rom	0x3	sTextColors
0x08456BCC	rom	0x1	gText_UR_EmptyString
0x08456BD0	rom	0x2	gText_UR_Colon
0x08456BD4	rom	0x3	gText_UR_ID
0x08456BD8	rom	0x26	gText_UR_PleaseStartOver
0x08456C00	rom	0x3C	gText_UR_WirelessSearchCanceled
0x08456C3C	rom	0x15	sText_AwaitingCommunucation2
0x08456C54	rom	0x30	gText_UR_AwaitingCommunication
0x08456C84	rom	0x36	gText_UR_AwaitingLinkPressStart
0x08456CBC	rom	0x10	sText_SingleBattle
0x08456CCC	rom	0xF	sText_DoubleBattle
0x08456CDC	rom	0xF	sText_MultiBattle
0x08456CEC	rom	0x11	sText_TradePokemon
0x08456D00	rom	0xD	sText_Chat
0x08456D10	rom	0xC	sText_DistWonderCard
0x08456D1C	rom	0xD	sText_DistWonderNews
0x08456D2C	rom	0x11	sText_DistMysteryEvent
0x08456D40	rom	0xD	sText_HoldPokemonJump
0x08456D50	rom	0x11	sText_HoldBerryCrush
0x08456D64	rom	0xE	sText_HoldBerryPicking
0x08456D74	rom	0x11	sText_HoldSpinTrade
0x08456D88	rom	0x11	sText_HoldSpinShop
0x08456D9C	rom	0x38	sLinkGroupActionTexts
0x08456DD4	rom	0x11	sText_1PlayerNeeded
0x08456DE5	rom	0x12	sText_2PlayersNeeded
0x08456DF7	rom	0x12	sText_3PlayersNeeded
0x08456E09	rom	0xB	sText_4PlayersNeeded
0x08456E14	rom	0xE	sText_2PlayerMode
0x08456E22	rom	0xE	sText_3PlayerMode
0x08456E30	rom	0xE	sText_4PlayerMode
0x08456E3E	rom	0xE	sText_5PlayerMode
0x08456E4C	rom	0x50	gTexts_UR_PlayersNeededOrMode
0x08456E9C	rom	0x9	gText_UR_BButtonCancel
0x08456EA8	rom	0x15	sText_SearchingForParticipants
0x08456EC0	rom	0x21	gText_UR_PlayerContactedYouForXAccept
0x08456EE4	rom	0x25	gText_UR_PlayerContactedYouShareX
0x08456F0C	rom	0x26	gText_UR_PlayerContactedYouAddToMembers
0x08456F34	rom	0x1A	gText_UR_AreTheseMembersOK
0x08456F50	rom	0x23	gText_UR_CancelModeWithTheseMembers
0x08456F74	rom	0x18	gText_UR_AnOKWasSentToPlayer
0x08456F8C	rom	0x37	sText_OtherTrainerUnavailableNow
0x08456FC4	rom	0x38	sText_CantTransmitTrainerTooFar
0x08456FFC	rom	0x2C	sText_TrainersNotReadyYet
0x08457028	rom	0x8	gTexts_UR_CantTransmitToTrainer
0x08457030	rom	0x34	gText_UR_ModeWithTheseMembersWillBeCanceled
0x08457064	rom	0x37	sText_MemberNoLongerAvailable
0x0845709C	rom	0x8	gTexts_UR_PlayerUnavailable
0x084570A4	rom	0x28	sText_TrainerAppearsUnavailable
0x084570CC	rom	0x16	gText_UR_PlayerSentBackOK
0x084570E4	rom	0x27	gText_UR_PlayerOKdRegistration
0x0845710C	rom	0x13	sText_PlayerRepliedNo
0x08457120	rom	0x1C	gText_UR_AwaitingOtherMembers
0x0845713C	rom	0x15	gText_UR_QuitBeingMember
0x08457154	rom	0x1D	sText_StoppedBeingMember
0x08457174	rom	0x28	gTexts_UR_PlayerDisconnected
0x0845719C	rom	0x3D	gText_UR_WirelessLinkEstablished
0x084571DC	rom	0x39	gText_UR_WirelessLinkDropped
0x08457218	rom	0x2C	gText_UR_LinkWithFriendDropped
0x08457244	rom	0x12	sText_PlayerRepliedNo2
0x08457258	rom	0x28	gTexts_UR_LinkDropped
0x08457280	rom	0x19	sText_DoYouWantXMode
0x0845729C	rom	0x19	sText_DoYouWantXMode2
0x084572B8	rom	0x8	sDoYouWantModeTexts
0x084572C0	rom	0x1A	sText_CommunicatingPleaseWait
0x084572DC	rom	0x28	gText_UR_AwaitingPlayersResponseAboutTrade
0x08457304	rom	0x6B	sText_Communicating
0x08457370	rom	0x6B	sText_CommunicatingWithPlayer
0x084573DC	rom	0x75	sText_PleaseWaitAWhile
0x08457454	rom	0xC	gTexts_UR_CommunicatingWait
0x08457460	rom	0x30	sText_HiDoSomethingMale
0x08457490	rom	0x27	sText_HiDoSomethingFemale
0x084574B8	rom	0x38	sText_HiDoSomethingAgainMale
0x084574F0	rom	0x33	sText_HiDoSomethingAgainFemale
0x08457524	rom	0x10	gTexts_UR_HiDoSomething
0x08457534	rom	0x16	sText_DoSomethingMale
0x0845754C	rom	0x20	sText_DoSomethingFemale
0x0845756C	rom	0x23	sText_DoSomethingAgainMale
0x08457590	rom	0xD	sText_DoSomethingAgainFemale
0x084575A0	rom	0x10	sDoSomethingTexts
0x084575B0	rom	0x1F	sText_SomebodyHasContactedYou
0x084575D0	rom	0x19	sText_PlayerHasContactedYou
0x084575EC	rom	0x8	gTexts_UR_PlayerContactedYou
0x084575F4	rom	0x2C	sText_AwaitingResponseFromTrainer
0x08457620	rom	0x1D	sText_AwaitingResponseFromPlayer
0x08457640	rom	0x8	gTexts_UR_AwaitingResponse
0x08457648	rom	0x1F	sText_AwaitingResponseCancelBButton
0x08457668	rom	0x5B	gText_UR_ShowTrainerCard
0x084576C4	rom	0x52	gText_UR_BattleChallenge
0x08457718	rom	0x4C	gText_UR_ChatInvitation
0x08457764	rom	0x74	gText_UR_OfferToTradeMon
0x084577D8	rom	0x52	gText_UR_OfferToTradeEgg
0x0845782C	rom	0x1C	gText_UR_ChatDropped
0x08457848	rom	0x19	gText_UR_OfferDeclined1
0x08457864	rom	0x19	gText_UR_OfferDeclined2
0x08457880	rom	0x15	gText_UR_ChatEnded
0x08457898	rom	0x10	sInvitationTexts
0x084578A8	rom	0x35	sText_JoinChatMale
0x084578E0	rom	0x3D	sText_PlayerJoinChatMale
0x08457920	rom	0x3C	sText_JoinChatFemale
0x0845795C	rom	0x44	sText_PlayerJoinChatFemale
0x084579A0	rom	0x10	gTexts_UR_JoinChat
0x084579B0	rom	0x24	gText_UR_TrainerAppearsBusy
0x084579D4	rom	0x32	sText_WaitForBattleMale
0x08457A08	rom	0x31	sText_WaitForChatMale
0x08457A3C	rom	0x37	sText_ShowTrainerCardMale
0x08457A74	rom	0x33	sText_WaitForBattleFemale
0x08457AA8	rom	0x36	sText_WaitForChatFemale
0x08457AE0	rom	0x33	sText_ShowTrainerCardFemale
0x08457B14	rom	0x20	gTexts_UR_WaitOrShowCard
0x08457B34	rom	0x18	sText_WaitForChatMale2
0x08457B4C	rom	0x35	sText_DoneWaitingBattleMale
0x08457B84	rom	0x1A	sText_DoneWaitingChatMale
0x08457BA0	rom	0x2D	sText_DoneWaitingBattleFemale
0x08457BD0	rom	0x26	sText_DoneWaitingChatFemale
0x08457BF8	rom	0x1E	sText_TradeWillBeStarted
0x08457C18	rom	0x1F	sText_BattleWillBeStarted
0x08457C38	rom	0x16	sText_EnteringChat
0x08457C50	rom	0x30	gTexts_UR_StartActivity
0x08457C80	rom	0x60	sText_BattleDeclinedMale
0x08457CE0	rom	0x54	sText_BattleDeclinedFemale
0x08457D34	rom	0x8	gTexts_UR_BattleDeclined
0x08457D3C	rom	0x4D	sText_ShowTrainerCardDeclinedMale
0x08457D8C	rom	0x47	sText_ShowTrainerCardDeclinedFemale
0x08457DD4	rom	0x8	gTexts_UR_ShowTrainerCardDeclined
0x08457DDC	rom	0x3C	sText_IfYouWantToDoSomethingMale
0x08457E18	rom	0x34	sText_IfYouWantToDoSomethingFemale
0x08457E4C	rom	0x8	gTexts_UR_IfYouWantToDoSomething
0x08457E54	rom	0x45	gText_UR_TrainerBattleBusy
0x08457E9C	rom	0x44	gText_UR_NeedTwoMonsOfLevel30OrLower1
0x08457EE0	rom	0x3B	gText_UR_NeedTwoMonsOfLevel30OrLower2
0x08457F1C	rom	0x2B	sText_DeclineChatMale
0x08457F48	rom	0x1D	stext_DeclineChatFemale
0x08457F68	rom	0x8	gTexts_UR_DeclineChat
0x08457F70	rom	0x46	sText_ChatDeclinedMale
0x08457FB8	rom	0x4D	sText_ChatDeclinedFemale
0x08458008	rom	0x8	gTexts_UR_ChatDeclined
0x08458010	rom	0x27	sText_YoureToughMale
0x08458038	rom	0x2B	sText_UsedGoodMoveMale
0x08458064	rom	0x24	sText_BattleSurpriseMale
0x08458088	rom	0x37	sText_SwitchedMonsMale
0x084580C0	rom	0x2D	sText_YoureToughFemale
0x084580F0	rom	0x28	sText_UsedGoodMoveFemale
0x08458118	rom	0x2A	sText_BattleSurpriseFemale
0x08458144	rom	0x32	sText_SwitchedMonsFemale
0x08458178	rom	0x20	gTexts_UR_BattleReaction
0x08458198	rom	0x21	sText_LearnedSomethingMale
0x084581BC	rom	0x3B	sText_ThatsFunnyMale
0x084581F8	rom	0x23	sText_RandomChatMale1
0x0845821C	rom	0x2C	sText_RandomChatMale2
0x08458248	rom	0x24	sText_LearnedSomethingFemale
0x0845826C	rom	0x1C	sText_ThatsFunnyFemale
0x08458288	rom	0x2E	sText_RandomChatFemale1
0x084582B8	rom	0x24	sText_RandomChatFemale2
0x084582DC	rom	0x20	gTexts_UR_ChatReaction
0x084582FC	rom	0x39	sText_ShowedTrainerCardMale1
0x08458338	rom	0x22	sText_ShowedTrainerCardMale2
0x0845835C	rom	0x3F	sText_ShowedTrainerCardFemale1
0x0845839C	rom	0x2F	sText_ShowedTrainerCardFemale2
0x084583CC	rom	0x10	gTexts_UR_TrainerCardReaction
0x084583DC	rom	0x27	sText_MaleTraded1
0x08458404	rom	0x3E	sText_MaleTraded2
0x08458444	rom	0x20	sText_FemaleTraded1
0x08458464	rom	0x31	sText_FemaleTraded2
0x08458498	rom	0x20	gTexts_UR_TradeReaction
0x084584B8	rom	0x1F	gText_UR_XCheckedTradingBoard
0x084584D8	rom	0x89	gText_UR_RegisterMonAtTradingBoard
0x08458564	rom	0x139	gText_UR_TradingBoardInfo
0x084586A0	rom	0x31	sText_ThankYouForRegistering
0x084586D4	rom	0x1F	sText_NobodyHasRegistered
0x084586F4	rom	0x45	gText_UR_ChooseRequestedMonType
0x0845873C	rom	0x36	gText_UR_WhichMonWillYouOffer
0x08458774	rom	0x21	gText_UR_RegistrationCanceled
0x08458798	rom	0x22	gText_UR_RegistraionCompleted
0x084587BC	rom	0x1E	gText_UR_TradeCanceled
0x084587DC	rom	0x2B	gText_UR_CancelRegistrationOfMon
0x08458808	rom	0x25	gText_UR_CancelRegistrationOfEgg
0x08458830	rom	0x25	gText_UR_RegistrationCanceled2
0x08458858	rom	0x19	sText_TradeTrainersWillBeListed
0x08458874	rom	0x1A	sText_ChooseTrainerToTradeWith2
0x08458890	rom	0x2A	gText_UR_AskTrainerToMakeTrade
0x084588BC	rom	0x14	sText_AwaitingResponseFromTrainer2
0x084588D0	rom	0x20	sText_NotRegisteredAMonForTrade
0x084588F0	rom	0x31	gText_UR_DontHaveTypeTrainerWants
0x08458924	rom	0x26	gText_UR_DontHaveEggTrainerWants
0x0845894C	rom	0x33	sText_PlayerCantTradeForYourMon
0x08458980	rom	0x34	sText_CantTradeForPartnersMon
0x084589B4	rom	0x8	sCantTradeMonTexts
0x084589BC	rom	0x20	gText_UR_TradeOfferRejected
0x084589DC	rom	0xA	gText_UR_EggTrade
0x084589E8	rom	0x1B	gText_UR_ChooseJoinCancel
0x08458A04	rom	0x19	gText_UR_ChooseTrainer
0x08458A20	rom	0x2D	sText_ChooseTrainerSingleBattle
0x08458A50	rom	0x2D	sText_ChooseTrainerDoubleBattle
0x08458A80	rom	0x2D	sText_ChooseLeaderMultiBattle
0x08458AB0	rom	0x29	sText_ChooseTrainerToTradeWith
0x08458ADC	rom	0x37	sText_ChooseTrainerToShareWonderCards
0x08458B14	rom	0x36	sText_ChooseTrainerToShareWonderNews
0x08458B4C	rom	0x32	sText_ChooseLeaderPokemonJump
0x08458B80	rom	0x27	sText_ChooseLeaderBerryCrush
0x08458BA8	rom	0x30	sText_ChooseLeaderBerryPicking
0x08458BD8	rom	0x24	gTexts_UR_ChooseTrainer
0x08458BFC	rom	0x37	gText_UR_SearchingForWirelessSystemWait
0x08458C34	rom	0x21	sText_MustHaveTwoMonsForDoubleBattle
0x08458C58	rom	0x18	gText_UR_AwaitingPlayersResponse
0x08458C70	rom	0x3C	gText_UR_PlayerHasBeenAskedToRegisterYouPleaseWait
0x08458CAC	rom	0x3C	gText_UR_AwaitingResponseFromWirelessSystem
0x08458CE8	rom	0x20	sText_PleaseWaitForOtherTrainersToGather
0x08458D08	rom	0x29	sText_NoCardsSharedRightNow
0x08458D34	rom	0x28	sText_NoNewsSharedRightNow
0x08458D5C	rom	0x8	gTexts_UR_NoWonderShared
0x08458D64	rom	0x7	gText_UR_Battle
0x08458D6C	rom	0x5	gText_UR_Chat2
0x08458D74	rom	0xA	gText_UR_Greetings
0x08458D80	rom	0x5	gText_UR_Exit
0x08458D88	rom	0x5	gText_UR_Exit2
0x08458D90	rom	0x5	gText_UR_Info
0x08458D98	rom	0x1C	gText_UR_NameWantedOfferLv
0x08458DB4	rom	0xE	gText_UR_SingleBattle
0x08458DC4	rom	0xE	gText_UR_DoubleBattle
0x08458DD4	rom	0xD	gText_UR_MultiBattle
0x08458DE4	rom	0xF	gText_UR_PokemonTrades
0x08458DF4	rom	0x5	gText_UR_Chat
0x08458DFC	rom	0x6	gText_UR_Cards
0x08458E04	rom	0xD	gText_UR_WonderCards
0x08458E14	rom	0xC	gText_UR_WonderNews
0x08458E20	rom	0xD	gText_UR_PokemonJump
0x08458E30	rom	0xC	gText_UR_BerryCrush
0x08458E3C	rom	0xE	gText_UR_BerryPicking
0x08458E4C	rom	0x7	gText_UR_Search
0x08458E54	rom	0x9	gText_UR_SpinTrade
0x08458E60	rom	0x9	gText_UR_ItemTrade
0x08458E6C	rom	0x14	sText_ItsNormalCard
0x08458E80	rom	0x14	sText_ItsBronzeCard
0x08458E94	rom	0x14	sText_ItsCopperCard
0x08458EA8	rom	0x14	sText_ItsSilverCard
0x08458EBC	rom	0x12	sText_ItsGoldCard
0x08458ED0	rom	0x14	gTexts_UR_CardColor
0x08458EE4	rom	0x3D	gText_UR_TrainerCardInfoPage1
0x08458F24	rom	0x3D	gText_UR_TrainerCardInfoPage2
0x08458F64	rom	0x1D	sText_GladToMeetYouMale
0x08458F84	rom	0x19	sText_GladToMeetYouFemale
0x08458FA0	rom	0x8	gTexts_UR_GladToMeetYou
0x08458FA8	rom	0x28	gText_UR_FinishedCheckingPlayersTrainerCard
0x08458FD0	rom	0x1B	sText_CanceledReadingCard
0x08458FEC	rom	0x20	sClientScript_DynamicError
0x0845900C	rom	0x48	gServerScript_ClientCanceledCard
0x08459054	rom	0x8	sItemAnimMap
0x0845905C	rom	0x20	sBg_Pal
0x0845907C	rom	0x20	sBg_TmHm_Pal
0x0845909C	rom	0xC0	sBg_Gfx
0x0845915C	rom	0x12C	sBg_Tilemap
0x08459288	rom	0x20	sLevelUp_Pal
0x084592A8	rom	0x1C	sLevelUp_Gfx
0x084592C4	rom	0x20	sStar_Pal
0x084592E4	rom	0x7C	sStar_Gfx
0x08459360	rom	0x20	sOutwardSpiralDots_Pal
0x08459380	rom	0x20	sOutwardSpiralDots_Gfx
0x084593A0	rom	0x8	sBgTemplates
0x084593A8	rom	0x10	sWindowTemplates
0x084593B8	rom	0xC	s1_2_and_Poof_textPtrs
0x084593C4	rom	0x6	sUnusedArray
0x084593CA	rom	0x8	sAffineScales
0x084593D2	rom	0x6	sStarCoordOffsets
0x084593D8	rom	0x8	sSpriteSheet_Star
0x084593E0	rom	0x8	sSpritePalette_Star
0x084593E8	rom	0x8	sSpriteSheet_UseItem_OutwardSpiralDots
0x084593F0	rom	0x8	sSpritePalette_UseItem_OutwardSpiralDots
0x084593F8	rom	0x8	sOamData_MonSprite
0x08459400	rom	0x10	sAffineAnim_Zoom_0
0x08459410	rom	0x10	sAffineAnim_Zoom_1
0x08459420	rom	0x10	sAffineAnim_Zoom_2
0x08459430	rom	0x10	sAffineAnim_Zoom_3
0x08459440	rom	0x10	sAffineAnimTable_Zoom
0x08459450	rom	0x18	sSpriteTemplate_MonSprite
0x08459468	rom	0x18	sAffineAnim_ItemZoom_0
0x08459480	rom	0x18	sAffineAnim_ItemZoom_1
0x08459498	rom	0x18	sAffineAnim_ItemZoom_2
0x084594B0	rom	0x18	sAffineAnim_ItemZoom_3
0x084594C8	rom	0x10	sAffineAnimTable_ItemZoom
0x084594D8	rom	0x8	sOamData_LevelUpVertical
0x084594E0	rom	0x8	sAnim_LevelUpVertical
0x084594E8	rom	0x4	sAnimTable_LevelUpVertical
0x084594EC	rom	0x18	sSpriteTemplate_LevelUpVertical
0x08459504	rom	0x8	sOamData_Star
0x0845950C	rom	0x18	sSpriteTemplate_Star
0x08459524	rom	0x8	sOamData_UseItem_OutwardSpiralDots
0x0845952C	rom	0x10	sAnim_UseItem_OutwardSpiralDots_0
0x0845953C	rom	0xC	sAnim_UseItem_OutwardSpiralDots_1
0x08459548	rom	0x8	sAnimTable_UseItem_OutwardSpiralDots
0x08459550	rom	0x18	sSpriteTemplate_UseItem_OutwardSpiralDots
0x08459568	rom	0x18	sLevelUpWindowStatNames
0x08459580	rom	0x1E	sTutorMoves
0x0845959E	rom	0x338	sTutorLearnsets
0x084598D8	rom	0xC	sPartyMenuBgTemplates
0x084598E4	rom	0x40	sPartyBoxInfoRects
0x08459924	rom	0xC0	sPartyMenuSpriteCoords
0x084599E4	rom	0x1C	sConfirmButton_Tilemap
0x08459A00	rom	0x1C	sCancelButton_Tilemap
0x08459A1C	rom	0x12	sFontColorTable
0x08459A30	rom	0x40	sSinglePartyMenuWindowTemplate
0x08459A70	rom	0x40	sDoublePartyMenuWindowTemplate
0x08459AB0	rom	0x40	sMultiPartyMenuWindowTemplate
0x08459AF0	rom	0x38	sShowcaseMultiPartyMenuWindowTemplate
0x08459B28	rom	0x8	sCancelButtonWindowTemplate
0x08459B30	rom	0x8	sMultiCancelButtonWindowTemplate
0x08459B38	rom	0x8	sConfirmButtonWindowTemplate
0x08459B40	rom	0x8	sDefaultPartyMsgWindowTemplate
0x08459B48	rom	0x8	sDoWhatWithMonMsgWindowTemplate
0x08459B50	rom	0x8	sDoWhatWithItemMsgWindowTemplate
0x08459B58	rom	0x8	sDoWhatWithMailMsgWindowTemplate
0x08459B60	rom	0x8	sWhichMoveMsgWindowTemplate
0x08459B68	rom	0x8	sItemGiveTakeWindowTemplate
0x08459B70	rom	0x8	sMailReadTakeWindowTemplate
0x08459B78	rom	0x8	sMoveSelectWindowTemplate
0x08459B80	rom	0x8	sPartyMenuYesNoWindowTemplate
0x08459B88	rom	0x8	sLevelUpStatsWindowTemplate
0x08459B90	rom	0x8	sWindowTemplate_FirstBattleOakVoiceover
0x08459B98	rom	0x8	sFieldMoveDescriptionWindowTemplate
0x08459BA0	rom	0x46	sSlotTilemap_Main
0x08459BE6	rom	0x46	sSlotTilemap_MainNoHP
0x08459C2C	rom	0x36	sSlotTilemap_Wide
0x08459C62	rom	0x36	sSlotTilemap_WideNoHP
0x08459C98	rom	0x36	sSlotTilemap_WideEmpty
0x08459CCE	rom	0x2	sGenderPalOffsets
0x08459CD0	rom	0x2	sHPBarPalOffsets
0x08459CD2	rom	0x3	sPartyBoxPalOffsets1
0x08459CD5	rom	0x3	sPartyBoxPalOffsets2
0x08459CD8	rom	0x2	sGenderMalePalIds
0x08459CDA	rom	0x2	sGenderFemalePalIds
0x08459CDC	rom	0x2	sHPBarGreenPalIds
0x08459CDE	rom	0x2	sHPBarYellowPalIds
0x08459CE0	rom	0x2	sHPBarRedPalIds
0x08459CE2	rom	0x3	sPartyBoxEmptySlotPalIds1
0x08459CE5	rom	0x3	sPartyBoxMultiPalIds1
0x08459CE8	rom	0x3	sPartyBoxFaintedPalIds1
0x08459CEB	rom	0x3	sPartyBoxCurrSelectionPalIds1
0x08459CEE	rom	0x3	sPartyBoxCurrSelectionMultiPalIds
0x08459CF1	rom	0x3	sPartyBoxCurrSelectionFaintedPalIds
0x08459CF4	rom	0x3	sPartyBoxSelectedForActionPalIds1
0x08459CF7	rom	0x3	sPartyBoxEmptySlotPalIds2
0x08459CFA	rom	0x3	sPartyBoxMultiPalIds2
0x08459CFD	rom	0x3	sPartyBoxFaintedPalIds2
0x08459D00	rom	0x3	sPartyBoxCurrSelectionPalIds2
0x08459D03	rom	0x3	sPartyBoxSelectedForActionPalIds2
0x08459D08	rom	0x6C	sActionStringTable
0x08459D74	rom	0x28	sDescriptionStringTable
0x08459D9C	rom	0x30	sFieldMoveDescriptionTable
0x08459DCC	rom	0x40	sHeldItemGfx
0x08459E0C	rom	0x20	sHeldItemPalette
0x08459E2C	rom	0x8	sOamData_HeldItem
0x08459E34	rom	0x8	sSpriteAnim_HeldItem
0x08459E3C	rom	0x8	sSpriteAnim_HeldMail
0x08459E44	rom	0x8	sSpriteAnimTable_HeldItem
0x08459E4C	rom	0x8	sSpriteSheet_HeldItem
0x08459E54	rom	0x8	sSpritePalette_HeldItem
0x08459E5C	rom	0x18	sSpriteTemplate_HeldItem
0x08459E74	rom	0x8	sOamData_MenuPokeball
0x08459E7C	rom	0x8	sPokeballAnim_Closed
0x08459E84	rom	0x8	sPokeballAnim_Open
0x08459E8C	rom	0x8	sSpriteAnimTable_MenuPokeball
0x08459E94	rom	0x8	sSpriteSheet_MenuPokeball
0x08459E9C	rom	0x8	sSpritePalette_MenuPokeball
0x08459EA4	rom	0x18	sSpriteTemplate_MenuPokeball
0x08459EBC	rom	0x8	sOamData_MenuPokeballSmall
0x08459EC4	rom	0x8	sSmallPokeballAnim_Closed
0x08459ECC	rom	0x8	sSmallPokeballAnim_Open
0x08459ED4	rom	0x8	sSmallPokeballAnim_Blank1
0x08459EDC	rom	0x8	sSmallPokeballAnim_Blank2
0x08459EE4	rom	0x8	sSmallPokeballAnim_Blank3
0x08459EEC	rom	0x8	sSmallPokeballAnim_Blank4
0x08459EF4	rom	0x18	sSpriteAnimTable_MenuPokeballSmall
0x08459F0C	rom	0x8	sSpriteSheet_MenuPokeballSmall
0x08459F14	rom	0x18	sSpriteTemplate_MenuPokeballSmall
0x08459F2C	rom	0x8	sOamData_StatusCondition
0x08459F34	rom	0x8	sSpriteAnim_StatusPoison
0x08459F3C	rom	0x8	sSpriteAnim_StatusParalyzed
0x08459F44	rom	0x8	sSpriteAnim_StatusSleep
0x08459F4C	rom	0x8	sSpriteAnim_StatusFrozen
0x08459F54	rom	0x8	sSpriteAnim_StatusBurn
0x08459F5C	rom	0x8	sSpriteAnim_StatusPokerus
0x08459F64	rom	0x8	sSpriteAnim_StatusFaint
0x08459F6C	rom	0x8	sSpriteAnim_Blank
0x08459F74	rom	0x20	sSpriteTemplate_StatusCondition
0x08459F94	rom	0x8	sSpriteSheet_StatusIcons
0x08459F9C	rom	0x8	sSpritePalette_StatusIcons
0x08459FA4	rom	0x18	sSpriteTemplate_StatusIcons
0x08459FBC	rom	0x8	sMultiBattlePartnersPartyMask
0x08459FC4	rom	0x74	sTMHMMoves_Duplicate
0x0845A038	rom	0xF0	sCursorOptions
0x0845A128	rom	0x3	sPartyMenuAction_SummarySwitchCancel
0x0845A12B	rom	0x3	sPartyMenuAction_ShiftSummaryCancel
0x0845A12E	rom	0x3	sPartyMenuAction_SendOutSummaryCancel
0x0845A131	rom	0x2	sPartyMenuAction_SummaryCancel
0x0845A133	rom	0x3	sPartyMenuAction_EnterSummaryCancel
0x0845A136	rom	0x3	sPartyMenuAction_NoEntrySummaryCancel
0x0845A139	rom	0x3	sPartyMenuAction_StoreSummaryCancel
0x0845A13C	rom	0x3	sPartyMenuAction_GiveTakeItemCancel
0x0845A13F	rom	0x3	sPartyMenuAction_ReadTakeMailCancel
0x0845A142	rom	0x3	sPartyMenuAction_RegisterSummaryCancel
0x0845A145	rom	0x3	sPartyMenuAction_TradeSummaryCancel1
0x0845A148	rom	0x3	sPartyMenuAction_TradeSummaryCancel2
0x0845A14C	rom	0x34	sPartyMenuActions
0x0845A180	rom	0xD	sPartyMenuActionCounts
0x0845A18E	rom	0x1A	sFieldMoves
0x0845A1A8	rom	0x60	sFieldMoveCursorCallbacks
0x0845A208	rom	0x24	sUnionRoomTradeMessages
0x0845A22C	rom	0x74	sTMHMMoves
0x0845A2A0	rom	0x28	sChatEntryRoutines
0x0845A2C8	rom	0x4	sKeyboardPageMaxRow
0x0845A2CC	rom	0x100	sCaseToggleTable
0x0845A3CC	rom	0x78	gUnionRoomKeyboardText
0x0845A444	rom	0x20	sUnionRoomChat_TextEntry_Pal
0x0845A464	rom	0x20	gUnionRoomChat_Unused_Pal
0x0845A484	rom	0x20	sUnionRoomChat_Messages_Pal
0x0845A4A4	rom	0x10	sBgTemplates
0x0845A4B4	rom	0x28	sWindowTemplates
0x0845A4DC	rom	0xA8	sSubtaskInfo
0x0845A584	rom	0x84	sMessageWindowInfo
0x0845A608	rom	0x2	gText_Ellipsis
0x0845A60C	rom	0x28	sKeyboardSwapTexts
0x0845A634	rom	0x20	sUnionRoomChatInterfacePal
0x0845A654	rom	0x284	sSelectorCursor_Gfx
0x0845A8D8	rom	0x20	sTextEntryCursor_Gfx
0x0845A8F8	rom	0x2C	sCharacterSelectCursor_Gfx
0x0845A924	rom	0x54	sRButton_Gfx
0x0845A978	rom	0x28	sSpriteSheets
0x0845A9A0	rom	0x8	sSpritePalette
0x0845A9A8	rom	0x8	sOamData_64x32_1
0x0845A9B0	rom	0x8	sAnim_CursorSmallOpen
0x0845A9B8	rom	0x8	sAnim_CursorSmallClosed
0x0845A9C0	rom	0x8	sAnim_CursorLargeOpen
0x0845A9C8	rom	0x8	sAnim_CursorLargeClosed
0x0845A9D0	rom	0x10	sSpriteAnims_SelectorCursor
0x0845A9E0	rom	0x18	sSpriteTemplate_SelectorCursor
0x0845A9F8	rom	0x8	sOamData_8x16_2
0x0845AA00	rom	0x18	sSpriteTemplate_TextEntryCursor
0x0845AA18	rom	0x18	sSpriteTemplate_CharacterSelectCursor
0x0845AA30	rom	0x8	sOamData_16x16_2
0x0845AA38	rom	0x8	sOamData_32x16_2
0x0845AA40	rom	0x8	sAnim_UnionRoomChatIcons_ToggleCase
0x0845AA48	rom	0x8	sAnim_UnionRoomChatIcons_Dummy1
0x0845AA50	rom	0x8	sAnim_UnionRoomChatIcons_Dummy2
0x0845AA58	rom	0x8	sAnim_UnionRoomChatIcons_Register
0x0845AA60	rom	0x10	sSpriteAnimTable_UnionRoomChatIcons
0x0845AA70	rom	0x18	sSpriteTemplate_RButton
0x0845AA88	rom	0x18	sSpriteTemplate_UnionRoomChatIcons
0x0845AAA0	rom	0x18	sHelpSystemTopicPtrs
0x0845AAB8	rom	0x18	sHelpSystemTopicMouseoverDescriptionPtrs
0x0845AAD0	rom	0xB4	sHelpSystemSpecializedQuestionTextPtrs
0x0845AB84	rom	0xB4	sHelpSystemSpecializedAnswerTextPtrs
0x0845AC38	rom	0xC4	sHelpSystemMenuTopicTextPtrs
0x0845ACFC	rom	0xC4	sHelpSystemHowToUseMenuTextPtrs
0x0845ADC0	rom	0xB0	sHelpSystemTermTextPtrs
0x0845AE70	rom	0xB0	sHelpSystemTermDefinitionsTextPtrs
0x0845AF20	rom	0x20	sHelpSystemGeneralTopicTextPtrs
0x0845AF40	rom	0x20	sHelpSystemGeneralTopicDescriptionTextPtrs
0x0845AF60	rom	0x90	sHelpSystemTypeMatchupTextPtrs
0x0845AFF0	rom	0x90	sHelpSystemTypeMatchupDescriptionTextPtrs
0x0845B080	rom	0x4	sAboutGame_TitleScreen
0x0845B084	rom	0x4	sAboutGame_NewGame
0x0845B088	rom	0x2	sHowTo_NamingScreen
0x0845B08A	rom	0x4	sAboutGame_NamingScreen
0x0845B08E	rom	0x3	sHowTo_Pokedex
0x0845B091	rom	0x6	sHowTo_PartyMenu
0x0845B097	rom	0x3	sTerms_PartyMenu
0x0845B09A	rom	0x3	sHowTo_PokemonInfo
0x0845B09D	rom	0x7	sTerms_PokemonInfo
0x0845B0A4	rom	0xA	sTerms_PokemonSkills
0x0845B0AE	rom	0x8	sTerms_PokemonMoves
0x0845B0B6	rom	0xB	sHowTo_Bag
0x0845B0C1	rom	0x4	sTerms_Bag
0x0845B0C5	rom	0x2	sHowTo_TrainerCardFront
0x0845B0C7	rom	0x6	sTerms_TrainerCardFront
0x0845B0CD	rom	0x2	sHowTo_TrainerCardBack
0x0845B0CF	rom	0x2	sHowTo_Save
0x0845B0D1	rom	0x4	sTerms_Save
0x0845B0D5	rom	0x2	sHowTo_Options
0x0845B0D7	rom	0x8	sTerms_Options
0x0845B0DF	rom	0x4	sWhatToDo_PlayersHouse
0x0845B0E3	rom	0x5	sAboutGame_PlayersHouse
0x0845B0E8	rom	0x6	sWhatToDo_OaksLab
0x0845B0EE	rom	0x14	sHowTo_OaksLab
0x0845B102	rom	0x7	sTerms_OaksLab
0x0845B109	rom	0x9	sWhatToDo_PokeCenter
0x0845B112	rom	0x15	sHowTo_PokeCenter
0x0845B127	rom	0x7	sTerms_PokeCenter
0x0845B12E	rom	0x6	sAboutGame_PokeCenter
0x0845B134	rom	0x9	sWhatToDo_Mart
0x0845B13D	rom	0x14	sHowTo_Mart
0x0845B151	rom	0xC	sTerms_Mart
0x0845B15D	rom	0x7	sWhatToDo_Gym
0x0845B164	rom	0x14	sHowTo_Gym
0x0845B178	rom	0x7	sTerms_Gym
0x0845B17F	rom	0x24	sTypeMatchups_Gym
0x0845B1A3	rom	0x24	sWhatToDo_Indoors
0x0845B1C7	rom	0x14	sHowTo_Indoors
0x0845B1DB	rom	0x9	sTerms_Indoors
0x0845B1E4	rom	0x24	sWhatToDo_Overworld
0x0845B208	rom	0x9	sHowTo_Overworld
0x0845B211	rom	0xA	sTerms_Overworld
0x0845B21B	rom	0x1F	sWhatToDo_Dungeon
0x0845B23A	rom	0x9	sHowTo_Dungeon
0x0845B243	rom	0x9	sTerms_Dungeon
0x0845B24C	rom	0x12	sWhatToDo_Surfing
0x0845B25E	rom	0x9	sHowTo_Surfing
0x0845B267	rom	0x9	sTerms_Surfing
0x0845B270	rom	0xD	sWhatToDo_WildBattle
0x0845B27D	rom	0x9	sHowTo_WildBattle
0x0845B286	rom	0x12	sTerms_WildBattle
0x0845B298	rom	0x24	sTypeMatchups_WildBattle
0x0845B2BC	rom	0xB	sWhatToDo_TrainerBattleSingle
0x0845B2C7	rom	0x8	sHowTo_TrainerBattleSingle
0x0845B2CF	rom	0x12	sTerms_TrainerBattleSingle
0x0845B2E1	rom	0x24	sTypeMatchups_TrainerBattleSingle
0x0845B305	rom	0xB	sWhatToDo_TrainerBattleDouble
0x0845B310	rom	0x8	sHowTo_TrainerBattleDouble
0x0845B318	rom	0x12	sTerms_TrainerBattleDouble
0x0845B32A	rom	0x24	sTypeMatchups_TrainerBattleDouble
0x0845B34E	rom	0x4	sWhatToDo_SafariBattle
0x0845B352	rom	0x5	sHowTo_SafariBattle
0x0845B357	rom	0x10	sTerms_SafariBattle
0x0845B367	rom	0x24	sTypeMatchups_SafariBattle
0x0845B38B	rom	0xD	sHowTo_PC
0x0845B398	rom	0xD	sHowTo_BillsPC
0x0845B3A5	rom	0xD	sHowTo_PlayersPCItems
0x0845B3B2	rom	0xD	sHowTo_PlayersPCMailbox
0x0845B3BF	rom	0xD	sHowTo_PCMisc
0x0845B3CC	rom	0x6	sHowTo_BedroomPC
0x0845B3D2	rom	0x6	sHowTo_BedroomPCItems
0x0845B3D8	rom	0x6	sHowTo_BedroomPCMailbox
0x0845B3DE	rom	0x20	sTerms_Basic
0x0845B400	rom	0x2D0	sHelpSystemSubmenuItemLists
0x0845B6D0	rom	0x800	sUnused
0x0845BED0	rom	0x6	sHelpSystemContextTopicOrder
0x0845BED6	rom	0xDE	sHelpSystemContextTopicFlags
0x0845BFB4	rom	0x28	sMartMaps
0x0845BFDC	rom	0x12	sGymMaps
0x0845BFEE	rom	0x30	sDungeonMaps
0x0845C020	rom	0x800	sFameCheckerTilemap
0x0845C820	rom	0x100	sQuestionMarkSpriteGfx
0x0845C920	rom	0x1E0	sSpinningPokeballSpriteGfx
0x0845CB00	rom	0x20	sSpinningPokeballSpritePalette
0x0845CB20	rom	0x400	sSelectorCursorSpriteGfx
0x0845CF20	rom	0x20	sSelectorCursorSpritePalette
0x0845CF40	rom	0x800	sFujiSpriteGfx
0x0845D740	rom	0x20	sFujiSpritePalette
0x0845D760	rom	0x800	sBillSpriteGfx
0x0845DF60	rom	0x20	sBillSpritePalette
0x0845DF80	rom	0x800	sDaisySpriteGfx
0x0845E780	rom	0x20	sDaisySpritePalette
0x0845E7A0	rom	0x800	sOakSpriteGfx
0x0845EFA0	rom	0x20	sOakSpritePalette
0x0845EFC0	rom	0x20	sUnkPalette
0x0845EFE0	rom	0x20	sSilhouettePalette
0x0845F000	rom	0x3	sTextColor_White
0x0845F003	rom	0x3	sTextColor_DkGrey
0x0845F006	rom	0x3	sTextColor_Green
0x0845F00A	rom	0x20	sTrainerIdxs
0x0845F02C	rom	0x10	sNonTrainerNamePointers
0x0845F03C	rom	0x10	sFameCheckerTrainerPicIdxs
0x0845F04C	rom	0x10	sFameCheckerTrainerGenders_Unused
0x0845F05C	rom	0x80	sFameCheckerNameAndQuotesPointers
0x0845F0DC	rom	0x180	sFameCheckerFlavorTextPointers
0x0845F25C	rom	0x60	sFameCheckerArrayNpcGraphicsIds
0x0845F2BC	rom	0x180	sFlavorTextOriginLocationTexts
0x0845F43C	rom	0x180	sFlavorTextOriginObjectNameTexts
0x0845F5BC	rom	0x40	sUISpriteSheets
0x0845F5FC	rom	0x18	sUISpritePalettes
0x0845F614	rom	0x10	sUIBgTemplates
0x0845F624	rom	0x28	sUIWindowTemplates
0x0845F64C	rom	0xC	sSelectorCursorAnim0
0x0845F658	rom	0x4	sSelectorCursorAnims
0x0845F65C	rom	0x8	sSelectorCursorOamData
0x0845F664	rom	0x18	sSpriteTemplate_SelectorCursor
0x0845F67C	rom	0x8	sUnused
0x0845F684	rom	0x8	sQuestionMarkTileOamData
0x0845F68C	rom	0x8	sQuestionMarkTileAnim0
0x0845F694	rom	0x4	sQuestionMarkTileAnims
0x0845F698	rom	0x18	sQuestionMarkTileSpriteTemplate
0x0845F6B0	rom	0x8	sSpinningPokeballAnim0
0x0845F6B8	rom	0x4	sSpinningPokeballAnims
0x0845F6BC	rom	0x8	sSpinningPokeballOamData
0x0845F6C4	rom	0x10	sSpinningPokeballAffineAnim0
0x0845F6D4	rom	0x4	sSpinningPokeballAffineAnims
0x0845F6D8	rom	0x18	sSpinningPokeballSpriteTemplate
0x0845F6F0	rom	0x8	sDaisyFujiOakBillAnim0
0x0845F6F8	rom	0x4	sDaisyFujiOakBillAnims
0x0845F6FC	rom	0x8	sDaisyFujiOakBillOamData
0x0845F704	rom	0x18	sDaisySpriteTemplate
0x0845F71C	rom	0x18	sFujiSpriteTemplate
0x0845F734	rom	0x18	sOakSpriteTemplate
0x0845F74C	rom	0x18	sBillSpriteTemplate
0x0845F774	rom	0x811	sMonPosAttributes
0x0845FF88	rom	0x80	sOakSpeech_Background_Pals
0x08460008	rom	0x5C0	sControlsGuide_PikachuIntro_Background_Tiles
0x084605C8	rom	0xFC	sPikachuIntro_Background_Tilemap
0x084606C4	rom	0x44	sOakSpeech_Background_Tiles
0x08460708	rom	0xAC	sOakSpeech_Background_Tilemap
0x084607B4	rom	0xA0	sControlsGuide_Tilemap_Page2
0x08460854	rom	0xA0	sControlsGuide_Tilemap_Page3
0x084608F4	rom	0x40	sOakSpeech_Leaf_Pal
0x08460934	rom	0x6E8	sOakSpeech_Leaf_Tiles
0x0846101C	rom	0x40	sOakSpeech_Red_Pal
0x0846105C	rom	0x698	sOakSpeech_Red_Tiles
0x084616F4	rom	0x40	sOakSpeech_Oak_Pal
0x08461734	rom	0x698	sOakSpeech_Oak_Tiles
0x08461DCC	rom	0x40	sOakSpeech_Rival_Pal
0x08461E0C	rom	0x5E4	sOakSpeech_Rival_Tiles
0x084623F0	rom	0x20	sOakSpeech_Platform_Pal
0x08462410	rom	0x20	sPikachuIntro_Pikachu_Pal
0x08462430	rom	0x164	sOakSpeech_Platform_Gfx
0x08462594	rom	0x1C0	sPikachuIntro_PikachuBody_Gfx
0x08462754	rom	0xE4	sPikachuIntro_PikachuEars_Gfx
0x08462838	rom	0x40	sPikachuIntro_PikachuEyes_Gfx
0x08462878	rom	0xC	sBgTemplates
0x08462884	rom	0x10	sControlsGuide_WindowTemplate_Page1
0x08462894	rom	0x20	sControlsGuide_WindowTemplate_Page2
0x084628B4	rom	0x20	sControlsGuide_WindowTemplate_Page3
0x084628D4	rom	0xC	sControlsGuide_WindowTemplates
0x084628E0	rom	0x28	sIntro_WindowTemplates
0x08462908	rom	0x4	sTextColor_White
0x0846290C	rom	0x4	sTextColor_DarkGray
0x08462910	rom	0xC	sPikachuIntro_Strings
0x0846291C	rom	0x18	sPikachuIntro_Pikachu_SpriteSheets
0x08462934	rom	0x8	sOakSpeech_Platform_SpriteSheet
0x0846293C	rom	0x8	sPikachuIntro_Pikachu_SpritePalette
0x08462944	rom	0x8	sOakSpeech_Platform_SpritePalette
0x0846294C	rom	0x8	sOakSpeech_PlatformLeft_Anim
0x08462954	rom	0x8	sOakSpeech_PlatformMiddle_Anim
0x0846295C	rom	0x8	sOakSpeech_PlatformRight_Anim
0x08462964	rom	0x4	sOakSpeech_PlatformLeft_Anims
0x08462968	rom	0x4	sOakSpeech_PlatformMiddle_Anims
0x0846296C	rom	0x4	sOakSpeech_PlatformRight_Anims
0x08462970	rom	0x48	sOakSpeech_Platform_SpriteTemplates
0x084629B8	rom	0xC	sPikachuIntro_PikachuBody_Anim
0x084629C4	rom	0x40	sPikachuIntro_PikachuEars_Anim
0x08462A04	rom	0x3C	sPikachuIntro_PikachuEyes_Anim
0x08462A40	rom	0x4	sPikachuIntro_PikachuBody_Anims
0x08462A44	rom	0x4	sPikachuIntro_PikachuEars_Anims
0x08462A48	rom	0x4	sPikachuIntro_PikachuEyes_Anims
0x08462A4C	rom	0x48	sPikachuIntro_Pikachu_SpriteTemplates
0x08462A94	rom	0x18	sControlsGuide_Pages2And3_Strings
0x08462AAC	rom	0x4C	sMaleNameChoices
0x08462AF8	rom	0x4C	sFemaleNameChoices
0x08462B44	rom	0x10	sRivalNameChoices
0x08462B54	rom	0xC	sBGTemplates
0x08462B60	rom	0x10	sSelectTMActionTasks
0x08462B70	rom	0x18	sMenuActions
0x08462B88	rom	0x3	sMenuActionIndices_Field
0x08462B8B	rom	0x2	sMenuActionIndices_UnionRoom
0x08462B90	rom	0x8	sYesNoFuncTable
0x08462B98	rom	0x4	sText_ClearTo18
0x08462B9C	rom	0x2	sText_SingleSpace
0x08462BA0	rom	0x4	sPal3Override
0x08462BA4	rom	0xC	sTextColors
0x08462BB0	rom	0x50	sWindowTemplates
0x08462C00	rom	0x8	sYesNoWindowTemplate
0x08462C08	rom	0x10	sWindowTemplates_ContextMenu
0x08462C18	rom	0x8	sTMSpriteOamData
0x08462C20	rom	0x8	sAnim_TM
0x08462C28	rom	0x8	sAnim_HM
0x08462C30	rom	0x8	sAnims_Disc
0x08462C38	rom	0x8	sSpriteSheet_Disc
0x08462C40	rom	0x18	sSpriteTemplate_Disc
0x08462C58	rom	0x24	sTMSpritePaletteOffsetByType
0x08462C7C	rom	0x10	sScrollIndicatorTemplates
0x08462C8C	rom	0x8	sOamData_ScrollArrowIndicator
0x08462C94	rom	0x8	sSpriteAnim_ScrollArrowIndicator0
0x08462C9C	rom	0x8	sSpriteAnim_ScrollArrowIndicator1
0x08462CA4	rom	0x8	sSpriteAnim_ScrollArrowIndicator2
0x08462CAC	rom	0x8	sSpriteAnim_ScrollArrowIndicator3
0x08462CB4	rom	0x10	sSpriteAnimTable_ScrollArrowIndicator
0x08462CC4	rom	0x18	sSpriteTemplate_ScrollArrowIndicator
0x08462CDC	rom	0x4	sSubsprite_RedOutline1
0x08462CE0	rom	0x4	sSubsprite_RedOutline2
0x08462CE4	rom	0x4	sSubsprite_RedOutline3
0x08462CE8	rom	0x4	sSubsprite_RedOutline4
0x08462CEC	rom	0x4	sSubsprite_RedOutline5
0x08462CF0	rom	0x4	sSubsprite_RedOutline6
0x08462CF4	rom	0x4	sSubsprite_RedOutline7
0x08462CF8	rom	0x4	sSubsprite_RedOutline8
0x08462CFC	rom	0x8	sOamData_RedArrowCursor
0x08462D04	rom	0x8	sSpriteAnim_RedArrowCursor
0x08462D0C	rom	0x4	sSpriteAnimTable_RedArrowCursor
0x08462D10	rom	0x18	sSpriteTemplate_RedArrowCursor
0x08462D28	rom	0x20	sRedArrowPal
0x08462D48	rom	0x70	sRedArrowOtherGfx
0x08462DB8	rom	0x40	sSelectorOutlineGfx
0x08462DF8	rom	0x44	sRedArrowGfx
0x08462E3C	rom	0x20	sMarkerPal
0x08462E5C	rom	0x10C	sMarkerTiles
0x08462F68	rom	0x4	sSubsprite_Circular
0x08462F6C	rom	0x4	sSubsprite_SmallHorizontal
0x08462F70	rom	0x4	sSubsprite_SmallVertical
0x08462F74	rom	0x4	sSubsprite_MediumHorizontal
0x08462F78	rom	0x4	sSubsprite_MediumVertical
0x08462F7C	rom	0x4	sSubsprite_LargeHorizontal
0x08462F80	rom	0x4	sSubsprite_LargeVertical
0x08462F84	rom	0x1C	sSubsprites
0x08462FA0	rom	0x140	sAreaMarkers
0x084630E0	rom	0x20	sTextHeaderPalette
0x08463100	rom	0x20	sMonMarkingSpritePalette
0x08463120	rom	0x20	sTextMovesPalette
0x08463140	rom	0x20	sMoveSelectionCursorPals
0x08463160	rom	0x12C	sMoveSelectionCursorTiles_Left
0x0846328C	rom	0x120	sMoveSelectionCursorTiles_Right
0x084633AC	rom	0x8	sMoveSelectionCursorOamData
0x084633B4	rom	0x8	sMoveSelectionCursorOamAnim_Red
0x084633BC	rom	0x8	sMoveSelectionCursorOamAnim_Blue
0x084633C4	rom	0x8	sMoveSelectionCursorOamAnimTable
0x084633CC	rom	0x8	sStatusAilmentIconOamData
0x084633D4	rom	0x8	sStatusAilmentIconAnim_PSN
0x084633DC	rom	0x8	sStatusAilmentIconAnim_PRZ
0x084633E4	rom	0x8	sStatusAilmentIconAnim_SLP
0x084633EC	rom	0x8	sStatusAilmentIconAnim_FRZ
0x084633F4	rom	0x8	sStatusAilmentIconAnim_BRN
0x084633FC	rom	0x8	sStatusAilmentIconAnim_PKRS
0x08463404	rom	0x8	sStatusAilmentIconAnim_FNT
0x0846340C	rom	0x8	sStatusAilmentIconAnim_Blank
0x08463414	rom	0x20	sStatusAilmentIconAnimTable
0x08463434	rom	0x8	sHpOrExpBarOamData
0x0846343C	rom	0x8	sHpOrExpAnim_0
0x08463444	rom	0x8	sHpOrExpAnim_1
0x0846344C	rom	0x8	sHpOrExpAnim_2
0x08463454	rom	0x8	sHpOrExpAnim_3
0x0846345C	rom	0x8	sHpOrExpAnim_4
0x08463464	rom	0x8	sHpOrExpAnim_5
0x0846346C	rom	0x8	sHpOrExpAnim_6
0x08463474	rom	0x8	sHpOrExpAnim_7
0x0846347C	rom	0x8	sHpOrExpAnim_8
0x08463484	rom	0x8	sHpOrExpAnim_9
0x0846348C	rom	0x8	sHpOrExpAnim_10
0x08463494	rom	0x8	sHpOrExpAnim_11
0x0846349C	rom	0x30	sHpOrExpBarAnimTable
0x084634CC	rom	0x20	sPokeSummary_HpBarPalYellow
0x084634EC	rom	0x20	sPokeSummary_HpBarPalRed
0x0846350C	rom	0x8	sPokerusIconObjOamData
0x08463514	rom	0x8	sPokerusIconObjAnim0
0x0846351C	rom	0x4	sPokerusIconObjAnimTable
0x08463520	rom	0x20	sPokerusIconObjPal
0x08463540	rom	0x10	sPokerusIconObjTiles
0x08463550	rom	0x8	sStarObjOamData
0x08463558	rom	0x8	sStarObjAnim0
0x08463560	rom	0x4	sStarObjAnimTable
0x08463564	rom	0x20	sStarObjPal
0x08463584	rom	0x24	sStarObjTiles
0x084635A8	rom	0xF8	sBgTilemap_MovesInfoPage
0x084636A0	rom	0x13C	sBgTilemap_MovesPage
0x084637DC	rom	0x6	sHardyNatureName
0x084637E2	rom	0x7	sLonelyNatureName
0x084637E9	rom	0x6	sBraveNatureName
0x084637EF	rom	0x8	sAdamantNatureName
0x084637F7	rom	0x8	sNaughtyNatureName
0x084637FF	rom	0x5	sBoldNatureName
0x08463804	rom	0x7	sDocileNatureName
0x0846380B	rom	0x8	sRelaxedNatureName
0x08463813	rom	0x7	sImpishNatureName
0x0846381A	rom	0x4	sLaxNatureName
0x0846381E	rom	0x6	sTimidNatureName
0x08463824	rom	0x6	sHastyNatureName
0x0846382A	rom	0x8	sSeriousNatureName
0x08463832	rom	0x6	sJollyNatureName
0x08463838	rom	0x6	sNaiveNatureName
0x0846383E	rom	0x7	sModestNatureName
0x08463845	rom	0x5	sMildNatureName
0x0846384A	rom	0x6	sQuietNatureName
0x08463850	rom	0x8	sBashfulNatureName
0x08463858	rom	0x5	sRashNatureName
0x0846385D	rom	0x5	sCalmNatureName
0x08463862	rom	0x7	sGentleNatureName
0x08463869	rom	0x6	sSassyNatureName
0x0846386F	rom	0x8	sCarefulNatureName
0x08463877	rom	0x7	sQuirkyNatureName
0x08463880	rom	0x64	gNatureNamePointers
0x084638E4	rom	0x10	sEggHatchTimeTexts
0x084638F4	rom	0x1C	sEggOriginTexts
0x08463910	rom	0xC	sPrintMoveTextColors
0x0846391C	rom	0x10	sBgTempaltes
0x0846392C	rom	0x18	sWindowTemplates_Permanent_Bg1
0x08463944	rom	0x18	sWindowTemplates_Permanent_Bg2
0x0846395C	rom	0x20	sWindowTemplates_Info
0x0846397C	rom	0x20	sWindowTemplates_Skills
0x0846399C	rom	0x20	sWindowTemplates_Moves
0x084639BC	rom	0x8	sWindowTemplates_Dummy
0x084639C4	rom	0x12	sLevelNickTextColors
0x084639D8	rom	0x6	sMultiBattlePartyOrder
0x084639DE	rom	0x3	sMonPicBounceYDelta_Under60
0x084639E1	rom	0x5	sMonPicBounceYDelta_60to80
0x084639E6	rom	0x7	sMonPicBounceYDelta_80to99
0x084639ED	rom	0x7	sMonPicBounceYDelta_Full
0x084639F4	rom	0xB	sEggPicShakeXDelta_ItWillTakeSomeTime
0x084639FF	rom	0xB	sEggPicShakeXDelta_OccasionallyMoves
0x08463A0A	rom	0xF	sEggPicShakeXDelta_AlmostReadyToHatch
0x08463A1C	rom	0xC	sHpBarPals
0x08463A28	rom	0x120	sTiles
0x08463B48	rom	0x20	sPals
0x08463B68	rom	0xDC	sDexAreas_Kanto
0x08463C44	rom	0x10	sDexAreas_Sevii1
0x08463C54	rom	0x8	sDexAreas_Sevii2
0x08463C5C	rom	0x14	sDexAreas_Sevii3
0x08463C70	rom	0x8	sDexAreas_Sevii4
0x08463C78	rom	0x1C	sDexAreas_Sevii5
0x08463C94	rom	0x1C	sDexAreas_Sevii6
0x08463CB0	rom	0x2C	sDexAreas_Sevii7
0x08463CDC	rom	0x38	sSeviiDexAreas
0x08463D14	rom	0xC	sRoamerPairs
0x08463D20	rom	0x4C	sTextColorTable
0x08463D6C	rom	0xC	sBgTemplates
0x08463D78	rom	0x14	sBerryPouchContextMenuTasks
0x08463D8C	rom	0x8	sYesNoFuncs_Toss
0x08463D94	rom	0x8	sYesNoFuncs_Sell
0x08463D9C	rom	0x28	sContextMenuActions
0x08463DC4	rom	0x4	sOptions_UseGiveTossExit
0x08463DC8	rom	0x4	sOptions_GiveExit
0x08463DCC	rom	0x4	sOptions_Exit
0x08463DD0	rom	0x4	sOptions_UseToss_Exit
0x08463DD4	rom	0x2	sText_Space
0x08463DD8	rom	0x20	sWindowTemplates_Main
0x08463DF8	rom	0x70	sWindowTemplates_Variable
0x08463E68	rom	0x9	sTextColors
0x08463E74	rom	0x8	sOamData
0x08463E7C	rom	0x8	sSpriteAnim_Dummy
0x08463E84	rom	0x4	sSpriteAnimTable
0x08463E88	rom	0x10	sSpriteAffineAnim_Static
0x08463E98	rom	0x28	sSpriteAffineAnim_Wobble
0x08463EC0	rom	0x8	sSpriteAffineAnimTable
0x08463EC8	rom	0x8	sBerryPouchSpriteSheet
0x08463ED0	rom	0x8	sBerryPouchSpritePal
0x08463ED8	rom	0x18	sSpriteTemplate_BerryPouch
0x08463EF0	rom	0x280	sArrowAndStarSpriteTiles
0x08464170	rom	0x8	sArrowAnim0
0x08464178	rom	0x8	sArrowAnim1
0x08464180	rom	0x8	sArrowAnim2
0x08464188	rom	0x8	sArrowAnim3
0x08464190	rom	0x8	sStarAnim
0x08464198	rom	0x14	sArrowAndStarSpriteAnimTable
0x084641AC	rom	0x8	sArrowAndStarSpriteOamData
0x084641B4	rom	0x10	sAffineAnim_Left
0x084641C4	rom	0x10	sAffineAnim_Down
0x084641D4	rom	0x10	sAffineAnim_Right
0x084641E4	rom	0x10	sAffineAnim_Up
0x084641F4	rom	0x10	sArrowAndStarSpriteAffineAnimTable
0x08464204	rom	0x18	sSpriteTemplate_ArrowAndStar
0x0846421C	rom	0x8	sArrowAndStarSpriteSheet
0x08464224	rom	0x38	sShopBuyMenuWindowTemplatesNormal
0x0846425C	rom	0x40	sShopBuyMenuWindowTemplatesTM
0x0846429C	rom	0x8	sShopBuyMenuYesNoWindowTemplate
0x084642A4	rom	0x9	sShopBuyMenuTextColors
0x084642B0	rom	0x1E	sSecondReelBiasCheckIndices
0x084642CE	rom	0xF	sThirdReelBiasCheckIndices
0x084642DD	rom	0x14	sRowAttributes
0x084642F2	rom	0x54	sReelBiasChances
0x08464346	rom	0x3F	sReelIconAnimByReelAndPos
0x08464386	rom	0xE	sPayoutTable
0x08464394	rom	0xA0	sReelIcons_Pal
0x08464434	rom	0x5E8	sReelIcons_Tiles
0x08464A1C	rom	0x20	sClefairy_Pal
0x08464A3C	rom	0x474	sClefairy_Tiles
0x08464EB0	rom	0x20	sDigits_Pal
0x08464ED0	rom	0x6C	sDigits_Tiles
0x08464F3C	rom	0x18	sSpriteSheets
0x08464F54	rom	0x40	sSpritePalettes
0x08464F94	rom	0xE	sReelIconPaletteTags
0x08464FA2	rom	0xC0	sReelIconAffineParams
0x08465062	rom	0x60	sReelIconBldY
0x084650C4	rom	0x8	sOamData_ReelIcons
0x084650CC	rom	0x8	sAnimCmd_ReelIcon_7
0x084650D4	rom	0x8	sAnimCmd_ReelIcon_Rocket
0x084650DC	rom	0x8	sAnimCmd_ReelIcon_Pikachu
0x084650E4	rom	0x8	sAnimCmd_ReelIcon_Psyduck
0x084650EC	rom	0x8	sAnimCmd_ReelIcon_Cherries
0x084650F4	rom	0x8	sAnimCmd_ReelIcon_Magnemite
0x084650FC	rom	0x8	sAnimCmd_ReelIcon_Shellder
0x08465104	rom	0x8	sAnimCmd_ReelIcon_Pikachu_2
0x0846510C	rom	0x8	sAnimCmd_ReelIcon_Psyduck_2
0x08465114	rom	0x8	sAnimCmd_ReelIcon_Cherries_2
0x0846511C	rom	0x8	sAnimCmd_ReelIcon_Magnemite_2
0x08465124	rom	0x8	sAnimCmd_ReelIcon_Shellder_2
0x0846512C	rom	0x30	sAnimTable_ReelIcons
0x0846515C	rom	0x10	sAffineAnimCmd_ReelIcons_Unused
0x0846516C	rom	0x4	sAffineAnimTable_ReelIcons_Unused
0x08465170	rom	0x18	sSpriteTemplate_ReelIcons
0x08465188	rom	0x8	sOamData_Digits
0x08465190	rom	0x8	sSpriteAnim_Digit0
0x08465198	rom	0x8	sSpriteAnim_Digit1
0x084651A0	rom	0x8	sSpriteAnim_Digit2
0x084651A8	rom	0x8	sSpriteAnim_Digit3
0x084651B0	rom	0x8	sSpriteAnim_Digit4
0x084651B8	rom	0x8	sSpriteAnim_Digit5
0x084651C0	rom	0x8	sSpriteAnim_Digit6
0x084651C8	rom	0x8	sSpriteAnim_Digit7
0x084651D0	rom	0x8	sSpriteAnim_Digit8
0x084651D8	rom	0x8	sSpriteAnim_Digit9
0x084651E0	rom	0x28	sAnimTable_Digits
0x08465208	rom	0x18	sSpriteTemplate_Digits
0x08465220	rom	0x8	sOamData_Clefairy
0x08465228	rom	0x8	sAnimCmd_Clefairy_Neutral
0x08465230	rom	0xC	sAnimCmd_Clefairy_Spinning
0x0846523C	rom	0xC	sAnimCmd_Clefairy_Payout
0x08465248	rom	0xC	sAnimCmd_Clefairy_Lose
0x08465254	rom	0x10	sAnimTable_Clefairy
0x08465264	rom	0x18	sSpriteTemplate_Clefairy
0x0846527C	rom	0x40	sSlotMachineSetupTasks
0x084652BC	rom	0xA0	sBg_Pal
0x0846535C	rom	0x75C	sBg_Tiles
0x08465AB8	rom	0x2E4	sBg_Tilemap
0x08465D9C	rom	0x20	sBgPal_MatchLines
0x08465DBC	rom	0x60	sBgPal_PayoutLight
0x08465E1C	rom	0x84	sButtonPressed_Tiles
0x08465EA0	rom	0x60	sCombosWindow_Pal
0x08465F00	rom	0x378	sCombosWindow_Tiles
0x08466278	rom	0x174	sCombosWindow_Tilemap
0x084663EC	rom	0x10	sBgTemplates
0x084663FC	rom	0x18	sWindowTemplates
0x08466414	rom	0x28	sLineTiles_TLBR
0x0846643C	rom	0x2C	sLineTiles_TopRow
0x08466468	rom	0x2C	sLineTiles_MiddleRow
0x08466494	rom	0x2C	sLineTiles_BottomRow
0x084664C0	rom	0x28	sLineTiles_BLTR
0x084664E8	rom	0x28	sLineStateTileIdxs
0x08466510	rom	0x2	sWinningLineFlashPalIdxs
0x08466514	rom	0x8	sYesNoWindowTemplate
0x0846651C	rom	0x18	sReelButtonMapTileIdxs
0x08466534	rom	0xB6	sRoamerLocations
0x084665EC	rom	0x20	sTextboxBorder_Pal
0x0846660C	rom	0x30	sTextboxBorder_Gfx
0x0846663C	rom	0x10	sBGTemplates
0x0846664C	rom	0x20	sMainWindows
0x0846666C	rom	0x8	sWindowTemplate_YesNoMsg_Wide
0x08466674	rom	0x8	sWindowTemplate_YesNoMsg
0x0846667C	rom	0x8	sWindowTemplate_GiftSelect
0x08466684	rom	0x8	sWindowTemplate_ThreeOptions
0x0846668C	rom	0x8	sWindowTemplate_YesNoBox
0x08466694	rom	0x8	sWindowTemplate_GiftSelect_3Options
0x0846669C	rom	0x8	sWindowTemplate_GiftSelect_2Options
0x084666A4	rom	0x8	sWindowTemplate_GiftSelect_1Option
0x084666AC	rom	0x18	sListMenuItems_CardsOrNews
0x084666C4	rom	0x18	sListMenuItems_WirelessOrFriend
0x084666DC	rom	0x18	sListMenuTemplate_ThreeOptions
0x084666F4	rom	0x20	sListMenuItems_ReceiveSendToss
0x08466714	rom	0x18	sListMenuItems_ReceiveToss
0x0846672C	rom	0x18	sListMenuItems_ReceiveSend
0x08466744	rom	0x10	sListMenuItems_Receive
0x08466754	rom	0x18	sListMenu_ReceiveSendToss
0x0846676C	rom	0x18	sListMenu_ReceiveToss
0x08466784	rom	0x18	sListMenu_ReceiveSend
0x0846679C	rom	0x18	sListMenu_Receive
0x084667B4	rom	0x10	sUnusedMenuTexts
0x084667C4	rom	0x3	sTextColors_TopMenu
0x084667C8	rom	0x3	sTextColors_TopMenu_Copy
0x084667CC	rom	0x3	sMG_Ereader_TextColor_2
0x084667CF	rom	0x4	sText_Test
0x084667D3	rom	0x9	sText_EonTicket
0x084667DC	rom	0x28	sReceivedGiftFlags
0x0846690C	rom	0x14	sFuncTable
0x08466944	rom	0x6	sTextColorTable
0x0846694C	rom	0x3	sFooterTextOffsets
0x08466950	rom	0x18	sWindowTemplates
0x08466968	rom	0x20	sCard0Pal
0x08466988	rom	0x20	gCard1Pal
0x084669A8	rom	0x20	gCard2Pal
0x084669C8	rom	0x20	gCard3Pal
0x084669E8	rom	0x20	gCard4Pal
0x08466A08	rom	0x20	gCard5Pal
0x08466A28	rom	0x20	sCard6Pal
0x08466A48	rom	0x20	sCard7Pal
0x08466A68	rom	0xFC	sCard0Gfx
0x08466B64	rom	0xF4	sCard0Map
0x08466C58	rom	0xF4	sCard1Gfx
0x08466D4C	rom	0xE8	sCard1Map
0x08466E34	rom	0xD4	sCard2Gfx
0x08466F08	rom	0xD4	sCard2Map
0x08466FDC	rom	0x234	sCard6Gfx
0x08467210	rom	0x148	sCard6Map
0x08467358	rom	0x230	sCard7Gfx
0x08467588	rom	0x148	sCard7Map
0x084676D0	rom	0x20	sStampShadowPal0
0x084676F0	rom	0x20	sStampShadowPal1
0x08467710	rom	0x20	sStampShadowPal2
0x08467730	rom	0x20	sStampShadowPal3
0x08467750	rom	0x20	sStampShadowPal4
0x08467770	rom	0x20	sStampShadowPal5
0x08467790	rom	0x20	sStampShadowPal6
0x084677B0	rom	0x20	sStampShadowPal7
0x084677D0	rom	0x64	sStampShadowGfx
0x08467834	rom	0x8	sSpriteSheet_StampShadow
0x0846783C	rom	0x40	sSpritePalettes_StampShadow
0x0846787C	rom	0x18	sSpriteTemplate_StampShadow
0x08467894	rom	0x80	sCardGraphics
0x08467914	rom	0x6	sTextColorTable
0x0846791C	rom	0x10	sWindowTemplates
0x0846792C	rom	0x10	sArrowsTemplate
0x0846793C	rom	0x20	sNews0Pal
0x0846795C	rom	0x20	sNews6Pal
0x0846797C	rom	0x20	sNews7Pal
0x0846799C	rom	0x80	sNews0Gfx
0x08467A1C	rom	0xDC	sNews0Map
0x08467AF8	rom	0x30	sNews1Gfx
0x08467B28	rom	0xC0	sNews1Map
0x08467BE8	rom	0x70	sNews2Gfx
0x08467C58	rom	0xCC	sNews2Map
0x08467D24	rom	0x90	sNews6Gfx
0x08467DB4	rom	0xDC	sNews6Map
0x08467E90	rom	0x90	sNews7Gfx
0x08467F20	rom	0xDC	sNews7Map
0x08467FFC	rom	0x80	sNewsGraphics
0x0846807C	rom	0x40	sText_CollectedAllStamps
0x084680BC	rom	0x10	gMysteryGiftClientScript_Init
0x084680CC	rom	0x20	sClientScript_SendGameData
0x084680EC	rom	0x10	sClientScript_CantAccept
0x084680FC	rom	0x10	sClientScript_CommError
0x0846810C	rom	0x10	sClientScript_NothingSent
0x0846811C	rom	0x30	sClientScript_SaveCard
0x0846814C	rom	0x28	sClientScript_SaveNews
0x08468174	rom	0x10	sClientScript_HadNews
0x08468184	rom	0x10	sClientScript_NewsReceived
0x08468194	rom	0x28	sClientScript_AskToss
0x084681BC	rom	0x10	sClientScript_Canceled
0x084681CC	rom	0x10	sClientScript_HadCard
0x084681DC	rom	0x20	sClientScript_DynamicSuccess
0x084681FC	rom	0x30	sServerScript_CantSend
0x0846822C	rom	0x30	sServerScript_CommError
0x0846825C	rom	0x30	sServerScript_ClientCanceledNews
0x0846828C	rom	0x30	sServerScript_HasNews
0x084682BC	rom	0x84	sServerScript_SendNews
0x08468340	rom	0x60	sServerScript_SendCard
0x084683A0	rom	0x48	sServerScript_TossPrompt
0x084683E8	rom	0x30	sServerScript_HasCard
0x08468418	rom	0x30	sServerScript_NothingSent
0x08468448	rom	0x60	gMysteryGiftServerScript_SendWonderNews
0x084684A8	rom	0x90	gMysteryGiftServerScript_SendWonderCard
0x08468574	rom	0x520	sWaterTiles
0x08468A94	rom	0x20	sWaterPal
0x08468AB4	rom	0x800	sWaterTilemap_WB
0x084692B4	rom	0x800	sWaterTilemap_EB
0x08469AB4	rom	0x500	sFerrySpriteTiles
0x08469FB4	rom	0x20	sFerryAndWakePal
0x08469FD4	rom	0x800	sWakeSpriteTiles
0x0846A7D4	rom	0x4	sBGTemplates
0x0846A7D8	rom	0x2C	sSeag
0x0846A804	rom	0x16	sTravelDirectionMatrix
0x0846A81C	rom	0x8	sSpriteAnims_Ferry_WB
0x0846A824	rom	0x8	sSpriteAnims_Ferry_EB
0x0846A82C	rom	0x8	sSpriteAnimTable_Ferry
0x0846A834	rom	0x8	sOamData_Ferry
0x0846A83C	rom	0x18	sFerrySpriteTemplate
0x0846A854	rom	0x18	sFerryAndWakeSpriteSheets
0x0846A86C	rom	0x10	sFerryAndWakeSpritePalettes
0x0846A87C	rom	0x10	sSpriteAnims_Wake_WB
0x0846A88C	rom	0x10	sSpriteAnims_Wake_EB
0x0846A89C	rom	0x8	sSpriteAnimTable_Wake
0x0846A8A4	rom	0x8	sOamData_Wake
0x0846A8AC	rom	0x18	sWakeSpriteTemplate
0x0846A8C4	rom	0x20	s321Start_Static_Pal
0x0846A8E4	rom	0x424	s321Start_Static_Gfx
0x0846AD08	rom	0x10	sSpriteSheet_321Start_Static
0x0846AD18	rom	0x10	sSpritePalette_321Start_Static
0x0846AD28	rom	0x8	sAnim_StaticCountdown_Three
0x0846AD30	rom	0x8	sAnim_StaticCountdown_Two
0x0846AD38	rom	0x8	sAnim_StaticCountdown_One
0x0846AD40	rom	0x8	sAnim_StaticCountdown_StartLeft
0x0846AD48	rom	0x8	sAnim_StaticCountdown_StartMid
0x0846AD50	rom	0x8	sAnim_StaticCountdown_StartRight
0x0846AD58	rom	0x18	sAnims_StaticCountdown
0x0846AD70	rom	0x18	sSpriteTemplate_StaticCountdown
0x0846AD88	rom	0x10	sStaticCountdownFuncs
0x0846AD98	rom	0x190	sPokeJumpMons
0x0846AF28	rom	0x24	sPokeJumpLeaderFuncs
0x0846AF4C	rom	0x24	sPokeJumpMemberFuncs
0x0846AF70	rom	0x10	sVineBaseSpeeds
0x0846AF80	rom	0x8	sVineSpeedDelays
0x0846AF88	rom	0x8	sSoundEffects
0x0846AF90	rom	0x90	sJumpOffsets
0x0846B020	rom	0x18	sScoreBonuses
0x0846B038	rom	0x10	sPrizeItems
0x0846B048	rom	0x28	sPrizeQuantityData
0x0846B070	rom	0x20	sInterface_Pal
0x0846B090	rom	0x20	sBg_Pal
0x0846B0B0	rom	0x22C	sBg_Gfx
0x0846B2DC	rom	0x1B0	sBg_Tilemap
0x0846B48C	rom	0x20	sVenusaur_Pal
0x0846B4AC	rom	0x950	sVenusaur_Gfx
0x0846BDFC	rom	0x3B8	sVenusaur_Tilemap
0x0846C1B4	rom	0x20	sBonuses_Pal
0x0846C1D4	rom	0xAB0	sBonuses_Gfx
0x0846CC84	rom	0x52C	sBonuses_Tilemap
0x0846D1B0	rom	0x10	sBgTemplates
0x0846D1C0	rom	0x18	sWindowTemplates
0x0846D1D8	rom	0x50	sPokeJumpGfxFuncs
0x0846D228	rom	0x4	sPluralTxt
0x0846D22F	rom	0xA	sVenusaurStates
0x0846D23C	rom	0x8	sSpriteSheet_Digits
0x0846D244	rom	0x8	sSpritePalette_Digits
0x0846D24C	rom	0x8	sPlayerNameWindowCoords_2Players
0x0846D254	rom	0xC	sPlayerNameWindowCoords_3Players
0x0846D260	rom	0x10	sPlayerNameWindowCoords_4Players
0x0846D270	rom	0x14	sPlayerNameWindowCoords_5Players
0x0846D284	rom	0x10	sPlayerNameWindowCoords
0x0846D294	rom	0x4	sMonXCoords_2Players
0x0846D298	rom	0x6	sMonXCoords_3Players
0x0846D29E	rom	0x8	sMonXCoords_4Players
0x0846D2A6	rom	0xA	sMonXCoords_5Players
0x0846D2B0	rom	0x10	sMonXCoords
0x0846D2C0	rom	0x20	sPokeJumpPal1
0x0846D2E0	rom	0x20	sPokeJumpPal2
0x0846D300	rom	0x120	sVine1_Gfx
0x0846D420	rom	0x1D4	sVine2_Gfx
0x0846D5F4	rom	0x130	sVine3_Gfx
0x0846D724	rom	0xFC	sVine4_Gfx
0x0846D820	rom	0x16C	sStar_Gfx
0x0846D98C	rom	0x28	sCompressedSpriteSheets
0x0846D9B4	rom	0x10	sSpritePalettes
0x0846D9C4	rom	0x18	sSpriteTemplate_JumpMon
0x0846D9DC	rom	0x50	sVineYCoords
0x0846DA2C	rom	0x10	sVineXCoords
0x0846DA3C	rom	0x10	sSpriteTemplates_Vine
0x0846DA4C	rom	0x8	sOamData_JumpMon
0x0846DA54	rom	0x8	sOamData_Vine16x32
0x0846DA5C	rom	0x8	sOamData_Vine32x32
0x0846DA64	rom	0x8	sOamData_Vine32x16
0x0846DA6C	rom	0x8	sAnims_Vine_Highest
0x0846DA74	rom	0x8	sAnims_Vine_Higher
0x0846DA7C	rom	0x8	sAnims_Vine_High
0x0846DA84	rom	0x8	sAnims_Vine_Low
0x0846DA8C	rom	0x8	sAnims_Vine_Lower
0x0846DA94	rom	0x8	sAnims_Vine_Lowest
0x0846DA9C	rom	0x8	sAnims_VineTall_Highest
0x0846DAA4	rom	0x8	sAnims_VineTall_Higher
0x0846DAAC	rom	0x8	sAnims_VineTall_High
0x0846DAB4	rom	0x8	sAnims_VineTall_Low
0x0846DABC	rom	0x8	sAnims_VineTall_Lower
0x0846DAC4	rom	0x8	sAnims_VineTall_Lowest
0x0846DACC	rom	0x18	sAnims_Vine
0x0846DAE4	rom	0x18	sAnims_VineTall
0x0846DAFC	rom	0x18	sSpriteTemplate_Vine1
0x0846DB14	rom	0x18	sSpriteTemplate_Vine2
0x0846DB2C	rom	0x18	sSpriteTemplate_Vine3
0x0846DB44	rom	0x18	sSpriteTemplate_Vine4
0x0846DB5C	rom	0x8	sOamData_Star
0x0846DB64	rom	0x8	sAnim_Star_Still
0x0846DB6C	rom	0x1C	sAnim_Star_Spinning
0x0846DB88	rom	0x8	sAnims_Star
0x0846DB90	rom	0x18	sSpriteTemplate_Star
0x0846DBA8	rom	0x8	sWindowTemplate_Records
0x0846DBB0	rom	0xC	sRecordsTexts
0x0846DBBC	rom	0x8	sBitTable
0x0846DBC4	rom	0x5	sSyncPressBonus
0x0846DBCC	rom	0x23	sIntroOutroVibrationData
0x0846DBF0	rom	0x14	sVibrationData
0x0846DC04	rom	0x24	sMessages
0x0846DC28	rom	0x68	sBerryCrushCommands
0x0846DC90	rom	0x10	sSparkleThresholds
0x0846DCA0	rom	0x4	sBigSparkleThresholds
0x0846DCA4	rom	0x4	sReceivedPlayerBitmasks
0x0846DCA8	rom	0x10	sBgTemplates
0x0846DCB8	rom	0x12	sBerryCrushTextColorTable
0x0846DCCC	rom	0x8	sWindowTemplate_BerryCrushRankings
0x0846DCD4	rom	0x30	sWindowTemplates_PlayerNames
0x0846DD04	rom	0x20	sWindowTemplates_Results
0x0846DD24	rom	0x8	sResultsWindowHeights
0x0846DD2C	rom	0x20	sPressingSpeedConversionTable
0x0846DD4C	rom	0x20	sBerryCrushCorePal
0x0846DD6C	rom	0x20	sBerryCrushImpactAndSparklesPal
0x0846DD8C	rom	0x20	sBerryCrushTimerPal
0x0846DDAC	rom	0x32C	sBerryCrushCoreTiles
0x0846E0D8	rom	0x37C	sBerryCrushImpactTiles
0x0846E454	rom	0x14C	sBerryCrushPowderSparklesTiles
0x0846E5A0	rom	0xCC	sBerryCrushTimerTiles
0x0846E66C	rom	0x130	sCrusherTop_Tilemap
0x0846E79C	rom	0x198	sContainerCap_Tilemap
0x0846E934	rom	0x228	sBg_Tilemap
0x0846EB5C	rom	0x14	sPlayerIdToPosId
0x0846EB70	rom	0x3C	sPlayerCoords
0x0846EBAC	rom	0x6	sImpactCoords
0x0846EBB2	rom	0x16	sSparkleCoords
0x0846EBC8	rom	0xA	sPlayerBerrySpriteTags
0x0846EBD4	rom	0x28	sSpriteSheets
0x0846EBFC	rom	0x20	sSpritePals
0x0846EC1C	rom	0x8	sAnim_CrusherBase
0x0846EC24	rom	0x10	sAnim_Impact_Small
0x0846EC34	rom	0x14	sAnim_Impact_Big
0x0846EC48	rom	0x1C	sAnim_Sparkle_Small
0x0846EC64	rom	0x24	sAnim_Sparkle_Big
0x0846EC88	rom	0x8	sAnim_Timer
0x0846EC90	rom	0x8	sAnim_PlayerBerry
0x0846EC98	rom	0x18	sAffineAnim_PlayerBerry_0
0x0846ECB0	rom	0x18	sAffineAnim_PlayerBerry_1
0x0846ECC8	rom	0x4	sAnimTable_BerryCrushCore
0x0846ECCC	rom	0x8	sAnimTable_BerryCrushImpact
0x0846ECD4	rom	0x8	sAnimTable_BerryCrushPowderSparkles
0x0846ECDC	rom	0x4	sAnimTable_BerryCrushTimer
0x0846ECE0	rom	0x4	sAnimTable_PlayerBerry
0x0846ECE4	rom	0x8	sAffineAnimTable_PlayerBerry
0x0846ECEC	rom	0x18	sSpriteTemplate_BerryCrushCore
0x0846ED04	rom	0x18	sSpriteTemplate_BerryCrushImpact
0x0846ED1C	rom	0x18	sSpriteTemplate_BerryCrushPowderSparkles
0x0846ED34	rom	0x18	sSpriteTemplate_BerryCrushTimer
0x0846ED4C	rom	0x18	sSpriteTemplate_PlayerBerry
0x0846ED64	rom	0x30	sDigitObjTemplates
0x0846ED94	rom	0x18	sBCRankingHeaders
0x0846EDAC	rom	0x200	sPalettes
0x0846EFAC	rom	0x210	sBgTiles_Gfx
0x0846F1BC	rom	0x194	sBgTiles_Tilemap
0x0846F350	rom	0x8	sBgTemplates
0x0846F358	rom	0x20	sWindowTemplates
0x0846F378	rom	0x10	sPlayersTextPtrs
0x0846F388	rom	0x14	sHeaderTexts
0x0846F39C	rom	0x45	sActivityGroupInfo
0x0846F3E4	rom	0x3	sScrollDistances
0x0846F3E8	rom	0x1000	sBrailleGlyphs
0x084703E8	rom	0x260	gSignpostWindow_Gfx
0x08470648	rom	0x120	sUserFrame_Type1_Gfx
0x08470768	rom	0x120	sUserFrame_Type2_Gfx
0x08470888	rom	0x20	sUserFrame_Empty1
0x084708A8	rom	0x120	sUserFrame_Type3_Gfx
0x084709C8	rom	0x120	sUserFrame_Type4_Gfx
0x08470AE8	rom	0x120	sUserFrame_Type5_Gfx
0x08470C08	rom	0x120	sUserFrame_Type6_Gfx
0x08470D28	rom	0x120	sUserFrame_Type7_Gfx
0x08470E48	rom	0x120	sUserFrame_Type8_Gfx
0x08470F68	rom	0x20	sUserFrame_Empty2
0x08470F88	rom	0x120	sUserFrame_Type9_Gfx
0x084710A8	rom	0x120	sUserFrame_Type10_Gfx
0x084711C8	rom	0x20	sUserFrame_Empty3
0x084711E8	rom	0x20	sUserFrame_Type1_Pal
0x08471208	rom	0x20	sUserFrame_Type2_Pal
0x08471228	rom	0x20	sUserFrame_Type3_Pal
0x08471248	rom	0x20	sUserFrame_Type4_Pal
0x08471268	rom	0x20	sUserFrame_Type5_Pal
0x08471288	rom	0x20	sUserFrame_Type6_Pal
0x084712A8	rom	0x20	sUserFrame_Type7_Pal
0x084712C8	rom	0x20	sUserFrame_Type8_Pal
0x084712E8	rom	0x20	sUserFrame_Type9_Pal
0x08471308	rom	0x20	sUserFrame_Type10_Pal
0x08471328	rom	0x120	gStdTextWindow_Gfx
0x08471448	rom	0x280	gQuestLogWindow_Gfx
0x084716C8	rom	0xA0	gTextWindowPalettes
0x08471768	rom	0x50	gUserFrames
0x084717B8	rom	0x24	sQLGfxTransitions
0x084717DC	rom	0x10	sBgTemplates_Duplicate
0x084717EC	rom	0x8	sWindowTemplate_Dummy_Duplicate
0x084717F4	rom	0x10	sWindowTemplates_Results_Duplicate
0x08471804	rom	0x8	sWindowTemplate_Prize_Duplicate
0x0847180C	rom	0x10	sWindowTemplates_PlayAgain_Duplicate
0x0847181C	rom	0x8	sWindowTemplate_DroppedOut_Duplicate
0x08471824	rom	0x8	sWindowTemplate_CommStandby_Duplicate
0x0847182C	rom	0x113	sActiveColumnMap
0x0847193F	rom	0x4B	sDodrioHeadToColumnMap
0x0847198A	rom	0x4B	sDodrioNeighborMap
0x084719D8	rom	0x37	sPlayerIdAtColumn
0x08471A0F	rom	0x19	sUnsharedColumns
0x08471A28	rom	0x33F0	sDuplicateGfx
0x08474E18	rom	0x9	sBerryFallDelays
0x08474E24	rom	0x5	sTreeBorderXPos
0x08474E2C	rom	0x7	sDifficultyThresholds
0x08474E34	rom	0x1E	sPrizeBerryIds
0x08474E54	rom	0x30	sLeaderFuncs
0x08474E84	rom	0x30	sMemberFuncs
0x08474EB4	rom	0x8	sBerryScoreMultipliers
0x08474EBC	rom	0x8	sWindowTemplates_Records
0x08474EC4	rom	0x10	sRecordsTexts
0x08474ED4	rom	0x3	sRecordNumMaxDigits
0x08474ED8	rom	0x6	sRecordTextYCoords
0x08474EDE	rom	0x6	sRecordNumYCoords
0x08474EE4	rom	0x28	sDebug_BerryResults
0x08474F0C	rom	0x8	sJPText_Vowels
0x08474F14	rom	0x8	sText_Letters
0x08474F1C	rom	0x8	sText_Digits
0x08474F24	rom	0x14	sPlaceholderPlayerNames
0x08474F38	rom	0x10	sBgTemplates
0x08474F48	rom	0x8	sWindowTemplate_Dummy
0x08474F50	rom	0x10	sWindowTemplates_Results
0x08474F60	rom	0x8	sWindowTemplate_Prize
0x08474F68	rom	0x10	sWindowTemplates_PlayAgain
0x08474F78	rom	0x8	sWindowTemplate_DroppedOut
0x08474F80	rom	0x8	sWindowTemplate_CommStandby
0x08474F88	rom	0x113	sActiveColumnMap_Duplicate
0x0847509B	rom	0x4B	sDodrioHeadToColumnMap_Duplicate
0x084750E6	rom	0x4B	sDodrioNeighborMap_Duplicate
0x08475134	rom	0x37	sPlayerIdAtColumn_Duplicate
0x0847516B	rom	0x19	sUnsharedColumns_Duplicate
0x08475184	rom	0x40	sBg_Pal
0x084751C4	rom	0x20	sDodrioNormal_Pal
0x084751E4	rom	0x20	sDodrioShiny_Pal
0x08475204	rom	0x20	sStatus_Pal
0x08475224	rom	0x20	sBerries_Pal
0x08475244	rom	0x1B4	sBerries_Gfx
0x084753F8	rom	0x20	sCloud_Pal
0x08475418	rom	0x890	sBg_Gfx
0x08475CA8	rom	0xDCC	sTreeBorder_Gfx
0x08476A74	rom	0x94	sStatus_Gfx
0x08476B08	rom	0x148	sCloud_Gfx
0x08476C50	rom	0x121C	sDodrio_Gfx
0x08477E6C	rom	0x26C	sBg_Tilemap
0x084780D8	rom	0x250	sTreeBorderRight_Tilemap
0x08478328	rom	0x24C	sTreeBorderLeft_Tilemap
0x08478574	rom	0x8	sOamData_Dodrio
0x0847857C	rom	0x8	sOamData_16x16_Priority0
0x08478584	rom	0x8	sOamData_Berry
0x0847858C	rom	0x8	sOamData_Cloud
0x08478594	rom	0x8	sAnim_Dodrio_Normal
0x0847859C	rom	0x8	sAnim_Dodrio_PickRight
0x084785A4	rom	0x8	sAnim_Dodrio_PickMiddle
0x084785AC	rom	0x8	sAnim_Dodrio_PickLeft
0x084785B4	rom	0x8	sAnim_Dodrio_Down
0x084785BC	rom	0x14	sAnims_Dodrio
0x084785D0	rom	0x8	sAnims_StatusBar_Yellow
0x084785D8	rom	0x8	sAnims_StatusBar_Gray
0x084785E0	rom	0x8	sAnims_StatusBar_Red
0x084785E8	rom	0xC	sAnims_StatusBar
0x084785F4	rom	0x8	sAnim_Berry_Blue
0x084785FC	rom	0x8	sAnim_Berry_Green
0x08478604	rom	0x8	sAnim_Berry_Gold
0x0847860C	rom	0x8	sAnim_Berry_BlueSquished
0x08478614	rom	0x8	sAnim_Berry_GreenSquished
0x0847861C	rom	0x8	sAnim_Berry_GoldSquished
0x08478624	rom	0x8	sAnim_Berry_Eaten
0x0847862C	rom	0x8	sAnim_Berry_Empty1
0x08478634	rom	0x8	sAnim_Berry_Empty2
0x0847863C	rom	0x24	sAnims_Berry
0x08478660	rom	0x8	sAnim_Cloud
0x08478668	rom	0x4	sAnims_Cloud
0x0847869C	rom	0xA	sUnusedSounds
0x084786B0	rom	0x8	sBerryIconXCoords
0x084786E8	rom	0x0	moveDelays.348
0x084786EA	rom	0x8	sCloudStartCoords
0x08478714	rom	0xC	sTextColorTable
0x08478720	rom	0x4	sNameWindowCoords_1Player
0x08478724	rom	0x8	sNameWindowCoords_2Players
0x0847872C	rom	0xC	sNameWindowCoords_3Players
0x08478738	rom	0x10	sNameWindowCoords_4Players
0x08478748	rom	0x14	sNameWindowCoords_5Players
0x0847875C	rom	0x14	sNameWindowCoords
0x08478770	rom	0x14	sRankingTexts
0x08478784	rom	0x8	sResultsXCoords
0x0847878C	rom	0xA	sResultsYCoords
0x08478796	rom	0xA	sRankingYCoords
0x084787A0	rom	0x50	sGfxFuncs
0x084787F8	rom	0xE4	sPokedudeBufferCommands
0x084788DC	rom	0x8	sUnused
0x084788E4	rom	0x10	sInputScripts_ChooseAction_Battle
0x084788F4	rom	0x18	sInputScripts_ChooseAction_Status
0x0847890C	rom	0x18	sInputScripts_ChooseAction_Matchups
0x08478924	rom	0x18	sInputScripts_ChooseAction_Catching
0x0847893C	rom	0x10	sInputScripts_ChooseAction
0x0847894C	rom	0x10	sInputScripts_ChooseMove_Battle
0x0847895C	rom	0x20	sInputScripts_ChooseMove_Status
0x0847897C	rom	0x20	sInputScripts_ChooseMove_Matchups
0x0847899C	rom	0x18	sInputScripts_ChooseMove_Catching
0x084789B4	rom	0x10	sInputScripts_ChooseMove
0x084789C4	rom	0x20	sPokedudeTextScripts_Battle
0x084789E4	rom	0x28	sPokedudeTextScripts_Status
0x08478A0C	rom	0x38	sPokedudeTextScripts_Matchups
0x08478A44	rom	0x30	sPokedudeTextScripts_Catching
0x08478A74	rom	0x10	sPokedudeTextScripts
0x08478A84	rom	0x10	sPokedudeTexts_Battle
0x08478A94	rom	0x14	sPokedudeTexts_Status
0x08478AA8	rom	0x1C	sPokedudeTexts_TypeMatchup
0x08478AC4	rom	0x18	sPokedudeTexts_Catching
0x08478ADC	rom	0x30	sParties_Battle
0x08478B0C	rom	0x30	sParties_Status
0x08478B3C	rom	0x40	sParties_Matchups
0x08478B7C	rom	0x30	sParties_Catching
0x08478BAC	rom	0x10	sPokedudeBattlePartyPointers
0x08478BBC	rom	0x10	sBgTemplates
0x08478BCC	rom	0x18	sWindowTemplates
0x08478BE4	rom	0x38	sListMenuItems
0x08478C1C	rom	0x28	sListMenuItems_NoTMCase
0x08478C44	rom	0x18	sListMenuTemplate
0x08478C5C	rom	0x10	sScrollIndicatorArrowPair
0x08478C6C	rom	0x6	sWhereToReturnToFromBattle
0x08478C74	rom	0x4C	sBattleScript
0x08478CC0	rom	0x4C	sStatusScript
0x08478D0C	rom	0x4C	sMatchupsScript
0x08478D58	rom	0x4C	sCatchingScript
0x08478DA4	rom	0x40	sTMsScript
0x08478DE4	rom	0x40	sRegisterKeyItemScript
0x08478E24	rom	0x18	array.96
0x08478E3C	rom	0x0	texts.100
0x08478E54	rom	0x0	texts.104
0x08478E6C	rom	0x20	sBg1EndGraphic
0x08478E8C	rom	0x8	sSubspriteArray
0x08478E94	rom	0x10	sSubspriteTableArray
0x08478EA4	rom	0x90	sGrassAnimArray
0x08478F34	rom	0x10	sTilesPerImage
0x08478F44	rom	0x20	gMinigameDigits_Pal
0x08478F64	rom	0xC0	gMinigameDigits_Gfx
0x08479024	rom	0xF0	sUnusedMinigameDigits_Gfx
0x08479114	rom	0x200	sWakeTiles
0x08479314	rom	0x220	sSmokeTiles
0x08479534	rom	0x18	sSpriteSheets
0x0847954C	rom	0xC	sWakeAnim
0x08479558	rom	0x4	sWakeAnimTable
0x0847955C	rom	0x8	sWakeOamData
0x08479564	rom	0x18	sWakeSpriteTemplate
0x0847957C	rom	0x14	sSmokeAnim
0x08479590	rom	0x4	sSmokeAnimTable
0x08479594	rom	0x8	sSmokeOamData
0x0847959C	rom	0x18	sSmokeSpriteTemplate
0x08479610	rom	0x1A4	sRenewableHiddenItems
0x084797B4	rom	0x14C	sSingleBattleTrainerInfo
0x08479900	rom	0x50	sDoubleBattleTrainerInfo
0x08479950	rom	0x1A4	sTrainerEncounterMusicLUT
0x08479AF4	rom	0x10	sTimeBoardWindowTemplate
0x08479B04	rom	0x4	sUnusedValue
0x08479B08	rom	0x3	sTextColors
0x08479B0C	rom	0x54	sTrainerTowerFunctions
0x08479B60	rom	0x30	sFloorLayouts
0x08479B90	rom	0x1E	sPrizeList
0x08479BAE	rom	0x1C	sTrainerTowerEncounterMusic
0x08479BCA	rom	0x10	sSingleBattleChallengeMonIdxs
0x08479BDA	rom	0x10	sDoubleBattleChallengeMonIdxs
0x08479BEA	rom	0x18	sKnockoutChallengeMonIdxs
0x08479C04	rom	0x20	sSpritePal_321Start
0x08479C24	rom	0x454	sSpriteSheet_321Start
0x0847A088	rom	0x8	sOamData_Numbers
0x0847A090	rom	0x8	sOamData_Start
0x0847A098	rom	0x8	sAnim_Numbers_Three
0x0847A0A0	rom	0x8	sAnim_Numbers_Two
0x0847A0A8	rom	0x8	sAnim_Numbers_One
0x0847A0B0	rom	0xC	sAnimTable_Numbers
0x0847A0BC	rom	0x8	sAnim_StartLeft
0x0847A0C4	rom	0x8	sAnim_StartRight
0x0847A0CC	rom	0x8	sAnimTable_Start
0x0847A0D4	rom	0x10	sAffineAnim_Numbers_0
0x0847A0E4	rom	0x18	sAffineAnim_Numbers_1
0x0847A0FC	rom	0x10	sAffineAnim_Numbers_2
0x0847A10C	rom	0x20	sAffineAnim_Numbers_3
0x0847A12C	rom	0x10	sAffineAnimTable_Numbers
0x0847A16C	rom	0x48	sBerryFixGraphics
0x0847A1B4	rom	0x22	gText_EasyChatKeyboard_ABCDEFothers
0x0847A1D6	rom	0x19	gText_EasyChatKeyboard_GHIJKL
0x0847A1EF	rom	0x21	gText_EasyChatKeyboard_MNOPQRS
0x0847A210	rom	0x21	gText_EasyChatKeyboard_TUVWXYZ
0x0847A231	rom	0x21	gText_NamingScreenKeyboard_abcdef
0x0847A252	rom	0x21	gText_NamingScreenKeyboard_ghijkl
0x0847A273	rom	0x21	gText_NamingScreenKeyboard_mnopqrs
0x0847A294	rom	0x21	gText_NamingScreenKeyboard_tuvwxyz
0x0847A2B5	rom	0x21	gText_NamingScreenKeyboard_ABCDEF
0x0847A2D6	rom	0x21	gText_NamingScreenKeyboard_GHIJKL
0x0847A2F7	rom	0x21	gText_NamingScreenKeyboard_MNOPQRS
0x0847A318	rom	0x21	gText_NamingScreenKeyboard_TUVWXYZ
0x0847A339	rom	0x19	gText_NamingScreenKeyboard_01234
0x0847A352	rom	0x19	gText_NamingScreenKeyboard_56789
0x0847A36B	rom	0x19	gText_NamingScreenKeyboard_Symbols1
0x0847A384	rom	0x19	gText_NamingScreenKeyboard_Symbols2
0x0847A39D	rom	0x6	gText_UnionRoomChatKeyboard_ABCDE
0x0847A3A3	rom	0x6	gText_UnionRoomChatKeyboard_FGHIJ
0x0847A3A9	rom	0x6	gText_UnionRoomChatKeyboard_KLMNO
0x0847A3AF	rom	0x6	gText_UnionRoomChatKeyboard_PQRST
0x0847A3B5	rom	0x6	gText_UnionRoomChatKeyboard_UVWXY
0x0847A3BB	rom	0x6	gText_UnionRoomChatKeyboard_Z
0x0847A3C1	rom	0x6	gText_UnionRoomChatKeyboard_01234Upper
0x0847A3C7	rom	0x6	gText_UnionRoomChatKeyboard_56789Upper
0x0847A3CD	rom	0x6	gText_UnionRoomChatKeyboard_PunctuationUpper
0x0847A3D3	rom	0x6	gText_UnionRoomChatKeyboard_SymbolsUpper
0x0847A3D9	rom	0x6	gText_UnionRoomChatKeyboard_abcde
0x0847A3DF	rom	0x6	gText_UnionRoomChatKeyboard_fghij
0x0847A3E5	rom	0x6	gText_UnionRoomChatKeyboard_klmno
0x0847A3EB	rom	0x6	gText_UnionRoomChatKeyboard_pqrst
0x0847A3F1	rom	0x6	gText_UnionRoomChatKeyboard_uvwxy
0x0847A3F7	rom	0x6	gText_UnionRoomChatKeyboard_z
0x0847A3FD	rom	0x6	gText_UnionRoomChatKeyboard_01234Lower
0x0847A403	rom	0x6	gText_UnionRoomChatKeyboard_56789Lower
0x0847A409	rom	0x6	gText_UnionRoomChatKeyboard_PunctuationLower
0x0847A40F	rom	0x6	gText_UnionRoomChatKeyboard_SymbolsLower
0x0847A415	rom	0x1	gText_EmptyTextInput1
0x0847A416	rom	0x1	gText_EmptyTextInput2
0x0847A417	rom	0x1	gText_EmptyTextInput3
0x0847A418	rom	0x1	gText_EmptyTextInput4
0x0847A419	rom	0x1	gText_EmptyTextInput5
0x0847A41A	rom	0x1	gText_EmptyTextInput6
0x0847A41B	rom	0x1	gText_EmptyTextInput7
0x0847A41C	rom	0x1	gText_EmptyTextInput8
0x0847A41D	rom	0xB	gText_UnionRoomChatKeyboard_Emoji1
0x0847A428	rom	0xB	gText_UnionRoomChatKeyboard_Emoji2
0x0847A433	rom	0xB	gText_UnionRoomChatKeyboard_Emoji3
0x0847A43E	rom	0x9	gText_UnionRoomChatKeyboard_Emoji4
0x0847A447	rom	0xB	gText_UnionRoomChatKeyboard_Emoji5
0x0847A452	rom	0xB	gText_UnionRoomChatKeyboard_Emoji6
0x0847A45D	rom	0xB	gText_UnionRoomChatKeyboard_Emoji7
0x0847A468	rom	0xB	gText_UnionRoomChatKeyboard_Emoji8
0x0847A473	rom	0xB	gText_UnionRoomChatKeyboard_Emoji9
0x0847A47E	rom	0x8	gText_UnionRoomChatKeyboard_Emoji10
0x0847A488	rom	0x3E0	sTrainerTowerFloor_Single_4
0x0847A868	rom	0x3E0	sTrainerTowerFloor_Single_7
0x0847AC48	rom	0x3E0	sTrainerTowerFloor_Single_Unused
0x0847B028	rom	0x3E0	sTrainerTowerFloor_Double_5
0x0847B408	rom	0x3E0	sTrainerTowerFloor_Double_6
0x0847B7E8	rom	0x3E0	sTrainerTowerFloor_Double_2
0x0847BBC8	rom	0x3E0	sTrainerTowerFloor_Knockout_1
0x0847BFA8	rom	0x3E0	sTrainerTowerFloor_Knockout_2
0x0847C388	rom	0x3E0	sTrainerTowerFloor_Single_5
0x0847C768	rom	0x3E0	sTrainerTowerFloor_Single_8
0x0847CB48	rom	0x3E0	sTrainerTowerFloor_Single_2
0x0847CF28	rom	0x3E0	sTrainerTowerFloor_Double_3
0x0847D308	rom	0x3E0	sTrainerTowerFloor_Double_1
0x0847D6E8	rom	0x3E0	sTrainerTowerFloor_Double_4
0x0847DAC8	rom	0x3E0	sTrainerTowerFloor_Knockout_8
0x0847DEA8	rom	0x3E0	sTrainerTowerFloor_Knockout_3
0x0847E288	rom	0x3E0	sTrainerTowerFloor_Single_6
0x0847E668	rom	0x3E0	sTrainerTowerFloor_Mixed_1
0x0847EA48	rom	0x3E0	sTrainerTowerFloor_Single_1
0x0847EE28	rom	0x3E0	sTrainerTowerFloor_Mixed_5
0x0847F208	rom	0x3E0	sTrainerTowerFloor_Double_8
0x0847F5E8	rom	0x3E0	sTrainerTowerFloor_Double_Unused1
0x0847F9C8	rom	0x3E0	sTrainerTowerFloor_Knockout_7
0x0847FDA8	rom	0x3E0	sTrainerTowerFloor_Knockout_4
0x08480188	rom	0x3E0	sTrainerTowerFloor_Single_3
0x08480568	rom	0x3E0	sTrainerTowerFloor_Mixed_3
0x08480948	rom	0x3E0	sTrainerTowerFloor_Mixed_2
0x08480D28	rom	0x3E0	sTrainerTowerFloor_Double_Unused2
0x08481108	rom	0x3E0	sTrainerTowerFloor_Double_7
0x084814E8	rom	0x3E0	sTrainerTowerFloor_Double_Unused3
0x084818C8	rom	0x3E0	sTrainerTowerFloor_Knockout_6
0x08481CA8	rom	0x3E0	sTrainerTowerFloor_Knockout_5
0x08482088	rom	0x8	gTrainerTowerLocalHeader
0x08482090	rom	0x80	gTrainerTowerFloors
0x08482110	rom	0x40	gMoveDescription_Pound
0x08482150	rom	0x49	gMoveDescription_KarateChop
0x08482199	rom	0x42	gMoveDescription_DoubleSlap
0x084821DB	rom	0x47	gMoveDescription_CometPunch
0x08482222	rom	0x3F	gMoveDescription_MegaPunch
0x08482261	rom	0x44	gMoveDescription_PayDay
0x084822A5	rom	0x48	gMoveDescription_FirePunch
0x084822ED	rom	0x42	gMoveDescription_IcePunch
0x0848232F	rom	0x4D	gMoveDescription_ThunderPunch
0x0848237C	rom	0x2D	gMoveDescription_Scratch
0x084823A9	rom	0x33	gMoveDescription_ViceGrip
0x084823DC	rom	0x46	gMoveDescription_Guillotine
0x08482422	rom	0x4E	gMoveDescription_RazorWind
0x08482470	rom	0x41	gMoveDescription_SwordsDance
0x084824B1	rom	0x41	gMoveDescription_Cut
0x084824F2	rom	0x39	gMoveDescription_Gust
0x0848252B	rom	0x3A	gMoveDescription_WingAttack
0x08482565	rom	0x4A	gMoveDescription_Whirlwind
0x084825AF	rom	0x4A	gMoveDescription_Fly
0x084825F9	rom	0x49	gMoveDescription_Bind
0x08482642	rom	0x30	gMoveDescription_Slam
0x08482672	rom	0x32	gMoveDescription_VineWhip
0x084826A4	rom	0x40	gMoveDescription_Stomp
0x084826E4	rom	0x3D	gMoveDescription_DoubleKick
0x08482721	rom	0x3E	gMoveDescription_MegaKick
0x0848275F	rom	0x49	gMoveDescription_JumpKick
0x084827A8	rom	0x3E	gMoveDescription_RollingKick
0x084827E6	rom	0x42	gMoveDescription_SandAttack
0x08482828	rom	0x43	gMoveDescription_Headbutt
0x0848286B	rom	0x41	gMoveDescription_HornAttack
0x084828AC	rom	0x44	gMoveDescription_FuryAttack
0x084828F0	rom	0x48	gMoveDescription_HornDrill
0x08482938	rom	0x46	gMoveDescription_Tackle
0x0848297E	rom	0x49	gMoveDescription_BodySlam
0x084829C7	rom	0x45	gMoveDescription_Wrap
0x08482A0C	rom	0x48	gMoveDescription_TakeDown
0x08482A54	rom	0x47	gMoveDescription_Thrash
0x08482A9B	rom	0x44	gMoveDescription_DoubleEdge
0x08482ADF	rom	0x46	gMoveDescription_TailWhip
0x08482B25	rom	0x42	gMoveDescription_PoisonSting
0x08482B67	rom	0x47	gMoveDescription_Twineedle
0x08482BAE	rom	0x42	gMoveDescription_PinMissile
0x08482BF0	rom	0x44	gMoveDescription_Leer
0x08482C34	rom	0x3F	gMoveDescription_Bite
0x08482C73	rom	0x45	gMoveDescription_Growl
0x08482CB8	rom	0x4A	gMoveDescription_Roar
0x08482D02	rom	0x46	gMoveDescription_Sing
0x08482D48	rom	0x3C	gMoveDescription_Supersonic
0x08482D84	rom	0x45	gMoveDescription_SonicBoom
0x08482DC9	rom	0x47	gMoveDescription_Disable
0x08482E10	rom	0x4C	gMoveDescription_Acid
0x08482E5C	rom	0x42	gMoveDescription_Ember
0x08482E9E	rom	0x44	gMoveDescription_Flamethrower
0x08482EE2	rom	0x45	gMoveDescription_Mist
0x08482F27	rom	0x48	gMoveDescription_WaterGun
0x08482F6F	rom	0x43	gMoveDescription_HydroPump
0x08482FB2	rom	0x49	gMoveDescription_Surf
0x08482FFB	rom	0x41	gMoveDescription_IceBeam
0x0848303C	rom	0x41	gMoveDescription_Blizzard
0x0848307D	rom	0x42	gMoveDescription_Psybeam
0x084830BF	rom	0x47	gMoveDescription_BubbleBeam
0x08483106	rom	0x43	gMoveDescription_AuroraBeam
0x08483149	rom	0x46	gMoveDescription_HyperBeam
0x0848318F	rom	0x37	gMoveDescription_Peck
0x084831C6	rom	0x3D	gMoveDescription_DrillPeck
0x08483203	rom	0x47	gMoveDescription_Submission
0x0848324A	rom	0x40	gMoveDescription_LowKick
0x0848328A	rom	0x4A	gMoveDescription_Counter
0x084832D4	rom	0x42	gMoveDescription_SeismicToss
0x08483316	rom	0x48	gMoveDescription_Strength
0x0848335E	rom	0x43	gMoveDescription_Absorb
0x084833A1	rom	0x47	gMoveDescription_MegaDrain
0x084833E8	rom	0x4B	gMoveDescription_LeechSeed
0x08483433	rom	0x3D	gMoveDescription_Growth
0x08483470	rom	0x46	gMoveDescription_RazorLeaf
0x084834B6	rom	0x48	gMoveDescription_SolarBeam
0x084834FE	rom	0x3B	gMoveDescription_PoisonPowder
0x08483539	rom	0x3E	gMoveDescription_StunSpore
0x08483577	rom	0x40	gMoveDescription_SleepPowder
0x084835B7	rom	0x49	gMoveDescription_PetalDance
0x08483600	rom	0x47	gMoveDescription_StringShot
0x08483647	rom	0x45	gMoveDescription_DragonRage
0x0848368C	rom	0x4E	gMoveDescription_FireSpin
0x084836DA	rom	0x40	gMoveDescription_ThunderShock
0x0848371A	rom	0x42	gMoveDescription_Thunderbolt
0x0848375C	rom	0x42	gMoveDescription_ThunderWave
0x0848379E	rom	0x41	gMoveDescription_Thunder
0x084837DF	rom	0x41	gMoveDescription_RockThrow
0x08483820	rom	0x45	gMoveDescription_Earthquake
0x08483865	rom	0x3E	gMoveDescription_Fissure
0x084838A3	rom	0x48	gMoveDescription_Dig
0x084838EB	rom	0x49	gMoveDescription_Toxic
0x08483934	rom	0x40	gMoveDescription_Confusion
0x08483974	rom	0x47	gMoveDescription_Psychic
0x084839BB	rom	0x44	gMoveDescription_Hypnosis
0x084839FF	rom	0x42	gMoveDescription_Meditate
0x08483A41	rom	0x43	gMoveDescription_Agility
0x08483A84	rom	0x41	gMoveDescription_QuickAttack
0x08483AC5	rom	0x45	gMoveDescription_Rage
0x08483B0A	rom	0x4A	gMoveDescription_Teleport
0x08483B54	rom	0x48	gMoveDescription_NightShade
0x08483B9C	rom	0x4A	gMoveDescription_Mimic
0x08483BE6	rom	0x49	gMoveDescription_Screech
0x08483C2F	rom	0x45	gMoveDescription_DoubleTeam
0x08483C74	rom	0x4D	gMoveDescription_Recover
0x08483CC1	rom	0x49	gMoveDescription_Harden
0x08483D0A	rom	0x48	gMoveDescription_Minimize
0x08483D52	rom	0x3F	gMoveDescription_Smokescreen
0x08483D91	rom	0x3E	gMoveDescription_ConfuseRay
0x08483DCF	rom	0x49	gMoveDescription_Withdraw
0x08483E18	rom	0x44	gMoveDescription_DefenseCurl
0x08483E5C	rom	0x45	gMoveDescription_Barrier
0x08483EA1	rom	0x41	gMoveDescription_LightScreen
0x08483EE2	rom	0x41	gMoveDescription_Haze
0x08483F23	rom	0x42	gMoveDescription_Reflect
0x08483F65	rom	0x4A	gMoveDescription_FocusEnergy
0x08483FAF	rom	0x42	gMoveDescription_Bide
0x08483FF1	rom	0x49	gMoveDescription_Metronome
0x0848403A	rom	0x44	gMoveDescription_MirrorMove
0x0848407E	rom	0x46	gMoveDescription_SelfDestruct
0x084840C4	rom	0x45	gMoveDescription_EggBomb
0x08484109	rom	0x44	gMoveDescription_Lick
0x0848414D	rom	0x44	gMoveDescription_Smog
0x08484191	rom	0x3D	gMoveDescription_Sludge
0x084841CE	rom	0x49	gMoveDescription_BoneClub
0x08484217	rom	0x4B	gMoveDescription_FireBlast
0x08484262	rom	0x44	gMoveDescription_Waterfall
0x084842A6	rom	0x4B	gMoveDescription_Clamp
0x084842F1	rom	0x42	gMoveDescription_Swift
0x08484333	rom	0x4B	gMoveDescription_SkullBash
0x0848437E	rom	0x3F	gMoveDescription_SpikeCannon
0x084843BD	rom	0x46	gMoveDescription_Constrict
0x08484403	rom	0x34	gMoveDescription_Amnesia
0x08484437	rom	0x46	gMoveDescription_Kinesis
0x0848447D	rom	0x4A	gMoveDescription_SoftBoiled
0x084844C7	rom	0x3C	gMoveDescription_HiJumpKick
0x08484503	rom	0x4E	gMoveDescription_Glare
0x08484551	rom	0x46	gMoveDescription_DreamEater
0x08484597	rom	0x46	gMoveDescription_PoisonGas
0x084845DD	rom	0x41	gMoveDescription_Barrage
0x0848461E	rom	0x43	gMoveDescription_LeechLife
0x08484661	rom	0x48	gMoveDescription_LovelyKiss
0x084846A9	rom	0x4B	gMoveDescription_SkyAttack
0x084846F4	rom	0x48	gMoveDescription_Transform
0x0848473C	rom	0x44	gMoveDescription_Bubble
0x08484780	rom	0x41	gMoveDescription_DizzyPunch
0x084847C1	rom	0x3B	gMoveDescription_Spore
0x084847FC	rom	0x4A	gMoveDescription_Flash
0x08484846	rom	0x4B	gMoveDescription_Psywave
0x08484891	rom	0x43	gMoveDescription_Splash
0x084848D4	rom	0x47	gMoveDescription_AcidArmor
0x0848491B	rom	0x4C	gMoveDescription_Crabhammer
0x08484967	rom	0x49	gMoveDescription_Explosion
0x084849B0	rom	0x40	gMoveDescription_FurySwipes
0x084849F0	rom	0x4A	gMoveDescription_Bonemerang
0x08484A3A	rom	0x4F	gMoveDescription_Rest
0x08484A89	rom	0x42	gMoveDescription_RockSlide
0x08484ACB	rom	0x42	gMoveDescription_HyperFang
0x08484B0D	rom	0x46	gMoveDescription_Sharpen
0x08484B53	rom	0x41	gMoveDescription_Conversion
0x08484B94	rom	0x49	gMoveDescription_TriAttack
0x08484BDD	rom	0x3B	gMoveDescription_SuperFang
0x08484C18	rom	0x46	gMoveDescription_Slash
0x08484C5E	rom	0x3C	gMoveDescription_Substitute
0x08484C9A	rom	0x47	gMoveDescription_Struggle
0x08484CE1	rom	0x41	gMoveDescription_Sketch
0x08484D22	rom	0x45	gMoveDescription_TripleKick
0x08484D67	rom	0x4B	gMoveDescription_Thief
0x08484DB2	rom	0x47	gMoveDescription_SpiderWeb
0x08484DF9	rom	0x43	gMoveDescription_MindReader
0x08484E3C	rom	0x4A	gMoveDescription_Nightmare
0x08484E86	rom	0x3F	gMoveDescription_FlameWheel
0x08484EC5	rom	0x46	gMoveDescription_Snore
0x08484F0B	rom	0x4A	gMoveDescription_Curse
0x08484F55	rom	0x48	gMoveDescription_Flail
0x08484F9D	rom	0x4B	gMoveDescription_Conversion2
0x08484FE8	rom	0x46	gMoveDescription_Aeroblast
0x0848502E	rom	0x46	gMoveDescription_CottonSpore
0x08485074	rom	0x47	gMoveDescription_Reversal
0x084850BB	rom	0x3F	gMoveDescription_Spite
0x084850FA	rom	0x39	gMoveDescription_PowderSnow
0x08485133	rom	0x4A	gMoveDescription_Protect
0x0848517D	rom	0x41	gMoveDescription_MachPunch
0x084851BE	rom	0x41	gMoveDescription_ScaryFace
0x084851FF	rom	0x48	gMoveDescription_FaintAttack
0x08485247	rom	0x43	gMoveDescription_SweetKiss
0x0848528A	rom	0x44	gMoveDescription_BellyDrum
0x084852CE	rom	0x3E	gMoveDescription_SludgeBomb
0x0848530C	rom	0x4A	gMoveDescription_MudSlap
0x08485356	rom	0x47	gMoveDescription_Octazooka
0x0848539D	rom	0x4B	gMoveDescription_Spikes
0x084853E8	rom	0x49	gMoveDescription_ZapCannon
0x08485431	rom	0x47	gMoveDescription_Foresight
0x08485478	rom	0x42	gMoveDescription_DestinyBond
0x084854BA	rom	0x46	gMoveDescription_PerishSong
0x08485500	rom	0x42	gMoveDescription_IcyWind
0x08485542	rom	0x4A	gMoveDescription_Detect
0x0848558C	rom	0x40	gMoveDescription_BoneRush
0x084855CC	rom	0x40	gMoveDescription_LockOn
0x0848560C	rom	0x47	gMoveDescription_Outrage
0x08485653	rom	0x4A	gMoveDescription_Sandstorm
0x0848569D	rom	0x48	gMoveDescription_GigaDrain
0x084856E5	rom	0x4C	gMoveDescription_Endure
0x08485731	rom	0x4B	gMoveDescription_Charm
0x0848577C	rom	0x41	gMoveDescription_Rollout
0x084857BD	rom	0x43	gMoveDescription_FalseSwipe
0x08485800	rom	0x48	gMoveDescription_Swagger
0x08485848	rom	0x4A	gMoveDescription_MilkDrink
0x08485892	rom	0x3F	gMoveDescription_Spark
0x084858D1	rom	0x36	gMoveDescription_FuryCutter
0x08485907	rom	0x4A	gMoveDescription_SteelWing
0x08485951	rom	0x42	gMoveDescription_MeanLook
0x08485993	rom	0x4E	gMoveDescription_Attract
0x084859E1	rom	0x40	gMoveDescription_SleepTalk
0x08485A21	rom	0x42	gMoveDescription_HealBell
0x08485A63	rom	0x4A	gMoveDescription_Return
0x08485AAD	rom	0x4A	gMoveDescription_Present
0x08485AF7	rom	0x4A	gMoveDescription_Frustration
0x08485B41	rom	0x46	gMoveDescription_Safeguard
0x08485B87	rom	0x48	gMoveDescription_PainSplit
0x08485BCF	rom	0x3D	gMoveDescription_SacredFire
0x08485C0C	rom	0x48	gMoveDescription_Magnitude
0x08485C54	rom	0x4F	gMoveDescription_DynamicPunch
0x08485CA3	rom	0x44	gMoveDescription_Megahorn
0x08485CE7	rom	0x4A	gMoveDescription_DragonBreath
0x08485D31	rom	0x4A	gMoveDescription_BatonPass
0x08485D7B	rom	0x49	gMoveDescription_Encore
0x08485DC4	rom	0x4A	gMoveDescription_Pursuit
0x08485E0E	rom	0x47	gMoveDescription_RapidSpin
0x08485E55	rom	0x46	gMoveDescription_SweetScent
0x08485E9B	rom	0x47	gMoveDescription_IronTail
0x08485EE2	rom	0x4B	gMoveDescription_MetalClaw
0x08485F2D	rom	0x42	gMoveDescription_VitalThrow
0x08485F6F	rom	0x4B	gMoveDescription_MorningSun
0x08485FBA	rom	0x4B	gMoveDescription_Synthesis
0x08486005	rom	0x4B	gMoveDescription_Moonlight
0x08486050	rom	0x43	gMoveDescription_HiddenPower
0x08486093	rom	0x44	gMoveDescription_CrossChop
0x084860D7	rom	0x3F	gMoveDescription_Twister
0x08486116	rom	0x42	gMoveDescription_RainDance
0x08486158	rom	0x3C	gMoveDescription_SunnyDay
0x08486194	rom	0x46	gMoveDescription_Crunch
0x084861DA	rom	0x43	gMoveDescription_MirrorCoat
0x0848621D	rom	0x49	gMoveDescription_PsychUp
0x08486266	rom	0x45	gMoveDescription_ExtremeSpeed
0x084862AB	rom	0x4C	gMoveDescription_AncientPower
0x084862F7	rom	0x47	gMoveDescription_ShadowBall
0x0848633E	rom	0x44	gMoveDescription_FutureSight
0x08486382	rom	0x49	gMoveDescription_RockSmash
0x084863CB	rom	0x47	gMoveDescription_Whirlpool
0x08486412	rom	0x48	gMoveDescription_BeatUp
0x0848645A	rom	0x49	gMoveDescription_FakeOut
0x084864A3	rom	0x49	gMoveDescription_Uproar
0x084864EC	rom	0x45	gMoveDescription_Stockpile
0x08486531	rom	0x40	gMoveDescription_SpitUp
0x08486571	rom	0x3F	gMoveDescription_Swallow
0x084865B0	rom	0x48	gMoveDescription_HeatWave
0x084865F8	rom	0x48	gMoveDescription_Hail
0x08486640	rom	0x4D	gMoveDescription_Torment
0x0848668D	rom	0x41	gMoveDescription_Flatter
0x084866CE	rom	0x45	gMoveDescription_WillOWisp
0x08486713	rom	0x42	gMoveDescription_Memento
0x08486755	rom	0x45	gMoveDescription_Facade
0x0848679A	rom	0x46	gMoveDescription_FocusPunch
0x084867E0	rom	0x4C	gMoveDescription_SmellingSalt
0x0848682C	rom	0x46	gMoveDescription_FollowMe
0x08486872	rom	0x3E	gMoveDescription_NaturePower
0x084868B0	rom	0x40	gMoveDescription_Charge
0x084868F0	rom	0x48	gMoveDescription_Taunt
0x08486938	rom	0x3F	gMoveDescription_HelpingHand
0x08486977	rom	0x42	gMoveDescription_Trick
0x084869B9	rom	0x41	gMoveDescription_RolePlay
0x084869FA	rom	0x45	gMoveDescription_Wish
0x08486A3F	rom	0x3E	gMoveDescription_Assist
0x08486A7D	rom	0x48	gMoveDescription_Ingrain
0x08486AC5	rom	0x4B	gMoveDescription_Superpower
0x08486B10	rom	0x42	gMoveDescription_MagicCoat
0x08486B52	rom	0x34	gMoveDescription_Recycle
0x08486B86	rom	0x48	gMoveDescription_Revenge
0x08486BCE	rom	0x46	gMoveDescription_BrickBreak
0x08486C14	rom	0x40	gMoveDescription_Yawn
0x08486C54	rom	0x46	gMoveDescription_KnockOff
0x08486C9A	rom	0x3D	gMoveDescription_Endeavor
0x08486CD7	rom	0x41	gMoveDescription_Eruption
0x08486D18	rom	0x43	gMoveDescription_SkillSwap
0x08486D5B	rom	0x42	gMoveDescription_Imprison
0x08486D9D	rom	0x4C	gMoveDescription_Refresh
0x08486DE9	rom	0x4B	gMoveDescription_Grudge
0x08486E34	rom	0x42	gMoveDescription_Snatch
0x08486E76	rom	0x4B	gMoveDescription_SecretPower
0x08486EC1	rom	0x43	gMoveDescription_Dive
0x08486F04	rom	0x43	gMoveDescription_ArmThrust
0x08486F47	rom	0x3C	gMoveDescription_Camouflage
0x08486F83	rom	0x3F	gMoveDescription_TailGlow
0x08486FC2	rom	0x47	gMoveDescription_LusterPurge
0x08487009	rom	0x44	gMoveDescription_MistBall
0x0848704D	rom	0x4A	gMoveDescription_FeatherDance
0x08487097	rom	0x38	gMoveDescription_TeeterDance
0x084870CF	rom	0x47	gMoveDescription_BlazeKick
0x08487116	rom	0x40	gMoveDescription_MudSport
0x08487156	rom	0x42	gMoveDescription_IceBall
0x08487198	rom	0x39	gMoveDescription_NeedleArm
0x084871D1	rom	0x3D	gMoveDescription_SlackOff
0x0848720E	rom	0x44	gMoveDescription_HyperVoice
0x08487252	rom	0x46	gMoveDescription_PoisonFang
0x08487298	rom	0x4B	gMoveDescription_CrushClaw
0x084872E3	rom	0x4C	gMoveDescription_BlastBurn
0x0848732F	rom	0x4B	gMoveDescription_HydroCannon
0x0848737A	rom	0x4D	gMoveDescription_MeteorMash
0x084873C7	rom	0x44	gMoveDescription_Astonish
0x0848740B	rom	0x42	gMoveDescription_WeatherBall
0x0848744D	rom	0x4E	gMoveDescription_Aromatherapy
0x0848749B	rom	0x40	gMoveDescription_FakeTears
0x084874DB	rom	0x47	gMoveDescription_AirCutter
0x08487522	rom	0x45	gMoveDescription_Overheat
0x08487567	rom	0x47	gMoveDescription_OdorSleuth
0x084875AE	rom	0x4B	gMoveDescription_RockTomb
0x084875F9	rom	0x4B	gMoveDescription_SilverWind
0x08487644	rom	0x48	gMoveDescription_MetalSound
0x0848768C	rom	0x3F	gMoveDescription_GrassWhistle
0x084876CB	rom	0x41	gMoveDescription_Tickle
0x0848770C	rom	0x42	gMoveDescription_CosmicPower
0x0848774E	rom	0x41	gMoveDescription_WaterSpout
0x0848778F	rom	0x43	gMoveDescription_SignalBeam
0x084877D2	rom	0x3F	gMoveDescription_ShadowPunch
0x08487811	rom	0x41	gMoveDescription_Extrasensory
0x08487852	rom	0x3E	gMoveDescription_SkyUppercut
0x08487890	rom	0x45	gMoveDescription_SandTomb
0x084878D5	rom	0x48	gMoveDescription_SheerCold
0x0848791D	rom	0x49	gMoveDescription_MuddyWater
0x08487966	rom	0x46	gMoveDescription_BulletSeed
0x084879AC	rom	0x41	gMoveDescription_AerialAce
0x084879ED	rom	0x42	gMoveDescription_IcicleSpear
0x08487A2F	rom	0x47	gMoveDescription_IronDefense
0x08487A76	rom	0x47	gMoveDescription_Block
0x08487ABD	rom	0x3E	gMoveDescription_Howl
0x08487AFB	rom	0x47	gMoveDescription_DragonClaw
0x08487B42	rom	0x4E	gMoveDescription_FrenzyPlant
0x08487B90	rom	0x47	gMoveDescription_BulkUp
0x08487BD7	rom	0x46	gMoveDescription_Bounce
0x08487C1D	rom	0x42	gMoveDescription_MudShot
0x08487C5F	rom	0x46	gMoveDescription_PoisonTail
0x08487CA5	rom	0x3F	gMoveDescription_Covet
0x08487CE4	rom	0x43	gMoveDescription_VoltTackle
0x08487D27	rom	0x3F	gMoveDescription_MagicalLeaf
0x08487D66	rom	0x3B	gMoveDescription_WaterSport
0x08487DA1	rom	0x42	gMoveDescription_CalmMind
0x08487DE3	rom	0x48	gMoveDescription_LeafBlade
0x08487E2B	rom	0x48	gMoveDescription_DragonDance
0x08487E73	rom	0x3C	gMoveDescription_RockBlast
0x08487EAF	rom	0x41	gMoveDescription_ShockWave
0x08487EF0	rom	0x46	gMoveDescription_WaterPulse
0x08487F36	rom	0x47	gMoveDescription_DoomDesire
0x08487F7D	rom	0x45	gMoveDescription_PsychoBoost
0x08487FC4	rom	0x588	gMoveDescriptionPointers
0x0848854C	rom	0x32	gText_MysteryGiftBerry
0x0848857E	rom	0x2C	gText_MysteryGiftBerryTransform
0x084885AA	rom	0x28	gText_MysteryGiftBerryObtained
0x084885D2	rom	0x34	gText_MysteryGiftSpecialRibbon
0x08488606	rom	0x36	gText_MysteryGiftNationalDex
0x0848863C	rom	0x1C	gText_MysteryGiftRareWord
0x08488658	rom	0x12	gText_MysteryGiftSentOver
0x0848866A	rom	0x2F	gText_MysteryGiftFullParty
0x08488699	rom	0x24	gText_MysteryGiftNewTrainer
0x084886BD	rom	0x1C	gText_MysteryGiftNewAdversaryInBattleTower
0x084886D9	rom	0x29	gText_MysteryGiftCantBeUsed
0x08489244	rom	0x90	gMPlayJumpTableTemplate
0x084892D4	rom	0x10	gDeltaEncodingTable
0x084892E4	rom	0xB4	gScaleTable
0x08489398	rom	0x30	gFreqTable
0x084893C8	rom	0x18	gPcmSamplesPerVBlankTable
0x084893E0	rom	0x84	gCgbScaleTable
0x08489464	rom	0x18	gCgbFreqTable
0x0848947C	rom	0x3C	gNoiseTable
0x084894B8	rom	0x10	gCgb3Vol
0x084894C8	rom	0x31	gClockTable
0x084894FC	rom	0x34	gPokemonCrySongTemplate
0x08489530	rom	0x38	gXcmdTable
0x086FB7F0	rom	0xD	AgbLibFlashVersion
0x086FB800	rom	0xC	sSetupInfos
0x086FB834	rom	0x18	mxMaxTime
0x086FB84C	rom	0x30	MX29L010
0x086FB87C	rom	0x30	DefaultFlash
0x086FB8D0	rom	0x18	leMaxTime
0x086FB8E8	rom	0x30	LE26FV10N1TS
0x086FB918	rom	0x20	llsf_struct
0x086FB938	rom	0xA	version_string
0x086FB944	rom	0xA	str_checkMbootLL
0x086FB950	rom	0x8	Sio32ConnectionData
0x086FB958	rom	0xF	Sio32IDLib_Var
0x086FB9CC	rom	0x100	__clz_tab
0x086FBACC	rom	0x100	__clz_tab
0x086FBBD0	rom	0x10	blanks.12
0x086FBBE0	rom	0x10	zeroes.13
0x086FBC60	rom	0x30	lconv
0x086FBC9C	rom	0xC	p05.27
0x086FBCA8	rom	0xC8	__mprec_tens
0x086FBD70	rom	0x28	__mprec_bigtens
0x086FBD98	rom	0x28	__mprec_tinytens
0x08D00000	rom	0x4D8	gBattleInterface_Textbox_Gfx
0x08D004D8	rom	0x44	gBattleInterface_Textbox_Pal
0x08D0051C	rom	0x22C	gBattleInterface_Textbox_Tilemap
0x08D00748	rom	0x244	gMonFrontPic_CircledQuestionMark
0x08D0098C	rom	0x244	gMonBackPic_CircledQuestionMark
0x08D00BD0	rom	0x18	gMonPalette_CircledQuestionMark
0x08D00BE8	rom	0x18	gMonShinyPalette_CircledQuestionMark
0x08D00C00	rom	0x7D8	gUnusedGfx_OldCharmap
0x08D013D8	rom	0x22C	gUnusedTimemap_OldCharmap
0x08D01604	rom	0x28	gUnusedPal_OldCharmap
0x08D0162C	rom	0xE0	gSmokescreenImpactTiles
0x08D0170C	rom	0x18	gSmokescreenImpactPalette
0x08D01724	rom	0xBC	gBallGfx_Poke
0x08D017E0	rom	0x20	gBallPal_Poke
0x08D01800	rom	0xBC	gBallGfx_Great
0x08D018BC	rom	0x24	gBallPal_Great
0x08D018E0	rom	0xC4	gBallGfx_Safari
0x08D019A4	rom	0x24	gBallPal_Safari
0x08D019C8	rom	0xB4	gBallGfx_Ultra
0x08D01A7C	rom	0x20	gBallPal_Ultra
0x08D01A9C	rom	0xC0	gBallGfx_Master
0x08D01B5C	rom	0x24	gBallPal_Master
0x08D01B80	rom	0xC0	gBallGfx_Net
0x08D01C40	rom	0x20	gBallPal_Net
0x08D01C60	rom	0x114	gBallGfx_Dive
0x08D01D74	rom	0x28	gBallPal_Dive
0x08D01D9C	rom	0xC4	gBallGfx_Nest
0x08D01E60	rom	0x24	gBallPal_Nest
0x08D01E84	rom	0xC0	gBallGfx_Repeat
0x08D01F44	rom	0x24	gBallPal_Repeat
0x08D01F68	rom	0xF8	gBallGfx_Timer
0x08D02060	rom	0x24	gBallPal_Timer
0x08D02084	rom	0x12C	gBallGfx_Luxury
0x08D021B0	rom	0x28	gBallPal_Luxury
0x08D021D8	rom	0xF0	gBallGfx_Premier
0x08D022C8	rom	0x20	gBallPal_Premier
0x08D022E8	rom	0x7C	gOpenPokeballGfx
0x08D02364	rom	0xFC	gBlankGfxCompressed
0x08D02460	rom	0xC0	gBattleAnimSpriteGfx_Bubble
0x08D02520	rom	0xB0	gBattleAnimSpriteGfx_Bone
0x08D025D0	rom	0x74	gBattleAnimSpriteGfx_AirWave
0x08D02644	rom	0xB0	gBattleAnimSpriteGfx_Orb
0x08D026F4	rom	0xD4	gBattleAnimSpriteGfx_Sword
0x08D027C8	rom	0xCC	gBattleAnimSpriteGfx_Seed
0x08D02894	rom	0x20	gBattleAnimSpritePal_RainDrops
0x08D028B4	rom	0x24	gBattleAnimSpritePal_Bone
0x08D028D8	rom	0x28	gBattleAnimSpritePal_AirWave
0x08D02900	rom	0x14	gBattleAnimSpritePal_Orb
0x08D02914	rom	0x28	gBattleAnimSpritePal_Sword
0x08D0293C	rom	0x28	gBattleAnimSpritePal_Seed
0x08D02964	rom	0x28	gBattleAnimSpriteGfx_Needle
0x08D0298C	rom	0x28	gBattleAnimSpritePal_Needle
0x08D029B4	rom	0x17C	gBattleAnimSpriteGfx_Explosion6
0x08D02B30	rom	0x20	gBattleAnimSpritePal_Explosion6
0x08D02B50	rom	0x20	gBattleAnimSpriteGfx_PinkOrb
0x08D02B70	rom	0x1C	gBattleAnimSpritePal_PinkOrb
0x08D02B8C	rom	0x20	gBattleAnimSpritePal_IceCube
0x08D02BAC	rom	0x3E0	gBattleAnimSpriteGfx_IceCube
0x08D02F8C	rom	0x2E8	gBattleAnimSpriteGfx_Gust
0x08D03274	rom	0x20	gBattleAnimSpritePal_Gust
0x08D03294	rom	0x78	gBattleAnimSpriteGfx_Spark2
0x08D0330C	rom	0x28	gBattleAnimSpritePal_Spark2
0x08D03334	rom	0x68	gBattleAnimSpriteGfx_Orange
0x08D0339C	rom	0x18	gBattleAnimSpritePal_Orange
0x08D033B4	rom	0x48	gBattleAnimSpriteGfx_Spikes
0x08D033FC	rom	0x24	gBattleAnimSpritePal_Spikes
0x08D03420	rom	0x34	gBattleAnimSpriteGfx_YellowBall
0x08D03454	rom	0x18	gBattleAnimSpritePal_YellowBall
0x08D0346C	rom	0x6C	gBattleAnimSpriteGfx_TiedBag
0x08D034D8	rom	0x28	gBattleAnimSpritePal_TiedBag
0x08D03500	rom	0x70	gBattleAnimSpriteGfx_BlackSmoke
0x08D03570	rom	0x10	gBattleAnimSpritePal_BlackSmoke
0x08D03580	rom	0x20	gBattleAnimSpriteGfx_BlackBall
0x08D035A0	rom	0x24	gBattleAnimSpritePal_BlackBall
0x08D035C4	rom	0x1C	gBattleAnimSpritePal_Glass
0x08D035E0	rom	0xC0	gBattleAnimSpriteGfx_Glass
0x08D036A0	rom	0xCC	gBattleAnimSpriteGfx_HornHit
0x08D0376C	rom	0x28	gBattleAnimSpritePal_HornHit
0x08D03794	rom	0x28	gBattleAnimSpritePal_BlueShards
0x08D037BC	rom	0x108	gBattleAnimSpriteGfx_BlueShards
0x08D038C4	rom	0x28	gUnused_BattleSpritePalette_023
0x08D038EC	rom	0xFC	gUnusedGfx_MusicNotes
0x08D039E8	rom	0x28	gBattleAnimSpritePal_Hit
0x08D03A10	rom	0x338	gBattleAnimSpriteGfx_Hit
0x08D03D48	rom	0x28	gBattleAnimSpritePal_Hit2
0x08D03D70	rom	0x28	gBattleAnimSpritePal_WavingHand
0x08D03D98	rom	0xF0	gBattleAnimSpriteGfx_WavingHand
0x08D03E88	rom	0xCC	gBattleAnimSpriteGfx_ClosingEye
0x08D03F54	rom	0x14	gBattleAnimSpritePal_ClosingEye
0x08D03F68	rom	0x3E0	gBattleAnimSpriteGfx_BlueStar
0x08D04348	rom	0x20	gBattleAnimSpritePal_BlueStar
0x08D04368	rom	0x28	gBattleAnimSpritePal_BubbleBurst
0x08D04390	rom	0xEC	gBattleAnimSpriteGfx_BubbleBurst
0x08D0447C	rom	0x338	gBattleAnimSpriteGfx_HitDuplicate
0x08D047B4	rom	0x28	gBattleAnimSpritePal_HitDuplicate
0x08D047DC	rom	0x28	gBattleAnimSpritePal_Leer
0x08D04804	rom	0x2FC	gBattleAnimSpriteGfx_Leer
0x08D04B00	rom	0x28	gBattleAnimSpritePal_BlueBurst
0x08D04B28	rom	0x350	gBattleAnimSpriteGfx_BlueBurst
0x08D04E78	rom	0x2B8	gBattleAnimSpriteGfx_SmallEmber
0x08D05130	rom	0x28	gBattleAnimSpritePal_SmallEmber
0x08D05158	rom	0x3C0	gBattleAnimSpriteGfx_GraySmoke
0x08D05518	rom	0x24	gBattleAnimSpritePal_GraySmoke
0x08D0553C	rom	0x28	gBattleAnimSpritePal_Fire
0x08D05564	rom	0x970	gBattleAnimSpriteGfx_Fire
0x08D05ED4	rom	0x3CC	gBattleAnimSpriteGfx_SpinningFire
0x08D062A0	rom	0x398	gBattleAnimSpriteGfx_FirePlume
0x08D06638	rom	0x28	gBattleAnimSpritePal_Lightning2
0x08D06660	rom	0x3D4	gBattleAnimSpriteGfx_Lightning2
0x08D06A34	rom	0x34C	gBattleAnimSpriteGfx_Lightning
0x08D06D80	rom	0x44	gBattleAnimSpriteGfx_SpinningBall
0x08D06DC4	rom	0x14	gBattleAnimSpritePal_SpinningBall
0x08D06DD8	rom	0x34	gBattleAnimSpritePal_SpinningBall2
0x08D06E0C	rom	0x364	gOldBattleInterfaceGfx
0x08D07170	rom	0x44	gOldBattleInterfacePal_1_2_3
0x08D071B4	rom	0x18	gOldBattleInterfacePal4
0x08D071CC	rom	0x58	gOldBattleInterfacePal_5_6_7
0x08D07224	rom	0x5C8	gOldBattleInterfaceGfx2
0x08D077EC	rom	0x110	gOldBattleInterfaceTilemap
0x08D078FC	rom	0x28	gBattleAnimSpritePal_ClawSlash2
0x08D07924	rom	0x28	gBattleAnimSpritePal_ClawSlash
0x08D0794C	rom	0x224	gBattleAnimSpriteGfx_ClawSlash2
0x08D07B70	rom	0x2FC	gBattleAnimSpriteGfx_ClawSlash
0x08D07E6C	rom	0x20C	gBattleAnimSpriteGfx_Scratch3
0x08D08078	rom	0x1A0	gBattleAnimSpriteGfx_Scratch2
0x08D08218	rom	0x94	gUnusedHpBar_Gfx
0x08D082AC	rom	0x2D0	gBattleAnimSpriteGfx_BubbleBurst2
0x08D0857C	rom	0x28	gBattleAnimSpritePal_BubbleBurst2
0x08D085A4	rom	0x400	gBattleAnimSpriteGfx_IceChunk
0x08D089A4	rom	0x28	gBattleAnimSpritePal_IceChunk
0x08D089CC	rom	0x28	gBattleAnimSpritePal_Glass2
0x08D089F4	rom	0x26C	gBattleAnimSpriteGfx_Glass2
0x08D08C60	rom	0x28	gBattleAnimSpritePal_PinkHeart2
0x08D08C88	rom	0x26C	gBattleAnimSpriteGfx_PinkHeart2
0x08D08EF4	rom	0x4BC	gInterfaceGfx_UnusedWindow
0x08D093B0	rom	0x28	gInterfacePal_UnusedWindow
0x08D093D8	rom	0x214	gInterfaceGfx_HPNumbers
0x08D095EC	rom	0x3E0	gBattleAnimSpriteGfx_SapDrip
0x08D099CC	rom	0x20	gBattleAnimSpritePal_SapDrip
0x08D099EC	rom	0x24	gBattleAnimSpritePal_SapDrip2
0x08D09A10	rom	0x29C	gUnusedGfx_Window2
0x08D09CAC	rom	0x2C	gUnusedGfx_Window2Bar
0x08D09CD8	rom	0x298	gBattleAnimSpriteGfx_Sparkle1
0x08D09F70	rom	0x28	gBattleAnimSpritePal_Sparkle1
0x08D09F98	rom	0x28	gBattleAnimSpritePal_Sparkle2
0x08D09FC0	rom	0x24	gBattleAnimSpritePal_HumanoidFoot
0x08D09FE4	rom	0xA0	gBattleAnimSpriteGfx_HumanoidFoot
0x08D0A084	rom	0xAC	gBattleAnimSpriteGfx_MonsterFoot
0x08D0A130	rom	0xCC	gBattleAnimSpriteGfx_HumanoidHand
0x08D0A1FC	rom	0x184	gUnusedGfx_LineSketch
0x08D0A380	rom	0x10	gUnusedPal_LineSketch
0x08D0A390	rom	0x2C	gBattleAnimSpriteGfx_YellowUnk
0x08D0A3BC	rom	0x18	gBattleAnimSpritePal_YellowUnk
0x08D0A3D4	rom	0x4A8	gBattleAnimSpriteGfx_SlamHit
0x08D0A87C	rom	0x28	gBattleAnimSpritePal_SlamHit
0x08D0A8A4	rom	0xC4	gBattleAnimSpriteGfx_RedFist
0x08D0A968	rom	0x88	gBattleAnimSpriteGfx_Ring
0x08D0A9F0	rom	0x24	gBattleAnimSpritePal_Ring
0x08D0AA14	rom	0x468	gBattleAnimSpriteGfx_Rocks
0x08D0AE7C	rom	0x28	gBattleAnimSpritePal_Rocks
0x08D0AEA4	rom	0x60	gBattleAnimSpriteGfx_Z
0x08D0AF04	rom	0x1C	gBattleAnimSpritePal_Z
0x08D0AF20	rom	0x28	gBattleAnimSpriteGfx_YellowUnk2
0x08D0AF48	rom	0x1C	gBattleAnimSpritePal_YellowUnk2
0x08D0AF64	rom	0xB0	gBattleAnimSpriteGfx_AirSlash
0x08D0B014	rom	0x20	gBattleAnimSpritePal_AirSlash
0x08D0B034	rom	0x3D0	gBattleAnimSpriteGfx_SpinningGreenOrbs
0x08D0B404	rom	0x28	gBattleAnimSpritePal_SpinningGreenOrbs
0x08D0B42C	rom	0x1BC	gBattleAnimSpriteGfx_Leaf
0x08D0B5E8	rom	0x28	gBattleAnimSpritePal_Leaf
0x08D0B610	rom	0x70	gUnusedGfx_Metronome
0x08D0B680	rom	0x24	gBattleAnimSpritePal_Clapping
0x08D0B6A4	rom	0x114	gBattleAnimSpriteGfx_PoisonPowder
0x08D0B7B8	rom	0x20	gBattleAnimSpritePal_PoisonPowder
0x08D0B7D8	rom	0x4C	gBattleAnimSpriteGfx_BrownTriangle
0x08D0B824	rom	0x28	gBattleAnimSpritePal_BrownTriangle
0x08D0B84C	rom	0x80	gBattleAnimSpriteGfx_Sparkle3
0x08D0B8CC	rom	0x28	gBattleAnimSpritePal_Sparkle3
0x08D0B8F4	rom	0x22C	gBattleAnimSpriteGfx_Sparkle4
0x08D0BB20	rom	0xD0	gBattleAnimSpriteGfx_MusicNotes
0x08D0BBF0	rom	0x18	gBattleAnimSpritePal_MusicNotes
0x08D0BC08	rom	0x11C	gBattleAnimSpriteGfx_Duck
0x08D0BD24	rom	0x20	gBattleAnimSpritePal_Duck
0x08D0BD44	rom	0x27C	gBattleAnimSpriteGfx_Alert
0x08D0BFC0	rom	0x24	gBattleAnimSpritePal_Alert
0x08D0BFE4	rom	0x198	gBattleAnimSpriteGfx_Shock4
0x08D0C17C	rom	0x28	gBattleAnimSpritePal_Shock4
0x08D0C1A4	rom	0x430	gBattleAnimSpriteGfx_Shock
0x08D0C5D4	rom	0x364	gBattleAnimSpriteGfx_Bell2
0x08D0C938	rom	0x24	gBattleAnimSpritePal_Bell2
0x08D0C95C	rom	0x84	gBattleAnimSpriteGfx_PinkGlove
0x08D0C9E0	rom	0x24	gBattleAnimSpritePal_PinkGlove
0x08D0CA04	rom	0x24	gBattleAnimUnused_Unknown1
0x08D0CA28	rom	0x24	gBattleAnimUnused_Unknown2
0x08D0CA4C	rom	0x24	gBattleAnimUnused_Unknown3
0x08D0CA70	rom	0x58	gBattleAnimUnusedGfx_LineSketch2
0x08D0CAC8	rom	0x20	gBattleAnimUnusedPal_LineSketch2
0x08D0CAE8	rom	0x90	gBattleAnimUnusedTilemap_LineSketch2
0x08D0CB78	rom	0x24	gBattleAnimSpriteGfx_BlueLines
0x08D0CB9C	rom	0x14	gBattleAnimSpritePal_BlueLines
0x08D0CBB0	rom	0x28	gBattleAnimSpritePal_Impact3
0x08D0CBD8	rom	0x28	gBattleAnimSpritePal_Impact2
0x08D0CC00	rom	0x18	gBattleAnimSpritePal_Reticle
0x08D0CC18	rom	0x28	gBattleAnimSpritePal_Breath
0x08D0CC40	rom	0x1C	gBattleAnimSpritePal_Snowball
0x08D0CC5C	rom	0x28	gBattleAnimSpritePal_Vine
0x08D0CC84	rom	0x24	gBattleAnimSpritePal_Sword2
0x08D0CCA8	rom	0x1C	gBattleAnimSpritePal_RedTube
0x08D0CCC4	rom	0x28	gBattleAnimSpritePal_Amnesia
0x08D0CCEC	rom	0x20	gBattleAnimSpritePal_String2
0x08D0CD0C	rom	0x20	gBattleAnimUnused_Unknown4
0x08D0CD2C	rom	0x28	gBattleAnimSpritePal_Pencil2
0x08D0CD54	rom	0x1C	gBattleAnimSpritePal_Petal
0x08D0CD70	rom	0x28	gBattleAnimSpritePal_BentSpoon
0x08D0CD98	rom	0x1C	gBattleAnimSpritePal_Coin
0x08D0CDB4	rom	0x28	gBattleAnimSpritePal_CrackedEgg
0x08D0CDDC	rom	0x24	gBattleAnimSpritePal_FreshEgg
0x08D0CE00	rom	0x4A4	gBattleAnimSpriteGfx_Impact3
0x08D0D2A4	rom	0x3C4	gBattleAnimSpriteGfx_Impact2
0x08D0D668	rom	0xB8	gBattleAnimSpriteGfx_Reticle
0x08D0D720	rom	0x170	gBattleAnimSpriteGfx_Breath
0x08D0D890	rom	0x50	gBattleAnimSpriteGfx_Snowball
0x08D0D8E0	rom	0x274	gBattleAnimSpriteGfx_Vine
0x08D0DB54	rom	0x90	gBattleAnimSpriteGfx_Sword2
0x08D0DBE4	rom	0x134	gBattleAnimSpriteGfx_Clapping
0x08D0DD18	rom	0x7C	gBattleAnimSpriteGfx_RedTube
0x08D0DD94	rom	0x6D0	gBattleAnimSpriteGfx_Amnesia
0x08D0E464	rom	0x1A4	gBattleAnimSpriteGfx_String2
0x08D0E608	rom	0xB0	gBattleAnimSpriteGfx_Pencil2
0x08D0E6B8	rom	0x170	gBattleAnimSpriteGfx_Petal
0x08D0E828	rom	0x1E0	gBattleAnimSpriteGfx_BentSpoon
0x08D0EA08	rom	0x138	gBattleAnimSpriteGfx_Web
0x08D0EB40	rom	0x100	gBattleAnimSpriteGfx_Coin
0x08D0EC40	rom	0x130	gBattleAnimSpriteGfx_CrackedEgg
0x08D0ED70	rom	0x198	gBattleAnimSpriteGfx_HatchedEgg
0x08D0EF08	rom	0x6C	gBattleAnimSpriteGfx_FreshEgg
0x08D0EF74	rom	0x1C0	gBattleAnimSpriteGfx_Fangs
0x08D0F134	rom	0x28	gBattleAnimSpritePal_Fangs
0x08D0F15C	rom	0x584	gBattleAnimSpriteGfx_Explosion2
0x08D0F6E0	rom	0x28	gBattleAnimSpritePal_Explosion2
0x08D0F708	rom	0xF0	gBattleAnimSpriteGfx_Explosion3
0x08D0F7F8	rom	0x3AC	gBattleAnimSpriteGfx_WaterDroplet
0x08D0FBA4	rom	0x28	gBattleAnimSpritePal_WaterDroplet
0x08D0FBCC	rom	0x384	gBattleAnimSpriteGfx_WaterDroplet2
0x08D0FF50	rom	0x28	gBattleAnimSpriteGfx_Seed2
0x08D0FF78	rom	0x28	gBattleAnimSpritePal_Seed2
0x08D0FFA0	rom	0x3E4	gBattleAnimSpriteGfx_Sprout
0x08D10384	rom	0x44	gBattleAnimSpriteGfx_RedWand
0x08D103C8	rom	0x24	gBattleAnimSpritePal_RedWand
0x08D103EC	rom	0x328	gBattleAnimSpriteGfx_PurpleGreenUnk
0x08D10714	rom	0x28	gBattleAnimSpritePal_PurpleGreenUnk
0x08D1073C	rom	0x26C	gBattleAnimSpriteGfx_WaterColumn
0x08D109A8	rom	0x28	gBattleAnimSpritePal_WaterColumn
0x08D109D0	rom	0xF4	gBattleAnimSpriteGfx_MudUnk
0x08D10AC4	rom	0x28	gBattleAnimSpritePal_MudUnk
0x08D10AEC	rom	0x118	gUnusedTilemap_BlueFrame
0x08D10C04	rom	0x400	gUnusedTilemap_RedYellowGreenFrame
0x08D11004	rom	0x5A0	gUnusedGfx_ColorFrames
0x08D115A4	rom	0x28	gUnusedPal_ColorFrames
0x08D115CC	rom	0x130	gBattleAnimSpriteGfx_RainDrops
0x08D116FC	rom	0x188	gUnusedGfx8bpp_WaterSplash
0x08D11884	rom	0xE0	gUnusedTilemap_WaterSplash
0x08D11964	rom	0x60	gUnusedPalette_WaterSplash
0x08D119C4	rom	0x8C	gUnusedGfx_BasicFrame
0x08D11A50	rom	0x28	gUnusedPal_BasicFrame
0x08D11A78	rom	0x10C	gUnusedTilemap_BasicFrame
0x08D11B84	rom	0x20	gBattleInterface_Healthbox_Pal
0x08D11BA4	rom	0x20	gBattleInterface_Healthbar_Pal
0x08D11BC4	rom	0xF00	gBattleInterface_Gfx
0x08D12AC4	rom	0x13C	gBattleInterfaceGfx_UnusedWindow3
0x08D12C00	rom	0x2B0	gBattleInterfaceGfx_UnusedWindow4
0x08D12EB0	rom	0x2AC	gBattleAnimSpriteGfx_FurySwipes
0x08D1315C	rom	0x28	gBattleAnimSpritePal_FurySwipes
0x08D13184	rom	0x23C	gBattleAnimSpriteGfx_Vine2
0x08D133C0	rom	0x1C	gBattleAnimSpritePal_Vine2
0x08D133DC	rom	0x198	gBattleAnimSpriteGfx_Teeth
0x08D13574	rom	0x1C	gBattleAnimSpritePal_Teeth
0x08D13590	rom	0x290	gBattleAnimSpriteGfx_Bone2
0x08D13820	rom	0x28	gBattleAnimSpritePal_Bone2
0x08D13848	rom	0xF4	gBattleAnimSpriteGfx_WhiteBag
0x08D1393C	rom	0x28	gBattleAnimSpritePal_WhiteBag
0x08D13964	rom	0x2C	gBattleAnimSpriteGfx_Unknown
0x08D13990	rom	0x24	gBattleAnimSpritePal_Unknown
0x08D139B4	rom	0xFC	gBattleAnimSpriteGfx_PurpleCoral
0x08D13AB0	rom	0x1C	gBattleAnimSpritePal_PurpleCoral
0x08D13ACC	rom	0x13C	gBattleAnimSpriteGfx_PurpleDroplet
0x08D13C08	rom	0x298	gBattleAnimSpriteGfx_Shock2
0x08D13EA0	rom	0x28	gBattleAnimSpritePal_Shock2
0x08D13EC8	rom	0xEC	gBattleAnimSpriteGfx_ClosingEye2
0x08D13FB4	rom	0x28	gBattleAnimSpritePal_ClosingEye2
0x08D13FDC	rom	0x68	gBattleAnimSpriteGfx_MetalBall
0x08D14044	rom	0x20	gBattleAnimSpritePal_MetalBall
0x08D14064	rom	0x1A0	gBattleAnimSpriteGfx_MonsterDoll
0x08D14204	rom	0x24	gBattleAnimSpritePal_MonsterDoll
0x08D14228	rom	0x26C	gBattleAnimSpriteGfx_Whirlwind
0x08D14494	rom	0x20	gBattleAnimSpritePal_Whirlwind
0x08D144B4	rom	0x64	gBattleAnimSpriteGfx_Whirlwind2
0x08D14518	rom	0x3D0	gBattleAnimSpriteGfx_Explosion4
0x08D148E8	rom	0x28	gBattleAnimSpritePal_Explosion4
0x08D14910	rom	0x170	gBattleAnimSpriteGfx_Explosion5
0x08D14A80	rom	0x100	gBattleAnimSpriteGfx_Tongue
0x08D14B80	rom	0x20	gBattleAnimSpritePal_Tongue
0x08D14BA0	rom	0x7C	gBattleAnimSpriteGfx_Smoke
0x08D14C1C	rom	0x28	gBattleAnimSpritePal_Smoke
0x08D14C44	rom	0xD0	gBattleAnimSpriteGfx_Smoke2
0x08D14D14	rom	0x23C	gBattleAnimSpriteGfx_BlueFlames
0x08D14F50	rom	0x28	gBattleAnimSpritePal_BlueFlames
0x08D14F78	rom	0xD4	gBattleAnimSpriteGfx_BlueFlames2
0x08D1504C	rom	0x914	gJpContest_Gfx1
0x08D15960	rom	0x104	gJpContest_Pal
0x08D15A64	rom	0x184	gJpContest_Bg_Tilemap
0x08D15BE8	rom	0x2C0	gJpContest_Windows_Tilemap
0x08D15EA8	rom	0xF0	gJpContest_Numbers_Gfx
0x08D15F98	rom	0x20	gJpContest_Numbers_Pal
0x08D15FB8	rom	0x1010	gJpContest_Gfx2
0x08D16FC8	rom	0x118	gContest_Interface_Pal
0x08D170E0	rom	0x1C8	gContest_Audience_Tilemap
0x08D172A8	rom	0x2A0	gContest_Interface_Tilemap
0x08D17548	rom	0x10C	gJpContest_Interface_Tilemap
0x08D17654	rom	0x464	gJpContest_Audience_Tilemap
0x08D17AB8	rom	0x130	gContest_Curtain_Tilemap
0x08D17BE8	rom	0xB98	gContest_Interface_Gfx
0x08D18780	rom	0xC5C	gContest_Audience_Gfx
0x08D193DC	rom	0x11C	gContest_Faces_Gfx
0x08D194F8	rom	0x1A4	gContest_JudgeSymbols_Gfx
0x08D1969C	rom	0x28	gContest_JudgeSymbols_Pal
0x08D196C4	rom	0x20	gContest_SliderHeart_Gfx
0x08D196E4	rom	0xF0	gJpContest_Voltage_Gfx
0x08D197D4	rom	0x28	gJpContest_Voltage_Pal
0x08D197FC	rom	0x868	gJpContestResults_Gfx
0x08D1A064	rom	0x114	gContestResults_WinnerBanner_Tilemap
0x08D1A178	rom	0x12C	gContestResults_Interface_Tilemap
0x08D1A2A4	rom	0x188	gContestResults_Bg_Tilemap
0x08D1A42C	rom	0xEC	gContestResults_Pal
0x08D1A518	rom	0xD8	gBattleAnimSpriteGfx_Impact
0x08D1A5F0	rom	0x18	gBattleAnimSpritePal_Impact
0x08D1A608	rom	0xB0	gBattleAnimSpriteGfx_Particles
0x08D1A6B8	rom	0x24	gBattleAnimSpriteGfx_CircleImpact
0x08D1A6DC	rom	0x28	gBattleAnimSpritePal_CircleImpact
0x08D1A704	rom	0x204	gBattleAnimSpriteGfx_Scratch
0x08D1A908	rom	0x1F0	gBattleAnimSpriteGfx_SharpTeeth
0x08D1AAF8	rom	0x20	gBattleAnimSpritePal_SharpTeeth
0x08D1AB18	rom	0x1A0	gBattleAnimSpriteGfx_Clamp
0x08D1ACB8	rom	0x14C	gBattleAnimSpriteGfx_Cut
0x08D1AE04	rom	0x80	gBattleAnimSpriteGfx_RainbowRings
0x08D1AE84	rom	0x20	gBattleAnimSpritePal_RainbowRings
0x08D1AEA4	rom	0x108	gBattleAnimSpriteGfx_IceCrystals
0x08D1AFAC	rom	0x20	gBattleAnimSpritePal_IceCrystals
0x08D1AFCC	rom	0x60	gBattleAnimSpriteGfx_IceSpikes
0x08D1B02C	rom	0x9C	gUnusedGfx_OldBeatUp
0x08D1B0C8	rom	0x1C	gUnusedPal_OldBeatUp
0x08D1B0E4	rom	0x114	gBattleAnimSpriteGfx_Orbs
0x08D1B1F8	rom	0x28	gBattleAnimSpritePal_Orbs
0x08D1B220	rom	0xD0	gBattleAnimSpriteGfx_WaterOrb
0x08D1B2F0	rom	0xE4	gBattleAnimSpriteGfx_WaterImpact
0x08D1B3D4	rom	0x20	gBattleAnimSpritePal_WaterImpact
0x08D1B3F4	rom	0x20	gBattleAnimSpritePal_BrownOrb
0x08D1B414	rom	0x68	gBattleAnimSpriteGfx_MudSand
0x08D1B47C	rom	0x24	gBattleAnimSpritePal_MudSand
0x08D1B4A0	rom	0xD4	gBattleAnimSpriteGfx_PoisonBubble
0x08D1B574	rom	0x1C	gBattleAnimSpritePal_PoisonBubble
0x08D1B590	rom	0xF8	gBattleAnimSpriteGfx_ToxicBubble
0x08D1B688	rom	0x6C	gBattleAnimSpriteGfx_HornHit2
0x08D1B6F4	rom	0x18	gBattleAnimSpritePal_HornHit2
0x08D1B70C	rom	0xAC	gBattleAnimSpriteGfx_AirWave2
0x08D1B7B8	rom	0x20	gBattleAnimSpritePal_AirWave2
0x08D1B7D8	rom	0xC8	gBattleAnimSpriteGfx_SmallBubbles
0x08D1B8A0	rom	0x20	gBattleAnimSpritePal_SmallBubbles
0x08D1B8C0	rom	0x218	gBattleAnimSpriteGfx_RoundShadow
0x08D1BAD8	rom	0x28	gBattleAnimSpritePal_RoundShadow
0x08D1BB00	rom	0x64	gBattleAnimSpriteGfx_Sunlight
0x08D1BB64	rom	0x18	gBattleAnimSpritePal_Sunlight
0x08D1BB7C	rom	0xC8	gBattleAnimSpriteGfx_Spore
0x08D1BC44	rom	0x24	gBattleAnimSpritePal_Spore
0x08D1BC68	rom	0x7C	gBattleAnimSpriteGfx_Flower
0x08D1BCE4	rom	0x28	gBattleAnimSpritePal_Flower
0x08D1BD0C	rom	0xA8	gBattleAnimSpriteGfx_RazorLeaf
0x08D1BDB4	rom	0x28	gBattleAnimSpritePal_RazorLeaf
0x08D1BDDC	rom	0x78	gBattleAnimSpriteGfx_MistCloud
0x08D1BE54	rom	0x20	gBattleAnimSpritePal_MistCloud
0x08D1BE74	rom	0x28	gBattleAnimUnusedGfx_Lights
0x08D1BE9C	rom	0x18	gBattleAnimUnusedPal_Lights
0x08D1BEB4	rom	0x104	gBattleAnimUnusedTilemap_Lights
0x08D1BFB8	rom	0x84	gBattleAnimSpriteGfx_WhirlwindLines
0x08D1C03C	rom	0x20	gBattleAnimSpritePal_WhirlwindLines
0x08D1C05C	rom	0x60	gBattleAnimSpriteGfx_GoldRing
0x08D1C0BC	rom	0x18	gBattleAnimSpritePal_GoldRing
0x08D1C0D4	rom	0x18	gBattleAnimSpritePal_BlueRing2
0x08D1C0EC	rom	0x18	gBattleAnimSpritePal_PurpleRing
0x08D1C104	rom	0x18	gBattleAnimSpritePal_BlueRing
0x08D1C11C	rom	0x30C	gBattleAnimSpriteGfx_GreenLightWall
0x08D1C428	rom	0x20	gBattleAnimSpritePal_GreenLightWall
0x08D1C448	rom	0x20	gBattleAnimSpritePal_BlueLightWall
0x08D1C468	rom	0x20	gBattleAnimSpritePal_RedLightWall
0x08D1C488	rom	0x20	gBattleAnimSpritePal_GrayLightWall
0x08D1C4A8	rom	0x20	gBattleAnimSpritePal_OrangeLightWall
0x08D1C4C8	rom	0x4C	gBattleAnimSpriteGfx_BlackBall2
0x08D1C514	rom	0x28	gBattleAnimSpritePal_BlackBall2
0x08D1C53C	rom	0x20	gBattleAnimSpritePal_PurpleGasCloud
0x08D1C55C	rom	0x2D4	gContestJudgeGfx
0x08D1C830	rom	0x28	gContestJudgePal
0x08D1C858	rom	0xB4	gBattleAnimSpriteGfx_Spark
0x08D1C90C	rom	0x28	gBattleAnimSpritePal_Spark
0x08D1C934	rom	0x88	gBattleAnimSpriteGfx_SparkH
0x08D1C9BC	rom	0x5F8	gBattleAnimBgImage_Dark
0x08D1CFB4	rom	0x20	gBattleAnimBgPalette_Dark
0x08D1CFD4	rom	0x250	gBattleAnimBgTilemap_Dark
0x08D1D224	rom	0x13C	gMetalShineGfx
0x08D1D360	rom	0x28	gMetalShinePalette
0x08D1D388	rom	0x174	gMetalShineTilemap
0x08D1D4FC	rom	0x110	gUnusedGfx_Goosuto
0x08D1D60C	rom	0x18	gUnusedPal_Goosuto
0x08D1D624	rom	0x150	gUnusedTilemap_Goosuto
0x08D1D774	rom	0xA0	gBattleAnimSpriteGfx_YellowStar
0x08D1D814	rom	0x28	gBattleAnimSpritePal_YellowStar
0x08D1D83C	rom	0x64	gBattleAnimSpriteGfx_LargeFreshEgg
0x08D1D8A0	rom	0x28	gBattleAnimSpritePal_LargeFreshEgg
0x08D1D8C8	rom	0x158	gBattleAnimSpriteGfx_ShadowBall
0x08D1DA20	rom	0x28	gBattleAnimSpritePal_ShadowBall
0x08D1DA48	rom	0xC4	gBattleAnimSpriteGfx_Lick
0x08D1DB0C	rom	0x18	gBattleAnimSpritePal_Lick
0x08D1DB24	rom	0x168	gBattleAnimSpriteGfx_VoidLines
0x08D1DC8C	rom	0x28	gBattleAnimSpritePal_VoidLines
0x08D1DCB4	rom	0x28	gBattleAnimSpritePal_String
0x08D1DCDC	rom	0xDC	gBattleAnimSpriteGfx_String
0x08D1DDB8	rom	0x18	gBattleAnimSpriteGfx_WebThread
0x08D1DDD0	rom	0x390	gBattleAnimSpriteGfx_SpiderWeb
0x08D1E160	rom	0xA4	gBattleAnimSpriteGfx_Lightbulb
0x08D1E204	rom	0x28	gBattleAnimSpritePal_Lightbulb
0x08D1E22C	rom	0x278	gBattleAnimSpriteGfx_Slash
0x08D1E4A4	rom	0x28	gBattleAnimSpritePal_Slash
0x08D1E4CC	rom	0x154	gBattleAnimSpriteGfx_FocusEnergy
0x08D1E620	rom	0x28	gBattleAnimSpritePal_FocusEnergy
0x08D1E648	rom	0x414	gBattleAnimSpriteGfx_SphereToCube
0x08D1EA5C	rom	0x28	gBattleAnimSpritePal_SphereToCube
0x08D1EA84	rom	0x1D0	gBattleAnimBgImage_Psychic
0x08D1EC54	rom	0x24	gBattleAnimBgPalette_Psychic
0x08D1EC78	rom	0xC8	gBattleAnimBgTilemap_Psychic
0x08D1ED40	rom	0x1F0	gBattleAnimSpriteGfx_Eye
0x08D1EF30	rom	0x20	gBattleAnimSpritePal_Eye
0x08D1EF50	rom	0x3CC	gBattleAnimSpriteGfx_Tendrils
0x08D1F31C	rom	0x24	gBattleAnimSpritePal_Tendrils
0x08D1F340	rom	0x2C4	gHealthboxSinglesPlayerGfx
0x08D1F604	rom	0x190	gHealthboxSinglesOpponentGfx
0x08D1F794	rom	0x194	gHealthboxDoublesPlayerGfx
0x08D1F928	rom	0x194	gHealthboxDoublesOpponentGfx
0x08D1FABC	rom	0x278	gHealthboxSafariGfx
0x08D1FD34	rom	0x60	gUnusedGfx_Shadow
0x08D1FD94	rom	0x14	gUnusedPal_Shadow
0x08D1FDA8	rom	0x94	gBattleAnimSpriteGfx_LockOn
0x08D1FE3C	rom	0x1C	gBattleAnimSpritePal_LockOn
0x08D1FE58	rom	0x25C	gBattleAnimSpriteGfx_OpeningEye
0x08D200B4	rom	0x24	gBattleAnimSpritePal_OpeningEye
0x08D200D8	rom	0x26C	gBattleAnimSpriteGfx_RoundWhiteHalo
0x08D20344	rom	0x28	gBattleAnimSpritePal_RoundWhiteHalo
0x08D2036C	rom	0x84	gBattleAnimSpriteGfx_TealAlert
0x08D203F0	rom	0x20	gBattleAnimSpritePal_TealAlert
0x08D20410	rom	0x280	gBattleAnimSpriteGfx_FangAttack
0x08D20690	rom	0x28	gBattleAnimSpritePal_FangAttack
0x08D206B8	rom	0x15C	gBattleAnimSpriteGfx_PurpleHandOutline
0x08D20814	rom	0x28	gBattleAnimSpritePal_PurpleHandOutline
0x08D2083C	rom	0x1C	gFile_graphics_battle_anims_masks_curse_sheet
0x08D20858	rom	0x100	gFile_graphics_battle_anims_masks_curse_tilemap
0x08D20958	rom	0xE4	gBattleAnimSpriteGfx_Pencil
0x08D20A3C	rom	0x28	gBattleAnimSpritePal_Pencil
0x08D20A64	rom	0x3A4	gBattleAnimSpriteGfx_Spiral
0x08D20E08	rom	0x18	gBattleAnimSpritePal_Spiral
0x08D20E20	rom	0x338	gBattleAnimSpriteGfx_Moon
0x08D21158	rom	0x28	gBattleAnimSpritePal_Moon
0x08D21180	rom	0xB8	gBattleAnimSpriteGfx_GreenSparkle
0x08D21238	rom	0x20	gBattleAnimSpritePal_GreenSparkle
0x08D21258	rom	0x170	gBattleAnimSpriteGfx_SnoreZ
0x08D213C8	rom	0x28	gBattleAnimSpritePal_SnoreZ
0x08D213F0	rom	0x3F0	gBattleAnimSpriteGfx_Explosion
0x08D217E0	rom	0x28	gBattleAnimSpritePal_Explosion
0x08D21808	rom	0xC8	gBattleAnimSpriteGfx_Nail
0x08D218D0	rom	0x1C	gBattleAnimSpritePal_Nail
0x08D218EC	rom	0x140	gBattleAnimSpriteGfx_GhostlySpirit
0x08D21A2C	rom	0x1C	gBattleAnimSpritePal_GhostlySpirit
0x08D21A48	rom	0x670	gBattleAnimSpriteGfx_WarmRock
0x08D220B8	rom	0x28	gBattleAnimSpritePal_WarmRock
0x08D220E0	rom	0x174	gBattleAnimSpriteGfx_PunchImpact
0x08D22254	rom	0x28	gBattleAnimSpritePal_PunchImpact
0x08D2227C	rom	0x168	gBattleAnimSpriteGfx_BreakingEgg
0x08D223E4	rom	0x24	gBattleAnimSpritePal_BreakingEgg
0x08D22408	rom	0x1AC	gBattleAnimSpriteGfx_ThinRing
0x08D225B4	rom	0x24	gBattleAnimSpritePal_ThinRing
0x08D225D8	rom	0x20C	gBattleAnimSpriteGfx_MusicNotes2
0x08D227E4	rom	0x94	gBattleAnimSpritePal_MusicNotes2
0x08D22878	rom	0x234	gBattleAnimSpriteGfx_Bell
0x08D22AAC	rom	0x24	gBattleAnimSpritePal_Bell
0x08D22AD0	rom	0xCC	gBattleAnimSpriteGfx_SpeedDust
0x08D22B9C	rom	0x24	gBattleAnimSpritePal_SpeedDust
0x08D22BC0	rom	0x3F0	gBattleAnimSpriteGfx_TornMetal
0x08D22FB0	rom	0x308	gBattleAnimSpriteGfx_ThoughtBubble
0x08D232B8	rom	0x20	gBattleAnimSpritePal_ThoughtBubble
0x08D232D8	rom	0xF0	gBattleAnimSpriteGfx_Finger
0x08D233C8	rom	0x24	gBattleAnimSpritePal_Finger
0x08D233EC	rom	0x68	gBattleAnimSpriteGfx_MagentaHeart
0x08D23454	rom	0x20	gBattleAnimSpritePal_PinkHeart
0x08D23474	rom	0x20	gBattleAnimSpritePal_MagentaHeart
0x08D23494	rom	0x20	gBattleAnimSpritePal_RedHeart
0x08D234B4	rom	0xA70	gBattleAnimBg_AttractGfx
0x08D23F24	rom	0x28	gBattleAnimBg_AttractPal
0x08D23F4C	rom	0x27C	gBattleAnimBg_AttractTilemap
0x08D241C8	rom	0x68	gBattleAnimSpriteGfx_RedOrb
0x08D24230	rom	0x20	gBattleAnimSpritePal_RedOrb
0x08D24250	rom	0x234	gBattleAnimSpriteGfx_CircleOfLight
0x08D24484	rom	0x50	gBattleAnimSpriteGfx_ElectricOrbs
0x08D244D4	rom	0x26C	gBattleAnimSpriteGfx_Electricity
0x08D24740	rom	0x24	gBattleAnimSpritePal_ElectricOrbs
0x08D24764	rom	0x290	gBattleAnimSpriteGfx_Finger2
0x08D249F4	rom	0x18C	gBattleAnimSpriteGfx_MovementWaves
0x08D24B80	rom	0x24	gBattleAnimSpritePal_MovementWaves
0x08D24BA4	rom	0x28	gBattleAnim_ScaryFacePal
0x08D24BCC	rom	0x230	gBattleAnim_ScaryFaceGfx
0x08D24DFC	rom	0x28	gBattleAnimSpritePal_EyeSparkle
0x08D24E24	rom	0xAC	gBattleAnimSpriteGfx_EyeSparkle
0x08D24ED0	rom	0x58	gBattleAnimSpriteGfx_Anger
0x08D24F28	rom	0x28	gBattleAnimSpritePal_Anger
0x08D24F50	rom	0x3C	gBattleAnimSpriteGfx_Conversion
0x08D24F8C	rom	0x1C	gBattleAnimSpritePal_Conversion
0x08D24FA8	rom	0x28	gBattleAnimSpritePal_Angel
0x08D24FD0	rom	0x12C	gBattleAnimSpriteGfx_Angel
0x08D250FC	rom	0x20	gBattleAnimSpritePal_Devil
0x08D2511C	rom	0x264	gBattleAnimSpriteGfx_Devil
0x08D25380	rom	0x2EC	gBattleAnimSpriteGfx_Swipe
0x08D2566C	rom	0x28	gBattleAnimSpritePal_Swipe
0x08D25694	rom	0x20	gBattleAnimSpritePal_Roots
0x08D256B4	rom	0x294	gBattleAnimSpriteGfx_Roots
0x08D25948	rom	0x20	gBattleAnimSpritePal_ItemBag
0x08D25968	rom	0xFC	gBattleAnimSpriteGfx_ItemBag
0x08D25A64	rom	0x28	gBattleAnimSpritePal_TriAttackTriangle
0x08D25A8C	rom	0x244	gBattleAnimSpriteGfx_TriAttackTriangle
0x08D25CD0	rom	0x20	gBattleAnimSpritePal_LetterZ
0x08D25CF0	rom	0xA8	gBattleAnimSpriteGfx_LetterZ
0x08D25D98	rom	0x28	gBattleAnimBgPalette_Impact
0x08D25DC0	rom	0xD6C	gBattleAnimBgImage_Impact
0x08D26B2C	rom	0x4FC	gBattleAnimBgTilemap_ImpactOpponent
0x08D27028	rom	0x4D0	gBattleAnimBgTilemap_ImpactPlayer
0x08D274F8	rom	0x440	gBattleAnimBgTilemap_ImpactContests
0x08D27938	rom	0x184	gBattleAnimSpriteGfx_JaggedMusicNote
0x08D27ABC	rom	0x28	gBattleAnimSpritePal_JaggedMusicNote
0x08D27AE4	rom	0x148	gBattleAnimSpriteGfx_Spotlight
0x08D27C2C	rom	0x8C	gBattleAnimSpriteGfx_Pokeball
0x08D27CB8	rom	0x24	gBattleAnimSpritePal_Pokeball
0x08D27CDC	rom	0x1BC	gBattleAnimSpriteGfx_RapidSpin
0x08D27E98	rom	0x28	gBattleAnimSpritePal_RapidSpin
0x08D27EC0	rom	0x120	gBattleAnimSpriteGfx_MilkBottle
0x08D27FE0	rom	0x28	gBattleAnimSpritePal_MilkBottle
0x08D28008	rom	0x538	gBattleAnimSpriteGfx_WispFire
0x08D28540	rom	0x28	gBattleAnimSpritePal_WispOrb
0x08D28568	rom	0x1D0	gBattleAnimSpriteGfx_WispOrb
0x08D28738	rom	0x84	gBattleAnimSpriteGfx_GoldStars
0x08D287BC	rom	0x28	gBattleAnimSpritePal_GoldStars
0x08D287E4	rom	0x1C0	gBattleAnimSpriteGfx_EclipsingOrb
0x08D289A4	rom	0x24	gBattleAnimSpritePal_EclipsingOrb
0x08D289C8	rom	0x68	gBattleAnimSpriteGfx_PinkPetal
0x08D28A30	rom	0x24	gBattleAnimSpritePal_PinkPetal
0x08D28A54	rom	0x50	gBattleAnimSpriteGfx_GrayOrb
0x08D28AA4	rom	0x1C	gBattleAnimSpritePal_GrayOrb
0x08D28AC0	rom	0x1C	gBattleAnimSpritePal_BlueOrb
0x08D28ADC	rom	0x1C	gBattleAnimSpritePal_RedOrb2
0x08D28AF8	rom	0x1A8	gBattleAnimBgImage_Drill
0x08D28CA0	rom	0x28	gBattleAnimBgPalette_Drill
0x08D28CC8	rom	0x28	gBattleAnimBgPalette_Sky
0x08D28CF0	rom	0x190	gBattleAnimBgTilemap_Drill
0x08D28E80	rom	0x18C	gBattleAnimBgTilemap_DrillContests
0x08D2900C	rom	0xA28	gBattleAnimBgImage_Aurora
0x08D29A34	rom	0x20	gBattleAnimBgPalette_Aurora
0x08D29A54	rom	0x204	gBattleAnimBgTilemap_Aurora
0x08D29C58	rom	0x2F8	gBattleAnimBgTilemap_HighspeedOpponent
0x08D29F50	rom	0x20	gBattleAnimBgPalette_Highspeed
0x08D29F70	rom	0x20	gBattleAnimBgPalette_Bug
0x08D29F90	rom	0x580	gBattleAnimBgImage_Highspeed
0x08D2A510	rom	0x2F8	gBattleAnimBgTilemap_HighspeedPlayer
0x08D2A808	rom	0xA0	gBattleAnim_MorningSunGfx
0x08D2A8A8	rom	0x18	gBattleAnim_MorningSunPal
0x08D2A8C0	rom	0x11C	gBattleAnim_MorningSunTilemap
0x08D2A9DC	rom	0x2C8	gBattleAnimBgTilemap_GuillotineOpponent
0x08D2ACA4	rom	0x2FC	gBattleAnimBgTilemap_GuillotinePlayer
0x08D2AFA0	rom	0x290	gBattleAnimBgTilemap_GuillotineContests
0x08D2B230	rom	0xD68	gBattleAnimBgImage_Guillotine
0x08D2BF98	rom	0x20	gBattleAnimBgPalette_Guillotine
0x08D2BFB8	rom	0x99C	gBattleAnimBgImage_Thunder
0x08D2C954	rom	0x28	gBattleAnimBgPalette_Thunder
0x08D2C97C	rom	0x2F8	gBattleAnimBgTilemap_Thunder
0x08D2CC74	rom	0xE4	gBattleAnimSpriteGfx_PainSplit
0x08D2CD58	rom	0x28	gBattleAnimSpritePal_PainSplit
0x08D2CD80	rom	0x230	gBattleAnimSpriteGfx_HandsAndFeet
0x08D2CFB0	rom	0x18	gBattleAnimSpritePal_HandsAndFeet
0x08D2CFC8	rom	0xA0	gBattleAnimSpriteGfx_Confetti
0x08D2D068	rom	0x28	gBattleAnimSpritePal_Confetti
0x08D2D090	rom	0x24	gSubstituteDollPal
0x08D2D0B4	rom	0x240	gSubstituteDollFrontGfx
0x08D2D2F4	rom	0x228	gSubstituteDollBackGfx
0x08D2D51C	rom	0xC4	gBattleAnimSpriteGfx_GreenStar
0x08D2D5E0	rom	0x1C	gBattleAnimSpritePal_GreenStar
0x08D2D5FC	rom	0x120	gFile_graphics_misc_confetti_sheet
0x08D2D71C	rom	0x28	gFile_graphics_misc_confetti_palette
0x08D2D744	rom	0x13C	gBattleAnimSpriteGfx_PinkCloud
0x08D2D880	rom	0x24	gBattleAnimSpritePal_PinkCloud
0x08D2D8A4	rom	0x28	gBattleAnimSpriteGfx_SweatDrop
0x08D2D8CC	rom	0x28	gBattleAnimSpritePal_SweatDrop
0x08D2D8F4	rom	0x210	gBattleStatMask_Gfx
0x08D2DB04	rom	0x11C	gBattleStatMask1_Tilemap
0x08D2DC20	rom	0x11C	gBattleStatMask2_Tilemap
0x08D2DD3C	rom	0x20	gBattleStatMask1_Pal
0x08D2DD5C	rom	0x20	gBattleStatMask2_Pal
0x08D2DD7C	rom	0x20	gBattleStatMask3_Pal
0x08D2DD9C	rom	0x20	gBattleStatMask4_Pal
0x08D2DDBC	rom	0x20	gBattleStatMask5_Pal
0x08D2DDDC	rom	0x20	gBattleStatMask6_Pal
0x08D2DDFC	rom	0x20	gBattleStatMask7_Pal
0x08D2DE1C	rom	0x20	gBattleStatMask8_Pal
0x08D2DE3C	rom	0x13C	gCureBubblesGfx
0x08D2DF78	rom	0x20	gCureBubblesPal
0x08D2DF98	rom	0x11C	gCureBubblesTilemap
0x08D2E0B4	rom	0x28	gBattleAnimSpritePal_PurpleScratch
0x08D2E0DC	rom	0x1A4	gBattleAnimSpriteGfx_PurpleScratch
0x08D2E280	rom	0x4A8	gBattleAnimSpriteGfx_PurpleSwipe
0x08D2E728	rom	0xDC	gBattleAnimSpriteGfx_GuardRing
0x08D2E804	rom	0x1C	gBattleAnimSpritePal_GuardRing
0x08D2E820	rom	0x1E4	gBattleAnimSpriteGfx_TagHand
0x08D2EA04	rom	0x220	gBattleAnimSpriteGfx_NoiseLine
0x08D2EC24	rom	0x4C	gUnusedLevelupAnimationGfx
0x08D2EC70	rom	0x108	gUnusedLevelupAnimationTilemap
0x08D2ED78	rom	0x18	gBattleAnimSpriteGfx_SmallRedEye
0x08D2ED90	rom	0x18	gBattleAnimSpritePal_SmallRedEye
0x08D2EDA8	rom	0x50	gBattleAnimSpriteGfx_HollowOrb
0x08D2EDF8	rom	0x20	gBattleAnimSpritePal_HollowOrb
0x08D2EE18	rom	0x1F4	gBattleAnimSpriteGfx_XSign
0x08D2F00C	rom	0x64	gBattleAnimSpriteGfx_BluegreenOrb
0x08D2F070	rom	0x18	gBattleAnimSpritePal_BluegreenOrb
0x08D2F088	rom	0x118	gBattleAnimSpriteGfx_PawPrint
0x08D2F1A0	rom	0x24	gBattleAnimSpritePal_PawPrint
0x08D2F1C4	rom	0x1DC	gBattleAnimSpriteGfx_PurpleFlame
0x08D2F3A0	rom	0x28	gBattleAnimSpritePal_PurpleFlame
0x08D2F3C8	rom	0x138	gBattleAnimSpriteGfx_RedBall
0x08D2F500	rom	0x28	gBattleAnimSpritePal_RedBall
0x08D2F528	rom	0x78	gBattleAnimSpriteGfx_SmellingsaltEffect
0x08D2F5A0	rom	0x14	gBattleAnimSpritePal_SmellingsaltEffect
0x08D2F5B4	rom	0xE8	gBattleAnimSpriteGfx_MagnifyingGlass
0x08D2F69C	rom	0x28	gBattleAnimSpritePal_MagnifyingGlass
0x08D2F6C4	rom	0x38C	gBattleAnimSpriteGfx_Meteor
0x08D2FA50	rom	0x28	gBattleAnimSpritePal_Meteor
0x08D2FA78	rom	0x11C	gBattleAnimSpriteGfx_FlatRock
0x08D2FB94	rom	0x20	gBattleAnimSpritePal_FlatRock
0x08D2FBB4	rom	0x20	gPPTextPalette
0x08D2FBD4	rom	0x2A4	gMonFrontPic_Bulbasaur
0x08D2FE78	rom	0x28	gMonPalette_Bulbasaur
0x08D2FEA0	rom	0x2C4	gMonBackPic_Bulbasaur
0x08D30164	rom	0x28	gMonShinyPalette_Bulbasaur
0x08D3018C	rom	0x400	gMonIcon_Bulbasaur
0x08D3058C	rom	0x20	gMonFootprint_Bulbasaur
0x08D305AC	rom	0x33C	gMonFrontPic_Ivysaur
0x08D308E8	rom	0x28	gMonPalette_Ivysaur
0x08D30910	rom	0x354	gMonBackPic_Ivysaur
0x08D30C64	rom	0x28	gMonShinyPalette_Ivysaur
0x08D30C8C	rom	0x400	gMonIcon_Ivysaur
0x08D3108C	rom	0x20	gMonFootprint_Ivysaur
0x08D310AC	rom	0x540	gMonFrontPic_Venusaur
0x08D315EC	rom	0x28	gMonPalette_Venusaur
0x08D31614	rom	0x4C8	gMonBackPic_Venusaur
0x08D31ADC	rom	0x28	gMonShinyPalette_Venusaur
0x08D31B04	rom	0x400	gMonIcon_Venusaur
0x08D31F04	rom	0x20	gMonFootprint_Venusaur
0x08D31F24	rom	0x2A0	gMonFrontPic_Charmander
0x08D321C4	rom	0x28	gMonPalette_Charmander
0x08D321EC	rom	0x284	gMonBackPic_Charmander
0x08D32470	rom	0x28	gMonShinyPalette_Charmander
0x08D32498	rom	0x400	gMonIcon_Charmander
0x08D32898	rom	0x20	gMonFootprint_Charmander
0x08D328B8	rom	0x3AC	gMonFrontPic_Charmeleon
0x08D32C64	rom	0x28	gMonPalette_Charmeleon
0x08D32C8C	rom	0x2F4	gMonBackPic_Charmeleon
0x08D32F80	rom	0x28	gMonShinyPalette_Charmeleon
0x08D32FA8	rom	0x400	gMonIcon_Charmeleon
0x08D333A8	rom	0x20	gMonFootprint_Charmeleon
0x08D333C8	rom	0x4FC	gMonFrontPic_Charizard
0x08D338C4	rom	0x28	gMonPalette_Charizard
0x08D338EC	rom	0x40C	gMonBackPic_Charizard
0x08D33CF8	rom	0x28	gMonShinyPalette_Charizard
0x08D33D20	rom	0x400	gMonIcon_Charizard
0x08D34120	rom	0x20	gMonFootprint_Charizard
0x08D34140	rom	0x29C	gMonFrontPic_Squirtle
0x08D343DC	rom	0x28	gMonPalette_Squirtle
0x08D34404	rom	0x288	gMonBackPic_Squirtle
0x08D3468C	rom	0x28	gMonShinyPalette_Squirtle
0x08D346B4	rom	0x400	gMonIcon_Squirtle
0x08D34AB4	rom	0x20	gMonFootprint_Squirtle
0x08D34AD4	rom	0x3AC	gMonFrontPic_Wartortle
0x08D34E80	rom	0x28	gMonPalette_Wartortle
0x08D34EA8	rom	0x348	gMonBackPic_Wartortle
0x08D351F0	rom	0x28	gMonShinyPalette_Wartortle
0x08D35218	rom	0x400	gMonIcon_Wartortle
0x08D35618	rom	0x20	gMonFootprint_Wartortle
0x08D35638	rom	0x504	gMonFrontPic_Blastoise
0x08D35B3C	rom	0x28	gMonPalette_Blastoise
0x08D35B64	rom	0x414	gMonBackPic_Blastoise
0x08D35F78	rom	0x28	gMonShinyPalette_Blastoise
0x08D35FA0	rom	0x400	gMonIcon_Blastoise
0x08D363A0	rom	0x20	gMonFootprint_Blastoise
0x08D363C0	rom	0x258	gMonFrontPic_Caterpie
0x08D36618	rom	0x28	gMonPalette_Caterpie
0x08D36640	rom	0x288	gMonBackPic_Caterpie
0x08D368C8	rom	0x28	gMonShinyPalette_Caterpie
0x08D368F0	rom	0x400	gMonIcon_Caterpie
0x08D36CF0	rom	0x20	gMonFootprint_Caterpie
0x08D36D10	rom	0x21C	gMonFrontPic_Metapod
0x08D36F2C	rom	0x20	gMonPalette_Metapod
0x08D36F4C	rom	0x21C	gMonBackPic_Metapod
0x08D37168	rom	0x20	gMonShinyPalette_Metapod
0x08D37188	rom	0x400	gMonIcon_Metapod
0x08D37588	rom	0x20	gMonFootprint_Metapod
0x08D375A8	rom	0x378	gMonFrontPic_Butterfree
0x08D37920	rom	0x28	gMonPalette_Butterfree
0x08D37948	rom	0x404	gMonBackPic_Butterfree
0x08D37D4C	rom	0x28	gMonShinyPalette_Butterfree
0x08D37D74	rom	0x400	gMonIcon_Butterfree
0x08D38174	rom	0x20	gMonFootprint_Butterfree
0x08D38194	rom	0x23C	gMonFrontPic_Weedle
0x08D383D0	rom	0x28	gMonPalette_Weedle
0x08D383F8	rom	0x268	gMonBackPic_Weedle
0x08D38660	rom	0x28	gMonShinyPalette_Weedle
0x08D38688	rom	0x400	gMonIcon_Weedle
0x08D38A88	rom	0x20	gMonFootprint_Weedle
0x08D38AA8	rom	0x240	gMonFrontPic_Kakuna
0x08D38CE8	rom	0x24	gMonPalette_Kakuna
0x08D38D0C	rom	0x284	gMonBackPic_Kakuna
0x08D38F90	rom	0x24	gMonShinyPalette_Kakuna
0x08D38FB4	rom	0x400	gMonIcon_Kakuna
0x08D393B4	rom	0x20	gMonFootprint_Kakuna
0x08D393D4	rom	0x420	gMonFrontPic_Beedrill
0x08D397F4	rom	0x28	gMonPalette_Beedrill
0x08D3981C	rom	0x374	gMonBackPic_Beedrill
0x08D39B90	rom	0x28	gMonShinyPalette_Beedrill
0x08D39BB8	rom	0x400	gMonIcon_Beedrill
0x08D39FB8	rom	0x20	gMonFootprint_Beedrill
0x08D39FD8	rom	0x278	gMonFrontPic_Pidgey
0x08D3A250	rom	0x28	gMonPalette_Pidgey
0x08D3A278	rom	0x354	gMonBackPic_Pidgey
0x08D3A5CC	rom	0x28	gMonShinyPalette_Pidgey
0x08D3A5F4	rom	0x400	gMonIcon_Pidgey
0x08D3A9F4	rom	0x20	gMonFootprint_Pidgey
0x08D3AA14	rom	0x398	gMonFrontPic_Pidgeotto
0x08D3ADAC	rom	0x28	gMonPalette_Pidgeotto
0x08D3ADD4	rom	0x34C	gMonBackPic_Pidgeotto
0x08D3B120	rom	0x28	gMonShinyPalette_Pidgeotto
0x08D3B148	rom	0x400	gMonIcon_Pidgeotto
0x08D3B548	rom	0x20	gMonFootprint_Pidgeotto
0x08D3B568	rom	0x4EC	gMonFrontPic_Pidgeot
0x08D3BA54	rom	0x28	gMonPalette_Pidgeot
0x08D3BA7C	rom	0x3E8	gMonBackPic_Pidgeot
0x08D3BE64	rom	0x28	gMonShinyPalette_Pidgeot
0x08D3BE8C	rom	0x400	gMonIcon_Pidgeot
0x08D3C28C	rom	0x20	gMonFootprint_Pidgeot
0x08D3C2AC	rom	0x258	gMonFrontPic_Rattata
0x08D3C504	rom	0x28	gMonPalette_Rattata
0x08D3C52C	rom	0x2B8	gMonBackPic_Rattata
0x08D3C7E4	rom	0x28	gMonShinyPalette_Rattata
0x08D3C80C	rom	0x400	gMonIcon_Rattata
0x08D3CC0C	rom	0x20	gMonFootprint_Rattata
0x08D3CC2C	rom	0x390	gMonFrontPic_Raticate
0x08D3CFBC	rom	0x28	gMonPalette_Raticate
0x08D3CFE4	rom	0x310	gMonBackPic_Raticate
0x08D3D2F4	rom	0x28	gMonShinyPalette_Raticate
0x08D3D31C	rom	0x400	gMonIcon_Raticate
0x08D3D71C	rom	0x20	gMonFootprint_Raticate
0x08D3D73C	rom	0x2C0	gMonFrontPic_Spearow
0x08D3D9FC	rom	0x28	gMonPalette_Spearow
0x08D3DA24	rom	0x2DC	gMonBackPic_Spearow
0x08D3DD00	rom	0x28	gMonShinyPalette_Spearow
0x08D3DD28	rom	0x400	gMonIcon_Spearow
0x08D3E128	rom	0x20	gMonFootprint_Spearow
0x08D3E148	rom	0x4BC	gMonFrontPic_Fearow
0x08D3E604	rom	0x28	gMonPalette_Fearow
0x08D3E62C	rom	0x2F8	gMonBackPic_Fearow
0x08D3E924	rom	0x28	gMonShinyPalette_Fearow
0x08D3E94C	rom	0x400	gMonIcon_Fearow
0x08D3ED4C	rom	0x20	gMonFootprint_Fearow
0x08D3ED6C	rom	0x2C8	gMonFrontPic_Ekans
0x08D3F034	rom	0x28	gMonPalette_Ekans
0x08D3F05C	rom	0x2F0	gMonBackPic_Ekans
0x08D3F34C	rom	0x28	gMonShinyPalette_Ekans
0x08D3F374	rom	0x400	gMonIcon_Ekans
0x08D3F774	rom	0x20	gMonFootprint_Ekans
0x08D3F794	rom	0x474	gMonFrontPic_Arbok
0x08D3FC08	rom	0x28	gMonPalette_Arbok
0x08D3FC30	rom	0x288	gMonBackPic_Arbok
0x08D3FEB8	rom	0x28	gMonShinyPalette_Arbok
0x08D3FEE0	rom	0x400	gMonIcon_Arbok
0x08D402E0	rom	0x20	gMonFootprint_Arbok
0x08D40300	rom	0x2D0	gMonFrontPic_Pikachu
0x08D405D0	rom	0x28	gMonPalette_Pikachu
0x08D405F8	rom	0x2D8	gMonBackPic_Pikachu
0x08D408D0	rom	0x28	gMonShinyPalette_Pikachu
0x08D408F8	rom	0x400	gMonIcon_Pikachu
0x08D40CF8	rom	0x20	gMonFootprint_Pikachu
0x08D40D18	rom	0x3F8	gMonFrontPic_Raichu
0x08D41110	rom	0x28	gMonPalette_Raichu
0x08D41138	rom	0x320	gMonBackPic_Raichu
0x08D41458	rom	0x28	gMonShinyPalette_Raichu
0x08D41480	rom	0x400	gMonIcon_Raichu
0x08D41880	rom	0x20	gMonFootprint_Raichu
0x08D418A0	rom	0x2DC	gMonFrontPic_Sandshrew
0x08D41B7C	rom	0x28	gMonPalette_Sandshrew
0x08D41BA4	rom	0x328	gMonBackPic_Sandshrew
0x08D41ECC	rom	0x28	gMonShinyPalette_Sandshrew
0x08D41EF4	rom	0x400	gMonIcon_Sandshrew
0x08D422F4	rom	0x20	gMonFootprint_Sandshrew
0x08D42314	rom	0x418	gMonFrontPic_Sandslash
0x08D4272C	rom	0x28	gMonPalette_Sandslash
0x08D42754	rom	0x41C	gMonBackPic_Sandslash
0x08D42B70	rom	0x28	gMonShinyPalette_Sandslash
0x08D42B98	rom	0x400	gMonIcon_Sandslash
0x08D42F98	rom	0x20	gMonFootprint_Sandslash
0x08D42FB8	rom	0x264	gMonFrontPic_NidoranF
0x08D4321C	rom	0x28	gMonPalette_NidoranF
0x08D43244	rom	0x2E0	gMonBackPic_NidoranF
0x08D43524	rom	0x28	gMonShinyPalette_NidoranF
0x08D4354C	rom	0x400	gMonIcon_NidoranF
0x08D4394C	rom	0x20	gMonFootprint_NidoranF
0x08D4396C	rom	0x320	gMonFrontPic_Nidorina
0x08D43C8C	rom	0x28	gMonPalette_Nidorina
0x08D43CB4	rom	0x394	gMonBackPic_Nidorina
0x08D44048	rom	0x28	gMonShinyPalette_Nidorina
0x08D44070	rom	0x400	gMonIcon_Nidorina
0x08D44470	rom	0x20	gMonFootprint_Nidorina
0x08D44490	rom	0x42C	gMonFrontPic_Nidoqueen
0x08D448BC	rom	0x28	gMonPalette_Nidoqueen
0x08D448E4	rom	0x3C4	gMonBackPic_Nidoqueen
0x08D44CA8	rom	0x28	gMonShinyPalette_Nidoqueen
0x08D44CD0	rom	0x400	gMonIcon_Nidoqueen
0x08D450D0	rom	0x20	gMonFootprint_Nidoqueen
0x08D450F0	rom	0x28C	gMonFrontPic_NidoranM
0x08D4537C	rom	0x28	gMonPalette_NidoranM
0x08D453A4	rom	0x334	gMonBackPic_NidoranM
0x08D456D8	rom	0x28	gMonShinyPalette_NidoranM
0x08D45700	rom	0x400	gMonIcon_NidoranM
0x08D45B00	rom	0x20	gMonFootprint_NidoranM
0x08D45B20	rom	0x384	gMonFrontPic_Nidorino
0x08D45EA4	rom	0x28	gMonPalette_Nidorino
0x08D45ECC	rom	0x3BC	gMonBackPic_Nidorino
0x08D46288	rom	0x28	gMonShinyPalette_Nidorino
0x08D462B0	rom	0x400	gMonIcon_Nidorino
0x08D466B0	rom	0x20	gMonFootprint_Nidorino
0x08D466D0	rom	0x53C	gMonFrontPic_Nidoking
0x08D46C0C	rom	0x28	gMonPalette_Nidoking
0x08D46C34	rom	0x43C	gMonBackPic_Nidoking
0x08D47070	rom	0x28	gMonShinyPalette_Nidoking
0x08D47098	rom	0x400	gMonIcon_Nidoking
0x08D47498	rom	0x20	gMonFootprint_Nidoking
0x08D474B8	rom	0x29C	gMonFrontPic_Clefairy
0x08D47754	rom	0x28	gMonPalette_Clefairy
0x08D4777C	rom	0x2D0	gMonBackPic_Clefairy
0x08D47A4C	rom	0x28	gMonShinyPalette_Clefairy
0x08D47A74	rom	0x400	gMonIcon_Clefairy
0x08D47E74	rom	0x20	gMonFootprint_Clefairy
0x08D47E94	rom	0x340	gMonFrontPic_Clefable
0x08D481D4	rom	0x28	gMonPalette_Clefable
0x08D481FC	rom	0x338	gMonBackPic_Clefable
0x08D48534	rom	0x28	gMonShinyPalette_Clefable
0x08D4855C	rom	0x400	gMonIcon_Clefable
0x08D4895C	rom	0x20	gMonFootprint_Clefable
0x08D4897C	rom	0x32C	gMonFrontPic_Vulpix
0x08D48CA8	rom	0x28	gMonPalette_Vulpix
0x08D48CD0	rom	0x304	gMonBackPic_Vulpix
0x08D48FD4	rom	0x28	gMonShinyPalette_Vulpix
0x08D48FFC	rom	0x400	gMonIcon_Vulpix
0x08D493FC	rom	0x20	gMonFootprint_Vulpix
0x08D4941C	rom	0x454	gMonFrontPic_Ninetales
0x08D49870	rom	0x24	gMonPalette_Ninetales
0x08D49894	rom	0x3F0	gMonBackPic_Ninetales
0x08D49C84	rom	0x24	gMonShinyPalette_Ninetales
0x08D49CA8	rom	0x400	gMonIcon_Ninetales
0x08D4A0A8	rom	0x20	gMonFootprint_Ninetales
0x08D4A0C8	rom	0x284	gMonFrontPic_Jigglypuff
0x08D4A34C	rom	0x28	gMonPalette_Jigglypuff
0x08D4A374	rom	0x25C	gMonBackPic_Jigglypuff
0x08D4A5D0	rom	0x28	gMonShinyPalette_Jigglypuff
0x08D4A5F8	rom	0x400	gMonIcon_Jigglypuff
0x08D4A9F8	rom	0x20	gMonFootprint_Jigglypuff
0x08D4AA18	rom	0x374	gMonFrontPic_Wigglytuff
0x08D4AD8C	rom	0x28	gMonPalette_Wigglytuff
0x08D4ADB4	rom	0x298	gMonBackPic_Wigglytuff
0x08D4B04C	rom	0x28	gMonShinyPalette_Wigglytuff
0x08D4B074	rom	0x400	gMonIcon_Wigglytuff
0x08D4B474	rom	0x20	gMonFootprint_Wigglytuff
0x08D4B494	rom	0x2BC	gMonFrontPic_Zubat
0x08D4B750	rom	0x28	gMonPalette_Zubat
0x08D4B778	rom	0x2BC	gMonBackPic_Zubat
0x08D4BA34	rom	0x28	gMonShinyPalette_Zubat
0x08D4BA5C	rom	0x400	gMonIcon_Zubat
0x08D4BE5C	rom	0x20	gMonFootprint_Zubat
0x08D4BE7C	rom	0x3A0	gMonFrontPic_Golbat
0x08D4C21C	rom	0x28	gMonPalette_Golbat
0x08D4C244	rom	0x2BC	gMonBackPic_Golbat
0x08D4C500	rom	0x28	gMonShinyPalette_Golbat
0x08D4C528	rom	0x400	gMonIcon_Golbat
0x08D4C928	rom	0x20	gMonFootprint_Golbat
0x08D4C948	rom	0x240	gMonFrontPic_Oddish
0x08D4CB88	rom	0x28	gMonPalette_Oddish
0x08D4CBB0	rom	0x2C4	gMonBackPic_Oddish
0x08D4CE74	rom	0x28	gMonShinyPalette_Oddish
0x08D4CE9C	rom	0x400	gMonIcon_Oddish
0x08D4D29C	rom	0x20	gMonFootprint_Oddish
0x08D4D2BC	rom	0x368	gMonFrontPic_Gloom
0x08D4D624	rom	0x28	gMonPalette_Gloom
0x08D4D64C	rom	0x380	gMonBackPic_Gloom
0x08D4D9CC	rom	0x28	gMonShinyPalette_Gloom
0x08D4D9F4	rom	0x400	gMonIcon_Gloom
0x08D4DDF4	rom	0x20	gMonFootprint_Gloom
0x08D4DE14	rom	0x354	gMonFrontPic_Vileplume
0x08D4E168	rom	0x28	gMonPalette_Vileplume
0x08D4E190	rom	0x44C	gMonBackPic_Vileplume
0x08D4E5DC	rom	0x28	gMonShinyPalette_Vileplume
0x08D4E604	rom	0x400	gMonIcon_Vileplume
0x08D4EA04	rom	0x20	gMonFootprint_Vileplume
0x08D4EA24	rom	0x26C	gMonFrontPic_Paras
0x08D4EC90	rom	0x28	gMonPalette_Paras
0x08D4ECB8	rom	0x2A0	gMonBackPic_Paras
0x08D4EF58	rom	0x28	gMonShinyPalette_Paras
0x08D4EF80	rom	0x400	gMonIcon_Paras
0x08D4F380	rom	0x20	gMonFootprint_Paras
0x08D4F3A0	rom	0x390	gMonFrontPic_Parasect
0x08D4F730	rom	0x28	gMonPalette_Parasect
0x08D4F758	rom	0x2FC	gMonBackPic_Parasect
0x08D4FA54	rom	0x28	gMonShinyPalette_Parasect
0x08D4FA7C	rom	0x400	gMonIcon_Parasect
0x08D4FE7C	rom	0x20	gMonFootprint_Parasect
0x08D4FE9C	rom	0x320	gMonFrontPic_Venonat
0x08D501BC	rom	0x28	gMonPalette_Venonat
0x08D501E4	rom	0x330	gMonBackPic_Venonat
0x08D50514	rom	0x28	gMonShinyPalette_Venonat
0x08D5053C	rom	0x400	gMonIcon_Venonat
0x08D5093C	rom	0x20	gMonFootprint_Venonat
0x08D5095C	rom	0x404	gMonFrontPic_Venomoth
0x08D50D60	rom	0x28	gMonPalette_Venomoth
0x08D50D88	rom	0x3A4	gMonBackPic_Venomoth
0x08D5112C	rom	0x28	gMonShinyPalette_Venomoth
0x08D51154	rom	0x400	gMonIcon_Venomoth
0x08D51554	rom	0x20	gMonFootprint_Venomoth
0x08D51574	rom	0x210	gMonFrontPic_Diglett
0x08D51784	rom	0x28	gMonPalette_Diglett
0x08D517AC	rom	0x20C	gMonBackPic_Diglett
0x08D519B8	rom	0x28	gMonShinyPalette_Diglett
0x08D519E0	rom	0x400	gMonIcon_Diglett
0x08D51DE0	rom	0x20	gMonFootprint_Diglett
0x08D51E00	rom	0x32C	gMonFrontPic_Dugtrio
0x08D5212C	rom	0x28	gMonPalette_Dugtrio
0x08D52154	rom	0x2AC	gMonBackPic_Dugtrio
0x08D52400	rom	0x28	gMonShinyPalette_Dugtrio
0x08D52428	rom	0x400	gMonIcon_Dugtrio
0x08D52828	rom	0x20	gMonFootprint_Dugtrio
0x08D52848	rom	0x2EC	gMonFrontPic_Meowth
0x08D52B34	rom	0x28	gMonPalette_Meowth
0x08D52B5C	rom	0x2E4	gMonBackPic_Meowth
0x08D52E40	rom	0x28	gMonShinyPalette_Meowth
0x08D52E68	rom	0x400	gMonIcon_Meowth
0x08D53268	rom	0x20	gMonFootprint_Meowth
0x08D53288	rom	0x378	gMonFrontPic_Persian
0x08D53600	rom	0x28	gMonPalette_Persian
0x08D53628	rom	0x340	gMonBackPic_Persian
0x08D53968	rom	0x28	gMonShinyPalette_Persian
0x08D53990	rom	0x400	gMonIcon_Persian
0x08D53D90	rom	0x20	gMonFootprint_Persian
0x08D53DB0	rom	0x2E4	gMonFrontPic_Psyduck
0x08D54094	rom	0x28	gMonPalette_Psyduck
0x08D540BC	rom	0x29C	gMonBackPic_Psyduck
0x08D54358	rom	0x28	gMonShinyPalette_Psyduck
0x08D54380	rom	0x400	gMonIcon_Psyduck
0x08D54780	rom	0x20	gMonFootprint_Psyduck
0x08D547A0	rom	0x3B8	gMonFrontPic_Golduck
0x08D54B58	rom	0x28	gMonPalette_Golduck
0x08D54B80	rom	0x32C	gMonBackPic_Golduck
0x08D54EAC	rom	0x28	gMonShinyPalette_Golduck
0x08D54ED4	rom	0x400	gMonIcon_Golduck
0x08D552D4	rom	0x20	gMonFootprint_Golduck
0x08D552F4	rom	0x2F8	gMonFrontPic_Mankey
0x08D555EC	rom	0x28	gMonPalette_Mankey
0x08D55614	rom	0x368	gMonBackPic_Mankey
0x08D5597C	rom	0x28	gMonShinyPalette_Mankey
0x08D559A4	rom	0x400	gMonIcon_Mankey
0x08D55DA4	rom	0x20	gMonFootprint_Mankey
0x08D55DC4	rom	0x38C	gMonFrontPic_Primeape
0x08D56150	rom	0x28	gMonPalette_Primeape
0x08D56178	rom	0x370	gMonBackPic_Primeape
0x08D564E8	rom	0x28	gMonShinyPalette_Primeape
0x08D56510	rom	0x400	gMonIcon_Primeape
0x08D56910	rom	0x20	gMonFootprint_Primeape
0x08D56930	rom	0x328	gMonFrontPic_Growlithe
0x08D56C58	rom	0x28	gMonPalette_Growlithe
0x08D56C80	rom	0x33C	gMonBackPic_Growlithe
0x08D56FBC	rom	0x28	gMonShinyPalette_Growlithe
0x08D56FE4	rom	0x400	gMonIcon_Growlithe
0x08D573E4	rom	0x20	gMonFootprint_Growlithe
0x08D57404	rom	0x4FC	gMonFrontPic_Arcanine
0x08D57900	rom	0x28	gMonPalette_Arcanine
0x08D57928	rom	0x3E0	gMonBackPic_Arcanine
0x08D57D08	rom	0x28	gMonShinyPalette_Arcanine
0x08D57D30	rom	0x400	gMonIcon_Arcanine
0x08D58130	rom	0x20	gMonFootprint_Arcanine
0x08D58150	rom	0x29C	gMonFrontPic_Poliwag
0x08D583EC	rom	0x28	gMonPalette_Poliwag
0x08D58414	rom	0x264	gMonBackPic_Poliwag
0x08D58678	rom	0x28	gMonShinyPalette_Poliwag
0x08D586A0	rom	0x400	gMonIcon_Poliwag
0x08D58AA0	rom	0x20	gMonFootprint_Poliwag
0x08D58AC0	rom	0x380	gMonFrontPic_Poliwhirl
0x08D58E40	rom	0x28	gMonPalette_Poliwhirl
0x08D58E68	rom	0x27C	gMonBackPic_Poliwhirl
0x08D590E4	rom	0x28	gMonShinyPalette_Poliwhirl
0x08D5910C	rom	0x400	gMonIcon_Poliwhirl
0x08D5950C	rom	0x20	gMonFootprint_Poliwhirl
0x08D5952C	rom	0x3C4	gMonFrontPic_Poliwrath
0x08D598F0	rom	0x28	gMonPalette_Poliwrath
0x08D59918	rom	0x2F4	gMonBackPic_Poliwrath
0x08D59C0C	rom	0x28	gMonShinyPalette_Poliwrath
0x08D59C34	rom	0x400	gMonIcon_Poliwrath
0x08D5A034	rom	0x20	gMonFootprint_Poliwrath
0x08D5A054	rom	0x2D4	gMonFrontPic_Abra
0x08D5A328	rom	0x24	gMonPalette_Abra
0x08D5A34C	rom	0x2D4	gMonBackPic_Abra
0x08D5A620	rom	0x24	gMonShinyPalette_Abra
0x08D5A644	rom	0x400	gMonIcon_Abra
0x08D5AA44	rom	0x20	gMonFootprint_Abra
0x08D5AA64	rom	0x4C8	gMonFrontPic_Kadabra
0x08D5AF2C	rom	0x28	gMonPalette_Kadabra
0x08D5AF54	rom	0x3AC	gMonBackPic_Kadabra
0x08D5B300	rom	0x28	gMonShinyPalette_Kadabra
0x08D5B328	rom	0x400	gMonIcon_Kadabra
0x08D5B728	rom	0x20	gMonFootprint_Kadabra
0x08D5B748	rom	0x498	gMonFrontPic_Alakazam
0x08D5BBE0	rom	0x28	gMonPalette_Alakazam
0x08D5BC08	rom	0x380	gMonBackPic_Alakazam
0x08D5BF88	rom	0x28	gMonShinyPalette_Alakazam
0x08D5BFB0	rom	0x400	gMonIcon_Alakazam
0x08D5C3B0	rom	0x20	gMonFootprint_Alakazam
0x08D5C3D0	rom	0x28C	gMonFrontPic_Machop
0x08D5C65C	rom	0x28	gMonPalette_Machop
0x08D5C684	rom	0x2E0	gMonBackPic_Machop
0x08D5C964	rom	0x28	gMonShinyPalette_Machop
0x08D5C98C	rom	0x400	gMonIcon_Machop
0x08D5CD8C	rom	0x20	gMonFootprint_Machop
0x08D5CDAC	rom	0x3CC	gMonFrontPic_Machoke
0x08D5D178	rom	0x28	gMonPalette_Machoke
0x08D5D1A0	rom	0x350	gMonBackPic_Machoke
0x08D5D4F0	rom	0x28	gMonShinyPalette_Machoke
0x08D5D518	rom	0x400	gMonIcon_Machoke
0x08D5D918	rom	0x20	gMonFootprint_Machoke
0x08D5D938	rom	0x4EC	gMonFrontPic_Machamp
0x08D5DE24	rom	0x28	gMonPalette_Machamp
0x08D5DE4C	rom	0x45C	gMonBackPic_Machamp
0x08D5E2A8	rom	0x28	gMonShinyPalette_Machamp
0x08D5E2D0	rom	0x400	gMonIcon_Machamp
0x08D5E6D0	rom	0x20	gMonFootprint_Machamp
0x08D5E6F0	rom	0x28C	gMonFrontPic_Bellsprout
0x08D5E97C	rom	0x28	gMonPalette_Bellsprout
0x08D5E9A4	rom	0x29C	gMonBackPic_Bellsprout
0x08D5EC40	rom	0x28	gMonShinyPalette_Bellsprout
0x08D5EC68	rom	0x400	gMonIcon_Bellsprout
0x08D5F068	rom	0x20	gMonFootprint_Bellsprout
0x08D5F088	rom	0x324	gMonFrontPic_Weepinbell
0x08D5F3AC	rom	0x28	gMonPalette_Weepinbell
0x08D5F3D4	rom	0x2FC	gMonBackPic_Weepinbell
0x08D5F6D0	rom	0x28	gMonShinyPalette_Weepinbell
0x08D5F6F8	rom	0x400	gMonIcon_Weepinbell
0x08D5FAF8	rom	0x20	gMonFootprint_Weepinbell
0x08D5FB18	rom	0x42C	gMonFrontPic_Victreebel
0x08D5FF44	rom	0x28	gMonPalette_Victreebel
0x08D5FF6C	rom	0x398	gMonBackPic_Victreebel
0x08D60304	rom	0x28	gMonShinyPalette_Victreebel
0x08D6032C	rom	0x400	gMonIcon_Victreebel
0x08D6072C	rom	0x20	gMonFootprint_Victreebel
0x08D6074C	rom	0x2A8	gMonFrontPic_Tentacool
0x08D609F4	rom	0x28	gMonPalette_Tentacool
0x08D60A1C	rom	0x2CC	gMonBackPic_Tentacool
0x08D60CE8	rom	0x28	gMonShinyPalette_Tentacool
0x08D60D10	rom	0x400	gMonIcon_Tentacool
0x08D61110	rom	0x20	gMonFootprint_Tentacool
0x08D61130	rom	0x4F4	gMonFrontPic_Tentacruel
0x08D61624	rom	0x28	gMonPalette_Tentacruel
0x08D6164C	rom	0x39C	gMonBackPic_Tentacruel
0x08D619E8	rom	0x28	gMonShinyPalette_Tentacruel
0x08D61A10	rom	0x400	gMonIcon_Tentacruel
0x08D61E10	rom	0x20	gMonFootprint_Tentacruel
0x08D61E30	rom	0x294	gMonFrontPic_Geodude
0x08D620C4	rom	0x1C	gMonPalette_Geodude
0x08D620E0	rom	0x294	gMonBackPic_Geodude
0x08D62374	rom	0x1C	gMonShinyPalette_Geodude
0x08D62390	rom	0x400	gMonIcon_Geodude
0x08D62790	rom	0x20	gMonFootprint_Geodude
0x08D627B0	rom	0x3FC	gMonFrontPic_Graveler
0x08D62BAC	rom	0x24	gMonPalette_Graveler
0x08D62BD0	rom	0x27C	gMonBackPic_Graveler
0x08D62E4C	rom	0x24	gMonShinyPalette_Graveler
0x08D62E70	rom	0x400	gMonIcon_Graveler
0x08D63270	rom	0x20	gMonFootprint_Graveler
0x08D63290	rom	0x430	gMonFrontPic_Golem
0x08D636C0	rom	0x28	gMonPalette_Golem
0x08D636E8	rom	0x2C0	gMonBackPic_Golem
0x08D639A8	rom	0x28	gMonShinyPalette_Golem
0x08D639D0	rom	0x400	gMonIcon_Golem
0x08D63DD0	rom	0x20	gMonFootprint_Golem
0x08D63DF0	rom	0x390	gMonFrontPic_Ponyta
0x08D64180	rom	0x28	gMonPalette_Ponyta
0x08D641A8	rom	0x33C	gMonBackPic_Ponyta
0x08D644E4	rom	0x28	gMonShinyPalette_Ponyta
0x08D6450C	rom	0x400	gMonIcon_Ponyta
0x08D6490C	rom	0x20	gMonFootprint_Ponyta
0x08D6492C	rom	0x488	gMonFrontPic_Rapidash
0x08D64DB4	rom	0x28	gMonPalette_Rapidash
0x08D64DDC	rom	0x410	gMonBackPic_Rapidash
0x08D651EC	rom	0x28	gMonShinyPalette_Rapidash
0x08D65214	rom	0x400	gMonIcon_Rapidash
0x08D65614	rom	0x20	gMonFootprint_Rapidash
0x08D65634	rom	0x2D4	gMonFrontPic_Slowpoke
0x08D65908	rom	0x28	gMonPalette_Slowpoke
0x08D65930	rom	0x264	gMonBackPic_Slowpoke
0x08D65B94	rom	0x28	gMonShinyPalette_Slowpoke
0x08D65BBC	rom	0x400	gMonIcon_Slowpoke
0x08D65FBC	rom	0x20	gMonFootprint_Slowpoke
0x08D65FDC	rom	0x4A0	gMonFrontPic_Slowbro
0x08D6647C	rom	0x28	gMonPalette_Slowbro
0x08D664A4	rom	0x39C	gMonBackPic_Slowbro
0x08D66840	rom	0x28	gMonShinyPalette_Slowbro
0x08D66868	rom	0x400	gMonIcon_Slowbro
0x08D66C68	rom	0x20	gMonFootprint_Slowbro
0x08D66C88	rom	0x1D8	gMonFrontPic_Magnemite
0x08D66E60	rom	0x28	gMonPalette_Magnemite
0x08D66E88	rom	0x1E8	gMonBackPic_Magnemite
0x08D67070	rom	0x24	gMonShinyPalette_Magnemite
0x08D67094	rom	0x400	gMonIcon_Magnemite
0x08D67494	rom	0x20	gMonFootprint_Magnemite
0x08D674B4	rom	0x33C	gMonFrontPic_Magneton
0x08D677F0	rom	0x28	gMonPalette_Magneton
0x08D67818	rom	0x380	gMonBackPic_Magneton
0x08D67B98	rom	0x28	gMonShinyPalette_Magneton
0x08D67BC0	rom	0x400	gMonIcon_Magneton
0x08D67FC0	rom	0x20	gMonFootprint_Magneton
0x08D67FE0	rom	0x354	gMonFrontPic_Farfetchd
0x08D68334	rom	0x28	gMonPalette_Farfetchd
0x08D6835C	rom	0x36C	gMonBackPic_Farfetchd
0x08D686C8	rom	0x28	gMonShinyPalette_Farfetchd
0x08D686F0	rom	0x400	gMonIcon_Farfetchd
0x08D68AF0	rom	0x20	gMonFootprint_Farfetchd
0x08D68B10	rom	0x2EC	gMonFrontPic_Doduo
0x08D68DFC	rom	0x24	gMonPalette_Doduo
0x08D68E20	rom	0x318	gMonBackPic_Doduo
0x08D69138	rom	0x24	gMonShinyPalette_Doduo
0x08D6915C	rom	0x400	gMonIcon_Doduo
0x08D6955C	rom	0x20	gMonFootprint_Doduo
0x08D6957C	rom	0x440	gMonFrontPic_Dodrio
0x08D699BC	rom	0x28	gMonPalette_Dodrio
0x08D699E4	rom	0x464	gMonBackPic_Dodrio
0x08D69E48	rom	0x28	gMonShinyPalette_Dodrio
0x08D69E70	rom	0x400	gMonIcon_Dodrio
0x08D6A270	rom	0x20	gMonFootprint_Dodrio
0x08D6A290	rom	0x324	gMonFrontPic_Seel
0x08D6A5B4	rom	0x28	gMonPalette_Seel
0x08D6A5DC	rom	0x2EC	gMonBackPic_Seel
0x08D6A8C8	rom	0x28	gMonShinyPalette_Seel
0x08D6A8F0	rom	0x400	gMonIcon_Seel
0x08D6ACF0	rom	0x20	gMonFootprint_Seel
0x08D6AD10	rom	0x3D0	gMonFrontPic_Dewgong
0x08D6B0E0	rom	0x24	gMonPalette_Dewgong
0x08D6B104	rom	0x294	gMonBackPic_Dewgong
0x08D6B398	rom	0x24	gMonShinyPalette_Dewgong
0x08D6B3BC	rom	0x400	gMonIcon_Dewgong
0x08D6B7BC	rom	0x20	gMonFootprint_Dewgong
0x08D6B7DC	rom	0x328	gMonFrontPic_Grimer
0x08D6BB04	rom	0x24	gMonPalette_Grimer
0x08D6BB28	rom	0x2C4	gMonBackPic_Grimer
0x08D6BDEC	rom	0x24	gMonShinyPalette_Grimer
0x08D6BE10	rom	0x400	gMonIcon_Grimer
0x08D6C210	rom	0x20	gMonFootprint_Grimer
0x08D6C230	rom	0x390	gMonFrontPic_Muk
0x08D6C5C0	rom	0x24	gMonPalette_Muk
0x08D6C5E4	rom	0x2F8	gMonBackPic_Muk
0x08D6C8DC	rom	0x24	gMonShinyPalette_Muk
0x08D6C900	rom	0x400	gMonIcon_Muk
0x08D6CD00	rom	0x20	gMonFootprint_Muk
0x08D6CD20	rom	0x274	gMonFrontPic_Shellder
0x08D6CF94	rom	0x24	gMonPalette_Shellder
0x08D6CFB8	rom	0x314	gMonBackPic_Shellder
0x08D6D2CC	rom	0x24	gMonShinyPalette_Shellder
0x08D6D2F0	rom	0x400	gMonIcon_Shellder
0x08D6D6F0	rom	0x20	gMonFootprint_Shellder
0x08D6D710	rom	0x43C	gMonFrontPic_Cloyster
0x08D6DB4C	rom	0x24	gMonPalette_Cloyster
0x08D6DB70	rom	0x40C	gMonBackPic_Cloyster
0x08D6DF7C	rom	0x24	gMonShinyPalette_Cloyster
0x08D6DFA0	rom	0x400	gMonIcon_Cloyster
0x08D6E3A0	rom	0x20	gMonFootprint_Cloyster
0x08D6E3C0	rom	0x3B8	gMonFrontPic_Gastly
0x08D6E778	rom	0x28	gMonPalette_Gastly
0x08D6E7A0	rom	0x324	gMonBackPic_Gastly
0x08D6EAC4	rom	0x28	gMonShinyPalette_Gastly
0x08D6EAEC	rom	0x400	gMonIcon_Gastly
0x08D6EEEC	rom	0x20	gMonFootprint_Gastly
0x08D6EF0C	rom	0x3E8	gMonFrontPic_Haunter
0x08D6F2F4	rom	0x24	gMonPalette_Haunter
0x08D6F318	rom	0x2E4	gMonBackPic_Haunter
0x08D6F5FC	rom	0x24	gMonShinyPalette_Haunter
0x08D6F620	rom	0x400	gMonIcon_Haunter
0x08D6FA20	rom	0x20	gMonFootprint_Haunter
0x08D6FA40	rom	0x35C	gMonFrontPic_Gengar
0x08D6FD9C	rom	0x24	gMonPalette_Gengar
0x08D6FDC0	rom	0x344	gMonBackPic_Gengar
0x08D70104	rom	0x24	gMonShinyPalette_Gengar
0x08D70128	rom	0x400	gMonIcon_Gengar
0x08D70528	rom	0x20	gMonFootprint_Gengar
0x08D70548	rom	0x4D0	gMonFrontPic_Onix
0x08D70A18	rom	0x1C	gMonPalette_Onix
0x08D70A34	rom	0x37C	gMonBackPic_Onix
0x08D70DB0	rom	0x1C	gMonShinyPalette_Onix
0x08D70DCC	rom	0x400	gMonIcon_Onix
0x08D711CC	rom	0x20	gMonFootprint_Onix
0x08D711EC	rom	0x340	gMonFrontPic_Drowzee
0x08D7152C	rom	0x24	gMonPalette_Drowzee
0x08D71550	rom	0x23C	gMonBackPic_Drowzee
0x08D7178C	rom	0x24	gMonShinyPalette_Drowzee
0x08D717B0	rom	0x400	gMonIcon_Drowzee
0x08D71BB0	rom	0x20	gMonFootprint_Drowzee
0x08D71BD0	rom	0x438	gMonFrontPic_Hypno
0x08D72008	rom	0x24	gMonPalette_Hypno
0x08D7202C	rom	0x330	gMonBackPic_Hypno
0x08D7235C	rom	0x24	gMonShinyPalette_Hypno
0x08D72380	rom	0x400	gMonIcon_Hypno
0x08D72780	rom	0x20	gMonFootprint_Hypno
0x08D727A0	rom	0x324	gMonFrontPic_Krabby
0x08D72AC4	rom	0x28	gMonPalette_Krabby
0x08D72AEC	rom	0x38C	gMonBackPic_Krabby
0x08D72E78	rom	0x28	gMonShinyPalette_Krabby
0x08D72EA0	rom	0x400	gMonIcon_Krabby
0x08D732A0	rom	0x20	gMonFootprint_Krabby
0x08D732C0	rom	0x480	gMonFrontPic_Kingler
0x08D73740	rom	0x28	gMonPalette_Kingler
0x08D73768	rom	0x384	gMonBackPic_Kingler
0x08D73AEC	rom	0x28	gMonShinyPalette_Kingler
0x08D73B14	rom	0x400	gMonIcon_Kingler
0x08D73F14	rom	0x20	gMonFootprint_Kingler
0x08D73F34	rom	0x208	gMonFrontPic_Voltorb
0x08D7413C	rom	0x24	gMonPalette_Voltorb
0x08D74160	rom	0x274	gMonBackPic_Voltorb
0x08D743D4	rom	0x24	gMonShinyPalette_Voltorb
0x08D743F8	rom	0x400	gMonIcon_Voltorb
0x08D747F8	rom	0x20	gMonFootprint_Voltorb
0x08D74818	rom	0x26C	gMonFrontPic_Electrode
0x08D74A84	rom	0x24	gMonPalette_Electrode
0x08D74AA8	rom	0x270	gMonBackPic_Electrode
0x08D74D18	rom	0x24	gMonShinyPalette_Electrode
0x08D74D3C	rom	0x400	gMonIcon_Electrode
0x08D7513C	rom	0x20	gMonFootprint_Electrode
0x08D7515C	rom	0x390	gMonFrontPic_Exeggcute
0x08D754EC	rom	0x24	gMonPalette_Exeggcute
0x08D75510	rom	0x308	gMonBackPic_Exeggcute
0x08D75818	rom	0x24	gMonShinyPalette_Exeggcute
0x08D7583C	rom	0x400	gMonIcon_Exeggcute
0x08D75C3C	rom	0x20	gMonFootprint_Exeggcute
0x08D75C5C	rom	0x450	gMonFrontPic_Exeggutor
0x08D760AC	rom	0x28	gMonPalette_Exeggutor
0x08D760D4	rom	0x3CC	gMonBackPic_Exeggutor
0x08D764A0	rom	0x28	gMonShinyPalette_Exeggutor
0x08D764C8	rom	0x400	gMonIcon_Exeggutor
0x08D768C8	rom	0x20	gMonFootprint_Exeggutor
0x08D768E8	rom	0x2BC	gMonFrontPic_Cubone
0x08D76BA4	rom	0x28	gMonPalette_Cubone
0x08D76BCC	rom	0x340	gMonBackPic_Cubone
0x08D76F0C	rom	0x28	gMonShinyPalette_Cubone
0x08D76F34	rom	0x400	gMonIcon_Cubone
0x08D77334	rom	0x20	gMonFootprint_Cubone
0x08D77354	rom	0x380	gMonFrontPic_Marowak
0x08D776D4	rom	0x28	gMonPalette_Marowak
0x08D776FC	rom	0x314	gMonBackPic_Marowak
0x08D77A10	rom	0x28	gMonShinyPalette_Marowak
0x08D77A38	rom	0x400	gMonIcon_Marowak
0x08D77E38	rom	0x20	gMonFootprint_Marowak
0x08D77E58	rom	0x374	gMonFrontPic_Hitmonlee
0x08D781CC	rom	0x28	gMonPalette_Hitmonlee
0x08D781F4	rom	0x2A4	gMonBackPic_Hitmonlee
0x08D78498	rom	0x28	gMonShinyPalette_Hitmonlee
0x08D784C0	rom	0x400	gMonIcon_Hitmonlee
0x08D788C0	rom	0x20	gMonFootprint_Hitmonlee
0x08D788E0	rom	0x340	gMonFrontPic_Hitmonchan
0x08D78C20	rom	0x28	gMonPalette_Hitmonchan
0x08D78C48	rom	0x344	gMonBackPic_Hitmonchan
0x08D78F8C	rom	0x28	gMonShinyPalette_Hitmonchan
0x08D78FB4	rom	0x400	gMonIcon_Hitmonchan
0x08D793B4	rom	0x20	gMonFootprint_Hitmonchan
0x08D793D4	rom	0x3D8	gMonFrontPic_Lickitung
0x08D797AC	rom	0x28	gMonPalette_Lickitung
0x08D797D4	rom	0x2A4	gMonBackPic_Lickitung
0x08D79A78	rom	0x28	gMonShinyPalette_Lickitung
0x08D79AA0	rom	0x400	gMonIcon_Lickitung
0x08D79EA0	rom	0x20	gMonFootprint_Lickitung
0x08D79EC0	rom	0x300	gMonFrontPic_Koffing
0x08D7A1C0	rom	0x28	gMonPalette_Koffing
0x08D7A1E8	rom	0x300	gMonBackPic_Koffing
0x08D7A4E8	rom	0x28	gMonShinyPalette_Koffing
0x08D7A510	rom	0x400	gMonIcon_Koffing
0x08D7A910	rom	0x20	gMonFootprint_Koffing
0x08D7A930	rom	0x4BC	gMonFrontPic_Weezing
0x08D7ADEC	rom	0x28	gMonPalette_Weezing
0x08D7AE14	rom	0x384	gMonBackPic_Weezing
0x08D7B198	rom	0x28	gMonShinyPalette_Weezing
0x08D7B1C0	rom	0x400	gMonIcon_Weezing
0x08D7B5C0	rom	0x20	gMonFootprint_Weezing
0x08D7B5E0	rom	0x3FC	gMonFrontPic_Rhyhorn
0x08D7B9DC	rom	0x20	gMonPalette_Rhyhorn
0x08D7B9FC	rom	0x348	gMonBackPic_Rhyhorn
0x08D7BD44	rom	0x20	gMonShinyPalette_Rhyhorn
0x08D7BD64	rom	0x400	gMonIcon_Rhyhorn
0x08D7C164	rom	0x20	gMonFootprint_Rhyhorn
0x08D7C184	rom	0x4F4	gMonFrontPic_Rhydon
0x08D7C678	rom	0x28	gMonPalette_Rhydon
0x08D7C6A0	rom	0x450	gMonBackPic_Rhydon
0x08D7CAF0	rom	0x28	gMonShinyPalette_Rhydon
0x08D7CB18	rom	0x400	gMonIcon_Rhydon
0x08D7CF18	rom	0x20	gMonFootprint_Rhydon
0x08D7CF38	rom	0x33C	gMonFrontPic_Chansey
0x08D7D274	rom	0x24	gMonPalette_Chansey
0x08D7D298	rom	0x250	gMonBackPic_Chansey
0x08D7D4E8	rom	0x24	gMonShinyPalette_Chansey
0x08D7D50C	rom	0x400	gMonIcon_Chansey
0x08D7D90C	rom	0x20	gMonFootprint_Chansey
0x08D7D92C	rom	0x3D4	gMonFrontPic_Tangela
0x08D7DD00	rom	0x24	gMonPalette_Tangela
0x08D7DD24	rom	0x3AC	gMonBackPic_Tangela
0x08D7E0D0	rom	0x24	gMonShinyPalette_Tangela
0x08D7E0F4	rom	0x400	gMonIcon_Tangela
0x08D7E4F4	rom	0x20	gMonFootprint_Tangela
0x08D7E514	rom	0x4A8	gMonFrontPic_Kangaskhan
0x08D7E9BC	rom	0x28	gMonPalette_Kangaskhan
0x08D7E9E4	rom	0x430	gMonBackPic_Kangaskhan
0x08D7EE14	rom	0x28	gMonShinyPalette_Kangaskhan
0x08D7EE3C	rom	0x400	gMonIcon_Kangaskhan
0x08D7F23C	rom	0x20	gMonFootprint_Kangaskhan
0x08D7F25C	rom	0x26C	gMonFrontPic_Horsea
0x08D7F4C8	rom	0x28	gMonPalette_Horsea
0x08D7F4F0	rom	0x2E0	gMonBackPic_Horsea
0x08D7F7D0	rom	0x28	gMonShinyPalette_Horsea
0x08D7F7F8	rom	0x400	gMonIcon_Horsea
0x08D7FBF8	rom	0x20	gMonFootprint_Horsea
0x08D7FC18	rom	0x388	gMonFrontPic_Seadra
0x08D7FFA0	rom	0x28	gMonPalette_Seadra
0x08D7FFC8	rom	0x3A0	gMonBackPic_Seadra
0x08D80368	rom	0x28	gMonShinyPalette_Seadra
0x08D80390	rom	0x400	gMonIcon_Seadra
0x08D80790	rom	0x20	gMonFootprint_Seadra
0x08D807B0	rom	0x368	gMonFrontPic_Goldeen
0x08D80B18	rom	0x28	gMonPalette_Goldeen
0x08D80B40	rom	0x370	gMonBackPic_Goldeen
0x08D80EB0	rom	0x28	gMonShinyPalette_Goldeen
0x08D80ED8	rom	0x400	gMonIcon_Goldeen
0x08D812D8	rom	0x20	gMonFootprint_Goldeen
0x08D812F8	rom	0x474	gMonFrontPic_Seaking
0x08D8176C	rom	0x28	gMonPalette_Seaking
0x08D81794	rom	0x350	gMonBackPic_Seaking
0x08D81AE4	rom	0x28	gMonShinyPalette_Seaking
0x08D81B0C	rom	0x400	gMonIcon_Seaking
0x08D81F0C	rom	0x20	gMonFootprint_Seaking
0x08D81F2C	rom	0x2B0	gMonFrontPic_Staryu
0x08D821DC	rom	0x28	gMonPalette_Staryu
0x08D82204	rom	0x268	gMonBackPic_Staryu
0x08D8246C	rom	0x28	gMonShinyPalette_Staryu
0x08D82494	rom	0x400	gMonIcon_Staryu
0x08D82894	rom	0x20	gMonFootprint_Staryu
0x08D828B4	rom	0x3A0	gMonFrontPic_Starmie
0x08D82C54	rom	0x28	gMonPalette_Starmie
0x08D82C7C	rom	0x2A4	gMonBackPic_Starmie
0x08D82F20	rom	0x28	gMonShinyPalette_Starmie
0x08D82F48	rom	0x400	gMonIcon_Starmie
0x08D83348	rom	0x20	gMonFootprint_Starmie
0x08D83368	rom	0x3BC	gMonFrontPic_Mrmime
0x08D83724	rom	0x28	gMonPalette_Mrmime
0x08D8374C	rom	0x334	gMonBackPic_Mrmime
0x08D83A80	rom	0x28	gMonShinyPalette_Mrmime
0x08D83AA8	rom	0x400	gMonIcon_Mrmime
0x08D83EA8	rom	0x20	gMonFootprint_Mrmime
0x08D83EC8	rom	0x428	gMonFrontPic_Scyther
0x08D842F0	rom	0x28	gMonPalette_Scyther
0x08D84318	rom	0x418	gMonBackPic_Scyther
0x08D84730	rom	0x28	gMonShinyPalette_Scyther
0x08D84758	rom	0x400	gMonIcon_Scyther
0x08D84B58	rom	0x20	gMonFootprint_Scyther
0x08D84B78	rom	0x3CC	gMonFrontPic_Jynx
0x08D84F44	rom	0x28	gMonPalette_Jynx
0x08D84F6C	rom	0x2EC	gMonBackPic_Jynx
0x08D85258	rom	0x28	gMonShinyPalette_Jynx
0x08D85280	rom	0x400	gMonIcon_Jynx
0x08D85680	rom	0x20	gMonFootprint_Jynx
0x08D856A0	rom	0x458	gMonFrontPic_Electabuzz
0x08D85AF8	rom	0x28	gMonPalette_Electabuzz
0x08D85B20	rom	0x310	gMonBackPic_Electabuzz
0x08D85E30	rom	0x28	gMonShinyPalette_Electabuzz
0x08D85E58	rom	0x400	gMonIcon_Electabuzz
0x08D86258	rom	0x20	gMonFootprint_Electabuzz
0x08D86278	rom	0x430	gMonFrontPic_Magmar
0x08D866A8	rom	0x28	gMonPalette_Magmar
0x08D866D0	rom	0x338	gMonBackPic_Magmar
0x08D86A08	rom	0x28	gMonShinyPalette_Magmar
0x08D86A30	rom	0x400	gMonIcon_Magmar
0x08D86E30	rom	0x20	gMonFootprint_Magmar
0x08D86E50	rom	0x430	gMonFrontPic_Pinsir
0x08D87280	rom	0x24	gMonPalette_Pinsir
0x08D872A4	rom	0x354	gMonBackPic_Pinsir
0x08D875F8	rom	0x24	gMonShinyPalette_Pinsir
0x08D8761C	rom	0x400	gMonIcon_Pinsir
0x08D87A1C	rom	0x20	gMonFootprint_Pinsir
0x08D87A3C	rom	0x460	gMonFrontPic_Tauros
0x08D87E9C	rom	0x28	gMonPalette_Tauros
0x08D87EC4	rom	0x2B4	gMonBackPic_Tauros
0x08D88178	rom	0x28	gMonShinyPalette_Tauros
0x08D881A0	rom	0x400	gMonIcon_Tauros
0x08D885A0	rom	0x20	gMonFootprint_Tauros
0x08D885C0	rom	0x348	gMonFrontPic_Magikarp
0x08D88908	rom	0x28	gMonPalette_Magikarp
0x08D88930	rom	0x330	gMonBackPic_Magikarp
0x08D88C60	rom	0x28	gMonShinyPalette_Magikarp
0x08D88C88	rom	0x400	gMonIcon_Magikarp
0x08D89088	rom	0x20	gMonFootprint_Magikarp
0x08D890A8	rom	0x5A4	gMonFrontPic_Gyarados
0x08D8964C	rom	0x28	gMonPalette_Gyarados
0x08D89674	rom	0x4B8	gMonBackPic_Gyarados
0x08D89B2C	rom	0x28	gMonShinyPalette_Gyarados
0x08D89B54	rom	0x400	gMonIcon_Gyarados
0x08D89F54	rom	0x20	gMonFootprint_Gyarados
0x08D89F74	rom	0x3E0	gMonFrontPic_Lapras
0x08D8A354	rom	0x28	gMonPalette_Lapras
0x08D8A37C	rom	0x344	gMonBackPic_Lapras
0x08D8A6C0	rom	0x28	gMonShinyPalette_Lapras
0x08D8A6E8	rom	0x400	gMonIcon_Lapras
0x08D8AAE8	rom	0x20	gMonFootprint_Lapras
0x08D8AB08	rom	0x1F0	gMonFrontPic_Ditto
0x08D8ACF8	rom	0x20	gMonPalette_Ditto
0x08D8AD18	rom	0x200	gMonBackPic_Ditto
0x08D8AF18	rom	0x20	gMonShinyPalette_Ditto
0x08D8AF38	rom	0x400	gMonIcon_Ditto
0x08D8B338	rom	0x20	gMonFootprint_Ditto
0x08D8B358	rom	0x2EC	gMonFrontPic_Eevee
0x08D8B644	rom	0x28	gMonPalette_Eevee
0x08D8B66C	rom	0x328	gMonBackPic_Eevee
0x08D8B994	rom	0x28	gMonShinyPalette_Eevee
0x08D8B9BC	rom	0x400	gMonIcon_Eevee
0x08D8BDBC	rom	0x20	gMonFootprint_Eevee
0x08D8BDDC	rom	0x394	gMonFrontPic_Vaporeon
0x08D8C170	rom	0x28	gMonPalette_Vaporeon
0x08D8C198	rom	0x2C8	gMonBackPic_Vaporeon
0x08D8C460	rom	0x28	gMonShinyPalette_Vaporeon
0x08D8C488	rom	0x400	gMonIcon_Vaporeon
0x08D8C888	rom	0x20	gMonFootprint_Vaporeon
0x08D8C8A8	rom	0x350	gMonFrontPic_Jolteon
0x08D8CBF8	rom	0x28	gMonPalette_Jolteon
0x08D8CC20	rom	0x3AC	gMonBackPic_Jolteon
0x08D8CFCC	rom	0x28	gMonShinyPalette_Jolteon
0x08D8CFF4	rom	0x400	gMonIcon_Jolteon
0x08D8D3F4	rom	0x20	gMonFootprint_Jolteon
0x08D8D414	rom	0x384	gMonFrontPic_Flareon
0x08D8D798	rom	0x28	gMonPalette_Flareon
0x08D8D7C0	rom	0x390	gMonBackPic_Flareon
0x08D8DB50	rom	0x28	gMonShinyPalette_Flareon
0x08D8DB78	rom	0x400	gMonIcon_Flareon
0x08D8DF78	rom	0x20	gMonFootprint_Flareon
0x08D8DF98	rom	0x2B8	gMonFrontPic_Porygon
0x08D8E250	rom	0x24	gMonPalette_Porygon
0x08D8E274	rom	0x2B8	gMonBackPic_Porygon
0x08D8E52C	rom	0x24	gMonShinyPalette_Porygon
0x08D8E550	rom	0x400	gMonIcon_Porygon
0x08D8E950	rom	0x20	gMonFootprint_Porygon
0x08D8E970	rom	0x290	gMonFrontPic_Omanyte
0x08D8EC00	rom	0x28	gMonPalette_Omanyte
0x08D8EC28	rom	0x34C	gMonBackPic_Omanyte
0x08D8EF74	rom	0x28	gMonShinyPalette_Omanyte
0x08D8EF9C	rom	0x400	gMonIcon_Omanyte
0x08D8F39C	rom	0x20	gMonFootprint_Omanyte
0x08D8F3BC	rom	0x3C0	gMonFrontPic_Omastar
0x08D8F77C	rom	0x28	gMonPalette_Omastar
0x08D8F7A4	rom	0x340	gMonBackPic_Omastar
0x08D8FAE4	rom	0x28	gMonShinyPalette_Omastar
0x08D8FB0C	rom	0x400	gMonIcon_Omastar
0x08D8FF0C	rom	0x20	gMonFootprint_Omastar
0x08D8FF2C	rom	0x228	gMonFrontPic_Kabuto
0x08D90154	rom	0x28	gMonPalette_Kabuto
0x08D9017C	rom	0x298	gMonBackPic_Kabuto
0x08D90414	rom	0x28	gMonShinyPalette_Kabuto
0x08D9043C	rom	0x400	gMonIcon_Kabuto
0x08D9083C	rom	0x20	gMonFootprint_Kabuto
0x08D9085C	rom	0x410	gMonFrontPic_Kabutops
0x08D90C6C	rom	0x24	gMonPalette_Kabutops
0x08D90C90	rom	0x3A4	gMonBackPic_Kabutops
0x08D91034	rom	0x24	gMonShinyPalette_Kabutops
0x08D91058	rom	0x400	gMonIcon_Kabutops
0x08D91458	rom	0x20	gMonFootprint_Kabutops
0x08D91478	rom	0x450	gMonFrontPic_Aerodactyl
0x08D918C8	rom	0x28	gMonPalette_Aerodactyl
0x08D918F0	rom	0x304	gMonBackPic_Aerodactyl
0x08D91BF4	rom	0x28	gMonShinyPalette_Aerodactyl
0x08D91C1C	rom	0x400	gMonIcon_Aerodactyl
0x08D9201C	rom	0x20	gMonFootprint_Aerodactyl
0x08D9203C	rom	0x3D4	gMonFrontPic_Snorlax
0x08D92410	rom	0x28	gMonPalette_Snorlax
0x08D92438	rom	0x21C	gMonBackPic_Snorlax
0x08D92654	rom	0x28	gMonShinyPalette_Snorlax
0x08D9267C	rom	0x400	gMonIcon_Snorlax
0x08D92A7C	rom	0x20	gMonFootprint_Snorlax
0x08D92A9C	rom	0x4F8	gMonFrontPic_Articuno
0x08D92F94	rom	0x28	gMonPalette_Articuno
0x08D92FBC	rom	0x25C	gMonBackPic_Articuno
0x08D93218	rom	0x28	gMonShinyPalette_Articuno
0x08D93240	rom	0x400	gMonIcon_Articuno
0x08D93640	rom	0x20	gMonFootprint_Articuno
0x08D93660	rom	0x450	gMonFrontPic_Zapdos
0x08D93AB0	rom	0x28	gMonPalette_Zapdos
0x08D93AD8	rom	0x33C	gMonBackPic_Zapdos
0x08D93E14	rom	0x28	gMonShinyPalette_Zapdos
0x08D93E3C	rom	0x400	gMonIcon_Zapdos
0x08D9423C	rom	0x20	gMonFootprint_Zapdos
0x08D9425C	rom	0x4CC	gMonFrontPic_Moltres
0x08D94728	rom	0x28	gMonPalette_Moltres
0x08D94750	rom	0x33C	gMonBackPic_Moltres
0x08D94A8C	rom	0x28	gMonShinyPalette_Moltres
0x08D94AB4	rom	0x400	gMonIcon_Moltres
0x08D94EB4	rom	0x20	gMonFootprint_Moltres
0x08D94ED4	rom	0x2BC	gMonFrontPic_Dratini
0x08D95190	rom	0x24	gMonPalette_Dratini
0x08D951B4	rom	0x290	gMonBackPic_Dratini
0x08D95444	rom	0x24	gMonShinyPalette_Dratini
0x08D95468	rom	0x400	gMonIcon_Dratini
0x08D95868	rom	0x20	gMonFootprint_Dratini
0x08D95888	rom	0x398	gMonFrontPic_Dragonair
0x08D95C20	rom	0x28	gMonPalette_Dragonair
0x08D95C48	rom	0x310	gMonBackPic_Dragonair
0x08D95F58	rom	0x28	gMonShinyPalette_Dragonair
0x08D95F80	rom	0x400	gMonIcon_Dragonair
0x08D96380	rom	0x20	gMonFootprint_Dragonair
0x08D963A0	rom	0x550	gMonFrontPic_Dragonite
0x08D968F0	rom	0x28	gMonPalette_Dragonite
0x08D96918	rom	0x2F8	gMonBackPic_Dragonite
0x08D96C10	rom	0x28	gMonShinyPalette_Dragonite
0x08D96C38	rom	0x400	gMonIcon_Dragonite
0x08D97038	rom	0x20	gMonFootprint_Dragonite
0x08D97058	rom	0x43C	gMonFrontPic_Mewtwo
0x08D97494	rom	0x24	gMonPalette_Mewtwo
0x08D974B8	rom	0x3CC	gMonBackPic_Mewtwo
0x08D97884	rom	0x24	gMonShinyPalette_Mewtwo
0x08D978A8	rom	0x400	gMonIcon_Mewtwo
0x08D97CA8	rom	0x20	gMonFootprint_Mewtwo
0x08D97CC8	rom	0x2C0	gMonFrontPic_Mew
0x08D97F88	rom	0x24	gMonPalette_Mew
0x08D97FAC	rom	0x350	gMonBackPic_Mew
0x08D982FC	rom	0x24	gMonShinyPalette_Mew
0x08D98320	rom	0x400	gMonIcon_Mew
0x08D98720	rom	0x20	gMonFootprint_Mew
0x08D98740	rom	0x268	gMonFrontPic_Chikorita
0x08D989A8	rom	0x28	gMonPalette_Chikorita
0x08D989D0	rom	0x2C4	gMonBackPic_Chikorita
0x08D98C94	rom	0x28	gMonShinyPalette_Chikorita
0x08D98CBC	rom	0x400	gMonIcon_Chikorita
0x08D990BC	rom	0x20	gMonFootprint_Chikorita
0x08D990DC	rom	0x3D4	gMonFrontPic_Bayleef
0x08D994B0	rom	0x28	gMonPalette_Bayleef
0x08D994D8	rom	0x390	gMonBackPic_Bayleef
0x08D99868	rom	0x28	gMonShinyPalette_Bayleef
0x08D99890	rom	0x400	gMonIcon_Bayleef
0x08D99C90	rom	0x20	gMonFootprint_Bayleef
0x08D99CB0	rom	0x55C	gMonFrontPic_Meganium
0x08D9A20C	rom	0x28	gMonPalette_Meganium
0x08D9A234	rom	0x350	gMonBackPic_Meganium
0x08D9A584	rom	0x28	gMonShinyPalette_Meganium
0x08D9A5AC	rom	0x400	gMonIcon_Meganium
0x08D9A9AC	rom	0x20	gMonFootprint_Meganium
0x08D9A9CC	rom	0x28C	gMonFrontPic_Cyndaquil
0x08D9AC58	rom	0x28	gMonPalette_Cyndaquil
0x08D9AC80	rom	0x32C	gMonBackPic_Cyndaquil
0x08D9AFAC	rom	0x28	gMonShinyPalette_Cyndaquil
0x08D9AFD4	rom	0x400	gMonIcon_Cyndaquil
0x08D9B3D4	rom	0x20	gMonFootprint_Cyndaquil
0x08D9B3F4	rom	0x31C	gMonFrontPic_Quilava
0x08D9B710	rom	0x28	gMonPalette_Quilava
0x08D9B738	rom	0x374	gMonBackPic_Quilava
0x08D9BAAC	rom	0x28	gMonShinyPalette_Quilava
0x08D9BAD4	rom	0x400	gMonIcon_Quilava
0x08D9BED4	rom	0x20	gMonFootprint_Quilava
0x08D9BEF4	rom	0x428	gMonFrontPic_Typhlosion
0x08D9C31C	rom	0x28	gMonPalette_Typhlosion
0x08D9C344	rom	0x404	gMonBackPic_Typhlosion
0x08D9C748	rom	0x28	gMonShinyPalette_Typhlosion
0x08D9C770	rom	0x400	gMonIcon_Typhlosion
0x08D9CB70	rom	0x20	gMonFootprint_Typhlosion
0x08D9CB90	rom	0x2A4	gMonFrontPic_Totodile
0x08D9CE34	rom	0x28	gMonPalette_Totodile
0x08D9CE5C	rom	0x2E0	gMonBackPic_Totodile
0x08D9D13C	rom	0x28	gMonShinyPalette_Totodile
0x08D9D164	rom	0x400	gMonIcon_Totodile
0x08D9D564	rom	0x20	gMonFootprint_Totodile
0x08D9D584	rom	0x368	gMonFrontPic_Croconaw
0x08D9D8EC	rom	0x28	gMonPalette_Croconaw
0x08D9D914	rom	0x350	gMonBackPic_Croconaw
0x08D9DC64	rom	0x28	gMonShinyPalette_Croconaw
0x08D9DC8C	rom	0x400	gMonIcon_Croconaw
0x08D9E08C	rom	0x20	gMonFootprint_Croconaw
0x08D9E0AC	rom	0x56C	gMonFrontPic_Feraligatr
0x08D9E618	rom	0x28	gMonPalette_Feraligatr
0x08D9E640	rom	0x4CC	gMonBackPic_Feraligatr
0x08D9EB0C	rom	0x28	gMonShinyPalette_Feraligatr
0x08D9EB34	rom	0x400	gMonIcon_Feraligatr
0x08D9EF34	rom	0x20	gMonFootprint_Feraligatr
0x08D9EF54	rom	0x2DC	gMonFrontPic_Sentret
0x08D9F230	rom	0x28	gMonPalette_Sentret
0x08D9F258	rom	0x2A4	gMonBackPic_Sentret
0x08D9F4FC	rom	0x28	gMonShinyPalette_Sentret
0x08D9F524	rom	0x400	gMonIcon_Sentret
0x08D9F924	rom	0x20	gMonFootprint_Sentret
0x08D9F944	rom	0x334	gMonFrontPic_Furret
0x08D9FC78	rom	0x28	gMonPalette_Furret
0x08D9FCA0	rom	0x328	gMonBackPic_Furret
0x08D9FFC8	rom	0x28	gMonShinyPalette_Furret
0x08D9FFF0	rom	0x400	gMonIcon_Furret
0x08DA03F0	rom	0x20	gMonFootprint_Furret
0x08DA0410	rom	0x284	gMonFrontPic_Hoothoot
0x08DA0694	rom	0x28	gMonPalette_Hoothoot
0x08DA06BC	rom	0x308	gMonBackPic_Hoothoot
0x08DA09C4	rom	0x28	gMonShinyPalette_Hoothoot
0x08DA09EC	rom	0x400	gMonIcon_Hoothoot
0x08DA0DEC	rom	0x20	gMonFootprint_Hoothoot
0x08DA0E0C	rom	0x354	gMonFrontPic_Noctowl
0x08DA1160	rom	0x28	gMonPalette_Noctowl
0x08DA1188	rom	0x35C	gMonBackPic_Noctowl
0x08DA14E4	rom	0x28	gMonShinyPalette_Noctowl
0x08DA150C	rom	0x400	gMonIcon_Noctowl
0x08DA190C	rom	0x20	gMonFootprint_Noctowl
0x08DA192C	rom	0x2F4	gMonFrontPic_Ledyba
0x08DA1C20	rom	0x28	gMonPalette_Ledyba
0x08DA1C48	rom	0x330	gMonBackPic_Ledyba
0x08DA1F78	rom	0x28	gMonShinyPalette_Ledyba
0x08DA1FA0	rom	0x400	gMonIcon_Ledyba
0x08DA23A0	rom	0x20	gMonFootprint_Ledyba
0x08DA23C0	rom	0x388	gMonFrontPic_Ledian
0x08DA2748	rom	0x28	gMonPalette_Ledian
0x08DA2770	rom	0x358	gMonBackPic_Ledian
0x08DA2AC8	rom	0x28	gMonShinyPalette_Ledian
0x08DA2AF0	rom	0x400	gMonIcon_Ledian
0x08DA2EF0	rom	0x20	gMonFootprint_Ledian
0x08DA2F10	rom	0x274	gMonFrontPic_Spinarak
0x08DA3184	rom	0x28	gMonPalette_Spinarak
0x08DA31AC	rom	0x264	gMonBackPic_Spinarak
0x08DA3410	rom	0x28	gMonShinyPalette_Spinarak
0x08DA3438	rom	0x400	gMonIcon_Spinarak
0x08DA3838	rom	0x20	gMonFootprint_Spinarak
0x08DA3858	rom	0x3C0	gMonFrontPic_Ariados
0x08DA3C18	rom	0x28	gMonPalette_Ariados
0x08DA3C40	rom	0x378	gMonBackPic_Ariados
0x08DA3FB8	rom	0x28	gMonShinyPalette_Ariados
0x08DA3FE0	rom	0x400	gMonIcon_Ariados
0x08DA43E0	rom	0x20	gMonFootprint_Ariados
0x08DA4400	rom	0x3B0	gMonFrontPic_Crobat
0x08DA47B0	rom	0x28	gMonPalette_Crobat
0x08DA47D8	rom	0x308	gMonBackPic_Crobat
0x08DA4AE0	rom	0x28	gMonShinyPalette_Crobat
0x08DA4B08	rom	0x400	gMonIcon_Crobat
0x08DA4F08	rom	0x20	gMonFootprint_Crobat
0x08DA4F28	rom	0x2D8	gMonFrontPic_Chinchou
0x08DA5200	rom	0x28	gMonPalette_Chinchou
0x08DA5228	rom	0x2F8	gMonBackPic_Chinchou
0x08DA5520	rom	0x28	gMonShinyPalette_Chinchou
0x08DA5548	rom	0x400	gMonIcon_Chinchou
0x08DA5948	rom	0x20	gMonFootprint_Chinchou
0x08DA5968	rom	0x370	gMonFrontPic_Lanturn
0x08DA5CD8	rom	0x28	gMonPalette_Lanturn
0x08DA5D00	rom	0x300	gMonBackPic_Lanturn
0x08DA6000	rom	0x28	gMonShinyPalette_Lanturn
0x08DA6028	rom	0x400	gMonIcon_Lanturn
0x08DA6428	rom	0x20	gMonFootprint_Lanturn
0x08DA6448	rom	0x21C	gMonFrontPic_Pichu
0x08DA6664	rom	0x28	gMonPalette_Pichu
0x08DA668C	rom	0x25C	gMonBackPic_Pichu
0x08DA68E8	rom	0x28	gMonShinyPalette_Pichu
0x08DA6910	rom	0x400	gMonIcon_Pichu
0x08DA6D10	rom	0x20	gMonFootprint_Pichu
0x08DA6D30	rom	0x1E0	gMonFrontPic_Cleffa
0x08DA6F10	rom	0x28	gMonPalette_Cleffa
0x08DA6F38	rom	0x23C	gMonBackPic_Cleffa
0x08DA7174	rom	0x28	gMonShinyPalette_Cleffa
0x08DA719C	rom	0x400	gMonIcon_Cleffa
0x08DA759C	rom	0x20	gMonFootprint_Cleffa
0x08DA75BC	rom	0x1E8	gMonFrontPic_Igglybuff
0x08DA77A4	rom	0x28	gMonPalette_Igglybuff
0x08DA77CC	rom	0x23C	gMonBackPic_Igglybuff
0x08DA7A08	rom	0x28	gMonShinyPalette_Igglybuff
0x08DA7A30	rom	0x400	gMonIcon_Igglybuff
0x08DA7E30	rom	0x20	gMonFootprint_Igglybuff
0x08DA7E50	rom	0x1D4	gMonFrontPic_Togepi
0x08DA8024	rom	0x28	gMonPalette_Togepi
0x08DA804C	rom	0x274	gMonBackPic_Togepi
0x08DA82C0	rom	0x28	gMonShinyPalette_Togepi
0x08DA82E8	rom	0x400	gMonIcon_Togepi
0x08DA86E8	rom	0x20	gMonFootprint_Togepi
0x08DA8708	rom	0x274	gMonFrontPic_Togetic
0x08DA897C	rom	0x28	gMonPalette_Togetic
0x08DA89A4	rom	0x32C	gMonBackPic_Togetic
0x08DA8CD0	rom	0x28	gMonShinyPalette_Togetic
0x08DA8CF8	rom	0x400	gMonIcon_Togetic
0x08DA90F8	rom	0x20	gMonFootprint_Togetic
0x08DA9118	rom	0x1CC	gMonFrontPic_Natu
0x08DA92E4	rom	0x28	gMonPalette_Natu
0x08DA930C	rom	0x214	gMonBackPic_Natu
0x08DA9520	rom	0x28	gMonShinyPalette_Natu
0x08DA9548	rom	0x400	gMonIcon_Natu
0x08DA9948	rom	0x20	gMonFootprint_Natu
0x08DA9968	rom	0x2DC	gMonFrontPic_Xatu
0x08DA9C44	rom	0x28	gMonPalette_Xatu
0x08DA9C6C	rom	0x378	gMonBackPic_Xatu
0x08DA9FE4	rom	0x28	gMonShinyPalette_Xatu
0x08DAA00C	rom	0x400	gMonIcon_Xatu
0x08DAA40C	rom	0x20	gMonFootprint_Xatu
0x08DAA42C	rom	0x2B4	gMonFrontPic_Mareep
0x08DAA6E0	rom	0x28	gMonPalette_Mareep
0x08DAA708	rom	0x2F4	gMonBackPic_Mareep
0x08DAA9FC	rom	0x28	gMonShinyPalette_Mareep
0x08DAAA24	rom	0x400	gMonIcon_Mareep
0x08DAAE24	rom	0x20	gMonFootprint_Mareep
0x08DAAE44	rom	0x300	gMonFrontPic_Flaaffy
0x08DAB144	rom	0x28	gMonPalette_Flaaffy
0x08DAB16C	rom	0x31C	gMonBackPic_Flaaffy
0x08DAB488	rom	0x28	gMonShinyPalette_Flaaffy
0x08DAB4B0	rom	0x400	gMonIcon_Flaaffy
0x08DAB8B0	rom	0x20	gMonFootprint_Flaaffy
0x08DAB8D0	rom	0x35C	gMonFrontPic_Ampharos
0x08DABC2C	rom	0x28	gMonPalette_Ampharos
0x08DABC54	rom	0x378	gMonBackPic_Ampharos
0x08DABFCC	rom	0x28	gMonShinyPalette_Ampharos
0x08DABFF4	rom	0x400	gMonIcon_Ampharos
0x08DAC3F4	rom	0x20	gMonFootprint_Ampharos
0x08DAC414	rom	0x270	gMonFrontPic_Bellossom
0x08DAC684	rom	0x28	gMonPalette_Bellossom
0x08DAC6AC	rom	0x324	gMonBackPic_Bellossom
0x08DAC9D0	rom	0x28	gMonShinyPalette_Bellossom
0x08DAC9F8	rom	0x400	gMonIcon_Bellossom
0x08DACDF8	rom	0x20	gMonFootprint_Bellossom
0x08DACE18	rom	0x2C4	gMonFrontPic_Marill
0x08DAD0DC	rom	0x28	gMonPalette_Marill
0x08DAD104	rom	0x2AC	gMonBackPic_Marill
0x08DAD3B0	rom	0x28	gMonShinyPalette_Marill
0x08DAD3D8	rom	0x400	gMonIcon_Marill
0x08DAD7D8	rom	0x20	gMonFootprint_Marill
0x08DAD7F8	rom	0x300	gMonFrontPic_Azumarill
0x08DADAF8	rom	0x28	gMonPalette_Azumarill
0x08DADB20	rom	0x2BC	gMonBackPic_Azumarill
0x08DADDDC	rom	0x28	gMonShinyPalette_Azumarill
0x08DADE04	rom	0x400	gMonIcon_Azumarill
0x08DAE204	rom	0x20	gMonFootprint_Azumarill
0x08DAE224	rom	0x318	gMonFrontPic_Sudowoodo
0x08DAE53C	rom	0x28	gMonPalette_Sudowoodo
0x08DAE564	rom	0x35C	gMonBackPic_Sudowoodo
0x08DAE8C0	rom	0x28	gMonShinyPalette_Sudowoodo
0x08DAE8E8	rom	0x400	gMonIcon_Sudowoodo
0x08DAECE8	rom	0x20	gMonFootprint_Sudowoodo
0x08DAED08	rom	0x33C	gMonFrontPic_Politoed
0x08DAF044	rom	0x28	gMonPalette_Politoed
0x08DAF06C	rom	0x2BC	gMonBackPic_Politoed
0x08DAF328	rom	0x28	gMonShinyPalette_Politoed
0x08DAF350	rom	0x400	gMonIcon_Politoed
0x08DAF750	rom	0x20	gMonFootprint_Politoed
0x08DAF770	rom	0x2B4	gMonFrontPic_Hoppip
0x08DAFA24	rom	0x28	gMonPalette_Hoppip
0x08DAFA4C	rom	0x2E0	gMonBackPic_Hoppip
0x08DAFD2C	rom	0x28	gMonShinyPalette_Hoppip
0x08DAFD54	rom	0x400	gMonIcon_Hoppip
0x08DB0154	rom	0x20	gMonFootprint_Hoppip
0x08DB0174	rom	0x288	gMonFrontPic_Skiploom
0x08DB03FC	rom	0x28	gMonPalette_Skiploom
0x08DB0424	rom	0x2E0	gMonBackPic_Skiploom
0x08DB0704	rom	0x28	gMonShinyPalette_Skiploom
0x08DB072C	rom	0x400	gMonIcon_Skiploom
0x08DB0B2C	rom	0x20	gMonFootprint_Skiploom
0x08DB0B4C	rom	0x36C	gMonFrontPic_Jumpluff
0x08DB0EB8	rom	0x28	gMonPalette_Jumpluff
0x08DB0EE0	rom	0x3F8	gMonBackPic_Jumpluff
0x08DB12D8	rom	0x28	gMonShinyPalette_Jumpluff
0x08DB1300	rom	0x400	gMonIcon_Jumpluff
0x08DB1700	rom	0x20	gMonFootprint_Jumpluff
0x08DB1720	rom	0x2FC	gMonFrontPic_Aipom
0x08DB1A1C	rom	0x28	gMonPalette_Aipom
0x08DB1A44	rom	0x2F4	gMonBackPic_Aipom
0x08DB1D38	rom	0x28	gMonShinyPalette_Aipom
0x08DB1D60	rom	0x400	gMonIcon_Aipom
0x08DB2160	rom	0x20	gMonFootprint_Aipom
0x08DB2180	rom	0x238	gMonFrontPic_Sunkern
0x08DB23B8	rom	0x28	gMonPalette_Sunkern
0x08DB23E0	rom	0x2C4	gMonBackPic_Sunkern
0x08DB26A4	rom	0x28	gMonShinyPalette_Sunkern
0x08DB26CC	rom	0x400	gMonIcon_Sunkern
0x08DB2ACC	rom	0x20	gMonFootprint_Sunkern
0x08DB2AEC	rom	0x358	gMonFrontPic_Sunflora
0x08DB2E44	rom	0x28	gMonPalette_Sunflora
0x08DB2E6C	rom	0x3A0	gMonBackPic_Sunflora
0x08DB320C	rom	0x28	gMonShinyPalette_Sunflora
0x08DB3234	rom	0x400	gMonIcon_Sunflora
0x08DB3634	rom	0x20	gMonFootprint_Sunflora
0x08DB3654	rom	0x384	gMonFrontPic_Yanma
0x08DB39D8	rom	0x28	gMonPalette_Yanma
0x08DB3A00	rom	0x3B4	gMonBackPic_Yanma
0x08DB3DB4	rom	0x28	gMonShinyPalette_Yanma
0x08DB3DDC	rom	0x400	gMonIcon_Yanma
0x08DB41DC	rom	0x20	gMonFootprint_Yanma
0x08DB41FC	rom	0x240	gMonFrontPic_Wooper
0x08DB443C	rom	0x28	gMonPalette_Wooper
0x08DB4464	rom	0x28C	gMonBackPic_Wooper
0x08DB46F0	rom	0x28	gMonShinyPalette_Wooper
0x08DB4718	rom	0x400	gMonIcon_Wooper
0x08DB4B18	rom	0x20	gMonFootprint_Wooper
0x08DB4B38	rom	0x374	gMonFrontPic_Quagsire
0x08DB4EAC	rom	0x28	gMonPalette_Quagsire
0x08DB4ED4	rom	0x2FC	gMonBackPic_Quagsire
0x08DB51D0	rom	0x28	gMonShinyPalette_Quagsire
0x08DB51F8	rom	0x400	gMonIcon_Quagsire
0x08DB55F8	rom	0x20	gMonFootprint_Quagsire
0x08DB5618	rom	0x340	gMonFrontPic_Espeon
0x08DB5958	rom	0x24	gMonPalette_Espeon
0x08DB597C	rom	0x2DC	gMonBackPic_Espeon
0x08DB5C58	rom	0x24	gMonShinyPalette_Espeon
0x08DB5C7C	rom	0x400	gMonIcon_Espeon
0x08DB607C	rom	0x20	gMonFootprint_Espeon
0x08DB609C	rom	0x314	gMonFrontPic_Umbreon
0x08DB63B0	rom	0x28	gMonPalette_Umbreon
0x08DB63D8	rom	0x314	gMonBackPic_Umbreon
0x08DB66EC	rom	0x28	gMonShinyPalette_Umbreon
0x08DB6714	rom	0x400	gMonIcon_Umbreon
0x08DB6B14	rom	0x20	gMonFootprint_Umbreon
0x08DB6B34	rom	0x2E0	gMonFrontPic_Murkrow
0x08DB6E14	rom	0x28	gMonPalette_Murkrow
0x08DB6E3C	rom	0x318	gMonBackPic_Murkrow
0x08DB7154	rom	0x28	gMonShinyPalette_Murkrow
0x08DB717C	rom	0x400	gMonIcon_Murkrow
0x08DB757C	rom	0x20	gMonFootprint_Murkrow
0x08DB759C	rom	0x3B4	gMonFrontPic_Slowking
0x08DB7950	rom	0x28	gMonPalette_Slowking
0x08DB7978	rom	0x38C	gMonBackPic_Slowking
0x08DB7D04	rom	0x28	gMonShinyPalette_Slowking
0x08DB7D2C	rom	0x400	gMonIcon_Slowking
0x08DB812C	rom	0x20	gMonFootprint_Slowking
0x08DB814C	rom	0x2C0	gMonFrontPic_Misdreavus
0x08DB840C	rom	0x28	gMonPalette_Misdreavus
0x08DB8434	rom	0x324	gMonBackPic_Misdreavus
0x08DB8758	rom	0x28	gMonShinyPalette_Misdreavus
0x08DB8780	rom	0x400	gMonIcon_Misdreavus
0x08DB8B80	rom	0x20	gMonFootprint_Misdreavus
0x08DB8BA0	rom	0x1D4	gMonFrontPic_UnownA
0x08DB8D74	rom	0x20	gMonPalette_Unown
0x08DB8D94	rom	0x200	gMonBackPic_UnownA
0x08DB8F94	rom	0x20	gMonShinyPalette_Unown
0x08DB8FB4	rom	0x400	gMonIcon_UnownA
0x08DB93B4	rom	0x20	gMonFootprint_Unown
0x08DB93D4	rom	0x350	gMonFrontPic_Wobbuffet
0x08DB9724	rom	0x28	gMonPalette_Wobbuffet
0x08DB974C	rom	0x244	gMonBackPic_Wobbuffet
0x08DB9990	rom	0x28	gMonShinyPalette_Wobbuffet
0x08DB99B8	rom	0x400	gMonIcon_Wobbuffet
0x08DB9DB8	rom	0x20	gMonFootprint_Wobbuffet
0x08DB9DD8	rom	0x404	gMonFrontPic_Girafarig
0x08DBA1DC	rom	0x28	gMonPalette_Girafarig
0x08DBA204	rom	0x3AC	gMonBackPic_Girafarig
0x08DBA5B0	rom	0x28	gMonShinyPalette_Girafarig
0x08DBA5D8	rom	0x400	gMonIcon_Girafarig
0x08DBA9D8	rom	0x20	gMonFootprint_Girafarig
0x08DBA9F8	rom	0x340	gMonFrontPic_Pineco
0x08DBAD38	rom	0x24	gMonPalette_Pineco
0x08DBAD5C	rom	0x2D8	gMonBackPic_Pineco
0x08DBB034	rom	0x24	gMonShinyPalette_Pineco
0x08DBB058	rom	0x400	gMonIcon_Pineco
0x08DBB458	rom	0x20	gMonFootprint_Pineco
0x08DBB478	rom	0x41C	gMonFrontPic_Forretress
0x08DBB894	rom	0x28	gMonPalette_Forretress
0x08DBB8BC	rom	0x2C0	gMonBackPic_Forretress
0x08DBBB7C	rom	0x28	gMonShinyPalette_Forretress
0x08DBBBA4	rom	0x400	gMonIcon_Forretress
0x08DBBFA4	rom	0x20	gMonFootprint_Forretress
0x08DBBFC4	rom	0x310	gMonFrontPic_Dunsparce
0x08DBC2D4	rom	0x28	gMonPalette_Dunsparce
0x08DBC2FC	rom	0x2FC	gMonBackPic_Dunsparce
0x08DBC5F8	rom	0x28	gMonShinyPalette_Dunsparce
0x08DBC620	rom	0x400	gMonIcon_Dunsparce
0x08DBCA20	rom	0x20	gMonFootprint_Dunsparce
0x08DBCA40	rom	0x428	gMonFrontPic_Gligar
0x08DBCE68	rom	0x28	gMonPalette_Gligar
0x08DBCE90	rom	0x3D8	gMonBackPic_Gligar
0x08DBD268	rom	0x28	gMonShinyPalette_Gligar
0x08DBD290	rom	0x400	gMonIcon_Gligar
0x08DBD690	rom	0x20	gMonFootprint_Gligar
0x08DBD6B0	rom	0x4C8	gMonFrontPic_Steelix
0x08DBDB78	rom	0x24	gMonPalette_Steelix
0x08DBDB9C	rom	0x40C	gMonBackPic_Steelix
0x08DBDFA8	rom	0x24	gMonShinyPalette_Steelix
0x08DBDFCC	rom	0x400	gMonIcon_Steelix
0x08DBE3CC	rom	0x20	gMonFootprint_Steelix
0x08DBE3EC	rom	0x2D4	gMonFrontPic_Snubbull
0x08DBE6C0	rom	0x28	gMonPalette_Snubbull
0x08DBE6E8	rom	0x328	gMonBackPic_Snubbull
0x08DBEA10	rom	0x28	gMonShinyPalette_Snubbull
0x08DBEA38	rom	0x400	gMonIcon_Snubbull
0x08DBEE38	rom	0x20	gMonFootprint_Snubbull
0x08DBEE58	rom	0x38C	gMonFrontPic_Granbull
0x08DBF1E4	rom	0x28	gMonPalette_Granbull
0x08DBF20C	rom	0x324	gMonBackPic_Granbull
0x08DBF530	rom	0x28	gMonShinyPalette_Granbull
0x08DBF558	rom	0x400	gMonIcon_Granbull
0x08DBF958	rom	0x20	gMonFootprint_Granbull
0x08DBF978	rom	0x2C0	gMonFrontPic_Qwilfish
0x08DBFC38	rom	0x28	gMonPalette_Qwilfish
0x08DBFC60	rom	0x2E0	gMonBackPic_Qwilfish
0x08DBFF40	rom	0x28	gMonShinyPalette_Qwilfish
0x08DBFF68	rom	0x400	gMonIcon_Qwilfish
0x08DC0368	rom	0x20	gMonFootprint_Qwilfish
0x08DC0388	rom	0x4E8	gMonFrontPic_Scizor
0x08DC0870	rom	0x28	gMonPalette_Scizor
0x08DC0898	rom	0x380	gMonBackPic_Scizor
0x08DC0C18	rom	0x28	gMonShinyPalette_Scizor
0x08DC0C40	rom	0x400	gMonIcon_Scizor
0x08DC1040	rom	0x20	gMonFootprint_Scizor
0x08DC1060	rom	0x2C8	gMonFrontPic_Shuckle
0x08DC1328	rom	0x28	gMonPalette_Shuckle
0x08DC1350	rom	0x258	gMonBackPic_Shuckle
0x08DC15A8	rom	0x28	gMonShinyPalette_Shuckle
0x08DC15D0	rom	0x400	gMonIcon_Shuckle
0x08DC19D0	rom	0x20	gMonFootprint_Shuckle
0x08DC19F0	rom	0x3F0	gMonFrontPic_Heracross
0x08DC1DE0	rom	0x28	gMonPalette_Heracross
0x08DC1E08	rom	0x370	gMonBackPic_Heracross
0x08DC2178	rom	0x28	gMonShinyPalette_Heracross
0x08DC21A0	rom	0x400	gMonIcon_Heracross
0x08DC25A0	rom	0x400	gUnknown_heracross_icon
0x08DC29A0	rom	0x20	gMonFootprint_Heracross
0x08DC29C0	rom	0x344	gMonFrontPic_Sneasel
0x08DC2D04	rom	0x28	gMonPalette_Sneasel
0x08DC2D2C	rom	0x324	gMonBackPic_Sneasel
0x08DC3050	rom	0x28	gMonShinyPalette_Sneasel
0x08DC3078	rom	0x400	gMonIcon_Sneasel
0x08DC3478	rom	0x20	gMonFootprint_Sneasel
0x08DC3498	rom	0x2A8	gMonFrontPic_Teddiursa
0x08DC3740	rom	0x28	gMonPalette_Teddiursa
0x08DC3768	rom	0x278	gMonBackPic_Teddiursa
0x08DC39E0	rom	0x28	gMonShinyPalette_Teddiursa
0x08DC3A08	rom	0x400	gMonIcon_Teddiursa
0x08DC3E08	rom	0x20	gMonFootprint_Teddiursa
0x08DC3E28	rom	0x438	gMonFrontPic_Ursaring
0x08DC4260	rom	0x28	gMonPalette_Ursaring
0x08DC4288	rom	0x388	gMonBackPic_Ursaring
0x08DC4610	rom	0x28	gMonShinyPalette_Ursaring
0x08DC4638	rom	0x400	gMonIcon_Ursaring
0x08DC4A38	rom	0x20	gMonFootprint_Ursaring
0x08DC4A58	rom	0x274	gMonFrontPic_Slugma
0x08DC4CCC	rom	0x24	gMonPalette_Slugma
0x08DC4CF0	rom	0x2E8	gMonBackPic_Slugma
0x08DC4FD8	rom	0x24	gMonShinyPalette_Slugma
0x08DC4FFC	rom	0x400	gMonIcon_Slugma
0x08DC53FC	rom	0x20	gMonFootprint_Slugma
0x08DC541C	rom	0x348	gMonFrontPic_Magcargo
0x08DC5764	rom	0x28	gMonPalette_Magcargo
0x08DC578C	rom	0x418	gMonBackPic_Magcargo
0x08DC5BA4	rom	0x28	gMonShinyPalette_Magcargo
0x08DC5BCC	rom	0x400	gMonIcon_Magcargo
0x08DC5FCC	rom	0x20	gMonFootprint_Magcargo
0x08DC5FEC	rom	0x1FC	gMonFrontPic_Swinub
0x08DC61E8	rom	0x28	gMonPalette_Swinub
0x08DC6210	rom	0x23C	gMonBackPic_Swinub
0x08DC644C	rom	0x28	gMonShinyPalette_Swinub
0x08DC6474	rom	0x400	gMonIcon_Swinub
0x08DC6874	rom	0x20	gMonFootprint_Swinub
0x08DC6894	rom	0x328	gMonFrontPic_Piloswine
0x08DC6BBC	rom	0x28	gMonPalette_Piloswine
0x08DC6BE4	rom	0x24C	gMonBackPic_Piloswine
0x08DC6E30	rom	0x28	gMonShinyPalette_Piloswine
0x08DC6E58	rom	0x400	gMonIcon_Piloswine
0x08DC7258	rom	0x20	gMonFootprint_Piloswine
0x08DC7278	rom	0x2E8	gMonFrontPic_Corsola
0x08DC7560	rom	0x28	gMonPalette_Corsola
0x08DC7588	rom	0x2C0	gMonBackPic_Corsola
0x08DC7848	rom	0x28	gMonShinyPalette_Corsola
0x08DC7870	rom	0x400	gMonIcon_Corsola
0x08DC7C70	rom	0x20	gMonFootprint_Corsola
0x08DC7C90	rom	0x268	gMonFrontPic_Remoraid
0x08DC7EF8	rom	0x28	gMonPalette_Remoraid
0x08DC7F20	rom	0x314	gMonBackPic_Remoraid
0x08DC8234	rom	0x28	gMonShinyPalette_Remoraid
0x08DC825C	rom	0x400	gMonIcon_Remoraid
0x08DC865C	rom	0x20	gMonFootprint_Remoraid
0x08DC867C	rom	0x334	gMonFrontPic_Octillery
0x08DC89B0	rom	0x28	gMonPalette_Octillery
0x08DC89D8	rom	0x2B8	gMonBackPic_Octillery
0x08DC8C90	rom	0x28	gMonShinyPalette_Octillery
0x08DC8CB8	rom	0x400	gMonIcon_Octillery
0x08DC90B8	rom	0x20	gMonFootprint_Octillery
0x08DC90D8	rom	0x370	gMonFrontPic_Delibird
0x08DC9448	rom	0x28	gMonPalette_Delibird
0x08DC9470	rom	0x3C0	gMonBackPic_Delibird
0x08DC9830	rom	0x28	gMonShinyPalette_Delibird
0x08DC9858	rom	0x400	gMonIcon_Delibird
0x08DC9C58	rom	0x20	gMonFootprint_Delibird
0x08DC9C78	rom	0x49C	gMonFrontPic_Mantine
0x08DCA114	rom	0x28	gMonPalette_Mantine
0x08DCA13C	rom	0x2A0	gMonBackPic_Mantine
0x08DCA3DC	rom	0x28	gMonShinyPalette_Mantine
0x08DCA404	rom	0x400	gMonIcon_Mantine
0x08DCA804	rom	0x20	gMonFootprint_Mantine
0x08DCA824	rom	0x4E0	gMonFrontPic_Skarmory
0x08DCAD04	rom	0x28	gMonPalette_Skarmory
0x08DCAD2C	rom	0x304	gMonBackPic_Skarmory
0x08DCB030	rom	0x28	gMonShinyPalette_Skarmory
0x08DCB058	rom	0x400	gMonIcon_Skarmory
0x08DCB458	rom	0x20	gMonFootprint_Skarmory
0x08DCB478	rom	0x2B8	gMonFrontPic_Houndour
0x08DCB730	rom	0x28	gMonPalette_Houndour
0x08DCB758	rom	0x280	gMonBackPic_Houndour
0x08DCB9D8	rom	0x28	gMonShinyPalette_Houndour
0x08DCBA00	rom	0x400	gMonIcon_Houndour
0x08DCBE00	rom	0x20	gMonFootprint_Houndour
0x08DCBE20	rom	0x400	gMonFrontPic_Houndoom
0x08DCC220	rom	0x28	gMonPalette_Houndoom
0x08DCC248	rom	0x324	gMonBackPic_Houndoom
0x08DCC56C	rom	0x28	gMonShinyPalette_Houndoom
0x08DCC594	rom	0x400	gMonIcon_Houndoom
0x08DCC994	rom	0x20	gMonFootprint_Houndoom
0x08DCC9B4	rom	0x420	gMonFrontPic_Kingdra
0x08DCCDD4	rom	0x28	gMonPalette_Kingdra
0x08DCCDFC	rom	0x3B4	gMonBackPic_Kingdra
0x08DCD1B0	rom	0x28	gMonShinyPalette_Kingdra
0x08DCD1D8	rom	0x400	gMonIcon_Kingdra
0x08DCD5D8	rom	0x20	gMonFootprint_Kingdra
0x08DCD5F8	rom	0x25C	gMonFrontPic_Phanpy
0x08DCD854	rom	0x28	gMonPalette_Phanpy
0x08DCD87C	rom	0x2C4	gMonBackPic_Phanpy
0x08DCDB40	rom	0x28	gMonShinyPalette_Phanpy
0x08DCDB68	rom	0x400	gMonIcon_Phanpy
0x08DCDF68	rom	0x20	gMonFootprint_Phanpy
0x08DCDF88	rom	0x474	gMonFrontPic_Donphan
0x08DCE3FC	rom	0x28	gMonPalette_Donphan
0x08DCE424	rom	0x2FC	gMonBackPic_Donphan
0x08DCE720	rom	0x28	gMonShinyPalette_Donphan
0x08DCE748	rom	0x400	gMonIcon_Donphan
0x08DCEB48	rom	0x20	gMonFootprint_Donphan
0x08DCEB68	rom	0x288	gMonFrontPic_Porygon2
0x08DCEDF0	rom	0x28	gMonPalette_Porygon2
0x08DCEE18	rom	0x31C	gMonBackPic_Porygon2
0x08DCF134	rom	0x28	gMonShinyPalette_Porygon2
0x08DCF15C	rom	0x400	gMonIcon_Porygon2
0x08DCF55C	rom	0x20	gMonFootprint_Porygon2
0x08DCF57C	rom	0x414	gMonFrontPic_Stantler
0x08DCF990	rom	0x28	gMonPalette_Stantler
0x08DCF9B8	rom	0x34C	gMonBackPic_Stantler
0x08DCFD04	rom	0x28	gMonShinyPalette_Stantler
0x08DCFD2C	rom	0x400	gMonIcon_Stantler
0x08DD012C	rom	0x20	gMonFootprint_Stantler
0x08DD014C	rom	0x394	gMonFrontPic_Smeargle
0x08DD04E0	rom	0x28	gMonPalette_Smeargle
0x08DD0508	rom	0x324	gMonBackPic_Smeargle
0x08DD082C	rom	0x28	gMonShinyPalette_Smeargle
0x08DD0854	rom	0x400	gMonIcon_Smeargle
0x08DD0C54	rom	0x20	gMonFootprint_Smeargle
0x08DD0C74	rom	0x28C	gMonFrontPic_Tyrogue
0x08DD0F00	rom	0x28	gMonPalette_Tyrogue
0x08DD0F28	rom	0x31C	gMonBackPic_Tyrogue
0x08DD1244	rom	0x28	gMonShinyPalette_Tyrogue
0x08DD126C	rom	0x400	gMonIcon_Tyrogue
0x08DD166C	rom	0x20	gMonFootprint_Tyrogue
0x08DD168C	rom	0x38C	gMonFrontPic_Hitmontop
0x08DD1A18	rom	0x28	gMonPalette_Hitmontop
0x08DD1A40	rom	0x428	gMonBackPic_Hitmontop
0x08DD1E68	rom	0x28	gMonShinyPalette_Hitmontop
0x08DD1E90	rom	0x400	gMonIcon_Hitmontop
0x08DD2290	rom	0x200	gUnusedGarbage
0x08DD2490	rom	0x20	gMonFootprint_Hitmontop
0x08DD24B0	rom	0x258	gMonFrontPic_Smoochum
0x08DD2708	rom	0x28	gMonPalette_Smoochum
0x08DD2730	rom	0x278	gMonBackPic_Smoochum
0x08DD29A8	rom	0x28	gMonShinyPalette_Smoochum
0x08DD29D0	rom	0x400	gMonIcon_Smoochum
0x08DD2DD0	rom	0x20	gMonFootprint_Smoochum
0x08DD2DF0	rom	0x308	gMonFrontPic_Elekid
0x08DD30F8	rom	0x28	gMonPalette_Elekid
0x08DD3120	rom	0x358	gMonBackPic_Elekid
0x08DD3478	rom	0x28	gMonShinyPalette_Elekid
0x08DD34A0	rom	0x400	gMonIcon_Elekid
0x08DD38A0	rom	0x20	gMonFootprint_Elekid
0x08DD38C0	rom	0x284	gMonFrontPic_Magby
0x08DD3B44	rom	0x28	gMonPalette_Magby
0x08DD3B6C	rom	0x2AC	gMonBackPic_Magby
0x08DD3E18	rom	0x28	gMonShinyPalette_Magby
0x08DD3E40	rom	0x400	gMonIcon_Magby
0x08DD4240	rom	0x20	gMonFootprint_Magby
0x08DD4260	rom	0x3B0	gMonFrontPic_Miltank
0x08DD4610	rom	0x28	gMonPalette_Miltank
0x08DD4638	rom	0x39C	gMonBackPic_Miltank
0x08DD49D4	rom	0x28	gMonShinyPalette_Miltank
0x08DD49FC	rom	0x400	gMonIcon_Miltank
0x08DD4DFC	rom	0x20	gMonFootprint_Miltank
0x08DD4E1C	rom	0x3E8	gMonFrontPic_Blissey
0x08DD5204	rom	0x28	gMonPalette_Blissey
0x08DD522C	rom	0x2CC	gMonBackPic_Blissey
0x08DD54F8	rom	0x28	gMonShinyPalette_Blissey
0x08DD5520	rom	0x400	gMonIcon_Blissey
0x08DD5920	rom	0x20	gMonFootprint_Blissey
0x08DD5940	rom	0x57C	gMonFrontPic_Raikou
0x08DD5EBC	rom	0x28	gMonPalette_Raikou
0x08DD5EE4	rom	0x3A8	gMonBackPic_Raikou
0x08DD628C	rom	0x28	gMonShinyPalette_Raikou
0x08DD62B4	rom	0x400	gMonIcon_Raikou
0x08DD66B4	rom	0x20	gMonFootprint_Raikou
0x08DD66D4	rom	0x5FC	gMonFrontPic_Entei
0x08DD6CD0	rom	0x28	gMonPalette_Entei
0x08DD6CF8	rom	0x424	gMonBackPic_Entei
0x08DD711C	rom	0x28	gMonShinyPalette_Entei
0x08DD7144	rom	0x400	gMonIcon_Entei
0x08DD7544	rom	0x20	gMonFootprint_Entei
0x08DD7564	rom	0x584	gMonFrontPic_Suicune
0x08DD7AE8	rom	0x28	gMonPalette_Suicune
0x08DD7B10	rom	0x4DC	gMonBackPic_Suicune
0x08DD7FEC	rom	0x28	gMonShinyPalette_Suicune
0x08DD8014	rom	0x400	gMonIcon_Suicune
0x08DD8414	rom	0x20	gMonFootprint_Suicune
0x08DD8434	rom	0x25C	gMonFrontPic_Larvitar
0x08DD8690	rom	0x28	gMonPalette_Larvitar
0x08DD86B8	rom	0x2AC	gMonBackPic_Larvitar
0x08DD8964	rom	0x28	gMonShinyPalette_Larvitar
0x08DD898C	rom	0x400	gMonIcon_Larvitar
0x08DD8D8C	rom	0x20	gMonFootprint_Larvitar
0x08DD8DAC	rom	0x2F0	gMonFrontPic_Pupitar
0x08DD909C	rom	0x28	gMonPalette_Pupitar
0x08DD90C4	rom	0x338	gMonBackPic_Pupitar
0x08DD93FC	rom	0x28	gMonShinyPalette_Pupitar
0x08DD9424	rom	0x400	gMonIcon_Pupitar
0x08DD9824	rom	0x20	gMonFootprint_Pupitar
0x08DD9844	rom	0x53C	gMonFrontPic_Tyranitar
0x08DD9D80	rom	0x28	gMonPalette_Tyranitar
0x08DD9DA8	rom	0x3EC	gMonBackPic_Tyranitar
0x08DDA194	rom	0x28	gMonShinyPalette_Tyranitar
0x08DDA1BC	rom	0x400	gMonIcon_Tyranitar
0x08DDA5BC	rom	0x20	gMonFootprint_Tyranitar
0x08DDA5DC	rom	0x4C4	gMonFrontPic_Lugia
0x08DDAAA0	rom	0x28	gMonPalette_Lugia
0x08DDAAC8	rom	0x3D4	gMonBackPic_Lugia
0x08DDAE9C	rom	0x28	gMonShinyPalette_Lugia
0x08DDAEC4	rom	0x400	gMonIcon_Lugia
0x08DDB2C4	rom	0x20	gMonFootprint_Lugia
0x08DDB2E4	rom	0x654	gMonFrontPic_HoOh
0x08DDB938	rom	0x28	gMonPalette_HoOh
0x08DDB960	rom	0x410	gMonBackPic_HoOh
0x08DDBD70	rom	0x28	gMonShinyPalette_HoOh
0x08DDBD98	rom	0x400	gMonIcon_HoOh
0x08DDC198	rom	0x20	gMonFootprint_HoOh
0x08DDC1B8	rom	0x278	gMonFrontPic_Celebi
0x08DDC430	rom	0x28	gMonPalette_Celebi
0x08DDC458	rom	0x3AC	gMonBackPic_Celebi
0x08DDC804	rom	0x28	gMonShinyPalette_Celebi
0x08DDC82C	rom	0x400	gMonIcon_Celebi
0x08DDCC2C	rom	0x20	gMonFootprint_Celebi
0x08DDCC4C	rom	0x184	gMonFrontPic_DoubleQuestionMark
0x08DDCDD0	rom	0x14	gMonPalette_DoubleQuestionMark
0x08DDCDE4	rom	0x184	gMonBackPic_DoubleQuestionMark
0x08DDCF68	rom	0x14	gMonShinyPalette_DoubleQuestionMark
0x08DDCF7C	rom	0x308	gMonFrontPic_Treecko
0x08DDD284	rom	0x28	gMonPalette_Treecko
0x08DDD2AC	rom	0x300	gMonBackPic_Treecko
0x08DDD5AC	rom	0x28	gMonShinyPalette_Treecko
0x08DDD5D4	rom	0x400	gMonIcon_Treecko
0x08DDD9D4	rom	0x20	gMonFootprint_Treecko
0x08DDD9F4	rom	0x48C	gMonFrontPic_Grovyle
0x08DDDE80	rom	0x28	gMonPalette_Grovyle
0x08DDDEA8	rom	0x33C	gMonBackPic_Grovyle
0x08DDE1E4	rom	0x28	gMonShinyPalette_Grovyle
0x08DDE20C	rom	0x400	gMonIcon_Grovyle
0x08DDE60C	rom	0x20	gMonFootprint_Grovyle
0x08DDE62C	rom	0x504	gMonFrontPic_Sceptile
0x08DDEB30	rom	0x28	gMonPalette_Sceptile
0x08DDEB58	rom	0x3FC	gMonBackPic_Sceptile
0x08DDEF54	rom	0x28	gMonShinyPalette_Sceptile
0x08DDEF7C	rom	0x400	gMonIcon_Sceptile
0x08DDF37C	rom	0x20	gMonFootprint_Sceptile
0x08DDF39C	rom	0x29C	gMonFrontPic_Torchic
0x08DDF638	rom	0x28	gMonPalette_Torchic
0x08DDF660	rom	0x2D8	gMonBackPic_Torchic
0x08DDF938	rom	0x28	gMonShinyPalette_Torchic
0x08DDF960	rom	0x400	gMonIcon_Torchic
0x08DDFD60	rom	0x20	gMonFootprint_Torchic
0x08DDFD80	rom	0x3EC	gMonFrontPic_Combusken
0x08DE016C	rom	0x28	gMonPalette_Combusken
0x08DE0194	rom	0x3D0	gMonBackPic_Combusken
0x08DE0564	rom	0x28	gMonShinyPalette_Combusken
0x08DE058C	rom	0x400	gMonIcon_Combusken
0x08DE098C	rom	0x20	gMonFootprint_Combusken
0x08DE09AC	rom	0x478	gMonFrontPic_Blaziken
0x08DE0E24	rom	0x28	gMonPalette_Blaziken
0x08DE0E4C	rom	0x3DC	gMonBackPic_Blaziken
0x08DE1228	rom	0x28	gMonShinyPalette_Blaziken
0x08DE1250	rom	0x400	gMonIcon_Blaziken
0x08DE1650	rom	0x20	gMonFootprint_Blaziken
0x08DE1670	rom	0x2B8	gMonFrontPic_Mudkip
0x08DE1928	rom	0x28	gMonPalette_Mudkip
0x08DE1950	rom	0x2E0	gMonBackPic_Mudkip
0x08DE1C30	rom	0x28	gMonShinyPalette_Mudkip
0x08DE1C58	rom	0x400	gMonIcon_Mudkip
0x08DE2058	rom	0x20	gMonFootprint_Mudkip
0x08DE2078	rom	0x388	gMonFrontPic_Marshtomp
0x08DE2400	rom	0x28	gMonPalette_Marshtomp
0x08DE2428	rom	0x3B0	gMonBackPic_Marshtomp
0x08DE27D8	rom	0x28	gMonShinyPalette_Marshtomp
0x08DE2800	rom	0x400	gMonIcon_Marshtomp
0x08DE2C00	rom	0x20	gMonFootprint_Marshtomp
0x08DE2C20	rom	0x57C	gMonFrontPic_Swampert
0x08DE319C	rom	0x28	gMonPalette_Swampert
0x08DE31C4	rom	0x3B4	gMonBackPic_Swampert
0x08DE3578	rom	0x28	gMonShinyPalette_Swampert
0x08DE35A0	rom	0x400	gMonIcon_Swampert
0x08DE39A0	rom	0x20	gMonFootprint_Swampert
0x08DE39C0	rom	0x2C8	gMonFrontPic_Poochyena
0x08DE3C88	rom	0x28	gMonPalette_Poochyena
0x08DE3CB0	rom	0x32C	gMonBackPic_Poochyena
0x08DE3FDC	rom	0x28	gMonShinyPalette_Poochyena
0x08DE4004	rom	0x400	gMonIcon_Poochyena
0x08DE4404	rom	0x20	gMonFootprint_Poochyena
0x08DE4424	rom	0x438	gMonFrontPic_Mightyena
0x08DE485C	rom	0x28	gMonPalette_Mightyena
0x08DE4884	rom	0x378	gMonBackPic_Mightyena
0x08DE4BFC	rom	0x28	gMonShinyPalette_Mightyena
0x08DE4C24	rom	0x400	gMonIcon_Mightyena
0x08DE5024	rom	0x20	gMonFootprint_Mightyena
0x08DE5044	rom	0x3D0	gMonFrontPic_Zigzagoon
0x08DE5414	rom	0x28	gMonPalette_Zigzagoon
0x08DE543C	rom	0x340	gMonBackPic_Zigzagoon
0x08DE577C	rom	0x28	gMonShinyPalette_Zigzagoon
0x08DE57A4	rom	0x400	gMonIcon_Zigzagoon
0x08DE5BA4	rom	0x20	gMonFootprint_Zigzagoon
0x08DE5BC4	rom	0x370	gMonFrontPic_Linoone
0x08DE5F34	rom	0x28	gMonPalette_Linoone
0x08DE5F5C	rom	0x2D4	gMonBackPic_Linoone
0x08DE6230	rom	0x28	gMonShinyPalette_Linoone
0x08DE6258	rom	0x400	gMonIcon_Linoone
0x08DE6658	rom	0x20	gMonFootprint_Linoone
0x08DE6678	rom	0x288	gMonFrontPic_Wurmple
0x08DE6900	rom	0x28	gMonPalette_Wurmple
0x08DE6928	rom	0x24C	gMonBackPic_Wurmple
0x08DE6B74	rom	0x28	gMonShinyPalette_Wurmple
0x08DE6B9C	rom	0x400	gMonIcon_Wurmple
0x08DE6F9C	rom	0x20	gMonFootprint_Wurmple
0x08DE6FBC	rom	0x280	gMonFrontPic_Silcoon
0x08DE723C	rom	0x28	gMonPalette_Silcoon
0x08DE7264	rom	0x21C	gMonBackPic_Silcoon
0x08DE7480	rom	0x28	gMonShinyPalette_Silcoon
0x08DE74A8	rom	0x400	gMonIcon_Silcoon
0x08DE78A8	rom	0x20	gMonFootprint_Silcoon
0x08DE78C8	rom	0x358	gMonFrontPic_Beautifly
0x08DE7C20	rom	0x28	gMonPalette_Beautifly
0x08DE7C48	rom	0x3B0	gMonBackPic_Beautifly
0x08DE7FF8	rom	0x28	gMonShinyPalette_Beautifly
0x08DE8020	rom	0x400	gMonIcon_Beautifly
0x08DE8420	rom	0x20	gMonFootprint_Beautifly
0x08DE8440	rom	0x26C	gMonFrontPic_Cascoon
0x08DE86AC	rom	0x28	gMonPalette_Cascoon
0x08DE86D4	rom	0x210	gMonBackPic_Cascoon
0x08DE88E4	rom	0x28	gMonShinyPalette_Cascoon
0x08DE890C	rom	0x400	gMonIcon_Cascoon
0x08DE8D0C	rom	0x20	gMonFootprint_Cascoon
0x08DE8D2C	rom	0x368	gMonFrontPic_Dustox
0x08DE9094	rom	0x28	gMonPalette_Dustox
0x08DE90BC	rom	0x258	gMonBackPic_Dustox
0x08DE9314	rom	0x28	gMonShinyPalette_Dustox
0x08DE933C	rom	0x400	gMonIcon_Dustox
0x08DE973C	rom	0x20	gMonFootprint_Dustox
0x08DE975C	rom	0x260	gMonFrontPic_Lotad
0x08DE99BC	rom	0x28	gMonPalette_Lotad
0x08DE99E4	rom	0x2E8	gMonBackPic_Lotad
0x08DE9CCC	rom	0x28	gMonShinyPalette_Lotad
0x08DE9CF4	rom	0x400	gMonIcon_Lotad
0x08DEA0F4	rom	0x20	gMonFootprint_Lotad
0x08DEA114	rom	0x318	gMonFrontPic_Lombre
0x08DEA42C	rom	0x28	gMonPalette_Lombre
0x08DEA454	rom	0x2FC	gMonBackPic_Lombre
0x08DEA750	rom	0x28	gMonShinyPalette_Lombre
0x08DEA778	rom	0x400	gMonIcon_Lombre
0x08DEAB78	rom	0x20	gMonFootprint_Lombre
0x08DEAB98	rom	0x4E4	gMonFrontPic_Ludicolo
0x08DEB07C	rom	0x28	gMonPalette_Ludicolo
0x08DEB0A4	rom	0x2FC	gMonBackPic_Ludicolo
0x08DEB3A0	rom	0x28	gMonShinyPalette_Ludicolo
0x08DEB3C8	rom	0x400	gMonIcon_Ludicolo
0x08DEB7C8	rom	0x20	gMonFootprint_Ludicolo
0x08DEB7E8	rom	0x294	gMonFrontPic_Seedot
0x08DEBA7C	rom	0x28	gMonPalette_Seedot
0x08DEBAA4	rom	0x2E0	gMonBackPic_Seedot
0x08DEBD84	rom	0x28	gMonShinyPalette_Seedot
0x08DEBDAC	rom	0x400	gMonIcon_Seedot
0x08DEC1AC	rom	0x20	gMonFootprint_Seedot
0x08DEC1CC	rom	0x2EC	gMonFrontPic_Nuzleaf
0x08DEC4B8	rom	0x28	gMonPalette_Nuzleaf
0x08DEC4E0	rom	0x2C8	gMonBackPic_Nuzleaf
0x08DEC7A8	rom	0x28	gMonShinyPalette_Nuzleaf
0x08DEC7D0	rom	0x400	gMonIcon_Nuzleaf
0x08DECBD0	rom	0x20	gMonFootprint_Nuzleaf
0x08DECBF0	rom	0x4BC	gMonFrontPic_Shiftry
0x08DED0AC	rom	0x28	gMonPalette_Shiftry
0x08DED0D4	rom	0x2C4	gMonBackPic_Shiftry
0x08DED398	rom	0x28	gMonShinyPalette_Shiftry
0x08DED3C0	rom	0x400	gMonIcon_Shiftry
0x08DED7C0	rom	0x20	gMonFootprint_Shiftry
0x08DED7E0	rom	0x2A0	gMonFrontPic_Nincada
0x08DEDA80	rom	0x28	gMonPalette_Nincada
0x08DEDAA8	rom	0x2B8	gMonBackPic_Nincada
0x08DEDD60	rom	0x28	gMonShinyPalette_Nincada
0x08DEDD88	rom	0x400	gMonIcon_Nincada
0x08DEE188	rom	0x20	gMonFootprint_Nincada
0x08DEE1A8	rom	0x370	gMonFrontPic_Ninjask
0x08DEE518	rom	0x28	gMonPalette_Ninjask
0x08DEE540	rom	0x3CC	gMonBackPic_Ninjask
0x08DEE90C	rom	0x28	gMonShinyPalette_Ninjask
0x08DEE934	rom	0x400	gMonIcon_Ninjask
0x08DEED34	rom	0x20	gMonFootprint_Ninjask
0x08DEED54	rom	0x320	gMonFrontPic_Shedinja
0x08DEF074	rom	0x28	gMonPalette_Shedinja
0x08DEF09C	rom	0x3A0	gMonBackPic_Shedinja
0x08DEF43C	rom	0x28	gMonShinyPalette_Shedinja
0x08DEF464	rom	0x400	gMonIcon_Shedinja
0x08DEF864	rom	0x20	gMonFootprint_Shedinja
0x08DEF884	rom	0x258	gMonFrontPic_Taillow
0x08DEFADC	rom	0x28	gMonPalette_Taillow
0x08DEFB04	rom	0x220	gMonBackPic_Taillow
0x08DEFD24	rom	0x28	gMonShinyPalette_Taillow
0x08DEFD4C	rom	0x400	gMonIcon_Taillow
0x08DF014C	rom	0x20	gMonFootprint_Taillow
0x08DF016C	rom	0x3C4	gMonFrontPic_Swellow
0x08DF0530	rom	0x28	gMonPalette_Swellow
0x08DF0558	rom	0x338	gMonBackPic_Swellow
0x08DF0890	rom	0x28	gMonShinyPalette_Swellow
0x08DF08B8	rom	0x400	gMonIcon_Swellow
0x08DF0CB8	rom	0x20	gMonFootprint_Swellow
0x08DF0CD8	rom	0x268	gMonFrontPic_Shroomish
0x08DF0F40	rom	0x28	gMonPalette_Shroomish
0x08DF0F68	rom	0x2E0	gMonBackPic_Shroomish
0x08DF1248	rom	0x28	gMonShinyPalette_Shroomish
0x08DF1270	rom	0x400	gMonIcon_Shroomish
0x08DF1670	rom	0x20	gMonFootprint_Shroomish
0x08DF1690	rom	0x3E8	gMonFrontPic_Breloom
0x08DF1A78	rom	0x28	gMonPalette_Breloom
0x08DF1AA0	rom	0x3E0	gMonBackPic_Breloom
0x08DF1E80	rom	0x28	gMonShinyPalette_Breloom
0x08DF1EA8	rom	0x400	gMonIcon_Breloom
0x08DF22A8	rom	0x20	gMonFootprint_Breloom
0x08DF22C8	rom	0x300	gMonFrontPic_Spinda
0x08DF25C8	rom	0x28	gMonPalette_Spinda
0x08DF25F0	rom	0x33C	gMonBackPic_Spinda
0x08DF292C	rom	0x28	gMonShinyPalette_Spinda
0x08DF2954	rom	0x400	gMonIcon_Spinda
0x08DF2D54	rom	0x20	gMonFootprint_Spinda
0x08DF2D74	rom	0x23C	gMonFrontPic_Wingull
0x08DF2FB0	rom	0x28	gMonPalette_Wingull
0x08DF2FD8	rom	0x350	gMonBackPic_Wingull
0x08DF3328	rom	0x28	gMonShinyPalette_Wingull
0x08DF3350	rom	0x400	gMonIcon_Wingull
0x08DF3750	rom	0x20	gMonFootprint_Wingull
0x08DF3770	rom	0x398	gMonFrontPic_Pelipper
0x08DF3B08	rom	0x28	gMonPalette_Pelipper
0x08DF3B30	rom	0x380	gMonBackPic_Pelipper
0x08DF3EB0	rom	0x28	gMonShinyPalette_Pelipper
0x08DF3ED8	rom	0x400	gMonIcon_Pelipper
0x08DF42D8	rom	0x20	gMonFootprint_Pelipper
0x08DF42F8	rom	0x20C	gMonFrontPic_Surskit
0x08DF4504	rom	0x28	gMonPalette_Surskit
0x08DF452C	rom	0x238	gMonBackPic_Surskit
0x08DF4764	rom	0x28	gMonShinyPalette_Surskit
0x08DF478C	rom	0x400	gMonIcon_Surskit
0x08DF4B8C	rom	0x20	gMonFootprint_Surskit
0x08DF4BAC	rom	0x39C	gMonFrontPic_Masquerain
0x08DF4F48	rom	0x28	gMonPalette_Masquerain
0x08DF4F70	rom	0x358	gMonBackPic_Masquerain
0x08DF52C8	rom	0x28	gMonShinyPalette_Masquerain
0x08DF52F0	rom	0x400	gMonIcon_Masquerain
0x08DF56F0	rom	0x20	gMonFootprint_Masquerain
0x08DF5710	rom	0x2E0	gMonFrontPic_Wailmer
0x08DF59F0	rom	0x28	gMonPalette_Wailmer
0x08DF5A18	rom	0x1E4	gMonBackPic_Wailmer
0x08DF5BFC	rom	0x28	gMonShinyPalette_Wailmer
0x08DF5C24	rom	0x400	gMonIcon_Wailmer
0x08DF6024	rom	0x20	gMonFootprint_Wailmer
0x08DF6044	rom	0x3C4	gMonFrontPic_Wailord
0x08DF6408	rom	0x28	gMonPalette_Wailord
0x08DF6430	rom	0x218	gMonBackPic_Wailord
0x08DF6648	rom	0x28	gMonShinyPalette_Wailord
0x08DF6670	rom	0x400	gMonIcon_Wailord
0x08DF6A70	rom	0x20	gMonFootprint_Wailord
0x08DF6A90	rom	0x300	gMonFrontPic_Skitty
0x08DF6D90	rom	0x28	gMonPalette_Skitty
0x08DF6DB8	rom	0x348	gMonBackPic_Skitty
0x08DF7100	rom	0x28	gMonShinyPalette_Skitty
0x08DF7128	rom	0x400	gMonIcon_Skitty
0x08DF7528	rom	0x20	gMonFootprint_Skitty
0x08DF7548	rom	0x38C	gMonFrontPic_Delcatty
0x08DF78D4	rom	0x28	gMonPalette_Delcatty
0x08DF78FC	rom	0x39C	gMonBackPic_Delcatty
0x08DF7C98	rom	0x28	gMonShinyPalette_Delcatty
0x08DF7CC0	rom	0x400	gMonIcon_Delcatty
0x08DF80C0	rom	0x20	gMonFootprint_Delcatty
0x08DF80E0	rom	0x380	gMonFrontPic_Kecleon
0x08DF8460	rom	0x28	gMonPalette_Kecleon
0x08DF8488	rom	0x3D8	gMonBackPic_Kecleon
0x08DF8860	rom	0x28	gMonShinyPalette_Kecleon
0x08DF8888	rom	0x400	gMonIcon_Kecleon
0x08DF8C88	rom	0x20	gMonFootprint_Kecleon
0x08DF8CA8	rom	0x224	gMonFrontPic_Baltoy
0x08DF8ECC	rom	0x20	gMonPalette_Baltoy
0x08DF8EEC	rom	0x2A8	gMonBackPic_Baltoy
0x08DF9194	rom	0x20	gMonShinyPalette_Baltoy
0x08DF91B4	rom	0x400	gMonIcon_Baltoy
0x08DF95B4	rom	0x20	gMonFootprint_Baltoy
0x08DF95D4	rom	0x3B8	gMonFrontPic_Claydol
0x08DF998C	rom	0x28	gMonPalette_Claydol
0x08DF99B4	rom	0x3D4	gMonBackPic_Claydol
0x08DF9D88	rom	0x28	gMonShinyPalette_Claydol
0x08DF9DB0	rom	0x400	gMonIcon_Claydol
0x08DFA1B0	rom	0x20	gMonFootprint_Claydol
0x08DFA1D0	rom	0x2CC	gMonFrontPic_Nosepass
0x08DFA49C	rom	0x28	gMonPalette_Nosepass
0x08DFA4C4	rom	0x2A0	gMonBackPic_Nosepass
0x08DFA764	rom	0x28	gMonShinyPalette_Nosepass
0x08DFA78C	rom	0x400	gMonIcon_Nosepass
0x08DFAB8C	rom	0x20	gMonFootprint_Nosepass
0x08DFABAC	rom	0x4AC	gMonFrontPic_Torkoal
0x08DFB058	rom	0x28	gMonPalette_Torkoal
0x08DFB080	rom	0x2C8	gMonBackPic_Torkoal
0x08DFB348	rom	0x28	gMonShinyPalette_Torkoal
0x08DFB370	rom	0x400	gMonIcon_Torkoal
0x08DFB770	rom	0x20	gMonFootprint_Torkoal
0x08DFB790	rom	0x2D4	gMonFrontPic_Sableye
0x08DFBA64	rom	0x28	gMonPalette_Sableye
0x08DFBA8C	rom	0x328	gMonBackPic_Sableye
0x08DFBDB4	rom	0x28	gMonShinyPalette_Sableye
0x08DFBDDC	rom	0x400	gMonIcon_Sableye
0x08DFC1DC	rom	0x20	gMonFootprint_Sableye
0x08DFC1FC	rom	0x290	gMonFrontPic_Barboach
0x08DFC48C	rom	0x28	gMonPalette_Barboach
0x08DFC4B4	rom	0x290	gMonBackPic_Barboach
0x08DFC744	rom	0x28	gMonShinyPalette_Barboach
0x08DFC76C	rom	0x400	gMonIcon_Barboach
0x08DFCB6C	rom	0x20	gMonFootprint_Barboach
0x08DFCB8C	rom	0x378	gMonFrontPic_Whiscash
0x08DFCF04	rom	0x28	gMonPalette_Whiscash
0x08DFCF2C	rom	0x34C	gMonBackPic_Whiscash
0x08DFD278	rom	0x28	gMonShinyPalette_Whiscash
0x08DFD2A0	rom	0x400	gMonIcon_Whiscash
0x08DFD6A0	rom	0x20	gMonFootprint_Whiscash
0x08DFD6C0	rom	0x1C0	gMonFrontPic_Luvdisc
0x08DFD880	rom	0x24	gMonPalette_Luvdisc
0x08DFD8A4	rom	0x1D4	gMonBackPic_Luvdisc
0x08DFDA78	rom	0x24	gMonShinyPalette_Luvdisc
0x08DFDA9C	rom	0x400	gMonIcon_Luvdisc
0x08DFDE9C	rom	0x20	gMonFootprint_Luvdisc
0x08DFDEBC	rom	0x35C	gMonFrontPic_Corphish
0x08DFE218	rom	0x28	gMonPalette_Corphish
0x08DFE240	rom	0x31C	gMonBackPic_Corphish
0x08DFE55C	rom	0x28	gMonShinyPalette_Corphish
0x08DFE584	rom	0x400	gMonIcon_Corphish
0x08DFE984	rom	0x20	gMonFootprint_Corphish
0x08DFE9A4	rom	0x490	gMonFrontPic_Crawdaunt
0x08DFEE34	rom	0x28	gMonPalette_Crawdaunt
0x08DFEE5C	rom	0x3E4	gMonBackPic_Crawdaunt
0x08DFF240	rom	0x28	gMonShinyPalette_Crawdaunt
0x08DFF268	rom	0x400	gMonIcon_Crawdaunt
0x08DFF668	rom	0x20	gMonFootprint_Crawdaunt
0x08DFF688	rom	0x28C	gMonFrontPic_Feebas
0x08DFF914	rom	0x28	gMonPalette_Feebas
0x08DFF93C	rom	0x338	gMonBackPic_Feebas
0x08DFFC74	rom	0x28	gMonShinyPalette_Feebas
0x08DFFC9C	rom	0x400	gMonIcon_Feebas
0x08E0009C	rom	0x20	gMonFootprint_Feebas
0x08E000BC	rom	0x490	gMonFrontPic_Milotic
0x08E0054C	rom	0x28	gMonPalette_Milotic
0x08E00574	rom	0x2F4	gMonBackPic_Milotic
0x08E00868	rom	0x28	gMonShinyPalette_Milotic
0x08E00890	rom	0x400	gMonIcon_Milotic
0x08E00C90	rom	0x20	gMonFootprint_Milotic
0x08E00CB0	rom	0x32C	gMonFrontPic_Carvanha
0x08E00FDC	rom	0x28	gMonPalette_Carvanha
0x08E01004	rom	0x310	gMonBackPic_Carvanha
0x08E01314	rom	0x28	gMonShinyPalette_Carvanha
0x08E0133C	rom	0x400	gMonIcon_Carvanha
0x08E0173C	rom	0x20	gMonFootprint_Carvanha
0x08E0175C	rom	0x390	gMonFrontPic_Sharpedo
0x08E01AEC	rom	0x28	gMonPalette_Sharpedo
0x08E01B14	rom	0x358	gMonBackPic_Sharpedo
0x08E01E6C	rom	0x28	gMonShinyPalette_Sharpedo
0x08E01E94	rom	0x400	gMonIcon_Sharpedo
0x08E02294	rom	0x20	gMonFootprint_Sharpedo
0x08E022B4	rom	0x21C	gMonFrontPic_Trapinch
0x08E024D0	rom	0x28	gMonPalette_Trapinch
0x08E024F8	rom	0x220	gMonBackPic_Trapinch
0x08E02718	rom	0x28	gMonShinyPalette_Trapinch
0x08E02740	rom	0x400	gMonIcon_Trapinch
0x08E02B40	rom	0x20	gMonFootprint_Trapinch
0x08E02B60	rom	0x370	gMonFrontPic_Vibrava
0x08E02ED0	rom	0x28	gMonPalette_Vibrava
0x08E02EF8	rom	0x278	gMonBackPic_Vibrava
0x08E03170	rom	0x28	gMonShinyPalette_Vibrava
0x08E03198	rom	0x400	gMonIcon_Vibrava
0x08E03598	rom	0x20	gMonFootprint_Vibrava
0x08E035B8	rom	0x4F0	gMonFrontPic_Flygon
0x08E03AA8	rom	0x28	gMonPalette_Flygon
0x08E03AD0	rom	0x43C	gMonBackPic_Flygon
0x08E03F0C	rom	0x28	gMonShinyPalette_Flygon
0x08E03F34	rom	0x400	gMonIcon_Flygon
0x08E04334	rom	0x20	gMonFootprint_Flygon
0x08E04354	rom	0x318	gMonFrontPic_Makuhita
0x08E0466C	rom	0x28	gMonPalette_Makuhita
0x08E04694	rom	0x2F0	gMonBackPic_Makuhita
0x08E04984	rom	0x24	gMonShinyPalette_Makuhita
0x08E049A8	rom	0x400	gMonIcon_Makuhita
0x08E04DA8	rom	0x20	gMonFootprint_Makuhita
0x08E04DC8	rom	0x4B0	gMonFrontPic_Hariyama
0x08E05278	rom	0x28	gMonPalette_Hariyama
0x08E052A0	rom	0x3E0	gMonBackPic_Hariyama
0x08E05680	rom	0x28	gMonShinyPalette_Hariyama
0x08E056A8	rom	0x400	gMonIcon_Hariyama
0x08E05AA8	rom	0x20	gMonFootprint_Hariyama
0x08E05AC8	rom	0x290	gMonFrontPic_Electrike
0x08E05D58	rom	0x28	gMonPalette_Electrike
0x08E05D80	rom	0x28C	gMonBackPic_Electrike
0x08E0600C	rom	0x28	gMonShinyPalette_Electrike
0x08E06034	rom	0x400	gMonIcon_Electrike
0x08E06434	rom	0x20	gMonFootprint_Electrike
0x08E06454	rom	0x330	gMonFrontPic_Manectric
0x08E06784	rom	0x28	gMonPalette_Manectric
0x08E067AC	rom	0x22C	gMonBackPic_Manectric
0x08E069D8	rom	0x28	gMonShinyPalette_Manectric
0x08E06A00	rom	0x400	gMonIcon_Manectric
0x08E06E00	rom	0x20	gMonFootprint_Manectric
0x08E06E20	rom	0x2D0	gMonFrontPic_Numel
0x08E070F0	rom	0x28	gMonPalette_Numel
0x08E07118	rom	0x2BC	gMonBackPic_Numel
0x08E073D4	rom	0x28	gMonShinyPalette_Numel
0x08E073FC	rom	0x400	gMonIcon_Numel
0x08E077FC	rom	0x20	gMonFootprint_Numel
0x08E0781C	rom	0x418	gMonFrontPic_Camerupt
0x08E07C34	rom	0x28	gMonPalette_Camerupt
0x08E07C5C	rom	0x2C4	gMonBackPic_Camerupt
0x08E07F20	rom	0x28	gMonShinyPalette_Camerupt
0x08E07F48	rom	0x400	gMonIcon_Camerupt
0x08E08348	rom	0x20	gMonFootprint_Camerupt
0x08E08368	rom	0x274	gMonFrontPic_Spheal
0x08E085DC	rom	0x28	gMonPalette_Spheal
0x08E08604	rom	0x1FC	gMonBackPic_Spheal
0x08E08800	rom	0x28	gMonShinyPalette_Spheal
0x08E08828	rom	0x400	gMonIcon_Spheal
0x08E08C28	rom	0x20	gMonFootprint_Spheal
0x08E08C48	rom	0x380	gMonFrontPic_Sealeo
0x08E08FC8	rom	0x28	gMonPalette_Sealeo
0x08E08FF0	rom	0x27C	gMonBackPic_Sealeo
0x08E0926C	rom	0x28	gMonShinyPalette_Sealeo
0x08E09294	rom	0x400	gMonIcon_Sealeo
0x08E09694	rom	0x20	gMonFootprint_Sealeo
0x08E096B4	rom	0x4A0	gMonFrontPic_Walrein
0x08E09B54	rom	0x28	gMonPalette_Walrein
0x08E09B7C	rom	0x388	gMonBackPic_Walrein
0x08E09F04	rom	0x28	gMonShinyPalette_Walrein
0x08E09F2C	rom	0x400	gMonIcon_Walrein
0x08E0A32C	rom	0x20	gMonFootprint_Walrein
0x08E0A34C	rom	0x310	gMonFrontPic_Cacnea
0x08E0A65C	rom	0x28	gMonPalette_Cacnea
0x08E0A684	rom	0x360	gMonBackPic_Cacnea
0x08E0A9E4	rom	0x28	gMonShinyPalette_Cacnea
0x08E0AA0C	rom	0x400	gMonIcon_Cacnea
0x08E0AE0C	rom	0x20	gMonFootprint_Cacnea
0x08E0AE2C	rom	0x438	gMonFrontPic_Cacturne
0x08E0B264	rom	0x28	gMonPalette_Cacturne
0x08E0B28C	rom	0x300	gMonBackPic_Cacturne
0x08E0B58C	rom	0x28	gMonShinyPalette_Cacturne
0x08E0B5B4	rom	0x400	gMonIcon_Cacturne
0x08E0B9B4	rom	0x20	gMonFootprint_Cacturne
0x08E0B9D4	rom	0x2C4	gMonFrontPic_Snorunt
0x08E0BC98	rom	0x28	gMonPalette_Snorunt
0x08E0BCC0	rom	0x2E4	gMonBackPic_Snorunt
0x08E0BFA4	rom	0x28	gMonShinyPalette_Snorunt
0x08E0BFCC	rom	0x400	gMonIcon_Snorunt
0x08E0C3CC	rom	0x20	gMonFootprint_Snorunt
0x08E0C3EC	rom	0x3C8	gMonFrontPic_Glalie
0x08E0C7B4	rom	0x28	gMonPalette_Glalie
0x08E0C7DC	rom	0x3B0	gMonBackPic_Glalie
0x08E0CB8C	rom	0x28	gMonShinyPalette_Glalie
0x08E0CBB4	rom	0x400	gMonIcon_Glalie
0x08E0CFB4	rom	0x20	gMonFootprint_Glalie
0x08E0CFD4	rom	0x328	gMonFrontPic_Lunatone
0x08E0D2FC	rom	0x28	gMonPalette_Lunatone
0x08E0D324	rom	0x358	gMonBackPic_Lunatone
0x08E0D67C	rom	0x28	gMonShinyPalette_Lunatone
0x08E0D6A4	rom	0x400	gMonIcon_Lunatone
0x08E0DAA4	rom	0x20	gMonFootprint_Lunatone
0x08E0DAC4	rom	0x44C	gMonFrontPic_Solrock
0x08E0DF10	rom	0x28	gMonPalette_Solrock
0x08E0DF38	rom	0x3EC	gMonBackPic_Solrock
0x08E0E324	rom	0x28	gMonShinyPalette_Solrock
0x08E0E34C	rom	0x400	gMonIcon_Solrock
0x08E0E74C	rom	0x20	gMonFootprint_Solrock
0x08E0E76C	rom	0x2C8	gMonFrontPic_Azurill
0x08E0EA34	rom	0x28	gMonPalette_Azurill
0x08E0EA5C	rom	0x318	gMonBackPic_Azurill
0x08E0ED74	rom	0x28	gMonShinyPalette_Azurill
0x08E0ED9C	rom	0x400	gMonIcon_Azurill
0x08E0F19C	rom	0x20	gMonFootprint_Azurill
0x08E0F1BC	rom	0x26C	gMonFrontPic_Spoink
0x08E0F428	rom	0x28	gMonPalette_Spoink
0x08E0F450	rom	0x240	gMonBackPic_Spoink
0x08E0F690	rom	0x28	gMonShinyPalette_Spoink
0x08E0F6B8	rom	0x400	gMonIcon_Spoink
0x08E0FAB8	rom	0x20	gMonFootprint_Spoink
0x08E0FAD8	rom	0x3BC	gMonFrontPic_Grumpig
0x08E0FE94	rom	0x28	gMonPalette_Grumpig
0x08E0FEBC	rom	0x360	gMonBackPic_Grumpig
0x08E1021C	rom	0x28	gMonShinyPalette_Grumpig
0x08E10244	rom	0x400	gMonIcon_Grumpig
0x08E10644	rom	0x20	gMonFootprint_Grumpig
0x08E10664	rom	0x28C	gMonFrontPic_Plusle
0x08E108F0	rom	0x28	gMonPalette_Plusle
0x08E10918	rom	0x2B8	gMonBackPic_Plusle
0x08E10BD0	rom	0x28	gMonShinyPalette_Plusle
0x08E10BF8	rom	0x400	gMonIcon_Plusle
0x08E10FF8	rom	0x20	gMonFootprint_Plusle
0x08E11018	rom	0x268	gMonFrontPic_Minun
0x08E11280	rom	0x28	gMonPalette_Minun
0x08E112A8	rom	0x2C8	gMonBackPic_Minun
0x08E11570	rom	0x28	gMonShinyPalette_Minun
0x08E11598	rom	0x400	gMonIcon_Minun
0x08E11998	rom	0x20	gMonFootprint_Minun
0x08E119B8	rom	0x3BC	gMonFrontPic_Mawile
0x08E11D74	rom	0x28	gMonPalette_Mawile
0x08E11D9C	rom	0x400	gMonBackPic_Mawile
0x08E1219C	rom	0x28	gMonShinyPalette_Mawile
0x08E121C4	rom	0x400	gMonIcon_Mawile
0x08E125C4	rom	0x20	gMonFootprint_Mawile
0x08E125E4	rom	0x2B8	gMonFrontPic_Meditite
0x08E1289C	rom	0x28	gMonPalette_Meditite
0x08E128C4	rom	0x2C8	gMonBackPic_Meditite
0x08E12B8C	rom	0x24	gMonShinyPalette_Meditite
0x08E12BB0	rom	0x400	gMonIcon_Meditite
0x08E12FB0	rom	0x20	gMonFootprint_Meditite
0x08E12FD0	rom	0x330	gMonFrontPic_Medicham
0x08E13300	rom	0x28	gMonPalette_Medicham
0x08E13328	rom	0x338	gMonBackPic_Medicham
0x08E13660	rom	0x28	gMonShinyPalette_Medicham
0x08E13688	rom	0x400	gMonIcon_Medicham
0x08E13A88	rom	0x20	gMonFootprint_Medicham
0x08E13AA8	rom	0x2D8	gMonFrontPic_Swablu
0x08E13D80	rom	0x28	gMonPalette_Swablu
0x08E13DA8	rom	0x3B8	gMonBackPic_Swablu
0x08E14160	rom	0x28	gMonShinyPalette_Swablu
0x08E14188	rom	0x400	gMonIcon_Swablu
0x08E14588	rom	0x20	gMonFootprint_Swablu
0x08E145A8	rom	0x3DC	gMonFrontPic_Altaria
0x08E14984	rom	0x28	gMonPalette_Altaria
0x08E149AC	rom	0x378	gMonBackPic_Altaria
0x08E14D24	rom	0x28	gMonShinyPalette_Altaria
0x08E14D4C	rom	0x400	gMonIcon_Altaria
0x08E1514C	rom	0x20	gMonFootprint_Altaria
0x08E1516C	rom	0x298	gMonFrontPic_Wynaut
0x08E15404	rom	0x28	gMonPalette_Wynaut
0x08E1542C	rom	0x290	gMonBackPic_Wynaut
0x08E156BC	rom	0x28	gMonShinyPalette_Wynaut
0x08E156E4	rom	0x400	gMonIcon_Wynaut
0x08E15AE4	rom	0x20	gMonFootprint_Wynaut
0x08E15B04	rom	0x2F0	gMonFrontPic_Duskull
0x08E15DF4	rom	0x28	gMonPalette_Duskull
0x08E15E1C	rom	0x2B0	gMonBackPic_Duskull
0x08E160CC	rom	0x28	gMonShinyPalette_Duskull
0x08E160F4	rom	0x400	gMonIcon_Duskull
0x08E164F4	rom	0x20	gMonFootprint_Duskull
0x08E16514	rom	0x3A0	gMonFrontPic_Dusclops
0x08E168B4	rom	0x28	gMonPalette_Dusclops
0x08E168DC	rom	0x2EC	gMonBackPic_Dusclops
0x08E16BC8	rom	0x28	gMonShinyPalette_Dusclops
0x08E16BF0	rom	0x400	gMonIcon_Dusclops
0x08E16FF0	rom	0x20	gMonFootprint_Dusclops
0x08E17010	rom	0x36C	gMonFrontPic_Roselia
0x08E1737C	rom	0x28	gMonPalette_Roselia
0x08E173A4	rom	0x3C8	gMonBackPic_Roselia
0x08E1776C	rom	0x28	gMonShinyPalette_Roselia
0x08E17794	rom	0x400	gMonIcon_Roselia
0x08E17B94	rom	0x20	gMonFootprint_Roselia
0x08E17BB4	rom	0x2E8	gMonFrontPic_Slakoth
0x08E17E9C	rom	0x28	gMonPalette_Slakoth
0x08E17EC4	rom	0x2E8	gMonBackPic_Slakoth
0x08E181AC	rom	0x28	gMonShinyPalette_Slakoth
0x08E181D4	rom	0x400	gMonIcon_Slakoth
0x08E185D4	rom	0x20	gMonFootprint_Slakoth
0x08E185F4	rom	0x3FC	gMonFrontPic_Vigoroth
0x08E189F0	rom	0x28	gMonPalette_Vigoroth
0x08E18A18	rom	0x2C8	gMonBackPic_Vigoroth
0x08E18CE0	rom	0x28	gMonShinyPalette_Vigoroth
0x08E18D08	rom	0x400	gMonIcon_Vigoroth
0x08E19108	rom	0x20	gMonFootprint_Vigoroth
0x08E19128	rom	0x4D4	gMonFrontPic_Slaking
0x08E195FC	rom	0x28	gMonPalette_Slaking
0x08E19624	rom	0x3C4	gMonBackPic_Slaking
0x08E199E8	rom	0x28	gMonShinyPalette_Slaking
0x08E19A10	rom	0x400	gMonIcon_Slaking
0x08E19E10	rom	0x20	gMonFootprint_Slaking
0x08E19E30	rom	0x218	gMonFrontPic_Gulpin
0x08E1A048	rom	0x28	gMonPalette_Gulpin
0x08E1A070	rom	0x284	gMonBackPic_Gulpin
0x08E1A2F4	rom	0x28	gMonShinyPalette_Gulpin
0x08E1A31C	rom	0x400	gMonIcon_Gulpin
0x08E1A71C	rom	0x20	gMonFootprint_Gulpin
0x08E1A73C	rom	0x344	gMonFrontPic_Swalot
0x08E1AA80	rom	0x28	gMonPalette_Swalot
0x08E1AAA8	rom	0x348	gMonBackPic_Swalot
0x08E1ADF0	rom	0x28	gMonShinyPalette_Swalot
0x08E1AE18	rom	0x400	gMonIcon_Swalot
0x08E1B218	rom	0x20	gMonFootprint_Swalot
0x08E1B238	rom	0x578	gMonFrontPic_Tropius
0x08E1B7B0	rom	0x28	gMonPalette_Tropius
0x08E1B7D8	rom	0x324	gMonBackPic_Tropius
0x08E1BAFC	rom	0x28	gMonShinyPalette_Tropius
0x08E1BB24	rom	0x400	gMonIcon_Tropius
0x08E1BF24	rom	0x20	gMonFootprint_Tropius
0x08E1BF44	rom	0x294	gMonFrontPic_Whismur
0x08E1C1D8	rom	0x28	gMonPalette_Whismur
0x08E1C200	rom	0x270	gMonBackPic_Whismur
0x08E1C470	rom	0x28	gMonShinyPalette_Whismur
0x08E1C498	rom	0x400	gMonIcon_Whismur
0x08E1C898	rom	0x20	gMonFootprint_Whismur
0x08E1C8B8	rom	0x478	gMonFrontPic_Loudred
0x08E1CD30	rom	0x28	gMonPalette_Loudred
0x08E1CD58	rom	0x370	gMonBackPic_Loudred
0x08E1D0C8	rom	0x28	gMonShinyPalette_Loudred
0x08E1D0F0	rom	0x400	gMonIcon_Loudred
0x08E1D4F0	rom	0x20	gMonFootprint_Loudred
0x08E1D510	rom	0x568	gMonFrontPic_Exploud
0x08E1DA78	rom	0x28	gMonPalette_Exploud
0x08E1DAA0	rom	0x40C	gMonBackPic_Exploud
0x08E1DEAC	rom	0x28	gMonShinyPalette_Exploud
0x08E1DED4	rom	0x400	gMonIcon_Exploud
0x08E1E2D4	rom	0x20	gMonFootprint_Exploud
0x08E1E2F4	rom	0x2D8	gMonFrontPic_Clamperl
0x08E1E5CC	rom	0x28	gMonPalette_Clamperl
0x08E1E5F4	rom	0x294	gMonBackPic_Clamperl
0x08E1E888	rom	0x28	gMonShinyPalette_Clamperl
0x08E1E8B0	rom	0x400	gMonIcon_Clamperl
0x08E1ECB0	rom	0x20	gMonFootprint_Clamperl
0x08E1ECD0	rom	0x3CC	gMonFrontPic_Huntail
0x08E1F09C	rom	0x28	gMonPalette_Huntail
0x08E1F0C4	rom	0x354	gMonBackPic_Huntail
0x08E1F418	rom	0x28	gMonShinyPalette_Huntail
0x08E1F440	rom	0x400	gMonIcon_Huntail
0x08E1F840	rom	0x20	gMonFootprint_Huntail
0x08E1F860	rom	0x310	gMonFrontPic_Gorebyss
0x08E1FB70	rom	0x28	gMonPalette_Gorebyss
0x08E1FB98	rom	0x2E8	gMonBackPic_Gorebyss
0x08E1FE80	rom	0x28	gMonShinyPalette_Gorebyss
0x08E1FEA8	rom	0x400	gMonIcon_Gorebyss
0x08E202A8	rom	0x20	gMonFootprint_Gorebyss
0x08E202C8	rom	0x430	gMonFrontPic_Absol
0x08E206F8	rom	0x28	gMonPalette_Absol
0x08E20720	rom	0x360	gMonBackPic_Absol
0x08E20A80	rom	0x28	gMonShinyPalette_Absol
0x08E20AA8	rom	0x400	gMonIcon_Absol
0x08E20EA8	rom	0x20	gMonFootprint_Absol
0x08E20EC8	rom	0x238	gMonFrontPic_Shuppet
0x08E21100	rom	0x28	gMonPalette_Shuppet
0x08E21128	rom	0x298	gMonBackPic_Shuppet
0x08E213C0	rom	0x28	gMonShinyPalette_Shuppet
0x08E213E8	rom	0x400	gMonIcon_Shuppet
0x08E217E8	rom	0x20	gMonFootprint_Shuppet
0x08E21808	rom	0x2B4	gMonFrontPic_Banette
0x08E21ABC	rom	0x28	gMonPalette_Banette
0x08E21AE4	rom	0x27C	gMonBackPic_Banette
0x08E21D60	rom	0x28	gMonShinyPalette_Banette
0x08E21D88	rom	0x400	gMonIcon_Banette
0x08E22188	rom	0x20	gMonFootprint_Banette
0x08E221A8	rom	0x420	gMonFrontPic_Seviper
0x08E225C8	rom	0x28	gMonPalette_Seviper
0x08E225F0	rom	0x48C	gMonBackPic_Seviper
0x08E22A7C	rom	0x28	gMonShinyPalette_Seviper
0x08E22AA4	rom	0x400	gMonIcon_Seviper
0x08E22EA4	rom	0x20	gMonFootprint_Seviper
0x08E22EC4	rom	0x3CC	gMonFrontPic_Zangoose
0x08E23290	rom	0x28	gMonPalette_Zangoose
0x08E232B8	rom	0x374	gMonBackPic_Zangoose
0x08E2362C	rom	0x28	gMonShinyPalette_Zangoose
0x08E23654	rom	0x400	gMonIcon_Zangoose
0x08E23A54	rom	0x20	gMonFootprint_Zangoose
0x08E23A74	rom	0x394	gMonFrontPic_Relicanth
0x08E23E08	rom	0x28	gMonPalette_Relicanth
0x08E23E30	rom	0x358	gMonBackPic_Relicanth
0x08E24188	rom	0x28	gMonShinyPalette_Relicanth
0x08E241B0	rom	0x400	gMonIcon_Relicanth
0x08E245B0	rom	0x20	gMonFootprint_Relicanth
0x08E245D0	rom	0x1E8	gMonFrontPic_Aron
0x08E247B8	rom	0x28	gMonPalette_Aron
0x08E247E0	rom	0x228	gMonBackPic_Aron
0x08E24A08	rom	0x28	gMonShinyPalette_Aron
0x08E24A30	rom	0x400	gMonIcon_Aron
0x08E24E30	rom	0x20	gMonFootprint_Aron
0x08E24E50	rom	0x3CC	gMonFrontPic_Lairon
0x08E2521C	rom	0x28	gMonPalette_Lairon
0x08E25244	rom	0x2EC	gMonBackPic_Lairon
0x08E25530	rom	0x28	gMonShinyPalette_Lairon
0x08E25558	rom	0x400	gMonIcon_Lairon
0x08E25958	rom	0x20	gMonFootprint_Lairon
0x08E25978	rom	0x57C	gMonFrontPic_Aggron
0x08E25EF4	rom	0x28	gMonPalette_Aggron
0x08E25F1C	rom	0x428	gMonBackPic_Aggron
0x08E26344	rom	0x28	gMonShinyPalette_Aggron
0x08E2636C	rom	0x400	gMonIcon_Aggron
0x08E2676C	rom	0x20	gMonFootprint_Aggron
0x08E2678C	rom	0xA88	gMonFrontPic_Castform
0x08E27214	rom	0x80	gMonPalette_Castform
0x08E27294	rom	0x9BC	gMonBackPic_Castform
0x08E27C50	rom	0x7C	gMonShinyPalette_Castform
0x08E27CCC	rom	0x400	gMonIcon_Castform
0x08E280CC	rom	0x20	gMonFootprint_Castform
0x08E280EC	rom	0x390	gMonFrontPic_Volbeat
0x08E2847C	rom	0x28	gMonPalette_Volbeat
0x08E284A4	rom	0x360	gMonBackPic_Volbeat
0x08E28804	rom	0x28	gMonShinyPalette_Volbeat
0x08E2882C	rom	0x400	gMonIcon_Volbeat
0x08E28C2C	rom	0x20	gMonFootprint_Volbeat
0x08E28C4C	rom	0x374	gMonFrontPic_Illumise
0x08E28FC0	rom	0x28	gMonPalette_Illumise
0x08E28FE8	rom	0x31C	gMonBackPic_Illumise
0x08E29304	rom	0x28	gMonShinyPalette_Illumise
0x08E2932C	rom	0x400	gMonIcon_Illumise
0x08E2972C	rom	0x20	gMonFootprint_Illumise
0x08E2974C	rom	0x344	gMonFrontPic_Lileep
0x08E29A90	rom	0x28	gMonPalette_Lileep
0x08E29AB8	rom	0x344	gMonBackPic_Lileep
0x08E29DFC	rom	0x28	gMonShinyPalette_Lileep
0x08E29E24	rom	0x400	gMonIcon_Lileep
0x08E2A224	rom	0x20	gMonFootprint_Lileep
0x08E2A244	rom	0x41C	gMonFrontPic_Cradily
0x08E2A660	rom	0x28	gMonPalette_Cradily
0x08E2A688	rom	0x3FC	gMonBackPic_Cradily
0x08E2AA84	rom	0x28	gMonShinyPalette_Cradily
0x08E2AAAC	rom	0x400	gMonIcon_Cradily
0x08E2AEAC	rom	0x20	gMonFootprint_Cradily
0x08E2AECC	rom	0x324	gMonFrontPic_Anorith
0x08E2B1F0	rom	0x28	gMonPalette_Anorith
0x08E2B218	rom	0x248	gMonBackPic_Anorith
0x08E2B460	rom	0x28	gMonShinyPalette_Anorith
0x08E2B488	rom	0x400	gMonIcon_Anorith
0x08E2B888	rom	0x20	gMonFootprint_Anorith
0x08E2B8A8	rom	0x580	gMonFrontPic_Armaldo
0x08E2BE28	rom	0x28	gMonPalette_Armaldo
0x08E2BE50	rom	0x438	gMonBackPic_Armaldo
0x08E2C288	rom	0x28	gMonShinyPalette_Armaldo
0x08E2C2B0	rom	0x400	gMonIcon_Armaldo
0x08E2C6B0	rom	0x20	gMonFootprint_Armaldo
0x08E2C6D0	rom	0x230	gMonFrontPic_Ralts
0x08E2C900	rom	0x28	gMonPalette_Ralts
0x08E2C928	rom	0x23C	gMonBackPic_Ralts
0x08E2CB64	rom	0x28	gMonShinyPalette_Ralts
0x08E2CB8C	rom	0x400	gMonIcon_Ralts
0x08E2CF8C	rom	0x20	gMonFootprint_Ralts
0x08E2CFAC	rom	0x2FC	gMonFrontPic_Kirlia
0x08E2D2A8	rom	0x28	gMonPalette_Kirlia
0x08E2D2D0	rom	0x374	gMonBackPic_Kirlia
0x08E2D644	rom	0x28	gMonShinyPalette_Kirlia
0x08E2D66C	rom	0x400	gMonIcon_Kirlia
0x08E2DA6C	rom	0x20	gMonFootprint_Kirlia
0x08E2DA8C	rom	0x37C	gMonFrontPic_Gardevoir
0x08E2DE08	rom	0x28	gMonPalette_Gardevoir
0x08E2DE30	rom	0x334	gMonBackPic_Gardevoir
0x08E2E164	rom	0x28	gMonShinyPalette_Gardevoir
0x08E2E18C	rom	0x400	gMonIcon_Gardevoir
0x08E2E58C	rom	0x20	gMonFootprint_Gardevoir
0x08E2E5AC	rom	0x278	gMonFrontPic_Bagon
0x08E2E824	rom	0x28	gMonPalette_Bagon
0x08E2E84C	rom	0x2E8	gMonBackPic_Bagon
0x08E2EB34	rom	0x28	gMonShinyPalette_Bagon
0x08E2EB5C	rom	0x400	gMonIcon_Bagon
0x08E2EF5C	rom	0x20	gMonFootprint_Bagon
0x08E2EF7C	rom	0x304	gMonFrontPic_Shelgon
0x08E2F280	rom	0x28	gMonPalette_Shelgon
0x08E2F2A8	rom	0x2E8	gMonBackPic_Shelgon
0x08E2F590	rom	0x28	gMonShinyPalette_Shelgon
0x08E2F5B8	rom	0x400	gMonIcon_Shelgon
0x08E2F9B8	rom	0x20	gMonFootprint_Shelgon
0x08E2F9D8	rom	0x464	gMonFrontPic_Salamence
0x08E2FE3C	rom	0x28	gMonPalette_Salamence
0x08E2FE64	rom	0x2E4	gMonBackPic_Salamence
0x08E30148	rom	0x28	gMonShinyPalette_Salamence
0x08E30170	rom	0x400	gMonIcon_Salamence
0x08E30570	rom	0x20	gMonFootprint_Salamence
0x08E30590	rom	0x270	gMonFrontPic_Beldum
0x08E30800	rom	0x28	gMonPalette_Beldum
0x08E30828	rom	0x2F0	gMonBackPic_Beldum
0x08E30B18	rom	0x28	gMonShinyPalette_Beldum
0x08E30B40	rom	0x400	gMonIcon_Beldum
0x08E30F40	rom	0x20	gMonFootprint_Beldum
0x08E30F60	rom	0x45C	gMonFrontPic_Metang
0x08E313BC	rom	0x28	gMonPalette_Metang
0x08E313E4	rom	0x324	gMonBackPic_Metang
0x08E31708	rom	0x28	gMonShinyPalette_Metang
0x08E31730	rom	0x400	gMonIcon_Metang
0x08E31B30	rom	0x20	gMonFootprint_Metang
0x08E31B50	rom	0x464	gMonFrontPic_Metagross
0x08E31FB4	rom	0x28	gMonPalette_Metagross
0x08E31FDC	rom	0x2CC	gMonBackPic_Metagross
0x08E322A8	rom	0x28	gMonShinyPalette_Metagross
0x08E322D0	rom	0x400	gMonIcon_Metagross
0x08E326D0	rom	0x20	gMonFootprint_Metagross
0x08E326F0	rom	0x4BC	gMonFrontPic_Regirock
0x08E32BAC	rom	0x28	gMonPalette_Regirock
0x08E32BD4	rom	0x44C	gMonBackPic_Regirock
0x08E33020	rom	0x28	gMonShinyPalette_Regirock
0x08E33048	rom	0x400	gMonIcon_Regirock
0x08E33448	rom	0x20	gMonFootprint_Regirock
0x08E33468	rom	0x448	gMonFrontPic_Regice
0x08E338B0	rom	0x28	gMonPalette_Regice
0x08E338D8	rom	0x2F0	gMonBackPic_Regice
0x08E33BC8	rom	0x28	gMonShinyPalette_Regice
0x08E33BF0	rom	0x400	gMonIcon_Regice
0x08E33FF0	rom	0x20	gMonFootprint_Regice
0x08E34010	rom	0x488	gMonFrontPic_Registeel
0x08E34498	rom	0x28	gMonPalette_Registeel
0x08E344C0	rom	0x338	gMonBackPic_Registeel
0x08E347F8	rom	0x28	gMonShinyPalette_Registeel
0x08E34820	rom	0x400	gMonIcon_Registeel
0x08E34C20	rom	0x20	gMonFootprint_Registeel
0x08E34C40	rom	0x470	gMonFrontPic_Kyogre
0x08E350B0	rom	0x28	gMonPalette_Kyogre
0x08E350D8	rom	0x278	gMonBackPic_Kyogre
0x08E35350	rom	0x28	gMonShinyPalette_Kyogre
0x08E35378	rom	0x400	gMonIcon_Kyogre
0x08E35778	rom	0x20	gMonFootprint_Kyogre
0x08E35798	rom	0x594	gMonFrontPic_Groudon
0x08E35D2C	rom	0x28	gMonPalette_Groudon
0x08E35D54	rom	0x468	gMonBackPic_Groudon
0x08E361BC	rom	0x28	gMonShinyPalette_Groudon
0x08E361E4	rom	0x400	gMonIcon_Groudon
0x08E365E4	rom	0x20	gMonFootprint_Groudon
0x08E36604	rom	0x510	gMonFrontPic_Rayquaza
0x08E36B14	rom	0x28	gMonPalette_Rayquaza
0x08E36B3C	rom	0x338	gMonBackPic_Rayquaza
0x08E36E74	rom	0x28	gMonShinyPalette_Rayquaza
0x08E36E9C	rom	0x400	gMonIcon_Rayquaza
0x08E3729C	rom	0x20	gMonFootprint_Rayquaza
0x08E372BC	rom	0x424	gMonFrontPic_Latias
0x08E376E0	rom	0x28	gMonPalette_Latias
0x08E37708	rom	0x2FC	gMonBackPic_Latias
0x08E37A04	rom	0x28	gMonShinyPalette_Latias
0x08E37A2C	rom	0x400	gMonIcon_Latias
0x08E37E2C	rom	0x20	gMonFootprint_Latias
0x08E37E4C	rom	0x454	gMonFrontPic_Latios
0x08E382A0	rom	0x28	gMonPalette_Latios
0x08E382C8	rom	0x360	gMonBackPic_Latios
0x08E38628	rom	0x28	gMonShinyPalette_Latios
0x08E38650	rom	0x400	gMonIcon_Latios
0x08E38A50	rom	0x20	gMonFootprint_Latios
0x08E38A70	rom	0x30C	gMonFrontPic_Jirachi
0x08E38D7C	rom	0x28	gMonPalette_Jirachi
0x08E38DA4	rom	0x3A0	gMonBackPic_Jirachi
0x08E39144	rom	0x28	gMonShinyPalette_Jirachi
0x08E3916C	rom	0x400	gMonIcon_Jirachi
0x08E3956C	rom	0x20	gMonFootprint_Jirachi
0x08E3958C	rom	0x834	gMonFrontPic_Deoxys
0x08E39DC0	rom	0x28	gMonPalette_Deoxys
0x08E39DE8	rom	0x5F8	gMonBackPic_Deoxys
0x08E3A3E0	rom	0x28	gMonShinyPalette_Deoxys
0x08E3A408	rom	0x800	gMonIcon_Deoxys
0x08E3AC08	rom	0x20	gMonFootprint_Deoxys
0x08E3AC28	rom	0x24C	gMonFrontPic_Chimecho
0x08E3AE74	rom	0x28	gMonPalette_Chimecho
0x08E3AE9C	rom	0x274	gMonBackPic_Chimecho
0x08E3B110	rom	0x28	gMonShinyPalette_Chimecho
0x08E3B138	rom	0x400	gMonIcon_Chimecho
0x08E3B538	rom	0x20	gMonFootprint_Chimecho
0x08E3B558	rom	0x1B4	gMonFrontPic_Egg
0x08E3B70C	rom	0x20	gMonPalette_Egg
0x08E3B72C	rom	0x1D8	gMonFrontPic_UnownB
0x08E3B904	rom	0x204	gMonBackPic_UnownB
0x08E3BB08	rom	0x400	gMonIcon_UnownB
0x08E3BF08	rom	0x214	gMonFrontPic_UnownC
0x08E3C11C	rom	0x2AC	gMonBackPic_UnownC
0x08E3C3C8	rom	0x400	gMonIcon_UnownC
0x08E3C7C8	rom	0x1F8	gMonFrontPic_UnownD
0x08E3C9C0	rom	0x258	gMonBackPic_UnownD
0x08E3CC18	rom	0x400	gMonIcon_UnownD
0x08E3D018	rom	0x1B8	gMonFrontPic_UnownE
0x08E3D1D0	rom	0x200	gMonBackPic_UnownE
0x08E3D3D0	rom	0x400	gMonIcon_UnownE
0x08E3D7D0	rom	0x1F4	gMonFrontPic_UnownF
0x08E3D9C4	rom	0x21C	gMonBackPic_UnownF
0x08E3DBE0	rom	0x400	gMonIcon_UnownF
0x08E3DFE0	rom	0x1DC	gMonFrontPic_UnownG
0x08E3E1BC	rom	0x24C	gMonBackPic_UnownG
0x08E3E408	rom	0x400	gMonIcon_UnownG
0x08E3E808	rom	0x244	gMonFrontPic_UnownH
0x08E3EA4C	rom	0x2C4	gMonBackPic_UnownH
0x08E3ED10	rom	0x400	gMonIcon_UnownH
0x08E3F110	rom	0x198	gMonFrontPic_UnownI
0x08E3F2A8	rom	0x1A8	gMonBackPic_UnownI
0x08E3F450	rom	0x400	gMonIcon_UnownI
0x08E3F850	rom	0x1C4	gMonFrontPic_UnownJ
0x08E3FA14	rom	0x1E8	gMonBackPic_UnownJ
0x08E3FBFC	rom	0x400	gMonIcon_UnownJ
0x08E3FFFC	rom	0x1D0	gMonFrontPic_UnownK
0x08E401CC	rom	0x1F8	gMonBackPic_UnownK
0x08E403C4	rom	0x400	gMonIcon_UnownK
0x08E407C4	rom	0x1B0	gMonFrontPic_UnownL
0x08E40974	rom	0x1D4	gMonBackPic_UnownL
0x08E40B48	rom	0x400	gMonIcon_UnownL
0x08E40F48	rom	0x224	gMonFrontPic_UnownM
0x08E4116C	rom	0x2A8	gMonBackPic_UnownM
0x08E41414	rom	0x400	gMonIcon_UnownM
0x08E41814	rom	0x1F8	gMonFrontPic_UnownN
0x08E41A0C	rom	0x26C	gMonBackPic_UnownN
0x08E41C78	rom	0x400	gMonIcon_UnownN
0x08E42078	rom	0x238	gMonFrontPic_UnownO
0x08E422B0	rom	0x2C0	gMonBackPic_UnownO
0x08E42570	rom	0x400	gMonIcon_UnownO
0x08E42970	rom	0x1A0	gMonFrontPic_UnownP
0x08E42B10	rom	0x1C4	gMonBackPic_UnownP
0x08E42CD4	rom	0x400	gMonIcon_UnownP
0x08E430D4	rom	0x1B4	gMonFrontPic_UnownQ
0x08E43288	rom	0x1CC	gMonBackPic_UnownQ
0x08E43454	rom	0x400	gMonIcon_UnownQ
0x08E43854	rom	0x1A4	gMonFrontPic_UnownR
0x08E439F8	rom	0x1C8	gMonBackPic_UnownR
0x08E43BC0	rom	0x400	gMonIcon_UnownR
0x08E43FC0	rom	0x1E8	gMonFrontPic_UnownS
0x08E441A8	rom	0x254	gMonBackPic_UnownS
0x08E443FC	rom	0x400	gMonIcon_UnownS
0x08E447FC	rom	0x1B0	gMonFrontPic_UnownT
0x08E449AC	rom	0x1B4	gMonBackPic_UnownT
0x08E44B60	rom	0x400	gMonIcon_UnownT
0x08E44F60	rom	0x218	gMonFrontPic_UnownU
0x08E45178	rom	0x254	gMonBackPic_UnownU
0x08E453CC	rom	0x400	gMonIcon_UnownU
0x08E457CC	rom	0x1E4	gMonFrontPic_UnownV
0x08E459B0	rom	0x230	gMonBackPic_UnownV
0x08E45BE0	rom	0x400	gMonIcon_UnownV
0x08E45FE0	rom	0x1D4	gMonFrontPic_UnownW
0x08E461B4	rom	0x204	gMonBackPic_UnownW
0x08E463B8	rom	0x400	gMonIcon_UnownW
0x08E467B8	rom	0x1C4	gMonFrontPic_UnownX
0x08E4697C	rom	0x1F0	gMonBackPic_UnownX
0x08E46B6C	rom	0x400	gMonIcon_UnownX
0x08E46F6C	rom	0x1D8	gMonFrontPic_UnownY
0x08E47144	rom	0x1F4	gMonBackPic_UnownY
0x08E47338	rom	0x400	gMonIcon_UnownY
0x08E47738	rom	0x1B0	gMonFrontPic_UnownZ
0x08E478E8	rom	0x1DC	gMonBackPic_UnownZ
0x08E47AC4	rom	0x400	gMonIcon_UnownZ
0x08E47EC4	rom	0x190	gMonFrontPic_UnownExclamationMark
0x08E48054	rom	0x1C8	gMonBackPic_UnownExclamationMark
0x08E4821C	rom	0x400	gMonIcon_UnownExclamationMark
0x08E4861C	rom	0x1BC	gMonFrontPic_UnownQuestionMark
0x08E487D8	rom	0x200	gMonBackPic_UnownQuestionMark
0x08E489D8	rom	0x400	gMonIcon_UnownQuestionMark
0x08E48DD8	rom	0x33C	gTrainerFrontPic_AquaLeaderArchie
0x08E49114	rom	0x28	gTrainerPalette_AquaLeaderArchie
0x08E4913C	rom	0x360	gTrainerFrontPic_AquaGruntM
0x08E4949C	rom	0x28	gTrainerPalette_AquaGruntM
0x08E494C4	rom	0x33C	gTrainerFrontPic_AquaGruntF
0x08E49800	rom	0x28	gTrainerPalette_AquaGruntF
0x08E49828	rom	0x2C4	gTrainerFrontPic_RSAromaLady
0x08E49AEC	rom	0x28	gTrainerPalette_RSAromaLady
0x08E49B14	rom	0x39C	gTrainerFrontPic_RSRuinManiac
0x08E49EB0	rom	0x28	gTrainerPalette_RSRuinManiac
0x08E49ED8	rom	0x4A4	gTrainerFrontPic_Interviewer
0x08E4A37C	rom	0x28	gTrainerPalette_Interviewer
0x08E4A3A4	rom	0x2A4	gTrainerFrontPic_RSTuberF
0x08E4A648	rom	0x28	gTrainerPalette_RSTuberF
0x08E4A670	rom	0x28C	gTrainerFrontPic_TuberM
0x08E4A8FC	rom	0x28	gTrainerPalette_TuberM
0x08E4A924	rom	0x2E8	gTrainerFrontPic_RSCooltrainerM
0x08E4AC0C	rom	0x28	gTrainerPalette_RSCooltrainerM
0x08E4AC34	rom	0x314	gTrainerFrontPic_RSCooltrainerF
0x08E4AF48	rom	0x28	gTrainerPalette_RSCooltrainerF
0x08E4AF70	rom	0x36C	gTrainerFrontPic_HexManiac
0x08E4B2DC	rom	0x28	gTrainerPalette_HexManiac
0x08E4B304	rom	0x3B4	gTrainerFrontPic_RSLady
0x08E4B6B8	rom	0x28	gTrainerPalette_RSLady
0x08E4B6E0	rom	0x2E8	gTrainerFrontPic_RSBeauty
0x08E4B9C8	rom	0x28	gTrainerPalette_RSBeauty
0x08E4B9F0	rom	0x2B4	gTrainerFrontPic_RichBoy
0x08E4BCA4	rom	0x28	gTrainerPalette_RichBoy
0x08E4BCCC	rom	0x370	gTrainerFrontPic_RSPokeManiac
0x08E4C03C	rom	0x28	gTrainerPalette_RSPokeManiac
0x08E4C064	rom	0x2C0	gTrainerFrontPic_RSSwimmerM
0x08E4C324	rom	0x28	gTrainerPalette_RSSwimmerM
0x08E4C34C	rom	0x364	gTrainerFrontPic_RSBlackBelt
0x08E4C6B0	rom	0x28	gTrainerPalette_RSBlackBelt
0x08E4C6D8	rom	0x384	gTrainerFrontPic_Guitarist
0x08E4CA5C	rom	0x28	gTrainerPalette_Guitarist
0x08E4CA84	rom	0x36C	gTrainerFrontPic_Kindler
0x08E4CDF0	rom	0x28	gTrainerPalette_Kindler
0x08E4CE18	rom	0x2E8	gTrainerFrontPic_RSCamper
0x08E4D100	rom	0x28	gTrainerPalette_RSCamper
0x08E4D128	rom	0x450	gTrainerFrontPic_BugManiac
0x08E4D578	rom	0x28	gTrainerPalette_BugManiac
0x08E4D5A0	rom	0x32C	gTrainerFrontPic_RSPsychicM
0x08E4D8CC	rom	0x28	gTrainerPalette_RSPsychicM
0x08E4D8F4	rom	0x328	gTrainerFrontPic_RSPsychicF
0x08E4DC1C	rom	0x28	gTrainerPalette_RSPsychicF
0x08E4DC44	rom	0x300	gTrainerFrontPic_RSGentleman
0x08E4DF44	rom	0x28	gTrainerPalette_RSGentleman
0x08E4DF6C	rom	0x334	gTrainerFrontPic_EliteFourSidney
0x08E4E2A0	rom	0x28	gTrainerPalette_EliteFourSidney
0x08E4E2C8	rom	0x300	gTrainerFrontPic_EliteFourPhoebe
0x08E4E5C8	rom	0x28	gTrainerPalette_EliteFourPhoebe
0x08E4E5F0	rom	0x2EC	gTrainerFrontPic_LeaderRoxanne
0x08E4E8DC	rom	0x28	gTrainerPalette_LeaderRoxanne
0x08E4E904	rom	0x394	gTrainerFrontPic_LeaderBrawly
0x08E4EC98	rom	0x28	gTrainerPalette_LeaderBrawly
0x08E4ECC0	rom	0x444	gTrainerFrontPic_LeaderTateAndLiza
0x08E4F104	rom	0x28	gTrainerPalette_LeaderTateAndLiza
0x08E4F12C	rom	0x2C0	gTrainerFrontPic_SchoolKidM
0x08E4F3EC	rom	0x28	gTrainerPalette_SchoolKidM
0x08E4F414	rom	0x29C	gTrainerFrontPic_SchoolKidF
0x08E4F6B0	rom	0x28	gTrainerPalette_SchoolKidF
0x08E4F6D8	rom	0x470	gTrainerFrontPic_SrAndJr
0x08E4FB48	rom	0x28	gTrainerPalette_SrAndJr
0x08E4FB70	rom	0x3BC	gTrainerFrontPic_PokefanM
0x08E4FF2C	rom	0x28	gTrainerPalette_PokefanM
0x08E4FF54	rom	0x3CC	gTrainerFrontPic_PokefanF
0x08E50320	rom	0x28	gTrainerPalette_PokefanF
0x08E50348	rom	0x340	gTrainerFrontPic_ExpertM
0x08E50688	rom	0x28	gTrainerPalette_ExpertM
0x08E506B0	rom	0x31C	gTrainerFrontPic_ExpertF
0x08E509CC	rom	0x28	gTrainerPalette_ExpertF
0x08E509F4	rom	0x2A8	gTrainerFrontPic_RSYoungster
0x08E50C9C	rom	0x28	gTrainerPalette_RSYoungster
0x08E50CC4	rom	0x338	gTrainerFrontPic_ChampionSteven
0x08E50FFC	rom	0x28	gTrainerPalette_ChampionSteven
0x08E51024	rom	0x3E4	gTrainerFrontPic_RSFisherman
0x08E51408	rom	0x28	gTrainerPalette_RSFisherman
0x08E51430	rom	0x410	gTrainerFrontPic_CyclingTriathleteM
0x08E51840	rom	0x28	gTrainerPalette_CyclingTriathleteM
0x08E51868	rom	0x40C	gTrainerFrontPic_CyclingTriathleteF
0x08E51C74	rom	0x28	gTrainerPalette_CyclingTriathleteF
0x08E51C9C	rom	0x2B8	gTrainerFrontPic_RunningTriathleteM
0x08E51F54	rom	0x28	gTrainerPalette_RunningTriathleteM
0x08E51F7C	rom	0x2A4	gTrainerFrontPic_RunningTriathleteF
0x08E52220	rom	0x28	gTrainerPalette_RunningTriathleteF
0x08E52248	rom	0x32C	gTrainerFrontPic_SwimmingTriathleteM
0x08E52574	rom	0x28	gTrainerPalette_SwimmingTriathleteM
0x08E5259C	rom	0x2DC	gTrainerFrontPic_SwimmingTriathleteF
0x08E52878	rom	0x28	gTrainerPalette_SwimmingTriathleteF
0x08E528A0	rom	0x354	gTrainerFrontPic_DragonTamer
0x08E52BF4	rom	0x28	gTrainerPalette_DragonTamer
0x08E52C1C	rom	0x338	gTrainerFrontPic_RSBirdKeeper
0x08E52F54	rom	0x28	gTrainerPalette_RSBirdKeeper
0x08E52F7C	rom	0x2DC	gTrainerFrontPic_NinjaBoy
0x08E53258	rom	0x28	gTrainerPalette_NinjaBoy
0x08E53280	rom	0x320	gTrainerFrontPic_BattleGirl
0x08E535A0	rom	0x28	gTrainerPalette_BattleGirl
0x08E535C8	rom	0x338	gTrainerFrontPic_ParasolLady
0x08E53900	rom	0x28	gTrainerPalette_ParasolLady
0x08E53928	rom	0x2D0	gTrainerFrontPic_RSSwimmerF
0x08E53BF8	rom	0x28	gTrainerPalette_RSSwimmerF
0x08E53C20	rom	0x2E0	gTrainerFrontPic_RSPicnicker
0x08E53F00	rom	0x28	gTrainerPalette_RSPicnicker
0x08E53F28	rom	0x3C4	gTrainerFrontPic_RSTwins
0x08E542EC	rom	0x28	gTrainerPalette_RSTwins
0x08E54314	rom	0x3B0	gTrainerFrontPic_RSSailor
0x08E546C4	rom	0x28	gTrainerPalette_RSSailor
0x08E546EC	rom	0x404	gTrainerFrontPic_Collector
0x08E54AF0	rom	0x28	gTrainerPalette_Collector
0x08E54B18	rom	0x2D0	gTrainerFrontPic_Wally
0x08E54DE8	rom	0x28	gTrainerPalette_Wally
0x08E54E10	rom	0x314	gTrainerFrontPic_RSBrendan1
0x08E55124	rom	0x28	gTrainerPalette_RSBrendan1
0x08E5514C	rom	0x300	gTrainerFrontPic_RSMay1
0x08E5544C	rom	0x28	gTrainerPalette_RSMay1
0x08E55474	rom	0x330	gTrainerFrontPic_RSPokemonBreederM
0x08E557A4	rom	0x28	gTrainerPalette_RSPokemonBreederM
0x08E557CC	rom	0x334	gTrainerFrontPic_RSPokemonBreederF
0x08E55B00	rom	0x28	gTrainerPalette_RSPokemonBreederF
0x08E55B28	rom	0x348	gTrainerFrontPic_RSPokemonRangerM
0x08E55E70	rom	0x28	gTrainerPalette_RSPokemonRangerM
0x08E55E98	rom	0x334	gTrainerFrontPic_RSPokemonRangerF
0x08E561CC	rom	0x28	gTrainerPalette_RSPokemonRangerF
0x08E561F4	rom	0x2F4	gTrainerFrontPic_MagmaLeaderMaxie
0x08E564E8	rom	0x28	gTrainerPalette_MagmaLeaderMaxie
0x08E56510	rom	0x380	gTrainerFrontPic_MagmaGruntM
0x08E56890	rom	0x28	gTrainerPalette_MagmaGruntM
0x08E568B8	rom	0x38C	gTrainerFrontPic_MagmaGruntF
0x08E56C44	rom	0x28	gTrainerPalette_MagmaGruntF
0x08E56C6C	rom	0x2D8	gTrainerFrontPic_RSLass
0x08E56F44	rom	0x28	gTrainerPalette_RSLass
0x08E56F6C	rom	0x32C	gTrainerFrontPic_RSBugCatcher
0x08E57298	rom	0x28	gTrainerPalette_RSBugCatcher
0x08E572C0	rom	0x480	gTrainerFrontPic_RSHiker
0x08E57740	rom	0x28	gTrainerPalette_RSHiker
0x08E57768	rom	0x3C0	gTrainerFrontPic_RSYoungCouple
0x08E57B28	rom	0x28	gTrainerPalette_RSYoungCouple
0x08E57B50	rom	0x510	gTrainerFrontPic_OldCouple
0x08E58060	rom	0x28	gTrainerPalette_OldCouple
0x08E58088	rom	0x44C	gTrainerFrontPic_RSSisAndBro
0x08E584D4	rom	0x28	gTrainerPalette_RSSisAndBro
0x08E584FC	rom	0x3B4	gTrainerFrontPic_AquaAdminM
0x08E588B0	rom	0x28	gTrainerPalette_AquaAdminM
0x08E588D8	rom	0x3C4	gTrainerFrontPic_AquaAdminF
0x08E58C9C	rom	0x28	gTrainerPalette_AquaAdminF
0x08E58CC4	rom	0x3D8	gTrainerFrontPic_MagmaAdminM
0x08E5909C	rom	0x28	gTrainerPalette_MagmaAdminM
0x08E590C4	rom	0x3B0	gTrainerFrontPic_MagmaAdminF
0x08E59474	rom	0x28	gTrainerPalette_MagmaAdminF
0x08E5949C	rom	0x348	gTrainerFrontPic_LeaderWattson
0x08E597E4	rom	0x28	gTrainerPalette_LeaderWattson
0x08E5980C	rom	0x380	gTrainerFrontPic_LeaderFlannery
0x08E59B8C	rom	0x28	gTrainerPalette_LeaderFlannery
0x08E59BB4	rom	0x33C	gTrainerFrontPic_LeaderNorman
0x08E59EF0	rom	0x28	gTrainerPalette_LeaderNorman
0x08E59F18	rom	0x380	gTrainerFrontPic_LeaderWinona
0x08E5A298	rom	0x28	gTrainerPalette_LeaderWinona
0x08E5A2C0	rom	0x378	gTrainerFrontPic_LeaderWallace
0x08E5A638	rom	0x28	gTrainerPalette_LeaderWallace
0x08E5A660	rom	0x384	gTrainerFrontPic_EliteFourGlacia
0x08E5A9E4	rom	0x28	gTrainerPalette_EliteFourGlacia
0x08E5AA0C	rom	0x3A8	gTrainerFrontPic_EliteFourDrake
0x08E5ADB4	rom	0x28	gTrainerPalette_EliteFourDrake
0x08E5ADDC	rom	0x2A0	gTrainerFrontPic_Youngster
0x08E5B07C	rom	0x28	gTrainerPalette_Youngster
0x08E5B0A4	rom	0x348	gTrainerFrontPic_BugCatcher
0x08E5B3EC	rom	0x28	gTrainerPalette_BugCatcher
0x08E5B414	rom	0x2EC	gTrainerFrontPic_Lass
0x08E5B700	rom	0x28	gTrainerPalette_Lass
0x08E5B728	rom	0x320	gTrainerFrontPic_Sailor
0x08E5BA48	rom	0x28	gTrainerPalette_Sailor
0x08E5BA70	rom	0x2E0	gTrainerFrontPic_Camper
0x08E5BD50	rom	0x28	gTrainerPalette_Camper
0x08E5BD78	rom	0x2E8	gTrainerFrontPic_Picnicker
0x08E5C060	rom	0x28	gTrainerPalette_Picnicker
0x08E5C088	rom	0x3BC	gTrainerFrontPic_PokeManiac
0x08E5C444	rom	0x28	gTrainerPalette_PokeManiac
0x08E5C46C	rom	0x318	gTrainerFrontPic_SuperNerd
0x08E5C784	rom	0x28	gTrainerPalette_SuperNerd
0x08E5C7AC	rom	0x470	gTrainerFrontPic_Hiker
0x08E5CC1C	rom	0x28	gTrainerPalette_Hiker
0x08E5CC44	rom	0x568	gTrainerFrontPic_Biker
0x08E5D1AC	rom	0x28	gTrainerPalette_Biker
0x08E5D1D4	rom	0x34C	gTrainerFrontPic_Burglar
0x08E5D520	rom	0x28	gTrainerPalette_Burglar
0x08E5D548	rom	0x40C	gTrainerFrontPic_Engineer
0x08E5D954	rom	0x28	gTrainerPalette_Engineer
0x08E5D97C	rom	0x3AC	gTrainerFrontPic_Fisherman
0x08E5DD28	rom	0x28	gTrainerPalette_Fisherman
0x08E5DD50	rom	0x2D8	gTrainerFrontPic_SwimmerM
0x08E5E028	rom	0x28	gTrainerPalette_SwimmerM
0x08E5E050	rom	0x5C8	gTrainerFrontPic_CueBall
0x08E5E618	rom	0x28	gTrainerPalette_CueBall
0x08E5E640	rom	0x394	gTrainerFrontPic_Gamer
0x08E5E9D4	rom	0x28	gTrainerPalette_Gamer
0x08E5E9FC	rom	0x35C	gTrainerFrontPic_Beauty
0x08E5ED58	rom	0x28	gTrainerPalette_Beauty
0x08E5ED80	rom	0x2EC	gTrainerFrontPic_SwimmerF
0x08E5F06C	rom	0x28	gTrainerPalette_SwimmerF
0x08E5F094	rom	0x360	gTrainerFrontPic_PsychicM
0x08E5F3F4	rom	0x28	gTrainerPalette_PsychicM
0x08E5F41C	rom	0x45C	gTrainerFrontPic_Rocker
0x08E5F878	rom	0x28	gTrainerPalette_Rocker
0x08E5F8A0	rom	0x43C	gTrainerFrontPic_Juggler
0x08E5FCDC	rom	0x28	gTrainerPalette_Juggler
0x08E5FD04	rom	0x3B4	gTrainerFrontPic_Tamer
0x08E600B8	rom	0x28	gTrainerPalette_Tamer
0x08E600E0	rom	0x3C4	gTrainerFrontPic_BirdKeeper
0x08E604A4	rom	0x28	gTrainerPalette_BirdKeeper
0x08E604CC	rom	0x420	gTrainerFrontPic_BlackBelt
0x08E608EC	rom	0x28	gTrainerPalette_BlackBelt
0x08E60914	rom	0x2B8	gTrainerFrontPic_RivalEarly
0x08E60BCC	rom	0x28	gTrainerPalette_RivalEarly
0x08E60BF4	rom	0x3DC	gTrainerFrontPic_Scientist
0x08E60FD0	rom	0x28	gTrainerPalette_Scientist
0x08E60FF8	rom	0x310	gTrainerFrontPic_LeaderGiovanni
0x08E61308	rom	0x28	gTrainerPalette_LeaderGiovanni
0x08E61330	rom	0x334	gTrainerFrontPic_RocketGruntM
0x08E61664	rom	0x28	gTrainerPalette_RocketGruntM
0x08E6168C	rom	0x2D0	gTrainerFrontPic_CooltrainerM
0x08E6195C	rom	0x28	gTrainerPalette_CooltrainerM
0x08E61984	rom	0x318	gTrainerFrontPic_CooltrainerF
0x08E61C9C	rom	0x28	gTrainerPalette_CooltrainerF
0x08E61CC4	rom	0x32C	gTrainerFrontPic_EliteFourLorelei
0x08E61FF0	rom	0x28	gTrainerPalette_EliteFourLorelei
0x08E62018	rom	0x44C	gTrainerFrontPic_EliteFourBruno
0x08E62464	rom	0x28	gTrainerPalette_EliteFourBruno
0x08E6248C	rom	0x31C	gTrainerFrontPic_EliteFourAgatha
0x08E627A8	rom	0x28	gTrainerPalette_EliteFourAgatha
0x08E627D0	rom	0x3C8	gTrainerFrontPic_EliteFourLance
0x08E62B98	rom	0x28	gTrainerPalette_EliteFourLance
0x08E62BC0	rom	0x34C	gTrainerFrontPic_LeaderBrock
0x08E62F0C	rom	0x28	gTrainerPalette_LeaderBrock
0x08E62F34	rom	0x300	gTrainerFrontPic_LeaderMisty
0x08E63234	rom	0x28	gTrainerPalette_LeaderMisty
0x08E6325C	rom	0x390	gTrainerFrontPic_LeaderLtSurge
0x08E635EC	rom	0x28	gTrainerPalette_LeaderLtSurge
0x08E63614	rom	0x2F4	gTrainerFrontPic_LeaderErika
0x08E63908	rom	0x28	gTrainerPalette_LeaderErika
0x08E63930	rom	0x368	gTrainerFrontPic_LeaderKoga
0x08E63C98	rom	0x28	gTrainerPalette_LeaderKoga
0x08E63CC0	rom	0x40C	gTrainerFrontPic_LeaderBlaine
0x08E640CC	rom	0x28	gTrainerPalette_LeaderBlaine
0x08E640F4	rom	0x308	gTrainerFrontPic_LeaderSabrina
0x08E643FC	rom	0x28	gTrainerPalette_LeaderSabrina
0x08E64424	rom	0x338	gTrainerFrontPic_Gentleman
0x08E6475C	rom	0x28	gTrainerPalette_Gentleman
0x08E64784	rom	0x2F4	gTrainerFrontPic_RivalLate
0x08E64A78	rom	0x28	gTrainerPalette_RivalLate
0x08E64AA0	rom	0x2FC	gTrainerFrontPic_ChampionRival
0x08E64D9C	rom	0x28	gTrainerPalette_ChampionRival
0x08E64DC4	rom	0x3D8	gTrainerFrontPic_Channeler
0x08E6519C	rom	0x28	gTrainerPalette_Channeler
0x08E651C4	rom	0x350	gTrainerFrontPic_Twins
0x08E65514	rom	0x28	gTrainerPalette_Twins
0x08E6553C	rom	0x4E0	gTrainerFrontPic_CoolCouple
0x08E65A1C	rom	0x28	gTrainerPalette_CoolCouple
0x08E65A44	rom	0x44C	gTrainerFrontPic_YoungCouple
0x08E65E90	rom	0x28	gTrainerPalette_YoungCouple
0x08E65EB8	rom	0x5A0	gTrainerFrontPic_CrushKin
0x08E66458	rom	0x28	gTrainerPalette_CrushKin
0x08E66480	rom	0x460	gTrainerFrontPic_SisAndBro
0x08E668E0	rom	0x28	gTrainerPalette_SisAndBro
0x08E66908	rom	0x36C	gTrainerFrontPic_ProfessorOak
0x08E66C74	rom	0x28	gTrainerPalette_ProfessorOak
0x08E66C9C	rom	0x314	gTrainerFrontPic_RSBrendan2
0x08E66FB0	rom	0x28	gTrainerPalette_RSBrendan2
0x08E66FD8	rom	0x300	gTrainerFrontPic_RSMay2
0x08E672D8	rom	0x28	gTrainerPalette_RSMay2
0x08E67300	rom	0x30C	gTrainerFrontPic_Red
0x08E6760C	rom	0x28	gTrainerPalette_Red
0x08E67634	rom	0x33C	gTrainerFrontPic_Leaf
0x08E67970	rom	0x28	gTrainerPalette_Leaf
0x08E67998	rom	0x318	gTrainerFrontPic_RocketGruntF
0x08E67CB0	rom	0x28	gTrainerPalette_RocketGruntF
0x08E67CD8	rom	0x3A0	gTrainerFrontPic_PsychicF
0x08E68078	rom	0x28	gTrainerPalette_PsychicF
0x08E680A0	rom	0x30C	gTrainerFrontPic_CrushGirl
0x08E683AC	rom	0x28	gTrainerPalette_CrushGirl
0x08E683D4	rom	0x304	gTrainerFrontPic_TuberF
0x08E686D8	rom	0x28	gTrainerPalette_TuberF
0x08E68700	rom	0x340	gTrainerFrontPic_PokemonBreeder
0x08E68A40	rom	0x28	gTrainerPalette_PokemonBreeder
0x08E68A68	rom	0x360	gTrainerFrontPic_PokemonRangerM
0x08E68DC8	rom	0x28	gTrainerPalette_PokemonRangerM
0x08E68DF0	rom	0x334	gTrainerFrontPic_PokemonRangerF
0x08E69124	rom	0x28	gTrainerPalette_PokemonRangerF
0x08E6914C	rom	0x350	gTrainerFrontPic_AromaLady
0x08E6949C	rom	0x28	gTrainerPalette_AromaLady
0x08E694C4	rom	0x40C	gTrainerFrontPic_RuinManiac
0x08E698D0	rom	0x28	gTrainerPalette_RuinManiac
0x08E698F8	rom	0x328	gTrainerFrontPic_Lady
0x08E69C20	rom	0x28	gTrainerPalette_Lady
0x08E69C48	rom	0x2CC	gTrainerFrontPic_Painter
0x08E69F14	rom	0x28	gTrainerPalette_Painter
0x08E69F3C	rom	0x2800	gTrainerBackPic_Red
0x08E6C73C	rom	0x2800	gTrainerBackPic_Leaf
0x08E6EF3C	rom	0x2000	gTrainerBackPic_Pokedude
0x08E70F3C	rom	0x2000	gTrainerBackPic_OldMan
0x08E72F3C	rom	0x2000	gTrainerBackPic_RSBrendan
0x08E74F3C	rom	0x2000	gTrainerBackPic_RSMay
0x08E76F3C	rom	0x28	gTrainerPalette_RedBackPic
0x08E76F64	rom	0x28	gTrainerPalette_LeafBackPic
0x08E76F8C	rom	0x28	gTrainerPalette_PokedudeBackPic
0x08E76FB4	rom	0x28	gTrainerPalette_OldManBackPic
0x08E76FDC	rom	0x400	gMonIcon_QuestionMark
0x08E773DC	rom	0x20	gMonFootprint_QuestionMark
0x08E773FC	rom	0xE8	gFile_graphics_battle_transitions_vs_frame_sheet
0x08E774E4	rom	0x10C	gFile_graphics_battle_transitions_vs_frame_tilemap
0x08E775F0	rom	0x28	gFile_graphics_battle_transitions_vs_frame_palette
0x08E77618	rom	0x210	gVsLettersGfx
0x08E77828	rom	0x3C	gUnusedBattleTerrain_Plain_Palette
0x08E77864	rom	0x5AC	gUnusedBattleTerrain_Building_Tiles_Sheet
0x08E77E10	rom	0x3C	gUnusedBattleTerrain_Stadium_Battle_Frontier_Palette
0x08E77E4C	rom	0x2B0	gUnusedBattleTerrain_Building_Map_Tilemap
0x08E780FC	rom	0x608	gUnusedBattleTerrain_Stadium_Tiles_Sheet
0x08E78704	rom	0x2B0	gUnusedBattleTerrain_Stadium_Map_Tilemap
0x08E789B4	rom	0x40	gUnusedBattleTerrain_Building_Palette
0x08E789F4	rom	0x3C	gUnusedBattleTerrain_Kyogre_Palette
0x08E78A30	rom	0x58	gUnusedBattleTerrain_Groudon_Palette
0x08E78A88	rom	0x3C	gUnusedBattleTerrain_Building_Palette2
0x08E78AC4	rom	0x3C	gUnusedBattleTerrain_Building_Palette3
0x08E78B00	rom	0x60	gUnusedBattleTerrain_Stadium_Palette1
0x08E78B60	rom	0x6C	gUnusedBattleTerrain_Stadium_Palette2
0x08E78BCC	rom	0x50	gUnusedBattleTerrain_Stadium_Palette3
0x08E78C1C	rom	0x48	gUnusedBattleTerrain_Stadium_Palette4
0x08E78C64	rom	0x44	gUnusedBattleTerrain_Stadium_Palette5
0x08E78CA8	rom	0x50	gUnusedBattleTerrain_Stadium_Palette6
0x08E78CF8	rom	0x3C	gUnusedBattleTerrain_Stadium_Palette7
0x08E78D34	rom	0x410	gUnusedBattleTerrain_Building_Anim_Tiles_Sheet
0x08E79144	rom	0x124	gUnusedBattleTerrain_Building_Anim_Map_Tilemap
0x08E79268	rom	0x16C	gBattleAnimSpriteGfx_FlyingDirt
0x08E793D4	rom	0x17C	gFile_graphics_battle_anims_backgrounds_sandstorm_brew_tilemap
0x08E79550	rom	0x52C	gFile_graphics_battle_anims_backgrounds_sandstorm_brew_sheet
0x08E79A7C	rom	0x28	gBattleAnimSpritePal_FlyingDirt
0x08E79AA4	rom	0x1BC	gBattleAnimSpriteGfx_MetalSoundWaves
0x08E79C60	rom	0x18	gBattleAnimSpritePal_MetalSoundWaves
0x08E79C78	rom	0x970	gBattleAnimBgImage_Ice
0x08E7A5E8	rom	0x24	gBattleAnimBgPalette_Ice
0x08E7A60C	rom	0x1F8	gBattleAnimBgTilemap_Ice
0x08E7A804	rom	0xD4	gBattleAnimSpriteGfx_IcicleSpear
0x08E7A8D8	rom	0x28	gBattleAnimSpritePal_IcicleSpear
0x08E7A900	rom	0x5C	gContestNextTurnGfx
0x08E7A95C	rom	0x80	gContestNextTurnNumbersGfx
0x08E7A9DC	rom	0x20	gContestNextTurnRandomGfx
0x08E7A9FC	rom	0x20	gBattleAnimSpriteGfx_GlowyRedOrb
0x08E7AA1C	rom	0x18	gBattleAnimSpritePal_GlowyRedOrb
0x08E7AA34	rom	0x18	gBattleAnimSpritePal_GlowyGreenOrb
0x08E7AA4C	rom	0x20	gBattleAnimSpritePal_SleepPowder
0x08E7AA6C	rom	0x20	gBattleAnimSpritePal_StunSpore
0x08E7AA8C	rom	0x12C	gContestApplauseGfx
0x08E7ABB8	rom	0x80	gContestApplauseMeterGfx
0x08E7AC38	rom	0x20	gContestNextTurnPal
0x08E7AC58	rom	0x21C	gBattleAnimSpriteGfx_Splash
0x08E7AE74	rom	0x24	gBattleAnimSpritePal_Splash
0x08E7AE98	rom	0x28	gBattleAnimSpriteGfx_SweatBead
0x08E7AEC0	rom	0x54	gBattleAnimSpriteGfx_SafariBait
0x08E7AF14	rom	0x18	gBattleAnimSpritePal_SafariBait
0x08E7AF2C	rom	0x180	gBattleAnimSpriteGfx_Gem1
0x08E7B0AC	rom	0x16C	gBattleAnimSpriteGfx_Gem2
0x08E7B218	rom	0x168	gBattleAnimSpriteGfx_Gem3
0x08E7B380	rom	0x28	gBattleAnimSpritePal_Gem1
0x08E7B3A8	rom	0x15C	gBattleAnimBgImage_InAir
0x08E7B504	rom	0x28	gBattleAnimBgPalette_InAir
0x08E7B52C	rom	0x1E8	gBattleAnimBgTilemap_InAir
0x08E7B714	rom	0x3FC	gBattleAnimSpriteGfx_Protect
0x08E7BB10	rom	0x20	gBattleAnimSpritePal_Protect
0x08E7BB30	rom	0x24	gBattleAnimBgPalette_MuddyWater
0x08E7BB54	rom	0x30	gEnemyMonShadow_Gfx
0x08E7BB84	rom	0x84	gBattleInterface_PartySummaryBar_Gfx
0x08E7BC08	rom	0x400	gMonIcon_Egg
0x08E7C008	rom	0xCC8	gBattleAnimBgImage_Ghost
0x08E7CCD0	rom	0x1C	gBattleAnimBgPalette_Ghost
0x08E7CCEC	rom	0x2F4	gBattleAnimBgTilemap_Ghost
0x08E7CFE0	rom	0x28	gBattleAnimSpritePal_WhipHit
0x08E7D008	rom	0x28	gBattleAnimBgPalette_SolarBeam
0x08E7D030	rom	0x4FC	gBattleAnimBgTilemap_SolarBeam
0x08E7D52C	rom	0x820	gFile_graphics_berry_blender_center_sheet
0x08E7DD4C	rom	0xA34	gFile_graphics_berry_blender_outer_sheet
0x08E7E780	rom	0x314	gFile_graphics_berry_blender_outer_map_tilemap
0x08E7EA94	rom	0x28	gBattleAnimBgPalette_Cosmic
0x08E7EABC	rom	0x260	gBattleAnimBgImage_Cosmic
0x08E7ED1C	rom	0x13C	gBattleAnimBgTilemap_Cosmic
0x08E7EE58	rom	0x28	gBattleAnimSpritePal_SlamHit2
0x08E7EE80	rom	0x3F4	gBattleAnimSpriteGfx_SlamHit2
0x08E7F274	rom	0x178	gBattleAnimFogTilemap
0x08E7F3EC	rom	0x1C	gBattleAnimSpritePal_WeatherBall
0x08E7F408	rom	0x124	gBattleAnimSpriteGfx_WeatherBall
0x08E7F52C	rom	0x1E4	gBattleAnimBgTilemap_ScaryFacePlayer
0x08E7F710	rom	0x1E4	gBattleAnimBgTilemap_ScaryFaceOpponent
0x08E7F8F4	rom	0x1E4	gBattleAnimBgTilemap_ScaryFaceContest
0x08E7FAD8	rom	0x40	gBattleAnimSpriteGfx_Hail
0x08E7FB18	rom	0x18	gBattleAnimSpritePal_Hail
0x08E7FB30	rom	0x40	gBattleAnimSpriteGfx_GreenSpike
0x08E7FB70	rom	0x18	gBattleAnimSpritePal_GreenSpike
0x08E7FB88	rom	0x18	gBattleAnimSpritePal_WhiteCircleOfLight
0x08E7FBA0	rom	0x18	gBattleAnimSpritePal_GlowyBlueOrb
0x08E7FBB8	rom	0x20C	gBattleAnimSpriteGfx_Recycle
0x08E7FDC4	rom	0x1C	gBattleAnimSpritePal_Recycle
0x08E7FDE0	rom	0x4C	gBattleAnimSpriteGfx_RedParticles
0x08E7FE2C	rom	0x1C	gBattleAnimSpritePal_RedParticles
0x08E7FE48	rom	0x188	gBattleAnimSpriteGfx_DirtMound
0x08E7FFD0	rom	0x20	gBattleAnimSpritePal_DirtMound
0x08E7FFF0	rom	0x2F4	gBattleAnimBgImage_Fissure
0x08E802E4	rom	0x1C	gBattleAnimBgPalette_Fissure
0x08E80300	rom	0x2EC	gBattleAnimBgTilemap_Fissure
0x08E805EC	rom	0x37C	gBattleAnimSpriteGfx_Bird
0x08E80968	rom	0x1C	gBattleAnimSpritePal_Bird
0x08E80984	rom	0xA0	gBattleAnimSpriteGfx_CrossImpact
0x08E80A24	rom	0x28	gBattleAnimSpritePal_CrossImpact
0x08E80A4C	rom	0x1320	gBattleAnimBgImage_Surf
0x08E81D6C	rom	0x28	gBattleAnimBgPalette_Surf
0x08E81D94	rom	0x2D0	gBattleAnimBgTilemap_SurfOpponent
0x08E82064	rom	0x2D4	gBattleAnimBgTilemap_SurfPlayer
0x08E82338	rom	0x2F4	gBattleAnimBgTilemap_SurfContest
0x08E8262C	rom	0x28	gBattleAnimSpritePal_Slash2
0x08E82654	rom	0x114	gBattleAnimSpriteGfx_WhiteShadow
0x08E82768	rom	0x18	gBattleAnimSpritePal_WhiteShadow
0x08E82780	rom	0x2C8	gPartyMenuBg_Gfx
0x08E82A48	rom	0xE8	gPartyMenuBg_Pal
0x08E82B30	rom	0x138	gPartyMenuBg_Tilemap
0x08E82C68	rom	0x180	gPartyMenuPokeball_Gfx
0x08E82DE8	rom	0x114	gPartyMenuPokeballSmall_Gfx
0x08E82EFC	rom	0x24	gPartyMenuPokeball_Pal
0x08E82F20	rom	0x204	gStatusGfx_Icons
0x08E83124	rom	0x28	gStatusPal_Icons
0x08E8314C	rom	0x1F4	gBagBg_Gfx
0x08E83340	rom	0x184	gBagBg_Tilemap
0x08E834C4	rom	0x170	gBagBg_ItemPC_Tilemap
0x08E83634	rom	0x50	gBagBgPalette
0x08E83684	rom	0x28	gBagBgPalette_FemaleOverride
0x08E836AC	rom	0x790	gBagMale_Gfx
0x08E83E3C	rom	0x7A4	gBagFemale_Gfx
0x08E845E0	rom	0x28	gBag_Pal
0x08E84608	rom	0x40	gSwapLine_Gfx
0x08E84648	rom	0x10	gSwapLine_Pal
0x08E84658	rom	0x44C	gTMCase_Gfx
0x08E84AA4	rom	0x14C	gTMCaseMenu_Tilemap
0x08E84BF0	rom	0x140	gTMCase_Tilemap
0x08E84D30	rom	0x70	gTMCaseMenu_Male_Pal
0x08E84DA0	rom	0x70	gTMCaseMenu_Female_Pal
0x08E84E10	rom	0x190	gTMCaseDisc_Gfx
0x08E84FA0	rom	0x148	gTMCaseDiscTypes1_Pal
0x08E850E8	rom	0x28	gTMCaseDiscTypes2_Pal
0x08E85110	rom	0x378	gItemPcTiles
0x08E85488	rom	0x50	gItemPcBgPals
0x08E854D8	rom	0x1B4	gItemPcTilemap
0x08E8568C	rom	0x3C4	gBerryPouchSpriteTiles
0x08E85A50	rom	0x1D4	gBerryPouchBgGfx
0x08E85C24	rom	0x50	gBerryPouchBgPals
0x08E85C74	rom	0x28	gBerryPouchBgPal0FemaleOverride
0x08E85C9C	rom	0x28	gBerryPouchSpritePalette
0x08E85CC4	rom	0x184	gBerryPouchBg1Tilemap
0x08E85E48	rom	0x134	gBuyMenuFrame_Gfx
0x08E85F7C	rom	0x13C	gBuyMenuFrame_Tilemap
0x08E860B8	rom	0x138	gBuyMenuFrame_TmHmTilemap
0x08E861F0	rom	0x38	gBuyMenuFrame_Pal
0x08E86228	rom	0x98	gTeachyTv_Border_Gfx
0x08E862C0	rom	0x9A8	gTeachyTv_Gfx
0x08E86C68	rom	0x184	gTeachyTvScreen_Tilemap
0x08E86DEC	rom	0x22C	gTeachyTvTitle_Tilemap
0x08E87018	rom	0x78	gTeachyTv_Pal
0x08E87090	rom	0x18	gUnusedGrayPalette
0x08E870A8	rom	0x78	gItemIcon_QuestionMark
0x08E87120	rom	0x14	gItemIconPalette_QuestionMark
0x08E87134	rom	0x88	gItemIcon_ReturnToFieldArrow
0x08E871BC	rom	0x18	gItemIconPalette_ReturnToFieldArrow
0x08E871D4	rom	0xD0	gItemIcon_MasterBall
0x08E872A4	rom	0x28	gItemIconPalette_MasterBall
0x08E872CC	rom	0xC0	gItemIcon_UltraBall
0x08E8738C	rom	0x28	gItemIconPalette_UltraBall
0x08E873B4	rom	0xD0	gItemIcon_GreatBall
0x08E87484	rom	0x28	gItemIconPalette_GreatBall
0x08E874AC	rom	0xB0	gItemIcon_PokeBall
0x08E8755C	rom	0x24	gItemIconPalette_PokeBall
0x08E87580	rom	0xD0	gItemIcon_SafariBall
0x08E87650	rom	0x28	gItemIconPalette_SafariBall
0x08E87678	rom	0xD4	gItemIcon_NetBall
0x08E8774C	rom	0x24	gItemIconPalette_NetBall
0x08E87770	rom	0xC8	gItemIcon_DiveBall
0x08E87838	rom	0x24	gItemIconPalette_DiveBall
0x08E8785C	rom	0xC4	gItemIcon_NestBall
0x08E87920	rom	0x28	gItemIconPalette_NestBall
0x08E87948	rom	0xC4	gItemIcon_RepeatBall
0x08E87A0C	rom	0x28	gItemIconPalette_RepeatBall
0x08E87A34	rom	0xC8	gItemIcon_TimerBall
0x08E87AFC	rom	0xBC	gItemIcon_LuxuryBall
0x08E87BB8	rom	0x28	gItemIconPalette_LuxuryBall
0x08E87BE0	rom	0xA4	gItemIcon_PremierBall
0x08E87C84	rom	0xC8	gItemIcon_Potion
0x08E87D4C	rom	0x24	gItemIconPalette_Potion
0x08E87D70	rom	0xB0	gItemIcon_Antidote
0x08E87E20	rom	0x24	gItemIconPalette_Antidote
0x08E87E44	rom	0x24	gItemIconPalette_BurnHeal
0x08E87E68	rom	0x24	gItemIconPalette_IceHeal
0x08E87E8C	rom	0xB0	gItemIcon_StatusHeal
0x08E87F3C	rom	0x24	gItemIconPalette_Awakening
0x08E87F60	rom	0x24	gItemIconPalette_ParalyzeHeal
0x08E87F84	rom	0xE4	gItemIcon_LargePotion
0x08E88068	rom	0x24	gItemIconPalette_FullRestore
0x08E8808C	rom	0x24	gItemIconPalette_MaxPotion
0x08E880B0	rom	0x24	gItemIconPalette_HyperPotion
0x08E880D4	rom	0x24	gItemIconPalette_SuperPotion
0x08E880F8	rom	0xA8	gItemIcon_FullHeal
0x08E881A0	rom	0x28	gItemIconPalette_FullHeal
0x08E881C8	rom	0x5C	gItemIcon_Revive
0x08E88224	rom	0xCC	gItemIcon_MaxRevive
0x08E882F0	rom	0x1C	gItemIconPalette_Revive
0x08E8830C	rom	0xB0	gItemIcon_FreshWater
0x08E883BC	rom	0x24	gItemIconPalette_FreshWater
0x08E883E0	rom	0x94	gItemIcon_SodaPop
0x08E88474	rom	0x28	gItemIconPalette_SodaPop
0x08E8849C	rom	0xC0	gItemIcon_Lemonade
0x08E8855C	rom	0x28	gItemIconPalette_Lemonade
0x08E88584	rom	0xB0	gItemIcon_MoomooMilk
0x08E88634	rom	0x28	gItemIconPalette_MoomooMilk
0x08E8865C	rom	0x8C	gItemIcon_Powder
0x08E886E8	rom	0x20	gItemIconPalette_EnergyPowder
0x08E88708	rom	0xCC	gItemIcon_EnergyRoot
0x08E887D4	rom	0x1C	gItemIconPalette_EnergyRoot
0x08E887F0	rom	0x20	gItemIconPalette_HealPowder
0x08E88810	rom	0xD0	gItemIcon_RevivalHerb
0x08E888E0	rom	0x20	gItemIconPalette_RevivalHerb
0x08E88900	rom	0xC0	gItemIcon_Ether
0x08E889C0	rom	0x24	gItemIconPalette_Ether
0x08E889E4	rom	0x24	gItemIconPalette_MaxEther
0x08E88A08	rom	0x24	gItemIconPalette_Elixir
0x08E88A2C	rom	0x24	gItemIconPalette_MaxElixir
0x08E88A50	rom	0xCC	gItemIcon_LavaCookie
0x08E88B1C	rom	0x24	gItemIconPalette_LavaCookieAndLetter
0x08E88B40	rom	0xB4	gItemIcon_Flute
0x08E88BF4	rom	0x24	gItemIconPalette_BlueFlute
0x08E88C18	rom	0x24	gItemIconPalette_YellowFlute
0x08E88C3C	rom	0x24	gItemIconPalette_RedFlute
0x08E88C60	rom	0x24	gItemIconPalette_BlackFlute
0x08E88C84	rom	0x24	gItemIconPalette_WhiteFlute
0x08E88CA8	rom	0xE0	gItemIcon_BerryJuice
0x08E88D88	rom	0x28	gItemIconPalette_BerryJuice
0x08E88DB0	rom	0xC0	gItemIcon_SacredAsh
0x08E88E70	rom	0x24	gItemIconPalette_SacredAsh
0x08E88E94	rom	0x20	gItemIconPalette_ShoalSalt
0x08E88EB4	rom	0xF4	gItemIcon_ShoalShell
0x08E88FA8	rom	0x28	gItemIconPalette_Shell
0x08E88FD0	rom	0x5C	gItemIcon_Shard
0x08E8902C	rom	0x18	gItemIconPalette_RedShard
0x08E89044	rom	0x18	gItemIconPalette_BlueShard
0x08E8905C	rom	0x18	gItemIconPalette_YellowShard
0x08E89074	rom	0x18	gItemIconPalette_GreenShard
0x08E8908C	rom	0xB8	gItemIcon_HPUp
0x08E89144	rom	0x28	gItemIconPalette_HPUp
0x08E8916C	rom	0xB0	gItemIcon_Vitamin
0x08E8921C	rom	0x28	gItemIconPalette_Protein
0x08E89244	rom	0x28	gItemIconPalette_Iron
0x08E8926C	rom	0x28	gItemIconPalette_Carbos
0x08E89294	rom	0x28	gItemIconPalette_Calcium
0x08E892BC	rom	0xC4	gItemIcon_RareCandy
0x08E89380	rom	0x1C	gItemIconPalette_RareCandy
0x08E8939C	rom	0xB0	gItemIcon_PPUp
0x08E8944C	rom	0x28	gItemIconPalette_PPUp
0x08E89474	rom	0x28	gItemIconPalette_Zinc
0x08E8949C	rom	0xA8	gItemIcon_PPMax
0x08E89544	rom	0x28	gItemIconPalette_PPMax
0x08E8956C	rom	0x24	gItemIconPalette_GuardSpec
0x08E89590	rom	0x24	gItemIconPalette_DireHit
0x08E895B4	rom	0x24	gItemIconPalette_XAttack
0x08E895D8	rom	0xE4	gItemIcon_BattleStatItem
0x08E896BC	rom	0x24	gItemIconPalette_XDefend
0x08E896E0	rom	0x24	gItemIconPalette_XSpeed
0x08E89704	rom	0x24	gItemIconPalette_XAccuracy
0x08E89728	rom	0x24	gItemIconPalette_XSpecial
0x08E8974C	rom	0xF0	gItemIcon_PokeDoll
0x08E8983C	rom	0x1C	gItemIconPalette_PokeDoll
0x08E89858	rom	0xF0	gItemIcon_FluffyTail
0x08E89948	rom	0x24	gItemIconPalette_FluffyTail
0x08E8996C	rom	0xA0	gItemIcon_Repel
0x08E89A0C	rom	0x28	gItemIconPalette_SuperRepel
0x08E89A34	rom	0x28	gItemIconPalette_MaxRepel
0x08E89A5C	rom	0xB4	gItemIcon_EscapeRope
0x08E89B10	rom	0x24	gItemIconPalette_EscapeRope
0x08E89B34	rom	0x28	gItemIconPalette_Repel
0x08E89B5C	rom	0xF8	gItemIcon_SunStone
0x08E89C54	rom	0x1C	gItemIconPalette_SunStone
0x08E89C70	rom	0xD4	gItemIcon_MoonStone
0x08E89D44	rom	0x20	gItemIconPalette_MoonStone
0x08E89D64	rom	0xF4	gItemIcon_FireStone
0x08E89E58	rom	0x28	gItemIconPalette_FireStone
0x08E89E80	rom	0xE8	gItemIcon_ThunderStone
0x08E89F68	rom	0x20	gItemIconPalette_ThunderStone
0x08E89F88	rom	0xE0	gItemIcon_WaterStone
0x08E8A068	rom	0x24	gItemIconPalette_WaterStone
0x08E8A08C	rom	0xF4	gItemIcon_LeafStone
0x08E8A180	rom	0x28	gItemIconPalette_LeafStone
0x08E8A1A8	rom	0x80	gItemIcon_TinyMushroom
0x08E8A228	rom	0xB8	gItemIcon_BigMushroom
0x08E8A2E0	rom	0x24	gItemIconPalette_Mushroom
0x08E8A304	rom	0x7C	gItemIcon_Pearl
0x08E8A380	rom	0x28	gItemIconPalette_Pearl
0x08E8A3A8	rom	0xB8	gItemIcon_BigPearl
0x08E8A460	rom	0xC0	gItemIcon_Stardust
0x08E8A520	rom	0x24	gItemIconPalette_Star
0x08E8A544	rom	0x84	gItemIcon_StarPiece
0x08E8A5C8	rom	0x8C	gItemIcon_Nugget
0x08E8A654	rom	0x20	gItemIconPalette_Nugget
0x08E8A674	rom	0xA0	gItemIcon_HeartScale
0x08E8A714	rom	0x1C	gItemIconPalette_HeartScale
0x08E8A730	rom	0xD4	gItemIcon_OrangeMail
0x08E8A804	rom	0x20	gItemIconPalette_OrangeMail
0x08E8A824	rom	0xC8	gItemIcon_HarborMail
0x08E8A8EC	rom	0x20	gItemIconPalette_HarborMail
0x08E8A90C	rom	0xDC	gItemIcon_GlitterMail
0x08E8A9E8	rom	0x28	gItemIconPalette_GlitterMail
0x08E8AA10	rom	0xDC	gItemIcon_MechMail
0x08E8AAEC	rom	0x20	gItemIconPalette_MechMail
0x08E8AB0C	rom	0xE0	gItemIcon_WoodMail
0x08E8ABEC	rom	0x20	gItemIconPalette_WoodMail
0x08E8AC0C	rom	0xD8	gItemIcon_WaveMail
0x08E8ACE4	rom	0x20	gItemIconPalette_WaveMail
0x08E8AD04	rom	0xC0	gItemIcon_BeadMail
0x08E8ADC4	rom	0x20	gItemIconPalette_BeadMail
0x08E8ADE4	rom	0xD4	gItemIcon_ShadowMail
0x08E8AEB8	rom	0x24	gItemIconPalette_ShadowMail
0x08E8AEDC	rom	0xE4	gItemIcon_TropicMail
0x08E8AFC0	rom	0x24	gItemIconPalette_TropicMail
0x08E8AFE4	rom	0xE0	gItemIcon_DreamMail
0x08E8B0C4	rom	0x20	gItemIconPalette_DreamMail
0x08E8B0E4	rom	0xC8	gItemIcon_FabMail
0x08E8B1AC	rom	0x1C	gItemIconPalette_FabMail
0x08E8B1C8	rom	0x98	gItemIcon_RetroMail
0x08E8B260	rom	0x20	gItemIconPalette_RetroMail
0x08E8B280	rom	0xE8	gItemIcon_CheriBerry
0x08E8B368	rom	0x28	gItemIconPalette_CheriBerry
0x08E8B390	rom	0xC0	gItemIcon_ChestoBerry
0x08E8B450	rom	0x24	gItemIconPalette_ChestoBerry
0x08E8B474	rom	0xC0	gItemIcon_PechaBerry
0x08E8B534	rom	0x24	gItemIconPalette_PechaBerry
0x08E8B558	rom	0xE4	gItemIcon_RawstBerry
0x08E8B63C	rom	0x24	gItemIconPalette_RawstBerry
0x08E8B660	rom	0xE8	gItemIcon_AspearBerry
0x08E8B748	rom	0x24	gItemIconPalette_AspearBerry
0x08E8B76C	rom	0xB8	gItemIcon_LeppaBerry
0x08E8B824	rom	0x24	gItemIconPalette_LeppaBerry
0x08E8B848	rom	0xC4	gItemIcon_OranBerry
0x08E8B90C	rom	0x24	gItemIconPalette_OranBerry
0x08E8B930	rom	0xD4	gItemIcon_PersimBerry
0x08E8BA04	rom	0x24	gItemIconPalette_PersimBerry
0x08E8BA28	rom	0xB8	gItemIcon_LumBerry
0x08E8BAE0	rom	0x1C	gItemIconPalette_LumBerry
0x08E8BAFC	rom	0xCC	gItemIcon_SitrusBerry
0x08E8BBC8	rom	0x24	gItemIconPalette_SitrusBerry
0x08E8BBEC	rom	0xC8	gItemIcon_FigyBerry
0x08E8BCB4	rom	0x24	gItemIconPalette_FigyBerry
0x08E8BCD8	rom	0xE4	gItemIcon_WikiBerry
0x08E8BDBC	rom	0x24	gItemIconPalette_WikiBerry
0x08E8BDE0	rom	0xBC	gItemIcon_MagoBerry
0x08E8BE9C	rom	0x24	gItemIconPalette_MagoBerry
0x08E8BEC0	rom	0xEC	gItemIcon_AguavBerry
0x08E8BFAC	rom	0x20	gItemIconPalette_AguavBerry
0x08E8BFCC	rom	0xE8	gItemIcon_IapapaBerry
0x08E8C0B4	rom	0x24	gItemIconPalette_IapapaBerry
0x08E8C0D8	rom	0xE0	gItemIcon_RazzBerry
0x08E8C1B8	rom	0x24	gItemIconPalette_RazzBerry
0x08E8C1DC	rom	0xF0	gItemIcon_BlukBerry
0x08E8C2CC	rom	0x24	gItemIconPalette_BlukBerry
0x08E8C2F0	rom	0xE4	gItemIcon_NanabBerry
0x08E8C3D4	rom	0x24	gItemIconPalette_NanabBerry
0x08E8C3F8	rom	0xC8	gItemIcon_WepearBerry
0x08E8C4C0	rom	0x1C	gItemIconPalette_WepearBerry
0x08E8C4DC	rom	0xF4	gItemIcon_PinapBerry
0x08E8C5D0	rom	0x24	gItemIconPalette_PinapBerry
0x08E8C5F4	rom	0xB4	gItemIcon_PomegBerry
0x08E8C6A8	rom	0x24	gItemIconPalette_PomegBerry
0x08E8C6CC	rom	0xD0	gItemIcon_KelpsyBerry
0x08E8C79C	rom	0x20	gItemIconPalette_KelpsyBerry
0x08E8C7BC	rom	0xCC	gItemIcon_QualotBerry
0x08E8C888	rom	0x24	gItemIconPalette_QualotBerry
0x08E8C8AC	rom	0xE0	gItemIcon_HondewBerry
0x08E8C98C	rom	0x24	gItemIconPalette_HondewBerry
0x08E8C9B0	rom	0xB4	gItemIcon_GrepaBerry
0x08E8CA64	rom	0x24	gItemIconPalette_GrepaBerry
0x08E8CA88	rom	0xDC	gItemIcon_TamatoBerry
0x08E8CB64	rom	0x24	gItemIconPalette_TamatoBerry
0x08E8CB88	rom	0xEC	gItemIcon_CornnBerry
0x08E8CC74	rom	0x28	gItemIconPalette_CornnBerry
0x08E8CC9C	rom	0xA8	gItemIcon_MagostBerry
0x08E8CD44	rom	0x24	gItemIconPalette_MagostBerry
0x08E8CD68	rom	0xFC	gItemIcon_RabutaBerry
0x08E8CE64	rom	0x24	gItemIconPalette_RabutaBerry
0x08E8CE88	rom	0xA4	gItemIcon_NomelBerry
0x08E8CF2C	rom	0x1C	gItemIconPalette_NomelBerry
0x08E8CF48	rom	0xC4	gItemIcon_SpelonBerry
0x08E8D00C	rom	0x20	gItemIconPalette_SpelonBerry
0x08E8D02C	rom	0xE0	gItemIcon_PamtreBerry
0x08E8D10C	rom	0x28	gItemIconPalette_PamtreBerry
0x08E8D134	rom	0x110	gItemIcon_WatmelBerry
0x08E8D244	rom	0x24	gItemIconPalette_WatmelBerry
0x08E8D268	rom	0x104	gItemIcon_DurinBerry
0x08E8D36C	rom	0x24	gItemIconPalette_DurinBerry
0x08E8D390	rom	0xE4	gItemIcon_BelueBerry
0x08E8D474	rom	0x24	gItemIconPalette_BelueBerry
0x08E8D498	rom	0xE0	gItemIcon_LiechiBerry
0x08E8D578	rom	0x20	gItemIconPalette_LiechiBerry
0x08E8D598	rom	0xE0	gItemIcon_GanlonBerry
0x08E8D678	rom	0x20	gItemIconPalette_GanlonBerry
0x08E8D698	rom	0xE8	gItemIcon_SalacBerry
0x08E8D780	rom	0x20	gItemIconPalette_SalacBerry
0x08E8D7A0	rom	0xF8	gItemIcon_PetayaBerry
0x08E8D898	rom	0x24	gItemIconPalette_PetayaBerry
0x08E8D8BC	rom	0xB8	gItemIcon_ApicotBerry
0x08E8D974	rom	0x28	gItemIconPalette_ApicotBerry
0x08E8D99C	rom	0xE0	gItemIcon_LansatBerry
0x08E8DA7C	rom	0x24	gItemIconPalette_LansatBerry
0x08E8DAA0	rom	0xD0	gItemIcon_StarfBerry
0x08E8DB70	rom	0x24	gItemIconPalette_StarfBerry
0x08E8DB94	rom	0xCC	gItemIcon_EnigmaBerry
0x08E8DC60	rom	0x20	gItemIconPalette_EnigmaBerry
0x08E8DC80	rom	0xBC	gItemIcon_BrightPowder
0x08E8DD3C	rom	0x20	gItemIconPalette_BrightPowder
0x08E8DD5C	rom	0xAC	gItemIcon_InBattleHerb
0x08E8DE08	rom	0x20	gItemIconPalette_WhiteHerb
0x08E8DE28	rom	0xEC	gItemIcon_MachoBrace
0x08E8DF14	rom	0x28	gItemIconPalette_MachoBrace
0x08E8DF3C	rom	0xEC	gItemIcon_ExpShare
0x08E8E028	rom	0x28	gItemIconPalette_ExpShare
0x08E8E050	rom	0x98	gItemIcon_QuickClaw
0x08E8E0E8	rom	0x20	gItemIconPalette_QuickClaw
0x08E8E108	rom	0xC4	gItemIcon_SootheBell
0x08E8E1CC	rom	0x24	gItemIconPalette_SootheBell
0x08E8E1F0	rom	0x20	gItemIconPalette_MentalHerb
0x08E8E210	rom	0xEC	gItemIcon_ChoiceBand
0x08E8E2FC	rom	0x28	gItemIconPalette_ChoiceBand
0x08E8E324	rom	0xF0	gItemIcon_KingsRock
0x08E8E414	rom	0x1C	gItemIconPalette_KingsRock
0x08E8E430	rom	0x8C	gItemIcon_SilverPowder
0x08E8E4BC	rom	0x24	gItemIconPalette_SilverPowder
0x08E8E4E0	rom	0x98	gItemIcon_AmuletCoin
0x08E8E578	rom	0x24	gItemIconPalette_AmuletCoin
0x08E8E59C	rom	0xA4	gItemIcon_CleanseTag
0x08E8E640	rom	0x20	gItemIconPalette_CleanseTag
0x08E8E660	rom	0x94	gItemIcon_SoulDew
0x08E8E6F4	rom	0x20	gItemIconPalette_SoulDew
0x08E8E714	rom	0xB4	gItemIcon_DeepSeaTooth
0x08E8E7C8	rom	0x24	gItemIconPalette_DeepSeaTooth
0x08E8E7EC	rom	0xA8	gItemIcon_DeepSeaScale
0x08E8E894	rom	0x20	gItemIconPalette_DeepSeaScale
0x08E8E8B4	rom	0xB8	gItemIcon_SmokeBall
0x08E8E96C	rom	0x24	gItemIconPalette_SmokeBall
0x08E8E990	rom	0xB4	gItemIcon_Everstone
0x08E8EA44	rom	0x1C	gItemIconPalette_Everstone
0x08E8EA60	rom	0xF0	gItemIcon_FocusBand
0x08E8EB50	rom	0x28	gItemIconPalette_FocusBand
0x08E8EB78	rom	0x88	gItemIcon_LuckyEgg
0x08E8EC00	rom	0x18	gItemIconPalette_LuckyEgg
0x08E8EC18	rom	0x100	gItemIcon_ScopeLens
0x08E8ED18	rom	0x28	gItemIconPalette_ScopeLens
0x08E8ED40	rom	0xBC	gItemIcon_MetalCoat
0x08E8EDFC	rom	0x20	gItemIconPalette_MetalCoat
0x08E8EE1C	rom	0xA4	gItemIcon_Leftovers
0x08E8EEC0	rom	0x24	gItemIconPalette_Leftovers
0x08E8EEE4	rom	0xB4	gItemIcon_DragonScale
0x08E8EF98	rom	0x20	gItemIconPalette_DragonScale
0x08E8EFB8	rom	0x94	gItemIcon_LightBall
0x08E8F04C	rom	0x24	gItemIconPalette_LightBall
0x08E8F070	rom	0xBC	gItemIcon_SoftSand
0x08E8F12C	rom	0x20	gItemIconPalette_SoftSand
0x08E8F14C	rom	0xB4	gItemIcon_HardStone
0x08E8F200	rom	0x24	gItemIconPalette_HardStone
0x08E8F224	rom	0xB0	gItemIcon_MiracleSeed
0x08E8F2D4	rom	0x1C	gItemIconPalette_MiracleSeed
0x08E8F2F0	rom	0x88	gItemIcon_BlackGlasses
0x08E8F378	rom	0x18	gItemIconPalette_BlackTypeEnhancingItem
0x08E8F390	rom	0xC8	gItemIcon_BlackBelt
0x08E8F458	rom	0xB0	gItemIcon_Magnet
0x08E8F508	rom	0x28	gItemIconPalette_Magnet
0x08E8F530	rom	0x98	gItemIcon_MysticWater
0x08E8F5C8	rom	0x20	gItemIconPalette_MysticWater
0x08E8F5E8	rom	0xBC	gItemIcon_SharpBeak
0x08E8F6A4	rom	0x20	gItemIconPalette_SharpBeak
0x08E8F6C4	rom	0x88	gItemIcon_PoisonBarb
0x08E8F74C	rom	0x20	gItemIconPalette_PoisonBarb
0x08E8F76C	rom	0xCC	gItemIcon_NeverMeltIce
0x08E8F838	rom	0x1C	gItemIconPalette_NeverMeltIce
0x08E8F854	rom	0xA0	gItemIcon_SpellTag
0x08E8F8F4	rom	0x20	gItemIconPalette_SpellTag
0x08E8F914	rom	0xA0	gItemIcon_TwistedSpoon
0x08E8F9B4	rom	0x18	gItemIconPalette_TwistedSpoon
0x08E8F9CC	rom	0xD0	gItemIcon_Charcoal
0x08E8FA9C	rom	0x1C	gItemIconPalette_Charcoal
0x08E8FAB8	rom	0xB4	gItemIcon_DragonFang
0x08E8FB6C	rom	0x20	gItemIconPalette_DragonFang
0x08E8FB8C	rom	0x108	gItemIcon_SilkScarf
0x08E8FC94	rom	0x20	gItemIconPalette_SilkScarf
0x08E8FCB4	rom	0xBC	gItemIcon_UpGrade
0x08E8FD70	rom	0x28	gItemIconPalette_UpGrade
0x08E8FD98	rom	0xE0	gItemIcon_ShellBell
0x08E8FE78	rom	0xE8	gItemIcon_SeaIncense
0x08E8FF60	rom	0x28	gItemIconPalette_SeaIncense
0x08E8FF88	rom	0xE8	gItemIcon_LaxIncense
0x08E90070	rom	0x28	gItemIconPalette_LaxIncense
0x08E90098	rom	0xC4	gItemIcon_LuckyPunch
0x08E9015C	rom	0x20	gItemIconPalette_LuckyPunch
0x08E9017C	rom	0xC0	gItemIcon_MetalPowder
0x08E9023C	rom	0x24	gItemIconPalette_MetalPowder
0x08E90260	rom	0x94	gItemIcon_ThickClub
0x08E902F4	rom	0x1C	gItemIconPalette_ThickClub
0x08E90310	rom	0xA0	gItemIcon_Stick
0x08E903B0	rom	0x24	gItemIconPalette_Stick
0x08E903D4	rom	0xCC	gItemIcon_Scarf
0x08E904A0	rom	0x1C	gItemIconPalette_RedScarf
0x08E904BC	rom	0x1C	gItemIconPalette_BlueScarf
0x08E904D8	rom	0x1C	gItemIconPalette_PinkScarf
0x08E904F4	rom	0x1C	gItemIconPalette_GreenScarf
0x08E90510	rom	0x1C	gItemIconPalette_YellowScarf
0x08E9052C	rom	0x108	gItemIcon_MachBike
0x08E90634	rom	0x24	gItemIconPalette_MachBike
0x08E90658	rom	0xC0	gItemIcon_CoinCase
0x08E90718	rom	0x20	gItemIconPalette_CoinCase
0x08E90738	rom	0xBC	gItemIcon_Itemfinder
0x08E907F4	rom	0x28	gItemIconPalette_Itemfinder
0x08E9081C	rom	0xAC	gItemIcon_OldRod
0x08E908C8	rom	0x24	gItemIconPalette_OldRod
0x08E908EC	rom	0x9C	gItemIcon_GoodRod
0x08E90988	rom	0x28	gItemIconPalette_GoodRod
0x08E909B0	rom	0xB0	gItemIcon_SuperRod
0x08E90A60	rom	0x28	gItemIconPalette_SuperRod
0x08E90A88	rom	0x94	gItemIcon_SSTicket
0x08E90B1C	rom	0x18	gItemIconPalette_SSTicket
0x08E90B34	rom	0xAC	gItemIcon_ContestPass
0x08E90BE0	rom	0x28	gItemIconPalette_ContestPass
0x08E90C08	rom	0xCC	gItemIcon_WailmerPail
0x08E90CD4	rom	0x24	gItemIconPalette_WailmerPail
0x08E90CF8	rom	0xA8	gItemIcon_DevonGoods
0x08E90DA0	rom	0x1C	gItemIconPalette_DevonGoods
0x08E90DBC	rom	0xD8	gItemIcon_SootSack
0x08E90E94	rom	0x28	gItemIconPalette_SootSack
0x08E90EBC	rom	0xA8	gItemIcon_BasementKey
0x08E90F64	rom	0x28	gItemIconPalette_OldKey
0x08E90F8C	rom	0xFC	gItemIcon_AcroBike
0x08E91088	rom	0x20	gItemIconPalette_AcroBike
0x08E910A8	rom	0xE8	gItemIcon_PokeblockCase
0x08E91190	rom	0x28	gItemIconPalette_PokeblockCase
0x08E911B8	rom	0x80	gItemIcon_Letter
0x08E91238	rom	0x9C	gItemIcon_EonTicket
0x08E912D4	rom	0x24	gItemIconPalette_EonTicket
0x08E912F8	rom	0xB8	gItemIcon_Orb
0x08E913B0	rom	0x1C	gItemIconPalette_RedOrb
0x08E913CC	rom	0x1C	gItemIconPalette_BlueOrb
0x08E913E8	rom	0xC8	gItemIcon_Scanner
0x08E914B0	rom	0x24	gItemIconPalette_Scanner
0x08E914D4	rom	0xB4	gItemIcon_GoGoggles
0x08E91588	rom	0x20	gItemIconPalette_GoGoggles
0x08E915A8	rom	0xE0	gItemIcon_Meteorite
0x08E91688	rom	0x20	gItemIconPalette_Meteorite
0x08E916A8	rom	0xB8	gItemIcon_Room1Key
0x08E91760	rom	0xBC	gItemIcon_Room2Key
0x08E9181C	rom	0xC0	gItemIcon_Room4Key
0x08E918DC	rom	0xBC	gItemIcon_Room6Key
0x08E91998	rom	0xA8	gItemIcon_StorageKey
0x08E91A40	rom	0x10C	gItemIcon_RootFossil
0x08E91B4C	rom	0x28	gItemIconPalette_HoennFossil
0x08E91B74	rom	0xF0	gItemIcon_ClawFossil
0x08E91C64	rom	0xBC	gItemIcon_DevonScope
0x08E91D20	rom	0x28	gItemIconPalette_DevonScope
0x08E91D48	rom	0xFC	gItemIcon_TMHM
0x08E91E44	rom	0x28	gItemIconPalette_FightingTMHM
0x08E91E6C	rom	0x28	gItemIconPalette_DragonTMHM
0x08E91E94	rom	0x28	gItemIconPalette_WaterTMHM
0x08E91EBC	rom	0x28	gItemIconPalette_PsychicTMHM
0x08E91EE4	rom	0x28	gItemIconPalette_NormalTMHM
0x08E91F0C	rom	0x28	gItemIconPalette_PoisonTMHM
0x08E91F34	rom	0x28	gItemIconPalette_IceTMHM
0x08E91F5C	rom	0x28	gItemIconPalette_GrassTMHM
0x08E91F84	rom	0x28	gItemIconPalette_FireTMHM
0x08E91FAC	rom	0x28	gItemIconPalette_DarkTMHM
0x08E91FD4	rom	0x28	gItemIconPalette_SteelTMHM
0x08E91FFC	rom	0x28	gItemIconPalette_ElectricTMHM
0x08E92024	rom	0x28	gItemIconPalette_GroundTMHM
0x08E9204C	rom	0x28	gItemIconPalette_GhostTMHM
0x08E92074	rom	0x28	gItemIconPalette_RockTMHM
0x08E9209C	rom	0x28	gItemIconPalette_FlyingTMHM
0x08E920C4	rom	0xB8	gItemIcon_OaksParcel
0x08E9217C	rom	0x20	gItemIconPalette_OaksParcel
0x08E9219C	rom	0xC4	gItemIcon_PokeFlute
0x08E92260	rom	0x28	gItemIconPalette_PokeFlute
0x08E92288	rom	0xCC	gItemIcon_SecretKey
0x08E92354	rom	0x28	gItemIconPalette_SecretKey
0x08E9237C	rom	0xA0	gItemIcon_BikeVoucher
0x08E9241C	rom	0x20	gItemIconPalette_BikeVoucher
0x08E9243C	rom	0xEC	gItemIcon_GoldTeeth
0x08E92528	rom	0x24	gItemIconPalette_GoldTeeth
0x08E9254C	rom	0xE0	gItemIcon_OldAmber
0x08E9262C	rom	0x24	gItemIconPalette_OldAmber
0x08E92650	rom	0xA8	gItemIcon_CardKey
0x08E926F8	rom	0x20	gItemIconPalette_CardKey
0x08E92718	rom	0xBC	gItemIcon_LiftKey
0x08E927D4	rom	0x20	gItemIconPalette_Key
0x08E927F4	rom	0xF4	gItemIcon_HelixFossil
0x08E928E8	rom	0x20	gItemIconPalette_KantoFossil
0x08E92908	rom	0xF0	gItemIcon_DomeFossil
0x08E929F8	rom	0xD4	gItemIcon_SilphScope
0x08E92ACC	rom	0x24	gItemIconPalette_SilphScope
0x08E92AF0	rom	0x104	gItemIcon_Bicycle
0x08E92BF4	rom	0x20	gItemIconPalette_Bicycle
0x08E92C14	rom	0xBC	gItemIcon_TownMap
0x08E92CD0	rom	0x28	gItemIconPalette_TownMap
0x08E92CF8	rom	0xC8	gItemIcon_VSSeeker
0x08E92DC0	rom	0x20	gItemIconPalette_VSSeeker
0x08E92DE0	rom	0xB8	gItemIcon_FameChecker
0x08E92E98	rom	0x24	gItemIconPalette_FameChecker
0x08E92EBC	rom	0xC4	gItemIcon_TMCase
0x08E92F80	rom	0x28	gItemIconPalette_TMCase
0x08E92FA8	rom	0x100	gItemIcon_BerryPouch
0x08E930A8	rom	0x28	gItemIconPalette_BerryPouch
0x08E930D0	rom	0xF8	gItemIcon_TeachyTV
0x08E931C8	rom	0x28	gItemIconPalette_TeachyTV
0x08E931F0	rom	0xA4	gItemIcon_TriPass
0x08E93294	rom	0x20	gItemIconPalette_TriPass
0x08E932B4	rom	0xA8	gItemIcon_RainbowPass
0x08E9335C	rom	0x28	gItemIconPalette_RainbowPass
0x08E93384	rom	0xC8	gItemIcon_Tea
0x08E9344C	rom	0x24	gItemIconPalette_Tea
0x08E93470	rom	0x98	gItemIcon_MysticTicket
0x08E93508	rom	0x20	gItemIconPalette_MysticTicket
0x08E93528	rom	0x9C	gItemIcon_AuroraTicket
0x08E935C4	rom	0x24	gItemIconPalette_AuroraTicket
0x08E935E8	rom	0xA0	gItemIcon_PowderJar
0x08E93688	rom	0x28	gItemIconPalette_PowderJar
0x08E936B0	rom	0x28	gItemIconPalette_Ruby
0x08E936D8	rom	0xC8	gItemIcon_Gem
0x08E937A0	rom	0x28	gItemIconPalette_Sapphire
0x08E937C8	rom	0x28	gBattleAnimSpritePal_Shock3
0x08E937F0	rom	0x1E8	gBattleAnimSpriteGfx_Shock3
0x08E939D8	rom	0x1C	gBattleAnimSpritePal_WhiteFeather
0x08E939F4	rom	0x128	gBattleAnimSpriteGfx_WhiteFeather
0x08E93B1C	rom	0x18	gBattleAnimSpritePal_Sparkle6
0x08E93B34	rom	0x60	gBattleAnimSpriteGfx_Sparkle6
0x08E93B94	rom	0x24	gGhostPalette
0x08E93BB8	rom	0x368	gGhostFrontPic
0x08E93F20	rom	0x20	gFile_graphics_mail_orange_palette_pal
0x08E93F40	rom	0x20	gFile_graphics_mail_harbor_palette_pal
0x08E93F60	rom	0x20	gFile_graphics_mail_glitter_palette_pal
0x08E93F80	rom	0x20	gFile_graphics_mail_mech_palette_pal
0x08E93FA0	rom	0x20	gFile_graphics_mail_wood_palette_pal
0x08E93FC0	rom	0x20	gFile_graphics_mail_wave_palette_pal
0x08E93FE0	rom	0x20	gFile_graphics_mail_bead_palette_pal
0x08E94000	rom	0x20	gFile_graphics_mail_shadow_palette_pal
0x08E94020	rom	0x20	gFile_graphics_mail_tropic_palette_pal
0x08E94040	rom	0x20	gFile_graphics_mail_dream_palette_pal
0x08E94060	rom	0x20	gFile_graphics_mail_fab_palette_pal
0x08E94080	rom	0x20	gFile_graphics_mail_retro_palette_pal
0x08E940A0	rom	0x1A0	gFile_graphics_mail_orange_tiles_sheet
0x08E94240	rom	0x13C	gFile_graphics_mail_harbor_tiles_sheet
0x08E9437C	rom	0x210	gFile_graphics_mail_glitter_tiles_sheet
0x08E9458C	rom	0xD8	gFile_graphics_mail_mech_tiles_sheet
0x08E94664	rom	0x1F8	gFile_graphics_mail_wood_tiles_sheet
0x08E9485C	rom	0x180	gFile_graphics_mail_wave_tiles_sheet
0x08E949DC	rom	0xA8	gFile_graphics_mail_bead_tiles_sheet
0x08E94A84	rom	0x190	gFile_graphics_mail_shadow_tiles_sheet
0x08E94C14	rom	0x140	gFile_graphics_mail_tropic_tiles_sheet
0x08E94D54	rom	0x168	gFile_graphics_mail_dream_tiles_sheet
0x08E94EBC	rom	0x150	gFile_graphics_mail_fab_tiles_sheet
0x08E9500C	rom	0x2A0	gFile_graphics_mail_retro_tiles_sheet
0x08E952AC	rom	0xD8	gFile_graphics_mail_orange_map_tilemap
0x08E95384	rom	0xE0	gFile_graphics_mail_harbor_map_tilemap
0x08E95464	rom	0x10C	gFile_graphics_mail_glitter_map_tilemap
0x08E95570	rom	0xDC	gFile_graphics_mail_mech_map_tilemap
0x08E9564C	rom	0xF0	gFile_graphics_mail_wood_map_tilemap
0x08E9573C	rom	0xE0	gFile_graphics_mail_wave_map_tilemap
0x08E9581C	rom	0xE0	gFile_graphics_mail_bead_map_tilemap
0x08E958FC	rom	0x10C	gFile_graphics_mail_shadow_map_tilemap
0x08E95A08	rom	0xF0	gFile_graphics_mail_tropic_map_tilemap
0x08E95AF8	rom	0xF8	gFile_graphics_mail_dream_map_tilemap
0x08E95BF0	rom	0x118	gFile_graphics_mail_fab_map_tilemap
0x08E95D08	rom	0x114	gFile_graphics_mail_retro_map_tilemap
0x08E95E1C	rom	0x20	gMenuInfoElements1_Pal
0x08E95E3C	rom	0x20	gMenuInfoElements2_Pal
0x08E95E5C	rom	0x2000	gMenuInfoElements_Gfx
0x08E97E5C	rom	0x20	gMoveRelearner_Pal
0x08E97E7C	rom	0xC8	gMoveRelearner_Gfx
0x08E97F44	rom	0x120	gMoveRelearner_Tilemap
0x08E98064	rom	0x20	gNamingScreenKeyboard_Pal
0x08E98084	rom	0x20	gNamingScreenRival_Pal
0x08E980A4	rom	0xC0	gNamingScreenMenu_Pal
0x08E98164	rom	0x1D8	gNamingScreenMenu_Gfx
0x08E9833C	rom	0xDC	gNamingScreenBackground_Tilemap
0x08E98418	rom	0xC0	gNamingScreenKeyboardUpper_Tilemap
0x08E984D8	rom	0xC0	gNamingScreenKeyboardLower_Tilemap
0x08E98598	rom	0xC0	gNamingScreenKeyboardSymbols_Tilemap
0x08E98658	rom	0x280	gNamingScreenPageSwapFrame_Gfx
0x08E988D8	rom	0x1E0	gNamingScreenBackButton_Gfx
0x08E98AB8	rom	0x1E0	gNamingScreenOKButton_Gfx
0x08E98C98	rom	0xA0	gNamingScreenPageSwapUpper_Gfx
0x08E98D38	rom	0xA0	gNamingScreenPageSwapLower_Gfx
0x08E98DD8	rom	0xA0	gNamingScreenPageSwapOthers_Gfx
0x08E98E78	rom	0xA0	gNamingScreenCursor_Gfx
0x08E98F18	rom	0xA0	gNamingScreenCursorSquished_Gfx
0x08E98FB8	rom	0xA0	gNamingScreenCursorFilled_Gfx
0x08E99058	rom	0x100	gNamingScreenPageSwapButton_Gfx
0x08E99158	rom	0x20	gNamingScreenInputArrow_Gfx
0x08E99178	rom	0x20	gNamingScreenUnderscore_Gfx
0x08E99198	rom	0x80	gTMCaseHM_Gfx
0x08E99218	rom	0x60	gKantoTrainerCardBlue_Pal
0x08E99278	rom	0x674	gKantoTrainerCard_Gfx
0x08E998EC	rom	0x60	gHoennTrainerCardGreen_Pal
0x08E9994C	rom	0x4C0	gHoennTrainerCard_Gfx
0x08E99E0C	rom	0x20	gEasyChatWindow_Pal
0x08E99E2C	rom	0xC8	gEasyChatWindow_Gfx
0x08E99EF4	rom	0xB0	gEasyChatWindow_Tilemap
0x08E99FA4	rom	0x20	gEasyChatButtonWindow_Pal
0x08E99FC4	rom	0x224	gEasyChatButtonWindow_Gfx
0x08E9A1E8	rom	0x2F8	gEasyChatMode_Gfx
0x08E9A4E0	rom	0xEB0	gSummaryScreen_Bg_Gfx
0x08E9B390	rom	0xE0	gSummaryScreen_Bg_Pal
0x08E9B470	rom	0xC8	gSummaryScreen_ExpBar_Gfx
0x08E9B538	rom	0xC0	gSummaryScreen_HpBar_Gfx
0x08E9B5F8	rom	0x20	gSummaryScreen_HpExpBar_Pal
0x08E9B618	rom	0x1B8	gSummaryScreen_PageInfo_Tilemap
0x08E9B7D0	rom	0x200	gSummaryScreen_PageSkills_Tilemap
0x08E9B9D0	rom	0x14C	gSummaryScreen_PageMoves_Tilemap
0x08E9BB1C	rom	0x130	gSummaryScreen_PageMovesInfo_Tilemap
0x08E9BC4C	rom	0x13C	gSummaryScreen_PageEgg_Tilemap
0x08E9BD88	rom	0x20	gUnusedRedPalette
0x08E9BDA8	rom	0x200	gEasyChatRectangleCursor_Gfx
0x08E9BFA8	rom	0x20	gSummaryScreen_StatusAilmentIcon_Pal
0x08E9BFC8	rom	0x204	gSummaryScreen_StatusAilmentIcon_Gfx
0x08E9C1CC	rom	0x20	gDexScreen_TopMenuIconPals_AtoZ
0x08E9C1EC	rom	0x26C	gDexScreen_TopMenuIconTiles_AtoZ
0x08E9C458	rom	0x20	gPokeStoragePartyMenu_Pal
0x08E9C478	rom	0x20	gPokeStorageInterface_Pal
0x08E9C498	rom	0x20	gPokeStorageInterface_NoDisplayMon_Pal
0x08E9C4B8	rom	0x6B4	gPokeStorageMenu_Gfx
0x08E9CB6C	rom	0xB0	gPokeStoragePartyMenu_Tilemap
0x08E9CC1C	rom	0x20	gMonMarkingsMenu_Pal
0x08E9CC3C	rom	0x320	gMonMarkingsMenu_Gfx
0x08E9CF5C	rom	0x60	gTradeMenu_Pal
0x08E9CFBC	rom	0x20	gTradeCursor_Pal
0x08E9CFDC	rom	0x1280	gTradeMenu_Gfx
0x08E9E25C	rom	0x800	gTradeCursor_Gfx
0x08E9EA5C	rom	0x20	gTradeUnused_Tilemap
0x08E9EA7C	rom	0x800	gTradeMenu_Tilemap
0x08E9F27C	rom	0x24	gTradeMenuMonBox_Tilemap
0x08E9F2A0	rom	0x40	gFameCheckerBgPals
0x08E9F2E0	rom	0x14A0	gFameCheckerBgTiles
0x08EA0780	rom	0x800	gFameCheckerBg3Tilemap
0x08EA0F80	rom	0x800	gFameCheckerBg2Tilemap
0x08EA1780	rom	0x20	gUnionRoomChat_Bg_Pal
0x08EA17A0	rom	0x238	gUnionRoomChat_Bg_Gfx
0x08EA19D8	rom	0xF8	gUnionRoomChat_Bg_Tilemap
0x08EA1AD0	rom	0x118	gUnionRoomChat_Icons_Gfx
0x08EA1BE8	rom	0x200	gTilesetPalettes_General
0x08EA1DE8	rom	0x28D4	gTilesetTiles_General
0x08EA46BC	rom	0x40	gBerryFixGameboy_Pal
0x08EA46FC	rom	0xC3C	gBerryFixGameboy_Gfx
0x08EA5338	rom	0x34C	gBerryFixGameboy_Tilemap
0x08EA5684	rom	0x60	gBerryFixGameboyLogo_Pal
0x08EA56E4	rom	0xA64	gBerryFixGameboyLogo_Gfx
0x08EA6148	rom	0x300	gBerryFixGameboyLogo_Tilemap
0x08EA6448	rom	0x40	gBerryFixGbaTransfer_Pal
0x08EA6488	rom	0xC20	gBerryFixGbaTransfer_Gfx
0x08EA70A8	rom	0x2B8	gBerryFixGbaTransfer_Tilemap
0x08EA7360	rom	0x40	gBerryFixGbaTransferHighlight_Pal
0x08EA73A0	rom	0xDF8	gBerryFixGbaTransferHighlight_Gfx
0x08EA8198	rom	0x2B0	gBerryFixGbaTransferHighlight_Tilemap
0x08EA8448	rom	0x40	gBerryFixGbaTransferError_Pal
0x08EA8488	rom	0x8C0	gBerryFixGbaTransferError_Gfx
0x08EA8D48	rom	0x238	gBerryFixGbaTransferError_Tilemap
0x08EA8F80	rom	0x40	gBerryFixWindow_Pal
0x08EA8FC0	rom	0x648	gBerryFixWindow_Gfx
0x08EA9608	rom	0x26C	gBerryFixWindow_Tilemap
0x08EA9874	rom	0x200	gTilesetPalettes_GenericBuilding1
0x08EA9A74	rom	0x394	gTilesetTiles_GenericBuilding1
0x08EA9E08	rom	0x200	gTilesetPalettes_DepartmentStore
0x08EAA008	rom	0xA68	gTilesetTiles_DepartmentStore
0x08EAAA70	rom	0x20	gUnionRoomChat_Panel_Pal
0x08EAAA90	rom	0x5C	gUnionRoomChat_Panel_Gfx
0x08EAAAEC	rom	0xAC	gUnionRoomChat_Panel_Tilemap
0x08EAAB98	rom	0x80	gCreditsMonPokeball_Pals
0x08EAAC18	rom	0x774	gCreditsMonPokeball_Tiles
0x08EAB38C	rom	0x3B8	gCreditsMonPokeball_Tilemap
0x08EAB744	rom	0x200	gGraphics_TitleScreen_GameTitleLogoPals
0x08EAB944	rom	0x1BC4	gGraphics_TitleScreen_GameTitleLogoTiles
0x08EAD508	rom	0x260	gGraphics_TitleScreen_GameTitleLogoMap
0x08EAD768	rom	0x20	gGraphics_TitleScreen_BoxArtMonPals
0x08EAD788	rom	0xA64	gGraphics_TitleScreen_BoxArtMonTiles
0x08EAE1EC	rom	0x19C	gGraphics_TitleScreen_BoxArtMonMap
0x08EAE388	rom	0x20	gGraphics_TitleScreen_BackgroundPals
0x08EAE3A8	rom	0x2C0	gGraphics_TitleScreen_CopyrightPressStartTiles
0x08EAE668	rom	0x114	gGraphics_TitleScreen_CopyrightPressStartMap
0x08EAE77C	rom	0x20	gTitleScreen_Slash_Pal
0x08EAE79C	rom	0x80	gTitleScreen_BlankSprite_Tiles
0x08EAE81C	rom	0x20	gCreditsCopyright_Pal
0x08EAE83C	rom	0x3B8	gCreditsCopyright_Tiles
0x08EAEBF4	rom	0x100	gCreditsCopyright_Tilemap
0x08EAECF4	rom	0x20	gTradeGba_Pal
0x08EAED14	rom	0x60	gTradeGba2_Pal
0x08EAED74	rom	0x1400	gTradeGba_Gfx
0x08EB0174	rom	0x20	sEmptyPal
0x08EB0194	rom	0x120	gBerryCrush_Crusher_Pal
0x08EB02B4	rom	0xB1C	gBerryCrush_Crusher_Gfx
0x08EB0DD0	rom	0x44	gBerryCrush_TextWindows_Tilemap
