# addr	mode	name  (STT_FUNC from a byte-matching decomp ELF; blank name = let the finder synthesise one)
0x080003A4	thumb	AgbMain
0x080004B0	thumb	UpdateLinkAndCallCallbacks
0x080004C4	thumb	InitMainCallbacks
0x08000510	thumb	CallCallbacks
0x08000544	thumb	SetMainCallback2
0x08000558	thumb	StartTimer1
0x08000564	thumb	SeedRngAndSetTrainerId
0x0800058C	thumb	GetGeneratedTrainerIdLower
0x08000598	thumb	EnableVCountIntrAtLine150
0x080005C0	thumb	InitKeys
0x080005E8	thumb	ReadKeys
0x08000688	thumb	InitIntrHandlers
0x080006F4	thumb	SetVBlankCallback
0x08000700	thumb	SetHBlankCallback
0x0800070C	thumb	SetVCountCallback
0x08000718	thumb	SetSerialCallback
0x08000724	thumb	VBlankIntr
0x080007C8	thumb	InitFlashTimer
0x080007DC	thumb	HBlankIntr
0x0800080C	thumb	VCountIntr
0x08000844	thumb	SerialIntr
0x08000874	thumb	RestoreSerialTimer3IntrHandlers
0x0800088C	thumb	IntrDummy
0x08000890	thumb	WaitForVBlank
0x080008C0	thumb	SetVBlankCounter1Ptr
0x080008CC	thumb	DisableVBlankCounter1
0x080008D8	thumb	DoSoftReset
0x08000944	thumb	ClearPokemonCrySongs
0x08000968	thumb	InitGpuRegManager
0x080009C0	thumb	CopyBufferedValueToGpuReg
0x08000A04	thumb	CopyBufferedValuesToGpuRegs
0x08000A38	thumb	SetGpuReg
0x08000AC4	thumb	GetGpuReg
0x08000AF4	thumb	SetGpuRegBits
0x08000B14	thumb	ClearGpuRegBits
0x08000B34	thumb	SyncRegIE
0x08000B68	thumb	EnableInterrupts
0x08000B94	thumb	DisableInterrupts
0x08000BC0	thumb	UpdateRegDispstatIntrBits
0x08000BFC	thumb	ClearDma3Requests
0x08000C34	thumb	ProcessDma3Requests
0x08000EAC	thumb	RequestDma3Copy
0x08000F44	thumb	RequestDma3Fill
0x08000FE8	thumb	WaitDma3Request
0x08001028	thumb	ResetBgs
0x08001040	thumb	SetBgModeInternal
0x0800105C	thumb	GetBgMode
0x0800106C	thumb	ResetBgControlStructs
0x0800108C	thumb	Unused_ResetBgControlStruct
0x080010B8	thumb	SetBgControlAttributes
0x080011E4	thumb	GetBgControlAttribute
0x08001298	thumb	LoadBgVram
0x08001320	thumb	ShowBgInternal
0x0800139C	thumb	HideBgInternal
0x080013D0	thumb	SyncBgVisibilityAndMode
0x080013F4	thumb	SetTextModeAndHideBgs
0x08001410	thumb	SetBgAffineInternal
0x080014DC	thumb	IsInvalidBg
0x080014F0	thumb	BgTileAllocOp
0x08001618	thumb	ResetBgsAndClearDma3BusyFlags
0x08001658	thumb	InitBgsFromTemplates
0x08001738	thumb	InitBgFromTemplate
0x080017D0	thumb	LoadBgTiles
0x08001888	thumb	LoadBgTilemap
0x080018D8	thumb	Unused_LoadBgPalette
0x08001960	thumb	IsDma3ManagerBusyWithBgCopy
0x080019BC	thumb	ShowBg
0x080019D0	thumb	HideBg
0x080019E4	thumb	SetBgAttribute
0x08001AA8	thumb	GetBgAttribute
0x08001B90	thumb	ChangeBgX
0x08001CCC	thumb	GetBgX
0x08001D08	thumb	ChangeBgY
0x08001E44	thumb	GetBgY
0x08001E80	thumb	SetBgAffine
0x08001EC0	thumb	AdjustBgMosaic
0x08001FA0	thumb	SetBgTilemapBuffer
0x08001FD4	thumb	UnsetBgTilemapBuffer
0x08002008	thumb	GetBgTilemapBuffer
0x08002040	thumb	CopyToBgTilemapBuffer
0x080020BC	thumb	CopyBgTilemapBufferToVram
0x08002124	thumb	CopyToBgTilemapBufferRect
0x08002228	thumb	CopyToBgTilemapBufferRect_ChangePalette
0x0800226C	thumb	CopyRectToBgTilemapBufferRect
0x08002454	thumb	FillBgTilemapBufferRect_Palette0
0x08002554	thumb	FillBgTilemapBufferRect
0x08002590	thumb	WriteSequenceToBgTilemapBuffer
0x0800273C	thumb	GetBgMetricTextMode
0x080027AC	thumb	GetBgMetricAffineMode
0x08002804	thumb	GetTileMapIndexFromCoords
0x0800283C	thumb	CopyTileMapEntry
0x08002898	thumb	GetBgType
0x080028EC	thumb	IsInvalidBg32
0x08002900	thumb	IsTileMapOutsideWram
0x0800292C	thumb	PutMemBlockHeader
0x08002948	thumb	PutFirstMemBlockHeader
0x0800295C	thumb	AllocInternal
0x08002A08	thumb	FreeInternal
0x08002AE8	thumb	AllocZeroedInternal
0x08002B28	thumb	CheckMemBlockInternal
0x08002B80	thumb	InitHeap
0x08002B9C	thumb	Alloc
0x08002BB0	thumb	AllocZeroed
0x08002BC4	thumb	Free
0x08002BD8	thumb	CheckMemBlock
0x08002BEC	thumb	CheckHeap
0x08002C1C	thumb	SetFontsPointer
0x08002C28	thumb	DeactivateAllTextPrinters
0x08002C48	thumb	AddTextPrinterParameterized
0x08002CF4	thumb	AddTextPrinter
0x08002DE8	thumb	RunTextPrinters
0x08002E64	thumb	IsTextPrinterActive
0x08002E7C	thumb	RenderFont
0x08002EA8	thumb	GenerateFontHalfRowLookupTable
0x08002F5C	thumb	SaveTextColors
0x08002F7C	thumb	RestoreTextColors
0x08002F8C	thumb	DecompressGlyphTile
0x08002FCC	thumb	GetLastTextColor
0x08003014	thumb	CopyGlyphToWindow
0x08003614	thumb	CopyGlyphToWindow_Parameterized
0x08003B1C	thumb	ClearTextSpan
0x08003B20	thumb	nullsub_8
0x08003B24	thumb	InitWindows
0x08003CE4	thumb	AddWindow
0x08003E3C	thumb	RemoveWindow
0x08003ECC	thumb	FreeAllWindowBuffers
0x08003F20	thumb	CopyWindowToVram
0x08003FA0	thumb	PutWindowTilemap
0x08004000	thumb	PutWindowRectTilemapOverridePalette
0x080040B8	thumb	ClearWindowTilemap
0x08004108	thumb	PutWindowRectTilemap
0x080041B8	thumb	BlitBitmapToWindow
0x080041F0	thumb	BlitBitmapRectToWindow
0x080042B0	thumb	BlitBitmapRectToWindowWithColorKey
0x08004378	thumb	FillWindowPixelRect
0x08004404	thumb	CopyToWindowPixelBuffer
0x0800445C	thumb	FillWindowPixelBuffer
0x080044A8	thumb	ScrollWindow
0x0800486C	thumb	CallWindowFunction
0x080048BC	thumb	SetWindowAttribute
0x08004950	thumb	GetWindowAttribute
0x08004A34	thumb	GetNumActiveWindowsOnBg
0x08004A60	thumb	BlitBitmapRect4BitWithoutColorKey
0x08004AA4	thumb	BlitBitmapRect4Bit
0x08004C84	thumb	FillBitmapRect4Bit
0x08004D40	thumb	BlitBitmapRect4BitTo8Bit
0x08004F90	thumb	FillBitmapRect8Bit
0x08005034	thumb	nullsub_9
0x08005038	thumb	AddWindow8Bit
0x08005140	thumb	FillWindowPixelBuffer8Bit
0x08005180	thumb	FillWindowPixelRect8Bit
0x0800520C	thumb	BlitBitmapRectToWindow4BitTo8Bit
0x080052D8	thumb	CopyWindowToVram8Bit
0x08005350	thumb	GetNumActiveWindowsOnBg8Bit
0x0800537C	thumb	FontFunc_Small
0x080053B0	thumb	FontFunc_NormalCopy1
0x080053E8	thumb	FontFunc_Normal
0x08005420	thumb	FontFunc_NormalCopy2
0x08005458	thumb	FontFunc_Male
0x08005490	thumb	FontFunc_Female
0x080054C8	thumb	TextPrinterInitDownArrowCounters
0x080054F8	thumb	TextPrinterDrawDownArrow
0x080055D4	thumb	TextPrinterClearDownArrow
0x08005608	thumb	TextPrinterWaitAutoMode
0x08005634	thumb	TextPrinterWaitWithDownArrow
0x08005680	thumb	TextPrinterWait
0x080056C4	thumb	DrawDownArrow
0x08005790	thumb	RenderText
0x08005D70	thumb	GetStringWidthFixedWidthFont
0x08005EA4	thumb	GetFontWidthFunc
0x08005ED4	thumb	GetStringWidth
0x08006124	thumb	RenderTextHandleBold
0x080062B0	thumb	SpriteCB_TextCursor
0x08006300	thumb	CreateTextCursorSprite
0x08006398	thumb	DestroyTextCursorSprite
0x080063C8	thumb	DrawKeypadIcon
0x08006418	thumb	GetKeypadIconTileOffset
0x08006428	thumb	GetKeypadIconWidth
0x08006438	thumb	GetKeypadIconHeight
0x08006448	thumb	DecompressGlyph_Small
0x080064D0	thumb	GetGlyphWidth_Small
0x080064F0	thumb	DecompressGlyph_NormalCopy1
0x08006598	thumb	GetGlyphWidth_NormalCopy1
0x080065B8	thumb	DecompressGlyph_Normal
0x080066F8	thumb	GetGlyphWidth_Normal
0x08006724	thumb	DecompressGlyph_NormalCopy2
0x080067CC	thumb	GetGlyphWidth_NormalCopy2
0x080067EC	thumb	DecompressGlyph_Male
0x0800692C	thumb	GetGlyphWidth_Male
0x08006958	thumb	DecompressGlyph_Female
0x08006A98	thumb	GetGlyphWidth_Female
0x08006AC4	thumb	DecompressGlyph_Bold
0x08006B10	thumb	ResetSpriteData
0x08006B5C	thumb	AnimateSprites
0x08006BA8	thumb	BuildOamBuffer
0x08006BF4	thumb	UpdateOamCoords
0x08006CB8	thumb	BuildSpritePriorities
0x08006CF8	thumb	SortSprites
0x08006EB8	thumb	CopyMatricesToOamBuffer
0x08006F04	thumb	AddSpritesToOamBuffer
0x08006F8C	thumb	CreateSprite
0x08006FE0	thumb	CreateSpriteAtEnd
0x0800704C	thumb	CreateInvisibleSprite
0x08007094	thumb	CreateSpriteAt
0x080071EC	thumb	CreateSpriteAndAnimate
0x08007280	thumb	DestroySprite
0x080072E8	thumb	ResetOamRange
0x08007320	thumb	LoadOam
0x08007350	thumb	ClearSpriteCopyRequests
0x08007390	thumb	ResetOamMatrices
0x080073BC	thumb	SetOamMatrix
0x080073DC	thumb	ResetSprite
0x080073F0	thumb	CalcCenterToCornerVec
0x08007434	thumb	AllocSpriteTiles
0x08007550	thumb	SpriteTileAllocBitmapOp
0x080075C0	thumb	FreeSpriteTilesIfNotUsingSheet
0x0800760C	thumb	SpriteCallbackDummy
0x08007610	thumb	ProcessSpriteCopyRequests
0x0800766C	thumb	RequestSpriteFrameImageCopy
0x080076D0	thumb	RequestSpriteCopy
0x08007720	thumb	CopyFromSprites
0x08007748	thumb	CopyToSprites
0x08007770	thumb	ResetAllSprites
0x080077AC	thumb	FreeSpriteTiles
0x080077C8	thumb	FreeSpritePalette
0x080077D8	thumb	FreeSpriteOamMatrix
0x08007804	thumb	DestroySpriteAndFreeResources
0x08007824	thumb	AnimateSprite
0x0800786C	thumb	BeginAnim
0x0800795C	thumb	ContinueAnim
0x080079FC	thumb	AnimCmd_frame
0x08007AA8	thumb	AnimCmd_end
0x08007AC0	thumb	AnimCmd_jump
0x08007B88	thumb	AnimCmd_loop
0x08007BA8	thumb	BeginAnimLoop
0x08007BE0	thumb	ContinueAnimLoop
0x08007C00	thumb	JumpToTopOfAnimLoop
0x08007C74	thumb	BeginAffineAnim
0x08007D08	thumb	ContinueAffineAnim
0x08007DBC	thumb	AffineAnimDelay
0x08007DF0	thumb	AffineAnimCmd_loop
0x08007E24	thumb	BeginAffineAnimLoop
0x08007E60	thumb	ContinueAffineAnimLoop
0x08007E90	thumb	JumpToTopOfAffineAnimLoop
0x08007EFC	thumb	AffineAnimCmd_jump
0x08007F48	thumb	AffineAnimCmd_end
0x08007F84	thumb	AffineAnimCmd_frame
0x08007FBC	thumb	CopyOamMatrix
0x08007FDC	thumb	GetSpriteMatrixNum
0x08007FFC	thumb	SetSpriteMatrixAnchor
0x0800800C	thumb	GetAnchorCoord
0x08008038	thumb	UpdateSpriteMatrixAnchorPos
0x080080D4	thumb	SetSpriteOamFlipBits
0x08008148	thumb	AffineAnimStateRestartAnim
0x08008164	thumb	AffineAnimStateStartAnim
0x0800818C	thumb	AffineAnimStateReset
0x080081B4	thumb	ApplyAffineAnimFrameAbsolute
0x080081D8	thumb	DecrementAnimDelayCounter
0x08008200	thumb	DecrementAffineAnimDelayCounter
0x08008230	thumb	ApplyAffineAnimFrameRelativeAndUpdateMatrix
0x080082C8	thumb	ConvertScaleParam
0x080082E0	thumb	GetAffineAnimFrame
0x0800834C	thumb	ApplyAffineAnimFrame
0x0800838C	thumb	StartSpriteAnim
0x080083A4	thumb	StartSpriteAnimIfDifferent
0x080083C0	thumb	SeekSpriteAnim
0x0800843C	thumb	StartSpriteAffineAnim
0x08008468	thumb	StartSpriteAffineAnimIfDifferent
0x0800849C	thumb	ChangeSpriteAffineAnim
0x080084D4	thumb	ChangeSpriteAffineAnimIfDifferent
0x08008508	thumb	SetSpriteSheetFrameTileNum
0x08008560	thumb	ResetAffineAnimData
0x08008594	thumb	AllocOamMatrix
0x080085CC	thumb	FreeOamMatrix
0x0800860C	thumb	InitSpriteAffineAnim
0x0800865C	thumb	SetOamMatrixRotationScaling
0x080086DC	thumb	LoadSpriteSheet
0x08008720	thumb	LoadSpriteSheets
0x0800874C	thumb	FreeSpriteTilesByTag
0x080087C4	thumb	FreeSpriteTileRanges
0x08008804	thumb	GetSpriteTileStartByTag
0x08008830	thumb	IndexOfSpriteTileTag
0x0800885C	thumb	GetSpriteTileTagByTileStart
0x080088A8	thumb	AllocSpriteTileRange
0x080088F0	thumb	FreeAllSpritePalettes
0x08008928	thumb	LoadSpritePalette
0x08008974	thumb	LoadSpritePalettes
0x080089A0	thumb	DoLoadSpritePalette
0x080089B8	thumb	AllocSpritePalette
0x080089E8	thumb	IndexOfSpritePaletteTag
0x08008A20	thumb	GetSpritePaletteTagByPaletteNum
0x08008A30	thumb	FreeSpritePaletteByTag
0x08008A58	thumb	SetSubspriteTables
0x08008A64	thumb	AddSpriteToOamBuffer
0x08008AD0	thumb	AddSubspritesToOamBuffer
0x08008CF4	thumb	StringCopy_Nickname
0x08008D28	thumb	StringGet_Nickname
0x08008D54	thumb	StringCopy_PlayerName
0x08008D84	thumb	StringCopy
0x08008DA4	thumb	StringAppend
0x08008DBC	thumb	StringCopyN
0x08008DEC	thumb	StringAppendN
0x08008E08	thumb	StringLength
0x08008E28	thumb	StringCompare
0x08008E4C	thumb	StringCompareN
0x08008E78	thumb	ConvertIntToDecimalStringN
0x08008F18	thumb	ConvertIntToHexStringN
0x08008FCC	thumb	StringExpandPlaceholders
0x080090B8	thumb	StringBraille
0x08009118	thumb	ExpandPlaceholder_UnknownStringVar
0x08009120	thumb	ExpandPlaceholder_PlayerName
0x0800912C	thumb	ExpandPlaceholder_StringVar1
0x08009134	thumb	ExpandPlaceholder_StringVar2
0x0800913C	thumb	ExpandPlaceholder_StringVar3
0x08009144	thumb	ExpandPlaceholder_KunChan
0x08009168	thumb	ExpandPlaceholder_RivalName
0x080091A8	thumb	ExpandPlaceholder_Version
0x080091B0	thumb	ExpandPlaceholder_Magma
0x080091B8	thumb	ExpandPlaceholder_Aqua
0x080091C0	thumb	ExpandPlaceholder_Maxie
0x080091C8	thumb	ExpandPlaceholder_Archie
0x080091D0	thumb	ExpandPlaceholder_Groudon
0x080091D8	thumb	ExpandPlaceholder_Kyogre
0x080091E0	thumb	GetExpandedPlaceholder
0x08009204	thumb	StringFill
0x08009230	thumb	StringCopyPadded
0x08009284	thumb	StringFillWithTerminator
0x08009294	thumb	StringCopyN_Multibyte
0x080092D4	thumb	StringLength_Multibyte
0x080092F4	thumb	WriteColorChangeControlCode
0x08009330	thumb	GetExtCtrlCodeLength
0x0800934C	thumb	SkipExtCtrlCode
0x08009370	thumb	StringCompareWithoutExtCtrlCodes
0x080093BC	thumb	ConvertInternationalString
0x08009424	thumb	StripExtCtrlCodes
0x08009480	thumb	IsWirelessAdapterConnected
0x080094D4	thumb	Task_DestroySelf
0x080094E4	thumb	InitLinkTestBG
0x080095BC	thumb	LoadLinkTestBgGfx
0x08009640	thumb	LinkTestScreen
0x080096F8	thumb	SetLocalLinkPlayerId
0x08009708	thumb	InitLocalLinkPlayer
0x0800978C	thumb	VBlankCB_LinkError
0x080097A0	thumb	InitLink
0x080097CC	thumb	Task_TriggerHandshake
0x08009804	thumb	OpenLink
0x080098B8	thumb	CloseLink
0x080098E8	thumb	TestBlockTransfer
0x080099D0	thumb	LinkTestProcessKeyInput
0x08009A8C	thumb	CB2_LinkTest
0x08009AB0	thumb	LinkMain2
0x08009B28	thumb	HandleReceiveRemoteLinkPlayer
0x08009B70	thumb	ProcessRecvCmds
0x08009E60	thumb	BuildSendCmd
0x08009FE8	thumb	StartSendingKeysToLink
0x0800A00C	thumb	IsSendingKeysToLink
0x0800A040	thumb	LinkCB_SendHeldKeys
0x0800A05C	thumb	ClearLinkCallback
0x0800A068	thumb	ClearLinkCallback_2
0x0800A088	thumb	GetLinkPlayerCount
0x0800A0B4	thumb	OpenLinkTimed
0x0800A0D0	thumb	GetLinkPlayerDataExchangeStatusTimed
0x0800A1F0	thumb	IsLinkPlayerDataExchangeComplete
0x0800A258	thumb	GetLinkPlayerTrainerId
0x0800A270	thumb	ResetLinkPlayers
0x0800A294	thumb	ResetBlockSend
0x0800A2A8	thumb	InitBlockSend
0x0800A318	thumb	LinkCB_BlockSendBegin
0x0800A33C	thumb	LinkCB_BlockSend
0x0800A3A0	thumb	LinkCB_BlockSendEnd
0x0800A3AC	thumb	LinkCB_BerryBlenderSendHeldKeys
0x0800A3CC	thumb	SetBerryBlenderLinkCallback
0x0800A3E8	thumb	GetBerryBlenderKeySendAttempts
0x0800A3F4	thumb	SendBerryBlenderNoSpaceForPokeblocks
0x0800A404	thumb	GetMultiplayerId
0x0800A42C	thumb	BitmaskAllOtherLinkPlayers
0x0800A448	thumb	SendBlock
0x0800A474	thumb	SendBlockRequest
0x0800A4BC	thumb	IsLinkTaskFinished
0x0800A4EC	thumb	GetBlockReceivedStatus
0x0800A524	thumb	SetBlockReceivedFlag
0x0800A550	thumb	ResetBlockReceivedFlags
0x0800A588	thumb	ResetBlockReceivedFlag
0x0800A5BC	thumb	CheckShouldAdvanceLinkState
0x0800A5E4	thumb	LinkTestCalcBlockChecksum
0x0800A614	thumb	LinkTest_PrintNumChar
0x0800A64C	thumb	LinkTest_PrintChar
0x0800A684	thumb	LinkTest_PrintHex
0x0800A6D8	thumb	LinkTest_PrintString
0x0800A720	thumb	LinkCB_RequestPlayerDataExchange
0x0800A74C	thumb	Task_PrintTestData
0x0800A890	thumb	SetLinkDebugValues
0x0800A8A4	thumb	GetSavedLinkPlayerCountAsBitFlags
0x0800A8D4	thumb	GetLinkPlayerCountAsBitFlags
0x0800A900	thumb	SaveLinkPlayers
0x0800A944	thumb	GetSavedPlayerCount
0x0800A950	thumb	GetSavedMultiplayerId
0x0800A95C	thumb	DoesLinkPlayerCountMatchSaved
0x0800A9A4	thumb	CheckLinkPlayersMatchSaved
0x0800AA24	thumb	ResetLinkPlayerCount
0x0800AA38	thumb	GetLinkPlayerCount_2
0x0800AA48	thumb	IsLinkMaster
0x0800AA74	thumb	GetDummy2
0x0800AA80	thumb	SetCloseLinkCallbackAndType
0x0800AAC0	thumb	SetCloseLinkCallback
0x0800AB0C	thumb	LinkCB_ReadyCloseLink
0x0800AB38	thumb	LinkCB_WaitCloseLink
0x0800AB9C	thumb	SetLinkStandbyCallback
0x0800ABD4	thumb	LinkCB_Standby
0x0800AC00	thumb	LinkCB_StandbyForAll
0x0800AC58	thumb	CheckErrorStatus
0x0800ACBC	thumb	SetLinkErrorFromRfu
0x0800ACD4	thumb	CB2_LinkError
0x0800AE1C	thumb	ErrorMsg_MoveCloserToPartner
0x0800AED0	thumb	ErrorMsg_CheckConnections
0x0800AF2C	thumb	CB2_PrintErrorMessage
0x0800B054	thumb	GetSioMultiSI
0x0800B064	thumb	IsSioMultiMaster
0x0800B08C	thumb	IsLinkConnectionEstablished
0x0800B09C	thumb	SetSuppressLinkErrorMessage
0x0800B0A8	thumb	HasLinkErrorOccurred
0x0800B0B4	thumb	LocalLinkPlayerToBlock
0x0800B110	thumb	LinkPlayerFromBlock
0x0800B178	thumb	HandleLinkConnection
0x0800B1F4	thumb	SetWirelessCommType1
0x0800B210	thumb	SetWirelessCommType0_Internal
0x0800B22C	thumb	SetWirelessCommType0
0x0800B248	thumb	GetLinkRecvQueueLength
0x0800B270	thumb	IsLinkRecvQueueAtOverworldMax
0x0800B284	thumb	ConvertLinkPlayerName
0x0800B29C	thumb	DisableSerial
0x0800B2F4	thumb	EnableSerial
0x0800B388	thumb	ResetSerial
0x0800B398	thumb	LinkMain1
0x0800B4C4	thumb	CheckMasterOrSlave
0x0800B4F0	thumb	InitTimer
0x0800B520	thumb	EnqueueSendCmd
0x0800B608	thumb	DequeueRecvCmds
0x0800B718	thumb	LinkVSync
0x0800B788	thumb	Timer3Intr
0x0800B798	thumb	SerialCB
0x0800B820	thumb	StartTransfer
0x0800B830	thumb	DoHandshake
0x0800B92C	thumb	DoRecv
0x0800BA44	thumb	DoSend
0x0800BAF8	thumb	StopTimer
0x0800BB2C	thumb	SendRecvDone
0x0800BB5C	thumb	ResetSendBuffer
0x0800BBB0	thumb	ResetRecvBuffer
0x0800BC20	thumb	MultiBootInit
0x0800BC5C	thumb	MultiBootMain
0x0800C04C	thumb	MultiBootSend
0x0800C098	thumb	MultiBootStartProbe
0x0800C0BC	thumb	MultiBootStartMaster
0x0800C180	thumb	MultiBootCheckComplete
0x0800C194	thumb	MultiBootHandShake
0x0800C280	thumb	MultiBootWaitCycles
0x0800C298	thumb	MultiBootWaitSendDone
0x0800C2D4	thumb	CB2_MainMenu
0x0800C2EC	thumb	VBlankCB_MainMenu
0x0800C300	thumb	CB2_InitMainMenu
0x0800C30C	thumb	CB2_InitMainMenu_2
0x0800C318	thumb	MainMenuGpuInit
0x0800C4D0	thumb	Task_SetWin0BldRegsAndCheckSaveFile
0x0800C634	thumb	PrintSaveErrorStatus
0x0800C688	thumb	Task_SaveErrorStatus_RunPrinterThenWaitButton
0x0800C704	thumb	Task_SetWin0BldRegsNoSaveFileCheck
0x0800C780	thumb	Task_WaitFadeAndPrintMainMenuText
0x0800C7A0	thumb	Task_PrintMainMenuText
0x0800C9CC	thumb	Task_WaitDma3AndFadeIn
0x0800CA28	thumb	Task_UpdateVisualSelection
0x0800CA54	thumb	Task_HandleMenuInput
0x0800CA94	thumb	Task_ExecuteMainMenuSelection
0x0800CB90	thumb	Task_MysteryGiftError
0x0800CC68	thumb	Task_ReturnToTileScreen
0x0800CC94	thumb	MoveWindowByMenuTypeAndCursorPos
0x0800CCF8	thumb	HandleMenuInput
0x0800CDF8	thumb	PrintMessageOnWindow4
0x0800CE58	thumb	PrintContinueStats
0x0800CE70	thumb	PrintPlayerName
0x0800CED4	thumb	PrintPlayTime
0x0800CF3C	thumb	PrintDexCount
0x0800CFC4	thumb	PrintBadgeCount
0x0800D044	thumb	LoadUserFrameToBg
0x0800D094	thumb	SetStdFrame0OnBg
0x0800D0B4	thumb	MainMenu_DrawWindow
0x0800D1E8	thumb	MainMenu_EraseWindow
0x0800D230	thumb	HandleLinkBattleSetup
0x0800D278	thumb	SetUpBattleVars
0x0800D30C	thumb	InitBattleControllers
0x0800D364	thumb	InitSinglePlayerBtlControllers
0x0800D494	thumb	InitLinkBtlControllers
0x0800D768	thumb	SetBattlePartyIds
0x0800D8B0	thumb	PrepareBufferDataTransfer
0x0800D93C	thumb	CreateTasksForSendRecvLinkBuffers
0x0800D9EC	thumb	PrepareBufferDataTransferLink
0x0800DB6C	thumb	Task_HandleSendLinkBuffersData
0x0800DD28	thumb	TryReceiveLinkBattleData
0x0800DE4C	thumb	Task_HandleCopyReceivedLinkBuffersData
0x0800DFA4	thumb	BtlController_EmitGetMonData
0x0800DFC8	thumb	BtlController_EmitGetRawMonData
0x0800DFF0	thumb	BtlController_EmitSetMonData
0x0800E030	thumb	BtlController_EmitSetRawMonData
0x0800E070	thumb	BtlController_EmitLoadMonSprite
0x0800E090	thumb	BtlController_EmitSwitchInAnim
0x0800E0B4	thumb	BtlController_EmitReturnMonToBall
0x0800E0D4	thumb	BtlController_EmitDrawTrainerPic
0x0800E0F4	thumb	BtlController_EmitTrainerSlide
0x0800E114	thumb	BtlController_EmitTrainerSlideBack
0x0800E134	thumb	BtlController_EmitFaintAnimation
0x0800E154	thumb	BtlController_EmitPaletteFade
0x0800E174	thumb	BtlController_EmitSuccessBallThrowAnim
0x0800E194	thumb	BtlController_EmitBallThrowAnim
0x0800E1B4	thumb	BtlController_EmitPause
0x0800E1FC	thumb	BtlController_EmitMoveAnimation
0x0800E2D4	thumb	BtlController_EmitPrintString
0x0800E3EC	thumb	BtlController_EmitPrintSelectionString
0x0800E4D4	thumb	BtlController_EmitChooseAction
0x0800E500	thumb	BtlController_EmitUnknownYesNoBox
0x0800E520	thumb	BtlController_EmitChooseMove
0x0800E55C	thumb	BtlController_EmitChooseItem
0x0800E590	thumb	BtlController_EmitChoosePokemon
0x0800E5CC	thumb	BtlController_EmitCmd23
0x0800E5EC	thumb	BtlController_EmitHealthBarUpdate
0x0800E624	thumb	BtlController_EmitExpUpdate
0x0800E658	thumb	BtlController_EmitStatusIconUpdate
0x0800E6AC	thumb	BtlController_EmitStatusAnimation
0x0800E6E8	thumb	BtlController_EmitStatusXor
0x0800E708	thumb	BtlController_EmitDataTransfer
0x0800E750	thumb	BtlController_EmitDMA3Transfer
0x0800E7B8	thumb	BtlController_EmitPlayBGM
0x0800E800	thumb	BtlController_EmitCmd32
0x0800E848	thumb	BtlController_EmitTwoReturnValues
0x0800E874	thumb	BtlController_EmitChosenMonReturnValue
0x0800E8AC	thumb	BtlController_EmitOneReturnValue
0x0800E8D8	thumb	BtlController_EmitOneReturnValue_Duplicate
0x0800E904	thumb	BtlController_EmitClearUnkVar
0x0800E924	thumb	BtlController_EmitSetUnkVar
0x0800E944	thumb	BtlController_EmitClearUnkFlag
0x0800E964	thumb	BtlController_EmitToggleUnkFlag
0x0800E984	thumb	BtlController_EmitHitAnimation
0x0800E9A4	thumb	BtlController_EmitCantSwitch
0x0800E9C4	thumb	BtlController_EmitPlaySE
0x0800E9F0	thumb	BtlController_EmitPlayFanfare
0x0800EA1C	thumb	BtlController_EmitFaintingCry
0x0800EA3C	thumb	BtlController_EmitIntroSlide
0x0800EA5C	thumb	BtlController_EmitIntroTrainerBallThrow
0x0800EA7C	thumb	BtlController_EmitDrawPartyStatusSummary
0x0800EAC4	thumb	BtlController_EmitHidePartyStatusSummary
0x0800EAE4	thumb	BtlController_EmitEndBounceEffect
0x0800EB04	thumb	BtlController_EmitSpriteInvisibility
0x0800EB28	thumb	BtlController_EmitBattleAnimation
0x0800EB54	thumb	BtlController_EmitLinkStandbyMsg
0x0800EB74	thumb	BtlController_EmitResetActionMoveSelection
0x0800EB94	thumb	BtlController_EmitEndLinkBattle
0x0800EBB4	thumb	LZDecompressWram
0x0800EBC0	thumb	LZDecompressVram
0x0800EBCC	thumb	LoadCompressedSpriteSheet
0x0800EC00	thumb	LoadCompressedSpriteSheetOverrideBuffer
0x0800EC28	thumb	LoadCompressedSpritePalette
0x0800EC5C	thumb	LoadCompressedSpritePaletteOverrideBuffer
0x0800EC8C	thumb	DecompressPicFromTable
0x0800ECC4	thumb	HandleLoadSpecialPokePic
0x0800ECF0	thumb	LoadSpecialPokePic
0x0800EDAC	thumb	DuplicateDeoxysTiles
0x0800EDD0	thumb	Unused_LZDecompressWramIndirect
0x0800EDDC	thumb	StitchObjectsOn8x8Canvas
0x0800F034	thumb	LoadCompressedSpriteSheetUsingHeap
0x0800F078	thumb	LoadCompressedSpritePaletteUsingHeap
0x0800F0C4	thumb	GetDecompressedDataSize
0x0800F0E0	thumb	DecompressPicFromTable_DontHandleDeoxys
0x0800F108	thumb	HandleLoadSpecialPokePic_DontHandleDeoxys
0x0800F134	thumb	LoadSpecialPokePic_DontHandleDeoxys
0x0800F1E8	thumb	CreateUnknownDebugSprite
0x0800F228	thumb	CB2_unused
0x0800F238	thumb	GetBattleTerrainByMapScene
0x0800F260	thumb	LoadBattleTerrainGfx
0x0800F2AC	thumb	LoadBattleTerrainEntryGfx
0x0800F2EC	thumb	GetBattleTerrainGfxPtrs
0x0800F324	thumb	BattleInitBgsAndWindows
0x0800F34C	thumb	InitBattleBgsVideo
0x0800F380	thumb	LoadBattleMenuWindowGfx
0x0800F40C	thumb	DrawMainBattleBackground
0x0800F420	thumb	LoadBattleTextboxAndBackground
0x0800F460	thumb	DrawLinkBattleParticipantPokeballs
0x0800F5CC	thumb	DrawLinkBattleVsScreenOutcomeText
0x0800F6FC	thumb	InitLinkBattleVsScreen
0x0800FAE0	thumb	DrawBattleEntryBackground
0x0800FC2C	thumb	GetBattleTerrainOverride
0x0800FCB4	thumb	LoadChosenBattleElement
0x0800FD9C	thumb	CB2_InitBattle
0x0800FE24	thumb	CB2_InitBattleInternal
0x0800FFEC	thumb	BufferPartyVsScreenHealth_AtStart
0x080100B8	thumb	SetPlayerBerryDataInBattleStruct
0x0801017C	thumb	SetAllPlayersBerryData
0x08010414	thumb	LinkBattleComputeBattleTypeFlags
0x08010508	thumb	CB2_HandleStartBattle
0x080108C4	thumb	PrepareOwnMultiPartnerBuffer
0x080109C8	thumb	CB2_PreInitMultiBattle
0x08010BA0	thumb	CB2_HandleStartMultiBattle
0x08011100	thumb	BattleMainCB2
0x08011174	thumb	FreeRestoreBattleData
0x080111BC	thumb	CB2_QuitPokedudeBattle
0x080111EC	thumb	SpriteCB_UnusedDebugSprite
0x080111FC	thumb	SpriteCB_UnusedDebugSprite_Step
0x080112E0	thumb	CreateNPCTrainerParty
0x080116CC	thumb	HBlankCB_Battle
0x080116F4	thumb	VBlankCB_Battle
0x080117B8	thumb	SpriteCB_VsLetterDummy
0x080117BC	thumb	SpriteCB_VsLetter
0x0801182C	thumb	SpriteCB_VsLetterInit
0x0801184C	thumb	BufferPartyVsScreenHealth_AtEnd
0x08011A1C	thumb	CB2_InitEndLinkBattle
0x08011B94	thumb	CB2_EndLinkBattle
0x08011BB0	thumb	EndLinkBattleInSteps
0x08011C44	thumb	GetBattleBgTemplateData
0x08011D0C	thumb	TryCorrectShedinjaLanguage
0x08011D64	thumb	SpriteCB_EnemyMon
0x08011D94	thumb	SpriteCB_MoveWildMonToRight
0x08011DC8	thumb	SpriteCB_WildMonShowHealthbox
0x08011E24	thumb	SpriteCallbackDummy_2
0x08011E28	thumb	SpriteCB_InitFlicker
0x08011E3C	thumb	SpriteCB_Flicker
0x08011EA0	thumb	SpriteCB_FaintOpponentMon
0x08011FB4	thumb	SpriteCB_AnimFaintOpponent
0x08012044	thumb	SpriteCB_ShowAsMoveTarget
0x08012060	thumb	SpriteCB_BlinkVisible
0x08012098	thumb	SpriteCB_HideAsMoveTarget
0x080120C4	thumb	SpriteCB_AllyMon
0x080120D0	thumb	oac_poke_ally_
0x08012100	thumb	SetIdleSpriteCallback
0x0801210C	thumb	SpriteCB_Idle
0x08012110	thumb	SpriteCB_FaintSlideAnim
0x08012138	thumb	DoBounceEffect
0x08012258	thumb	EndBounceEffect
0x08012308	thumb	SpriteCB_BounceEffect
0x08012354	thumb	SpriteCB_PlayerThrowInit
0x0801236C	thumb	UpdatePlayerPosInThrowAnim
0x08012398	thumb	SpriteCB_PlayerThrowUpdate
0x080123BC	thumb	BeginBattleIntroDummy
0x080123C0	thumb	BeginBattleIntro
0x080123E4	thumb	BattleMainCB1
0x08012434	thumb	BattleStartClearSetData
0x08012760	thumb	SwitchInClearSetData
0x08012BC8	thumb	FaintClearSetData
0x08012FAC	thumb	BattleIntroGetMonsData
0x08013020	thumb	BattleIntroPrepareBackgroundSlide
0x08013070	thumb	BattleIntroDrawTrainersOrMonsSprites
0x0801333C	thumb	BattleIntroDrawPartySummaryScreens
0x080134DC	thumb	BattleIntroPrintTrainerWantsToBattle
0x08013514	thumb	BattleIntroPrintWildMonAttacked
0x08013568	thumb	BattleIntroPrintOpponentSendsOut
0x0801359C	thumb	BattleIntroOpponentSendsOutMonAnimation
0x0801362C	thumb	BattleIntroRecordMonsToDex
0x080136C4	thumb	Unused_AutoProgressToIntro
0x080136E4	thumb	BattleIntroPrintPlayerSendsOut
0x08013728	thumb	BattleIntroPlayerSendsOutMonAnimation
0x080137D0	thumb	BattleIntroSwitchInPlayerMons
0x0801385C	thumb	TryDoEventsBeforeFirstTurn
0x08013B1C	thumb	HandleEndTurn_ContinueBattle
0x08013BD4	thumb	BattleTurnPassed
0x08013D54	thumb	IsRunningFromBattleImpossible
0x08013F6C	thumb	UpdatePartyOwnerOnSwitch_NonMulti
0x08014040	thumb	HandleTurnActionSelectionState
0x08014CA4	thumb	SwapTurnOrder
0x08014CD8	thumb	GetWhoStrikesFirst
0x080150A8	thumb	SetActionsAndBattlersTurnOrder
0x08015330	thumb	TurnValuesCleanUp
0x08015450	thumb	SpecialStatusesClear
0x080154A0	thumb	CheckFocusPunch_ClearVarsBeforeTurnStarts
0x080155C8	thumb	RunTurnActionsFunctions
0x08015670	thumb	HandleEndTurn_BattleWon
0x0801578C	thumb	HandleEndTurn_BattleLost
0x08015850	thumb	HandleEndTurn_RanFromBattle
0x080158BC	thumb	HandleEndTurn_MonFled
0x08015910	thumb	HandleEndTurn_FinishBattle
0x08015A30	thumb	FreeResetData_ReturnToOvOrDoEvolutions
0x08015AA0	thumb	TryEvolvePokemon
0x08015B30	thumb	WaitForEvoSceneToFinish
0x08015B58	thumb	ReturnFromBattleToOverworld
0x08015C00	thumb	RunBattleScriptCommands_PopCallbacksStack
0x08015C74	thumb	RunBattleScriptCommands
0x08015CA0	thumb	HandleAction_UseMove
0x08016374	thumb	HandleAction_Switch
0x08016418	thumb	HandleAction_UseItem
0x08016748	thumb	TryRunFromBattle
0x080168A4	thumb	HandleAction_Run
0x080169E8	thumb	HandleAction_WatchesCarefully
0x08016AC0	thumb	HandleAction_SafariZoneBallThrow
0x08016B20	thumb	HandleAction_ThrowBait
0x08016BC0	thumb	HandleAction_ThrowRock
0x08016C60	thumb	HandleAction_SafariZoneRun
0x08016C9C	thumb	HandleAction_OldManBallThrow
0x08016D14	thumb	HandleAction_TryFinish
0x08016D3C	thumb	HandleAction_NothingIsFainted
0x08016D70	thumb	HandleAction_ActionFinished
0x08016E24	thumb	GetBattlerForBattleScript
0x08016EC8	thumb	PressurePPLose
0x08016F90	thumb	PressurePPLoseOnUsingImprison
0x080170C4	thumb	PressurePPLoseOnUsingPerishSong
0x080171D8	thumb	MarkAllBattlersForControllerExec
0x08017248	thumb	MarkBattlerForControllerExec
0x08017298	thumb	MarkBattlerReceivedLinkData
0x080172E8	thumb	CancelMultiTurnMoves
0x08017354	thumb	WasUnableToUseMove
0x080173AC	thumb	PrepareStringBattle
0x080173D0	thumb	ResetSentPokesToOpponentValue
0x08017434	thumb	OpponentSwitchInResetSentPokesToOpponentValue
0x080174B8	thumb	UpdateSentPokesToOpponentValue
0x08017520	thumb	BattleScriptPush
0x08017544	thumb	BattleScriptPushCursor
0x0801756C	thumb	BattleScriptPop
0x08017594	thumb	TrySetCantSelectMoveBattleScript
0x0801779C	thumb	CheckMoveLimitations
0x08017998	thumb	AreAllMovesUnusable
0x08017A64	thumb	GetImprisonedMovesCount
0x08017B04	thumb	DoFieldEndTurnEffects
0x08018258	thumb	DoBattlerEndTurnEffects
0x08018C98	thumb	HandleWishPerishSongOnTurnEnd
0x08018F90	thumb	HandleFaintedMonActions
0x08019284	thumb	TryClearRageStatuses
0x080192D4	thumb	AtkCanceller_UnableToUseMove
0x08019C10	thumb	HasNoMonsToSwitch
0x08019DAC	thumb	CastformDataTypeChange
0x08019F18	thumb	AbilityBattleEffects
0x0801BBE4	thumb	BattleScriptExecute
0x0801BC24	thumb	BattleScriptPushCursorAndCallback
0x0801BC68	thumb	ItemBattleEffects
0x0801CFE4	thumb	ClearFuryCutterDestinyBondGrudge
0x0801D030	thumb	HandleAction_RunBattleScript
0x0801D05C	thumb	GetMoveTarget
0x0801D3C0	thumb	IsBattlerModernFatefulEncounter
0x0801D438	thumb	IsMonDisobedient
0x0801D760	thumb	Cmd_attackcanceler
0x0801DB10	thumb	JumpIfMoveFailed
0x0801DBA0	thumb	Cmd_jumpifaffectedbyprotect
0x0801DC10	thumb	JumpIfMoveAffectedByProtect
0x0801DC7C	thumb	AccuracyCalcHelper
0x0801DDC4	thumb	Cmd_accuracycheck
0x0801E1D8	thumb	Cmd_attackstring
0x0801E22C	thumb	Cmd_ppreduce
0x0801E408	thumb	Cmd_critcalc
0x0801E59C	thumb	Cmd_damagecalc
0x0801E68C	thumb	AI_CalcDmg
0x0801E770	thumb	ModulateDmgByType
0x0801E848	thumb	Cmd_typecalc
0x0801EAB8	thumb	CheckWonderGuardAndLevitate
0x0801ED3C	thumb	ModulateDmgByType2
0x0801EDF4	thumb	TypeCalc
0x0801EFCC	thumb	AI_TypeCalc
0x0801F0C8	thumb	Unused_ApplyRandomDmgMultiplier
0x0801F104	thumb	Cmd_adjustnormaldamage
0x0801F2B4	thumb	Cmd_adjustnormaldamage2
0x0801F440	thumb	Cmd_attackanimation
0x0801F588	thumb	Cmd_waitanimation
0x0801F5A8	thumb	Cmd_healthbarupdate
0x0801F684	thumb	Cmd_datahpupdate
0x0801FA7C	thumb	Cmd_critmessage
0x0801FAD0	thumb	Cmd_effectivenesssound
0x0801FBA0	thumb	Cmd_resultmessage
0x0801FD50	thumb	Cmd_printstring
0x0801FD90	thumb	Cmd_printselectionstring
0x0801FDD4	thumb	Cmd_waitmessage
0x0801FE30	thumb	Cmd_printfromtable
0x0801FE84	thumb	Cmd_printselectionstringfromtable
0x0801FEE8	thumb	GetBattlerTurnOrderNum
0x0801FF20	thumb	SetMoveEffect
0x08021124	thumb	Cmd_seteffectwithchance
0x08021210	thumb	Cmd_seteffectprimary
0x08021220	thumb	Cmd_seteffectsecondary
0x08021230	thumb	Cmd_clearstatusfromeffect
0x080212AC	thumb	Cmd_tryfaintmon
0x080215A0	thumb	Cmd_dofaintanimation
0x080215DC	thumb	Cmd_cleareffectsonfaint
0x08021640	thumb	Cmd_jumpifstatus
0x080216B8	thumb	Cmd_jumpifstatus2
0x08021730	thumb	Cmd_jumpifability
0x08021818	thumb	Cmd_jumpifsideaffecting
0x08021890	thumb	Cmd_jumpifstat
0x08021988	thumb	Cmd_jumpifstatus3condition
0x08021A0C	thumb	Cmd_jumpiftype
0x08021A68	thumb	Cmd_getexp
0x080223F8	thumb	Cmd_checkteamslost
0x08022598	thumb	MoveValuesCleanUp
0x080225D8	thumb	Cmd_movevaluescleanup
0x080225F0	thumb	Cmd_setmultihit
0x08022608	thumb	Cmd_decrementmultihit
0x08022650	thumb	Cmd_goto
0x08022670	thumb	Cmd_jumpifbyte
0x08022710	thumb	Cmd_jumpifhalfword
0x080227B8	thumb	Cmd_jumpifword
0x0802286C	thumb	Cmd_jumpifarrayequal
0x080228F4	thumb	Cmd_jumpifarraynotequal
0x08022978	thumb	Cmd_setbyte
0x080229A0	thumb	Cmd_addbyte
0x080229CC	thumb	Cmd_subbyte
0x080229F8	thumb	Cmd_copyarray
0x08022A4C	thumb	Cmd_copyarraywithindex
0x08022AB8	thumb	Cmd_orbyte
0x08022AE4	thumb	Cmd_orhalfword
0x08022B1C	thumb	Cmd_orword
0x08022B60	thumb	Cmd_bicbyte
0x08022B8C	thumb	Cmd_bichalfword
0x08022BC4	thumb	Cmd_bicword
0x08022C08	thumb	Cmd_pause
0x08022C48	thumb	Cmd_waitstate
0x08022C68	thumb	Cmd_healthbar_update
0x08022CC0	thumb	Cmd_return
0x08022CCC	thumb	Cmd_end
0x08022CEC	thumb	Cmd_end2
0x08022D04	thumb	Cmd_end3
0x08022D40	thumb	Cmd_call
0x08022D70	thumb	Cmd_jumpiftype2
0x08022DCC	thumb	Cmd_jumpifabilitypresent
0x08022E18	thumb	Cmd_endselectionscript
0x08022E34	thumb	Cmd_playanimation
0x08022EF4	thumb	Cmd_playanimation_var
0x08022FC0	thumb	Cmd_setgraphicalstatchangevalues
0x0802301C	thumb	Cmd_playstatchangeanimation
0x08023210	thumb	Cmd_moveend
0x08023C38	thumb	Cmd_typecalc2
0x08023E88	thumb	Cmd_returnatktoball
0x08023ED8	thumb	Cmd_getswitchedmondata
0x08023F48	thumb	Cmd_switchindataupdate
0x080240D4	thumb	Cmd_switchinanim
0x0802418C	thumb	Cmd_jumpifcantswitch
0x08024398	thumb	ChooseMonToSendOut
0x080243EC	thumb	Cmd_openpartyscreen
0x08024C48	thumb	Cmd_switchhandleorder
0x08024E38	thumb	Cmd_switchineffects
0x080250DC	thumb	Cmd_trainerslidein
0x0802511C	thumb	Cmd_playse
0x08025158	thumb	Cmd_fanfare
0x08025194	thumb	Cmd_playfaintcry
0x080251C4	thumb	Cmd_endlinkbattle
0x080251FC	thumb	Cmd_returntoball
0x08025230	thumb	Cmd_handlelearnnewmove
0x0802537C	thumb	Cmd_yesnoboxlearnmove
0x080256E0	thumb	Cmd_yesnoboxstoplearningmove
0x0802581C	thumb	Cmd_hitanimation
0x080258AC	thumb	Cmd_getmoneyreward
0x08025A70	thumb	Cmd_updatebattlermoves
0x08025B24	thumb	Cmd_swapattackerwithtarget
0x08025B74	thumb	Cmd_incrementgamestat
0x08025BA4	thumb	Cmd_drawpartystatussummary
0x08025C6C	thumb	Cmd_hidepartystatussummary
0x08025C9C	thumb	Cmd_jumptocalledmove
0x08025D00	thumb	Cmd_statusanimation
0x08025D90	thumb	Cmd_status2animation
0x08025E38	thumb	Cmd_chosenstatusanimation
0x08025ECC	thumb	Cmd_yesnobox
0x08025FA8	thumb	Cmd_cancelallactions
0x08025FE0	thumb	Cmd_adjustsetdamage
0x0802615C	thumb	Cmd_removeitem
0x080261CC	thumb	Cmd_atknameinbuff1
0x08026208	thumb	Cmd_drawlvlupbox
0x08026404	thumb	DrawLevelUpWindow1
0x08026448	thumb	DrawLevelUpWindow2
0x08026480	thumb	InitLevelUpBanner
0x080264D0	thumb	SlideInLevelUpBanner
0x08026524	thumb	DrawLevelUpBannerText
0x08026648	thumb	SlideOutLevelUpBanner
0x08026688	thumb	PutMonIconOnLvlUpBanner
0x08026754	thumb	SpriteCB_MonIconOnLvlUpBanner
0x0802679C	thumb	IsMonGettingExpSentOut
0x080267D8	thumb	Cmd_resetsentmonsvalue
0x080267F0	thumb	Cmd_setatktoplayer0
0x08026810	thumb	Cmd_makevisible
0x08026844	thumb	Cmd_recordlastability
0x08026878	thumb	BufferMoveToLearnIntoBattleTextBuff2
0x080268A0	thumb	Cmd_buffermovetolearn
0x080268B8	thumb	Cmd_jumpifplayerran
0x080268FC	thumb	Cmd_hpthresholds
0x080269A8	thumb	Cmd_hpthresholds2
0x08026A58	thumb	Cmd_useitemonopponent
0x08026AB0	thumb	Cmd_various
0x08026F68	thumb	Cmd_setprotectlike
0x080270A4	thumb	Cmd_tryexplosion
0x080271C0	thumb	Cmd_setatkhptozero
0x08027220	thumb	Cmd_jumpifnexttargetvalid
0x080272C4	thumb	Cmd_tryhealhalfhealth
0x08027340	thumb	Cmd_trymirrormove
0x080274A8	thumb	Cmd_setrain
0x080274FC	thumb	Cmd_setreflect
0x080275C8	thumb	Cmd_setseeded
0x08027688	thumb	Cmd_manipulatedamage
0x08027708	thumb	Cmd_trysetrest
0x080277D8	thumb	Cmd_jumpifnotfirstturn
0x08027820	thumb	Cmd_nop
0x08027830	thumb	UproarWakeUpCheck
0x080278CC	thumb	Cmd_jumpifcantmakeasleep
0x08027948	thumb	Cmd_stockpile
0x080279C4	thumb	Cmd_stockpiletobasedamage
0x08027AE4	thumb	Cmd_stockpiletohpheal
0x08027BC8	thumb	Cmd_negativedamage
0x08027BFC	thumb	ChangeStatBuffs
0x08028080	thumb	Cmd_statbuffchange
0x080280CC	thumb	Cmd_normalisebuffs
0x08028120	thumb	Cmd_setbide
0x08028190	thumb	Cmd_confuseifrepeatingattackends
0x080281D0	thumb	Cmd_setmultihitcounter
0x0802821C	thumb	Cmd_initmultihitstring
0x08028244	thumb	TryDoForceSwitchOut
0x0802830C	thumb	Cmd_forcerandomswitch
0x08028604	thumb	Cmd_tryconversiontypechange
0x080287A8	thumb	Cmd_givepaydaymoney
0x0802883C	thumb	Cmd_setlightscreen
0x08028908	thumb	Cmd_tryKO
0x08028C5C	thumb	Cmd_damagetohalftargethp
0x08028C98	thumb	Cmd_setsandstorm
0x08028CF0	thumb	Cmd_weatherdamage
0x08028E90	thumb	Cmd_tryinfatuating
0x08029048	thumb	Cmd_updatestatusicon
0x080291D0	thumb	Cmd_setmist
0x08029278	thumb	Cmd_setfocusenergy
0x080292D4	thumb	Cmd_transformdataexecution
0x08029474	thumb	Cmd_setsubstitute
0x08029530	thumb	IsMoveUncopyableByMimic
0x08029578	thumb	Cmd_mimicattackcopy
0x08029754	thumb	Cmd_metronome
0x080297FC	thumb	Cmd_dmgtolevel
0x0802982C	thumb	Cmd_psywavedamageeffect
0x08029880	thumb	Cmd_counterdamagecalculator
0x08029978	thumb	Cmd_mirrorcoatdamagecalculator
0x08029A70	thumb	Cmd_disablelastusedattack
0x08029BB4	thumb	Cmd_trysetencore
0x08029CE8	thumb	Cmd_painsplitdmgcalc
0x08029DAC	thumb	Cmd_settypetorandomresistance
0x08029FAC	thumb	Cmd_setalwayshitflag
0x0802A004	thumb	Cmd_copymovepermanently
0x0802A1C0	thumb	IsTwoTurnsMove
0x0802A1FC	thumb	IsInvalidForSleepTalkOrAssist
0x0802A224	thumb	AttacksThisTurn
0x0802A290	thumb	Cmd_trychoosesleeptalkmove
0x0802A3C8	thumb	Cmd_setdestinybond
0x0802A3F8	thumb	TrySetDestinyBondToHappen
0x0802A458	thumb	Cmd_trysetdestinybondtohappen
0x0802A470	thumb	Cmd_remaininghptopower
0x0802A4D8	thumb	Cmd_tryspiteppreduce
0x0802A6B0	thumb	Cmd_healpartystatus
0x0802A994	thumb	Cmd_cursetarget
0x0802AA18	thumb	Cmd_trysetspikes
0x0802AAA4	thumb	Cmd_setforesight
0x0802AAD4	thumb	Cmd_trysetperishsong
0x0802AB8C	thumb	Cmd_rolloutdamagecalculation
0x0802AD08	thumb	Cmd_jumpifconfusedandstatmaxed
0x0802AD70	thumb	Cmd_furycuttercalc
0x0802AE24	thumb	Cmd_friendshiptodamagecalculation
0x0802AEA8	thumb	Cmd_presentdamagecalculation
0x0802AF74	thumb	Cmd_setsafeguard
0x0802B01C	thumb	Cmd_magnitudedamagecalculation
0x0802B140	thumb	Cmd_jumpifnopursuitswitchdmg
0x0802B2D4	thumb	Cmd_setsunny
0x0802B32C	thumb	Cmd_maxattackhalvehp
0x0802B3AC	thumb	Cmd_copyfoestats
0x0802B3F4	thumb	Cmd_rapidspinfree
0x0802B540	thumb	Cmd_setdefensecurlbit
0x0802B570	thumb	Cmd_recoverbasedonsunlight
0x0802B678	thumb	Cmd_hiddenpowercalc
0x0802B774	thumb	Cmd_selectfirstvalidtarget
0x0802B7E8	thumb	Cmd_trysetfutureattack
0x0802B910	thumb	Cmd_trydobeatup
0x0802BB20	thumb	Cmd_setsemiinvulnerablebit
0x0802BBA4	thumb	Cmd_clearsemiinvulnerablebit
0x0802BC34	thumb	Cmd_setminimize
0x0802BC74	thumb	Cmd_sethail
0x0802BCCC	thumb	Cmd_trymemento
0x0802BD68	thumb	Cmd_setforcedtarget
0x0802BDB4	thumb	Cmd_setcharge
0x0802BE18	thumb	Cmd_callterrainattack
0x0802BE8C	thumb	Cmd_cureifburnedparalysedorpoisoned
0x0802BF10	thumb	Cmd_settorment
0x0802BF68	thumb	Cmd_jumpifnodamage
0x0802BFC4	thumb	Cmd_settaunt
0x0802C038	thumb	Cmd_trysethelpinghand
0x0802C0E0	thumb	Cmd_tryswapitems
0x0802C390	thumb	Cmd_trycopyability
0x0802C408	thumb	Cmd_trywish
0x0802C4DC	thumb	Cmd_trysetroots
0x0802C534	thumb	Cmd_doubledamagedealtifdamaged
0x0802C594	thumb	Cmd_setyawn
0x0802C604	thumb	Cmd_setdamagetohealthdifference
0x0802C670	thumb	Cmd_scaledamagebyhealthratio
0x0802C6D4	thumb	Cmd_tryswapabilities
0x0802C76C	thumb	Cmd_tryimprison
0x0802C874	thumb	Cmd_trysetgrudge
0x0802C8CC	thumb	Cmd_weightdamagecalculation
0x0802C964	thumb	Cmd_assistattackselect
0x0802CAE4	thumb	Cmd_trysetmagiccoat
0x0802CB68	thumb	Cmd_trysetsnatch
0x0802CBE4	thumb	Cmd_trygetintimidatetarget
0x0802CCC0	thumb	Cmd_switchoutabilities
0x0802CD3C	thumb	Cmd_jumpifhasnohp
0x0802CD90	thumb	Cmd_getsecretpowereffect
0x0802CE48	thumb	Cmd_pickup
0x0802CF30	thumb	Cmd_docastformchangeanimation
0x0802CF98	thumb	Cmd_trycastformdatachange
0x0802CFD8	thumb	Cmd_settypebasedhalvers
0x0802D090	thumb	Cmd_setweatherballtype
0x0802D148	thumb	Cmd_tryrecycleitem
0x0802D1F0	thumb	Cmd_settypetoterrain
0x0802D2A0	thumb	Cmd_pursuitdoubles
0x0802D364	thumb	Cmd_snatchsetbattlers
0x0802D3B8	thumb	Cmd_removelightscreenreflect
0x0802D434	thumb	Cmd_handleballthrow
0x0802D800	thumb	Cmd_givecaughtmon
0x0802D95C	thumb	Cmd_trysetcaughtmondexflags
0x0802D9D8	thumb	Cmd_displaydexinfo
0x0802DB7C	thumb	HandleBattleWindow
0x0802DCB8	thumb	BattleCreateYesNoCursorAt
0x0802DCF8	thumb	BattleDestroyYesNoCursorAt
0x0802DD38	thumb	Cmd_trygivecaughtmonnick
0x0802DFBC	thumb	Cmd_subattackerhpbydmg
0x0802DFEC	thumb	Cmd_removeattackerstatus1
0x0802E014	thumb	Cmd_finishaction
0x0802E020	thumb	Cmd_finishturn
0x0802E03C	thumb	AllocateBattleResources
0x0802E138	thumb	FreeBattleResources
0x0802E228	thumb	AdjustFriendshipOnBattleFaint
0x0802E310	thumb	BattleControllerDummy
0x0802E314	thumb	SetControllerToPlayer
0x0802E33C	thumb	PlayerBufferExecCompleted
0x0802E3B4	thumb	PlayerBufferRunCommand
0x0802E404	thumb	CompleteOnBattlerSpritePosX_0
0x0802E438	thumb	HandleInputChooseAction
0x0802E640	thumb	EndBounceEffect2
0x0802E674	thumb	HandleInputChooseTarget
0x0802EA10	thumb	HandleInputChooseMove
0x0802EDDC	thumb	HandleMoveInputUnused
0x0802EF58	thumb	HandleMoveSwitching
0x0802F610	thumb	SetLinkBattleEndCallbacks
0x0802F6A8	thumb	SetBattleEndCallbacks
0x0802F730	thumb	CompleteOnBattlerSpriteCallbackDummy
0x0802F768	thumb	CompleteOnBattlerSpriteCallbackDummy2
0x0802F7A0	thumb	FreeTrainerSpriteAfterSlide
0x0802F810	thumb	Intro_DelayAndEnd
0x0802F858	thumb	Intro_WaitForShinyAnimAndHealthbox
0x0802FA58	thumb	Intro_TryShinyAnimShowHealthbox
0x0802FBF4	thumb	SwitchIn_CleanShinyAnimShowSubstitute
0x0802FCAC	thumb	SwitchIn_HandleSoundAndEnd
0x0802FD18	thumb	SwitchIn_TryShinyAnimShowHealthbox
0x0802FDF4	thumb	Task_PlayerController_RestoreBgmAfterCry
0x0802FE24	thumb	CompleteOnHealthbarDone
0x0802FE94	thumb	CompleteOnInactiveTextPrinter
0x0802FEAC	thumb	Task_GiveExpToMon
0x08030024	thumb	Task_PrepareToGiveExpWithExpBar
0x080300F4	thumb	Task_GiveExpWithExpBar
0x08030238	thumb	Task_LaunchLvlUpAnim
0x08030298	thumb	Task_UpdateLvlInHealthbox
0x08030350	thumb	DestroyExpTaskAndCompleteOnInactiveTextPrinter
0x080303A8	thumb	Task_CreateLevelUpVerticalStripes
0x08030538	thumb	FreeMonSpriteAfterFaintAnim
0x080305A0	thumb	FreeMonSpriteAfterSwitchOutAnim
0x08030610	thumb	CompleteOnInactiveTextPrinter2
0x08030628	thumb	OpenPartyMenuToChooseMon
0x08030684	thumb	WaitForMonSelection
0x08030700	thumb	OpenBagAndChooseItem
0x0803073C	thumb	CompleteWhenChoseItem
0x08030778	thumb	CompleteOnSpecialAnimDone
0x080307B4	thumb	DoHitAnimBlinkSpriteEffect
0x08030830	thumb	MoveSelectionDisplayMoveNames
0x080308A8	thumb	MoveSelectionDisplayPpString
0x080308CC	thumb	MoveSelectionDisplayPpNumber
0x08030940	thumb	MoveSelectionDisplayMoveType
0x080309CC	thumb	MoveSelectionCreateCursorAt
0x08030A14	thumb	MoveSelectionDestroyCursorAt
0x08030A54	thumb	ActionSelectionCreateCursorAt
0x08030A98	thumb	ActionSelectionDestroyCursorAt
0x08030ADC	thumb	SetCB2ToReshowScreenAfterMenu
0x08030AEC	thumb	SetCB2ToReshowScreenAfterMenu2
0x08030AFC	thumb	CompleteOnFinishedStatusAnimation
0x08030B2C	thumb	CompleteOnFinishedBattleAnimation
0x08030B5C	thumb	PrintLinkStandbyMsg
0x08030B90	thumb	PlayerHandleGetMonData
0x08030C04	thumb	CopyPlayerMonData
0x080313B0	thumb	PlayerHandleGetRawMonData
0x08031438	thumb	PlayerHandleSetMonData
0x08031490	thumb	SetPlayerMonData
0x08031E8C	thumb	PlayerHandleSetRawMonData
0x08031F00	thumb	PlayerHandleLoadMonSprite
0x08031F68	thumb	PlayerHandleSwitchInAnim
0x08031FF4	thumb	StartSendOutAnim
0x08032160	thumb	PlayerHandleReturnMonToBall
0x080321F0	thumb	DoSwitchOutAnimation
0x0803227C	thumb	PlayerHandleDrawTrainerPic
0x08032428	thumb	PlayerHandleTrainerSlide
0x08032590	thumb	PlayerHandleTrainerSlideBack
0x08032650	thumb	PlayerHandleFaintAnimation
0x0803273C	thumb	PlayerHandlePaletteFade
0x0803275C	thumb	PlayerHandleSuccessBallThrowAnim
0x080327B0	thumb	PlayerHandleBallThrowAnim
0x08032810	thumb	PlayerHandlePause
0x08032840	thumb	PlayerHandleMoveAnimation
0x08032978	thumb	PlayerDoMoveAnimation
0x08032AFC	thumb	PlayerHandlePrintString
0x08032B70	thumb	PlayerHandlePrintSelectionString
0x08032B94	thumb	HandleChooseActionAfterDma3
0x08032BD4	thumb	PlayerHandleChooseAction
0x08032C48	thumb	PlayerHandleUnknownYesNoBox
0x08032C4C	thumb	HandleChooseMoveAfterDma3
0x08032C90	thumb	PlayerHandleChooseMove
0x08032CB4	thumb	InitMoveSelectionsVarsAndStrings
0x08032CEC	thumb	PlayerHandleChooseItem
0x08032D50	thumb	PlayerHandleChoosePokemon
0x08032E28	thumb	PlayerHandleCmd23
0x08032E4C	thumb	PlayerHandleHealthBarUpdate
0x08032F4C	thumb	PlayerHandleExpUpdate
0x08032FE8	thumb	PlayerHandleStatusIconUpdate
0x08033060	thumb	PlayerHandleStatusAnimation
0x080330C8	thumb	PlayerHandleStatusXor
0x08033134	thumb	PlayerHandleDataTransfer
0x08033140	thumb	PlayerHandleDMA3Transfer
0x080331F4	thumb	PlayerHandlePlayBGM
0x08033224	thumb	PlayerHandleCmd32
0x08033230	thumb	PlayerHandleTwoReturnValues
0x08033244	thumb	PlayerHandleChosenMonReturnValue
0x08033258	thumb	PlayerHandleOneReturnValue
0x0803326C	thumb	PlayerHandleOneReturnValue_Duplicate
0x08033280	thumb	PlayerHandleCmd37
0x0803329C	thumb	PlayerHandleCmd38
0x080332D4	thumb	PlayerHandleCmd39
0x080332EC	thumb	PlayerHandleCmd40
0x08033314	thumb	PlayerHandleHitAnimation
0x08033384	thumb	PlayerHandleCmd42
0x08033390	thumb	PlayerHandlePlaySE
0x080333D4	thumb	PlayerHandlePlayFanfare
0x08033404	thumb	PlayerHandleFaintingCry
0x08033444	thumb	PlayerHandleIntroSlide
0x08033478	thumb	PlayerHandleIntroTrainerBallThrow
0x080335F8	thumb	SpriteCB_FreePlayerSpriteLoadMonSprite
0x08033660	thumb	Task_StartSendOutAnim
0x0803376C	thumb	PlayerHandleDrawPartyStatusSummary
0x08033830	thumb	EndDrawPartyStatusSummary
0x08033878	thumb	PlayerHandleHidePartyStatusSummary
0x080338C8	thumb	PlayerHandleEndBounceEffect
0x080338EC	thumb	PlayerHandleSpriteInvisibility
0x0803394C	thumb	PlayerHandleBattleAnimation
0x080339B4	thumb	PlayerHandleLinkStandbyMsg
0x08033A10	thumb	PlayerHandleResetActionMoveSelection
0x08033A78	thumb	PlayerHandleCmd55
0x08033AC4	thumb	PlayerCmdEnd
0x08033AC8	thumb	PreviewDeterminativeMoveTargets
0x08033DB8	thumb	AllocateBattleSpritesData
0x08033DF8	thumb	FreeBattleSpritesData
0x08033E3C	thumb	SpriteCB_WaitForBattlerBallReleaseAnim
0x08033EB0	thumb	DoBattleSpriteAffineAnim
0x08033EEC	thumb	SpriteCB_TrainerSlideIn
0x08033F1C	thumb	InitAndLaunchChosenStatusAnimation
0x0803401C	thumb	TryHandleLaunchBattleTableAnimation
0x0803415C	thumb	Task_ClearBitWhenBattleTableAnimDone
0x080341B4	thumb	ShouldAnimBeDoneRegardlessOfSubsitute
0x080341D8	thumb	InitAndLaunchSpecialAnimation
0x08034248	thumb	Task_ClearBitWhenSpecialAnimDone
0x080342A0	thumb	IsMoveWithoutAnimation
0x080342A4	thumb	IsBattleSEPlaying
0x08034320	thumb	BattleLoadOpponentMonSpriteGfx
0x08034498	thumb	BattleLoadPlayerMonSpriteGfx
0x08034658	thumb	DecompressGhostFrontPic
0x080346C4	thumb	DecompressTrainerFrontPic
0x08034750	thumb	DecompressTrainerBackPalette
0x08034778	thumb	BattleGfxSfxDummy3
0x0803477C	thumb	FreeTrainerFrontPicPaletteAndTile
0x080347A8	thumb	BattleLoadAllHealthBoxesGfxAtOnce
0x08034838	thumb	BattleLoadAllHealthBoxesGfx
0x08034964	thumb	LoadBattleBarGfx
0x08034984	thumb	BattleInitAllSprites
0x08034AFC	thumb	ClearSpritesHealthboxAnimData
0x08034B24	thumb	ClearSpritesBattlerHealthboxAnimData
0x08034B40	thumb	CopyAllBattleSpritesInvisibilities
0x08034BB4	thumb	CopyBattleSpriteInvisibility
0x08034BF4	thumb	HandleSpeciesGfxDataChange
0x080350BC	thumb	BattleLoadSubstituteOrMonSpriteGfx
0x080351A8	thumb	LoadBattleMonGfxAndAnimate
0x08035200	thumb	TrySetBehindSubstituteSpriteBit
0x08035228	thumb	ClearBehindSubstituteBit
0x08035244	thumb	HandleLowHpMusicChange
0x08035314	thumb	BattleStopLowHpSound
0x08035368	thumb	GetMonHPBarLevel
0x0803539C	thumb	HandleBattleLowHpMusicChange
0x08035450	thumb	SetBattlerSpriteAffineMode
0x08035538	thumb	LoadAndCreateEnemyShadowSprites
0x08035624	thumb	SpriteCB_EnemyShadow
0x080356FC	thumb	SpriteCB_SetInvisible
0x08035708	thumb	SetBattlerShadowSpriteCallback
0x08035794	thumb	HideBattlerShadowSprite
0x080357C8	thumb	BattleInterfaceSetWindowPals
0x0803589C	thumb	ClearTemporarySpeciesSpriteData
0x080358D4	thumb	AllocateMonSpritesGfx
0x080359AC	thumb	FreeMonSpritesGfx
0x08035A28	thumb	ShouldPlayNormalMonCry
0x08035A78	thumb	OpponentDummy
0x08035A7C	thumb	SetControllerToOpponent
0x08035A98	thumb	OpponentBufferRunCommand
0x08035AE8	thumb	CompleteOnBattlerSpriteCallbackDummy
0x08035B20	thumb	CompleteOnBattlerSpriteCallbackDummy2
0x08035B58	thumb	FreeTrainerSpriteAfterSlide
0x08035BE8	thumb	Intro_DelayAndEnd
0x08035C30	thumb	Intro_WaitForShinyAnimAndHealthbox
0x08035DF0	thumb	Intro_TryShinyAnimShowHealthbox
0x08035FE8	thumb	TryShinyAnimAfterMonAnim
0x080360A0	thumb	CompleteOnHealthbarDone
0x0803612C	thumb	HideHealthboxAfterMonFaint
0x08036170	thumb	FreeMonSpriteAfterSwitchOutAnim
0x080361E4	thumb	CompleteOnInactiveTextPrinter
0x080361FC	thumb	DoHitAnimBlinkSpriteEffect
0x08036278	thumb	SwitchIn_ShowSubstitute
0x080362E8	thumb	SwitchIn_HandleSoundAndEnd
0x08036334	thumb	SwitchIn_ShowHealthbox
0x08036408	thumb	SwitchIn_TryShinyAnim
0x080364D0	thumb	CompleteOnFinishedStatusAnimation
0x08036500	thumb	CompleteOnFinishedBattleAnimation
0x08036530	thumb	OpponentBufferExecCompleted
0x08036568	thumb	OpponentHandleGetMonData
0x080365DC	thumb	GetOpponentMonData
0x08036D88	thumb	OpponentHandleGetRawMonData
0x08036E10	thumb	OpponentHandleSetMonData
0x08036E68	thumb	SetOpponentMonData
0x08037788	thumb	OpponentHandleSetRawMonData
0x080377FC	thumb	OpponentHandleLoadMonSprite
0x080379C8	thumb	OpponentHandleSwitchInAnim
0x08037A28	thumb	StartSendOutAnim
0x08037BAC	thumb	OpponentHandleReturnMonToBall
0x08037C44	thumb	DoSwitchOutAnimation
0x08037CD0	thumb	OpponentHandleDrawTrainerPic
0x08037EA4	thumb	OpponentHandleTrainerSlide
0x08038078	thumb	OpponentHandleTrainerSlideBack
0x08038124	thumb	OpponentHandleFaintAnimation
0x080381D0	thumb	OpponentHandlePaletteFade
0x080381DC	thumb	OpponentHandleSuccessBallThrowAnim
0x080381E8	thumb	OpponentHandleBallThrowAnim
0x080381F4	thumb	OpponentHandlePause
0x08038200	thumb	OpponentHandleMoveAnimation
0x08038338	thumb	OpponentDoMoveAnimation
0x080384BC	thumb	OpponentHandlePrintString
0x08038588	thumb	OpponentHandlePrintSelectionString
0x08038594	thumb	OpponentHandleChooseAction
0x080385A4	thumb	OpponentHandleUnknownYesNoBox
0x080385B0	thumb	OpponentHandleChooseMove
0x08038718	thumb	OpponentHandleChooseItem
0x08038744	thumb	OpponentHandleChoosePokemon
0x08038838	thumb	OpponentHandleCmd23
0x08038844	thumb	OpponentHandleHealthBarUpdate
0x08038934	thumb	OpponentHandleExpUpdate
0x08038940	thumb	OpponentHandleStatusIconUpdate
0x080389B8	thumb	OpponentHandleStatusAnimation
0x08038A20	thumb	OpponentHandleStatusXor
0x08038A2C	thumb	OpponentHandleDataTransfer
0x08038A38	thumb	OpponentHandleDMA3Transfer
0x08038A44	thumb	OpponentHandlePlayBGM
0x08038A50	thumb	OpponentHandleCmd32
0x08038A5C	thumb	OpponentHandleTwoReturnValues
0x08038A68	thumb	OpponentHandleChosenMonReturnValue
0x08038A74	thumb	OpponentHandleOneReturnValue
0x08038A80	thumb	OpponentHandleOneReturnValue_Duplicate
0x08038A8C	thumb	OpponentHandleCmd37
0x08038AA8	thumb	OpponentHandleCmd38
0x08038AE0	thumb	OpponentHandleCmd39
0x08038AF8	thumb	OpponentHandleCmd40
0x08038B20	thumb	OpponentHandleHitAnimation
0x08038B90	thumb	OpponentHandleCmd42
0x08038B9C	thumb	OpponentHandlePlaySE
0x08038BE0	thumb	OpponentHandlePlayFanfare
0x08038C10	thumb	OpponentHandleFaintingCry
0x08038C4C	thumb	OpponentHandleIntroSlide
0x08038C80	thumb	OpponentHandleIntroTrainerBallThrow
0x08038D90	thumb	SpriteCB_FreeOpponentSprite
0x08038DC4	thumb	Task_StartSendOutAnim
0x08038EA8	thumb	OpponentHandleDrawPartyStatusSummary
0x08038FBC	thumb	EndDrawPartyStatusSummary
0x08039004	thumb	OpponentHandleHidePartyStatusSummary
0x08039054	thumb	OpponentHandleEndBounceEffect
0x08039060	thumb	OpponentHandleSpriteInvisibility
0x080390C0	thumb	OpponentHandleBattleAnimation
0x08039128	thumb	OpponentHandleLinkStandbyMsg
0x08039134	thumb	OpponentHandleResetActionMoveSelection
0x08039140	thumb	OpponentHandleCmd55
0x08039184	thumb	OpponentCmdEnd
0x08039188	thumb	ShouldSwitchIfPerishSong
0x080391EC	thumb	ShouldSwitchIfWonderGuard
0x0803937C	thumb	FindMonThatAbsorbsOpponentsMove
0x08039598	thumb	ShouldSwitchIfNaturalCure
0x08039698	thumb	HasSuperEffectiveMoveAgainstOpponents
0x080397E0	thumb	AreStatsRaised
0x08039828	thumb	FindMonWithFlagsAndSuperEffective
0x08039A80	thumb	ShouldSwitch
0x08039C84	thumb	AI_TrySwitchOrUseItem
0x08039DB4	thumb	ModulateByTypeEffectiveness
0x08039E3C	thumb	GetMostSuitableMonToSwitchInto
0x0803A198	thumb	GetAI_ItemType
0x0803A1F4	thumb	ShouldUseItem
0x0803A664	thumb	LinkOpponentDummy
0x0803A668	thumb	SetControllerToLinkOpponent
0x0803A684	thumb	LinkOpponentBufferRunCommand
0x0803A6D4	thumb	CompleteOnBattlerSpriteCallbackDummy
0x0803A70C	thumb	FreeTrainerSpriteAfterSlide
0x0803A79C	thumb	Intro_DelayAndEnd
0x0803A7E4	thumb	Intro_WaitForShinyAnimAndHealthbox
0x0803A9CC	thumb	Intro_TryShinyAnimShowHealthbox
0x0803AC14	thumb	TryShinyAnimAfterMonAnim
0x0803ACCC	thumb	CompleteOnHealthbarDone
0x0803AD20	thumb	HideHealthboxAfterMonFaint
0x0803AD64	thumb	FreeMonSpriteAfterSwitchOutAnim
0x0803ADD8	thumb	CompleteOnInactiveTextPrinter
0x0803ADF0	thumb	DoHitAnimBlinkSpriteEffect
0x0803AE6C	thumb	SwitchIn_ShowSubstitute
0x0803AEDC	thumb	SwitchIn_HandleSoundAndEnd
0x0803AF28	thumb	SwitchIn_ShowHealthbox
0x0803AFFC	thumb	SwitchIn_TryShinyAnim
0x0803B0C4	thumb	CompleteOnFinishedStatusAnimation
0x0803B0F4	thumb	CompleteOnFinishedBattleAnimation
0x0803B124	thumb	LinkOpponentBufferExecCompleted
0x0803B19C	thumb	LinkOpponentHandleGetMonData
0x0803B210	thumb	CopyLinkOpponentMonData
0x0803B9BC	thumb	LinkOpponentHandleGetRawMonData
0x0803B9C8	thumb	LinkOpponentHandleSetMonData
0x0803BA20	thumb	SetLinkOpponentMonData
0x0803C340	thumb	LinkOpponentHandleSetRawMonData
0x0803C3B4	thumb	LinkOpponentHandleLoadMonSprite
0x0803C504	thumb	LinkOpponentHandleSwitchInAnim
0x0803C550	thumb	StartSendOutAnim
0x0803C6D4	thumb	LinkOpponentHandleReturnMonToBall
0x0803C76C	thumb	DoSwitchOutAnimation
0x0803C7F8	thumb	LinkOpponentHandleDrawTrainerPic
0x0803CB00	thumb	LinkOpponentHandleTrainerSlide
0x0803CB0C	thumb	LinkOpponentHandleTrainerSlideBack
0x0803CBB8	thumb	LinkOpponentHandleFaintAnimation
0x0803CC64	thumb	LinkOpponentHandlePaletteFade
0x0803CC70	thumb	LinkOpponentHandleSuccessBallThrowAnim
0x0803CC7C	thumb	LinkOpponentHandleBallThrowAnim
0x0803CC88	thumb	LinkOpponentHandlePause
0x0803CC94	thumb	LinkOpponentHandleMoveAnimation
0x0803CDCC	thumb	LinkOpponentDoMoveAnimation
0x0803CF50	thumb	LinkOpponentHandlePrintString
0x0803CFC4	thumb	LinkOpponentHandlePrintSelectionString
0x0803CFD0	thumb	LinkOpponentHandleChooseAction
0x0803CFDC	thumb	LinkOpponentHandleUnknownYesNoBox
0x0803CFE8	thumb	LinkOpponentHandleChooseMove
0x0803CFF4	thumb	LinkOpponentHandleChooseItem
0x0803D000	thumb	LinkOpponentHandleChoosePokemon
0x0803D00C	thumb	LinkOpponentHandleCmd23
0x0803D018	thumb	LinkOpponentHandleHealthBarUpdate
0x0803D108	thumb	LinkOpponentHandleExpUpdate
0x0803D114	thumb	LinkOpponentHandleStatusIconUpdate
0x0803D18C	thumb	LinkOpponentHandleStatusAnimation
0x0803D1F4	thumb	LinkOpponentHandleStatusXor
0x0803D200	thumb	LinkOpponentHandleDataTransfer
0x0803D20C	thumb	LinkOpponentHandleDMA3Transfer
0x0803D218	thumb	LinkOpponentHandlePlayBGM
0x0803D224	thumb	LinkOpponentHandleCmd32
0x0803D230	thumb	LinkOpponentHandleTwoReturnValues
0x0803D23C	thumb	LinkOpponentHandleChosenMonReturnValue
0x0803D248	thumb	LinkOpponentHandleOneReturnValue
0x0803D254	thumb	LinkOpponentHandleOneReturnValue_Duplicate
0x0803D260	thumb	LinkOpponentHandleClearUnkVar
0x0803D27C	thumb	LinkOpponentHandleSetUnkVar
0x0803D2B4	thumb	LinkOpponentHandleClearUnkFlag
0x0803D2CC	thumb	LinkOpponentHandleToggleUnkFlag
0x0803D2F4	thumb	LinkOpponentHandleHitAnimation
0x0803D364	thumb	LinkOpponentHandleCantSwitch
0x0803D370	thumb	LinkOpponentHandlePlaySE
0x0803D3B4	thumb	LinkOpponentHandlePlayFanfare
0x0803D3E4	thumb	LinkOpponentHandleFaintingCry
0x0803D420	thumb	LinkOpponentHandleIntroSlide
0x0803D454	thumb	LinkOpponentHandleIntroTrainerBallThrow
0x0803D564	thumb	Task_StartSendOutAnim
0x0803D648	thumb	SpriteCB_FreeOpponentSprite
0x0803D67C	thumb	LinkOpponentHandleDrawPartyStatusSummary
0x0803D790	thumb	EndDrawPartyStatusSummary
0x0803D7D8	thumb	LinkOpponentHandleHidePartyStatusSummary
0x0803D828	thumb	LinkOpponentHandleEndBounceEffect
0x0803D834	thumb	LinkOpponentHandleSpriteInvisibility
0x0803D894	thumb	LinkOpponentHandleBattleAnimation
0x0803D8FC	thumb	LinkOpponentHandleLinkStandbyMsg
0x0803D908	thumb	LinkOpponentHandleResetActionMoveSelection
0x0803D914	thumb	LinkOpponentHandleEndLinkBattle
0x0803D978	thumb	LinkOpponentCmdEnd
0x0803D97C	thumb	ZeroBoxMonData
0x0803D994	thumb	ZeroMonData
0x0803DA14	thumb	ZeroPlayerPartyMons
0x0803DA34	thumb	ZeroEnemyPartyMons
0x0803DA54	thumb	CreateMon
0x0803DAC4	thumb	CreateBoxMon
0x0803DD98	thumb	CreateMonWithNature
0x0803DE00	thumb	CreateMonWithGenderNatureLetter
0x0803DF00	thumb	CreateMaleMon
0x0803DF68	thumb	CreateMonWithIVsPersonality
0x0803DFA8	thumb	CreateMonWithIVsOTID
0x0803E01C	thumb	CreateMonWithEVSpread
0x0803E0A4	thumb	CreateBattleTowerMon
0x0803E1EC	thumb	CreateEventMon
0x0803E23C	thumb	ConvertPokemonToBattleTowerPokemon
0x0803E3E8	thumb	CalculateBoxMonChecksum
0x0803E47C	thumb	CalculateMonStats
0x0803E774	thumb	BoxMonToMon
0x0803E7C4	thumb	GetLevelFromMonExp
0x0803E830	thumb	GetLevelFromBoxMonExp
0x0803E89C	thumb	GiveMoveToMon
0x0803E8B0	thumb	GiveMoveToBoxMon
0x0803E920	thumb	GiveMoveToBattleMon
0x0803E964	thumb	SetMonMoveSlot
0x0803E9A4	thumb	SetBattleMonMoveSlot
0x0803E9D4	thumb	GiveMonInitialMoveset
0x0803E9E0	thumb	GiveBoxMonInitialMoveset
0x0803EA88	thumb	MonTryLearningNewMove
0x0803EB94	thumb	DeleteFirstMoveAndGiveMoveToMon
0x0803EC40	thumb	DeleteFirstMoveAndGiveMoveToBoxMon
0x0803ECEC	thumb	CalculateBaseDamage
0x0803F5B4	thumb	CountAliveMonsInBattle
0x0803F6A0	thumb	GetDefaultMoveTarget
0x0803F720	thumb	GetMonGender
0x0803F730	thumb	GetBoxMonGender
0x0803F78C	thumb	GetGenderFromSpeciesAndPersonality
0x0803F7D4	thumb	SetMultiuseSpriteTemplateToPokemon
0x0803F864	thumb	SetMultiuseSpriteTemplateToTrainerBack
0x0803F8F8	thumb	EncryptBoxMon
0x0803F91C	thumb	DecryptBoxMon
0x0803F940	thumb	GetSubstruct
0x0803FBE8	thumb	GetMonData2
0x0803FD44	thumb	GetBoxMonData2
0x0804037C	thumb	SetMonData
0x080404D0	thumb	SetBoxMonData
0x08040B08	thumb	CopyMon
0x08040B14	thumb	GiveMonToPlayer
0x08040B90	thumb	SendMonToPC
0x08040C3C	thumb	CalculatePlayerPartyCount
0x08040C80	thumb	CalculateEnemyPartyCount
0x08040CC4	thumb	GetMonsStateToDoubles
0x08040D38	thumb	GetAbilityBySpecies
0x08040D7C	thumb	GetMonAbility
0x08040DB0	thumb	CreateSecretBaseEnemyParty
0x08040EEC	thumb	GetSecretBaseTrainerPicIndex
0x08040F2C	thumb	GetSecretBaseTrainerNameIndex
0x08040F6C	thumb	IsPlayerPartyAndPokemonStorageFull
0x08040FA0	thumb	IsPokemonStorageFull
0x08040FD0	thumb	GetSpeciesName
0x0804101C	thumb	CalculatePPWithBonus
0x08041064	thumb	RemoveMonPPBonus
0x080410A0	thumb	RemoveBattleMonPPBonus
0x080410B8	thumb	CopyPlayerPartyMonToBattleData
0x080413C0	thumb	ExecuteTableBasedItemEffect
0x080413E4	thumb	PokemonUseItemEffects
0x080423A4	thumb	HealStatusConditions
0x08042414	thumb	PokemonItemUseNoEffect
0x08042BE8	thumb	PartyMonHasStatus
0x08042C08	thumb	GetItemEffectParamOffset
0x08042D50	thumb	BufferStatRoseMessage
0x08042DA4	thumb	Battle_PrintStatBoosterEffectMessage
0x08042E9C	thumb	GetNature
0x08042EB4	thumb	GetNatureFromPersonality
0x08042EC4	thumb	GetEvolutionTargetSpecies
0x080431B4	thumb	HoennPokedexNumToSpecies
0x08043200	thumb	NationalPokedexNumToSpecies
0x0804324C	thumb	NationalToHoennOrder
0x08043298	thumb	SpeciesToNationalPokedexNum
0x080432BC	thumb	SpeciesToHoennPokedexNum
0x080432E0	thumb	HoennToNationalOrder
0x08043304	thumb	SpeciesToCryId
0x08043338	thumb	DrawSpindaSpotsUnused
0x08043458	thumb	DrawSpindaSpots
0x0804356C	thumb	EvolutionRenameMon
0x080435E0	thumb	GetPlayerFlankId
0x08043620	thumb	GetLinkTrainerFlankId
0x08043658	thumb	GetBattlerMultiplayerId
0x0804367C	thumb	GetTrainerEncounterMusicId
0x08043698	thumb	ModifyStatByNature
0x080436F8	thumb	AdjustFriendship
0x08043890	thumb	MonGainEVs
0x08043A40	thumb	GetMonEVCount
0x08043A68	thumb	RandomlyGivePartyPokerus
0x08043A70	thumb	CheckPartyPokerus
0x08043AD8	thumb	CheckPartyHasHadPokerus
0x08043B38	thumb	UpdatePartyPokerusTime
0x08043B40	thumb	PartySpreadPokerus
0x08043B48	thumb	SetMonExpWithMaxLevelCheck
0x08043B90	thumb	TryIncrementMonLevel
0x08043C2C	thumb	CanMonLearnTMHM
0x08043C84	thumb	GetMoveRelearnerMoves
0x08043DD4	thumb	GetLevelUpMovesBySpecies
0x08043E2C	thumb	GetNumberOfRelearnableMoves
0x08043F90	thumb	SpeciesToPokedexNum
0x08043FBC	thumb	ClearBattleMonForms
0x08043FD4	thumb	GetBattleBGM
0x08044074	thumb	PlayBattleBGM
0x08044090	thumb	PlayMapChosenOrBattleBGM
0x080440BC	thumb	GetMonFrontSpritePal
0x080440F4	thumb	GetMonSpritePalFromSpeciesAndPersonality
0x08044148	thumb	GetMonSpritePalStruct
0x08044180	thumb	GetMonSpritePalStructFromOtIdPersonality
0x080441B8	thumb	IsHMMove2
0x080441F4	thumb	IsMonSpriteNotFlipped
0x0804420C	thumb	GetMonFlavorRelation
0x08044234	thumb	GetFlavorRelationByPersonality
0x0804425C	thumb	IsTradedMon
0x08044288	thumb	IsOtherTrainer
0x080442D8	thumb	MonRestorePP
0x080442E4	thumb	BoxMonRestorePP
0x08044348	thumb	SetMonPreventsSwitchingString
0x080443F4	thumb	SetWildMonHeldItem
0x08044470	thumb	IsMonShiny
0x0804449C	thumb	IsShinyOtIdPersonality
0x080444C4	thumb	GetTrainerPartnerName
0x080444F8	thumb	GetPlayerPartyHighestLevel
0x0804454C	thumb	FacilityClassToPicIndex
0x0804455C	thumb	ShouldIgnoreDeoxysForm
0x08044674	thumb	GetDeoxysStat
0x08044708	thumb	SetDeoxysStats
0x080447AC	thumb	GetUnionRoomTrainerPic
0x080447F0	thumb	GetUnionRoomTrainerClass
0x08044838	thumb	CreateEnemyEventMon
0x08044898	thumb	HandleSetPokedexFlag
0x080448F8	thumb	CheckBattleTypeGhost
0x08044950	thumb	InitMonSpritesGfx_Mode1
0x08044A40	thumb	InitMonSpritesGfx_Mode0
0x08044AF0	thumb	CreateMonSpritesGfxManager
0x08044D80	thumb	DestroyMonSpritesGfxManager
0x08044E00	thumb	MonSpritesGfxManager_GetSpritePtr
0x08044E30	thumb	Sin
0x08044E4C	thumb	Cos
0x08044E6C	thumb	Sin2
0x08044EB0	thumb	Cos2
0x08044EC8	thumb	Random
0x08044EE8	thumb	SeedRng
0x08044EF8	thumb	CreateInvisibleSpriteWithCallback
0x08044F34	thumb	StoreWordInTwoHalfwords
0x08044F3C	thumb	LoadWordFromTwoHalfwords
0x08044F4C	thumb	SetBgAffineStruct
0x08044F78	thumb	DoBgAffineSet
0x08044FC4	thumb	CopySpriteTiles
0x08045190	thumb	CountTrailingZeroBits
0x080451B8	thumb	CalcCRC16
0x08045210	thumb	CalcCRC16WithTable
0x08045254	thumb	CalcByteArraySum
0x08045274	thumb	BlendPalette
0x08045314	thumb	BlendPalettesAt
0x080453C0	thumb	DayCare_GetMonNickname
0x080453E0	thumb	DayCare_GetBoxMonNickname
0x08045400	thumb	CountPokemonInDaycare
0x08045430	thumb	InitDaycareMailRecordMixing
0x0804549C	thumb	Daycare_FindEmptySpot
0x080454CC	thumb	StorePokemonInDaycare
0x0804555C	thumb	StorePokemonInEmptyDaycareSlot
0x08045580	thumb	StoreSelectedPokemonInDaycare
0x080455AC	thumb	ShiftDaycareSlots
0x08045608	thumb	ApplyDaycareExperience
0x0804565C	thumb	TakeSelectedPokemonFromDaycare
0x08045700	thumb	TakeSelectedPokemonMonFromDaycareShiftSlots
0x08045728	thumb	TakePokemonFromDaycare
0x0804574C	thumb	GetLevelAfterDaycareSteps
0x08045788	thumb	GetNumLevelsGainedFromSteps
0x080457B4	thumb	GetNumLevelsGainedForDaycareMon
0x080457E8	thumb	GetDaycareCostForSelectedMon
0x08045820	thumb	GetDaycareCostForMon
0x08045838	thumb	GetDaycareCost
0x08045860	thumb	Debug_AddDaycareSteps
0x08045898	thumb	GetNumLevelsGainedFromDaycare
0x080458E8	thumb	ClearDaycareMonMail
0x08045918	thumb	ClearDaycareMon
0x08045938	thumb	ClearAllDaycareData
0x08045970	thumb	GetEggSpecies
0x080459F0	thumb	_TriggerPendingDaycareEgg
0x08045A20	thumb	_TriggerPendingDaycareMaleEgg
0x08045A48	thumb	TriggerPendingDaycareEgg
0x08045A60	thumb	TriggerPendingDaycareMaleEgg
0x08045A78	thumb	RemoveIVIndexFromList
0x08045AC0	thumb	InheritIVs
0x08045C28	thumb	GetEggMoves
0x08045CD0	thumb	BuildEggMoveset
0x08045F70	thumb	RemoveEggFromDayCare
0x08045F88	thumb	RejectEggFromDayCare
0x08045FA0	thumb	AlterEggSpeciesWithIncenseItem
0x08046000	thumb	DetermineEggSpeciesAndParentSlots
0x080460D4	thumb	_GiveEggFromDaycare
0x08046150	thumb	CreateEgg
0x08046208	thumb	SetInitialEggData
0x080462AC	thumb	GiveEggFromDaycare
0x080462C4	thumb	TryProduceOrHatchEgg
0x080463B8	thumb	ShouldEggHatch
0x080463FC	thumb	IsEggPending
0x0804640C	thumb	_GetDaycareMonNicknames
0x08046460	thumb	GetSelectedMonNicknameAndSpecies
0x0804649C	thumb	GetDaycareMonNicknames
0x080464B4	thumb	GetDaycareState
0x080464F8	thumb	GetDaycarePokemonCount
0x0804651C	thumb	EggGroupsOverlap
0x0804654C	thumb	GetDaycareCompatibilityScore
0x0804666C	thumb	GetDaycareCompatibilityScoreFromSave
0x08046688	thumb	SetDaycareCompatibilityString
0x080466C8	thumb	NameHasGenderSymbol
0x08046744	thumb	AppendGenderSymbol
0x08046794	thumb	AppendMonGenderSymbol
0x080467B0	thumb	GetDaycareLevelMenuText
0x08046834	thumb	GetDaycareLevelMenuLevelText
0x08046898	thumb	DaycareAddTextPrinter
0x0804690C	thumb	DaycarePrintMonNickname
0x08046944	thumb	DaycarePrintMonLvl
0x080469B4	thumb	DaycarePrintMonInfo
0x080469FC	thumb	Task_HandleDaycareLevelMenuInput
0x08046AB8	thumb	ShowDaycareLevelMenu
0x08046B28	thumb	ChooseSendDaycareMon
0x08046B40	thumb	PutMonInRoute5Daycare
0x08046B70	thumb	GetCostToWithdrawRoute5DaycareMon
0x08046B94	thumb	IsThereMonInRoute5Daycare
0x08046BBC	thumb	GetNumLevelsGainedForRoute5DaycareMon
0x08046BDC	thumb	TakePokemonFromRoute5Daycare
0x08046BFC	thumb	CreatedHatchedMon
0x08046D60	thumb	AddHatchedMonToParty
0x08046E20	thumb	ScriptHatchMon
0x08046E34	thumb	BufferDayCareMonReceivedMail
0x08046EAC	thumb	DaycareMonReceivedMail
0x08046ED0	thumb	EggHatchCreateMonSprite
0x08046FC0	thumb	VBlankCB_EggHatch
0x08046FD4	thumb	EggHatch
0x08047004	thumb	Task_EggHatch
0x08047044	thumb	CB2_EggHatch_0
0x080472A0	thumb	EggHatchSetMonNickname
0x080472E4	thumb	Task_EggHatchPlayBGM
0x08047338	thumb	CB2_EggHatch_1
0x080476B0	thumb	SpriteCB_Egg_0
0x08047708	thumb	SpriteCB_Egg_1
0x0804776C	thumb	SpriteCB_Egg_2
0x0804782C	thumb	SpriteCB_Egg_3
0x08047850	thumb	SpriteCB_Egg_4
0x080478D0	thumb	SpriteCB_Egg_5
0x08047970	thumb	SpriteCB_EggShard
0x080479C8	thumb	CreateRandomEggShardSprite
0x08047A1C	thumb	CreateEggShardSprite
0x08047A9C	thumb	EggHatchPrintMessage
0x08047B0C	thumb	Debug_DrawNumber
0x08047CAC	thumb	Debug_DrawNumberPair
0x08047CE0	thumb	CreateBattlerHealthboxSprites
0x08048008	thumb	CreateSafariPlayerHealthboxSprites
0x080480A8	thumb	GetBattleInterfaceGfxPtr
0x080480B8	thumb	SpriteCB_HealthBar
0x08048128	thumb	SpriteCB_HealthBoxOther
0x08048150	thumb	SetBattleBarStruct
0x08048188	thumb	SetHealthboxSpriteInvisible
0x080481D4	thumb	SetHealthboxSpriteVisible
0x08048228	thumb	UpdateSpritePos
0x08048248	thumb	DestoryHealthboxSprite
0x08048288	thumb	DummyBattleInterfaceFunc
0x0804828C	thumb	UpdateOamPriorityInAllHealthboxes
0x0804831C	thumb	InitBattlerHealthboxCoords
0x08048398	thumb	UpdateLvlInHealthbox
0x08048440	thumb	UpdateHpTextInHealthbox
0x08048618	thumb	UpdateHpTextInHealthboxInDoubles
0x080487F8	thumb	PrintSafariMonInfo
0x08048A4C	thumb	SwapHpBarsWithHpText
0x08048D14	thumb	CreatePartyStatusSummarySprites
0x080491B0	thumb	Task_HidePartyStatusSummary
0x08049388	thumb	Task_HidePartyStatusSummary_BattleStart_1
0x080493E4	thumb	Task_HidePartyStatusSummary_BattleStart_2
0x0804948C	thumb	Task_HidePartyStatusSummary_DuringBattle
0x08049550	thumb	SpriteCB_PartySummaryBar
0x08049568	thumb	SpriteCB_PartySummaryBar_Exit
0x0804959C	thumb	SpriteCB_PartySummaryBall_OnBattleStart
0x08049630	thumb	SpriteCB_PartySummaryBall_Exit
0x080496A0	thumb	SpriteCB_PartySummaryBall_OnSwitchout
0x080496C0	thumb	UpdateNickInHealthbox
0x0804981C	thumb	TryAddPokeballIconToHealthbox
0x08049934	thumb	UpdateStatusIconInHealthbox
0x08049BE4	thumb	GetStatusIconForBattlerId
0x08049CAC	thumb	UpdateSafariBallsTextOnHealthbox
0x08049D10	thumb	UpdateLeftNoOfBallsTextOnHealthbox
0x08049D98	thumb	UpdateHealthboxAttribute
0x08049FD8	thumb	MoveBattleBar
0x0804A0D4	thumb	MoveBattleBarGraphically
0x0804A2F0	thumb	CalcNewBarValue
0x0804A3C4	thumb	CalcBarFilledPixels
0x0804A460	thumb	UpdateAndDrawHealthbarOntoScreen
0x0804A4C8	thumb	CalcNewHealthbarValue
0x0804A4F0	thumb	DoDrawHealthbarOntoScreen
0x0804A510	thumb	DrawHealthbarOntoScreen
0x0804A59C	thumb	GetReceivedValueInPixels
0x0804A5E8	thumb	GetScaledHPFraction
0x0804A614	thumb	GetHPBarLevel
0x0804A648	thumb	AddTextPrinterAndCreateWindowOnHealthbox
0x0804A6D8	thumb	RemoveWindowOnHealthbox
0x0804A6E8	thumb	TextIntoHealthboxObject
0x0804A734	thumb	SafariTextIntoHealthboxObject
0x0804A76C	thumb	SmokescreenImpact
0x0804A8C0	thumb	SpriteCB_SmokescreenImpactMain
0x0804A904	thumb	SpriteCB_SmokescreenImpact
0x0804A938	thumb	DoPokeballSendOutAnimation
0x0804A9A0	thumb	Task_DoPokeballSendOutAnim
0x0804ABD4	thumb	SpriteCB_BallThrow
0x0804AC88	thumb	SpriteCB_BallThrow_ReachMon
0x0804AC94	thumb	SpriteCB_BallThrow_StartShrinkMon
0x0804AD00	thumb	SpriteCB_BallThrow_ShrinkMon
0x0804AD98	thumb	SpriteCB_BallThrow_Close
0x0804ADEC	thumb	SpriteCB_BallThrow_FallToGround
0x0804AEE4	thumb	SpriteCB_BallThrow_StartShakes
0x0804AF24	thumb	SpriteCB_BallThrow_Shake
0x0804B070	thumb	Task_PlayCryWhenReleasedFromBall
0x0804B268	thumb	SpriteCB_ReleaseMonFromBall
0x0804B484	thumb	SpriteCB_BallThrow_StartCaptureMon
0x0804B4A4	thumb	HandleBallAnimEnd
0x0804B5C8	thumb	SpriteCB_BallThrow_CaptureMon
0x0804B684	thumb	SpriteCB_PlayerMonSendOut_1
0x0804B6D4	thumb	SpriteCB_PlayerMonSendOut_2
0x0804B844	thumb	SpriteCB_ReleaseMon2FromBall
0x0804B868	thumb	SpriteCB_OpponentMonSendOut
0x0804B8C8	thumb	AnimateBallOpenParticlesForPokeball
0x0804B8F0	thumb	LaunchBallFadeMonTaskForPokeball
0x0804B908	thumb	CreatePokeballSpriteToReleaseMon
0x0804B9E8	thumb	SpriteCB_PokeballReleaseMon
0x0804BAA4	thumb	SpriteCB_ReleasedMonFlyOut
0x0804BB98	thumb	CreateTradePokeballSprite
0x0804BC50	thumb	SpriteCB_TradePokeball
0x0804BCF8	thumb	SpriteCB_TradePokeballSendOff
0x0804BD6C	thumb	SpriteCB_TradePokeballEnd
0x0804BD88	thumb	DestroySpriteAndFreeResources_Ball
0x0804BD94	thumb	StartHealthboxSlideIn
0x0804BE24	thumb	SpriteCB_HealthboxSlideInDelayed
0x0804BE48	thumb	SpriteCB_HealthboxSlideIn
0x0804BE70	thumb	DoHitAnimHealthboxEffect
0x0804BEB4	thumb	SpriteCB_HitAnimHealthoxEffect
0x0804BEF4	thumb	LoadBallGfx
0x0804BF64	thumb	FreeBallGfx
0x0804BF90	thumb	GetBattlerPokeballItemId
0x0804BFE4	thumb	CheckForFlashMemory
0x0804C010	thumb	ClearSav2
0x0804C034	thumb	ClearSav1
0x0804C058	thumb	SetSaveBlocksPointers
0x0804C0A4	thumb	MoveSaveBlocks_ResetHeap
0x0804C188	thumb	UseContinueGameWarp
0x0804C198	thumb	ClearContinueGameWarpStatus
0x0804C1AC	thumb	SetContinueGameWarpStatus
0x0804C1C0	thumb	SetContinueGameWarpStatusToDynamicWarp
0x0804C1DC	thumb	ClearContinueGameWarpStatus2
0x0804C1F0	thumb	SavePlayerParty
0x0804C230	thumb	LoadPlayerParty
0x0804C270	thumb	SaveObjectEvents
0x0804C2B8	thumb	LoadObjectEvents
0x0804C300	thumb	SaveSerializedGame
0x0804C310	thumb	LoadSerializedGame
0x0804C320	thumb	LoadPlayerBag
0x0804C440	thumb	SavePlayerBag
0x0804C56C	thumb	ApplyNewEncryptionKeyToHword
0x0804C588	thumb	ApplyNewEncryptionKeyToWord
0x0804C5A4	thumb	ApplyNewEncryptionKeyToAllEncryptedData
0x0804C600	thumb	InitTradeMenu
0x0804C718	thumb	CB2_StartCreateTradeMenu
0x0804C728	thumb	CB2_CreateTradeMenu
0x0804CF14	thumb	CB2_ReturnToTradeMenuFromSummary
0x0804D4F8	thumb	VBlankCB_TradeMenu
0x0804D50C	thumb	CB_FadeToStartTrade
0x0804D548	thumb	CB_WaitToStartTrade
0x0804D5A4	thumb	CB_StartLinkTrade
0x0804D638	thumb	CB2_TradeMenu
0x0804D694	thumb	LoadTradeBgGfx
0x0804D764	thumb	SetActiveMenuOptions
0x0804D814	thumb	Trade_Memcpy
0x0804D834	thumb	BufferTradeParties
0x0804DBAC	thumb	PrintIsThisTradeOkay
0x0804DBD4	thumb	Leader_ReadLinkBuffer
0x0804DCF4	thumb	Follower_ReadLinkBuffer
0x0804DDF0	thumb	Leader_HandleCommunication
0x0804DFF0	thumb	CB1_UpdateLink
0x0804E028	thumb	GetNewCursorPosition
0x0804E074	thumb	TradeMenuMoveCursor
0x0804E134	thumb	SetReadyToTrade
0x0804E194	thumb	CB_ProcessMenuInput
0x0804E330	thumb	RedrawChooseAPokemonWindow
0x0804E388	thumb	CB_ProcessSelectedMonInput
0x0804E46C	thumb	CB_ChooseMonAfterButtonPress
0x0804E494	thumb	CB_ShowTradeMonSummaryScreen
0x0804E50C	thumb	CheckValidityOfTradeMons
0x0804E5A0	thumb	CommunicateWhetherMonCanBeTraded
0x0804E674	thumb	CB_ProcessConfirmTradeInput
0x0804E6FC	thumb	RestoreNicknamesCoveredByYesNo
0x0804E744	thumb	CB_ProcessCancelTradeInput
0x0804E7C8	thumb	CB_SetSelectedMons
0x0804E804	thumb	CB_PrintIsThisTradeOkay
0x0804E830	thumb	CB_InitConfirmTradePrompt
0x0804E880	thumb	CB_HandleTradeCanceled
0x0804E908	thumb	CB_InitExitCanceledTrade
0x0804E944	thumb	CB_ExitCanceledTrade
0x0804E9C0	thumb	CB_WaitToStartRfuTrade
0x0804E9E4	thumb	RunTradeMenuCallback
0x0804EAAC	thumb	SetSelectedMon
0x0804EAE4	thumb	DrawSelectedMonScreen
0x0804EE6C	thumb	GetMonNicknameWidth
0x0804EED4	thumb	BufferMovesString
0x0804EFB4	thumb	PrintPartyMonNickname
0x0804F020	thumb	PrintPartyNicknames
0x0804F08C	thumb	PrintLevelAndGender
0x0804F284	thumb	PrintPartyLevelsAndGenders
0x0804F2E8	thumb	ShowTradePartyMonIcons
0x0804F3B4	thumb	PrintTradePartnerPartyNicknames
0x0804F3C8	thumb	RedrawPartyWindow
0x0804F440	thumb	Task_DrawSelectionSummary
0x0804F464	thumb	Task_DrawSelectionTrade
0x0804F488	thumb	QueueAction
0x0804F4DC	thumb	DoQueuedActions
0x0804F5BC	thumb	PrintTradeMessage
0x0804F610	thumb	LoadUISpriteGfx
0x0804F728	thumb	DrawBottomRowText
0x0804F748	thumb	ComputePartyTradeableFlags
0x0804F890	thumb	ComputePartyHPBarLevels
0x0804F964	thumb	SetTradePartyHPBarSprites
0x0804F9D8	thumb	SaveTradeGiftRibbons
0x0804FA14	thumb	CanTradeSelectedMon
0x0804FB34	thumb	GetGameProgressForLinkTrade
0x0804FBC8	thumb	IsDeoxysOrMewUntradable
0x0804FBEC	thumb	GetUnionRoomTradeMessageId
0x0804FCE0	thumb	CanRegisterMonForTradingBoard
0x0804FD24	thumb	SpriteCB_LinkMonGlow
0x0804FD48	thumb	SpriteCB_LinkMonGlowWireless
0x0804FD78	thumb	SpriteCB_LinkMonShadow
0x0804FDB8	thumb	SpriteCB_CableEndSending
0x0804FDDC	thumb	SpriteCB_CableEndReceiving
0x0804FE00	thumb	SpriteCB_GbaScreen
0x0804FE24	thumb	SetTradeBGAffine
0x0804FEB4	thumb	SetTradeGpuRegs
0x0804FF0C	thumb	VBlankCB_TradeAnim
0x0804FF24	thumb	ClearLinkTimeoutTimer
0x0804FF4C	thumb	CheckLinkTimeout
0x0804FFC4	thumb	TradeGetMultiplayerId
0x0804FFE4	thumb	LoadTradeMonPic
0x08050138	thumb	CB2_LinkTrade
0x0805049C	thumb	InitTradeSequenceBgGpuRegs
0x080504B0	thumb	LinkTradeDrawWindow
0x080504CC	thumb	TradeAnimInit_LoadGfx
0x080505CC	thumb	CB2_InitInGameTrade
0x080507A0	thumb	UpdatePokedexForReceivedMon
0x08050800	thumb	TryEnableNationalDexFromLinkPartner
0x0805080C	thumb	TradeMons
0x080508F4	thumb	HandleLinkDataSend
0x08050948	thumb	CB2_InGameTrade
0x08050968	thumb	SetTradeSequenceBgGpuRegs
0x08050DE0	thumb	LoadTradeGbaSpriteGfx
0x08050E24	thumb	TradeBufferOTnameAndNicknames
0x08050F14	thumb	DoTradeAnim
0x08050F3C	thumb	DoTradeAnim_Cable
0x0805232C	thumb	DoTradeAnim_Wireless
0x08053788	thumb	CB2_TryLinkTradeEvolution
0x0805383C	thumb	HandleLinkDataReceive
0x080538BC	thumb	SpriteCB_BouncingPokeball
0x08053938	thumb	SpriteCB_BouncingPokeballDepart
0x080539AC	thumb	SpriteCB_BouncingPokeballDepartEnd
0x08053A0C	thumb	SpriteCB_BouncingPokeballArrive
0x08053A9C	thumb	GetInGameTradeSpeciesInfo
0x08053AE4	thumb	BufferInGameTradeMonName
0x08053B48	thumb	CreateInGameTradePokemonInternal
0x08053CD4	thumb	GetInGameTradeMail
0x08053D2C	thumb	GetTradeSpecies
0x08053D68	thumb	CreateInGameTradePokemon
0x08053D84	thumb	CB2_UpdateLinkTrade
0x08053E1C	thumb	CB2_WaitTradeComplete
0x08053E8C	thumb	CB2_SaveAndEndTrade
0x080543C4	thumb	CB2_FreeTradeAnim
0x08054440	thumb	DoInGameTradeScene
0x08054470	thumb	Task_InGameTrade
0x080544AC	thumb	CheckPartnersMonForRibbons
0x080544FC	thumb	LoadTradeAnimGfx
0x08054508	thumb	DrawTextOnTradeWindow
0x08054588	thumb	Task_AnimateWirelessSignal
0x0805465C	thumb	Task_OpenCenterWhiteColumn
0x08054734	thumb	Task_CloseCenterWhiteColumn
0x08054814	thumb	PlayTimeCounter_Reset
0x08054838	thumb	PlayTimeCounter_Start
0x08054860	thumb	PlayTimeCounter_Stop
0x0805486C	thumb	PlayTimeCounter_Update
0x080548D4	thumb	PlayTimeCounter_SetToMax
0x080548FC	thumb	SetTrainerId
0x0805490C	thumb	CopyTrainerId
0x08054928	thumb	InitPlayerTrainerId
0x08054954	thumb	SetDefaultOptions
0x080549AC	thumb	ClearPokedexFlags
0x080549D4	thumb	ClearBattleTower
0x080549F8	thumb	WarpToPlayersRoom
0x08054A18	thumb	Sav2_ClearSetDefault
0x08054A28	thumb	ResetMenuAndMonGlobals
0x08054A60	thumb	NewGameInitData
0x08054B70	thumb	ResetMiniGamesResults
0x08054BC8	thumb	DoWhiteOut
0x08054C04	thumb	ComputeWhiteOutMoneyLoss
0x08054C48	thumb	OverworldWhiteOutGetMoneyLoss
0x08054C70	thumb	CountBadgesForOverworldWhiteOutLossCalculation
0x08054CA0	thumb	Overworld_ResetStateAfterFly
0x08054D08	thumb	Overworld_ResetStateAfterTeleport
0x08054D70	thumb	Overworld_ResetStateAfterDigEscRope
0x08054DD8	thumb	Overworld_ResetStateAfterWhitingOut
0x08054E40	thumb	Overworld_ResetStateOnContinue
0x08054E68	thumb	ResetGameStats
0x08054E90	thumb	IncrementGameStat
0x08054EC4	thumb	GetGameStat
0x08054F00	thumb	SetGameStat
0x08054F38	thumb	ApplyNewEncryptionKeyToGameStats
0x08054F68	thumb	LoadObjEventTemplatesFromHeader
0x080550A8	thumb	LoadSaveblockObjEventScripts
0x080550D8	thumb	SetObjEventTemplateCoords
0x08055114	thumb	SetObjEventTemplateMovementType
0x08055148	thumb	InitMapView
0x08055170	thumb	GetMapLayout
0x08055198	thumb	ApplyCurrentWarp
0x080551DC	thumb	SetWarpData
0x080551FC	thumb	IsDummyWarp
0x08055238	thumb	Overworld_GetMapHeaderByGroupAndId
0x08055250	thumb	GetDestinationWarpMapHeader
0x08055274	thumb	LoadCurrentMapData
0x080552BC	thumb	LoadSaveblockMapHeader
0x080552FC	thumb	SetPlayerCoordsFromWarp
0x08055378	thumb	WarpIntoMap
0x0805538C	thumb	SetWarpDestination
0x080553C8	thumb	SetWarpDestinationToMapWarp
0x080553E8	thumb	SetDynamicWarp
0x0805541C	thumb	SetDynamicWarpWithCoords
0x08055454	thumb	SetWarpDestinationToDynamicWarp
0x0805546C	thumb	SetWarpDestinationToHealLocation
0x080554A4	thumb	SetWarpDestinationToLastHealLocation
0x080554BC	thumb	Overworld_SetWhiteoutRespawnPoint
0x080554CC	thumb	SetLastHealLocationWarp
0x0805550C	thumb	UpdateEscapeWarp
0x080555A0	thumb	SetEscapeWarp
0x080555E0	thumb	SetWarpDestinationToEscapeWarp
0x080555F8	thumb	SetFixedDiveWarp
0x08055634	thumb	SetWarpDestinationToDiveWarp
0x0805564C	thumb	SetFixedHoleWarp
0x08055688	thumb	SetWarpDestinationToFixedHoleWarp
0x080556E0	thumb	SetWarpDestinationToContinueGameWarp
0x080556F8	thumb	SetContinueGameWarp
0x08055738	thumb	SetContinueGameWarpToHealLocation
0x08055778	thumb	SetContinueGameWarpToDynamicWarp
0x0805578C	thumb	GetMapConnection
0x080557C4	thumb	SetDiveWarp
0x08055824	thumb	SetDiveWarpEmerge
0x08055844	thumb	SetDiveWarpDive
0x08055864	thumb	LoadMapFromCameraTransition
0x08055920	thumb	LoadMapFromWarp
0x080559A8	thumb	QL_LoadMapNormal
0x080559E4	thumb	ResetInitialPlayerAvatarState
0x080559F8	thumb	SetInitialPlayerAvatarStateWithDirection
0x08055A08	thumb	StoreInitialPlayerAvatarState
0x08055A6C	thumb	GetInitialPlayerAvatarState
0x08055ACC	thumb	GetAdjustedInitialTransitionFlags
0x08055B38	thumb	MetatileBehavior_IsSurfableInSeafoamIslands
0x08055B74	thumb	GetAdjustedInitialDirection
0x08055C74	thumb	GetCenterScreenMetatileBehavior
0x08055C9C	thumb	Overworld_IsBikingAllowed
0x08055CB8	thumb	SetDefaultFlashLevel
0x08055D08	thumb	SetFlashLevel
0x08055D30	thumb	Overworld_GetFlashLevel
0x08055D40	thumb	SetCurrentMapLayout
0x08055D5C	thumb	Overworld_SetWarpDestinationFromWarp
0x08055D6C	thumb	GetLocationMusic
0x08055D8C	thumb	GetCurrLocationDefaultMusic
0x08055DA4	thumb	GetWarpDestinationMusic
0x08055DB8	thumb	Overworld_ResetMapMusic
0x08055DC4	thumb	Overworld_PlaySpecialMapMusic
0x08055E78	thumb	Overworld_SetSavedMusic
0x08055E84	thumb	Overworld_ClearSavedMusic
0x08055E94	thumb	Overworld_TryMapConnectionMusicTransition
0x08055F1C	thumb	Overworld_ChangeMusicToDefault
0x08055F48	thumb	Overworld_ChangeMusicTo
0x08055F68	thumb	GetMapMusicFadeoutSpeed
0x08055F88	thumb	TryFadeOutOldMapMusic
0x08055FC4	thumb	BGMusicStopped
0x08055FD4	thumb	Overworld_FadeOutMapMusic
0x08055FE0	thumb	PlayAmbientCry
0x08056078	thumb	UpdateAmbientCry
0x0805610C	thumb	ChooseAmbientCrySpecies
0x08056124	thumb	Overworld_MusicCanOverrideMapMusic
0x08056158	thumb	GetMapTypeByGroupAndId
0x08056170	thumb	GetMapTypeByWarpData
0x08056188	thumb	GetCurrentMapType
0x080561A0	thumb	GetLastUsedWarpMapType
0x080561B4	thumb	GetLastUsedWarpMapSectionId
0x080561D8	thumb	IsMapTypeOutdoors
0x080561FC	thumb	Overworld_MapTypeAllowsTeleportAndFly
0x0805621C	thumb	IsMapTypeIndoors
0x08056238	thumb	GetSavedWarpRegionMapSectionId
0x08056260	thumb	GetCurrentRegionMapSectionId
0x08056288	thumb	GetCurrentMapBattleScene
0x080562B0	thumb	InitOverworldBgs
0x08056354	thumb	InitOverworldBgs_NoResetHeap
0x080563F0	thumb	CleanupOverworldWindowsAndTilemaps
0x08056420	thumb	ResetSafariZoneFlag_
0x0805642C	thumb	IsUpdateLinkStateCBActive
0x0805644C	thumb	DoCB1_Overworld
0x080564C8	thumb	DoCB1_Overworld_QuestLogPlayback
0x08056534	thumb	CB1_Overworld
0x08056578	thumb	OverworldBasic
0x080565A8	thumb	CB2_OverworldBasic
0x080565B4	thumb	CB2_Overworld
0x080565E0	thumb	SetMainCallback1
0x080565EC	thumb	RunFieldCallback
0x08056644	thumb	CB2_NewGame
0x080566A4	thumb	CB2_WhiteOut
0x0805671C	thumb	CB2_LoadMap
0x0805674C	thumb	CB2_LoadMap2
0x08056788	thumb	CB2_ReturnToFieldCableClub
0x080567AC	thumb	CB2_LoadMapOnReturnToFieldCableClub
0x080567DC	thumb	CB2_ReturnToField
0x08056808	thumb	CB2_ReturnToFieldLocal
0x0805682C	thumb	CB2_ReturnToFieldLink
0x08056854	thumb	CB2_ReturnToFieldFromMultiplayer
0x080568A8	thumb	CB2_ReturnToFieldWithOpenMenu
0x080568C4	thumb	CB2_ReturnToFieldContinueScript
0x080568E0	thumb	CB2_ReturnToFieldContinueScriptPlayMapMusic
0x080568FC	thumb	CB2_ReturnToFieldFromDiploma
0x08056918	thumb	FieldCB_ShowMapNameOnContinue
0x08056938	thumb	CB2_ContinueSavedGame
0x080569BC	thumb	FieldClearVBlankHBlankCallbacks
0x08056A04	thumb	SetFieldVBlankCallback
0x08056A14	thumb	VBlankCB_Field
0x08056A34	thumb	InitCurrentFlashLevelScanlineEffect
0x08056A5C	thumb	LoadMapInStepsLink
0x08056B78	thumb	LoadMapInStepsLocal
0x08056CD8	thumb	ReturnToFieldLocal
0x08056D44	thumb	ReturnToFieldLink
0x08056E5C	thumb	DoMapLoadLoop
0x08056E74	thumb	MoveSaveBlocks_ResetHeap_
0x08056E80	thumb	ResetScreenForMapLoad
0x08056F08	thumb	InitViewGraphics
0x08056F1C	thumb	InitOverworldGraphicsRegisters
0x08057024	thumb	ResumeMap
0x08057074	thumb	InitObjectEventsLink
0x0805709C	thumb	InitObjectEventsLocal
0x08057100	thumb	ReloadObjectsAndRunReturnToFieldMapScript
0x08057114	thumb	SetCameraToTrackPlayer
0x08057140	thumb	SetCameraToTrackGuestPlayer
0x0805715C	thumb	SetCameraToTrackGuestPlayer_2
0x08057178	thumb	OffsetCameraFocusByLinkPlayerId
0x080571A8	thumb	SpawnLinkPlayers
0x08057230	thumb	CreateLinkPlayerSprites
0x0805726C	thumb	CB2_SetUpOverworldForQLPlaybackWithWarpExit
0x080572A8	thumb	CB2_SetUpOverworldForQLPlayback
0x080572D8	thumb	CB2_LoadMapForQLPlayback
0x08057300	thumb	DoLoadMap_QLPlayback
0x08057314	thumb	LoadMap_QLPlayback
0x08057430	thumb	CB2_EnterFieldFromQuestLog
0x080574A4	thumb	Overworld_CreditsMainCB
0x080574EC	thumb	FieldCB2_Credits_WaitFade
0x0805750C	thumb	Overworld_DoScrollSceneForCredits
0x08057528	thumb	SetUpScrollSceneForCredits
0x08057650	thumb	MapLdr_Credits
0x08057748	thumb	CameraCB_CreditsPan
0x0805781C	thumb	Task_OvwldCredits_FadeOut
0x08057854	thumb	Task_OvwldCredits_WaitFade
0x08057884	thumb	CB1_UpdateLinkState
0x080578D8	thumb	ResetAllMultiplayerState
0x080578EC	thumb	ClearAllPlayerKeys
0x080578FC	thumb	SetKeyInterceptCallback
0x08057910	thumb	CheckRfuKeepAliveTimer
0x0805793C	thumb	ResetAllLinkStates
0x08057954	thumb	AreAllPlayersInLinkState
0x0805798C	thumb	IsAnyPlayerInLinkState
0x080579C4	thumb	HandleLinkPlayerKeyInput
0x08057BE4	thumb	UpdateAllLinkPlayers
0x08057C4C	thumb	UpdateHeldKeyCode
0x08057CB8	thumb	KeyInterCB_ReadButtons
0x08057D14	thumb	GetDirectionForDpadKey
0x08057D48	thumb	ResetPlayerHeldKeys
0x08057D5C	thumb	KeyInterCB_SelfIdle
0x08057D98	thumb	KeyInterCB_Idle
0x08057DA4	thumb	KeyInterCB_DeferToEventScript
0x08057DC8	thumb	KeyInterCB_DeferToRecvQueue
0x08057DEC	thumb	KeyInterCB_DeferToSendQueue
0x08057E10	thumb	KeyInterCB_DoNothingAndKeepAlive
0x08057E1C	thumb	KeyInterCB_Ready
0x08057E58	thumb	KeyInterCB_SetReady
0x08057E6C	thumb	KeyInterCB_SendNothing
0x08057E70	thumb	KeyInterCB_WaitForPlayersToExit
0x08057EA8	thumb	KeyInterCB_SendExitRoomKey
0x08057EBC	thumb	KeyInterCB_SendNothing_2
0x08057EC0	thumb	GetCableClubPartnersReady
0x08057F28	thumb	IsAnyPlayerExitingCableClub
0x08057F34	thumb	SetInCableClubSeat
0x08057F48	thumb	SetLinkWaitingForScript
0x08057F5C	thumb	QueueExitLinkRoomKey
0x08057F70	thumb	SetStartedCableClubActivity
0x08057F84	thumb	LoadCableClubPlayer
0x08057FEC	thumb	IsCableClubPlayerUnfrozen
0x08058004	thumb	CanCableClubPlayerPressStart
0x0805801C	thumb	TryGetTileEventScript
0x08058034	thumb	PlayerIsAtSouthExit
0x08058060	thumb	TryInteractWithPlayer
0x0805812C	thumb	GetDirectionForEventScript
0x080581BC	thumb	InitLinkPlayerQueueScript
0x080581C8	thumb	InitLinkRoomStartMenuScript
0x080581DC	thumb	RunInteractLocalPlayerScript
0x080581F8	thumb	CreateConfirmLeaveTradeRoomPrompt
0x08058214	thumb	InitMenuBasedScript
0x08058230	thumb	RunTerminateLinkScript
0x08058244	thumb	Overworld_LinkRecvQueueLengthMoreThan2
0x08058274	thumb	Overworld_RecvKeysFromLinkIsRunning
0x080582E0	thumb	Overworld_SendKeysToLinkIsRunning
0x08058318	thumb	IsSendingKeysOverCable
0x0805833C	thumb	GetLinkSendQueueLength
0x08058370	thumb	ZeroLinkPlayerObjectEvent
0x08058378	thumb	ClearLinkPlayerObjectEvents
0x0805838C	thumb	ZeroObjectEvent
0x0805839C	thumb	SpawnLinkPlayerObjectEvent
0x08058448	thumb	InitLinkPlayerObjectEventPos
0x08058488	thumb	SetLinkPlayerObjectRange
0x080584B8	thumb	DestroyLinkPlayerObject
0x08058504	thumb	GetSpriteForLinkedPlayer
0x08058524	thumb	GetLinkPlayerCoords
0x0805854C	thumb	GetLinkPlayerFacingDirection
0x0805856C	thumb	GetLinkPlayerElevation
0x08058590	thumb	GetLinkPlayerObjectStepTimer
0x080585B8	thumb	GetLinkPlayerIdAt
0x08058618	thumb	SetPlayerFacingDirection
0x08058684	thumb	MovementEventModeCB_Normal
0x080586A4	thumb	MovementEventModeCB_Ignored
0x080586A8	thumb	MovementEventModeCB_Normal_2
0x080586C8	thumb	FacingHandler_DoNothing
0x080586CC	thumb	FacingHandler_DpadMovement
0x08058734	thumb	FacingHandler_ForcedFacingChange
0x0805874C	thumb	MovementStatusHandler_EnterFreeMode
0x08058754	thumb	MovementStatusHandler_TryAdvanceScript
0x0805878C	thumb	FlipVerticalAndClearForced
0x080587EC	thumb	LinkPlayerDetectCollision
0x08058878	thumb	CreateLinkPlayerSprite
0x0805890C	thumb	SpriteCB_LinkPlayer
0x080589C4	thumb	GetMapHeaderFromConnection
0x080589D4	thumb	InitMap
0x080589E8	thumb	InitMapFromSavedGame
0x08058A00	thumb	InitMapLayoutData
0x08058A70	thumb	InitBackupMapLayoutData
0x08058AC8	thumb	InitBackupMapLayoutConnections
0x08058B54	thumb	FillConnection
0x08058BB8	thumb	FillSouthConnection
0x08058C20	thumb	FillNorthConnection
0x08058C80	thumb	FillWestConnection
0x08058CE0	thumb	FillEastConnection
0x08058D44	thumb	MapGridGetElevationAt
0x08058DC4	thumb	MapGridGetCollisionAt
0x08058E48	thumb	MapGridGetMetatileIdAt
0x08058F1C	thumb	ExtractMetatileAttribute
0x08058F48	thumb	MapGridGetMetatileAttributeAt
0x08058F78	thumb	MapGridGetMetatileBehaviorAt
0x08058F8C	thumb	MapGridGetMetatileLayerTypeAt
0x08058FA4	thumb	MapGridSetMetatileIdAt
0x08058FEC	thumb	MapGridSetMetatileEntryAt
0x08059024	thumb	MapGridSetMetatileImpassabilityAt
0x08059080	thumb	GetAttributeByMetatileIdAndMapLayout
0x080590D8	thumb	SaveMapView
0x08059158	thumb	SavedMapViewIsEmpty
0x08059198	thumb	ClearSavedMapView
0x080591C4	thumb	LoadSavedMapView
0x08059250	thumb	MoveMapViewToBackup
0x08059334	thumb	GetMapBorderIdAt
0x0805943C	thumb	GetPostCameraMoveMapBorderId
0x08059464	thumb	CanCameraMoveInDirection
0x080594AC	thumb	SetPositionFromConnection
0x08059530	thumb	CameraMove
0x08059600	thumb	GetIncomingConnection
0x08059658	thumb	IsPosInIncomingConnectingMap
0x080596BC	thumb	IsCoordInIncomingConnectingMap
0x080596E8	thumb	IsCoordInConnectingMap
0x080596FC	thumb	IsPosInConnectingMap
0x0805973C	thumb	GetMapConnectionAtPos
0x080597EC	thumb	SetCameraFocusCoords
0x08059808	thumb	GetCameraFocusCoords
0x08059820	thumb	SetCameraCoords
0x08059830	thumb	GetCameraCoords
0x08059844	thumb	CopyTilesetToVram
0x08059888	thumb	CopyTilesetToVramUsingHeap
0x080598CC	thumb	ApplyGlobalTintToPaletteEntries
0x08059948	thumb	ApplyGlobalTintToPaletteSlot
0x080599C8	thumb	LoadTilesetPalette
0x08059A54	thumb	CopyPrimaryTilesetToVram
0x08059A68	thumb	CopySecondaryTilesetToVram
0x08059A7C	thumb	CopySecondaryTilesetToVramUsingHeap
0x08059A90	thumb	LoadPrimaryTilesetPalette
0x08059AA0	thumb	LoadSecondaryTilesetPalette
0x08059AB0	thumb	CopyMapTilesetsToVram
0x08059AD8	thumb	LoadMapTilesetPalettes
0x08059AF0	thumb	MetatileBehavior_IsATile
0x08059AF4	thumb	MetatileBehavior_IsJumpEast
0x08059B08	thumb	MetatileBehavior_IsJumpWest
0x08059B1C	thumb	MetatileBehavior_IsJumpNorth
0x08059B30	thumb	MetatileBehavior_IsJumpSouth
0x08059B44	thumb	MetatileBehavior_IsPokeGrass
0x08059B5C	thumb	MetatileBehavior_IsSand
0x08059B74	thumb	MetatileBehavior_IsSandOrShallowFlowingWater
0x08059B8C	thumb	MetatileBehavior_IsDeepSand
0x08059B90	thumb	MetatileBehavior_IsReflective
0x08059BB4	thumb	MetatileBehavior_IsIce
0x08059BC8	thumb	MetatileBehavior_IsWarpDoor
0x08059BDC	thumb	MetatileBehavior_IsWarpDoor_2
0x08059BF0	thumb	MetatileBehavior_IsEscalator
0x08059C0C	thumb	MetatileBehavior_IsDirectionalUpRightStairWarp
0x08059C20	thumb	MetatileBehavior_IsDirectionalUpLeftStairWarp
0x08059C34	thumb	MetatileBehavior_IsDirectionalDownRightStairWarp
0x08059C48	thumb	MetatileBehavior_IsDirectionalDownLeftStairWarp
0x08059C5C	thumb	MetatileBehavior_IsDirectionalStairWarp
0x08059C78	thumb	MetatileBehavior_IsLadder
0x08059C8C	thumb	MetatileBehavior_IsNonAnimDoor
0x08059CA0	thumb	MetatileBehavior_IsDeepSouthWarp
0x08059CA4	thumb	MetatileBehavior_IsSurfable
0x08059CC8	thumb	MetatileBehavior_IsFastWater
0x08059CDC	thumb	MetatileBehavior_IsEastArrowWarp
0x08059CF0	thumb	MetatileBehavior_IsWestArrowWarp
0x08059D04	thumb	MetatileBehavior_IsNorthArrowWarp
0x08059D18	thumb	MetatileBehavior_IsSouthArrowWarp
0x08059D2C	thumb	MetatileBehavior_IsArrowWarp
0x08059D70	thumb	MetatileBehavior_IsForcedMovementTile
0x08059DAC	thumb	MetatileBehavior_IsIce_2
0x08059DC0	thumb	MetatileBehavior_IsTrickHouseSlipperyFloor
0x08059DD4	thumb	MetatileBehavior_IsWalkNorth
0x08059DE8	thumb	MetatileBehavior_IsWalkSouth
0x08059DFC	thumb	MetatileBehavior_IsWalkWest
0x08059E10	thumb	MetatileBehavior_IsWalkEast
0x08059E24	thumb	MetatileBehavior_IsNorthwardCurrent
0x08059E38	thumb	MetatileBehavior_IsSouthwardCurrent
0x08059E4C	thumb	MetatileBehavior_IsWestwardCurrent
0x08059E60	thumb	MetatileBehavior_IsEastwardCurrent
0x08059E74	thumb	MetatileBehavior_IsSlideNorth
0x08059E88	thumb	MetatileBehavior_IsSlideSouth
0x08059E9C	thumb	MetatileBehavior_IsSlideWest
0x08059EB0	thumb	MetatileBehavior_IsSlideEast
0x08059EC4	thumb	MetatileBehavior_IsCounter
0x08059ED8	thumb	MetatileBehavior_IsPlayerFacingTVScreen
0x08059EF4	thumb	MetatileBehavior_IsPC
0x08059F08	thumb	MetatileBehavior_HasRipples
0x08059F20	thumb	MetatileBehavior_IsPuddle
0x08059F34	thumb	MetatileBehavior_IsTallGrass
0x08059F4C	thumb	MetatileBehavior_IsLongGrass
0x08059F50	thumb	MetatileBehavior_IsAshGrass
0x08059F54	thumb	MetatileBehavior_IsFootprints
0x08059F58	thumb	MetatileBehavior_IsBridge
0x08059F5C	thumb	MetatileBehavior_GetBridgeType
0x08059F60	thumb	MetatileBehavior_IsUnused01
0x08059F74	thumb	MetatileBehavior_UnusedIsTallGrass
0x08059F88	thumb	MetatileBehavior_IsIndoorEncounter
0x08059F9C	thumb	MetatileBehavior_IsMountain
0x08059FB0	thumb	MetatileBehavior_IsDiveable
0x08059FCC	thumb	MetatileBehavior_IsUnableToEmerge
0x08059FE0	thumb	MetatileBehavior_IsShallowFlowingWater
0x08059FF4	thumb	MetatileBehavior_IsThinIce
0x0805A008	thumb	MetatileBehavior_IsCrackedIce
0x0805A01C	thumb	MetatileBehavior_IsDeepWaterTerrain
0x0805A03C	thumb	MetatileBehavior_IsUnusedWater
0x0805A050	thumb	MetatileBehavior_IsSurfableAndNotWaterfall
0x0805A07C	thumb	MetatileBehavior_IsEastBlocked
0x0805A098	thumb	MetatileBehavior_IsWestBlocked
0x0805A0B4	thumb	MetatileBehavior_IsNorthBlocked
0x0805A0D0	thumb	MetatileBehavior_IsSouthBlocked
0x0805A0EC	thumb	MetatileBehavior_IsShortGrass
0x0805A0F0	thumb	MetatileBehavior_IsHotSprings
0x0805A104	thumb	MetatileBehavior_IsWaterfall
0x0805A118	thumb	MetatileBehavior_IsFortreeBridge
0x0805A11C	thumb	MetatileBehavior_IsPacifidlogVerticalLogTop
0x0805A120	thumb	MetatileBehavior_IsPacifidlogVerticalLogBottom
0x0805A124	thumb	MetatileBehavior_IsPacifidlogHorizontalLogLeft
0x0805A128	thumb	MetatileBehavior_IsPacifidlogHorizontalLogRight
0x0805A12C	thumb	MetatileBehavior_IsPacifidlogLog
0x0805A130	thumb	MetatileBehavior_IsTrickHousePuzzleDoor
0x0805A134	thumb	MetatileBehavior_IsRegionMap
0x0805A148	thumb	MetatileBehavior_IsRoulette
0x0805A14C	thumb	MetatileBehavior_IsPokeblockFeeder
0x0805A150	thumb	MetatileBehavior_IsSecretBaseJumpMat
0x0805A154	thumb	MetatileBehavior_IsSecretBaseSpinMat
0x0805A158	thumb	MetatileBehavior_IsLavaridgeB1FWarp
0x0805A15C	thumb	MetatileBehavior_IsLavaridge1FWarp
0x0805A170	thumb	MetatileBehavior_IsWarpPad
0x0805A184	thumb	MetatileBehavior_IsUnionRoomWarp
0x0805A198	thumb	MetatileBehavior_IsWater
0x0805A1C4	thumb	MetatileBehavior_IsFallWarp
0x0805A1D8	thumb	MetatileBehavior_IsCrackedFloor
0x0805A1DC	thumb	MetatileBehavior_IsCyclingRoadPullDownTile
0x0805A1F8	thumb	MetatileBehavior_IsCyclingRoadPullDownTileGrass
0x0805A20C	thumb	MetatileBehavior_IsBumpySlope
0x0805A210	thumb	MetatileBehavior_IsIsolatedVerticalRail
0x0805A214	thumb	MetatileBehavior_IsIsolatedHorizontalRail
0x0805A218	thumb	MetatileBehavior_IsVerticalRail
0x0805A21C	thumb	MetatileBehavior_IsHorizontalRail
0x0805A220	thumb	MetatileBehavior_IsSeaweed
0x0805A234	thumb	MetatileBehavior_IsRunningDisallowed
0x0805A248	thumb	MetatileBehavior_IsPictureBookShelf
0x0805A24C	thumb	MetatileBehavior_IsBookshelf
0x0805A260	thumb	MetatileBehavior_IsPokeMartShelf
0x0805A274	thumb	MetatileBehavior_IsPlayerFacingPokemonCenterSign
0x0805A290	thumb	MetatileBehavior_IsPlayerFacingPokeMartSign
0x0805A2AC	thumb	MetatileBehavior_UnknownDummy1
0x0805A2B0	thumb	MetatileBehavior_UnknownDummy2
0x0805A2B4	thumb	MetatileBehavior_UnknownDummy3
0x0805A2B8	thumb	MetatileBehavior_UnknownDummy4
0x0805A2BC	thumb	TestMetatileAttributeBit
0x0805A2E0	thumb	MetatileBehavior_IsSpinRight
0x0805A2F4	thumb	MetatileBehavior_IsSpinLeft
0x0805A308	thumb	MetatileBehavior_IsSpinUp
0x0805A31C	thumb	MetatileBehavior_IsSpinDown
0x0805A330	thumb	MetatileBehavior_IsStopSpinning
0x0805A344	thumb	MetatileBehavior_IsSpinTile
0x0805A360	thumb	MetatileBehavior_IsSignpost
0x0805A374	thumb	MetatileBehavior_IsCabinet
0x0805A388	thumb	MetatileBehavior_IsKitchen
0x0805A39C	thumb	MetatileBehavior_IsDresser
0x0805A3B0	thumb	MetatileBehavior_IsSnacks
0x0805A3C4	thumb	MetatileBehavior_IsStrengthButton
0x0805A3D8	thumb	MetatileBehavior_IsPlayerFacingCableClubWirelessMonitor
0x0805A3F4	thumb	MetatileBehavior_IsPlayerFacingBattleRecords
0x0805A410	thumb	MetatileBehavior_IsQuestionnaire
0x0805A424	thumb	MetatileBehavior_IsIndigoPlateauSign1
0x0805A438	thumb	MetatileBehavior_IsIndigoPlateauSign2
0x0805A44C	thumb	MetatileBehavior_IsFood
0x0805A460	thumb	MetatileBehavior_IsRockStairs
0x0805A474	thumb	MetatileBehavior_IsBlueprints
0x0805A488	thumb	MetatileBehavior_IsPainting
0x0805A49C	thumb	MetatileBehavior_IsPowerPlantMachine
0x0805A4B0	thumb	MetatileBehavior_IsTelephone
0x0805A4C4	thumb	MetatileBehavior_IsComputer
0x0805A4D8	thumb	MetatileBehavior_IsAdvertisingPoster
0x0805A4EC	thumb	MetatileBehavior_IsTastyFood
0x0805A500	thumb	MetatileBehavior_IsTrashBin
0x0805A514	thumb	MetatileBehavior_IsCup
0x0805A528	thumb	MetatileBehavior_IsPolishedWindow
0x0805A52C	thumb	MetatileBehavior_IsBeautifulSkyWindow
0x0805A530	thumb	MetatileBehavior_IsBlinkingLights
0x0805A544	thumb	MetatileBehavior_IsNeatlyLinedUpTools
0x0805A558	thumb	MetatileBehavior_IsImpressiveMachine
0x0805A56C	thumb	MetatileBehavior_IsVideoGame
0x0805A580	thumb	MetatileBehavior_IsBurglary
0x0805A594	thumb	MetatileBehavior_IsTrainerTowerMonitor
0x0805A5A8	thumb	move_tilemap_camera_to_upper_left_corner_
0x0805A5B8	thumb	tilemap_move_something
0x0805A5D4	thumb	coords8_add
0x0805A5E4	thumb	move_tilemap_camera_to_upper_left_corner
0x0805A5F4	thumb	FieldUpdateBgTilemapScroll
0x0805A658	thumb	FieldCameraGetPixelOffsetAtGround
0x0805A684	thumb	DrawWholeMapView
0x0805A6A8	thumb	DrawWholeMapViewInternal
0x0805A72C	thumb	RedrawMapSlicesForCameraUpdate
0x0805A778	thumb	RedrawMapSliceNorth
0x0805A7D8	thumb	RedrawMapSliceSouth
0x0805A824	thumb	RedrawMapSliceEast
0x0805A87C	thumb	RedrawMapSliceWest
0x0805A8E8	thumb	CurrentMapDrawMetatileAt
0x0805A91C	thumb	DrawDoorMetatileAt
0x0805A948	thumb	DrawMetatileAt
0x0805A9B4	thumb	DrawMetatile
0x0805AAE8	thumb	MapPosToBgTilemapOffset
0x0805AB30	thumb	CameraUpdateCallback
0x0805AB58	thumb	ResetCameraUpdateInfo
0x0805AB70	thumb	InitCameraUpdateCallback
0x0805ABB0	thumb	CameraUpdate
0x0805ACB4	thumb	MoveCameraAndRedrawMap
0x0805ACF0	thumb	CameraUpdateNoObjectRefresh
0x0805ADD4	thumb	SetCameraPanningCallback
0x0805ADE0	thumb	SetCameraPanning
0x0805ADF8	thumb	InstallCameraPanAheadCallback
0x0805AE28	thumb	UpdateCameraPanning
0x0805AE74	thumb	CameraPanningCB_PanAhead
0x0805AF14	thumb	DrawDoor
0x0805AF54	thumb	DrawClosedDoorTiles
0x0805AF80	thumb	CopyDoorTilesToVram
0x0805AF94	thumb	DrawCurrentDoorAnimFrame
0x0805AFE8	thumb	BuildDoorTiles
0x0805B028	thumb	Task_AnimateDoor
0x0805B060	thumb	AnimateDoorFrame
0x0805B0C4	thumb	GetDoorGraphics
0x0805B0E8	thumb	StartDoorAnimationTask
0x0805B14C	thumb	DrawClosedDoor
0x0805B158	thumb	DrawOpenedDoor
0x0805B1A4	thumb	GetLastDoorAnimFrame
0x0805B1B8	thumb	AnimateDoorOpenInternal
0x0805B210	thumb	StartDoorCloseAnimation
0x0805B268	thumb	FieldSetDoorOpened
0x0805B29C	thumb	FieldSetDoorClosed
0x0805B2D0	thumb	FieldAnimateDoorClose
0x0805B310	thumb	FieldAnimateDoorOpen
0x0805B350	thumb	FieldIsDoorAnimationRunning
0x0805B364	thumb	GetDoorSoundEffect
0x0805B388	thumb	GetDoorSoundType
0x0805B3B8	thumb	MovementType_Player
0x0805B3DC	thumb	ObjectEventCB2_NoMovement2
0x0805B3E0	thumb	player_step
0x0805B45C	thumb	TryInterruptObjectEventSpecialAnim
0x0805B4B0	thumb	npc_clear_strange_bits
0x0805B4D4	thumb	MovePlayerAvatarUsingKeypadInput
0x0805B50C	thumb	PlayerAllowForcedMovementIfMovingSameDirection
0x0805B528	thumb	TryUpdatePlayerSpinDirection
0x0805B5A0	thumb	TryDoMetatileBehaviorForcedMovement
0x0805B644	thumb	ForcedMovement_None
0x0805B690	thumb	DoForcedMovement
0x0805B708	thumb	DoForcedMovementInCurrentDirection
0x0805B73C	thumb	ForcedMovement_Slip
0x0805B750	thumb	ForcedMovement_WalkSouth
0x0805B768	thumb	ForcedMovement_WalkNorth
0x0805B780	thumb	ForcedMovement_WalkWest
0x0805B798	thumb	ForcedMovement_WalkEast
0x0805B7B0	thumb	ForcedMovement_SpinRight
0x0805B7CC	thumb	ForcedMovement_SpinLeft
0x0805B7E8	thumb	ForcedMovement_SpinUp
0x0805B804	thumb	ForcedMovement_SpinDown
0x0805B820	thumb	PlaySpinSound
0x0805B82C	thumb	ForcedMovement_PushedSouthByCurrent
0x0805B844	thumb	ForcedMovement_PushedNorthByCurrent
0x0805B85C	thumb	ForcedMovement_PushedWestByCurrent
0x0805B874	thumb	ForcedMovement_PushedEastByCurrent
0x0805B88C	thumb	ForcedMovement_Slide
0x0805B8C4	thumb	ForcedMovement_SlideSouth
0x0805B8DC	thumb	ForcedMovement_SlideNorth
0x0805B8F4	thumb	ForcedMovement_SlideWest
0x0805B90C	thumb	ForcedMovement_SlideEast
0x0805B924	thumb	ForcedMovement_MatJump
0x0805B930	thumb	ForcedMovement_MatSpin
0x0805B93C	thumb	MovePlayerNotOnBike
0x0805B96C	thumb	CheckMovementInputNotOnBike
0x0805B9B0	thumb	PlayerNotOnBikeNotMoving
0x0805B9C4	thumb	PlayerNotOnBikeTurningInPlace
0x0805B9D4	thumb	PlayerNotOnBikeMoving
0x0805BAAC	thumb	PlayerIsMovingOnRockStairs
0x0805BB1C	thumb	CheckForPlayerAvatarCollision
0x0805BBA8	thumb	CheckForObjectEventCollision
0x0805BC60	thumb	CanStopSurfing
0x0805BCC8	thumb	ShouldJumpLedge
0x0805BCEC	thumb	TryPushBoulder
0x0805BDAC	thumb	CheckAcroBikeCollision
0x0805BDEC	thumb	SetPlayerAvatarTransitionFlags
0x0805BE08	thumb	DoPlayerAvatarTransition
0x0805BE5C	thumb	PlayerAvatarTransition_Dummy
0x0805BE60	thumb	PlayerAvatarTransition_Normal
0x0805BE74	thumb	PlayerAvatarTransition_Bike
0x0805BE90	thumb	PlayerAvatarTransition_Surfing
0x0805BEA4	thumb	PlayerAvatarTransition_Underwater
0x0805BEA8	thumb	PlayerAvatarTransition_ReturnToField
0x0805BEB8	thumb	UpdatePlayerAvatarTransitionState
0x0805BEFC	thumb	PlayerAnimIsMultiFrameStationary
0x0805BF58	thumb	PlayerAnimIsMultiFrameStationaryAndStateNotTurning
0x0805BF7C	thumb	PlayerIsAnimActive
0x0805BFA0	thumb	PlayerCheckIfAnimFinishedOrInactive
0x0805BFC4	thumb	PlayerSetCopyableMovement
0x0805BFE0	thumb	PlayerGetCopyableMovement
0x0805BFFC	thumb	PlayerForceSetHeldMovement
0x0805C024	thumb	PlayerSetAnimId
0x0805C06C	thumb	QL_TryRecordPlayerStepWithDuration0
0x0805C0A4	thumb	QL_TryRecordNPCStepWithDuration32
0x0805C0D4	thumb	PlayerWalkSlower
0x0805C0EC	thumb	PlayerWalkSlow
0x0805C104	thumb	PlayerWalkNormal
0x0805C11C	thumb	PlayerWalkFast
0x0805C134	thumb	PlayerGlide
0x0805C14C	thumb	PlayerRideWaterCurrent
0x0805C164	thumb	PlayerWalkFaster
0x0805C17C	thumb	PlayerRun
0x0805C194	thumb	PlayerRunSlow
0x0805C1AC	thumb	PlayerOnBikeCollide
0x0805C1D0	thumb	PlayerNotOnBikeCollide
0x0805C1F4	thumb	PlayerFaceDirection
0x0805C20C	thumb	PlayerFaceDirectionFast
0x0805C224	thumb	PlayerTurnInPlace
0x0805C23C	thumb	PlayerJumpLedge
0x0805C260	thumb	PlayerShakeHeadOrWalkInPlace
0x0805C270	thumb	HandleEnforcedLookDirectionOnPlayerStopMoving
0x0805C2B4	thumb	PlayerGoSpin
0x0805C2CC	thumb	PlayerApplyTileForcedMovement
0x0805C30C	thumb	PlayerIdleWheelie
0x0805C324	thumb	PlayerStartWheelie
0x0805C33C	thumb	PlayerEndWheelie
0x0805C354	thumb	PlayerStandingHoppingWheelie
0x0805C378	thumb	PlayerMovingHoppingWheelie
0x0805C39C	thumb	PlayerLedgeHoppingWheelie
0x0805C3C0	thumb	PlayerAcroTurnJump
0x0805C3E4	thumb	PlayerAcroWheelieCollide
0x0805C408	thumb	PlayerAcroPopWheelie
0x0805C420	thumb	PlayerAcroWheelieMove
0x0805C438	thumb	PlayCollisionSoundIfNotFacingWarp
0x0805C4F4	thumb	GetXYCoordsOneStepInFrontOfPlayer
0x0805C538	thumb	PlayerGetDestCoords
0x0805C568	thumb	player_get_pos_including_state_based_drift
0x0805C6C4	thumb	GetPlayerFacingDirection
0x0805C6E4	thumb	GetPlayerMovementDirection
0x0805C700	thumb	PlayerGetElevation
0x0805C71C	thumb	MovePlayerToMapCoords
0x0805C74C	thumb	TestPlayerAvatarFlags
0x0805C75C	thumb	GetPlayerAvatarFlags
0x0805C768	thumb	GetPlayerAvatarObjectId
0x0805C774	thumb	CancelPlayerForcedMovement
0x0805C780	thumb	StopPlayerAvatar
0x0805C7C8	thumb	GetRivalAvatarGraphicsIdByStateIdAndGender
0x0805C7E0	thumb	GetPlayerAvatarGraphicsIdByStateIdAndGender
0x0805C7F8	thumb	GetRSAvatarGraphicsIdByGender
0x0805C808	thumb	GetPlayerAvatarGraphicsIdByStateId
0x0805C824	thumb	GetPlayerAvatarGenderByGraphicsId
0x0805C83C	thumb	PartyHasMonWithSurf
0x0805C88C	thumb	IsPlayerSurfingNorth
0x0805C8B0	thumb	IsPlayerFacingSurfableFishableWater
0x0805C938	thumb	MetatileAtCoordsIsWaterTile
0x0805C95C	thumb	ClearPlayerAvatarInfo
0x0805C970	thumb	SetPlayerAvatarStateMask
0x0805C988	thumb	GetPlayerAvatarStateTransitionByGraphicsId
0x0805C9C8	thumb	GetPlayerAvatarGraphicsIdByCurrentState
0x0805CA0C	thumb	SetPlayerAvatarExtraStateTransition
0x0805CA3C	thumb	InitPlayerAvatar
0x0805CB04	thumb	SetPlayerInvisibility
0x0805CB70	thumb	StartPlayerAvatarSummonMonForFieldMoveAnim
0x0805CBB8	thumb	GetPlayerAvatarVsSeekerGfxId
0x0805CBE8	thumb	StartPlayerAvatarVsSeekerAnim
0x0805CC2C	thumb	StartPlayerAvatarFishAnim
0x0805CC38	thumb	PlayerUseAcroBikeOnBumpySlope
0x0805CC3C	thumb	SetPlayerAvatarWatering
0x0805CC40	thumb	HandleWarpArrowSpriteHideShow
0x0805CCD0	thumb	StartStrengthAnim
0x0805CD0C	thumb	Task_BumpBoulder
0x0805CD64	thumb	DoBoulderInit
0x0805CD84	thumb	DoBoulderDust
0x0805CE20	thumb	DoBoulderFinish
0x0805CE80	thumb	DoPlayerMatJump
0x0805CEA0	thumb	DoPlayerAvatarSecretBaseMatJump
0x0805CEEC	thumb	PlayerAvatar_DoSecretBaseMatJump
0x0805CF58	thumb	DoPlayerMatSpin
0x0805CF78	thumb	PlayerAvatar_DoSecretBaseMatSpin
0x0805CFC4	thumb	PlayerAvatar_SecretBaseMatSpinStep0
0x0805CFEC	thumb	PlayerAvatar_SecretBaseMatSpinStep1
0x0805D064	thumb	PlayerAvatar_SecretBaseMatSpinStep2
0x0805D0A4	thumb	PlayerAvatar_SecretBaseMatSpinStep3
0x0805D0F8	thumb	CreateStopSurfingTask
0x0805D154	thumb	CreateStopSurfingTask_NoMusicChange
0x0805D1A8	thumb	SeafoamIslandsB4F_CurrentDumpsPlayerOnLand
0x0805D1D4	thumb	Task_StopSurfingInit
0x0805D240	thumb	Task_WaitStopSurfing
0x0805D2C0	thumb	StartFishing
0x0805D304	thumb	Task_Fishing
0x0805D33C	thumb	Fishing1
0x0805D35C	thumb	Fishing2
0x0805D3F4	thumb	Fishing3
0x0805D430	thumb	Fishing4
0x0805D47C	thumb	Fishing5
0x0805D508	thumb	Fishing6
0x0805D574	thumb	Fishing7
0x0805D580	thumb	Fishing8
0x0805D5EC	thumb	Fishing9
0x0805D66C	thumb	Fishing10
0x0805D6C8	thumb	Fishing11
0x0805D7C0	thumb	Fishing12
0x0805D838	thumb	Fishing13
0x0805D8AC	thumb	Fishing14
0x0805D8D8	thumb	Fishing15
0x0805D980	thumb	Fishing16
0x0805D9C4	thumb	AlignFishingAnimationFrames
0x0805DAB0	thumb	StartTeleportWarpOutPlayerAnim
0x0805DAD0	thumb	WaitTeleportWarpOutPlayerAnim
0x0805DAE4	thumb	SavePlayerFacingDirectionForTeleport
0x0805DAF0	thumb	GetTeleportSavedFacingDirection
0x0805DB04	thumb	Task_TeleportWarpOutPlayerAnim
0x0805DC04	thumb	StartTeleportInPlayerAnim
0x0805DC24	thumb	WaitTeleportInPlayerAnim
0x0805DC38	thumb	Task_TeleportWarpInPlayerAnim
0x0805DDC8	thumb	TeleportAnim_RotatePlayer
0x0805DE2C	thumb	ClearObjectEvent
0x0805DE4C	thumb	ClearAllObjectEvents
0x0805DE74	thumb	ResetObjectEvents
0x0805DE8C	thumb	CreateReflectionEffectSprites
0x0805DF30	thumb	GetFirstInactiveObjectEventId
0x0805DF60	thumb	GetObjectEventIdByLocalIdAndMap
0x0805DF84	thumb	TryGetObjectEventIdByLocalIdAndMap
0x0805DFB0	thumb	GetObjectEventIdByXY
0x0805DFF4	thumb	GetObjectEventIdByLocalIdAndMapInternal
0x0805E044	thumb	GetObjectEventIdByLocalId
0x0805E080	thumb	InitObjectEventStateFromTemplate
0x0805E238	thumb	ShouldInitObjectEventStateFromTemplate
0x0805E27C	thumb	TemplateIsObstacleAndWithinView
0x0805E2E8	thumb	TemplateIsObstacleAndVisibleFromConnectingMap
0x0805E384	thumb	SetHideObstacleFlag
0x0805E3A0	thumb	Unref_TryInitLocalObjectEvent
0x0805E414	thumb	GetAvailableObjectEventId
0x0805E4B4	thumb	RemoveObjectEvent
0x0805E4C8	thumb	RemoveObjectEventByLocalIdAndMap
0x0805E510	thumb	RemoveObjectEventInternal
0x0805E55C	thumb	Unref_RemoveAllObjectEventsExceptPlayer
0x0805E590	thumb	TrySetupObjectEventSprite
0x0805E72C	thumb	TrySpawnObjectEventTemplate
0x0805E7F4	thumb	SpawnSpecialObjectEvent
0x0805E830	thumb	SpawnSpecialObjectEventParameterized
0x0805E898	thumb	TrySpawnObjectEvent
0x0805E8E8	thumb	CopyObjectGraphicsInfoToSpriteTemplate
0x0805E940	thumb	CopyObjectGraphicsInfoToSpriteTemplate_WithMovementType
0x0805E960	thumb	MakeObjectTemplateFromObjectEventTemplate
0x0805E978	thumb	CreateObjectGraphicsSprite
0x0805E9F8	thumb	CreateVirtualObject
0x0805EB44	thumb	CreateFameCheckerObject
0x0805EC30	thumb	TrySpawnObjectEvents
0x0805ED10	thumb	RemoveObjectEventsOutsideView
0x0805ED70	thumb	RemoveObjectEventIfOutsideView
0x0805EDF0	thumb	SpawnObjectEventsOnReturnToField
0x0805EE3C	thumb	SpawnObjectEventOnReturnToField
0x0805EFF4	thumb	ResetObjectEventFldEffData
0x0805F02C	thumb	SetPlayerAvatarObjectEventIdAndObjectId
0x0805F060	thumb	ObjectEventSetGraphicsId
0x0805F1D8	thumb	ObjectEventSetGraphicsIdByLocalIdAndMap
0x0805F218	thumb	ObjectEventTurn
0x0805F268	thumb	ObjectEventTurnByLocalIdAndMap
0x0805F2A8	thumb	PlayerObjectTurn
0x0805F2C8	thumb	GetObjectEventGraphicsInfo
0x0805F2F8	thumb	SetObjectEventDynamicGraphicsId
0x0805F314	thumb	SetObjectInvisibility
0x0805F364	thumb	ObjectEventGetLocalIdAndMap
0x0805F378	thumb	EnableObjectGroundEffectsByXY
0x0805F3A8	thumb	SetObjectSubpriority
0x0805F400	thumb	ResetObjectSubpriority
0x0805F448	thumb	SetObjectPositionByLocalIdAndMap
0x0805F49C	thumb	FreeAndReserveObjectSpritePalettes
0x0805F4B0	thumb	LoadObjectEventPalette
0x0805F4DC	thumb	LoadObjectEventPaletteSet
0x0805F510	thumb	TryLoadObjectPalette
0x0805F538	thumb	PatchObjectPalette
0x0805F574	thumb	PatchObjectPaletteRange
0x0805F5A0	thumb	FindObjectEventPaletteIndexByTag
0x0805F5E8	thumb	LoadPlayerObjectReflectionPalette
0x0805F658	thumb	LoadSpecialObjectReflectionPalette
0x0805F6D0	thumb	GetReflectionEffectPaletteSlot
0x0805F6E0	thumb	IncrementObjectEventCoords
0x0805F700	thumb	ShiftObjectEventCoords
0x0805F710	thumb	SetObjectEventCoords
0x0805F724	thumb	MoveObjectEventToMapCoords
0x0805F7C4	thumb	TryMoveObjectEventToMapCoords
0x0805F818	thumb	ShiftStillObjectEventCoords
0x0805F82C	thumb	UpdateObjectEventCoordsForCameraUpdate
0x0805F894	thumb	GetObjectEventIdByPosition
0x0805F8FC	thumb	ObjectEventDoesElevationMatch
0x0805F924	thumb	UpdateObjectEventsForCameraUpdate
0x0805F950	thumb	AddCameraObject
0x0805F994	thumb	ObjectCB_CameraObject
0x0805F9BC	thumb	CameraObject_0
0x0805F9F8	thumb	CameraObject_1
0x0805FA30	thumb	CameraObject_2
0x0805FA60	thumb	FindCameraObject
0x0805FAA8	thumb	CameraObjectReset1
0x0805FAC4	thumb	CameraObjectSetFollowedObjectId
0x0805FAE0	thumb	CameraObjectGetFollowedObjectId
0x0805FAF8	thumb	CameraObjectReset2
0x0805FB08	thumb	CopySprite
0x0805FB6C	thumb	CreateCopySpriteAt
0x0805FBDC	thumb	SetObjectEventDirection
0x0805FC20	thumb	GetObjectEventScriptPointerByLocalIdAndMap
0x0805FC38	thumb	GetObjectEventScriptPointerByObjectEventId
0x0805FC5C	thumb	GetObjectEventFlagIdByLocalIdAndMap
0x0805FC74	thumb	GetObjectEventFlagIdByObjectEventId
0x0805FC9C	thumb	GetObjectTrainerTypeByLocalIdAndMap
0x0805FCD8	thumb	GetBoulderRevealFlagByLocalIdAndMap
0x0805FCF0	thumb	GetObjectTrainerTypeByObjectEventId
0x0805FD08	thumb	GetObjectEventBerryTreeIdByLocalIdAndMap
0x0805FD44	thumb	GetObjectEventBerryTreeId
0x0805FD5C	thumb	GetObjectEventTemplateByLocalIdAndMap
0x0805FDB0	thumb	FindObjectEventTemplateByLocalId
0x0805FDE8	thumb	GetBaseTemplateForObjectEvent
0x0805FE5C	thumb	OverrideTemplateCoordsForObjectEvent
0x0805FE7C	thumb	OverrideMovementTypeForObjectEvent
0x0805FE94	thumb	TryOverrideObjectEventTemplateCoords
0x0805FECC	thumb	InitObjectEventPalettes
0x0805FF34	thumb	GetObjectPaletteTag
0x0805FFB4	thumb	MovementType_None
0x0805FFD8	thumb	MovementType_None_callback
0x0805FFDC	thumb	MovementType_WanderAround
0x08060000	thumb	MovementType_WanderAround_callback
0x08060020	thumb	MovementType_WanderAroundSlower
0x08060044	thumb	MovementType_WanderAroundSlower_callback
0x08060064	thumb	MovementType_WanderAround_Step0
0x08060078	thumb	MovementType_WanderAround_Step1
0x080600A4	thumb	MovementType_WanderAround_Step2
0x080600E0	thumb	MovementType_WanderAround_Step3
0x08060100	thumb	MovementType_WanderAround_Step4
0x0806014C	thumb	MovementType_WanderAround_Step5
0x0806017C	thumb	MovementType_WanderAround_Step5Slower
0x080601AC	thumb	MovementType_WanderAround_Step6
0x080601D4	thumb	ObjectEventIsTrainerAndCloseToPlayer
0x08060250	thumb	GetVectorDirection
0x08060280	thumb	GetLimitedVectorDirection_SouthNorth
0x08060290	thumb	GetLimitedVectorDirection_WestEast
0x080602A4	thumb	GetLimitedVectorDirection_WestNorth
0x08060300	thumb	GetLimitedVectorDirection_EastNorth
0x0806035C	thumb	GetLimitedVectorDirection_WestSouth
0x080603B8	thumb	GetLimitedVectorDirection_EastSouth
0x08060414	thumb	GetLimitedVectorDirection_SouthNorthWest
0x08060450	thumb	GetLimitedVectorDirection_SouthNorthEast
0x0806048C	thumb	GetLimitedVectorDirection_NorthWestEast
0x080604C8	thumb	GetLimitedVectorDirection_SouthWestEast
0x08060504	thumb	TryGetTrainerEncounterDirection
0x0806058C	thumb	MovementType_LookAround
0x080605B0	thumb	MovementType_LookAround_callback
0x080605D0	thumb	MovementType_LookAround_Step0
0x080605E4	thumb	MovementType_LookAround_Step1
0x08060610	thumb	MovementType_LookAround_Step2
0x08060654	thumb	MovementType_LookAround_Step3
0x08060684	thumb	MovementType_LookAround_Step4
0x080606CC	thumb	MovementType_WanderUpAndDown
0x080606F0	thumb	MovementType_WanderUpAndDown_callback
0x08060710	thumb	MovementType_WanderUpAndDown_Step0
0x08060724	thumb	MovementType_WanderUpAndDown_Step1
0x08060750	thumb	MovementType_WanderUpAndDown_Step2
0x0806078C	thumb	MovementType_WanderUpAndDown_Step3
0x080607AC	thumb	MovementType_WanderUpAndDown_Step4
0x080607F8	thumb	MovementType_WanderUpAndDown_Step5
0x08060828	thumb	MovementType_WanderUpAndDown_Step6
0x08060850	thumb	MovementType_WanderLeftAndRight
0x08060874	thumb	MovementType_WanderLeftAndRight_callback
0x08060894	thumb	MovementType_WanderLeftAndRight_Step0
0x080608A8	thumb	MovementType_WanderLeftAndRight_Step1
0x080608D4	thumb	MovementType_WanderLeftAndRight_Step2
0x08060910	thumb	MovementType_WanderLeftAndRight_Step3
0x08060930	thumb	MovementType_WanderLeftAndRight_Step4
0x0806097C	thumb	MovementType_WanderLeftAndRight_Step5
0x080609AC	thumb	MovementType_WanderLeftAndRight_Step6
0x080609D4	thumb	MovementType_FaceDirection
0x080609F8	thumb	MovementType_FaceDirection_callback
0x08060A18	thumb	MovementType_FaceDirection_Step0
0x08060A44	thumb	MovementType_FaceDirection_Step1
0x08060A64	thumb	MovementType_FaceDirection_Step2
0x08060A74	thumb	MovementType_FaceDownAndUp
0x08060A98	thumb	MovementType_FaceDownAndUp_callback
0x08060AB8	thumb	MovementType_FaceDownAndUp_Step0
0x08060ACC	thumb	MovementType_FaceDownAndUp_Step1
0x08060AF8	thumb	MovementType_FaceDownAndUp_Step2
0x08060B3C	thumb	MovementType_FaceDownAndUp_Step3
0x08060B6C	thumb	MovementType_FaceDownAndUp_Step4
0x08060BB4	thumb	MovementType_FaceLeftAndRight
0x08060BD8	thumb	MovementType_FaceLeftAndRight_callback
0x08060BF8	thumb	MovementType_FaceLeftAndRight_Step0
0x08060C0C	thumb	MovementType_FaceLeftAndRight_Step1
0x08060C38	thumb	MovementType_FaceLeftAndRight_Step2
0x08060C7C	thumb	MovementType_FaceLeftAndRight_Step3
0x08060CAC	thumb	MovementType_FaceLeftAndRight_Step4
0x08060CF4	thumb	MovementType_FaceUpAndLeft
0x08060D18	thumb	MovementType_FaceUpAndLeft_callback
0x08060D38	thumb	MovementType_FaceUpAndLeft_Step0
0x08060D4C	thumb	MovementType_FaceUpAndLeft_Step1
0x08060D78	thumb	MovementType_FaceUpAndLeft_Step2
0x08060DBC	thumb	MovementType_FaceUpAndLeft_Step3
0x08060DEC	thumb	MovementType_FaceUpAndLeft_Step4
0x08060E34	thumb	MovementType_FaceUpAndRight
0x08060E58	thumb	MovementType_FaceUpAndRight_callback
0x08060E78	thumb	MovementType_FaceUpAndRight_Step0
0x08060E8C	thumb	MovementType_FaceUpAndRight_Step1
0x08060EB8	thumb	MovementType_FaceUpAndRight_Step2
0x08060EFC	thumb	MovementType_FaceUpAndRight_Step3
0x08060F2C	thumb	MovementType_FaceUpAndRight_Step4
0x08060F74	thumb	MovementType_FaceDownAndLeft
0x08060F98	thumb	MovementType_FaceDownAndLeft_callback
0x08060FB8	thumb	MovementType_FaceDownAndLeft_Step0
0x08060FCC	thumb	MovementType_FaceDownAndLeft_Step1
0x08060FF8	thumb	MovementType_FaceDownAndLeft_Step2
0x0806103C	thumb	MovementType_FaceDownAndLeft_Step3
0x0806106C	thumb	MovementType_FaceDownAndLeft_Step4
0x080610B4	thumb	MovementType_FaceDownAndRight
0x080610D8	thumb	MovementType_FaceDownAndRight_callback
0x080610F8	thumb	MovementType_FaceDownAndRight_Step0
0x0806110C	thumb	MovementType_FaceDownAndRight_Step1
0x08061138	thumb	MovementType_FaceDownAndRight_Step2
0x0806117C	thumb	MovementType_FaceDownAndRight_Step3
0x080611AC	thumb	MovementType_FaceDownAndRight_Step4
0x080611F4	thumb	MovementType_FaceDownUpAndLeft
0x08061218	thumb	MovementType_FaceDownUpAndLeft_callback
0x08061238	thumb	MovementType_FaceDownUpAndLeft_Step0
0x0806124C	thumb	MovementType_FaceDownUpAndLeft_Step1
0x08061278	thumb	MovementType_FaceDownUpAndLeft_Step2
0x080612BC	thumb	MovementType_FaceDownUpAndLeft_Step3
0x080612EC	thumb	MovementType_FaceDownUpAndLeft_Step4
0x08061334	thumb	MovementType_FaceDownUpAndRight
0x08061358	thumb	MovementType_FaceDownUpAndRight_callback
0x08061378	thumb	MovementType_FaceDownUpAndRight_Step0
0x0806138C	thumb	MovementType_FaceDownUpAndRight_Step1
0x080613B8	thumb	MovementType_FaceDownUpAndRight_Step2
0x080613FC	thumb	MovementType_FaceDownUpAndRight_Step3
0x0806142C	thumb	MovementType_FaceDownUpAndRight_Step4
0x08061474	thumb	MovementType_FaceUpRightAndLeft
0x08061498	thumb	MovementType_FaceUpRightAndLeft_callback
0x080614B8	thumb	MovementType_FaceUpLeftAndRight_Step0
0x080614CC	thumb	MovementType_FaceUpLeftAndRight_Step1
0x080614F8	thumb	MovementType_FaceUpLeftAndRight_Step2
0x0806153C	thumb	MovementType_FaceUpLeftAndRight_Step3
0x0806156C	thumb	MovementType_FaceUpLeftAndRight_Step4
0x080615B4	thumb	MovementType_FaceDownRightAndLeft
0x080615D8	thumb	MovementType_FaceDownRightAndLeft_callback
0x080615F8	thumb	MovementType_FaceDownLeftAndRight_Step0
0x0806160C	thumb	MovementType_FaceDownLeftAndRight_Step1
0x08061638	thumb	MovementType_FaceDownLeftAndRight_Step2
0x0806167C	thumb	MovementType_FaceDownLeftAndRight_Step3
0x080616AC	thumb	MovementType_FaceDownLeftAndRight_Step4
0x080616F4	thumb	MovementType_RotateCounterclockwise
0x08061718	thumb	MovementType_RotateCounterclockwise_callback
0x08061738	thumb	MovementType_RotateCounterclockwise_Step0
0x08061764	thumb	MovementType_RotateCounterclockwise_Step1
0x08061788	thumb	MovementType_RotateCounterclockwise_Step2
0x080617B4	thumb	MovementType_RotateCounterclockwise_Step3
0x080617F8	thumb	MovementType_RotateClockwise
0x0806181C	thumb	MovementType_RotateClockwise_callback
0x0806183C	thumb	MovementType_RotateClockwise_Step0
0x08061868	thumb	MovementType_RotateClockwise_Step1
0x0806188C	thumb	MovementType_RotateClockwise_Step2
0x080618B8	thumb	MovementType_RotateClockwise_Step3
0x080618FC	thumb	MovementType_WalkBackAndForth
0x08061920	thumb	MovementType_WalkBackAndForth_callback
0x08061940	thumb	MovementType_WalkBackAndForth_Step0
0x08061954	thumb	MovementType_WalkBackAndForth_Step1
0x0806198C	thumb	MovementType_WalkBackAndForth_Step2
0x08061A44	thumb	MovementType_WalkBackAndForth_Step3
0x08061A6C	thumb	MovementType_WalkSequence_Step0
0x08061A80	thumb	MoveNextDirectionInSequence
0x08061B34	thumb	MovementType_WalkSequence_Step2
0x08061B5C	thumb	MovementType_WalkSequenceUpRightLeftDown
0x08061B80	thumb	MovementType_WalkSequenceUpRightLeftDown_callback
0x08061BA0	thumb	MovementType_WalkSequenceUpRightLeftDown_Step1
0x08061BE8	thumb	MovementType_WalkSequenceRightLeftDownUp
0x08061C0C	thumb	MovementType_WalkSequenceRightLeftDownUp_callback
0x08061C2C	thumb	MovementType_WalkSequenceRightLeftDownUp_Step1
0x08061C74	thumb	MovementType_WalkSequenceDownUpRightLeft
0x08061C98	thumb	MovementType_WalkSequenceDownUpRightLeft_callback
0x08061CB8	thumb	MovementType_WalkSequenceDownUpRightLeft_Step1
0x08061D00	thumb	MovementType_WalkSequenceLeftDownUpRight
0x08061D24	thumb	MovementType_WalkSequenceLeftDownUpRight_callback
0x08061D44	thumb	MovementType_WalkSequenceLeftDownUpRight_Step1
0x08061D8C	thumb	MovementType_WalkSequenceUpLeftRightDown
0x08061DB0	thumb	MovementType_WalkSequenceUpLeftRightDown_callback
0x08061DD0	thumb	MovementType_WalkSequenceUpLeftRightDown_Step1
0x08061E18	thumb	MovementType_WalkSequenceLeftRightDownUp
0x08061E3C	thumb	MovementType_WalkSequenceLeftRightDownUp_callback
0x08061E5C	thumb	MovementType_WalkSequenceLeftRightDownUp_Step1
0x08061EA4	thumb	MovementType_WalkSequenceDownUpLeftRight
0x08061EC8	thumb	MovementType_WalkSequenceDownUpLeftRight_callback
0x08061EE8	thumb	MovementType_WalkSequenceDownUpLeftRight_Step1
0x08061F30	thumb	MovementType_WalkSequenceRightDownUpLeft
0x08061F54	thumb	MovementType_WalkSequenceRightDownUpLeft_callback
0x08061F74	thumb	MovementType_WalkSequenceRightDownUpLeft_Step1
0x08061FBC	thumb	MovementType_WalkSequenceLeftUpDownRight
0x08061FE0	thumb	MovementType_WalkSequenceLeftUpDownRight_callback
0x08062000	thumb	MovementType_WalkSequenceLeftUpDownRight_Step1
0x08062048	thumb	MovementType_WalkSequenceUpDownRightLeft
0x0806206C	thumb	MovementType_WalkSequenceUpDownRightLeft_callback
0x0806208C	thumb	MovementType_WalkSequenceUpDownRightLeft_Step1
0x080620D4	thumb	MovementType_WalkSequenceRightLeftUpDown
0x080620F8	thumb	MovementType_WalkSequenceRightLeftUpDown_callback
0x08062118	thumb	MovementType_WalkSequenceRightLeftUpDown_Step1
0x08062160	thumb	MovementType_WalkSequenceDownRightLeftUp
0x08062184	thumb	MovementType_WalkSequenceDownRightLeftUp_callback
0x080621A4	thumb	MovementType_WalkSequenceDownRightLeftUp_Step1
0x080621EC	thumb	MovementType_WalkSequenceRightUpDownLeft
0x08062210	thumb	MovementType_WalkSequenceRightUpDownLeft_callback
0x08062230	thumb	MovementType_WalkSequenceRightUpDownLeft_Step1
0x08062278	thumb	MovementType_WalkSequenceUpDownLeftRight
0x0806229C	thumb	MovementType_WalkSequenceUpDownLeftRight_callback
0x080622BC	thumb	MovementType_WalkSequenceUpDownLeftRight_Step1
0x08062304	thumb	MovementType_WalkSequenceLeftRightUpDown
0x08062328	thumb	MovementType_WalkSequenceLeftRightUpDown_callback
0x08062348	thumb	MovementType_WalkSequenceLeftRightUpDown_Step1
0x08062390	thumb	MovementType_WalkSequenceDownLeftRightUp
0x080623B4	thumb	MovementType_WalkSequenceDownLeftRightUp_callback
0x080623D4	thumb	MovementType_WalkSequenceDownLeftRightUp_Step1
0x0806241C	thumb	MovementType_WalkSequenceUpLeftDownRight
0x08062440	thumb	MovementType_WalkSequenceUpLeftDownRight_callback
0x08062460	thumb	MovementType_WalkSequenceUpLeftDownRight_Step1
0x080624A8	thumb	MovementType_WalkSequenceDownRightUpLeft
0x080624CC	thumb	MovementType_WalkSequenceDownRightUpLeft_callback
0x080624EC	thumb	MovementType_WalkSequenceDownRightUpLeft_Step1
0x08062534	thumb	MovementType_WalkSequenceLeftDownRightUp
0x08062558	thumb	MovementType_WalkSequenceLeftDownRightUp_callback
0x08062578	thumb	MovementType_WalkSequenceLeftDownRightUp_Step1
0x080625C0	thumb	MovementType_WalkSequenceRightUpLeftDown
0x080625E4	thumb	MovementType_WalkSequenceRightUpLeftDown_callback
0x08062604	thumb	MovementType_WalkSequenceRightUpLeftDown_Step1
0x0806264C	thumb	MovementType_WalkSequenceUpRightDownLeft
0x08062670	thumb	MovementType_WalkSequenceUpRightDownLeft_callback
0x08062690	thumb	MovementType_WalkSequenceUpRightDownLeft_Step1
0x080626D8	thumb	MovementType_WalkSequenceDownLeftUpRight
0x080626FC	thumb	MovementType_WalkSequenceDownLeftUpRight_callback
0x0806271C	thumb	MovementType_WalkSequenceDownLeftUpRight_Step1
0x08062764	thumb	MovementType_WalkSequenceLeftUpRightDown
0x08062788	thumb	MovementType_WalkSequenceLeftUpRightDown_callback
0x080627A8	thumb	MovementType_WalkSequenceLeftUpRightDown_Step1
0x080627F0	thumb	MovementType_WalkSequenceRightDownLeftUp
0x08062814	thumb	MovementType_WalkSequenceRightDownLeftUp_callback
0x08062834	thumb	MovementType_WalkSequenceRightDownLeftUp_Step1
0x0806287C	thumb	MovementType_CopyPlayer
0x080628A0	thumb	MovementType_CopyPlayer_callback
0x080628C0	thumb	MovementType_CopyPlayer_Step0
0x080628E4	thumb	MovementType_CopyPlayer_Step1
0x08062944	thumb	MovementType_CopyPlayer_Step2
0x0806296C	thumb	CopyablePlayerMovement_None
0x08062970	thumb	CopyablePlayerMovement_FaceDirection
0x080629B8	thumb	CopyablePlayerMovement_GoSpeed0
0x08062A70	thumb	CopyablePlayerMovement_GoSpeed1
0x08062B28	thumb	CopyablePlayerMovement_GoSpeed2
0x08062BE0	thumb	CopyablePlayerMovement_Slide
0x08062C98	thumb	cph_IM_DIFFERENT
0x08062CE0	thumb	CopyablePlayerMovement_GoSpeed4
0x08062D98	thumb	CopyablePlayerMovement_Jump
0x08062E60	thumb	MovementType_CopyPlayerInGrass
0x08062E84	thumb	MovementType_CopyPlayerInGrass_callback
0x08062EA4	thumb	MovementType_CopyPlayerInGrass_Step1
0x08062F08	thumb	MovementType_TreeDisguise
0x08062F78	thumb	MovementType_Disguise_Callback
0x08062F84	thumb	MovementType_MountainDisguise
0x08062FF4	thumb	MovementType_Buried
0x08063058	thumb	MovementType_Buried_Callback
0x08063078	thumb	MovementType_Buried_Step0
0x08063084	thumb	MovementType_MoveInPlace_Step1
0x080630A0	thumb	MovementType_WalkInPlace
0x080630C4	thumb	MovementType_WalkInPlace_callback
0x080630E4	thumb	MovementType_WalkInPlace_Step0
0x08063110	thumb	MovementType_WalkInPlaceFast
0x08063134	thumb	MovementType_WalkInPlaceFast_callback
0x08063154	thumb	MovementType_WalkInPlaceFast_Step0
0x08063180	thumb	MovementType_JogInPlace
0x080631A4	thumb	MovementType_JogInPlace_callback
0x080631C4	thumb	MovementType_JogInPlace_Step0
0x080631F0	thumb	MovementType_Invisible
0x08063214	thumb	MovementType_Invisible_callback
0x08063234	thumb	MovementType_Invisible_Step0
0x08063268	thumb	MovementType_Invisible_Step1
0x08063288	thumb	MovementType_Invisible_Step2
0x08063298	thumb	MovementType_RaiseHandAndStop
0x080632BC	thumb	MovementType_RaiseHandAndJump
0x080632E0	thumb	MovementType_RaiseHandAndSwim
0x08063304	thumb	MovementType_RaiseHandAndStop_Callback
0x08063324	thumb	MovementType_RaiseHandAndJump_Callback
0x08063344	thumb	MovementType_RaiseHandAndSwim_Callback
0x08063364	thumb	MovementType_RaiseHandAndStop_Step0
0x08063384	thumb	MovementType_RaiseHandAndStop_Step1
0x080633A4	thumb	MovementType_RaiseHandAndStop_Step2
0x080633B4	thumb	MovementType_RaiseHandAndJump_Step0
0x080633D4	thumb	MovementType_RaiseHandAndSwim_Step0
0x080633F4	thumb	MovementType_RaiseHandAndMove_Step1
0x08063410	thumb	ClearObjectEventMovement
0x08063430	thumb	GetFaceDirectionAnimNum
0x08063440	thumb	GetMoveDirectionAnimNum
0x08063450	thumb	GetMoveDirectionFastAnimNum
0x08063460	thumb	GetMoveDirectionFasterAnimNum
0x08063470	thumb	GetMoveDirectionFastestAnimNum
0x08063480	thumb	GetJumpSpecialDirectionAnimNum
0x08063490	thumb	GetAcroWheelieDirectionAnimNum
0x080634A0	thumb	GetAcroBunnyHopFrontWheelDirectionAnimNum
0x080634B0	thumb	GetAcroEndWheelieDirectionAnimNum
0x080634C0	thumb	GetSpinDirectionAnimNum
0x080634D0	thumb	GetAcroUnusedActionDirectionAnimNum
0x080634E0	thumb	GetAcroWheeliePedalDirectionAnimNum
0x080634F0	thumb	GetFishingDirectionAnimNum
0x08063500	thumb	GetFishingNoCatchDirectionAnimNum
0x08063510	thumb	GetFishingBiteDirectionAnimNum
0x08063520	thumb	GetRunningDirectionAnimNum
0x08063530	thumb	GetStepAnimTable
0x08063554	thumb	SetStepAnimHandleAlternation
0x0806359C	thumb	SetStepAnim
0x080635DC	thumb	GetDirectionToFace
0x08063610	thumb	SetTrainerMovementType
0x0806365C	thumb	GetTrainerFacingDirectionMovementType
0x0806366C	thumb	GetCollisionInDirection
0x080636AC	thumb	GetCollisionAtCoords
0x08063770	thumb	GetCollisionFlagsAtCoords
0x0806383C	thumb	IsCoordOutsideObjectEventMovementRange
0x080638AC	thumb	IsMetatileDirectionallyImpassable
0x08063904	thumb	DoesObjectCollideWithObjectAt
0x08063980	thumb	IsBerryTreeSparkling
0x080639D4	thumb	SetBerryTreeJustPicked
0x08063A20	thumb	MoveCoords
0x08063A44	thumb	MoveCoordsInMapCoordIncrement
0x08063A6C	thumb	MoveCoordsInDirection
0x08063AD4	thumb	GetMapCoordsFromSpritePos
0x08063B1C	thumb	SetSpritePosToMapCoords
0x08063BC4	thumb	SetSpritePosToOffsetMapCoords
0x08063C10	thumb	GetObjectEventMovingCameraOffset
0x08063C50	thumb	ObjectEventMoveDestCoords
0x08063C70	thumb	ObjectEventIsMovementOverridden
0x08063C88	thumb	ObjectEventIsHeldMovementActive
0x08063CA4	thumb	ObjectEventSetHeldMovement
0x08063D00	thumb	ObjectEventForceSetHeldMovement
0x08063D1C	thumb	ObjectEventClearHeldMovementIfActive
0x08063D34	thumb	ObjectEventClearHeldMovement
0x08063D68	thumb	ObjectEventCheckHeldMovementStatus
0x08063D7C	thumb	ObjectEventClearHeldMovementIfFinished
0x08063DA0	thumb	ObjectEventGetHeldMovementActionId
0x08063DB8	thumb	UpdateObjectEventCurrentMovement
0x08063E28	thumb	QL_UpdateObjectEventCurrentMovement
0x08063EB8	thumb	GetFaceDirectionMovementAction
0x08063EE4	thumb	GetFaceDirectionFastMovementAction
0x08063F10	thumb	GetWalkSlowestMovementAction
0x08063F2C	thumb	GetWalkSlowerMovementAction
0x08063F58	thumb	GetWalkSlowMovementAction
0x08063F84	thumb	GetWalkNormalMovementAction
0x08063FB0	thumb	GetWalkFastMovementAction
0x08063FDC	thumb	GetGlideMovementAction
0x08064008	thumb	GetRideWaterCurrentMovementAction
0x08064034	thumb	GetWalkFasterMovementAction
0x08064060	thumb	GetSlideMovementAction
0x0806408C	thumb	GetPlayerRunMovementAction
0x080640B8	thumb	GetPlayerRunSlowMovementAction
0x080640E4	thumb	GetSpinMovementAction
0x08064110	thumb	GetJump2MovementAction
0x0806413C	thumb	GetJumpInPlaceMovementAction
0x08064168	thumb	GetJumpInPlaceTurnAroundMovementAction
0x08064194	thumb	GetJumpMovementAction
0x080641C0	thumb	GetJumpSpecialMovementAction
0x080641EC	thumb	GetJumpSpecialWithEffectMovementAction
0x08064218	thumb	GetWalkInPlaceSlowMovementAction
0x08064244	thumb	GetWalkInPlaceNormalMovementAction
0x08064270	thumb	GetWalkInPlaceFastMovementAction
0x0806429C	thumb	GetWalkInPlaceFasterMovementAction
0x080642C8	thumb	ObjectEventFaceOppositeDirection
0x080642F4	thumb	GetAcroWheelieFaceDirectionMovementAction
0x08064320	thumb	GetAcroPopWheelieFaceDirectionMovementAction
0x0806434C	thumb	GetAcroEndWheelieFaceDirectionMovementAction
0x08064378	thumb	GetAcroWheelieHopFaceDirectionMovementAction
0x080643A4	thumb	GetAcroWheelieHopMovementAction
0x080643D0	thumb	GetAcroWheelieJumpMovementAction
0x080643FC	thumb	GetAcroWheelieInPlaceMovementAction
0x08064428	thumb	GetAcroPopWheelieMoveMovementAction
0x08064454	thumb	GetAcroWheelieMoveMovementAction
0x08064480	thumb	GetOppositeDirection
0x080644B4	thumb	GetPlayerDirectionForCopy
0x080644CC	thumb	GetCopyDirection
0x0806450C	thumb	ObjectEventExecHeldMovementAction
0x08064544	thumb	QuestLogObjectEventExecHeldMovementAction
0x08064588	thumb	ObjectEventExecSingleMovementAction
0x080645C8	thumb	ObjectEventSetSingleMovement
0x080645F4	thumb	FaceDirection
0x08064638	thumb	MovementAction_FaceDown_Step0
0x08064648	thumb	MovementAction_FaceUp_Step0
0x08064658	thumb	MovementAction_FaceLeft_Step0
0x08064668	thumb	MovementAction_FaceRight_Step0
0x08064678	thumb	InitNpcForMovement
0x080646FC	thumb	InitMovementNormal
0x08064758	thumb	StartRunningAnim
0x08064788	thumb	UpdateMovementNormal
0x080647C0	thumb	InitNpcForWalkSlower
0x08064830	thumb	InitWalkSlower
0x0806485C	thumb	UpdateWalkSlower
0x08064894	thumb	InitNpcForWalkSlowest
0x08064904	thumb	InitWalkSlowest
0x08064930	thumb	UpdateWalkSlowest
0x08064968	thumb	MovementAction_WalkSlowestDown_Step0
0x08064988	thumb	MovementAction_WalkSlowestDown_Step1
0x080649A8	thumb	MovementAction_WalkSlowestUp_Step0
0x080649C8	thumb	MovementAction_WalkSlowestUp_Step1
0x080649E8	thumb	MovementAction_WalkSlowestLeft_Step0
0x08064A08	thumb	MovementAction_WalkSlowestLeft_Step1
0x08064A28	thumb	MovementAction_WalkSlowestRight_Step0
0x08064A48	thumb	MovementAction_WalkSlowestRight_Step1
0x08064A68	thumb	MovementAction_WalkSlowerDown_Step0
0x08064A88	thumb	MovementAction_WalkSlowerDown_Step1
0x08064AA8	thumb	MovementAction_WalkSlowerUp_Step0
0x08064AC8	thumb	MovementAction_WalkSlowerUp_Step1
0x08064AE8	thumb	MovementAction_WalkSlowerLeft_Step0
0x08064B08	thumb	MovementAction_WalkSlowerLeft_Step1
0x08064B28	thumb	MovementAction_WalkSlowerRight_Step0
0x08064B48	thumb	MovementAction_WalkSlowerRight_Step1
0x08064B68	thumb	InitNpcForWalkSlow
0x08064BD8	thumb	InitWalkSlow
0x08064C04	thumb	UpdateWalkSlow
0x08064C3C	thumb	MovementAction_WalkSlowUp_Step0
0x08064C5C	thumb	MovementAction_WalkSlowUp_Step1
0x08064C7C	thumb	MovementAction_WalkSlowDown_Step0
0x08064C9C	thumb	MovementAction_WalkSlowDown_Step1
0x08064CBC	thumb	MovementAction_WalkSlowLeft_Step0
0x08064CDC	thumb	MovementAction_WalkSlowLeft_Step1
0x08064CFC	thumb	MovementAction_WalkSlowRight_Step0
0x08064D1C	thumb	MovementAction_WalkSlowRight_Step1
0x08064D3C	thumb	MovementAction_WalkNormalDown_Step0
0x08064D5C	thumb	MovementAction_WalkNormalDown_Step1
0x08064D7C	thumb	MovementAction_WalkNormalUp_Step0
0x08064D9C	thumb	MovementAction_WalkNormalUp_Step1
0x08064DBC	thumb	MovementAction_WalkNormalLeft_Step0
0x08064DDC	thumb	MovementAction_WalkNormalLeft_Step1
0x08064DFC	thumb	MovementAction_WalkNormalRight_Step0
0x08064E1C	thumb	MovementAction_WalkNormalRight_Step1
0x08064E3C	thumb	InitJump
0x08064EF8	thumb	InitJumpRegular
0x08064F3C	thumb	UpdateJumpAnim
0x08065000	thumb	DoJumpAnimStep
0x08065014	thumb	DoJumpSpecialAnimStep
0x08065028	thumb	DoJumpAnim
0x08065040	thumb	DoJumpSpecialAnim
0x08065058	thumb	DoJumpInPlaceAnim
0x080650A8	thumb	MovementAction_Jump2Down_Step0
0x080650D4	thumb	MovementAction_Jump2Down_Step1
0x08065100	thumb	MovementAction_Jump2Up_Step0
0x0806512C	thumb	MovementAction_Jump2Up_Step1
0x08065158	thumb	MovementAction_Jump2Left_Step0
0x08065184	thumb	MovementAction_Jump2Left_Step1
0x080651B0	thumb	MovementAction_Jump2Right_Step0
0x080651DC	thumb	MovementAction_Jump2Right_Step1
0x08065208	thumb	InitMovementDelay
0x08065210	thumb	MovementAction_Delay_Step1
0x0806522C	thumb	MovementAction_Delay1_Step0
0x0806524C	thumb	MovementAction_Delay2_Step0
0x0806526C	thumb	MovementAction_Delay4_Step0
0x0806528C	thumb	MovementAction_Delay8_Step0
0x080652AC	thumb	MovementAction_Delay16_Step0
0x080652CC	thumb	MovementAction_WalkFastDown_Step0
0x080652EC	thumb	MovementAction_WalkFastDown_Step1
0x0806530C	thumb	MovementAction_WalkFastUp_Step0
0x0806532C	thumb	MovementAction_WalkFastUp_Step1
0x0806534C	thumb	MovementAction_WalkFastLeft_Step0
0x0806536C	thumb	MovementAction_WalkFastLeft_Step1
0x0806538C	thumb	MovementAction_WalkFastRight_Step0
0x080653AC	thumb	MovementAction_WalkFastRight_Step1
0x080653CC	thumb	UpdateMovementGlide
0x080653F8	thumb	MovementAction_GlideDown_Step0
0x08065438	thumb	MovementAction_GlideDown_Step1
0x08065464	thumb	MovementAction_GlideUp_Step0
0x080654A4	thumb	MovementAction_GlideUp_Step1
0x080654D0	thumb	MovementAction_GlideLeft_Step0
0x08065510	thumb	MovementAction_GlideLeft_Step1
0x0806553C	thumb	MovementAction_GlideRight_Step0
0x0806557C	thumb	MovementAction_GlideRight_Step1
0x080655A8	thumb	FaceDirectionFast
0x080655D4	thumb	MovementAction_FaceDownFast_Step0
0x08065610	thumb	MovementAction_FaceUpFast_Step0
0x0806564C	thumb	MovementAction_FaceLeftFast_Step0
0x08065688	thumb	MovementAction_FaceRightFast_Step0
0x080656C4	thumb	InitMoveInPlace
0x0806570C	thumb	MovementAction_WalkInPlace_Step1
0x08065734	thumb	MovementAction_WalkInPlaceSlow_Step1
0x08065770	thumb	MovementAction_WalkInPlaceSlowDown_Step0
0x080657A8	thumb	MovementAction_WalkInPlaceSlowUp_Step0
0x080657E0	thumb	MovementAction_WalkInPlaceSlowLeft_Step0
0x08065818	thumb	MovementAction_WalkInPlaceSlowRight_Step0
0x08065850	thumb	MovementAction_WalkInPlaceNormalDown_Step0
0x08065888	thumb	MovementAction_WalkInPlaceNormalUp_Step0
0x080658C0	thumb	MovementAction_WalkInPlaceNormalLeft_Step0
0x080658F8	thumb	MovementAction_WalkInPlaceNormalRight_Step0
0x08065930	thumb	MovementAction_WalkInPlaceFastDown_Step0
0x08065968	thumb	MovementAction_WalkInPlaceFastUp_Step0
0x080659A0	thumb	MovementAction_WalkInPlaceFastLeft_Step0
0x080659D8	thumb	MovementAction_WalkInPlaceFastRight_Step0
0x08065A10	thumb	MovementAction_WalkInPlaceFasterDown_Step0
0x08065A48	thumb	MovementAction_WalkInPlaceFasterUp_Step0
0x08065A80	thumb	MovementAction_WalkInPlaceFasterLeft_Step0
0x08065AB8	thumb	MovementAction_WalkInPlaceFasterRight_Step0
0x08065AF0	thumb	MovementAction_RideWaterCurrentDown_Step0
0x08065B10	thumb	MovementAction_RideWaterCurrentDown_Step1
0x08065B30	thumb	MovementAction_RideWaterCurrentUp_Step0
0x08065B50	thumb	MovementAction_RideWaterCurrentUp_Step1
0x08065B70	thumb	MovementAction_RideWaterCurrentLeft_Step0
0x08065B90	thumb	MovementAction_RideWaterCurrentLeft_Step1
0x08065BB0	thumb	MovementAction_RideWaterCurrentRight_Step0
0x08065BD0	thumb	MovementAction_RideWaterCurrentRight_Step1
0x08065BF0	thumb	MovementAction_WalkFasterDown_Step0
0x08065C10	thumb	MovementAction_WalkFasterDown_Step1
0x08065C30	thumb	MovementAction_WalkFasterUp_Step0
0x08065C50	thumb	MovementAction_WalkFasterUp_Step1
0x08065C70	thumb	MovementAction_WalkFasterLeft_Step0
0x08065C90	thumb	MovementAction_WalkFasterLeft_Step1
0x08065CB0	thumb	MovementAction_WalkFasterRight_Step0
0x08065CD0	thumb	MovementAction_WalkFasterRight_Step1
0x08065CF0	thumb	MovementAction_SlideDown_Step0
0x08065D10	thumb	MovementAction_SlideDown_Step1
0x08065D30	thumb	MovementAction_SlideUp_Step0
0x08065D50	thumb	MovementAction_SlideUp_Step1
0x08065D70	thumb	MovementAction_SlideLeft_Step0
0x08065D90	thumb	MovementAction_SlideLeft_Step1
0x08065DB0	thumb	MovementAction_SlideRight_Step0
0x08065DD0	thumb	MovementAction_SlideRight_Step1
0x08065DF0	thumb	MovementAction_PlayerRunDown_Step0
0x08065E10	thumb	MovementAction_PlayerRunDown_Step1
0x08065E30	thumb	MovementAction_PlayerRunUp_Step0
0x08065E50	thumb	MovementAction_PlayerRunUp_Step1
0x08065E70	thumb	MovementAction_PlayerRunLeft_Step0
0x08065E90	thumb	MovementAction_PlayerRunLeft_Step1
0x08065EB0	thumb	MovementAction_PlayerRunRight_Step0
0x08065ED0	thumb	MovementAction_PlayerRunRight_Step1
0x08065EF0	thumb	InitNpcForRunSlow
0x08065F60	thumb	InitRunSlow
0x08065F8C	thumb	UpdateRunSlow
0x08065FC4	thumb	MovementAction_RunDownSlow_Step0
0x08065FE4	thumb	MovementAction_RunDownSlow_Step1
0x08066004	thumb	MovementAction_RunUpSlow_Step0
0x08066024	thumb	MovementAction_RunUpSlow_Step1
0x08066044	thumb	MovementAction_RunLeftSlow_Step0
0x08066064	thumb	MovementAction_RunLeftSlow_Step1
0x08066084	thumb	MovementAction_RunRightSlow_Step0
0x080660A4	thumb	MovementAction_RunRightSlow_Step1
0x080660C4	thumb	StartSpriteAnimInDirection
0x080660F0	thumb	MovementAction_StartAnimInDirection_Step0
0x08066108	thumb	MovementAction_WaitSpriteAnim
0x08066128	thumb	InitJumpSpecial
0x0806615C	thumb	MovementAction_JumpSpecialDown_Step0
0x0806617C	thumb	MovementAction_JumpSpecialDown_Step1
0x080661A4	thumb	MovementAction_JumpSpecialUp_Step0
0x080661C4	thumb	MovementAction_JumpSpecialUp_Step1
0x080661EC	thumb	MovementAction_JumpSpecialLeft_Step0
0x0806620C	thumb	MovementAction_JumpSpecialLeft_Step1
0x08066234	thumb	MovementAction_JumpSpecialRight_Step0
0x08066254	thumb	MovementAction_JumpSpecialRight_Step1
0x0806627C	thumb	MovementAction_JumpSpecialWithEffectDown_Step0
0x0806629C	thumb	MovementAction_JumpSpecialWithEffectDown_Step1
0x080662BC	thumb	MovementAction_JumpSpecialWithEffectUp_Step0
0x080662DC	thumb	MovementAction_JumpSpecialWithEffectUp_Step1
0x080662FC	thumb	MovementAction_JumpSpecialWithEffectLeft_Step0
0x0806631C	thumb	MovementAction_JumpSpecialWithEffectLeft_Step1
0x0806633C	thumb	MovementAction_JumpSpecialWithEffectRight_Step0
0x0806635C	thumb	MovementAction_JumpSpecialWithEffectRight_Step1
0x0806637C	thumb	MovementAction_FacePlayer_Step0
0x080663D8	thumb	MovementAction_FaceAwayPlayer_Step0
0x0806643C	thumb	MovementAction_LockFacingDirection_Step0
0x0806644C	thumb	MovementAction_UnlockFacingDirection_Step0
0x0806645C	thumb	MovementAction_JumpDown_Step0
0x08066488	thumb	MovementAction_JumpDown_Step1
0x080664B4	thumb	MovementAction_JumpUp_Step0
0x080664E0	thumb	MovementAction_JumpUp_Step1
0x0806650C	thumb	MovementAction_JumpLeft_Step0
0x08066538	thumb	MovementAction_JumpLeft_Step1
0x08066564	thumb	MovementAction_JumpRight_Step0
0x08066590	thumb	MovementAction_JumpRight_Step1
0x080665BC	thumb	MovementAction_JumpInPlaceDown_Step0
0x080665E8	thumb	MovementAction_JumpInPlaceDown_Step1
0x08066614	thumb	MovementAction_JumpInPlaceUp_Step0
0x08066640	thumb	MovementAction_JumpInPlaceUp_Step1
0x0806666C	thumb	MovementAction_JumpInPlaceLeft_Step0
0x08066698	thumb	MovementAction_JumpInPlaceLeft_Step1
0x080666C4	thumb	MovementAction_JumpInPlaceRight_Step0
0x080666F0	thumb	MovementAction_JumpInPlaceRight_Step1
0x0806671C	thumb	MovementAction_JumpInPlaceDownUp_Step0
0x08066748	thumb	MovementAction_JumpInPlaceDownUp_Step1
0x08066774	thumb	MovementAction_JumpInPlaceUpDown_Step0
0x080667A0	thumb	MovementAction_JumpInPlaceUpDown_Step1
0x080667CC	thumb	MovementAction_JumpInPlaceLeftRight_Step0
0x080667F8	thumb	MovementAction_JumpInPlaceLeftRight_Step1
0x08066824	thumb	MovementAction_JumpInPlaceRightLeft_Step0
0x08066850	thumb	MovementAction_JumpInPlaceRightLeft_Step1
0x0806687C	thumb	MovementAction_FaceOriginalDirection_Step0
0x08066894	thumb	MovementAction_NurseJoyBowDown_Step0
0x080668A4	thumb	MovementAction_EnableJumpLandingGroundEffect_Step0
0x080668B4	thumb	MovementAction_DisableJumpLandingGroundEffect_Step0
0x080668C4	thumb	MovementAction_DisableAnimation_Step0
0x080668D4	thumb	MovementAction_RestoreAnimation_Step0
0x08066900	thumb	MovementAction_SetInvisible_Step0
0x08066910	thumb	MovementAction_SetVisible_Step0
0x08066920	thumb	MovementAction_EmoteExclamationMark_Step0
0x08066944	thumb	MovementAction_EmoteQuestionMark_Step0
0x08066968	thumb	MovementAction_EmoteX_Step0
0x0806698C	thumb	MovementAction_EmoteDoubleExclamationMark_Step0
0x080669B0	thumb	MovementAction_EmoteSmile_Step0
0x080669D4	thumb	MovementAction_RevealTrainer_Step0
0x08066A18	thumb	MovementAction_RevealTrainer_Step1
0x08066A38	thumb	MovementAction_RockSmashBreak_Step0
0x08066A54	thumb	MovementAction_RockSmashBreak_Step1
0x08066A78	thumb	MovementAction_RockSmashBreak_Step2
0x08066AB4	thumb	MovementAction_CutTree_Step0
0x08066AD0	thumb	MovementAction_CutTree_Step1
0x08066AF4	thumb	MovementAction_CutTree_Step2
0x08066B30	thumb	MovementAction_SetFixedPriority_Step0
0x08066B40	thumb	MovementAction_ClearFixedPriority_Step0
0x08066B50	thumb	MovementAction_InitAffineAnim_Step0
0x08066B80	thumb	MovementAction_ClearAffineAnim_Step0
0x08066BB0	thumb	MovementAction_WalkDownStartAffine_Step0
0x08066BE4	thumb	MovementAction_WalkDownStartAffine_Step1
0x08066C10	thumb	MovementAction_WalkDownAffine_Step0
0x08066C44	thumb	MovementAction_WalkDownAffine_Step1
0x08066C70	thumb	AcroWheelieFaceDirection
0x08066CB0	thumb	MovementAction_AcroWheelieFaceDown_Step0
0x08066CC0	thumb	MovementAction_AcroWheelieFaceUp_Step0
0x08066CD0	thumb	MovementAction_AcroWheelieFaceLeft_Step0
0x08066CE0	thumb	MovementAction_AcroWheelieFaceRight_Step0
0x08066CF0	thumb	MovementAction_AcroPopWheelieDown_Step0
0x08066D14	thumb	MovementAction_AcroPopWheelieUp_Step0
0x08066D38	thumb	MovementAction_AcroPopWheelieLeft_Step0
0x08066D5C	thumb	MovementAction_AcroPopWheelieRight_Step0
0x08066D80	thumb	MovementAction_AcroEndWheelieFaceDown_Step0
0x08066DA4	thumb	MovementAction_AcroEndWheelieFaceUp_Step0
0x08066DC8	thumb	MovementAction_AcroEndWheelieFaceLeft_Step0
0x08066DEC	thumb	MovementAction_AcroEndWheelieFaceRight_Step0
0x08066E10	thumb	MovementAction_UnusedAcroActionDown_Step0
0x08066E34	thumb	MovementAction_UnusedAcroActionUp_Step0
0x08066E58	thumb	MovementAction_UnusedAcroActionLeft_Step0
0x08066E7C	thumb	MovementAction_UnusedAcroActionRight_Step0
0x08066EA0	thumb	InitAcroWheelieJump
0x08066EE4	thumb	MovementAction_AcroWheelieHopFaceDown_Step0
0x08066F10	thumb	MovementAction_AcroWheelieHopFaceDown_Step1
0x08066F3C	thumb	MovementAction_AcroWheelieHopFaceUp_Step0
0x08066F68	thumb	MovementAction_AcroWheelieHopFaceUp_Step1
0x08066F94	thumb	MovementAction_AcroWheelieHopFaceLeft_Step0
0x08066FC0	thumb	MovementAction_AcroWheelieHopFaceLeft_Step1
0x08066FEC	thumb	MovementAction_AcroWheelieHopFaceRight_Step0
0x08067018	thumb	MovementAction_AcroWheelieHopFaceRight_Step1
0x08067044	thumb	MovementAction_AcroWheelieHopDown_Step0
0x08067070	thumb	MovementAction_AcroWheelieHopDown_Step1
0x0806709C	thumb	MovementAction_AcroWheelieHopUp_Step0
0x080670C8	thumb	MovementAction_AcroWheelieHopUp_Step1
0x080670F4	thumb	MovementAction_AcroWheelieHopLeft_Step0
0x08067120	thumb	MovementAction_AcroWheelieHopLeft_Step1
0x0806714C	thumb	MovementAction_AcroWheelieHopRight_Step0
0x08067178	thumb	MovementAction_AcroWheelieHopRight_Step1
0x080671A4	thumb	MovementAction_AcroWheelieJumpDown_Step0
0x080671D0	thumb	MovementAction_AcroWheelieJumpDown_Step1
0x080671FC	thumb	MovementAction_AcroWheelieJumpUp_Step0
0x08067228	thumb	MovementAction_AcroWheelieJumpUp_Step1
0x08067254	thumb	MovementAction_AcroWheelieJumpLeft_Step0
0x08067280	thumb	MovementAction_AcroWheelieJumpLeft_Step1
0x080672AC	thumb	MovementAction_AcroWheelieJumpRight_Step0
0x080672D8	thumb	MovementAction_AcroWheelieJumpRight_Step1
0x08067304	thumb	MovementAction_AcroWheelieInPlaceDown_Step0
0x0806733C	thumb	MovementAction_AcroWheelieInPlaceUp_Step0
0x08067374	thumb	MovementAction_AcroWheelieInPlaceLeft_Step0
0x080673AC	thumb	MovementAction_AcroWheelieInPlaceRight_Step0
0x080673E4	thumb	InitAcroPopWheelie
0x0806741C	thumb	MovementAction_AcroPopWheelieMoveDown_Step0
0x0806743C	thumb	MovementAction_AcroPopWheelieMoveDown_Step1
0x0806745C	thumb	MovementAction_AcroPopWheelieMoveUp_Step0
0x0806747C	thumb	MovementAction_AcroPopWheelieMoveUp_Step1
0x0806749C	thumb	MovementAction_AcroPopWheelieMoveLeft_Step0
0x080674BC	thumb	MovementAction_AcroPopWheelieMoveLeft_Step1
0x080674DC	thumb	MovementAction_AcroPopWheelieMoveRight_Step0
0x080674FC	thumb	MovementAction_AcroPopWheelieMoveRight_Step1
0x0806751C	thumb	InitAcroWheelieMove
0x0806754C	thumb	MovementAction_AcroWheelieMoveDown_Step0
0x0806756C	thumb	MovementAction_AcroWheelieMoveDown_Step1
0x0806758C	thumb	MovementAction_AcroWheelieMoveUp_Step0
0x080675AC	thumb	MovementAction_AcroWheelieMoveUp_Step1
0x080675CC	thumb	MovementAction_AcroWheelieMoveLeft_Step0
0x080675EC	thumb	MovementAction_AcroWheelieMoveLeft_Step1
0x0806760C	thumb	MovementAction_AcroWheelieMoveRight_Step0
0x0806762C	thumb	MovementAction_AcroWheelieMoveRight_Step1
0x0806764C	thumb	InitSpin
0x08067684	thumb	MovementAction_SpinDown_Step0
0x080676A4	thumb	MovementAction_SpinDown_Step1
0x080676C4	thumb	MovementAction_SpinUp_Step0
0x080676E4	thumb	MovementAction_SpinUp_Step1
0x08067704	thumb	MovementAction_SpinLeft_Step0
0x08067724	thumb	MovementAction_SpinLeft_Step1
0x08067744	thumb	MovementAction_SpinRight_Step0
0x08067764	thumb	MovementAction_SpinRight_Step1
0x08067784	thumb	MovementAction_RaiseHand_Step0
0x080677C0	thumb	MovementAction_RaiseHandAndStop_Step1
0x080677CC	thumb	MovementAction_RaiseHandAndJump_Step1
0x080678C0	thumb	MovementAction_RaiseHandAndSwim_Step1
0x080678F0	thumb	MovementAction_ShakeHeadOrWalkInPlace_Step0
0x08067924	thumb	MovementAction_ShakeHeadOrWalkInPlace_Step1
0x08067930	thumb	MovementAction_Finish
0x08067934	thumb	MovementAction_PauseSpriteAnim
0x08067944	thumb	MovementAction_FlyUp_Step0
0x08067954	thumb	MovementAction_FlyUp_Step1
0x08067978	thumb	MovementAction_FlyDown_Step0
0x0806798C	thumb	MovementAction_FlyDown_Step1
0x080679A8	thumb	MovementAction_FlyUp_Step2
0x080679AC	thumb	UpdateObjectEventSpriteAnimPause
0x080679C8	thumb	TryEnableObjectEventAnim
0x080679F8	thumb	UpdateObjectEventVisibility
0x08067A10	thumb	CalcWhetherObjectIsOffscreen
0x08067B0C	thumb	UpdateObjEventSpriteVisibility
0x08067B34	thumb	GetAllGroundEffectFlags_OnSpawn
0x08067B7C	thumb	GetAllGroundEffectFlags_OnBeginStep
0x08067BD4	thumb	GetAllGroundEffectFlags_OnFinishStep
0x08067C24	thumb	ObjectEventUpdateMetatileBehaviors
0x08067C4C	thumb	GetGroundEffectFlags_Reflection
0x08067CA8	thumb	GetGroundEffectFlags_TallGrassOnSpawn
0x08067CC8	thumb	GetGroundEffectFlags_TallGrassOnBeginStep
0x08067CE8	thumb	GetGroundEffectFlags_LongGrassOnSpawn
0x08067D08	thumb	GetGroundEffectFlags_LongGrassOnBeginStep
0x08067D28	thumb	GetGroundEffectFlags_Tracks
0x08067D68	thumb	GetGroundEffectFlags_SandHeap
0x08067DB8	thumb	GetGroundEffectFlags_ShallowFlowingWater
0x08067E1C	thumb	GetGroundEffectFlags_Puddle
0x08067E4C	thumb	GetGroundEffectFlags_Ripple
0x08067E6C	thumb	GetGroundEffectFlags_ShortGrass
0x08067EBC	thumb	GetGroundEffectFlags_HotSprings
0x08067F0C	thumb	GetGroundEffectFlags_Seaweed
0x08067F2C	thumb	GetGroundEffectFlags_JumpLanding
0x08067F88	thumb	ObjectEventCheckForReflectiveSurface
0x080680C8	thumb	GetReflectionTypeByMetatileBehavior
0x080680F8	thumb	GetLedgeJumpDirection
0x08068154	thumb	SetObjectEventSpriteOamTableForLongGrass
0x080681B0	thumb	IsElevationMismatchAt
0x080681EC	thumb	UpdateObjectEventElevationAndPriority
0x08068248	thumb	InitObjectPriorityByElevation
0x08068294	thumb	ElevationToPriority
0x080682A4	thumb	ObjectEventUpdateElevation
0x080682F8	thumb	SetObjectSubpriorityByElevation
0x08068340	thumb	ObjectEventUpdateSubpriority
0x0806835C	thumb	AreElevationsCompatible
0x0806837C	thumb	GroundEffect_SpawnOnTallGrass
0x080683C8	thumb	GroundEffect_StepOnTallGrass
0x08068414	thumb	GroundEffect_SpawnOnLongGrass
0x08068460	thumb	GroundEffect_StepOnLongGrass
0x080684AC	thumb	GroundEffect_WaterReflection
0x080684B8	thumb	GroundEffect_IceReflection
0x080684C4	thumb	GroundEffect_FlowingWater
0x080684D4	thumb	GroundEffect_SandTracks
0x08068500	thumb	GroundEffect_DeepSandTracks
0x0806852C	thumb	DoTracksGroundEffect_None
0x08068530	thumb	DoTracksGroundEffect_Footprints
0x08068580	thumb	DoTracksGroundEffect_BikeTireTracks
0x080685D0	thumb	GroundEffect_Ripple
0x080685DC	thumb	GroundEffect_StepOnPuddle
0x080685EC	thumb	GroundEffect_SandHeap
0x080685FC	thumb	GroundEffect_JumpOnTallGrass
0x08068654	thumb	GroundEffect_JumpOnLongGrass
0x0806867C	thumb	GroundEffect_JumpOnShallowWater
0x080686AC	thumb	GroundEffect_JumpOnWater
0x080686DC	thumb	GroundEffect_JumpLandingDust
0x0806870C	thumb	GroundEffect_ShortGrass
0x0806871C	thumb	GroundEffect_HotSprings
0x0806872C	thumb	GroundEffect_Seaweed
0x0806874C	thumb	DoFlaggedGroundEffects
0x0806879C	thumb	filters_out_some_ground_effects
0x080687D4	thumb	FilterOutStepOnPuddleGroundEffectIfJumping
0x080687F0	thumb	DoGroundEffects_OnSpawn
0x0806883C	thumb	DoGroundEffects_OnBeginStep
0x08068890	thumb	DoGroundEffects_OnFinishStep
0x080688E4	thumb	FreezeObjectEvent
0x08068974	thumb	FreezeObjectEvents
0x080689B0	thumb	FreezeObjectEventsExceptOne
0x080689F4	thumb	UnfreezeObjectEvent
0x08068A5C	thumb	UnfreezeObjectEvents
0x08068A8C	thumb	Step1
0x08068AAC	thumb	Step2
0x08068AD0	thumb	Step3
0x08068AF8	thumb	Step4
0x08068B1C	thumb	Step8
0x08068B40	thumb	SetSpriteDataForNormalStep
0x08068B54	thumb	NpcTakeStep
0x08068BBC	thumb	SetWalkSlowerSpriteData
0x08068BCC	thumb	UpdateWalkSlowerAnim
0x08068C08	thumb	SetWalkSlowSpriteData
0x08068C18	thumb	UpdateWalkSlowAnim
0x08068C58	thumb	SetWalkSlowestSpriteData
0x08068C68	thumb	UpdateWalkSlowestAnim
0x08068CA4	thumb	SetRunSlowSpriteData
0x08068CB4	thumb	UpdateRunSlowAnim
0x08068D00	thumb	GetJumpY
0x08068D1C	thumb	SetJumpSpriteData
0x08068D3C	thumb	DoJumpSpriteMovement
0x08068DC4	thumb	DoJumpSpecialSpriteMovement
0x08068E58	thumb	SetMovementDelay
0x08068E5C	thumb	WaitForMovementDelay
0x08068E74	thumb	SetAndStartSpriteAnim
0x08068E9C	thumb	SpriteAnimEnded
0x08068EB4	thumb	UpdateObjectEventSpriteInvisibility
0x08068FA8	thumb	SpriteCB_VirtualObject
0x08068FD0	thumb	DestroyVirtualObjects
0x0806900C	thumb	GetVirtualObjectSpriteId
0x08069058	thumb	TurnVirtualObject
0x08069094	thumb	SetVirtualObjectGraphics
0x08069124	thumb	SetVirtualObjectInvisibility
0x0806916C	thumb	IsVirtualObjectInvisible
0x080691A4	thumb	SetVirtualObjectSpriteAnim
0x080691D4	thumb	MoveUnionRoomObjectUp
0x08069210	thumb	MoveUnionRoomObjectDown
0x08069248	thumb	VirtualObject_UpdateAnim
0x08069294	thumb	IsVirtualObjectAnimating
0x080692C8	thumb	StartFieldEffectForObjectEvent
0x080692F0	thumb	DoShadowFieldEffect
0x0806930C	thumb	DoRippleFieldEffect
0x08069348	thumb	InitFieldMessageBox
0x08069370	thumb	Task_DrawFieldMessageBox
0x0806940C	thumb	CreateTask_DrawFieldMessageBox
0x08069420	thumb	DestroyTask_DrawFieldMessageBox
0x0806943C	thumb	ShowFieldMessage
0x08069464	thumb	ShowFieldAutoScrollMessage
0x0806948C	thumb	ForceShowFieldAutoScrollMessage
0x080694A4	thumb	ShowFieldMessageFromBuffer
0x080694C8	thumb	ExpandStringAndStartDrawFieldMessageBox
0x080694E4	thumb	StartDrawFieldMessageBox
0x080694F4	thumb	HideFieldMessageBox
0x08069510	thumb	GetFieldMessageBoxType
0x0806951C	thumb	IsFieldMessageBoxHidden
0x08069538	thumb	ReplaceFieldMessageWithFrame
0x08069554	thumb	walkrun_is_standing_still
0x08069570	thumb	Task_WaitPlayerStopMoving
0x08069590	thumb	IsFreezePlayerFinished
0x080695B4	thumb	FreezeObjects_WaitForPlayer
0x080695CC	thumb	Task_WaitPlayerAndTargetNPCStopMoving
0x08069648	thumb	IsFreezeSelectedObjectAndPlayerFinished
0x0806966C	thumb	FreezeObjects_WaitForPlayerAndSelected
0x080696C0	thumb	ClearPlayerHeldMovementAndUnfreezeObjectEvents
0x080696F0	thumb	UnionRoom_UnlockPlayerAndChatPartner
0x08069740	thumb	Script_FacePlayer
0x08069768	thumb	Script_ClearHeldMovement
0x08069788	thumb	GetUserWindowGraphics
0x080697AC	thumb	InitScriptContext
0x080697E8	thumb	SetupBytecodeScript
0x080697F4	thumb	SetupNativeScript
0x080697FC	thumb	StopScript
0x08069804	thumb	RunScriptCommand
0x08069884	thumb	ScriptPush
0x080698AC	thumb	ScriptPop
0x080698D0	thumb	ScriptJump
0x080698D4	thumb	ScriptCall
0x080698E8	thumb	ScriptReturn
0x080698F8	thumb	ScriptReadHalfword
0x08069910	thumb	ScriptReadWord
0x08069940	thumb	LockPlayerFieldControls
0x0806994C	thumb	UnlockPlayerFieldControls
0x08069958	thumb	ArePlayerFieldControlsLocked
0x08069964	thumb	SetQuestLogInputIsDpadFlag
0x08069970	thumb	ClearQuestLogInputIsDpadFlag
0x0806997C	thumb	IsQuestLogInputDpad
0x08069998	thumb	RegisterQuestLogInput
0x080699A4	thumb	ClearQuestLogInput
0x080699B0	thumb	GetRegisteredQuestLogInput
0x080699BC	thumb	DisableMsgBoxWalkaway
0x080699C8	thumb	EnableMsgBoxWalkaway
0x080699D4	thumb	IsMsgBoxWalkawayDisabled
0x080699E0	thumb	SetWalkingIntoSignVars
0x080699F8	thumb	ClearMsgBoxCancelableState
0x08069A04	thumb	CanWalkAwayToCancelMsgBox
0x08069A20	thumb	MsgSetSignpost
0x08069A2C	thumb	MsgSetNotSignpost
0x08069A38	thumb	IsMsgSignpost
0x08069A54	thumb	ResetFacingNpcOrSignpostVars
0x08069A64	thumb	ScriptContext_IsEnabled
0x08069A80	thumb	ScriptContext_Init
0x08069AA8	thumb	ScriptContext_RunScript
0x08069AE4	thumb	ScriptContext_SetupScript
0x08069B28	thumb	ScriptContext_Stop
0x08069B34	thumb	ScriptContext_Enable
0x08069B48	thumb	RunScriptImmediately
0x08069B80	thumb	MapHeaderGetScriptTable
0x08069BC0	thumb	MapHeaderRunScriptType
0x08069BD8	thumb	MapHeaderCheckScriptTable
0x08069C38	thumb	RunOnLoadMapScript
0x08069C44	thumb	RunOnTransitionMapScript
0x08069C50	thumb	RunOnResumeMapScript
0x08069C5C	thumb	RunOnReturnToFieldMapScript
0x08069C68	thumb	RunOnDiveWarpMapScript
0x08069C74	thumb	TryRunOnFrameMapScript
0x08069C9C	thumb	TryRunOnWarpIntoMapScript
0x08069CB0	thumb	CalculateRamScriptChecksum
0x08069CD4	thumb	ClearRamScript
0x08069D00	thumb	InitRamScript
0x08069D8C	thumb	GetRamScript
0x08069DFC	thumb	ValidateRamScript
0x08069E48	thumb	GetSavedRamScriptIfValid
0x08069EA4	thumb	InitRamScript_NoObjectEvent
0x08069ED0	thumb	ScrCmd_nop
0x08069ED4	thumb	ScrCmd_nop1
0x08069ED8	thumb	ScrCmd_end
0x08069EE4	thumb	ScrCmd_gotonative
0x08069EFC	thumb	ScrCmd_special
0x08069F3C	thumb	ScrCmd_specialvar
0x08069F94	thumb	ScrCmd_callnative
0x08069FA4	thumb	ScrCmd_waitstate
0x08069FB0	thumb	ScrCmd_goto
0x08069FC8	thumb	ScrCmd_return
0x08069FD4	thumb	ScrCmd_call
0x08069FEC	thumb	ScrCmd_goto_if
0x0806A028	thumb	ScrCmd_call_if
0x0806A064	thumb	ScrCmd_setvaddress
0x0806A080	thumb	ScrCmd_vgoto
0x0806A0A4	thumb	ScrCmd_vcall
0x0806A0C8	thumb	ScrCmd_vgoto_if
0x0806A10C	thumb	ScrCmd_vcall_if
0x0806A150	thumb	ScrCmd_gotostd
0x0806A180	thumb	ScrCmd_callstd
0x0806A1B0	thumb	ScrCmd_gotostd_if
0x0806A1FC	thumb	ScrCmd_callstd_if
0x0806A248	thumb	ScrCmd_returnram
0x0806A25C	thumb	ScrCmd_endram
0x0806A274	thumb	ScrCmd_setmysteryeventstatus
0x0806A28C	thumb	ScrCmd_trywondercardscript
0x0806A2B4	thumb	ScrCmd_loadword
0x0806A2D8	thumb	ScrCmd_loadbytefromptr
0x0806A2FC	thumb	ScrCmd_setptr
0x0806A314	thumb	ScrCmd_loadbyte
0x0806A330	thumb	ScrCmd_setptrbyte
0x0806A354	thumb	ScrCmd_copylocal
0x0806A374	thumb	ScrCmd_copybyte
0x0806A390	thumb	ScrCmd_setvar
0x0806A3B4	thumb	ScrCmd_copyvar
0x0806A3E0	thumb	ScrCmd_setorcopyvar
0x0806A40C	thumb	Compare
0x0806A42C	thumb	ScrCmd_compare_local_to_local
0x0806A45C	thumb	ScrCmd_compare_local_to_value
0x0806A484	thumb	ScrCmd_compare_local_to_ptr
0x0806A4B0	thumb	ScrCmd_compare_ptr_to_local
0x0806A4DC	thumb	ScrCmd_compare_ptr_to_value
0x0806A4FC	thumb	ScrCmd_compare_ptr_to_ptr
0x0806A520	thumb	ScrCmd_compare_var_to_value
0x0806A550	thumb	ScrCmd_compare_var_to_var
0x0806A584	thumb	ScrCmd_addvar
0x0806A5AC	thumb	ScrCmd_subvar
0x0806A5DC	thumb	ScrCmd_random
0x0806A610	thumb	ScrCmd_additem
0x0806A65C	thumb	ScrCmd_removeitem
0x0806A6A0	thumb	ScrCmd_checkitemspace
0x0806A6E4	thumb	ScrCmd_checkitem
0x0806A728	thumb	ScrCmd_checkitemtype
0x0806A754	thumb	ScrCmd_addpcitem
0x0806A798	thumb	ScrCmd_checkpcitem
0x0806A7DC	thumb	ScrCmd_adddecoration
0x0806A7F0	thumb	ScrCmd_removedecoration
0x0806A804	thumb	ScrCmd_checkdecorspace
0x0806A818	thumb	ScrCmd_checkdecor
0x0806A82C	thumb	ScrCmd_setflag
0x0806A840	thumb	ScrCmd_clearflag
0x0806A854	thumb	ScrCmd_checkflag
0x0806A870	thumb	ScrCmd_incrementgamestat
0x0806A888	thumb	ScrCmd_comparestat
0x0806A8C0	thumb	ScrCmd_setworldmapflag
0x0806A8E0	thumb	ScrCmd_animateflash
0x0806A8FC	thumb	ScrCmd_setflashlevel
0x0806A918	thumb	IsPaletteNotActive
0x0806A938	thumb	ScrCmd_fadescreen
0x0806A960	thumb	ScrCmd_fadescreenspeed
0x0806A990	thumb	RunPauseTimer
0x0806A9B0	thumb	ScrCmd_delay
0x0806A9D4	thumb	ScrCmd_initclock
0x0806A9D8	thumb	ScrCmd_dotimebasedevents
0x0806A9DC	thumb	ScrCmd_gettime
0x0806A9FC	thumb	ScrCmd_setweather
0x0806AA18	thumb	ScrCmd_resetweather
0x0806AA24	thumb	ScrCmd_doweather
0x0806AA30	thumb	ScrCmd_setstepcallback
0x0806AA48	thumb	ScrCmd_setmaplayoutindex
0x0806AA64	thumb	ScrCmd_warp
0x0806AAEC	thumb	ScrCmd_warpsilent
0x0806AB74	thumb	ScrCmd_warpdoor
0x0806ABFC	thumb	ScrCmd_warphole
0x0806AC70	thumb	ScrCmd_warpteleport
0x0806ACF8	thumb	ScrCmd_warpspinenter
0x0806AD8C	thumb	ScrCmd_setwarp
0x0806AE0C	thumb	ScrCmd_setdynamicwarp
0x0806AE90	thumb	ScrCmd_setdivewarp
0x0806AF10	thumb	ScrCmd_setholewarp
0x0806AF90	thumb	ScrCmd_setescapewarp
0x0806B010	thumb	ScrCmd_getplayerxy
0x0806B04C	thumb	ScrCmd_getpartysize
0x0806B068	thumb	ScrCmd_playse
0x0806B07C	thumb	WaitForSoundEffectFinish
0x0806B094	thumb	ScrCmd_waitse
0x0806B0A8	thumb	ScrCmd_playfanfare
0x0806B0BC	thumb	WaitForFanfareFinish
0x0806B0CC	thumb	ScrCmd_waitfanfare
0x0806B0E0	thumb	ScrCmd_playbgm
0x0806B120	thumb	ScrCmd_savebgm
0x0806B134	thumb	ScrCmd_fadedefaultbgm
0x0806B154	thumb	ScrCmd_fadenewbgm
0x0806B17C	thumb	ScrCmd_fadeoutbgm
0x0806B1C8	thumb	ScrCmd_fadeinbgm
0x0806B200	thumb	ScrCmd_applymovement
0x0806B244	thumb	ScrCmd_applymovementat
0x0806B288	thumb	WaitForMovementFinish
0x0806B2B0	thumb	ScrCmd_waitmovement
0x0806B304	thumb	ScrCmd_waitmovementat
0x0806B358	thumb	ScrCmd_removeobject
0x0806B380	thumb	ScrCmd_removeobjectat
0x0806B3B0	thumb	ScrCmd_addobject
0x0806B3D8	thumb	ScrCmd_addobjectat
0x0806B408	thumb	ScrCmd_setobjectxy
0x0806B470	thumb	ScrCmd_setobjectxyperm
0x0806B4C8	thumb	ScrCmd_copyobjectxytoperm
0x0806B4F0	thumb	ScrCmd_showobjectat
0x0806B520	thumb	ScrCmd_hideobjectat
0x0806B550	thumb	ScrCmd_setobjectsubpriority
0x0806B58C	thumb	ScrCmd_resetobjectsubpriority
0x0806B5BC	thumb	ScrCmd_faceplayer
0x0806B5F4	thumb	ScrCmd_turnobject
0x0806B628	thumb	ScrCmd_setobjectmovementtype
0x0806B650	thumb	ScrCmd_createvobject
0x0806B6C0	thumb	ScrCmd_turnvobject
0x0806B6DC	thumb	ScrCmd_lockall
0x0806B704	thumb	ScrCmd_lock
0x0806B75C	thumb	ScrCmd_releaseall
0x0806B794	thumb	ScrCmd_release
0x0806B7EC	thumb	ScrCmd_textcolor
0x0806B80C	thumb	ScrCmd_message
0x0806B828	thumb	ScrCmd_loadhelp
0x0806B850	thumb	ScrCmd_unloadhelp
0x0806B85C	thumb	ScrCmd_messageautoscroll
0x0806B878	thumb	ScrCmd_waitmessage
0x0806B88C	thumb	ScrCmd_closemessage
0x0806B898	thumb	WaitForAorBPress
0x0806B93C	thumb	ScriptContext_NextCommandEndsScript
0x0806B96C	thumb	ScriptContext_GetQuestLogInput
0x0806BA3C	thumb	ScrCmd_waitbuttonpress
0x0806BA80	thumb	ScrCmd_yesnobox
0x0806BAAC	thumb	ScrCmd_multichoice
0x0806BAE8	thumb	ScrCmd_multichoicedefault
0x0806BB38	thumb	ScrCmd_drawbox
0x0806BB3C	thumb	ScrCmd_multichoicegrid
0x0806BB8C	thumb	ScrCmd_erasebox
0x0806BB98	thumb	ScrCmd_drawboxtext
0x0806BB9C	thumb	ScrCmd_showmonpic
0x0806BBD8	thumb	ScrCmd_hidemonpic
0x0806BBF8	thumb	ScrCmd_showcontestpainting
0x0806BC04	thumb	ScrCmd_braillemessage
0x0806BC40	thumb	ScrCmd_getbraillestringwidth
0x0806BC6C	thumb	ScrCmd_vmessage
0x0806BC88	thumb	ScrCmd_bufferspeciesname
0x0806BCC8	thumb	ScrCmd_bufferleadmonspeciesname
0x0806BD14	thumb	ScrCmd_bufferpartymonnick
0x0806BD5C	thumb	ScrCmd_bufferitemname
0x0806BD90	thumb	ScrCmd_bufferitemnameplural
0x0806BE34	thumb	ScrCmd_bufferdecorationname
0x0806BE50	thumb	ScrCmd_buffermovename
0x0806BE90	thumb	ScrCmd_buffernumberstring
0x0806BED4	thumb	ScrCmd_bufferstdstring
0x0806BF14	thumb	ScrCmd_bufferstring
0x0806BF3C	thumb	ScrCmd_vbuffermessage
0x0806BF60	thumb	ScrCmd_vbufferstring
0x0806BF94	thumb	ScrCmd_bufferboxname
0x0806BFD0	thumb	ScrCmd_givemon
0x0806C050	thumb	ScrCmd_giveegg
0x0806C07C	thumb	ScrCmd_setmonmove
0x0806C0A8	thumb	ScrCmd_checkpartymove
0x0806C124	thumb	ScrCmd_addmoney
0x0806C158	thumb	ScrCmd_removemoney
0x0806C18C	thumb	ScrCmd_checkmoney
0x0806C1CC	thumb	ScrCmd_showmoneybox
0x0806C21C	thumb	ScrCmd_hidemoneybox
0x0806C228	thumb	ScrCmd_updatemoneybox
0x0806C258	thumb	ScrCmd_showcoinsbox
0x0806C294	thumb	ScrCmd_hidecoinsbox
0x0806C2A8	thumb	ScrCmd_updatecoinsbox
0x0806C2C4	thumb	ScrCmd_trainerbattle
0x0806C2D8	thumb	ScrCmd_dotrainerbattle
0x0806C2E4	thumb	ScrCmd_gotopostbattlescript
0x0806C2F8	thumb	ScrCmd_gotobeatenscript
0x0806C30C	thumb	ScrCmd_checktrainerflag
0x0806C330	thumb	ScrCmd_settrainerflag
0x0806C34C	thumb	ScrCmd_cleartrainerflag
0x0806C368	thumb	ScrCmd_setwildbattle
0x0806C39C	thumb	ScrCmd_dowildbattle
0x0806C3AC	thumb	ScrCmd_pokemart
0x0806C3C0	thumb	ScrCmd_pokemartdecoration
0x0806C3D4	thumb	ScrCmd_pokemartdecoration2
0x0806C3E8	thumb	ScrCmd_playslotmachine
0x0806C410	thumb	ScrCmd_setberrytree
0x0806C414	thumb	ScrCmd_getpokenewsactive
0x0806C418	thumb	ScrCmd_choosecontestmon
0x0806C424	thumb	ScrCmd_startcontest
0x0806C428	thumb	ScrCmd_showcontestresults
0x0806C42C	thumb	ScrCmd_contestlinktransfer
0x0806C430	thumb	ScrCmd_dofieldeffect
0x0806C458	thumb	ScrCmd_setfieldeffectargument
0x0806C488	thumb	WaitForFieldEffectFinish
0x0806C4A8	thumb	ScrCmd_waitfieldeffect
0x0806C4D4	thumb	ScrCmd_setrespawn
0x0806C4F0	thumb	ScrCmd_checkplayergender
0x0806C508	thumb	ScrCmd_playmoncry
0x0806C540	thumb	ScrCmd_waitmoncry
0x0806C554	thumb	ScrCmd_setmetatile
0x0806C5D4	thumb	ScrCmd_opendoor
0x0806C62C	thumb	ScrCmd_closedoor
0x0806C670	thumb	IsDoorAnimationStopped
0x0806C688	thumb	ScrCmd_waitdooranim
0x0806C69C	thumb	ScrCmd_setdooropen
0x0806C6E0	thumb	ScrCmd_setdoorclosed
0x0806C724	thumb	ScrCmd_addelevmenuitem
0x0806C728	thumb	ScrCmd_showelevmenu
0x0806C72C	thumb	ScrCmd_checkcoins
0x0806C74C	thumb	ScrCmd_addcoins
0x0806C784	thumb	ScrCmd_removecoins
0x0806C7BC	thumb	ScrCmd_signmsg
0x0806C7C8	thumb	ScrCmd_normalmsg
0x0806C7D4	thumb	ScrCmd_setmonmodernfatefulencounter
0x0806C80C	thumb	ScrCmd_checkmonmodernfatefulencounter
0x0806C844	thumb	ScrCmd_setmonmetlocation
0x0806C888	thumb	FieldClearPlayerInput
0x0806C8BC	thumb	FieldGetPlayerInput
0x0806CA4C	thumb	QuestLogOverrideJoyVars
0x0806CAC8	thumb	ProcessPlayerFieldInput
0x0806CD30	thumb	FieldInput_HandleCancelSignpost
0x0806CDF8	thumb	Task_QuestLogPlayback_OpenStartMenu
0x0806CE20	thumb	GetPlayerPosition
0x0806CE38	thumb	GetInFrontOfPlayerPosition
0x0806CE74	thumb	GetPlayerCurMetatileBehavior
0x0806CEA0	thumb	TryStartInteractionScript
0x0806CEE0	thumb	GetInteractionScript
0x0806CF38	thumb	GetInteractedLinkPlayerScript
0x0806CFF4	thumb	GetInteractedObjectEventScript
0x0806D0E4	thumb	GetInteractedBackgroundEventScript
0x0806D1F0	thumb	GetInteractedMetatileScript
0x0806D548	thumb	GetInteractedWaterScript
0x0806D5E8	thumb	TryStartStepBasedScript
0x0806D660	thumb	TryStartCoordEventScript
0x0806D694	thumb	TryStartMiscWalkingScripts
0x0806D698	thumb	TryStartStepCountScript
0x0806D738	thumb	Unref_ClearHappinessStepCounter
0x0806D74C	thumb	UpdateHappinessStepCounter
0x0806D788	thumb	ClearPoisonStepCounter
0x0806D79C	thumb	UpdatePoisonStepCounter
0x0806D7E8	thumb	RestartWildEncounterImmunitySteps
0x0806D7F4	thumb	CheckStandardWildEncounter
0x0806D804	thumb	TrySetUpWalkIntoSignpostScript
0x0806D898	thumb	GetFacingSignpostType
0x0806D908	thumb	SetUpWalkIntoSignScript
0x0806D928	thumb	GetSignpostScriptAtMapPosition
0x0806D964	thumb	TryArrowWarp
0x0806DA10	thumb	TryStartWarpEventScript
0x0806DAF4	thumb	IsWarpMetatileBehavior
0x0806DB84	thumb	IsDirectionalStairWarpMetatileBehavior
0x0806DBD8	thumb	IsArrowWarpMetatileBehavior
0x0806DC30	thumb	GetWarpEventAtMapPosition
0x0806DC54	thumb	SetupWarp
0x0806DCD0	thumb	TryDoorWarp
0x0806DD38	thumb	GetWarpEventAtPosition
0x0806DD80	thumb	TryRunCoordEventScript
0x0806DDC0	thumb	GetCoordEventScriptAtPosition
0x0806DE28	thumb	HandleBoulderFallThroughHole
0x0806DE70	thumb	HandleBoulderActivateVictoryRoadSwitch
0x0806DEC4	thumb	GetCoordEventScriptAtMapPosition
0x0806DEEC	thumb	GetBackgroundEventAtPosition
0x0806DF3C	thumb	dive_warp
0x0806DFB8	thumb	TrySetDiveWarp
0x0806E050	thumb	GetObjectEventScriptPointerPlayerFacing
0x0806E08C	thumb	SetCableClubWarp
0x0806E0D0	thumb	InitEventData
0x0806E110	thumb	ClearTempFieldEventData
0x0806E168	thumb	DisableNationalPokedex_RSE
0x0806E190	thumb	EnableNationalPokedex_RSE
0x0806E1C0	thumb	IsNationalPokedexEnabled_RSE
0x0806E204	thumb	DisableNationalPokedex
0x0806E22C	thumb	EnableNationalPokedex
0x0806E25C	thumb	IsNationalPokedexEnabled
0x0806E29C	thumb	DisableMysteryGift
0x0806E2AC	thumb	EnableMysteryGift
0x0806E2BC	thumb	IsMysteryGiftEnabled
0x0806E2D0	thumb	ClearMysteryGiftFlags
0x0806E370	thumb	ClearMysteryGiftVars
0x0806E3E4	thumb	DisableResetRTC
0x0806E400	thumb	EnableResetRTC
0x0806E420	thumb	CanResetRTC
0x0806E454	thumb	GetVarPointer
0x0806E528	thumb	IsFlagOrVarStoredInQuestLog
0x0806E568	thumb	VarGet
0x0806E584	thumb	VarSet
0x0806E5A4	thumb	VarGetObjectEventGraphicsId
0x0806E5C0	thumb	GetFlagAddr
0x0806E680	thumb	FlagSet
0x0806E6A8	thumb	FlagClear
0x0806E6D0	thumb	FlagGet
0x0806E6FC	thumb	ResetSpecialVars
0x0806E7A8	thumb	WeatherCoordEvent_SunnyClouds
0x0806E7AC	thumb	WeatherCoordEvent_Sunny
0x0806E7B0	thumb	WeatherCoordEvent_Rain
0x0806E7B4	thumb	WeatherCoordEvent_Snow
0x0806E7B8	thumb	WeatherCoordEvent_RainThunderstorm
0x0806E7BC	thumb	WeatherCoordEvent_FogHorizontal
0x0806E7C0	thumb	WeatherCoordEvent_VolcanicAsh
0x0806E7C4	thumb	WeatherCoordEvent_Sandstorm
0x0806E7C8	thumb	WeatherCoordEvent_FogDiagonal
0x0806E7CC	thumb	WeatherCoordEvent_Underwater
0x0806E7D0	thumb	WeatherCoordEvent_Shade
0x0806E7D4	thumb	WeatherCoordEvent_Route119Cycle
0x0806E7D8	thumb	WeatherCoordEvent_Route123Cycle
0x0806E7DC	thumb	DoCoordEventWeather
0x0806E810	thumb	Task_RunPerStepCallback
0x0806E83C	thumb	Task_RunTimeBasedEvents
0x0806E87C	thumb	SetUpFieldTasks
0x0806E8D0	thumb	ActivatePerStepCallback
0x0806E918	thumb	ResetFieldTasksArgs
0x0806E954	thumb	DummyPerStepCallback
0x0806E958	thumb	MarkIcePuzzleCoordVisited
0x0806E99C	thumb	SetIcefallCaveCrackedIceMetatiles
0x0806E9E0	thumb	IcefallCaveIcePerStepCallback
0x0806EB54	thumb	AshGrassPerStepCallback
0x0806EC04	thumb	SetCrackedFloorHoleMetatile
0x0806EC40	thumb	CrackedFloorPerStepCallback
0x0806ED38	thumb	SetHasPokedexAndPokemon
0x0806ED54	thumb	SetUpStartMenu
0x0806ED94	thumb	AppendToStartMenuItems
0x0806EDB0	thumb	SetUpStartMenu_NormalField
0x0806EE04	thumb	SetUpStartMenu_SafariZone
0x0806EE34	thumb	SetUpStartMenu_Link
0x0806EE58	thumb	SetUpStartMenu_UnionRoom
0x0806EE7C	thumb	DrawSafariZoneStatsWindow
0x0806EF18	thumb	DestroySafariZoneStatsWindow
0x0806EF44	thumb	PrintStartMenuItems
0x0806F01C	thumb	DoDrawStartMenu
0x0806F14C	thumb	DrawStartMenuInOneGo
0x0806F168	thumb	task50_startmenu
0x0806F188	thumb	OpenStartMenuWithFollowupFunc
0x0806F1B8	thumb	FieldCB2_DrawStartMenu
0x0806F1D4	thumb	SetUpReturnToStartMenu
0x0806F1F0	thumb	Task_StartMenuHandleInput
0x0806F258	thumb	ShowStartMenu
0x0806F280	thumb	StartCB_HandleInput
0x0806F394	thumb	StartMenu_FadeScreenIfLeavingOverworld
0x0806F3CC	thumb	StartMenuPokedexSanityCheck
0x0806F410	thumb	StartMenuPokedexCallback
0x0806F44C	thumb	StartMenuPokemonCallback
0x0806F480	thumb	StartMenuBagCallback
0x0806F4B4	thumb	StartMenuPlayerCallback
0x0806F4E8	thumb	StartMenuSaveCallback
0x0806F4FC	thumb	StartMenuOptionCallback
0x0806F540	thumb	StartMenuExitCallback
0x0806F554	thumb	StartMenuSafariZoneRetireCallback
0x0806F56C	thumb	StartMenuLinkPlayerCallback
0x0806F5A4	thumb	StartCB_Save1
0x0806F5C8	thumb	StartCB_Save2
0x0806F624	thumb	StartMenu_PrepareForSave
0x0806F648	thumb	RunSaveDialogCB
0x0806F67C	thumb	Field_AskSaveTheGame
0x0806F69C	thumb	PrintSaveTextWithFollowupFunc
0x0806F6D4	thumb	task50_save_game
0x0806F71C	thumb	CloseSaveMessageWindow
0x0806F72C	thumb	CloseSaveStatsWindow_
0x0806F738	thumb	SetSaveDialogDelayTo60Frames
0x0806F744	thumb	SaveDialog_Wait60FramesOrAButtonHeld
0x0806F778	thumb	SaveDialog_Wait60FramesThenCheckAButtonHeld
0x0806F7A8	thumb	SaveDialogCB_PrintAskSaveText
0x0806F7DC	thumb	SaveDialogCB_AskSavePrintYesNoMenu
0x0806F7F8	thumb	SaveDialogCB_AskSaveHandleInput
0x0806F86C	thumb	SaveDialogCB_PrintAskOverwriteText
0x0806F8A4	thumb	SaveDialogCB_AskOverwritePrintYesNoMenu
0x0806F8C0	thumb	SaveDialogCB_AskReplacePreviousFilePrintYesNoMenu
0x0806F8DC	thumb	SaveDialogCB_AskOverwriteOrReplacePreviousFileHandleInput
0x0806F924	thumb	SaveDialogCB_PrintSavingDontTurnOffPower
0x0806F940	thumb	SaveDialogCB_DoSave
0x0806F97C	thumb	SaveDialogCB_PrintSaveResult
0x0806F9B8	thumb	SaveDialogCB_WaitPrintSuccessAndPlaySE
0x0806F9E0	thumb	SaveDialogCB_ReturnSuccess
0x0806FA04	thumb	SaveDialogCB_WaitPrintErrorAndPlaySE
0x0806FA2C	thumb	SaveDialogCB_ReturnError
0x0806FA48	thumb	VBlankCB_WhileSavingAfterLinkBattle
0x0806FA54	thumb	DoSetUpSaveAfterLinkBattle
0x0806FB7C	thumb	CB2_SetUpSaveAfterLinkBattle
0x0806FBA8	thumb	CB2_WhileSavingAfterLinkBattle
0x0806FBB8	thumb	task50_after_link_battle_save
0x0806FCF4	thumb	PrintSaveStats
0x0806FE84	thumb	CloseSaveStatsWindow
0x0806FEA0	thumb	CloseStartMenu
0x0806FEC8	thumb	AppendToList
0x0806FED8	thumb	ResetTilesetAnimBuffer
0x0806FF04	thumb	AppendTilesetAnimToBuffer
0x0806FF54	thumb	TransferTilesetAnimsBuffer
0x0806FF9C	thumb	InitTilesetAnimations
0x0806FFB0	thumb	InitSecondaryTilesetAnimation
0x0806FFBC	thumb	UpdateTilesetAnimations
0x0807002C	thumb	_InitPrimaryTilesetAnimation
0x08070068	thumb	_InitSecondaryTilesetAnimation
0x080700A4	thumb	QueueAnimTiles_General_Flower
0x080700D0	thumb	QueueAnimTiles_General_Water_Current_LandWatersEdge
0x080700F8	thumb	QueueAnimTiles_General_SandWatersEdge
0x08070120	thumb	TilesetAnim_General
0x08070154	thumb	InitTilesetAnim_General
0x0807017C	thumb	QueueAnimTiles_CeladonCity_Fountain
0x080701AC	thumb	TilesetAnim_CeladonCity
0x080701D8	thumb	InitTilesetAnim_CeladonCity
0x080701FC	thumb	QueueAnimTiles_SilphCo_Fountain
0x08070224	thumb	TilesetAnim_SilphCo
0x08070250	thumb	InitTilesetAnim_SilphCo
0x08070274	thumb	QueueAnimTiles_MtEmber_Steam
0x0807029C	thumb	TilesetAnim_MtEmber
0x080702B4	thumb	InitTilesetAnim_MtEmber
0x080702DC	thumb	QueueAnimTiles_VermilionGym_MotorizedDoor
0x08070304	thumb	TilesetAnim_VermilionGym
0x0807031C	thumb	InitTilesetAnim_VermilionGym
0x08070340	thumb	QueueAnimTiles_CeladonGym_Flowers
0x08070368	thumb	TilesetAnim_CeladonGym
0x08070380	thumb	InitTilesetAnim_CeladonGym
0x080703A8	thumb	LoadCompressedPalette
0x080703EC	thumb	LoadPalette
0x08070424	thumb	FillPalette
0x08070474	thumb	TransferPlttBuffer
0x080704D0	thumb	UpdatePaletteFade
0x08070528	thumb	ResetPaletteFade
0x08070548	thumb	ReadPlttIntoBuffers
0x08070588	thumb	BeginNormalPaletteFade
0x080706D0	thumb	BeginPlttFade
0x08070718	thumb	PaletteStruct_Run
0x08070790	thumb	PaletteStruct_Copy
0x080708F4	thumb	PaletteStruct_Blend
0x080709B4	thumb	PaletteStruct_TryEnd
0x08070A0C	thumb	PaletteStruct_ResetById
0x08070A28	thumb	PaletteStruct_Reset
0x08070A84	thumb	ResetPaletteFadeControl
0x08070AFC	thumb	PaletteStruct_SetUnusedFlag
0x08070B28	thumb	PaletteStruct_ClearUnusedFlag
0x08070B58	thumb	PaletteStruct_GetPalNum
0x08070B8C	thumb	UpdateNormalPaletteFade
0x08070CCC	thumb	InvertPlttBuffer
0x08070D14	thumb	TintPlttBuffer
0x08070DE8	thumb	UnfadePlttBuffer
0x08070E44	thumb	BeginFastPaletteFade
0x08070E68	thumb	BeginFastPaletteFadeInternal
0x08070EEC	thumb	UpdateFastPaletteFade
0x08071264	thumb	BeginHardwarePaletteFade
0x08071300	thumb	UpdateHardwarePaletteFade
0x0807141C	thumb	UpdateBlendRegisters
0x08071470	thumb	IsSoftwarePaletteFadeFinishing
0x080714D4	thumb	BlendPalettes
0x08071510	thumb	BlendPalettesUnfaded
0x08071544	thumb	TintPalette_GrayScale
0x08071594	thumb	TintPalette_GrayScale2
0x080715F4	thumb	TintPalette_SepiaTone
0x08071660	thumb	TintPalette_CustomTone
0x080716F8	thumb	CopyPaletteInvertedTint
0x080717A8	thumb	BlendPalettesGradually
0x0807185C	thumb	IsBlendPalettesGraduallyTaskActive
0x08071898	thumb	DestroyBlendPalettesGraduallyTask
0x080718B8	thumb	Task_BlendPalettesGradually
0x08071938	thumb	InitMapMusic
0x0807194C	thumb	MapMusicMain
0x08071A44	thumb	ResetMapMusic
0x08071A68	thumb	GetCurrentMapMusic
0x08071A74	thumb	PlayNewMapMusic
0x08071A94	thumb	StopMapMusic
0x08071AB4	thumb	FadeOutMapMusic
0x08071AEC	thumb	FadeOutAndPlayNewMapMusic
0x08071B20	thumb	FadeOutAndFadeInNewMapMusic
0x08071B64	thumb	FadeInNewMapMusic
0x08071BA0	thumb	IsNotWaitingForBGMStop
0x08071BC4	thumb	PlayFanfareByFanfareNum
0x08071C10	thumb	WaitFanfare
0x08071C48	thumb	StopFanfareByFanfareNum
0x08071C60	thumb	PlayFanfare
0x08071C9C	thumb	IsFanfareTaskInactive
0x08071CBC	thumb	Task_Fanfare
0x08071CEC	thumb	CreateFanfareTask
0x08071D10	thumb	FadeInNewBGM
0x08071D64	thumb	FadeOutBGMTemporarily
0x08071D7C	thumb	IsBGMPausedOrStopped
0x08071DA4	thumb	FadeInBGM
0x08071DBC	thumb	FadeOutBGM
0x08071DD4	thumb	IsBGMStopped
0x08071DF0	thumb	PlayCry_Normal
0x08071E3C	thumb	PlayCry_NormalNoDucking
0x08071E60	thumb	PlayCry_ByMode
0x08071EC0	thumb	PlayCry_ReleaseDouble
0x08071F24	thumb	PlayCry_Script
0x08071F78	thumb	PlayCryInternal
0x080721A0	thumb	IsCryFinished
0x080721C4	thumb	StopCryAndClearCrySongs
0x080721DC	thumb	StopCry
0x080721F0	thumb	IsCryPlayingOrClearCrySongs
0x08072214	thumb	IsCryPlaying
0x08072234	thumb	Task_DuckBGMForPokemonCry
0x0807227C	thumb	RestoreBGMVolumeAfterPokemonCry
0x080722A0	thumb	PlayBGM
0x080722CC	thumb	PlaySE
0x080722F4	thumb	PlaySE12WithPanning
0x08072348	thumb	PlaySE1WithPanning
0x0807237C	thumb	PlaySE2WithPanning
0x080723B0	thumb	SE12PanpotControl
0x080723E0	thumb	IsSEPlaying
0x08072424	thumb	IsBGMPlaying
0x0807244C	thumb	IsSpecialSEPlaying
0x08072474	thumb	SetBGMVolume_SuppressHelpSystemReduction
0x0807249C	thumb	BGMVolumeMax_EnableHelpSystemReduction
0x080724C0	thumb	ClearBattleAnimationVars
0x0807259C	thumb	DoMoveAnim
0x080725D4	thumb	LaunchBattleAnimation
0x08072740	thumb	DestroyAnimSprite
0x08072760	thumb	DestroyAnimVisualTask
0x0807277C	thumb	DestroyAnimSoundTask
0x08072798	thumb	AddSpriteIndex
0x080727C8	thumb	ClearSpriteIndex
0x080727FC	thumb	WaitAnimFrameCount
0x08072828	thumb	RunAnimScriptCommand
0x08072868	thumb	Cmd_loadspritegfx
0x080728D0	thumb	Cmd_unloadspritegfx
0x0807291C	thumb	Cmd_createsprite
0x08072A10	thumb	Cmd_createvisualtask
0x08072A8C	thumb	Cmd_delay
0x08072ACC	thumb	Cmd_waitforvisualfinish
0x08072B00	thumb	Cmd_nop
0x08072B04	thumb	Cmd_nop2
0x08072B08	thumb	Cmd_end
0x08072C08	thumb	Cmd_playse
0x08072C30	thumb	Cmd_monbg
0x08072DF0	thumb	IsBattlerSpriteVisible
0x08072E48	thumb	MoveBattlerSpriteToBG
0x080730C0	thumb	RelocateBattleBgPal
0x08073128	thumb	ResetBattleAnimBg
0x08073174	thumb	Task_InitUpdateMonBg
0x0807324C	thumb	Cmd_clearmonbg
0x0807331C	thumb	Task_ClearMonBg
0x0807339C	thumb	Cmd_monbg_static
0x08073484	thumb	Cmd_clearmonbg_static
0x08073558	thumb	Task_ClearMonBgStatic
0x080735E0	thumb	Cmd_setalpha
0x08073618	thumb	Cmd_setbldcnt
0x08073640	thumb	Cmd_blendoff
0x08073664	thumb	Cmd_call
0x08073698	thumb	Cmd_return
0x080736AC	thumb	Cmd_setarg
0x080736E0	thumb	Cmd_choosetwoturnanim
0x08073720	thumb	Cmd_jumpifmoveturn
0x08073764	thumb	Cmd_goto
0x08073788	thumb	IsContest
0x0807378C	thumb	IsSpeciesNotUnown
0x080737A0	thumb	Cmd_fadetobg
0x080737E4	thumb	Cmd_fadetobgfromset
0x08073850	thumb	Task_FadeToBg
0x08073924	thumb	LoadMoveBg
0x0807396C	thumb	LoadDefaultBg
0x08073978	thumb	Cmd_restorebg
0x080739BC	thumb	Cmd_waitbgfadeout
0x080739F0	thumb	Cmd_waitbgfadein
0x08073A24	thumb	Cmd_changebg
0x08073A44	thumb	BattleAnimAdjustPanning
0x08073B08	thumb	BattleAnimAdjustPanning2
0x08073B60	thumb	KeepPanInRange
0x08073B88	thumb	CalculatePanIncrement
0x08073BC8	thumb	Cmd_playsewithpan
0x08073C00	thumb	Cmd_setpan
0x08073C2C	thumb	Cmd_panse
0x08073CEC	thumb	Task_PanFromInitialToTarget
0x08073D7C	thumb	Cmd_panse_adjustnone
0x08073E10	thumb	Cmd_panse_adjustall
0x08073ED0	thumb	Cmd_loopsewithpan
0x08073F58	thumb	Task_LoopAndPlaySE
0x08073FB4	thumb	Cmd_waitplaysewithpan
0x08074028	thumb	Task_WaitAndPlaySE
0x0807406C	thumb	Cmd_createsoundtask
0x080740E0	thumb	Cmd_waitsound
0x08074164	thumb	Cmd_jumpargeq
0x080741B8	thumb	Cmd_jumpifcontest
0x080741C8	thumb	Cmd_splitbgprio
0x08074214	thumb	Cmd_splitbgprio_all
0x0807423C	thumb	Cmd_splitbgprio_foes
0x080742A4	thumb	Cmd_invisible
0x080742E0	thumb	Cmd_visible
0x08074320	thumb	Cmd_teamattack_moveback
0x080743C8	thumb	Cmd_teamattack_movefwd
0x08074458	thumb	Cmd_stopsound
0x08074480	thumb	GetBattlerSpriteCoord
0x08074590	thumb	GetBattlerYDelta
0x0807474C	thumb	GetBattlerElevation
0x080747AC	thumb	GetBattlerSpriteFinal_Y
0x08074844	thumb	GetBattlerSpriteCoord2
0x080748A8	thumb	GetBattlerSpriteDefault_Y
0x080748BC	thumb	GetSubstituteSpriteDefault_Y
0x08074900	thumb	GetGhostSpriteDefault_Y
0x0807492C	thumb	GetBattlerYCoordWithElevation
0x080749D4	thumb	GetAnimBattlerSpriteId
0x08074A68	thumb	StoreSpriteCallbackInData6
0x08074A70	thumb	SetCallbackToStoredInData6
0x08074A80	thumb	TranslateSpriteInCircle
0x08074AE0	thumb	TranslateSpriteInGrowingCircle
0x08074B5C	thumb	TranslateSpriteInLissajousCurve
0x08074BE4	thumb	TranslateSpriteInEllipse
0x08074C44	thumb	WaitAnimForDuration
0x08074C64	thumb	AnimPosToTranslateLinear
0x08074C80	thumb	ConvertPosDataToTranslateLinearData
0x08074CD0	thumb	TranslateSpriteLinear
0x08074D00	thumb	TranslateSpriteLinearFixedPoint
0x08074D3C	thumb	TranslateSpriteLinearFixedPointIconFrame
0x08074D80	thumb	TranslateSpriteToBattleTargetPos
0x08074DC4	thumb	TranslateSpriteLinearById
0x08074E14	thumb	TranslateSpriteLinearByIdFixedPoint
0x08074E70	thumb	TranslateSpriteLinearAndFlicker
0x08074EE0	thumb	DestroySpriteAndMatrix
0x08074EF4	thumb	SetupAndStartSpriteLinearTranslationToAttacker
0x08074F38	thumb	EndUnkPaletteAnim
0x08074F50	thumb	RunStoredCallbackWhenAffineAnimEnds
0x08074F6C	thumb	RunStoredCallbackWhenAnimEnds
0x08074F88	thumb	DestroyAnimSpriteAndDisableBlend
0x08074FA8	thumb	DestroyAnimVisualTaskAndDisableBlend
0x08074FCC	thumb	SetSpriteCoordsToAnimAttackerCoords
0x08074FF8	thumb	SetAnimSpriteInitialXOffset
0x08075068	thumb	InitAnimArcTranslation
0x08075094	thumb	TranslateAnimHorizontalArc
0x080750C8	thumb	TranslateAnimVerticalArc
0x080750FC	thumb	SetSpritePrimaryCoordsFromSecondaryCoords
0x08075114	thumb	InitSpritePosToAnimTarget
0x08075160	thumb	InitSpritePosToAnimAttacker
0x080751C4	thumb	GetBattlerSide
0x080751D8	thumb	GetBattlerPosition
0x080751E8	thumb	GetBattlerAtPosition
0x08075224	thumb	IsBattlerSpritePresent
0x08075290	thumb	IsDoubleBattle
0x080752A0	thumb	GetBattleAnimBg1Data
0x080752C8	thumb	GetBattleAnimBgData
0x08075300	thumb	GetBattleAnimBgDataByPriorityRank
0x08075358	thumb	InitBattleAnimBg
0x080753B4	thumb	AnimLoadCompressedBgGfx
0x08075404	thumb	InitAnimBgTilemapBuffer
0x0807543C	thumb	AnimLoadCompressedBgTilemap
0x08075454	thumb	GetBattleBgPaletteNum
0x08075458	thumb	ToggleBg3Mode
0x08075490	thumb	Trade_MoveSelectedMonToTarget
0x080754B8	thumb	InitSpriteDataForLinearTranslation
0x080754F8	thumb	InitAnimLinearTranslation
0x08075590	thumb	StartAnimLinearTranslation
0x080755B8	thumb	PlayerThrowBall_StartAnimLinearTranslation
0x080755E0	thumb	AnimTranslateLinear
0x0807563C	thumb	AnimTranslateLinear_WithFollowup
0x08075658	thumb	PlayerThrowBall_AnimTranslateLinear_WithFollowup
0x08075678	thumb	InitAnimLinearTranslationWithSpeed
0x080756A4	thumb	InitAnimLinearTranslationWithSpeedAndPos
0x080756CC	thumb	InitAnimFastLinearTranslation
0x08075764	thumb	InitAndRunAnimFastLinearTranslation
0x0807578C	thumb	AnimFastTranslateLinear
0x080757E8	thumb	AnimFastTranslateLinearWaitEnd
0x08075804	thumb	InitAnimFastLinearTranslationWithSpeed
0x08075830	thumb	InitAnimFastLinearTranslationWithSpeedAndPos
0x08075858	thumb	SetSpriteRotScale
0x080758DC	thumb	ShouldRotScaleSpeciesBeFlipped
0x080758E0	thumb	PrepareBattlerSpriteForRotScale
0x08075980	thumb	ResetSpriteRotScale
0x080759DC	thumb	SetBattlerSpriteYOffsetFromRotation
0x08075A1C	thumb	TrySetSpriteRotScale
0x08075AD8	thumb	TryResetSpriteAffineState
0x08075B18	thumb	ArcTan2_
0x08075B30	thumb	ArcTan2Neg
0x08075B48	thumb	SetGreyscaleOrOriginalPalette
0x08075BE8	thumb	GetBattlePalettesMask
0x08075CB8	thumb	GetBattleMonSpritePalettesMask
0x08075D80	thumb	GetSpritePalIdxByBattler
0x08075D88	thumb	GetSpritePalIdxByPosition
0x08075D9C	thumb	AnimSpriteOnMonPos
0x08075DF4	thumb	TranslateAnimSpriteToTargetMonLocation
0x08075E80	thumb	AnimThrowProjectile
0x08075EF0	thumb	AnimThrowProjectile_Step
0x08075F0C	thumb	AnimTravelDiagonally
0x08075FBC	thumb	CloneBattlerSpriteWithBlend
0x08076030	thumb	DestroySpriteWithActiveSheet
0x08076048	thumb	AnimTask_AlphaFadeIn
0x080760D0	thumb	AnimTask_AlphaFadeIn_Step
0x0807616C	thumb	AnimTask_BlendMonInAndOut
0x080761C8	thumb	AnimTask_BlendMonInAndOutSetup
0x080761F0	thumb	AnimTask_BlendMonInAndOut_Step
0x08076288	thumb	AnimTask_BlendPalInAndOutByTag
0x080762D0	thumb	PrepareAffineAnimInTaskData
0x08076308	thumb	RunAffineAnimFromTaskData
0x08076440	thumb	SetBattlerSpriteYOffsetFromYScale
0x08076494	thumb	SetBattlerSpriteYOffsetFromOtherYScale
0x080764EC	thumb	GetBattlerYDeltaFromSpriteId
0x080765C0	thumb	StorePointerInVars
0x080765C8	thumb	LoadPointerFromVars
0x080765D4	thumb	BattleAnimHelper_SetSpriteSquashParams
0x08076640	thumb	BattleAnimHelper_RunSpriteSquash
0x080766B8	thumb	AnimTask_GetFrustrationPowerLevel
0x080766EC	thumb	SetPriorityForVisibleBattlers
0x080767F0	thumb	InitPrioritiesForVisibleBattlers
0x0807685C	thumb	GetBattlerSpriteSubpriority
0x08076884	thumb	GetBattlerSpriteBGPriority
0x080768B0	thumb	GetBattlerSpriteBGPriorityRank
0x080768D0	thumb	CreateAdditionalMonSpriteForMoveAnim
0x08076B20	thumb	DestroySpriteAndFreeResources_
0x08076B2C	thumb	GetBattlerSpriteCoordAttr
0x08076D9C	thumb	SetAverageBattlerPositions
0x08076E34	thumb	CreateInvisibleSpriteCopy
0x08076ED8	thumb	AnimTranslateLinearAndFlicker_Flipped
0x08076F58	thumb	AnimTranslateLinearAndFlicker
0x08076FD0	thumb	AnimSpinningSparkle
0x08077030	thumb	AnimTask_AttackerPunchWithTrace
0x08077118	thumb	AnimTask_AttackerPunchWithTrace_Step
0x080771E4	thumb	CreateBattlerTrace
0x08077268	thumb	AnimBattlerTrace
0x0807729C	thumb	AnimWeatherBallUp
0x080772F4	thumb	AnimWeatherBallUp_Step
0x08077350	thumb	AnimWeatherBallDown
0x080773BC	thumb	ResetTasks
0x0807741C	thumb	CreateTask
0x08077470	thumb	InsertTask
0x08077508	thumb	DestroyTask
0x08077578	thumb	RunTasks
0x080775A8	thumb	FindFirstActiveTask
0x080775E4	thumb	TaskDummy
0x080775E8	thumb	SetTaskFuncWithFollowupFunc
0x0807761C	thumb	SwitchTaskToFollowupFunc
0x08077650	thumb	FuncIsActiveTask
0x08077688	thumb	FindTaskIdByFunc
0x080776B8	thumb	GetTaskCount
0x080776E8	thumb	SetWordTaskArg
0x08077720	thumb	GetWordTaskArg
0x08077760	thumb	ReshowBattleScreenDummy
0x08077764	thumb	ReshowBattleScreenAfterMenu
0x080777E8	thumb	CB2_ReshowBattleScreenAfterMenu
0x08077AAC	thumb	ReshowBattleScreen_TurnOnDisplay
0x08077B0C	thumb	LoadBattlerSpriteGfx
0x08077C38	thumb	CreateBattlerSprite
0x08077FE4	thumb	CreateHealthboxSprite
0x08078178	thumb	Task_FlashingCircleImpacts
0x080782BC	thumb	Task_UpdateFlashingCircleImpacts
0x0807834C	thumb	AnimFlashingCircleImpact
0x08078380	thumb	AnimFlashingCircleImpact_Step
0x080783FC	thumb	AnimTask_FrozenIceCube
0x080784D8	thumb	AnimTask_FrozenIceCube_Step1
0x08078528	thumb	AnimTask_FrozenIceCube_Step2
0x080785D8	thumb	AnimTask_FrozenIceCube_Step3
0x0807862C	thumb	AnimTask_FrozenIceCube_Step4
0x08078694	thumb	AnimTask_StatsChange
0x0807886C	thumb	LaunchStatusAnimation
0x080788BC	thumb	Task_DoStatusAnimation
0x08078914	thumb	CB2_InitTitleScreen
0x08078B34	thumb	ResetGpuRegs
0x08078B9C	thumb	CB2_TitleScreenRun
0x08078BB4	thumb	VBlankCB
0x08078BEC	thumb	Task_TitleScreenTimer
0x08078C24	thumb	Task_TitleScreenMain
0x08078C90	thumb	SetTitleScreenScene
0x08078C9C	thumb	SetTitleScreenScene_Init
0x08078D24	thumb	SetTitleScreenScene_FlashSprite
0x08078DA4	thumb	SetTitleScreenScene_FadeIn
0x08078FC4	thumb	SetTitleScreenScene_Run
0x080790A0	thumb	SetGpuRegsForTitleScreenRun
0x080790CC	thumb	SetTitleScreenScene_Restart
0x080791C0	thumb	SetTitleScreenScene_Cry
0x080792C8	thumb	Task_TitleScreen_SlideWin0
0x0807941C	thumb	Task_TitleScreen_BlinkPressStart
0x08079528	thumb	SignalEndTitleScreenPaletteSomethingTask
0x08079550	thumb	UpdateScanlineEffectRegBuffer
0x08079620	thumb	ScheduleStopScanlineEffect
0x08079648	thumb	LoadMainTitleScreenPalsAndResetBgs
0x080796CC	thumb	CB2_FadeOutTransitionToSaveClearScreen
0x080796E8	thumb	CB2_FadeOutTransitionToBerryFix
0x08079708	thumb	LoadSpriteGfxAndPals
0x08079730	thumb	SpriteCallback_TitleScreenLeaf
0x080797B0	thumb	CreateLeafSprite
0x08079800	thumb	SpriteCallback_Streak
0x08079844	thumb	CreateStreakSprites
0x080798A4	thumb	Task_LeafSpawner
0x08079970	thumb	TitleScreen_srand
0x08079988	thumb	TitleScreen_rand
0x080799C4	thumb	CreateBlankSprite
0x080799E4	thumb	SetPalOnOrCreateBlankSprite
0x08079A14	thumb	CreateSlashSprite
0x08079A5C	thumb	DeactivateSlashSprite
0x08079A7C	thumb	IsSlashSpriteDeactivated
0x08079AAC	thumb	SpriteCallback_Slash
0x08079B50	thumb	ReloadSave
0x08079BDC	thumb	StartWeather
0x08079CC8	thumb	SetNextWeather
0x08079D34	thumb	SetCurrentAndNextWeather
0x08079D60	thumb	SetCurrentAndNextWeatherNoDelay
0x08079D90	thumb	Task_WeatherInit
0x08079DE0	thumb	Task_WeatherMain
0x08079E94	thumb	None_Init
0x08079EB4	thumb	None_Main
0x08079EB8	thumb	None_Finish
0x08079EBC	thumb	BuildGammaShiftTables
0x08079FD0	thumb	UpdateWeatherGammaShift
0x0807A058	thumb	FadeInScreenWithWeather
0x0807A170	thumb	FadeInScreen_RainShowShade
0x0807A1D0	thumb	FadeInScreen_Drought
0x0807A228	thumb	FadeInScreen_FogHorizontal
0x0807A264	thumb	DoNothing
0x0807A268	thumb	ApplyGammaShift
0x0807A3A4	thumb	ApplyGammaShiftWithBlend
0x0807A4EC	thumb	ApplyDroughtGammaShiftWithBlend
0x0807A5CC	thumb	ApplyFogBlend
0x0807A6E8	thumb	MarkFogSpritePalToLighten
0x0807A71C	thumb	LightenSpritePaletteInFog
0x0807A764	thumb	WeatherShiftGammaIfPalStateIdle
0x0807A798	thumb	WeatherBeginGammaFade
0x0807A7EC	thumb	FadeScreen
0x0807A918	thumb	FadeSelectedPals
0x0807AA44	thumb	IsWeatherNotFadingIn
0x0807AA60	thumb	UpdateSpritePaletteWithWeather
0x0807AB48	thumb	ApplyWeatherGammaShiftToPal
0x0807AB68	thumb	IsWeatherFadingIn
0x0807AB94	thumb	LoadCustomWeatherSpritePalette
0x0807ABC4	thumb	LoadDroughtWeatherPalette
0x0807ABC8	thumb	ResetDroughtWeatherPaletteLoading
0x0807ABE8	thumb	LoadDroughtWeatherPalettes
0x0807AC24	thumb	SetDroughtGamma
0x0807AC34	thumb	DroughtStateInit
0x0807AC6C	thumb	DroughtStateRun
0x0807AD84	thumb	Weather_SetBlendCoeffs
0x0807ADC4	thumb	Weather_SetTargetBlendCoeffs
0x0807AE08	thumb	Weather_UpdateBlend
0x0807AED4	thumb	SetFieldWeather
0x0807AF6C	thumb	GetCurrentWeather
0x0807AF7C	thumb	SetRainStrengthFromSoundEffect
0x0807AFD8	thumb	PlayRainStoppingSoundEffect
0x0807B01C	thumb	IsWeatherChangeComplete
0x0807B030	thumb	SetWeatherScreenFadeOut
0x0807B044	thumb	WeatherProcessingIdle
0x0807B058	thumb	PreservePaletteInWeather
0x0807B088	thumb	ResetPreservedPalettesInWeather
0x0807B098	thumb	SlightlyDarkenPalsInWeather
0x0807B0D4	thumb	SetSavedWeather
0x0807B104	thumb	GetSav1Weather
0x0807B114	thumb	SetSavedWeatherFromCurrMapHeader
0x0807B148	thumb	SetWeather
0x0807B160	thumb	SetWeather_Unused
0x0807B178	thumb	DoCurrentWeather
0x0807B18C	thumb	ResumePausedWeather
0x0807B1A0	thumb	TranslateWeatherNum
0x0807B270	thumb	UpdateWeatherPerDay
0x0807B290	thumb	UpdateRainCounter
0x0807B2B0	thumb	Clouds_InitVars
0x0807B2FC	thumb	Clouds_InitAll
0x0807B32C	thumb	Clouds_Main
0x0807B38C	thumb	Clouds_Finish
0x0807B3D4	thumb	Sunny_InitVars
0x0807B3F8	thumb	Sunny_InitAll
0x0807B404	thumb	Sunny_Main
0x0807B408	thumb	Sunny_Finish
0x0807B40C	thumb	CreateCloudSprites
0x0807B4D8	thumb	DestroyCloudSprites
0x0807B52C	thumb	UpdateCloudSprite
0x0807B548	thumb	Drought_InitVars
0x0807B57C	thumb	Drought_InitAll
0x0807B5AC	thumb	Drought_Main
0x0807B690	thumb	Drought_Finish
0x0807B694	thumb	StartDroughtWeatherBlend
0x0807B6A8	thumb	UpdateDroughtBlend
0x0807B79C	thumb	Rain_InitVars
0x0807B808	thumb	Rain_InitAll
0x0807B838	thumb	Rain_Main
0x0807B898	thumb	Rain_Finish
0x0807B924	thumb	StartRainSpriteFall
0x0807B9F8	thumb	UpdateRainSprite
0x0807BAFC	thumb	WaitRainSprite
0x0807BB28	thumb	InitRainSpriteMovement
0x0807BBDC	thumb	LoadRainSpriteSheet
0x0807BBEC	thumb	CreateRainSprite
0x0807BD20	thumb	UpdateVisibleRainSprites
0x0807BDAC	thumb	DestroyRainSprites
0x0807BE00	thumb	Snow_InitVars
0x0807BE50	thumb	Snow_InitAll
0x0807BEBC	thumb	Snow_Main
0x0807BEF8	thumb	Snow_Finish
0x0807BF5C	thumb	UpdateVisibleSnowflakeSprites
0x0807BFD8	thumb	CreateSnowflakeSprite
0x0807C044	thumb	DestroySnowflakeSprite
0x0807C078	thumb	InitSnowflakeSpriteMovement
0x0807C124	thumb	WaitSnowflakeSprite
0x0807C180	thumb	UpdateSnowflakeSprite
0x0807C2B8	thumb	Thunderstorm_InitVars
0x0807C32C	thumb	Thunderstorm_InitAll
0x0807C35C	thumb	Downpour_InitVars
0x0807C3C8	thumb	Downpour_InitAll
0x0807C3F8	thumb	Thunderstorm_Main
0x0807C784	thumb	Thunderstorm_Finish
0x0807C830	thumb	SetThunderCounter
0x0807C86C	thumb	UpdateThunderSound
0x0807C8D4	thumb	FogHorizontal_InitVars
0x0807C934	thumb	FogHorizontal_InitAll
0x0807C964	thumb	FogHorizontal_Main
0x0807CA24	thumb	FogHorizontal_Finish
0x0807CAC0	thumb	FogHorizontalSpriteCallback
0x0807CB20	thumb	CreateFogHorizontalSprites
0x0807CBDC	thumb	DestroyFogHorizontalSprites
0x0807CC30	thumb	Ash_InitVars
0x0807CC8C	thumb	Ash_InitAll
0x0807CCBC	thumb	Ash_Main
0x0807CD68	thumb	Ash_Finish
0x0807CDD0	thumb	LoadAshSpriteSheet
0x0807CDE0	thumb	CreateAshSprites
0x0807CE88	thumb	DestroyAshSprites
0x0807CEDC	thumb	UpdateAshSprite
0x0807CF58	thumb	FogDiagonal_InitVars
0x0807CFDC	thumb	FogDiagonal_InitAll
0x0807D00C	thumb	FogDiagonal_Main
0x0807D070	thumb	FogDiagonal_Finish
0x0807D0D0	thumb	UpdateFogDiagonalMovement
0x0807D164	thumb	CreateFogDiagonalSprites
0x0807D21C	thumb	DestroyFogDiagonalSprites
0x0807D270	thumb	UpdateFogDiagonalSprite
0x0807D2D0	thumb	Sandstorm_InitVars
0x0807D350	thumb	Sandstorm_InitAll
0x0807D380	thumb	Sandstorm_Main
0x0807D3FC	thumb	Sandstorm_Finish
0x0807D460	thumb	UpdateSandstormWaveIndex
0x0807D498	thumb	UpdateSandstormMovement
0x0807D518	thumb	DestroySandstormSprites
0x0807D5AC	thumb	CreateSandstormSprites
0x0807D66C	thumb	CreateSwirlSandstormSprites
0x0807D76C	thumb	UpdateSandstormSprite
0x0807D7CC	thumb	WaitSandSwirlSpriteEntrance
0x0807D7F0	thumb	UpdateSandstormSwirlSprite
0x0807D864	thumb	Shade_InitVars
0x0807D894	thumb	Shade_InitAll
0x0807D8A0	thumb	Shade_Main
0x0807D8A4	thumb	Shade_Finish
0x0807D8A8	thumb	Bubbles_InitVars
0x0807D8FC	thumb	Bubbles_InitAll
0x0807D92C	thumb	Bubbles_Main
0x0807D9A0	thumb	Bubbles_Finish
0x0807D9BC	thumb	CreateBubbleSprite
0x0807DA44	thumb	DestroyBubbleSprites
0x0807DA88	thumb	UpdateBubbleSprite
0x0807DAE8	thumb	palette_bg_faded_fill_white
0x0807DB0C	thumb	palette_bg_faded_fill_black
0x0807DB2C	thumb	WarpFadeInScreen
0x0807DB80	thumb	WarpFadeInScreenWithDelay
0x0807DBD4	thumb	FadeInFromBlack
0x0807DBEC	thumb	WarpFadeOutScreen
0x0807DC44	thumb	WarpFadeOutScreenWithDelay
0x0807DC84	thumb	SetPlayerVisibility
0x0807DC9C	thumb	Task_ContinueScriptUnionRoom
0x0807DCB8	thumb	FieldCB_ContinueScriptUnionRoom
0x0807DCD8	thumb	Task_ContinueScript
0x0807DCF8	thumb	FieldCB_ContinueScriptHandleMusic
0x0807DD18	thumb	FieldCB_ContinueScript
0x0807DD34	thumb	Task_ReturnToFieldCableLink
0x0807DDA4	thumb	FieldCB_ReturnToFieldCableLink
0x0807DDC4	thumb	Task_ReturnToFieldRecordMixing
0x0807DE2C	thumb	FieldCB_ReturnToFieldWirelessLink
0x0807DE4C	thumb	SetUpWarpExitTask
0x0807DF20	thumb	ExitWarpFadeInScreen
0x0807DF38	thumb	FieldCB_DefaultWarpExit
0x0807DF50	thumb	FieldCB_WarpExitFadeFromBlack
0x0807DF68	thumb	FieldCB_TeleportWarpIn
0x0807DF90	thumb	Task_ExitDoor
0x0807E1E0	thumb	Task_ExitNonAnimDoor
0x0807E2A0	thumb	Task_ExitNonDoor
0x0807E2F0	thumb	Task_TeleportWarpIn
0x0807E34C	thumb	Task_WaitFadeAndCreateStartMenuTask
0x0807E374	thumb	FadeTransition_FadeInOnReturnToStartMenu
0x0807E390	thumb	FieldCB_ReturnToFieldOpenStartMenu
0x0807E39C	thumb	Task_SafariZoneRanOutOfBalls
0x0807E3C0	thumb	FieldCB_SafariZoneRanOutOfBalls
0x0807E3E0	thumb	WaitWarpFadeOutScreen
0x0807E3EC	thumb	FieldFadeTransitionBackgroundEffectIsFinished
0x0807E40C	thumb	DoWarp
0x0807E444	thumb	DoDiveWarp
0x0807E474	thumb	DoStairWarp
0x0807E4B0	thumb	DoDoorWarp
0x0807E4D4	thumb	DoTeleport2Warp
0x0807E4F8	thumb	DoUnionRoomWarp
0x0807E51C	thumb	DoFallWarp
0x0807E534	thumb	DoEscalatorWarp
0x0807E550	thumb	DoLavaridgeGymB1FWarp
0x0807E560	thumb	DoLavaridgeGym1FWarp
0x0807E570	thumb	DoTeleportWarp
0x0807E598	thumb	DoPortholeWarp
0x0807E5C0	thumb	Task_CableClubWarp
0x0807E628	thumb	DoCableClubWarp
0x0807E64C	thumb	Task_ReturnFromLinkRoomWarp
0x0807E6D8	thumb	ReturnFromLinkRoom
0x0807E6EC	thumb	Task_Teleport2Warp
0x0807E758	thumb	Task_TeleportWarp
0x0807E7E0	thumb	Task_DoorWarp
0x0807E954	thumb	Task_StairWarp
0x0807EA98	thumb	UpdateStairsMovement
0x0807EB38	thumb	ForceStairsMovement
0x0807EB90	thumb	GetStairsMovementDirection
0x0807EC08	thumb	Task_ExitStairs
0x0807EC90	thumb	ExitStairsMovement
0x0807ED74	thumb	WaitStairExitMovementFinished
0x0807EDD4	thumb	SetFlashScanlineEffectWindowBoundary
0x0807EE00	thumb	SetFlashScanlineEffectWindowBoundaries
0x0807EE8C	thumb	UpdateFlashLevelEffect
0x0807EF50	thumb	Task_WaitForFlashUpdate
0x0807EF78	thumb	StartWaitForFlashUpdate
0x0807EF9C	thumb	StartUpdateFlashLevelEffect
0x0807EFFC	thumb	AnimateFlash
0x0807F048	thumb	WriteFlashScanlineEffectBuffer
0x0807F084	thumb	Script_FadeOutMapMusic
0x0807F09C	thumb	Task_EnableScriptAfterMusicFade
0x0807F0C0	thumb	DoInwardBarnDoorFade
0x0807F0E8	thumb	DoOutwardBarnDoorWipe
0x0807F110	thumb	BarnDoorWipeSaveGpuRegs
0x0807F174	thumb	BarnDoorWipeLoadGpuRegs
0x0807F1D8	thumb	Task_BarnDoorWipe
0x0807F2D0	thumb	Task_BarnDoorWipeChild
0x0807F378	thumb	PrintWhiteOutRecoveryMessage
0x0807F430	thumb	Task_RushInjuredPokemonToCenter
0x0807F5C4	thumb	FieldCB_RushInjuredPokemonToCenter
0x0807F5F4	thumb	Task_BattleStart
0x0807F664	thumb	CreateBattleStartTask
0x0807F6A0	thumb	CheckSilphScopeInPokemonTower
0x0807F6D8	thumb	StartWildBattle
0x0807F71C	thumb	DoStandardWildBattle
0x0807F760	thumb	StartRoamerBattle
0x0807F7AC	thumb	DoSafariBattle
0x0807F7E4	thumb	DoGhostBattle
0x0807F83C	thumb	DoTrainerBattle
0x0807F85C	thumb	StartOldManTutorialBattle
0x0807F898	thumb	StartScriptedWildBattle
0x0807F8D8	thumb	StartMarowakBattle
0x0807F96C	thumb	StartSouthernIslandBattle
0x0807F9AC	thumb	StartLegendaryBattle
0x0807FA3C	thumb	StartGroudonKyogreBattle
0x0807FA90	thumb	StartRegiBattle
0x0807FACC	thumb	EndPokedudeBattle
0x0807FADC	thumb	StartPokedudeBattle
0x0807FB14	thumb	CB2_EndWildBattle
0x0807FB74	thumb	CB2_EndScriptedWildBattle
0x0807FBC4	thumb	CB2_EndMarowakBattle
0x0807FC30	thumb	BattleSetup_GetTerrainId
0x0807FD64	thumb	GetBattleTransitionTypeByMap
0x0807FDC8	thumb	GetSumOfPlayerPartyLevel
0x0807FE28	thumb	GetSumOfEnemyPartyLevel
0x0807FF08	thumb	GetWildBattleTransition
0x0807FF54	thumb	GetTrainerBattleTransition
0x08080034	thumb	BattleSetup_GetBattleTowerBattleTransition
0x08080064	thumb	TrainerBattleLoadArg32
0x0808007C	thumb	TrainerBattleLoadArg16
0x08080088	thumb	TrainerBattleLoadArg8
0x0808008C	thumb	GetTrainerAFlag
0x080800A4	thumb	IsPlayerDefeated
0x080800E4	thumb	InitTrainerBattleVariables
0x0808013C	thumb	TrainerBattleLoadArgs
0x080801C4	thumb	SetMapVarsToTrainer
0x080801FC	thumb	BattleSetup_ConfigureTrainerBattle
0x08080308	thumb	ConfigureAndSetUpOneTrainerBattle
0x0808034C	thumb	GetTrainerFlagFromScriptPointer
0x0808036C	thumb	SetUpTrainerMovement
0x080803A0	thumb	GetTrainerBattleMode
0x080803AC	thumb	GetRivalBattleFlags
0x080803B8	thumb	Script_HasTrainerBeenFought
0x080803D0	thumb	SetBattledTrainerFlag
0x080803E4	thumb	SetBattledTrainerFlag2
0x080803F8	thumb	HasTrainerBeenFought
0x08080410	thumb	SetTrainerFlag
0x08080424	thumb	ClearTrainerFlag
0x08080438	thumb	StartTrainerBattle
0x08080480	thumb	CB2_EndTrainerBattle
0x0808052C	thumb	CB2_EndRematchBattle
0x08080584	thumb	StartRematchBattle
0x080805AC	thumb	ShowTrainerIntroSpeech
0x080805BC	thumb	BattleSetup_GetScriptAddrAfterBattle
0x080805D4	thumb	BattleSetup_GetTrainerPostBattleScript
0x080805EC	thumb	ShowTrainerCantBattleSpeech
0x080805FC	thumb	PlayTrainerEncounterMusic
0x0808069C	thumb	ReturnEmptyStringIfNull
0x080806AC	thumb	GetIntroSpeechOfApproachingTrainer
0x080806C0	thumb	GetTrainerALoseText
0x080806E4	thumb	GetTrainerWonSpeech
0x08080708	thumb	GetTrainerCantBattleSpeech
0x0808071C	thumb	CreateLinkupTask
0x08080760	thumb	PrintNumPlayersInLink
0x080807BC	thumb	ClearLinkPlayerCountWindow
0x080807DC	thumb	UpdateLinkPlayerCountDisplay
0x08080818	thumb	ExchangeDataAndGetLinkupStatus
0x08080890	thumb	CheckLinkErrored
0x080808C4	thumb	CheckLinkCanceledBeforeConnection
0x08080910	thumb	CheckLinkCanceled
0x08080964	thumb	CheckSioErrored
0x08080998	thumb	Task_DelayedBlockRequest
0x080809CC	thumb	Task_LinkupStart
0x08080A20	thumb	Task_LinkupAwaitConnection
0x08080AA4	thumb	Task_LinkupConfirmWhenReady
0x08080AF4	thumb	Task_LinkupAwaitConfirmation
0x08080B9C	thumb	Task_LinkupTryConfirmation
0x08080C40	thumb	Task_LinkupConfirm
0x08080CB0	thumb	Task_LinkupExchangeDataWithLeader
0x08080D60	thumb	AnyConnectedPartnersPlayingRS
0x08080D94	thumb	Task_LinkupCheckStatusAfterConfirm
0x08080E40	thumb	Task_LinkupAwaitTrainerCardData
0x08080F4C	thumb	Task_StopLinkup
0x08080F88	thumb	Task_LinkupFailed
0x08080FC4	thumb	Task_LinkupConnectionError
0x08081000	thumb	TryLinkTimeout
0x08081038	thumb	TryBattleLinkup
0x080810A0	thumb	TryTradeLinkup
0x080810C8	thumb	TryRecordMixLinkup
0x080810FC	thumb	TryContestLinkup
0x08081124	thumb	CreateTask_ReestablishCableClubLink
0x080811D0	thumb	Task_ReestablishLink
0x08081220	thumb	Task_ReestablishLinkAwaitConnection
0x08081274	thumb	Task_ReestablishLinkLeader
0x080812AC	thumb	Task_ReestablishLinkAwaitConfirmation
0x080812E0	thumb	CableClub_AskSaveTheGame
0x080812EC	thumb	Task_StartWiredCableClubBattle
0x08081428	thumb	Task_StartWirelessCableClubBattle
0x080815F8	thumb	CB2_ReturnFromUnionRoomBattle
0x0808163C	thumb	CB2_ReturnFromCableClubBattle
0x08081718	thumb	CleanupLinkRoomState
0x08081744	thumb	ExitLinkRoom
0x08081750	thumb	Task_EnterCableClubSeat
0x080817FC	thumb	CreateTask_EnterCableClubSeat
0x08081824	thumb	Task_StartWiredTrade
0x080818BC	thumb	Task_StartWirelessTrade
0x0808194C	thumb	EnterTradeSeat
0x08081978	thumb	CreateTask_StartWiredTrade
0x0808198C	thumb	StartWiredCableClubTrade
0x0808199C	thumb	EnterColosseumPlayerSpot
0x080819D8	thumb	CreateTask_EnterCableClubSeatNoFollowup
0x080819F0	thumb	Script_ShowLinkTrainerCard
0x08081A08	thumb	GetSeeingLinkPlayerCardMsg
0x08081A64	thumb	Task_WaitForLinkPlayerConnection
0x08081AB8	thumb	Task_WaitExitToScript
0x08081ADC	thumb	ExitLinkToScript
0x08081B04	thumb	CheckForTrainersWantingBattle
0x08081B58	thumb	CheckTrainer
0x08081BC0	thumb	GetTrainerApproachDistance
0x08081C70	thumb	GetTrainerApproachDistanceSouth
0x08081CC0	thumb	GetTrainerApproachDistanceNorth
0x08081D04	thumb	GetTrainerApproachDistanceWest
0x08081D48	thumb	GetTrainerApproachDistanceEast
0x08081D8C	thumb	CheckPathBetweenTrainerAndPlayer
0x08081E3C	thumb	TrainerApproachPlayer
0x08081E70	thumb	StartTrainerApproachWithFollowupTask
0x08081EB0	thumb	Task_RunTrainerSeeFuncList
0x08081F08	thumb	TrainerSeeFunc_Dummy
0x08081F0C	thumb	TrainerSeeFunc_StartExclMark
0x08081F64	thumb	TrainerSeeFunc_WaitExclMark
0x08081FA4	thumb	TrainerSeeFunc_TrainerApproach
0x08082000	thumb	TrainerSeeFunc_PrepareToEngage
0x08082090	thumb	TrainerSeeFunc_End
0x080820D4	thumb	TrainerSeeFunc_BeginRemoveDisguise
0x08082108	thumb	TrainerSeeFunc_WaitRemoveDisguise
0x08082124	thumb	TrainerSeeFunc_TrainerInAshFacesPlayer
0x08082158	thumb	TrainerSeeFunc_BeginJumpOutOfAsh
0x080821B0	thumb	TrainerSeeFunc_WaitJumpOutOfAsh
0x08082224	thumb	TrainerSeeFunc_EndJumpOutOfAsh
0x08082240	thumb	TrainerSeeFunc_OffscreenAboveTrainerCreateCameraObj
0x080822A0	thumb	TrainerSeeFunc_OffscreenAboveTrainerCameraObjMoveUp
0x08082350	thumb	TrainerSeeFunc_OffscreenAboveTrainerCameraObjMoveDown
0x08082410	thumb	Task_RevealTrainer_RunTrainerSeeFuncList
0x080824C0	thumb	MovementAction_RevealTrainer_RunTrainerSeeFuncList
0x080824F4	thumb	EndTrainerApproach
0x08082504	thumb	Task_DestroyTrainerApproachTask
0x08082518	thumb	FldEff_ExclamationMarkIcon1
0x08082550	thumb	FldEff_DoubleExclMarkIcon
0x08082588	thumb	FldEff_XIcon
0x080825C0	thumb	FldEff_SmileyFaceIcon
0x080825F8	thumb	FldEff_QuestionMarkIcon
0x08082630	thumb	SetIconSpriteData
0x0808267C	thumb	SpriteCB_TrainerIcons
0x08082714	thumb	DisableWildEncounters
0x08082720	thumb	ChooseWildMonIndex_Land
0x080827DC	thumb	ChooseWildMonIndex_WaterRock
0x08082830	thumb	ChooseWildMonIndex_Fishing
0x080828CC	thumb	ChooseWildMonLevel
0x08082908	thumb	GetCurrentMapWildMonHeaderId
0x08082994	thumb	UnlockedTanobyOrAreNotInTanoby
0x080829D0	thumb	GenerateWildMon
0x08082A5C	thumb	GenerateUnownPersonalityByLetter
0x08082A8C	thumb	GetUnownLetterByPersonalityLoByte
0x08082AC0	thumb	TryGenerateWildMon
0x08082B38	thumb	GenerateFishingEncounter
0x08082B74	thumb	DoWildEncounterRateDiceRoll
0x08082BA0	thumb	DoWildEncounterRateTest
0x08082C2C	thumb	GetAbilityEncounterRateModType
0x08082C6C	thumb	DoGlobalWildEncounterDiceRoll
0x08082C90	thumb	StandardWildEncounter
0x08082E28	thumb	RockSmashWildEncounter
0x08082E94	thumb	SweetScentWildEncounter
0x08082F4C	thumb	DoesCurrentMapHaveFishingMons
0x08082F84	thumb	FishingWildEncounter
0x08082FBC	thumb	GetLocalWildMon
0x08083048	thumb	GetLocalWaterMon
0x0808308C	thumb	UpdateRepelCounter
0x080830E0	thumb	IsWildLevelAllowedByRepel
0x08083148	thumb	ApplyFluteEncounterRateMod
0x08083174	thumb	GetFluteEncounterRateModType
0x080831AC	thumb	ApplyCleanseTagEncounterRateMod
0x080831CC	thumb	IsLeadMonHoldingCleanseTag
0x080831E8	thumb	SeedWildEncounterRng
0x08083200	thumb	WildEncounterRandom
0x08083220	thumb	GetMapBaseEncounterCooldown
0x080832A8	thumb	ResetEncounterRateModifiers
0x080832B8	thumb	HandleWildEncounterCooldown
0x08083384	thumb	TryStandardWildEncounter
0x080833E4	thumb	AddToWildEncounterRateBuff
0x08083418	thumb	FieldEffectStart
0x08083460	thumb	FieldEffectCmd_loadtiles
0x08083474	thumb	FieldEffectCmd_loadfadedpal
0x08083488	thumb	FieldEffectCmd_loadpal
0x0808349C	thumb	FieldEffectCmd_callnative
0x080834B0	thumb	FieldEffectCmd_end
0x080834B4	thumb	FieldEffectCmd_loadgfx_callnative
0x080834DC	thumb	FieldEffectCmd_loadtiles_callnative
0x08083500	thumb	FieldEffectCmd_loadfadedpal_callnative
0x08083524	thumb	FieldEffectScript_ReadWord
0x0808353C	thumb	FieldEffectScript_LoadTiles
0x0808356C	thumb	ApplyGlobalFieldPaletteTint
0x080835E8	thumb	FieldEffectScript_LoadFadedPal
0x08083630	thumb	FieldEffectScript_LoadPal
0x0808366C	thumb	FieldEffectScript_CallNative
0x08083688	thumb	FieldEffectFreeGraphicsResources
0x080836AC	thumb	FieldEffectStop
0x080836C4	thumb	FieldEffectFreeTilesIfUnused
0x08083728	thumb	FieldEffectFreePaletteIfUnused
0x08083780	thumb	FieldEffectActiveListClear
0x080837A4	thumb	FieldEffectActiveListAdd
0x080837D0	thumb	FieldEffectActiveListRemove
0x08083800	thumb	FieldEffectActiveListContains
0x0808382C	thumb	CreateTrainerSprite
0x080838CC	thumb	LoadTrainerGfx_TrainerCard
0x08083904	thumb	AddNewGameBirchObject
0x08083944	thumb	CreateMonSprite_PicBox
0x080839A8	thumb	CreateMonSprite_FieldMove
0x08083A30	thumb	FreeResourcesAndDestroySprite
0x08083A5C	thumb	MultiplyInvertedPaletteRGBComponents
0x08083AE8	thumb	MultiplyPaletteRGBComponents
0x08083B60	thumb	FldEff_PokecenterHeal
0x08083BA4	thumb	Task_PokecenterHeal
0x08083BD4	thumb	PokecenterHealEffect_Init
0x08083C10	thumb	PokecenterHealEffect_WaitForBallPlacement
0x08083C4C	thumb	PokecenterHealEffect_WaitForBallFlashing
0x08083C74	thumb	PokecenterHealEffect_WaitForSoundAndEnd
0x08083CB4	thumb	FldEff_HallOfFameRecord
0x08083CF0	thumb	Task_HallOfFameRecord
0x08083D20	thumb	HallOfFameRecordEffect_Init
0x08083D48	thumb	HallOfFameRecordEffect_WaitForBallPlacement
0x08083D80	thumb	HallOfFameRecordEffect_WaitForBallFlashing
0x08083DA8	thumb	HallOfFameRecordEffect_WaitForSoundAndEnd
0x08083DE8	thumb	CreateGlowingPokeballsEffect
0x08083E44	thumb	SpriteCB_PokeballGlowEffect
0x08083E60	thumb	PokeballGlowEffect_PlaceBalls
0x08083EF8	thumb	PokeballGlowEffect_TryPlaySe
0x08083F2C	thumb	PokeballGlowEffect_FlashFirstThree
0x0808406C	thumb	PokeballGlowEffect_FlashLast
0x08084160	thumb	PokeballGlowEffect_WaitAfterFlash
0x0808417C	thumb	PokeballGlowEffect_Dummy
0x08084184	thumb	PokeballGlowEffect_WaitForSound
0x080841A8	thumb	PokeballGlowEffect_Idle
0x080841AC	thumb	SpriteCB_PokeballGlow
0x080841D4	thumb	CreatePokecenterMonitorSprite
0x08084220	thumb	SpriteCB_PokecenterMonitor
0x08084260	thumb	CreateHofMonitorSprite
0x08084280	thumb	SpriteCB_HallOfFameMonitor
0x0808429C	thumb	ReturnToFieldFromFlyMapSelect
0x080842BC	thumb	FieldCallback_UseFly
0x080842E4	thumb	Task_UseFly
0x08084364	thumb	FieldCallback_FlyIntoMap
0x080843CC	thumb	Task_FlyIntoMap
0x08084428	thumb	FieldCB_FallWarpExit
0x08084458	thumb	Task_FallWarpFieldEffect
0x08084490	thumb	FallWarpEffect_1
0x08084538	thumb	FallWarpEffect_2
0x08084554	thumb	FallWarpEffect_3
0x080845C8	thumb	FallWarpEffect_4
0x08084680	thumb	FallWarpEffect_5
0x0808469C	thumb	FallWarpEffect_6
0x080846DC	thumb	FallWarpEffect_7
0x08084758	thumb	StartEscalatorWarp
0x08084794	thumb	Task_EscalatorWarpFieldEffect
0x080847CC	thumb	EscalatorWarpEffect_1
0x080847F4	thumb	EscalatorWarpEffect_2
0x08084864	thumb	EscalatorWarpEffect_3
0x08084888	thumb	EscalatorWarpEffect_4
0x08084898	thumb	EscalatorWarpEffect_5
0x080848BC	thumb	EscalatorWarpEffect_6
0x080848CC	thumb	Escalator_AnimatePlayerGoingDown
0x08084918	thumb	Escalator_AnimatePlayerGoingUp
0x08084964	thumb	Escalator_BeginFadeOutToNewMap
0x08084974	thumb	Escalator_TransitionToWarpInEffect
0x080849C8	thumb	FieldCB_EscalatorWarpIn
0x080849F8	thumb	Task_EscalatorWarpInFieldEffect
0x08084A30	thumb	EscalatorWarpInEffect_1
0x08084AAC	thumb	EscalatorWarpInEffect_2
0x08084AEC	thumb	EscalatorWarpInEffect_3
0x08084B4C	thumb	EscalatorWarpInEffect_4
0x08084B8C	thumb	EscalatorWarpInEffect_5
0x08084BEC	thumb	EscalatorWarpInEffect_6
0x08084C10	thumb	EscalatorWarpInEffect_7
0x08084C74	thumb	FldEff_UseWaterfall
0x08084CAC	thumb	Task_UseWaterfall
0x08084CF8	thumb	waterfall_0_setup
0x08084D18	thumb	waterfall_1_do_anim_probably
0x08084D54	thumb	waterfall_2_wait_anim_finish_probably
0x08084D78	thumb	waterfall_3_move_player_probably
0x08084DA0	thumb	waterfall_4_wait_player_move_probably
0x08084DF8	thumb	FldEff_UseDive
0x08084E34	thumb	Task_UseDive
0x08084E6C	thumb	DiveFieldEffect_Init
0x08084E80	thumb	DiveFieldEffect_ShowMon
0x08084EA8	thumb	DiveFieldEffect_TryWarp
0x08084F00	thumb	StartLavaridgeGymB1FWarp
0x08084F18	thumb	Task_LavaridgeGymB1FWarp
0x08084F74	thumb	LavaridgeGymB1FWarpEffect_1
0x08084FAC	thumb	LavaridgeGymB1FWarpEffect_2
0x08084FE0	thumb	LavaridgeGymB1FWarpEffect_3
0x0808502C	thumb	LavaridgeGymB1FWarpEffect_4
0x08085120	thumb	LavaridgeGymB1FWarpEffect_5
0x0808513C	thumb	LavaridgeGymB1FWarpEffect_6
0x08085190	thumb	FieldCB_LavaridgeGymB1FWarpExit
0x080851BC	thumb	Task_LavaridgeGymB1FWarpExit
0x08085218	thumb	LavaridgeGymB1FWarpExitEffect_1
0x08085248	thumb	LavaridgeGymB1FWarpExitEffect_2
0x08085294	thumb	LavaridgeGymB1FWarpExitEffect_3
0x080852E8	thumb	LavaridgeGymB1FWarpExitEffect_4
0x08085320	thumb	FldEff_LavaridgeGymWarp
0x08085384	thumb	SpriteCB_AshLaunch
0x080853A0	thumb	StartLavaridgeGym1FWarp
0x080853B8	thumb	Task_LavaridgeGym1FWarp
0x08085414	thumb	LavaridgeGym1FWarpEffect_1
0x08085444	thumb	LavaridgeGym1FWarpEffect_2
0x080854C0	thumb	LavaridgeGym1FWarpEffect_3
0x080854F8	thumb	LavaridgeGym1FWarpEffect_4
0x08085520	thumb	LavaridgeGym1FWarpEffect_5
0x08085574	thumb	FldEff_PopOutOfAsh
0x080855D8	thumb	SpriteCB_PopOutOfAsh
0x080855F4	thumb	StartEscapeRopeFieldEffect
0x08085610	thumb	Task_EscapeRopeWarpOut
0x08085640	thumb	EscapeRopeWarpOutEffect_Init
0x08085664	thumb	EscapeRopeWarpOutEffect_Spin
0x08085740	thumb	SpinObjectEvent
0x080857C4	thumb	WarpOutObjectEventUpwards
0x08085878	thumb	WarpInObjectEventDownwards
0x080859A8	thumb	FieldCallback_EscapeRopeExit
0x080859F8	thumb	Task_EscapeRopeWarpIn
0x08085A28	thumb	EscapeRopeWarpInEffect_Init
0x08085A54	thumb	EscapeRopeWarpInEffect_Spin
0x08085B38	thumb	CreateTeleportFieldEffectTask
0x08085B4C	thumb	Task_DoTeleportFieldEffect
0x08085B7C	thumb	TeleportFieldEffectTask1
0x08085BA4	thumb	TeleportFieldEffectTask2
0x08085C34	thumb	TeleportFieldEffectTask3
0x08085D08	thumb	TeleportFieldEffectTask4
0x08085D5C	thumb	FieldCallback_TeleportIn
0x08085DB0	thumb	Task_DoTeleportInFieldEffect
0x08085DE0	thumb	TeleportInFieldEffectTask1
0x08085E6C	thumb	TeleportInFieldEffectTask2
0x08085F70	thumb	TeleportInFieldEffectTask3
0x08085FFC	thumb	FldEff_FieldMoveShowMon
0x08086058	thumb	FldEff_FieldMoveShowMonInit
0x080860B4	thumb	Task_ShowMon_Outdoors
0x080860E4	thumb	ShowMonEffect_Outdoors_1
0x08086154	thumb	ShowMonEffect_Outdoors_2
0x080861D0	thumb	ShowMonEffect_Outdoors_3
0x0808625C	thumb	ShowMonEffect_Outdoors_4
0x0808628C	thumb	ShowMonEffect_Outdoors_5
0x080862E0	thumb	ShowMonEffect_Outdoors_6
0x0808632C	thumb	ShowMonEffect_Outdoors_7
0x08086394	thumb	VBlankCB_ShowMonEffect_Outdoors
0x080863FC	thumb	LoadFieldMoveStreaksTilemapToVram
0x0808643C	thumb	Task_ShowMon_Indoors
0x0808646C	thumb	ShowMonEffect_Indoors_1
0x080864A8	thumb	ShowMonEffect_Indoors_2
0x08086528	thumb	ShowMonEffect_Indoors_3
0x08086594	thumb	ShowMonEffect_Indoors_4
0x080865C4	thumb	ShowMonEffect_Indoors_5
0x08086604	thumb	ShowMonEffect_Indoors_6
0x08086624	thumb	ShowMonEffect_Indoors_7
0x080866B4	thumb	VBlankCB_ShowMonEffect_Indoors
0x080866FC	thumb	AnimateIndoorShowMonBg
0x0808670C	thumb	SlideIndoorBannerOnscreen
0x080867C4	thumb	SlideIndoorBannerOffscreen
0x08086834	thumb	InitFieldMoveMonSprite
0x08086894	thumb	SpriteCB_FieldMoveMonSlideOnscreen
0x080868D8	thumb	SpriteCB_FieldMoveMonWaitAfterCry
0x080868F4	thumb	SpriteCB_FieldMoveMonSlideOffscreen
0x08086918	thumb	FldEff_UseSurf
0x08086964	thumb	Task_FldEffUseSurf
0x08086994	thumb	UseSurfEffect_1
0x080869F4	thumb	UseSurfEffect_2
0x08086A40	thumb	UseSurfEffect_3
0x08086A88	thumb	UseSurfEffect_4
0x08086B04	thumb	UseSurfEffect_5
0x08086B7C	thumb	FldEff_UseVsSeeker
0x08086BA4	thumb	Task_FldEffUseVsSeeker
0x08086BD4	thumb	UseVsSeekerEffect_1
0x08086BF8	thumb	UseVsSeekerEffect_2
0x08086C44	thumb	UseVsSeekerEffect_3
0x08086CC8	thumb	UseVsSeekerEffect_4
0x08086D0C	thumb	FldEff_NpcFlyOut
0x08086D68	thumb	SpriteCB_NPCFlyOut
0x08086DE4	thumb	FldEff_FlyOut
0x08086E14	thumb	Task_FlyOut
0x08086E44	thumb	FlyOutFieldEffect_FieldMovePose
0x08086E9C	thumb	FlyOutFieldEffect_ShowMon
0x08086EE0	thumb	FlyOutFieldEffect_BirdLeaveBall
0x08086F38	thumb	FlyOutFieldEffect_WaitBirdLeave
0x08086F7C	thumb	FlyOutFieldEffect_BirdSwoopDown
0x08086FD0	thumb	FlyOutFieldEffect_JumpOnBird
0x08087040	thumb	FlyOutFieldEffect_FlyOffWithBird
0x080870EC	thumb	FlyOutFieldEffect_WaitFlyOff
0x0808710C	thumb	FlyOutFieldEffect_End
0x0808713C	thumb	CreateFlyBirdSprite
0x08087180	thumb	GetFlyBirdAnimCompleted
0x0808719C	thumb	StartFlyBirdSwoopDown
0x080871D8	thumb	SetFlyBirdPlayerSpriteId
0x080871F4	thumb	SpriteCB_FlyBirdLeaveBall
0x080872C4	thumb	SpriteCB_FlyBirdSwoopDown
0x08087338	thumb	SpriteCB_FlyBirdReturnToBall
0x0808742C	thumb	StartFlyBirdReturnToBall
0x08087458	thumb	FldEff_FlyIn
0x0808746C	thumb	Task_FlyIn
0x0808749C	thumb	FlyInFieldEffect_BirdSwoopDown
0x0808759C	thumb	FlyInFieldEffect_FlyInWithBird
0x08087618	thumb	FlyInFieldEffect_JumpOffBird
0x0808766C	thumb	FlyInFieldEffect_FieldMovePose
0x080876E4	thumb	FlyInFieldEffect_BirdReturnToBall
0x0808771C	thumb	FlyInFieldEffect_WaitBirdReturn
0x08087754	thumb	FlyInFieldEffect_End
0x080877D0	thumb	DoBirdSpriteWithPlayerAffineAnim
0x080877FC	thumb	SpriteCB_FlyBirdWithPlayer
0x08087894	thumb	TryChangeBirdSprite
0x080878F8	thumb	FldEff_MoveDeoxysRock
0x080879AC	thumb	Task_MoveDeoxysRock_Step
0x08087A88	thumb	FldEff_DestroyDeoxysRock
0x08087AE8	thumb	Task_DeoxysRockCameraShake
0x08087B7C	thumb	StartEndingDeoxysRockCameraShake
0x08087B94	thumb	Task_DestroyDeoxysRock
0x08087BD4	thumb	DestroyDeoxysRockEffect_CameraShake
0x08087C00	thumb	DestroyDeoxysRockEffect_RockFragments
0x08087C88	thumb	DestroyDeoxysRockEffect_WaitAndEnd
0x08087CD0	thumb	CreateDeoxysRockFragments
0x08087D64	thumb	SpriteCB_DeoxysRockFragment
0x08087DD4	thumb	Task_PhotoFlash
0x08087DFC	thumb	FldEff_PhotoFlash
0x08087E38	thumb	ScanlineEffect_Stop
0x08087E78	thumb	ScanlineEffect_Clear
0x08087EB8	thumb	ScanlineEffect_SetParams
0x08087F28	thumb	ScanlineEffect_InitHBlankDmaTransfer
0x08087FB4	thumb	CopyValue16Bit
0x08087FD4	thumb	CopyValue32Bit
0x08087FF4	thumb	TaskFunc_UpdateWavePerFrame
0x080881BC	thumb	GenerateWave
0x08088204	thumb	ScanlineEffect_InitWave
0x08088330	thumb	CB2_InitOptionMenu
0x08088348	thumb	VBlankCB_OptionMenu
0x0808835C	thumb	CB2_OptionsMenuFromStartMenu
0x08088404	thumb	OptionMenu_InitCallbacks
0x08088418	thumb	OptionMenu_SetVBlankCallback
0x08088428	thumb	CB2_OptionMenu
0x080884E8	thumb	SetOptionMenuTask
0x08088504	thumb	InitOptionMenuBg
0x08088654	thumb	OptionMenu_PickSwitchCancel
0x080886A8	thumb	OptionMenu_ResetSpriteData
0x080886C4	thumb	LoadOptionMenuPalette
0x08088754	thumb	Task_OptionMenu
0x08088894	thumb	OptionMenu_ProcessInput
0x0808897C	thumb	BufferOptionMenuString
0x08088AD4	thumb	CloseAndSaveOptionMenu
0x08088BA4	thumb	PrintOptionMenuHeader
0x08088BE0	thumb	DrawOptionMenuBg
0x08088D60	thumb	LoadOptionMenuItemNames
0x08088DB4	thumb	UpdateSettingSelectionDisplay
0x08088DF4	thumb	GetPokedexCategoryName
0x08088E0C	thumb	GetPokedexHeightWeight
0x08088E48	thumb	GetSetPokedexFlag
0x08088E60	thumb	GetNationalPokedexCount
0x08088EB0	thumb	GetKantoPokedexCount
0x08088EF8	thumb	HasAllHoennMons
0x08088F2C	thumb	HasAllKantoMons
0x08088F58	thumb	HasAllMons
0x08088FC4	thumb	VBlankCB_TrainerCard
0x08089008	thumb	HBlankCB_TrainerCard
0x08089044	thumb	CB2_TrainerCard
0x0808905C	thumb	CloseTrainerCard
0x08089094	thumb	Task_TrainerCard
0x080893F8	thumb	LoadCardGfx
0x0808958C	thumb	CB2_InitTrainerCard
0x08089718	thumb	GetCappedGameStat
0x08089730	thumb	GetTrainerStarCount
0x08089770	thumb	SetPlayerCardData
0x080898BC	thumb	TrainerCard_GenerateCardForLinkPlayer
0x08089A68	thumb	SetDataFromTrainerCard
0x08089B38	thumb	HandleGpuRegs
0x08089BAC	thumb	UpdateCardFlipRegs
0x08089C10	thumb	ResetGpuRegs
0x08089C2C	thumb	TrainerCardNull
0x08089C30	thumb	DmaClearOam
0x08089C54	thumb	DmaClearPltt
0x08089C78	thumb	ResetBgRegs
0x08089CE0	thumb	InitBgsAndWindows
0x08089D60	thumb	SetTrainerCardCB2
0x08089D78	thumb	SetUpTrainerCardTask
0x08089D9C	thumb	PrintAllOnCardFront
0x08089E14	thumb	PrintAllOnCardBack
0x08089EA0	thumb	BufferTextForCardBack
0x08089EC0	thumb	PrintNameOnCardFront
0x08089F4C	thumb	PrintIdOnCard
0x08089FC0	thumb	PrintMoneyOnCard
0x0808A0B4	thumb	GetCaughtMonsCount
0x0808A0D4	thumb	PrintPokedexOnCard
0x0808A200	thumb	PrintTimeOnCard
0x0808A3A4	thumb	PrintProfilePhraseOnCard
0x0808A47C	thumb	BufferNameForCardBack
0x0808A4D0	thumb	PrintNameOnCardBack
0x0808A58C	thumb	BufferHofDebutTime
0x0808A628	thumb	PrintHofDebutTimeOnCard
0x0808A69C	thumb	BufferLinkBattleResults
0x0808A734	thumb	PrintLinkBattleResultsOnCard
0x0808A7E4	thumb	BufferNumTrades
0x0808A828	thumb	PrintTradesStringOnCard
0x0808A8A4	thumb	BufferBerryCrushPoints
0x0808A8F0	thumb	PrintBerryCrushStringOnCard
0x0808A978	thumb	BufferUnionRoomStats
0x0808A9C4	thumb	PrintUnionStringOnCard
0x0808AA4C	thumb	PrintPokemonIconsOnCard
0x0808AAE4	thumb	LoadMonIconGfx
0x0808ABB4	thumb	PrintStickersOnCard
0x0808AC40	thumb	LoadStickerGfx
0x0808AC9C	thumb	DrawTrainerCardWindow
0x0808ACB8	thumb	SetTrainerCardBgsAndPals
0x0808AE68	thumb	DrawCardScreenBackground
0x0808AED8	thumb	DrawCardFrontOrBack
0x0808AF48	thumb	DrawStarsAndBadgesOnCard
0x0808B064	thumb	DrawCardBackStats
0x0808B154	thumb	BlinkTimeColon
0x0808B190	thumb	GetTrainerCardStars
0x0808B1A8	thumb	FlipTrainerCard
0x0808B1D0	thumb	IsCardFlipTaskActive
0x0808B1F0	thumb	Task_DoCardFlipTask
0x0808B228	thumb	Task_BeginCardFlip
0x0808B268	thumb	Task_AnimateCardFlipDown
0x0808B398	thumb	Task_DrawFlippedCardSide
0x0808B4AC	thumb	Task_SetCardFlipped
0x0808B514	thumb	Task_AnimateCardFlipUp
0x0808B640	thumb	Task_EndCardFlip
0x0808B66C	thumb	ShowPlayerTrainerCard
0x0808B6D4	thumb	ShowTrainerCardInLink
0x0808B748	thumb	InitTrainerCardData
0x0808B7D4	thumb	GetCardType
0x0808B80C	thumb	CreateTrainerCardTrainerPic
0x0808B920	thumb	Unref_InitTrainerCard
0x0808B934	thumb	Unref_InitTrainerCardLink
0x0808B964	thumb	Unref_InitTrainerCardLink2
0x0808B994	thumb	BackupPokemonStorage
0x0808B9AC	thumb	RestorePokemonStorage
0x0808B9C8	thumb	StorageGetCurrentBox
0x0808B9D4	thumb	SetCurrentBox
0x0808B9EC	thumb	GetBoxMonDataAt
0x0808BA30	thumb	SetBoxMonDataAt
0x0808BA74	thumb	GetCurrentBoxMonData
0x0808BA94	thumb	SetCurrentBoxMonData
0x0808BAB8	thumb	GetBoxMonNickAt
0x0808BB00	thumb	SetBoxMonNickAt
0x0808BB40	thumb	GetAndCopyBoxMonDataAt
0x0808BB88	thumb	SetBoxMonAt
0x0808BBC8	thumb	CopyBoxMonAt
0x0808BC08	thumb	CreateBoxMonAt
0x0808BC88	thumb	ZeroBoxMonAt
0x0808BCC4	thumb	BoxMonAtToMon
0x0808BD04	thumb	GetBoxedMonPtr
0x0808BD40	thumb	GetBoxNamePtr
0x0808BD68	thumb	GetBoxWallpaper
0x0808BD90	thumb	SetBoxWallpaper
0x0808BDBC	thumb	SeekToNextMonInBox
0x0808BE88	thumb	DrawTextWindowAndBufferTiles
0x0808BFB4	thumb	PrintStringToBufferCopyNow
0x0808C0A8	thumb	CountMonsInBox
0x0808C0DC	thumb	GetFirstFreeBoxSpot
0x0808C110	thumb	CountPartyNonEggMons
0x0808C158	thumb	CountPartyAliveNonEggMonsExcept
0x0808C1B4	thumb	CountPartyAliveNonEggMons_IgnoreVar0x8004Slot
0x0808C1CC	thumb	CountPartyMons
0x0808C204	thumb	StringCopyAndFillWithSpaces
0x0808C230	thumb	UnusedWriteRectCpu
0x0808C2AC	thumb	UnusedWriteRectDma
0x0808C370	thumb	Task_PCMainMenu
0x0808C67C	thumb	ShowPokemonStorageSystemPC
0x0808C6AC	thumb	FieldTask_ReturnToPcMenu
0x0808C700	thumb	CreatePCMainMenu
0x0808C788	thumb	CB2_ExitPokeStorage
0x0808C7B4	thumb	ResetPokemonStorageSystem
0x0808C828	thumb	LoadChooseBoxMenuGfx
0x0808C8D0	thumb	FreeBoxSelectionPopupSpriteGfx
0x0808C914	thumb	CreateChooseBoxMenuSprites
0x0808C924	thumb	DestroyChooseBoxMenuSprites
0x0808C930	thumb	HandleBoxChooseSelectionInput
0x0808C998	thumb	ChooseBoxMenu_CreateSprites
0x0808CB78	thumb	ChooseBoxMenu_DestroySprites
0x0808CBE4	thumb	ChooseBoxMenu_MoveRight
0x0808CC18	thumb	ChooseBoxMenu_MoveLeft
0x0808CC48	thumb	ChooseBoxMenu_PrintBoxNameAndCount
0x0808CCD0	thumb	ChooseBoxMenu_PrintTextToSprite
0x0808CD38	thumb	SpriteCB_ChooseBoxArrow
0x0808CD6C	thumb	VBlankCB_PokeStorage
0x0808CD98	thumb	CB2_PokeStorage
0x0808CDB8	thumb	EnterPokeStorage
0x0808CE34	thumb	CB2_ReturnToPokeStorage
0x0808CE9C	thumb	ResetAllBgCoords
0x0808CEE4	thumb	ResetForPokeStorage
0x0808CF68	thumb	InitStartingPosData
0x0808CF98	thumb	SetMonIconTransparency
0x0808CFCC	thumb	SetPokeStorageTask
0x0808CFF4	thumb	Task_InitPokeStorage
0x0808D1F4	thumb	Task_ShowPokeStorage
0x0808D240	thumb	Task_ReshowPokeStorage
0x0808D290	thumb	Task_PokeStorageMain
0x0808D790	thumb	Task_ShowPartyPokemon
0x0808D7D0	thumb	Task_HidePartyPokemon
0x0808D84C	thumb	Task_OnSelectedMon
0x0808DB68	thumb	Task_MoveMon
0x0808DBC4	thumb	Task_PlaceMon
0x0808DC24	thumb	Task_ShiftMon
0x0808DC70	thumb	Task_WithdrawMon
0x0808DD5C	thumb	Task_DepositMenu
0x0808DEA0	thumb	Task_ReleaseMon
0x0808E090	thumb	Task_ShowMarkMenu
0x0808E114	thumb	Task_TakeItemForMoving
0x0808E1C8	thumb	Task_GiveMovingItemToMon
0x0808E284	thumb	Task_ItemToBag
0x0808E39C	thumb	Task_SwitchSelectedItem
0x0808E484	thumb	Task_ShowItemInfo
0x0808E538	thumb	Task_CloseBoxWhileHoldingItem
0x0808E65C	thumb	Task_HandleMovingMonFromParty
0x0808E6A4	thumb	Task_PrintCantStoreMail
0x0808E718	thumb	Task_HandleBoxOptions
0x0808E810	thumb	Task_HandleWallpapers
0x0808E974	thumb	Task_JumpBox
0x0808EA64	thumb	Task_NameBox
0x0808EAC4	thumb	Task_ShowMonSummary
0x0808EB24	thumb	Task_GiveItemFromBag
0x0808EB84	thumb	Task_OnCloseBoxPressed
0x0808ECB8	thumb	Task_OnBPressed
0x0808EDEC	thumb	Task_ChangeScreen
0x0808EEE0	thumb	GiveChosenBagItem
0x0808EF3C	thumb	FreePokeStorageData
0x0808EF60	thumb	SetScrollingBackground
0x0808EF9C	thumb	ScrollBackground
0x0808EFB8	thumb	LoadPokeStorageMenuGfx
0x0808F018	thumb	InitPokeStorageWindows
0x0808F03C	thumb	LoadsMiscSpritePalette
0x0808F04C	thumb	InitPalettesAndSprites
0x0808F0C8	thumb	CreateMarkingComboSprite
0x0808F138	thumb	CreateWaveformSprites
0x0808F1A4	thumb	RefreshDisplayMonData
0x0808F1D4	thumb	StartDisplayMonMosaic
0x0808F22C	thumb	IsDisplayMonMosaicActive
0x0808F248	thumb	SpriteCB_DisplayMonMosaic
0x0808F290	thumb	CreateDisplayMonSprite
0x0808F3CC	thumb	LoadDisplayMonGfx
0x0808F470	thumb	PrintDisplayMonInfo
0x0808F5BC	thumb	UpdateWaveformAnimation
0x0808F660	thumb	InitSupplementalTilemaps
0x0808F730	thumb	SetUpShowPartyMenu
0x0808F768	thumb	ShowPartyMenu
0x0808F7E4	thumb	SetUpHidePartyMenu
0x0808F824	thumb	HidePartyMenu
0x0808F8E0	thumb	UpdateCloseBoxButtonTilemap
0x0808F91C	thumb	StartFlashingCloseBoxButton
0x0808F948	thumb	StopFlashingCloseBoxButton
0x0808F970	thumb	UpdateCloseBoxButtonFlash
0x0808F9D0	thumb	SetPartySlotTilemaps
0x0808FA04	thumb	SetPartySlotTilemap
0x0808FA7C	thumb	UpdatePartySlotColors
0x0808FAA8	thumb	SetUpDoShowPartyMenu
0x0808FACC	thumb	DoShowPartyMenu
0x0808FB3C	thumb	InitPokeStorageBg0
0x0808FB78	thumb	PrintStorageMessage
0x0808FCBC	thumb	ShowYesNoWindow
0x0808FCF4	thumb	ClearBottomWindow
0x0808FD08	thumb	AddWallpaperSetsMenu
0x0808FD30	thumb	AddWallpapersMenu
0x0808FDC4	thumb	GetCurrentBoxOption
0x0808FDD0	thumb	InitCursorItemIcon
0x0808FE28	thumb	SetPokeStorageQuestLogEvent
0x0808FF44	thumb	UpdateBoxToSendMons
0x0808FF80	thumb	InitMonIconFields
0x0809002C	thumb	GetMonIconPriorityByCursorArea
0x08090044	thumb	CreateMovingMonIcon
0x080900A8	thumb	InitBoxMonSprites
0x080901C0	thumb	CreateBoxMonIconAtPos
0x08090270	thumb	StartBoxMonIconsScrollOut
0x080902B4	thumb	SpriteCB_BoxMonIconScrollIn
0x080902F8	thumb	SpriteCB_BoxMonIconScrollOut
0x08090330	thumb	DestroyAllIconsInColumn
0x08090378	thumb	CreateBoxMonIconsInColumn
0x08090548	thumb	InitBoxMonIconScroll
0x08090600	thumb	UpdateBoxMonIconScroll
0x08090768	thumb	SetBoxSpeciesAndPersonalities
0x080907F0	thumb	DestroyBoxMonIconAtPosition
0x08090824	thumb	SetBoxMonIconObjMode
0x08090860	thumb	CreatePartyMonsSprites
0x080909C8	thumb	CompactPartySprites
0x08090A34	thumb	GetNumPartySpritesCompacting
0x08090A48	thumb	MovePartySpriteToNextSlot
0x08090AB4	thumb	SpriteCB_MovePartySpriteToNextSlot
0x08090B40	thumb	DestroyMovingMonIcon
0x08090B6C	thumb	MovePartySprites
0x08090BE4	thumb	DestroyPartyMonIcon
0x08090C18	thumb	DestroyAllPartyMonIcons
0x08090C58	thumb	SetPartyMonIconObjMode
0x08090C94	thumb	SetMovingMonSprite
0x08090D2C	thumb	SetPlacedMonSprite
0x08090DDC	thumb	SetShiftMonSpritePtr
0x08090E48	thumb	ShiftMons
0x08090F98	thumb	DoReleaseMonAnim
0x08091058	thumb	TryHideReleaseMonSprite
0x080910A0	thumb	DestroyReleaseMonIcon
0x080910E8	thumb	DoReleaseMonComeBackAnim
0x08091124	thumb	ResetReleaseMonSpritePtr
0x08091158	thumb	SetMovingMonPriority
0x08091184	thumb	SpriteCB_HeldMon
0x080911A8	thumb	TryLoadMonIconTiles
0x08091264	thumb	RemoveSpeciesFromIconList
0x080912B4	thumb	CreateMonIconSprite
0x08091398	thumb	DestroyBoxMonIcon
0x080913B0	thumb	CreateInitBoxTask
0x080913E0	thumb	IsInitBoxActive
0x080913F4	thumb	Task_InitBox
0x080914E8	thumb	SetUpScrollToBox
0x080915D0	thumb	ScrollToBox
0x080916C8	thumb	DetermineBoxScrollDirection
0x08091704	thumb	SetWallpaperForCurrentBox
0x08091734	thumb	DoWallpaperGfxChange
0x08091824	thumb	LoadWallpaperGfx
0x08091940	thumb	WaitForWallpaperGfxLoad
0x08091958	thumb	DrawWallpaper
0x080919F8	thumb	TrimOldWallpaper
0x08091A68	thumb	InitBoxTitle
0x08091C1C	thumb	CreateIncomingBoxTitle
0x08091E08	thumb	CycleBoxTitleSprites
0x08091E58	thumb	SpriteCB_IncomingBoxTitle
0x08091E8C	thumb	SpriteCB_OutgoingBoxTitle
0x08091EC4	thumb	CycleBoxTitleColor
0x08091F34	thumb	GetBoxTitleBaseX
0x08091F54	thumb	CreateBoxScrollArrows
0x08091FE0	thumb	StartBoxScrollArrowsSlide
0x08092080	thumb	StopBoxScrollArrowsSlide
0x080920D0	thumb	AnimateBoxScrollArrows
0x08092138	thumb	SpriteCB_BoxScrollArrow
0x08092210	thumb	CreateChooseBoxArrows
0x08092294	thumb	InitCursor
0x08092314	thumb	InitCursorOnReopen
0x0809236C	thumb	GetCursorCoordsByPos
0x0809242C	thumb	GetSpeciesAtCursorPosition
0x0809247C	thumb	UpdateCursorPos
0x080925D8	thumb	InitNewCursorPos
0x08092634	thumb	InitCursorMove
0x080927BC	thumb	SetCursorPosition
0x08092984	thumb	DoCursorNewPosUpdate
0x08092AB8	thumb	SetCursorInParty
0x08092B10	thumb	SetCursorBoxPosition
0x08092B24	thumb	ClearSavedCursorPos
0x08092B30	thumb	SaveCursorPos
0x08092B44	thumb	GetSavedCursorPos
0x08092B50	thumb	InitMonPlaceChange
0x08092B80	thumb	InitMultiMonPlaceChange
0x08092BCC	thumb	DoMonPlaceChange
0x08092BEC	thumb	MonPlaceChange_Grab
0x08092C78	thumb	MonPlaceChange_Place
0x08092CF4	thumb	MonPlaceChange_Shift
0x08092DD4	thumb	MonPlaceChange_DoMoveCursorDown
0x08092DE4	thumb	MonPlaceChange_DoMoveCursorUp
0x08092DF4	thumb	MonPlaceChange_MoveCursorDown
0x08092E28	thumb	MonPlaceChange_MoveCursorUp
0x08092E54	thumb	MoveMon
0x08092EC8	thumb	PlaceMon
0x08092F28	thumb	DoTrySetDisplayMonData
0x08092F34	thumb	SetMovedMonData
0x08092FA8	thumb	SetPlacedMonData
0x08093004	thumb	PurgeMonOrBoxMon
0x0809302C	thumb	SetShiftedMonData
0x080930B8	thumb	TryStorePartyMonInBox
0x08093148	thumb	ResetSelectionAfterDeposit
0x08093168	thumb	InitReleaseMon
0x080931C0	thumb	TryHideReleaseMon
0x080931EC	thumb	ReleaseMon
0x08093238	thumb	TrySetCursorFistAnim
0x08093260	thumb	InitCanReleaseMonVars
0x080933F4	thumb	RunCanReleaseMon
0x08093604	thumb	SaveMovingMon
0x08093634	thumb	LoadSavedMovingMon
0x0809368C	thumb	InitSummaryScreenData
0x08093788	thumb	SetSelectionAfterSummaryScreen
0x080937B0	thumb	CompactPartySlots
0x0809384C	thumb	SetMonMarkings
0x080938D4	thumb	CanMovePartyMon
0x08093910	thumb	CanShiftMon
0x08093974	thumb	IsMonBeingMoved
0x08093980	thumb	IsCursorOnBoxTitle
0x0809399C	thumb	IsCursorOnCloseBox
0x080939C8	thumb	IsCursorInBox
0x080939E4	thumb	TrySetDisplayMonData
0x08093A80	thumb	ReshowDisplayMon
0x08093AA4	thumb	SetDisplayMonData
0x08093F6C	thumb	HandleInput_InBox
0x08093FA8	thumb	HandleInput_InBox_Normal
0x08094214	thumb	HandleInput_InBox_GrabbingMultiple
0x0809434C	thumb	HandleInput_InBox_MovingMultiple
0x08094460	thumb	HandleInput_InParty
0x08094680	thumb	HandleInput_BoxTitle
0x08094774	thumb	HandleInput_OnButtons
0x08094888	thumb	HandleInput
0x080948D4	thumb	AddBoxMenu
0x080948F8	thumb	SetSelectionMenuTexts
0x08094920	thumb	SetMenuTextsForMon
0x080949E0	thumb	SetMenuTextsForItem
0x08094A8C	thumb	SpriteCB_CursorShadow
0x08094AAC	thumb	CreateCursorSprites
0x08094C58	thumb	ToggleCursorMultiMoveMode
0x08094C9C	thumb	GetBoxCursorPosition
0x08094CA8	thumb	GetCursorBoxColumnAndRow
0x08094CE8	thumb	StartCursorAnim
0x08094D08	thumb	GetMovingMonOriginalBoxId
0x08094D14	thumb	SetCursorPriorityTo1
0x08094D34	thumb	TryHideItemAtCursor
0x08094D58	thumb	TryShowItemAtCursor
0x08094D7C	thumb	InitMenu
0x08094DC0	thumb	SetMenuText
0x08094E24	thumb	GetMenuItemTextId
0x08094E5C	thumb	AddMenu
0x08094F64	thumb	IsMenuLoading
0x08094F68	thumb	HandleMenuInput
0x08094FF8	thumb	RemoveMenu
0x08095024	thumb	MultiMove_Init
0x08095078	thumb	MultiMove_Free
0x08095090	thumb	MultiMove_SetFunction
0x080950A4	thumb	MultiMove_RunFunction
0x0809510C	thumb	MultiMove_Function_Start
0x08095208	thumb	MultiMove_Function_Single
0x08095274	thumb	MultiMove_Function_ChangeSelection
0x080952E8	thumb	MultiMove_Function_GrabSelection
0x08095368	thumb	MultiMove_Function_MoveMons
0x08095390	thumb	MultiMove_Function_PlaceMons
0x08095448	thumb	MultiMove_TryMoveGroup
0x080954F4	thumb	MultiMove_UpdateSelectedIcons
0x08095598	thumb	MultiMove_SelectColumn
0x080955D0	thumb	MultiMove_SelectRow
0x08095608	thumb	MultiMove_DeselectColumn
0x08095640	thumb	MultiMove_DeselectRow
0x08095678	thumb	MultiMove_SetIconToBg
0x08095700	thumb	MultiMove_ClearIconFromBg
0x08095754	thumb	MultiMove_InitBg
0x08095764	thumb	MultiMove_UpdateBg
0x0809579C	thumb	MultiMove_GetMonsFromSelection
0x08095874	thumb	MultiMove_RemoveMonsFromBox
0x080958EC	thumb	MultiMove_CreatePlacedMonIcons
0x0809597C	thumb	MultiMove_SetPlacedMonData
0x08095A2C	thumb	MultiMove_ResetBg
0x08095A74	thumb	MultiMove_GetOriginPosition
0x08095A90	thumb	MultiMove_CanPlaceSelection
0x08095B30	thumb	CreateItemIconSprites
0x08095C58	thumb	TryLoadItemIconAtPos
0x08095D18	thumb	TryHideItemIconAtPos
0x08095D58	thumb	Item_FromMonToMoving
0x08095E00	thumb	InitItemIconInCursor
0x08095E74	thumb	Item_SwitchMonsWithMoving
0x08095F48	thumb	Item_GiveMovingToMon
0x08095FDC	thumb	Item_TakeMons
0x0809605C	thumb	MoveItemFromCursorToBag
0x08096094	thumb	MoveHeldItemWithPartyMenu
0x080960E0	thumb	IsItemIconAnimActive
0x08096140	thumb	IsActiveItemMoving
0x0809617C	thumb	GetMovingItemName
0x08096198	thumb	GetMovingItem
0x080961AC	thumb	GetNewItemIconIdx
0x080961E4	thumb	IsItemIconAtPosition
0x0809622C	thumb	GetItemIconIdxByPosition
0x0809627C	thumb	GetItemIconIdxBySprite
0x080962C4	thumb	SetItemIconPosition
0x080963DC	thumb	LoadItemIconGfx
0x0809648C	thumb	SetItemIconAffineAnim
0x080964BC	thumb	SetItemIconCallback
0x080965F8	thumb	SetItemIconActive
0x08096648	thumb	GetItemIconPic
0x08096658	thumb	GetItemIconPalette
0x08096668	thumb	PrintItemDescription
0x080966C8	thumb	InitItemInfoWindow
0x080966FC	thumb	UpdateItemInfoWindowSlideIn
0x08096794	thumb	UpdateItemInfoWindowSlideOut
0x0809686C	thumb	DrawItemInfoWindow
0x08096900	thumb	SpriteCB_ItemIcon_WaitAnim
0x0809692C	thumb	SpriteCB_ItemIcon_ToHand
0x08096990	thumb	SpriteCB_ItemIcon_SetPosToCursor
0x080969C8	thumb	SpriteCB_ItemIcon_ToMon
0x08096A48	thumb	SpriteCB_ItemIcon_SwapToHand
0x08096AE4	thumb	SpriteCB_ItemIcon_SwapToMon
0x08096B80	thumb	SpriteCB_ItemIcon_HideParty
0x08096BB8	thumb	UnkUtil_Init
0x08096BCC	thumb	UnkUtil_Run
0x08096C14	thumb	UnkUtil_CpuAdd
0x08096CB0	thumb	UnkUtil_CpuRun
0x08096CE8	thumb	UnkUtil_DmaAdd
0x08096D44	thumb	UnkUtil_DmaRun
0x08096DEC	thumb	CreateMonIcon
0x08096EA0	thumb	CreateMonIcon_HandleDeoxys
0x08096F30	thumb	GetIconSpecies
0x08096F6C	thumb	GetUnownLetterByPersonality
0x08096FA8	thumb	MailSpeciesToIconSpecies
0x08096FFC	thumb	GetMonIconTiles
0x08097028	thumb	GetMonIconPtr
0x08097044	thumb	DestroyMonIcon
0x08097050	thumb	LoadMonIconPalettes
0x08097074	thumb	SafeLoadMonIconPalette
0x080970B4	thumb	LoadMonIconPalette
0x080970E8	thumb	FreeMonIconPalettes
0x0809710C	thumb	SafeFreeMonIconPalette
0x0809713C	thumb	FreeMonIconPalette
0x08097160	thumb	SpriteCB_MonIcon
0x0809716C	thumb	LoadMonIconPalettesAt
0x080971A0	thumb	GetValidMonIconPalettePtr
0x080971CC	thumb	GetValidMonIconPalIndex
0x080971EC	thumb	GetMonIconPaletteIndexFromSpecies
0x080971FC	thumb	UpdateMonIconFrame
0x080972D4	thumb	CreateMonIconSprite
0x080973AC	thumb	DestroyMonIconInternal
0x080973E8	thumb	SetPartyHPBarSprite
0x08097408	thumb	ScriptMovement_StartObjectMovementScript
0x08097460	thumb	ScriptMovement_IsObjectMovementFinished
0x080974AC	thumb	ScriptMovement_UnfreezeObjectEvents
0x080974CC	thumb	ScriptMovement_StartMoveObjects
0x08097514	thumb	GetMoveObjectsTaskId
0x08097528	thumb	ScriptMovement_TryAddNewMovement
0x08097594	thumb	GetMovementScriptIdFromObjectEventId
0x080975D0	thumb	LoadObjectEventIdPtrFromMovementScript
0x08097604	thumb	SetObjectEventIdAtMovementScript
0x08097628	thumb	LoadObjectEventIdFromMovementScript
0x0809764C	thumb	ClearMovementScriptFinished
0x0809767C	thumb	SetMovementScriptFinished
0x080976A4	thumb	IsMovementScriptFinished
0x080976DC	thumb	SetMovementScript
0x080976EC	thumb	GetMovementScript
0x080976FC	thumb	ScriptMovement_AddNewMovement
0x0809773C	thumb	ScriptMovement_UnfreezeActiveObjects
0x08097780	thumb	ScriptMovement_MoveObjects
0x080977C4	thumb	ScriptMovement_TakeStep
0x08097848	thumb	MetatileAtCoordsIsGrassTile
0x0809786C	thumb	SetUpFieldMove_Cut
0x08097958	thumb	FieldCallback_CutGrass
0x08097974	thumb	FldEff_UseCutOnGrass
0x080979A4	thumb	FieldCallback_CutTree
0x080979C4	thumb	FldEff_UseCutOnTree
0x080979F4	thumb	FieldMoveCallback_CutGrass
0x08097A1C	thumb	FldEff_CutGrass
0x08097B24	thumb	SetCutGrassMetatileAt
0x08097B7C	thumb	SpriteCallback_CutGrass_Init
0x08097B90	thumb	SpriteCallback_CutGrass_Run
0x08097BEC	thumb	SpriteCallback_CutGrass_Cleanup
0x08097C40	thumb	FieldMoveCallback_CutTree
0x08097C58	thumb	ClearMailData
0x08097C88	thumb	ClearMailStruct
0x08097CDC	thumb	MonHasMail
0x08097D0C	thumb	GiveMailToMon
0x08097ED4	thumb	SpeciesToMailSpecies
0x08097EF4	thumb	MailSpeciesToSpecies
0x08097F18	thumb	GiveMailToMon2
0x08097F88	thumb	DummyMailFunc
0x08097F8C	thumb	TakeMailFromMon
0x08097FEC	thumb	ClearMailItemId
0x08098010	thumb	TakeMailFromMon2
0x080980CC	thumb	ItemIsMail
0x080980E4	thumb	ShowMapNamePopup
0x08098180	thumb	Task_MapNamePopup
0x080982C0	thumb	DismissMapNamePopup
0x080982F4	thumb	IsMapNamePopupTaskActive
0x08098314	thumb	MapNamePopupCreateWindow
0x080983D4	thumb	MapNamePopupPrintMapNameOnWindow
0x08098450	thumb	MapNamePopupAppendFloorNum
0x080984AC	thumb	ResetItemMenuIconState
0x080984D0	thumb	CreateBagSprite
0x080984FC	thumb	SetBagVisualPocketId
0x08098534	thumb	SpriteCB_BagVisualSwitchingPockets
0x08098554	thumb	ShakeBagSprite
0x08098590	thumb	SpriteCB_ShakeBagSprite
0x080985B8	thumb	CreateSwapLine
0x08098634	thumb	SetSwapLineInvisibility
0x0809867C	thumb	UpdateSwapLinePos
0x080986C0	thumb	TryAllocItemIconTilesBuffers
0x08098700	thumb	CopyItemIconPicTo4x4Buffer
0x0809872C	thumb	AddItemIconObject
0x080987F0	thumb	AddItemIconObjectWithCustomObjectTemplate
0x080988BC	thumb	CreateItemMenuIcon
0x08098914	thumb	DestroyItemMenuIcon
0x08098948	thumb	GetItemIconGfxPtr
0x08098974	thumb	CreateBerryPouchItemIcon
0x080989CC	thumb	AnimTask_ShakeMon
0x08098A40	thumb	AnimTask_ShakeMon_Step
0x08098AF0	thumb	AnimTask_ShakeMon2
0x08098BDC	thumb	AnimTask_ShakeMon2Step
0x08098CA4	thumb	AnimTask_ShakeMonInPlace
0x08098D28	thumb	AnimTask_ShakeMonInPlace_Step
0x08098E64	thumb	AnimTask_ShakeAndSinkMon
0x08098EC4	thumb	AnimTask_ShakeAndSinkMon_Step
0x08098F58	thumb	AnimTask_TranslateMonElliptical
0x08098FD8	thumb	AnimTask_TranslateMonElliptical_Step
0x08099050	thumb	AnimTask_TranslateMonEllipticalRespectSide
0x08099080	thumb	DoHorizontalLunge
0x080990F4	thumb	ReverseHorizontalLungeDirection
0x08099118	thumb	DoVerticalDip
0x08099164	thumb	ReverseVerticalDipDirection
0x08099188	thumb	SlideMonToOriginalPos
0x08099244	thumb	SlideMonToOriginalPos_Step
0x080992B4	thumb	SlideMonToOffset
0x08099368	thumb	SlideMonToOffsetAndBack
0x08099440	thumb	SlideMonToOffsetAndBack_End
0x08099470	thumb	AnimTask_WindUpLunge
0x08099504	thumb	AnimTask_WindUpLunge_Step1
0x08099568	thumb	AnimTask_WindUpLunge_Step2
0x080995D0	thumb	AnimTask_SlideOffScreen
0x0809968C	thumb	AnimTask_SlideOffScreen_Step
0x080996D8	thumb	AnimTask_SwayMon
0x0809975C	thumb	AnimTask_SwayMon_Step
0x08099884	thumb	AnimTask_ScaleMonAndRestore
0x080998DC	thumb	AnimTask_ScaleMonAndRestore_Step
0x08099954	thumb	AnimTask_RotateMonSpriteToSide
0x08099A4C	thumb	AnimTask_RotateMonToSideAndRestore
0x08099B28	thumb	AnimTask_RotateMonSpriteToSide_Step
0x08099BA8	thumb	AnimTask_ShakeTargetBasedOnMovePowerOrDmg
0x08099C8C	thumb	AnimTask_ShakeTargetBasedOnMovePowerOrDmg_Step
0x08099D74	thumb	GetBagItemQuantity
0x08099D90	thumb	SetBagItemQuantity
0x08099DAC	thumb	GetPcItemQuantity
0x08099DB0	thumb	SetPcItemQuantity
0x08099DB4	thumb	ApplyNewEncryptionKeyToBagItems
0x08099E0C	thumb	ApplyNewEncryptionKeyToBagItems_
0x08099E18	thumb	SetBagPocketsPointers
0x08099E64	thumb	CopyItemName
0x08099EA0	thumb	BagPocketGetFirstEmptySlot
0x08099EDC	thumb	IsPocketNotEmpty
0x08099F14	thumb	CheckBagHasItem
0x08099F80	thumb	HasAtLeastOneBerry
0x08099FD4	thumb	CheckBagHasSpace
0x0809A058	thumb	AddBagItem
0x0809A1AC	thumb	RemoveBagItem
0x0809A234	thumb	GetPocketByItemId
0x0809A248	thumb	ClearItemSlots
0x0809A278	thumb	ClearPCItemSlots
0x0809A2B0	thumb	ClearBag
0x0809A2D8	thumb	PCItemsGetFirstEmptySlot
0x0809A310	thumb	CountItemsInPC
0x0809A348	thumb	CheckPCHasItem
0x0809A39C	thumb	AddPCItem
0x0809A434	thumb	RemovePCItem
0x0809A4BC	thumb	ItemPcCompaction
0x0809A514	thumb	RegisteredItemHandleBikeSwap
0x0809A54C	thumb	SwapItemSlots
0x0809A558	thumb	BagPocketCompaction
0x0809A5B8	thumb	SortPocketAndPlaceHMsFirst
0x0809A6F4	thumb	SortAndCompactBagPocket
0x0809A76C	thumb	BagGetItemIdByPocketPosition
0x0809A788	thumb	BagGetQuantityByPocketPosition
0x0809A7B0	thumb	BagGetQuantityByItemId
0x0809A7F8	thumb	TrySetObtainedItemQuestLogEvent
0x0809A878	thumb	SanitizeItemId
0x0809A890	thumb	ItemId_GetName
0x0809A8B0	thumb	ItemId_GetId
0x0809A8D4	thumb	ItemId_GetPrice
0x0809A8F8	thumb	ItemId_GetHoldEffect
0x0809A91C	thumb	ItemId_GetHoldEffectParam
0x0809A940	thumb	ItemId_GetDescription
0x0809A964	thumb	ItemId_GetImportance
0x0809A988	thumb	ItemId_GetRegistrability
0x0809A9AC	thumb	ItemId_GetPocket
0x0809A9D0	thumb	ItemId_GetType
0x0809A9F4	thumb	ItemId_GetFieldFunc
0x0809AA18	thumb	ItemId_GetBattleUsage
0x0809AA3C	thumb	ItemId_GetBattleFunc
0x0809AA60	thumb	ItemId_GetSecondaryId
0x0809AA84	thumb	CreateShopMenu
0x0809AB50	thumb	GetMartTypeFromItemList
0x0809ABAC	thumb	SetShopItemsForSale
0x0809ABD8	thumb	SetShopMenuCallback
0x0809ABE4	thumb	Task_ShopMenu
0x0809AC30	thumb	Task_HandleShopMenuBuy
0x0809AC6C	thumb	Task_HandleShopMenuSell
0x0809ACA8	thumb	CB2_GoToSellMenu
0x0809ACCC	thumb	Task_HandleShopMenuQuit
0x0809ACF8	thumb	ClearShopMenuWindow
0x0809AD14	thumb	Task_GoToBuyOrSellMenu
0x0809AD48	thumb	MapPostLoadHook_ReturnToShopMenu
0x0809AD60	thumb	Task_ReturnToShopMenu
0x0809AD94	thumb	ShowShopMenuAfterExitingBuyOrSellMenu
0x0809ADB8	thumb	CB2_BuyMenu
0x0809ADD4	thumb	VBlankCB_BuyMenu
0x0809ADE8	thumb	CB2_InitBuyMenu
0x0809AF40	thumb	InitShopData
0x0809AFA4	thumb	BuyMenuInitBgs
0x0809B054	thumb	BuyMenuDecompressBgGraphics
0x0809B0E0	thumb	RecolorItemDescriptionBox
0x0809B130	thumb	BuyMenuDrawGraphics
0x0809B15C	thumb	BuyMenuBuildListMenuTemplate
0x0809B2D4	thumb	PokeMartWriteNameAndIdAt
0x0809B2F4	thumb	BuyMenuPrintItemDescriptionAndShowItemIcon
0x0809B3DC	thumb	BuyMenuPrintPriceInList
0x0809B468	thumb	LoadTmHmNameInMart
0x0809B540	thumb	GetMartFontId
0x0809B550	thumb	BuyMenuPrintCursor
0x0809B570	thumb	BuyMenuPrintCursorAtYPosition
0x0809B5D8	thumb	BuyMenuFreeMemory
0x0809B644	thumb	SetShopExitCallback
0x0809B664	thumb	BuyMenuAddScrollIndicatorArrows
0x0809B6D0	thumb	BuyQuantityAddScrollIndicatorArrows
0x0809B710	thumb	BuyMenuRemoveScrollIndicatorArrows
0x0809B738	thumb	BuyMenuDrawMapView
0x0809B74C	thumb	BuyMenuDrawMapBg
0x0809B824	thumb	BuyMenuDrawMapMetatile
0x0809B8D8	thumb	BuyMenuDrawMapMetatileLayer
0x0809B900	thumb	BuyMenuCollectObjectEventData
0x0809BA14	thumb	BuyMenuDrawObjectEvents
0x0809BAD0	thumb	BuyMenuCopyTilemapData
0x0809BB18	thumb	BuyMenuPrintItemQuantityAndPrice
0x0809BB94	thumb	Task_BuyMenu
0x0809BC74	thumb	Task_BuyHowManyDialogueInit
0x0809BD60	thumb	Task_BuyHowManyDialogueHandleInput
0x0809BE64	thumb	CreateBuyMenuConfirmPurchaseWindow
0x0809BE78	thumb	BuyMenuTryMakePurchase
0x0809BEE0	thumb	BuyMenuSubtractMoney
0x0809BF3C	thumb	Task_ReturnToItemListAfterItemPurchase
0x0809BF6C	thumb	BuyMenuReturnToItemList
0x0809BFD8	thumb	ExitBuyMenu
0x0809C020	thumb	Task_ExitBuyMenu
0x0809C068	thumb	DebugFunc_PrintPurchaseDetails
0x0809C06C	thumb	DebugFunc_PrintShopMenuHistoryBeforeClearMaybe
0x0809C070	thumb	RecordItemTransaction
0x0809C10C	thumb	RecordTransactionForQuestLog
0x0809C138	thumb	CreatePokemartMenu
0x0809C174	thumb	CreateDecorationShop1Menu
0x0809C190	thumb	CreateDecorationShop2Menu
0x0809C1AC	thumb	SetEscalatorMetatile
0x0809C308	thumb	Task_DrawEscalator
0x0809C3D0	thumb	CreateEscalatorTask
0x0809C41C	thumb	StartEscalator
0x0809C434	thumb	StopEscalator
0x0809C448	thumb	IsEscalatorMoving
0x0809C47C	thumb	AnimateTeleporterHousing
0x0809C4D4	thumb	Task_DrawTeleporterHousing
0x0809C5D0	thumb	AnimateTeleporterCable
0x0809C614	thumb	Task_DrawTeleporterCable
0x0809C6EC	thumb	InitEnigmaBerry
0x0809C768	thumb	ClearEnigmaBerries
0x0809C798	thumb	SetEnigmaBerry
0x0809C80C	thumb	GetEnigmaBerryChecksum
0x0809C828	thumb	IsEnigmaBerryValid
0x0809C874	thumb	GetBerryInfo
0x0809C8B8	thumb	ItemIdToBerryType
0x0809C8E0	thumb	BerryTypeToItemId
0x0809C908	thumb	GetBerryNameByBerryType
0x0809C928	thumb	GetStringTilesWide
0x0809C948	thumb	GetMenuWidthFromList
0x0809C988	thumb	ScriptMenu_Multichoice
0x0809C9D8	thumb	ScriptMenu_MultichoiceWithDefault
0x0809CA38	thumb	DrawVerticalMultichoiceMenu
0x0809CB88	thumb	GetMCWindowHeight
0x0809CBEC	thumb	CreateMCMenuInputHandlerTask
0x0809CC6C	thumb	Task_MultichoiceMenu_HandleInput
0x0809CD1C	thumb	MultiChoicePrintHelpDescription
0x0809CDC0	thumb	ScriptMenu_YesNo
0x0809CE0C	thumb	IsScriptActive
0x0809CE28	thumb	Task_YesNoMenu_HandleInput
0x0809CE9C	thumb	ScriptMenu_MultichoiceGrid
0x0809CFB0	thumb	Hask_MultichoiceGridMenu_HandleInput
0x0809D014	thumb	CreatePCMenu
0x0809D044	thumb	CreatePCMenuWindow
0x0809D228	thumb	ScriptMenu_DisplayPCStartupPrompt
0x0809D25C	thumb	Task_ScriptShowMonPic
0x0809D2C4	thumb	ScriptMenu_ShowPokemonPic
0x0809D3A0	thumb	ScriptMenu_HidePokemonPic
0x0809D3D8	thumb	PicboxWait
0x0809D3F8	thumb	PicboxCancel
0x0809D468	thumb	Task_WaitMuseumFossilPic
0x0809D4D8	thumb	OpenMuseumFossilPic
0x0809D5F4	thumb	CloseMuseumFossilPic
0x0809D628	thumb	CreateWindowFromRect
0x0809D684	thumb	DestroyScriptMenuWindow
0x0809D6A8	thumb	QL_DestroyAbortedDisplay
0x0809D738	thumb	DrawSeagallopDestinationMenu
0x0809D894	thumb	GetSelectedSeagallopDestination
0x0809D928	thumb	DoNamingScreen
0x0809D9B4	thumb	CB2_LoadNamingScreen
0x0809DA58	thumb	NamingScreen_Init
0x0809DB44	thumb	SetSpritesVisible
0x0809DB84	thumb	NamingScreen_InitBGs
0x0809DD34	thumb	CreateNamingScreenTask
0x0809DD5C	thumb	Task_NamingScreen
0x0809DDF4	thumb	PageToNextGfxId
0x0809DE04	thumb	CurrentPageToNextKeyboardId
0x0809DE24	thumb	CurrentPageToKeyboardId
0x0809DE44	thumb	MainState_FadeIn
0x0809DEFC	thumb	MainState_WaitFadeIn
0x0809DF38	thumb	MainState_HandleInput
0x0809DF48	thumb	MainState_MoveToOKButton
0x0809DF78	thumb	MainState_PressedOKButton
0x0809DFE8	thumb	MainState_FadeOut
0x0809E01C	thumb	MainState_Exit
0x0809E088	thumb	DisplaySentToPCMessage
0x0809E1A8	thumb	MainState_WaitSentToPCMessage
0x0809E1E4	thumb	MainState_StartPageSwap
0x0809E224	thumb	MainState_WaitPageSwap
0x0809E2E0	thumb	StartPageSwapAnim
0x0809E300	thumb	Task_HandlePageSwapAnim
0x0809E338	thumb	IsPageSwapAnimNotInProgress
0x0809E358	thumb	PageSwapAnimState_Init
0x0809E380	thumb	PageSwapAnimState_1
0x0809E414	thumb	PageSwapAnimState_2
0x0809E4A8	thumb	PageSwapAnimState_Done
0x0809E4C4	thumb	CreateButtonFlashTask
0x0809E4EC	thumb	TryStartButtonFlash
0x0809E560	thumb	Task_UpdateButtonFlash
0x0809E618	thumb	GetButtonPalOffset
0x0809E68C	thumb	RestoreButtonColor
0x0809E6B4	thumb	StartButtonFlash
0x0809E6D4	thumb	SpriteCB_Cursor
0x0809E7C4	thumb	SpriteCB_InputArrow
0x0809E810	thumb	SpriteCB_Underscore
0x0809E86C	thumb	CreateSprites
0x0809E888	thumb	CreateCursorSprite
0x0809E91C	thumb	SetCursorPos
0x0809E9A0	thumb	GetCursorPos
0x0809E9CC	thumb	MoveCursorToOKButton
0x0809E9E0	thumb	SetCursorInvisibility
0x0809EA38	thumb	SetCursorFlashing
0x0809EA7C	thumb	SquishCursor
0x0809EAA8	thumb	IsCursorAnimFinished
0x0809EAD4	thumb	GetKeyRoleAtCursorPos
0x0809EB14	thumb	GetCurrentPageColumnCount
0x0809EB30	thumb	CreatePageSwapButtonSprites
0x0809EBF4	thumb	StartPageSwapButtonAnim
0x0809EC28	thumb	SpriteCB_PageSwap
0x0809EC50	thumb	PageSwapSprite_Init
0x0809ECA4	thumb	PageSwapSprite_Idle
0x0809ECA8	thumb	PageSwapSprite_SlideOff
0x0809ED1C	thumb	PageSwapSprite_SlideOn
0x0809ED5C	thumb	SetPageSwapButtonGfx
0x0809EDBC	thumb	CreateBackOkSprites
0x0809EE34	thumb	CreateTextEntrySprites
0x0809EEF8	thumb	CreateInputTargetIcon
0x0809EF24	thumb	NamingScreen_NoIcon
0x0809EF28	thumb	NamingScreen_CreatePlayerIcon
0x0809EF84	thumb	NamingScreen_CreatePCIcon
0x0809EFC4	thumb	NamingScreen_CreateMonIcon
0x0809F020	thumb	NamingScreen_CreateRivalIcon
0x0809F0A0	thumb	HandleKeyboardEvent
0x0809F0F0	thumb	KeyboardKeyHandler_Character
0x0809F13C	thumb	KeyboardKeyHandler_Page
0x0809F164	thumb	KeyboardKeyHandler_Backspace
0x0809F188	thumb	KeyboardKeyHandler_OK
0x0809F1C4	thumb	SwapKeyboardPage
0x0809F1DC	thumb	CreateInputHandlerTask
0x0809F1F0	thumb	GetInputEvent
0x0809F214	thumb	SetInputState
0x0809F240	thumb	Task_HandleInput
0x0809F270	thumb	Input_Disabled
0x0809F278	thumb	Input_Enabled
0x0809F2CC	thumb	HandleDpadMovement
0x0809F470	thumb	DrawNormalTextEntryBox
0x0809F4C4	thumb	DrawMonTextEntryBox
0x0809F540	thumb	DrawTextEntryBox
0x0809F568	thumb	TryDrawGenderIcon
0x0809F594	thumb	DummyGenderIcon
0x0809F598	thumb	DrawGenderIcon
0x0809F608	thumb	GetCharAtKeyboardPos
0x0809F63C	thumb	GetTextEntryPosition
0x0809F690	thumb	GetPreviousTextCaretPosition
0x0809F6D4	thumb	DeleteTextCharacter
0x0809F730	thumb	AddTextCharacter
0x0809F798	thumb	BufferCharacter
0x0809F7C0	thumb	SaveInputText
0x0809F830	thumb	LoadGfx
0x0809F894	thumb	CreateHelperTasks
0x0809F8A4	thumb	LoadPalettes
0x0809F8D4	thumb	DecompressToBgTilemapBuffer
0x0809F8E8	thumb	DrawTextEntry
0x0809F9BC	thumb	PrintKeyboardKeys
0x0809FA34	thumb	DrawKeyboardPageOnDeck
0x0809FAB8	thumb	PrintControls
0x0809FB44	thumb	CB2_NamingScreen
0x0809FB5C	thumb	ResetVHBlank
0x0809FB70	thumb	SetVBlank
0x0809FB80	thumb	VBlankCB_NamingScreen
0x0809FC08	thumb	NamingScreen_ShowBgs
0x0809FC28	thumb	IsWideLetter
0x0809FC64	thumb	Debug_NamingScreenPlayer
0x0809FC8C	thumb	Debug_NamingScreenBox
0x0809FCB4	thumb	Debug_NamingScreenCaughtMon
0x0809FCDC	thumb	Debug_NamingScreenNickname
0x0809FD04	thumb	Debug_NamingScreenRival
0x0809FD2C	thumb	GetMoney
0x0809FD44	thumb	SetMoney
0x0809FD5C	thumb	IsEnoughMoney
0x0809FD74	thumb	AddMoney
0x0809FDAC	thumb	RemoveMoney
0x0809FDD0	thumb	IsEnoughForCostInVar0x8005
0x0809FDF4	thumb	SubtractMoneyFromVar0x8005
0x0809FE14	thumb	PrintMoneyAmountInMoneyBox
0x0809FE98	thumb	PrintMoneyAmount
0x0809FF1C	thumb	PrintMoneyAmountInMoneyBoxWithBorder
0x0809FF74	thumb	ChangeAmountInMoneyBox
0x0809FF8C	thumb	DrawMoneyBox
0x080A0008	thumb	HideMoneyBox
0x080A002C	thumb	HealPlayerParty
0x080A00F0	thumb	ScriptGiveMon
0x080A0180	thumb	ScriptGiveEgg
0x080A01C8	thumb	HasEnoughMonsForDoubleBattle
0x080A01F0	thumb	CheckPartyMonHasHeldItem
0x080A0240	thumb	DoesPartyHaveEnigmaBerry
0x080A0270	thumb	CreateScriptedWildMon
0x080A02D0	thumb	ScriptSetMonMoveSlot
0x080A0308	thumb	ChooseHalfPartyForBattle
0x080A0324	thumb	CB2_ReturnFromChooseHalfParty
0x080A0354	thumb	ChooseBattleTowerPlayerParty
0x080A0370	thumb	CB2_ReturnFromChooseBattleTowerParty
0x080A03AC	thumb	ReducePlayerPartyToThree
0x080A0434	thumb	IsMonValidSpecies
0x080A0458	thumb	AllMonsFainted
0x080A048C	thumb	FaintFromFieldPoison
0x080A04D8	thumb	MonFaintedFromPoison
0x080A0520	thumb	Task_TryFieldPoisonWhiteOut
0x080A05D4	thumb	TryFieldPoisonWhiteOut
0x080A05EC	thumb	DoPoisonFieldEffect
0x080A0670	thumb	GetMonSizeHash
0x080A0714	thumb	TranslateBigMonSizeTableIndex
0x080A0744	thumb	GetMonSize
0x080A07B8	thumb	FormatMonSizeRecord
0x080A0800	thumb	CompareMonSize
0x080A08A0	thumb	GetMonSizeRecordInfo
0x080A08D8	thumb	InitHeracrossSizeRecord
0x080A08EC	thumb	GetHeracrossSizeRecordInfo
0x080A0904	thumb	CompareHeracrossSize
0x080A092C	thumb	InitMagikarpSizeRecord
0x080A0940	thumb	GetMagikarpSizeRecordInfo
0x080A0958	thumb	CompareMagikarpSize
0x080A0980	thumb	GiveGiftRibbonToParty
0x080A0A1C	thumb	BeginPCScreenEffect_TurnOn
0x080A0A44	thumb	BeginPCScreenEffect_TurnOff
0x080A0A6C	thumb	IsPCScreenEffectRunning_TurnOn
0x080A0A80	thumb	IsPCScreenEffectRunning_TurnOff
0x080A0A94	thumb	BeginPCScreenEffect
0x080A0AE0	thumb	Task_PCScreenEffect_TurnOn
0x080A0C4C	thumb	Task_PCScreenEffect_TurnOff
0x080A0DAC	thumb	Task_FieldPoisonEffect
0x080A0E1C	thumb	FldEffPoison_Start
0x080A0E34	thumb	FldEffPoison_IsActive
0x080A0E48	thumb	DoWateringBerryTreeAnim
0x080A0E4C	thumb	FieldSpecialScene_Dummy0
0x080A0E50	thumb	FieldSpecialScene_Dummy1
0x080A0E54	thumb	FieldSpecialScene_Dummy2
0x080A0E58	thumb	FieldSpecialScene_Dummy3
0x080A0E5C	thumb	FieldCB_ShowPortholeView
0x080A0E60	thumb	LookThroughPorthole
0x080A0E64	thumb	GetSafariZoneFlag
0x080A0E78	thumb	SetSafariZoneFlag
0x080A0E88	thumb	ResetSafariZoneFlag
0x080A0E98	thumb	EnterSafariMode
0x080A0EC0	thumb	ExitSafariMode
0x080A0EE0	thumb	SafariZoneTakeStep
0x080A0F10	thumb	SafariZoneRetirePrompt
0x080A0F20	thumb	CB2_EndSafariBattle
0x080A0F90	thumb	SetUpItemUseCallback
0x080A1010	thumb	SetUpItemUseOnFieldCallback
0x080A1058	thumb	FieldCB_FadeInFromBlack
0x080A1070	thumb	Task_WaitFadeIn_CallItemUseOnFieldCB
0x080A1098	thumb	DisplayItemMessageInCurrentContext
0x080A10E4	thumb	PrintNotTheTimeToUseThat
0x080A1100	thumb	Task_ItemUse_CloseMessageBoxAndReturnToField
0x080A1124	thumb	CheckIfItemIsTMHMOrEvolutionStone
0x080A1158	thumb	SetFieldCallback2ForItemUse
0x080A1168	thumb	FieldCB2_UseItemFromField
0x080A1194	thumb	Task_ItemUseWaitForFade
0x080A11BC	thumb	FieldUseFunc_Mail
0x080A11DC	thumb	CB2_CheckMail
0x080A1200	thumb	FieldUseFunc_Bike
0x080A12D8	thumb	ItemUseOnFieldCB_Bicycle
0x080A130C	thumb	FieldUseFunc_Rod
0x080A1350	thumb	CanFish
0x080A13E4	thumb	ItemUseOnFieldCB_Rod
0x080A140C	thumb	ItemUseOutOfBattle_Itemfinder
0x080A1434	thumb	FieldUseFunc_CoinCase
0x080A14BC	thumb	FieldUseFunc_PowderJar
0x080A1540	thumb	FieldUseFunc_PokeFlute
0x080A161C	thumb	Task_PlayPokeFlute
0x080A1648	thumb	Task_DisplayPokeFluteMessage
0x080A16A4	thumb	DoSetUpItemUseCallback
0x080A16B4	thumb	FieldUseFunc_Medicine
0x080A16D0	thumb	FieldUseFunc_Ether
0x080A16EC	thumb	FieldUseFunc_PpUp
0x080A1708	thumb	FieldUseFunc_RareCandy
0x080A1724	thumb	FieldUseFunc_EvoItem
0x080A1740	thumb	FieldUseFunc_SacredAsh
0x080A175C	thumb	FieldUseFunc_TmCase
0x080A17A8	thumb	InitTMCaseFromBag
0x080A17BC	thumb	Task_InitTMCaseFromField
0x080A17F4	thumb	FieldUseFunc_BerryPouch
0x080A1840	thumb	InitBerryPouchFromBag
0x080A1854	thumb	Task_InitBerryPouchFromField
0x080A188C	thumb	BattleUseFunc_BerryPouch
0x080A18AC	thumb	InitBerryPouchFromBattle
0x080A18C0	thumb	FieldUseFunc_TeachyTv
0x080A1920	thumb	InitTeachyTvFromBag
0x080A1934	thumb	Task_InitTeachyTvFromField
0x080A196C	thumb	FieldUseFunc_Repel
0x080A19BC	thumb	Task_UseRepel
0x080A1A18	thumb	RemoveUsedItem
0x080A1A68	thumb	FieldUseFunc_BlackWhiteFlute
0x080A1B1C	thumb	Task_UsedBlackWhiteFlute
0x080A1B60	thumb	CanUseEscapeRopeOnCurrMap
0x080A1B80	thumb	ItemUseOutOfBattle_EscapeRope
0x080A1BDC	thumb	ItemUseOnFieldCB_EscapeRope
0x080A1C18	thumb	Task_UseDigEscapeRopeOnField
0x080A1C34	thumb	FieldUseFunc_TownMap
0x080A1C80	thumb	UseTownMapFromBag
0x080A1C94	thumb	Task_UseTownMapFromField
0x080A1CCC	thumb	FieldUseFunc_FameChecker
0x080A1D2C	thumb	UseFameCheckerFromBag
0x080A1D3C	thumb	Task_UseFameCheckerFromField
0x080A1D70	thumb	FieldUseFunc_VsSeeker
0x080A1DE0	thumb	Task_ItemUse_CloseMessageBoxAndReturnToField_VsSeeker
0x080A1DF0	thumb	BattleUseFunc_PokeBallEtc
0x080A1E38	thumb	BattleUseFunc_PokeFlute
0x080A1E50	thumb	BattleUseFunc_StatBooster
0x080A1EC8	thumb	Task_BattleUse_StatBooster_DelayAndPrint
0x080A1F1C	thumb	Task_BattleUse_StatBooster_WaitButton_ReturnToBattle
0x080A1F4C	thumb	ItemUse_SwitchToPartyMenuInBattle
0x080A1F90	thumb	BattleUseFunc_Medicine
0x080A1FAC	thumb	BattleUseFunc_SacredAsh
0x080A1FC8	thumb	BattleUseFunc_Ether
0x080A1FE4	thumb	BattleUseFunc_PokeDoll
0x080A203C	thumb	ItemUseOutOfBattle_EnigmaBerry
0x080A2168	thumb	ItemUseInBattle_EnigmaBerry
0x080A220C	thumb	FieldUseFunc_OakStopsYou
0x080A2268	thumb	ItemUse_SetQuestLogEvent
0x080A22BC	thumb	AnimMovePowderParticle
0x080A2314	thumb	AnimMovePowderParticle_Step
0x080A235C	thumb	AnimPowerAbsorptionOrb
0x080A23AC	thumb	AnimSolarBeamBigOrb
0x080A2404	thumb	AnimSolarBeamSmallOrb
0x080A2460	thumb	AnimSolarBeamSmallOrb_Step
0x080A24D4	thumb	AnimTask_CreateSmallSolarBeamOrbs
0x080A2554	thumb	AnimAbsorptionOrb
0x080A25A4	thumb	AnimAbsorptionOrb_Step
0x080A25C0	thumb	AnimHyperBeamOrb
0x080A2678	thumb	AnimHyperBeamOrb_Step
0x080A26C4	thumb	AnimLeechSeed
0x080A2734	thumb	AnimLeechSeed_Step
0x080A276C	thumb	AnimLeechSeedSprouts
0x080A27A4	thumb	AnimSporeParticle
0x080A27F0	thumb	AnimSporeParticle_Step
0x080A2898	thumb	AnimTask_SporeDoubleBattle
0x080A28F4	thumb	AnimPetalDanceBigFlower
0x080A2948	thumb	AnimPetalDanceBigFlower_Step
0x080A29C0	thumb	AnimPetalDanceSmallFlower
0x080A2A14	thumb	AnimPetalDanceSmallFlower_Step
0x080A2A78	thumb	AnimRazorLeafParticle
0x080A2AC0	thumb	AnimRazorLeafParticle_Step1
0x080A2B0C	thumb	AnimRazorLeafParticle_Step2
0x080A2B70	thumb	AnimTranslateLinearSingleSineWave
0x080A2C3C	thumb	AnimTranslateLinearSingleSineWave_Step
0x080A2CE4	thumb	AnimMoveTwisterParticle
0x080A2D44	thumb	AnimMoveTwisterParticle_Step
0x080A2DFC	thumb	AnimConstrictBinding
0x080A2E38	thumb	AnimConstrictBinding_Step1
0x080A2E74	thumb	AnimConstrictBinding_Step2
0x080A2EE0	thumb	AnimTask_ShrinkTargetCopy
0x080A2F48	thumb	AnimTask_DuplicateAndShrinkToPos_Step1
0x080A2FD8	thumb	AnimTask_DuplicateAndShrinkToPos_Step2
0x080A306C	thumb	AnimMimicOrb
0x080A313C	thumb	AnimIngrainRoot
0x080A31C0	thumb	AnimFrenzyPlantRoot
0x080A32B0	thumb	AnimRootFlickerOut
0x080A3308	thumb	AnimIngrainOrb
0x080A338C	thumb	InitItemBagData
0x080A33B4	thumb	MoveAlongLinearPath
0x080A3458	thumb	AnimItemSteal_Step2
0x080A3488	thumb	AnimItemSteal_Step1
0x080A34EC	thumb	AnimPresent
0x080A3564	thumb	AnimKnockOffOpponentsItem
0x080A35C8	thumb	AnimKnockOffItem
0x080A3644	thumb	AnimPresentHealParticle
0x080A3688	thumb	AnimItemSteal
0x080A3700	thumb	AnimItemSteal_Step3
0x080A3790	thumb	AnimTrickBag
0x080A382C	thumb	AnimTrickBag_Step1
0x080A3898	thumb	AnimTrickBag_Step2
0x080A3950	thumb	AnimTrickBag_Step3
0x080A3994	thumb	AnimTask_LeafBlade
0x080A3AFC	thumb	AnimTask_LeafBlade_Step
0x080A3ED8	thumb	LeafBladeGetPosFactor
0x080A3EF8	thumb	AnimTask_LeafBlade_Step2
0x080A3FA8	thumb	AnimTask_LeafBlade_Step2_Callback
0x080A4014	thumb	AnimFlyingParticle
0x080A4120	thumb	AnimFlyingParticle_Step
0x080A4198	thumb	AnimTask_CycleMagicalLeafPal
0x080A426C	thumb	AnimNeedleArmSpike
0x080A4374	thumb	AnimNeedleArmSpike_Step
0x080A43B0	thumb	AnimWhipHit_WaitEnd
0x080A43CC	thumb	AnimSlidingHit
0x080A4424	thumb	AnimWhipHit
0x080A4468	thumb	AnimFlickeringPunch
0x080A44B4	thumb	AnimCuttingSlice
0x080A455C	thumb	AnimAirCutterSlice
0x080A46A0	thumb	AnimSlice_Step
0x080A470C	thumb	UnusedFlickerAnim
0x080A47F0	thumb	AnimCirclingMusicNote
0x080A4854	thumb	AnimCirclingMusicNote_Step
0x080A48C4	thumb	AnimProtect
0x080A49A8	thumb	AnimProtect_Step
0x080A4AA0	thumb	AnimMilkBottle
0x080A4B0C	thumb	AnimMilkBottle_Step1
0x080A4C6C	thumb	AnimMilkBottle_Step2
0x080A4CE0	thumb	AnimGrantingStars
0x080A4D30	thumb	AnimSparklingStars
0x080A4E14	thumb	AnimBubbleBurst
0x080A4E74	thumb	AnimBubbleBurst_Step
0x080A4EC8	thumb	AnimSleepLetterZ
0x080A4F34	thumb	AnimSleepLetterZ_Step
0x080A4F80	thumb	AnimLockOnTarget
0x080A4FA8	thumb	AnimLockOnTarget_Step1
0x080A5058	thumb	AnimLockOnTarget_Step2
0x080A508C	thumb	AnimLockOnTarget_Step3
0x080A5148	thumb	AnimLockOnTarget_Step4
0x080A51F4	thumb	AnimLockOnTarget_Step5
0x080A521C	thumb	AnimLockOnTarget_Step6
0x080A526C	thumb	AnimLockOnMoveTarget
0x080A5314	thumb	AnimBowMon
0x080A536C	thumb	AnimBowMon_Step1
0x080A53BC	thumb	AnimBowMon_Step1_Callback
0x080A5448	thumb	AnimBowMon_Step2
0x080A5498	thumb	AnimBowMon_Step3
0x080A54BC	thumb	AnimBowMon_Step3_Callback
0x080A5558	thumb	AnimBowMon_Step4
0x080A5564	thumb	AnimTipMon
0x080A5574	thumb	AnimTipMon_Step
0x080A5668	thumb	AnimTask_SkullBashPosition
0x080A5700	thumb	AnimTask_SkullBashPositionSet
0x080A58C0	thumb	AnimTask_SkullBashPositionReset
0x080A5914	thumb	AnimSlashSlice
0x080A597C	thumb	AnimFalseSwipeSlice
0x080A59C4	thumb	AnimFalseSwipePositionedSlice
0x080A5A18	thumb	AnimFalseSwipeSlice_Step1
0x080A5A50	thumb	AnimFalseSwipeSlice_Step2
0x080A5A60	thumb	AnimFalseSwipeSlice_Step3
0x080A5AAC	thumb	AnimEndureEnergy
0x080A5B10	thumb	AnimEndureEnergy_Step
0x080A5B50	thumb	AnimSharpenSphere
0x080A5BA0	thumb	AnimSharpenSphere_Step
0x080A5C3C	thumb	AnimConversion
0x080A5CA8	thumb	AnimTask_ConversionAlphaBlend
0x080A5D20	thumb	AnimConversion2
0x080A5D50	thumb	AnimConversion2_Step
0x080A5DB4	thumb	AnimTask_Conversion2AlphaBlend
0x080A5E08	thumb	AnimTask_HideBattlersHealthbox
0x080A5E7C	thumb	AnimTask_ShowBattlersHealthbox
0x080A5EB4	thumb	AnimMoon
0x080A5EFC	thumb	AnimMoon_Step
0x080A5F14	thumb	AnimMoonlightSparkle
0x080A5F58	thumb	AnimMoonlightSparkle_Step
0x080A5F94	thumb	AnimTask_MoonlightEndFade
0x080A607C	thumb	AnimTask_MoonlightEndFade_Step
0x080A6218	thumb	AnimHornHit
0x080A6340	thumb	AnimHornHit_Step
0x080A6388	thumb	AnimTask_DoubleTeam
0x080A64B4	thumb	AnimTask_DoubleTeam_Step
0x080A6510	thumb	AnimDoubleTeam
0x080A65A0	thumb	AnimSuperFang
0x080A65BC	thumb	AnimTask_MusicNotesRainbowBlend
0x080A6674	thumb	AnimTask_MusicNotesClearRainbowBlend
0x080A66A8	thumb	AnimWavyMusicNotes
0x080A6760	thumb	AnimWavyMusicNotes_CalcVelocity
0x080A67B8	thumb	AnimWavyMusicNotes_Step
0x080A6884	thumb	AnimFlyingMusicNotes
0x080A6914	thumb	AnimFlyingMusicNotes_Step
0x080A698C	thumb	AnimBellyDrumHand
0x080A69FC	thumb	AnimSlowFlyingMusicNotes
0x080A6A84	thumb	AnimSlowFlyingMusicNotes_Step
0x080A6AE0	thumb	SetSpriteNextToMonHead
0x080A6B38	thumb	AnimThoughtBubble
0x080A6BA4	thumb	AnimThoughtBubble_Step
0x080A6BDC	thumb	AnimMetronomeFinger
0x080A6C24	thumb	AnimMetronomeFinger_Step
0x080A6C58	thumb	AnimFollowMeFinger
0x080A6CD4	thumb	AnimFollowMeFinger_Step1
0x080A6CF4	thumb	AnimFollowMeFinger_Step2
0x080A6D64	thumb	AnimTauntFinger
0x080A6DC4	thumb	AnimTauntFinger_Step1
0x080A6E00	thumb	AnimTauntFinger_Step2
0x080A6E1C	thumb	AnimCirclingFinger
0x080A6E6C	thumb	AnimBouncingMusicNote
0x080A6EAC	thumb	AnimBouncingMusicNote_Step
0x080A6F10	thumb	AnimVibrateBattlerBack_Step
0x080A6F60	thumb	AnimVibrateBattlerBack
0x080A6FF4	thumb	AnimMovingClamp
0x080A702C	thumb	AnimMovingClamp_Step
0x080A7054	thumb	AnimMovingClamp_End
0x080A7074	thumb	AnimTask_Withdraw
0x080A70B0	thumb	AnimTask_Withdraw_Step
0x080A71AC	thumb	AnimKinesisZapEnergy
0x080A7250	thumb	AnimSwordsDanceBlade
0x080A7274	thumb	AnimSwordsDanceBlade_Step
0x080A729C	thumb	AnimSonicBoomProjectile
0x080A73A0	thumb	AnimAirWaveProjectile_Step2
0x080A73D4	thumb	AnimAirWaveProjectile_Step1
0x080A7478	thumb	AnimAirWaveProjectile
0x080A75B8	thumb	AirCutterProjectile_Step2
0x080A75E0	thumb	AirCutterProjectile_Step1
0x080A76C4	thumb	AnimTask_AirCutterProjectile
0x080A79BC	thumb	AnimVoidLines
0x080A79EC	thumb	AnimVoidLines_Step
0x080A7A5C	thumb	AnimCoinThrow
0x080A7B10	thumb	AnimFallingCoin
0x080A7B28	thumb	AnimFallingCoin_Step
0x080A7B98	thumb	AnimBulletSeed
0x080A7BF0	thumb	AnimBulletSeed_Step1
0x080A7C74	thumb	AnimBulletSeed_Step2
0x080A7CD8	thumb	AnimRazorWindTornado
0x080A7D38	thumb	AnimViceGripPincer
0x080A7DCC	thumb	AnimViceGripPincer_Step
0x080A7DE8	thumb	AnimGuillotinePincer
0x080A7E90	thumb	AnimGuillotinePincer_Step1
0x080A7F04	thumb	AnimGuillotinePincer_Step2
0x080A7F68	thumb	AnimGuillotinePincer_Step3
0x080A7F84	thumb	AnimTask_GrowAndGrayscale
0x080A7FE8	thumb	AnimTask_GrowAndGrayscale_Step
0x080A8048	thumb	AnimTask_Minimize
0x080A80A0	thumb	AnimTask_Minimize_Step1
0x080A81D4	thumb	CreateMinimizeSprite
0x080A82C4	thumb	ClonedMinizeSprite_Step
0x080A830C	thumb	AnimTask_Splash
0x080A836C	thumb	AnimTask_Splash_Step
0x080A8488	thumb	AnimTask_GrowAndShrink
0x080A84C4	thumb	AnimTask_GrowAndShrink_Step
0x080A84F0	thumb	AnimBreathPuff
0x080A8580	thumb	AnimAngerMark
0x080A860C	thumb	AnimTask_ThrashMoveMonHorizontal
0x080A864C	thumb	AnimTask_ThrashMoveMonHorizontal_Step
0x080A8678	thumb	AnimTask_ThrashMoveMonVertical
0x080A86FC	thumb	AnimTask_ThrashMoveMonVertical_Step
0x080A8848	thumb	AnimTask_SketchDrawMon
0x080A8928	thumb	AnimTask_SketchDrawMon_Step
0x080A89F0	thumb	AnimPencil
0x080A8A4C	thumb	AnimPencil_Step
0x080A8B98	thumb	AnimBlendThinRing
0x080A8C58	thumb	AnimHyperVoiceRing_WaitEnd
0x080A8C78	thumb	AnimHyperVoiceRing
0x080A8EBC	thumb	AnimUproarRing
0x080A8F0C	thumb	AnimSoftBoiledEgg
0x080A8F50	thumb	AnimSoftBoiledEgg_Step1
0x080A8FC8	thumb	AnimSoftBoiledEgg_Step2
0x080A8FF0	thumb	AnimSoftBoiledEgg_Step3
0x080A9068	thumb	AnimSoftBoiledEgg_Step3_Callback1
0x080A90A8	thumb	AnimSoftBoiledEgg_Step3_Callback2
0x080A90F0	thumb	AnimSoftBoiledEgg_Step4
0x080A9130	thumb	AnimSoftBoiledEgg_Step4_Callback
0x080A9150	thumb	AnimTask_AttackerStretchAndDisappear
0x080A918C	thumb	AnimTask_AttackerStretchAndDisappear_Step
0x080A91E4	thumb	AnimTask_ExtremeSpeedImpact
0x080A924C	thumb	AnimTask_ExtremeSpeedImpact_Step
0x080A9370	thumb	AnimTask_ExtremeSpeedMonReappear
0x080A93B4	thumb	AnimTask_ExtremeSpeedMonReappear_Step
0x080A9480	thumb	AnimTask_SpeedDust
0x080A94DC	thumb	AnimTask_SpeedDust_Step
0x080A961C	thumb	AnimSpeedDust
0x080A9688	thumb	AnimTask_LoadMusicNotesPals
0x080A9734	thumb	AnimTask_FreeMusicNotesPals
0x080A975C	thumb	SetMusicNotePalette
0x080A97BC	thumb	AnimHealBellMusicNote
0x080A9834	thumb	AnimMagentaHeart
0x080A9884	thumb	AnimTask_FakeOut
0x080A9904	thumb	AnimTask_FakeOut_Step1
0x080A9958	thumb	AnimTask_FakeOut_Step2
0x080A99F4	thumb	AnimTask_StretchTargetUp
0x080A9A84	thumb	AnimTask_StretchAttackerUp
0x080A9B14	thumb	AnimRedHeartProjectile
0x080A9B60	thumb	AnimRedHeartProjectile_Step
0x080A9B98	thumb	AnimParticleBurst
0x080A9C20	thumb	AnimRedHeartRising
0x080A9C50	thumb	AnimRedHeartRising_Step
0x080A9CBC	thumb	AnimTask_HeartsBackground
0x080A9D94	thumb	AnimTask_HeartsBackground_Step
0x080A9EE4	thumb	AnimTask_ScaryFace
0x080A9FF8	thumb	AnimTask_ScaryFace_Step
0x080AA148	thumb	AnimOrbitFast
0x080AA1A8	thumb	AnimOrbitFast_Step
0x080AA284	thumb	AnimOrbitScatter
0x080AA2D8	thumb	AnimOrbitScatter_Step
0x080AA320	thumb	AnimSpitUpOrb_Step
0x080AA350	thumb	AnimSpitUpOrb
0x080AA3A8	thumb	AnimEyeSparkle_Step
0x080AA3C4	thumb	AnimEyeSparkle
0x080AA3DC	thumb	AnimAngel
0x080AA470	thumb	AnimPinkHeart_Step
0x080AA4DC	thumb	AnimPinkHeart
0x080AA560	thumb	AnimDevil
0x080AA68C	thumb	AnimFurySwipes
0x080AA6DC	thumb	AnimMovementWaves
0x080AA768	thumb	AnimMovementWaves_Step
0x080AA79C	thumb	AnimTask_UproarDistortion
0x080AA7E0	thumb	AnimTask_UproarDistortion_Step
0x080AA80C	thumb	AnimJaggedMusicNote
0x080AA8D4	thumb	AnimJaggedMusicNote_Step
0x080AA90C	thumb	AnimPerishSongMusicNote2
0x080AA96C	thumb	AnimPerishSongMusicNote
0x080AAA24	thumb	AnimPerishSongMusicNote_Step1
0x080AAA48	thumb	AnimPerishSongMusicNote_Step2
0x080AAAB8	thumb	AnimGuardRing
0x080AAB50	thumb	AnimTask_IsFuryCutterHitRight
0x080AAB74	thumb	AnimTask_GetFuryCutterHitCount
0x080AAB94	thumb	AnimTask_CreateRaindrops
0x080AAC28	thumb	AnimRainDrop
0x080AAC34	thumb	AnimRainDrop_Step
0x080AAC6C	thumb	AnimWaterBubbleProjectile
0x080AAD8C	thumb	AnimWaterBubbleProjectile_Step1
0x080AAE14	thumb	AnimWaterBubbleProjectile_Step2
0x080AAE3C	thumb	AnimWaterBubbleProjectile_Step3
0x080AAE58	thumb	AnimAuroraBeamRings
0x080AAEF0	thumb	AnimAuroraBeamRings_Step
0x080AAF34	thumb	AnimTask_RotateAuroraRingColors
0x080AAF78	thumb	AnimTask_RotateAuroraRingColors_Step
0x080AAFF8	thumb	AnimToTargetInSinWave
0x080AB080	thumb	AnimToTargetInSinWave_Step
0x080AB0D4	thumb	AnimTask_StartSinAnimTimer
0x080AB100	thumb	AnimTask_RunSinAnimTimer
0x080AB13C	thumb	AnimHydroCannonCharge
0x080AB1B0	thumb	AnimHydroCannonCharge_Step
0x080AB1CC	thumb	AnimHydroCannonBeam
0x080AB2A0	thumb	AnimWaterGunDroplet
0x080AB2DC	thumb	AnimSmallBubblePair
0x080AB318	thumb	AnimSmallBubblePair_Step
0x080AB360	thumb	AnimTask_CreateSurfWave
0x080AB59C	thumb	AnimTask_CreateSurfWave_Step1
0x080AB6DC	thumb	AnimTask_CreateSurfWave_Step2
0x080AB770	thumb	AnimTask_SurfWaveScanlineEffect
0x080ABA4C	thumb	AnimSmallDriftingBubbles
0x080ABAB0	thumb	AnimSmallDriftingBubbles_Step
0x080ABAFC	thumb	AnimTask_WaterSpoutLaunch
0x080ABB58	thumb	AnimTask_WaterSpoutLaunch_Step
0x080ABD9C	thumb	GetWaterSpoutPowerForAnim
0x080ABE20	thumb	CreateWaterSpoutLaunchDroplets
0x080ABF34	thumb	AnimSmallWaterOrb
0x080ABFE0	thumb	AnimTask_WaterSpoutRain
0x080AC044	thumb	AnimTask_WaterSpoutRain_Step
0x080AC134	thumb	CreateWaterSpoutRainDroplet
0x080AC1D8	thumb	AnimWaterSpoutRain
0x080AC284	thumb	AnimWaterSpoutRainHit
0x080AC2FC	thumb	AnimTask_WaterSport
0x080AC390	thumb	AnimTask_WaterSport_Step
0x080AC4D8	thumb	CreateWaterSportDroplet
0x080AC544	thumb	AnimWaterSportDroplet
0x080AC5AC	thumb	AnimWaterSportDroplet_Step
0x080AC5F8	thumb	AnimWaterPulseBubble
0x080AC620	thumb	AnimWaterPulseBubble_Step
0x080AC66C	thumb	AnimWaterPulseRingBubble
0x080AC6AC	thumb	AnimWaterPulseRing
0x080AC6F4	thumb	AnimWaterPulseRing_Step
0x080AC76C	thumb	CreateWaterPulseRingBubbles
0x080AC8E0	thumb	AnimFireSpiralInward
0x080AC920	thumb	AnimFireSpread
0x080AC964	thumb	AnimFirePlume
0x080AC9D4	thumb	AnimLargeFlame
0x080ACA40	thumb	AnimLargeFlame_Step
0x080ACA7C	thumb	AnimUnusedSmallEmber
0x080ACAF0	thumb	AnimUnusedSmallEmber_Step
0x080ACB84	thumb	AnimSunlight
0x080ACBB0	thumb	AnimEmberFlare
0x080ACC18	thumb	AnimBurnFlame
0x080ACC34	thumb	AnimFireRing
0x080ACC5C	thumb	AnimFireRing_Step1
0x080ACCB4	thumb	AnimFireRing_Step2
0x080ACD2C	thumb	AnimFireRing_Step3
0x080ACD50	thumb	UpdateFireRingCircleOffset
0x080ACD7C	thumb	AnimFireCross
0x080ACDBC	thumb	AnimFireSpiralOutward
0x080ACDFC	thumb	AnimFireSpiralOutward_Step1
0x080ACE24	thumb	AnimFireSpiralOutward_Step2
0x080ACE78	thumb	AnimTask_EruptionLaunchRocks
0x080ACEE8	thumb	AnimTask_EruptionLaunchRocks_Step
0x080AD1CC	thumb	CreateEruptionLaunchRocks
0x080AD304	thumb	AnimEruptionLaunchRock
0x080AD348	thumb	GetEruptionLaunchRockInitialYPos
0x080AD39C	thumb	InitEruptionLaunchRockCoordData
0x080AD3B8	thumb	UpdateEruptionLaunchRockPos
0x080AD428	thumb	AnimEruptionFallingRock
0x080AD47C	thumb	AnimEruptionFallingRock_Step
0x080AD514	thumb	AnimWillOWispOrb
0x080AD664	thumb	AnimWillOWispOrb_Step
0x080AD6C8	thumb	AnimWillOWispFire
0x080AD7D4	thumb	AnimTask_MoveHeatWaveTargets
0x080AD844	thumb	AnimTask_MoveHeatWaveTargets_Step
0x080ADA78	thumb	AnimTask_BlendBackground
0x080ADAAC	thumb	AnimTask_ShakeTargetInPattern
0x080ADBC0	thumb	AnimLightning
0x080ADC10	thumb	AnimLightning_Step
0x080ADC2C	thumb	AnimUnusedSpinningFist
0x080ADC70	thumb	AnimUnusedSpinningFist_Step
0x080ADC8C	thumb	AnimUnusedCirclingShock
0x080ADD20	thumb	AnimSparkElectricity
0x080ADE84	thumb	AnimZapCannonSpark
0x080ADF0C	thumb	AnimZapCannonSpark_Step
0x080ADF84	thumb	AnimThunderboltOrb_Step
0x080ADFD4	thumb	AnimThunderboltOrb
0x080AE040	thumb	AnimSparkElectricityFlashing
0x080AE104	thumb	AnimSparkElectricityFlashing_Step
0x080AE174	thumb	AnimElectricity
0x080AE1F4	thumb	AnimTask_ElectricBolt
0x080AE24C	thumb	AnimTask_ElectricBolt_Step
0x080AE3F4	thumb	AnimElectricBoltSegment
0x080AE444	thumb	AnimThunderWave
0x080AE4C8	thumb	AnimThunderWave_Step
0x080AE514	thumb	AnimTask_ElectricChargingParticles
0x080AE590	thumb	AnimTask_ElectricChargingParticles_Step
0x080AE6A4	thumb	AnimElectricChargingParticles_Step
0x080AE6D8	thumb	AnimElectricChargingParticles
0x080AE6F0	thumb	AnimGrowingChargeOrb
0x080AE748	thumb	AnimElectricPuff
0x080AE7B0	thumb	AnimVoltTackleOrbSlide
0x080AE810	thumb	AnimVoltTackleOrbSlide_Step
0x080AE874	thumb	AnimTask_VoltTackleAttackerReappear
0x080AE9E4	thumb	AnimTask_VoltTackleBolt
0x080AEB6C	thumb	CreateVoltTackleBolt
0x080AEC08	thumb	AnimVoltTackleBolt
0x080AEC54	thumb	AnimGrowingShockWaveOrb
0x080AECB4	thumb	AnimTask_ShockWaveProgressingBolt
0x080AEE48	thumb	CreateShockWaveBoltSprite
0x080AEF34	thumb	AnimShockWaveProgressingBolt
0x080AEF74	thumb	AnimTask_ShockWaveLightning
0x080AF02C	thumb	CreateShockWaveLightningSprite
0x080AF09C	thumb	AnimShockWaveLightning
0x080AF0DC	thumb	AnimUnusedIceCrystalThrow
0x080AF260	thumb	AnimUnusedIceCrystalThrow_Step
0x080AF2C4	thumb	AnimIcePunchSwirlingParticle
0x080AF304	thumb	AnimIceBeamParticle
0x080AF38C	thumb	AnimIceEffectParticle
0x080AF400	thumb	AnimFlickerIceEffectParticle
0x080AF43C	thumb	AnimSwirlingSnowball
0x080AF578	thumb	AnimSwirlingSnowball_Step1
0x080AF5E0	thumb	AnimSwirlingSnowball_Step2
0x080AF664	thumb	AnimSwirlingSnowball_End
0x080AF6AC	thumb	AnimMoveParticleBeyondTarget
0x080AF7F0	thumb	AnimWiggleParticleTowardsTarget
0x080AF860	thumb	AnimWaveFromCenterOfTarget
0x080AF8E8	thumb	InitSwirlingFogAnim
0x080AFA20	thumb	AnimSwirlingFogAnim
0x080AFAB8	thumb	AnimTask_HazeScrollingFog
0x080AFB94	thumb	AnimTask_HazeScrollingFog_Step
0x080AFD20	thumb	AnimThrowMistBall
0x080AFD54	thumb	AnimTask_MistBallFog
0x080AFE38	thumb	AnimTask_MistBallFog_Step
0x080AFFA8	thumb	InitPoisonGasCloudAnim
0x080B011C	thumb	MovePoisonGasCloud
0x080B0360	thumb	AnimTask_Hail
0x080B037C	thumb	AnimTask_Hail2
0x080B042C	thumb	GenerateHailParticle
0x080B05A0	thumb	AnimHailBegin
0x080B0684	thumb	AnimHailContinue
0x080B06D0	thumb	InitIceBallAnim
0x080B0764	thumb	AnimThrowIceBall
0x080B0794	thumb	InitIceBallParticle
0x080B07F8	thumb	AnimIceBallParticle
0x080B0844	thumb	AnimTask_GetRolloutCounter
0x080B0874	thumb	AnimUnusedHumanoidFoot
0x080B08B0	thumb	AnimSlideHandOrFootToTarget
0x080B08FC	thumb	AnimJumpKick
0x080B0928	thumb	AnimBasicFistOrFoot
0x080B0978	thumb	AnimFistOrFootRandomPos
0x080B0B00	thumb	AnimFistOrFootRandomPos_Step
0x080B0B54	thumb	AnimCrossChopHand
0x080B0BAC	thumb	AnimCrossChopHand_Step
0x080B0BFC	thumb	AnimSlidingKick
0x080B0C88	thumb	AnimSlidingKick_Step
0x080B0CC0	thumb	AnimSpinningKickOrPunch
0x080B0CF8	thumb	AnimSpinningKickOrPunchFinish
0x080B0D2C	thumb	AnimStompFoot
0x080B0D50	thumb	AnimStompFootStep
0x080B0DA8	thumb	AnimStompFootEnd
0x080B0DC4	thumb	AnimDizzyPunchDuck
0x080B0E54	thumb	AnimBrickBreakWall
0x080B0EC4	thumb	AnimBrickBreakWall_Step
0x080B0F3C	thumb	AnimBrickBreakWallShard
0x080B1024	thumb	AnimBrickBreakWallShard_Step
0x080B1050	thumb	AnimSuperpowerOrb
0x080B10F0	thumb	AnimSuperpowerOrb_Step
0x080B115C	thumb	AnimSuperpowerRock
0x080B11B8	thumb	AnimSuperpowerRock_Step1
0x080B1278	thumb	AnimSuperpowerRock_Step2
0x080B12BC	thumb	AnimSuperpowerFireball
0x080B13A8	thumb	AnimArmThrustHit_Step
0x080B13CC	thumb	AnimArmThrustHit
0x080B1458	thumb	AnimRevengeScratch
0x080B14C4	thumb	AnimFocusPunchFist
0x080B1504	thumb	AnimTask_MoveSkyUppercutBg
0x080B15F4	thumb	AnimSludgeProjectile
0x080B1658	thumb	AnimSludgeProjectile_Step
0x080B1674	thumb	AnimAcidPoisonBubble
0x080B16FC	thumb	AnimAcidPoisonBubble_Step
0x080B1718	thumb	AnimSludgeBombHitParticle
0x080B176C	thumb	AnimSludgeBombHitParticle_Step
0x080B1798	thumb	AnimAcidPoisonDroplet
0x080B180C	thumb	AnimBubbleEffect
0x080B1874	thumb	AnimBubbleEffect_Step
0x080B18B8	thumb	AnimEllipticalGust
0x080B18E0	thumb	AnimEllipticalGust_Step
0x080B1920	thumb	AnimTask_AnimateGustTornadoPalette
0x080B1960	thumb	AnimTask_AnimateGustTornadoPalette_Step
0x080B19F0	thumb	AnimGustToTarget
0x080B1A70	thumb	AnimGustToTarget_Step
0x080B1A8C	thumb	AnimAirWaveCrescent
0x080B1B84	thumb	AnimFlyBallUp
0x080B1BCC	thumb	AnimFlyBallUp_Step
0x080B1C10	thumb	AnimFlyBallAttack
0x080B1C94	thumb	AnimFlyBallAttack_Step
0x080B1D10	thumb	DestroyAnimSpriteAfterTimer
0x080B1D5C	thumb	AnimFallingFeather
0x080B1F68	thumb	AnimFallingFeather_Step
0x080B2494	thumb	AnimUnusedBubbleThrow
0x080B24E8	thumb	AnimUnusedFeather
0x080B2660	thumb	AnimUnusedFeather_Step
0x080B2754	thumb	AnimWhirlwindLine
0x080B27F4	thumb	AnimWhirlwindLine_Step
0x080B283C	thumb	AnimTask_DrillPeckHitSplats
0x080B28E8	thumb	AnimBounceBallShrink
0x080B2948	thumb	AnimBounceBallLand
0x080B29DC	thumb	AnimDiveBall
0x080B2A24	thumb	AnimDiveBall_Step1
0x080B2A84	thumb	AnimDiveBall_Step2
0x080B2AC8	thumb	AnimDiveWaterSplash
0x080B2BAC	thumb	AnimSprayWaterDroplet
0x080B2C5C	thumb	AnimSprayWaterDroplet_Step
0x080B2CB8	thumb	AnimUnusedFlashingLight
0x080B2CCC	thumb	AnimUnusedFlashingLight_Step
0x080B2D38	thumb	AnimSkyAttackBird
0x080B2DF4	thumb	AnimSkyAttackBird_Step
0x080B2E38	thumb	AnimTask_SetAttackerVisibility
0x080B2EA0	thumb	AnimDefensiveWall
0x080B2FE0	thumb	AnimDefensiveWall_Step2
0x080B3018	thumb	AnimDefensiveWall_Step3
0x080B3084	thumb	AnimDefensiveWall_Step4
0x080B313C	thumb	AnimDefensiveWall_Step5
0x080B31A4	thumb	AnimWallSparkle
0x080B324C	thumb	AnimBentSpoon
0x080B32C8	thumb	AnimQuestionMark
0x080B3358	thumb	AnimQuestionMark_Step1
0x080B338C	thumb	AnimQuestionMark_Step2
0x080B33EC	thumb	AnimTask_MeditateStretchAttacker
0x080B3428	thumb	AnimTask_MeditateStretchAttacker_Step
0x080B3454	thumb	AnimTask_Teleport
0x080B34B0	thumb	AnimTask_Teleport_Step
0x080B3558	thumb	AnimTask_ImprisonOrbs
0x080B35EC	thumb	AnimTask_ImprisonOrbs_Step
0x080B3778	thumb	AnimRedX_Step
0x080B37C0	thumb	AnimRedX
0x080B3808	thumb	AnimTask_SkillSwap
0x080B3954	thumb	AnimTask_SkillSwap_Step
0x080B3A08	thumb	AnimSkillSwapOrb
0x080B3A2C	thumb	AnimTask_ExtrasensoryDistortion
0x080B3B4C	thumb	AnimTask_ExtrasensoryDistortion_Step
0x080B3C4C	thumb	AnimTask_TransparentCloneGrowAndShrink
0x080B3D4C	thumb	AnimTask_TransparentCloneGrowAndShrink_Step
0x080B3E58	thumb	AnimPsychoBoost
0x080B3F80	thumb	AnimMegahornHorn
0x080B4050	thumb	AnimLeechLifeNeedle
0x080B40FC	thumb	AnimTranslateWebThread
0x080B4194	thumb	AnimTranslateWebThread_Step
0x080B41CC	thumb	AnimStringWrap
0x080B4248	thumb	AnimStringWrap_Step
0x080B4294	thumb	AnimSpiderWeb
0x080B42BC	thumb	AnimSpiderWeb_Step
0x080B4318	thumb	AnimSpiderWeb_End
0x080B4338	thumb	AnimTranslateStinger
0x080B4468	thumb	AnimMissileArc
0x080B44E4	thumb	AnimMissileArc_Step
0x080B45AC	thumb	AnimTailGlowOrb
0x080B4608	thumb	AnimFallingRock
0x080B4688	thumb	AnimFallingRock_Step
0x080B46CC	thumb	AnimRockFragment
0x080B4750	thumb	AnimParticleInVortex
0x080B4798	thumb	AnimParticleInVortex_Step
0x080B47E4	thumb	AnimTask_LoadSandstormBackground
0x080B48E0	thumb	AnimTask_LoadSandstormBackground_Step
0x080B4A7C	thumb	AnimFlyingSandCrescent
0x080B4B60	thumb	AnimRaiseSprite
0x080B4BA4	thumb	AnimTask_Rollout
0x080B4CD4	thumb	AnimTask_Rollout_Step
0x080B4E44	thumb	CreateRolloutDirtSprite
0x080B4F4C	thumb	AnimRolloutParticle
0x080B4F8C	thumb	GetRolloutCounter
0x080B4FB8	thumb	AnimRockTomb
0x080B4FF8	thumb	AnimRockTomb_Step
0x080B5048	thumb	AnimRockBlastRock
0x080B5074	thumb	AnimRockScatter
0x080B50CC	thumb	AnimRockScatter_Step
0x080B511C	thumb	AnimTask_GetSeismicTossDamageLevel
0x080B515C	thumb	AnimTask_MoveSeismicTossBg
0x080B51C0	thumb	AnimTask_SeismicTossBgAccelerateDownAtEnd
0x080B523C	thumb	AnimConfuseRayBallBounce
0x080B52A4	thumb	AnimConfuseRayBallBounce_Step1
0x080B5318	thumb	AnimConfuseRayBallBounce_Step2
0x080B5394	thumb	UpdateConfuseRayBallBlend
0x080B5424	thumb	AnimConfuseRayBallSpiral
0x080B5444	thumb	AnimConfuseRayBallSpiral_Step
0x080B54BC	thumb	AnimTask_NightShadeClone
0x080B5544	thumb	AnimTask_NightShadeClone_Step1
0x080B559C	thumb	AnimTask_NightShadeClone_Step2
0x080B5610	thumb	AnimShadowBall
0x080B56B8	thumb	AnimShadowBall_Step
0x080B57CC	thumb	AnimLick
0x080B57E4	thumb	AnimLick_Step
0x080B5880	thumb	AnimTask_NightmareClone
0x080B59A8	thumb	AnimTask_NightmareClone_Step
0x080B5A80	thumb	AnimTask_SpiteTargetShadow
0x080B5AA8	thumb	AnimTask_SpiteTargetShadow_Step1
0x080B5D0C	thumb	AnimTask_SpiteTargetShadow_Step2
0x080B5DA0	thumb	AnimTask_SpiteTargetShadow_Step3
0x080B5E94	thumb	AnimDestinyBondWhiteShadow
0x080B5FB4	thumb	AnimDestinyBondWhiteShadow_Step
0x080B5FF4	thumb	AnimTask_DestinyBondWhiteShadow
0x080B6210	thumb	AnimTask_DestinyBondWhiteShadow_Step
0x080B6388	thumb	AnimTask_CurseStretchingBlackBg
0x080B643C	thumb	AnimTask_CurseStretchingBlackBg_Step1
0x080B65C4	thumb	AnimTask_CurseStretchingBlackBg_Step2
0x080B6620	thumb	AnimCurseNail
0x080B667C	thumb	AnimCurseNail_Step1
0x080B66FC	thumb	AnimCurseNail_Step2
0x080B6774	thumb	AnimCurseNail_End
0x080B67A8	thumb	AnimGhostStatusSprite
0x080B687C	thumb	AnimGhostStatusSprite_End
0x080B689C	thumb	AnimTask_GrudgeFlames
0x080B6940	thumb	AnimTask_GrudgeFlames_Step
0x080B6ACC	thumb	AnimGrudgeFlame
0x080B6B90	thumb	AnimTask_GhostGetOut
0x080B6BB8	thumb	AnimTask_GhostGetOut_Step1
0x080B6F04	thumb	AnimTask_GhostGetOut_Step2
0x080B6F98	thumb	AnimTask_GhostGetOut_Step3
0x080B712C	thumb	AnimMonMoveCircular
0x080B7184	thumb	AnimMonMoveCircular_Step
0x080B7230	thumb	AnimOutrageFlame
0x080B72CC	thumb	StartDragonFireTranslation
0x080B7380	thumb	AnimDragonRageFirePlume
0x080B73F0	thumb	AnimDragonFireToTarget
0x080B741C	thumb	AnimDragonDanceOrb
0x080B74AC	thumb	AnimDragonDanceOrb_Step
0x080B75B4	thumb	AnimTask_DragonDanceWaver
0x080B7684	thumb	AnimTask_DragonDanceWaver_Step
0x080B7740	thumb	UpdateDragonDanceScanlineEffect
0x080B77B8	thumb	AnimOverheatFlame
0x080B7868	thumb	AnimOverheatFlame_Step
0x080B78B4	thumb	AnimTask_AttackerFadeToInvisible
0x080B7928	thumb	AnimTask_AttackerFadeToInvisible_Step
0x080B79B0	thumb	AnimTask_AttackerFadeFromInvisible
0x080B79E8	thumb	AnimTask_AttackerFadeFromInvisible_Step
0x080B7A54	thumb	AnimTask_InitAttackerFadeFromInvisible
0x080B7AA0	thumb	AnimUnusedBagSteal
0x080B7B1C	thumb	AnimUnusedBagSteal_Step
0x080B7BA8	thumb	AnimBite
0x080B7BE4	thumb	AnimBite_Step1
0x080B7C24	thumb	AnimBite_Step2
0x080B7C5C	thumb	AnimTearDrop
0x080B7D5C	thumb	AnimTearDrop_Step
0x080B7D78	thumb	AnimTask_MoveAttackerMementoShadow
0x080B7F2C	thumb	AnimTask_MoveAttackerMementoShadow_Step
0x080B8044	thumb	AnimTask_MoveTargetMementoShadow
0x080B8294	thumb	AnimTask_MoveTargetMementoShadow_Step
0x080B8410	thumb	DoMementoShadowEffect
0x080B8540	thumb	SetAllBattlersSpritePriority
0x080B858C	thumb	AnimTask_InitMementoShadow
0x080B8638	thumb	AnimTask_MementoHandleBg
0x080B8684	thumb	AnimClawSlash
0x080B86C0	thumb	AnimTask_MetallicShine
0x080B88F4	thumb	AnimTask_MetallicShine_Step
0x080B8A48	thumb	AnimTask_SetGrayscaleOrOriginalPal
0x080B8B0C	thumb	GetIsDoomDesireHitTurn
0x080B8B40	thumb	AnimBonemerangProjectile
0x080B8BA8	thumb	AnimBonemerangProjectile_Step
0x080B8C0C	thumb	AnimBonemerangProjectile_End
0x080B8C28	thumb	AnimBoneHitProjectile
0x080B8C9C	thumb	AnimDirtScatter
0x080B8D2C	thumb	AnimMudSportDirt
0x080B8DBC	thumb	AnimMudSportDirtRising
0x080B8DF8	thumb	AnimMudSportDirtFalling
0x080B8E68	thumb	AnimTask_DigDownMovement
0x080B8EA8	thumb	AnimTask_DigBounceMovement
0x080B9060	thumb	AnimTask_DigDisappear
0x080B90C0	thumb	AnimTask_DigUpMovement
0x080B9100	thumb	AnimTask_DigSetVisibleUnderground
0x080B9184	thumb	AnimTask_DigRiseUpFromHole
0x080B928C	thumb	SetDigScanlineEffect
0x080B934C	thumb	AnimDirtPlumeParticle
0x080B93D4	thumb	AnimDirtPlumeParticle_Step
0x080B93F0	thumb	AnimDigDirtMound
0x080B9488	thumb	AnimTask_HorizontalShake
0x080B9558	thumb	AnimTask_ShakeTerrain
0x080B9650	thumb	AnimTask_ShakeBattlers
0x080B9734	thumb	SetBattlersXOffsetForShake
0x080B97AC	thumb	AnimTask_IsPowerOver99
0x080B97D4	thumb	AnimTask_PositionFissureBgOnBattler
0x080B987C	thumb	WaitForFissureCompletion
0x080B98D8	thumb	AnimConfusionDuck
0x080B9944	thumb	AnimConfusionDuck_Step
0x080B99A8	thumb	AnimSimplePaletteBlend
0x080B99E8	thumb	UnpackSelectedBattlePalettes
0x080B9A30	thumb	AnimSimplePaletteBlend_Step
0x080B9A50	thumb	AnimComplexPaletteBlend
0x080B9AA4	thumb	AnimComplexPaletteBlend_Step1
0x080B9B30	thumb	AnimComplexPaletteBlend_Step2
0x080B9B60	thumb	AnimCirclingSparkle
0x080B9BB0	thumb	AnimTask_BlendColorCycle
0x080B9C00	thumb	BlendColorCycle
0x080B9C50	thumb	AnimTask_BlendColorCycleLoop
0x080B9CB8	thumb	AnimTask_BlendColorCycleExclude
0x080B9D74	thumb	BlendColorCycleExclude
0x080B9DC4	thumb	AnimTask_BlendColorCycleExcludeLoop
0x080B9E2C	thumb	AnimTask_BlendColorCycleByTag
0x080B9E7C	thumb	BlendColorCycleByTag
0x080B9ED8	thumb	AnimTask_BlendColorCycleByTagLoop
0x080B9F40	thumb	AnimTask_FlashAnimTagWithColor
0x080B9FAC	thumb	AnimTask_FlashAnimTagWithColor_Step1
0x080BA064	thumb	AnimTask_FlashAnimTagWithColor_Step2
0x080BA0BC	thumb	AnimTask_InvertScreenColor
0x080BA140	thumb	AnimTask_TintPalettes
0x080BA250	thumb	AnimShakeMonOrBattleTerrain
0x080BA2F4	thumb	AnimShakeMonOrBattleTerrain_Step
0x080BA3A0	thumb	AnimShakeMonOrBattleTerrain_UpdateCoordOffsetEnabled
0x080BA450	thumb	AnimTask_ShakeBattleTerrain
0x080BA4A4	thumb	AnimTask_ShakeBattleTerrain_Step
0x080BA534	thumb	AnimHitSplatBasic
0x080BA57C	thumb	AnimHitSplatPersistent
0x080BA5CC	thumb	AnimHitSplatHandleInvert
0x080BA604	thumb	AnimHitSplatRandom
0x080BA69C	thumb	AnimHitSplatOnMonEdge
0x080BA70C	thumb	AnimCrossImpact
0x080BA754	thumb	AnimFlashingHitSplat
0x080BA790	thumb	AnimFlashingHitSplat_Step
0x080BA7CC	thumb	AnimTask_BlendBattleAnimPal
0x080BA810	thumb	AnimTask_BlendBattleAnimPalExclude
0x080BA908	thumb	AnimTask_SetCamouflageBlend
0x080BA9F4	thumb	AnimTask_BlendParticle
0x080BAA20	thumb	StartBlendAnimSpriteColor
0x080BAA64	thumb	AnimTask_BlendSpriteColor_Step2
0x080BAB0C	thumb	AnimTask_HardwarePaletteFade
0x080BAB4C	thumb	AnimTask_HardwarePaletteFade_Step
0x080BAB6C	thumb	AnimTask_TraceMonBlended
0x080BABA4	thumb	AnimTask_TraceMonBlended_Step
0x080BAC7C	thumb	AnimMonTrace
0x080BACC0	thumb	AnimTask_DrawFallingWhiteLinesOnAttacker
0x080BAF0C	thumb	AnimTask_DrawFallingWhiteLinesOnAttacker_Step
0x080BB05C	thumb	InitStatsChangeAnimation
0x080BB0AC	thumb	StatsChangeAnimation_Step1
0x080BB274	thumb	StatsChangeAnimation_Step2
0x080BB48C	thumb	StatsChangeAnimation_Step3
0x080BB634	thumb	AnimTask_Flash
0x080BB6A0	thumb	AnimTask_Flash_Step
0x080BB764	thumb	SetPalettesToColor
0x080BB7B0	thumb	AnimTask_BlendNonAttackerPalettes
0x080BB800	thumb	AnimTask_StartSlidingBg
0x080BB878	thumb	AnimTask_UpdateSlidingBg
0x080BB8F4	thumb	AnimTask_GetAttackerSide
0x080BB920	thumb	AnimTask_GetTargetSide
0x080BB94C	thumb	AnimTask_GetTargetIsAttackerPartner
0x080BB984	thumb	AnimTask_SetAllNonAttackersInvisiblity
0x080BB9F4	thumb	StartMonScrollingBgMask
0x080BBC00	thumb	UpdateMonScrollingBgMask
0x080BBDC4	thumb	AnimTask_GetBattleTerrain
0x080BBDE4	thumb	AnimTask_AllocBackupPalBuffer
0x080BBE10	thumb	AnimTask_FreeBackupPalBuffer
0x080BBE40	thumb	AnimTask_CopyPalUnfadedToBackup
0x080BBEDC	thumb	AnimTask_CopyPalUnfadedFromBackup
0x080BBF78	thumb	AnimTask_CopyPalFadedToUnfaded
0x080BC000	thumb	AnimTask_IsContest
0x080BC034	thumb	AnimTask_SetAnimAttackerAndTargetForEffectTgt
0x080BC064	thumb	AnimTask_IsTargetSameSide
0x080BC0B0	thumb	AnimTask_SetAnimTargetToBattlerTarget
0x080BC0D0	thumb	AnimTask_SetAnimAttackerAndTargetForEffectAtk
0x080BC100	thumb	AnimTask_SetAttackerInvisibleWaitForSignal
0x080BC170	thumb	AnimTask_WaitAndRestoreVisibility
0x080BC1CC	thumb	SetAnimBgAttribute
0x080BC2E0	thumb	GetAnimBgAttribute
0x080BC374	thumb	HandleIntroSlide
0x080BC3F0	thumb	BattleIntroSlideEnd
0x080BC450	thumb	BattleIntroSlide1
0x080BC69C	thumb	BattleIntroSlide2
0x080BC9A8	thumb	BattleIntroSlide3
0x080BCC20	thumb	BattleIntroSlideLink
0x080BCEC8	thumb	CopyBattlerSpriteToBg
0x080BCFA0	thumb	DrawBattlerOnBgDMA
0x080BD070	thumb	MovePlayerOnBike
0x080BD0A8	thumb	GetBikeTransitionId
0x080BD0D4	thumb	BikeInputHandler_Normal
0x080BD19C	thumb	BikeInputHandler_Turning
0x080BD1BC	thumb	BikeInputHandler_Slope
0x080BD250	thumb	BikeTransition_FaceDirection
0x080BD260	thumb	BikeTransition_TurnDirection
0x080BD29C	thumb	BikeTransition_MoveDirection
0x080BD32C	thumb	BikeTransition_Downhill
0x080BD354	thumb	BikeTransition_Uphill
0x080BD374	thumb	GetBikeCollision
0x080BD3E0	thumb	GetBikeCollisionAt
0x080BD434	thumb	RS_IsRunningDisallowed
0x080BD45C	thumb	IsRunningDisallowed
0x080BD48C	thumb	MetatileBehaviorForbidsBiking
0x080BD4C4	thumb	CanBikeFaceDirectionOnRail
0x080BD514	thumb	IsBikingDisallowedByPlayer
0x080BD560	thumb	IsPlayerNotUsingAcroBikeOnBumpySlope
0x080BD59C	thumb	GetOnOffBike
0x080BD5F4	thumb	BikeClearState
0x080BD624	thumb	Bike_UpdateBikeCounterSpeed
0x080BD638	thumb	Bike_SetBikeStill
0x080BD648	thumb	GetPlayerSpeed
0x080BD698	thumb	Bike_HandleBumpySlopeJump
0x080BD6EC	thumb	IsECGroupUnlocked
0x080BD728	thumb	EasyChat_GetNumWordsInGroup
0x080BD760	thumb	IsECWordInvalid
0x080BD7CC	thumb	GetEasyChatWord
0x080BD824	thumb	CopyEasyChatWord
0x080BD870	thumb	ConvertEasyChatWordsToString
0x080BD900	thumb	GetEasyChatWordStringLength
0x080BD948	thumb	EC_DoesEasyChatStringFitOnLine
0x080BD9BC	thumb	GetRandomWordFromGroup
0x080BDA14	thumb	GetRandomWordFromAnyGroup
0x080BDA50	thumb	ShowEasyChatMessage
0x080BDAF0	thumb	BufferRandomHobbyOrLifestyleString
0x080BDB1C	thumb	IsTrendySayingUnlocked
0x080BDB44	thumb	EnableRareWord
0x080BDB74	thumb	GetNumUnlockedTrendySayings
0x080BDBA0	thumb	UnlockRandomTrendySaying
0x080BDC14	thumb	GetRandomUnlockedTrendySaying
0x080BDC7C	thumb	EC_IsNationalPokedexEnabled
0x080BDC8C	thumb	GetRandomECPokemon
0x080BDD08	thumb	InitEasyChatPhrases
0x080BDDFC	thumb	InitQuestionnaireWords
0x080BDE18	thumb	InitEasyChatSelection
0x080BDE44	thumb	DestroyEasyChatSelectionData
0x080BDE5C	thumb	PopulateECGroups
0x080BDF0C	thumb	GetNumDisplayableGroups
0x080BDF18	thumb	GetSelectedGroupByIndex
0x080BDF40	thumb	BufferEasyChatWordGroupName
0x080BDF84	thumb	GetEasyChatWordGroupName
0x080BDF94	thumb	CopyEasyChatWordPadded
0x080BDFCC	thumb	PopulateAlphabeticalGroups
0x080BE140	thumb	GetUnlockedECWords
0x080BE170	thumb	GetDisplayedWordByIndex
0x080BE1A8	thumb	GetNumDisplayedWords
0x080BE1BC	thumb	GetUnlockedWordsInECGroup
0x080BE2CC	thumb	GetUnlockedWordsInAlphabeticalGroup
0x080BE340	thumb	IsGroupSelectable
0x080BE378	thumb	UnlockedECMonOrMove
0x080BE3EC	thumb	EC_IsDeoxys
0x080BE414	thumb	IsWordUnlocked
0x080BE440	thumb	InitMonMarkingsMenu
0x080BE44C	thumb	BufferMenuWindowTiles
0x080BE494	thumb	BufferMenuFrameTiles
0x080BE5C4	thumb	BufferMonMarkingsMenuTiles
0x080BE5D8	thumb	OpenMonMarkingsMenu
0x080BE62C	thumb	FreeMonMarkingsMenu
0x080BE6C4	thumb	HandleMonMarkingsMenuInput
0x080BE7A0	thumb	CreateMonMarkingsMenuSprites
0x080BEA5C	thumb	SpriteCB_Dummy
0x080BEA60	thumb	SpriteCB_Marking
0x080BEA9C	thumb	SpriteCB_Cursor
0x080BEAB4	thumb	CreateMonMarkingAllCombosSprite
0x080BEAD4	thumb	CreateMonMarkingComboSprite
0x080BEAF4	thumb	CreateMarkingComboSprite
0x080BEBA4	thumb	UpdateMonMarkingTiles
0x080BEBC0	thumb	ReadMail
0x080BECEC	thumb	DoInitMailView
0x080BF0E4	thumb	CB2_InitMailView
0x080BF110	thumb	BufferMailMessage
0x080BF1F8	thumb	AddMailMessagePrinters
0x080BF328	thumb	VBlankCB_ShowMail
0x080BF33C	thumb	CB2_RunShowMailCB
0x080BF368	thumb	ShowMailCB_WaitFadeIn
0x080BF38C	thumb	ShowMailCB_WaitButton
0x080BF3C8	thumb	ShowMailCB_Teardown
0x080BF448	thumb	DisplayMessageAndContinueTask
0x080BF4EC	thumb	RunTextPrinters_CheckActive
0x080BF508	thumb	Task_ContinueTaskAfterMessagePrints
0x080BF534	thumb	Task_CallYesOrNoCallback
0x080BF5A4	thumb	CreateYesNoMenuWithCallbacks
0x080BF604	thumb	GetLRKeysPressed
0x080BF640	thumb	GetLRKeysPressedAndHeld
0x080BF67C	thumb	IsHoldingItemAllowed
0x080BF6AC	thumb	IsWritingMailAllowed
0x080BF6DC	thumb	MenuHelpers_IsLinkActive
0x080BF700	thumb	IsActiveOverworldLinkBusy
0x080BF71C	thumb	MenuHelpers_ShouldWaitForLinkRecv
0x080BF73C	thumb	SetVBlankHBlankCallbacksToNull
0x080BF750	thumb	ResetVramOamAndBgCntRegs
0x080BF79C	thumb	ResetAllBgsCoordinatesAndBgCntRegs
0x080BF81C	thumb	AdjustQuantityAccordingToDPadInput
0x080BF8B8	thumb	GetDialogBoxFontId
0x080BF8D0	thumb	ChoosePartyMon
0x080BF910	thumb	ChooseMonForMoveRelearner
0x080BF950	thumb	Task_ChoosePartyMon
0x080BF990	thumb	SelectMoveDeleterMove
0x080BF9DC	thumb	GetNumMovesSelectedMonHas
0x080BFA24	thumb	BufferMoveDeleterNicknameAndMove
0x080BFA7C	thumb	ShiftMoveSlot
0x080BFB7C	thumb	MoveDeleterForgetMove
0x080BFBE8	thumb	IsSelectedMonEgg
0x080BFC24	thumb	GetHealLocationIndexFromMapGroupAndNum
0x080BFC5C	thumb	GetHealLocationPointerFromMapGroupAndNum
0x080BFC84	thumb	GetHealLocation
0x080BFCA4	thumb	SetWhiteoutRespawnWarpAndHealerNpc
0x080BFDD4	thumb	SetWhiteoutRespawnHealerNpcAsLastTalked
0x080BFDEC	thumb	RegionMap_DarkenPalette
0x080BFE74	thumb	TintMapEdgesPalette
0x080BFEB0	thumb	InitRegionMap
0x080BFF24	thumb	InitRegionMapWithExitCB
0x080BFFA4	thumb	InitRegionMapType
0x080C00D4	thumb	CB2_OpenRegionMap
0x080C020C	thumb	LoadRegionMapGfx
0x080C03BC	thumb	CreateMainMapTask
0x080C03E4	thumb	SelectedMapsecSEEnabled
0x080C0424	thumb	PlaySEForSelectedMapsec
0x080C04B8	thumb	Task_RegionMap
0x080C07A4	thumb	SetMainMapTask
0x080C07B8	thumb	GetMainMapTask
0x080C07CC	thumb	SaveMainMapTask
0x080C07F4	thumb	FreeRegionMap
0x080C086C	thumb	FreeRegionMapForFlyMap
0x080C0888	thumb	CB2_RegionMap
0x080C08A0	thumb	VBlankCB_RegionMap
0x080C08B4	thumb	NullVBlankHBlankCallbacks
0x080C08C8	thumb	SetRegionMapVBlankCB
0x080C08D8	thumb	InitRegionMapBgs
0x080C0A00	thumb	SetBgTilemapBuffers
0x080C0A40	thumb	ResetOamForRegionMap
0x080C0A5C	thumb	SetBg0andBg3Hidden
0x080C0A8C	thumb	UpdateMapsecNameBox
0x080C0AEC	thumb	DisplayCurrentMapName
0x080C0B70	thumb	DrawDungeonNameBox
0x080C0B84	thumb	DisplayCurrentDungeonName
0x080C0C74	thumb	ClearMapsecNameText
0x080C0C9C	thumb	BufferRegionMapBg
0x080C0DD8	thumb	GetRegionMapPermission
0x080C0DF4	thumb	GetSelectedRegionMap
0x080C0E08	thumb	GetRegionMapPlayerIsOn
0x080C0E1C	thumb	SetSelectedRegionMap
0x080C0E30	thumb	SetRegionMapPlayerIsOn
0x080C0E44	thumb	InitSwitchMapMenu
0x080C0FB4	thumb	ResetGpuRegsForSwitchMapMenu
0x080C0FE8	thumb	FadeSwitchMapMenuIn
0x080C102C	thumb	FadeSwitchMapMenuOut
0x080C106C	thumb	Task_SwitchMapMenu
0x080C1254	thumb	FreeSwitchMapMenu
0x080C12C0	thumb	BrightenScreenForSwitchMapMenu
0x080C12F8	thumb	LoadSwitchMapTilemap
0x080C1364	thumb	SetGpuRegsToDimScreen
0x080C1420	thumb	DimScreenForSwitchMapMenu
0x080C144C	thumb	HandleSwitchMapInput
0x080C168C	thumb	SpriteCB_SwitchMapCursor
0x080C16A4	thumb	CreateSwitchMapCursor
0x080C1728	thumb	CreateSwitchMapCursorSubsprite
0x080C1740	thumb	CreateSwitchMapCursorSubsprite_
0x080C1854	thumb	FreeSwitchMapCursor
0x080C18B4	thumb	GetDungeonFlavorText
0x080C18F4	thumb	GetDungeonName
0x080C1930	thumb	InitDungeonMapPreview
0x080C19D0	thumb	LoadMapPreviewGfx
0x080C1A68	thumb	Task_DungeonMapPreview
0x080C1BB4	thumb	Task_DrawDungeonMapPreviewFlavorText
0x080C1DE8	thumb	FreeDungeonMapPreview
0x080C1E4C	thumb	CopyMapPreviewTilemapToBgTilemapBuffer
0x080C1E68	thumb	InitScreenForDungeonMapPreview
0x080C1F54	thumb	UpdateDungeonMapPreview
0x080C20DC	thumb	SpriteCB_MapEdge
0x080C20E0	thumb	CreateMapEdgeSprite
0x080C21DC	thumb	InitMapOpenAnim
0x080C2298	thumb	SetMapEdgeInvisibility
0x080C2318	thumb	LoadMapEdgeGfx
0x080C2490	thumb	InitScreenForMapOpenAnim
0x080C2510	thumb	SetGpuRegsToFadeMapToWhite
0x080C2568	thumb	FinishMapOpenAnim
0x080C2590	thumb	FreeMapOpenCloseAnim
0x080C25D8	thumb	FreeMapEdgeSprites
0x080C2650	thumb	Task_MapOpenAnim
0x080C2978	thumb	MoveMapEdgesOutward
0x080C2B1C	thumb	SetGpuWindowDimsToMapEdges
0x080C2B70	thumb	InitScreenForMapCloseAnim
0x080C2BF0	thumb	DoMapCloseAnim
0x080C2C0C	thumb	CreateMapEdgeSprites
0x080C2C50	thumb	Task_MapCloseAnim
0x080C2DF0	thumb	MoveMapEdgesInward
0x080C2F94	thumb	SpriteCB_MapCursor
0x080C2FDC	thumb	CreateMapCursor
0x080C3070	thumb	CreateMapCursorSprite
0x080C3128	thumb	SetMapCursorInvisibility
0x080C314C	thumb	ResetCursorSnap
0x080C315C	thumb	FreeMapCursor
0x080C3194	thumb	HandleRegionMapInput
0x080C331C	thumb	MoveMapCursor
0x080C33D4	thumb	GetRegionMapInput
0x080C33EC	thumb	SnapToIconOrButton
0x080C34DC	thumb	GetMapCursorX
0x080C34E8	thumb	GetMapCursorY
0x080C34F4	thumb	GetMapsecUnderCursor
0x080C3554	thumb	GetDungeonMapsecUnderCursor
0x080C35B0	thumb	GetMapsecType
0x080C384C	thumb	GetDungeonMapsecType
0x080C3A9C	thumb	GetSelectedMapsecType
0x080C3AD4	thumb	GetPlayerCurrentMapSectionId
0x080C3AFC	thumb	GetPlayerPositionOnRegionMap
0x080C3D14	thumb	GetPlayerPositionOnRegionMap_HandleOverrides
0x080C4138	thumb	GetSelectedMapSection
0x080C41AC	thumb	CreatePlayerIcon
0x080C4218	thumb	CreatePlayerIconSprite
0x080C42F8	thumb	SetPlayerIconInvisibility
0x080C431C	thumb	FreePlayerIcon
0x080C4354	thumb	GetPlayerIconX
0x080C4360	thumb	GetPlayerIconY
0x080C436C	thumb	InitMapIcons
0x080C43E0	thumb	LoadMapIcons
0x080C44B8	thumb	FinishMapIconLoad
0x080C44E0	thumb	CreateFlyIconSprite
0x080C45E8	thumb	CreateDungeonIconSprite
0x080C4724	thumb	CreateFlyIcons
0x080C47C4	thumb	CreateDungeonIcons
0x080C4890	thumb	SetFlyIconInvisibility
0x080C4934	thumb	SetDungeonIconInvisibility
0x080C49D8	thumb	FreeMapIcons
0x080C4A80	thumb	SaveRegionMapGpuRegs
0x080C4B04	thumb	SetRegionMapGpuRegs
0x080C4B8C	thumb	FreeRegionMapGpuRegs
0x080C4BB8	thumb	ResetGpuRegs
0x080C4C00	thumb	SetBldCnt
0x080C4C1C	thumb	SetBldY
0x080C4C30	thumb	SetBldAlpha
0x080C4C48	thumb	SetWinIn
0x080C4C5C	thumb	SetWinOut
0x080C4C70	thumb	SetDispCnt
0x080C4CC4	thumb	SetGpuWindowDims
0x080C4D04	thumb	FreeAndResetGpuRegs
0x080C4D14	thumb	IsCeladonDeptStoreMapsec
0x080C4D4C	thumb	GetMapName
0x080C4DCC	thumb	GetMapNameGeneric
0x080C4DDC	thumb	GetMapNameGeneric_
0x080C4DEC	thumb	PrintTopBarTextLeft
0x080C4E48	thumb	PrintTopBarTextRight
0x080C4EA4	thumb	ClearOrDrawTopBar
0x080C4ECC	thumb	CB2_OpenFlyMap
0x080C4EDC	thumb	Task_FlyMap
0x080C51BC	thumb	InitFlyMap
0x080C51DC	thumb	FreeFlyMap
0x080C5250	thumb	SetFlyWarpDestination
0x080C52A4	thumb	ApplyImageProcessingEffects
0x080C5430	thumb	ApplyImageEffect_RedChannelGrayscale
0x080C54E8	thumb	ApplyImageEffect_RedChannelGrayscaleHighlight
0x080C55A8	thumb	ApplyImageEffect_Pointillism
0x080C55C8	thumb	ApplyImageEffect_Grayscale
0x080C5660	thumb	ApplyImageEffect_Blur
0x080C571C	thumb	ApplyImageEffect_PersonalityColor
0x080C57C0	thumb	ApplyImageEffect_BlackAndWhite
0x080C5858	thumb	ApplyImageEffect_BlackOutline
0x080C59A8	thumb	ApplyImageEffect_Invert
0x080C5A40	thumb	ApplyImageEffect_Shimmer
0x080C5B70	thumb	ApplyImageEffect_BlurRight
0x080C5C18	thumb	ApplyImageEffect_BlurDown
0x080C5CCC	thumb	AddPointillismPoints
0x080C5EA0	thumb	ConvertColorToGrayscale
0x080C5ED4	thumb	QuantizePixel_PersonalityColor
0x080C5F10	thumb	GetColorFromPersonality
0x080C5FE0	thumb	QuantizePixel_BlackAndWhite
0x080C6010	thumb	QuantizePixel_BlackOutline
0x080C6040	thumb	QuantizePixel_Invert
0x080C606C	thumb	QuantizePixel_MotionBlur
0x080C6190	thumb	QuantizePixel_Blur
0x080C62B0	thumb	QuantizePixel_BlurHard
0x080C63D0	thumb	ConvertImageProcessingToGBA
0x080C651C	thumb	ApplyImageProcessingQuantization
0x080C65E8	thumb	SetPresetPalette_PrimaryColors
0x080C6690	thumb	SetPresetPalette_BlackAndWhite
0x080C66AC	thumb	SetPresetPalette_GrayscaleSmall
0x080C66E8	thumb	SetPresetPalette_Grayscale
0x080C671C	thumb	QuantizePalette_Standard
0x080C6874	thumb	QuantizePalette_BlackAndWhite
0x080C692C	thumb	QuantizePalette_GrayscaleSmall
0x080C69DC	thumb	QuantizePalette_Grayscale
0x080C6A8C	thumb	QuantizePalette_PrimaryColors
0x080C6B3C	thumb	QuantizePixel_Standard
0x080C6BB0	thumb	QuantizePixel_PrimaryColors
0x080C6C80	thumb	QuantizePixel_GrayscaleSmall
0x080C6CB4	thumb	QuantizePixel_Grayscale
0x080C6CE0	thumb	BattleAI_HandleItemUseBeforeAISetup
0x080C6D74	thumb	BattleAI_SetupAIData
0x080C6F18	thumb	BattleAI_ChooseMoveOrAction
0x080C700C	thumb	BattleAI_DoAIProcessing
0x080C7138	thumb	RecordLastUsedMoveByTarget
0x080C717C	thumb	ClearBattlerMoveHistory
0x080C71A4	thumb	RecordAbilityBattle
0x080C71DC	thumb	RecordItemEffectBattle
0x080C7214	thumb	Cmd_if_random_less_than
0x080C7254	thumb	Cmd_if_random_greater_than
0x080C7294	thumb	Cmd_if_random_equal
0x080C72D4	thumb	Cmd_if_random_not_equal
0x080C7314	thumb	Cmd_score
0x080C7358	thumb	Cmd_if_hp_less_than
0x080C73C0	thumb	Cmd_if_hp_more_than
0x080C7428	thumb	Cmd_if_hp_equal
0x080C7490	thumb	Cmd_if_hp_not_equal
0x080C74F8	thumb	Cmd_if_status
0x080C756C	thumb	Cmd_if_not_status
0x080C75E0	thumb	Cmd_if_status2
0x080C7654	thumb	Cmd_if_not_status2
0x080C76C8	thumb	Cmd_if_status3
0x080C7738	thumb	Cmd_if_not_status3
0x080C77A8	thumb	Cmd_if_side_affecting
0x080C7824	thumb	Cmd_if_not_side_affecting
0x080C78A0	thumb	Cmd_if_less_than
0x080C78DC	thumb	Cmd_if_more_than
0x080C7918	thumb	Cmd_if_equal
0x080C7954	thumb	Cmd_if_not_equal
0x080C7990	thumb	Cmd_if_less_than_ptr
0x080C79E4	thumb	Cmd_if_more_than_ptr
0x080C7A38	thumb	Cmd_if_equal_ptr
0x080C7A8C	thumb	Cmd_if_not_equal_ptr
0x080C7AE0	thumb	Cmd_if_move
0x080C7B24	thumb	Cmd_if_not_move
0x080C7B68	thumb	Cmd_if_in_bytes
0x080C7BD0	thumb	Cmd_if_not_in_bytes
0x080C7C3C	thumb	Cmd_if_in_hwords
0x080C7CA8	thumb	Cmd_if_not_in_hwords
0x080C7D18	thumb	Cmd_if_user_has_attacking_move
0x080C7D88	thumb	Cmd_if_user_has_no_attacking_moves
0x080C7DF8	thumb	Cmd_get_turn_count
0x080C7E1C	thumb	Cmd_get_type
0x080C7F0C	thumb	Cmd_get_considered_move_power
0x080C7F38	thumb	Cmd_get_how_powerful_move_is
0x080C813C	thumb	Cmd_get_last_used_battler_move
0x080C8194	thumb	Cmd_if_equal_
0x080C81D0	thumb	Cmd_if_not_equal_
0x080C820C	thumb	Cmd_if_would_go_first
0x080C8258	thumb	Cmd_if_would_not_go_first
0x080C82A4	thumb	Cmd_nullsub_2A
0x080C82A8	thumb	Cmd_nullsub_2B
0x080C82AC	thumb	Cmd_count_alive_pokemon
0x080C83A8	thumb	Cmd_get_considered_move
0x080C83C4	thumb	Cmd_get_considered_move_effect
0x080C83F0	thumb	Cmd_get_ability
0x080C8508	thumb	Cmd_get_highest_type_effectiveness
0x080C85F4	thumb	Cmd_if_type_effectiveness
0x080C86C4	thumb	Cmd_nullsub_32
0x080C86C8	thumb	Cmd_nullsub_33
0x080C86CC	thumb	Cmd_if_status_in_party
0x080C8790	thumb	Cmd_if_status_not_in_party
0x080C8854	thumb	Cmd_get_weather
0x080C88C0	thumb	Cmd_if_effect
0x080C890C	thumb	Cmd_if_not_effect
0x080C8958	thumb	Cmd_if_stat_level_less_than
0x080C89C0	thumb	Cmd_if_stat_level_more_than
0x080C8A28	thumb	Cmd_if_stat_level_equal
0x080C8A90	thumb	Cmd_if_stat_level_not_equal
0x080C8AF8	thumb	Cmd_if_can_faint
0x080C8BF4	thumb	Cmd_if_cant_faint
0x080C8CD8	thumb	Cmd_if_has_move
0x080C8DB4	thumb	Cmd_if_doesnt_have_move
0x080C8E90	thumb	Cmd_if_has_move_with_effect
0x080C8F84	thumb	Cmd_if_doesnt_have_move_with_effect
0x080C905C	thumb	Cmd_if_any_move_disabled_or_encored
0x080C90E4	thumb	Cmd_if_curr_move_disabled_or_encored
0x080C9174	thumb	Cmd_flee
0x080C9188	thumb	Cmd_if_random_safari_flee
0x080C9224	thumb	Cmd_watch
0x080C9238	thumb	Cmd_get_hold_effect
0x080C92B8	thumb	Cmd_get_gender
0x080C9310	thumb	Cmd_is_first_turn_for
0x080C935C	thumb	Cmd_get_stockpile_count
0x080C93A8	thumb	Cmd_is_double_battle
0x080C93D0	thumb	Cmd_get_used_held_item
0x080C941C	thumb	Cmd_get_move_type_from_result
0x080C9448	thumb	Cmd_get_move_power_from_result
0x080C9474	thumb	Cmd_get_move_effect_from_result
0x080C94A0	thumb	Cmd_get_protect_count
0x080C94EC	thumb	Cmd_nullsub_52
0x080C94F0	thumb	Cmd_nullsub_53
0x080C94F4	thumb	Cmd_nullsub_54
0x080C94F8	thumb	Cmd_nullsub_55
0x080C94FC	thumb	Cmd_nullsub_56
0x080C9500	thumb	Cmd_nullsub_57
0x080C9504	thumb	Cmd_call
0x080C9534	thumb	Cmd_goto
0x080C9554	thumb	Cmd_end
0x080C9578	thumb	Cmd_if_level_compare
0x080C9650	thumb	Cmd_if_target_taunted
0x080C96A0	thumb	Cmd_if_target_not_taunted
0x080C96F0	thumb	AIStackPushVar
0x080C9714	thumb	AIStackPushVar_cursor
0x080C973C	thumb	AIStackPop
0x080C977C	thumb	CheckObjectGraphicsInFrontOfPlayer
0x080C97D0	thumb	CreateFieldEffectShowMon
0x080C97F4	thumb	Task_FieldEffectShowMon_Init
0x080C9884	thumb	Task_FieldEffectShowMon_WaitPlayerAnim
0x080C98D0	thumb	Task_FieldEffectShowMon_WaitFldeff
0x080C9974	thumb	Task_FieldEffectShowMon_Cleanup
0x080C99AC	thumb	SetUpFieldMove_RockSmash
0x080C99E4	thumb	FieldCallback_UseRockSmash
0x080C9A04	thumb	FldEff_UseRockSmash
0x080C9A34	thumb	StartRockSmashFieldEffect
0x080C9A4C	thumb	SetUpFieldMove_Dig
0x080C9A80	thumb	FieldCallback_Dig
0x080C9AA0	thumb	FldEff_UseDig
0x080C9AD0	thumb	StartDigFieldEffect
0x080C9B00	thumb	SetUpFieldMove_Flash
0x080C9B48	thumb	FieldCallback_Flash
0x080C9B84	thumb	FldEff_UseFlash
0x080C9BA4	thumb	CB2_ChangeMapMain
0x080C9BBC	thumb	VBC_ChangeMapVBlank
0x080C9BD0	thumb	CB2_DoChangeMap
0x080C9CBC	thumb	TryDoMapTransition
0x080C9D50	thumb	MapTransitionIsEnter
0x080C9DA0	thumb	MapTransitionIsExit
0x080C9DF0	thumb	FlashTransition_Exit
0x080C9E04	thumb	Task_FlashTransition_Exit_0
0x080C9E20	thumb	Task_FlashTransition_Exit_1
0x080C9EC4	thumb	Task_FlashTransition_Exit_2
0x080C9F0C	thumb	Task_FlashTransition_Exit_3
0x080C9F74	thumb	Task_FlashTransition_Exit_4
0x080C9FA8	thumb	FlashTransition_Enter
0x080C9FBC	thumb	Task_FlashTransition_Enter_0
0x080C9FD8	thumb	Task_FlashTransition_Enter_1
0x080CA078	thumb	Task_FlashTransition_Enter_2
0x080CA0DC	thumb	Task_FlashTransition_Enter_3
0x080CA134	thumb	RunMapPreviewScreen
0x080CA164	thumb	Task_MapPreviewScreen_0
0x080CA2B8	thumb	EnterHallOfFame
0x080CA398	thumb	SetCB2WhiteOut
0x080CA3AC	thumb	GetPokedexCount
0x080CA3F8	thumb	GetProfOaksRatingMessageByCount
0x080CA4F8	thumb	GetProfOaksRatingMessage
0x080CA510	thumb	Task_WaitFadeAndSetCallback
0x080CA548	thumb	HallOfFamePCBeginFade
0x080CA574	thumb	ReturnFromHallOfFamePC
0x080CA594	thumb	ReshowPCMenuAfterHallOfFamePC
0x080CA5CC	thumb	Task_WaitForPaletteFade
0x080CA5EC	thumb	ShowDiploma
0x080CA604	thumb	ForcePlayerOntoBike
0x080CA634	thumb	ResetCyclingRoadChallengeData
0x080CA638	thumb	GetPlayerAvatarBike
0x080CA660	thumb	ShowFieldMessageStringVar4
0x080CA670	thumb	GetPlayerXY
0x080CA690	thumb	GetPlayerTrainerIdOnesDigit
0x080CA6B0	thumb	BufferBigGuyOrBigGirlString
0x080CA6E8	thumb	BufferSonOrDaughterString
0x080CA720	thumb	GetBattleOutcome
0x080CA72C	thumb	SetHiddenItemFlag
0x080CA740	thumb	GetLeadMonFriendship
0x080CA7C0	thumb	ShowTownMap
0x080CA7D8	thumb	PlayerHasGrassPokemonInParty
0x080CA840	thumb	AnimatePcTurnOn
0x080CA87C	thumb	Task_AnimatePcTurnOn
0x080CA8CC	thumb	PcTurnOnUpdateMetatileId
0x080CA97C	thumb	AnimatePcTurnOff
0x080CAA08	thumb	SpawnCameraObject
0x080CAA5C	thumb	RemoveCameraObject
0x080CAA80	thumb	BufferEReaderTrainerName
0x080CAA90	thumb	GetRandomSlotMachineId
0x080CAAB4	thumb	LeadMonHasEffortRibbon
0x080CAADC	thumb	GiveLeadMonEffortRibbon
0x080CAB18	thumb	AreLeadMonEVsMaxedOut
0x080CAB4C	thumb	IsStarterFirstStageInParty
0x080CABA4	thumb	IsThereRoomInAnyBoxForMorePokemon
0x080CABDC	thumb	IsPokerusInParty
0x080CABFC	thumb	ShakeScreen
0x080CAC58	thumb	Task_ShakeScreen
0x080CACBC	thumb	Task_EndScreenShake
0x080CACD0	thumb	GetLeadMonIndex
0x080CAD28	thumb	GetPartyMonSpecies
0x080CAD50	thumb	IsMonOTNameNotPlayers
0x080CAD94	thumb	NullFieldSpecial
0x080CAD98	thumb	DoPicboxCancel
0x080CADC0	thumb	SetVermilionTrashCans
0x080CB028	thumb	IncrementResortGorgeousStepCounter
0x080CB07C	thumb	SampleResortGorgeousMonAndReward
0x080CB0F8	thumb	SampleResortGorgeousMon
0x080CB16C	thumb	SampleResortGorgeousReward
0x080CB1AC	thumb	CheckAddCoins
0x080CB1D8	thumb	GetElevatorFloor
0x080CB2FC	thumb	InitElevatorFloorSelectMenuPos
0x080CB46C	thumb	AnimateElevator
0x080CB4E8	thumb	Task_ElevatorShake
0x080CB554	thumb	DrawElevatorCurrentFloorWindow
0x080CB610	thumb	CloseElevatorCurrentFloorWindow
0x080CB62C	thumb	AnimateElevatorWindowView
0x080CB680	thumb	Task_AnimateElevatorWindowView
0x080CB798	thumb	ListMenu
0x080CB8D8	thumb	Task_CreateScriptListMenu
0x080CBA50	thumb	CreateScriptListMenu
0x080CBAB0	thumb	ScriptListMenuMoveCursorFunction
0x080CBAFC	thumb	Task_ListMenuHandleInput
0x080CBB80	thumb	Task_DestroyListMenu
0x080CBC00	thumb	Task_SuspendListMenu
0x080CBC30	thumb	ReturnToListMenu
0x080CBC64	thumb	Task_RedrawScrollArrowsAndWaitInput
0x080CBC94	thumb	Task_CreateMenuRemoveScrollIndicatorArrowPair
0x080CBD24	thumb	Task_ListMenuRemoveScrollIndicatorArrowPair
0x080CBD54	thumb	ForcePlayerToStartSurfing
0x080CBD68	thumb	GetStarterSpeciesById
0x080CBD84	thumb	GetStarterSpecies
0x080CBDA0	thumb	SetSeenMon
0x080CBDBC	thumb	ResetContextNpcTextColor
0x080CBDD4	thumb	ContextNpcGetTextColor
0x080CBE24	thumb	HasMonBeenRenamed
0x080CBE90	thumb	HasLeadMonBeenRenamed
0x080CBEA8	thumb	TV_PrintIntToStringVar
0x080CBED8	thumb	CountDigits
0x080CBF74	thumb	NameRaterWasNicknameChanged
0x080CBFB4	thumb	ChangeBoxPokemonNickname
0x080CC038	thumb	ChangeBoxPokemonNickname_CB
0x080CC05C	thumb	ChangePokemonNickname
0x080CC118	thumb	ChangePokemonNickname_CB
0x080CC144	thumb	BufferMonNickname
0x080CC174	thumb	IsMonOTIDNotPlayers
0x080CC1B8	thumb	GetPlayerTrainerId
0x080CC1D8	thumb	GetUnlockedSeviiAreas
0x080CC290	thumb	UpdateTrainerCardPhotoIcons
0x080CC3A0	thumb	StickerManGetBragFlags
0x080CC420	thumb	GetHiddenItemAttr
0x080CC460	thumb	DoesPlayerPartyContainSpecies
0x080CC4A8	thumb	GetMartClerkObjectId
0x080CC4F8	thumb	SetUsedPkmnCenterQuestLogEvent
0x080CC508	thumb	QuestLog_CheckDepartingIndoorsMap
0x080CC570	thumb	QuestLog_TryRecordDepartedLocation
0x080CC704	thumb	GetMysteryGiftCardStat
0x080CC770	thumb	SetPCBoxToSendMon
0x080CC77C	thumb	GetPCBoxToSendMon
0x080CC788	thumb	ShouldShowBoxWasFullMessage
0x080CC7CC	thumb	IsDestinationBoxFull
0x080CC850	thumb	UsedPokemonCenterWarp
0x080CC8A0	thumb	BufferTMHMMoveName
0x080CC8EC	thumb	RunMassageCooldownStepCounter
0x080CC91C	thumb	DaisyMassageServices
0x080CC948	thumb	DoPokemonLeagueLightingEffect
0x080CC9EC	thumb	Task_RunPokemonLeagueLightingEffect
0x080CCAC8	thumb	Task_CancelPokemonLeagueLightingEffect
0x080CCB3C	thumb	StopPokemonLeagueLightingEffectTask
0x080CCB68	thumb	CapeBrinkGetMoveToTeachLeadPokemon
0x080CCCCC	thumb	HasLearnedAllMovesFromCapeBrinkTutor
0x080CCD58	thumb	CutMoveRuinValleyCheck
0x080CCDA4	thumb	CutMoveOpenDottedHoleDoor
0x080CCDD0	thumb	DoDeoxysTriangleInteraction
0x080CCDE4	thumb	Task_DoDeoxysTriangleInteraction
0x080CCEBC	thumb	MoveDeoxysObject
0x080CCF6C	thumb	Task_WaitDeoxysFieldEffect
0x080CCF90	thumb	IncrementBirthIslandRockStepCount
0x080CCFDC	thumb	SetDeoxysTrianglePalette
0x080CD008	thumb	IsBadEggInParty
0x080CD048	thumb	IsPlayerNotInTrainerTowerLobby
0x080CD06C	thumb	BrailleCursorToggle
0x080CD0C8	thumb	PlayerPartyContainsSpeciesWithPlayerID
0x080CD128	thumb	UpdateLoreleiDollCollection
0x080CD188	thumb	LoopWingFlapSound
0x080CD1A0	thumb	Task_WingFlapSound
0x080CD1FC	thumb	ShowBattleRecords
0x080CD214	thumb	MainCB2_SetUp
0x080CD360	thumb	VBlankCB
0x080CD374	thumb	MainCB2
0x080CD38C	thumb	Task_WaitFadeIn
0x080CD3BC	thumb	Task_WaitButton
0x080CD3FC	thumb	Task_FadeOut
0x080CD434	thumb	Task_DestroyAndReturnToField
0x080CD478	thumb	ClearWindowCommitAndRemove
0x080CD4A4	thumb	ResetGpu
0x080CD5DC	thumb	StopAllRunningTasks
0x080CD5FC	thumb	EnableDisplay
0x080CD60C	thumb	ResetBGPos
0x080CD664	thumb	ClearLinkBattleRecord
0x080CD694	thumb	ClearLinkBattleRecords
0x080CD6C8	thumb	GetLinkBattleRecordTotalBattles
0x080CD6D8	thumb	IndexOfOpponentLinkBattleRecord
0x080CD70C	thumb	SortLinkBattleRecords
0x080CD788	thumb	UpdateLinkBattleRecord
0x080CD7EC	thumb	UpdateLinkBattleGameStats
0x080CD828	thumb	AddOpponentLinkBattleRecord
0x080CD8B0	thumb	ClearPlayerLinkBattleRecords
0x080CD8CC	thumb	IncTrainerCardWinCount
0x080CD8F8	thumb	IncTrainerCardLossCount
0x080CD924	thumb	UpdateBattleOutcomeOnTrainerCards
0x080CD960	thumb	UpdatePlayerLinkBattleRecords
0x080CD9C8	thumb	PrintTotalRecord
0x080CDAA4	thumb	PrintOpponentBattleRecord
0x080CDBB8	thumb	PrintBattleRecords
0x080CDC88	thumb	CommitWindow
0x080CDCA4	thumb	LoadFrameGfxOnBg
0x080CDCEC	thumb	CB2_BeginEvolutionScene
0x080CDCFC	thumb	Task_BeginEvolutionScene
0x080CDD7C	thumb	BeginEvolutionScene
0x080CDDC8	thumb	EvolutionScene
0x080CE0BC	thumb	CB2_EvolutionSceneLoadGraphics
0x080CE2B0	thumb	CB2_TradeEvolutionSceneLoadGraphics
0x080CE514	thumb	TradeEvolutionScene
0x080CE6E4	thumb	CB2_EvolutionSceneUpdate
0x080CE700	thumb	CB2_TradeEvolutionSceneUpdate
0x080CE71C	thumb	CreateShedinja
0x080CE8B0	thumb	Task_EvolutionScene
0x080CF510	thumb	Task_TradeEvolutionScene
0x080D0020	thumb	EvoDummyFunc
0x080D0024	thumb	VBlankCB_EvolutionScene
0x080D00AC	thumb	VBlankCB_TradeEvolutionScene
0x080D0134	thumb	Task_UpdateBgPalette
0x080D01EC	thumb	CreateBgAnimTask
0x080D0230	thumb	Task_AnimateBg
0x080D0308	thumb	InitMovingBgPalette
0x080D0348	thumb	StartBgAnimation
0x080D0448	thumb	IsMovingBackgroundTaskRunning
0x080D047C	thumb	StopBgAnimation
0x080D04BC	thumb	RestoreBgAfterAnim
0x080D0528	thumb	GetCoins
0x080D0550	thumb	SetCoins
0x080D0578	thumb	AddCoins
0x080D05B8	thumb	RemoveCoins
0x080D05E0	thumb	PrintCoinsString_Parameterized
0x080D0648	thumb	ShowCoinsWindow_Parameterized
0x080D06A4	thumb	PrintCoinsString
0x080D0700	thumb	ShowCoinsWindow
0x080D079C	thumb	HideCoinsWindow
0x080D07C0	thumb	SetUpFieldMove_Strength
0x080D0814	thumb	FieldCB_UseStrength
0x080D0834	thumb	FldEff_UseStrength
0x080D087C	thumb	ShowMonCB_UseStrength
0x080D088C	thumb	BattleTransition_StartOnField
0x080D08BC	thumb	BattleTransition_Start
0x080D08CC	thumb	IsBattleTransitionDone
0x080D091C	thumb	LaunchBattleTransitionTask
0x080D094C	thumb	Task_BattleTransition
0x080D0984	thumb	Transition_StartIntro
0x080D09D4	thumb	Transition_WaitForIntro
0x080D0A08	thumb	Transition_StartMain
0x080D0A30	thumb	Transition_WaitForMain
0x080D0A60	thumb	Task_Intro
0x080D0AB0	thumb	Task_Blur
0x080D0AE8	thumb	Blur_Init
0x080D0B1C	thumb	Blur_Main
0x080D0B7C	thumb	Blur_End
0x080D0BA8	thumb	Task_Swirl
0x080D0BE0	thumb	Swirl_Init
0x080D0C4C	thumb	Swirl_End
0x080D0CC4	thumb	VBlankCB_Swirl
0x080D0CFC	thumb	HBlankCB_Swirl
0x080D0D28	thumb	Task_Shuffle
0x080D0D60	thumb	Shuffle_Init
0x080D0DC4	thumb	Shuffle_End
0x080D0E54	thumb	VBlankCB_Shuffle
0x080D0E8C	thumb	HBlankCB_Shuffle
0x080D0EB8	thumb	Task_BigPokeball
0x080D0EF0	thumb	BigPokeball_Init
0x080D0FA8	thumb	BigPokeball_SetGfx
0x080D1038	thumb	PatternWeave_Blend1
0x080D10CC	thumb	PatternWeave_Blend2
0x080D1170	thumb	PatternWeave_FinishAppear
0x080D11F4	thumb	PatternWeave_CircularMask
0x080D12B8	thumb	VBlankCB_SetWinAndBlend
0x080D1344	thumb	VBlankCB_PatternWeave
0x080D1370	thumb	VBlankCB_CircularMask
0x080D139C	thumb	Task_PokeballsTrail
0x080D13D4	thumb	PokeballsTrail_Init
0x080D1420	thumb	PokeballsTrail_Main
0x080D14AC	thumb	PokeballsTrail_End
0x080D14D8	thumb	FldEff_PokeballTrail
0x080D1544	thumb	SpriteCB_FldEffPokeballTrail
0x080D160C	thumb	Task_ClockwiseWipe
0x080D1644	thumb	ClockwiseWipe_Init
0x080D16AC	thumb	ClockwiseWipe_TopRight
0x080D173C	thumb	ClockwiseWipe_Right
0x080D1830	thumb	ClockwiseWipe_Bottom
0x080D18B8	thumb	ClockwiseWipe_Left
0x080D19B8	thumb	ClockwiseWipe_TopLeft
0x080D1A50	thumb	ClockwiseWipe_End
0x080D1A90	thumb	VBlankCB_ClockwiseWipe
0x080D1B2C	thumb	Task_Ripple
0x080D1B64	thumb	Ripple_Init
0x080D1BBC	thumb	Ripple_Main
0x080D1C9C	thumb	VBlankCB_Ripple
0x080D1CD4	thumb	HBlankCB_Ripple
0x080D1D00	thumb	Task_Wave
0x080D1D38	thumb	Wave_Init
0x080D1D90	thumb	Wave_Main
0x080D1E2C	thumb	Wave_End
0x080D1E6C	thumb	VBlankCB_Wave
0x080D1F00	thumb	Task_Spiral
0x080D1F38	thumb	Spiral_UpdateFrame
0x080D2510	thumb	Spiral_Init
0x080D2598	thumb	Spiral_End
0x080D266C	thumb	VBlankCB_Spiral
0x080D273C	thumb	Task_Lorelei
0x080D275C	thumb	Task_Bruno
0x080D277C	thumb	Task_Agatha
0x080D279C	thumb	Task_Lance
0x080D27BC	thumb	Task_Blue
0x080D27DC	thumb	DoMugshotTransition
0x080D2814	thumb	Mugshot_Init
0x080D287C	thumb	Mugshot_SetGfx
0x080D293C	thumb	Mugshot_ShowBanner
0x080D2A28	thumb	Mugshot_StartOpponentSlide
0x080D2AA4	thumb	Mugshot_WaitStartPlayerSlide
0x080D2AE0	thumb	Mugshot_WaitPlayerSlide
0x080D2B98	thumb	Mugshot_GradualWhiteFade
0x080D2C60	thumb	Mugshot_InitFadeWhiteToBlack
0x080D2C98	thumb	Mugshot_FadeToBlack
0x080D2CE4	thumb	Mugshot_End
0x080D2D24	thumb	VBlankCB_Mugshots
0x080D2DC0	thumb	VBlankCB_MugshotsFadeOut
0x080D2E40	thumb	HBlankCB_Mugshots
0x080D2E78	thumb	Mugshots_CreateTrainerPics
0x080D2FF0	thumb	SpriteCB_MugshotTrainerPic
0x080D3018	thumb	MugshotTrainerPic_Pause
0x080D301C	thumb	MugshotTrainerPic_Init
0x080D3068	thumb	MugshotTrainerPic_Slide
0x080D309C	thumb	MugshotTrainerPic_SlideSlow
0x080D30C8	thumb	MugshotTrainerPic_SlideOffscreen
0x080D30F4	thumb	SetTrainerPicSlideDirection
0x080D310C	thumb	IncrementTrainerPicState
0x080D3128	thumb	IsTrainerPicSlideDone
0x080D3140	thumb	Task_Slice
0x080D3178	thumb	Slice_Init
0x080D31F4	thumb	Slice_Main
0x080D32C0	thumb	Slice_End
0x080D3300	thumb	VBlankCB_Slice
0x080D3394	thumb	HBlankCB_Slice
0x080D33C0	thumb	Task_WhiteBarsFade
0x080D33F8	thumb	WhiteBarsFade_Init
0x080D3470	thumb	WhiteBarsFade_StartBars
0x080D34E4	thumb	WhiteBarsFade_WaitBars
0x080D3520	thumb	WhiteBarsFade_BlendToBlack
0x080D3588	thumb	WhiteBarsFade_End
0x080D35C8	thumb	VBlankCB_WhiteBarsFade
0x080D3664	thumb	VBlankCB_WhiteBarsFade_Blend
0x080D36B4	thumb	HBlankCB_WhiteBarsFade
0x080D36F4	thumb	SpriteCB_WhiteBarFade
0x080D37EC	thumb	Task_GridSquares
0x080D3824	thumb	GridSquares_Init
0x080D3878	thumb	GridSquares_Main
0x080D38D0	thumb	GridSquares_End
0x080D38FC	thumb	Task_AngledWipes
0x080D3934	thumb	AngledWipes_Init
0x080D3998	thumb	AngledWipes_SetWipeData
0x080D3A14	thumb	AngledWipes_DoWipe
0x080D3AF0	thumb	AngledWipes_TryEnd
0x080D3B5C	thumb	AngledWipes_StartNext
0x080D3B78	thumb	VBlankCB_AngledWipes
0x080D3C14	thumb	CreateIntroTask
0x080D3C78	thumb	IsIntroTaskDone
0x080D3C98	thumb	Task_BattleTransition_Intro
0x080D3CD0	thumb	TransitionIntro_FadeToGray
0x080D3D2C	thumb	TransitionIntro_FadeFromGray
0x080D3DA4	thumb	InitTransitionData
0x080D3DC8	thumb	VBlankCB_BattleTransition
0x080D3DDC	thumb	GetBg0TilemapDst
0x080D3DFC	thumb	GetBg0TilesDst
0x080D3E34	thumb	FadeScreenBlack
0x080D3E48	thumb	SetSinWave
0x080D3EC4	thumb	SetCircularMask
0x080D405C	thumb	InitBlackWipe
0x080D40D8	thumb	UpdateBlackWipe
0x080D41D4	thumb	LinkPartnerDummy
0x080D41D8	thumb	SetControllerToLinkPartner
0x080D41F4	thumb	LinkPartnerBufferRunCommand
0x080D4244	thumb	CompleteOnBattlerSpriteCallbackDummy
0x080D427C	thumb	FreeTrainerSpriteAfterSlide
0x080D42E4	thumb	Intro_DelayAndEnd
0x080D432C	thumb	Intro_WaitForHealthbox
0x080D4410	thumb	Intro_ShowHealthbox
0x080D4564	thumb	WaitForMonAnimAfterLoad
0x080D45A4	thumb	CompleteOnHealthbarDone
0x080D4614	thumb	FreeMonSpriteAfterFaintAnim
0x080D467C	thumb	FreeMonSpriteAfterSwitchOutAnim
0x080D46EC	thumb	CompleteOnInactiveTextPrinter
0x080D4704	thumb	DoHitAnimBlinkSpriteEffect
0x080D4780	thumb	SwitchIn_ShowSubstitute
0x080D47F0	thumb	SwitchIn_WaitAndEnd
0x080D4820	thumb	SwitchIn_ShowHealthbox
0x080D4918	thumb	SwitchIn_TryShinyAnim
0x080D49BC	thumb	LinkPartnerBufferExecCompleted
0x080D4A34	thumb	CompleteOnFinishedStatusAnimation
0x080D4A64	thumb	CompleteOnFinishedBattleAnimation
0x080D4A94	thumb	LinkPartnerHandleGetMonData
0x080D4B08	thumb	CopyLinkPartnerMonData
0x080D52B4	thumb	LinkPartnerHandleGetRawMonData
0x080D52C0	thumb	LinkPartnerHandleSetMonData
0x080D5318	thumb	SetLinkPartnerMonData
0x080D5D14	thumb	LinkPartnerHandleSetRawMonData
0x080D5D88	thumb	LinkPartnerHandleLoadMonSprite
0x080D5EA4	thumb	LinkPartnerHandleSwitchInAnim
0x080D5F14	thumb	StartSendOutAnim
0x080D6080	thumb	LinkPartnerHandleReturnMonToBall
0x080D6110	thumb	DoSwitchOutAnimation
0x080D619C	thumb	LinkPartnerHandleDrawTrainerPic
0x080D6310	thumb	LinkPartnerHandleTrainerSlide
0x080D631C	thumb	LinkPartnerHandleTrainerSlideBack
0x080D63C8	thumb	LinkPartnerHandleFaintAnimation
0x080D64B4	thumb	LinkPartnerHandlePaletteFade
0x080D64C0	thumb	LinkPartnerHandleSuccessBallThrowAnim
0x080D64CC	thumb	LinkPartnerHandleBallThrowAnim
0x080D64D8	thumb	LinkPartnerHandlePause
0x080D64E4	thumb	LinkPartnerHandleMoveAnimation
0x080D661C	thumb	LinkPartnerDoMoveAnimation
0x080D67A0	thumb	LinkPartnerHandlePrintString
0x080D6814	thumb	LinkPartnerHandlePrintSelectionString
0x080D6820	thumb	LinkPartnerHandleChooseAction
0x080D682C	thumb	LinkPartnerHandleUnknownYesNoBox
0x080D6838	thumb	LinkPartnerHandleChooseMove
0x080D6844	thumb	LinkPartnerHandleChooseItem
0x080D6850	thumb	LinkPartnerHandleChoosePokemon
0x080D685C	thumb	LinkPartnerHandleCmd23
0x080D6868	thumb	LinkPartnerHandleHealthBarUpdate
0x080D6958	thumb	LinkPartnerHandleExpUpdate
0x080D6964	thumb	LinkPartnerHandleStatusIconUpdate
0x080D69DC	thumb	LinkPartnerHandleStatusAnimation
0x080D6A44	thumb	LinkPartnerHandleStatusXor
0x080D6A50	thumb	LinkPartnerHandleDataTransfer
0x080D6A5C	thumb	LinkPartnerHandleDMA3Transfer
0x080D6A68	thumb	LinkPartnerHandlePlayBGM
0x080D6A74	thumb	LinkPartnerHandleCmd32
0x080D6A80	thumb	LinkPartnerHandleTwoReturnValues
0x080D6A8C	thumb	LinkPartnerHandleChosenMonReturnValue
0x080D6A98	thumb	LinkPartnerHandleOneReturnValue
0x080D6AA4	thumb	LinkPartnerHandleOneReturnValue_Duplicate
0x080D6AB0	thumb	LinkPartnerHandleClearUnkVar
0x080D6ACC	thumb	LinkPartnerHandleSetUnkVar
0x080D6B04	thumb	LinkPartnerHandleClearUnkFlag
0x080D6B1C	thumb	LinkPartnerHandleToggleUnkFlag
0x080D6B44	thumb	LinkPartnerHandleHitAnimation
0x080D6BB4	thumb	LinkPartnerHandleCantSwitch
0x080D6BC0	thumb	LinkPartnerHandlePlaySE
0x080D6C04	thumb	LinkPartnerHandlePlayFanfare
0x080D6C34	thumb	LinkPartnerHandleFaintingCry
0x080D6C74	thumb	LinkPartnerHandleIntroSlide
0x080D6CA8	thumb	LinkPartnerHandleIntroTrainerBallThrow
0x080D6EA4	thumb	Task_StartSendOutAnim
0x080D6FB0	thumb	LinkPartnerHandleDrawPartyStatusSummary
0x080D7074	thumb	EndDrawPartyStatusSummary
0x080D70BC	thumb	LinkPartnerHandleHidePartyStatusSummary
0x080D710C	thumb	LinkPartnerHandleEndBounceEffect
0x080D7118	thumb	LinkPartnerHandleSpriteInvisibility
0x080D7178	thumb	LinkPartnerHandleBattleAnimation
0x080D71E0	thumb	LinkPartnerHandleLinkStandbyMsg
0x080D71EC	thumb	LinkPartnerHandleResetActionMoveSelection
0x080D71F8	thumb	LinkPartnerHandleEndLinkBattle
0x080D7244	thumb	LinkPartnerCmdEnd
0x080D7248	thumb	BufferStringBattle
0x080D77C8	thumb	BattleStringExpandPlaceholdersToDisplayedString
0x080D77D8	thumb	TryGetStatusString
0x080D783C	thumb	BattleStringExpandPlaceholders
0x080D83EC	thumb	ExpandBattleTextBuffPlaceholders
0x080D869C	thumb	ChooseMoveUsedParticle
0x080D86F4	thumb	ChooseTypeOfMoveUsedString
0x080D8790	thumb	BattlePutTextOnWindow
0x080D8984	thumb	BattleStringShouldBeColored
0x080D89B0	thumb	SetPpNumbersPaletteInMoveSelection
0x080D8A24	thumb	GetCurrentPpToMaxPpState
0x080D8A74	thumb	Q_8_8_mul
0x080D8A90	thumb	Q_N_S_mul
0x080D8AB4	thumb	Q_24_8_mul
0x080D8AF0	thumb	Q_8_8_div
0x080D8B14	thumb	Q_N_S_div
0x080D8B3C	thumb	Q_24_8_div
0x080D8B64	thumb	Q_8_8_inv
0x080D8B7C	thumb	Q_N_S_inv
0x080D8B9C	thumb	Q_24_8_inv
0x080D8BB8	thumb	RouletteFlash_Reset
0x080D8BCC	thumb	RouletteFlash_Add
0x080D8C50	thumb	RouletteFlash_Remove
0x080D8C84	thumb	RouletteFlash_FadePalette
0x080D8E8C	thumb	RouletteFlash_FlashPalette
0x080D8F1C	thumb	RouletteFlash_Run
0x080D8F88	thumb	RouletteFlash_Enable
0x080D8FDC	thumb	RouletteFlash_Stop
0x080D907C	thumb	InitPulseBlend
0x080D90A8	thumb	InitPulseBlendPaletteSettings
0x080D9114	thumb	ClearPulseBlendPalettesSettings
0x080D9190	thumb	UnloadUsedPulseBlendPalettes
0x080D91E8	thumb	MarkUsedPulseBlendPalettes
0x080D9268	thumb	UnmarkUsedPulseBlendPalettes
0x080D9390	thumb	UpdatePulseBlend
0x080D9548	thumb	FillTilemapRect
0x080D9598	thumb	SetTilemapRect
0x080D95E8	thumb	CableCarUtil_FillWrapped
0x080D9674	thumb	CableCarUtil_CopyWrapped
0x080D9700	thumb	ClearSaveData
0x080D9724	thumb	Save_ResetSaveCounters
0x080D9740	thumb	SetDamagedSectorBits
0x080D97A4	thumb	WriteSaveSectorOrSlot
0x080D9844	thumb	HandleWriteSector
0x080D9934	thumb	HandleWriteSectorNBytes
0x080D99AC	thumb	TryWriteSector
0x080D99D8	thumb	RestoreSaveBackupVarsAndIncrement
0x080D9A34	thumb	RestoreSaveBackupVars
0x080D9A78	thumb	HandleWriteIncrementalSector
0x080D9AD8	thumb	HandleReplaceSectorAndVerify
0x080D9B24	thumb	HandleReplaceSector
0x080D9CC4	thumb	CopySectorSignatureByte
0x080D9D5C	thumb	WriteSectorSignatureByte
0x080D9DE8	thumb	TryLoadSaveSlot
0x080D9E28	thumb	CopySaveSlotData
0x080D9EE0	thumb	GetSaveValidStatus
0x080DA0F4	thumb	TryLoadSaveSector
0x080DA164	thumb	ReadFlashSector
0x080DA17C	thumb	CalculateChecksum
0x080DA1A8	thumb	UpdateSaveAddresses
0x080DA21C	thumb	HandleSavingData
0x080DA338	thumb	TrySavingData
0x080DA380	thumb	LinkFullSave_Init
0x080DA3AC	thumb	LinkFullSave_WriteSector
0x080DA3E0	thumb	LinkFullSave_ReplaceLastSector
0x080DA408	thumb	LinkFullSave_SetLastSectorSignature
0x080DA430	thumb	WriteSaveBlock2
0x080DA474	thumb	WriteSaveBlock1Sector
0x080DA4D0	thumb	LoadGameSave
0x080DA55C	thumb	TryReadSpecialSaveSector
0x080DA5B4	thumb	TryWriteSpecialSaveSector
0x080DA608	thumb	Task_LinkFullSave
0x080DA7D4	thumb	CheckCompatibility
0x080DA808	thumb	SetIncompatible
0x080DA824	thumb	InitMysteryEventScript
0x080DA854	thumb	RunMysteryEventScriptCommand
0x080DA874	thumb	MEventScript_InitContext
0x080DA888	thumb	MEventScript_Run
0x080DA8A4	thumb	RunMysteryEventScript
0x080DA8C0	thumb	SetMysteryEventScriptStatus
0x080DA8CC	thumb	MEScrCmd_end
0x080DA8D8	thumb	MEScrCmd_checkcompat
0x080DA928	thumb	MEScrCmd_nop
0x080DA92C	thumb	MEScrCmd_setstatus
0x080DA93C	thumb	MEScrCmd_setmsg
0x080DA974	thumb	MEScrCmd_runscript
0x080DA990	thumb	MEScrCmd_setenigmaberry
0x080DAA58	thumb	MEScrCmd_giveribbon
0x080DAA8C	thumb	MEScrCmd_initramscript
0x080DAAF4	thumb	MEScrCmd_givenationaldex
0x080DAB18	thumb	MEScrCmd_addrareword
0x080DAB44	thumb	MEScrCmd_setrecordmixinggift
0x080DAB58	thumb	MEScrCmd_givepokemon
0x080DAC64	thumb	MEScrCmd_addtrainer
0x080DACAC	thumb	MEScrCmd_enableresetrtc
0x080DACC0	thumb	MEScrCmd_checksum
0x080DAD08	thumb	MEScrCmd_crc
0x080DAD54	thumb	SetUpReflection
0x080DAE18	thumb	GetReflectionVerticalOffset
0x080DAE2C	thumb	LoadObjectReflectionPalette
0x080DAE9C	thumb	LoadObjectRegularReflectionPalette
0x080DAEF8	thumb	LoadObjectHighBridgeReflectionPalette
0x080DAF28	thumb	UpdateObjectReflectionSprite
0x080DB09C	thumb	CreateWarpArrowSprite
0x080DB0EC	thumb	SetSpriteInvisible
0x080DB10C	thumb	ShowWarpArrowSprite
0x080DB1B4	thumb	FldEff_Shadow
0x080DB258	thumb	UpdateShadowFieldEffect
0x080DB320	thumb	FldEff_TallGrass
0x080DB3C4	thumb	UpdateTallGrassFieldEffect
0x080DB4CC	thumb	FldEff_JumpTallGrass
0x080DB53C	thumb	FindTallGrassFieldEffectSpriteId
0x080DB5CC	thumb	FldEff_LongGrass
0x080DB674	thumb	UpdateLongGrassFieldEffect
0x080DB770	thumb	FldEff_JumpLongGrass
0x080DB7E0	thumb	FldEff_ShortGrass
0x080DB884	thumb	UpdateShortGrassFieldEffect
0x080DB978	thumb	FldEff_SandFootprints
0x080DB9EC	thumb	FldEff_DeepSandFootprints
0x080DBA60	thumb	FldEff_BikeTireTracks
0x080DBAD4	thumb	UpdateFootprintsTireTracksFieldEffect
0x080DBAF0	thumb	FadeFootprintsTireTracks_Step0
0x080DBB14	thumb	FadeFootprintsTireTracks_Step1
0x080DBB60	thumb	FldEff_Splash
0x080DBC04	thumb	UpdateSplashFieldEffect
0x080DBC90	thumb	FldEff_JumpSmallSplash
0x080DBD00	thumb	FldEff_JumpBigSplash
0x080DBD70	thumb	FldEff_FeetInFlowingWater
0x080DBE28	thumb	UpdateFeetInFlowingWaterFieldEffect
0x080DBEC8	thumb	FldEff_Ripple
0x080DBF28	thumb	FldEff_HotSpringsWater
0x080DBFCC	thumb	UpdateHotSpringsWaterFieldEffect
0x080DC064	thumb	FldEff_UnusedGrass
0x080DC0D0	thumb	FldEff_UnusedGrass2
0x080DC13C	thumb	FldEff_UnusedSand
0x080DC1A8	thumb	FldEff_UnusedWaterSurfacing
0x080DC214	thumb	StartAshFieldEffect
0x080DC248	thumb	FldEff_Ash
0x080DC2D4	thumb	UpdateAshFieldEffect
0x080DC2F0	thumb	UpdateAshFieldEffect_Step0
0x080DC320	thumb	UpdateAshFieldEffect_Step1
0x080DC380	thumb	UpdateAshFieldEffect_Step2
0x080DC3A8	thumb	FldEff_SurfBlob
0x080DC424	thumb	SetSurfBlob_BobState
0x080DC450	thumb	SetSurfBlob_DontSyncAnim
0x080DC47C	thumb	SetSurfBlob_PlayerOffset
0x080DC4B0	thumb	GetSurfBlob_BobState
0x080DC4B8	thumb	GetSurfBlob_DontSyncAnim
0x080DC4C4	thumb	GetSurfBlob_HasPlayerOffset
0x080DC4D0	thumb	UpdateSurfBlobFieldEffect
0x080DC528	thumb	SynchroniseSurfAnim
0x080DC560	thumb	SynchroniseSurfPosition
0x080DC5F4	thumb	CreateBobbingEffect
0x080DC688	thumb	StartUnderwaterSurfBlobBobbing
0x080DC6D8	thumb	SpriteCB_UnderwaterSurfBlob
0x080DC718	thumb	FldEff_Dust
0x080DC788	thumb	FldEff_SandPile
0x080DC844	thumb	UpdateSandPileFieldEffect
0x080DC910	thumb	FldEff_Bubbles
0x080DC974	thumb	UpdateBubblesFieldEffect
0x080DC9B4	thumb	FldEff_BerryTreeGrowthSparkle
0x080DC9B8	thumb	ShowTreeDisguiseFieldEffect
0x080DC9C8	thumb	ShowMountainDisguiseFieldEffect
0x080DC9D8	thumb	ShowSandDisguiseFieldEffect
0x080DC9E8	thumb	ShowDisguiseFieldEffect
0x080DCAA0	thumb	UpdateDisguiseFieldEffect
0x080DCB90	thumb	StartRevealDisguise
0x080DCBB8	thumb	UpdateRevealDisguise
0x080DCBF4	thumb	FldEff_Sparkle
0x080DCC68	thumb	UpdateSparkleFieldEffect
0x080DCCB8	thumb	UpdateJumpImpactEffect
0x080DCCF4	thumb	WaitFieldEffectSpriteAnim
0x080DCD20	thumb	UpdateGrassFieldEffectSubpriority
0x080DCDE8	thumb	SoundTask_FireBlast
0x080DCE50	thumb	SoundTask_FireBlast_Step1
0x080DCEBC	thumb	SoundTask_FireBlast_Step2
0x080DCF10	thumb	SoundTask_LoopSEAdjustPanning
0x080DCFC0	thumb	SoundTask_LoopSEAdjustPanning_Step
0x080DD044	thumb	SoundTask_PlayCryHighPitch
0x080DD120	thumb	SoundTask_PlayDoubleCry
0x080DD248	thumb	SoundTask_PlayDoubleCry_Step
0x080DD2CC	thumb	SoundTask_WaitForCry
0x080DD30C	thumb	SoundTask_PlayCryWithEcho
0x080DD368	thumb	SoundTask_PlayCryWithEcho_Step
0x080DD3B4	thumb	SoundTask_PlaySE1WithPanning
0x080DD3E8	thumb	SoundTask_PlaySE2WithPanning
0x080DD41C	thumb	SoundTask_AdjustPanningVar
0x080DD4AC	thumb	SoundTask_AdjustPanningVar_Step
0x080DD50C	thumb	SafariDummy
0x080DD510	thumb	SetControllerToSafari
0x080DD52C	thumb	SafariBufferRunCommand
0x080DD57C	thumb	HandleInputChooseAction
0x080DD700	thumb	CompleteOnBattlerSpriteCallbackDummy
0x080DD738	thumb	CompleteOnInactiveTextPrinter
0x080DD750	thumb	CompleteOnHealthboxSpriteCallbackDummy
0x080DD788	thumb	Safari_SetBattleEndCallbacks
0x080DD7C8	thumb	CompleteOnSpecialAnimDone
0x080DD804	thumb	SafariOpenPokeblockCase
0x080DD834	thumb	CompleteWhenChosePokeblock
0x080DD870	thumb	CompleteOnFinishedBattleAnimation
0x080DD8A0	thumb	SafariBufferExecCompleted
0x080DD918	thumb	CompleteOnFinishedStatusAnimation
0x080DD948	thumb	SafariHandleGetMonData
0x080DD954	thumb	SafariHandleGetRawMonData
0x080DD960	thumb	SafariHandleSetMonData
0x080DD96C	thumb	SafariHandleSetRawMonData
0x080DD978	thumb	SafariHandleLoadMonSprite
0x080DD984	thumb	SafariHandleSwitchInAnim
0x080DD990	thumb	SafariHandleReturnMonToBall
0x080DD99C	thumb	SafariHandleDrawTrainerPic
0x080DDA7C	thumb	SafariHandleTrainerSlide
0x080DDA88	thumb	SafariHandleTrainerSlideBack
0x080DDA94	thumb	SafariHandleFaintAnimation
0x080DDAA0	thumb	SafariHandlePaletteFade
0x080DDAAC	thumb	SafariHandleSuccessBallThrowAnim
0x080DDB00	thumb	SafariHandleBallThrowAnim
0x080DDB60	thumb	SafariHandlePause
0x080DDB6C	thumb	SafariHandleMoveAnimation
0x080DDB78	thumb	SafariHandlePrintString
0x080DDBEC	thumb	SafariHandlePrintSelectionString
0x080DDC10	thumb	HandleChooseActionAfterDma3
0x080DDC50	thumb	SafariHandleChooseAction
0x080DDCC4	thumb	SafariHandleUnknownYesNoBox
0x080DDCD0	thumb	SafariHandleChooseMove
0x080DDCDC	thumb	SafariHandleChooseItem
0x080DDD1C	thumb	SafariHandleChoosePokemon
0x080DDD28	thumb	SafariHandleCmd23
0x080DDD34	thumb	SafariHandleHealthBarUpdate
0x080DDD40	thumb	SafariHandleExpUpdate
0x080DDD4C	thumb	SafariHandleStatusIconUpdate
0x080DDD88	thumb	SafariHandleStatusAnimation
0x080DDD94	thumb	SafariHandleStatusXor
0x080DDDA0	thumb	SafariHandleDataTransfer
0x080DDDAC	thumb	SafariHandleDMA3Transfer
0x080DDDB8	thumb	SafariHandlePlayBGM
0x080DDDC4	thumb	SafariHandleCmd32
0x080DDDD0	thumb	SafariHandleTwoReturnValues
0x080DDDDC	thumb	SafariHandleChosenMonReturnValue
0x080DDDE8	thumb	SafariHandleOneReturnValue
0x080DDDF4	thumb	SafariHandleOneReturnValue_Duplicate
0x080DDE00	thumb	SafariHandleCmd37
0x080DDE0C	thumb	SafariHandleCmd38
0x080DDE18	thumb	SafariHandleCmd39
0x080DDE24	thumb	SafariHandleCmd40
0x080DDE30	thumb	SafariHandleHitAnimation
0x080DDE3C	thumb	SafariHandleCmd42
0x080DDE48	thumb	SafariHandlePlaySE
0x080DDE8C	thumb	SafariHandlePlayFanfareOrBGM
0x080DDEBC	thumb	SafariHandleFaintingCry
0x080DDEF8	thumb	SafariHandleIntroSlide
0x080DDF2C	thumb	SafariHandleIntroTrainerBallThrow
0x080DDF88	thumb	SafariHandleDrawPartyStatusSummary
0x080DDF94	thumb	SafariHandleHidePartyStatusSummary
0x080DDFA0	thumb	SafariHandleEndBounceEffect
0x080DDFAC	thumb	SafariHandleSpriteInvisibility
0x080DDFB8	thumb	SafariHandleBattleAnimation
0x080DE014	thumb	SafariHandleLinkStandbyMsg
0x080DE020	thumb	SafariHandleResetActionMoveSelection
0x080DE02C	thumb	SafariHandleCmd55
0x080DE088	thumb	SafariCmdEnd
0x080DE08C	thumb	Unused_StartSweetscentFldeff
0x080DE0A0	thumb	SetUpFieldMove_SweetScent
0x080DE0C0	thumb	FieldCallback_SweetScent
0x080DE0DC	thumb	FldEff_SweetScent
0x080DE10C	thumb	StartSweetScentFieldEffect
0x080DE1A8	thumb	TrySweetScentEncounter
0x080DE24C	thumb	FailSweetScentEncounter
0x080DE298	thumb	AnimBlackSmoke
0x080DE2D8	thumb	AnimBlackSmoke_Step
0x080DE324	thumb	AnimTask_SmokescreenImpact
0x080DE374	thumb	AnimWhiteHalo
0x080DE3B8	thumb	AnimWhiteHalo_Step1
0x080DE3F8	thumb	AnimWhiteHalo_Step2
0x080DE418	thumb	AnimTealAlert
0x080DE4B4	thumb	AnimMeanLookEye
0x080DE4E0	thumb	AnimMeanLookEye_Step1
0x080DE570	thumb	AnimMeanLookEye_Step2
0x080DE5B4	thumb	AnimMeanLookEye_Step3
0x080DE660	thumb	AnimMeanLookEye_Step4
0x080DE6C8	thumb	AnimTask_SetPsychicBackground
0x080DE6F0	thumb	SetPsychicBackground_Step
0x080DE78C	thumb	AnimTask_FadeScreenToWhite
0x080DE7B4	thumb	FadeScreenToWhite_Step
0x080DE888	thumb	AnimSpikes
0x080DE900	thumb	AnimSpikes_Step1
0x080DE930	thumb	AnimSpikes_Step2
0x080DE974	thumb	AnimLeer
0x080DE9B0	thumb	AnimLetterZ
0x080DEA70	thumb	AnimFang
0x080DEA8C	thumb	AnimTask_IsTargetPlayerSide
0x080DEAC8	thumb	AnimTask_IsHealingMove
0x080DEAF8	thumb	AnimSpotlight
0x080DEB64	thumb	AnimSpotlight_Step1
0x080DEC30	thumb	AnimSpotlight_Step2
0x080DEC68	thumb	AnimClappingHand
0x080DED20	thumb	AnimClappingHand_Step
0x080DED94	thumb	AnimClappingHand2
0x080DEDB0	thumb	AnimTask_CreateSpotlight
0x080DEE50	thumb	AnimTask_RemoveSpotlight
0x080DEE94	thumb	AnimRapidSpin
0x080DEF10	thumb	AnimRapidSpin_Step
0x080DEF74	thumb	AnimTask_RapinSpinMonElevation
0x080DF09C	thumb	RapinSpinMonElevation_Step
0x080DF1B4	thumb	AnimTask_TormentAttacker
0x080DF218	thumb	TormentAttacker_Step
0x080DF400	thumb	TormentAttacker_Callback
0x080DF440	thumb	AnimTriAttackTriangle
0x080DF4FC	thumb	AnimTask_DefenseCurlDeformMon
0x080DF558	thumb	AnimBatonPassPokeball
0x080DF660	thumb	AnimWishStar
0x080DF698	thumb	AnimWishStar_Step
0x080DF734	thumb	AnimMiniTwinklingStar
0x080DF794	thumb	AnimMiniTwinklingStar_Step
0x080DF820	thumb	AnimTask_StockpileDeformMon
0x080DF878	thumb	AnimTask_SpitUpDeformMon
0x080DF8D0	thumb	AnimSwallowBlueOrb
0x080DF93C	thumb	AnimTask_SwallowDeformMon
0x080DF994	thumb	AnimTask_TransformMon
0x080DFBBC	thumb	AnimTask_IsMonInvisible
0x080DFBFC	thumb	AnimTask_CastformGfxChange
0x080DFC28	thumb	AnimTask_MorningSunLightBeam
0x080DFEB4	thumb	AnimGreenStar
0x080DFFF4	thumb	AnimGreenStar_Step1
0x080E00A4	thumb	AnimGreenStar_Step2
0x080E0100	thumb	AnimGreenStar_Callback
0x080E0154	thumb	AnimTask_DoomDesireLightBeam
0x080E0460	thumb	AnimTask_StrongFrustrationGrowAndShrink
0x080E04B8	thumb	AnimWeakFrustrationAngerMark
0x080E0530	thumb	AnimTask_RockMonBackAndForth
0x080E0600	thumb	AnimTask_RockMonBackAndForth_Step
0x080E0768	thumb	AnimSweetScentPetal
0x080E07B8	thumb	AnimSweetScentPetal_Step
0x080E0828	thumb	AnimTask_FlailMovement
0x080E087C	thumb	AnimTask_FlailMovement_Step
0x080E0A14	thumb	AnimPainSplitProjectile
0x080E0AD8	thumb	AnimTask_PainSplitMovement
0x080E0C40	thumb	AnimFlatterConfetti
0x080E0CEC	thumb	AnimFlatterConfetti_Step
0x080E0D4C	thumb	AnimFlatterSpotlight
0x080E0DC4	thumb	AnimFlatterSpotlight_Step
0x080E0E6C	thumb	AnimReversalOrb
0x080E0EB4	thumb	AnimReversalOrb_Step
0x080E0F90	thumb	AnimTask_RolePlaySilhouette
0x080E11F0	thumb	AnimTask_RolePlaySilhouette_Step1
0x080E124C	thumb	AnimTask_RolePlaySilhouette_Step2
0x080E12D0	thumb	AnimTask_AcidArmor
0x080E1428	thumb	AnimTask_AcidArmor_Step
0x080E16DC	thumb	AnimTask_DeepInhale
0x080E1724	thumb	AnimTask_DeepInhale_Step
0x080E17BC	thumb	InitYawnCloudPosition
0x080E1824	thumb	UpdateYawnCloudPosition
0x080E1844	thumb	AnimYawnCloud
0x080E1894	thumb	AnimYawnCloud_Step
0x080E1900	thumb	AnimSmokeBallEscapeCloud
0x080E1968	thumb	AnimTask_SlideMonForFocusBand_Step2
0x080E1AB0	thumb	AnimTask_SlideMonForFocusBand_Step1
0x080E1C20	thumb	AnimTask_SlideMonForFocusBand
0x080E1D34	thumb	AnimTask_SquishAndSweatDroplets
0x080E1DD8	thumb	AnimTask_SquishAndSweatDroplets_Step
0x080E1E70	thumb	CreateSweatDroplets
0x080E1F4C	thumb	AnimFacadeSweatDrop
0x080E1F9C	thumb	AnimTask_FacadeColorBlend
0x080E1FF4	thumb	AnimTask_FacadeColorBlend_Step
0x080E205C	thumb	AnimTask_StatusClearedEffect
0x080E20AC	thumb	AnimRoarNoiseLine
0x080E216C	thumb	AnimRoarNoiseLine_Step
0x080E21A4	thumb	AnimTask_GlareEyeDots
0x080E2280	thumb	AnimTask_GlareEyeDots_Step
0x080E23C0	thumb	GetGlareEyeDotCoords
0x080E2478	thumb	AnimGlareEyeDot
0x080E24B8	thumb	AnimAssistPawprint
0x080E24F0	thumb	AnimTask_BarrageBall
0x080E2640	thumb	AnimTask_BarrageBall_Step
0x080E274C	thumb	AnimSmellingSaltsHand
0x080E27F8	thumb	AnimSmellingSaltsHand_Step
0x080E28B4	thumb	AnimTask_SmellingSaltsSquish
0x080E290C	thumb	AnimTask_SmellingSaltsSquish_Step
0x080E29C8	thumb	AnimSmellingSaltExclamation
0x080E2A30	thumb	AnimSmellingSaltExclamation_Step
0x080E2A88	thumb	AnimHelpingHandClap
0x080E2AD4	thumb	AnimHelpingHandClap_Step
0x080E2CBC	thumb	AnimTask_HelpingHandAttackerMovement
0x080E2D4C	thumb	AnimTask_HelpingHandAttackerMovement_Step
0x080E2EEC	thumb	AnimForesightMagnifyingGlass
0x080E2F70	thumb	AnimForesightMagnifyingGlass_Step
0x080E3174	thumb	AnimMeteorMashStar_Step
0x080E31F4	thumb	AnimMeteorMashStar
0x080E326C	thumb	AnimTask_MonToSubstitute
0x080E334C	thumb	AnimTask_MonToSubstituteDoll
0x080E34A8	thumb	AnimBlockX
0x080E350C	thumb	AnimBlockX_Step
0x080E363C	thumb	AnimTask_OdorSleuthMovement
0x080E37AC	thumb	AnimTask_OdorSleuthMovementWaitFinish
0x080E37D4	thumb	MoveOdorSleuthClone
0x080E38B0	thumb	AnimTask_GetReturnPowerLevel
0x080E3904	thumb	AnimTask_SnatchOpposingMonMove
0x080E3E5C	thumb	AnimUnusedItemBagSteal
0x080E3F98	thumb	AnimTask_SnatchPartnerMove
0x080E4138	thumb	AnimTask_TeeterDanceMovement
0x080E41B0	thumb	AnimTask_TeeterDanceMovement_Step
0x080E42B4	thumb	AnimKnockOffStrike_Step
0x080E430C	thumb	AnimKnockOffStrike
0x080E437C	thumb	AnimRecycle
0x080E43C8	thumb	AnimRecycle_Step
0x080E44C4	thumb	AnimTask_GetWeather
0x080E4518	thumb	AnimTask_SlackOffSquish
0x080E4560	thumb	AnimTask_SlackOffSquish_Step
0x080E45F8	thumb	VBlankCB_MoveRelearner
0x080E460C	thumb	TeachMoveRelearnerMove
0x080E4638	thumb	Task_InitMoveRelearnerMenu
0x080E4674	thumb	MoveRelearnerLoadBgGfx
0x080E4764	thumb	CB2_MoveRelearner_Init
0x080E47D8	thumb	CB2_MoveRelearner_Resume
0x080E4848	thumb	CB2_MoveRelearner
0x080E4898	thumb	StringExpandPlaceholdersAndPrintTextOnWindow7Color2
0x080E48CC	thumb	MoveRelearnerStateMachine
0x080E4EC8	thumb	DrawTextBorderOnWindows6and7
0x080E4EE4	thumb	PrintTeachWhichMoveToStrVar1
0x080E4F2C	thumb	InitMoveRelearnerStateVariables
0x080E4F84	thumb	SpriteCB_ListMenuScrollIndicators
0x080E4FDC	thumb	SpawnListMenuScrollIndicatorSprites
0x080E50A4	thumb	MoveRelearnerInitListMenuBuffersEtc
0x080E51DC	thumb	MoveRelearnerMenuHandleInput
0x080E52D8	thumb	MoveLearnerInitListMenu
0x080E5318	thumb	PrintMoveInfo
0x080E541C	thumb	LoadMoveInfoUI
0x080E5498	thumb	PrintMoveInfoHandleCancel_CopyToVram
0x080E5514	thumb	MoveRelearnerMenu_MoveCursorFunc
0x080E554C	thumb	YesNoMenuProcessInput
0x080E5574	thumb	PrintTextOnWindow
0x080E565C	thumb	SetUpFieldMove_SoftBoiled
0x080E56B4	thumb	ChooseMonForSoftboiled
0x080E56FC	thumb	Task_TryUseSoftboiledOnPartyMon
0x080E57C0	thumb	Task_SoftboiledRestoreHealth
0x080E5814	thumb	Task_DisplayHPRestoredMessage
0x080E5878	thumb	Task_FinishSoftboiled
0x080E58D8	thumb	Task_ChooseNewMonForSoftboiled
0x080E590C	thumb	CantUseSoftboiledOnMon
0x080E5948	thumb	BattleTowerMapScript2
0x080E5A10	thumb	ResetBattleTowerStreak
0x080E5A48	thumb	ShouldBattleEReaderTrainer
0x080E5AEC	thumb	ChooseSpecialBattleTowerTrainer
0x080E5C00	thumb	ChooseNextBattleTowerTrainer
0x080E5E34	thumb	SetBattleTowerTrainerGfxId
0x080E5E48	thumb	SetEReaderTrainerGfxId
0x080E5E54	thumb	UpdateOrInsertReceivedBattleTowerRecord
0x080E6050	thumb	GetBattleTowerTrainerFrontSpriteId
0x080E60BC	thumb	GetBattleTowerTrainerClassNameId
0x080E6128	thumb	GetBattleTowerTrainerName
0x080E61B4	thumb	FillBattleTowerTrainerParty
0x080E6498	thumb	AppendBattleTowerBannedSpeciesName
0x080E653C	thumb	CheckMonBattleTowerBanlist
0x080E6620	thumb	CheckPartyBattleTowerBanlist
0x080E6764	thumb	BufferBattleTowerTrainerMessage
0x080E67D4	thumb	PrintBattleTowerTrainerGreeting
0x080E682C	thumb	CB2_FinishEReaderBattle
0x080E689C	thumb	Task_WaitBT
0x080E68D8	thumb	StartSpecialBattle
0x080E69E4	thumb	SetBattleTowerProperty
0x080E6C64	thumb	BattleTowerUtil
0x080E6DEC	thumb	SetBattleTowerParty
0x080E6E20	thumb	SaveCurrentWinStreak
0x080E6EB8	thumb	SetPlayerBattleTowerRecord
0x080E6F90	thumb	SaveBattleTowerProgress
0x080E7030	thumb	BattleTower_SoftReset
0x080E703C	thumb	ValidateBattleTowerRecordChecksums
0x080E70CC	thumb	SetBattleTowerRecordChecksum
0x080E70F0	thumb	ClearBattleTowerRecord
0x080E7104	thumb	PopulateBravoTrainerBattleTowerLostData
0x080E7160	thumb	GetCurrentBattleTowerWinStreak
0x080E71A8	thumb	DetermineBattleTowerPrize
0x080E7224	thumb	GiveBattleTowerPrize
0x080E7290	thumb	AwardBattleTowerRibbons
0x080E7320	thumb	Debug_FillEReaderTrainerWithPlayerData
0x080E73F8	thumb	GetEreaderTrainerFrontSpriteId
0x080E7418	thumb	GetEreaderTrainerClassId
0x080E7438	thumb	CopyEReaderTrainerName5
0x080E7468	thumb	ValidateEReaderTrainer
0x080E74D8	thumb	SetEReaderTrainerChecksum
0x080E74FC	thumb	ClearEReaderTrainer
0x080E7510	thumb	BufferEReaderTrainerGreeting
0x080E7528	thumb	PrintEReaderTrainerFarewellMessage
0x080E7574	thumb	Dummy_TryEnableBravoTrainerBattleTower
0x080E7584	thumb	OakOldManDummy
0x080E7588	thumb	SetControllerToOakOrOldMan
0x080E75C4	thumb	OakOldManBufferRunCommand
0x080E7614	thumb	HandleInputChooseAction
0x080E781C	thumb	SimulateInputChooseAction
0x080E78B8	thumb	CompleteOnBattlerSpriteCallbackDummy
0x080E78F0	thumb	CompleteOnInactiveTextPrinter
0x080E7908	thumb	OakOldManSetBattleEndCallbacks
0x080E7948	thumb	CompleteOnSpecialAnimDone
0x080E7960	thumb	OakOldManHandleInputChooseMove
0x080E7990	thumb	OpenPartyMenuToChooseMon
0x080E79EC	thumb	WaitForMonSelection
0x080E7A48	thumb	OpenBagAndChooseItem
0x080E7A9C	thumb	CompleteWhenChoseItem
0x080E7B24	thumb	Intro_TryShinyAnimShowHealthbox
0x080E7CB0	thumb	Intro_WaitForShinyAnimAndHealthbox
0x080E7DDC	thumb	Task_GiveExpToMon
0x080E7F54	thumb	Task_PrepareToGiveExpWithExpBar
0x080E8024	thumb	Task_GiveExpWithExpBar
0x080E8168	thumb	Task_LaunchLvlUpAnim
0x080E81C8	thumb	Task_UpdateLvlInHealthbox
0x080E8280	thumb	DestroyExpTaskAndCompleteOnInactiveTextPrinter
0x080E82CC	thumb	FreeMonSpriteAfterFaintAnim
0x080E8334	thumb	PrintOakText_ForPetesSake
0x080E8548	thumb	PrintOakText_InflictingDamageIsKey
0x080E855C	thumb	PrintOakText_LoweringStats
0x080E8570	thumb	PrintOakText_OakNoRunningFromATrainer
0x080E8584	thumb	PrintOakText_WinEarnsPrizeMoney
0x080E8598	thumb	PrintOakText_HowDisappointing
0x080E85AC	thumb	PrintOakTextWithMainBgDarkened
0x080E86DC	thumb	PrintOakText_KeepAnEyeOnHP
0x080E8898	thumb	CompleteOnHealthbarDone
0x080E8908	thumb	CompleteOnInactiveTextPrinter2
0x080E8920	thumb	DoHitAnimBlinkSpriteEffect
0x080E899C	thumb	DoSwitchOutAnimation
0x080E8A0C	thumb	CompleteOnBattlerSpriteCallbackDummy2
0x080E8A44	thumb	CompleteOnFinishedBattleAnimation
0x080E8A74	thumb	OakOldManBufferExecCompleted
0x080E8AEC	thumb	CompleteOnFinishedStatusAnimation
0x080E8B1C	thumb	OakOldManHandleGetMonData
0x080E8B90	thumb	CopyOakOldManMonData
0x080E933C	thumb	OakOldManHandleGetRawMonData
0x080E9348	thumb	OakOldManHandleSetMonData
0x080E93A0	thumb	SetOakOldManMonData
0x080E9D9C	thumb	OakOldManHandleSetRawMonData
0x080E9DA8	thumb	OakOldManHandleLoadMonSprite
0x080E9DB4	thumb	OakOldManHandleSwitchInAnim
0x080E9DC0	thumb	OakOldManHandleReturnMonToBall
0x080E9E44	thumb	OakOldManHandleDrawTrainerPic
0x080E9F88	thumb	OakOldManHandleTrainerSlide
0x080EA0CC	thumb	OakOldManHandleTrainerSlideBack
0x080EA0D8	thumb	OakOldManHandleFaintAnimation
0x080EA1C4	thumb	OakOldManHandlePaletteFade
0x080EA1D0	thumb	OakOldManHandleSuccessBallThrowAnim
0x080EA224	thumb	OakOldManHandleBallThrowAnim
0x080EA284	thumb	OakOldManHandlePause
0x080EA290	thumb	OakOldManHandleMoveAnimation
0x080EA3B8	thumb	OakOldManDoMoveAnimation
0x080EA504	thumb	OakOldManHandlePrintString
0x080EA644	thumb	OakOldManHandlePrintSelectionString
0x080EA668	thumb	HandleChooseActionAfterDma3
0x080EA6D4	thumb	OakOldManHandleChooseAction
0x080EA764	thumb	OakOldManHandleUnknownYesNoBox
0x080EA770	thumb	OakHandleChooseMove_WaitDma3
0x080EA7B4	thumb	OakOldManHandleChooseMove
0x080EA848	thumb	OakOldManHandleChooseItem
0x080EA8AC	thumb	OakOldManHandleChoosePokemon
0x080EA984	thumb	OakOldManHandleCmd23
0x080EA990	thumb	OakOldManHandleHealthBarUpdate
0x080EAA90	thumb	OakOldManHandleExpUpdate
0x080EAB2C	thumb	OakOldManHandleStatusIconUpdate
0x080EAB38	thumb	OakOldManHandleStatusAnimation
0x080EAB44	thumb	OakOldManHandleStatusXor
0x080EAB50	thumb	OakOldManHandleDataTransfer
0x080EAB5C	thumb	OakOldManHandleDMA3Transfer
0x080EAB68	thumb	OakOldManHandlePlayBGM
0x080EAB74	thumb	OakOldManHandleCmd32
0x080EAB80	thumb	OakOldManHandleTwoReturnValues
0x080EAB8C	thumb	OakOldManHandleChosenMonReturnValue
0x080EAB98	thumb	OakOldManHandleOneReturnValue
0x080EABA4	thumb	OakOldManHandleOneReturnValue_Duplicate
0x080EABB0	thumb	OakOldManHandleCmd37
0x080EABBC	thumb	OakOldManHandleCmd38
0x080EABC8	thumb	OakOldManHandleCmd39
0x080EABD4	thumb	OakOldManHandleCmd40
0x080EABE0	thumb	OakOldManHandleHitAnimation
0x080EAC50	thumb	OakOldManHandleCmd42
0x080EAC5C	thumb	OakOldManHandlePlaySE
0x080EAC8C	thumb	OakOldManHandlePlayFanfare
0x080EACBC	thumb	OakOldManHandleFaintingCry
0x080EACF8	thumb	OakOldManHandleIntroSlide
0x080EAD2C	thumb	OakOldManHandleIntroTrainerBallThrow
0x080EAF0C	thumb	StartSendOutAnim
0x080EB080	thumb	Task_StartSendOutAnim
0x080EB0F4	thumb	OakOldManHandleDrawPartyStatusSummary
0x080EB178	thumb	OakOldManHandleHidePartyStatusSummary
0x080EB184	thumb	OakOldManHandleEndBounceEffect
0x080EB1A8	thumb	OakOldManHandleSpriteInvisibility
0x080EB1B4	thumb	OakOldManHandleBattleAnimation
0x080EB210	thumb	OakOldManHandleLinkStandbyMsg
0x080EB24C	thumb	OakOldManHandleResetActionMoveSelection
0x080EB258	thumb	OakOldManHandleCmd55
0x080EB2B4	thumb	OakOldManCmdEnd
0x080EB2B8	thumb	BtlCtrl_OakOldMan_TestState2Flag
0x080EB2CC	thumb	BtlCtrl_OakOldMan_SetState2Flag
0x080EB2E4	thumb	BtlCtrl_DrawVoiceoverMessageFrame
0x080EB4FC	thumb	BtlCtrl_RemoveVoiceoverMessageFrame
0x080EB630	thumb	NewGameInitPCItems
0x080EB684	thumb	BedroomPC
0x080EB6D4	thumb	PlayerPC
0x080EB724	thumb	Task_DrawPlayerPcTopMenu
0x080EB7F4	thumb	Task_TopMenuHandleInput
0x080EB894	thumb	Task_ReturnToTopMenu
0x080EB8BC	thumb	Task_PlayerPcItemStorage
0x080EB8E8	thumb	Task_PlayerPcMailbox
0x080EB990	thumb	Task_PlayerPcTurnOff
0x080EB9C0	thumb	Task_CreateItemStorageSubmenu
0x080EBA64	thumb	PrintStringOnWindow0WithDialogueFrame
0x080EBA90	thumb	Task_TopMenu_ItemStorageSubmenu_HandleInput
0x080EBB48	thumb	Task_DepositItem_WaitFadeAndGoToBag
0x080EBB8C	thumb	Task_PlayerPcDepositItem
0x080EBBB4	thumb	Task_ReturnToItemStorageSubmenu
0x080EBBE4	thumb	CB2_ReturnFromDepositMenu
0x080EBC10	thumb	Task_PlayerPcWithdrawItem
0x080EBC84	thumb	CB2_ReturnFromWithdrawMenu
0x080EBCB0	thumb	Task_WithdrawItem_WaitFadeAndGoToItemStorage
0x080EBCF0	thumb	Task_WithdrawItemBeginFade
0x080EBD20	thumb	Task_PlayerPcCancel
0x080EBD60	thumb	Task_SetPageItemVars
0x080EBDA0	thumb	CountPCMail
0x080EBDDC	thumb	PCMailCompaction
0x080EBE88	thumb	Task_DrawMailboxPcMenu
0x080EBF18	thumb	Task_MailboxPcHandleInput
0x080EBFD4	thumb	Task_PrintWhatToDoWithSelectedMail
0x080EC06C	thumb	Task_DestroyMailboxPcViewAndCancel
0x080EC0B0	thumb	Task_DrawMailSubmenu
0x080EC134	thumb	Task_MailSubmenuHandleInput
0x080EC180	thumb	Task_PlayerPcReadMail
0x080EC1AC	thumb	Task_WaitFadeAndReadSelectedMail
0x080EC208	thumb	Task_WaitFadeAndReturnToMailboxPcInputHandler
0x080EC238	thumb	CB2_ReturnToMailbox
0x080EC298	thumb	CB2_SetCbToReturnToMailbox
0x080EC2B8	thumb	Task_PlayerPcMoveMailToBag
0x080EC2D4	thumb	Task_DrawYesNoMenuToConfirmMoveToBag
0x080EC2FC	thumb	Task_MoveToBagYesNoMenuHandleInput
0x080EC33C	thumb	Task_TryPutMailInBag_DestroyMsgIfSuccessful
0x080EC3D0	thumb	Task_DeclinedMoveMailToBag
0x080EC3E0	thumb	Task_PlayerPcGiveMailToMon
0x080EC41C	thumb	Task_WaitFadeAndGoToPartyMenu
0x080EC44C	thumb	CB2_ReturnToMailboxPc_UpdateScrollVariables
0x080EC4D8	thumb	Mailbox_ReturnToMailListAfterDeposit
0x080EC4F8	thumb	Task_Error_NoPokemon
0x080EC514	thumb	Task_RedrawPlayerPcMailboxAndSetUpInputHandler
0x080EC54C	thumb	Task_PlayerPcExitMailSubmenu
0x080EC57C	thumb	VBlankCB_Copyright
0x080EC590	thumb	CB2_WaitFadeBeforeSetUpIntro
0x080EC5AC	thumb	LoadCopyrightGraphics
0x080EC5F4	thumb	SerialCB_CopyrightScreen
0x080EC604	thumb	SetUpCopyrightScreen
0x080EC7F8	thumb	CB2_InitCopyrightScreenAfterBootup
0x080EC83C	thumb	CB2_InitCopyrightScreenAfterTitleScreen
0x080EC848	thumb	CB2_SetUpIntro
0x080EC9AC	thumb	CB2_Intro
0x080EC9C4	thumb	VBlankCB_Intro
0x080EC9D8	thumb	Intro_ResetGpuRegs
0x080ECA48	thumb	StartIntroSequence
0x080ECA80	thumb	SetIntroCB
0x080ECA88	thumb	Task_CallIntroCallback
0x080ECAC8	thumb	IntroCB_Init
0x080ECB70	thumb	IntroCB_GF_OpenWindow
0x080ECC14	thumb	IntroCB_GF_Star
0x080ECC80	thumb	IntroCB_GF_RevealName
0x080ECD38	thumb	IntroCB_GF_RevealLogo
0x080ECE7C	thumb	IntroCB_Scene1
0x080ED084	thumb	Scene1_Task_AnimateGrass
0x080ED0F0	thumb	Scene1_StartGrassScrolling
0x080ED118	thumb	Scene1_Task_BgZoom
0x080ED160	thumb	IntroCB_Scene2
0x080ED3E4	thumb	Scene2_Task_PanForest
0x080ED400	thumb	Scene2_Task_PanMons
0x080ED41C	thumb	Scene2_CreateMonSprites
0x080ED478	thumb	Scene2_DestroyMonSprites
0x080ED498	thumb	IntroCB_Scene3_Entrance
0x080ED674	thumb	Scene3_Task_BgScroll
0x080ED6B0	thumb	Scene3_StartBgScroll
0x080ED6C4	thumb	Scene3_SlowBgScroll
0x080ED6EC	thumb	Scene3_Task_GengarBounce
0x080ED738	thumb	Scene3_PauseGengarBounce
0x080ED760	thumb	Scene3_ResumeGengarBounce
0x080ED788	thumb	Scene3_IsGengarMidBounce
0x080ED7AC	thumb	Scene3_CreateGrassSprite
0x080ED7F0	thumb	SpriteCB_Grass
0x080ED870	thumb	IntroCB_Scene3_Fight
0x080EDAB0	thumb	Scene3_CalcCenterToCornerVec
0x080EDAC8	thumb	Scene3_CreateGengarSprite
0x080EDB48	thumb	Scene3_NidorinoZoom
0x080EDB80	thumb	SpriteCB_Idle
0x080EDB84	thumb	Scene3_GengarZoom
0x080EDBC0	thumb	IntroCB_ExitToTitleScreen
0x080EDC18	thumb	GFScene_LoadGfxCreateStar
0x080EDD00	thumb	GFScene_CreateStarSparkle
0x080EDDC8	thumb	GFScene_StartNameSparklesSmall
0x080EDDDC	thumb	GFScene_Task_NameSparklesSmall
0x080EDEB0	thumb	GFScene_StartNameSparklesBig
0x080EDEC4	thumb	GFScene_Task_NameSparklesBig
0x080EDF40	thumb	GFScene_CreateLogoSprite
0x080EDF6C	thumb	Scene3_StartGengarAttack
0x080EDFB0	thumb	Scene3_ApplyGengarAnim
0x080EDFFC	thumb	Scene3_Task_GengarAttack
0x080EE138	thumb	Scene3_CreateGengarSwipeSprites
0x080EE19C	thumb	SpriteCB_GengarSwipe
0x080EE1D8	thumb	Scene3_Task_GengarEnter
0x080EE274	thumb	SpriteCB_Star
0x080EE328	thumb	SpriteCB_SparklesSmall_Star
0x080EE3E4	thumb	SpriteCB_SparklesSmall_Name
0x080EE4B4	thumb	SpriteCB_SparklesBig
0x080EE4D0	thumb	Scene3_CreateNidorinoSprite
0x080EE500	thumb	Scene3_StartNidorinoEntrance
0x080EE558	thumb	Scene3_SpriteCB_NidorinoEnter
0x080EE5A0	thumb	Scene3_IsNidorinoEntering
0x080EE5BC	thumb	Scene3_StartNidorinoCry
0x080EE5E8	thumb	SpriteCB_NidorinoCry
0x080EE67C	thumb	Scene3_StartNidorinoRecoil
0x080EE6DC	thumb	SpriteCB_NidorinoRecoil
0x080EE828	thumb	Scene3_NidorinoAnimIsRunning
0x080EE83C	thumb	CreateNidorinoRecoilDustSprites
0x080EE8BC	thumb	SpriteCB_RecoilDust
0x080EE948	thumb	Scene3_StartNidorinoHop
0x080EE9AC	thumb	SpriteCB_NidorinoHop
0x080EEA6C	thumb	Scene3_StartNidorinoAttack
0x080EEAE0	thumb	SpriteCB_NidorinoAttack
0x080EEBBC	thumb	LoadFightSceneSpriteGraphics
0x080EEBE4	thumb	AnimTask_LevelUpHealthBox
0x080EEDCC	thumb	AnimTask_UnusedLevelUpHealthBox_Step
0x080EEFA0	thumb	DoLoadHealthboxPalsForLevelUp
0x080EF08C	thumb	AnimTask_LoadHealthboxPalsForLevelUp
0x080EF0B8	thumb	DoFreeHealthboxPalsForLevelUp
0x080EF158	thumb	AnimTask_FreeHealthboxPalsForLevelUp
0x080EF178	thumb	AnimTask_FlashHealthboxOnLevelUp
0x080EF1A4	thumb	AnimTask_FlashHealthboxOnLevelUp_Step
0x080EF270	thumb	AnimTask_SwitchOutShrinkMon
0x080EF31C	thumb	AnimTask_SwitchOutBallEffect
0x080EF468	thumb	AnimTask_LoadBallGfx
0x080EF490	thumb	AnimTask_FreeBallGfx
0x080EF4B8	thumb	AnimTask_IsBallBlockedByTrainerOrDodged
0x080EF504	thumb	ItemIdToBallId
0x080EF584	thumb	AnimTask_ThrowBall
0x080EF670	thumb	AnimTask_ThrowBall_WaitAnimObjComplete
0x080EF6AC	thumb	AnimTask_ThrowBallSpecial
0x080EF7C4	thumb	AnimTask_ThrowBallSpecial_PlaySfx
0x080EF83C	thumb	AnimTask_ThrowBallSpecial_ResetPlayerSprite
0x080EF898	thumb	SpriteCB_ThrowBall_Init
0x080EF8C8	thumb	SpriteCB_ThrowBall_ArcFlight
0x080EF98C	thumb	SpriteCB_ThrowBall_TenFrameDelay
0x080EF9E4	thumb	SpriteCB_ThrowBall_ShrinkMon
0x080EFB30	thumb	SpriteCB_ThrowBall_InitialFall
0x080EFB74	thumb	SpriteCB_ThrowBall_Bounce
0x080EFC78	thumb	SpriteCB_ThrowBall_InitShake
0x080EFCC4	thumb	SpriteCB_ThrowBall_DoShake
0x080EFF58	thumb	SpriteCB_ThrowBall_DelayThenBreakOut
0x080EFF7C	thumb	SpriteCB_ThrowBall_InitClick
0x080EFF9C	thumb	SpriteCB_ThrowBall_DoClick
0x080F007C	thumb	SpriteCB_ThrowBall_FinishClick
0x080F0164	thumb	BattleAnimObj_SignalEnd
0x080F0190	thumb	CreateStarsWhenBallClicks
0x080F0250	thumb	SpriteCB_BallCaptureSuccessStar
0x080F0288	thumb	SpriteCB_ThrowBall_BeginBreakOut
0x080F0350	thumb	SpriteCB_ThrowBall_RunBreakOut
0x080F0450	thumb	TrainerBallBlock
0x080F048C	thumb	TrainerBallBlock2
0x080F0504	thumb	GhostBallDodge
0x080F054C	thumb	GhostBallDodge2
0x080F058C	thumb	LoadBallParticleGfx
0x080F05C4	thumb	AnimateBallOpenParticles
0x080F064C	thumb	IncrementBattleParticleCounter
0x080F067C	thumb	PokeBallOpenParticleAnimation
0x080F0794	thumb	PokeBallOpenParticleAnimation_Step1
0x080F07B4	thumb	PokeBallOpenParticleAnimation_Step2
0x080F07F0	thumb	TimerBallOpenParticleAnimation
0x080F08F4	thumb	DiveBallOpenParticleAnimation
0x080F09F8	thumb	SafariBallOpenParticleAnimation
0x080F0AF8	thumb	UltraBallOpenParticleAnimation
0x080F0C00	thumb	GreatBallOpenParticleAnimation
0x080F0D34	thumb	FanOutBallOpenParticles_Step1
0x080F0D8C	thumb	RepeatBallOpenParticleAnimation
0x080F0E88	thumb	RepeatBallOpenParticleAnimation_Step1
0x080F0EE8	thumb	MasterBallOpenParticleAnimation
0x080F1014	thumb	PremierBallOpenParticleAnimation
0x080F110C	thumb	PremierBallOpenParticleAnimation_Step1
0x080F1170	thumb	DestroyBallOpenAnimationParticle
0x080F11F0	thumb	LaunchBallFadeMonTask
0x080F12B8	thumb	Task_FadeMon_ToBallColor
0x080F1348	thumb	Task_FadeMon_ToNormal
0x080F1398	thumb	Task_FadeMon_ToNormal_Step
0x080F13F8	thumb	AnimTask_SwapMonSpriteToFromSubstitute
0x080F15A0	thumb	AnimTask_SubstituteFadeToInvisible
0x080F16A4	thumb	AnimTask_IsAttackerBehindSubstitute
0x080F16D8	thumb	AnimTask_SetTargetToEffectBattler
0x080F16F8	thumb	TryShinyAnimation
0x080F17F4	thumb	AnimTask_ShinySparkles
0x080F19B8	thumb	AnimTask_ShinySparkles_WaitSparkles
0x080F1A04	thumb	SpriteCB_ShinySparkles_1
0x080F1A58	thumb	SpriteCB_ShinySparkles_2
0x080F1AB8	thumb	AnimTask_LoadBaitGfx
0x080F1AEC	thumb	AnimTask_FreeBaitGfx
0x080F1B14	thumb	SpriteCB_SafariBaitOrRock_Init
0x080F1BA4	thumb	SpriteCB_SafariBaitOrRock_WaitPlayerThrow
0x080F1BDC	thumb	SpriteCB_SafariBaitOrRock_ArcFlight
0x080F1C08	thumb	SpriteCB_SafariBaitOrRock_Finish
0x080F1C64	thumb	AnimTask_SafariOrGhost_DecideAnimSides
0x080F1CBC	thumb	AnimTask_SafariGetReaction
0x080F1CEC	thumb	AnimTask_GetTrappedMoveAnimId
0x080F1D54	thumb	AnimTask_GetBattlersFromArg
0x080F1D84	thumb	VBlankCB_HofIdle
0x080F1D98	thumb	CB2_HofIdle
0x080F1DB4	thumb	InitHallOfFameScreen
0x080F1ED4	thumb	CB2_DoHallOfFameScreen
0x080F1F18	thumb	CB2_DoHallOfFameScreenDontSaveData
0x080F1F4C	thumb	Task_Hof_InitMonData
0x080F20EC	thumb	Task_Hof_InitTeamSaveData
0x080F21F8	thumb	Task_Hof_TrySaveData
0x080F223C	thumb	Task_Hof_DelayAfterSave
0x080F226C	thumb	Task_Hof_StartDisplayingMons
0x080F2288	thumb	Task_Hof_DisplayMon
0x080F2378	thumb	Task_Hof_PlayMonCryAndPrintInfo
0x080F23FC	thumb	Task_Hof_TryDisplayAnotherMon
0x080F24EC	thumb	Task_Hof_PaletteFadeAndPrintWelcomeText
0x080F2588	thumb	Task_Hof_ApplauseAndConfetti
0x080F266C	thumb	Task_Hof_WaitBorderFadeAway
0x080F26AC	thumb	Task_Hof_SpawnPlayerPic
0x080F2738	thumb	Task_Hof_WaitAndPrintPlayerInfo
0x080F27DC	thumb	Task_Hof_ExitOnKeyPressed
0x080F2814	thumb	Task_Hof_HandlePaletteOnExit
0x080F2864	thumb	Task_Hof_HandleExit
0x080F290C	thumb	SetWarpsToRollCredits
0x080F2950	thumb	CB2_InitHofPC
0x080F2A7C	thumb	Task_HofPC_CopySaveData
0x080F2B44	thumb	Task_HofPC_DrawSpritesPrintText
0x080F2D38	thumb	Task_HofPC_PrintMonInfo
0x080F2E64	thumb	Task_HofPC_HandleInput
0x080F2FC4	thumb	Task_HofPC_HandlePaletteOnExit
0x080F3008	thumb	Task_HofPC_HandleExit
0x080F307C	thumb	Task_HofPC_PrintDataIsCorrupted
0x080F30E4	thumb	Task_HofPC_ExitOnButtonPress
0x080F3114	thumb	HallOfFame_PrintWelcomeText
0x080F316C	thumb	HallOfFame_PrintMonInfo
0x080F33B4	thumb	HallOfFame_PrintPlayerInfo
0x080F35E8	thumb	ClearVramOamPltt_LoadHofPal
0x080F3694	thumb	HofInit_ResetGpuBuffersAndLoadConfettiGfx
0x080F36D0	thumb	Hof_InitBgs
0x080F3748	thumb	DrawHofBackground
0x080F3844	thumb	SpriteCB_EndGetOnScreen
0x080F3848	thumb	SpriteCB_GetOnScreen
0x080F38B0	thumb	SpriteCB_Confetti
0x080F3908	thumb	Hof_SpawnConfetti
0x080F398C	thumb	DoCredits
0x080F39C0	thumb	CB2_Credits
0x080F3A4C	thumb	SwitchWin1OffWin0On
0x080F3A7C	thumb	InitBgDarkenEffect
0x080F3A9C	thumb	CreateCreditsWindow
0x080F3ADC	thumb	DestroyCreditsWindow
0x080F3B04	thumb	DoOverworldMapScrollScene
0x080F3BA8	thumb	RollCredits
0x080F4168	thumb	VBlankCB
0x080F417C	thumb	LoadCreditsMonPic
0x080F42C8	thumb	GetCreditsMonSpecies
0x080F4300	thumb	DoCreditsMonScene
0x080F464C	thumb	DoCopyrightOrTheEndGfxScene
0x080F47D0	thumb	Task_MovePlayerAndGroundSprites
0x080F48A8	thumb	DestroyPlayerOrRivalSprite
0x080F4908	thumb	LoadPlayerOrRivalSprite
0x080F4BD4	thumb	VBlankCB_Diploma
0x080F4BE8	thumb	CB2_ShowDiploma
0x080F4C28	thumb	CB2_Diploma
0x080F4C40	thumb	Task_DiplomaInit
0x080F4D4C	thumb	Task_HandleDiplomaInput
0x080F4DB8	thumb	Task_DiplomaExit
0x080F4DFC	thumb	DiplomaReset
0x080F4E18	thumb	DiplomaInitScreen
0x080F4F74	thumb	DiplomaLoadGfx
0x080F4FF0	thumb	DiplomaPrintText
0x080F50CC	thumb	SetNotInSaveFailedScreen
0x080F50D8	thumb	DoSaveFailedScreen
0x080F50F0	thumb	RunSaveFailedScreen
0x080F52C4	thumb	BlankPalettes
0x080F52F0	thumb	RequestDmaCopyFromScreenBuffer
0x080F530C	thumb	RequestDmaCopyFromCharBuffer
0x080F5328	thumb	FillBgMapBufferRect
0x080F53A4	thumb	UpdateMapBufferWithText
0x080F53C0	thumb	ClearMapBuffer
0x080F53DC	thumb	PrintTextOnSaveFailedScreen
0x080F5430	thumb	TryWipeDamagedSectors
0x080F5478	thumb	VerifySectorWipe
0x080F54B8	thumb	WipeSector
0x080F5518	thumb	WipeDamagedSectors
0x080F554C	thumb	CB2_RunClearSaveDataScreen
0x080F5564	thumb	VBlankCB_WaitYesNo
0x080F5578	thumb	CB2_SaveClearScreen_Init
0x080F55B4	thumb	Task_DrawClearSaveDataScreen
0x080F56E0	thumb	Task_HandleYesNoMenu
0x080F5774	thumb	Task_CleanUpAndSoftReset
0x080F57E4	thumb	CB2_Sub_SaveClearScreen_Init
0x080F57F8	thumb	SaveClearScreen_GpuInit
0x080F5924	thumb	SpriteCallbackDummy_EvoSparkles
0x080F5928	thumb	SetEvoSparklesMatrices
0x080F5960	thumb	SpriteCB_PreEvoSparkleSet1
0x080F5A1C	thumb	CreatePreEvoSparkleSet1
0x080F5A78	thumb	SpriteCB_PreEvoSparkleSet2
0x080F5AEC	thumb	CreatePreEvoSparkleSet2
0x080F5B54	thumb	SpriteCB_PostEvoSparkleSet1
0x080F5B9C	thumb	CreatePostEvoSparkleSet1
0x080F5C04	thumb	SpriteCB_PostEvoSparkleSet2
0x080F5CD4	thumb	CreatePostEvoSparkleSet2
0x080F5D5C	thumb	LoadEvoSparkleSpriteAndPal
0x080F5D78	thumb	EvolutionSparkles_SpiralUpward
0x080F5DA8	thumb	EvoTask_PreEvoSparkleSet1Init
0x080F5DF8	thumb	EvoTask_CreatePreEvoSparkleSet1
0x080F5E68	thumb	EvoTask_WaitForPre1SparklesToGoUp
0x080F5E98	thumb	EvolutionSparkles_ArcDown
0x080F5EB0	thumb	EvoTask_PreEvoSparkleSet2Init
0x080F5EE4	thumb	EvoTask_CreatePreEvoSparklesSet2
0x080F5F3C	thumb	EvoTask_PreEvoSparkleSet2Teardown
0x080F5F4C	thumb	EvolutionSparkles_CircleInward
0x080F5F64	thumb	EvoTask_PostEvoSparklesSet1Init
0x080F5F98	thumb	EvoTask_CreatePostEvoSparklesSet1
0x080F6018	thumb	EvoTask_PostEvoSparklesSet1Teardown
0x080F6028	thumb	EvolutionSparkles_SprayAndFlash
0x080F6058	thumb	EvoTask_PostEvoSparklesSet2Init
0x080F60BC	thumb	EvoTask_CreatePostEvoSparklesSet2
0x080F6148	thumb	EvoTask_PostEvoSparklesSet2Teardown
0x080F6168	thumb	EvolutionSparkles_SprayAndFlash_Trade
0x080F6198	thumb	EvoTask_PostEvoSparklesSet2TradeInit
0x080F61FC	thumb	EvoTask_CreatePostEvoSparklesSet2Trade
0x080F6288	thumb	SpriteCallbackDummy_MonSprites
0x080F628C	thumb	CycleEvolutionMonSprite
0x080F63D8	thumb	EvoTask_PrePostEvoMonSpritesInit
0x080F63FC	thumb	EvoTask_ChooseNextEvoSpriteAnim
0x080F644C	thumb	EvoTask_ShrinkOrExpandEvoSprites
0x080F6568	thumb	PreEvoInvisible_PostEvoVisible_KillTask
0x080F6618	thumb	PreEvoVisible_PostEvoInvisible_KillTask
0x080F66C8	thumb	SetUpFieldMove_Teleport
0x080F6708	thumb	FieldCallback_Teleport
0x080F6728	thumb	FldEff_UseTeleport
0x080F6758	thumb	StartTeleportFieldEffect
0x080F6768	thumb	ClearScheduledBgCopiesToVram
0x080F677C	thumb	ScheduleBgCopyTilemapToVram
0x080F6790	thumb	DoScheduledBgTilemapCopiesToVram
0x080F67E0	thumb	ResetTempTileDataBuffers
0x080F6804	thumb	FreeTempTileDataBuffersIfPossible
0x080F6850	thumb	DecompressAndCopyTileDataToVram
0x080F68C8	thumb	DecompressAndCopyTileDataToVram2
0x080F6944	thumb	DecompressAndLoadBgGfxUsingHeap
0x080F69C0	thumb	DecompressAndLoadBgGfxUsingHeap2
0x080F6A3C	thumb	TaskFreeBufAfterCopyingTileDataToVram
0x080F6A78	thumb	MallocAndDecompress
0x080F6AA8	thumb	CopyDecompressedTileDataToVram
0x080F6AE0	thumb	SetBgTilemapPalette
0x080F6B6C	thumb	CopyToBufferFromBgTilemap
0x080F6BEC	thumb	ResetBgPositions
0x080F6C44	thumb	InitStandardTextBoxWindows
0x080F6C64	thumb	FreeAllOverworldWindowBuffers
0x080F6C70	thumb	InitTextBoxGfxAndPrinters
0x080F6C94	thumb	RunTextPrinters_CheckPrinter0Active
0x080F6CA8	thumb	AddTextPrinterParameterized2
0x080F6D34	thumb	AddTextPrinterDiffStyle
0x080F6DE0	thumb	AddTextPrinterForMessage
0x080F6E2C	thumb	AddTextPrinterWithCustomSpeedForMessage
0x080F6E74	thumb	LoadStdWindowFrameGfx
0x080F6EBC	thumb	DrawDialogueFrame
0x080F6EF4	thumb	DrawStdWindowFrame
0x080F6F2C	thumb	ClearDialogWindowAndFrame
0x080F6F74	thumb	ClearStdWindowAndFrame
0x080F6FAC	thumb	WindowFunc_DrawStandardFrame
0x080F70FC	thumb	WindowFunc_DrawDialogueFrame
0x080F765C	thumb	WindowFunc_ClearStdWindowAndFrame
0x080F76A4	thumb	WindowFunc_ClearDialogWindowAndFrame
0x080F76F4	thumb	EraseFieldMessageBox
0x080F7728	thumb	SetStdWindowBorderStyle
0x080F7740	thumb	LoadMessageBoxAndFrameGfx
0x080F7790	thumb	Menu_LoadStdPal
0x080F77A4	thumb	Menu_LoadStdPalAt
0x080F77BC	thumb	GetStdMenuPalette
0x080F77C4	thumb	GetStdPalColor
0x080F77E0	thumb	DisplayItemMessageOnField
0x080F7830	thumb	DisplayYesNoMenuDefaultYes
0x080F7858	thumb	DisplayYesNoMenuDefaultNo
0x080F7880	thumb	GetTextSpeedSetting
0x080F78B8	thumb	CreateStartMenuWindow
0x080F7914	thumb	GetStartMenuWindowId
0x080F7920	thumb	RemoveStartMenuWindow
0x080F793C	thumb	GetDlgWindowBaseTileNum
0x080F7944	thumb	GetStdWindowBaseTileNum
0x080F794C	thumb	DrawHelpMessageWindowWithText
0x080F7970	thumb	DestroyHelpMessageWindow_
0x080F797C	thumb	LoadSignpostWindowFrameGfx
0x080F79A0	thumb	SetDefaultFontsPointer
0x080F79B0	thumb	GetFontAttribute
0x080F7A98	thumb	GetMenuCursorDimensionByFont
0x080F7AB0	thumb	TilemapUtil_Init
0x080F7B04	thumb	TilemapUtil_Free
0x080F7B18	thumb	TilemapUtil_UpdateAll
0x080F7B58	thumb	TilemapUtil_SetTilemap
0x080F7C54	thumb	TilemapUtil_SetSavedMap
0x080F7C84	thumb	TilemapUtil_SetPos
0x080F7CC0	thumb	TilemapUtil_SetRect
0x080F7D08	thumb	TilemapUtil_Move
0x080F7E2C	thumb	TilemapUtil_Update
0x080F7E74	thumb	TilemapUtil_DrawPrev
0x080F7F0C	thumb	TilemapUtil_Draw
0x080F7FA4	thumb	SaveStatToString
0x080F80BC	thumb	GetMapPreviewScreenIdx
0x080F80E8	thumb	MapHasPreviewScreen
0x080F812C	thumb	MapHasPreviewScreen_HandleQLState2
0x080F8158	thumb	MapPreview_InitBgs
0x080F8174	thumb	MapPreview_LoadGfx
0x080F820C	thumb	MapPreview_Unload
0x080F8230	thumb	MapPreview_IsGfxLoadFinished
0x080F8240	thumb	MapPreview_StartForestTransition
0x080F82F0	thumb	MapPreview_CreateMapNameWindow
0x080F8388	thumb	ForestMapPreviewScreenIsRunning
0x080F83A8	thumb	Task_RunMapPreviewScreenForest
0x080F851C	thumb	GetDungeonMapPreviewScreenInfo
0x080F8544	thumb	MapPreview_GetDuration
0x080F8594	thumb	MapPreview_SetFlag
0x080F85C8	thumb	Debug_PrintString
0x080F85CC	thumb	Debug_PrintNum
0x080F85D0	thumb	ResetLinkRfuGFLayer
0x080F869C	thumb	InitRFU
0x080F86CC	thumb	InitRFUAPI
0x080F8710	thumb	Task_ParentSearchForChildren
0x080F8844	thumb	Rfu_GetIndexOfNewestChild
0x080F8854	thumb	SetLinkPlayerIdsFromSlots
0x080F8914	thumb	Task_ChildSearchForParent
0x080F8A7C	thumb	InitChildRecvBuffers
0x080F8AC4	thumb	InitParentSendData
0x080F8B0C	thumb	Task_UnionRoomListen
0x080F8CD4	thumb	LinkRfu_CreateConnectionAsParent
0x080F8CEC	thumb	LinkRfu_StopManagerBeforeEnteringChat
0x080F8CF8	thumb	MscCallback_Child
0x080F8D80	thumb	MSCCallback_Parent
0x080F8D98	thumb	LinkRfu_Shutdown
0x080F8E4C	thumb	CreateTask_ParentSearchForChildren
0x080F8E7C	thumb	CanTryReconnectParent
0x080F8EA4	thumb	TryReconnectParent
0x080F8EE8	thumb	CreateTask_ChildSearchForParent
0x080F8F18	thumb	LmanAcceptSlotFlagIsNotZero
0x080F8F34	thumb	LinkRfu_StopManagerAndFinalizeSlots
0x080F8F54	thumb	WaitRfuState
0x080F8F78	thumb	StopUnionRoomLinkManager
0x080F8F84	thumb	ReadySendDataForSlots
0x080F8FAC	thumb	ReadAllPlayerRecvCmds
0x080F9010	thumb	MoveSendCmdToRecv
0x080F9044	thumb	UpdateBackupQueue
0x080F90B4	thumb	IsRfuRecvQueueEmpty
0x080F90F4	thumb	RfuMain1_Parent
0x080F91DC	thumb	RfuMain2_Parent
0x080F9494	thumb	ChildBuildSendCmd
0x080F94EC	thumb	RfuMain1_Child
0x080F9634	thumb	HandleSendFailure
0x080F96F8	thumb	Rfu_SetBlockReceivedFlag
0x080F9724	thumb	Rfu_ResetBlockReceivedFlag
0x080F9748	thumb	LoadLinkPlayerIds
0x080F9790	thumb	SendKeysToRfu
0x080F97D8	thumb	GetHostRfuGameData
0x080F97E0	thumb	IsSendingKeysToRfu
0x080F9800	thumb	StartSendingKeysToRfu
0x080F9834	thumb	ClearLinkRfuCallback
0x080F9840	thumb	RfuHandleReceiveCommand
0x080F9C28	thumb	AreAllPlayersReadyToReceive
0x080F9C50	thumb	AreAllPlayersFinishedReceiving
0x080F9C8C	thumb	ResetSendDataManager
0x080F9CA0	thumb	Rfu_GetBlockReceivedStatus
0x080F9CDC	thumb	RfuPrepareSendBuffer
0x080F9E04	thumb	Rfu_SendPacket
0x080F9E38	thumb	Rfu_InitBlockSend
0x080F9F1C	thumb	HandleBlockSend
0x080F9F80	thumb	SendNextBlock
0x080F9FF8	thumb	SendLastBlock
0x080FA0D0	thumb	Rfu_SendBlockRequest
0x080FA0EC	thumb	RfuShutdownAfterDisconnect
0x080FA118	thumb	DisconnectRfu
0x080FA138	thumb	TryDisconnectRfu
0x080FA168	thumb	LinkRfu_FatalError
0x080FA19C	thumb	WaitAllReadyToCloseLink
0x080FA1FC	thumb	SendReadyCloseLink
0x080FA234	thumb	Task_TryReadyCloseLink
0x080FA264	thumb	Rfu_SetCloseLinkCallback
0x080FA288	thumb	SendReadyExitStandbyUntilAllReady
0x080FA328	thumb	LinkLeaderReadyToExitStandby
0x080FA360	thumb	Rfu_LinkStandby
0x080FA404	thumb	Rfu_SetLinkStandbyCallback
0x080FA424	thumb	IsRfuSerialNumberValid
0x080FA45C	thumb	Rfu_SetLinkRecovery
0x080FA480	thumb	Rfu_StopPartnerSearch
0x080FA4A0	thumb	Rfu_GetMultiplayerId
0x080FA4C4	thumb	Rfu_GetLinkPlayerCount
0x080FA4D0	thumb	IsLinkRfuTaskFinished
0x080FA4E8	thumb	CallRfuFunc
0x080FA500	thumb	CheckForLeavingGroupMembers
0x080FA5AC	thumb	RfuTryDisconnectLeavingChildren
0x080FA60C	thumb	HasTrainerLeftPartnersList
0x080FA648	thumb	SendRfuStatusToPartner
0x080FA694	thumb	SendLeaveGroupNotice
0x080FA6D4	thumb	WaitSendRfuStatusToPartner
0x080FA710	thumb	UpdateChildStatuses
0x080FA760	thumb	GetJoinGroupStatus
0x080FA80C	thumb	Task_PlayerExchange
0x080FA9A8	thumb	ClearSelectedLinkPlayerIds
0x080FA9D4	thumb	ReceiveRfuLinkPlayers
0x080FAA30	thumb	ValidateAndReceivePokemonSioInfo
0x080FAA6C	thumb	Task_PlayerExchangeUpdate
0x080FACC8	thumb	Task_PlayerExchangeChat
0x080FAD70	thumb	RfuCheckErrorStatus
0x080FAE4C	thumb	RfuMain1_UnionRoom
0x080FAE6C	thumb	RfuMain1
0x080FAEC8	thumb	RfuMain2
0x080FAEF4	thumb	SetHostRfuUsername
0x080FAF0C	thumb	ResetHostRfuGameData
0x080FAF30	thumb	SetHostRfuGameData
0x080FAF4C	thumb	SetHostRfuWonderFlags
0x080FAF78	thumb	SetTradeBoardRegisteredMonInfo
0x080FAFB8	thumb	UpdateGameData_GroupLockedIn
0x080FAFE0	thumb	UpdateGameData_SetActivity
0x080FB008	thumb	SetUnionRoomChatPlayerData
0x080FB0C0	thumb	RfuSetErrorParams
0x080FB0F0	thumb	ResetErrorState
0x080FB100	thumb	RfuSetIgnoreError
0x080FB12C	thumb	DisconnectNewChild
0x080FB14C	thumb	StartDisconnectNewChild
0x080FB15C	thumb	LinkManagerCB_Parent
0x080FB354	thumb	LinkManagerCB_Child
0x080FB53C	thumb	ParentResetChildRecvMetadata
0x080FB578	thumb	GetNewChildrenInUnionRoomChat
0x080FB5C4	thumb	LinkManagerCB_UnionRoom
0x080FB9A8	thumb	RfuSetNormalDisconnectMode
0x080FB9BC	thumb	RfuSetStatus
0x080FB9CC	thumb	RfuGetStatus
0x080FB9D8	thumb	RfuHasErrored
0x080FB9F4	thumb	Rfu_IsPlayerExchangeActive
0x080FBA04	thumb	Rfu_IsMaster
0x080FBA10	thumb	RfuVSync
0x080FBA1C	thumb	ClearRecvCommands
0x080FBA3C	thumb	VBlank_RfuIdle
0x080FBA50	thumb	Debug_RfuIdle
0x080FBAE4	thumb	IsUnionRoomListenTaskActive
0x080FBAF8	thumb	CreateTask_RfuIdle
0x080FBB24	thumb	DestroyTask_RfuIdle
0x080FBB4C	thumb	CB2_RfuIdle
0x080FBB64	thumb	InitializeRfuLinkManager_LinkLeader
0x080FBBB0	thumb	InitializeRfuLinkManager_JoinGroup
0x080FBBD8	thumb	InitializeRfuLinkManager_EnterUnionRoom
0x080FBC3C	thumb	ReadU16
0x080FBC48	thumb	GetPartnerIndexByNameAndTrainerID
0x080FBCD0	thumb	RfuReqDisconnectSlot
0x080FBD24	thumb	RequestDisconnectSlotByTrainerNameAndId
0x080FBD44	thumb	Rfu_DisconnectPlayerById
0x080FBD90	thumb	Task_SendDisconnectCommand
0x080FBDF8	thumb	SendDisconnectCommand
0x080FBE58	thumb	Task_RfuReconnectWithParent
0x080FBF2C	thumb	CreateTask_RfuReconnectWithParent
0x080FBF70	thumb	IsPartnerActivityIncompatible
0x080FC000	thumb	Task_TryConnectToUnionRoomParent
0x080FC0EC	thumb	TryConnectToUnionRoomParent
0x080FC188	thumb	IsRfuRecoveringFromLinkLoss
0x080FC1A4	thumb	IsRfuCommunicatingWithAllChildren
0x080FC1E0	thumb	Debug_PrintEmpty
0x080FC200	thumb	Debug_PrintStatus
0x080FC424	thumb	GetRfuSendQueueLength
0x080FC438	thumb	GetRfuRecvQueueLength
0x080FC44C	thumb	Task_Idle
0x080FC450	thumb	RfuRecvQueue_Reset
0x080FC4AC	thumb	RfuSendQueue_Reset
0x080FC508	thumb	RfuUnusedQueue_Reset
0x080FC560	thumb	RfuRecvQueue_Enqueue
0x080FC614	thumb	RfuSendQueue_Enqueue
0x080FC6C0	thumb	RfuRecvQueue_Dequeue
0x080FC774	thumb	RfuSendQueue_Dequeue
0x080FC800	thumb	RfuBackupQueue_Enqueue
0x080FC860	thumb	RfuBackupQueue_Dequeue
0x080FC8B0	thumb	RfuUnusedQueue_Dequeue
0x080FC91C	thumb	RfuUnusedQueue_Enqueue
0x080FC990	thumb	PopulateArrayWithSequence
0x080FCA4C	thumb	PkmnStrToASCII
0x080FCA80	thumb	ASCIIToPkmnStr
0x080FCAB4	thumb	GetConnectedChildStrength
0x080FCB2C	thumb	InitHostRfuGameData
0x080FCC14	thumb	Rfu_GetCompatiblePlayerData
0x080FCCCC	thumb	Rfu_GetWonderDistributorPlayerData
0x080FCD28	thumb	CopyHostRfuGameDataAndUsername
0x080FCD4C	thumb	CreateWirelessStatusIndicatorSprite
0x080FCE1C	thumb	DestroyWirelessStatusIndicatorSprite
0x080FCE80	thumb	LoadWirelessStatusIndicatorSpriteGfx
0x080FCEBC	thumb	GetParentSignalStrength
0x080FCEF4	thumb	SetAndRestartWirelessStatusIndicatorAnim
0x080FCF0C	thumb	UpdateWirelessStatusIndicatorSprite
0x080FD110	thumb	CopyTrainerRecord
0x080FD144	thumb	ZeroName
0x080FD158	thumb	NameIsEmpty
0x080FD178	thumb	SaveLinkTrainerNames
0x080FD310	thumb	PlayerHasMetTrainerBefore
0x080FD37C	thumb	rfu_LMAN_REQBN_softReset_and_checkID
0x080FD3C8	thumb	rfu_LMAN_REQ_sendData
0x080FD408	thumb	rfu_LMAN_initializeManager
0x080FD45C	thumb	rfu_LMAN_endManager
0x080FD488	thumb	rfu_LMAN_initializeRFU
0x080FD4BC	thumb	rfu_LMAN_clearVariables
0x080FD504	thumb	rfu_LMAN_powerDownRFU
0x080FD510	thumb	rfu_LMAN_establishConnection
0x080FD5E8	thumb	rfu_LMAN_CHILD_connectParent
0x080FD6CC	thumb	rfu_LMAN_PARENT_stopWaitLinkRecoveryAndDisconnect
0x080FD738	thumb	rfu_LMAN_stopManager
0x080FD828	thumb	rfu_LMAN_linkWatcher
0x080FD9EC	thumb	rfu_LMAN_syncVBlank
0x080FDA08	thumb	rfu_LMAN_manager_entity
0x080FDC00	thumb	rfu_LMAN_settingPCSWITCH
0x080FDC70	thumb	rfu_LMAN_REQ_callback
0x080FE36C	thumb	rfu_LMAN_MSC_callback
0x080FE3F0	thumb	rfu_LMAN_PARENT_checkRecvChildName
0x080FE614	thumb	rfu_LMAN_CHILD_checkSendChildName
0x080FE6C8	thumb	rfu_LMAN_CHILD_checkSendChildName2
0x080FE724	thumb	rfu_LMAN_CHILD_linkRecoveryProcess
0x080FE750	thumb	rfu_LMAN_CHILD_checkEnableParentCandidate
0x080FE7C8	thumb	rfu_LMAN_occureCallback
0x080FE7F0	thumb	rfu_LMAN_disconnect
0x080FE814	thumb	rfu_LMAN_reflectCommunicationStatus
0x080FE8F0	thumb	rfu_LMAN_checkNICommunicateStatus
0x080FE9E8	thumb	rfu_LMAN_setMSCCallback
0x080FEA00	thumb	rfu_LMAN_setLMANCallback
0x080FEA0C	thumb	rfu_LMAN_setLinkRecovery
0x080FEA50	thumb	rfu_LMAN_setNIFailCounterLimit
0x080FEA8C	thumb	rfu_LMAN_setFastSearchParent
0x080FEACC	thumb	rfu_LMAN_managerChangeAgbClockMaster
0x080FEAEC	thumb	rfu_LMAN_requestChangeAgbClockMaster
0x080FEB14	thumb	rfu_LMAN_forceChangeSP
0x080FEB84	thumb	DoEasyChatScreen
0x080FEBE4	thumb	CB2_EasyChatScreen
0x080FEBFC	thumb	VBlankCallback_EasyChatScreen
0x080FEC10	thumb	SetEasyChatTaskFunc
0x080FEC2C	thumb	Task_InitEasyChat
0x080FEC68	thumb	Task_RunEasyChat
0x080FED58	thumb	Task_InitEasyChatInternal
0x080FEDFC	thumb	DismantleEasyChat
0x080FEE1C	thumb	ShowEasyChatScreen
0x080FEF04	thumb	CompareProfileResponseWithPassphrase
0x080FEF24	thumb	CompareQuestionnaireResponseWithPassphrase
0x080FEF44	thumb	EasyChat_AllocateResources
0x080FEFE8	thumb	EasyChat_FreeResources
0x080FF000	thumb	EasyChatScreen_HandleJoypad
0x080FF070	thumb	HandleJoypad_SelectField
0x080FF1E4	thumb	HandleJoypad_SelectFooter
0x080FF338	thumb	HandleJoypad_SelectGroup
0x080FF3F4	thumb	HandleJoypad_SelectWord
0x080FF480	thumb	Cancel_HandleYesNoMenu
0x080FF4C8	thumb	Confirm_HandleYesNoMenu
0x080FF51C	thumb	DelAll_HandleYesNoMenu
0x080FF568	thumb	Cancel_CreateYesNoMenu
0x080FF580	thumb	DelAll_CreateYesNoMenu
0x080FF598	thumb	Confirm_CreateYesNoMenu
0x080FF5C8	thumb	GetStateBackup
0x080FF5D4	thumb	OpenSelectedGroup
0x080FF650	thumb	BackOutFromGroupToFieldSelect
0x080FF660	thumb	ToggleGroupAlphaMode
0x080FF68C	thumb	DeleteSelectedWord
0x080FF6A0	thumb	PlaceSelectedWord
0x080FF6C8	thumb	CommitECWords
0x080FF700	thumb	DeleteAllECFields
0x080FF740	thumb	SetEasyChatWordToField
0x080FF764	thumb	HasECMessageChanged
0x080FF7A4	thumb	SelectGroupCursorAction
0x080FF7E4	thumb	UpdateSelectGroupCursorPos_OutsideBlueBox_GroupMode
0x080FF8B0	thumb	UpdateSelectGroupCursorPos_OutsideBlueBox_AlphaMode
0x080FF940	thumb	UpdateSelectGroupCursorPos_InsideBlueBox
0x080FF9C0	thumb	GroupCursorMoveToBlueBox
0x080FF9E4	thumb	GroupCursorWrapAroundLeft
0x080FFA10	thumb	SelectWordCursorAction
0x080FFB44	thumb	GetSelectedFieldIndex
0x080FFB64	thumb	GetSelectedGroupIndex
0x080FFB84	thumb	GetSelectedLetter
0x080FFBBC	thumb	GetSelectWordCursorPos
0x080FFBDC	thumb	GetMaxGroupCursorXinAlphaMode
0x080FFBF4	thumb	MoveGroupCursorXToMaxCol
0x080FFC1C	thumb	MoveWordCursorXToMaxCol
0x080FFC44	thumb	GroupSelectCursorXPosTooFarRight
0x080FFC98	thumb	WordSelectCursorXPosTooFarRight
0x080FFCB8	thumb	GetEasyChatScreenFrameId
0x080FFCD4	thumb	GetTitleText
0x080FFCF4	thumb	GetEasyChatWordBuffer
0x080FFD00	thumb	GetNumRows
0x080FFD0C	thumb	GetNumColumns
0x080FFD18	thumb	GetMainCursorColumn
0x080FFD24	thumb	GetMainCursorRow
0x080FFD30	thumb	GetEasyChatInstructionsText
0x080FFD68	thumb	GetEasyChatConfirmText
0x080FFDA0	thumb	GetEasyChatConfirmCancelText
0x080FFDCC	thumb	GetEasyChatConfirmDeletionText
0x080FFDE0	thumb	GetECSelectGroupCursorCoords
0x080FFDF4	thumb	IsEasyChatAlphaMode
0x080FFE00	thumb	GetECSelectGroupRowsAbove
0x080FFE0C	thumb	GetECSelectWordCursorCoords
0x080FFE20	thumb	GetECSelectWordRowsAbove
0x080FFE2C	thumb	GetECSelectWordNumRows
0x080FFE38	thumb	UnusedDummy
0x080FFE3C	thumb	ShouldDrawECUpArrow
0x080FFE70	thumb	ShouldDrawECDownArrow
0x080FFEB4	thumb	IsPhraseDifferentThanPlayerInput
0x080FFEF4	thumb	GetEasyChatScreenTemplateId
0x080FFF20	thumb	IsEcWordBufferUninitialized
0x080FFF58	thumb	InitEasyChatGraphicsWork
0x080FFF70	thumb	LoadEasyChatGraphics
0x081000F4	thumb	DestroyEasyChatGraphicsResources
0x0810010C	thumb	EasyChatInterfaceCommand_Setup
0x08100124	thumb	EasyChatInterfaceCommand_Run
0x08100230	thumb	ECInterfaceCmd_01
0x08100268	thumb	ECInterfaceCmd_02
0x0810034C	thumb	ECInterfaceCmd_03
0x08100380	thumb	ECInterfaceCmd_05
0x081003C4	thumb	ECInterfaceCmd_06
0x08100408	thumb	ECInterfaceCmd_04
0x0810044C	thumb	ECInterfaceCmd_07
0x08100490	thumb	ECInterfaceCmd_08
0x081004CC	thumb	ECInterfaceCmd_09
0x08100598	thumb	ECInterfaceCmd_10
0x08100638	thumb	ECInterfaceCmd_22
0x081006F8	thumb	ECInterfaceCmd_14
0x08100704	thumb	ECInterfaceCmd_15
0x0810074C	thumb	ECInterfaceCmd_16
0x081007A8	thumb	ECInterfaceCmd_11
0x08100868	thumb	ECInterfaceCmd_12
0x08100914	thumb	ECInterfaceCmd_13
0x081009D0	thumb	ECInterfaceCmd_17
0x081009DC	thumb	ECInterfaceCmd_19
0x08100A50	thumb	ECInterfaceCmd_18
0x08100AC0	thumb	ECInterfaceCmd_21
0x08100B48	thumb	ECInterfaceCmd_20
0x08100BCC	thumb	InitEasyChatGraphicsWork_Internal
0x08100C34	thumb	SetGpuRegsForEasyChatInit
0x08100C94	thumb	LoadEasyChatPals
0x08100CFC	thumb	PrintTitleText
0x08100D5C	thumb	EC_AddTextPrinterParameterized
0x08100D9C	thumb	EC_AddTextPrinterParameterized2
0x08100E0C	thumb	PrintECInstructionsText
0x08100E54	thumb	PrintECInterfaceTextById
0x08100EF0	thumb	EC_CreateYesNoMenuWithInitialCursorPos
0x08100F1C	thumb	CreatePhraseFrameWindow
0x08100FB4	thumb	PrintECFields
0x081010D8	thumb	DrawECFrameInTilemapBuffer
0x081012A4	thumb	PutWin2TilemapAndCopyToVram
0x081012B8	thumb	PrintECMenuById
0x081012F4	thumb	PrintECGroupOrAlphaMenu
0x08101314	thumb	PrintECGroupsMenu
0x08101378	thumb	PrintEasyChatKeyboardText
0x081013B4	thumb	PrintECWordsMenu
0x081013C4	thumb	UpdateWin2PrintWordsScrollDown
0x081013E8	thumb	UpdateWin2PrintWordsScrollUp
0x0810140C	thumb	UpdateWin2PrintWordsScrollPageDown
0x08101450	thumb	UpdateWin2PrintWordsScrollPageUp
0x08101484	thumb	PrintECRowsWin2
0x08101530	thumb	ClearECRowsWin2
0x08101594	thumb	ClearWin2AndCopyToVram
0x081015AC	thumb	StartWin2FrameAnim
0x08101684	thumb	AnimateFrameResize
0x081016BC	thumb	RedrawFrameByIndex
0x08101808	thumb	RedrawFrameByRect
0x08101964	thumb	InitBg2Scroll
0x08101988	thumb	ScheduleBg2VerticalScroll
0x081019E8	thumb	AnimateBg2VerticalScroll
0x08101A20	thumb	GetBg2ScrollRow
0x08101A34	thumb	SetRegWin0Coords
0x08101A68	thumb	LoadSpriteGfx
0x08101A9C	thumb	CreateSelectDestFieldCursorSprite
0x08101AF8	thumb	SpriteCB_BounceCursor
0x08101B30	thumb	SetSelectDestFieldCursorSpritePosAndResetAnim
0x08101B60	thumb	FreezeSelectDestFieldCursorSprite
0x08101B80	thumb	UnfreezeSelectDestFieldCursorSprite
0x08101B98	thumb	CreateRedRectangularCursorSpritePair
0x08101C20	thumb	DestroyRedRectangularCursor
0x08101C58	thumb	EC_MoveCursor
0x08101CBC	thumb	MoveCursor_Group
0x08101D74	thumb	MoveCursor_Alpha
0x08101E58	thumb	CreateSelectWordCursorSprite
0x08101EAC	thumb	SpriteCB_SelectWordCursorSprite
0x08101EDC	thumb	SetSelectWordCursorSpritePos
0x08101F18	thumb	SetSelectWordCursorSpritePosExplicit
0x08101F58	thumb	DestroySelectWordCursorSprite
0x08101F84	thumb	CreateSelectGroupHelpSprite
0x08101FF0	thumb	AnimateSeletGroupModeAndHelpSpriteEnter
0x08102084	thumb	StartModeIconHidingAnimation
0x081020A8	thumb	RunModeIconHidingAnimation
0x08102134	thumb	ShrinkModeIconsSprite
0x08102150	thumb	ShowModeIconsSprite
0x08102190	thumb	ModeIconsSpriteAnimIsEnded
0x081021AC	thumb	CreateVerticalScrollArrowSprites
0x08102224	thumb	UpdateVerticalScrollArrowVisibility
0x08102288	thumb	HideVerticalScrollArrowSprites
0x081022B8	thumb	UpdateVerticalScrollArrowSpriteXPos
0x081022F8	thumb	CreateStartSelectButtonsSprites
0x0810236C	thumb	UpdateStartSelectButtonSpriteVisibility
0x081023D0	thumb	HideStartSelectButtonSprites
0x08102400	thumb	CreateFooterWindow
0x08102498	thumb	VBlankCB
0x081024AC	thumb	CB2_PokedexScreen
0x081024E4	thumb	DexScreen_LoadResources
0x08102734	thumb	CB2_OpenPokedexFromStartMenu
0x08102770	thumb	DoClosePokedex
0x08102830	thumb	CB2_ClosePokedex
0x08102854	thumb	Task_PokedexScreen
0x08102C00	thumb	DexScreen_InitGfxForTopMenu
0x08102E98	thumb	MoveCursorFunc_DexModeSelect
0x08102F20	thumb	ItemPrintFunc_DexModeSelect
0x08102F58	thumb	Task_DexScreen_NumericalOrder
0x08103154	thumb	DexScreen_InitGfxForNumericalOrderList
0x08103210	thumb	Task_DexScreen_CharacteristicOrder
0x08103434	thumb	DexScreen_CreateCharacteristicListMenu
0x081034F0	thumb	DexScreen_CountMonsInOrderedList
0x081038FC	thumb	DexScreen_InitListMenuForOrderedList
0x08103960	thumb	DexScreen_DestroyDexOrderListMenu
0x081039C8	thumb	DexScreen_CreateDexOrderScrollArrows
0x08103A18	thumb	ItemPrintFunc_OrderedListMenu
0x08103AA0	thumb	Task_DexScreen_CategorySubmenu
0x0810420C	thumb	DexScreen_CreateCategoryMenuScrollArrows
0x0810425C	thumb	DexScreen_InputHandler_GetShoulderInput
0x081042C4	thumb	Task_DexScreen_ShowMonPage
0x0810463C	thumb	DexScreen_TryScrollMonsVertical
0x08104788	thumb	DexScreen_RemoveWindow
0x081047A0	thumb	DexScreen_AddTextPrinterParameterized
0x08104858	thumb	DexScreen_PrintNum3LeadingZeroes
0x081048F4	thumb	DexScreen_PrintNum3RightAlign
0x081049A4	thumb	DexScreen_GetDefaultPersonality
0x081049D4	thumb	DexScreen_LoadMonPicInWindow
0x08104A0C	thumb	DexScreen_PrintMonDexNo
0x08104A88	thumb	DexScreen_GetSetPokedexFlag
0x08104B94	thumb	DexScreen_GetDexCount
0x08104C04	thumb	DexScreen_PrintControlInfo
0x08104C3C	thumb	DexScreen_DrawMonPicInCategoryPage
0x08104E68	thumb	DexScreen_DestroyCategoryPageMonIconAndInfoWindows
0x08104E98	thumb	DexScreen_PrintCategoryPageNumbers
0x08104EE4	thumb	DexScreen_CreateCategoryListGfx
0x08105030	thumb	DexScreen_CreateCategoryPageSelectionCursor
0x08105150	thumb	DexScreen_UpdateCategoryPageCursorObject
0x08105184	thumb	DexPage_TileBuffer_CopyCol
0x081051A8	thumb	DexPage_TileBuffer_FillCol
0x081051C8	thumb	DexScreen_TurnCategoryPage_BgEffect
0x081052A8	thumb	DexScreen_FlipCategoryPageInDirection
0x0810556C	thumb	DexScreen_DexPageZoomEffectFrame
0x081057D8	thumb	DexScreen_PrintMonCategory
0x0810589C	thumb	DexScreen_PrintMonHeight
0x08105A14	thumb	DexScreen_PrintMonWeight
0x08105C88	thumb	DexScreen_PrintMonFlavorText
0x08105D3C	thumb	DexScreen_DrawMonFootprint
0x08105DF4	thumb	DexScreen_DrawMonDexPage
0x08105FEC	thumb	RemoveDexPageWindows
0x08106014	thumb	DexScreen_DrawMonAreaPage
0x08106798	thumb	DexScreen_DestroyAreaScreenResources
0x081067E8	thumb	DexScreen_CanShowMonInDex
0x08106810	thumb	DexScreen_IsPageUnlocked
0x08106878	thumb	DexScreen_IsCategoryUnlocked
0x081068B4	thumb	DexScreen_CreateCategoryPageSpeciesList
0x08106974	thumb	DexScreen_GetPageLimitsForCategory
0x081069F8	thumb	DexScreen_LookUpCategoryBySpecies
0x08106AD0	thumb	DexScreen_PageNumberToRenderablePages
0x08106B0C	thumb	DexScreen_InputHandler_StartToCry
0x08106B38	thumb	DexScreen_RegisterMonToPokedex
0x08106BB0	thumb	Task_DexScreen_RegisterNonKantoMonBeforeNationalDex
0x08106BC0	thumb	Task_DexScreen_RegisterMonToPokedex
0x08106E50	thumb	DexScreen_PrintStringWithAlignment
0x08106EA4	thumb	ListMenuDummyTask
0x08106EA8	thumb	DoMysteryGiftListMenu
0x08106FD0	thumb	ListMenuInit
0x08106FFC	thumb	ListMenuInitInRect
0x08107050	thumb	ListMenu_ProcessInput
0x08107114	thumb	DestroyListMenuTask
0x08107158	thumb	RedrawListMenu
0x0810719C	thumb	ChangeListMenuPals
0x081071E0	thumb	ChangeListMenuCoords
0x0810721C	thumb	ListMenuTestInput
0x08107284	thumb	ListMenuGetCurrentItemArrayId
0x081072AC	thumb	ListMenuGetScrollAndRow
0x081072D8	thumb	ListMenuGetYCoordForPrintingArrowCursor
0x08107320	thumb	ListMenuInitInternal
0x08107400	thumb	ListMenuPrint
0x081074B4	thumb	ListMenuPrintEntries
0x0810756C	thumb	ListMenuDrawCursor
0x08107664	thumb	ListMenuAddCursorObject
0x081076C4	thumb	ListMenuErasePrintedCursor
0x0810774C	thumb	ListMenuUpdateSelectedRowIndexAndScrollOffset
0x0810783C	thumb	ListMenuScroll
0x08107974	thumb	ListMenuChangeSelection
0x08107A4C	thumb	ListMenuCallSelectionChangedCallback
0x08107A74	thumb	ListMenuOverrideSetColors
0x08107AC4	thumb	ListMenuDefaultCursorMoveFunc
0x08107AD8	thumb	ListMenuGetTemplateField
0x08107BA8	thumb	ListMenuSetTemplateField
0x08107CB0	thumb	ListMenu_LoadMonIconPalette
0x08107CD0	thumb	ListMenu_DrawMonIconGraphics
0x08107D10	thumb	ListMenuLoadStdPalAt
0x08107D40	thumb	BlitMenuInfoIcon
0x08107D8C	thumb	GoToBagMenu
0x08107E90	thumb	CB2_BagMenuFromStartMenu
0x08107EA4	thumb	CB2_BagMenuFromBattle
0x08107EB8	thumb	CB2_BagMenuRun
0x08107ED4	thumb	VBlankCB_BagMenuRun
0x08107EE8	thumb	CB2_OpenBagMenu
0x08107F14	thumb	LoadBagMenuGraphics
0x08108114	thumb	FadeOutOfBagMenu
0x08108150	thumb	Task_WaitFadeOutOfBagMenu
0x08108184	thumb	NullBagMenuBufferPtrs
0x081081A8	thumb	BagMenuInitBgsAndAllocTilemapBuffer
0x08108218	thumb	DoLoadBagGraphics
0x08108360	thumb	CreateBagInputHandlerTask
0x081083CC	thumb	TryAllocListMenuBuffers
0x08108404	thumb	Bag_BuildListMenuTemplate
0x08108538	thumb	BagListMenuGetItemNameColored
0x0810857C	thumb	BagListMenuMoveCursorFunc
0x0810862C	thumb	BagListMenuItemPrintFunc
0x08108744	thumb	bag_menu_print_cursor_
0x08108764	thumb	bag_menu_print_cursor
0x081087C4	thumb	PrintBagPocketName
0x081087F0	thumb	PrintItemDescriptionOnMessageWindow
0x08108860	thumb	CreatePocketScrollArrowPair
0x081088B0	thumb	CreatePocketSwitchArrowPair
0x081088E0	thumb	CreatePocketScrollArrowPair_SellQuantity
0x08108918	thumb	CreateArrowPair_QuantitySelect
0x08108950	thumb	BagDestroyPocketScrollArrowPair
0x08108974	thumb	BagDestroyPocketSwitchArrowPair
0x08108994	thumb	ResetBagCursorPositions
0x081089CC	thumb	PocketCalculateInitialCursorPosAndItemsAbove
0x08108A40	thumb	CalculateInitialCursorPosAndItemsAbove
0x08108A5C	thumb	UpdatePocketScrollPositions
0x08108ADC	thumb	DestroyBagMenuResources
0x08108B28	thumb	ItemMenu_StartFadeToExitCallback
0x08108B64	thumb	Task_ItemMenu_WaitFadeAndSwitchToExitCallback
0x08108BE8	thumb	ShowBagOrBeginWin0OpenTask
0x08108C8C	thumb	Bag_BeginCloseWin0Animation
0x08108CC8	thumb	CB2_SetUpReshowBattleScreenAfterMenu
0x08108CD4	thumb	Task_AnimateWin0v
0x08108D38	thumb	MoveItemSlotInList
0x08108DA0	thumb	Pocket_CalculateNItemsAndMaxShowed
0x08108E2C	thumb	All_CalculateNItemsAndMaxShowed
0x08108E48	thumb	DisplayItemMessageInBag
0x08108EB8	thumb	ItemMenu_SetExitCallback
0x08108EC4	thumb	GetSelectedItemIndex
0x08108EE4	thumb	Task_BagMenu_HandleInput
0x081090B4	thumb	Task_ItemContextMenuByLocation
0x081090E4	thumb	Task_RedrawArrowsAndReturnToBagMenuSelect
0x08109118	thumb	Bag_FillMessageBoxWithPalette
0x08109140	thumb	ProcessPocketSwitchInput
0x081091A8	thumb	SwitchPockets
0x08109270	thumb	Task_AnimateSwitchPockets
0x08109390	thumb	BeginMovingItemInPocket
0x08109488	thumb	Task_MoveItemInPocket_HandleInput
0x08109584	thumb	ExecuteMoveItemInPocket
0x08109654	thumb	AbortMovingItemInPocket
0x081096F4	thumb	InitQuantityToTossOrDeposit
0x081097BC	thumb	UpdateQuantityToTossOrDeposit
0x0810982C	thumb	DrawItemListRow
0x08109868	thumb	OpenContextMenu
0x08109B90	thumb	Task_ItemContext_FieldOrBattle
0x08109BBC	thumb	Task_FieldItemContextMenuHandleInput
0x08109C28	thumb	Task_ItemMenuAction_Use
0x08109C98	thumb	Task_ItemMenuAction_Toss
0x08109D10	thumb	Task_ConfirmTossItems
0x08109D88	thumb	Task_TossItem_No
0x08109DC4	thumb	Task_SelectQuantityToToss
0x08109E80	thumb	Task_TossItem_Yes
0x08109F1C	thumb	Task_WaitAB_RedrawAndReturnToBag
0x08109FD8	thumb	Task_ItemMenuAction_ToggleSelect
0x0810A080	thumb	Task_ItemMenuAction_Give
0x0810A148	thumb	Task_PrintThereIsNoPokemon
0x0810A164	thumb	Task_PrintItemCantBeHeld
0x0810A1A8	thumb	Task_WaitAButtonAndCloseContextMenu
0x0810A1D0	thumb	Task_ReturnToBagFromContextMenu
0x0810A260	thumb	Task_UnusedReturnToBag
0x0810A2B4	thumb	Task_ItemMenuAction_Cancel
0x0810A2FC	thumb	Task_ItemMenuAction_BattleUse
0x0810A348	thumb	Task_ItemContext_FieldGive
0x0810A40C	thumb	GoToTMCase_Give
0x0810A420	thumb	GoToBerryPouch_Give
0x0810A434	thumb	ReturnToBagMenuFromSubmenu_Give
0x0810A440	thumb	Task_ItemContext_PcBoxGive
0x0810A504	thumb	GoToTMCase_PCBox
0x0810A518	thumb	GoToBerryPouch_PCBox
0x0810A52C	thumb	ReturnToBagMenuFromSubmenu_PCBox
0x0810A540	thumb	Task_ItemContext_Sell
0x0810A62C	thumb	GoToTMCase_Sell
0x0810A640	thumb	GoToBerryPouch_Sell
0x0810A654	thumb	ReturnToBagMenuFromSubmenu_Sell
0x0810A668	thumb	Task_PrintSaleConfirmationText
0x0810A6E4	thumb	Task_ShowSellYesNoMenu
0x0810A6F8	thumb	Task_SellItem_No
0x0810A748	thumb	Task_InitSaleQuantitySelectInterface
0x0810A80C	thumb	UpdateSalePriceDisplay
0x0810A834	thumb	Task_SelectQuantityToSell
0x0810A918	thumb	Task_SellItem_Yes
0x0810A9AC	thumb	Task_FinalizeSaleToShop
0x0810AACC	thumb	Task_WaitPressAB_AfterSell
0x0810AB18	thumb	Task_ItemContext_Deposit
0x0810AB60	thumb	Task_SelectQuantityToDeposit
0x0810AC18	thumb	Task_TryDoItemDeposit
0x0810ACE8	thumb	UseRegisteredKeyItemOnField
0x0810AD84	thumb	BagIsTutorial
0x0810ADB0	thumb	BackUpPlayerBag
0x0810AEA4	thumb	RestorePlayerBag
0x0810AF4C	thumb	InitOldManBag
0x0810AF74	thumb	Task_Bag_OldManTutorial
0x0810B048	thumb	Task_Pokedude_FadeFromBag
0x0810B084	thumb	Task_Pokedude_WaitFadeAndExitBag
0x0810B0E0	thumb	InitPokedudeBag
0x0810B158	thumb	Task_BButtonInterruptTeachyTv
0x0810B1AC	thumb	Task_Bag_TeachyTvRegister
0x0810B350	thumb	Task_Bag_TeachyTvCatching
0x0810B494	thumb	Task_Bag_TeachyTvStatus
0x0810B5AC	thumb	Task_Bag_TeachyTvTMs
0x0810B6CC	thumb	IsCurMapInLocationList
0x0810B714	thumb	IsCurMapPokeCenter
0x0810B724	thumb	IsCurMapReloadLocation
0x0810B734	thumb	IsCurMapInEmptyList
0x0810B744	thumb	TrySetPokeCenterWarpStatus
0x0810B774	thumb	TrySetReloadWarpStatus
0x0810B7A4	thumb	TrySetUnknownWarpStatus
0x0810B7D4	thumb	TrySetMapSaveWarpStatus
0x0810B7E8	thumb	SetUnlockedPokedexFlags
0x0810B804	thumb	SetPostgameFlags
0x0810B830	thumb	InitBagWindows
0x0810B8C8	thumb	BagPrintTextOnWindow
0x0810B930	thumb	BagPrintTextOnWin1CenteredColor0
0x0810B96C	thumb	BagDrawDepositItemTextBox
0x0810B9B4	thumb	ShowBagWindow
0x0810BA14	thumb	HideBagWindow
0x0810BA48	thumb	OpenBagWindow
0x0810BA74	thumb	CloseBagWindow
0x0810BAB0	thumb	GetBagWindow
0x0810BAC0	thumb	BagCreateYesNoMenuBottomRight
0x0810BAEC	thumb	BagCreateYesNoMenuTopRight
0x0810BB18	thumb	BagPrintMoneyAmount
0x0810BB4C	thumb	BagDrawTextBoxOnWindow
0x0810BB60	thumb	DummyPicSpriteCallback
0x0810BB64	thumb	ResetAllPicSprites
0x0810BB8C	thumb	DecompressPic
0x0810BC34	thumb	DecompressPic_HandleDeoxys
0x0810BC5C	thumb	LoadPicPaletteByTagOrSlot
0x0810BD18	thumb	LoadPicPaletteBySlot
0x0810BD58	thumb	AssignSpriteAnimsTable
0x0810BD84	thumb	CreatePicSprite
0x0810BF1C	thumb	CreatePicSprite_HandleDeoxys
0x0810BF7C	thumb	FreeAndDestroyPicSpriteInternal
0x0810C028	thumb	LoadPicSpriteInWindow
0x0810C098	thumb	CreateTrainerCardSprite
0x0810C144	thumb	CreateMonPicSprite
0x0810C1A4	thumb	CreateMonPicSprite_HandleDeoxys
0x0810C1EC	thumb	FreeAndDestroyMonPicSprite
0x0810C200	thumb	LoadMonPicInWindow
0x0810C234	thumb	CreateTrainerCardMonIconSprite
0x0810C27C	thumb	CreateTrainerPicSprite
0x0810C2C0	thumb	FreeAndDestroyTrainerPicSprite
0x0810C2D4	thumb	LoadTrainerPicInWindow
0x0810C308	thumb	CreateTrainerCardTrainerPicSprite
0x0810C34C	thumb	PlayerGenderToFrontTrainerPicId
0x0810C37C	thumb	VsSeekerFreezeObjectsAfterChargeComplete
0x0810C390	thumb	Task_ResetObjectsRematchWantedState
0x0810C41C	thumb	VsSeekerResetObjectMovementAfterChargeComplete
0x0810C4C4	thumb	UpdateVsSeekerStepCounter
0x0810C550	thumb	MapResetTrainerRematches
0x0810C56C	thumb	ResetMovementOfRematchableTrainers
0x0810C5DC	thumb	VsSeekerResetInBagStepCounter
0x0810C5F8	thumb	VsSeekerSetStepCounterInBagFull
0x0810C618	thumb	VsSeekerResetChargingStepCounter
0x0810C62C	thumb	VsSeekerSetStepCounterFullyCharged
0x0810C648	thumb	Task_VsSeeker_0
0x0810C708	thumb	Task_VsSeeker_1
0x0810C738	thumb	Task_VsSeeker_2
0x0810C7E0	thumb	GatherNearbyTrainerInfo
0x0810C8C4	thumb	Task_VsSeeker_3
0x0810C944	thumb	CanUseVsSeeker
0x0810C980	thumb	GetVsSeekerResponseInArea
0x0810CB68	thumb	ClearRematchStateByTrainerId
0x0810CC78	thumb	TryGetRematchTrainerIdGivenGameState
0x0810CCEC	thumb	GetRematchTrainerIdGivenGameState
0x0810CD24	thumb	ShouldTryRematchBattle
0x0810CD58	thumb	ShouldTryRematchBattleInternal
0x0810CD8C	thumb	HasRematchTrainerAlreadyBeenFought
0x0810CDC0	thumb	ClearRematchStateOfLastTalked
0x0810CDE8	thumb	LookupVsSeekerOpponentInArray
0x0810CE3C	thumb	GetRematchTrainerId
0x0810CE8C	thumb	IsTrainerReadyForRematch
0x0810CEA8	thumb	IsTrainerReadyForRematchInternal
0x0810CEDC	thumb	ObjectEventIdIsSane
0x0810CF2C	thumb	GetRandomFaceDirectionMovementType
0x0810CF68	thumb	GetRunningBehaviorFromGraphicsId
0x0810D04C	thumb	GetTrainerFlagFromScript
0x0810D05C	thumb	GetRematchIdx
0x0810D080	thumb	IsThisTrainerRematchable
0x0810D0A8	thumb	ClearAllTrainerRematchStates
0x0810D0D4	thumb	IsTrainerVisibleOnScreen
0x0810D13C	thumb	GetNextAvailableRematchTrainer
0x0810D1A4	thumb	GetRematchableTrainerLocalId
0x0810D224	thumb	StartTrainerObjectMovementScript
0x0810D258	thumb	GetCurVsSeekerResponse
0x0810D2DC	thumb	StartAllRespondantIdleMovements
0x0810D3CC	thumb	ItemPc_Init
0x0810D448	thumb	ItemPc_MainCB
0x0810D464	thumb	ItemPc_VBlankCB
0x0810D478	thumb	ItemPc_RunSetup
0x0810D498	thumb	ItemPc_DoGfxSetup
0x0810D684	thumb	ItemPc_FadeAndBail
0x0810D6C0	thumb	Task_ItemPcWaitFadeAndBail
0x0810D6F4	thumb	ItemPc_InitBgs
0x0810D764	thumb	ItemPc_LoadGraphics
0x0810D814	thumb	ItemPc_AllocateResourcesForListMenu
0x0810D850	thumb	ItemPc_BuildListMenuTemplate
0x0810D92C	thumb	ItemPc_MoveCursorFunc
0x0810D9F8	thumb	ItemPc_ItemPrintFunc
0x0810DA8C	thumb	ItemPc_PrintOrRemoveCursor
0x0810DAAC	thumb	ItemPc_PrintOrRemoveCursorAt
0x0810DB0C	thumb	ItemPc_PrintWithdrawItem
0x0810DB34	thumb	ItemPc_PlaceTopMenuScrollIndicatorArrows
0x0810DB70	thumb	ItemPc_PlaceWithdrawQuantityScrollIndicatorArrows
0x0810DBA8	thumb	ItemPc_RemoveScrollIndicatorArrowPair
0x0810DBC8	thumb	ItemPc_SetCursorPosition
0x0810DC18	thumb	ItemPc_FreeResources
0x0810DC64	thumb	Task_ItemPcTurnOff1
0x0810DCBC	thumb	Task_ItemPcTurnOff2
0x0810DD2C	thumb	ItemPc_GetCursorPosition
0x0810DD40	thumb	ItemPc_GetItemIdBySlotId
0x0810DD58	thumb	ItemPc_GetItemQuantityBySlotId
0x0810DD7C	thumb	ItemPc_CountPcItems
0x0810DDE0	thumb	ItemPc_SetScrollPosition
0x0810DE44	thumb	ItemPc_SetMessageWindowPalette
0x0810DE6C	thumb	ItemPc_SetInitializedFlag
0x0810DE78	thumb	Task_ItemPcMain
0x0810DF88	thumb	ItemPc_ReturnFromSubmenu
0x0810DFB8	thumb	ItemPc_MoveItemModeInit
0x0810E08C	thumb	Task_ItemPcMoveItemModeRun
0x0810E138	thumb	ItemPc_InsertItemIntoNewSlot
0x0810E1D8	thumb	ItemPc_MoveItemModeCancel
0x0810E24C	thumb	Task_ItemPcSubmenuInit
0x0810E330	thumb	Task_ItemPcSubmenuRun
0x0810E37C	thumb	Task_ItemPcWithdraw
0x0810E3F0	thumb	ItemPc_DoWithdraw
0x0810E4CC	thumb	Task_ItemPcWaitButtonAndFinishWithdrawMultiple
0x0810E520	thumb	Task_ItemPcWaitButtonWithdrawMultipleFailed
0x0810E550	thumb	Task_ItemPcCleanUpWithdraw
0x0810E5B8	thumb	ItemPc_WithdrawMultipleInitWindow
0x0810E648	thumb	UpdateWithdrawQuantityDisplay
0x0810E6B0	thumb	Task_ItemPcHandleWithdrawMultiple
0x0810E774	thumb	Task_ItemPcGive
0x0810E7D0	thumb	ItemPc_CB2_SwitchToPartyMenu
0x0810E810	thumb	ItemPc_CB2_ReturnFromPartyMenu
0x0810E820	thumb	gTask_ItemPcWaitButtonAndExitSubmenu
0x0810E878	thumb	Task_ItemPcCancel
0x0810E8C8	thumb	ItemPc_InitWindows
0x0810E95C	thumb	unused_ItemPc_AddTextPrinterParameterized
0x0810EA0C	thumb	ItemPc_AddTextPrinterParameterized
0x0810EA74	thumb	ItemPc_SetBorderStyleOnWindow
0x0810EA8C	thumb	ItemPc_GetOrCreateSubwindow
0x0810EAC8	thumb	ItemPc_DestroySubwindow
0x0810EAF8	thumb	ItemPc_GetSubwindow
0x0810EB08	thumb	ItemPc_PrintOnWindow5WithContinueTask
0x0810EB44	thumb	MailboxPC_InitBuffers
0x0810EB84	thumb	MailboxPC_GetAddWindow
0x0810EBB8	thumb	MailboxPC_RemoveWindow
0x0810EBE8	thumb	MailboxPC_GetWindowId
0x0810EBF8	thumb	ItemPrintFunc
0x0810EC70	thumb	MailboxPC_InitListMenu
0x0810ED44	thumb	MoveCursorFunc
0x0810ED58	thumb	MailboxPC_AddScrollIndicatorArrows
0x0810ED88	thumb	MailboxPC_DestroyListMenuBuffer
0x0810ED9C	thumb	DrawDialogFrameWithCustomTileAndPalette
0x0810EDE4	thumb	DrawDialogFrameWithCustomTile
0x0810EE34	thumb	WindowFunc_DrawDialogFrameWithCustomTileAndPalette
0x0810F238	thumb	ClearDialogWindowAndFrameToTransparent
0x0810F270	thumb	WindowFunc_ClearDialogWindowAndFrameNullPalette
0x0810F2C0	thumb	DrawStdFrameWithCustomTileAndPalette
0x0810F308	thumb	DrawStdFrameWithCustomTile
0x0810F358	thumb	WindowFunc_DrawStdFrameWithCustomTileAndPalette
0x0810F4B0	thumb	ClearStdWindowAndFrameToTransparent
0x0810F4E8	thumb	WindowFunc_ClearStdWindowAndFrameToTransparent
0x0810F530	thumb	CreateTopBarWindowLoadPalette
0x0810F5C0	thumb	TopBarWindowPrintString
0x0810F628	thumb	TopBarWindowPrintTwoStrings
0x0810F6DC	thumb	CopyTopBarWindowToVram
0x0810F6F4	thumb	ClearTopBarWindow
0x0810F718	thumb	DestroyTopBarWindow
0x0810F74C	thumb	Menu_InitCursorInternal
0x0810F7B0	thumb	Menu_InitCursor
0x0810F7F0	thumb	InitMenuDefaultCursorHeight
0x0810F84C	thumb	Menu_RedrawCursor
0x0810F8DC	thumb	Menu_MoveCursor
0x0810F920	thumb	Menu_MoveCursorNoWrapAround
0x0810F964	thumb	Menu_GetCursorPos
0x0810F970	thumb	Menu_ProcessInput
0x0810F9DC	thumb	Menu_ProcessInputNoWrapAround
0x0810FA5C	thumb	Menu_ProcessInput_other
0x0810FAC8	thumb	Menu_ProcessInputNoWrapAround_other
0x0810FB44	thumb	PrintTextArray
0x0810FBC0	thumb	MultichoiceList_PrintItems
0x0810FC58	thumb	PrintMenuTable
0x0810FCA8	thumb	AddItemMenuActionTextPrinters
0x0810FDBC	thumb	PrintMenuActionTextsAtTopById
0x0810FE28	thumb	SetWindowTemplateFields
0x0810FEDC	thumb	CreateWindowTemplate
0x0810FF38	thumb	CreateYesNoMenu
0x0811007C	thumb	CreateYesNoMenu2
0x081100A0	thumb	Menu_ProcessInputNoWrapClearOnChoose
0x081100C0	thumb	DestroyYesNoMenu
0x081100DC	thumb	MultichoiceGrid_PrintItems
0x081101B0	thumb	MultichoiceGrid_PrintItemsCustomOrder
0x08110268	thumb	MultichoiceGrid_InitCursorInternal
0x081102E4	thumb	MultichoiceGrid_InitCursor
0x08110354	thumb	MultichoiceGrid_RedrawCursor
0x08110428	thumb	MultichoiceGrid_MoveCursor
0x081104EC	thumb	MultichoiceGrid_MoveCursorIfValid
0x08110578	thumb	Menu_ProcessGridInput_NoSoundLimit
0x08110628	thumb	Menu_ProcessInputGridLayout
0x081106CC	thumb	Menu_ProcessGridInputRepeat_NoSoundLimit
0x08110778	thumb	Menu_ProcessGridInputRepeat
0x08110818	thumb	QL_AddASLROffset
0x08110874	thumb	ResetQuestLog
0x081108C8	thumb	ClearSavedScene
0x081108F8	thumb	QL_ResetDefeatedWildMonRecord
0x08110904	thumb	RunQuestLogCB
0x0811091C	thumb	QL_IsRoomToSaveEvent
0x08110960	thumb	QL_IsRoomToSaveAction
0x081109A4	thumb	SetQuestLogState
0x081109D8	thumb	QLogCB_Recording
0x08110A14	thumb	QLogCB_Playback
0x08110A8C	thumb	GetQuestLogState
0x08110AA0	thumb	GetQuestLogStartType
0x08110AC4	thumb	QL_StartRecordingAction
0x08110B88	thumb	SetPlayerInitialCoordsAtScene
0x08110BC0	thumb	SetNPCInitialCoordsAtScene
0x08110D20	thumb	SetGameStateAtScene
0x08110D6C	thumb	BackUpTrainerRematches
0x08110DF8	thumb	BackUpMapLayout
0x08110E14	thumb	RecordSceneEnd
0x08110E40	thumb	TryRecordActionSequence
0x08110EEC	thumb	TryStartQuestLogPlayback
0x08110F68	thumb	Task_BeginQuestLogPlayback
0x08110FA4	thumb	QL_InitSceneObjectsAndActions
0x08110FD8	thumb	FieldCB2_QuestLogStartPlaybackWithWarpExit
0x08111010	thumb	FieldCB2_QuestLogStartPlaybackStandingInPlace
0x08111048	thumb	DrawPreviouslyOnQuestHeader
0x0811110C	thumb	CommitQuestLogWindow1
0x08111128	thumb	QL_LoadObjectsAndTemplates
0x0811124C	thumb	QLPlayback_SetInitialPlayerPosition
0x08111340	thumb	QLPlayback_InitOverworldState
0x081113BC	thumb	QL_CopySaveState
0x08111410	thumb	QL_ResetPartyAndPC
0x081115C0	thumb	SetPokemonCounts
0x081115F0	thumb	QuestLog_GetPartyCount
0x08111624	thumb	QuestLog_GetBoxMonCount
0x08111660	thumb	RestoreTrainerRematches
0x081116E0	thumb	QL_RestoreMapLayoutId
0x08111734	thumb	ReadQuestLogScriptFromSav1
0x081118CC	thumb	DoSceneEndTransition
0x081118EC	thumb	QuestLog_AdvancePlayhead
0x0811195C	thumb	QuestLog_StartFinalScene
0x081119A0	thumb	QuestLog_AdvancePlayhead_
0x081119AC	thumb	QL_AvoidDisplay
0x08111A0C	thumb	Task_AvoidDisplay
0x08111AB0	thumb	QuestLog_PlayCurrentEvent
0x08111B58	thumb	HandleShowQuestLogMessage
0x08111BAC	thumb	GetQuestLogTextDisplayDuration
0x08111C04	thumb	QL_IsTrainerSightDisabled
0x08111C40	thumb	QL_HandleInput
0x08111CA8	thumb	QuestLogScenePlaybackIsEnding
0x08111CC8	thumb	QuestLog_DrawPreviouslyOnQuestHeaderIfInPlaybackMode
0x08111CE8	thumb	DrawSceneDescription
0x08111D68	thumb	CopyDescriptionWindowTiles
0x08111DF8	thumb	QuestLog_CloseTextWindow
0x08111E3C	thumb	DoSkipToEndTransition
0x08111E5C	thumb	QuestLog_WaitFadeAndCancelPlayback
0x08111EEC	thumb	QuestLog_InitPalettesBackup
0x08111F10	thumb	QuestLog_BackUpPalette
0x08111F38	thumb	FieldCB2_FinalScene
0x08111F64	thumb	Task_FinalScene_WaitFade
0x08111FA4	thumb	Task_QuestLogScene_SavedGame
0x0811201C	thumb	Task_WaitAtEndOfQuestLog
0x08112084	thumb	Task_EndQuestLog
0x081121B0	thumb	RestoreScreenAfterPlayback
0x08112274	thumb	QL_SlightlyDarkenSomePals
0x081122F4	thumb	QL_FinishRecordingScene
0x0811233C	thumb	QuestLog_CutRecording
0x08112394	thumb	SortQuestLogInSav1
0x08112428	thumb	SaveQuestLogData
0x08112444	thumb	QL_UpdateObject
0x081124C4	thumb	QuestLogRecordNPCStep
0x08112560	thumb	QuestLogRecordNPCStepWithDuration
0x08112600	thumb	QuestLogRecordPlayerStep
0x08112684	thumb	QuestLogRecordPlayerStepWithDuration
0x081126F8	thumb	QuestLogRecordPlayerAvatarGfxTransition
0x08112764	thumb	QuestLogRecordPlayerAvatarGfxTransitionWithDuration
0x081127D0	thumb	QL_RecordFieldInput
0x08112860	thumb	TogglePlaybackStateForOverworldLock
0x08112894	thumb	QuestLog_OnEscalatorWarp
0x08112918	thumb	ResetActions
0x08112B14	thumb	QL_TryRunActions
0x08112C74	thumb	QL_AfterRecordFishActionSuccessful
0x08112C84	thumb	QL_GetPlaybackState
0x08112CC4	thumb	RecordHeadAtEndOfEntryOrScriptContext2Enabled
0x08112CF4	thumb	RecordHeadAtEndOfEntry
0x08112D18	thumb	QuestLogGetFlagOrVarPtr
0x08112D88	thumb	QuestLogSetFlagOrVar
0x08112E14	thumb	QuestLogResetFlagsOrVars
0x08112E80	thumb	MapNamePopupWindowIdSetDummy
0x08112E8C	thumb	CreateHelpMessageWindow
0x08112EB4	thumb	DestroyHelpMessageWindow
0x08112EF0	thumb	DrawHelpMessageWindowTilesById
0x08112FA8	thumb	DrawHelpMessageWindowTiles
0x08112FBC	thumb	PrintHelpMessageText
0x08112FF0	thumb	PrintTextOnHelpMessageWindow
0x0811301C	thumb	ResetTrainerFanClub
0x0811303C	thumb	Script_TryLoseFansFromPlayTimeAfterLinkBattle
0x08113050	thumb	TryLoseFansFromPlayTimeAfterLinkBattle
0x08113080	thumb	Script_UpdateTrainerFanClubGameClear
0x08113094	thumb	UpdateTrainerFanClubGameClear
0x081130EC	thumb	TryGainNewFanFromCounter
0x0811316C	thumb	PlayerGainRandomTrainerFan
0x081131D4	thumb	PlayerLoseRandomTrainerFan
0x08113260	thumb	Script_GetNumFansOfPlayerInTrainerFanClub
0x08113278	thumb	GetNumFansOfPlayerInTrainerFanClub
0x081132A4	thumb	Script_TryLoseFansFromPlayTime
0x081132B8	thumb	TryLoseFansFromPlayTime
0x0811333C	thumb	Script_IsFanClubMemberFanOfPlayer
0x08113354	thumb	IsFanClubMemberFanOfPlayer
0x08113368	thumb	SetInitialFansOfPlayer
0x0811337C	thumb	Script_BufferFanClubTrainerName
0x081133EC	thumb	BufferFanClubTrainerName
0x08113490	thumb	Special_UpdateTrainerFansAfterLinkBattle
0x081134A4	thumb	UpdateTrainerFansAfterLinkBattle
0x081134E0	thumb	DidPlayerGetFirstFans
0x081134E8	thumb	Script_SetPlayerGotFirstFans
0x081134FC	thumb	SetPlayerGotFirstFans
0x08113508	thumb	Script_TryGainNewFanFromCounter
0x08113528	thumb	SetQuestLogEvent
0x081136AC	thumb	InQuestLogDisabledLocation
0x08113720	thumb	QuestLog_ShouldEndSceneOnMapChange
0x08113750	thumb	ShouldRegisterEvent_HandlePartyActions
0x081137BC	thumb	ShouldRegisterEvent_HandleBeatStoryTrainer
0x081137F4	thumb	QL_EnableRecordingSteps
0x08113800	thumb	ShouldRegisterEvent
0x08113878	thumb	TryDeferLinkEvent
0x081138D0	thumb	ResetDeferredLinkEvent
0x081138E4	thumb	QuestLog_StartRecordingInputsAfterDeferredEvent
0x0811392C	thumb	TryDeferTrainerBattleEvent
0x08113994	thumb	QuestLogEvents_HandleEndTrainerBattle
0x081139F4	thumb	QL_RecordWait
0x08113A1C	thumb	IsEventWithSpecialEncounterSpecies
0x08113A50	thumb	QL_SkipCommand
0x08113A94	thumb	QL_UpdateLastDepartedLocation
0x08113AC0	thumb	QL_LoadEvent
0x08113B1C	thumb	QL_TryRepeatEvent
0x08113B60	thumb	QL_ResetRepeatEventTracker
0x08113B6C	thumb	UpdateRepeatEventCounter
0x08113BB0	thumb	QL_ResetEventStates
0x08113BCC	thumb	QL_RecordAction_SceneEnd
0x08113BF8	thumb	QL_LoadAction_SceneEnd
0x08113C34	thumb	QL_RecordAction_Wait
0x08113C64	thumb	QL_LoadAction_Wait
0x08113CA0	thumb	QL_RecordAction_Input
0x08113CE0	thumb	QL_LoadAction_Input
0x08113D20	thumb	QL_RecordAction_MovementOrGfxChange
0x08113D6C	thumb	QL_LoadAction_MovementOrGfxChange
0x08113DB8	thumb	RecordEventHeader
0x08113E60	thumb	LoadEvent
0x08113E84	thumb	QuestLog_GetSpeciesName
0x08113EEC	thumb	RecordEvent_SwitchedPartyOrder
0x08113F14	thumb	LoadEvent_SwitchedPartyOrder
0x08113F58	thumb	RecordEvent_UsedItem
0x08113F94	thumb	LoadEvent_UsedItem
0x08114124	thumb	RecordEvent_GiveTakeHeldItem
0x0811414C	thumb	RecordEvent_GaveHeldItemFromPartyMenu
0x08114160	thumb	LoadEvent_GaveHeldItemFromPartyMenu
0x081141A8	thumb	RecordEvent_GaveHeldItemFromBagMenu
0x081141BC	thumb	LoadEvent_GaveHeldItemFromBagMenu
0x08114204	thumb	RecordEvent_GaveHeldItemFromPC
0x08114218	thumb	LoadEvent_GaveHeldItemFromPC
0x08114260	thumb	RecordEvent_TookHeldItem
0x08114274	thumb	LoadEvent_TookHeldItem
0x081142BC	thumb	RecordEvent_SwappedHeldItem
0x081142E8	thumb	RecordEvent_SwappedHeldItemFromBag
0x081142FC	thumb	LoadEvent_SwappedHeldItem
0x08114358	thumb	RecordEvent_SwappedHeldItemFromPC
0x0811436C	thumb	LoadEvent_SwappedHeldItemFromPC
0x081143C8	thumb	RecordEvent_UsedPkmnCenter
0x08114414	thumb	LoadEvent_UsedPkmnCenter
0x08114434	thumb	RecordEvent_LinkTraded
0x08114464	thumb	LoadEvent_LinkTraded
0x081144C4	thumb	RecordEvent_LinkBattledSingle
0x081144F0	thumb	LoadEvent_LinkBattledSingle
0x08114550	thumb	RecordEvent_LinkBattledDouble
0x0811457C	thumb	LoadEvent_LinkBattledDouble
0x081145DC	thumb	RecordEvent_LinkBattledMulti
0x08114624	thumb	LoadEvent_LinkBattledMulti
0x081146E8	thumb	RecordEvent_UsedUnionRoom
0x081146FC	thumb	LoadEvent_UsedUnionRoom
0x0811471C	thumb	RecordEvent_UsedUnionRoomChat
0x08114730	thumb	LoadEvent_UsedUnionRoomChat
0x08114750	thumb	RecordEvent_LinkTradedUnionRoom
0x08114780	thumb	LoadEvent_LinkTradedUnionRoom
0x081147E0	thumb	RecordEvent_LinkBattledUnionRoom
0x0811480C	thumb	LoadEvent_LinkBattledUnionRoom
0x08114864	thumb	RecordEvent_SwitchedMonsBetweenBoxes
0x08114894	thumb	LoadEvent_SwitchedMonsBetweenBoxes
0x081148F0	thumb	RecordEvent_SwitchedMonsWithinBox
0x0811491C	thumb	LoadEvent_SwitchedMonsWithinBox
0x08114968	thumb	RecordEvent_SwitchedPartyMonForPCMon
0x081149A8	thumb	LoadEvent_SwitchedPartyMonForPCMon
0x081149F4	thumb	RecordEvent_MovedMonBetweenBoxes
0x08114A24	thumb	LoadEvent_MovedMonBetweenBoxes
0x08114A78	thumb	RecordEvent_MovedMonWithinBox
0x08114AA0	thumb	LoadEvent_MovedMonWithinBox
0x08114AE4	thumb	RecordEvent_WithdrewMonFromPC
0x08114B0C	thumb	LoadEvent_WithdrewMonFromPC
0x08114B50	thumb	RecordEvent_DepositedMonInPC
0x08114B78	thumb	LoadEvent_DepositedMonInPC
0x08114BBC	thumb	RecordEvent_SwitchedMultipleMons
0x08114BE4	thumb	LoadEvent_SwitchedMultipleMons
0x08114C40	thumb	RecordEvent_DepositedItemInPC
0x08114C64	thumb	LoadEvent_DepositedItemInPC
0x08114C98	thumb	RecordEvent_WithdrewItemFromPC
0x08114CBC	thumb	LoadEvent_WithdrewItemFromPC
0x08114CF0	thumb	RecordEvent_DefeatedTrainer
0x08114D24	thumb	RecordEvent_DefeatedGymLeader
0x08114D40	thumb	LoadEvent_DefeatedGymLeader
0x08114DC0	thumb	RecordEvent_DefeatedWildMon
0x08114E40	thumb	LoadEvent_DefeatedWildMon
0x08114F94	thumb	IsSpeciesFromSpecialEncounter
0x08114FC8	thumb	RecordEvent_DefeatedEliteFourMember
0x08114FE4	thumb	LoadEvent_DefeatedEliteFourMember
0x08115050	thumb	RecordEvent_DefeatedChampion
0x081150A4	thumb	LoadEvent_DefeatedChampion
0x08115198	thumb	RecordEvent_DefeatedNormalTrainer
0x081151B4	thumb	LoadEvent_DefeatedTrainer
0x08115258	thumb	RecordEvent_DepartedLocation
0x08115294	thumb	LoadEvent_DepartedLocation
0x08115374	thumb	SetQLPlayedTheSlots
0x08115380	thumb	ShouldRegisterEvent_HandleDeparted
0x081153BC	thumb	ShouldRegisterEvent_DepartedGameCorner
0x081153E8	thumb	RecordEvent_UsedFieldMove
0x08115438	thumb	LoadEvent_UsedFieldMove
0x081154B4	thumb	RecordEvent_BoughtItem
0x081154F0	thumb	LoadEvent_BoughtItem
0x0811557C	thumb	RecordEvent_SoldItem
0x081155B8	thumb	LoadEvent_SoldItem
0x081156B0	thumb	RecordEvent_ObtainedStoryItem
0x081156D8	thumb	LoadEvent_ObtainedStoryItem
0x08115720	thumb	QuestLog_RecordEnteredMap
0x08115770	thumb	SetQuestLogEvent_Arrived
0x081157B4	thumb	RecordEvent_ArrivedInLocation
0x081157D8	thumb	LoadEvent_ArrivedInLocation
0x0811580C	thumb	TranslateLinkPartnersName
0x08115844	thumb	PrintNumPlayersWaitingForMsg
0x081158FC	thumb	PrintPlayerNameAndIdOnWindow
0x08115974	thumb	GetAwaitingCommunicationText
0x081159FC	thumb	TryBecomeLinkLeader
0x08115A40	thumb	Task_TryBecomeLinkLeader
0x081161BC	thumb	Leader_DestroyResources
0x0811621C	thumb	Leader_GetAcceptNewMemberPrompt
0x081162B8	thumb	GetYouDeclinedTheOfferMessage
0x081162F4	thumb	GetYouAskedToJoinGroupPleaseWaitMessage
0x08116388	thumb	GetGroupLeaderSentAnOKMessage
0x0811641C	thumb	Leader_SetStateIfMemberListChanged
0x081164A0	thumb	ItemPrintFunc_PossibleGroupMembers
0x081164FC	thumb	LeaderUpdateGroupMembership
0x081165C0	thumb	LeaderPrunePlayerList
0x081166CC	thumb	TryJoinLinkGroup
0x08116710	thumb	Task_TryJoinLinkGroup
0x08116CE8	thumb	IsTryingToTradeAcrossVersionTooSoon
0x08116D38	thumb	AskToJoinRfuGroup
0x08116DB8	thumb	CreateTask_ListenToWireless
0x08116DF4	thumb	Task_ListenToWireless
0x08116F00	thumb	IsPartnerActivityAcceptable
0x08116F34	thumb	GetGroupListTextColor
0x08116F6C	thumb	ListMenuItemPrintFunc_UnionRoomGroups
0x08116FBC	thumb	GetNewLeaderCandidate
0x081170D8	thumb	Task_CreateTradeMenu
0x081170F0	thumb	CreateTask_CreateTradeMenu
0x08117108	thumb	Task_StartUnionRoomTrade
0x08117258	thumb	Task_ExchangeCards
0x0811732C	thumb	CB2_ShowCard
0x08117398	thumb	StartUnionRoomBattle
0x08117418	thumb	WarpForWirelessMinigame
0x0811748C	thumb	WarpForCableClubActivity
0x0811750C	thumb	CB2_TransitionToCableClub
0x0811756C	thumb	CreateTrainerCardInBuffer
0x08117594	thumb	Task_StartActivity
0x081178D8	thumb	Task_RunScriptAndFadeToActivity
0x08117968	thumb	CreateTask_RunScriptAndFadeToActivity
0x0811797C	thumb	CreateTask_StartActivity
0x081179A4	thumb	CreateTask_SendMysteryGift
0x081179E4	thumb	Task_SendMysteryGift
0x08117EAC	thumb	CreateTask_LinkMysteryGiftWithFriend
0x08117EF8	thumb	Task_CardOrNewsWithFriend
0x08118268	thumb	CreateTask_LinkMysteryGiftOverWireless
0x081182B4	thumb	Task_CardOrNewsOverWireless
0x081185E4	thumb	RunUnionRoom
0x08118630	thumb	ReadAsU16
0x0811863C	thumb	ScheduleFieldMessageWithFollowupState
0x08118664	thumb	ScheduleFieldMessageAndExit
0x08118688	thumb	CopyPlayerListToBuffer
0x081186A0	thumb	CopyPlayerListFromBuffer
0x081186B8	thumb	Task_RunUnionRoom
0x081198C4	thumb	SetUsingUnionRoomStartMenu
0x081198DC	thumb	ReceiveUnionRoomActivityPacket
0x0811991C	thumb	HandleContactFromOtherPlayer
0x08119974	thumb	InitUnionRoom
0x081199D4	thumb	Task_InitUnionRoom
0x08119B40	thumb	BufferUnionRoomPlayerName
0x08119B6C	thumb	HandlePlayerListUpdate
0x08119D0C	thumb	Task_SearchForChildOrParent
0x08119E5C	thumb	CreateTask_SearchForChildOrParent
0x08119E90	thumb	Task_ListenForCompatiblePartners
0x08119F88	thumb	HasWonderCardOrNewsByLinkGroup
0x08119FB0	thumb	Task_ListenForWonderDistributor
0x0811A02C	thumb	CreateTask_ListenForCompatiblePartners
0x0811A05C	thumb	CreateTask_ListenForWonderDistributor
0x0811A08C	thumb	UR_PrintFieldMessage
0x0811A0B8	thumb	UR_RunTextPrinters
0x0811A0D0	thumb	PrintOnTextbox
0x0811A124	thumb	UnionRoomHandleYesNo
0x0811A184	thumb	CreateTradeBoardWindow
0x0811A1D4	thumb	DeleteTradeBoardWindow
0x0811A1F0	thumb	ListMenuHandler_AllItemsAvailable
0x0811A2C4	thumb	TradeBoardMenuHandler
0x0811A3D0	thumb	UR_ClearBg0
0x0811A3F4	thumb	JoinGroup_EnableScriptContexts
0x0811A41C	thumb	PrintUnionRoomText
0x0811A5BC	thumb	ClearRfuPlayerList
0x0811A628	thumb	ClearIncomingPlayerList
0x0811A66C	thumb	ArePlayersDifferent
0x0811A6B4	thumb	ArePlayerDataDifferent
0x0811A720	thumb	GetNewIncomingPlayerId
0x0811A770	thumb	TryAddIncomingPlayerToList
0x0811A7F4	thumb	PrintGroupMemberOnWindow
0x0811A8E8	thumb	PrintGroupCandidateOnWindow
0x0811A990	thumb	IsPlayerFacingTradingBoard
0x0811A9D4	thumb	GetResponseIdx_InviteToURoomActivity
0x0811A9FC	thumb	ConvPartnerUnameAndGetWhetherMetAlready
0x0811AA34	thumb	UnionRoomGetPlayerInteractionResponse
0x0811ABB8	thumb	ItemPrintFunc_Unused
0x0811ABBC	thumb	TradeBoardPrintItemInfo
0x0811AC7C	thumb	TradeBoardListMenuItemPrintFunc
0x0811AD54	thumb	GetIndexOfNthTradeBoardOffer
0x0811AD9C	thumb	GetUnionRoomPlayerGender
0x0811ADA8	thumb	IsRequestedTradeInPlayerParty
0x0811AE40	thumb	GetURoomActivityRejectMsg
0x0811AEA4	thumb	GetURoomActivityStartMsg
0x0811AF44	thumb	GetChatLeaderActionRequestMessage
0x0811B07C	thumb	PollPartnerYesNoResponse
0x0811B0A8	thumb	InUnionRoom
0x0811B0C8	thumb	HasAtLeastTwoMonsOfLevel30OrLower
0x0811B120	thumb	ResetUnionRoomTrade
0x0811B134	thumb	Script_ResetUnionRoomTrade
0x0811B144	thumb	RegisterTradeMonAndGetIsEgg
0x0811B18C	thumb	RegisterTradeMon
0x0811B1C4	thumb	GetPartyPositionOfRegisteredMon
0x0811B230	thumb	HandleCancelActivity
0x0811B270	thumb	StartScriptInteraction
0x0811B280	thumb	GetLinkPlayerInfoFlags
0x0811B2B0	thumb	GetActivePartnersInfo
0x0811B2F4	thumb	ViewURoomPartnerTrainerCard
0x0811B4DC	thumb	IsPlayerStandingStill
0x0811B4FC	thumb	GetUnionRoomPlayerGraphicsId
0x0811B514	thumb	GetUnionRoomPlayerCoords
0x0811B564	thumb	IsUnionRoomPlayerAt
0x0811B5B4	thumb	IsUnionRoomPlayerHidden
0x0811B5C8	thumb	HideUnionRoomPlayer
0x0811B5D8	thumb	ShowUnionRoomPlayer
0x0811B5E8	thumb	SetUnionRoomPlayerGfx
0x0811B604	thumb	CreateUnionRoomPlayerObjectEvent
0x0811B624	thumb	RemoveUnionRoomPlayerObjectEvent
0x0811B644	thumb	SetUnionRoomPlayerEnterExitMovement
0x0811B6C0	thumb	TryReleaseUnionRoomPlayerObjectEvent
0x0811B72C	thumb	InitUnionRoomPlayerObjects
0x0811B780	thumb	AnimateUnionRoomPlayerDespawn
0x0811B7DC	thumb	AnimateUnionRoomPlayerSpawn
0x0811B894	thumb	SpawnGroupLeader
0x0811B8E4	thumb	DespawnGroupLeader
0x0811B924	thumb	AnimateUnionRoomPlayer
0x0811B9B0	thumb	Task_AnimateUnionRoomPlayers
0x0811B9F0	thumb	CreateTask_AnimateUnionRoomPlayers
0x0811BA34	thumb	DestroyTask_AnimateUnionRoomPlayers
0x0811BA50	thumb	DestroyUnionRoomPlayerObjects
0x0811BA84	thumb	CreateUnionRoomPlayerSprites
0x0811BB18	thumb	DestroyUnionRoomPlayerSprites
0x0811BB40	thumb	MakeGroupAssemblyAreasPassable
0x0811BB78	thumb	GetNewFacingDirectionForUnionRoomPlayer
0x0811BBA0	thumb	IsUnionRoomPlayerInvisible
0x0811BBB8	thumb	SpawnGroupMember
0x0811BC40	thumb	DespawnGroupMember
0x0811BC78	thumb	AssembleGroup
0x0811BD80	thumb	SpawnGroupLeaderAndMembers
0x0811BE44	thumb	DespawnGroupLeaderAndMembers
0x0811BE64	thumb	UpdateUnionRoomPlayerSprites
0x0811BEA4	thumb	ScheduleUnionRoomPlayerRefresh
0x0811BEB4	thumb	HandleUnionRoomPlayerRefresh
0x0811BED8	thumb	TryInteractWithUnionRoomMember
0x0811BFE0	thumb	SetUnionRoomObjectFacingDirection
0x0811C000	thumb	UpdateUnionRoomMemberFacing
0x0811C024	thumb	SetUpPartiesAndStartBattle
0x0811C0B8	thumb	UnionRoomBattle_CreateTextPrinter
0x0811C128	thumb	UnionRoomBattle_PrintTextOnWindow0
0x0811C18C	thumb	VBlankCB_UnionRoomBattle
0x0811C1A0	thumb	CB2_UnionRoomBattle
0x0811C518	thumb	StartUseItemAnim_Normal
0x0811C540	thumb	StartUseItemAnim_ForgetMoveAndLearnTMorHM
0x0811C584	thumb	StartUseItemAnim_CantEvolve
0x0811C5AC	thumb	AllocPSA
0x0811C6C0	thumb	VBlankCB_PSA
0x0811C6D4	thumb	CB2_PSA
0x0811C6F0	thumb	SetUseItemAnimCallback
0x0811C720	thumb	SetUpUseItemAnim_Normal
0x0811C794	thumb	SetUpUseItemAnim_ForgetMoveAndLearnTMorHM
0x0811C7D4	thumb	SetUpUseItemAnim_CantEvolve
0x0811C80C	thumb	Task_UseItem_Normal
0x0811C9F8	thumb	Task_ForgetMove
0x0811CBBC	thumb	Task_EvoStone_CantEvolve
0x0811CD40	thumb	Task_UseTM_NoForget
0x0811CE24	thumb	Task_MachineSet
0x0811CF60	thumb	Task_CleanUp
0x0811CFF0	thumb	GetAnimTypeByItemId
0x0811D030	thumb	GetClosenessFromFriendship
0x0811D058	thumb	GetPSAStruct
0x0811D06C	thumb	PSA_GetPokemon
0x0811D080	thumb	PSA_GetSceneWork
0x0811D08C	thumb	PSA_GetItemId
0x0811D09C	thumb	PSA_GetNameOfMoveForgotten
0x0811D0A8	thumb	PSA_GetNameOfMoveToTeach
0x0811D0B4	thumb	PSA_CopyMonNickname
0x0811D0CC	thumb	PSA_GetMonNickname
0x0811D0D8	thumb	PSA_GetAnimType
0x0811D0E8	thumb	PSA_GetMonSpecies
0x0811D0F8	thumb	PSA_GetMonPersonality
0x0811D108	thumb	GetMonLevelUpWindowStats
0x0811D150	thumb	PSA_IsCancelDisabled
0x0811D15C	thumb	InitPokemonSpecialAnimScene
0x0811D258	thumb	PokemonSpecialAnimSceneInitIsNotFinished
0x0811D274	thumb	PSA_FreeWindowBuffers
0x0811D280	thumb	PSA_ShowMessageWindow
0x0811D2A8	thumb	PSA_HideMessageWindow
0x0811D2C4	thumb	PSA_PrintMessage
0x0811D4AC	thumb	PSA_AfterPoof_ClearMessageWindow
0x0811D4C4	thumb	PSA_IsMessagePrintTaskActive
0x0811D4D4	thumb	PSA_DarkenMonSprite
0x0811D508	thumb	PSA_RunPoofAnim
0x0811D578	thumb	PSA_UseTM_SetUpZoomOutAnim
0x0811D588	thumb	PSA_UseTM_CleanUpForCancel
0x0811D598	thumb	PSA_UseTM_RunZoomOutAnim
0x0811D6C4	thumb	PSA_UseTM_SetUpMachineSetWobble
0x0811D6D4	thumb	PSA_UseTM_RunMachineSetWobble
0x0811D70C	thumb	PSA_CreateLevelUpVerticalSpritesTask
0x0811D72C	thumb	PSA_LevelUpVerticalSpritesTaskIsRunning
0x0811D73C	thumb	PSA_DrawLevelUpWindowPg1
0x0811D778	thumb	PSA_DrawLevelUpWindowPg2
0x0811D79C	thumb	PSA_IsCopyingLevelUpWindowToVram
0x0811D7AC	thumb	LoadBgGfxByAnimType
0x0811D808	thumb	PSA_CreateMonSpriteAtCloseness
0x0811D920	thumb	PSA_SetUpZoomAnim
0x0811D980	thumb	PSA_IsZoomTaskActive
0x0811D994	thumb	Task_ZoomAnim
0x0811DA74	thumb	SetSpriteWithCloseness
0x0811DA84	thumb	IsZoomSpriteCBActive
0x0811DA98	thumb	GetSpriteOffsetByScale
0x0811DAB4	thumb	GetYPosByScale
0x0811DAEC	thumb	MonSpriteZoom_UpdateYPos
0x0811DB20	thumb	ItemSpriteZoom_UpdateYPos
0x0811DB54	thumb	StartMonWiggleAnim
0x0811DB80	thumb	StopMonWiggleAnim
0x0811DB94	thumb	SpriteCallback_MonSpriteWiggle
0x0811DBEC	thumb	LoadMonSpriteGraphics
0x0811DC2C	thumb	PSA_SetUpItemUseOnMonAnim
0x0811DCC0	thumb	GetBlendColorByItemId
0x0811DCC8	thumb	CreateItemIconSpriteAtMaxCloseness
0x0811DCF8	thumb	PSA_CreateItemIconObject
0x0811DD68	thumb	PSA_IsItemUseOnMonAnimActive
0x0811DD7C	thumb	Task_ItemUseOnMonAnim
0x0811DEEC	thumb	CreateSprites_UseItem_OutwardSpiralDots
0x0811DF98	thumb	SpriteCB_OutwardSpiralDots
0x0811E018	thumb	PSA_UseItem_CleanUpForCancel
0x0811E044	thumb	InitItemIconSpriteState
0x0811E0E4	thumb	MachineSetWobbleInit
0x0811E100	thumb	MachineSetWobble_SetCB
0x0811E110	thumb	MachineSetWobbleCBIsRunning
0x0811E12C	thumb	SpriteCB_MachineSetWobble
0x0811E16C	thumb	StartZoomOutAnimForUseTM
0x0811E1DC	thumb	CreateStarSprites
0x0811E2CC	thumb	AnyStarSpritesActive
0x0811E2D8	thumb	SpriteCB_Star
0x0811E320	thumb	PSAScene_SeedRandomInTask
0x0811E360	thumb	StopMakingOutwardSpiralDots
0x0811E38C	thumb	Task_UseItem_OutwardSpiralDots
0x0811E4C4	thumb	PSAScene_RandomFromTask
0x0811E4F8	thumb	SpriteCallback_UseItem_OutwardSpiralDots
0x0811E560	thumb	LoadOutwardSpiralDotsGfx
0x0811E57C	thumb	IsOutwardSpiralDotsTaskRunning
0x0811E590	thumb	CreateLevelUpVerticalSpritesTask
0x0811E658	thumb	LevelUpVerticalSpritesTaskIsRunning
0x0811E66C	thumb	Task_LevelUpVerticalSprites
0x0811E6E8	thumb	CreateLevelUpVerticalSprite
0x0811E78C	thumb	SpriteCB_LevelUpVertical
0x0811E7C8	thumb	DrawLevelUpWindowPg1
0x0811E914	thumb	DrawLevelUpWindowPg2
0x0811EA1C	thumb	InitPartyMenu
0x0811EB78	thumb	CB2_UpdatePartyMenu
0x0811EB94	thumb	VBlankCB_PartyMenu
0x0811EBA8	thumb	CB2_InitPartyMenu
0x0811EBD4	thumb	ShowPartyMenu
0x0811EE10	thumb	ExitPartyMenu
0x0811EE4C	thumb	Task_ExitPartyMenu
0x0811EE80	thumb	ResetPartyMenu
0x0811EEA4	thumb	AllocPartyMenuBg
0x0811EF1C	thumb	AllocPartyMenuBgGfx
0x0811F014	thumb	PartyPaletteBufferCopy
0x0811F048	thumb	FreePartyPointers
0x0811F094	thumb	InitPartyMenuBoxes
0x0811F0FC	thumb	RenderPartyMenuBox
0x0811F20C	thumb	DisplayPartyPokemonData
0x0811F2D4	thumb	DisplayPartyPokemonDescriptionData
0x0811F360	thumb	DisplayPartyPokemonDataForChooseMultiple
0x0811F3DC	thumb	DisplayPartyPokemonDataForWirelessMinigame
0x0811F408	thumb	DisplayPartyPokemonDataForMoveTutorOrEvolutionItem
0x0811F4A8	thumb	DisplayPartyPokemonDataToTeachMove
0x0811F500	thumb	DisplayPartyPokemonDataForMultiBattle
0x0811F5C4	thumb	RenderPartyMenuBoxes
0x0811F5F8	thumb	GetPartyMenuBgTile
0x0811F60C	thumb	CreatePartyMonSprites
0x0811F718	thumb	CreatePartyMonSpritesLoop
0x0811F74C	thumb	CreateCancelConfirmPokeballSprites
0x0811F7F0	thumb	AnimatePartySlot
0x0811F91C	thumb	GetPartyBoxPaletteFlags
0x0811F9B4	thumb	DrawCancelConfirmButtons
0x0811F9F8	thumb	IsMultiBattle
0x0811FA18	thumb	SwapPartyPokemon
0x0811FA50	thumb	Task_ClosePartyMenu
0x0811FA8C	thumb	Task_ClosePartyMenuAndSetCB2
0x0811FAE4	thumb	GetCursorSelectionMonId
0x0811FAF0	thumb	GetPartyMenuType
0x0811FB00	thumb	Task_HandleChooseMonInput
0x0811FB7C	thumb	GetCurrentPartySlotPtr
0x0811FB9C	thumb	HandleChooseMonSelection
0x0811FD34	thumb	IsSelectedMonNotEgg
0x0811FD60	thumb	HandleChooseMonCancel
0x0811FDFC	thumb	DisplayCancelChooseMonYesNo
0x0811FE48	thumb	Task_CancelChooseMonYesNo
0x0811FE7C	thumb	Task_HandleCancelChooseMonYesNoInput
0x0811FED4	thumb	PartyMenuButtonHandler
0x0811FF6C	thumb	UpdateCurrentPartySelection
0x0811FFC8	thumb	UpdatePartySelectionSingleLayout
0x081200D0	thumb	UpdatePartySelectionDoubleLayout
0x08120274	thumb	GetNewSlotDoubleLayout
0x081202B8	thumb	GetMonNickname
0x081202D0	thumb	DisplayPartyMenuMessage
0x08120300	thumb	Task_PrintAndWaitForText
0x08120348	thumb	IsPartyMenuTextPrinterActive
0x0812035C	thumb	Task_WaitForLinkAndReturnToChooseMon
0x08120390	thumb	Task_ReturnToChooseMonAfterText
0x081203F8	thumb	DisplayGaveHeldItemMessage
0x08120484	thumb	DisplayTookHeldItemMessage
0x081204E4	thumb	DisplayAlreadyHoldingItemSwitchMessage
0x08120530	thumb	DisplaySwitchedHeldItemMessage
0x081205A0	thumb	GiveItemToMon
0x081205E8	thumb	TryTakeMonItem
0x08120630	thumb	BufferBagFullCantTakeItemMessage
0x08120680	thumb	Task_PartyMenuModifyHP
0x08120738	thumb	PartyMenuModifyHP
0x081207C8	thumb	ResetHPTaskData
0x08120834	thumb	GetAilmentFromStatus
0x0812087C	thumb	GetMonAilment
0x081208BC	thumb	SetPartyMonsAllowedInMinigame
0x08120954	thumb	IsMonAllowedInPokemonJump
0x08120984	thumb	IsMonAllowedInDodrioBerryPicking
0x081209AC	thumb	IsMonAllowedInMinigame
0x081209CC	thumb	TryEnterMonForMinigame
0x08120A30	thumb	CancelParticipationPrompt
0x08120A68	thumb	Task_CancelParticipationYesNo
0x08120A9C	thumb	Task_HandleCancelParticipationYesNoInput
0x08120AF8	thumb	CanMonLearnTMTutor
0x08120B80	thumb	GetTutorMove
0x08120BC0	thumb	CanLearnTutorMove
0x08120C14	thumb	Task_FirstBattleEnterParty_WaitFadeIn
0x08120C44	thumb	Task_FirstBattleEnterParty_DarkenScreen
0x08120C80	thumb	Task_FirstBattleEnterParty_WaitDarken
0x08120CB0	thumb	Task_FirstBattleEnterParty_CreatePrinter
0x08120CE0	thumb	Task_FirstBattleEnterParty_RunPrinterMsg1
0x08120D18	thumb	Task_FirstBattleEnterParty_LightenFirstMonIcon
0x08120D54	thumb	Task_FirstBattleEnterParty_WaitLightenFirstMonIcon
0x08120D84	thumb	Task_FirstBattleEnterParty_StartPrintMsg2
0x08120DB8	thumb	Task_FirstBattleEnterParty_RunPrinterMsg2
0x08120DF4	thumb	Task_FirstBattleEnterParty_FadeNormal
0x08120E30	thumb	Task_FirstBattleEnterParty_WaitFadeNormal
0x08120E94	thumb	Task_PartyMenu_Pokedude
0x08120EB8	thumb	Task_PartyMenu_PokedudeStep
0x08120F50	thumb	PartyMenuPokedudeIsCancelled
0x08120F88	thumb	PartyMenuHandlePokedudeCancel
0x08120FA4	thumb	Task_PartyMenuFromBag_Pokedude
0x08120FC8	thumb	Task_PartyMenuFromBag_PokedudeStep
0x08121038	thumb	InitPartyMenuWindows
0x081210D0	thumb	CreateCancelConfirmWindows
0x08121220	thumb	GetPartyMenuPalBufferPtr
0x08121234	thumb	BlitBitmapToPartyWindow
0x08121314	thumb	BlitBitmapToPartyWindow_LeftColumn
0x08121378	thumb	BlitBitmapToPartyWindow_RightColumn
0x081213DC	thumb	DrawEmptySlot
0x08121404	thumb	LoadPartyBoxPalette
0x081216DC	thumb	DisplayPartyPokemonBarDetail
0x08121710	thumb	DisplayPartyPokemonNickname
0x08121768	thumb	DisplayPartyPokemonLevelCheck
0x081217E0	thumb	DisplayPartyPokemonLevel
0x0812182C	thumb	DisplayPartyPokemonGenderNidoranCheck
0x08121894	thumb	DisplayPartyPokemonGender
0x08121974	thumb	DisplayPartyPokemonHPCheck
0x081219DC	thumb	DisplayPartyPokemonHP
0x08121A14	thumb	DisplayPartyPokemonMaxHPCheck
0x08121A7C	thumb	DisplayPartyPokemonMaxHP
0x08121AC8	thumb	DisplayPartyPokemonHPBarCheck
0x08121B04	thumb	DisplayPartyPokemonHPBar
0x08121C48	thumb	DisplayPartyPokemonDescriptionText
0x08121CBC	thumb	PartyMenuRemoveWindow
0x08121CE4	thumb	DisplayPartyMenuStdMessage
0x08121DD0	thumb	ShouldUseChooseMonText
0x08121E34	thumb	DisplaySelectionWindow
0x08121F98	thumb	PartyMenuPrintText
0x08121FE4	thumb	PartyMenuDisplayYesNoMenu
0x0812200C	thumb	CreateLevelUpStatsWindow
0x0812203C	thumb	RemoveLevelUpStatsWindow
0x0812205C	thumb	PartyMenu_Oak_PrintText
0x081220AC	thumb	FirstBattleEnterParty_CreateWindowAndMsg1Printer
0x081220E8	thumb	FirstBattleEnterParty_DestroyVoiceoverWindow
0x08122110	thumb	ToggleFieldMoveDescriptionWindow
0x081221AC	thumb	CreatePartyMonIconSprite
0x08122224	thumb	CreatePartyMonIconSpriteParameterized
0x08122284	thumb	UpdateHPBar
0x08122330	thumb	UpdatePartyMonHPBar
0x08122364	thumb	AnimateSelectedPartyIcon
0x081223D4	thumb	SpriteCB_BouncePartyMonIcon
0x08122400	thumb	SpriteCB_UpdatePartyMonIcon
0x0812240C	thumb	CreatePartyMonHeldItemSprite
0x08122440	thumb	CreatePartyMonHeldItemSpriteParameterized
0x0812248C	thumb	UpdatePartyMonHeldItemSprite
0x081224A8	thumb	ShowOrHideHeldItemSprite
0x08122528	thumb	LoadHeldItemIcons
0x08122544	thumb	DrawHeldItemIconsForTrade
0x081225E8	thumb	CreateHeldItemSpriteForTrade
0x0812266C	thumb	SpriteCB_HeldItem
0x081226C4	thumb	CreatePartyMonPokeballSprite
0x081226EC	thumb	CreatePartyMonPokeballSpriteParameterized
0x0812272C	thumb	CreatePokeballButtonSprite
0x0812276C	thumb	CreateSmallPokeballButtonSprite
0x08122790	thumb	PartyMenuStartSpriteAnim
0x081227B4	thumb	SpriteCB_BounceConfirmCancelButton
0x08122838	thumb	LoadPartyMenuPokeballGfx
0x0812285C	thumb	CreatePartyMonStatusSprite
0x08122890	thumb	CreatePartyMonStatusSpriteParameterized
0x081228DC	thumb	SetPartyMonAilmentGfx
0x081228F4	thumb	UpdatePartyMonAilmentGfx
0x08122958	thumb	LoadPartyMenuAilmentGfx
0x08122974	thumb	SetPartyMonSelectionActions
0x081229D4	thumb	SetPartyMonFieldSelectionActions
0x08122AF8	thumb	GetPartyMenuActionsType
0x08122BAC	thumb	CreateSelectionWindow
0x08122C08	thumb	Task_TryCreateSelectionWindow
0x08122C34	thumb	Task_HandleSelectionMenuInput
0x08122D24	thumb	CursorCB_Summary
0x08122D50	thumb	CB2_ShowPokemonSummaryScreen
0x08122D94	thumb	CB2_ReturnToPartyMenuFromSummaryScreen
0x08122DD8	thumb	CursorCB_Switch
0x08122E34	thumb	SwitchSelectedMons
0x08122FD8	thumb	TryMovePartySlot
0x08123040	thumb	MoveAndBufferPartySlot
0x0812310C	thumb	MovePartyMenuBoxSprites
0x08123160	thumb	SlidePartyMenuBoxSpritesOneStep
0x081231C0	thumb	SlidePartyMenuBoxOneStep
0x08123248	thumb	Task_SlideSelectedSlotsOffscreen
0x08123360	thumb	Task_SlideSelectedSlotsOnscreen
0x081233F8	thumb	SwitchMenuBoxSprites
0x081234C4	thumb	SwitchPartyMon
0x08123564	thumb	SetSwitchedPartyOrderQuestLogEvent
0x081235C0	thumb	FinishTwoMonAction
0x08123618	thumb	CursorCB_Cancel1
0x08123678	thumb	CursorCB_Item
0x081236DC	thumb	CursorCB_Give
0x08123708	thumb	CB2_SelectBagItemToGive
0x0812371C	thumb	CB2_GiveHoldItem
0x081237FC	thumb	Task_GiveHoldItem
0x0812387C	thumb	Task_SwitchHoldItemsPrompt
0x081238D4	thumb	Task_SwitchItemsYesNo
0x08123908	thumb	Task_HandleSwitchItemsYesNoInput
0x08123A28	thumb	Task_WriteMailToGiveMonAfterText
0x08123A58	thumb	CB2_WriteMailToGiveMon
0x08123AA4	thumb	CB2_ReturnToPartyMenuFromWritingMail
0x08123B50	thumb	Task_DisplayGaveMailFromPartyMessage
0x08123BC8	thumb	Task_UpdateHeldItemSprite
0x08123C10	thumb	CursorCB_TakeItem
0x08123CCC	thumb	CursorCB_Mail
0x08123D30	thumb	CursorCB_Read
0x08123D5C	thumb	CB2_ReadHeldMail
0x08123DA4	thumb	CB2_ReturnToPartyMenuFromReadingMail
0x08123DE4	thumb	CursorCB_TakeMail
0x08123E30	thumb	Task_SendMailToPCYesNo
0x08123E64	thumb	Task_HandleSendMailToPCYesNoInput
0x08123F24	thumb	Task_LoseMailMessageYesNo
0x08123F58	thumb	Task_HandleLoseMailMessageYesNoInput
0x0812403C	thumb	CursorCB_Cancel2
0x081240CC	thumb	CursorCB_SendMon
0x0812412C	thumb	CursorCB_Enter
0x08124230	thumb	MoveCursorToConfirm
0x08124250	thumb	CursorCB_NoEntry
0x0812432C	thumb	CursorCB_Store
0x0812435C	thumb	CursorCB_Register
0x08124468	thumb	CursorCB_Trade1
0x08124578	thumb	CursorCB_Trade2
0x0812457C	thumb	CursorCB_FieldMove
0x0812479C	thumb	DisplayFieldMoveExitAreaMessage
0x081247CC	thumb	Task_FieldMoveExitAreaYesNo
0x08124800	thumb	Task_HandleFieldMoveExitAreaYesNoInput
0x08124888	thumb	FieldCallback_PrepareFadeInFromMenu
0x081248A0	thumb	Task_FieldMoveWaitForFade
0x081248DC	thumb	GetFieldMoveMonSpecies
0x08124904	thumb	Task_CancelAfterAorBPress
0x0812492C	thumb	DisplayCantUseFlashMessage
0x08124954	thumb	FieldCallback_Surf
0x08124970	thumb	SetUpFieldMove_Surf
0x081249E4	thumb	DisplayCantUseSurfMessage
0x08124A64	thumb	SetUpFieldMove_Fly
0x08124A88	thumb	CB2_ReturnToPartyMenuFromFlyMap
0x08124AB4	thumb	FieldCallback_Waterfall
0x08124AD0	thumb	SetUpFieldMove_Waterfall
0x08124B38	thumb	SetSwappedHeldItemQuestLogEvent
0x08124B88	thumb	SetUsedFieldMoveQuestLogEvent
0x08124BF4	thumb	SetUsedFlyQuestLogEvent
0x08124C64	thumb	CB2_ShowPartyMenuForItemUse
0x08124D68	thumb	CB2_ReturnToBagMenu
0x08124D78	thumb	CB2_ReturnToTMCaseMenu
0x08124D88	thumb	CB2_ReturnToBerryPouchMenu
0x08124D98	thumb	Task_DoUseItemAnim
0x08124DB8	thumb	CB2_DoUseItemAnim
0x08124E20	thumb	CB2_UseItem
0x08124ED4	thumb	CB2_UseTMHMAfterForgettingMove
0x08124FA0	thumb	Task_SetSacredAshCB
0x08124FF0	thumb	IsHPRecoveryItem
0x08125030	thumb	GetMedicineItemEffectMessage
0x081251F0	thumb	NotUsingHPEVItemOnShedinja
0x08125224	thumb	IsItemFlute
0x08125240	thumb	ExecuteTableBasedItemEffect_
0x081252A8	thumb	ItemUseCB_Medicine
0x08125388	thumb	ItemUseCB_MedicineStep
0x0812552C	thumb	Task_DisplayHPRestoredMessage
0x08125594	thumb	Task_ClosePartyMenuAfterText
0x081255C8	thumb	ShowMoveSelectWindow
0x08125698	thumb	Task_HandleRestoreWhichMoveInput
0x081256D0	thumb	ItemUseCB_TryRestorePP
0x08125768	thumb	SetSelectedMoveForPPItem
0x081257AC	thumb	ReturnToUseOnWhichMon
0x081257E4	thumb	TryUsePPItemOutsideBattle
0x08125870	thumb	ItemUseCB_RestorePP
0x08125930	thumb	TryUsePPItemInBattle
0x08125A14	thumb	ItemUseCB_PPUp
0x08125A50	thumb	ItemIdToBattleMoveId
0x08125A68	thumb	IsMoveHm
0x08125A98	thumb	MonKnowsMove
0x08125AC8	thumb	DisplayLearnMoveMessage
0x08125AEC	thumb	DisplayLearnMoveMessageAndClose
0x08125B18	thumb	ItemUseCB_TMHM
0x08125C10	thumb	ItemUseCB_LearnedMove
0x08125C20	thumb	Task_LearnedMove
0x08125CCC	thumb	Task_DoLearnedMoveFanfareAfterText
0x08125D04	thumb	Task_LearnNextMoveOrClosePartyMenu
0x08125D60	thumb	Task_ReplaceMoveYesNo
0x08125D94	thumb	Task_HandleReplaceMoveYesNoInput
0x08125DF4	thumb	Task_ShowSummaryScreenToForgetMove
0x08125E24	thumb	CB2_ShowSummaryScreenToForgetMove
0x08125E5C	thumb	CB2_ReturnToPartyMenuWhileLearningMove
0x08125EEC	thumb	Task_ReturnToPartyMenuWhileLearningMove
0x08125F24	thumb	ItemUseCB_ReplaceMoveWithTMHM
0x08125F34	thumb	Task_ReplaceMoveWithTMHM
0x08125FD4	thumb	DisplayPartyMenuForgotMoveMessage
0x08126054	thumb	Task_PartyMenuReplaceMove
0x081260B0	thumb	StopLearningMovePrompt
0x08126114	thumb	Task_StopLearningMoveYesNo
0x08126148	thumb	Task_HandleStopLearningMoveYesNoInput
0x08126264	thumb	Task_TryLearningNextMoveAfterText
0x08126284	thumb	ItemUseCB_RareCandy
0x08126328	thumb	ItemUseCB_RareCandyStep
0x08126418	thumb	UpdateMonDisplayInfoAfterRareCandy
0x081264A0	thumb	Task_DisplayLevelUpStatsPg1
0x08126500	thumb	Task_DisplayLevelUpStatsPg2
0x08126548	thumb	DisplayLevelUpStatsPg1
0x08126594	thumb	DisplayLevelUpStatsPg2
0x081265D0	thumb	Task_TryLearnNewMoves
0x08126678	thumb	Task_TryLearningNextMove
0x081266DC	thumb	PartyMenuTryEvolution
0x08126748	thumb	DisplayMonNeedsToReplaceMove
0x081267DC	thumb	DisplayMonLearnedMove
0x0812686C	thumb	ItemUseCB_SacredAsh
0x081268AC	thumb	UseSacredAsh
0x081269F0	thumb	Task_SacredAshLoop
0x08126AD4	thumb	Task_SacredAshDisplayHPRestored
0x08126B38	thumb	ItemUseCB_EvolutionStone
0x08126BAC	thumb	CB2_UseEvolutionStone
0x08126BFC	thumb	MonCanEvolve
0x08126C40	thumb	GetItemEffectType
0x08126DA0	thumb	TryTutorSelectedMon
0x08126E88	thumb	CB2_PartyMenuFromStartMenu
0x08126EB4	thumb	CB2_ChooseMonToGiveItem
0x08126F18	thumb	TryGiveItemOrMailToSelectedMon
0x08126FB0	thumb	GiveItemOrMailToSelectedMon
0x08126FF4	thumb	GiveItemToSelectedMon
0x08127070	thumb	Task_UpdateHeldItemSpriteAndClosePartyMenu
0x081270B8	thumb	CB2_WriteMailToGiveMonFromBag
0x08127114	thumb	CB2_ReturnToPartyOrBagMenuFromWritingMail
0x0812719C	thumb	Task_DisplayGaveMailFromBagMessage
0x0812720C	thumb	Task_SwitchItemsFromBagYesNo
0x08127240	thumb	Task_HandleSwitchItemsFromBagYesNoInput
0x08127324	thumb	DisplayItemMustBeRemovedFirstMessage
0x0812735C	thumb	RemoveItemToGiveFromBag
0x08127384	thumb	ReturnGiveItemToBagOrPC
0x081273B0	thumb	ChooseMonToGiveMailFromMailbox
0x081273DC	thumb	TryGiveMailToSelectedMon
0x08127480	thumb	InitChooseMonsForBattle
0x081274D4	thumb	ClearSelectedPartyOrder
0x081274E8	thumb	GetPartySlotEntryStatus
0x08127528	thumb	GetBattleEntryEligibility
0x081275D0	thumb	CheckBattleEntriesAndGetMessage
0x081276E8	thumb	HasPartySlotAlreadyBeenSelected
0x08127714	thumb	Task_ValidateChosenMonsForBattle
0x08127784	thumb	Task_ContinueChoosingMonsForBattle
0x081277CC	thumb	ChooseMonForTradingBoard
0x081277F4	thumb	ChooseMonForMoveTutor
0x08127860	thumb	ChooseMonForWirelessMinigame
0x0812788C	thumb	GetPartyLayoutFromBattleType
0x081278B4	thumb	OpenPartyMenuInTutorialBattle
0x08127940	thumb	Pokedude_OpenPartyMenuInBattle
0x0812797C	thumb	Pokedude_ChooseMonForInBattleItem
0x081279B8	thumb	EnterPartyFromItemMenuInBattle
0x08127A5C	thumb	GetPartyMenuActionsTypeInBattle
0x08127A98	thumb	TrySwitchInPokemon
0x08127C84	thumb	BufferBattlePartyCurrentOrder
0x08127CA4	thumb	BufferBattlePartyOrder
0x08127D80	thumb	BufferBattlePartyCurrentOrderBySide
0x08127DA4	thumb	BufferBattlePartyOrderBySide
0x08127E9C	thumb	SwitchPartyOrderLinkMulti
0x08127F54	thumb	GetPartyIdFromBattleSlot
0x08127F88	thumb	SetPartyIdAtBattleSlot
0x08127FCC	thumb	SwitchPartyMonSlots
0x08128008	thumb	GetPartyIdFromBattlePartyId
0x0812804C	thumb	UpdatePartyToBattleOrder
0x0812809C	thumb	UpdatePartyToFieldOrder
0x081280EC	thumb	SwitchAliveMonIntoLeadSlot
0x0812815C	thumb	CB2_SetUpExitToBattleScreen
0x08128170	thumb	ShowPartyMenuToShowcaseMultiBattleParty
0x0812819C	thumb	Task_InitMultiPartnerPartySlideIn
0x081281D4	thumb	Task_MultiPartnerPartySlideIn
0x08128260	thumb	Task_WaitAfterMultiPartnerPartySlideIn
0x08128290	thumb	MoveMultiPartyMenuBoxSprite
0x081282B4	thumb	SlideMultiPartyMenuBoxSpritesOneStep
0x08128348	thumb	ChooseMonForDaycare
0x08128380	thumb	ChoosePartyMonByMenuType
0x081283BC	thumb	CB2_FadeFromPartyMenu
0x081283D4	thumb	Task_PartyMenuWaitForFade
0x081283F8	thumb	EnterUnionRoomChat
0x08128434	thumb	InitChatWork
0x08128494	thumb	FreeChatWork
0x081284B8	thumb	CB2_LoadInterface
0x0812858C	thumb	VBlankCB_UnionRoomChatMain
0x081285A4	thumb	CB2_UnionRoomChatMain
0x081285C0	thumb	Task_HandlePlayerInput
0x08128618	thumb	ChatEntryRoutine_Join
0x0812869C	thumb	ChatEntryRoutine_HandleInput
0x0812878C	thumb	ChatEntryRoutine_Switch
0x081288AC	thumb	ChatEntryRoutine_AskQuitChatting
0x08128A78	thumb	ChatEntryRoutine_ExitChat
0x08128BDC	thumb	ChatEntryRoutine_Drop
0x08128C80	thumb	ChatEntryRoutine_Disbanded
0x08128D7C	thumb	ChatEntryRoutine_SendMessage
0x08128E50	thumb	ChatEntryRoutine_Register
0x08128F90	thumb	ChatEntryRoutine_SaveAndExit
0x081291F0	thumb	GoToRoutine
0x08129200	thumb	TypeChatMessage_HandleDPad
0x081292B0	thumb	AppendCharacterToChatMessageBuffer
0x08129384	thumb	DeleteLastCharacterOfChatMessageBuffer
0x081293B0	thumb	ToggleCaseOfLastCharacterInChatMessageBuffer
0x081293E0	thumb	ChatMsgHasAtLeastOneCharcter
0x081293FC	thumb	RegisterTextAtRow
0x0812942C	thumb	ResetMessageEntryBuffer
0x08129448	thumb	SaveRegisteredTextsToSB1
0x08129488	thumb	UnionRoomChat_GetWorkRegisteredText
0x081294A0	thumb	GetEndOfUnk1A
0x081294C4	thumb	GetPtrToLastCharOfUnk1A
0x081294F4	thumb	GetNumCharsInMessageEntryBuffer
0x08129538	thumb	PrepareSendBuffer_Null
0x08129540	thumb	PrepareSendBuffer_Join
0x08129568	thumb	PrepareSendBuffer_Chat
0x08129598	thumb	PrepareSendBuffer_Leave
0x081295C4	thumb	PrepareSendBuffer_Drop
0x081295EC	thumb	PrepareSendBuffer_Disband
0x08129614	thumb	ProcessReceivedChatMessage
0x081296CC	thumb	GetCurrentKeyboardPage
0x081296D8	thumb	UnionRoomChat_GetCursorColAndRow
0x081296EC	thumb	UnionRoomChat_GetMessageEntryBuffer
0x081296F8	thumb	UnionRoomChat_LenMessageEntryBuffer
0x08129708	thumb	UnionRoomChat_GetBufferSelectionRegion
0x08129730	thumb	UnionRoomChat_GetEndOfMessageEntryBuffer
0x08129760	thumb	UnionRoomChat_GetNumCharsInMessageEntryBuffer
0x0812979C	thumb	UnionRoomChat_GetLastReceivedMessage
0x081297A8	thumb	UnionRoomChat_GetReceivedPlayerIndex
0x081297B4	thumb	UnionRoomChat_GetMessageEntryCursorPosition
0x081297C0	thumb	UnionRoomChat_GetWhetherShouldShowCaseToggleIcon
0x081297EC	thumb	UnionRoomChat_GetNameOfPlayerWhoDisbandedChat
0x081297F8	thumb	UnionRoomChat_InitializeRegisteredTexts
0x081298D0	thumb	Task_ReceiveChatMessage
0x08129AEC	thumb	UnionRoomChat_TryAllocGraphicsWork
0x08129B50	thumb	UnionRoomChat_RunDisplaySubtask0
0x08129B60	thumb	UnionRoomChat_FreeGraphicsWork
0x08129B90	thumb	InitWork
0x08129B9C	thumb	UnionRoomChat_ResetDisplaySubtasks
0x08129BD4	thumb	UnionRoomChat_RunDisplaySubtasks
0x08129C0C	thumb	UnionRoomChat_StartDisplaySubtask
0x08129C64	thumb	RunDisplaySubtask
0x08129C78	thumb	DisplaySubtask_LoadGfx
0x08129D18	thumb	DisplaySubtask_PrintWin3
0x08129D50	thumb	DisplaySubtask_HideWin3
0x08129D88	thumb	DisplaySubtask_SwitchPages
0x08129DF4	thumb	DisplaySubtask_MoveSelectorCursorObj
0x08129E00	thumb	DisplaySubtask_ShowQuitChattingDialog
0x08129E4C	thumb	DisplaySubtask_HideQuitChattingDialog
0x08129E90	thumb	DisplaySubtask_UpdateMessageBuffer
0x08129EFC	thumb	DisplaySubtask_PrintRegisterWhere
0x08129FA4	thumb	DisplaySubtask_CancelRegister
0x0812A04C	thumb	DisplaySubtask_ReturnToKeyboard
0x0812A088	thumb	DisplaySubtask_ScrollChat
0x0812A164	thumb	DisplaySubtask_AnimateSelectorCursorBlink
0x0812A190	thumb	DisplaySubtask_PrintInputText
0x0812A1D4	thumb	DisplaySubtask_PrintExitingChat
0x0812A218	thumb	DisplaySubtask_PrintLeaderLeft
0x0812A26C	thumb	DisplaySubtask_AskSave
0x0812A2BC	thumb	DisplaySubtask_AskOverwriteSave
0x0812A30C	thumb	DisplaySubtask_PrintSavingDontTurnOffPower
0x0812A350	thumb	DisplaySubtask_PrintSavedTheGame
0x0812A3A8	thumb	DisplaySubtask_ShowConfirmLeaderLeaveDialog
0x0812A3F8	thumb	DisplaySubtaskDummy
0x0812A3FC	thumb	PlaceYesNoMenuAt
0x0812A4F4	thumb	HideYesNoMenuWindow
0x0812A51C	thumb	DestroyYesNoMenuWindow
0x0812A540	thumb	UnionRoomChat_ProcessInput
0x0812A550	thumb	PlaceStdMessageWindow
0x0812A6CC	thumb	HideStdMessageWindow
0x0812A700	thumb	DestroyStdMessageWindow
0x0812A724	thumb	FillWin1Rect
0x0812A750	thumb	PrintOnWin1Parameterized
0x0812A7DC	thumb	PrintCurrentKeyboardPage
0x0812A958	thumb	AnimateMoveBg1Right
0x0812A9A0	thumb	AnimateMoveBg1Left
0x0812A9E8	thumb	PrintKeyboardSwapTextsOnWin3
0x0812AA3C	thumb	ClearWin3
0x0812AA50	thumb	PrintTextOnWin0Colorized
0x0812AAAC	thumb	ResetGpuBgState
0x0812AB64	thumb	SetBgTilemapWorkBuffers
0x0812ABB0	thumb	ClearBg0
0x0812ABE0	thumb	LoadUnionRoomChatPanelGfx
0x0812AC30	thumb	LoadLinkMiscMenuGfx
0x0812AC74	thumb	LoadBg1Pal8
0x0812AC98	thumb	LoadWin0
0x0812ACC4	thumb	LoadWin2
0x0812ACDC	thumb	LoadWin1
0x0812ACF8	thumb	LoadWin3
0x0812AD28	thumb	InitScanlineEffect
0x0812AD78	thumb	FillScanlineEffectWithValue1col
0x0812ADD0	thumb	FillScanlineEffectWithValue2col
0x0812AE48	thumb	UnionRoomChat_TryAllocSpriteWork
0x0812AE88	thumb	UnionRoomChat_FreeSpriteWork
0x0812AEA0	thumb	UnionRoomChat_CreateSelectorCursorObj
0x0812AED4	thumb	UnionRoomChat_ToggleSelectorCursorObjVisibility
0x0812AEF4	thumb	UnionRoomChat_MoveSelectorCursorObj
0x0812AF64	thumb	UnionRoomChat_UpdateObjPalCycle
0x0812AF98	thumb	UnionRoomChat_SetSelectorCursorClosedImage
0x0812AFD4	thumb	UnionRoomChat_AnimateSelectorCursorReopen
0x0812B020	thumb	UnionRoomChat_SpawnTextEntryPointerSprites
0x0812B074	thumb	SpriteCB_TextEntryCursor
0x0812B0AC	thumb	SpriteCB_CharacterSelectCursor
0x0812B0D8	thumb	CreatePageSwitchUISprites
0x0812B138	thumb	UpdateVisibleUnionRoomChatIcon
0x0812B1B8	thumb	SetHelpContextDontCheckBattle
0x0812B1C8	thumb	SetHelpContext
0x0812B1F8	thumb	Script_SetHelpContext
0x0812B20C	thumb	BackupHelpContext
0x0812B220	thumb	RestoreHelpContext
0x0812B234	thumb	IsInMartMap
0x0812B244	thumb	IsInGymMap
0x0812B254	thumb	IsCurrentMapInArray
0x0812B29C	thumb	IsInDungeonMap
0x0812B334	thumb	SetHelpContextForMap
0x0812B3E4	thumb	HelpSystem_UpdateHasntSeenIntro
0x0812B434	thumb	HelpSystem_IsSinglePlayer
0x0812B450	thumb	HelpSystem_Disable
0x0812B45C	thumb	HelpSystem_Enable
0x0812B484	thumb	HelpSystem_DisableToggleWithRButton
0x0812B490	thumb	HelpSystem_EnableToggleWithRButton
0x0812B49C	thumb	ResetHelpSystemListMenu
0x0812B4B0	thumb	BuildAndPrintMainTopicsListMenu
0x0812B4F8	thumb	BuildMainTopicsListAndMoveToH00
0x0812B580	thumb	BuildAndPrintSubmenuList
0x0812B5EC	thumb	SetHelpSystemSubmenuItems
0x0812B72C	thumb	HelpSystem_ShouldShowBasicTerms
0x0812B758	thumb	IsHelpSystemSubmenuEnabled
0x0812BAE8	thumb	HasGottenAtLeastOneHM
0x0812BB74	thumb	RunHelpMenuSubroutine
0x0812BC2C	thumb	HelpSystemSubroutine_PrintWelcomeMessage
0x0812BC58	thumb	HelpSystemSubroutine_WelcomeWaitButton
0x0812BC80	thumb	HelpSystemSubroutine_WelcomeEndGotoMenu
0x0812BCA8	thumb	HelpSystemSubroutine_MenuInputHandlerMain
0x0812BD04	thumb	HelpMenuSubroutine_InitSubmenu
0x0812BD3C	thumb	HelpMenuSubroutine_ReturnFromSubmenu
0x0812BD70	thumb	HelpMenuSubroutine_SubmenuInputHandler
0x0812BDC4	thumb	HelpSystem_PrintTopicLabel
0x0812BDE8	thumb	HelpMenuSubroutine_HelpItemPrint
0x0812BEC4	thumb	HelpMenuSubroutine_ReturnFromHelpItem
0x0812BEF0	thumb	HelpMenuSubroutine_HelpItemWaitButton
0x0812BF34	thumb	PrintWelcomeMessageOnPanel1
0x0812BF4C	thumb	PrintTextOnPanel2Row52RightAlign
0x0812BF60	thumb	GetHelpSystemMenuLevel
0x0812BF6C	thumb	ResetHelpSystemCursor
0x0812BF74	thumb	PrintHelpSystemTopicMouseoverDescription
0x0812BFB4	thumb	TrySetQuestLogBattleEvent
0x0812C1FC	thumb	TrySetQuestLogLinkBattleEvent
0x0812C30C	thumb	GetLinkMultiBattlePlayerIndexes
0x0812C358	thumb	FC_VBlankCallback
0x0812C36C	thumb	MainCB2_FameCheckerMain
0x0812C384	thumb	UseFameChecker
0x0812C3D0	thumb	MainCB2_LoadFameChecker
0x0812C620	thumb	LoadUISpriteSheetsAndPalettes
0x0812C63C	thumb	Task_WaitFadeOnInit
0x0812C66C	thumb	Task_TopMenuHandleInput
0x0812C8D0	thumb	TryExitPickMode
0x0812C968	thumb	MessageBoxPrintEmptyText
0x0812C994	thumb	Task_EnterPickMode
0x0812C9F4	thumb	Task_ExitPickMode
0x0812CAB0	thumb	Task_FlavorTextDisplayHandleInput
0x0812CC40	thumb	FC_MoveSelectorCursor
0x0812CD14	thumb	GetPickModeText
0x0812CDDC	thumb	PrintSelectedNameInBrightGreen
0x0812CE74	thumb	WipeMsgBoxAndTransfer
0x0812CE98	thumb	Setup_DrawMsgAndListBoxes
0x0812CEB8	thumb	FC_PutWindowTilemapAndCopyWindowToVramMode3
0x0812CED4	thumb	SetMessageSelectorIconObjMode
0x0812CF14	thumb	Task_StartToCloseFameChecker
0x0812CF54	thumb	Task_DestroyAssetsAndCloseFameChecker
0x0812D06C	thumb	FC_DestroyWindow
0x0812D098	thumb	AdjustGiovanniIndexIfBeatenInGym
0x0812D0CC	thumb	PrintUIHelp
0x0812D14C	thumb	DestroyAllFlavorTextIcons
0x0812D180	thumb	CreateAllFlavorTextIcons
0x0812D2DC	thumb	ResetFameChecker
0x0812D360	thumb	FullyUnlockFameChecker
0x0812D3F8	thumb	FCSetup_ClearVideoRegisters
0x0812D530	thumb	FCSetup_ResetTasksAndSpriteResources
0x0812D55C	thumb	FCSetup_TurnOnDisplay
0x0812D56C	thumb	FCSetup_ResetBGCoords
0x0812D5C4	thumb	SetFlavorTextFlagFromSpecialVars
0x0812D628	thumb	UpdatePickStateFromSpecialVar8005
0x0812D68C	thumb	HasUnlockedAllFlavorTextsForCurrentPerson
0x0812D6E4	thumb	FreeSelectionCursorSpriteResources
0x0812D6FC	thumb	CreateFlavorTextIconSelectorCursorSprite
0x0812D73C	thumb	SpriteCB_DestroyFlavorTextIconSelectorCursor
0x0812D748	thumb	FreeQuestionMarkSpriteResources
0x0812D758	thumb	PlaceQuestionMarkTile
0x0812D7A0	thumb	FreeSpinningPokeballSpriteResources
0x0812D7BC	thumb	CreateSpinningPokeballSprite
0x0812D7D8	thumb	SpriteCB_DestroySpinningPokeball
0x0812D7EC	thumb	FreeNonTrainerPicTiles
0x0812D818	thumb	SpriteCB_FCSpinningPokeball
0x0812D860	thumb	CreatePersonPicSprite
0x0812D980	thumb	DestroyPersonPicSprite
0x0812D9EC	thumb	UpdateIconDescriptionBox
0x0812DAE8	thumb	UpdateIconDescriptionBoxOff
0x0812DB00	thumb	FC_CreateListMenu
0x0812DB3C	thumb	InitListMenuTemplate
0x0812DB98	thumb	FC_MoveCursorFunc
0x0812DD28	thumb	Task_SwitchToPickMode
0x0812DD84	thumb	PrintCancelDescription
0x0812DDC8	thumb	FC_DoMoveCursor
0x0812DEC8	thumb	FC_PopulateListMenu
0x0812DFBC	thumb	FC_PutWindowTilemapAndCopyWindowToVramMode3_2
0x0812DFD8	thumb	FC_CreateScrollIndicatorArrowPair
0x0812E020	thumb	FreeListMenuSelectorArrowPairResources
0x0812E03C	thumb	FameCheckerGetCursorY
0x0812E06C	thumb	HandleFlavorTextModeSwitch
0x0812E0E8	thumb	Task_FCOpenOrCloseInfoBox
0x0812E150	thumb	UpdateInfoBoxTilemap
0x0812E47C	thumb	PlaceListMenuCursor
0x0812E4F4	thumb	AddTextPrinterParameterized3
0x0812E57C	thumb	AddTextPrinterParameterized4
0x0812E604	thumb	AddTextPrinterParameterized5
0x0812E6B4	thumb	Menu_PrintFormatIntlPlayerName
0x0812E740	thumb	UnusedBlitBitmapRect
0x0812E91C	thumb	StartBlendTask
0x0812E9BC	thumb	IsBlendTaskActive
0x0812E9D0	thumb	Task_SmoothBlendLayers
0x0812EA50	thumb	Menu2_GetMonPosAttribute
0x0812EABC	thumb	Menu2_GetStarSpritePosAttribute
0x0812EAD4	thumb	VBlankCB_NewGameScene
0x0812EAE8	thumb	CB2_NewGameScene
0x0812EB04	thumb	StartNewGameScene
0x0812EB30	thumb	Task_NewGameScene
0x0812EE88	thumb	ControlsGuide_LoadPage1
0x0812EF28	thumb	Task_ControlsGuide_LoadPage
0x0812F088	thumb	Task_ControlsGuide_HandleInput
0x0812F158	thumb	Task_ControlsGuide_ChangePage
0x0812F24C	thumb	Task_ControlsGuide_Clear
0x0812F314	thumb	Task_PikachuIntro_LoadPage1
0x0812F480	thumb	Task_PikachuIntro_HandleInput
0x0812F704	thumb	Task_PikachuIntro_Clear
0x0812F798	thumb	Task_OakSpeech_Init
0x0812F858	thumb	Task_OakSpeech_WelcomeToTheWorld
0x0812F91C	thumb	Task_OakSpeech_ThisWorld
0x0812F9C4	thumb	Task_OakSpeech_ReleaseNidoranFFromPokeBall
0x0812FA50	thumb	Task_OakSpeech_IsInhabitedFarAndWide
0x0812FB24	thumb	Task_OakSpeech_IStudyPokemon
0x0812FBC8	thumb	Task_OakSpeech_ReturnNidoranFToPokeBall
0x0812FC40	thumb	Task_OakSpeech_TellMeALittleAboutYourself
0x0812FD50	thumb	Task_OakSpeech_FadeOutOak
0x0812FD98	thumb	Task_OakSpeech_AskPlayerGender
0x0812FE60	thumb	Task_OakSpeech_ShowGenderOptions
0x0812FF7C	thumb	Task_OakSpeech_HandleGenderInput
0x0812FFC8	thumb	Task_OakSpeech_ClearGenderWindows
0x08130028	thumb	Task_OakSpeech_LoadPlayerPic
0x08130078	thumb	Task_OakSpeech_YourNameWhatIsIt
0x08130138	thumb	Task_OakSpeech_FadeOutForPlayerNamingScreen
0x08130188	thumb	Task_OakSpeech_MoveRivalDisplayNameOptions
0x08130200	thumb	Task_OakSpeech_RepeatNameQuestion
0x081302FC	thumb	Task_OakSpeech_HandleRivalNameInput
0x0813038C	thumb	Task_OakSpeech_DoNamingScreen
0x0813043C	thumb	Task_OakSpeech_ConfirmName
0x0813052C	thumb	Task_OakSpeech_HandleConfirmNameInput
0x08130628	thumb	Task_OakSpeech_FadeOutPlayerPic
0x0813066C	thumb	Task_OakSpeech_FadeOutRivalPic
0x081306AC	thumb	Task_OakSpeech_FadeInRivalPic
0x081306F4	thumb	Task_OakSpeech_AskRivalsName
0x081307A8	thumb	Task_OakSpeech_ReshowPlayersPic
0x08130830	thumb	Task_OakSpeech_LetsGo
0x081308A8	thumb	Task_OakSpeech_FadeOutBGM
0x081308EC	thumb	Task_OakSpeech_SetUpExitAnimation
0x08130918	thumb	Task_OakSpeech_SetUpShrinkPlayerPic
0x08130958	thumb	Task_OakSpeech_ShrinkPlayerPic
0x08130A10	thumb	Task_OakSpeech_SetUpDestroyPlatformSprites
0x08130A58	thumb	Task_OakSpeech_DestroyPlatformSprites
0x08130AB4	thumb	Task_OakSpeech_SetUpFadePlayerPicWhite
0x08130AE8	thumb	Task_OakSpeech_FadePlayerPicWhite
0x08130B80	thumb	Task_OakSpeech_FadePlayerPicToBlack
0x08130BC8	thumb	Task_OakSpeech_WaitForFade
0x08130BF8	thumb	Task_OakSpeech_FreeResources
0x08130C3C	thumb	CB2_ReturnFromNamingScreen
0x08130F04	thumb	CreateNidoranFSprite
0x08130F90	thumb	SpriteCB_Pikachu
0x08130FAC	thumb	CreatePikachuOrPlatformSprites
0x08131140	thumb	DestroyPikachuOrPlatformSprites
0x081311CC	thumb	LoadTrainerPic
0x081312E8	thumb	ClearTrainerPic
0x08131310	thumb	Task_SlowFadeIn
0x08131424	thumb	CreateFadeInTask
0x081314B4	thumb	Task_SlowFadeOut
0x081315A4	thumb	CreateFadeOutTask
0x08131638	thumb	PrintNameChoiceOptions
0x0813172C	thumb	GetDefaultName
0x081317D0	thumb	InitTMCase
0x0813183C	thumb	CB2_Idle
0x08131858	thumb	VBlankCB_Idle
0x0813186C	thumb	CB2_SetUpTMCaseUI_Blocking
0x08131898	thumb	DoSetUpTMCaseUI
0x08131A64	thumb	ResetBufferPointers_NoFree
0x08131A90	thumb	LoadBGTemplates
0x08131AF8	thumb	HandleLoadTMCaseGraphicsAndPalettes
0x08131BE8	thumb	CreateTMCaseListMenuBuffers
0x08131C28	thumb	InitTMCaseListMenuItems
0x08131D20	thumb	GetTMNumberAndMoveString
0x08131DF0	thumb	List_MoveCursorFunc
0x08131E40	thumb	List_ItemPrintFunc
0x08131EE4	thumb	PrintDescription
0x08131F3C	thumb	SetDescriptionWindowShade
0x08131F68	thumb	PrintListCursor
0x08131F88	thumb	PrintListCursorAtRow
0x08131FF0	thumb	CreateListScrollArrows
0x0813202C	thumb	CreateQuantityScrollArrows
0x08132064	thumb	RemoveScrollArrows
0x08132084	thumb	ResetTMCaseCursorPos
0x08132094	thumb	TMCaseSetup_GetTMCount
0x081320F8	thumb	TMCaseSetup_InitListMenuPositions
0x08132148	thumb	TMCaseSetup_UpdateVisualMenuOffset
0x081321AC	thumb	DestroyTMCaseBuffers
0x08132208	thumb	Task_BeginFadeOutFromTMCase
0x08132244	thumb	Task_FadeOutAndCloseTMCase
0x081322AC	thumb	Task_HandleListInput
0x081323BC	thumb	ReturnToList
0x081323EC	thumb	Task_SelectedTMHM_Field
0x08132540	thumb	Task_ContextMenu_HandleInput
0x081325C8	thumb	Action_Use
0x08132634	thumb	Action_Give
0x081326D0	thumb	PrintError_ThereIsNoPokemon
0x081326EC	thumb	PrintError_ItemCantBeHeld
0x08132730	thumb	Task_WaitButtonAfterErrorPrint
0x08132758	thumb	CloseMessageAndReturnToList
0x081327D4	thumb	Action_Exit
0x08132840	thumb	Task_SelectedTMHM_GiveParty
0x08132890	thumb	Task_SelectedTMHM_GivePC
0x081328E0	thumb	Task_SelectedTMHM_Sell
0x0813299C	thumb	Task_AskConfirmSaleWithAmount
0x08132A0C	thumb	Task_PlaceYesNoBox
0x08132A20	thumb	Task_SaleOfTMsCanceled
0x08132A84	thumb	Task_InitQuantitySelectUI
0x08132B34	thumb	SellTM_PrintQuantityAndSalePrice
0x08132BA0	thumb	Task_QuantitySelect_HandleInput
0x08132C84	thumb	Task_PrintSaleConfirmedText
0x08132D0C	thumb	Task_DoSaleOfTMs
0x08132DE4	thumb	Task_AfterSale_ReturnToList
0x08132E3C	thumb	Pokedude_InitTMCase
0x08132EF8	thumb	Task_Pokedude_Start
0x08132F38	thumb	Task_Pokedude_Run
0x0813321C	thumb	InitWindowTemplatesAndPals
0x081332C4	thumb	TMCase_Print
0x0813332C	thumb	TMCase_SetWindowBorder1
0x08133340	thumb	TMCase_SetWindowBorder2
0x08133354	thumb	PrintMessageWithFollowupTask
0x0813339C	thumb	PrintTitle
0x081333DC	thumb	DrawMoveInfoLabels
0x0813341C	thumb	PrintMoveInfo
0x08133588	thumb	PlaceHMTileInWindow
0x081335B8	thumb	PrintPlayersMoney
0x081335DC	thumb	HandleCreateYesNoMenu
0x08133608	thumb	AddContextMenu
0x0813363C	thumb	RemoveContextMenu
0x08133664	thumb	CreateDiscSprite
0x081336EC	thumb	SetDiscSpriteAnim
0x08133708	thumb	TintDiscpriteByType
0x08133768	thumb	SetDiscSpritePosition
0x081337BC	thumb	SwapDisc
0x081337E8	thumb	SpriteCB_SwapDisc
0x08133880	thumb	LoadDiscTypePalettes
0x081338DC	thumb	SpriteCallback_ScrollIndicatorArrow
0x08133968	thumb	AddScrollIndicatorArrowObject
0x081339F8	thumb	AddScrollIndicatorArrowPair
0x08133B18	thumb	AddScrollIndicatorArrowPairParameterized
0x08133B7C	thumb	Task_ScrollIndicatorArrowPair
0x08133C08	thumb	RemoveScrollIndicatorArrowPair
0x08133C68	thumb	ListMenuAddCursorObjectInternal
0x08133C84	thumb	ListMenuUpdateCursorObject
0x08133CAC	thumb	ListMenuRemoveCursorObject
0x08133CCC	thumb	Task_RedOutlineCursor
0x08133CD0	thumb	ListMenuGetRedOutlineCursorSpriteCount
0x08133D0C	thumb	ListMenuSetUpRedOutlineCursorSpriteOamTable
0x08133E10	thumb	ListMenuAddRedOutlineCursorObject
0x08133F7C	thumb	ListMenuUpdateRedOutlineCursorObject
0x08133FC0	thumb	ListMenuRemoveRedOutlineCursorObject
0x08134018	thumb	SpriteCallback_RedArrowCursor
0x08134044	thumb	Task_RedArrowCursor
0x08134048	thumb	ListMenuAddRedArrowCursorObject
0x08134150	thumb	ListMenuUpdateRedArrowCursorObject
0x08134188	thumb	ListMenuRemoveRedArrowCursorObject
0x081341D8	thumb	Task_ShowAreaMarkers
0x08134208	thumb	CreatePokedexAreaMarkers
0x081343CC	thumb	DestroyPokedexAreaMarkers
0x0813447C	thumb	GetAreaMarkerSubsprite
0x081344B8	thumb	GetNumPokedexAreaMarkers
0x081344D0	thumb	ShowPokemonSummaryScreen
0x08134710	thumb	ShowSelectMovePokemonSummaryScreen
0x08134744	thumb	PageFlipInputIsDisabled
0x0813477C	thumb	IsPageFlipInput
0x08134818	thumb	Task_InputHandler_Info
0x08134B84	thumb	Task_PokeSum_FlipPages
0x08134E5C	thumb	Task_FlipPages_FromInfo
0x08135178	thumb	Task_BackOutOfSelectMove
0x08135444	thumb	PokeSum_SetHpExpBarCoordsFullRight
0x0813549C	thumb	PokeSum_SetHpExpBarCoordsFullLeft
0x081354EC	thumb	PokeSum_InitBgCoordsBeforePageFlips
0x08135610	thumb	PokeSum_HideSpritesBeforePageFlip
0x081356C4	thumb	PokeSum_ShowSpritesBeforePageFlip
0x08135778	thumb	PokeSum_IsPageFlipFinished
0x081358B4	thumb	PokeSum_UpdateBgPriorityForPageFlip
0x08135A7C	thumb	PokeSum_CopyNewBgTilemapBeforePageFlip_2
0x08135B68	thumb	PokeSum_CopyNewBgTilemapBeforePageFlip
0x08135C0C	thumb	CB2_SetUpPSS
0x08135EF8	thumb	PokeSum_HandleLoadBgGfx
0x08136018	thumb	PokeSum_Setup_BufferStrings
0x081360AC	thumb	BufferMonInfo
0x08136328	thumb	BufferMonSkills
0x08136788	thumb	BufferMonMoves
0x081367C0	thumb	BufferMonMoveI
0x08136AC4	thumb	PokeSum_HandleCreateSprites
0x08136B84	thumb	PokeSum_Setup_SpritesReset
0x08136B9C	thumb	PokeSum_Setup_InitGpu
0x08136D2C	thumb	PokeSum_FinishSetup
0x08136D7C	thumb	PokeSum_PrintPageName
0x08136DC8	thumb	PokeSum_PrintControlsString
0x08136E28	thumb	PrintMonLevelNickOnWindow2
0x08136F24	thumb	PokeSum_PrintRightPaneText
0x08136F88	thumb	PrintInfoPage
0x081370C4	thumb	PrintSkillsPage
0x08137248	thumb	PrintMovesPage
0x081372BC	thumb	PokeSum_PrintMoveName
0x081374C0	thumb	PokeSum_PrintBottomPaneText
0x0813752C	thumb	PokeSum_PrintTrainerMemo
0x08137550	thumb	PokeSum_PrintTrainerMemo_Mon_HeldByOT
0x081376FC	thumb	PokeSum_PrintTrainerMemo_Mon_NotHeldByOT
0x0813791C	thumb	PokeSum_PrintTrainerMemo_Mon
0x08137948	thumb	PokeSum_PrintTrainerMemo_Egg
0x08137A68	thumb	PokeSum_PrintExpPoints_NextLv
0x08137AD0	thumb	PokeSum_PrintSelectedMoveStats
0x08137BA8	thumb	PokeSum_PrintAbilityDataOrMoveTypes
0x08137BF0	thumb	PokeSum_PrintAbilityNameAndDesc
0x08137C68	thumb	PokeSum_DrawMoveTypeIcons
0x08137D00	thumb	PokeSum_PrintPageHeaderText
0x08137E00	thumb	CommitStaticWindowTilemaps
0x08137E3C	thumb	Task_DestroyResourcesOnExit
0x08137EC0	thumb	CB2_RunPokemonSummaryScreen
0x08137ED8	thumb	PokeSum_FlipPages_SlideHpExpBarsOut
0x08137F40	thumb	PokeSum_FlipPages_SlideHpExpBarsIn
0x08137FCC	thumb	PokeSum_FlipPages_SlideLayerLeft
0x08138034	thumb	PokeSum_FlipPages_SlideLayeRight
0x081380C8	thumb	PokeSum_FlipPages_HandleBgHofs
0x0813810C	thumb	PokeSum_FlipPages_HandleHpExpBarSprites
0x08138154	thumb	VBlankCB_PokemonSummaryScreen
0x08138184	thumb	PokeSum_Setup_ResetCallbacks
0x08138198	thumb	PokeSum_Setup_SetVBlankCallback
0x081381A8	thumb	PokeSum_CreateWindows
0x08138258	thumb	PokeSum_AddWindows
0x081383EC	thumb	PokeSum_RemoveWindows
0x08138418	thumb	PokeSum_SetHelpContext
0x08138454	thumb	PokeSum_BufferOtName_IsEqualToCurrentOwner
0x08138510	thumb	PokeSum_DrawPageProgressTiles
0x08138A10	thumb	PokeSum_PrintMonTypeIcons
0x08138AF8	thumb	GetLastViewedMonIndex
0x08138B04	thumb	GetMoveSlotToReplace
0x08138B10	thumb	SetPokemonSummaryScreenMode
0x08138B24	thumb	IsMultiBattlePartner
0x08138B64	thumb	BufferSelectedMonData
0x08138BC4	thumb	GetMonMoveBySlotId
0x08138BFC	thumb	GetMonPpByMoveSlot
0x08138C34	thumb	StatusToAilment
0x08138CB0	thumb	Task_HandleInput_SelectMove
0x08139088	thumb	SwapMonMoveSlots
0x081391C4	thumb	SwapBoxMonMoveSlots
0x08139300	thumb	UpdateCurrentMonBufferFromPartyOrBox
0x08139360	thumb	PokeSum_CanForgetSelectedMove
0x081393AC	thumb	Task_InputHandler_SelectOrForgetMove
0x08139740	thumb	SpriteCB_PokeSum_MonPicSprite
0x08139840	thumb	SpriteCB_PokeSum_EggPicShake
0x08139930	thumb	SpriteCB_MonPicDummy
0x08139934	thumb	PokeSum_CreateMonPicSprite
0x08139A84	thumb	PokeSum_SetMonPicSpriteCallback
0x08139C1C	thumb	PokeSum_ShowOrHideMonPicSprite
0x08139C58	thumb	PokeSum_DestroyMonPicSprite
0x08139C88	thumb	CreateBallIconObj
0x08139D2C	thumb	ShowOrHideBallIconObj
0x08139D68	thumb	DestroyBallIconObj
0x08139D94	thumb	PokeSum_CreateMonIconSprite
0x08139EBC	thumb	PokeSum_ShowOrHideMonIconSprite
0x08139EF8	thumb	PokeSum_DestroyMonIconSprite
0x08139F3C	thumb	CreateMoveSelectionCursorObjs
0x0813A0C0	thumb	ShoworHideMoveSelectionCursor
0x0813A0FC	thumb	SpriteCB_MoveSelectionCursor
0x0813A1F4	thumb	DestroyMoveSelectionCursorObjs
0x0813A22C	thumb	CreateMonStatusIconObj
0x0813A30C	thumb	DestroyMonStatusIconObj
0x0813A334	thumb	UpdateMonStatusIconObj
0x0813A390	thumb	ShowOrHideStatusIcon
0x0813A434	thumb	CreateHpBarObjs
0x0813A5F8	thumb	UpdateHpBarObjs
0x0813A7D8	thumb	DestroyHpBarObjs
0x0813A810	thumb	ShowOrHideHpBarObjs
0x0813A84C	thumb	CreateExpBarObjs
0x0813A96C	thumb	UpdateExpBarObjs
0x0813AB10	thumb	DestroyExpBarObjs
0x0813AB48	thumb	ShowOrHideExpBarObjs
0x0813AB84	thumb	CreatePokerusIconObj
0x0813AC64	thumb	DestroyPokerusIconObj
0x0813AC8C	thumb	ShowPokerusIconObjIfHasOrHadPokerus
0x0813ACD0	thumb	HideShowPokerusIcon
0x0813AD80	thumb	CreateShinyStarObj
0x0813AE60	thumb	DestroyShinyStarObj
0x0813AE88	thumb	HideShowShinyStar
0x0813AF28	thumb	ShowShinyStarObjIfMonShiny
0x0813AF68	thumb	PokeSum_DestroySprites
0x0813AF9C	thumb	PokeSum_CreateSprites
0x0813AFD4	thumb	PokeSum_CreateMonMarkingsSprite
0x0813B040	thumb	PokeSum_DestroyMonMarkingsSprite
0x0813B05C	thumb	PokeSum_ShowOrHideMonMarkingsSprite
0x0813B0BC	thumb	PokeSum_UpdateMonMarkingsAnim
0x0813B0F8	thumb	PokeSum_SeekToNextMon
0x0813B1E4	thumb	SeekToNextMonInSingleParty
0x0813B2A0	thumb	PokeSum_CanSeekToMon
0x0813B2DC	thumb	SeekToMonInMultiParty_SeekForward
0x0813B320	thumb	SeekToMonInMultiParty_SeekBack
0x0813B364	thumb	SeekToNextMonInMultiParty
0x0813B3C8	thumb	Task_PokeSum_SwitchDisplayedPokemon
0x0813B728	thumb	PokeSum_UpdateWin1ActiveFlag
0x0813B75C	thumb	PokeSum_TryPlayMonCry
0x0813B7B8	thumb	PokeSum_IsMonBoldOrGentle
0x0813B7D0	thumb	CurrentMonIsFromGBA
0x0813B810	thumb	MapSecIsInKantoOrSevii
0x0813B82C	thumb	ShowPokemonSummaryScreen_NullParty
0x0813B848	thumb	RunHelpSystemCallback
0x0813BB10	thumb	SaveCallbacks
0x0813BB4C	thumb	SaveMapGPURegs
0x0813BB84	thumb	SaveMapTiles
0x0813BBA0	thumb	SaveMapTextColors
0x0813BBB4	thumb	RestoreCallbacks
0x0813BBCC	thumb	RestoreGPURegs
0x0813BC04	thumb	RestoreMapTiles
0x0813BC20	thumb	RestoreMapTextColors
0x0813BC34	thumb	CommitTilemap
0x0813BC50	thumb	HS_DrawBgTilemapRect
0x0813BCCC	thumb	HS_BufferFillMapWithTile1FF
0x0813BCEC	thumb	HS_ShowOrHideWordHELPinTopLeft
0x0813BD34	thumb	HS_ShowOrHideControlsGuideInTopRight
0x0813BD7C	thumb	HS_ShowOrHideMainWindowText
0x0813BDC0	thumb	HS_SetMainWindowBgBrightness
0x0813BE08	thumb	HS_ShowOrHideToplevelTooltipWindow
0x0813BE50	thumb	HS_ShowOrHideHeaderAndFooterLines_Lighter
0x0813BEBC	thumb	HS_ShowOrHideHeaderAndFooterLines_Darker
0x0813BF28	thumb	HS_ShowOrHideVerticalBlackBarsAlongSides
0x0813BF98	thumb	HS_ShowOrHideHeaderLine_Darker_FooterStyle
0x0813BFDC	thumb	HS_ShowOrHideScrollArrows
0x0813C050	thumb	HelpSystemRenderText
0x0813C384	thumb	DecompressAndRenderGlyph
0x0813C42C	thumb	HelpSystem_PrintTextInTopLeftCorner
0x0813C460	thumb	HelpSystem_PrintTextRightAlign_Row52
0x0813C4A4	thumb	HelpSystem_PrintTextAt
0x0813C4E4	thumb	HelpSystem_PrintQuestionAndAnswerPair
0x0813C55C	thumb	HelpSystem_PrintTopicMouseoverDescription
0x0813C5AC	thumb	HelpSystem_FillPanel3
0x0813C5D4	thumb	HelpSystem_FillPanel2
0x0813C5FC	thumb	HelpSystem_FillPanel1
0x0813C624	thumb	HelpSystem_InitListMenuController
0x0813C65C	thumb	HelpSystem_SetInputDelay
0x0813C668	thumb	HelpSystem_GetMenuInput
0x0813C734	thumb	HS_UpdateMenuScrollArrows
0x0813C7A4	thumb	PrintListMenuItems
0x0813C800	thumb	PlaceListMenuCursor
0x0813C838	thumb	HS_RemoveSelectionCursorAt
0x0813C874	thumb	TryMoveCursor1
0x0813C91C	thumb	MoveCursor
0x0813C9B4	thumb	GetSpeciesPokedexAreaMarkers
0x0813CB0C	thumb	GetRoamerIndex
0x0813CB34	thumb	GetRoamerPokedexAreaMarkers
0x0813CBA8	thumb	IsSpeciesOnMap
0x0813CBF0	thumb	IsSpeciesInEncounterTable
0x0813CC1C	thumb	GetMapSecIdFromWildMonHeader
0x0813CC30	thumb	FindDexAreaByMapSec
0x0813CC68	thumb	DynamicPlaceholderTextUtil_Reset
0x0813CC84	thumb	DynamicPlaceholderTextUtil_SetPlaceholderPtr
0x0813CCA0	thumb	DynamicPlaceholderTextUtil_ExpandPlaceholders
0x0813CCEC	thumb	DynamicPlaceholderTextUtil_GetPlaceholderPtr
0x0813CCFC	thumb	GetColorFromTextColorTable
0x0813CD28	thumb	InitBerryPouch
0x0813CDD8	thumb	CB2_BerryPouchIdle
0x0813CDF4	thumb	VBlankCB_BerryPouchIdle
0x0813CE08	thumb	CB2_InitBerryPouch
0x0813CE34	thumb	RunBerryPouchInit
0x0813CFE4	thumb	AbortBerryPouchLoading
0x0813D020	thumb	Task_AbortBerryPouchLoading_WaitFade
0x0813D054	thumb	BerryPouchInitBgs
0x0813D0BC	thumb	BerryPouchLoadGfx
0x0813D198	thumb	AllocateListMenuBuffers
0x0813D1DC	thumb	SetUpListMenuTemplate
0x0813D2F4	thumb	GetBerryNameAndIndexForMenu
0x0813D374	thumb	CopySelectedListMenuItemName
0x0813D398	thumb	BerryPouchMoveCursorFunc
0x0813D408	thumb	BerryPouchItemPrintFunc
0x0813D488	thumb	BerryPouchSetArrowCursorFromListMenu
0x0813D4A8	thumb	BerryPouchSetArrowCursorAt
0x0813D510	thumb	PrintSelectedBerryDescription
0x0813D56C	thumb	SetDescriptionWindowBorderPalette
0x0813D594	thumb	CreateScrollIndicatorArrows_BerryPouchList
0x0813D5EC	thumb	CreateScrollIndicatorArrows_TossQuantity
0x0813D624	thumb	CreateScrollIndicatorArrows_SellQuantity
0x0813D65C	thumb	DestroyScrollIndicatorArrows
0x0813D67C	thumb	PrintBerryPouchHeaderCentered
0x0813D6BC	thumb	BerryPouch_CursorResetToTop
0x0813D6CC	thumb	SanitizeListMenuSelectionParams
0x0813D72C	thumb	UpdateListMenuScrollOffset
0x0813D7A4	thumb	BerryPouch_DestroyResources
0x0813D7E0	thumb	BerryPouch_StartFadeToExitCallback
0x0813D81C	thumb	Task_BerryPouchFadeToExitCallback
0x0813D884	thumb	SortAndCountBerries
0x0813D90C	thumb	BerryPouch_SetExitCallback
0x0813D918	thumb	InitTossQuantitySelectUI
0x0813D9D0	thumb	PrintxQuantityOnWindow
0x0813DA40	thumb	Task_BerryPouchMain
0x0813DB8C	thumb	Task_CleanUpAndReturnToMain
0x0813DBBC	thumb	CreateNormalContextMenu
0x0813DD4C	thumb	Task_NormalContextMenu
0x0813DD78	thumb	Task_NormalContextMenu_HandleInput
0x0813DDE4	thumb	Task_BerryPouch_Use
0x0813DE94	thumb	Task_BerryPouch_Toss
0x0813DF2C	thumb	Task_AskTossMultiple
0x0813DFA0	thumb	Task_TossNo
0x0813DFE8	thumb	Task_Toss_SelectMultiple
0x0813E0B4	thumb	Task_TossYes
0x0813E13C	thumb	Task_WaitButtonThenTossBerries
0x0813E1D8	thumb	Task_BerryPouch_Give
0x0813E24C	thumb	Task_Give_PrintThereIsNoPokemon
0x0813E268	thumb	Task_WaitButtonBeforeDialogueWindowDestruction
0x0813E290	thumb	Task_BerryPouch_DestroyDialogueWindowAndRefreshListMenu
0x0813E2F8	thumb	Task_BerryPouch_Exit
0x0813E354	thumb	Task_ContextMenu_FromPartyGiveMenu
0x0813E3D4	thumb	Task_ContextMenu_FromPokemonPC
0x0813E400	thumb	Task_ContextMenu_Sell
0x0813E4BC	thumb	Task_AskSellMultiple
0x0813E52C	thumb	Task_SellMultiple_CreateYesNoMenu
0x0813E540	thumb	Task_SellNo
0x0813E590	thumb	Task_Sell_PrintSelectMultipleUI
0x0813E640	thumb	SellMultiple_UpdateSellPriceDisplay
0x0813E668	thumb	Task_Sell_SelectMultiple
0x0813E740	thumb	Task_SellYes
0x0813E7C8	thumb	Task_SellBerries_PlaySfxAndRemoveBerries
0x0813E8AC	thumb	Task_SellBerries_WaitButton
0x0813E8E8	thumb	BerryPouchInitWindows
0x0813E978	thumb	BerryPouchPrint
0x0813E9E0	thumb	GetOrCreateVariableWindow
0x0813EA50	thumb	VariableWindowSetAltFrameTileAndPalette
0x0813EA70	thumb	DestroyVariableWindow
0x0813EAA4	thumb	TryDestroyVariableWindow
0x0813EAE8	thumb	GetVariableWindowId
0x0813EAF8	thumb	DisplayItemMessageInBerryPouch
0x0813EB54	thumb	CreateYesNoMenuWin3
0x0813EB80	thumb	CreateYesNoMenuWin4
0x0813EBAC	thumb	PrintMoneyInWin2
0x0813EBE0	thumb	CreateBerryPouchSprite
0x0813EC00	thumb	StartBerryPouchSpriteWobbleAnim
0x0813EC3C	thumb	SpriteCB_BerryPouchWaitWobbleAnim
0x0813EC64	thumb	ItemUseOnFieldCB_Itemfinder
0x0813ECF0	thumb	Task_NoResponse_CleanUp
0x0813ED14	thumb	Task_ItemfinderResponseSoundsAndAnims
0x0813ED88	thumb	Task_ItemfinderUnderfootSoundsAndAnims
0x0813EDEC	thumb	HiddenItemIsWithinRangeOfPlayer
0x0813EF18	thumb	SetUnderfootHiddenItem
0x0813EF74	thumb	SetNormalHiddenItem
0x0813EFDC	thumb	HiddenItemAtPos
0x0813F048	thumb	HiddenItemInConnectedMapAtPos
0x0813F0E0	thumb	FindHiddenItemsInConnectedMaps
0x0813F1F8	thumb	RegisterHiddenItemRelativeCoordsIfCloser
0x0813F2C8	thumb	GetPlayerDirectionTowardsHiddenItem
0x0813F33C	thumb	Task_ItemfinderResponsePrintMessage
0x0813F358	thumb	Task_ItemfinderResponseCleanUp
0x0813F380	thumb	Task_ItemfinderUnderfootPrintMessage
0x0813F39C	thumb	Task_ItemfinderUnderfootDigUpItem
0x0813F3C4	thumb	LoadArrowAndStarTiles
0x0813F3D4	thumb	DestroyArrowAndStarTiles
0x0813F3E4	thumb	CreateArrowSprite
0x0813F524	thumb	SpriteCallback_Arrow
0x0813F570	thumb	SpriteCallback_DestroyArrow
0x0813F584	thumb	CreateStarSprite
0x0813F5EC	thumb	SpriteCallback_Star
0x0813F638	thumb	SpriteCallback_DestroyStar
0x0813F644	thumb	BuyMenuInitWindows
0x0813F6A8	thumb	BuyMenuDrawMoneyBox
0x0813F6CC	thumb	BuyMenuPrint
0x0813F734	thumb	BuyMenuDisplayMessage
0x0813F780	thumb	BuyMenuQuantityBoxNormalBorder
0x0813F798	thumb	BuyMenuQuantityBoxThinBorder
0x0813F7B0	thumb	BuyMenuConfirmPurchase
0x0813F7DC	thumb	PlaySlotMachine
0x0813F824	thumb	InitSlotMachineState
0x0813F870	thumb	CB2_InitSlotMachine
0x0813F904	thumb	CleanSupSlotMachineState
0x0813F924	thumb	CB2_RunSlotMachine
0x0813F93C	thumb	MainTask_SlotsGameLoop
0x0813FB98	thumb	MainTask_NoCoinsGameOver
0x0813FC04	thumb	MainTask_ShowHelp
0x0813FC84	thumb	MainTask_ConfirmExitGame
0x0813FD5C	thumb	MainTask_DarnNoPayout
0x0813FDF4	thumb	MainTask_WinHandlePayout
0x0813FFB0	thumb	MainTask_ExitSlots
0x08140008	thumb	SetMainTask
0x08140038	thumb	Task_SpinReels
0x08140120	thumb	StartReels
0x08140144	thumb	StopCurrentReel
0x08140178	thumb	IsReelSpinning
0x0814018C	thumb	GetNextReelPosition
0x081401C8	thumb	StopReel1
0x08140394	thumb	StopReel2
0x08140490	thumb	StopReel3
0x08140524	thumb	TwoReelBiasCheck
0x081406C0	thumb	OneReelBiasCheck
0x081408CC	thumb	TestReelIconAttribute
0x08140944	thumb	ReelIconToPayoutRank
0x0814098C	thumb	CalcSlotBias
0x08140A48	thumb	ResetMachineBias
0x08140A58	thumb	CalcPayout
0x08140BB4	thumb	GetPayout
0x08140BC4	thumb	GetPlayerBet
0x08140BD0	thumb	GetWinFlagByLine
0x08140BE4	thumb	LoadSpriteGraphicsAndAllocateManager
0x08140C28	thumb	DestroyGfxManager
0x08140C44	thumb	InitGfxManager
0x08140C78	thumb	CreateReelIconSprites
0x08140D54	thumb	UpdateReelIconSprites
0x08140E18	thumb	HBlankCB_SlotMachine
0x08140E74	thumb	CreateScoreDigitSprites
0x08140F04	thumb	UpdateCoinsDisplay
0x08140F9C	thumb	CreateClefairySprites
0x08140FF8	thumb	SetClefairySpriteAnim
0x08141024	thumb	CreateSlotMachine
0x0814106C	thumb	DestroySlotMachine
0x081410A4	thumb	Task_SlotMachine
0x081410F0	thumb	VBlankCB_SlotMachine
0x08141104	thumb	GetSlotMachineSetupTaskDataPtr
0x08141120	thumb	SetSlotMachineSetupTask
0x08141158	thumb	IsSlotMachineSetupTaskActive
0x08141170	thumb	SlotsTask_GraphicsInit
0x08141438	thumb	SlotsTask_FadeOut
0x08141484	thumb	SlotsTask_UpdateLineStates
0x081414C4	thumb	SlotsTask_ClefairyUpdateOnReelsStart
0x081414D4	thumb	SlotsTask_StartClefairyDanceAndWinningLineFlash
0x081414F0	thumb	SlotsTask_StopWinningLineFlashTask
0x08141530	thumb	SlotsTask_ClefairyFainted
0x08141540	thumb	SlotsTask_ClefairyNeutral
0x08141550	thumb	SlotsTask_UpdateCoinsDisplay
0x0814155C	thumb	SlotsTask_MessageOutOfCoins
0x081415A0	thumb	SlotsTask_AskQuitPlaying
0x081415E8	thumb	SlotsTask_DestroyYesNoMenu
0x08141628	thumb	SlotsTask_PressReelButton
0x08141668	thumb	SlotsTask_ReleaseReelButtons
0x081416A0	thumb	SlotsTask_ShowHelp
0x0814173C	thumb	SlotsTask_HideHelp
0x081417BC	thumb	Slot_PrintOnWindow0
0x08141800	thumb	Slot_ClearWindow0
0x0814180C	thumb	SetLineStatesByBet
0x0814189C	thumb	SetLineState
0x081418F4	thumb	Task_FlashWinningLine
0x08141A88	thumb	SignalStopWinningLineFlashTask
0x08141AB0	thumb	Slot_CreateYesNoMenu
0x08141AF0	thumb	Slot_DestroyYesNoMenu
0x08141B0C	thumb	InitReelButtonTileMem
0x08141B78	thumb	SetReelButtonPressed
0x08141BBC	thumb	ReleaseReelButtons
0x08141C08	thumb	PressReelButton
0x08141C2C	thumb	ClearRoamerData
0x08141C6C	thumb	CreateInitialRoamerMon
0x08141D74	thumb	InitRoamer
0x08141D84	thumb	UpdateLocationHistoryForRoamer
0x08141DAC	thumb	RoamerMoveToOtherLocationSet
0x08141E00	thumb	RoamerMove
0x08141E90	thumb	IsRoamerAt
0x08141ED0	thumb	CreateRoamerMonInstance
0x08141F84	thumb	TryStartRoamerEncounter
0x08141FC0	thumb	UpdateRoamerHPStatus
0x08141FF4	thumb	SetRoamerInactive
0x0814200C	thumb	GetRoamerLocation
0x0814201C	thumb	GetRoamerLocationMapSectionId
0x08142050	thumb	VBlankCB_MysteryGiftEReader
0x08142064	thumb	CB2_MysteryGiftEReader
0x0814207C	thumb	HandleMysteryGiftOrEReaderSetup
0x08142284	thumb	CB2_InitMysteryGift
0x081422AC	thumb	CB2_InitEReader
0x081422D4	thumb	MainCB_FreeAllBuffersAndReturnToInitTitleScreen
0x0814231C	thumb	PrintMysteryGiftOrEReaderTopMenu
0x081423E4	thumb	MG_DrawTextBorder
0x081423F8	thumb	MG_DrawCheckerboardPattern
0x08142490	thumb	ClearScreenInBg0
0x081424DC	thumb	AddTextPrinterToWindow1
0x08142538	thumb	ClearTextWindow
0x08142554	thumb	PrintMysteryGiftMenuMessage
0x081425E8	thumb	HideDownArrow
0x08142610	thumb	ShowDownArrow
0x08142638	thumb	HideDownArrowAndWaitButton
0x08142678	thumb	PrintStringAndWait2Seconds
0x081426AC	thumb	MysteryGift_HandleThreeOptionMenu
0x08142778	thumb	DoMysteryGiftYesNo
0x081428CC	thumb	HandleMysteryGiftListMenu
0x08142A1C	thumb	ValidateCardOrNews
0x08142A30	thumb	HandleLoadWonderCardOrNews
0x08142A8C	thumb	ClearSavedNewsOrCard
0x08142AA4	thumb	ExitWonderCardOrNews
0x08142AD4	thumb	AskDiscardGift
0x08142AF8	thumb	PrintThrownAway
0x08142B18	thumb	SaveOnMysteryGiftMenu
0x08142B90	thumb	GetClientResultMessage
0x08142CC0	thumb	PrintSuccessMessage
0x08142D28	thumb	GetServerResultMessage
0x08142DF8	thumb	PrintServerResultMessage
0x08142E30	thumb	CreateMysteryGiftTask
0x08142E78	thumb	Task_MysteryGift
0x081435AC	thumb	GetMysteryGiftBaseBlock
0x081435B4	thumb	EReader_Load
0x0814361C	thumb	EReader_Reset
0x0814364C	thumb	EReader_Transfer
0x08143694	thumb	OpenEReaderLink
0x081436C4	thumb	ValidateEReaderConnection
0x08143724	thumb	IsEReaderConnectionSane
0x08143748	thumb	TryReceiveCard
0x08143878	thumb	CreateEReaderTask
0x081438C0	thumb	ResetTimer
0x081438C8	thumb	UpdateTimer
0x081438E8	thumb	Task_EReader
0x08143CFC	thumb	ClearMysteryGift
0x08143D30	thumb	GetSavedWonderNews
0x08143D44	thumb	GetSavedWonderCard
0x08143D58	thumb	GetSavedWonderCardMetadata
0x08143D6C	thumb	GetSavedWonderNewsMetadata
0x08143D80	thumb	GetQuestionnaireWordsPtr
0x08143D94	thumb	ClearSavedWonderNewsAndRelated
0x08143DA0	thumb	SaveWonderNews
0x08143DF4	thumb	ValidateSavedWonderNews
0x08143E3C	thumb	ValidateWonderNews
0x08143E50	thumb	IsSendingSavedWonderNewsAllowed
0x08143E74	thumb	ClearSavedWonderNews
0x08143EA8	thumb	ClearSavedWonderNewsMetadata
0x08143ECC	thumb	IsWonderNewsSameAsSaved
0x08143F10	thumb	ClearSavedWonderCardAndRelated
0x08143F40	thumb	SaveWonderCard
0x08143FA0	thumb	ValidateSavedWonderCard
0x08143FF0	thumb	ValidateWonderCard
0x0814402C	thumb	IsSendingSavedWonderCardAllowed
0x08144054	thumb	ClearSavedWonderCard
0x0814408C	thumb	ClearSavedWonderCardMetadata
0x081440C0	thumb	GetWonderCardFlagId
0x081440E4	thumb	DisableWonderCardSending
0x081440FC	thumb	IsWonderCardFlagIDInValidRange
0x0814411C	thumb	IsSavedWonderCardGiftNotReceived
0x0814415C	thumb	GetNumStampsInMetadata
0x08144184	thumb	IsStampInMetadata
0x081441C8	thumb	ValidateStamp
0x081441F0	thumb	GetNumStampsInSavedCard
0x0814422C	thumb	MysteryGift_TrySaveStamp
0x081442A4	thumb	MysteryGift_LoadLinkGameData
0x081443B0	thumb	MysteryGift_ValidateLinkGameData
0x081443F4	thumb	MysteryGift_CompareCardFlags
0x08144410	thumb	MysteryGift_CheckStamps
0x08144450	thumb	MysteryGift_DoesQuestionnaireMatch
0x08144478	thumb	GetNumStampsInLinkData
0x0814448C	thumb	MysteryGift_GetCardStatFromLinkData
0x081444F8	thumb	IncrementCardStat
0x0814459C	thumb	MysteryGift_GetCardStat
0x081446A0	thumb	MysteryGift_DisableStats
0x081446AC	thumb	MysteryGift_TryEnableStatsByFlagId
0x081446F0	thumb	MysteryGift_TryIncrementStat
0x0814476C	thumb	ClearSavedTrainerIds
0x08144798	thumb	RecordTrainerId
0x08144800	thumb	IncrementCardStatForNewTrainer
0x08144820	thumb	MysteryGiftLink_Recv
0x0814482C	thumb	MysteryGiftLink_Send
0x08144838	thumb	MysteryGiftLink_Init
0x08144864	thumb	MysteryGiftLink_InitSend
0x08144888	thumb	MysteryGiftLink_InitRecv
0x08144898	thumb	MGL_ReceiveBlock
0x081448B4	thumb	MGL_HasReceived
0x081448D8	thumb	MGL_ResetReceived
0x081448E8	thumb	MGL_Receive
0x081449BC	thumb	MGL_Send
0x08144AC8	thumb	MysteryGiftClient_Create
0x08144AE8	thumb	MysteryGiftClient_Run
0x08144B24	thumb	MysteryGiftClient_AdvanceState
0x08144B34	thumb	MysteryGiftClient_GetMsg
0x08144B40	thumb	MysteryGiftClient_SetParam
0x08144B4C	thumb	MysteryGiftClient_Init
0x08144B9C	thumb	MysteryGiftClient_Free
0x08144BC0	thumb	MysteryGiftClient_CopyRecvScript
0x08144BDC	thumb	MysteryGiftClient_InitSendWord
0x08144C10	thumb	Client_Init
0x08144C38	thumb	Client_Done
0x08144C3C	thumb	Client_Recv
0x08144C5C	thumb	Client_Send
0x08144C7C	thumb	Client_Run
0x08144E48	thumb	Client_Wait
0x08144E60	thumb	Client_RunMysteryEventScript
0x08144E98	thumb	Client_RunBufferScript
0x08144ECC	thumb	MysteryGiftClient_CallFunc
0x08144EF8	thumb	MysterGiftServer_CreateForNews
0x08144F1C	thumb	MysterGiftServer_CreateForCard
0x08144F40	thumb	MysterGiftServer_Run
0x08144F7C	thumb	MysteryGiftServer_Init
0x08144FD4	thumb	MysteryGiftServer_Free
0x08144FF8	thumb	MysteryGiftServer_InitSend
0x08145038	thumb	MysteryGiftServer_GetSendData
0x08145044	thumb	MysteryGiftServer_Compare
0x0814505C	thumb	Server_Init
0x08145064	thumb	Server_Done
0x08145068	thumb	Server_Recv
0x08145084	thumb	Server_Send
0x081450A0	thumb	Server_Run
0x081455DC	thumb	MysteryGiftServer_CallFunc
0x08145630	thumb	WonderCard_Init
0x081456CC	thumb	WonderCard_Destroy
0x081456F8	thumb	WonderCard_Enter
0x08145918	thumb	WonderCard_Exit
0x08145A74	thumb	BufferCardText
0x08145CF4	thumb	DrawCardWindow
0x0814603C	thumb	CreateCardSprites
0x081461B4	thumb	DestroyCardSprites
0x08146264	thumb	WonderNews_Init
0x081462C8	thumb	WonderNews_Destroy
0x081462F4	thumb	WonderNews_Enter
0x081465E0	thumb	WonderNews_Exit
0x081467C8	thumb	WonderNews_RemoveScrollIndicatorArrowPair
0x08146810	thumb	WonderNews_AddScrollIndicatorArrowPair
0x08146860	thumb	WonderNews_GetInput
0x0814695C	thumb	BufferNewsText
0x08146A0C	thumb	DrawNewsWindows
0x08146B34	thumb	UpdateNewsScroll
0x08146C0C	thumb	WonderNews_SetReward
0x08146C64	thumb	WonderNews_Reset
0x08146C80	thumb	WonderNews_IncrementStepCounter
0x08146CC4	thumb	WonderNews_GetRewardInfo
0x08146D50	thumb	GetRewardItem
0x08146D70	thumb	ResetSentRewardCounter
0x08146D7C	thumb	IncrementSentRewardCounter
0x08146DB4	thumb	IncrementRewardCounter
0x08146DE8	thumb	GetRewardType
0x08146E54	thumb	DoSeagallopFerryScene
0x08146E70	thumb	CB2_SetUpSeagallopScene
0x08147034	thumb	VBlankCB_SeaGallop
0x08147048	thumb	MainCB2_SeaGallop
0x08147060	thumb	Task_Seagallop_0
0x0814707C	thumb	ScrollBG
0x081470A8	thumb	Task_Seagallop_1
0x081470E4	thumb	Task_Seagallop_2
0x0814711C	thumb	Task_Seagallop_3
0x081471A0	thumb	ResetGPU
0x081472D8	thumb	ResetAllAssets
0x081472F8	thumb	SetDispcnt
0x08147308	thumb	ResetBGPos
0x08147360	thumb	LoadFerrySpriteResources
0x0814737C	thumb	FreeFerrySpriteResources
0x081473A0	thumb	CreateFerrySprite
0x081473F4	thumb	SpriteCB_Ferry
0x08147448	thumb	CreateWakeSprite
0x0814748C	thumb	SpriteCB_Wake
0x081474A8	thumb	GetDirectionOfTravel
0x081474DC	thumb	GetSeagallopNumber
0x08147570	thumb	IsPlayerLeftOfVermilionSailor
0x0814759C	thumb	CreateStaticCountdownTask
0x081475E8	thumb	StartStaticCountdown
0x0814761C	thumb	IsStaticCountdownRunning
0x08147630	thumb	Task_StaticCountdown
0x081476BC	thumb	StaticCountdown_CreateSprites
0x0814779C	thumb	Task_StaticCountdown_Init
0x08147828	thumb	Task_StaticCountdown_Free
0x08147898	thumb	SpriteCB_StaticCountdown
0x081479B0	thumb	Task_StaticCountdown_Start
0x08147A10	thumb	Task_StaticCountdown_Run
0x08147A84	thumb	StartPokemonJump
0x08147B24	thumb	FreePokemonJump
0x08147B3C	thumb	InitGame
0x08147B70	thumb	ResetForNewGame
0x08147BFC	thumb	InitPlayerAndJumpTypes
0x08147C74	thumb	ResetPlayersForNewGame
0x08147CDC	thumb	GetPokemonJumpSpeciesIdx
0x08147D08	thumb	InitJumpMonInfo
0x08147D34	thumb	VBlankCB_PokemonJump
0x08147D48	thumb	CB2_PokemonJump
0x08147D60	thumb	SetPokeJumpTask
0x08147D7C	thumb	Task_StartPokemonJump
0x08147EEC	thumb	SetLinkTimeInterval
0x08147F28	thumb	SetFunc_Leader
0x08147F7C	thumb	RecvLinkData_Leader
0x08148058	thumb	Task_PokemonJump_Leader
0x081480E0	thumb	SendLinkData_Leader
0x0814811C	thumb	SetFunc_Member
0x08148150	thumb	RecvLinkData_Member
0x0814826C	thumb	Task_PokemonJump_Member
0x081482D4	thumb	SendLinkData_Member
0x08148320	thumb	GameIntro_Leader
0x08148374	thumb	GameIntro_Member
0x081483AC	thumb	WaitRound_Leader
0x081483F4	thumb	WaitRound_Member
0x08148440	thumb	GameRound_Leader
0x0814848C	thumb	GameRound_Member
0x081484AC	thumb	GameOver_Leader
0x08148548	thumb	GameOver_Member
0x081485A4	thumb	AskPlayAgain_Leader
0x08148640	thumb	AskPlayAgain_Member
0x081486A0	thumb	ResetGame_Leader
0x08148700	thumb	ResetGame_Member
0x0814873C	thumb	ExitGame
0x08148790	thumb	GivePrize_Leader
0x081487DC	thumb	GivePrize_Member
0x081487F8	thumb	SavePokeJump
0x081488B8	thumb	DoGameIntro
0x081489A4	thumb	HandleSwingRound
0x08148A3C	thumb	DoVineHitEffect
0x08148B30	thumb	TryGivePrize
0x08148C5C	thumb	DoPlayAgainPrompt
0x08148D38	thumb	ClosePokeJumpLink
0x08148E08	thumb	CloseMessageAndResetScore
0x08148E5C	thumb	Task_CommunicateMonInfo
0x08148F38	thumb	SetTaskWithPokeJumpStruct
0x08148F58	thumb	InitVineState
0x08148F78	thumb	ResetVineState
0x08148FBC	thumb	UpdateVineState
0x08149020	thumb	GetVineSpeed
0x08149054	thumb	UpdateVineSpeed
0x08149170	thumb	PokeJumpRandom
0x08149190	thumb	ResetVineAfterHit
0x081491B4	thumb	IsGameOver
0x081491C0	thumb	ResetPlayersJumpStates
0x081491EC	thumb	ResetPlayersMonState
0x08149208	thumb	IsPlayersMonState
0x0814923C	thumb	SetMonStateJump
0x08149264	thumb	SetMonStateHit
0x08149294	thumb	SetMonStateNormal
0x081492B4	thumb	UpdateGame
0x08149318	thumb	TryUpdateVineSwing
0x08149338	thumb	DisallowVineUpdates
0x08149348	thumb	AllowVineUpdates
0x08149358	thumb	HandleMonState
0x0814946C	thumb	UpdateJump
0x08149510	thumb	TryUpdateScore
0x0814960C	thumb	UpdateVineHitStates
0x081496B0	thumb	AllPlayersJumpedOrHit
0x081496EC	thumb	DidAllPlayersClearVine
0x08149724	thumb	ShouldPlayAgain
0x0814975C	thumb	AddJumpScore
0x08149784	thumb	GetPlayersAtJumpPeak
0x081497E0	thumb	AreLinkQueuesEmpty
0x08149810	thumb	GetNumPlayersForBonus
0x08149854	thumb	ClearUnreadField
0x08149864	thumb	GetScoreBonus
0x08149874	thumb	TryUpdateExcellentsRecord
0x08149890	thumb	HasEnoughScoreForPrize
0x081498B4	thumb	GetPrizeData
0x081498DC	thumb	UnpackPrizeData
0x081498EC	thumb	GetPrizeItemId
0x0814990C	thumb	GetPrizeQuantity
0x08149954	thumb	GetQuantityLimitedByBag
0x08149980	thumb	GetNumPokeJumpPlayers
0x08149990	thumb	GetPokeJumpMultiplayerId
0x0814999C	thumb	GetMonInfoByMultiplayerId
0x081499BC	thumb	GetPokeJumpPlayerName
0x081499DC	thumb	IsSpeciesAllowedInPokemonJump
0x081499F4	thumb	IsPokemonJumpSpeciesInParty
0x08149A48	thumb	SendPacket_MonInfo
0x08149A6C	thumb	RecvPacket_MonInfo
0x08149ABC	thumb	SendPacket_Unused
0x08149AD4	thumb	SendPacket_LeaderState
0x08149B58	thumb	RecvPacket_LeaderState
0x08149BD0	thumb	SendPacket_MemberState
0x08149C00	thumb	RecvPacket_MemberStateToLeader
0x08149C6C	thumb	RecvPacket_MemberStateToMember
0x08149CC8	thumb	StartPokeJumpGfx
0x08149D00	thumb	FreeWindowsAndDigitObj
0x08149D10	thumb	InitPokeJumpGfx
0x08149D1C	thumb	SetUpPokeJumpGfxFuncById
0x08149D44	thumb	IsPokeJumpGfxFuncFinished
0x08149D5C	thumb	SetUpPokeJumpGfxFunc
0x08149D80	thumb	Task_RunPokeJumpGfxFunc
0x08149DA4	thumb	LoadPokeJumpGfx
0x08149F40	thumb	PrintPlayerNamesNoHighlight
0x08149FAC	thumb	PrintPlayerNamesWithHighlight
0x0814A018	thumb	ErasePlayerNames
0x0814A0A4	thumb	Msg_WantToPlayAgain
0x0814A150	thumb	Msg_SavingDontTurnOff
0x0814A1F4	thumb	EraseMessage
0x0814A240	thumb	Msg_SomeoneDroppedOut
0x0814A2E4	thumb	Msg_CommunicationStandby
0x0814A388	thumb	DoPokeJumpCountdown
0x0814A3C0	thumb	SetUpResetVineGfx
0x0814A3E4	thumb	ResetVineGfx
0x0814A444	thumb	PrintPrizeMessage
0x0814A518	thumb	PrintPrizeFilledBagMessage
0x0814A590	thumb	PrintNoRoomForPrizeMessage
0x0814A608	thumb	DoPrizeMessageAndFanfare
0x0814A6A8	thumb	ClearMessageWindow
0x0814A6D8	thumb	RemoveMessageWindow
0x0814A720	thumb	HandlePlayAgainInput
0x0814A730	thumb	AddMessageWindow
0x0814A7AC	thumb	CreatePokeJumpYesNoMenu
0x0814A828	thumb	PrintScoreSuffixes
0x0814A894	thumb	CreateJumpMonSprites
0x0814A91C	thumb	SetMonSpriteY
0x0814A938	thumb	UpdateVineSwing
0x0814A968	thumb	DoSameJumpTimeBonus
0x0814A9A4	thumb	InitDigitPrinters
0x0814AA00	thumb	PrintScore
0x0814AA10	thumb	PrintJumpsInRow
0x0814AA24	thumb	StartMonHitShake
0x0814AA3C	thumb	StartMonHitFlash
0x0814AA54	thumb	IsMonHitShakeActive
0x0814AA68	thumb	StopMonHitFlash
0x0814AA7C	thumb	ResetMonSpriteSubpriorities
0x0814AA90	thumb	StartMonIntroBounce
0x0814AAA4	thumb	IsMonIntroBounceActive
0x0814AAB8	thumb	AddPlayerNameWindows
0x0814AB74	thumb	PrintPokeJumpPlayerName
0x0814AC0C	thumb	PrintPokeJumpPlayerNames
0x0814AC70	thumb	DrawPlayerNameWindows
0x0814ACA8	thumb	ShowBonus
0x0814ACF4	thumb	UpdateBonus
0x0814AD2C	thumb	Task_UpdateBonus
0x0814AD48	thumb	LoadSpriteSheetsAndPalettes
0x0814AD90	thumb	ResetPokeJumpSpriteData
0x0814ADA8	thumb	CreateJumpMonSprite
0x0814AEE8	thumb	DoStarAnim
0x0814AF50	thumb	SpriteCB_Star
0x0814AFC4	thumb	Gfx_StartMonHitShake
0x0814AFEC	thumb	Gfx_IsMonHitShakeActive
0x0814B014	thumb	SpriteCB_MonHitShake
0x0814B05C	thumb	Gfx_StartMonHitFlash
0x0814B084	thumb	Gfx_StopMonHitFlash
0x0814B0DC	thumb	SpriteCB_MonHitFlash
0x0814B110	thumb	Gfx_ResetMonSpriteSubpriorities
0x0814B144	thumb	Gfx_StartMonIntroBounce
0x0814B16C	thumb	Gfx_IsMonIntroBounceActive
0x0814B1A8	thumb	SpriteCB_MonIntroBounce
0x0814B21C	thumb	CreateStarSprite
0x0814B270	thumb	CreateVineSprites
0x0814B324	thumb	UpdateVineAnim
0x0814B418	thumb	StartPokeJumpCountdown
0x0814B43C	thumb	IsPokeJumpCountdownRunning
0x0814B448	thumb	GetPokeJumpRecords
0x0814B458	thumb	ResetPokemonJumpRecords
0x0814B470	thumb	TryUpdateRecords
0x0814B4C4	thumb	IncrementGamesWithMaxPlayers
0x0814B4E0	thumb	ShowPokemonJumpRecords
0x0814B500	thumb	Task_ShowPokemonJumpRecords
0x0814B5A0	thumb	PrintRecordsText
0x0814B6B0	thumb	TruncateToFirstWordOnly
0x0814B6CC	thumb	GetBerryCrushGame
0x0814B6D8	thumb	QuitBerryCrush
0x0814B730	thumb	StartBerryCrush
0x0814B83C	thumb	GetBerryFromBag
0x0814B8CC	thumb	ChooseBerry
0x0814B8F0	thumb	BerryCrush_SetVBlankCallback
0x0814B900	thumb	BerryCrush_InitVBlankCB
0x0814B90C	thumb	SaveResults
0x0814BA48	thumb	VBlankCB
0x0814BA5C	thumb	MainCB
0x0814BA74	thumb	MainTask
0x0814BA98	thumb	SetNamesAndTextSpeed
0x0814BB28	thumb	RunOrScheduleCommand
0x0814BB94	thumb	Cmd_BeginNormalPaletteFade
0x0814BBEC	thumb	Cmd_WaitPaletteFade
0x0814BC50	thumb	Cmd_PrintMessage
0x0814BD58	thumb	Cmd_ShowGameDisplay
0x0814BD78	thumb	Cmd_HideGameDisplay
0x0814BD98	thumb	Cmd_SignalReadyToBegin
0x0814BDE8	thumb	Cmd_AskPickBerry
0x0814BE40	thumb	Cmd_GoToBerryPouch
0x0814BE58	thumb	Cmd_WaitForOthersToPickBerries
0x0814BFAC	thumb	Cmd_DropBerriesIntoCrusher
0x0814C0F4	thumb	Cmd_DropLid
0x0814C228	thumb	Cmd_Countdown
0x0814C2D8	thumb	HandlePartnerInput
0x0814C494	thumb	BerryCrush_BuildLocalState
0x0814C5F4	thumb	HandlePlayerInput
0x0814C798	thumb	RecvLinkData
0x0814C82C	thumb	Cmd_PlayGame_Leader
0x0814C8D4	thumb	Cmd_PlayGame_Member
0x0814C96C	thumb	Cmd_FinishGame
0x0814CAFC	thumb	Cmd_HandleTimeUp
0x0814CBE8	thumb	Cmd_TabulateResults
0x0814CF84	thumb	Cmd_ShowResults
0x0814D070	thumb	Cmd_SaveGame
0x0814D164	thumb	Cmd_AskPlayAgain
0x0814D21C	thumb	Cmd_CommunicatePlayAgainResponses
0x0814D2F8	thumb	Cmd_PlayAgain
0x0814D380	thumb	Cmd_StopGame
0x0814D444	thumb	Cmd_CloseLink
0x0814D4A4	thumb	Cmd_Quit
0x0814D4B4	thumb	ResetGame
0x0814D540	thumb	SetPaletteFadeArgs
0x0814D580	thumb	SetPrintMessageArgs
0x0814D5A4	thumb	ShowGameDisplay
0x0814D864	thumb	HideGameDisplay
0x0814D9A8	thumb	UpdateGame
0x0814D9E0	thumb	ResetCrusherPos
0x0814DA00	thumb	CreateBerrySprites
0x0814DB60	thumb	SpriteCB_DropBerryIntoCrusher
0x0814DC00	thumb	BerryCrushFreeBerrySpriteGfx
0x0814DC38	thumb	UpdateInputEffects
0x0814DE2C	thumb	AreEffectsFinished
0x0814DE9C	thumb	FramesToMinSec
0x0814DF20	thumb	PrintTextCentered
0x0814DF80	thumb	PrintResultsText
0x0814E308	thumb	printCrushingResults
0x0814E620	thumb	OpenResultsWindow
0x0814E7E8	thumb	CloseResultsWindow
0x0814E80C	thumb	Task_ShowBerryCrushRankings
0x0814EA58	thumb	ShowBerryCrushRankings
0x0814EAB0	thumb	PrintTimer
0x0814EAE0	thumb	HideTimer
0x0814EB14	thumb	CreatePlayerNameWindows
0x0814EB8C	thumb	DrawPlayerNameWindows
0x0814EC5C	thumb	CopyPlayerNameWindowGfxToBg
0x0814ECBC	thumb	CreateGameSprites
0x0814EEEC	thumb	DestroyGameSprites
0x0814EFAC	thumb	SpriteCB_Impact
0x0814EFD8	thumb	SpriteCB_Sparkle_End
0x0814F020	thumb	SpriteCB_Sparkle
0x0814F0B4	thumb	SpriteCB_Sparkle_Init
0x0814F178	thumb	CB2_RunWirelessCommunicationScreen
0x0814F19C	thumb	VBlankCB_WirelessCommunicationScreen
0x0814F1B0	thumb	ShowWirelessCommunicationScreen
0x0814F1C0	thumb	CB2_InitWirelessCommunicationScreen
0x0814F308	thumb	ExitWirelessCommunicationStatusScreen
0x0814F340	thumb	CyclePalette
0x0814F384	thumb	PrintHeaderTexts
0x0814F448	thumb	Task_WirelessCommunicationScreen
0x0814F638	thumb	WCSS_AddTextPrinterParameterized
0x0814F6F0	thumb	CountPlayersInGroupAndGetActivity
0x0814F798	thumb	HaveCountsChanged
0x0814F7C0	thumb	UpdateCommunicationCounts
0x0814F860	thumb	FontFunc_Braille
0x0814FC78	thumb	DecompressGlyph_Braille
0x0814FCDC	thumb	GetGlyphWidth_Braille
0x0814FCE0	thumb	LoadHelpMessageWindowGfxOnBg
0x0814FD14	thumb	LoadMenuMessageWindowGfxOnBg
0x0814FD48	thumb	LoadSignpostWindowGfxOnBg
0x0814FD7C	thumb	LoadStdWindowGfxOnBg
0x0814FDB0	thumb	LoadQuestLogWindowTilesOnBg
0x0814FDD0	thumb	LoadUserWindowGfxByFrameOnBg
0x0814FE1C	thumb	LoadUserWindowGfx2
0x0814FE48	thumb	LoadHelpMessageWindowGfx
0x0814FE88	thumb	LoadMenuMessageWindowGfx
0x0814FEC8	thumb	LoadSignpostWindowGfx
0x0814FF08	thumb	LoadStdWindowGfx
0x0814FF48	thumb	LoadStdWindowTiles
0x0814FF74	thumb	LoadQuestLogWindowTiles
0x0814FFA0	thumb	LoadUserWindowGfxByFrame
0x0814FFF8	thumb	LoadUserWindowGfx
0x08150024	thumb	DrawTextBorderOuter
0x081501AC	thumb	DrawTextBorderInner
0x08150348	thumb	rbox_fill_rectangle
0x081503E4	thumb	GetTextWindowPalette
0x08150430	thumb	QuestLogUpdatePlayerSprite
0x08150450	thumb	QuestLogTryRecordPlayerAvatarGfxTransition
0x08150474	thumb	QuestLogCallUpdatePlayerSprite
0x08150484	thumb	QL_GfxTransition_Normal
0x081504C4	thumb	QL_GfxTransition_Bike
0x0815050C	thumb	QL_GfxTransition_Fish
0x081505A0	thumb	Task_QLFishMovement
0x081506E4	thumb	QL_GfxTransition_StartSurf
0x08150758	thumb	QL_GfxTransition_VSSeeker
0x08150770	thumb	Task_QLVSSeekerMovement
0x08150798	thumb	QL_SetObjectGraphicsId
0x081507A8	thumb	QL_GfxTransition_StopSurfSouth
0x081507B4	thumb	QL_GfxTransition_StopSurfNorth
0x081507C0	thumb	QL_GfxTransition_StopSurfWest
0x081507CC	thumb	QL_GfxTransition_StopSurfEast
0x081507D8	thumb	StartDodrioBerryPicking
0x081508B4	thumb	ResetTasksAndSprites
0x081508C8	thumb	InitDodrioGame
0x08150A60	thumb	Task_StartDodrioGame
0x08150BE4	thumb	Task_DodrioGame_Leader
0x08150C1C	thumb	Task_DodrioGame_Member
0x08150C54	thumb	DoGameIntro
0x08150C98	thumb	InitCountdown
0x08150CD0	thumb	DoCountdown
0x08150D58	thumb	WaitGameStart
0x08150D80	thumb	PlayGame_Leader
0x08150E44	thumb	PlayGame_Member
0x08150F1C	thumb	WaitEndGame_Leader
0x08150FA0	thumb	WaitEndGame_Member
0x08150FB8	thumb	InitResults_Leader
0x08151078	thumb	InitResults_Member
0x08151174	thumb	DoResults
0x08151290	thumb	AskPlayAgain
0x08151464	thumb	EndLink
0x081514CC	thumb	ExitGame
0x08151578	thumb	ResetGame
0x081516B8	thumb	Task_NewGameIntro
0x0815172C	thumb	Task_CommunicateMonInfo
0x08151828	thumb	RecvLinkData_Gameplay
0x08151A38	thumb	RecvLinkData_ReadyToEnd
0x08151B30	thumb	RecvLinkData_Leader
0x08151B7C	thumb	SendLinkData_Leader
0x08151C38	thumb	RecvLinkData_Member
0x08151D04	thumb	SendLinkData_Member
0x08151D74	thumb	HandleSound_Leader
0x08151E70	thumb	HandleSound_Member
0x08151FF8	thumb	CB2_DodrioGame
0x08152010	thumb	VBlankCB_DodrioGame
0x08152024	thumb	InitMonInfo
0x08152038	thumb	CreateTask_
0x08152048	thumb	CreateDodrioGameTask
0x0815206C	thumb	SetGameFunc
0x08152090	thumb	SlideTreeBordersOut
0x081520EC	thumb	InitFirstWaveOfBerries
0x08152150	thumb	HandlePickBerries
0x08152460	thumb	TryPickBerry
0x08152548	thumb	UpdateFallingBerries
0x081527AC	thumb	UpdateBerrySprites
0x081528AC	thumb	UpdateAllDodrioAnims
0x081528EC	thumb	SetAllDodrioDisabled
0x08152918	thumb	UpdateGame_Leader
0x0815294C	thumb	UpdateGame_Member
0x08152980	thumb	GetActiveBerryColumns
0x081529DC	thumb	AllPlayersReadyToStart
0x08152A4C	thumb	ResetReadyToStart
0x08152A74	thumb	ReadyToEndGame_Leader
0x08152AB4	thumb	ReadyToEndGame_Member
0x08152B40	thumb	TryIncrementDifficulty
0x08152BB0	thumb	GetPlayerIdAtColumn
0x08152BD4	thumb	GetNewBerryId
0x08152C94	thumb	GetNewBerryIdByDifficulty
0x08152D10	thumb	IncrementBerryResult
0x08152F70	thumb	UpdateBerriesPickedInRow
0x08152FE0	thumb	SetMaxBerriesPickedInRow
0x08153024	thumb	ResetForPlayAgainPrompt
0x0815312C	thumb	SetRandomPrize
0x08153198	thumb	GetBerriesPicked
0x081531D8	thumb	TryUpdateRecords
0x08153258	thumb	UpdatePickStateQueue
0x08153294	thumb	HandleWaitPlayAgainInput
0x08153348	thumb	ResetPickState
0x0815336C	thumb	GetPrizeItemId
0x08153390	thumb	GetNumPlayers
0x081533A0	thumb	GetPlayerName
0x081533E0	thumb	GetBerryResult
0x08153400	thumb	GetScore
0x08153488	thumb	GetHighestScore
0x081534CC	thumb	GetHighestBerryResult
0x08153510	thumb	GetScoreByRanking
0x0815358C	thumb	SetScoreResults
0x0815367C	thumb	GetScoreResults
0x0815369C	thumb	GetScoreRanking
0x08153708	thumb	TryGivePrize
0x08153768	thumb	IncrementWithLimit
0x08153778	thumb	Min
0x08153788	thumb	GetPlayerIdByPos
0x0815379C	thumb	IsDodrioInParty
0x081537EC	thumb	ShowDodrioBerryPickingRecords
0x0815380C	thumb	Task_ShowDodrioBerryPickingRecords
0x081538AC	thumb	PrintRecordsText
0x081539C8	thumb	Debug_UpdateNumPlayers
0x081539E0	thumb	Debug_SetPlayerNamesAndResults
0x08153A78	thumb	LoadDodrioGfx
0x08153AD8	thumb	CreateDodrioSprite
0x08153B78	thumb	SpriteCB_Dodrio
0x08153B9C	thumb	StartDodrioMissedAnim
0x08153BD4	thumb	StartDodrioIntroAnim
0x08153C0C	thumb	DoDodrioMissedAnim
0x08153C7C	thumb	DoDodrioIntroAnim
0x08153CE4	thumb	FreeDodrioSprites
0x08153D24	thumb	SetDodrioInvisibility
0x08153D5C	thumb	SetAllDodrioInvisibility
0x08153D84	thumb	SetDodrioAnim
0x08153DB0	thumb	SpriteCB_Status
0x08153DB4	thumb	InitStatusBarPos
0x08153E04	thumb	CreateStatusBarSprites
0x08153EB4	thumb	FreeStatusBar
0x08153EF8	thumb	DoStatusBarIntro
0x08153FA4	thumb	UpdateStatusBarAnim
0x081540B8	thumb	SetStatusBarInvisibility
0x08154104	thumb	LoadBerryGfx
0x08154158	thumb	CreateBerrySprites
0x08154250	thumb	FreeBerrySprites
0x081542C8	thumb	SetBerryInvisibility
0x08154300	thumb	SetBerryIconsInvisibility
0x0815434C	thumb	SetBerryYPos
0x08154374	thumb	SetBerryAnim
0x081543A0	thumb	UnusedSetSpritePos
0x081543C4	thumb	SpriteCB_Cloud
0x08154414	thumb	CreateCloudSprites
0x081544CC	thumb	ResetCloudPos
0x0815451C	thumb	StartCloudMovement
0x08154554	thumb	FreeCloudSprites
0x08154598	thumb	SetCloudInvisibility
0x081545E4	thumb	GetDodrioXPos
0x0815469C	thumb	ResetBerryAndStatusBarSprites
0x081546C8	thumb	LoadWindowFrameGfx
0x081546FC	thumb	DBP_LoadStdWindowGfx
0x0815470C	thumb	ResetGfxState
0x08154744	thumb	DrawYesNoMessageWindow
0x08154844	thumb	DrawMessageWindow
0x08154944	thumb	InitGameGfx
0x081549A4	thumb	FreeAllWindowBuffers_
0x081549B0	thumb	SetGfxFuncById
0x081549E4	thumb	Task_TryRunGfxFunc
0x08154A08	thumb	LoadGfx
0x08154B10	thumb	ShowNames
0x08154D78	thumb	PrintRankedScores
0x08154F5C	thumb	ShowResults
0x081556BC	thumb	Msg_WantToPlayAgain
0x08155A54	thumb	Msg_SavingDontTurnOff
0x08155B28	thumb	Msg_CommunicationStandby
0x08155C08	thumb	EraseMessage
0x08155C5C	thumb	Msg_SomeoneDroppedOut
0x08155DD0	thumb	StopGfxFuncs
0x08155DFC	thumb	GfxIdle
0x08155E00	thumb	SetGfxFunc
0x08155E30	thumb	GetGfxFunc
0x08155E44	thumb	IsGfxFuncActive
0x08155E68	thumb	GetPlayAgainState
0x08155E7C	thumb	InitBgs
0x08155FBC	thumb	LoadBgGfx
0x0815607C	thumb	PokedudeDummy
0x08156080	thumb	SetControllerToPokedude
0x081560B8	thumb	PokedudeBufferRunCommand
0x0815611C	thumb	HandleInputChooseAction
0x08156128	thumb	CompleteOnBattlerSpriteCallbackDummy
0x08156160	thumb	CompleteOnBattlerSpritePosX_0
0x08156218	thumb	CompleteOnInactiveTextPrinter
0x08156230	thumb	Pokedude_SetBattleEndCallbacks
0x08156270	thumb	SwitchIn_HandleSoundAndEnd
0x081562CC	thumb	SwitchIn_CleanShinyAnimShowSubstitute
0x08156384	thumb	SwitchIn_TryShinyAnimShowHealthbox
0x08156460	thumb	CompleteOnSpecialAnimDone
0x08156478	thumb	Intro_DelayAndEnd
0x081564C0	thumb	PokedudeHandleInputChooseMove
0x081564CC	thumb	OpenPartyMenuToChooseMon
0x08156514	thumb	WaitForMonSelection
0x08156570	thumb	OpenBagAndChooseItem
0x081565C4	thumb	CompleteWhenChoseItem
0x08156600	thumb	Intro_TryShinyAnimShowHealthbox
0x0815678C	thumb	Intro_WaitForShinyAnimAndHealthbox
0x081568B8	thumb	Task_GiveExpToMon
0x08156A30	thumb	Task_PrepareToGiveExpWithExpBar
0x08156B00	thumb	Task_GiveExpWithExpBar
0x08156C44	thumb	Task_LaunchLvlUpAnim
0x08156CA4	thumb	Task_UpdateLvlInHealthbox
0x08156D5C	thumb	DestroyExpTaskAndCompleteOnInactiveTextPrinter
0x08156DA8	thumb	FreeMonSpriteAfterFaintAnim
0x08156E54	thumb	CompleteOnHealthbarDone
0x08156EC4	thumb	CompleteOnInactiveTextPrinter2
0x08156EDC	thumb	DoHitAnimBlinkSpriteEffect
0x08156F58	thumb	DoSwitchOutAnimation
0x08156FC8	thumb	CompleteOnBattlerSpriteCallbackDummy2
0x08157000	thumb	CompleteOnFinishedBattleAnimation
0x08157030	thumb	CompleteOnFinishedStatusAnimation
0x08157060	thumb	PokedudeBufferExecCompleted
0x081570D8	thumb	CompleteOnFinishedStatusAnimation2
0x08157108	thumb	PokedudeHandleGetMonData
0x0815717C	thumb	CopyPokedudeMonData
0x0815772C	thumb	PokedudeHandleGetRawMonData
0x08157738	thumb	PokedudeHandleSetMonData
0x08157790	thumb	SetPokedudeMonData
0x081580B0	thumb	PokedudeHandleSetRawMonData
0x081580BC	thumb	PokedudeHandleLoadMonSprite
0x08158218	thumb	PokedudeHandleSwitchInAnim
0x0815829C	thumb	PokedudeHandleReturnMonToBall
0x08158320	thumb	PokedudeHandleDrawTrainerPic
0x08158520	thumb	PokedudeHandleTrainerSlide
0x081585EC	thumb	PokedudeHandleTrainerSlideBack
0x081585F8	thumb	PokedudeHandleFaintAnimation
0x08158724	thumb	PokedudeHandlePaletteFade
0x08158730	thumb	PokedudeHandleSuccessBallThrowAnim
0x08158784	thumb	PokedudeHandleBallThrowAnim
0x081587E4	thumb	PokedudeHandlePause
0x081587F0	thumb	PokedudeHandleMoveAnimation
0x08158918	thumb	PokedudeDoMoveAnimation
0x08158A64	thumb	PokedudeHandlePrintString
0x08158AD8	thumb	PokedudeHandlePrintSelectionString
0x08158AFC	thumb	HandleChooseActionAfterDma3
0x08158B3C	thumb	PokedudeHandleChooseAction
0x08158BD4	thumb	PokedudeHandleUnknownYesNoBox
0x08158BE0	thumb	PokedudeHandleChooseMoveAfterDma3
0x08158C24	thumb	PokedudeHandleChooseMove
0x08158C6C	thumb	PokedudeHandleChooseItem
0x08158CD0	thumb	PokedudeHandleChoosePokemon
0x08158DA8	thumb	PokedudeHandleCmd23
0x08158DB4	thumb	PokedudeHandleHealthBarUpdate
0x08158EAC	thumb	PokedudeHandleExpUpdate
0x08158F48	thumb	PokedudeHandleStatusIconUpdate
0x08158FF0	thumb	PokedudeHandleStatusAnimation
0x08159058	thumb	PokedudeHandleStatusXor
0x081590DC	thumb	PokedudeHandleDataTransfer
0x081590E8	thumb	PokedudeHandleDMA3Transfer
0x081590F4	thumb	PokedudeHandlePlayBGM
0x08159100	thumb	PokedudeHandleCmd32
0x0815910C	thumb	PokedudeHandleTwoReturnValues
0x08159118	thumb	PokedudeHandleChosenMonReturnValue
0x08159124	thumb	PokedudeHandleOneReturnValue
0x08159130	thumb	PokedudeHandleOneReturnValue_Duplicate
0x0815913C	thumb	PokedudeHandleCmd37
0x08159148	thumb	PokedudeHandleCmd38
0x08159154	thumb	PokedudeHandleCmd39
0x08159160	thumb	PokedudeHandleCmd40
0x0815916C	thumb	PokedudeHandleHitAnimation
0x081591DC	thumb	PokedudeHandleCmd42
0x081591E8	thumb	PokedudeHandlePlaySE
0x08159218	thumb	PokedudeHandlePlayFanfare
0x08159248	thumb	PokedudeHandleFaintingCry
0x081592AC	thumb	PokedudeHandleIntroSlide
0x081592E0	thumb	PokedudeHandleIntroTrainerBallThrow
0x08159454	thumb	StartSendOutAnim
0x081595C8	thumb	Task_StartSendOutAnim
0x0815963C	thumb	PokedudeHandleDrawPartyStatusSummary
0x081596C0	thumb	PokedudeHandleHidePartyStatusSummary
0x081596CC	thumb	PokedudeHandleEndBounceEffect
0x081596F0	thumb	PokedudeHandleSpriteInvisibility
0x081596FC	thumb	PokedudeHandleBattleAnimation
0x08159758	thumb	PokedudeHandleLinkStandbyMsg
0x08159794	thumb	PokedudeHandleResetActionMoveSelection
0x081597A0	thumb	PokedudeHandleCmd55
0x081597FC	thumb	PokedudeCmdEnd
0x08159800	thumb	PokedudeSimulateInputChooseAction
0x08159974	thumb	PokedudeSimulateInputChooseMove
0x08159A94	thumb	HandlePokedudeVoiceoverEtc
0x08159B54	thumb	ReturnFromPokedudeAction
0x08159B84	thumb	PokedudeAction_PrintVoiceoverMessage
0x08159CE0	thumb	PokedudeAction_PrintMessageWithHealthboxPals
0x08159ECC	thumb	GetPokedudeText
0x08159F1C	thumb	InitPokedudePartyAndOpponent
0x08159FE4	thumb	QL_RecordObjects
0x0815A1D4	thumb	QL_LoadObjects
0x0815A51C	thumb	QL_TryStopSurfing
0x0815A598	thumb	SendPacket_ReadyToStart
0x0815A5C4	thumb	RecvPacket_ReadyToStart
0x0815A5F8	thumb	SendPacket_GameState
0x0815A92C	thumb	RecvPacket_GameState
0x0815AAB4	thumb	SendPacket_PickState
0x0815AAE0	thumb	RecvPacket_PickState
0x0815AB18	thumb	SendPacket_ReadyToEnd
0x0815AB3C	thumb	RecvPacket_ReadyToEnd
0x0815AB70	thumb	TeachyTvCallback
0x0815AB8C	thumb	TeachyTvVblankHandler
0x0815ABA0	thumb	InitTeachyTvController
0x0815ABD8	thumb	CB2_ReturnToTeachyTV
0x0815ABFC	thumb	SetTeachyTvControllerModeToResume
0x0815AC08	thumb	TeachyTvMainCallback
0x0815AD64	thumb	TeachyTvSetupBg
0x0815AE14	thumb	TeachyTvLoadGraphic
0x0815AE94	thumb	TeachyTvCreateAndRenderRbox
0x0815AEC4	thumb	TeachyTvSetupWindow
0x0815AF38	thumb	TeachyTvSetupScrollIndicatorArrowPair
0x0815AF88	thumb	TeachyTvRemoveScrollIndicatorArrowPair
0x0815AFB4	thumb	TeachyTvAudioByInput
0x0815AFC8	thumb	TeachyTvInitIo
0x0815AFF0	thumb	TeachyTvSetupObjEventAndOam
0x0815B038	thumb	TeachyTvSetSpriteCoordsAndSwitchFrame
0x0815B070	thumb	TeachyTvSetWindowRegs
0x0815B090	thumb	TeachyTvClearWindowRegs
0x0815B0A8	thumb	TeachyTvBg2AnimController
0x0815B0F4	thumb	TeachyTvSetupPostBattleWindowAndObj
0x0815B1B8	thumb	TeachyTvInitTextPrinter
0x0815B1FC	thumb	TeachyTvFree
0x0815B218	thumb	TeachyTvQuitBeginFade
0x0815B250	thumb	TeachyTvQuitFadeControlAndTaskDel
0x0815B29C	thumb	TeachyTvOptionListController
0x0815B368	thumb	TTVcmd_TransitionRenderBg2TeachyTvGraphicInitNpcPos
0x0815B3E0	thumb	TTVcmd_ClearBg2TeachyTvGraphic
0x0815B430	thumb	TTVcmd_NpcMoveAndSetupTextPrinter
0x0815B49C	thumb	TTVcmd_IdleIfTextPrinterIsActive
0x0815B4C8	thumb	TeachyTvRenderMsgAndSwitchClusterFuncs
0x0815B564	thumb	TTVcmd_TextPrinterSwitchStringByOptionChosen
0x0815B59C	thumb	TTVcmd_TextPrinterSwitchStringByOptionChosen2
0x0815B5D4	thumb	TTVcmd_IdleIfTextPrinterIsActive2
0x0815B600	thumb	TTVcmd_EraseTextWindowIfKeyPressed
0x0815B640	thumb	TTVcmd_StartAnimNpcWalkIntoGrass
0x0815B684	thumb	TTVcmd_DudeMoveUp
0x0815B71C	thumb	TTVcmd_DudeMoveRight
0x0815B7C0	thumb	TTVcmd_DudeTurnLeft
0x0815B81C	thumb	TTVcmd_DudeMoveLeft
0x0815B880	thumb	TTVcmd_RenderAndRemoveBg1EndGraphic
0x0815B8E4	thumb	TeachyTvClearBg1EndGraphicText
0x0815B908	thumb	TTVcmd_End
0x0815B9CC	thumb	TTVcmd_TaskBattleOrFadeByOptionChosen
0x0815BA0C	thumb	TeachyTvSetupBagItemsByOptionChosen
0x0815BA30	thumb	TeachyTvPostBattleFadeControl
0x0815BA7C	thumb	TeachyTvGrassAnimationMain
0x0815BB48	thumb	TeachyTvGrassAnimationObjCallback
0x0815BC1C	thumb	TeachyTvGrassAnimationCheckIfNeedsToGenerateGrassObj
0x0815BC6C	thumb	TeachyTvPrepBattle
0x0815BCE0	thumb	TeachyTvPreBattleAnimAndSetBattleCallback
0x0815BD34	thumb	TeachyTvRestorePlayerPartyCallback
0x0815BD5C	thumb	TeachyTvLoadBg3Map
0x0815BF24	thumb	TeachyTvLoadMapTilesetToBuffer
0x0815BF4C	thumb	TeachyTvPushBackNewMapPalIndexArrayEntry
0x0815BFCC	thumb	TeachyTvComputeMapTilesFromTilesetAndMetaTiles
0x0815C0B0	thumb	TeachyTvComputeSingleMapTileBlockFromTilesetAndMetaTiles
0x0815C1CC	thumb	TeachyTvComputePalIndexArrayEntryByMetaTile
0x0815C20C	thumb	TeachyTvLoadMapPalette
0x0815C258	thumb	EReader_Send
0x0815C2EC	thumb	EReader_Recv
0x0815C380	thumb	CloseSerial
0x0815C3C0	thumb	OpenSerialMulti
0x0815C438	thumb	OpenSerial32
0x0815C474	thumb	EReaderHandleTransfer
0x0815C5EC	thumb	DetermineSendRecvState
0x0815C620	thumb	SetUpTransferManager
0x0815C66C	thumb	StartTm3
0x0815C6A0	thumb	EReaderHelper_Timer3Callback
0x0815C6B0	thumb	EReaderHelper_SerialCallback
0x0815C840	thumb	EnableSio
0x0815C850	thumb	DisableTm3
0x0815C874	thumb	GetKeyInput
0x0815C8A4	thumb	EReaderHelper_SaveRegsState
0x0815C8F8	thumb	EReaderHelper_RestoreRegsState
0x0815C93C	thumb	EReaderHelper_ClearsSendRecvMgr
0x0815C95C	thumb	DigitObjUtil_Init
0x0815C9D0	thumb	DigitObjUtil_Free
0x0815CA1C	thumb	DigitObjUtil_CreatePrinter
0x0815CC04	thumb	CopyWorkToOam
0x0815CD4C	thumb	DigitObjUtil_PrintNumOn
0x0815CDB8	thumb	DrawNumObjsLeadingZeros
0x0815CE6C	thumb	DrawNumObjsMinusInFront
0x0815CFC8	thumb	DrawNumObjsMinusInBack
0x0815D0E4	thumb	DigitObjUtil_DeletePrinter
0x0815D184	thumb	DigitObjUtil_HideOrShow
0x0815D220	thumb	GetFirstOamId
0x0815D278	thumb	SharesTileWithAnyActive
0x0815D2BC	thumb	SharesPalWithAnyActive
0x0815D300	thumb	GetTilesPerImage
0x0815D310	thumb	DoSSAnneDepartureCutscene
0x0815D340	thumb	Task_SSAnneInit
0x0815D384	thumb	Task_SSAnneRun
0x0815D430	thumb	Task_SSAnneFinish
0x0815D474	thumb	CreateWakeBehindBoat
0x0815D4F4	thumb	WakeSpriteCallback
0x0815D580	thumb	CreateSmokeSprite
0x0815D600	thumb	SmokeSpriteCallback
0x0815D630	thumb	GetTrainerHillUnkVal
0x0815D658	thumb	ValidateTrainerTowerTrainer
0x0815D690	thumb	ValidateTrainerTowerData
0x0815D6DC	thumb	CEReaderTool_SaveTrainerTower_r
0x0815D770	thumb	CEReaderTool_SaveTrainerTower
0x0815D798	thumb	CEReaderTool_LoadTrainerTower_r
0x0815D7E8	thumb	CEReaderTool_LoadTrainerTower
0x0815D810	thumb	ReadTrainerTowerAndValidate
0x0815D814	thumb	SetAllRenewableItemFlags
0x0815D8A4	thumb	IncrementRenewableHiddenItemStepCounter
0x0815D8D4	thumb	TryRegenerateRenewableHiddenItems
0x0815D948	thumb	SampleRenewableItemFlags
0x0815D9C4	thumb	CallTrainerTowerFunc
0x0815D9EC	thumb	GetTrainerTowerOpponentClass
0x0815DA04	thumb	GetTrainerTowerOpponentName
0x0815DA18	thumb	GetTrainerTowerTrainerFrontSpriteId
0x0815DA30	thumb	InitTrainerTowerBattleStruct
0x0815DBB8	thumb	FreeTrainerTowerBattleStruct
0x0815DBD0	thumb	GetTrainerTowerOpponentWinText
0x0815DC1C	thumb	GetTrainerTowerOpponentLoseText
0x0815DC68	thumb	SetUpTrainerTowerDataStruct
0x0815DD08	thumb	FreeTrainerTowerDataStruct
0x0815DD20	thumb	InitTrainerTowerFloor
0x0815DD8C	thumb	SetTrainerTowerNPCGraphics
0x0815DED8	thumb	TT_ConvertEasyChatMessageToString
0x0815DF30	thumb	BufferTowerOpponentSpeech
0x0815E044	thumb	TrainerTowerGetOpponentTextColor
0x0815E0F0	thumb	CB2_EndTrainerTowerBattle
0x0815E100	thumb	Task_DoTrainerTowerBattle
0x0815E13C	thumb	DoTrainerTowerBattle
0x0815E19C	thumb	TrainerTowerGetChallengeType
0x0815E1CC	thumb	TrainerTowerAddFloorCleared
0x0815E1F4	thumb	GetFloorAlreadyCleared
0x0815E268	thumb	StartTrainerTowerChallenge
0x0815E370	thumb	GetOwnerState
0x0815E3E4	thumb	GiveChallengePrize
0x0815E48C	thumb	CheckFinalTime
0x0815E548	thumb	TrainerTowerResumeTimer
0x0815E5A0	thumb	TrainerTowerSetPlayerLost
0x0815E5CC	thumb	GetTrainerTowerChallengeStatus
0x0815E634	thumb	GetCurrentTime
0x0815E6FC	thumb	ShowResultsBoard
0x0815E868	thumb	CloseResultsBoard
0x0815E890	thumb	TrainerTowerGetDoublesEligiblity
0x0815E8A8	thumb	TrainerTowerGetNumFloors
0x0815E8E4	thumb	ShouldWarpToCounter
0x0815E924	thumb	PlayTrainerTowerEncounterMusic
0x0815E9A4	thumb	HasSpokenToOwner
0x0815E9D8	thumb	BuildEnemyParty
0x0815EB94	thumb	GetPartyMaxLevel
0x0815EBE8	thumb	ValidateOrResetCurTrainerTowerRecord
0x0815EC68	thumb	PrintTrainerTowerRecords
0x0815EDB8	thumb	GetTrainerTowerRecordTime
0x0815EDD0	thumb	SetTrainerTowerRecordTime
0x0815EDE8	thumb	ResetTrainerTowerResults
0x0815EE18	thumb	DecryptBerryPowder
0x0815EE30	thumb	SetBerryPowder
0x0815EE48	thumb	ApplyNewEncryptionKeyToBerryPowder
0x0815EE64	thumb	HasEnoughBerryPowder
0x0815EE8C	thumb	Script_HasEnoughBerryPowder
0x0815EEBC	thumb	GiveBerryPowder
0x0815EEFC	thumb	TakeBerryPowder
0x0815EF38	thumb	Script_TakeBerryPowder
0x0815EF7C	thumb	GetBerryPowder
0x0815EF98	thumb	PrintBerryPowderAmount
0x0815EFF0	thumb	DrawPlayerPowderAmount
0x0815F04C	thumb	PrintPlayerBerryPowderAmount
0x0815F070	thumb	DisplayBerryPowderVendorMenu
0x0815F0F0	thumb	RemoveBerryPowderVendorMenu
0x0815F114	thumb	StartMinigameCountdown
0x0815F174	thumb	IsMinigameCountdownRunning
0x0815F188	thumb	Task_MinigameCountdown
0x0815F288	thumb	RunMinigameCountdownDigitsAnim
0x0815F3BC	thumb	StartStartGraphic
0x0815F420	thumb	IsStartGraphicAnimRunning
0x0815F44C	thumb	SpriteCB_Start
0x0815F540	thumb	Load321StartGfx
0x0815F598	thumb	CreateNumberSprite
0x0815F5EC	thumb	CreateStartSprite
0x0815F6BC	thumb	SetScene
0x0815F728	thumb	CB2_InitBerryFixProgram
0x0815F7C0	thumb	CB2_BerryFix
0x0815F7CC	thumb	Task_BerryFixMain
0x081DBD10	thumb	GameCubeMultiBoot_Hash
0x081DBD24	thumb	GameCubeMultiBoot_Main
0x081DBE24	thumb	GameCubeMultiBoot_ExecuteProgram
0x081DBE38	thumb	GameCubeMultiBoot_Init
0x081DBE82	thumb	GameCubeMultiBoot_HandleSerialInterrupt
0x081DBFB2	thumb	GameCubeMultiBoot_Quit
0x081DBFEC	thumb	umul3232H32
0x081DBFFC	thumb	SoundMain
0x081DC080	thumb	SoundMainRAM
0x081DC43C	arm	SoundMainRAM_Unk1
0x081DC6F8	arm	SoundMainRAM_Unk2
0x081DC784	thumb	SoundMainBTM
0x081DC79C	thumb	RealClearChain
0x081DC7BC	thumb	ply_fine
0x081DC7EC	thumb	MPlayJumpTableCopy
0x081DC804	thumb	ldrb_r3_r2
0x081DC806	thumb	chk_adr_r2
0x081DC820	thumb	ld_r3_tp_adr_i
0x081DC82C	thumb	ply_goto
0x081DC84C	thumb	ply_patt
0x081DC868	thumb	ply_pend
0x081DC87C	thumb	ply_rept
0x081DC8AC	thumb	ply_prio
0x081DC8B8	thumb	ply_tempo
0x081DC8CC	thumb	ply_keysh
0x081DC8E0	thumb	ply_voice
0x081DC910	thumb	ply_vol
0x081DC924	thumb	ply_pan
0x081DC938	thumb	ply_bend
0x081DC94C	thumb	ply_bendr
0x081DC960	thumb	ply_lfodl
0x081DC96C	thumb	ply_modt
0x081DC984	thumb	ply_tune
0x081DC998	thumb	ply_port
0x081DC9B0	thumb	m4aSoundVSync
0x081DC9FC	thumb	MPlayMain
0x081DCC64	thumb	TrackStop
0x081DCCA8	thumb	ChnVolSetAsm
0x081DCCD8	thumb	ply_note
0x081DCEDC	thumb	ply_endtie
0x081DCF1C	thumb	clear_modM
0x081DCF38	thumb	ld_r3_tp_adr_i_unchecked
0x081DCF44	thumb	ply_lfos
0x081DCF58	thumb	ply_mod
0x081DCF6C	thumb	MidiKeyToFreq
0x081DCFD0	thumb	UnusedDummyFunc
0x081DCFD4	thumb	MPlayContinue
0x081DCFF0	thumb	MPlayFadeOut
0x081DD010	thumb	m4aSoundInit
0x081DD0C4	thumb	m4aSoundMain
0x081DD0D0	thumb	m4aSongNumStart
0x081DD0FC	thumb	m4aSongNumStartOrChange
0x081DD148	thumb	m4aSongNumStartOrContinue
0x081DD19C	thumb	m4aSongNumStop
0x081DD1D0	thumb	m4aSongNumContinue
0x081DD204	thumb	m4aMPlayAllStop
0x081DD248	thumb	m4aMPlayContinue
0x081DD254	thumb	m4aMPlayAllContinue
0x081DD298	thumb	m4aMPlayFadeOut
0x081DD2A8	thumb	m4aMPlayFadeOutTemporarily
0x081DD2C8	thumb	m4aMPlayFadeIn
0x081DD2F0	thumb	m4aMPlayImmInit
0x081DD338	thumb	MPlayExtender
0x081DD450	thumb	MusicPlayerJumpTableCopy
0x081DD454	thumb	ClearChain
0x081DD468	thumb	Clear64byte
0x081DD47C	thumb	SoundInit
0x081DD574	thumb	SampleFreqSet
0x081DD618	thumb	m4aSoundMode
0x081DD6B0	thumb	SoundClear
0x081DD704	thumb	m4aSoundVSyncOff
0x081DD780	thumb	m4aSoundVSyncOn
0x081DD7BC	thumb	MPlayOpen
0x081DD834	thumb	MPlayStart
0x081DD918	thumb	m4aMPlayStop
0x081DD958	thumb	FadeOutBody
0x081DDA20	thumb	TrkVolPitSet
0x081DDAD4	thumb	MidiKeyToCgbFreq
0x081DDB7C	thumb	CgbOscOff
0x081DDBCC	thumb	CgbModVol
0x081DDC48	thumb	CgbSound
0x081DE094	thumb	m4aMPlayTempoControl
0x081DE0BC	thumb	m4aMPlayVolumeControl
0x081DE124	thumb	m4aMPlayPitchControl
0x081DE198	thumb	m4aMPlayPanpotControl
0x081DE200	thumb	ClearModM
0x081DE220	thumb	m4aMPlayModDepthSet
0x081DE294	thumb	m4aMPlayLFOSpeedSet
0x081DE308	thumb	ply_memacc
0x081DE460	thumb	ply_xcmd
0x081DE480	thumb	ply_xxx
0x081DE494	thumb	ply_xwave
0x081DE4DC	thumb	ply_xtype
0x081DE4F0	thumb	ply_xatta
0x081DE504	thumb	ply_xdeca
0x081DE518	thumb	ply_xsust
0x081DE52C	thumb	ply_xrele
0x081DE540	thumb	ply_xiecv
0x081DE54C	thumb	ply_xiecl
0x081DE558	thumb	ply_xleng
0x081DE56C	thumb	ply_xswee
0x081DE580	thumb	ply_xwait
0x081DE5C8	thumb	ply_xcmd_0D
0x081DE610	thumb	DummyFunc
0x081DE614	thumb	SetPokemonCryTone
0x081DE6E4	thumb	SetPokemonCryVolume
0x081DE6F8	thumb	SetPokemonCryPanpot
0x081DE710	thumb	SetPokemonCryPitch
0x081DE748	thumb	SetPokemonCryLength
0x081DE754	thumb	SetPokemonCryRelease
0x081DE760	thumb	SetPokemonCryProgress
0x081DE76C	thumb	IsPokemonCryPlaying
0x081DE784	thumb	SetPokemonCryChorus
0x081DE7B0	thumb	SetPokemonCryStereo
0x081DE7F0	thumb	SetPokemonCryPriority
0x081DE7FC	thumb	SwitchFlashBank
0x081DE820	thumb	ReadFlashId
0x081DE8BC	thumb	FlashTimerIntr
0x081DE8E4	thumb	SetFlashTimerIntr
0x081DE920	thumb	StartFlashTimer
0x081DE9C8	thumb	StopFlashTimer
0x081DEA0C	thumb	ReadFlash1
0x081DEA10	thumb	SetReadFlash1
0x081DEA50	thumb	ReadFlash_Core
0x081DEA74	thumb	ReadFlash
0x081DEB10	thumb	VerifyFlashSector_Core
0x081DEB40	thumb	VerifyFlashSector
0x081DEBD8	thumb	VerifyFlashSectorNBytes
0x081DEC70	thumb	ProgramFlashSectorAndVerify
0x081DECB4	thumb	ProgramFlashSectorAndVerifyNBytes
0x081DECFC	thumb	IdentifyFlash
0x081DED9C	thumb	WaitForFlashWrite_Common
0x081DEE3C	thumb	EraseFlashChip_MX
0x081DEEB0	thumb	EraseFlashSector_MX
0x081DEF80	thumb	ProgramFlashByte_MX
0x081DF014	thumb	ProgramByte
0x081DF04C	thumb	ProgramFlashSector_MX
0x081DF0F0	thumb	STWI_init_all
0x081DF1C8	thumb	STWI_init_timer
0x081DF204	thumb	AgbRFU_SoftReset
0x081DF2B8	thumb	STWI_set_MS_mode
0x081DF2CC	thumb	STWI_read_status
0x081DF32C	thumb	STWI_init_Callback_M
0x081DF338	thumb	STWI_init_Callback_S
0x081DF344	thumb	STWI_set_Callback_M
0x081DF350	thumb	STWI_set_Callback_S
0x081DF35C	thumb	STWI_set_Callback_ID
0x081DF368	thumb	STWI_poll_CommandEnd
0x081DF390	thumb	STWI_send_ResetREQ
0x081DF3B4	thumb	STWI_send_LinkStatusREQ
0x081DF3D8	thumb	STWI_send_VersionStatusREQ
0x081DF3FC	thumb	STWI_send_SystemStatusREQ
0x081DF420	thumb	STWI_send_SlotStatusREQ
0x081DF444	thumb	STWI_send_ConfigStatusREQ
0x081DF468	thumb	STWI_send_GameConfigREQ
0x081DF4C0	thumb	STWI_send_SystemConfigREQ
0x081DF500	thumb	STWI_send_SC_StartREQ
0x081DF524	thumb	STWI_send_SC_PollingREQ
0x081DF548	thumb	STWI_send_SC_EndREQ
0x081DF56C	thumb	STWI_send_SP_StartREQ
0x081DF590	thumb	STWI_send_SP_PollingREQ
0x081DF5B4	thumb	STWI_send_SP_EndREQ
0x081DF5D8	thumb	STWI_send_CP_StartREQ
0x081DF608	thumb	STWI_send_CP_PollingREQ
0x081DF62C	thumb	STWI_send_CP_EndREQ
0x081DF650	thumb	STWI_send_DataTxREQ
0x081DF698	thumb	STWI_send_DataTxAndChangeREQ
0x081DF6E0	thumb	STWI_send_DataRxREQ
0x081DF704	thumb	STWI_send_MS_ChangeREQ
0x081DF728	thumb	STWI_send_DataReadyAndChangeREQ
0x081DF778	thumb	STWI_send_DisconnectedAndChangeREQ
0x081DF7B8	thumb	STWI_send_ResumeRetransmitAndChangeREQ
0x081DF7DC	thumb	STWI_send_DisconnectREQ
0x081DF80C	thumb	STWI_send_TestModeREQ
0x081DF844	thumb	STWI_send_CPR_StartREQ
0x081DF880	thumb	STWI_send_CPR_PollingREQ
0x081DF8A4	thumb	STWI_send_CPR_EndREQ
0x081DF8C8	thumb	STWI_send_StopModeREQ
0x081DF8EC	thumb	STWI_intr_timer
0x081DF950	thumb	STWI_set_timer
0x081DF9FC	thumb	STWI_stop_timer
0x081DFA28	thumb	STWI_init
0x081DFB00	thumb	STWI_start_Command
0x081DFB74	thumb	STWI_restart_Command
0x081DFBF4	thumb	STWI_reset_ClockCounter
0x081DFC2C	arm	IntrSIO32
0x081DFC90	arm	sio32intr_clock_master
0x081DFF20	arm	sio32intr_clock_slave
0x081E032C	arm	handshake_wait
0x081E0394	arm	STWI_set_timer_in_RAM
0x081E04A4	arm	STWI_stop_timer_in_RAM
0x081E04F4	arm	STWI_init_slave
0x081E0580	arm	Callback_Dummy_M
0x081E0584	arm	Callback_Dummy_S
0x081E0588	arm	Callback_Dummy_ID
0x081E058C	thumb	rfu_initializeAPI
0x081E06C8	thumb	rfu_STC_clearAPIVariables
0x081E0750	thumb	rfu_REQ_PARENT_resumeRetransmitAndChange
0x081E0764	thumb	rfu_UNI_PARENT_getDRAC_ACK
0x081E07AC	thumb	rfu_setTimerInterrupt
0x081E07C0	thumb	rfu_getSTWIRecvBuffer
0x081E07D0	thumb	rfu_setMSCCallback
0x081E07DC	thumb	rfu_setREQCallback
0x081E07F8	thumb	rfu_enableREQCallback
0x081E0824	thumb	rfu_STC_REQ_callback
0x081E0864	thumb	rfu_CB_defaultCallback
0x081E08D4	thumb	rfu_waitREQComplete
0x081E08E8	thumb	rfu_REQ_RFUStatus
0x081E08FC	thumb	rfu_getRFUStatus
0x081E0938	thumb	rfu_MBOOT_CHILD_inheritanceLinkStatus
0x081E09B0	thumb	rfu_REQ_stopMode
0x081E0A58	thumb	rfu_CB_stopMode
0x081E0A84	thumb	rfu_REQBN_softReset_and_checkID
0x081E0AC0	thumb	rfu_REQ_reset
0x081E0AD4	thumb	rfu_CB_reset
0x081E0AF8	thumb	rfu_REQ_configSystem
0x081E0B60	thumb	rfu_REQ_configGameData
0x081E0BEC	thumb	rfu_CB_configGameData
0x081E0C88	thumb	rfu_REQ_startSearchChild
0x081E0CD8	thumb	rfu_CB_startSearchChild
0x081E0D00	thumb	rfu_STC_clearLinkStatus
0x081E0D64	thumb	rfu_REQ_pollSearchChild
0x081E0D78	thumb	rfu_REQ_endSearchChild
0x081E0D8C	thumb	rfu_CB_pollAndEndSearchChild
0x081E0E14	thumb	rfu_STC_readChildList
0x081E0F50	thumb	rfu_REQ_startSearchParent
0x081E0F64	thumb	rfu_CB_startSearchParent
0x081E0F88	thumb	rfu_REQ_pollSearchParent
0x081E0F9C	thumb	rfu_CB_pollSearchParent
0x081E0FC0	thumb	rfu_REQ_endSearchParent
0x081E0FD4	thumb	rfu_STC_readParentCandidateList
0x081E10E4	thumb	rfu_REQ_startConnectParent
0x081E114C	thumb	rfu_REQ_pollConnectParent
0x081E1160	thumb	rfu_CB_pollConnectParent
0x081E1280	thumb	rfu_getConnectParentStatus
0x081E12B4	thumb	rfu_REQ_endConnectParent
0x081E12EC	thumb	rfu_syncVBlank
0x081E13CC	thumb	rfu_REQBN_watchLink
0x081E1788	thumb	rfu_STC_removeLinkData
0x081E1838	thumb	rfu_REQ_disconnect
0x081E18C8	thumb	rfu_CB_disconnect
0x081E19A8	thumb	rfu_REQ_CHILD_startConnectRecovery
0x081E1A04	thumb	rfu_REQ_CHILD_pollConnectRecovery
0x081E1A18	thumb	rfu_CB_CHILD_pollConnectRecovery
0x081E1ABC	thumb	rfu_CHILD_getConnectRecoveryStatus
0x081E1AEC	thumb	rfu_REQ_CHILD_endConnectRecovery
0x081E1B00	thumb	rfu_STC_fastCopy
0x081E1B30	thumb	rfu_REQ_changeMasterSlave
0x081E1B5C	thumb	rfu_getMasterSlave
0x081E1B94	thumb	rfu_clearAllSlot
0x081E1C34	thumb	rfu_STC_releaseFrame
0x081E1CA0	thumb	rfu_clearSlot
0x081E1E5C	thumb	rfu_setRecvBuffer
0x081E1EBC	thumb	rfu_NI_setSendData
0x081E1EE8	thumb	rfu_UNI_setSendData
0x081E1F24	thumb	rfu_NI_CHILD_setSendGameName
0x081E1F58	thumb	rfu_STC_setSendData_org
0x081E2160	thumb	rfu_changeSendTarget
0x081E22C8	thumb	rfu_NI_stopReceivingData
0x081E2340	thumb	rfu_UNI_changeAndReadySendData
0x081E23D4	thumb	rfu_UNI_readySendData
0x081E2400	thumb	rfu_UNI_clearRecvNewDataFlag
0x081E2420	thumb	rfu_REQ_sendData
0x081E2564	thumb	rfu_CB_sendData
0x081E25FC	thumb	rfu_CB_sendData2
0x081E260C	thumb	rfu_CB_sendData3
0x081E2634	thumb	rfu_constructSendLLFrame
0x081E276C	thumb	rfu_STC_NI_constructLLSF
0x081E292C	thumb	rfu_STC_UNI_constructLLSF
0x081E2A00	thumb	rfu_REQ_recvData
0x081E2A40	thumb	rfu_CB_recvData
0x081E2B2C	thumb	rfu_STC_PARENT_analyzeRecvPacket
0x081E2BC4	thumb	rfu_STC_CHILD_analyzeRecvPacket
0x081E2C1C	thumb	rfu_STC_analyzeLLSF
0x081E2E60	thumb	rfu_STC_UNI_receive
0x081E2F14	thumb	rfu_STC_NI_receive_Sender
0x081E3100	thumb	rfu_STC_NI_receive_Receiver
0x081E327C	thumb	rfu_STC_NI_initSlot_asRecvControllData
0x081E330C	thumb	rfu_STC_NI_initSlot_asRecvDataEntity
0x081E33C4	thumb	rfu_NI_checkCommFailCounter
0x081E3460	thumb	rfu_REQ_noise
0x081E3478	thumb	AgbRFU_checkID
0x081E352C	thumb	Sio32IDInit
0x081E35A0	thumb	Sio32IDMain
0x081E3694	thumb	Sio32IDIntr
0x081E3784	thumb	AGBPrintInit
0x081E380C	thumb	AGBPutcInternal
0x081E38F8	thumb	AGBPutc
0x081E3958	thumb	AGBPrint
0x081E39B4	thumb	AGBPrintf
0x081E39F8	thumb	AGBPrintTransferDataInternal
0x081E3AD0	thumb	AGBPrintFlush1Block
0x081E3AE0	thumb	AGBPrintFlush
0x081E3AF0	thumb	AGBAssert
0x081E3B34	thumb	ArcTan2
0x081E3B38	thumb	BgAffineSet
0x081E3B3C	thumb	CpuFastSet
0x081E3B40	thumb	CpuSet
0x081E3B44	thumb	Div
0x081E3B48	thumb	LZ77UnCompVram
0x081E3B4C	thumb	LZ77UnCompWram
0x081E3B50	thumb	MultiBoot
0x081E3B58	thumb	ObjAffineSet
0x081E3B5C	thumb	RegisterRamReset
0x081E3B60	thumb	SoftReset
0x081E3B78	thumb	Sqrt
0x081E3B7C	thumb	VBlankIntrWait
0x081E3B84	thumb	_call_via_r0
0x081E3B88	thumb	_call_via_r1
0x081E3B8C	thumb	_call_via_r2
0x081E3B90	thumb	_call_via_r3
0x081E3B94	thumb	_call_via_r4
0x081E3B98	thumb	_call_via_r5
0x081E3B9C	thumb	_call_via_r6
0x081E3BA0	thumb	_call_via_r7
0x081E3BA4	thumb	_call_via_r8
0x081E3BA8	thumb	_call_via_r9
0x081E3BAC	thumb	_call_via_sl
0x081E3BB0	thumb	_call_via_fp
0x081E3BB4	thumb	_call_via_ip
0x081E3BB8	thumb	_call_via_sp
0x081E3BBC	thumb	_call_via_lr
0x081E3BC0	thumb	__divdi3
0x081E3FF4	thumb	__divsi3
0x081E4088	thumb	__div0
0x081E408C	thumb	__fixunsdfsi
0x081E40D0	thumb	__modsi3
0x081E41A0	thumb	__muldi3
0x081E4210	thumb	__udivdi3
0x081E45E8	thumb	__udivsi3
0x081E4660	thumb	__umodsi3
0x081E4720	thumb	__pack_d
0x081E4868	thumb	__unpack_d
0x081E4940	thumb	_fpadd_parts
0x081E4BAC	thumb	__adddf3
0x081E4BDC	thumb	__subdf3
0x081E4C14	thumb	__muldf3
0x081E4EBC	thumb	__divdf3
0x081E5044	thumb	__fpcmp_parts_d
0x081E5144	thumb	__cmpdf2
0x081E5170	thumb	__eqdf2
0x081E51BC	thumb	__nedf2
0x081E5208	thumb	__gtdf2
0x081E5254	thumb	__gedf2
0x081E52A0	thumb	__ltdf2
0x081E52EC	thumb	__ledf2
0x081E5338	thumb	__floatsidf
0x081E53B4	thumb	__fixdfsi
0x081E5428	thumb	__negdf2
0x081E5450	thumb	__make_dp
0x081E5478	thumb	__truncdfsf2
0x081E54BC	thumb	__pack_f
0x081E5574	thumb	__unpack_f
0x081E55F0	thumb	_fpadd_parts
0x081E576C	thumb	__addsf3
0x081E5798	thumb	__subsf3
0x081E57CC	thumb	__mulsf3
0x081E5930	thumb	__divsf3
0x081E5A1C	thumb	__fpcmp_parts_f
0x081E5B00	thumb	__cmpsf2
0x081E5B28	thumb	__eqsf2
0x081E5B70	thumb	__nesf2
0x081E5BB8	thumb	__gtsf2
0x081E5C00	thumb	__gesf2
0x081E5C48	thumb	__ltsf2
0x081E5C90	thumb	__lesf2
0x081E5CD8	thumb	__floatsisf
0x081E5D38	thumb	__fixsfsi
0x081E5DA0	thumb	__negsf2
0x081E5DC4	thumb	__make_fp
0x081E5DDC	thumb	__extendsfdf2
0x081E5E08	thumb	__lshrdi3
0x081E5E3C	thumb	__negdi2
0x081E5E54	thumb	memcpy
0x081E5EB4	thumb	memset
0x081E5F08	thumb	strcmp
0x081E5F64	thumb	strcpy
0x081E5FB0	thumb	vsprintf
0x081E5FE4	thumb	__sprint
0x081E6004	thumb	__sbprintf
0x081E6078	thumb	vfprintf
0x081E608C	thumb	_vfprintf_r
0x081E6FEC	thumb	cvt
0x081E70E0	thumb	exponent
0x081E7150	thumb	__swsetup
0x081E71FC	thumb	quorem
0x081E7358	thumb	_dtoa_r
0x081E8050	thumb	fflush
0x081E80E4	thumb	std
0x081E811C	thumb	__sfmoreglue
0x081E814C	thumb	__sfp
0x081E81C0	thumb	_cleanup_r
0x081E81D0	thumb	_cleanup
0x081E81E0	thumb	__sinit
0x081E8240	thumb	_free_r
0x081E8400	thumb	_malloc_trim_r
0x081E84C0	thumb	__sfvwrite
0x081E86EC	thumb	_fwalk
0x081E872C	thumb	_setlocale_r
0x081E8768	thumb	_localeconv_r
0x081E8770	thumb	setlocale
0x081E8788	thumb	localeconv
0x081E8798	thumb	__smakebuf
0x081E8874	thumb	malloc_extend_top
0x081E89D0	thumb	_malloc_r
0x081E8D90	thumb	_mbtowc_r
0x081E8DBC	thumb	memchr
0x081E8E3C	thumb	memmove
0x081E8EC4	thumb	__malloc_lock
0x081E8EC8	thumb	__malloc_unlock
0x081E8ECC	thumb	_Balloc
0x081E8F24	thumb	_Bfree
0x081E8F3C	thumb	_multadd
0x081E8FD4	thumb	_s2b
0x081E9058	thumb	_hi0bits
0x081E90B0	thumb	_lo0bits
0x081E9134	thumb	_i2b
0x081E9148	thumb	_multiply
0x081E92B4	thumb	_pow5mult
0x081E934C	thumb	_lshift
0x081E93EC	thumb	__mcmp
0x081E942C	thumb	__mdiff
0x081E951C	thumb	_ulp
0x081E9568	thumb	_b2d
0x081E9624	thumb	_d2b
0x081E970C	thumb	_ratio
0x081E975C	thumb	_mprec_log10
0x081E979C	thumb	isinf
0x081E97C0	thumb	isnan
0x081E97E0	thumb	_sbrk_r
0x081E980C	thumb	__sread
0x081E9840	thumb	__swrite
0x081E9880	thumb	__sseek
0x081E98C0	thumb	__sclose
0x081E98D0	thumb	strlen
0x081E9914	thumb	findslot
0x081E9934	thumb	remap_handle
0x081E9980	thumb	initialise_monitor_handles
0x081E99F0	thumb	get_errno
0x081E9A04	thumb	error
0x081E9A18	thumb	wrap
0x081E9A30	thumb	_swiread
0x081E9A54	thumb	_read
0x081E9A9C	thumb	_swilseek
0x081E9B20	thumb	_lseek
0x081E9B2C	thumb	_swiwrite
0x081E9B50	thumb	_write
0x081E9B9C	thumb	_swiopen
0x081E9C3C	thumb	_open
0x081E9C50	thumb	_swiclose
0x081E9C84	thumb	_close
0x081E9C90	thumb	_exit
0x081E9CB0	thumb	_kill
0x081E9CD0	thumb	_getpid
0x081E9CD4	thumb	_sbrk
0x081E9D10	thumb	_fstat
0x081E9D1C	thumb	_unlink
0x081E9D24	thumb	_raise
0x081E9D28	thumb	_gettimeofday
0x081E9D54	thumb	_times
0x081E9D78	thumb	_write_r
0x081E9DA8	thumb	_calloc_r
0x081E9E00	thumb	_close_r
0x081E9E2C	thumb	__errno
0x081E9E38	thumb	_fstat_r
0x081E9E64	thumb	abort
0x081E9E84	thumb	isatty
0x081E9E88	thumb	alarm
0x081E9E8C	thumb	_lseek_r
0x081E9EBC	thumb	_read_r
